run_time_s,segment_id,phase_time_s,event,sigma_min,sigma_rate_per_s,sigma_plus,sigma_minus,probe_difference,probe_confidence,gradient_abs_per_rad,direction_valid,push_active,k_sigma_Nm,alpha_rad,tau_sigma_norm_Nm,sigma_power_W,nullspace_speed_rad_s,speed_toward_better_rad_s,peak_nullspace_speed_rad_s,peak_abs_speed_toward_better_rad_s,min_speed_toward_better_rad_s,max_speed_toward_better_rad_s,raw_joint_speed_rad_s,nullspace_speed_fraction,raw_velocity_dominant_joint,raw_velocity_dominant_share_pct,sigma_dominant_joint,sigma_dominant_share_pct,position_error_mm,rotation_error_deg,peak_position_error_mm,peak_rotation_error_deg,cartesian_speed_mm_s,angular_speed_deg_s,command_force_norm_N,command_moment_norm_Nm,tau_task_norm_Nm,tau_nullspace_norm_Nm,tau_cmd_norm_Nm,nullspace_damping_Nms_rad,disturbance_scale,disturbance_force_norm_N,disturbance_tau_norm_Nm,disturbance_torque_scale,external_force_delta_norm_N,external_moment_delta_norm_Nm,external_joint_torque_delta_norm_Nm,external_joint_torque_along_nbest_Nm,peak_external_force_delta_norm_N,peak_external_moment_delta_norm_Nm,peak_external_joint_torque_delta_norm_Nm,external_joint_torque_baseline_valid,joint_contact,cartesian_contact,Jn_norm,e_p_x_mm,e_p_y_mm,e_p_z_mm,e_R_x_deg,e_R_y_deg,e_R_z_deg,q1_deg,q2_deg,q3_deg,q4_deg,q5_deg,q6_deg,q7_deg,dq1_rad_s,dq2_rad_s,dq3_rad_s,dq4_rad_s,dq5_rad_s,dq6_rad_s,dq7_rad_s,n_best_1,n_best_2,n_best_3,n_best_4,n_best_5,n_best_6,n_best_7,dqN_1_rad_s,dqN_2_rad_s,dqN_3_rad_s,dqN_4_rad_s,dqN_5_rad_s,dqN_6_rad_s,dqN_7_rad_s,tau_sigma_1_Nm,tau_sigma_2_Nm,tau_sigma_3_Nm,tau_sigma_4_Nm,tau_sigma_5_Nm,tau_sigma_6_Nm,tau_sigma_7_Nm,tau_ext_delta_1_Nm,tau_ext_delta_2_Nm,tau_ext_delta_3_Nm,tau_ext_delta_4_Nm,tau_ext_delta_5_Nm,tau_ext_delta_6_Nm,tau_ext_delta_7_Nm
0.000000000,0,0.000000000,hold_start,0.000000000,,0.000000000,0.000000000,0.000000000,0.000000000,0.000000000,0,0,0.000000000,0.000000000,0.000000000,0.000000000,0.000000000,0.000000000,0.000000000,0.000000000,0.000000000,0.000000000,0.000000000,0.000000000,0,0.000000000,0,0.000000000,0.000000000,0.000000000,0.000000000,0.000000000,0.000000000,0.000000000,0.000000000,0.000000000,0.000000000,0.000000000,0.000000000,0.000000000,0.000000000,0.000000000,0.000000000,1.000000000,0.000000000,0.000000000,0.000000000,0.000000000,0.000000000,0.000000000,0.000000000,0,0,0,0.000000000,0.000000000,0.000000000,0.000000000,0.000000000,0.000000000,0.000000000,0.837486415,12.106415915,-0.522050662,-130.918035212,-0.128375576,142.885516285,44.746316694,0.000000000,0.000000000,0.000000000,0.000000000,0.000000000,0.000000000,0.000000000,0.000000000,0.000000000,0.000000000,0.000000000,0.000000000,0.000000000,0.000000000,0.000000000,0.000000000,0.000000000,0.000000000,0.000000000,0.000000000,0.000000000,0.000000000,0.000000000,0.000000000,0.000000000,0.000000000,0.000000000,0.000000000,0.000000000,0.000000000,0.000000000,0.000000000,0.000000000,0.000000000,0.000000000
0.000000000,0,0.000000000,sample,0.216514269,,0.215823967,0.216204066,0.000380099,380.098880870,0.002375618,1,1,2.000000000,0.080000000,2.000000000,-0.002050931,0.001025466,-0.001025466,0.001025466,0.001025466,-0.001025466,0.000000000,0.002285210,0.448740264,1,54.195616564,1,46.349131170,0.040556869,0.003239759,0.040556869,0.003239759,1.241136884,0.198035058,0.097254146,0.028547043,0.112189728,2.000000000,2.003144083,2.000000000,0.000000000,0.000000000,0.000000000,1.000000000,0.640413530,0.430453980,0.000000000,0.000000000,0.640413530,0.430453980,0.000000000,1,0,0,0.000000000,-0.011865942,0.018819360,-0.033910038,0.001152311,0.003027856,-0.000017434,0.839655013,12.103043339,-0.526012601,-130.917437027,-0.128990956,142.884564478,44.745083639,0.001682318,0.000125816,0.000400696,0.000958597,-0.000148637,0.000155689,-0.001118196,-0.680801962,-0.001288788,0.673995263,0.000098866,-0.234286063,-0.000301789,0.165370349,0.000698139,0.000001322,-0.000691159,-0.000000101,0.000240252,0.000000309,-0.000169582,-1.361603924,-0.002577576,1.347990526,0.000197731,-0.468572126,-0.000603579,0.330740697,0.000000000,0.000000000,0.000000000,0.000000000,0.000000000,0.000000000,0.000000000
0.050000000,0,0.050000000,sample,0.216523488,0.000184381,0.215887812,0.216159618,0.000271806,271.806254112,0.001698789,1,1,2.000000000,0.080000000,2.000000000,0.270005142,0.135002571,0.135002571,0.135063265,0.135063265,-0.002784490,0.135063265,0.139351827,0.968789388,3,53.958061684,1,46.343203249,0.165886599,0.055831496,0.165886599,0.055831496,9.185408207,1.578586114,0.783820802,0.267513904,0.554680425,2.000000000,2.076084354,2.000000000,0.000000000,0.000000000,0.000000000,1.000000000,0.253327096,0.137580594,0.445078379,0.253418800,0.642018533,0.431988689,0.445078379,1,0,0,0.000000000,0.023538499,-0.144181722,0.078587111,-0.031613776,-0.008015415,0.045315320,0.694234172,12.114915835,-0.370392746,-130.917736431,-0.128323063,142.885975681,44.796623140,-0.090500944,0.005893349,0.102362489,0.001966109,0.000002156,0.000804681,0.026668089,-0.680758424,-0.000901986,0.673928947,0.000098443,-0.234499006,-0.000300492,0.165520524,-0.091904138,-0.000121770,0.090982141,0.000013290,-0.031657969,-0.000040567,0.022345696,-1.361516849,-0.001803971,1.347857895,0.000196886,-0.468998012,-0.000600984,0.331041048,-0.263831494,-0.251493591,0.117950455,0.042093581,0.041165945,0.217554121,0.023023252
0.100000000,0,0.100000000,sample,0.216534132,0.000212888,0.216044421,0.216024895,0.000019527,19.526849971,0.000122043,1,1,2.000000000,0.080000000,2.000000000,0.379305016,0.189652508,0.189652508,0.191893159,0.191893159,0.000000000,0.191893159,0.197740313,0.959098854,3,53.070587061,1,46.339827550,0.517840117,0.145015111,0.517840117,0.145015111,8.308142607,1.744299309,1.416489807,0.339571216,1.112057152,2.000000000,2.289030915,2.000000000,0.000000000,0.000000000,0.000000000,1.000000000,1.056575958,0.376996559,0.645540315,0.502446732,1.056575958,0.376996559,0.645540315,1,0,0,0.000000000,0.058472694,-0.489939643,0.157157494,-0.107607328,-0.017062681,0.095702195,0.350881687,12.122239267,-0.006917441,-130.918955416,-0.128442323,142.886053431,44.859131181,-0.135434800,-0.000650395,0.144052952,0.001662663,-0.000199778,0.000276030,0.002022336,-0.680733630,0.000004412,0.673888402,0.000098588,-0.234625678,-0.000300934,0.165610497,-0.129102840,0.000000837,0.127804626,0.000018697,-0.044497348,-0.000057073,0.031408446,-1.361467261,0.000008824,1.347776804,0.000197176,-0.469251356,-0.000601868,0.331220994,-0.500079141,0.010764219,0.241329237,-0.025318302,0.039106445,0.321520454,0.052361718
0.150000000,0,0.150000000,sample,0.216534025,-0.000002135,0.216027767,0.216041204,0.000013437,13.437016571,0.000083981,1,1,2.000000000,0.080000000,2.000000000,0.177303712,0.088651856,0.088651856,0.190752991,0.190752991,-0.190752991,0.190136811,0.093851636,0.944595747,3,56.984402251,1,46.340654722,0.269157838,0.171446401,0.555918924,0.174902061,13.741506362,0.711272793,0.319071504,0.055316013,0.263724104,2.000000000,2.017403707,2.000000000,0.000000000,0.000000000,0.000000000,1.000000000,1.117060064,0.472126753,0.761959702,-0.446938835,1.117060064,0.472126753,0.766674910,1,0,0,0.000000000,0.050524880,-0.223888357,0.140595810,-0.131155971,-0.015343672,0.109346017,0.274001332,12.120552784,0.036662543,-130.918837026,-0.104695552,142.886153942,44.819533150,0.047465056,-0.001963684,-0.070846736,0.000893184,0.009930344,0.000478378,-0.037847637,0.680739706,-0.000109123,-0.673897601,-0.000080351,0.234596323,0.000245265,-0.165589742,0.060348838,-0.000009674,-0.059742273,-0.000007123,0.020797399,0.000021743,-0.014679838,1.361479412,-0.000218247,-1.347795202,-0.000160701,0.469192646,0.000490530,-0.331179485,-0.073128222,-0.048406244,0.643270077,-0.010771127,0.190954351,0.346195255,0.051619350
0.200000000,0,0.200000000,sample,0.216533960,-0.000001301,0.216036276,0.216032742,0.000003534,3.534092331,0.000022088,1,1,2.000000000,0.080000000,2.000000000,0.139070688,0.069535344,0.069535344,0.110859958,0.110859958,-0.110859958,0.097177187,0.072410240,0.960297110,3,54.018489087,1,46.339384182,0.172867856,0.172853398,0.256297285,0.172853398,7.143298746,0.913701461,0.570159364,0.276726557,0.560091541,2.000000000,2.077163823,2.000000000,0.000000000,0.000000000,0.000000000,1.000000000,0.935973436,0.777609164,0.680855623,0.286991786,1.236471101,0.923374108,0.753597956,1,0,0,0.000000000,0.056589747,-0.003196601,0.163311598,-0.123201006,-0.017733367,0.119938888,0.275487025,12.123047513,0.013031065,-130.918771102,-0.109683696,142.886140886,44.812489210,-0.042592530,0.003058293,0.053219550,-0.000631549,-0.002964494,-0.000540543,0.024040929,-0.680730374,0.000051022,0.673883980,0.000084195,-0.234640530,-0.000256999,0.165620909,-0.047334821,0.000003548,0.046858754,0.000005855,-0.016315810,-0.000017871,0.011516507,-1.361460748,0.000102043,1.347767961,0.000168389,-0.469281059,-0.000513998,0.331241818,-0.339543557,-0.069429754,0.218154569,0.043043523,0.411710013,0.351264772,0.033433902
0.250000000,0,0.250000000,sample,0.216533755,-0.000004113,0.216042724,0.216025805,0.000016918,16.918407821,0.000105740,1,1,2.000000000,0.080000000,2.000000000,-0.001041037,0.000520518,-0.000520518,0.083657850,0.083657850,-0.083657850,0.071637252,0.004110211,0.126640321,1,49.047943907,1,46.340019984,0.166752345,0.168853749,0.181788749,0.183361202,3.092954398,0.315093783,0.381369919,0.128833143,0.297264816,2.000000000,2.021970450,2.000000000,0.000000000,0.000000000,0.000000000,1.000000000,0.818920110,0.785751779,0.697869738,0.270279062,1.033366626,0.831474444,0.737122490,1,0,0,0.000000000,0.051324812,-0.051337510,0.150121844,-0.120410675,-0.016182408,0.117264604,0.301024496,12.121743194,-0.006623301,-130.918628015,-0.107466579,142.886228312,44.814365989,0.002878555,-0.000759778,0.002586332,0.000465277,0.000893961,-0.000046499,-0.000568832,-0.680735044,0.000001607,0.673891205,0.000082485,-0.234617683,-0.000251779,0.165604701,0.000354335,-0.000000001,-0.000350773,-0.000000043,0.000122123,0.000000131,-0.000086200,-1.361470088,0.000003214,1.347782410,0.000164969,-0.469235365,-0.000503559,0.331209402,-0.285979817,-0.111643800,0.261394278,-0.004938346,0.455239297,0.340163745,0.038312293
0.300000000,0,0.300000000,sample,0.216533435,-0.000006399,0.216039498,0.216028440,0.000011058,11.057922086,0.000069112,1,1,2.000000000,0.080000000,2.000000000,-0.086807359,0.043403679,-0.043403679,0.057586642,0.057586642,-0.057586642,0.039456984,0.046847434,0.926490008,3,52.775691044,1,46.339684066,0.280207333,0.166512035,0.287439257,0.176228303,2.172940046,0.534190574,0.488630476,0.134701183,0.365745582,2.000000000,2.033226377,2.000000000,0.000000000,0.000000000,0.000000000,1.000000000,1.090330549,0.781534600,0.688677765,0.266923227,1.168533064,0.977137637,0.802370882,1,0,0,0.000000000,0.052221165,-0.228103880,0.154135393,-0.122298421,-0.016615939,0.111773274,0.311261607,12.122357678,0.001777515,-130.918356363,-0.107197872,142.886140886,44.827110276,0.031844854,0.000571464,-0.034033199,-0.000004912,-0.002245571,-0.000102580,0.004116916,-0.680732576,0.000022522,0.673888252,0.000082282,-0.234628173,-0.000251161,0.165611995,0.029546298,-0.000000978,-0.029249230,-0.000003571,0.010183726,0.000010901,-0.007188170,-1.361465153,0.000045043,1.347776504,0.000164564,-0.469256347,-0.000502323,0.331223990,-0.215567773,0.007401623,0.324047457,-0.010792773,0.449173506,0.344874664,0.043979585
0.350000000,0,0.350000000,sample,0.216533581,0.000002915,0.216038016,0.216030288,0.000007728,7.728426003,0.000048303,1,1,2.000000000,0.080000000,2.000000000,-0.092056649,0.046028325,-0.046028325,0.050762495,0.050762495,-0.050762495,0.041046009,0.046969504,0.979961896,1,51.925281337,1,46.339074136,0.337989155,0.165656527,0.345773025,0.172513597,0.481420582,0.280871645,0.696576931,0.111656191,0.504793943,2.000000000,2.062779953,2.000000000,0.000000000,0.000000000,0.000000000,1.000000000,0.991846139,0.994066773,0.859843242,0.315339527,1.184074786,1.013390951,0.884032653,1,0,0,0.000000000,0.057233873,-0.288642206,0.166272757,-0.123456794,-0.017962630,0.108985544,0.312788061,12.123585787,0.006526284,-130.918468023,-0.106900780,142.886140917,44.830253192,0.033845849,0.000453331,-0.032271530,-0.000189986,0.003712930,-0.000344604,-0.002234948,-0.680728096,0.000034323,0.673881357,0.000082062,-0.234650041,-0.000250489,0.165627483,0.031332774,-0.000001580,-0.031017630,-0.000003777,0.010800548,0.000011530,-0.007623556,-1.361456193,0.000068646,1.347762714,0.000164124,-0.469300081,-0.000500977,0.331254966,-0.623031550,-0.135050638,-0.013634625,0.000400465,0.458276384,0.346935888,0.048534485
0.400000000,0,0.400000000,sample,0.216532968,-0.000012255,0.216036732,0.216030226,0.000006506,6.505942264,0.000040662,1,1,2.000000000,0.080000000,2.000000000,-0.099819920,0.049909960,-0.049909960,0.049909960,0.049909960,-0.049909960,0.036274212,0.051523805,0.968677682,3,51.538040626,1,46.340008021,0.287940088,0.168406815,0.336967252,0.176599966,1.470502950,0.386720470,0.517289752,0.116932154,0.362481042,2.000000000,2.032649801,2.000000000,0.000000000,0.000000000,0.000000000,1.000000000,1.080695715,0.971856548,0.816620189,0.339462435,1.083592492,0.980050872,0.846324914,1,0,0,0.000000000,0.046239056,-0.244901917,0.144202966,-0.123674310,-0.015331073,0.113271702,0.306197661,12.121595855,0.008339215,-130.917957576,-0.107202850,142.886269111,44.829965861,0.035802328,-0.000199170,-0.036988939,-0.000373673,0.001718563,0.000009524,-0.001257499,-0.680734956,0.000038892,0.673892724,0.000082281,-0.234615092,-0.000251158,0.165602548,0.033975454,-0.000001941,-0.033633959,-0.000004107,0.011709630,0.000012535,-0.008265217,-1.361469912,0.000077783,1.347785447,0.000164563,-0.469230185,-0.000502316,0.331205096,-0.576338219,-0.049679746,0.065998095,0.030317437,0.450251238,0.348820021,0.050578985
0.450000000,0,0.450000000,sample,0.216533442,0.000009478,0.216038254,0.216029757,0.000008498,8.497661666,0.000053110,1,1,2.000000000,0.080000000,2.000000000,-0.071976046,0.035988023,-0.035988023,0.046332796,0.046332796,-0.046332796,0.037060667,0.039510119,0.910855842,1,63.599992534,1,46.339214385,0.269684478,0.171425088,0.292543658,0.179105619,3.649565190,0.933124418,0.707623295,0.053890783,0.593916804,2.000000000,2.086354844,2.000000000,0.000000000,0.000000000,0.000000000,1.000000000,1.013362091,0.975037226,0.834809114,0.349773779,1.401908247,0.975037226,0.834809114,1,0,0,0.000000000,0.054961281,-0.207926327,0.162713299,-0.123172508,-0.017535924,0.117930426,0.305236215,12.123282682,0.005433691,-130.918356381,-0.106996897,142.886140969,44.830655300,0.031509164,0.000780280,-0.023191311,-0.000643201,-0.005302291,-0.000611676,-0.000935032,-0.680729127,0.000031612,0.673883155,0.000082134,-0.234644624,-0.000250708,0.165623607,0.024498096,-0.000001138,-0.024251723,-0.000002956,0.008444396,0.000009022,-0.005960466,-1.361458253,0.000063224,1.347766310,0.000164267,-0.469289248,-0.000501416,0.331247214,-0.601019023,-0.091244814,0.055793840,0.027247575,0.446971470,0.348393527,0.048371966
0.500000000,0,0.500000000,sample,0.216533405,-0.000000723,0.216037029,0.216030775,0.000006254,6.254497926,0.000039091,1,1,2.000000000,0.080000000,2.000000000,0.019627492,0.009813746,0.009813746,0.047044187,0.047044187,-0.047044187,0.030490507,0.012785119,0.767591299,3,75.871132792,1,46.340200639,0.250799758,0.171557019,0.280192211,0.178897346,5.137365477,0.212815179,0.727820065,0.151799425,0.528693332,2.000000000,2.068701849,2.000000000,0.000000000,0.000000000,0.000000000,1.000000000,1.003216367,0.895268417,0.752721734,0.302097036,1.037855778,0.993345194,0.848631043,1,0,0,0.000000000,0.048001441,-0.199748748,0.143863887,-0.123099036,-0.015382195,0.118498212,0.300873972,12.121302108,0.008890427,-130.918313333,-0.108346575,142.886269111,44.831321429,-0.002026760,0.000394238,0.011136355,-0.000008449,0.000222374,-0.000007990,0.005926897,-0.680736371,0.000040459,0.673893937,0.000083157,-0.234609945,-0.000253832,0.165599081,-0.006680574,0.000000397,0.006613424,0.000000816,-0.002302402,-0.000002491,0.001625147,-1.361472741,0.000080918,1.347787874,0.000166315,-0.469219890,-0.000507665,0.331198163,-0.480721408,-0.053348908,0.107099177,0.008542531,0.448130085,0.343524750,0.047726253
0.550000000,0,0.550000000,sample,0.216533816,0.000008211,0.216033221,0.216035446,0.000002225,2.225301523,0.000013908,1,1,2.000000000,0.080000000,2.000000000,-0.069962970,0.034981485,-0.034981485,0.044134698,0.044134698,-0.044134698,0.030851180,0.036240502,0.965259397,3,54.195294695,1,46.339768357,0.261656819,0.174578665,0.271622422,0.175111367,2.322952675,0.416562429,0.619522823,0.208422116,0.442254375,2.000000000,2.048345186,2.000000000,0.000000000,0.000000000,0.000000000,1.000000000,1.084313586,0.767945866,0.666734194,-0.265131846,1.206915904,0.908145845,0.761713931,1,0,0,0.000000000,0.053362202,-0.204310480,0.154512116,-0.125451332,-0.016597359,0.120267208,0.288546396,12.122221934,0.021169453,-130.918639031,-0.108702929,142.886310160,44.833051940,-0.023665800,0.000569968,0.026679335,-0.000092199,0.000492454,0.001964153,0.006089601,0.680733196,-0.000071158,-0.673888435,-0.000083437,0.234626568,0.000254685,-0.165610960,-0.023813058,0.000002489,0.023573618,0.000002919,-0.008207586,-0.000008909,0.005793317,1.361466391,-0.000142316,-1.347776871,-0.000166874,0.469253135,0.000509370,-0.331221920,-0.255498765,0.012486919,0.274219930,-0.009862780,0.432454317,0.338343576,0.048083127
0.600000000,0,0.600000000,sample,0.216534475,0.000013184,0.216031229,0.216038727,0.000007498,7.498032739,0.000046863,1,1,2.000000000,0.080000000,2.000000000,-0.046343022,0.023171511,-0.023171511,0.044364271,0.044364271,-0.044364271,0.034434362,0.027377985,0.846355590,1,46.704848305,1,46.339902547,0.258008707,0.175880418,0.285307689,0.175880418,0.828486749,0.581782390,0.478648441,0.131703423,0.380702629,2.000000000,2.035926201,2.000000000,0.000000000,0.000000000,0.000000000,1.000000000,0.922496184,0.680160201,0.672061054,-0.269041039,1.098739551,0.852793485,0.740295789,1,0,0,0.000000000,0.057318765,-0.196653844,0.156876759,-0.126928076,-0.017012033,0.120556109,0.279751243,12.122086404,0.028801927,-130.919179568,-0.108912075,142.886309910,44.832174907,-0.018710374,0.000024884,0.017140908,0.001031544,-0.002278928,0.000099152,-0.009969815,0.680734181,-0.000090236,-0.673888559,-0.000083597,0.234624297,0.000255173,-0.165609613,-0.015773640,0.000002091,0.015615016,0.000001937,-0.005436599,-0.000005913,0.003837425,1.361468362,-0.000180471,-1.347777118,-0.000167193,0.469248593,0.000510346,-0.331219226,-0.174752242,-0.061701932,0.356691421,0.000195380,0.420438762,0.332748762,0.051002808
0.650000000,0,0.650000000,sample,0.216533993,-0.000009649,0.216031399,0.216037593,0.000006194,6.194052902,0.000038713,1,1,2.000000000,0.080000000,2.000000000,0.004246048,0.002123024,0.002123024,0.046342427,0.046342427,-0.046342427,0.034287699,0.006989992,0.303723380,3,47.153529598,1,46.339990295,0.254883465,0.177208082,0.277368679,0.177803691,3.968096927,0.674157491,0.350314722,0.234277678,0.407525274,2.000000000,2.041095334,2.000000000,0.000000000,0.000000000,0.000000000,1.000000000,1.067791253,0.670202531,0.750126269,-0.276682186,1.243650502,0.948210295,0.767758005,1,0,0,0.000000000,0.053692564,-0.197355972,0.152096382,-0.127350605,-0.016457794,0.122121533,0.281888103,12.121837650,0.026685357,-130.918791689,-0.107473802,142.886228315,44.832659108,-0.002754815,-0.001034539,-0.004799918,0.000332213,0.003976808,-0.000437308,0.001022201,0.680734826,-0.000084710,-0.673890486,-0.000082491,0.234619437,0.000251798,-0.165606017,0.001445216,-0.000000180,-0.001430686,-0.000000175,0.000498103,0.000000535,-0.000351586,1.361469651,-0.000169421,-1.347780971,-0.000164982,0.469238873,0.000503596,-0.331212034,-0.023397676,-0.043501137,0.520266819,0.007137331,0.418288927,0.334658444,0.050588676
0.700000000,0,0.700000000,sample,0.216533539,-0.000009074,0.216033167,0.216034951,0.000001784,1.783750295,0.000011148,1,1,2.000000000,0.080000000,2.000000000,0.056776072,0.028388036,0.028388036,0.040222654,0.040222654,-0.040222654,0.029067782,0.029921178,0.948760635,3,48.055566962,1,46.339760965,0.273890816,0.172899027,0.286822273,0.177150294,1.694914815,0.613363668,0.464352257,0.076301295,0.352030945,2.000000000,2.030761011,2.000000000,0.000000000,0.000000000,0.000000000,1.000000000,0.867074354,0.750953293,0.688968953,-0.308698611,1.102513953,0.866119834,0.766611466,1,0,0,0.000000000,0.051487851,-0.221514967,0.152631254,-0.125842458,-0.016338973,0.117434183,0.291127655,12.122182112,0.020382036,-130.918413609,-0.107787352,142.886310910,44.831299004,0.018976306,-0.001073452,-0.020741996,0.000401025,-0.000800656,-0.000219605,-0.010146128,0.680733141,-0.000069039,-0.673888910,-0.000082734,0.234625815,0.000252539,-0.165610323,0.019324677,-0.000001960,-0.019130383,-0.000002349,0.006660566,0.000007169,-0.004701352,1.361466283,-0.000138078,-1.347777820,-0.000165468,0.469251630,0.000505078,-0.331220647,-0.296377258,-0.072128409,0.295521074,0.001772808,0.428610335,0.328621136,0.051007006
0.750000000,0,0.750000000,sample,0.216533241,-0.000005957,0.216037948,0.216029577,0.000008371,8.371330850,0.000052321,1,1,2.000000000,0.080000000,2.000000000,-0.059842501,0.029921251,-0.029921251,0.041035758,0.041035758,-0.041035758,0.029305706,0.033533055,0.892291229,3,55.541879289,1,46.339823517,0.268076573,0.170392382,0.276728261,0.175261909,2.888323139,0.541720791,0.477144201,0.161941287,0.405547710,2.000000000,2.040733668,2.000000000,0.000000000,0.000000000,0.000000000,1.000000000,0.905403525,0.770735149,0.690726609,0.293011718,1.028700759,0.815833181,0.712299388,1,0,0,0.000000000,0.049018255,-0.217105235,0.149424149,-0.123001474,-0.015912648,0.116837447,0.306005279,12.122004649,0.005680662,-130.918180291,-0.107383985,142.886309910,44.830884051,0.021461756,0.001868436,-0.024990987,-0.000064057,-0.002785309,-0.000270805,0.005289892,-0.680733601,0.000032291,0.673890161,0.000082423,-0.234622585,-0.000251590,0.165607934,0.020368401,-0.000000966,-0.020163636,-0.000002466,0.007020201,0.000007528,-0.004955197,-1.361467201,0.000064581,1.347780322,0.000164846,-0.469245169,-0.000503181,0.331215867,-0.286533891,-0.063225587,0.286077434,0.032508336,0.439725644,0.334901672,0.050884574
0.800000000,0,0.800000000,sample,0.216533345,0.000002085,0.216037203,0.216030571,0.000006632,6.632028784,0.000041450,1,1,2.000000000,0.080000000,2.000000000,0.029187628,0.014593814,0.014593814,0.038869138,0.038869138,-0.038869138,0.031672257,0.015376309,0.949110359,3,56.168125309,1,46.339502182,0.286895274,0.169385179,0.289815929,0.174286517,3.086391540,0.322451876,0.708575825,0.165850107,0.583266705,2.000000000,2.083329233,2.000000000,0.000000000,0.000000000,0.000000000,1.000000000,0.963305823,0.891559582,0.752517486,0.273678551,1.110915781,0.952457387,0.786693043,1,0,0,0.000000000,0.051987903,-0.234969672,0.156190298,-0.123064350,-0.016700949,0.115184994,0.305255416,12.122666464,0.008319914,-130.918265039,-0.108188735,142.886269371,44.831704289,-0.009414794,0.001856505,0.011523836,-0.002852306,-0.000604500,-0.000492219,0.001674449,-0.680731241,0.000039013,0.673886476,0.000083045,-0.234634194,-0.000253489,0.165616175,-0.009934465,0.000000569,0.009834574,0.000001212,-0.003424208,-0.000003699,0.002416972,-1.361462481,0.000078026,1.347772953,0.000166090,-0.469268388,-0.000506977,0.331232350,-0.492696508,-0.071703578,0.052479096,0.020620558,0.448443150,0.334131760,0.049666486
0.850000000,0,0.850000000,sample,0.216533638,0.000005844,0.216035261,0.216033022,0.000002239,2.238516560,0.000013991,1,1,2.000000000,0.080000000,2.000000000,0.045371789,0.022685894,0.022685894,0.042410309,0.042410309,-0.042410309,0.032970716,0.023745744,0.955366765,3,63.884106715,1,46.340021949,0.265378124,0.172423534,0.283537286,0.175727687,3.310204856,0.252632728,0.654025824,0.169205989,0.466254671,2.000000000,2.053637372,2.000000000,0.000000000,0.000000000,0.000000000,1.000000000,0.880049016,0.757247933,0.669487466,0.250846833,0.941585529,0.882340376,0.748873213,1,0,0,0.000000000,0.050564183,-0.213995697,0.148575414,-0.124355756,-0.015907704,0.118374263,0.296356006,12.121687097,0.014663956,-130.918494425,-0.108263231,142.886316656,44.832257391,-0.013792795,-0.001486583,0.018979387,-0.000314806,0.000185426,-0.000145318,0.003322270,-0.680735058,0.000054851,0.673891540,0.000083096,-0.234617045,-0.000253645,0.165604169,-0.015443084,0.000001244,0.015287832,0.000001885,-0.005322497,-0.000005754,0.003756879,-1.361470116,0.000109701,1.347783080,0.000166192,-0.469234089,-0.000507289,0.331208339,-0.297000594,-0.075369753,0.213230258,0.028782362,0.438596954,0.336672307,0.048087608
0.900000000,0,0.900000000,sample,0.216533982,0.000006893,0.216032255,0.216036756,0.000004501,4.501123146,0.000028132,1,1,2.000000000,0.080000000,2.000000000,-0.077660337,0.038830169,-0.038830169,0.044177808,0.044177808,-0.044177808,0.028816183,0.039783857,0.976028264,3,53.217624903,1,46.339669060,0.258313472,0.175934875,0.265583514,0.176892357,1.822384194,0.292127706,0.601053233,0.171178939,0.469896769,2.000000000,2.054506354,2.000000000,0.000000000,0.000000000,0.000000000,1.000000000,0.953732053,0.769918881,0.667627743,-0.253823183,1.061820059,0.898029481,0.737085846,1,0,0,0.000000000,0.055338799,-0.196958281,0.157705114,-0.126088729,-0.017016268,0.121511971,0.284313949,12.122459033,0.024463152,-130.918778391,-0.108787724,142.886269861,44.833351884,-0.026987497,-0.000176413,0.029022487,-0.001400963,-0.002870467,-0.000052192,0.001374546,0.680732466,-0.000079392,-0.673887024,-0.000083503,0.234630648,0.000254889,-0.165613914,-0.026432956,0.000003083,0.026167147,0.000003242,-0.009110748,-0.000009897,0.006430816,1.361464932,-0.000158783,-1.347774049,-0.000167007,0.469261296,0.000509777,-0.331227828,-0.318554275,-0.044269565,0.193991275,0.016303473,0.434260742,0.336665615,0.049655170
0.950000000,0,0.950000000,sample,0.216533690,-0.000005839,0.216030193,0.216038195,0.000008003,8.002911665,0.000050018,1,1,2.000000000,0.080000000,2.000000000,-0.031368057,0.015684028,-0.015684028,0.040846807,0.040846807,-0.040846807,0.031258903,0.023639963,0.663454018,3,43.253738176,1,46.339917901,0.242780967,0.177421987,0.259959969,0.178430963,2.725118747,0.937594185,0.575208962,0.147270349,0.495984602,2.000000000,2.060591297,2.000000000,0.000000000,0.000000000,0.000000000,1.000000000,0.920281304,0.723481147,0.665032829,-0.274813467,0.966526351,0.785861756,0.693309327,1,0,0,0.000000000,0.050933763,-0.183619299,0.150440362,-0.127335615,-0.016048960,0.122501566,0.277608018,12.121877456,0.029457784,-130.918533298,-0.108473735,142.886418083,44.832269297,-0.011522426,-0.000296718,0.015547430,0.000804275,0.001758984,0.000387876,-0.013430547,0.680734294,-0.000091796,-0.673890297,-0.000083259,0.234620901,0.000254141,-0.165606890,-0.010676656,0.000001440,0.010569315,0.000001306,-0.003679801,-0.000003986,0.002597383,1.361468588,-0.000183593,-1.347780593,-0.000166518,0.469241802,0.000508283,-0.331213780,-0.259242299,-0.053305365,0.281046755,0.007618733,0.423976380,0.332837917,0.051363983
1.000000000,0,1.000000000,sample,0.216533159,-0.000010634,0.216031030,0.216036295,0.000005265,5.265059318,0.000032907,1,1,2.000000000,0.080000000,2.000000000,0.022066633,0.011033316,0.011033316,0.042558435,0.042558435,-0.042558435,0.032421986,0.012594077,0.876071820,1,56.542394776,1,46.340064945,0.241760538,0.177664285,0.255603455,0.178884733,2.393441838,0.607234159,0.551127006,0.107163965,0.426557566,2.000000000,2.044981470,2.000000000,0.000000000,0.000000000,0.000000000,1.000000000,1.033482040,0.779170108,0.683174343,-0.305203382,1.033482040,0.888026734,0.753081918,1,0,0,0.000000000,0.047062935,-0.187949917,0.144596220,-0.127149127,-0.015445727,0.123122407,0.282279988,12.121523624,0.025325929,-130.918110730,-0.107345145,142.886243150,44.832621000,0.009470076,-0.001293722,-0.005106690,0.000558039,0.000403116,-0.000658732,-0.006345755,0.680735374,-0.000081295,-0.673892975,-0.000082390,0.234613757,0.000251490,-0.165601683,0.007510769,-0.000000897,-0.007435274,-0.000000909,0.002588568,0.000002775,-0.001827136,1.361470748,-0.000162590,-1.347785950,-0.000164780,0.469227514,0.000502981,-0.331203365,-0.301737046,-0.004934292,0.283658679,0.003561673,0.426355877,0.332575974,0.052882383
1.051000000,0,1.051000000,sample,0.216533154,-0.000000096,0.216035899,0.216031458,0.000004441,4.440773836,0.000027755,1,1,2.000000000,0.080000000,2.000000000,-0.072509862,0.036254931,-0.036254931,0.040640737,0.040640737,-0.040640737,0.032370894,0.036933146,0.981636671,3,59.569565913,1,46.339711211,0.243486747,0.174112805,0.259894690,0.178759271,3.565126189,0.315922073,0.361080857,0.157808597,0.324816168,2.000000000,2.026236887,2.000000000,0.000000000,0.000000000,0.000000000,1.000000000,0.944443424,0.810386817,0.701146032,0.313234200,1.078097237,0.882459748,0.735121950,1,0,0,0.000000000,0.048303321,-0.185345759,0.150331416,-0.124239852,-0.015899342,0.120941882,0.296652251,12.122181946,0.011331189,-130.918095048,-0.107298298,142.886418416,44.831091863,0.022816654,0.000646685,-0.028505491,0.001085634,0.003614967,0.000308545,-0.004016788,-0.680732776,0.000046375,0.673889127,0.000082359,-0.234626190,-0.000251393,0.165610418,0.024679920,-0.000001681,-0.024431804,-0.000002986,0.008506356,0.000009114,-0.006004194,-1.361465552,0.000092749,1.347778255,0.000164717,-0.469252381,-0.000502786,0.331220835,-0.368323464,-0.043007826,0.231754917,0.004328234,0.434279407,0.330531782,0.050149510
1.101000000,0,1.101000000,sample,0.216533370,0.000004326,0.216037999,0.216029755,0.000008244,8.243677584,0.000051523,1,1,2.000000000,0.080000000,2.000000000,-0.004222669,0.002111335,-0.002111335,0.040976750,0.040976750,-0.040976750,0.028019449,0.002866011,0.736680585,1,33.294085375,1,46.339920481,0.244909923,0.172665320,0.253523137,0.177561943,0.785054116,0.103647822,0.508714608,0.142527764,0.397562873,2.000000000,2.039131760,2.000000000,0.000000000,0.000000000,0.000000000,1.000000000,0.963809988,0.783614996,0.682763946,0.281052877,1.031541649,0.888873287,0.745773460,1,0,0,0.000000000,0.048004184,-0.189464679,0.147579145,-0.122712240,-0.015527591,0.120473702,0.302792024,12.121783244,0.005960806,-130.918266664,-0.107963185,142.886552857,44.832044443,0.001653718,-0.000443651,-0.001534712,-0.001538223,-0.000538144,-0.000228291,-0.000468212,-0.680734313,0.000033087,0.673890942,0.000082867,-0.234619710,-0.000252943,0.165605898,0.001437258,-0.000000070,-0.001422809,-0.000000175,0.000495361,0.000000534,-0.000349649,-1.361468626,0.000066174,1.347781884,0.000165733,-0.469239420,-0.000505887,0.331211795,-0.314543046,-0.035131846,0.240017905,0.005772675,0.440751448,0.333681854,0.052418450
1.151000000,0,1.151000000,sample,0.216533792,0.000008442,0.216036322,0.216032329,0.000003993,3.992645658,0.000024954,1,1,2.000000000,0.080000000,2.000000000,0.033422164,0.016711082,0.016711082,0.044676650,0.044676650,-0.044676650,0.032456209,0.017872095,0.935037662,1,56.610126636,1,46.339593880,0.256911799,0.173768625,0.265501478,0.177857941,1.546224898,0.614590753,0.473169834,0.229386085,0.439083214,2.000000000,2.047637443,2.000000000,0.000000000,0.000000000,0.000000000,1.000000000,0.888245700,0.792402637,0.689807265,0.256859116,1.026879710,0.806675683,0.704941666,1,0,0,0.000000000,0.054620379,-0.195169612,0.157889548,-0.123912989,-0.017014969,0.120630000,0.296987122,12.122580900,0.012107880,-130.918628060,-0.108094516,142.886231397,44.832509020,-0.013446911,0.000089548,0.010070398,-0.000490720,0.000942903,-0.000385872,0.005991049,-0.680731914,0.000048448,0.673886584,0.000082972,-0.234632599,-0.000253267,0.165615228,-0.011375767,0.000000810,0.011261374,0.000001387,-0.003920965,-0.000004232,0.002767610,-1.361463828,0.000096896,1.347773168,0.000165944,-0.469265197,-0.000506533,0.331230456,-0.366809653,-0.077160817,0.152001918,0.020578175,0.442651518,0.336330754,0.052384754
1.201000000,0,1.201000000,sample,0.216533886,0.000001884,0.216032738,0.216036067,0.000003329,3.329030363,0.000020806,1,1,2.000000000,0.080000000,2.000000000,-0.069969114,0.034984557,-0.034984557,0.043015553,0.043015553,-0.043015553,0.028299824,0.035927622,0.973750967,3,55.494281371,1,46.339799861,0.269283715,0.174623553,0.269283715,0.177965143,2.402209451,0.291339058,0.651372416,0.182287132,0.497220054,2.000000000,2.060919367,2.000000000,0.000000000,0.000000000,0.000000000,1.000000000,0.897006493,0.738756886,0.663545001,-0.251633345,0.985418799,0.891348739,0.751396725,1,0,0,0.000000000,0.053921122,-0.213783929,0.154604863,-0.125790861,-0.016657472,0.119969051,0.287903501,12.122182106,0.022757726,-130.918699416,-0.108689433,142.886272359,44.833652910,-0.023677422,-0.000003214,0.026764097,-0.001383062,-0.001274896,-0.000139737,0.003209221,0.680733427,-0.000075118,-0.673888638,-0.000083426,0.234625714,0.000254653,-0.165610393,-0.023815157,0.000002628,0.023575695,0.000002919,-0.008208277,-0.000008909,0.005793806,1.361466854,-0.000150237,-1.347777275,-0.000166852,0.469251427,0.000509306,-0.331220787,-0.295199899,-0.067529220,0.212985203,0.015118326,0.432015768,0.337135875,0.051954887
1.251000000,0,1.251000000,sample,0.216533813,-0.000001466,0.216031675,0.216036995,0.000005320,5.320316082,0.000033252,1,1,2.000000000,0.080000000,2.000000000,0.009031940,0.004515970,0.004515970,0.041316944,0.041316944,-0.041316944,0.027068590,0.004839739,0.933101889,3,59.510092556,1,46.339620134,0.262460571,0.176754547,0.268214025,0.177080570,0.660847198,0.154523002,0.493240786,0.169133665,0.370230088,2.000000000,2.033979501,2.000000000,0.000000000,0.000000000,0.000000000,1.000000000,0.926760493,0.775801322,0.679474653,-0.285068803,1.014538476,0.789426016,0.700132455,1,0,0,0.000000000,0.053546323,-0.203687035,0.156620351,-0.127128704,-0.016712938,0.121659936,0.283893760,12.122480659,0.025414059,-130.918627882,-0.107395960,142.886451336,44.832897913,0.002683098,-0.000150250,-0.003733510,0.000453127,0.001237548,-0.000168711,0.000705038,0.680732107,-0.000081529,-0.673886819,-0.000082435,0.234631789,0.000251628,-0.165614615,0.003074166,-0.000000368,-0.003043252,-0.000000372,0.001059590,0.000001136,-0.000747911,1.361464214,-0.000163059,-1.347773637,-0.000164871,0.469263579,0.000503256,-0.331229231,-0.335143760,-0.055187890,0.221654363,0.016032971,0.426488132,0.335962840,0.046560627
1.301000000,0,1.301000000,sample,0.216533384,-0.000008572,0.216035093,0.216032711,0.000002381,2.381172936,0.000014882,1,1,2.000000000,0.080000000,2.000000000,-0.061622892,0.030811446,-0.030811446,0.037116903,0.037116903,-0.037116903,0.026008717,0.032212278,0.956512491,1,52.088476326,1,46.339781278,0.259815435,0.173201972,0.268678376,0.176716654,0.842785738,0.359182513,0.495264465,0.104085583,0.334870946,2.000000000,2.027861052,2.000000000,0.000000000,0.000000000,0.000000000,1.000000000,0.923838763,0.800538033,0.701511151,0.314133022,0.984526841,0.838229669,0.707456518,1,0,0,0.000000000,0.049596181,-0.205770875,0.150673906,-0.124667211,-0.015984482,0.119170072,0.295724527,12.122086404,0.014355741,-130.918280223,-0.107640208,142.886426860,44.831622619,0.023248357,-0.000460597,-0.022233279,0.000827493,-0.000733205,0.000528205,-0.001054784,-0.680733290,0.000053978,0.673889430,0.000082620,-0.234624573,-0.000252192,0.165609361,0.020974377,-0.000001663,-0.020763508,-0.000002546,0.007229122,0.000007770,-0.005102664,-1.361466581,0.000107956,1.347778859,0.000165241,-0.469249145,-0.000504385,0.331218722,-0.373856221,-0.057143813,0.225467392,0.014134228,0.428296162,0.334837815,0.049947169
1.351000000,0,1.351000000,sample,0.216533512,0.000002553,0.216037587,0.216030473,0.000007114,7.114072744,0.000044463,1,1,2.000000000,0.080000000,2.000000000,-0.001173846,0.000586923,-0.000586923,0.038602368,0.038602368,-0.038602368,0.028651153,0.003203409,0.183218170,3,37.624605940,1,46.339732431,0.258495624,0.171455236,0.258495624,0.178106092,1.435471559,0.231141448,0.449696228,0.167805171,0.342203142,2.000000000,2.029064242,2.000000000,0.000000000,0.000000000,0.000000000,1.000000000,0.966111043,0.796151368,0.691072992,0.293488529,0.983780648,0.818422070,0.704178138,1,0,0,0.000000000,0.050246771,-0.202921302,0.152046686,-0.122987452,-0.016049274,0.118378231,0.302532248,12.122181945,0.007607365,-130.918380580,-0.108077478,142.886548504,44.831389824,-0.000413970,-0.001291794,-0.001964936,-0.000582708,-0.000579352,0.000399097,0.001930357,-0.680732932,0.000037215,0.673888621,0.000082957,-0.234626808,-0.000253219,0.165610962,0.000399538,-0.000000022,-0.000395521,-0.000000049,0.000137708,0.000000149,-0.000097201,-1.361465863,0.000074430,1.347777242,0.000165914,-0.469253615,-0.000506438,0.331221924,-0.341848378,-0.036023457,0.229894807,0.006811675,0.438057914,0.334449853,0.052672725
1.401000000,0,1.401000000,sample,0.216533390,-0.000002431,0.216034334,0.216033476,0.000000857,0.857398762,0.000005359,0,0,2.000000000,0.080000000,0.000000000,0.000000000,0.026316000,0.000000000,0.041252317,0.041252317,-0.041252317,0.026076744,0.027498303,0.957004534,3,59.172197807,0,0.000000000,0.269232931,0.173304799,0.271576739,0.175495094,2.791712154,0.294603388,0.642423248,0.186561466,0.454930114,0.000000000,0.455004678,2.000000000,0.000000000,0.000000000,0.000000000,1.000000000,0.945801173,0.790290294,0.683441888,0.000000000,0.993490943,0.850987608,0.731781842,1,0,0,0.000000000,0.049549419,-0.218184952,0.149754976,-0.124898562,-0.015926591,0.119085038,0.294737061,12.121974186,0.016617578,-130.918287800,-0.108039327,142.886379979,44.833080493,-0.017093202,-0.000649619,0.021152648,0.000406693,0.000920928,-0.000321765,0.003873697,0.000000000,0.000000000,0.000000000,0.000000000,0.000000000,0.000000000,0.000000000,-0.017914190,0.000001571,0.017734092,0.000002182,-0.006174323,-0.000006661,0.004358136,0.000000000,0.000000000,0.000000000,0.000000000,0.000000000,0.000000000,0.000000000,-0.362025606,-0.047524474,0.167522853,0.002384983,0.437400882,0.334048745,0.052858394
1.451000000,0,1.451000000,sample,0.216533443,0.000001051,0.216030659,0.216037251,0.000006592,6.592303773,0.000041202,1,1,2.000000000,0.080000000,2.000000000,-0.060640268,0.030320134,-0.030320134,0.041278139,0.041278139,-0.041278139,0.028565106,0.034959493,0.867293302,3,47.205637652,1,46.339883287,0.261391762,0.175826846,0.280157457,0.175826846,1.318715300,0.761376995,0.581030588,0.259351424,0.459302864,2.000000000,2.052088549,2.000000000,0.000000000,0.000000000,0.000000000,1.000000000,0.979830940,0.714737454,0.662247542,-0.268259884,1.026731065,0.849014687,0.734119549,1,0,0,0.000000000,0.050172935,-0.208213599,0.149851349,-0.126865971,-0.016048789,0.120675357,0.282384445,12.121929630,0.027436684,-130.918340850,-0.108543630,142.886276116,44.833299086,-0.023697555,0.000965484,0.024019395,0.000727833,0.009034548,-0.000194498,0.000733447,0.680734040,-0.000086766,-0.673890430,-0.000083313,0.234621168,0.000254306,-0.165607015,-0.020639947,0.000002631,0.020432448,0.000002526,-0.007113745,-0.000007711,0.005021227,1.361468079,-0.000173532,-1.347780861,-0.000166625,0.469242336,0.000508612,-0.331214029,-0.225555520,-0.030940992,0.304887355,0.001986900,0.423401762,0.334307008,0.052427997
1.501000000,0,1.501000000,sample,0.216533623,0.000003597,0.216031970,0.216036309,0.000004339,4.338979655,0.000027119,1,1,2.000000000,0.080000000,2.000000000,0.026385530,0.013192765,0.013192765,0.043473607,0.043473607,-0.043473607,0.030809100,0.013286524,0.992943268,3,47.385627119,1,46.339826493,0.255788641,0.176694669,0.271612393,0.177160315,0.659960855,0.101723871,0.481234394,0.164772180,0.357072775,2.000000000,2.031627872,2.000000000,0.000000000,0.000000000,0.000000000,1.000000000,0.900846306,0.733653492,0.683242215,-0.300643736,0.971866446,0.828365839,0.711334983,1,0,0,0.000000000,0.051965603,-0.198779926,0.152361235,-0.126830579,-0.016393692,0.121927262,0.284844937,12.122086404,0.024000517,-130.918488575,-0.107401471,142.886235087,44.832738872,0.008548775,-0.001219496,-0.009146074,-0.000139414,0.003824179,-0.000324429,-0.001887670,0.680733623,-0.000078001,-0.673889455,-0.000082437,0.234623813,0.000251633,-0.165608961,0.008980759,-0.000001029,-0.008890465,-0.000001088,0.003095337,0.000003320,-0.002184840,1.361467245,-0.000156002,-1.347778909,-0.000164874,0.469247627,0.000503266,-0.331217923,-0.285230287,-0.065979675,0.292256563,0.010545368,0.422898012,0.337480219,0.053381267
1.551000000,0,1.551000000,sample,0.216533623,0.000000011,0.216035130,0.216033156,0.000001974,1.974385144,0.000012340,1,1,2.000000000,0.080000000,2.000000000,-0.071131131,0.035565566,-0.035565566,0.042762982,0.042762982,-0.042762982,0.030454190,0.036458160,0.975517305,3,54.847578667,1,46.339766915,0.262772922,0.173016404,0.267129207,0.177500352,2.248018555,0.359872936,0.491076042,0.166077146,0.416481963,2.000000000,2.042944013,2.000000000,0.000000000,0.000000000,0.000000000,1.000000000,0.956827130,0.785971852,0.697867758,0.319443228,0.982525245,0.800402961,0.708568373,1,0,0,0.000000000,0.051872275,-0.207208296,0.153047697,-0.124837624,-0.016373678,0.118668220,0.295272919,12.122182106,0.014927465,-130.918481330,-0.107554069,142.886336598,44.831158811,0.024183204,0.001311793,-0.027000603,-0.000543684,0.003620597,-0.000296098,-0.000353045,-0.680733185,0.000055390,0.673888798,0.000082555,-0.234625934,-0.000251993,0.165610435,0.024210661,-0.000001970,-0.023967236,-0.000002936,0.008344604,0.000008962,-0.005890029,-1.361466370,0.000110781,1.347777597,0.000165110,-0.469251868,-0.000503985,0.331220870,-0.330990391,-0.040737162,0.276627200,0.007388522,0.428360484,0.336485284,0.050129877
1.601000000,0,1.601000000,sample,0.216533623,-0.000000015,0.216037959,0.216030345,0.000007613,7.613478147,0.000047584,1,1,2.000000000,0.080000000,2.000000000,-0.009452600,0.004726300,-0.004726300,0.040905195,0.040905195,-0.040905195,0.024998863,0.005453165,0.866707704,3,77.256534136,1,46.339607353,0.274108945,0.170699038,0.275363482,0.175977081,1.688896706,0.173343949,0.521135292,0.158345789,0.413932075,2.000000000,2.042386442,2.000000000,0.000000000,0.000000000,0.000000000,1.000000000,0.927851173,0.824683173,0.707418930,0.297870650,0.988478166,0.837467815,0.720344799,1,0,0,0.000000000,0.052551075,-0.219399699,0.155685165,-0.122859181,-0.016577817,0.117341207,0.305068409,12.122480116,0.006878905,-130.918481252,-0.108026873,142.886418287,44.832135575,0.002318349,0.000812940,-0.004793097,-0.000790770,-0.000212160,0.000139795,0.000194267,-0.680732013,0.000035390,0.673887046,0.000082920,-0.234631572,-0.000253106,0.165614398,0.003217344,-0.000000167,-0.003184992,-0.000000392,0.001108939,0.000001196,-0.000782743,-1.361464026,0.000070780,1.347774092,0.000165839,-0.469263144,-0.000506212,0.331228796,-0.387054094,-0.059633308,0.192937815,0.009986051,0.440933293,0.336219143,0.047794732
1.651000000,0,1.651000000,sample,0.216533522,-0.000002013,0.216035049,0.216033022,0.000002027,2.027489246,0.000012672,1,1,2.000000000,0.080000000,2.000000000,0.043890445,0.021945223,0.021945223,0.041562242,0.041562242,-0.041562242,0.026084308,0.022924471,0.957283690,1,63.550271707,1,46.339858937,0.277898362,0.172009939,0.286808196,0.174120607,2.692735270,0.637939340,0.429853489,0.228640404,0.378748428,2.000000000,2.035551071,2.000000000,0.000000000,0.000000000,0.000000000,1.000000000,0.909561663,0.760411398,0.669614948,0.253208167,0.943121928,0.813733312,0.706736139,1,0,0,0.000000000,0.050541499,-0.228080766,0.150506547,-0.124492766,-0.016048812,0.117606998,0.297565141,12.121974242,0.014946164,-130.918396557,-0.108129749,142.886365876,44.832868426,-0.018275027,-0.001169574,0.012827711,0.000180076,-0.000099078,0.000198497,0.005055200,-0.680733861,0.000055533,0.673890001,0.000082995,-0.234622341,-0.000253337,0.165607852,-0.014938856,0.000001219,0.014788666,0.000001821,-0.005148839,-0.000005560,0.003634301,-1.361467722,0.000111067,1.347780002,0.000165991,-0.469244681,-0.000506675,0.331215704,-0.312356413,-0.061751051,0.199997659,0.016180005,0.437344000,0.335917685,0.051314100
1.701000000,0,1.701000000,sample,0.216533777,0.000005102,0.216031846,0.216036729,0.000004882,4.882249501,0.000030514,1,1,2.000000000,0.080000000,2.000000000,-0.064956430,0.032478215,-0.032478215,0.043505890,0.043505890,-0.043505890,0.026602748,0.033568571,0.967518554,3,56.229412610,1,46.339819779,0.280049956,0.173788568,0.291535777,0.174018578,2.160102865,0.308338554,0.650825243,0.165546580,0.482022217,2.000000000,2.057295291,2.000000000,0.000000000,0.000000000,0.000000000,1.000000000,0.946179058,0.738565865,0.659652167,-0.256000604,0.985664819,0.854261445,0.729842775,1,0,0,0.000000000,0.052332373,-0.228771418,0.152816684,-0.126266278,-0.016314584,0.118292552,0.287174549,12.122086321,0.024995545,-130.918600115,-0.108684937,142.886425119,44.833432369,-0.022141136,-0.000322656,0.025171820,-0.000430513,-0.001492708,0.000407482,0.000561114,0.680733573,-0.000080700,-0.673889063,-0.000083422,0.234624650,0.000254640,-0.165609566,-0.022109011,0.000002621,0.021886714,0.000002709,-0.007620190,-0.000008270,0.005378703,1.361467147,-0.000161401,-1.347778126,-0.000166845,0.469249299,0.000509281,-0.331219131,-0.284680246,-0.046142639,0.228704294,0.013663615,0.427919231,0.337164203,0.051788791
1.751000000,0,1.751000000,sample,0.216533536,-0.000004817,0.216031653,0.216036451,0.000004798,4.797516084,0.000029984,1,1,2.000000000,0.080000000,2.000000000,0.031892717,0.015946359,0.015946359,0.042563188,0.042563188,-0.042563188,0.028874312,0.016189939,0.984954852,3,49.187050743,1,46.339741841,0.264537859,0.176090884,0.279331002,0.176221148,0.533505750,0.115297677,0.534867167,0.141499784,0.404832555,2.000000000,2.040568649,2.000000000,0.000000000,0.000000000,0.000000000,1.000000000,0.916926887,0.726625680,0.676197968,-0.289897314,0.967891646,0.814268681,0.697069448,1,0,0,0.000000000,0.050733831,-0.210265398,0.152298456,-0.127076350,-0.016167956,0.120823003,0.285402538,12.122182057,0.024631022,-130.918400780,-0.107216099,142.886471527,44.832661050,0.011335676,0.000417348,-0.011354567,-0.000383049,0.001340715,-0.000198140,-0.001591437,0.680733001,-0.000079544,-0.673888695,-0.000082296,0.234626514,0.000251201,-0.165610781,0.010855213,-0.000001268,-0.010746071,-0.000001312,0.003741439,0.000004006,-0.002640889,1.361466002,-0.000159087,-1.347777391,-0.000164591,0.469253028,0.000502401,-0.331221561,-0.264000795,-0.058400063,0.298253479,0.008366359,0.423358864,0.336413260,0.052009246
1.801000000,0,1.801000000,sample,0.216533649,0.000002254,0.216029392,0.216038906,0.000009514,9.513791038,0.000059461,1,1,2.000000000,0.080000000,2.000000000,-0.017478045,0.008739022,-0.008739022,0.048182851,0.048182851,-0.048182851,0.036290740,0.011792255,0.741081509,3,42.926413807,1,46.339901995,0.257895280,0.177641903,0.267136839,0.178856768,0.656729188,0.270449933,0.539822021,0.155441079,0.403922257,2.000000000,2.040383370,2.000000000,0.000000000,0.000000000,0.000000000,1.000000000,1.001201606,0.750126750,0.675451882,-0.297271634,1.006338560,0.850237868,0.716970350,1,0,0,0.000000000,0.050049351,-0.203893032,0.149775397,-0.127834427,-0.015831886,0.122328886,0.277518531,12.121863830,0.031622162,-130.918489919,-0.108394727,142.886579475,44.834060594,-0.007090670,-0.000457231,0.007726080,-0.000551175,0.002065897,0.000647030,-0.004887530,0.680734177,-0.000097183,-0.673890193,-0.000083198,0.234621349,0.000253956,-0.165607155,-0.005948951,0.000000849,0.005889141,0.000000727,-0.002050361,-0.000002219,0.001447245,1.361468354,-0.000194366,-1.347780386,-0.000166397,0.469242699,0.000507912,-0.331214309,-0.277144049,-0.021448306,0.295095506,0.005344043,0.420094145,0.335865600,0.050711760
1.851000000,0,1.851000000,sample,0.216533256,-0.000007863,0.216029182,0.216038329,0.000009146,9.146490867,0.000057166,1,1,2.000000000,0.080000000,2.000000000,-0.055643288,0.027821644,-0.027821644,0.045441831,0.045441831,-0.045441831,0.034051538,0.028679327,0.970094014,1,50.230380397,1,46.340032930,0.237583606,0.179046694,0.278702390,0.179631284,0.898824242,0.203215208,0.508141322,0.166455201,0.409549068,2.000000000,2.041523722,2.000000000,0.000000000,0.000000000,0.000000000,1.000000000,1.036893983,0.699180206,0.706069955,-0.295188001,1.108502238,0.923302018,0.787394476,1,0,0,0.000000000,0.047311933,-0.181864574,0.145371344,-0.127622292,-0.015440261,0.124626914,0.275683736,12.121575787,0.031122967,-130.918184623,-0.108576577,142.886373742,44.834181255,-0.020326013,0.000036961,0.020041087,-0.001388416,-0.002361387,-0.000067280,-0.000449550,0.680735139,-0.000095966,-0.673892419,-0.000083336,0.234615269,0.000254376,-0.165602758,-0.018939171,0.000002670,0.018748795,0.000002319,-0.006527382,-0.000007077,0.004607341,1.361470278,-0.000191932,-1.347784837,-0.000166672,0.469230538,0.000508753,-0.331205515,-0.134935690,-0.021659180,0.435452914,-0.009070285,0.420196231,0.333049854,0.051666556
1.901000000,0,1.901000000,sample,0.216532928,-0.000006564,0.216030123,0.216036738,0.000006615,6.615245752,0.000041345,1,1,2.000000000,0.080000000,2.000000000,-0.023196693,0.011598346,-0.011598346,0.048947285,0.048947285,-0.048947285,0.031054675,0.019587739,0.592122792,5,40.015299301,1,46.340034515,0.239143085,0.177621461,0.284083531,0.178871419,2.147188784,0.755359239,0.578079654,0.260383590,0.465430095,2.000000000,2.053446821,2.000000000,0.000000000,0.000000000,0.000000000,1.000000000,1.046513022,0.699839072,0.688782060,-0.281017989,1.214840800,0.975380997,0.841259142,1,0,0,0.000000000,0.044960879,-0.186354728,0.142968003,-0.127104769,-0.015112816,0.123147733,0.280015364,12.121510153,0.027404455,-130.917914710,-0.108146758,142.886365546,44.833054887,-0.009639094,0.000897603,0.011666661,-0.000015168,0.012390743,-0.000278972,0.000492074,0.680735151,-0.000086616,-0.673893102,-0.000083005,0.234613998,0.000253368,-0.165601735,-0.007895402,0.000001005,0.007816046,0.000000963,-0.002721134,-0.000002939,0.001920706,1.361470301,-0.000173231,-1.347786205,-0.000166011,0.469227996,0.000506736,-0.331203470,-0.142985423,-0.014450407,0.405959472,-0.002989040,0.418670234,0.333293061,0.050852973
1.951000000,0,1.951000000,sample,0.216533272,0.000006895,0.216030286,0.216037268,0.000006982,6.981687539,0.000043636,1,1,2.000000000,0.080000000,2.000000000,0.016174491,0.008087246,0.008087246,0.042704488,0.042704488,-0.042704488,0.031054012,0.008741253,0.925181484,3,36.630679902,1,46.340000743,0.268349882,0.175470652,0.305580845,0.177102116,0.433530025,0.154859219,0.529420129,0.174527573,0.399814916,2.000000000,2.039572839,2.000000000,0.000000000,0.000000000,0.000000000,1.000000000,1.037170840,0.675825418,0.708231652,-0.287470331,1.110621438,0.877392373,0.762090714,1,0,0,0.000000000,0.048218683,-0.219660932,0.146409333,-0.127398943,-0.015632141,0.119645707,0.283078259,12.121661520,0.027877841,-130.918201457,-0.107817518,142.886290358,44.832814891,0.004382771,0.000091214,-0.005290494,-0.000303338,0.004735417,-0.000148355,-0.002581665,0.680734902,-0.000087742,-0.673892045,-0.000082754,0.234616436,0.000252600,-0.165603606,0.005505270,-0.000000710,-0.005449931,-0.000000669,0.001897401,0.000002043,-0.001339277,1.361469805,-0.000175485,-1.347784089,-0.000165507,0.469232871,0.000505199,-0.331207213,-0.104142130,-0.030035091,0.452571482,-0.004176277,0.413329486,0.333817152,0.052257439
2.001000000,0,2.001000000,sample,0.216533569,0.000005929,0.216033961,0.216034186,0.000000225,0.224675528,0.000001404,0,0,2.000000000,0.080000000,0.000000000,0.000000000,0.029295831,0.000000000,0.047563365,0.047563365,-0.047563365,0.030223782,0.030179105,0.970732274,1,57.640616183,0,0.000000000,0.286015868,0.171632074,0.302879397,0.175176470,1.675667415,0.541292231,0.652576508,0.087810465,0.506026471,0.000000000,0.506113988,2.000000000,0.000000000,0.000000000,0.000000000,1.000000000,0.956470928,0.759049147,0.681718561,0.000000000,1.079883922,0.885423540,0.756607291,1,0,0,0.000000000,0.049785933,-0.238775712,0.149374018,-0.125368015,-0.015789123,0.116151338,0.295340611,12.121864999,0.018136640,-130.918420188,-0.107794937,142.886547925,44.832040625,0.022912404,0.000274796,-0.019065186,-0.000762042,0.000354673,0.000252312,-0.004633910,0.000000000,0.000000000,0.000000000,0.000000000,0.000000000,0.000000000,0.000000000,0.019942673,-0.000001858,-0.019742177,-0.000002424,0.006873423,0.000007399,-0.004851595,0.000000000,0.000000000,0.000000000,0.000000000,0.000000000,0.000000000,0.000000000,-0.300418697,-0.042845076,0.273814599,0.014693117,0.424815093,0.338267152,0.050697640
2.051000000,0,2.051000000,sample,0.216533504,-0.000001293,0.216038641,0.216029440,0.000009201,9.200769606,0.000057505,1,1,2.000000000,0.080000000,2.000000000,-0.029562724,0.014781362,-0.014781362,0.044117362,0.044117362,-0.044117362,0.025044240,0.017304516,0.854191023,3,55.431765254,1,46.339566482,0.280678266,0.170241439,0.293548421,0.174493559,1.908967613,0.326417458,0.529037360,0.151524327,0.416213608,2.000000000,2.042857695,2.000000000,0.000000000,0.000000000,0.000000000,1.000000000,0.881872127,0.787035635,0.698634180,0.293741884,1.076133866,0.838072734,0.724174594,1,0,0,0.000000000,0.052640958,-0.227232491,0.156123712,-0.122450102,-0.016704724,0.117085748,0.308318110,12.122567285,0.004569525,-130.918397342,-0.107896070,142.886291611,44.832767077,0.010661582,0.000888918,-0.012883647,-0.000847558,-0.002478286,0.000014532,0.003483956,-0.680731713,0.000029606,0.673886840,0.000082820,-0.234632556,-0.000252801,0.165615077,0.010062142,-0.000000438,-0.009960965,-0.000001224,0.003468189,0.000003737,-0.002448016,-1.361463426,0.000059212,1.347773680,0.000165639,-0.469265112,-0.000505602,0.331230155,-0.344284122,-0.078292634,0.228383437,0.025409024,0.438979973,0.339485916,0.051669209
2.101000000,0,2.101000000,sample,0.216533649,0.000002898,0.216037746,0.216030614,0.000007132,7.132283692,0.000044577,1,1,2.000000000,0.080000000,2.000000000,0.020662616,0.010331308,0.010331308,0.043347081,0.043347081,-0.043347081,0.031042501,0.011171493,0.924792061,1,69.093495059,1,46.339644238,0.291462247,0.169040794,0.292525221,0.175129232,2.269024852,0.392224849,0.555691181,0.194018312,0.464512032,2.000000000,2.053237028,2.000000000,0.000000000,0.000000000,0.000000000,1.000000000,0.872799677,0.753916785,0.677933029,0.264201458,1.033883122,0.860804133,0.732704787,1,0,0,0.000000000,0.053320743,-0.240501388,0.155776193,-0.122768752,-0.016714926,0.114992325,0.306591352,12.122444422,0.007640368,-130.918512359,-0.108439747,142.886278221,44.832383700,-0.009286024,0.000875085,0.005606304,-0.001448134,0.000416252,-0.000378432,0.001990483,-0.680732284,0.000037359,0.673887405,0.000083236,-0.234630339,-0.000254073,0.165613569,-0.007032855,0.000000386,0.006962138,0.000000860,-0.002424038,-0.000002625,0.001711005,-1.361464568,0.000074719,1.347774809,0.000166472,-0.469260679,-0.000508145,0.331227138,-0.303201931,-0.080908030,0.225739721,0.022493154,0.437728336,0.339748596,0.051147863
2.151000000,0,2.151000000,sample,0.216533355,-0.000005876,0.216036568,0.216031210,0.000005358,5.357878246,0.000033487,1,1,2.000000000,0.080000000,2.000000000,0.037576038,0.018788019,0.018788019,0.046116647,0.046116647,-0.046116647,0.028636680,0.020668840,0.909002114,1,60.207881634,1,46.339585920,0.278869996,0.171891364,0.297695651,0.175265330,3.020861751,0.900288451,0.450590645,0.261304307,0.463387409,2.000000000,2.052985317,2.000000000,0.000000000,0.000000000,0.000000000,1.000000000,0.908527189,0.826027118,0.709239813,0.254806463,1.097549389,0.924123113,0.770869022,1,0,0,0.000000000,0.051074133,-0.226562091,0.154368154,-0.123593472,-0.016432370,0.118326971,0.302441715,12.122483668,0.010113716,-130.918265057,-0.107930607,142.886353089,44.833580600,-0.016037725,-0.000122242,0.009829248,-0.000450599,0.000702483,-0.000107073,0.008523805,-0.680731856,0.000043445,0.673887364,0.000082846,-0.234631308,-0.000252880,0.165614122,-0.012789603,0.000000816,0.012661009,0.000001557,-0.004408258,-0.000004751,0.003111561,-1.361463711,0.000086889,1.347774729,0.000165691,-0.469262616,-0.000505761,0.331228244,-0.412902540,-0.081967369,0.103583975,0.023609899,0.443348415,0.340020133,0.048532255
2.201000000,0,2.201000000,sample,0.216533952,0.000011935,0.216033015,0.216035930,0.000002915,2.915016359,0.000018219,1,1,2.000000000,0.080000000,2.000000000,-0.061250256,0.030625128,-0.030625128,0.039546449,0.039546449,-0.039546449,0.030266380,0.031757375,0.964346971,3,56.227833015,1,46.339624650,0.265231542,0.176226428,0.278952145,0.177220357,2.143208104,0.283505552,0.622884175,0.180913917,0.462858933,2.000000000,2.052888965,2.000000000,0.000000000,0.000000000,0.000000000,1.000000000,0.882198728,0.701795005,0.662675217,-0.260651512,1.011935148,0.801604069,0.695378116,1,0,0,0.000000000,0.054221223,-0.206564282,0.157286450,-0.125910713,-0.016752626,0.122153984,0.287778362,12.122485191,0.022089113,-130.918734909,-0.108252104,142.886513121,44.834709740,-0.020916380,-0.000058505,0.023813337,-0.000612109,-0.000156148,0.000466100,0.001827875,0.680732140,-0.000073378,-0.673886589,-0.000083093,0.234632149,0.000253634,-0.165614906,-0.020847509,0.000002247,0.020637863,0.000002545,-0.007185640,-0.000007768,0.005071978,1.361464280,-0.000146756,-1.347773177,-0.000166186,0.469264298,0.000507268,-0.331229813,-0.235301632,-0.075454284,0.284458100,0.017534059,0.424921894,0.337071355,0.051755845
2.251000000,0,2.251000000,sample,0.216533580,-0.000007445,0.216031340,0.216036831,0.000005491,5.491159987,0.000034320,1,1,2.000000000,0.080000000,2.000000000,0.012299185,0.006149592,0.006149592,0.037778461,0.037778461,-0.037778461,0.026161558,0.006482730,0.948611504,3,39.721233083,1,46.339867284,0.244929902,0.178133354,0.265274503,0.178343806,1.126382929,0.121562684,0.449655454,0.160610491,0.321542082,2.000000000,2.025682630,2.000000000,0.000000000,0.000000000,0.000000000,1.000000000,0.968347266,0.738484683,0.676389586,-0.301559418,0.984237477,0.829019760,0.713395080,1,0,0,0.000000000,0.049969054,-0.186939485,0.150157850,-0.127118629,-0.015908729,0.123770991,0.281820001,12.121934141,0.025679480,-130.918433684,-0.107512520,142.886511972,44.833288805,0.003673197,-0.001205240,-0.004085727,0.000798664,0.002465451,-0.000010161,-0.001916047,0.680733922,-0.000082208,-0.673889967,-0.000082522,0.234622288,0.000251890,-0.165607805,0.004186236,-0.000000506,-0.004144149,-0.000000507,0.001442831,0.000001549,-0.001018420,1.361467844,-0.000164416,-1.347779933,-0.000165043,0.469244576,0.000503781,-0.331215610,-0.284048430,-0.033764192,0.293022100,0.003591185,0.418268296,0.334562491,0.054074628
2.301000000,0,2.301000000,sample,0.216533687,0.000002146,0.216033809,0.216034599,0.000000790,0.790422538,0.000004940,0,0,2.000000000,0.080000000,0.000000000,0.000000000,0.030095118,0.000000000,0.043259641,0.043259641,-0.043259641,0.028064961,0.031507676,0.955167814,3,52.771708245,0,0.000000000,0.248586970,0.176182181,0.248586970,0.179486402,1.454824661,0.306630800,0.474049320,0.126178791,0.374671986,0.000000000,0.374826647,2.000000000,0.000000000,0.000000000,0.000000000,1.000000000,1.005311370,0.834937153,0.714732839,0.000000000,1.015562183,0.834937153,0.714732839,1,0,0,0.000000000,0.051953950,-0.188686902,0.153275966,-0.125603392,-0.016363952,0.122458849,0.289094343,12.122182106,0.018931561,-130.918528096,-0.107672793,142.886391889,44.832780768,0.021598273,0.001206447,-0.022888480,0.000068308,-0.000630896,-0.000119704,-0.000702308,0.000000000,0.000000000,0.000000000,0.000000000,0.000000000,0.000000000,0.000000000,0.020486746,-0.000001968,-0.020280759,-0.000002487,0.007061103,0.000007592,-0.004984071,0.000000000,0.000000000,0.000000000,0.000000000,0.000000000,0.000000000,0.000000000,-0.412051926,-0.020628000,0.218608324,-0.003998875,0.425209956,0.330977877,0.049752141
2.351000000,0,2.351000000,sample,0.216533549,-0.000002772,0.216038312,0.216029826,0.000008486,8.485505099,0.000053034,1,1,2.000000000,0.080000000,2.000000000,-0.053887994,0.026943997,-0.026943997,0.044060359,0.044060359,-0.044060359,0.029731450,0.028966700,0.930171420,3,50.252902169,1,46.339824410,0.256197393,0.172804607,0.256197393,0.178089789,1.305341299,0.381587809,0.513229940,0.110151745,0.403767554,2.000000000,2.040373402,2.000000000,0.000000000,0.000000000,0.000000000,1.000000000,1.003418012,0.861759500,0.721880011,0.313673632,1.024769494,0.877257647,0.733909208,1,0,0,0.000000000,0.051351830,-0.199883131,0.151811815,-0.122945551,-0.016267532,0.120337821,0.304320138,12.122072349,0.005520238,-130.918433686,-0.107410339,142.886270142,44.832563106,0.020212078,0.000899881,-0.020534286,-0.000747903,-0.002708570,-0.000410266,0.000104581,-0.680733607,0.000031895,0.673889554,0.000082444,-0.234623676,-0.000251654,0.165608831,0.018341684,-0.000000859,-0.018157278,-0.000002221,0.006321700,0.000006781,-0.004462164,-1.361467215,0.000063790,1.347779107,0.000164887,-0.469247351,-0.000503307,0.331217663,-0.426781473,-0.026966479,0.176062899,-0.000329076,0.441275566,0.331835094,0.049032908
2.401000000,0,2.401000000,sample,0.216533216,-0.000006647,0.216039361,0.216028120,0.000011241,11.240895622,0.000070256,1,1,2.000000000,0.080000000,2.000000000,-0.043570240,0.021785120,-0.021785120,0.047708686,0.047708686,-0.047708686,0.035057280,0.027450339,0.793619336,1,50.049649454,1,46.339779274,0.290534571,0.168386743,0.301296925,0.176619055,1.119267361,0.408072242,0.591208609,0.115670163,0.382120359,2.000000000,2.036192126,2.000000000,0.000000000,0.000000000,0.000000000,1.000000000,1.009584137,0.883055249,0.738452937,0.288638081,1.013389044,0.883055249,0.741689748,1,0,0,0.000000000,0.049251556,-0.243854206,0.150065811,-0.121918987,-0.015962562,0.115043698,0.313197186,12.122086404,0.001606110,-130.918165439,-0.107752730,142.886319941,44.832592956,0.019419956,-0.001160874,-0.016664559,0.000350950,-0.005659576,0.000093538,0.008072706,-0.680733276,0.000022187,0.673889715,0.000082707,-0.234624073,-0.000252456,0.165608974,0.014829856,-0.000000483,-0.014680768,-0.000001802,0.005111314,0.000005500,-0.003607811,-1.361466552,0.000044374,1.347779430,0.000165413,-0.469248145,-0.000504912,0.331217949,-0.467630310,-0.038982136,0.099555150,0.000700927,0.447919000,0.334667110,0.050693221
2.451000000,0,2.451000000,sample,0.216533909,0.000013853,0.216038684,0.216030192,0.000008491,8.491443132,0.000053072,1,1,2.000000000,0.080000000,2.000000000,-0.003179634,0.001589817,-0.001589817,0.045354777,0.045354777,-0.045354777,0.031101802,0.003169974,0.501523655,5,29.745059612,1,46.339519989,0.286630122,0.170635366,0.293806515,0.177015970,0.842355227,0.170813554,0.582445007,0.128912398,0.441473828,2.000000000,2.048145379,2.000000000,0.000000000,0.000000000,0.000000000,1.000000000,0.962930332,0.900201420,0.763257467,0.289614342,1.027156317,0.900632234,0.764780716,1,0,0,0.000000000,0.054533840,-0.232309024,0.158793591,-0.122432722,-0.016851970,0.117654867,0.307768925,12.122676602,0.005658505,-130.918705265,-0.108298257,142.886559285,44.834173237,0.001101874,0.000621202,-0.001494232,-0.000927370,-0.001728873,0.000545365,-0.001438593,-0.680731371,0.000032391,0.673885510,0.000083129,-0.234635721,-0.000253746,0.165617405,0.001082238,-0.000000051,-0.001071355,-0.000000132,0.000373028,0.000000403,-0.000263301,-1.361462743,0.000064783,1.347771021,0.000166259,-0.469271443,-0.000507492,0.331234810,-0.500655718,-0.074461088,0.068784729,0.018981662,0.452093510,0.337900190,0.052006112
2.502000000,0,2.502000000,sample,0.216534016,0.000002096,0.216035933,0.216033180,0.000002753,2.753358575,0.000017208,1,1,2.000000000,0.080000000,2.000000000,0.045684869,0.022842435,0.022842435,0.040233059,0.040233059,-0.040233059,0.030135261,0.023740048,0.962189898,1,61.811009905,1,46.339466966,0.250595633,0.177099227,0.281601074,0.180533958,2.008735456,0.415860378,0.465756623,0.209653436,0.436496621,2.000000000,2.047094540,2.000000000,0.000000000,0.000000000,0.000000000,1.000000000,0.886514157,0.797209587,0.695780207,0.272477940,1.100603273,0.886674819,0.751812907,1,0,0,0.000000000,0.057134298,-0.182464470,0.161989382,-0.124316825,-0.017536341,0.124907725,0.293752472,12.122883450,0.013882347,-130.918812027,-0.108025833,142.886191466,44.835231621,-0.018664421,0.001208253,0.014463415,0.000064403,-0.000191114,-0.000438004,0.002084829,-0.680730982,0.000052865,0.673884762,0.000082921,-0.234637851,-0.000253112,0.165619031,-0.015549553,0.000001208,0.015393169,0.000001894,-0.005359700,-0.000005782,0.003783142,-1.361461964,0.000105731,1.347769523,0.000165842,-0.469275703,-0.000506223,0.331238062,-0.366626142,-0.081982449,0.174819650,0.034524100,0.439019269,0.340638624,0.049475575
2.551000000,0,2.551000000,sample,0.216533891,-0.000002544,0.216031345,0.216037457,0.000006112,6.112402646,0.000038203,1,1,2.000000000,0.080000000,2.000000000,-0.068265968,0.034132984,-0.034132984,0.038795767,0.038795767,-0.038795767,0.028709921,0.037333216,0.914279228,3,53.735357512,1,46.339780825,0.241686695,0.180278023,0.249488438,0.181202042,2.831163320,0.655320129,0.563793482,0.245605787,0.418666409,2.000000000,2.043379863,2.000000000,0.000000000,0.000000000,0.000000000,1.000000000,0.894841719,0.731229514,0.672365846,-0.280104845,1.042349317,0.835167632,0.709002594,1,0,0,0.000000000,0.052772957,-0.178588662,0.154057013,-0.126837689,-0.016401911,0.127056458,0.279929922,12.122168411,0.026708195,-130.918688477,-0.108321035,142.886499077,44.836335490,-0.024328836,-0.001033479,0.027366892,0.000648815,0.006222384,0.000244038,0.003558562,0.680733287,-0.000084913,-0.673888404,-0.000083144,0.234626454,0.000253789,-0.165610867,-0.023235459,0.000002898,0.023001822,0.000002838,-0.008008501,-0.000008663,0.005652793,1.361466574,-0.000169825,-1.347776808,-0.000166287,0.469252908,0.000507579,-0.331221735,-0.276627741,-0.068826619,0.271681734,0.020692137,0.424413861,0.337474255,0.050603285
2.601000000,0,2.601000000,sample,0.216533575,-0.000006318,0.216031056,0.216037126,0.000006069,6.069123607,0.000037932,1,1,2.000000000,0.080000000,2.000000000,0.011675229,0.005837614,0.005837614,0.044807852,0.044807852,-0.044807852,0.029933808,0.007218951,0.808651402,1,71.904353092,1,46.339751958,0.240915735,0.180324225,0.246144824,0.180569771,2.476814970,0.093871878,0.568072932,0.161769532,0.406364503,2.000000000,2.040864202,2.000000000,0.000000000,0.000000000,0.000000000,1.000000000,0.955745998,0.755629028,0.685031755,-0.309265412,1.040340821,0.856797782,0.727204722,1,0,0,0.000000000,0.051068378,-0.179271682,0.152623969,-0.127423035,-0.016251313,0.126554696,0.280137140,12.122181890,0.026472839,-130.918437535,-0.107272698,142.886418059,44.834973284,0.006121413,-0.000068827,-0.001765046,0.000803040,0.002988732,-0.000424510,0.001328091,0.680733075,-0.000084148,-0.673888728,-0.000082339,0.234626293,0.000251333,-0.165610652,0.003973857,-0.000000491,-0.003933903,-0.000000481,0.001369658,0.000001467,-0.000966771,1.361466150,-0.000168297,-1.347777456,-0.000164678,0.469252586,0.000502667,-0.331221304,-0.312392208,-0.039299210,0.276824409,0.007712166,0.422254526,0.334732488,0.055670753
2.651000000,0,2.651000000,sample,0.216533588,0.000000257,0.216032462,0.216035697,0.000003235,3.235094203,0.000020219,1,1,2.000000000,0.080000000,2.000000000,0.053332808,0.026666404,0.026666404,0.041674222,0.041674222,-0.041674222,0.030912399,0.028523239,0.934900994,1,67.753255001,1,46.340097792,0.276612611,0.174546345,0.276612611,0.179755886,3.979915928,0.605834861,0.673779257,0.085862769,0.495648300,2.000000000,2.060503794,2.000000000,0.000000000,0.000000000,0.000000000,1.000000000,1.004412635,0.833171836,0.715702784,-0.327278674,1.024749216,0.833171836,0.722483651,1,0,0,0.000000000,0.048797963,-0.229844457,0.145961711,-0.126297694,-0.015448314,0.119485014,0.289835833,12.121479746,0.022468415,-130.918438185,-0.107756635,142.886521364,44.834074625,0.023478152,-0.002317820,-0.015961342,0.000967733,-0.000840743,-0.000047903,-0.000754412,0.680735615,-0.000074235,-0.673892454,-0.000082706,0.234614242,0.000252454,-0.165602126,0.018152771,-0.000001980,-0.017970289,-0.000002205,0.006256318,0.000006732,-0.004416013,1.361471231,-0.000148470,-1.347784908,-0.000165412,0.469228484,0.000504907,-0.331204251,-0.419903651,-0.024180104,0.197273594,0.000021974,0.427633610,0.332633852,0.053796533
2.701000000,0,2.701000000,sample,0.216533328,-0.000005210,0.216031196,0.216036470,0.000005274,5.274410067,0.000032965,1,1,2.000000000,0.080000000,2.000000000,0.037323544,0.018661772,0.018661772,0.052383396,0.052383396,-0.052383396,0.035666607,0.020037448,0.931344718,1,74.516674479,1,46.339927949,0.286336961,0.175183241,0.294062099,0.177312651,4.507246406,0.218614432,0.773219343,0.140473901,0.557972333,2.000000000,2.076375728,2.000000000,0.000000000,0.000000000,0.000000000,1.000000000,1.110197756,0.911865051,0.763514450,-0.329551695,1.110197756,0.915039281,0.769694413,1,0,0,0.000000000,0.048410994,-0.240594353,0.147511317,-0.126849410,-0.015628592,0.119808774,0.287909557,12.121781655,0.025425244,-130.918233496,-0.107863713,142.886439833,44.835448355,0.017296935,0.000281620,-0.008891658,0.000084702,0.004653034,0.000327487,0.001187157,0.680734368,-0.000081632,-0.673891138,-0.000082790,0.234619217,0.000252710,-0.165605556,0.012703709,-0.000001523,-0.012576003,-0.000001545,0.004378410,0.000004716,-0.003090493,1.361468736,-0.000163264,-1.347782276,-0.000165580,0.469238434,0.000505420,-0.331211112,-0.526144310,-0.002131844,0.094128660,-0.009177083,0.428395600,0.333150720,0.051626740
2.751000000,0,2.751000000,sample,0.216533424,0.000001928,0.216028421,0.216039437,0.000011016,11.016406222,0.000068853,1,1,2.000000000,0.080000000,2.000000000,0.035389126,0.017694563,0.017694563,0.044068861,0.044068861,-0.044068861,0.031536366,0.018835877,0.939407418,1,55.321653118,1,46.339915792,0.280770239,0.176758053,0.298283524,0.179340089,0.835188684,0.381446420,0.600717735,0.106265377,0.454997637,2.000000000,2.051112099,2.000000000,0.000000000,0.000000000,0.000000000,1.000000000,0.970934483,0.795302955,0.705321733,-0.341164489,1.138172855,0.964470282,0.813088705,1,0,0,0.000000000,0.049507073,-0.232936289,0.148733528,-0.128419862,-0.015845672,0.120418699,0.278398147,12.121838377,0.033748718,-130.918324484,-0.108158831,142.886379621,44.834920500,0.014009848,0.000773914,-0.012277799,-0.000331276,-0.001836326,-0.000281868,-0.001899963,0.680734278,-0.000102448,-0.673890801,-0.000083017,0.234620005,0.000253403,-0.165606166,0.012045296,-0.000001813,-0.011924203,-0.000001469,0.004151498,0.000004484,-0.002930329,1.361468557,-0.000204897,-1.347781602,-0.000166034,0.469240010,0.000506806,-0.331212333,-0.381039948,-0.036332466,0.253228533,0.004226857,0.414164319,0.335747898,0.050655368
2.801000000,0,2.801000000,sample,0.216532978,-0.000008915,0.216029101,0.216037877,0.000008775,8.775491787,0.000054847,1,1,2.000000000,0.080000000,2.000000000,-0.037903548,0.018951774,-0.018951774,0.053009512,0.053009512,-0.053009512,0.037256876,0.027798140,0.681764094,3,59.937368514,1,46.339916531,0.267960834,0.176627960,0.299863530,0.178014365,6.333769719,1.073038046,0.834816832,0.180910503,0.735447920,2.000000000,2.130954308,2.000000000,0.000000000,0.000000000,0.000000000,1.000000000,0.986597142,0.742531342,0.673092999,-0.295547732,1.103511327,0.866041631,0.755872477,1,0,0,0.000000000,0.046471179,-0.220034040,0.145699894,-0.127574486,-0.015462646,0.121173816,0.280367063,12.121763107,0.030569329,-130.917962132,-0.108459132,142.886319186,44.834776203,-0.011446695,0.001820760,0.021521106,-0.000223332,0.005881708,-0.000117740,-0.011856576,0.680734284,-0.000094566,-0.673891718,-0.000083247,0.234618313,0.000254105,-0.165604811,-0.012901122,0.000001792,0.012771444,0.000001578,-0.004446433,-0.000004816,0.003138505,1.361468568,-0.000189132,-1.347783437,-0.000166494,0.469236625,0.000508209,-0.331209623,-0.267280628,-0.027379264,0.302105958,0.009196031,0.418223911,0.334866763,0.049659455
2.851000000,0,2.851000000,sample,0.216533702,0.000014485,0.216030125,0.216038273,0.000008147,8.147385350,0.000050921,1,1,2.000000000,0.080000000,2.000000000,-0.039518003,0.019759001,-0.019759001,0.048675401,0.048675401,-0.048675401,0.032603278,0.020882507,0.946198723,3,56.802802320,1,46.339965265,0.243705285,0.179825987,0.300959720,0.180379944,1.703562295,0.234566627,0.568770813,0.178268291,0.440069568,2.000000000,2.047855503,2.000000000,0.000000000,0.000000000,0.000000000,1.000000000,1.033824579,0.652069746,0.735612653,-0.276869145,1.091344445,0.954170791,0.827426259,1,0,0,0.000000000,0.050078179,-0.186149445,0.149106760,-0.127557890,-0.015787007,0.125766215,0.277683887,12.121755719,0.029612010,-130.918533388,-0.108147248,142.886552858,44.835500222,-0.013660062,0.000536029,0.015738651,-0.000706339,0.000908621,-0.000016405,0.000405644,0.680734642,-0.000092125,-0.673890777,-0.000083008,0.234619319,0.000253374,-0.165605748,-0.013450637,0.000001820,0.013315409,0.000001640,-0.004635843,-0.000005006,0.003272204,1.361469284,-0.000184250,-1.347781554,-0.000166015,0.469238638,0.000506748,-0.331211496,-0.039774924,-0.054890072,0.501416819,0.004593858,0.411733078,0.335977277,0.051828780
2.901000000,0,2.901000000,sample,0.216533782,0.000001590,0.216030257,0.216038286,0.000008029,8.028907086,0.000050181,1,1,2.000000000,0.080000000,2.000000000,-0.002421247,0.001210623,-0.001210623,0.046318035,0.046318035,-0.046318035,0.030833461,0.005978475,0.202496991,7,60.256388307,1,46.340107809,0.239739553,0.179761716,0.286925337,0.180692860,1.579918224,0.520766808,0.549434260,0.113923929,0.439944892,2.000000000,2.047817070,2.000000000,0.000000000,0.000000000,0.000000000,1.000000000,1.020806500,0.665572094,0.732303064,-0.284695683,1.031760189,0.945671105,0.808580807,1,0,0,0.000000000,0.050230801,-0.182225742,0.147464229,-0.127533680,-0.015707346,0.125708847,0.277441267,12.121511651,0.029437985,-130.918604840,-0.108129300,142.886460329,44.835015743,0.000272901,-0.000748087,0.002485204,-0.001737728,-0.002090222,0.000078456,-0.004640791,0.680735689,-0.000091686,-0.673892169,-0.000082992,0.234614598,0.000253328,-0.165602467,-0.000824114,0.000000111,0.000815830,0.000000100,-0.000284030,-0.000000307,0.000200482,1.361471378,-0.000183373,-1.347784339,-0.000165985,0.469229195,0.000506655,-0.331204934,-0.063381050,-0.052556874,0.490938677,0.000988977,0.416306486,0.335467790,0.051155691
2.951000000,0,2.951000000,sample,0.216533682,-0.000002003,0.216032934,0.216035433,0.000002500,2.499531042,0.000015622,1,1,2.000000000,0.080000000,2.000000000,0.038507913,0.019253957,0.019253957,0.042721513,0.042721513,-0.042721513,0.034090020,0.020551715,0.936854011,1,61.792388911,1,46.339938349,0.255810011,0.176522692,0.280326456,0.179459307,2.098443465,0.657997408,0.582128108,0.085495198,0.447962984,2.000000000,2.049558438,2.000000000,0.000000000,0.000000000,0.000000000,1.000000000,0.965130076,0.762032643,0.681759941,-0.294653917,1.060942620,0.889876148,0.736604873,1,0,0,0.000000000,0.050291832,-0.201352128,0.149555387,-0.126117379,-0.015852354,0.122488245,0.287879145,12.121812318,0.021395571,-130.918514217,-0.107678637,142.886521615,44.834009481,0.016155320,-0.000621323,-0.011610963,0.000171165,-0.001577625,0.000458153,-0.004842522,0.680734444,-0.000071547,-0.673890535,-0.000082648,0.234620172,0.000252277,-0.165606348,0.013106831,-0.000001378,-0.012975059,-0.000001591,0.004517367,0.000004857,-0.003188577,1.361468888,-0.000143095,-1.347781070,-0.000165297,0.469240345,0.000504555,-0.331212696,-0.300162997,-0.037701800,0.270576177,0.007977295,0.428405137,0.337320114,0.051830893
3.001000000,0,3.001000000,sample,0.216533813,0.000002632,0.216038787,0.216029884,0.000008904,8.903694401,0.000055648,1,1,2.000000000,0.080000000,2.000000000,-0.055306790,0.027653395,-0.027653395,0.042518694,0.042518694,-0.042518694,0.025198602,0.028304150,0.977008485,1,56.313774669,1,46.339661457,0.263879840,0.172889562,0.273962128,0.176479616,1.311944984,0.103590742,0.583872065,0.139450396,0.423582796,2.000000000,2.044385105,2.000000000,0.000000000,0.000000000,0.000000000,1.000000000,0.895079747,0.829175348,0.721633429,0.295418067,1.002231096,0.870749522,0.740848300,1,0,0,0.000000000,0.053076603,-0.206327609,0.155706012,-0.122724321,-0.016534447,0.120648886,0.305636451,12.122389476,0.004944067,-130.918631744,-0.107569570,142.886515335,44.833754362,0.021240143,-0.000390003,-0.018345971,-0.000702833,0.003570023,-0.000118453,0.000037741,-0.680732410,0.000030485,0.673887236,0.000082568,-0.234630414,-0.000252033,0.165613634,0.018824562,-0.000000843,-0.018635270,-0.000002283,0.006488328,0.000006970,-0.004579779,-1.361464821,0.000060970,1.347774473,0.000165137,-0.469260828,-0.000504066,0.331227268,-0.426222940,-0.083546297,0.147880847,0.020806902,0.438918943,0.338237537,0.052466041
3.051000000,0,3.051000000,sample,0.216533378,-0.000008717,0.216037821,0.216029989,0.000007832,7.832142681,0.000048951,1,1,2.000000000,0.080000000,2.000000000,0.021754596,0.010877298,0.010877298,0.045261227,0.045261227,-0.045261227,0.031563817,0.012566065,0.865608928,1,73.733716296,1,46.339617009,0.274193503,0.171599828,0.279658257,0.177537893,3.436398558,0.676298797,0.459410567,0.230325300,0.454274329,2.000000000,2.050944020,2.000000000,0.000000000,0.000000000,0.000000000,1.000000000,0.900707161,0.747540142,0.674054059,0.263713337,0.998926572,0.859743375,0.733319867,1,0,0,0.000000000,0.050214863,-0.221720136,0.153299466,-0.122779698,-0.016172929,0.118785870,0.305645566,12.122389479,0.006567509,-130.918274352,-0.108047467,142.886521646,44.833869952,-0.010790271,0.000909051,0.004288336,-0.000754139,0.000527471,0.000144651,0.004625144,-0.680732084,0.000034616,0.673887637,0.000082935,-0.234630357,-0.000253152,0.165613422,-0.007404526,0.000000377,0.007330077,0.000000902,-0.002552144,-0.000002754,0.001801427,-1.361464168,0.000069232,1.347775275,0.000165870,-0.469260713,-0.000506305,0.331226844,-0.277077243,-0.067217347,0.252035624,0.009859998,0.438308205,0.338946707,0.049404217
3.101000000,0,3.101000000,sample,0.216533356,-0.000000427,0.216036038,0.216031735,0.000004304,4.303820083,0.000026899,1,1,2.000000000,0.080000000,2.000000000,0.048413923,0.024206962,0.024206962,0.040703037,0.040703037,-0.040703037,0.028438772,0.026963418,0.897770505,1,81.784716336,1,46.339635432,0.263749463,0.174333377,0.278973813,0.177900856,6.581521046,0.902819607,0.347646597,0.265784872,0.513642841,2.000000000,2.064910770,2.000000000,0.000000000,0.000000000,0.000000000,1.000000000,0.872664519,0.671208661,0.680710003,0.244210224,1.136594402,0.886338660,0.743159096,1,0,0,0.000000000,0.050748667,-0.208374624,0.153519928,-0.123888930,-0.016350776,0.121557853,0.298886550,12.122389296,0.011638982,-130.918265605,-0.107968127,142.886337906,44.834777700,-0.024384341,-0.000172358,0.011357145,-0.000727502,0.001104455,0.000062087,0.001289356,-0.680732219,0.000047256,0.673887905,0.000082874,-0.234629566,-0.000252966,0.165612896,-0.016478459,0.000001144,0.016312779,0.000002006,-0.005679669,-0.000006124,0.004008985,-1.361464438,0.000094512,1.347775809,0.000165748,-0.469259133,-0.000505933,0.331225791,-0.141784686,-0.095481387,0.357561181,0.023766741,0.433663107,0.339097279,0.051778421
3.151000000,0,3.151000000,sample,0.216533575,0.000004373,0.216036685,0.216031489,0.000005195,5.195397620,0.000032471,1,1,2.000000000,0.080000000,2.000000000,0.060187062,0.030093531,0.030093531,0.043959854,0.043959854,-0.043959854,0.030093531,0.031182892,0.965065433,3,50.309463995,1,46.339855499,0.252637463,0.175123180,0.275506525,0.178000470,1.433317484,0.487098827,0.560166738,0.220002231,0.427485571,2.000000000,2.045198273,2.000000000,0.000000000,0.000000000,0.000000000,1.000000000,0.921466898,0.725814248,0.653866543,0.236293510,0.963245050,0.820938942,0.725014197,1,0,0,0.000000000,0.050413488,-0.196434128,0.150657896,-0.123466233,-0.015994971,0.123159970,0.298926210,12.121974576,0.010399043,-130.918436615,-0.108239513,142.886444861,44.835424504,-0.020513362,-0.000280996,0.022117765,0.000087950,0.000321755,-0.000769352,0.007848381,-0.680733836,0.000044207,0.673889844,0.000083080,-0.234622689,-0.000253594,0.165608101,-0.020485685,0.000001330,0.020279725,0.000002500,-0.007060625,-0.000007632,0.004983733,-1.361467671,0.000088414,1.347779689,0.000166159,-0.469245379,-0.000507189,0.331216203,-0.245635221,-0.055979810,0.241953936,0.018998707,0.435792734,0.335711811,0.050504160
3.201000000,0,3.201000000,sample,0.216533796,0.000004431,0.216035932,0.216032686,0.000003246,3.245663545,0.000020285,1,1,2.000000000,0.080000000,2.000000000,0.048373230,0.024186615,0.024186615,0.044747158,0.044747158,-0.044747158,0.034689783,0.025054069,0.965376703,3,50.642930681,1,46.339858056,0.238947635,0.177932949,0.277780449,0.178864880,0.904013990,0.313584748,0.495394967,0.197645203,0.378266741,2.000000000,2.035467784,2.000000000,0.000000000,0.000000000,0.000000000,1.000000000,1.016147025,0.673475898,0.693941183,0.233464269,1.051503583,0.882422973,0.746122696,1,0,0,0.000000000,0.052318076,-0.176302304,0.152565687,-0.124163337,-0.016325151,0.126400512,0.293826524,12.122032210,0.013176253,-130.918621464,-0.108043922,142.886357292,44.836124043,-0.017218403,-0.001061031,0.017829439,-0.000490490,0.000476314,0.000468900,0.003395729,-0.680733854,0.000051103,0.673889437,0.000082930,-0.234623385,-0.000253137,0.165608697,-0.016464648,0.000001236,0.016299104,0.000002006,-0.005674745,-0.000006123,0.004005514,-1.361467709,0.000102206,1.347778873,0.000165860,-0.469246769,-0.000506275,0.331217394,-0.069251065,-0.041515931,0.415438586,0.003707941,0.434282528,0.333606650,0.050372649
3.251000000,0,3.251000000,sample,0.216533893,0.000001934,0.216033379,0.216035403,0.000002025,2.024508817,0.000012653,1,1,2.000000000,0.080000000,2.000000000,-0.065493280,0.032746640,-0.032746640,0.042808740,0.042808740,-0.042808740,0.032549494,0.034265652,0.955669535,3,62.486978410,1,46.340066999,0.237731434,0.178490361,0.260165813,0.181040075,4.576461157,0.461166347,0.596494676,0.170913209,0.421765973,2.000000000,2.044004588,2.000000000,0.000000000,0.000000000,0.000000000,1.000000000,1.000822674,0.676609291,0.670028639,-0.240740115,1.037856740,0.869812521,0.755056783,1,0,0,0.000000000,0.051933390,-0.177321500,0.149586908,-0.125438392,-0.016067794,0.125959696,0.285944215,12.121647015,0.020864906,-130.918701202,-0.108612543,142.886317776,44.835772921,-0.020691983,-0.002827911,0.027086555,0.000933332,-0.000491752,0.000264773,0.001765003,0.680735389,-0.000070380,-0.673891520,-0.000083364,0.234616392,0.000254462,-0.165603806,-0.022291797,0.000002305,0.022067683,0.000002730,-0.007682899,-0.000008333,0.005422968,1.361470778,-0.000140760,-1.347783041,-0.000166728,0.469232785,0.000508925,-0.331207612,-0.124376999,-0.034048624,0.367830430,-0.000723240,0.428448144,0.332590599,0.053154147
3.301000000,0,3.301000000,sample,0.216533582,-0.000006214,0.216031637,0.216036533,0.000004896,4.896456813,0.000030603,1,1,2.000000000,0.080000000,2.000000000,0.021828913,0.010914456,0.010914456,0.039912073,0.039912073,-0.039912073,0.029608340,0.011296011,0.966222205,3,65.903711533,1,46.339931366,0.259664655,0.177212751,0.269308419,0.181020668,2.158126505,0.177399304,0.420311393,0.168298490,0.325939800,2.000000000,2.026387530,2.000000000,0.000000000,0.000000000,0.000000000,1.000000000,1.043805276,0.719786976,0.673084303,-0.286732996,1.068021930,0.867422296,0.741260828,1,0,0,0.000000000,0.049783737,-0.206698109,0.149074493,-0.127013162,-0.015806618,0.122564948,0.284857487,12.121812334,0.024800083,-130.918436615,-0.107377641,142.886495056,44.834152757,0.005475666,-0.000537940,-0.009170226,0.000635038,0.002446022,0.000009423,-0.002616894,0.680734393,-0.000079990,-0.673890658,-0.000082417,0.234620049,0.000251572,-0.165606229,0.007429846,-0.000000873,-0.007355150,-0.000000900,0.002560750,0.000002746,-0.001807502,1.361468786,-0.000159981,-1.347781317,-0.000164835,0.469240098,0.000503144,-0.331212459,-0.205564659,-0.004237525,0.350767776,-0.011576955,0.417378893,0.332865802,0.050900408
3.351000000,0,3.351000000,sample,0.216533153,-0.000008580,0.216035890,0.216031458,0.000004432,4.432058483,0.000027700,1,1,2.000000000,0.080000000,2.000000000,-0.082545107,0.041272553,-0.041272553,0.041752868,0.041752868,-0.041752868,0.029796877,0.042586556,0.969145128,1,56.685415283,1,46.339690535,0.269198194,0.174182896,0.273518599,0.178206608,1.907133867,0.733362339,0.620456647,0.066040213,0.483108897,2.000000000,2.057542639,2.000000000,0.000000000,0.000000000,0.000000000,1.000000000,1.059753021,0.899176226,0.754395355,0.326815257,1.068442688,0.899176226,0.754395355,1,0,0,0.000000000,0.047682743,-0.218427234,0.149945214,-0.124276500,-0.015696642,0.121031601,0.300210969,12.122180609,0.011331778,-130.918081081,-0.107224185,142.886602046,44.834682094,0.032063298,0.001245365,-0.027280841,0.000966223,0.000138803,0.000434564,-0.006214722,-0.680732624,0.000046364,0.673888893,0.000082302,-0.234626954,-0.000251219,0.165610915,0.028095574,-0.000001914,-0.027813115,-0.000003397,0.009683654,0.000010368,-0.006835185,-1.361465248,0.000092727,1.347777786,0.000164604,-0.469253909,-0.000502439,0.331221829,-0.503323803,-0.019405688,0.115016000,0.000462335,0.434016642,0.333328889,0.051898283
3.401000000,0,3.401000000,sample,0.216533259,0.000002103,0.216037293,0.216030262,0.000007031,7.031344340,0.000043946,1,1,2.000000000,0.080000000,2.000000000,-0.000058257,0.000029129,-0.000029129,0.044070224,0.044070224,-0.044070224,0.029597172,0.008982395,0.003242867,7,85.494016672,1,46.339762929,0.250833464,0.174980148,0.266710193,0.180809477,0.966512822,0.422416123,0.505403185,0.189679878,0.416281526,2.000000000,2.042863592,2.000000000,0.000000000,0.000000000,0.000000000,1.000000000,0.961566140,0.822924549,0.708225297,0.302531219,1.045688415,0.898565692,0.755041600,1,0,0,0.000000000,0.048449942,-0.195218663,0.149865618,-0.123108763,-0.015793713,0.123340355,0.301587828,12.122084324,0.007696125,-130.918178127,-0.107892728,142.886495051,44.835346970,0.001136841,0.000075472,-0.001770719,-0.001215954,-0.002397958,-0.000204037,0.008305390,-0.680733156,0.000037405,0.673889465,0.000082814,-0.234624796,-0.000252784,0.165609457,0.000019829,-0.000000001,-0.000019630,-0.000000002,0.000006834,0.000000007,-0.000004824,-1.361466311,0.000074810,1.347778930,0.000165629,-0.469249592,-0.000505568,0.331218914,-0.391113142,-0.043641784,0.193952042,0.008473086,0.439893530,0.335615415,0.053626144
3.451000000,0,3.451000000,sample,0.216533520,0.000005238,0.216034641,0.216033425,0.000001216,1.216339993,0.000007602,1,1,2.000000000,0.080000000,2.000000000,0.051514893,0.025757447,0.025757447,0.037501571,0.037501571,-0.037501571,0.025757447,0.026589018,0.968725014,3,52.223743714,1,46.339855118,0.266047263,0.174986591,0.266047263,0.179465328,1.097899442,0.254025418,0.564653843,0.185970263,0.410241904,2.000000000,2.041653798,2.000000000,0.000000000,0.000000000,0.000000000,1.000000000,0.949372267,0.695012063,0.674741155,0.259466615,1.037669081,0.842471299,0.733170575,1,0,0,0.000000000,0.050331827,-0.213576736,0.150442119,-0.124844678,-0.016012814,0.121563578,0.294789400,12.121974723,0.016082688,-130.918392707,-0.107933196,142.886394113,44.835003552,-0.018176473,-0.000934102,0.019214819,-0.000282705,-0.000069057,-0.000124334,0.002531746,-0.680733833,0.000058336,0.673889962,0.000082845,-0.234622473,-0.000252877,0.165607938,-0.017533965,0.000001503,0.017357685,0.000002134,-0.006043276,-0.000006513,0.004265638,-1.361467666,0.000116671,1.347779924,0.000165689,-0.469244945,-0.000505754,0.331215876,-0.167423858,-0.052877899,0.353157181,0.007309601,0.429369521,0.335834735,0.050321223
3.501000000,0,3.501000000,sample,0.216533414,-0.000002121,0.216030976,0.216036866,0.000005890,5.889824197,0.000036811,1,1,2.000000000,0.080000000,2.000000000,-0.054507525,0.027253762,-0.027253762,0.045913852,0.045913852,-0.045913852,0.033990563,0.027900242,0.976828906,1,62.870803053,1,46.339900544,0.278976535,0.175962150,0.285027754,0.176446522,2.909959184,0.202417039,0.433623131,0.177022967,0.341701632,2.000000000,2.028992075,2.000000000,0.000000000,0.000000000,0.000000000,1.000000000,0.933235338,0.708404479,0.659368310,-0.262827360,0.968321011,0.841200092,0.719058054,1,0,0,0.000000000,0.049163320,-0.230898549,0.148649706,-0.126639626,-0.015768351,0.121146367,0.285889554,12.121852882,0.026426712,-130.918304672,-0.108557418,142.886438600,44.836299229,-0.022122412,0.000054407,0.016399885,0.000767850,-0.004350884,0.000058637,0.000734821,0.680734166,-0.000084248,-0.673890667,-0.000083323,0.234620492,0.000254337,-0.165606489,-0.018552567,0.000002296,0.018366056,0.000002271,-0.006394291,-0.000006932,0.004513400,1.361468333,-0.000168496,-1.347781334,-0.000166646,0.469240984,0.000508674,-0.331212978,-0.244754003,-0.052924606,0.276793614,0.014213857,0.422591739,0.337278368,0.053887098
3.551000000,0,3.551000000,sample,0.216533680,0.000005321,0.216034012,0.216034384,0.000000372,0.371880456,0.000002324,0,0,2.000000000,0.080000000,0.000000000,0.000000000,0.023768105,0.000000000,0.041789150,0.041789150,-0.041789150,0.027577549,0.024873043,0.955576873,1,56.334777932,0,0.000000000,0.285131115,0.173614423,0.294627451,0.176441183,0.839731664,0.346134815,0.610454144,0.104393547,0.448242882,0.000000000,0.448313369,2.000000000,0.000000000,0.000000000,0.000000000,1.000000000,0.933922545,0.744994623,0.673885276,0.000000000,0.988900082,0.858684344,0.727669435,1,0,0,0.000000000,0.052333089,-0.234701048,0.153220165,-0.125406359,-0.016402196,0.118937718,0.294681340,12.122168572,0.018347367,-130.918526562,-0.107788003,142.886339503,44.834367377,0.018668835,0.000032163,-0.016351401,-0.000604420,-0.000760350,0.000289224,-0.001321525,0.000000000,0.000000000,0.000000000,0.000000000,0.000000000,0.000000000,0.000000000,0.016179740,-0.000001520,-0.016017060,-0.000001966,0.005576609,0.000006002,-0.003936243,0.000000000,0.000000000,0.000000000,0.000000000,0.000000000,0.000000000,0.000000000,-0.301833327,-0.051135315,0.257236035,0.013472177,0.421643593,0.337016135,0.051847038
3.601000000,0,3.601000000,sample,0.216533501,-0.000003588,0.216038105,0.216029942,0.000008163,8.163438660,0.000051021,1,1,2.000000000,0.080000000,2.000000000,-0.009999162,0.004999581,-0.004999581,0.039309491,0.039309491,-0.039309491,0.024600375,0.007846233,0.637195066,1,74.696059340,1,46.339686947,0.263261633,0.173898366,0.285713096,0.176849951,2.373288734,0.255012054,0.626091148,0.119543989,0.452344216,2.000000000,2.050515539,2.000000000,0.000000000,0.000000000,0.000000000,1.000000000,0.936448294,0.803584592,0.692537240,0.287991222,0.952832049,0.821524649,0.707978763,1,0,0,0.000000000,0.050655322,-0.208195936,0.152954824,-0.122790859,-0.016164201,0.122072787,0.304700854,12.122277652,0.006056358,-130.918376022,-0.107843653,142.886514909,44.835549585,0.006781255,0.000104717,-0.001981116,-0.000040638,-0.002249189,0.000163645,0.002560252,-0.680732598,0.000033306,0.673888146,0.000082778,-0.234628364,-0.000252673,0.165612065,0.003403378,-0.000000167,-0.003369158,-0.000000414,0.001173044,0.000001263,-0.000827991,-1.361465195,0.000066613,1.347776292,0.000165556,-0.469256728,-0.000505346,0.331224130,-0.356451794,-0.051856148,0.207939085,0.014140900,0.437804268,0.335266371,0.048436990
3.651000000,0,3.651000000,sample,0.216533825,0.000006473,0.216035519,0.216033151,0.000002368,2.367707318,0.000014798,1,1,2.000000000,0.080000000,2.000000000,0.046024974,0.023012487,0.023012487,0.039645839,0.039645839,-0.039645839,0.028895580,0.024159400,0.952527255,1,56.736992544,1,46.339891973,0.238033757,0.178655590,0.264291229,0.179728403,1.053060897,0.433863448,0.427665891,0.214624158,0.377114411,2.000000000,2.035250851,2.000000000,0.000000000,0.000000000,0.000000000,1.000000000,0.993915705,0.707520346,0.672335354,0.256573933,1.012094714,0.847046320,0.708169854,1,0,0,0.000000000,0.052392553,-0.175343503,0.152216116,-0.124485112,-0.016309248,0.127103442,0.292404718,12.121974570,0.014424807,-130.918645096,-0.107943201,142.886339985,44.836545452,-0.018197817,-0.001417532,0.015568196,-0.000764803,0.001179888,0.000143563,0.002477954,-0.680734104,0.000054201,0.673889751,0.000082852,-0.234622293,-0.000252900,0.165607941,-0.015665385,0.000001247,0.015507879,0.000001907,-0.005399242,-0.000005820,0.003811051,-1.361468207,0.000108402,1.347779501,0.000165704,-0.469244586,-0.000505801,0.331215883,-0.168298779,-0.031736951,0.348793795,0.003275101,0.431764843,0.334775104,0.050398682
3.701000000,0,3.701000000,sample,0.216533512,-0.000006262,0.216031007,0.216037035,0.000006028,6.027984123,0.000037675,1,1,2.000000000,0.080000000,2.000000000,-0.049129066,0.024564533,-0.024564533,0.044654021,0.044654021,-0.044654021,0.027552643,0.028532804,0.860922519,3,52.461761729,1,46.339913110,0.248668684,0.178825050,0.251023358,0.180671109,2.043681814,0.625392021,0.578691932,0.153607289,0.467708232,2.000000000,2.053979473,2.000000000,0.000000000,0.000000000,0.000000000,1.000000000,0.984898241,0.710601025,0.663318569,-0.270215277,1.017062780,0.825679883,0.714977465,1,0,0,0.000000000,0.050284682,-0.192082557,0.149705900,-0.126715955,-0.016019681,0.125159239,0.281499850,12.121879032,0.026615365,-130.918394337,-0.108495283,142.886299383,44.836056825,-0.017889464,-0.000093567,0.020666450,0.000159673,0.000835798,-0.000589955,-0.008118187,0.680734259,-0.000084708,-0.673890616,-0.000083275,0.234620380,0.000254192,-0.165606479,-0.016721919,0.000002081,0.016553808,0.000002046,-0.005763340,-0.000006244,0.004068046,1.361468518,-0.000169417,-1.347781231,-0.000166551,0.469240759,0.000508384,-0.331212958,-0.221057909,-0.029879521,0.311791084,-0.001798893,0.421755776,0.335264370,0.052298091
3.751000000,0,3.751000000,sample,0.216533565,0.000001064,0.216033743,0.216034408,0.000000665,0.665285803,0.000004158,0,0,2.000000000,0.080000000,0.000000000,0.000000000,0.027690952,0.000000000,0.041761558,0.041761558,-0.041761558,0.026023489,0.029530096,0.937719664,1,69.362225302,0,0.000000000,0.260231821,0.176746776,0.264741829,0.179808400,3.969422823,0.598993086,0.680993036,0.085123156,0.514333848,0.000000000,0.514369215,2.000000000,0.000000000,0.000000000,0.000000000,1.000000000,0.961691863,0.789436542,0.693255031,0.000000000,0.993735132,0.806284947,0.704602845,1,0,0,0.000000000,0.050631479,-0.206366856,0.150232402,-0.125601804,-0.016048545,0.123312828,0.291194167,12.121914573,0.018739068,-130.918432374,-0.107599400,142.886340225,44.835488029,0.024593842,-0.000091686,-0.016315617,0.000443398,-0.000608380,0.000230167,-0.000584877,0.000000000,0.000000000,0.000000000,0.000000000,0.000000000,0.000000000,0.000000000,0.018850176,-0.000001797,-0.018660665,-0.000002287,0.006496884,0.000006981,-0.004585817,0.000000000,0.000000000,0.000000000,0.000000000,0.000000000,0.000000000,0.000000000,-0.362310116,-0.042464142,0.222404472,0.017812060,0.425791290,0.337021402,0.053554158
3.801000000,0,3.801000000,sample,0.216533804,0.000004793,0.216038260,0.216030398,0.000007862,7.862472337,0.000049140,1,1,2.000000000,0.080000000,2.000000000,-0.027620246,0.013810123,-0.013810123,0.042024381,0.042024381,-0.042024381,0.028854617,0.014845837,0.930235434,3,56.405287056,1,46.339720079,0.273582240,0.172842045,0.274745657,0.177917687,1.725594560,0.325559796,0.543529856,0.176004511,0.445854164,2.000000000,2.049099757,2.000000000,0.000000000,0.000000000,0.000000000,1.000000000,0.917059917,0.776746285,0.690701501,0.290498669,0.991776686,0.828852300,0.712539594,1,0,0,0.000000000,0.053814265,-0.218583207,0.155475556,-0.122963155,-0.016698560,0.120314560,0.305379139,12.122322617,0.006465273,-130.918639086,-0.107696777,142.886292471,44.834751268,0.009310838,0.001397680,-0.011149736,-0.000779896,0.001377414,-0.000278694,0.002203150,-0.680732841,0.000034302,0.673887909,0.000082665,-0.234628268,-0.000252330,0.165612166,0.009401004,-0.000000474,-0.009306475,-0.000001142,0.003240245,0.000003485,-0.002287124,-1.361465682,0.000068604,1.347775818,0.000165330,-0.469256536,-0.000504659,0.331224331,-0.317004243,-0.059964309,0.250970968,0.016944622,0.438846078,0.338241066,0.052102868
3.851000000,0,3.851000000,sample,0.216533672,-0.000002638,0.216034840,0.216033535,0.000001305,1.304691620,0.000008154,1,1,2.000000000,0.080000000,2.000000000,0.048812041,0.024406021,0.024406021,0.038537952,0.038537952,-0.038537952,0.025018225,0.025384912,0.961438057,1,56.679995469,1,46.339834233,0.273381866,0.175401606,0.285127926,0.176204388,0.908549046,0.299473157,0.519649725,0.194829726,0.407441363,2.000000000,2.041096680,2.000000000,0.000000000,0.000000000,0.000000000,1.000000000,0.978677246,0.818484190,0.694596850,0.263354965,1.007397793,0.907906551,0.764556398,1,0,0,0.000000000,0.051885847,-0.221111903,0.152167769,-0.124722094,-0.016278833,0.122250245,0.295726054,12.122058804,0.015981345,-130.918520787,-0.108091475,142.886336932,44.836653917,-0.019111315,0.000417285,0.016671617,0.000026251,0.000021554,-0.000151246,0.001005203,-0.680733679,0.000058110,0.673889433,0.000082967,-0.234623750,-0.000253249,0.165608911,-0.016614000,0.000001418,0.016446959,0.000002025,-0.005726232,-0.000006181,0.004041855,-1.361467359,0.000116220,1.347778866,0.000165933,-0.469247500,-0.000506499,0.331217822,-0.387695205,-0.040419608,0.140007137,0.016965107,0.441423284,0.336142962,0.052792493
3.901000000,0,3.901000000,sample,0.216533662,-0.000000202,0.216031293,0.216037072,0.000005779,5.779055751,0.000036119,1,1,2.000000000,0.080000000,2.000000000,-0.005821325,0.002910662,-0.002910662,0.038282709,0.038282709,-0.038282709,0.026372223,0.008302101,0.350593474,5,38.308286628,1,46.339583206,0.262059084,0.178652903,0.275880328,0.178652903,0.852498204,0.228583095,0.563413476,0.181304585,0.433697751,2.000000000,2.046483046,2.000000000,0.000000000,0.000000000,0.000000000,1.000000000,0.954020516,0.718992701,0.667409133,-0.278608451,1.016840837,0.799711656,0.698706253,1,0,0,0.000000000,0.051797824,-0.204507174,0.155463066,-0.127023209,-0.016394858,0.124551888,0.283260521,12.122483180,0.026144918,-130.918492373,-0.107816382,142.886628996,44.836207680,-0.003424123,0.001860702,0.003571948,0.000661377,0.005138477,0.000199624,-0.003754734,0.680731836,-0.000083424,-0.673886711,-0.000082758,0.234632566,0.000252613,-0.165615065,-0.001981381,0.000000243,0.001961457,0.000000241,-0.000682936,-0.000000735,0.000482050,1.361463671,-0.000166848,-1.347773422,-0.000165517,0.469265133,0.000505226,-0.331230129,-0.248939215,-0.044534278,0.295486994,0.016263528,0.421066136,0.337216887,0.053776670
3.951000000,0,3.951000000,sample,0.216533390,-0.000005444,0.216036144,0.216031691,0.000004453,4.453474650,0.000027834,1,1,2.000000000,0.080000000,2.000000000,-0.082252199,0.041126099,-0.041126099,0.041126099,0.041126099,-0.041126099,0.024389106,0.042145933,0.975802323,1,53.885045685,1,46.339624072,0.271638989,0.173664969,0.271638989,0.178616040,1.307357707,0.678634161,0.595181185,0.071576673,0.458302405,2.000000000,2.051859231,2.000000000,0.000000000,0.000000000,0.000000000,1.000000000,0.922235830,0.777032680,0.694233687,0.306919327,0.970158676,0.875525224,0.745279913,1,0,0,0.000000000,0.050484854,-0.218385139,0.153450158,-0.124141189,-0.016245605,0.120351847,0.300226124,12.122389315,0.011337359,-130.918284041,-0.107446988,142.886465132,44.834200223,0.030937827,0.001423497,-0.027495031,0.001286286,0.001185098,0.000513742,-0.007602931,-0.680732136,0.000046416,0.673887704,0.000082474,-0.234630122,-0.000251745,0.165613273,0.027995857,-0.000001909,-0.027714373,-0.000003392,0.009649422,0.000010353,-0.006811028,-1.361464272,0.000092832,1.347775407,0.000164948,-0.469260243,-0.000503491,0.331226545,-0.331404475,-0.057933727,0.257720787,0.020944830,0.430187139,0.337811158,0.052336664
4.001000000,0,4.001000000,sample,0.216533686,0.000005921,0.216036831,0.216031593,0.000005238,5.237740579,0.000032736,1,1,2.000000000,0.080000000,2.000000000,0.025664735,0.012832367,0.012832367,0.039768198,0.039768198,-0.039768198,0.024137393,0.013683466,0.937800958,3,72.862949649,1,46.339666246,0.273652956,0.174079800,0.276961852,0.177652947,2.704730676,0.297702925,0.659954563,0.142705892,0.488177988,2.000000000,2.058722559,2.000000000,0.000000000,0.000000000,0.000000000,1.000000000,0.971499399,0.835456951,0.710218845,0.278639967,1.003583521,0.854109528,0.731797365,1,0,0,0.000000000,0.052924365,-0.219020490,0.155289976,-0.123597007,-0.016596727,0.121458245,0.301445258,12.122389315,0.010294225,-130.918533942,-0.107976176,142.886357318,44.835928188,-0.007083783,-0.000271245,0.011680179,-0.000345028,-0.000560328,0.000349157,0.000046725,-0.680732446,0.000043902,0.673887570,0.000082880,-0.234629711,-0.000252986,0.165613121,-0.008735409,0.000000563,0.008647573,0.000001064,-0.003010855,-0.000003246,0.002125208,-1.361464891,0.000087805,1.347775141,0.000165760,-0.469259422,-0.000505971,0.331226242,-0.412247745,-0.046758207,0.138455440,0.015170329,0.443318114,0.336922627,0.053182891
4.051000000,0,4.051000000,sample,0.216533590,-0.000001926,0.216032346,0.216035842,0.000003496,3.495782401,0.000021849,1,1,2.000000000,0.080000000,2.000000000,-0.064928249,0.032464125,-0.032464125,0.040082680,0.040082680,-0.040082680,0.023745656,0.033619199,0.965642418,3,57.998547271,1,46.339892856,0.263144878,0.178056838,0.271981040,0.178846110,2.791809984,0.332818067,0.618189636,0.170489207,0.444194794,2.000000000,2.048758004,2.000000000,0.000000000,0.000000000,0.000000000,1.000000000,0.957462673,0.764964713,0.672129391,-0.266443148,0.981289653,0.835376170,0.709275558,1,0,0,0.000000000,0.049847653,-0.210644072,0.149631259,-0.126131223,-0.015816145,0.124679597,0.287344589,12.121879013,0.022912694,-130.918438185,-0.108170672,142.886542281,44.837542829,-0.021696756,-0.001153296,0.025603299,0.000410209,-0.001061594,-0.000096363,0.001156627,0.680734110,-0.000075416,-0.673890226,-0.000083026,0.234621429,0.000253431,-0.165607194,-0.022099437,0.000002448,0.021877256,0.000002695,-0.007616779,-0.000008227,0.005376293,1.361468220,-0.000150831,-1.347780452,-0.000166053,0.469242859,0.000506863,-0.331214388,-0.326235948,-0.040884988,0.203187705,0.003568402,0.431897618,0.336098693,0.053484411
4.101000000,0,4.101000000,sample,0.216533706,0.000002321,0.216033953,0.216034484,0.000000531,0.530976873,0.000003319,0,0,2.000000000,0.080000000,0.000000000,0.000000000,0.029307769,0.000000000,0.036423743,0.036423743,-0.036423743,0.026224204,0.029405897,0.996662992,3,48.982659548,0,0.000000000,0.274158220,0.175803606,0.275065845,0.178670826,0.757987130,0.116119725,0.532101633,0.139778622,0.400692070,0.000000000,0.400806678,2.000000000,0.000000000,0.000000000,0.000000000,1.000000000,0.966434420,0.772962231,0.687947992,0.000000000,0.986398271,0.802856911,0.692271309,1,0,0,0.000000000,0.051496718,-0.221793466,0.152703884,-0.125578767,-0.016177709,0.121963777,0.293062990,12.122141430,0.018540135,-130.918532484,-0.107565822,142.886539058,44.835786535,0.019791600,0.000336382,-0.020580485,-0.000190625,0.004715066,-0.000326166,-0.005191844,0.000000000,0.000000000,0.000000000,0.000000000,0.000000000,0.000000000,0.000000000,0.019950772,-0.000001888,-0.019750174,-0.000002420,0.006876367,0.000007386,-0.004853675,0.000000000,0.000000000,0.000000000,0.000000000,0.000000000,0.000000000,0.000000000,-0.341988922,-0.037830135,0.241420373,0.010794611,0.424268585,0.336710790,0.055736785
4.151000000,0,4.151000000,sample,0.216533632,-0.000001483,0.216037770,0.216030550,0.000007220,7.219914686,0.000045124,1,1,2.000000000,0.080000000,2.000000000,-0.008256582,0.004128291,-0.004128291,0.039972989,0.039972989,-0.039972989,0.027612193,0.006393317,0.645719781,1,36.892813576,1,46.339598331,0.273233639,0.173168257,0.276849077,0.178353076,0.587643011,0.139847377,0.560198195,0.143370468,0.418429227,2.000000000,2.043302515,2.000000000,0.000000000,0.000000000,0.000000000,1.000000000,0.904304915,0.795346821,0.699521992,0.290887482,0.977144062,0.795346821,0.699521992,1,0,0,0.000000000,0.052348996,-0.218377932,0.155651158,-0.122947216,-0.016515632,0.120824092,0.304361198,12.122485191,0.007452899,-130.918483370,-0.108067455,142.886480735,44.835505066,0.003883266,0.000575364,-0.003639036,-0.000449523,-0.002280808,-0.000051710,0.002610419,-0.680731947,0.000036829,0.673886928,0.000082951,-0.234631932,-0.000253201,0.165614641,0.002810260,-0.000000152,-0.002782001,-0.000000342,0.000968629,0.000001045,-0.000683705,-1.361463893,0.000073658,1.347773856,0.000165902,-0.469263863,-0.000506402,0.331229281,-0.363630945,-0.068770694,0.204105529,0.021714463,0.439361237,0.338028730,0.054238742
4.201000000,0,4.201000000,sample,0.216533617,-0.000000301,0.216033795,0.216034469,0.000000673,0.673201718,0.000004208,0,0,2.000000000,0.080000000,0.000000000,0.000000000,0.025157123,0.000000000,0.037105241,0.037105241,-0.037105241,0.024177744,0.026415696,0.952355132,3,50.104555808,0,0.000000000,0.282104570,0.174973791,0.282229811,0.177077026,0.573013872,0.250143495,0.581725151,0.182261639,0.422446586,0.000000000,0.422527505,2.000000000,0.000000000,0.000000000,0.000000000,1.000000000,0.969502306,0.730543577,0.663808928,0.000000000,0.976306351,0.813405423,0.709062868,1,0,0,0.000000000,0.051608127,-0.231989616,0.151988181,-0.125301637,-0.016251344,0.121042229,0.293911286,12.122072868,0.018837502,-130.918474828,-0.108126084,142.886337653,44.836451359,-0.018646629,0.000041101,0.018698237,0.000301128,0.000562219,0.000242541,-0.000029364,0.000000000,0.000000000,0.000000000,0.000000000,0.000000000,0.000000000,0.000000000,-0.017125299,0.000001641,0.016953119,0.000002088,-0.005902465,-0.000006373,0.004166248,0.000000000,0.000000000,0.000000000,0.000000000,0.000000000,0.000000000,0.000000000,-0.245033556,-0.037738532,0.276096964,0.012891501,0.431210249,0.337709447,0.052829720
4.251000000,0,4.251000000,sample,0.216533669,0.000001045,0.216032267,0.216036096,0.000003829,3.829428145,0.000023934,1,1,2.000000000,0.080000000,2.000000000,0.027332966,0.013666483,0.013666483,0.038150796,0.038150796,-0.038150796,0.023662947,0.014635211,0.933808387,3,67.594304188,1,46.339810403,0.287125728,0.175745435,0.295180243,0.176033135,2.419593417,0.267605197,0.495088408,0.164680117,0.393945387,2.000000000,2.038435052,2.000000000,0.000000000,0.000000000,0.000000000,1.000000000,0.951927217,0.720792910,0.670473804,-0.287704353,1.017255417,0.849788942,0.720812072,1,0,0,0.000000000,0.051710173,-0.237880780,0.152249716,-0.126595570,-0.016235530,0.120815674,0.289822052,12.122086404,0.023287647,-130.918512524,-0.107530603,142.886413537,44.836010943,0.008195005,-0.000615263,-0.012032449,-0.001288522,0.000042482,-0.000420105,0.000185278,0.680733504,-0.000076244,-0.673889177,-0.000082536,0.234624585,0.000251936,-0.165609483,0.009303233,-0.000001042,-0.009209695,-0.000001128,0.003206493,0.000003443,-0.002263299,1.361467009,-0.000152489,-1.347778355,-0.000165073,0.469249170,0.000503872,-0.331218965,-0.253985465,-0.043196578,0.303435429,0.006774764,0.418904621,0.335859450,0.052525726
4.301000000,0,4.301000000,sample,0.216533575,-0.000001872,0.216035839,0.216032337,0.000003503,3.502693984,0.000021892,1,1,2.000000000,0.080000000,2.000000000,-0.075332989,0.037666495,-0.037666495,0.044677415,0.044677415,-0.044677415,0.025459847,0.038994609,0.965941068,1,55.297547712,1,46.339782500,0.292245276,0.171296790,0.297260264,0.176075060,1.197873526,0.561073678,0.615614580,0.074446401,0.451168198,2.000000000,2.050286670,2.000000000,0.000000000,0.000000000,0.000000000,1.000000000,0.936793166,0.768463865,0.687528913,0.305601704,0.964948667,0.816141595,0.707236905,1,0,0,0.000000000,0.050410473,-0.244831314,0.151405790,-0.124298947,-0.015971318,0.116778761,0.301627421,12.122086230,0.012746464,-130.918425082,-0.107681830,142.886582864,44.833594192,0.028997297,-0.000483357,-0.025769765,0.000523512,-0.000344157,0.000092404,-0.003875678,-0.680733299,0.000049970,0.673889046,0.000082653,-0.234625272,-0.000252290,0.165609893,0.025640837,-0.000001882,-0.025383038,-0.000003113,0.008837512,0.000009503,-0.006237944,-1.361466599,0.000099940,1.347778093,0.000165305,-0.469250545,-0.000504580,0.331219787,-0.333397423,-0.049905030,0.251282067,0.017828118,0.424098865,0.335920650,0.053745728
4.351000000,0,4.351000000,sample,0.216533580,0.000000089,0.216036734,0.216031476,0.000005259,5.258529011,0.000032866,1,1,2.000000000,0.080000000,2.000000000,0.033396464,0.016698232,0.016698232,0.036836313,0.036836313,-0.036836313,0.023938847,0.016898243,0.988163812,3,53.184793948,1,46.339641218,0.287232389,0.172550157,0.295326344,0.175075636,0.784121421,0.098076493,0.609462068,0.153062015,0.443514198,2.000000000,2.048595466,2.000000000,0.000000000,0.000000000,0.000000000,1.000000000,0.947889345,0.799038485,0.685657015,0.263014848,1.011871792,0.853453360,0.730480765,1,0,0,0.000000000,0.051781101,-0.236564881,0.154461061,-0.123663608,-0.016380837,0.119216345,0.303375957,12.122389482,0.010244009,-130.918438237,-0.107852058,142.886481032,44.835469064,-0.011233385,0.000596949,0.012323535,0.000531112,-0.002142048,-0.000310922,0.001472651,-0.680732262,0.000043756,0.673887505,0.000082785,-0.234630225,-0.000252695,0.165613415,-0.011367025,0.000000731,0.011252730,0.000001382,-0.003917910,-0.000004220,0.002765451,-1.361464523,0.000087512,1.347775010,0.000165570,-0.469260450,-0.000505389,0.331226830,-0.357982799,-0.049957991,0.169644529,0.019396498,0.440938668,0.336500724,0.051603491
4.401000000,0,4.401000000,sample,0.216533612,0.000000633,0.216031848,0.216036391,0.000004543,4.542811480,0.000028393,1,1,2.000000000,0.080000000,2.000000000,-0.059670526,0.029835263,-0.029835263,0.039165763,0.039165763,-0.039165763,0.028275117,0.031090116,0.959638198,1,66.845569885,1,46.339936512,0.277948523,0.176830024,0.291485589,0.176830024,3.780730271,0.483390798,0.436828017,0.216722726,0.420535107,2.000000000,2.043752678,2.000000000,0.000000000,0.000000000,0.000000000,1.000000000,0.989794547,0.672352386,0.676421241,-0.256406781,0.989794547,0.873474077,0.746851500,1,0,0,0.000000000,0.051050793,-0.228360528,0.150002224,-0.126414825,-0.016073695,0.122596027,0.287672405,12.121852746,0.024430501,-130.918474600,-0.108226243,142.886299130,44.837314930,-0.025419011,-0.000228891,0.017748132,-0.001185573,-0.001636750,-0.000235407,0.001131654,0.680734431,-0.000079212,-0.673890670,-0.000083069,0.234619927,0.000253561,-0.165606198,-0.020309891,0.000002363,0.020105705,0.000002478,-0.006999947,-0.000007565,0.004940904,1.361468861,-0.000158423,-1.347781339,-0.000166137,0.469239854,0.000507122,-0.331212396,-0.130530719,-0.042498992,0.382411715,0.005039798,0.420703971,0.335743097,0.052171678
4.451000000,0,4.451000000,sample,0.216533539,-0.000001445,0.216032866,0.216035244,0.000002379,2.378583631,0.000014866,1,1,2.000000000,0.080000000,2.000000000,0.030896475,0.015448238,0.015448238,0.038911828,0.038911828,-0.038911828,0.021214684,0.015926776,0.969953847,3,50.423425334,1,46.339737171,0.273391460,0.176922918,0.279462853,0.177812193,0.465232455,0.131456639,0.542352699,0.138902022,0.397430063,2.000000000,2.039112366,2.000000000,0.000000000,0.000000000,0.000000000,1.000000000,0.954464319,0.753806189,0.680843287,-0.299306307,1.034523069,0.844805722,0.726982757,1,0,0,0.000000000,0.050613754,-0.221382963,0.152219322,-0.126231307,-0.016110496,0.122913905,0.290240380,12.122182110,0.021175351,-130.918398750,-0.107399272,142.886515628,44.836357566,0.011155608,0.000595758,-0.011309517,-0.000011451,0.000369371,0.000195953,-0.000882915,0.680732967,-0.000070953,-0.673888638,-0.000082436,0.234626696,0.000251630,-0.165610900,0.010516125,-0.000001096,-0.010410392,-0.000001273,0.003624569,0.000003887,-0.002558397,1.361465933,-0.000141905,-1.347777276,-0.000164872,0.469253393,0.000503260,-0.331221799,-0.309983308,-0.041784776,0.265038817,0.010732500,0.423198520,0.336539163,0.054732123
4.501000000,0,4.501000000,sample,0.216533610,0.000001415,0.216038517,0.216029765,0.000008752,8.751696903,0.000054698,1,1,2.000000000,0.080000000,2.000000000,-0.046075277,0.023037639,-0.023037639,0.039810620,0.039810620,-0.039810620,0.025594755,0.029780208,0.773588898,3,56.773768285,1,46.339608514,0.265345159,0.173823785,0.279845355,0.177703229,4.313917708,0.735387689,0.387190081,0.185729269,0.387563064,2.000000000,2.037226782,2.000000000,0.000000000,0.000000000,0.000000000,1.000000000,0.899578257,0.808141895,0.709650563,0.302481097,0.970740488,0.835288102,0.728822850,1,0,0,0.000000000,0.052615552,-0.208275059,0.155759934,-0.122768465,-0.016609089,0.121929284,0.305617415,12.122485191,0.005162139,-130.918476224,-0.107564882,142.886378159,44.835224975,0.016100268,0.000386797,-0.022438902,0.000314121,-0.006695983,0.000036465,0.008891125,-0.680732022,0.000031029,0.673887080,0.000082565,-0.234631490,-0.000252024,0.165614346,0.015682458,-0.000000715,-0.015524767,-0.000001902,0.005405355,0.000005806,-0.003815363,-1.361464043,0.000062057,1.347774159,0.000165130,-0.469262979,-0.000504047,0.331228692,-0.388949114,-0.074677444,0.194974996,0.024267966,0.436261995,0.339138897,0.052932833
4.551000000,0,4.551000000,sample,0.216533454,-0.000003114,0.216036577,0.216031387,0.000005190,5.190073605,0.000032438,1,1,2.000000000,0.080000000,2.000000000,0.030047006,0.015023503,0.015023503,0.037328993,0.037328993,-0.037328993,0.022210988,0.015365220,0.977760388,1,46.533848940,1,46.339638139,0.278271497,0.172947330,0.280055281,0.178741439,0.484885825,0.192511863,0.538886252,0.128303855,0.391903515,2.000000000,2.038042803,2.000000000,0.000000000,0.000000000,0.000000000,1.000000000,0.956074255,0.803312079,0.687623710,0.267893369,0.987406193,0.804902260,0.707967627,1,0,0,0.000000000,0.051138874,-0.226159314,0.153856448,-0.123499249,-0.016338029,0.119965759,0.302128419,12.122384913,0.010396772,-130.918340501,-0.108179642,142.886419736,44.835382017,-0.010481496,0.000684206,0.009949402,0.001193210,-0.005021009,-0.000366307,0.000032188,-0.680732239,0.000044193,0.673887729,0.000083036,-0.234629855,-0.000253462,0.165613119,-0.010226983,0.000000664,0.010124154,0.000001247,-0.003524962,-0.000003808,0.002488089,-1.361464478,0.000088385,1.347775458,0.000166073,-0.469259710,-0.000506924,0.331226238,-0.354757775,-0.045986923,0.180905228,0.015360873,0.442424609,0.337039345,0.050604123
4.601000000,0,4.601000000,sample,0.216533572,0.000002361,0.216032399,0.216035780,0.000003381,3.380593012,0.000021129,1,1,2.000000000,0.080000000,2.000000000,-0.064857958,0.032428979,-0.032428979,0.039433161,0.039433161,-0.039433161,0.029146122,0.033786311,0.959825969,1,50.637109513,1,46.339687386,0.286804117,0.175941355,0.287918106,0.178108432,0.866638411,0.330819331,0.573213124,0.195039615,0.407130161,2.000000000,2.041042545,2.000000000,0.000000000,0.000000000,0.000000000,1.000000000,0.934688356,0.684661411,0.665001253,-0.250124412,0.978542785,0.848513450,0.724552507,1,0,0,0.000000000,0.051036885,-0.237025889,0.153201063,-0.126064738,-0.016188653,0.121659236,0.290360681,12.122277296,0.022755446,-130.918422898,-0.108222444,142.886555800,44.837425755,-0.024042257,-0.000602514,0.023697184,0.000643411,0.000302564,0.000271732,0.000992882,0.680732601,-0.000075034,-0.673888031,-0.000083069,0.234628565,0.000253560,-0.165612221,-0.022075463,0.000002433,0.021853501,0.000002694,-0.007608765,-0.000008223,0.005370635,1.361465202,-0.000150069,-1.347776062,-0.000166137,0.469257130,0.000507121,-0.331224442,-0.173256461,-0.060383317,0.332145866,0.011721252,0.425343173,0.338690810,0.049761187
4.651000000,0,4.651000000,sample,0.216533370,-0.000004044,0.216030511,0.216037271,0.000006761,6.760509721,0.000042253,1,1,2.000000000,0.080000000,2.000000000,-0.021060579,0.010530290,-0.010530290,0.047381302,0.047381302,-0.047381302,0.028941446,0.013186229,0.798582329,3,64.966564589,1,46.339745303,0.287462446,0.175577858,0.291416365,0.176986508,2.706673458,0.555874410,0.697374410,0.132646936,0.552988803,2.000000000,2.075045502,2.000000000,0.000000000,0.000000000,0.000000000,1.000000000,0.950324864,0.783988242,0.686535468,-0.288254165,0.970109725,0.866385760,0.732456473,1,0,0,0.000000000,0.050531376,-0.238858306,0.151749622,-0.127305791,-0.016219389,0.119823835,0.285481547,12.122181945,0.027564194,-130.918280197,-0.107846786,142.886299133,44.835112403,-0.006032727,0.000655161,0.010628343,0.000346056,-0.000278448,-0.000556853,-0.004856394,0.680733026,-0.000086968,-0.673889076,-0.000082779,0.234625744,0.000252678,-0.165610212,-0.007168316,0.000000916,0.007096247,0.000000872,-0.002470677,-0.000002661,0.001743923,1.361466053,-0.000173936,-1.347778152,-0.000165559,0.469251488,0.000505357,-0.331220425,-0.371332983,-0.050801364,0.187212967,0.019368714,0.422238072,0.338432855,0.051150334
4.701000000,0,4.701000000,sample,0.216533583,0.000004262,0.216032600,0.216035576,0.000002976,2.976081954,0.000018601,1,1,2.000000000,0.080000000,2.000000000,0.043826178,0.021913089,0.021913089,0.041248060,0.041248060,-0.041248060,0.025500718,0.023340815,0.938831345,1,67.361074729,1,46.339829025,0.282670280,0.174906114,0.295688112,0.178028699,3.925820303,0.857606294,0.727791432,0.094399034,0.598472975,2.000000000,2.087627622,2.000000000,0.000000000,0.000000000,0.000000000,1.000000000,0.994199240,0.822476308,0.707962522,-0.320727004,1.024298092,0.846355588,0.725340102,1,0,0,0.000000000,0.049671243,-0.234242727,0.150218505,-0.126282466,-0.015777066,0.119983214,0.290708931,12.121974242,0.022075925,-130.918423134,-0.107638150,142.886670513,44.834967306,0.019156692,-0.000614980,-0.011309005,-0.000150584,0.000398770,0.000704213,-0.006990378,0.680733641,-0.000073239,-0.673889538,-0.000082618,0.234623673,0.000252186,-0.165608747,0.014916977,-0.000001605,-0.014767001,-0.000001810,0.005141329,0.000005526,-0.003628999,1.361467282,-0.000146478,-1.347779076,-0.000165237,0.469247346,0.000504371,-0.331217493,-0.403101731,-0.030953068,0.204343690,0.009630567,0.424879101,0.335892783,0.050660938
4.751000000,0,4.751000000,sample,0.216533505,-0.000001575,0.216036821,0.216031201,0.000005620,5.620445766,0.000035128,1,1,2.000000000,0.080000000,2.000000000,-0.081598881,0.040799440,-0.040799440,0.042317329,0.042317329,-0.042317329,0.029064368,0.042452961,0.961050516,3,55.808453763,1,46.339955432,0.260872642,0.173866673,0.290970548,0.179322639,2.654284624,0.404990755,0.409615575,0.147067415,0.319910747,2.000000000,2.025471858,2.000000000,0.000000000,0.000000000,0.000000000,1.000000000,0.949391561,0.796230210,0.698438781,0.315086668,1.050222958,0.949219119,0.804307062,1,0,0,0.000000000,0.049394797,-0.208823812,0.148348592,-0.123784819,-0.015740170,0.121075125,0.300954968,12.121765225,0.009657629,-130.918380514,-0.107459188,142.886440111,44.834020297,0.028176586,-0.001126515,-0.031714509,-0.000479887,0.001005869,0.000093931,-0.000063004,-0.680734570,0.000042225,0.673891067,0.000082479,-0.234618938,-0.000251762,0.165605429,0.027773590,-0.000001723,-0.027494378,-0.000003365,0.009572321,0.000010272,-0.006756609,-1.361469139,0.000084450,1.347782133,0.000164959,-0.469237875,-0.000503524,0.331210858,-0.345567608,-0.043851203,0.256574314,0.008021303,0.430882981,0.335434398,0.049048265
4.801000000,0,4.801000000,sample,0.216533262,-0.000004847,0.216038022,0.216029552,0.000008470,8.469991339,0.000052937,1,1,2.000000000,0.080000000,2.000000000,-0.016524391,0.008262195,-0.008262195,0.041849265,0.041849265,-0.041849265,0.023868401,0.011417654,0.723633396,1,49.156192981,1,46.339729988,0.256077595,0.174393897,0.274513784,0.178829547,0.894768468,0.171062877,0.528168962,0.141024667,0.362616868,2.000000000,2.032607373,2.000000000,0.000000000,0.000000000,0.000000000,1.000000000,0.959293404,0.823572306,0.707184612,0.296557664,1.007196866,0.833200046,0.708817856,1,0,0,0.000000000,0.049315219,-0.200850649,0.151005829,-0.122698920,-0.016016373,0.122888903,0.304370841,12.122177601,0.005614431,-130.918192507,-0.107843388,142.886377648,44.835603400,0.008005086,0.000324748,-0.006151809,0.001152418,-0.002443122,0.000067783,0.004585815,-0.680732914,0.000032203,0.673889100,0.000082777,-0.234625951,-0.000252670,0.165610302,0.005624348,-0.000000266,-0.005567803,-0.000000684,0.001938525,0.000002088,-0.001368305,-1.361465828,0.000064407,1.347778200,0.000165554,-0.469251902,-0.000505340,0.331220604,-0.391351197,-0.048032251,0.184910308,0.020822098,0.439711415,0.337423921,0.053111257
4.851000000,0,4.851000000,sample,0.216533808,0.000010920,0.216036263,0.216032398,0.000003865,3.864631103,0.000024154,1,1,2.000000000,0.080000000,2.000000000,0.031370200,0.015685100,0.015685100,0.036462505,0.036462505,-0.036462505,0.025696355,0.016799564,0.933661150,1,55.048906396,1,46.339676860,0.246618611,0.177328584,0.263881208,0.179554191,2.132146550,0.599231414,0.430077740,0.224786919,0.425963348,2.000000000,2.044861972,2.000000000,0.000000000,0.000000000,0.000000000,1.000000000,0.883192675,0.714775975,0.671682895,0.261039288,0.986635149,0.841634129,0.726612619,1,0,0,0.000000000,0.053200202,-0.183722696,0.155680599,-0.123961812,-0.016603857,0.125710810,0.295560031,12.122375892,0.012287802,-130.918626535,-0.108065074,142.886426619,44.836315849,-0.012464428,-0.000104021,0.008277023,-0.000696796,-0.001686157,0.000363571,0.007408280,-0.680732524,0.000048891,0.673887441,0.000082948,-0.234629794,-0.000253194,0.165613210,-0.010677358,0.000000767,0.010569992,0.000001301,-0.003680192,-0.000003971,0.002597660,-1.361465047,0.000097783,1.347774881,0.000165897,-0.469259588,-0.000506387,0.331226420,-0.238881330,-0.075815355,0.284371834,0.017752076,0.435817600,0.337911828,0.055152453
4.901000000,0,4.901000000,sample,0.216534080,0.000005436,0.216032162,0.216037005,0.000004842,4.842258188,0.000030264,1,1,2.000000000,0.080000000,2.000000000,-0.072416697,0.036208348,-0.036208348,0.036753554,0.036753554,-0.036753554,0.025502516,0.037082662,0.976422566,1,56.602088078,1,46.339832464,0.262002835,0.178553434,0.262002835,0.180145380,1.522691762,0.424865266,0.466011494,0.213871849,0.397863589,2.000000000,2.039221817,2.000000000,0.000000000,0.000000000,0.000000000,1.000000000,0.936341490,0.676906687,0.667615190,-0.255331623,0.968937509,0.813605492,0.704429896,1,0,0,0.000000000,0.053577007,-0.204958028,0.154166132,-0.126423020,-0.016389060,0.125019789,0.284688296,12.122086348,0.024885652,-130.918835485,-0.108369578,142.886575584,44.837314114,-0.027898903,-0.000736428,0.024112654,-0.000736732,-0.001767744,0.000066622,0.003337737,0.680733666,-0.000080373,-0.673888582,-0.000083181,0.234625354,0.000253902,-0.165610146,-0.024648242,0.000002910,0.024400393,0.000003012,-0.008495397,-0.000009193,0.005996470,1.361467333,-0.000160746,-1.347777163,-0.000166361,0.469250708,0.000507803,-0.331220292,-0.172752119,-0.061077096,0.338624287,0.015971307,0.423849348,0.338474031,0.054789654
4.951000000,0,4.951000000,sample,0.216533636,-0.000008874,0.216033366,0.216034956,0.000001590,1.590108628,0.000009938,1,1,2.000000000,0.080000000,2.000000000,0.046609359,0.023304679,0.023304679,0.042159623,0.042159623,-0.042159623,0.023304679,0.024390184,0.955494221,3,53.228805501,1,46.339605558,0.281977932,0.175457033,0.283188434,0.179078124,1.589668309,0.356737236,0.503583950,0.103315241,0.362788787,2.000000000,2.032652532,2.000000000,0.000000000,0.000000000,0.000000000,1.000000000,0.931267755,0.699008993,0.684318430,-0.291521088,1.001397240,0.827211000,0.704401817,1,0,0,0.000000000,0.052396956,-0.229295180,0.155530812,-0.125869685,-0.016531334,0.121114441,0.292270666,12.122471657,0.020074559,-130.918481161,-0.107614353,142.886467165,44.835683428,0.015844826,0.000806383,-0.017794608,0.000599672,-0.001207813,0.000875367,-0.004892802,0.680732000,-0.000068244,-0.673887018,-0.000082603,0.234631652,0.000252139,-0.165614445,0.015864241,-0.000001590,-0.015704721,-0.000001925,0.005468015,0.000005876,-0.003859592,1.361464000,-0.000136488,-1.347774036,-0.000165206,0.469263304,0.000504279,-0.331228891,-0.199864832,-0.060341183,0.363900728,0.017065016,0.418927098,0.337314029,0.052048844
5.000000000,0,5.000000000,disturb_auto_push,0.000000000,,0.000000000,0.000000000,0.000000000,0.000000000,0.000000000,0,0,0.000000000,0.000000000,0.000000000,0.000000000,0.000000000,0.000000000,0.000000000,0.000000000,0.000000000,0.000000000,0.014718114,0.000000000,1,82.453530528,0,0.000000000,0.000000000,0.000000000,0.000000000,0.000000000,3.724388579,0.457294706,0.000000000,0.000000000,0.000000000,0.000000000,0.000000000,0.000000000,0.000000000,0.000000000,0.000000000,1.000000000,0.000000000,0.000000000,0.000000000,0.000000000,0.000000000,0.000000000,0.000000000,0,0,0,0.000000000,0.000000000,0.000000000,0.000000000,0.000000000,0.000000000,0.000000000,0.307788396,12.122127976,0.006028742,-130.918315248,-0.107900509,142.886337361,44.835676041,0.013364625,-0.000386681,-0.006073661,0.000673223,-0.000640371,-0.000280110,0.000170349,0.000000000,0.000000000,0.000000000,0.000000000,0.000000000,0.000000000,0.000000000,0.000000000,0.000000000,0.000000000,0.000000000,0.000000000,0.000000000,0.000000000,0.000000000,0.000000000,0.000000000,0.000000000,0.000000000,0.000000000,0.000000000,0.000000000,0.000000000,0.000000000,0.000000000,0.000000000,0.000000000,0.000000000
5.000000000,0,5.000000000,sample,0.216533410,-0.000004619,0.216038027,0.216029838,0.000008189,8.188972812,0.000051181,1,1,2.000000000,0.080000000,2.000000000,-0.026024295,0.013012148,-0.013012148,0.039170063,0.039170063,-0.039170063,0.023691642,0.014718114,0.884090702,1,82.453530528,1,46.339774487,0.285330362,0.171788058,0.299856340,0.175476746,3.724388579,0.457294706,0.719911341,0.103038489,0.535417659,2.000000000,2.070427815,2.000000000,0.000000000,0.000000000,0.000000000,1.000000000,0.954930941,0.836809708,0.715617536,0.291810414,0.963666646,0.836809708,0.715617536,1,0,0,0.000000000,0.050499970,-0.236499533,0.151430311,-0.122750047,-0.016134086,0.119093467,0.307788396,12.122127976,0.006028742,-130.918315248,-0.107900509,142.886337361,44.835676041,0.013364625,-0.000386681,-0.006073661,0.000673223,-0.000640371,-0.000280110,0.000170349,-0.680733241,0.000033247,0.673889290,0.000082820,-0.234624924,-0.000252803,0.165609643,0.008857801,-0.000000433,-0.008768747,-0.000001078,0.003052974,0.000003290,-0.002154937,-1.361466481,0.000066493,1.347778579,0.000165641,-0.469249848,-0.000505606,0.331219285,-0.419214286,-0.054249614,0.150318176,0.013324612,0.440748078,0.337155186,0.052146262
5.050000000,0,5.050000000,sample,0.216533678,0.000005353,0.216036297,0.216032100,0.000004197,4.196946787,0.000026231,1,1,2.000000000,0.080000000,2.000000000,0.043223909,0.021611954,0.021611954,0.040668298,0.040668298,-0.040668298,0.025463180,0.022891739,0.944094042,1,62.565566870,1,46.339713711,0.268400177,0.175469456,0.290066309,0.176506737,1.859062978,0.367751394,0.453776035,0.202257992,0.367186481,2.000000000,2.031153055,2.000000000,0.001541333,0.030826663,0.003340352,1.000000000,0.953517302,0.740117273,0.665780495,0.255402983,0.996159138,0.851667496,0.721006977,1,0,0,0.000000000,0.052189117,-0.213494929,0.154061243,-0.124001812,-0.016402625,0.123061100,0.299288284,12.122277822,0.011767959,-130.918520612,-0.107816840,142.886426607,44.836687982,-0.018106999,-0.000421567,0.013968678,0.000255478,0.000752851,0.000381862,0.000297899,-0.680732794,0.000047552,0.673888102,0.000082757,-0.234628026,-0.000252610,0.165611913,-0.014711966,0.000001028,0.014564039,0.000001789,-0.005070770,-0.000005459,0.003579197,-1.361465588,0.000095104,1.347776203,0.000165514,-0.469256053,-0.000505220,0.331223825,-0.253458602,-0.040722702,0.263077031,0.002676040,0.439355961,0.335142721,0.052849566
5.100000000,0,5.100000000,sample,0.216533515,-0.000003247,0.216031770,0.216036268,0.000004498,4.497571329,0.000028110,1,1,2.000000000,0.080000000,2.000000000,-0.059791788,0.029895894,-0.029895894,0.038573215,0.038573215,-0.038573215,0.025738887,0.031240758,0.956951624,1,63.823164787,1,46.339948085,0.242399756,0.180110956,0.263026769,0.180110956,3.196129567,0.323060001,0.341322525,0.197550418,0.322698157,2.000000000,2.035075390,2.000000000,0.006155830,0.123116594,0.013340301,1.000000000,0.972121493,0.701517531,0.668741546,-0.271109704,1.002258774,0.851450619,0.740911002,1,0,0,0.000000000,0.049349281,-0.185119956,0.148502162,-0.126421985,-0.015763687,0.127314353,0.283078125,12.121778645,0.024360205,-130.918385613,-0.108194335,142.886440861,44.837345275,-0.024958055,-0.001556707,0.018598794,0.000189891,-0.002042687,0.000345743,-0.000643295,0.680734516,-0.000079031,-0.673890981,-0.000083044,0.234619199,0.000253485,-0.165605614,-0.020351167,0.000002363,0.020146573,0.000002483,-0.007014151,-0.000007578,0.004950928,1.361469031,-0.000158061,-1.347781961,-0.000166088,0.469238397,0.000506970,-0.331211229,-0.202494146,-0.038574966,0.332075722,0.001536473,0.422798826,0.335984169,0.052938582
5.150000000,0,5.150000000,sample,0.216533269,-0.000004929,0.216032234,0.216035329,0.000003095,3.094977453,0.000019344,1,1,2.000000000,0.080000000,2.000000000,0.041464266,0.020732133,0.020732133,0.037361992,0.037361992,-0.037361992,0.027058575,0.021780573,0.951863558,1,66.518430462,1,46.339817450,0.243421028,0.179280171,0.243644713,0.181578941,2.557215906,0.509281563,0.585710390,0.098676648,0.442059087,2.000000000,2.065066395,2.000000000,0.013815040,0.276300796,0.029939044,1.000000000,1.035865529,0.685462527,0.718277676,-0.301426020,1.060799874,0.799308133,0.727307666,1,0,0,0.000000000,0.048071514,-0.186506904,0.148855974,-0.126332399,-0.015699056,0.126234086,0.285382219,12.121974743,0.022242778,-130.918180076,-0.107610397,142.886498261,44.836032374,0.017763980,-0.000219183,-0.012339693,0.000266926,-0.000352327,-0.000537440,-0.002456430,0.680733556,-0.000073650,-0.673890055,-0.000082597,0.234622884,0.000252120,-0.165608108,0.014113059,-0.000001527,-0.013971178,-0.000001712,0.004864233,0.000005227,-0.003433409,1.361467112,-0.000147301,-1.347780110,-0.000165194,0.469245769,0.000504241,-0.331216217,-0.114963148,-0.032905119,0.462562935,0.001126701,0.413925348,0.337035655,0.052254982
5.200000000,0,5.200000000,sample,0.216533514,0.000004910,0.216037114,0.216030941,0.000006174,6.173542663,0.000038585,1,1,2.000000000,0.080000000,2.000000000,-0.087201449,0.043600725,-0.043600725,0.043600725,0.043600725,-0.043600725,0.027021932,0.045074937,0.967294177,1,54.578923218,1,46.339772634,0.264961789,0.174460813,0.270061426,0.180048870,0.931411108,0.409874700,0.573074871,0.096466176,0.413758539,2.000000000,2.002759871,2.000000000,0.024471742,0.489434837,0.053033929,1.000000000,0.964733579,0.855944112,0.735339302,0.314869556,1.013226055,0.858288507,0.737186787,1,0,0,0.000000000,0.049700472,-0.211960393,0.151021205,-0.123733284,-0.015874435,0.121961683,0.302141804,12.122086404,0.008826001,-130.918375860,-0.107248850,142.886619917,44.835112590,0.033300259,-0.000044907,-0.030312669,-0.000635443,0.001085753,0.000351757,-0.001508772,-0.680733227,0.000040116,0.673889050,0.000082320,-0.234625422,-0.000251276,0.165609969,0.029680462,-0.000001749,-0.029382051,-0.000003589,0.010229838,0.000010956,-0.007220715,-1.361466454,0.000080231,1.347778100,0.000164641,-0.469250843,-0.000502551,0.331219938,-0.458330016,-0.055739675,0.143031441,0.015137701,0.436183694,0.337215701,0.053784625
5.250000000,0,5.250000000,sample,0.216533438,-0.000001523,0.216036972,0.216030945,0.000006027,6.027404648,0.000037671,1,1,2.000000000,0.080000000,2.000000000,0.021828353,0.010914177,0.010914177,0.039653042,0.039653042,-0.039653042,0.025083941,0.011484030,0.950378658,3,56.576204852,1,46.339695426,0.285805298,0.173102056,0.285805298,0.177857789,1.272672318,0.160700212,0.634827917,0.172855469,0.462727022,2.000000000,1.992332197,2.000000000,0.038060234,0.761204675,0.082483222,1.000000000,0.951586729,0.792681566,0.689960714,0.282028800,0.972835621,0.853443437,0.733379604,1,0,0,0.000000000,0.050027371,-0.236736781,0.152110577,-0.123374004,-0.016021136,0.120359877,0.304547159,12.122236551,0.009152523,-130.918317828,-0.107950879,142.886562843,44.836796064,-0.006977085,0.000845307,0.008637960,-0.000300566,0.000468552,0.000249352,0.002739025,-0.680732660,0.000041049,0.673888371,0.000082860,-0.234627828,-0.000252923,0.165611650,-0.007429637,0.000000448,0.007354937,0.000000904,-0.002560770,-0.000002760,0.001807515,-1.361465320,0.000082098,1.347776742,0.000165720,-0.469255656,-0.000505846,0.331223300,-0.350852552,-0.047569479,0.203681602,0.013073688,0.437831336,0.338441000,0.052817727
5.300000000,0,5.300000000,sample,0.216533494,0.000001123,0.216033389,0.216034647,0.000001259,1.258782703,0.000007867,1,1,2.000000000,0.080000000,2.000000000,-0.053998564,0.026999282,-0.026999282,0.039610827,0.039610827,-0.039610827,0.023152210,0.028272228,0.954975416,3,58.866921413,1,46.339706318,0.298567908,0.174303325,0.298567908,0.176399902,2.450982843,0.334742155,0.710148943,0.163172694,0.535960579,2.000000000,2.135926728,2.000000000,0.054496738,1.089934758,0.118104495,1.000000000,0.939427259,0.699194301,0.655210656,-0.252332424,0.960675872,0.814442128,0.705441577,1,0,0,0.000000000,0.051577673,-0.250995248,0.153244657,-0.125360808,-0.016370156,0.119993061,0.295063629,12.122277822,0.019714841,-130.918376074,-0.108327632,142.886325305,44.837573213,-0.018101879,0.000449387,0.021691805,0.000049600,-0.000485944,-0.000744417,-0.000334243,0.680732740,-0.000067466,-0.673888407,-0.000083149,0.234627565,0.000253807,-0.165611537,-0.018379295,0.000001822,0.018194503,0.000002245,-0.006334776,-0.000006853,0.004471393,1.361465480,-0.000134932,-1.347776814,-0.000166298,0.469255130,0.000507613,-0.331223075,-0.221336733,-0.050496414,0.285874467,0.005289540,0.424125034,0.336781493,0.052011129
5.350000000,0,5.350000000,sample,0.216533587,0.000001845,0.216032179,0.216036004,0.000003825,3.825478068,0.000023909,1,1,2.000000000,0.080000000,2.000000000,0.020483070,0.010241535,0.010241535,0.037893550,0.037893550,-0.037893550,0.019659117,0.010804661,0.947881169,3,70.097517246,1,46.339896838,0.299153331,0.174980704,0.305346520,0.175754524,2.211896193,0.345964059,0.493470322,0.186606329,0.361373907,2.000000000,2.138024879,2.000000000,0.073679918,1.473598356,0.159672856,1.000000000,0.950348222,0.704530789,0.663420077,-0.284452576,0.950348222,0.794832013,0.691108868,1,0,0,0.000000000,0.050181967,-0.254118004,0.149661371,-0.126558194,-0.015853315,0.119791246,0.291573888,12.121877364,0.023292670,-130.918438074,-0.107595043,142.886512319,44.836795260,0.005199852,-0.000488110,-0.009046123,0.000649079,0.002681373,-0.000026239,0.000141060,0.680734139,-0.000076267,-0.673890276,-0.000082585,0.234621275,0.000252083,-0.165607092,0.006971762,-0.000000781,-0.006901671,-0.000000846,0.002402882,0.000002582,-0.001696071,1.361468279,-0.000152533,-1.347780551,-0.000165169,0.469242551,0.000504165,-0.331214184,-0.254926970,-0.045833308,0.294487725,0.012259730,0.411396516,0.337514521,0.054783946
5.400000000,0,5.400000000,sample,0.216533678,0.000001832,0.216036330,0.216032078,0.000004252,4.252357326,0.000026577,1,1,2.000000000,0.080000000,2.000000000,-0.084084439,0.042042219,-0.042042219,0.042042219,0.042042219,-0.042042219,0.022632410,0.043518761,0.966071152,1,54.627984571,1,46.339597488,0.316093304,0.171062236,0.317030842,0.175634735,1.207735090,0.669708344,0.692185804,0.066210913,0.541721932,2.000000000,1.911286347,2.000000000,0.095491503,1.909830056,0.206951057,1.000000000,0.941889971,0.787683717,0.696537062,0.309504274,1.025670956,0.801358099,0.696537062,1,0,0,0.000000000,0.052719611,-0.269933968,0.155792402,-0.124066566,-0.016515433,0.116606245,0.305468422,12.122485018,0.011664417,-130.918514056,-0.107672792,142.886522401,44.836196861,0.032165041,0.000745848,-0.028823885,-0.000434605,-0.000612859,0.000001992,-0.005230252,-0.680731941,0.000047270,0.673886833,0.000082648,-0.234632122,-0.000252277,0.165614782,0.028619482,-0.000001987,-0.028331698,-0.000003475,0.009864455,0.000010606,-0.006962813,-1.361463881,0.000094541,1.347773666,0.000165296,-0.469264244,-0.000504553,0.331229564,-0.372169798,-0.053538828,0.217415370,0.025554650,0.422527653,0.338331560,0.053542213
5.450000000,0,5.450000000,sample,0.216533546,-0.000002647,0.216037809,0.216030316,0.000007493,7.492956741,0.000046831,1,1,2.000000000,0.080000000,2.000000000,0.012850094,0.006425047,0.006425047,0.040710904,0.040710904,-0.040710904,0.024652022,0.007192741,0.893268200,3,61.397909155,1,46.339749604,0.318858026,0.170751927,0.323891631,0.174762696,1.171968042,0.131123380,0.690364907,0.166809678,0.483692604,2.000000000,1.866633421,2.000000000,0.119797017,2.395940344,0.259619465,1.000000000,0.923742021,0.755122434,0.676780266,0.275187774,0.966540325,0.804209106,0.707142251,1,0,0,0.000000000,0.050791342,-0.275658895,0.151996231,-0.122955089,-0.016047027,0.117391481,0.310960823,12.122155509,0.007032010,-130.918409062,-0.107900032,142.886546184,44.838127349,-0.003836344,0.000158183,0.005636003,-0.000039806,0.001260329,0.000325332,0.001879515,-0.680733058,0.000035750,0.673888737,0.000082820,-0.234626335,-0.000252803,0.165610643,-0.004373742,0.000000230,0.004329767,0.000000532,-0.001507485,-0.000001624,0.001064056,-1.361466116,0.000071499,1.347777474,0.000165641,-0.469252670,-0.000505605,0.331221285,-0.319623936,-0.055821539,0.222159898,0.011964822,0.431963749,0.336880292,0.056363417
5.500000000,0,5.500000000,sample,0.216533408,-0.000002757,0.216034724,0.216033140,0.000001584,1.584290125,0.000009902,1,1,2.000000000,0.080000000,2.000000000,0.044623775,0.022311887,0.022311887,0.038959534,0.038959534,-0.038959534,0.025362296,0.023415009,0.952888268,1,53.014242731,1,46.339690905,0.321592465,0.172938914,0.326325007,0.175498611,0.666960825,0.270930315,0.624904435,0.187719074,0.436282646,2.000000000,1.822561175,2.000000000,0.146446609,2.928932188,0.317376626,1.000000000,1.008411921,0.652909438,0.677125766,0.249869651,1.014545629,0.749900106,0.691313944,1,0,0,0.000000000,0.050857857,-0.278460721,0.152626402,-0.124618630,-0.016219916,0.118806478,0.302330758,12.122276315,0.015582025,-130.918301440,-0.108111723,142.886394096,44.839440697,-0.017048674,0.000436603,0.015927498,0.001563552,0.000673701,-0.000455808,0.000789446,-0.680732627,0.000057118,0.673888406,0.000082983,-0.234627812,-0.000253301,0.165611663,-0.015188430,0.000001274,0.015035722,0.000001852,-0.005234989,-0.000005652,0.003695109,-1.361465253,0.000114236,1.347776812,0.000165967,-0.469255624,-0.000506602,0.331223327,-0.107080761,-0.042734862,0.393671295,0.013017726,0.415780533,0.337661705,0.056314451
5.550000000,0,5.550000000,sample,0.216533698,0.000005807,0.216032872,0.216035545,0.000002674,2.673661690,0.000016710,1,1,2.000000000,0.080000000,2.000000000,0.015125979,0.007562989,0.007562989,0.037251535,0.037251535,-0.037251535,0.021451990,0.008422077,0.897995729,3,58.748434312,1,46.339800937,0.364021522,0.171317039,0.364038515,0.173822436,1.827890897,0.044586986,0.652512540,0.149984509,0.466182995,2.000000000,2.290718465,2.000000000,0.175275976,3.505519517,0.379849310,1.000000000,0.955334394,0.697802674,0.656797454,-0.277495005,1.005559745,0.843495479,0.728629783,1,0,0,0.000000000,0.051916038,-0.326580677,0.152188878,-0.126026194,-0.016141949,0.114918943,0.301108257,12.122086403,0.021682959,-130.918527865,-0.107898687,142.886520998,44.840125733,0.003173424,0.000017778,-0.006455314,-0.000259898,0.001628864,-0.000281851,-0.004048356,0.680733435,-0.000072303,-0.673889011,-0.000082819,0.234625045,0.000252798,-0.165609794,0.005148380,-0.000000547,-0.005096615,-0.000000626,0.001774467,0.000001912,-0.001252505,1.361466870,-0.000144606,-1.347778022,-0.000165638,0.469250091,0.000505596,-0.331219587,-0.270041445,-0.042618875,0.267200333,0.007243983,0.409587717,0.337545592,0.059131443
5.600000000,0,5.600000000,sample,0.216533694,-0.000000099,0.216038375,0.216030056,0.000008319,8.318509746,0.000051991,1,1,2.000000000,0.080000000,2.000000000,-0.034583389,0.017291694,-0.017291694,0.041681661,0.041681661,-0.041681661,0.022947471,0.019146369,0.903131791,1,66.965243950,1,46.339650810,0.396628618,0.165549571,0.397190617,0.171461346,2.262351349,0.522488021,0.896478075,0.082331049,0.678417263,2.000000000,1.753144730,2.000000000,0.206107374,4.122147477,0.446676073,1.000000000,0.917634708,0.754465716,0.680469067,0.284381057,1.032185888,0.754465716,0.680469067,1,0,0,0.000000000,0.052856234,-0.361318747,0.154820031,-0.122538439,-0.016373746,0.110104005,0.321428121,12.122375780,0.005888102,-130.918529392,-0.108178100,142.886562602,44.840410522,0.015667913,0.000099240,-0.010616319,0.000098247,-0.002770092,0.000401080,-0.000734805,-0.680732332,0.000032943,0.673887364,0.000083035,-0.234630347,-0.000253458,0.165613528,0.011771015,-0.000000570,-0.011652654,-0.000001436,0.004057156,0.000004383,-0.002863738,-1.361464664,0.000065886,1.347774728,0.000166071,-0.469260694,-0.000506917,0.331227056,-0.348663384,-0.062651558,0.202610350,0.022563176,0.421638902,0.338980213,0.057443697
5.650000000,0,5.650000000,sample,0.216533793,0.000001983,0.216036279,0.216032349,0.000003929,3.929261064,0.000024558,1,1,2.000000000,0.080000000,2.000000000,0.025833721,0.012916861,0.012916861,0.044628661,0.044628661,-0.044628661,0.022576607,0.013453183,0.960134185,3,70.417036543,1,46.339736177,0.417485753,0.167099101,0.422575866,0.169054300,2.754268861,0.322572044,0.964839702,0.124189622,0.720561687,2.000000000,1.712887607,2.000000000,0.238750718,4.775014353,0.517416526,1.000000000,0.952637922,0.671684868,0.638365304,0.237880274,1.016454053,0.870703666,0.764671059,1,0,0,0.000000000,0.054278059,-0.383875884,0.154879152,-0.123765519,-0.016602328,0.111034088,0.317226546,12.122277815,0.012239811,-130.918620972,-0.108339034,142.886331244,44.843477402,-0.006323605,-0.000457839,0.011289219,-0.000846988,-0.003141913,0.000381885,0.001615306,-0.680732959,0.000048818,0.673888122,0.000083158,-0.234627636,-0.000253834,0.165611702,-0.008792933,0.000000631,0.008704519,0.000001074,-0.003030652,-0.000003279,0.002139183,-1.361465918,0.000097635,1.347776244,0.000166316,-0.469255273,-0.000507667,0.331223405,-0.224431909,-0.045261010,0.256370677,0.006695293,0.414647849,0.337563819,0.058643832
5.700000000,0,5.700000000,sample,0.216533541,-0.000005024,0.216033502,0.216034606,0.000001104,1.103889372,0.000006899,1,1,2.000000000,0.080000000,2.000000000,-0.036056813,0.018028407,-0.018028407,0.041254718,0.041254718,-0.041254718,0.018020842,0.018505581,0.974214573,1,50.335481456,1,46.339863426,0.425862965,0.170658750,0.426603815,0.171874595,0.289295133,0.211733091,0.854194925,0.178005406,0.584822110,2.000000000,2.438331275,2.000000000,0.273004750,5.460095003,0.591636651,1.000000000,0.969729672,0.674766717,0.639365587,-0.259074850,0.994193337,0.703500500,0.670620589,1,0,0,0.000000000,0.051688716,-0.394952172,0.150666265,-0.125289256,-0.016086328,0.114752958,0.310823331,12.121974743,0.019490946,-130.918413447,-0.108324184,142.886337691,44.847871466,-0.013129247,-0.000180796,0.012826315,0.000310026,-0.000275605,-0.000147224,0.002310537,0.680733894,-0.000066905,-0.673890017,-0.000083145,0.234622238,0.000253793,-0.165607793,-0.012272547,0.000001206,0.012149163,0.000001499,-0.004229865,-0.000004575,0.002985645,1.361467788,-0.000133810,-1.347780033,-0.000166289,0.469244476,0.000507586,-0.331215585,-0.264657909,-0.034929103,0.242040367,0.001815342,0.402459517,0.336276872,0.062304660
5.750000000,0,5.750000000,sample,0.216533709,0.000003360,0.216033908,0.216034514,0.000000606,0.606162181,0.000003789,0,0,2.000000000,0.080000000,0.000000000,0.000000000,0.018220178,0.000000000,0.036240445,0.036240445,-0.036240445,0.017155769,0.019844012,0.918170064,1,49.339490332,0,0.000000000,0.475227177,0.167015092,0.475227177,0.171469378,1.550441378,0.740168045,1.022680089,0.094344368,0.822984184,0.000000000,0.650759244,2.000000000,0.308658284,6.173165676,0.668895659,1.000000000,0.984355994,0.668217221,0.648631055,0.000000000,1.025102110,0.705602170,0.678728011,1,0,0,0.000000000,0.051663260,-0.447993781,0.149911137,-0.125345777,-0.015839160,0.109231855,0.317318715,12.121847926,0.018713806,-130.918531943,-0.107961214,142.886583114,44.847796400,0.013938846,-0.000383807,-0.010558081,-0.000288948,0.000279206,0.000002074,-0.009365445,0.000000000,0.000000000,0.000000000,0.000000000,0.000000000,0.000000000,0.000000000,0.012403100,-0.000001183,-0.012278400,-0.000001510,0.004274838,0.000004609,-0.003017389,0.000000000,0.000000000,0.000000000,0.000000000,0.000000000,0.000000000,0.000000000,-0.242694001,-0.031215206,0.297418774,0.007333562,0.394419650,0.336104715,0.061664665
5.800000000,0,5.800000000,sample,0.216533400,-0.000006191,0.216037600,0.216030245,0.000007354,7.354208964,0.000045964,1,1,2.000000000,0.080000000,2.000000000,-0.017543054,0.008771527,-0.008771527,0.037214114,0.037214114,-0.037214114,0.019538934,0.012872600,0.681410696,1,56.356712089,1,46.339738531,0.512281119,0.164705409,0.512450784,0.169074782,1.619915280,0.510817959,1.097143154,0.077308978,0.821684267,2.000000000,1.552824207,2.000000000,0.345491503,6.909830056,0.748738604,1.000000000,0.926916127,0.663079700,0.657440476,0.280467886,0.980792777,0.736083797,0.670799849,1,0,0,0.000000000,0.051696962,-0.486553848,0.151738993,-0.122720070,-0.016103344,0.108666179,0.333469205,12.122182055,0.007300771,-130.918300776,-0.108317571,142.886399897,44.852506563,0.009663603,-0.000118457,-0.005737353,0.000328338,-0.006090720,0.000100397,0.001473970,-0.680732977,0.000036491,0.673888921,0.000083141,-0.234626150,-0.000253781,0.165610488,0.005971068,-0.000000320,-0.005911035,-0.000000729,0.002058030,0.000002226,-0.001452657,-1.361465953,0.000072981,1.347777842,0.000166282,-0.469252299,-0.000507563,0.331220976,-0.231349391,-0.059628159,0.307252626,0.024661776,0.402713482,0.337549996,0.063398696
5.850000000,0,5.850000000,sample,0.216533689,0.000005787,0.216035763,0.216032644,0.000003119,3.119025412,0.000019494,1,1,2.000000000,0.080000000,2.000000000,0.023996885,0.011998443,0.011998443,0.040509800,0.040509800,-0.040509800,0.015111339,0.012203904,0.983164314,3,57.627580630,1,46.339755136,0.536050945,0.166959242,0.536050945,0.169335364,1.420890250,0.214553677,1.139490678,0.131873643,0.840386356,2.000000000,1.515148606,2.000000000,0.383277318,7.665546361,0.830625557,1.000000000,1.012237999,0.608471094,0.638841409,0.229164338,1.015142812,0.741082459,0.673230877,1,0,0,0.000000000,0.053009303,-0.511057705,0.152841916,-0.123888176,-0.016153550,0.110752748,0.329708058,12.122168579,0.013434007,-130.918519257,-0.108497244,142.886555372,44.856972358,-0.007216377,0.001034822,0.009264329,-0.000467095,-0.003010341,-0.000013868,0.000824625,-0.680733098,0.000051823,0.673888525,0.000083279,-0.234626636,-0.000254202,0.165610904,-0.008167737,0.000000622,0.008085613,0.000000999,-0.002815154,-0.000003050,0.001987073,-1.361466197,0.000103647,1.347777051,0.000166558,-0.469253271,-0.000508404,0.331221809,-0.124082303,-0.035443959,0.337700695,0.007477614,0.399272272,0.337082251,0.065766168
5.900000000,0,5.900000000,sample,0.216533970,0.000005608,0.216034434,0.216034488,0.000000054,0.053795207,0.000000336,0,0,2.000000000,0.080000000,0.000000000,0.000000000,0.016693420,0.000000000,0.037609203,0.037609203,-0.037609203,0.016203509,0.017561311,0.950579371,1,50.565801252,0,0.000000000,0.562922397,0.169053330,0.565466871,0.170085783,0.602470071,0.292652484,1.115462705,0.185601503,0.758071158,0.000000000,0.778004198,2.000000000,0.421782767,8.435655350,0.914037363,1.000000000,0.981016800,0.590433370,0.623808545,0.000000000,1.126014149,0.680781543,0.699688832,1,0,0,0.000000000,0.052951725,-0.540085212,0.149618528,-0.124770786,-0.015747427,0.112974766,0.328041826,12.121687617,0.018025811,-130.918735397,-0.108615423,142.886694574,44.862112765,-0.012487784,-0.002140199,0.011689384,-0.001782796,0.000514528,0.000919198,0.002635282,0.000000000,0.000000000,0.000000000,0.000000000,0.000000000,0.000000000,0.000000000,-0.011363795,0.000001057,0.011249541,0.000001392,-0.003916589,-0.000004248,0.002764521,0.000000000,0.000000000,0.000000000,0.000000000,0.000000000,0.000000000,0.000000000,-0.155532150,-0.043172241,0.309838703,0.004847467,0.385873873,0.337182273,0.066850256
5.950000000,0,5.950000000,sample,0.216533547,-0.000008446,0.216033476,0.216034649,0.000001173,1.172689835,0.000007329,1,1,2.000000000,0.080000000,2.000000000,0.007987610,0.003993805,0.003993805,0.034069045,0.034069045,-0.034069045,0.015226159,0.005347974,0.746788371,5,59.930322406,1,46.339800735,0.608990538,0.167237624,0.608990538,0.169490331,1.079370247,0.175473083,1.267566136,0.169495941,0.897382249,2.000000000,2.729385597,2.000000000,0.460770452,9.215409043,0.998559462,1.000000000,0.971379409,0.586688712,0.634784024,-0.263207619,0.993130816,0.720612655,0.677806634,1,0,0,0.000000000,0.052903220,-0.587444450,0.151590707,-0.125102492,-0.016120089,0.109808617,0.331460858,12.122084900,0.019637923,-130.918413441,-0.108613035,142.886400966,44.863939189,0.002809901,0.000942164,-0.001591991,-0.000297503,0.004140117,0.000068070,-0.000222421,0.680733433,-0.000067321,-0.673889322,-0.000083367,0.234624467,0.000254472,-0.165609353,0.002718717,-0.000000269,-0.002691383,-0.000000333,0.000937044,0.000001016,-0.000661411,1.361466867,-0.000134642,-1.347778643,-0.000166734,0.469248935,0.000508943,-0.331218707,-0.167119345,-0.049510762,0.335798522,0.011310287,0.375170652,0.338085264,0.068024497
6.000000000,0,6.000000000,sample,0.216533133,-0.000008284,0.216036087,0.216031229,0.000004858,4.858107961,0.000030363,1,1,2.000000000,0.080000000,2.000000000,-0.068648857,0.034324429,-0.034324429,0.039261837,0.039261837,-0.039261837,0.011496910,0.038184828,0.898902272,1,50.290666458,1,46.339648604,0.639986720,0.164369139,0.641283580,0.167191469,0.724305798,0.696863042,1.254391408,0.046911045,0.932396858,2.000000000,1.328244236,2.000000000,0.500000000,10.000000000,1.083594717,1.000000000,0.932108319,0.609150109,0.636254902,0.279567363,1.030369612,0.694141140,0.657315970,1,0,0,0.000000000,0.050353253,-0.619920380,0.150818681,-0.123559019,-0.015815336,0.107239255,0.344096887,12.122273310,0.010864818,-130.918069480,-0.108114539,142.886541309,44.865030276,0.027079119,0.000741173,-0.025956759,0.001507153,-0.006940686,-0.000165799,-0.000166163,-0.680732316,0.000045349,0.673888483,0.000082986,-0.234628332,-0.000253307,0.165611892,0.023365748,-0.000001557,-0.023130837,-0.000002848,0.008053483,0.000008695,-0.005684534,-1.361464632,0.000090698,1.347776966,0.000165972,-0.469256664,-0.000506614,0.331223784,-0.226503370,-0.057127761,0.300489600,0.012733933,0.376250920,0.337073551,0.067922426
6.050000000,0,6.050000000,sample,0.216533694,0.000011213,0.216037807,0.216030620,0.000007187,7.187383959,0.000044921,1,1,2.000000000,0.080000000,2.000000000,0.001778197,0.000889099,0.000889099,0.033496786,0.033496786,-0.033496786,0.012679633,0.004226418,0.210366935,1,55.457297930,1,46.339707563,0.671906337,0.163235491,0.671942159,0.166477209,2.678877027,0.425306611,1.221302804,0.188099416,0.819482279,2.000000000,1.324483366,2.000000000,0.539229548,10.784590957,1.168614856,1.000000000,0.923290718,0.594627265,0.629874884,0.257521074,0.984150717,0.646302807,0.643863392,1,0,0,0.000000000,0.054490908,-0.651739613,0.154027088,-0.122634393,-0.016315056,0.106491550,0.351023317,12.122277822,0.007568051,-130.918532264,-0.108480159,142.886499586,44.868277208,-0.003147399,0.000892468,-0.001864037,0.000123006,0.001088955,0.000230643,0.001559233,-0.680732749,0.000037185,0.673887989,0.000083266,-0.234628334,-0.000254164,0.165612120,-0.000605239,0.000000033,0.000599153,0.000000074,-0.000208608,-0.000000226,0.000147246,-1.361465498,0.000074371,1.347775978,0.000166533,-0.469256669,-0.000508328,0.331224241,-0.194771098,-0.065253384,0.301425520,0.017944476,0.380091078,0.338273244,0.066867189
6.100000000,0,6.100000000,sample,0.216533891,0.000003945,0.216035633,0.216033190,0.000002443,2.443230083,0.000015270,1,1,2.000000000,0.080000000,2.000000000,-0.012392619,0.006196309,-0.006196309,0.015406639,0.015406639,-0.015406639,0.011328836,0.009736314,0.636412240,1,35.840553938,1,46.339671583,0.702248088,0.163776492,0.705362573,0.166388159,0.645672350,0.439560760,1.406849264,0.087465297,1.058266999,2.000000000,1.254965433,2.000000000,0.578217233,11.564344650,1.253118927,1.000000000,0.903612243,0.583510310,0.627182723,0.272242566,0.982393330,0.618164629,0.630517162,1,0,0,0.000000000,0.056362973,-0.682346504,0.156137247,-0.123807568,-0.016607094,0.105918034,0.347135233,12.122389463,0.014478713,-130.918688464,-0.108927140,142.886481251,44.870929187,0.005828837,0.000144107,-0.005145379,-0.000861162,-0.005752037,-0.000226024,-0.000667946,-0.680732485,0.000054503,0.673887220,0.000083610,-0.234630282,-0.000255214,0.165613572,0.004218029,-0.000000338,-0.004175614,-0.000000518,0.001453842,0.000001581,-0.001026193,-1.361464970,0.000109007,1.347774439,0.000167221,-0.469260564,-0.000510427,0.331227144,-0.228979987,-0.073328440,0.282869257,0.030236633,0.365776963,0.340400909,0.070387762
6.150000000,0,6.150000000,sample,0.216533542,-0.000006982,0.216034603,0.216033521,0.000001081,1.081409257,0.000006759,1,1,2.000000000,0.080000000,2.000000000,-0.022555482,0.011277741,-0.011277741,0.014645159,0.014645159,-0.014645159,0.008797904,0.011479906,0.982389629,3,55.386985742,1,46.339691266,0.721714086,0.162938169,0.724410453,0.164796170,1.228712101,0.067503179,1.388197734,0.146711966,0.989853205,2.000000000,1.214366594,2.000000000,0.616722682,12.334453639,1.336556311,1.000000000,0.915706756,0.595954765,0.616582022,0.251913923,0.991455635,0.626131237,0.625894492,1,0,0,0.000000000,0.053747641,-0.703225089,0.153156415,-0.124357657,-0.016197991,0.104027136,0.347345167,12.122277821,0.016402097,-130.918402240,-0.108688481,142.886498407,44.870938523,0.006402382,0.000472310,-0.008543626,0.000092343,0.002703556,-0.000328247,-0.003186794,-0.680732629,0.000059261,0.673888137,0.000083426,-0.234628309,-0.000254652,0.165612041,0.007677126,-0.000000668,-0.007599936,-0.000000941,0.002646077,0.000002872,-0.001867730,-1.361465259,0.000118523,1.347776273,0.000166853,-0.469256617,-0.000509304,0.331224081,-0.273666478,-0.063959216,0.207712500,0.025896547,0.368556451,0.340744774,0.073710885
6.200000000,0,6.200000000,sample,0.216533916,0.000007484,0.216034508,0.216034359,0.000000149,0.149060032,0.000000932,0,0,2.000000000,0.080000000,0.000000000,0.000000000,0.000769345,0.000000000,0.013374470,0.013374470,-0.013374470,0.010565775,0.005770408,0.133325963,5,80.596256283,0,0.000000000,0.719791279,0.164214222,0.723065876,0.165040612,2.001657029,0.285564264,1.530603467,0.181179193,1.096580391,0.000000000,1.144013487,2.000000000,0.654508497,13.090169944,1.418457575,1.000000000,0.960565811,0.534469655,0.619700969,0.000000000,1.047523560,0.590357994,0.631127276,1,0,0,0.000000000,0.056201239,-0.700420539,0.156051196,-0.124560524,-0.016522075,0.105726097,0.345628585,12.122387976,0.017767010,-130.918700366,-0.108818176,142.886580607,44.872358819,0.000981747,0.001002686,0.001382298,-0.001166245,0.005180408,-0.000021055,0.001104743,0.000000000,0.000000000,0.000000000,0.000000000,0.000000000,0.000000000,0.000000000,0.000523718,-0.000000048,-0.000518452,-0.000000064,0.000180512,0.000000196,-0.000127414,0.000000000,0.000000000,0.000000000,0.000000000,0.000000000,0.000000000,0.000000000,-0.128879726,-0.062460244,0.336239701,0.016759566,0.361176004,0.338375046,0.072347969
6.250000000,0,6.250000000,sample,0.216533665,-0.000005029,0.216034210,0.216034156,0.000000054,0.053742192,0.000000336,0,0,2.000000000,0.080000000,0.000000000,0.000000000,0.003379617,0.000000000,0.012120669,0.012120669,-0.012120669,0.009720171,0.004034378,0.837704635,3,52.210937595,0,0.000000000,0.747616024,0.162102868,0.749183363,0.163920446,0.738731305,0.171538799,1.522982010,0.130257636,1.127815987,0.000000000,1.164246212,2.000000000,0.691341716,13.826834324,1.498258852,1.000000000,0.949605171,0.545635648,0.591801040,0.000000000,1.047533192,0.553613388,0.623065163,1,0,0,0.000000000,0.055050523,-0.729671120,0.153229293,-0.124504183,-0.016358643,0.102510697,0.348628905,12.122182056,0.017929141,-130.918512601,-0.108968796,142.886353351,44.872422494,-0.002100896,0.000037161,0.002915126,-0.000873836,-0.000882084,-0.000159994,-0.001340090,0.000000000,0.000000000,0.000000000,0.000000000,0.000000000,0.000000000,0.000000000,-0.002300618,0.000000213,0.002277486,0.000000283,-0.000792946,-0.000000863,0.000559700,0.000000000,0.000000000,0.000000000,0.000000000,0.000000000,0.000000000,0.000000000,-0.173135279,-0.052981395,0.254469893,0.009912015,0.365876612,0.337233524,0.070712788
6.300000000,0,6.300000000,sample,0.216533622,-0.000000853,0.216034339,0.216033934,0.000000405,0.405209379,0.000002533,0,0,2.000000000,0.080000000,0.000000000,0.000000000,0.000191890,0.000000000,0.013618134,0.013618134,-0.013618134,0.009301398,0.003274746,0.058597032,3,40.087960553,0,0.000000000,0.774550508,0.160184167,0.774550508,0.162015333,2.219049662,0.214051255,1.653681332,0.125523280,1.234162128,0.000000000,1.209594053,2.000000000,0.726995250,14.539904997,1.575501156,1.000000000,0.979235445,0.517523418,0.593845299,0.000000000,1.028747452,0.574511441,0.616476555,1,0,0,0.000000000,0.054740648,-0.757658199,0.151281209,-0.124422496,-0.016228548,0.099572306,0.352180640,12.121974743,0.017415337,-130.918485583,-0.108925421,142.886251663,44.872498825,0.001959945,-0.001250900,0.002073407,-0.000737742,-0.000232672,-0.000468257,0.000448488,0.000000000,0.000000000,0.000000000,0.000000000,0.000000000,0.000000000,0.000000000,-0.000130626,0.000000012,0.000129313,0.000000016,-0.000045022,-0.000000049,0.000031779,0.000000000,0.000000000,0.000000000,0.000000000,0.000000000,0.000000000,0.000000000,-0.105298981,-0.053731032,0.298406278,0.012945152,0.360588912,0.338560089,0.069398555
6.350000000,0,6.350000000,sample,0.216533670,0.000000951,0.216034703,0.216033666,0.000001037,1.036756223,0.000006480,1,1,2.000000000,0.080000000,2.000000000,-0.004842426,0.002421213,-0.002421213,0.014969038,0.014969038,-0.014969038,0.010910934,0.003631844,0.666662167,3,55.782366965,1,46.339817267,0.797946275,0.158930724,0.798573687,0.160398131,0.786286874,0.118750109,1.563165961,0.139675873,1.119816123,2.000000000,1.061005768,2.000000000,0.761249282,15.224985647,1.649750969,1.000000000,1.001566479,0.510802178,0.588861086,0.199279214,1.014104262,0.603984744,0.605101255,1,0,0,0.000000000,0.055085070,-0.781326740,0.152356218,-0.124183563,-0.016261499,0.097841614,0.355681255,12.122086237,0.016518434,-130.918516406,-0.109004812,142.886360171,44.873455318,0.001594344,0.000209976,-0.002712537,-0.000234201,-0.001144512,-0.000246511,0.001349403,-0.680733555,0.000059604,0.673889256,0.000083668,-0.234624332,-0.000255390,0.165609314,0.001648201,-0.000000144,-0.001631629,-0.000000203,0.000568075,0.000000618,-0.000400975,-1.361467110,0.000119208,1.347778512,0.000167336,-0.469248664,-0.000510779,0.331218628,-0.104287235,-0.041989943,0.296907442,0.003841043,0.357285799,0.336065459,0.073187969
6.400000000,0,6.400000000,sample,0.216533638,-0.000000626,0.216035253,0.216033039,0.000002215,2.214882717,0.000013843,1,1,2.000000000,0.080000000,2.000000000,-0.000733633,0.000366816,-0.000366816,0.015684440,0.015684440,-0.015684440,0.012032686,0.001258231,0.291533390,2,57.377801636,1,46.339845892,0.820829152,0.157531871,0.822865420,0.158898820,0.540364037,0.067384453,1.622988589,0.142250054,1.170304180,2.000000000,1.016626591,2.000000000,0.793892626,15.877852523,1.720481008,1.000000000,1.012118959,0.492956163,0.601554242,0.188056653,1.072765108,0.527480777,0.635819116,1,0,0,0.000000000,0.053765044,-0.805079894,0.150718879,-0.123935943,-0.015892902,0.095935333,0.360032400,12.121974725,0.014789498,-130.918475475,-0.108814683,142.886576010,44.874058455,-0.000158971,-0.000953087,-0.000434818,-0.000194437,0.000568223,0.000116798,-0.000293441,-0.680733765,0.000055258,0.673889615,0.000083521,-0.234623267,-0.000254942,0.165608502,0.000249704,-0.000000020,-0.000247194,-0.000000031,0.000086064,0.000000094,-0.000060748,-1.361467530,0.000110516,1.347779229,0.000167043,-0.469246535,-0.000509884,0.331217003,-0.052631729,-0.052669637,0.331986490,0.009699509,0.356103018,0.337382997,0.073331849
6.450000000,0,6.450000000,sample,0.216533557,-0.000001629,0.216035250,0.216032877,0.000002374,2.373595696,0.000014835,1,1,2.000000000,0.080000000,2.000000000,-0.019965603,0.009982802,-0.009982802,0.011376391,0.011376391,-0.011376391,0.008906482,0.011174515,0.893354375,1,62.365804408,1,46.339892919,0.867999148,0.159574440,0.868685152,0.160990641,1.072117650,0.125246181,1.783562946,0.122108530,1.303483661,2.000000000,0.980382857,2.000000000,0.824724024,16.494480483,1.787286386,1.000000000,0.966050129,0.516260831,0.579915967,0.227326455,1.063076255,0.541172552,0.628025964,1,0,0,0.000000000,0.053479269,-0.853353336,0.149501080,-0.123746985,-0.015776304,0.099507758,0.365464199,12.121879016,0.014595181,-130.918413447,-0.109023032,142.886519783,44.883039282,0.008824740,-0.000912386,-0.006530982,-0.000423423,-0.000599967,0.000080909,0.001720980,-0.680734110,0.000054808,0.673890292,0.000083681,-0.234621308,-0.000255428,0.165607099,0.006795634,-0.000000547,-0.006727313,-0.000000835,0.002342178,0.000002550,-0.001653223,-1.361468221,0.000109616,1.347780585,0.000167361,-0.469242615,-0.000510857,0.331214199,-0.183705290,-0.046156172,0.252494018,0.012360591,0.342136253,0.337317857,0.075352089
6.500000000,0,6.500000000,sample,0.216533429,-0.000002550,0.216034810,0.216033077,0.000001734,1.733610737,0.000010835,1,1,2.000000000,0.080000000,2.000000000,-0.004517220,0.002258610,-0.002258610,0.012543836,0.012543836,-0.012543836,0.009473874,0.003637847,0.620864446,3,73.175838499,1,46.339847690,0.889214464,0.159854927,0.894278898,0.160356266,1.553123763,0.096969135,1.700829126,0.131809717,1.225826338,2.000000000,0.963926589,2.000000000,0.853553391,17.071067812,1.849778691,1.000000000,0.972977036,0.499310215,0.582146476,0.229407878,1.031377964,0.535626485,0.610901301,1,0,0,0.000000000,0.053657959,-0.874832386,0.149971607,-0.123807481,-0.015914441,0.099860082,0.366800469,12.121974743,0.015553677,-130.918319614,-0.109242712,142.886380491,44.885840254,0.000531272,-0.000347456,-0.003111919,0.000031367,-0.001505143,0.000166029,-0.000923532,-0.680733778,0.000057237,0.673890068,0.000083850,-0.234622388,-0.000255945,0.165607844,0.001537512,-0.000000129,-0.001522055,-0.000000189,0.000529920,0.000000578,-0.000374044,-1.361467557,0.000114474,1.347780136,0.000167699,-0.469244777,-0.000511890,0.331215689,-0.160981896,-0.047869394,0.276395141,0.012374055,0.338169795,0.337085916,0.078452235
6.550000000,0,6.550000000,sample,0.216533497,0.000001350,0.216034607,0.216033430,0.000001178,1.177916829,0.000007362,1,1,2.000000000,0.080000000,2.000000000,0.001253474,0.000626737,0.000626737,0.004767813,0.004767813,-0.002364925,0.004767813,0.001192072,0.525754291,3,51.056260641,1,46.339721821,0.883105332,0.162424287,0.890211951,0.162507441,0.634961810,0.044998598,1.795606916,0.140674109,1.308815117,2.000000000,0.955697027,2.000000000,0.880202983,17.604059656,1.907571763,1.000000000,0.962717908,0.489248643,0.584388544,0.254097355,0.998812458,0.507899718,0.594080376,1,0,0,0.000000000,0.054860367,-0.868061630,0.152755929,-0.123596149,-0.016219040,0.104127728,0.365189494,12.122235716,0.016461498,-130.918374138,-0.109890338,142.886380657,44.889901696,0.000129589,0.000473265,0.000851779,-0.000132933,-0.000146529,-0.000041621,0.000643319,-0.680732854,0.000059612,0.673888569,0.000084348,-0.234627039,-0.000257467,0.165611152,-0.000426640,0.000000037,0.000422351,0.000000053,-0.000147049,-0.000000161,0.000103795,-1.361465708,0.000119224,1.347777138,0.000168697,-0.469254078,-0.000514935,0.331222304,-0.182413517,-0.050923143,0.285539685,0.015922857,0.322587897,0.336698301,0.080168369
6.600000000,0,6.600000000,sample,0.216533680,0.000003655,0.216034699,0.216033687,0.000001012,1.011747632,0.000006323,1,1,2.000000000,0.080000000,2.000000000,0.001338849,0.000669425,0.000669425,0.004770890,0.004770890,-0.002258753,0.004770890,0.002620298,0.255476471,2,39.146231181,1,46.339886725,0.890148290,0.171484503,0.896298282,0.171484503,1.021111211,0.198954150,1.737222532,0.170390349,1.214258846,2.000000000,0.957587911,2.000000000,0.904508497,18.090169944,1.960205343,1.000000000,0.959350226,0.473086808,0.577646665,0.260458705,1.013024872,0.498951766,0.595198677,1,0,0,0.000000000,0.055845189,-0.875367479,0.151581890,-0.123513069,-0.016207217,0.117850679,0.365716586,12.121974743,0.016728521,-130.918531979,-0.110058987,142.886257807,44.904547629,-0.001161224,-0.001639441,-0.000320666,-0.000393421,0.000595566,-0.000455615,0.001417697,-0.680734065,0.000060306,0.673889999,0.000084476,-0.234621906,-0.000257857,0.165607627,-0.000455700,0.000000040,0.000451119,0.000000057,-0.000157062,-0.000000173,0.000110862,-1.361468130,0.000120611,1.347779998,0.000168952,-0.469243812,-0.000515715,0.331215254,-0.194876006,-0.051121839,0.277387554,0.016412521,0.309429509,0.336782685,0.081872741
6.650000000,0,6.650000000,sample,0.216533590,-0.000001784,0.216034734,0.216033459,0.000001275,1.275430899,0.000007971,1,1,2.000000000,0.080000000,2.000000000,-0.004637289,0.002318645,-0.002318645,0.005110116,0.005110116,-0.004800301,0.005110116,0.010736909,0.215950853,7,77.671692461,1,46.339844905,0.898499817,0.172153938,0.898816201,0.172388808,0.952343804,0.731606692,1.792870833,0.237258190,1.183113036,2.000000000,0.999061925,2.000000000,0.926320082,18.526401644,2.007472313,1.000000000,1.011685205,0.456368523,0.583262342,0.241311609,1.066095866,0.466862693,0.606146061,1,0,0,0.000000000,0.053699731,-0.884228673,0.150192923,-0.123459676,-0.015722848,0.118943174,0.367071049,12.121956698,0.016341087,-130.918432375,-0.110010765,142.886620722,44.906578183,0.002156531,-0.001442822,-0.002306662,0.000160288,0.003678697,0.000358872,0.009462604,-0.680733758,0.000059331,0.673889703,0.000084439,-0.234623124,-0.000257744,0.165608369,0.001578380,-0.000000138,-0.001562511,-0.000000196,0.000544008,0.000000598,-0.000383987,-1.361467516,0.000118662,1.347779406,0.000168879,-0.469246248,-0.000515488,0.331216739,-0.114543579,-0.043975965,0.330385726,0.011208633,0.309681005,0.336705855,0.081162333
6.700000000,0,6.700000000,sample,0.216533582,-0.000000176,0.216034900,0.216033291,0.000001609,1.609097121,0.000010057,1,1,2.000000000,0.080000000,2.000000000,0.003321701,0.001660850,0.001660850,0.013810610,0.013810610,-0.013810610,0.005376601,0.004373884,0.379719818,5,66.454932439,1,46.339729045,0.914717982,0.171282672,0.914717982,0.172565416,1.334765323,0.263702834,1.895092077,0.116708084,1.398628051,2.000000000,0.887970963,2.000000000,0.945503262,18.910065242,2.049084219,1.000000000,0.986790448,0.459997639,0.569458678,0.223868072,1.021911220,0.493266291,0.582926078,1,0,0,0.000000000,0.054413144,-0.900320407,0.152221421,-0.123064130,-0.015930970,0.118064294,0.369276776,12.122181945,0.015944652,-130.918424865,-0.110521399,142.886626744,44.907925188,0.000947577,0.000307233,0.001846918,0.000185510,-0.003565586,0.000371184,0.001357155,-0.680732907,0.000058429,0.673888464,0.000084833,-0.234627149,-0.000258945,0.165611205,-0.001130596,0.000000097,0.001119228,0.000000141,-0.000389681,-0.000000430,0.000275055,-1.361465814,0.000116858,1.347776928,0.000169666,-0.469254298,-0.000517890,0.331222410,-0.140370930,-0.047598655,0.281500440,0.012971167,0.319094900,0.338181366,0.081942758
6.750000000,0,6.750000000,sample,0.216533667,0.000001704,0.216034843,0.216033528,0.000001315,1.314677622,0.000008217,1,1,2.000000000,0.080000000,2.000000000,0.010519504,0.005259752,0.005259752,0.005259752,0.005259752,-0.004123735,0.005259752,0.010123854,0.519540454,7,71.017294945,1,46.339771747,0.915181240,0.179161694,0.919492888,0.179270367,2.685717679,0.789553873,1.705458681,0.248902706,1.112890349,2.000000000,1.064297637,2.000000000,0.961939766,19.238795325,2.084704935,1.000000000,1.016435443,0.437913301,0.581447911,0.243759649,1.028467175,0.466104612,0.590291091,1,0,0,0.000000000,0.056247968,-0.900497682,0.153286637,-0.123109434,-0.016294454,0.129141281,0.368852125,12.122182113,0.016372014,-130.918516172,-0.110542686,142.886330910,44.919011806,-0.005369121,0.000017983,0.000372026,-0.000770501,0.000250677,-0.000287018,0.008531550,-0.680733220,0.000059499,0.673888773,0.000084849,-0.234625900,-0.000258995,0.165610424,-0.003580488,0.000000313,0.003544488,0.000000446,-0.001234074,-0.000001362,0.000871070,-1.361466441,0.000118998,1.347777547,0.000169697,-0.469251801,-0.000517989,0.331220848,-0.109634732,-0.045232856,0.334934090,0.010330314,0.301378578,0.336937706,0.085861874
6.800000000,0,6.800000000,sample,0.216533584,-0.000001649,0.216034770,0.216033425,0.000001345,1.345189297,0.000008407,1,1,2.000000000,0.080000000,2.000000000,0.000410411,0.000205206,0.000205206,0.004806868,0.004806868,-0.001122731,0.004806868,0.000764719,0.268341194,4,41.532689731,1,46.339792322,0.913687422,0.181689261,0.917376684,0.181821878,0.494898696,0.039261476,1.839217464,0.158540155,1.306283988,2.000000000,0.909278719,2.000000000,0.975528258,19.510565163,2.114137216,1.000000000,1.016470932,0.426368053,0.573446958,0.250566621,1.061803463,0.435043606,0.609948548,1,0,0,0.000000000,0.054662804,-0.899363183,0.151599958,-0.122936626,-0.015937828,0.132829060,0.368755934,12.122086236,0.016374080,-130.918436236,-0.110819615,142.886502164,44.922827289,0.000126706,-0.000207765,0.000406656,0.000492830,0.000143234,-0.000045148,0.000307847,-0.680733372,0.000059550,0.673889153,0.000085061,-0.234624912,-0.000259642,0.165609655,-0.000139690,0.000000012,0.000138286,0.000000017,-0.000048146,-0.000000053,0.000033984,-1.361466743,0.000119100,1.347778307,0.000170122,-0.469249825,-0.000519283,0.331219310,-0.122157144,-0.042446546,0.328030009,0.008181329,0.288949907,0.336990744,0.085976189
6.850000000,0,6.850000000,sample,0.216533648,0.000001277,0.216034791,0.216033531,0.000001261,1.260574248,0.000007879,1,1,2.000000000,0.080000000,2.000000000,0.000566380,0.000283190,0.000283190,0.007649273,0.007649273,-0.002931104,0.007649273,0.001212635,0.233532728,7,51.138425475,1,46.339737247,0.915779476,0.182738764,0.922199929,0.183132461,0.146557498,0.044799585,1.826618318,0.156953510,1.300132062,2.000000000,0.911788731,2.000000000,0.986184960,19.723699204,2.137248485,1.000000000,0.970038808,0.420325255,0.557574606,0.243848945,1.019119958,0.427210885,0.577883482,1,0,0,0.000000000,0.054880131,-0.901310204,0.152578292,-0.122958153,-0.015953060,0.134239519,0.368838122,12.122180108,0.016496153,-130.918479320,-0.110819699,142.886620751,44.924439492,-0.000436195,-0.000352018,0.000256317,-0.000282432,0.000181948,0.000475129,-0.000867169,-0.680732967,0.000059855,0.673888420,0.000085062,-0.234627102,-0.000259644,0.165611198,-0.000192777,0.000000017,0.000190838,0.000000024,-0.000066444,-0.000000074,0.000046899,-1.361465934,0.000119711,1.347776841,0.000170124,-0.469254204,-0.000519287,0.331222397,-0.161695758,-0.052563685,0.278106448,0.013052820,0.288708881,0.337297842,0.085701561
6.900000000,0,6.900000000,sample,0.216533797,0.000002985,0.216035001,0.216033622,0.000001379,1.379474609,0.000008622,1,1,2.000000000,0.080000000,2.000000000,0.000074351,0.000037175,0.000037175,0.001471768,0.001471768,-0.001267155,0.001471768,0.001564661,0.023759298,3,26.825245039,1,46.339862683,0.915239634,0.184183459,0.920020656,0.184183459,0.839840259,0.132923037,1.790166028,0.174274393,1.248520441,2.000000000,0.943763588,2.000000000,0.993844170,19.876883406,2.153823189,1.000000000,0.988765708,0.416944716,0.566963495,0.248250370,1.012454832,0.421580378,0.569966986,1,0,0,0.000000000,0.056917224,-0.900597159,0.152803054,-0.122877794,-0.016300938,0.136230957,0.368938854,12.122041124,0.016334690,-130.918626607,-0.110882995,142.886276219,44.926423648,-0.000689329,-0.000610590,-0.000810387,-0.000553208,0.000064736,-0.000154700,0.000780565,-0.680733888,0.000059462,0.673889501,0.000085109,-0.234623182,-0.000259789,0.165608567,-0.000025306,0.000000002,0.000025052,0.000000003,-0.000008722,-0.000000010,0.000006157,-1.361467777,0.000118925,1.347779003,0.000170218,-0.469246363,-0.000519579,0.331217134,-0.132154670,-0.051696284,0.313631798,0.012997061,0.286586237,0.336490754,0.086131958
6.950000000,0,6.950000000,sample,0.216533470,-0.000006544,0.216034643,0.216033332,0.000001311,1.310547050,0.000008191,1,1,2.000000000,0.080000000,2.000000000,0.002167132,0.001083566,0.001083566,0.004913329,0.004913329,-0.003892953,0.004913329,0.005432081,0.199475288,7,94.597060647,1,46.339730760,0.915727720,0.189674265,0.921944801,0.189674265,0.797934542,0.379550880,1.797225960,0.207751949,1.208753393,2.000000000,0.971602971,2.000000000,0.998458667,19.969173337,2.163848329,1.000000000,1.079059398,0.417171632,0.590642350,0.241833086,1.088791354,0.438489607,0.599398624,1,0,0,0.000000000,0.054155776,-0.901426274,0.151838994,-0.122806138,-0.015901512,0.143673662,0.368912499,12.122182113,0.016456936,-130.918342349,-0.111018256,142.886515326,44.934068364,-0.000766553,0.000168206,-0.000417549,0.000870775,0.000135887,0.000165269,0.005283297,-0.680732919,0.000059791,0.673888715,0.000085214,-0.234626651,-0.000260109,0.165610835,-0.000737619,0.000000065,0.000730203,0.000000092,-0.000254233,-0.000000282,0.000179450,-1.361465839,0.000119582,1.347777430,0.000170428,-0.469253302,-0.000520218,0.331221670,-0.055314289,-0.035744413,0.379148532,0.004702887,0.281326107,0.337114189,0.089190643
7.000000000,0,7.000000000,disturb_auto_hold,0.000000000,,0.000000000,0.000000000,0.000000000,0.000000000,0.000000000,0,0,0.000000000,0.000000000,0.000000000,0.000000000,0.000000000,0.000000000,0.000000000,0.000000000,0.000000000,0.000000000,0.001020613,0.000000000,7,49.177086092,0,0.000000000,0.000000000,0.000000000,0.000000000,0.000000000,0.327028597,0.067835248,0.000000000,0.000000000,0.000000000,0.000000000,0.000000000,0.000000000,0.000000000,0.000000000,0.000000000,1.000000000,0.000000000,0.000000000,0.000000000,0.000000000,0.000000000,0.000000000,0.000000000,0,0,0,0.000000000,0.000000000,0.000000000,0.000000000,0.000000000,0.000000000,0.000000000,0.369039254,12.122277819,0.016557130,-130.918528023,-0.111053477,142.886337148,44.935308824,0.000052172,0.000579948,-0.000173268,-0.000060344,0.000328959,0.000220134,0.000715719,0.000000000,0.000000000,0.000000000,0.000000000,0.000000000,0.000000000,0.000000000,0.000000000,0.000000000,0.000000000,0.000000000,0.000000000,0.000000000,0.000000000,0.000000000,0.000000000,0.000000000,0.000000000,0.000000000,0.000000000,0.000000000,0.000000000,0.000000000,0.000000000,0.000000000,0.000000000,0.000000000,0.000000000
7.000000000,0,7.000000000,sample,0.216533682,0.000004236,0.216034826,0.216033581,0.000001245,1.244799569,0.000007780,1,1,2.000000000,0.080000000,2.000000000,-0.000221915,0.000110958,-0.000110958,0.001806872,0.001806872,-0.001374958,0.001806872,0.001020613,0.108716640,7,49.177086092,1,46.339723946,0.918341111,0.190457988,0.923244540,0.190536319,0.327028597,0.067835248,1.837151887,0.174047399,1.287896121,2.000000000,0.937301257,2.000000000,1.000000000,20.000000000,2.167205643,1.000000000,1.011052844,0.414278826,0.567352896,0.252533418,1.075472471,0.421574004,0.586296632,1,0,0,0.000000000,0.056635090,-0.903521906,0.154243408,-0.122798898,-0.016358580,0.144661926,0.369039254,12.122277819,0.016557130,-130.918528023,-0.111053477,142.886337148,44.935308824,0.000052172,0.000579948,-0.000173268,-0.000060344,0.000328959,0.000220134,0.000715719,-0.680732869,0.000060047,0.673888225,0.000085241,-0.234627629,-0.000260193,0.165611647,0.000075533,-0.000000007,-0.000074773,-0.000000009,0.000026034,0.000000029,-0.000018376,-1.361465739,0.000120094,1.347776450,0.000170483,-0.469255257,-0.000520387,0.331223295,-0.135103113,-0.043857157,0.314958168,0.009101997,0.282679920,0.338541586,0.088956007
7.050000000,0,7.050000000,sample,0.216533428,-0.000005074,0.216034580,0.216033325,0.000001254,1.254271475,0.000007839,1,1,2.000000000,0.080000000,2.000000000,0.004199849,0.002099924,0.002099924,0.002616099,0.002616099,-0.001430968,0.002616099,0.003177544,0.660863922,1,71.931480551,1,46.339695347,0.916052953,0.191241041,0.920752431,0.191241041,1.482144243,0.218343835,1.761708974,0.190374494,1.205175476,2.000000000,0.970553570,2.000000000,1.000000000,20.000000000,2.167205452,1.000000000,1.014086431,0.410291905,0.571462236,0.251507371,1.014086431,0.414259950,0.571462236,1,0,0,0.000000000,0.054808751,-0.901555365,0.152797049,-0.122749382,-0.016117565,0.145759902,0.368834493,12.122277652,0.016557185,-130.918319299,-0.111135078,142.886366625,44.936267583,-0.002694953,0.000825717,-0.000020974,0.000551882,-0.000268868,0.000259728,0.001306694,-0.680732659,0.000060061,0.673888424,0.000085304,-0.234627704,-0.000260384,0.165611596,-0.001429487,0.000000126,0.001415115,0.000000179,-0.000492700,-0.000000547,0.000347772,-1.361465319,0.000120122,1.347776848,0.000170608,-0.469255407,-0.000520769,0.331223191,-0.120705170,-0.046730882,0.327661057,0.010893164,0.282484694,0.338292478,0.089976334
7.100000000,0,7.100000000,sample,0.216533649,0.000004421,0.216034799,0.216033540,0.000001259,1.259219676,0.000007870,1,1,2.000000000,0.080000000,2.000000000,-0.001358631,0.000679315,-0.000679315,0.002170484,0.002170484,-0.001701291,0.002170484,0.001153456,0.588939256,1,64.043723992,1,46.339708777,0.919452632,0.191072249,0.920632183,0.191482711,0.552324246,0.071411907,1.864178030,0.162547575,1.325088362,2.000000000,0.920547288,2.000000000,1.000000000,20.000000000,2.167205763,1.000000000,0.982483752,0.412225305,0.567380828,0.254998055,1.030600082,0.414414879,0.579718082,1,0,0,0.000000000,0.055986082,-0.904757811,0.153857093,-0.122768804,-0.016219400,0.145510674,0.369190742,12.122277822,0.016543623,-130.918493779,-0.111096537,142.886439798,44.936330529,0.000923080,0.000416944,-0.000058296,0.000039928,0.000044618,-0.000545427,-0.000008223,-0.680732758,0.000060021,0.673888120,0.000085275,-0.234628062,-0.000260294,0.165611917,0.000462432,-0.000000041,-0.000457783,-0.000000058,0.000159386,0.000000177,-0.000112503,-1.361465516,0.000120042,1.347776241,0.000170549,-0.469256125,-0.000520588,0.331223835,-0.139209762,-0.053546171,0.315022803,0.010602499,0.282052404,0.336758484,0.085806992
7.150000000,0,7.150000000,sample,0.216533695,0.000000921,0.216034832,0.216033587,0.000001245,1.244909997,0.000007781,1,1,2.000000000,0.080000000,2.000000000,-0.001648450,0.000824225,-0.000824225,0.001401343,0.001401343,-0.001384502,0.001401343,0.001489386,0.553399471,1,79.719270805,1,46.339779898,0.920282542,0.191267513,0.921494219,0.191683721,0.824845142,0.124725362,1.881515165,0.154792930,1.347549754,2.000000000,0.906726637,2.000000000,1.000000000,20.000000000,2.167181447,1.000000000,0.991543474,0.406698768,0.567248389,0.251651915,1.005823673,0.415102062,0.569769812,1,0,0,0.000000000,0.055734055,-0.905802669,0.152758624,-0.122797787,-0.016083131,0.145757668,0.369284484,12.122139320,0.016557130,-130.918528853,-0.111053505,142.886472249,44.936650278,0.001329808,0.000260137,0.000174349,-0.000028389,-0.000162425,-0.000348209,-0.000450971,-0.680733280,0.000060047,0.673888798,0.000085241,-0.234625748,-0.000260191,0.165610294,0.000561078,-0.000000049,-0.000555436,-0.000000070,0.000193384,0.000000214,-0.000136500,-1.361466561,0.000120093,1.347777595,0.000170481,-0.469251496,-0.000520381,0.331220588,-0.130732329,-0.052846745,0.317731119,0.012018884,0.281235114,0.337499042,0.088264970
7.200000000,0,7.200000000,sample,0.216533500,-0.000003915,0.216034680,0.216033366,0.000001314,1.313764800,0.000008211,1,1,2.000000000,0.080000000,2.000000000,-0.000265255,0.000132627,-0.000132627,0.001625010,0.001625010,-0.001625010,0.001286691,0.001281918,0.103460134,7,39.549062246,1,46.339700249,0.916233388,0.191686785,0.922073756,0.191921557,0.379502479,0.063848719,1.832806933,0.167030095,1.297219497,2.000000000,0.931744561,2.000000000,1.000000000,20.000000000,2.167205564,1.000000000,0.997053742,0.414940830,0.567084973,0.250963301,1.007377870,0.415999904,0.568200951,1,0,0,0.000000000,0.055206057,-0.901654370,0.153151264,-0.122763833,-0.016155092,0.146327981,0.368939253,12.122277821,0.016461477,-130.918376038,-0.111074911,142.886384934,44.936798762,-0.000138753,0.000728309,-0.000014622,0.000216998,0.000357643,-0.000518173,-0.000806173,-0.680732695,0.000059812,0.673888332,0.000085258,-0.234627799,-0.000260243,0.165611686,0.000090284,-0.000000008,-0.000089376,-0.000000011,0.000031118,0.000000035,-0.000021965,-1.361465391,0.000119624,1.347776664,0.000170516,-0.469255598,-0.000520487,0.331223373,-0.131722092,-0.050072171,0.316529973,0.015698736,0.282246995,0.337887656,0.086361605
7.250000000,0,7.250000000,sample,0.216534052,0.000011040,0.216035232,0.216033897,0.000001335,1.335128320,0.000008345,1,1,2.000000000,0.080000000,2.000000000,-0.000619702,0.000309851,-0.000309851,0.001819651,0.001819651,-0.001270219,0.001819651,0.002668189,0.116127750,4,58.520865386,1,46.339801449,0.917749176,0.191698489,0.921455632,0.192117038,1.480488475,0.112023714,1.800099674,0.176787999,1.264101664,2.000000000,0.966468870,2.000000000,1.000000000,20.000000000,2.167188811,1.000000000,0.998402452,0.420532990,0.563962069,0.251565503,1.018507602,0.423500832,0.568739497,1,0,0,0.000000000,0.058500202,-0.902631211,0.155235862,-0.122646851,-0.016485544,0.146404533,0.369067121,12.122182113,0.016461477,-130.918823854,-0.111263511,142.886405176,44.937153567,-0.000829964,0.000124323,-0.000923371,-0.002041136,0.000466580,0.000659661,-0.000862111,-0.680733439,0.000059844,0.673888319,0.000085402,-0.234626287,-0.000260684,0.165610827,0.000210926,-0.000000019,-0.000208805,-0.000000026,0.000072699,0.000000081,-0.000051315,-1.361466877,0.000119687,1.347776638,0.000170804,-0.469252574,-0.000521368,0.331221654,-0.140170952,-0.047636085,0.308675343,0.020676820,0.280919585,0.337977142,0.085344963
7.300000000,0,7.300000000,sample,0.216533693,-0.000007164,0.216034862,0.216033554,0.000001308,1.308240371,0.000008177,1,1,2.000000000,0.080000000,2.000000000,-0.001067001,0.000533501,-0.000533501,0.001588603,0.001588603,-0.001104038,0.001588603,0.001299052,0.410684637,4,40.498522429,1,46.339749999,0.917153273,0.192330094,0.922035824,0.192330094,0.660046851,0.082259724,1.835067633,0.176207757,1.287047249,2.000000000,0.945647168,2.000000000,1.000000000,20.000000000,2.167188786,1.000000000,1.021368058,0.421659554,0.568286655,0.255861637,1.026466035,0.428489845,0.569716633,1,0,0,0.000000000,0.055536873,-0.902593571,0.153005319,-0.122791808,-0.016047703,0.147158106,0.369035474,12.122182112,0.016461477,-130.918522122,-0.111026380,142.886541045,44.937686641,0.000242372,0.000424970,-0.000465422,-0.000826697,0.000529525,0.000302744,0.000419640,-0.680733061,0.000059804,0.673888473,0.000085220,-0.234626803,-0.000260128,0.165611023,0.000363172,-0.000000032,-0.000359520,-0.000000045,0.000125174,0.000000139,-0.000088354,-1.361466121,0.000119607,1.347776946,0.000170441,-0.469253606,-0.000520256,0.331222045,-0.134495247,-0.038719646,0.319963311,0.014244578,0.282093260,0.336219487,0.090343563
7.350000000,0,7.350000000,sample,0.216533398,-0.000005910,0.216034517,0.216033307,0.000001210,1.210300721,0.000007564,1,1,2.000000000,0.080000000,2.000000000,-0.000969497,0.000484748,-0.000484748,0.001216151,0.001216151,-0.001216151,0.001177208,0.001397543,0.346857413,1,65.340171883,1,46.339765084,0.920064707,0.191857541,0.920064707,0.192189705,0.926892608,0.074483369,1.885745379,0.161835735,1.340746420,2.000000000,0.905742450,2.000000000,1.000000000,20.000000000,2.167172095,1.000000000,1.023387782,0.422757608,0.568337669,0.258907453,1.023387782,0.423916059,0.570048359,1,0,0,0.000000000,0.053149811,-0.906125933,0.150432563,-0.122653051,-0.015672876,0.146696646,0.369246627,12.122086385,0.016652727,-130.918278852,-0.111328095,142.886576026,44.937864811,0.001129680,0.000327868,0.000537366,0.000335243,0.000394876,-0.000066910,0.000088878,-0.680733172,0.000060331,0.673889230,0.000085451,-0.234625194,-0.000260833,0.165609764,0.000329984,-0.000000029,-0.000326667,-0.000000041,0.000113734,0.000000126,-0.000080279,-1.361466343,0.000120662,1.347778461,0.000170903,-0.469250387,-0.000521666,0.331219528,-0.138900454,-0.036709240,0.319734100,0.011503607,0.280722084,0.336405327,0.089616638
7.400000000,0,7.400000000,sample,0.216533548,0.000002997,0.216034669,0.216033459,0.000001210,1.209954262,0.000007562,1,1,2.000000000,0.080000000,2.000000000,0.000118752,0.000059376,0.000059376,0.001695762,0.001695762,-0.001695762,0.000934233,0.001184225,0.050138977,2,38.326618872,1,46.339800608,0.918413531,0.192018269,0.921361019,0.192316449,0.830979766,0.095157653,1.864720838,0.161031011,1.321478561,2.000000000,0.900368129,2.000000000,1.000000000,20.000000000,2.167171842,1.000000000,1.011613728,0.418580378,0.569848629,0.260435118,1.031924453,0.428276802,0.571629035,1,0,0,0.000000000,0.054883038,-0.904150567,0.151601510,-0.122650428,-0.015982630,0.146875607,0.369034811,12.122085902,0.016652893,-130.918413932,-0.111328123,142.886400702,44.937831623,0.000475859,-0.000733136,0.000695739,0.000137373,0.000193686,0.000199100,-0.000241620,-0.680733432,0.000060332,0.673889324,0.000085451,-0.234624462,-0.000260833,0.165609345,-0.000040419,0.000000004,0.000040013,0.000000005,-0.000013931,-0.000000015,0.000009833,-1.361466865,0.000120663,1.347778649,0.000170902,-0.469248923,-0.000521666,0.331218691,-0.138493118,-0.042690253,0.322284744,0.012824677,0.279685192,0.337056070,0.088668645
7.450000000,0,7.450000000,sample,0.216533690,0.000002835,0.216034806,0.216033594,0.000001212,1.212308500,0.000007577,1,1,2.000000000,0.080000000,2.000000000,0.002922422,0.001461211,0.001461211,0.001731216,0.001731216,-0.001118916,0.001731216,0.001646981,0.887205858,3,39.765639646,1,46.339793577,0.917840830,0.192285207,0.920230303,0.192529694,0.194249843,0.023599033,1.842292930,0.169898551,1.292345082,2.000000000,0.922923282,2.000000000,1.000000000,20.000000000,2.167171876,1.000000000,1.011867710,0.408970373,0.568209260,0.250032633,1.021246524,0.418347273,0.571697141,1,0,0,0.000000000,0.055051181,-0.903489098,0.152015151,-0.122638675,-0.015904315,0.147242687,0.368965554,12.122086404,0.016652895,-130.918515860,-0.111347856,142.886580607,44.938145508,-0.000756487,-0.000097103,0.001038586,0.000130870,-0.000386724,-0.000052386,0.000939551,-0.680733381,0.000060335,0.673888952,0.000085466,-0.234625269,-0.000260879,0.165609928,-0.000994695,0.000000088,0.000984694,0.000000125,-0.000342837,-0.000000381,0.000241991,-1.361466762,0.000120670,1.347777905,0.000170933,-0.469250537,-0.000521759,0.331219856,-0.122108584,-0.046920891,0.323485677,0.013241466,0.280411883,0.338107844,0.089351154
7.500000000,0,7.500000000,sample,0.216533534,-0.000003107,0.216034619,0.216033481,0.000001138,1.138045559,0.000007113,1,1,2.000000000,0.080000000,2.000000000,0.004580830,0.002290415,0.002290415,0.002290415,0.002290415,-0.000898406,0.002290415,0.004772351,0.479934259,7,78.412533849,1,46.339876894,0.919084510,0.192253939,0.921624900,0.192641667,0.797115953,0.202932959,1.850574326,0.189750808,1.271421191,2.000000000,0.934052252,2.000000000,1.000000000,20.000000000,2.167151454,1.000000000,1.020136340,0.416633647,0.568175417,0.253435172,1.038175169,0.421631474,0.568295806,1,0,0,0.000000000,0.055140698,-0.904952896,0.150784935,-0.122647263,-0.016030302,0.147181028,0.369010654,12.121970232,0.016763050,-130.918414990,-0.111368931,142.886237588,44.938252970,-0.000807977,-0.001375404,0.001457315,-0.000004006,-0.000249118,-0.000431522,0.004225958,-0.680733993,0.000060613,0.673890190,0.000085481,-0.234621703,-0.000260926,0.165607430,-0.001559163,0.000000139,0.001543488,0.000000196,-0.000537381,-0.000000598,0.000379310,-1.361467986,0.000121226,1.347780379,0.000170963,-0.469243406,-0.000521853,0.331214860,-0.124371693,-0.041381129,0.326334217,0.011562598,0.278818596,0.337271308,0.086735975
7.550000000,0,7.550000000,sample,0.216533543,0.000000168,0.216034675,0.216033460,0.000001215,1.214531276,0.000007591,1,1,2.000000000,0.080000000,2.000000000,-0.000658666,0.000329333,-0.000329333,0.001346583,0.001346583,-0.001186661,0.001346583,0.001617022,0.203666304,2,39.183321732,1,46.339717527,0.918932651,0.192466731,0.921365380,0.192697051,0.751307664,0.090066884,1.865459363,0.167312704,1.321678896,2.000000000,0.931739369,2.000000000,1.000000000,20.000000000,2.167205654,1.000000000,1.010938861,0.417505211,0.565443991,0.255349192,1.026528499,0.422343626,0.570562652,1,0,0,0.000000000,0.055987827,-0.904270975,0.153611797,-0.122621550,-0.016306267,0.147450003,0.369053041,12.122277822,0.016652895,-130.918419238,-0.111368931,142.886272754,44.938456376,0.000782305,0.001012200,0.000078347,0.000135513,-0.000148848,-0.000668846,0.000695842,-0.680732822,0.000060339,0.673888441,0.000085483,-0.234627324,-0.000260932,0.165611393,0.000224188,-0.000000020,-0.000221934,-0.000000028,0.000077270,0.000000086,-0.000054541,-1.361465644,0.000120679,1.347776882,0.000170967,-0.469254649,-0.000521865,0.331222786,-0.137425558,-0.040836289,0.316401299,0.007183064,0.279987921,0.336300459,0.086723166
7.600000000,0,7.600000000,sample,0.216533426,-0.000002341,0.216034591,0.216033294,0.000001298,1.297578396,0.000008110,1,1,2.000000000,0.080000000,2.000000000,-0.001351508,0.000675754,-0.000675754,0.002019069,0.002019069,-0.002019069,0.001078212,0.001154249,0.585449164,1,54.427599027,1,46.339720836,0.919737856,0.192026378,0.919782626,0.192848187,0.545736289,0.076440279,1.866589664,0.160930734,1.326549213,2.000000000,0.910138114,2.000000000,1.000000000,20.000000000,2.167188990,1.000000000,1.030286069,0.416501136,0.562833795,0.250268736,1.033102184,0.417992493,0.567083139,1,0,0,0.000000000,0.053680979,-0.905585282,0.151497108,-0.122520710,-0.015803508,0.147013790,0.369308347,12.122182051,0.016557186,-130.918302301,-0.111511240,142.886562629,44.938296440,0.000851548,0.000310499,0.000117531,0.000167650,0.000321697,0.000044988,-0.000602756,-0.680732847,0.000060124,0.673888696,0.000085592,-0.234626841,-0.000261264,0.165610940,0.000460008,-0.000000041,-0.000455383,-0.000000058,0.000158550,0.000000177,-0.000111912,-1.361465693,0.000120248,1.347777392,0.000171185,-0.469253682,-0.000522528,0.331221880,-0.127468950,-0.035536780,0.317709121,0.010552395,0.277352662,0.336996871,0.087913917
7.650000000,0,7.650000000,sample,0.216533249,-0.000003521,0.216034353,0.216033190,0.000001163,1.162919740,0.000007268,1,1,2.000000000,0.080000000,2.000000000,0.002807433,0.001403716,0.001403716,0.001403716,0.001403716,-0.001154131,0.001403716,0.001842449,0.761875387,3,69.279499582,1,46.339784771,0.918414031,0.192124359,0.920960535,0.192745434,0.632124205,0.083125869,1.859412328,0.160898361,1.319357786,2.000000000,0.903666063,2.000000000,1.000000000,20.000000000,2.167171891,1.000000000,1.016744725,0.419386483,0.566128894,0.259084953,1.046227381,0.424209803,0.567615519,1,0,0,0.000000000,0.053424447,-0.904468363,0.150223635,-0.122560549,-0.015869595,0.147101452,0.368984959,12.122086404,0.016750992,-130.918180109,-0.111511240,142.886278970,44.938249813,-0.000633352,-0.000116945,0.001533549,0.000604251,-0.000049834,-0.000260477,-0.000438841,-0.680733316,0.000060607,0.673889761,0.000085591,-0.234623891,-0.000261262,0.165608855,-0.000955556,0.000000085,0.000945950,0.000000120,-0.000329345,-0.000000367,0.000232468,-1.361466632,0.000121214,1.347779522,0.000171183,-0.469247783,-0.000522524,0.331217710,-0.138716508,-0.037634485,0.320059609,0.005063278,0.277825413,0.335847615,0.086017033
7.700000000,0,7.700000000,sample,0.216533521,0.000005428,0.216034683,0.216033401,0.000001281,1.281069984,0.000008007,1,1,2.000000000,0.080000000,2.000000000,-0.000214419,0.000107209,-0.000107209,0.003539380,0.003539380,-0.001316061,0.003539380,0.001358410,0.078922758,2,59.186502908,1,46.339759328,0.916762095,0.192434166,0.921649344,0.192825607,0.485839831,0.086823766,1.840560626,0.162472986,1.306263365,2.000000000,0.927809599,2.000000000,1.000000000,20.000000000,2.167188710,1.000000000,1.011182536,0.428126534,0.555129424,0.253397771,1.019394886,0.432539321,0.570081527,1,0,0,0.000000000,0.055365402,-0.902287913,0.152525188,-0.122602865,-0.016150159,0.147440219,0.368939022,12.122182113,0.016557186,-130.918398607,-0.111369685,142.886312625,44.938239807,0.000143410,0.001045062,-0.000005367,0.000346208,-0.000330110,-0.000498606,-0.000505061,-0.680733129,0.000060100,0.673888936,0.000085483,-0.234625789,-0.000260932,0.165610292,0.000072981,-0.000000006,-0.000072247,-0.000000009,0.000025154,0.000000028,-0.000017755,-1.361466259,0.000120201,1.347777872,0.000170967,-0.469251579,-0.000521864,0.331220584,-0.165551039,-0.034062136,0.284849877,0.012784121,0.278927436,0.336253243,0.086207065
7.750000000,0,7.750000000,sample,0.216533420,-0.000002007,0.216034620,0.216033272,0.000001348,1.347869491,0.000008424,1,1,2.000000000,0.080000000,2.000000000,-0.000711045,0.000355523,-0.000355523,0.001289114,0.001289114,-0.001289114,0.001045562,0.001104172,0.321981285,2,46.766317055,1,46.339624885,0.917355159,0.192591314,0.920888161,0.192985873,0.226770357,0.033788813,1.835038904,0.165514013,1.295015546,2.000000000,0.925086098,2.000000000,1.000000000,20.000000000,2.167225346,1.000000000,1.004175160,0.413354117,0.570110149,0.253862681,1.042667868,0.425307292,0.570110149,1,0,0,0.000000000,0.054630816,-0.902758940,0.153565160,-0.122581856,-0.016097465,0.147668461,0.369089545,12.122389482,0.016461477,-130.918304583,-0.111371192,142.886477939,44.938526436,0.000175277,0.000755098,-0.000215897,0.000536540,0.000031315,-0.000169137,-0.000504209,-0.680732142,0.000059863,0.673887669,0.000085486,-0.234630166,-0.000260940,0.165613305,0.000242016,-0.000000021,-0.000239582,-0.000000030,0.000083416,0.000000093,-0.000058879,-1.361464284,0.000119725,1.347775338,0.000170972,-0.469260332,-0.000521880,0.331226610,-0.122670616,-0.049550701,0.328933307,0.015922493,0.278760684,0.337675395,0.085670254
7.800000000,0,7.800000000,sample,0.216533412,-0.000000161,0.216034609,0.216033255,0.000001354,1.353850570,0.000008462,1,1,2.000000000,0.080000000,2.000000000,-0.000549891,0.000274946,-0.000274946,0.001736412,0.001736412,-0.001736412,0.001187596,0.000994178,0.276555781,3,41.075202963,1,46.339732959,0.917679047,0.192673196,0.920433157,0.192943812,0.526538223,0.044667612,1.811366812,0.171955585,1.264751532,2.000000000,0.933252448,2.000000000,1.000000000,20.000000000,2.167188891,1.000000000,0.994887669,0.411176146,0.565773695,0.255792296,1.022077050,0.416590492,0.571764884,1,0,0,0.000000000,0.054076933,-0.903443071,0.151661252,-0.122566528,-0.015916386,0.147807562,0.369170391,12.122182104,0.016456956,-130.918300337,-0.111396319,142.886446854,44.938762198,-0.000264047,0.000493564,-0.000637168,0.000375817,0.000002739,0.000325100,-0.000148811,-0.680732936,0.000059855,0.673888860,0.000085504,-0.234626344,-0.000260995,0.165610611,0.000187165,-0.000000016,-0.000185283,-0.000000024,0.000064509,0.000000072,-0.000045534,-1.361465871,0.000119709,1.347777720,0.000171008,-0.469252688,-0.000521989,0.331221222,-0.140314321,-0.048931035,0.313685029,0.012131635,0.279237934,0.337400893,0.087514906
7.850000000,0,7.850000000,sample,0.216533450,0.000000751,0.216034647,0.216033291,0.000001355,1.355482655,0.000008472,1,1,2.000000000,0.080000000,2.000000000,-0.001351434,0.000675717,-0.000675717,0.001669006,0.001669006,-0.001669006,0.001314001,0.002001662,0.337578058,7,51.582077046,1,46.339670075,0.916627650,0.193011745,0.920274084,0.193125344,0.513318483,0.109608421,1.823266718,0.175098543,1.263899898,2.000000000,0.926378522,2.000000000,1.000000000,20.000000000,2.167205644,1.000000000,1.000612507,0.406386582,0.565229878,0.251066298,1.020379730,0.416570275,0.570440752,1,0,0,0.000000000,0.053947212,-0.902251831,0.152438779,-0.122542812,-0.015874591,0.148272688,0.369041280,12.122277815,0.016461477,-130.918319308,-0.111436778,142.886602225,44.939135184,0.000624985,0.000004362,-0.000817396,0.000563379,-0.000266860,0.000701831,0.001437607,-0.680732474,0.000059873,0.673888093,0.000085536,-0.234628718,-0.000261091,0.165612266,0.000459983,-0.000000040,-0.000455358,-0.000000058,0.000158543,0.000000176,-0.000111907,-1.361464947,0.000119747,1.347776186,0.000171072,-0.469257437,-0.000522183,0.331224532,-0.127524842,-0.048296142,0.319494351,0.008227411,0.278865439,0.336664265,0.087387766
7.900000000,0,7.900000000,sample,0.216533566,0.000002317,0.216034726,0.216033428,0.000001298,1.298310948,0.000008114,1,1,2.000000000,0.080000000,2.000000000,0.000859096,0.000429548,0.000429548,0.001564659,0.001564659,-0.001303545,0.001564659,0.000994669,0.431850219,1,35.603453795,1,46.339787854,0.916729647,0.192880783,0.920742193,0.193190636,0.393120441,0.071525559,1.815851382,0.176091006,1.265478623,2.000000000,0.938474575,2.000000000,1.000000000,20.000000000,2.167169506,1.000000000,0.988502196,0.405015633,0.566619782,0.253718154,1.026962061,0.414292244,0.567305733,1,0,0,0.000000000,0.054170423,-0.902548906,0.151209397,-0.122514713,-0.015784424,0.148135052,0.368981964,12.122072870,0.016557186,-130.918415016,-0.111518138,142.886583107,44.939096893,-0.000593505,-0.000336868,-0.000090729,-0.000459751,0.000018039,0.000044158,0.000549326,-0.680733339,0.000060125,0.673889139,0.000085597,-0.234625014,-0.000261278,0.165609700,-0.000292408,0.000000026,0.000289468,0.000000037,-0.000100783,-0.000000112,0.000071137,-1.361466678,0.000120250,1.347778279,0.000171194,-0.469250028,-0.000522556,0.331219400,-0.130270836,-0.052610451,0.321062808,0.005310442,0.278708311,0.336483070,0.085503921
7.950000000,0,7.950000000,sample,0.216533682,0.000002332,0.216034840,0.216033564,0.000001277,1.276617338,0.000007979,1,1,2.000000000,0.080000000,2.000000000,-0.001766796,0.000883398,-0.000883398,0.003520538,0.003520538,-0.003520538,0.001087670,0.001689439,0.522894240,7,51.582066191,1,46.339711946,0.919131876,0.192675455,0.922052965,0.193094233,0.553423811,0.100610585,1.860589163,0.159288441,1.326477721,2.000000000,0.917178137,2.000000000,1.000000000,20.000000000,2.167205740,1.000000000,1.005857198,0.409558586,0.566927833,0.252854992,1.043914426,0.413108920,0.587686385,1,0,0,0.000000000,0.056198205,-0.904388416,0.154034930,-0.122624704,-0.016238946,0.147727146,0.369161853,12.122277822,0.016557186,-130.918520577,-0.111330478,142.886440857,44.938718298,0.000797878,0.000741034,-0.000107532,-0.000064209,0.000284710,0.000315376,-0.001213367,-0.680732781,0.000060094,0.673888089,0.000085454,-0.234628072,-0.000260842,0.165611936,0.000601358,-0.000000053,-0.000595312,-0.000000075,0.000207270,0.000000230,-0.000146301,-1.361465562,0.000120188,1.347776178,0.000170908,-0.469256143,-0.000521685,0.331223872,-0.128126722,-0.047391447,0.321289043,0.013064616,0.278650816,0.337548146,0.088104488
8.000000000,0,8.000000000,disturb_auto_release,0.000000000,,0.000000000,0.000000000,0.000000000,0.000000000,0.000000000,0,0,0.000000000,0.000000000,0.000000000,0.000000000,0.000000000,0.000000000,0.000000000,0.000000000,0.000000000,0.000000000,0.001277677,0.000000000,7,37.088709266,0,0.000000000,0.000000000,0.000000000,0.000000000,0.000000000,0.199602164,0.050400946,0.000000000,0.000000000,0.000000000,0.000000000,0.000000000,0.000000000,0.000000000,0.000000000,0.000000000,1.000000000,0.000000000,0.000000000,0.000000000,0.000000000,0.000000000,0.000000000,0.000000000,0,0,0,0.000000000,0.000000000,0.000000000,0.000000000,0.000000000,0.000000000,0.000000000,0.369091186,12.122277822,0.016365768,-130.918360985,-0.111600250,142.886383868,44.938822593,0.000563171,0.000270921,-0.000565386,-0.000237505,-0.000092266,0.000501855,-0.000778112,0.000000000,0.000000000,0.000000000,0.000000000,0.000000000,0.000000000,0.000000000,0.000000000,0.000000000,0.000000000,0.000000000,0.000000000,0.000000000,0.000000000,0.000000000,0.000000000,0.000000000,0.000000000,0.000000000,0.000000000,0.000000000,0.000000000,0.000000000,0.000000000,0.000000000,0.000000000,0.000000000,0.000000000
8.000000000,0,8.000000000,sample,0.216533481,-0.000004026,0.216034725,0.216033284,0.000001440,1.440422521,0.000009003,1,1,2.000000000,0.080000000,2.000000000,-0.001743455,0.000871728,-0.000871728,0.003790705,0.003790705,-0.003790705,0.001391748,0.001277677,0.682275282,7,37.088709266,1,46.339698541,0.916169575,0.192650681,0.919604495,0.193141259,0.199602164,0.050400946,1.833101614,0.161990287,1.296027443,2.000000000,0.921622376,2.000000000,1.000000000,20.000000000,2.167205684,1.000000000,0.987390586,0.407395367,0.565398302,0.255396402,1.048815680,0.415047590,0.583189746,1,0,0,0.000000000,0.055085882,-0.901613837,0.153051381,-0.122422789,-0.016134448,0.147873680,0.369091186,12.122277822,0.016365768,-130.918360985,-0.111600250,142.886383868,44.938822593,0.000563171,0.000270921,-0.000565386,-0.000237505,-0.000092266,0.000501855,-0.000778112,-0.680732683,0.000059662,0.673888352,0.000085661,-0.234627787,-0.000261474,0.165611670,0.000593413,-0.000000052,-0.000587447,-0.000000075,0.000204531,0.000000228,-0.000144368,-1.361465366,0.000119324,1.347776705,0.000171322,-0.469255574,-0.000522949,0.331223341,-0.140341352,-0.052078277,0.313176744,0.008831121,0.278494883,0.337858076,0.086036370
8.050000000,0,8.050000000,sample,0.216533631,0.000002992,0.216034764,0.216033529,0.000001235,1.235094176,0.000007719,1,1,2.000000000,0.080000000,2.000000000,0.001398989,0.000699495,0.000699495,0.001217064,0.001217064,-0.001100038,0.001217064,0.001449922,0.482436089,7,31.650448010,1,46.339746811,0.918649736,0.192641297,0.921853515,0.193255563,0.573474395,0.075063409,1.845923040,0.165994354,1.309785487,2.000000000,0.931126832,2.000000000,0.993844170,19.876883406,2.153847961,1.000000000,1.001915479,0.414997753,0.569078273,0.262036379,1.004324092,0.415015824,0.570835898,1,0,0,0.000000000,0.055241842,-0.904181274,0.152715092,-0.122516153,-0.016020646,0.147796484,0.369061670,12.122182113,0.016652839,-130.918472904,-0.111546442,142.886514547,44.938953840,-0.000604670,0.000288102,0.000699245,-0.000669423,0.000205571,-0.000094525,-0.000815707,-0.680733037,0.000060369,0.673888568,0.000085619,-0.234626675,-0.000261346,0.165610913,-0.000476169,0.000000042,0.000471381,0.000000060,-0.000164120,-0.000000183,0.000115844,-1.361466075,0.000120738,1.347777135,0.000171239,-0.469253349,-0.000522693,0.331221826,-0.140824091,-0.046386476,0.322068865,0.009815966,0.276481225,0.338167677,0.085105809
8.100000000,0,8.100000000,sample,0.216533452,-0.000003567,0.216034666,0.216033282,0.000001384,1.383597149,0.000008647,1,1,2.000000000,0.080000000,2.000000000,0.001979339,0.000989669,0.000989669,0.001344213,0.001344213,-0.001320365,0.001344213,0.002308481,0.428710235,1,62.472483821,1,46.339749556,0.913545316,0.192972937,0.920732014,0.193358660,1.363459649,0.088628535,1.761590178,0.173653295,1.219417247,2.000000000,0.941998055,2.000000000,0.975528258,19.510565163,2.114153639,1.000000000,1.013742956,0.421800621,0.570104651,0.262262887,1.032885580,0.426505106,0.573425212,1,0,0,0.000000000,0.054775844,-0.899128131,0.152096203,-0.122392306,-0.016062425,0.148326250,0.368731654,12.122181946,0.016461477,-130.918340898,-0.111684141,142.886338905,44.939076266,-0.001824613,0.000223412,-0.000463010,0.001037154,-0.000621359,-0.000048230,-0.000521038,-0.680733057,0.000059915,0.673888967,0.000085725,-0.234625884,-0.000261669,0.165610326,-0.000673701,0.000000059,0.000666927,0.000000085,-0.000232202,-0.000000259,0.000163899,-1.361466115,0.000119829,1.347777934,0.000171450,-0.469251768,-0.000523338,0.331220652,-0.140351134,-0.042127825,0.323062510,0.014208344,0.277596517,0.338419384,0.085949695
8.150000000,0,8.150000000,sample,0.216533457,0.000000102,0.216034626,0.216033330,0.000001296,1.296076723,0.000008100,1,1,2.000000000,0.080000000,2.000000000,0.000901843,0.000450921,0.000450921,0.004671768,0.004671768,-0.001038239,0.004671768,0.000976790,0.461635933,4,30.149296309,1,46.339745463,0.916498336,0.193034750,0.920165403,0.193294419,0.239791181,0.049637737,1.826570811,0.174358724,1.275819722,2.000000000,0.940096172,2.000000000,0.945503262,18.910065242,2.049083909,1.000000000,1.022301250,0.415348667,0.566230598,0.258353785,1.058886626,0.419858189,0.596219667,1,0,0,0.000000000,0.054652843,-0.902145641,0.152037856,-0.122523306,-0.016023092,0.148302780,0.368937012,12.122181605,0.016557186,-130.918341970,-0.111499745,142.886379905,44.939204491,-0.000481095,0.000443931,0.000209450,0.000536339,0.000285553,0.000155259,0.000297348,-0.680733027,0.000060122,0.673888909,0.000085583,-0.234626056,-0.000261237,0.165610440,-0.000306957,0.000000027,0.000303871,0.000000039,-0.000105798,-0.000000118,0.000074677,-1.361466055,0.000120244,1.347777819,0.000171167,-0.469252112,-0.000522474,0.331220880,-0.139871459,-0.037172856,0.317207980,0.004418976,0.277622239,0.337907199,0.088178405
8.200000000,0,8.200000000,sample,0.216533581,0.000002474,0.216034738,0.216033443,0.000001294,1.294310463,0.000008089,1,1,2.000000000,0.080000000,2.000000000,0.001168825,0.000584412,0.000584412,0.001844325,0.001844325,-0.001741484,0.001844325,0.001451617,0.402594159,7,61.185015376,1,46.339854012,0.914676175,0.193316575,0.921385313,0.193395593,0.563072484,0.101411061,1.807046853,0.178169555,1.251614283,2.000000000,0.957434618,2.000000000,0.904508497,18.090169944,1.960205790,1.000000000,1.012283268,0.416459008,0.572414688,0.266251366,1.026157186,0.422749674,0.572766490,1,0,0,0.000000000,0.054278236,-0.900583185,0.150453662,-0.122443418,-0.015775032,0.148761743,0.368755914,12.121964374,0.016583548,-130.918433619,-0.111643565,142.886500769,44.939623450,-0.000602589,-0.000492351,-0.000092182,0.000326085,-0.000205556,-0.000235160,0.001135467,-0.680733825,0.000060211,0.673889832,0.000085693,-0.234622734,-0.000261570,0.165608115,-0.000397829,0.000000035,0.000393830,0.000000050,-0.000137116,-0.000000153,0.000096783,-1.361467649,0.000120423,1.347779664,0.000171385,-0.469245468,-0.000523139,0.331216230,-0.141276885,-0.042843283,0.327264232,0.009521741,0.276902063,0.337975639,0.088142175
8.250000000,0,8.250000000,sample,0.216533399,-0.000003648,0.216034547,0.216033302,0.000001245,1.245362220,0.000007784,1,1,2.000000000,0.080000000,2.000000000,0.001596847,0.000798424,0.000798424,0.001470024,0.001470024,-0.001470024,0.001055303,0.001506252,0.530073021,4,39.293218493,1,46.339697831,0.914271830,0.193222905,0.918504029,0.193598108,0.257164359,0.026062760,1.832071209,0.166170088,1.290675640,2.000000000,0.984220165,2.000000000,0.853553391,17.071067812,1.849825418,1.000000000,1.006185920,0.419590833,0.568857591,0.266454597,1.023022351,0.423215074,0.571867696,1,0,0,0.000000000,0.054801942,-0.899757101,0.152731414,-0.122459672,-0.016135540,0.148587901,0.368593971,12.122277766,0.016652894,-130.918298680,-0.111636811,142.886319341,44.939349473,-0.000513736,0.000711012,0.000645841,0.000944184,-0.000180371,-0.000356969,-0.000175440,-0.680732678,0.000060385,0.673888515,0.000085689,-0.234627494,-0.000261560,0.165611446,-0.000543513,0.000000048,0.000538049,0.000000068,-0.000187332,-0.000000209,0.000132228,-1.361465355,0.000120769,1.347777029,0.000171378,-0.469254988,-0.000523120,0.331222893,-0.154833453,-0.041932706,0.314366642,0.007817596,0.277309243,0.338466677,0.086715633
8.300000000,0,8.300000000,sample,0.216533509,0.000002196,0.216034717,0.216033339,0.000001379,1.378577085,0.000008616,1,1,2.000000000,0.080000000,2.000000000,-0.005723389,0.002861694,-0.002861694,0.004975097,0.004975097,-0.004975097,0.001448164,0.005057177,0.565867956,3,95.210450628,1,46.339815635,0.907201290,0.193829143,0.913453222,0.193944301,3.159201983,0.286059046,1.657140879,0.195569364,1.112840277,2.000000000,1.056107509,2.000000000,0.793892626,15.877852523,1.720500543,1.000000000,1.011033529,0.425434239,0.578677838,0.276152316,1.012707188,0.427511937,0.578677838,1,0,0,0.000000000,0.055154440,-0.892735662,0.151641707,-0.122416802,-0.016095541,0.149414848,0.368038014,12.122081725,0.016461477,-130.918392857,-0.111641323,142.886256161,44.939436900,-0.000727730,-0.000223274,-0.004934583,0.000419897,-0.000232558,-0.000377984,-0.000521746,-0.680733543,0.000059907,0.673889575,0.000085691,-0.234623758,-0.000261567,0.165608866,0.001948051,-0.000000171,-0.001928466,-0.000000245,0.000671421,0.000000749,-0.000473922,-1.361467086,0.000119814,1.347779151,0.000171382,-0.469247516,-0.000523133,0.331217732,-0.153311090,-0.042542416,0.330457848,0.010442111,0.278444162,0.339158042,0.087653500
8.350000000,0,8.350000000,sample,0.216533620,0.000002235,0.216034760,0.216033520,0.000001240,1.240442927,0.000007753,1,1,2.000000000,0.080000000,2.000000000,0.002617105,0.001308552,0.001308552,0.001611685,0.001611685,-0.001611685,0.001348450,0.001815289,0.720850709,7,36.494188521,1,46.339784912,0.904931623,0.194267754,0.911433322,0.194267754,0.425263176,0.108689423,1.804312363,0.180914660,1.257062887,2.000000000,1.120011343,2.000000000,0.726995250,14.539904997,1.575531775,1.000000000,0.982238166,0.436444799,0.581464186,0.290950800,1.045609427,0.438194636,0.599632445,1,0,0,0.000000000,0.055956664,-0.890169295,0.152868306,-0.122483418,-0.016222432,0.149915327,0.367556361,12.122156016,0.016652895,-130.918481114,-0.111595175,142.886291620,44.939605924,-0.001032038,0.000507491,0.000651929,0.000000598,0.000064415,-0.000583849,0.001096624,-0.680733317,0.000060377,0.673889015,0.000085656,-0.234625253,-0.000261460,0.165609956,-0.000890775,0.000000079,0.000881819,0.000000112,-0.000307019,-0.000000342,0.000216709,-1.361466634,0.000120754,1.347778030,0.000171313,-0.469250505,-0.000522920,0.331219912,-0.192124590,-0.047736612,0.313706456,0.013048827,0.278907582,0.339251997,0.086293620
8.400000000,0,8.400000000,sample,0.216533585,-0.000000709,0.216034746,0.216033463,0.000001283,1.283225088,0.000008020,1,1,2.000000000,0.080000000,2.000000000,0.000559097,0.000279548,0.000279548,0.003224125,0.003224125,-0.001058135,0.003224125,0.001597731,0.174965805,2,46.103716945,1,46.339695951,0.899231251,0.194732811,0.905700908,0.194776622,0.513127592,0.049200777,1.780931599,0.174561585,1.243905722,2.000000000,1.201782712,2.000000000,0.654508497,13.090169944,1.418453299,1.000000000,1.008998640,0.427133378,0.589841657,0.287278586,1.016057288,0.435881509,0.589841657,1,0,0,0.000000000,0.055153759,-0.884338208,0.153365053,-0.122499680,-0.016087888,0.150518690,0.366994190,12.122276318,0.016583548,-130.918436606,-0.111546724,142.886501520,44.939540981,-0.000667900,0.001084855,-0.000107091,0.000806871,0.000200029,-0.000334553,-0.000339556,-0.680732664,0.000060196,0.673888109,0.000085620,-0.234628285,-0.000261349,0.165612035,-0.000190298,0.000000017,0.000188384,0.000000024,-0.000065590,-0.000000073,0.000046297,-1.361465328,0.000120393,1.347776217,0.000171240,-0.469256570,-0.000522698,0.331224070,-0.147100287,-0.046778393,0.352757167,0.013751218,0.277382318,0.338750074,0.088131663
8.450000000,0,8.450000000,sample,0.216533828,0.000004855,0.216034961,0.216033719,0.000001241,1.241440343,0.000007759,1,1,2.000000000,0.080000000,2.000000000,0.004682585,0.002341292,0.002341292,0.002341292,0.002341292,-0.001165522,0.002341292,0.003328916,0.703319800,1,71.950931090,1,46.339761983,0.896044611,0.194780038,0.901400474,0.195270137,1.031723659,0.055869988,1.749456630,0.176134841,1.221663485,2.000000000,1.306579156,2.000000000,0.578217233,11.564344650,1.253104800,1.000000000,0.973927369,0.439273635,0.586369288,0.299887607,1.003758600,0.444940288,0.590462081,1,0,0,0.000000000,0.056235663,-0.880968759,0.153712525,-0.122480871,-0.016136217,0.150589914,0.366564884,12.122182113,0.016652913,-130.918630343,-0.111602794,142.886552763,44.939295535,-0.002823716,0.000138402,0.000989233,-0.000633462,0.000142589,0.000138674,-0.001292182,-0.680733149,0.000060379,0.673888334,0.000085663,-0.234626875,-0.000261479,0.165611122,-0.001593795,0.000000141,0.001577770,0.000000201,-0.000549330,-0.000000612,0.000387744,-1.361466298,0.000120757,1.347776668,0.000171326,-0.469253751,-0.000522957,0.331222243,-0.195991587,-0.050785683,0.322549377,0.016951337,0.277100877,0.338174005,0.085819882
8.500000000,0,8.500000000,sample,0.216533394,-0.000008676,0.216034521,0.216033287,0.000001234,1.234181720,0.000007714,1,1,2.000000000,0.080000000,2.000000000,0.000733926,0.000366963,0.000366963,0.002396332,0.002396332,-0.001137435,0.002396332,0.001660421,0.221005843,7,74.296923939,1,46.339826484,0.882985891,0.196024800,0.897724572,0.196387941,0.335815213,0.090560197,1.768626204,0.163534332,1.245398167,2.000000000,1.424744645,2.000000000,0.500000000,10.000000000,1.083573790,1.000000000,0.984381316,0.448061850,0.597742120,0.315938487,1.008721996,0.451832026,0.598203151,1,0,0,0.000000000,0.052503163,-0.868690354,0.149280176,-0.122507136,-0.015538574,0.152237566,0.365229044,12.121964599,0.016657919,-130.918275459,-0.111567823,142.886576121,44.939584960,-0.000411050,-0.000136749,0.000555371,0.000335098,0.000213322,0.000233961,-0.001431211,-0.680733623,0.000060384,0.673889906,0.000085635,-0.234623026,-0.000261392,0.165608232,-0.000249804,0.000000022,0.000247293,0.000000031,-0.000086098,-0.000000096,0.000060772,-1.361467245,0.000120768,1.347779811,0.000171269,-0.469246052,-0.000522784,0.331216464,-0.199798414,-0.046871793,0.342308892,0.012691233,0.275816692,0.338476916,0.084860806
8.550000000,0,8.550000000,sample,0.216533564,0.000003411,0.216034979,0.216033193,0.000001786,1.785938307,0.000011162,1,1,2.000000000,0.080000000,2.000000000,0.007985979,0.003992990,0.003992990,0.008405744,0.006997659,-0.006545073,0.006997659,0.007694519,0.518939461,1,94.383209621,1,46.339654886,0.787173405,0.203827915,0.882306291,0.203827915,4.632669219,0.490211572,1.353739144,0.236703578,0.870979772,2.000000000,1.488331235,2.000000000,0.421782767,8.435655350,0.914091279,1.000000000,0.946914624,0.493445763,0.600853014,0.316209322,1.068921519,0.517801279,0.643838753,1,0,0,0.000000000,0.054428209,-0.770063656,0.153887962,-0.122336367,-0.016109786,0.162234729,0.355426534,12.122348880,0.015863215,-130.918418691,-0.111571524,142.886521082,44.939004985,-0.007475304,0.000901877,-0.001228848,0.000302713,0.000661132,-0.000106060,-0.000679726,-0.680732362,0.000058404,0.673887702,0.000085640,-0.234629654,-0.000261408,0.165612989,-0.002718157,0.000000233,0.002690827,0.000000342,-0.000936874,-0.000001044,0.000661291,-1.361464724,0.000116807,1.347775405,0.000171280,-0.469259308,-0.000522817,0.331225978,-0.274309090,-0.050478243,0.274360022,0.012247221,0.294085673,0.338372456,0.082614141
8.600000000,0,8.600000000,sample,0.216533553,-0.000000225,0.216035287,0.216032855,0.000002432,2.431554775,0.000015197,1,1,2.000000000,0.080000000,2.000000000,0.005797519,0.002898760,0.002898760,0.009636860,0.009636860,-0.006527894,0.009636860,0.004341658,0.667661821,1,82.883808250,1,46.339810552,0.678530093,0.213314672,0.785552694,0.213664509,1.555997938,0.190536977,1.279834493,0.211314760,0.839190856,2.000000000,1.582177547,2.000000000,0.345491503,6.909830056,0.748734218,1.000000000,0.921642951,0.536138617,0.635079833,0.357360725,0.986600143,0.549274129,0.637554977,1,0,0,0.000000000,0.053729719,-0.659144380,0.151805435,-0.122285032,-0.016042871,0.174046392,0.344455183,12.122086404,0.014891221,-130.918425082,-0.111321640,142.886319298,44.938695249,-0.003952670,-0.000473063,0.000891168,0.000051517,0.001127815,-0.000579862,-0.000773028,-0.680733506,0.000055935,0.673889424,0.000085446,-0.234624120,-0.000260818,0.165609125,-0.001973283,0.000000162,0.001953443,0.000000248,-0.000680119,-0.000000756,0.000480061,-1.361467011,0.000111870,1.347778848,0.000170892,-0.469248241,-0.000521636,0.331218251,-0.323440527,-0.058578916,0.288944799,0.010239677,0.301522051,0.338112490,0.080321727
8.650000000,0,8.650000000,sample,0.216533517,-0.000000726,0.216034096,0.216033965,0.000000130,0.130224689,0.000000814,0,0,2.000000000,0.080000000,0.000000000,0.000000000,0.005459228,0.000000000,0.011317528,0.011317528,-0.011317528,0.008825761,0.006868547,0.794815522,3,93.281319519,0,0.000000000,0.632186975,0.217758071,0.679521754,0.217758071,3.061458982,0.248181576,1.410777895,0.171923599,0.980511415,0.000000000,0.769375296,2.000000000,0.273004750,5.460095003,0.591643141,1.000000000,1.009191551,0.688938830,0.694888028,0.000000000,1.009191551,0.688938830,0.694888028,1,0,0,0.000000000,0.052424454,-0.611587919,0.151235794,-0.122877136,-0.015818980,0.179079723,0.335838873,12.122086385,0.018239352,-130.918381014,-0.111511410,142.886498271,44.938537943,-0.001205531,0.000006848,0.006633798,0.000486449,0.000081146,-0.000444791,0.001129274,0.000000000,0.000000000,0.000000000,0.000000000,0.000000000,0.000000000,0.000000000,-0.003716278,0.000000351,0.003678915,0.000000467,-0.001280871,-0.000001426,0.000904101,0.000000000,0.000000000,0.000000000,0.000000000,0.000000000,0.000000000,0.000000000,-0.489072297,-0.036264811,0.120317259,0.016486375,0.327894921,0.338346634,0.074973043
8.700000000,0,8.700000000,sample,0.216533665,0.000002960,0.216034672,0.216033684,0.000000988,0.987977316,0.000006175,0,0,2.000000000,0.080000000,0.000000000,0.000000000,0.005525608,0.000000000,0.013844089,0.013844089,-0.009215481,0.013844089,0.006389271,0.864826063,3,82.268339012,0,0.000000000,0.591637828,0.220903587,0.629611189,0.221484414,1.965021432,0.152367761,1.088663637,0.200375710,0.699589444,0.000000000,0.593629393,2.000000000,0.206107374,4.122147477,0.446669536,1.000000000,0.944821501,0.608366616,0.648910811,0.000000000,1.012072551,0.693789421,0.699681428,1,0,0,0.000000000,0.052919200,-0.569142569,0.152681413,-0.122705418,-0.015896922,0.183000172,0.332566091,12.122182113,0.016978259,-130.918492517,-0.111359928,142.886622903,44.937831665,0.002437199,-0.000238140,-0.005795190,-0.000371213,-0.000618955,0.000556255,-0.000641548,0.000000000,0.000000000,0.000000000,0.000000000,0.000000000,0.000000000,0.000000000,0.003761463,-0.000000338,-0.003723643,-0.000000472,0.001296458,0.000001442,-0.000915103,0.000000000,0.000000000,0.000000000,0.000000000,0.000000000,0.000000000,0.000000000,-0.344849413,-0.047834392,0.264445129,0.014421341,0.331695219,0.338100248,0.073507114
8.750000000,0,8.750000000,sample,0.216533827,0.000003241,0.216035690,0.216032977,0.000002713,2.713127229,0.000016957,1,1,2.000000000,0.080000000,2.000000000,-0.017740953,0.008870476,-0.008870476,0.014393299,0.011740661,-0.011740661,0.008238898,0.009525614,0.931223606,3,65.187262666,1,46.339906354,0.563455695,0.222207238,0.592164778,0.223077578,2.027383779,0.093134448,1.041959858,0.192970922,0.688517025,2.000000000,1.866389679,2.000000000,0.146446609,2.928932188,0.317367889,1.000000000,0.956758256,0.621162615,0.647802337,0.335443789,1.005257650,0.714872784,0.697680789,1,0,0,0.000000000,0.053825809,-0.540015930,0.151551634,-0.122348205,-0.015965703,0.184802786,0.332048789,12.121923941,0.014444569,-130.918639214,-0.111074384,142.886439715,44.936411305,0.004308989,0.000055814,-0.007690850,-0.000833223,0.000808064,-0.000196913,-0.003410519,-0.680734209,0.000054778,0.673889904,0.000085255,-0.234621801,-0.000260235,0.165607567,0.006038437,-0.000000486,-0.005977724,-0.000000756,0.002081207,0.000002308,-0.001469018,-1.361468418,0.000109557,1.347779809,0.000170511,-0.469243601,-0.000520471,0.331215133,-0.312548034,-0.042906151,0.285530440,0.011373498,0.345513177,0.338125997,0.068957398
8.800000000,0,8.800000000,sample,0.216533318,-0.000010171,0.216034929,0.216032755,0.000002173,2.173340889,0.000013583,1,1,2.000000000,0.080000000,2.000000000,-0.044436225,0.022218112,-0.022218112,0.022218112,0.022218112,-0.022218112,0.014485576,0.024752976,0.897593572,3,55.633891916,1,46.339672267,0.524477320,0.224389186,0.562034807,0.225194535,3.990030770,0.424479180,0.863595817,0.137147796,0.580478739,2.000000000,1.920467899,2.000000000,0.095491503,1.909830056,0.206947706,1.000000000,0.956669415,0.682634251,0.672553548,0.348102523,0.965704948,0.682634251,0.672553548,1,0,0,0.000000000,0.051155499,-0.499358929,0.151987613,-0.122957553,-0.015875429,0.187029190,0.326898152,12.122277654,0.015095407,-130.918222515,-0.110303099,142.886472491,44.933507297,0.011935492,0.000630848,-0.018462782,0.000481590,-0.000942316,-0.000111982,-0.011307039,-0.680732490,0.000056274,0.673888385,0.000084666,-0.234628140,-0.000258435,0.165611839,0.015124591,-0.000001250,-0.014972528,-0.000001881,0.005212994,0.000005742,-0.003679582,-1.361464980,0.000112547,1.347776769,0.000169331,-0.469256280,-0.000516870,0.331223678,-0.396059771,-0.043237749,0.223736119,0.010027518,0.354772429,0.336339632,0.066702346
8.850000000,0,8.850000000,sample,0.216533486,0.000003346,0.216036624,0.216031367,0.000005257,5.256704918,0.000032854,1,1,2.000000000,0.080000000,2.000000000,0.031141812,0.015570906,0.015570906,0.032957837,0.032957837,-0.032957837,0.019719536,0.016709695,0.931848598,3,61.603954099,1,46.339938812,0.455805492,0.229637345,0.524158441,0.229799399,1.983950479,0.237252794,0.992003979,0.199205760,0.658373310,2.000000000,2.010412440,2.000000000,0.054496738,1.089934758,0.118099989,1.000000000,0.936915866,0.674836767,0.660909478,0.320891520,1.018464213,0.759189989,0.720582259,1,0,0,0.000000000,0.050933015,-0.427800129,0.148833881,-0.121830236,-0.015654280,0.194024863,0.323811949,12.121812334,0.010709017,-130.918370068,-0.110650301,142.886360168,44.933405642,-0.010250941,-0.001154877,0.013115137,-0.000023515,0.000697889,-0.000246061,-0.000493375,-0.680734448,0.000045387,0.673890939,0.000084929,-0.234619409,-0.000259239,0.165605767,-0.010599652,0.000000707,0.010493092,0.000001322,-0.003653237,-0.000004037,0.002578632,-1.361468895,0.000090773,1.347781879,0.000169858,-0.469238819,-0.000518479,0.331211535,-0.342993034,-0.051846409,0.243313245,0.017600920,0.371817037,0.338359324,0.064984594
8.900000000,0,8.900000000,sample,0.216533536,0.000001012,0.216036314,0.216031796,0.000004517,4.517489036,0.000028234,1,1,2.000000000,0.080000000,2.000000000,0.036338441,0.018169220,0.018169220,0.034896849,0.034896849,-0.034896849,0.022108191,0.019134207,0.949567444,1,52.151899935,1,46.339810017,0.384602489,0.232306696,0.452991663,0.233971574,0.586616841,0.209791090,0.759372279,0.226455232,0.500051842,2.000000000,2.021996917,2.000000000,0.024471742,0.489434837,0.053033917,1.000000000,1.025488082,0.602458654,0.679317826,0.284072043,1.025488082,0.689694971,0.681641226,1,0,0,0.000000000,0.051871115,-0.349575793,0.151740656,-0.122100642,-0.016024274,0.196979838,0.314264591,12.122086404,0.011764240,-130.918413880,-0.110590201,142.886313196,44.927796525,-0.013818011,-0.000772130,0.013194929,0.000271367,0.000625416,0.000044173,0.000106740,-0.680733502,0.000048010,0.673889445,0.000084885,-0.234624092,-0.000259104,0.165609102,-0.012368397,0.000000872,0.012244046,0.000001542,-0.004262937,-0.000004708,0.003008988,-1.361467003,0.000096020,1.347778890,0.000169769,-0.469248184,-0.000518208,0.331218205,-0.095554119,-0.042588920,0.440855423,0.009762133,0.373747533,0.336081017,0.058667117
8.950000000,0,8.950000000,sample,0.216533696,0.000003187,0.216034013,0.216034379,0.000000366,0.365518194,0.000002284,0,0,2.000000000,0.080000000,0.000000000,0.000000000,0.026238703,0.000000000,0.040215071,0.040215071,-0.040215071,0.025126649,0.027042297,0.970283827,1,58.635046980,0,0.000000000,0.353187834,0.229035466,0.400634461,0.235033491,1.661940615,0.197270983,0.624054097,0.226017952,0.436075687,0.000000000,0.433029313,2.000000000,0.006155830,0.123116594,0.013340231,1.000000000,0.970178168,0.658014061,0.640037098,0.000000000,1.030511509,0.809705098,0.748030268,1,0,0,0.000000000,0.050956644,-0.316107890,0.149066657,-0.123636009,-0.015655701,0.192162122,0.303287737,12.121742668,0.018792192,-130.918528102,-0.110535000,142.886478256,44.918829813,-0.020707240,-0.001313479,0.017200894,-0.000200404,-0.002157618,-0.000362368,0.000270706,0.000000000,0.000000000,0.000000000,0.000000000,0.000000000,0.000000000,0.000000000,-0.017861597,0.000001720,0.017682025,0.000002226,-0.006156091,-0.000006795,0.004345269,0.000000000,0.000000000,0.000000000,0.000000000,0.000000000,0.000000000,0.000000000,-0.245149307,-0.035724577,0.295945025,-0.003480613,0.380688821,0.336248015,0.051872721
9.000000000,0,9.000000000,sample,0.216533688,-0.000000154,0.216031623,0.216036761,0.000005138,5.138186996,0.000032114,1,1,2.000000000,0.080000000,2.000000000,-0.036833652,0.018416826,-0.018416826,0.042364331,0.042364331,-0.042364331,0.027003228,0.018844089,0.977326441,1,64.017005890,1,46.339961013,0.326204346,0.230559750,0.365227059,0.231115241,2.164466885,0.182338990,0.550542656,0.224051390,0.410895308,2.000000000,2.041778616,2.000000000,0.000000000,0.000000000,0.000000000,1.000000000,1.027234904,0.688810581,0.647800388,-0.297336729,1.027234904,0.858823642,0.749858660,1,0,0,0.000000000,0.051564839,-0.285071036,0.149949481,-0.125163080,-0.015883948,0.192975911,0.292746302,12.121810666,0.025647749,-130.918533942,-0.110400653,142.886336908,44.915697323,-0.015077274,-0.000670475,0.010870209,0.000096956,-0.002881809,-0.000102415,0.000916413,0.680734611,-0.000082615,-0.673890785,-0.000084737,0.234619344,0.000258655,-0.165605803,-0.012536971,0.000001522,0.012410929,0.000001561,-0.004320944,-0.000004764,0.003049933,1.361469221,-0.000165231,-1.347781571,-0.000169475,0.469238687,0.000517309,-0.331211607,-0.247157809,-0.009877848,0.313164418,-0.006181703,0.382023434,0.334975944,0.046902394
9.050000000,0,9.050000000,sample,0.216533421,-0.000005341,0.216036135,0.216031743,0.000004392,4.391636870,0.000027448,1,1,2.000000000,0.080000000,2.000000000,-0.068450157,0.034225079,-0.034225079,0.037509844,0.037509844,-0.037509844,0.025077843,0.035171520,0.973090693,3,53.840618699,1,46.339730227,0.302249662,0.227567084,0.326263871,0.231689086,1.912046084,0.324574513,0.522398405,0.161740140,0.372499689,2.000000000,2.034422626,2.000000000,0.000000000,0.000000000,0.000000000,1.000000000,0.959534850,0.712486492,0.673814782,0.333891885,1.027908207,0.817324010,0.718428259,1,0,0,0.000000000,0.049876991,-0.256791715,0.151410566,-0.122867139,-0.015797983,0.190894912,0.304145801,12.122168579,0.011747412,-130.918302904,-0.109388334,142.886541982,44.910616464,0.023393929,0.000329423,-0.025807513,0.000757710,0.000526697,-0.000535402,-0.004741883,-0.680732916,0.000047766,0.673888795,0.000083963,-0.234626520,-0.000256290,0.165610721,0.023298138,-0.000001635,-0.023063897,-0.000002874,0.008030111,0.000008772,-0.005668040,-1.361465831,0.000095531,1.347777590,0.000167926,-0.469253040,-0.000512579,0.331221443,-0.291915757,-0.037948381,0.323436070,0.003221021,0.385175520,0.335025747,0.046344073
9.100000000,0,9.100000000,sample,0.216533446,0.000000493,0.216037286,0.216030644,0.000006642,6.641998174,0.000041512,1,1,2.000000000,0.080000000,2.000000000,0.003832876,0.001916438,0.001916438,0.038102460,0.038102460,-0.038102460,0.026042072,0.005144953,0.372488947,7,94.056038622,1,46.339794684,0.307451888,0.221677824,0.307451888,0.230752479,0.430258814,0.269291812,0.607506773,0.225028348,0.427548716,2.000000000,2.045188995,2.000000000,0.000000000,0.000000000,0.000000000,1.000000000,0.962065373,0.763013178,0.679513157,0.323721299,1.005695400,0.783439408,0.716129692,1,0,0,0.000000000,0.050539600,-0.262936050,0.151119309,-0.121832158,-0.015918013,0.184511788,0.308163279,12.122084899,0.008610580,-130.918338085,-0.110032812,142.886378465,44.905698377,-0.000694262,-0.000375892,0.000812242,0.000427763,-0.000298661,-0.000134864,0.004989703,-0.680733389,0.000040048,0.673889448,0.000084457,-0.234624329,-0.000257798,0.165609222,-0.001304583,0.000000077,0.001291467,0.000000162,-0.000449643,-0.000000494,0.000317380,-1.361466778,0.000080096,1.347778896,0.000168914,-0.469248657,-0.000515596,0.331218444,-0.341710002,-0.038900574,0.264216993,0.007364676,0.398894555,0.335893803,0.040654402
9.150000000,0,9.150000000,sample,0.216533662,0.000004330,0.216033569,0.216034775,0.000001206,1.206465435,0.000007540,1,1,2.000000000,0.080000000,2.000000000,-0.053751181,0.026875590,-0.026875590,0.036887436,0.036887436,-0.036887436,0.023831640,0.028279762,0.950347110,3,50.066109150,1,46.339799440,0.336003242,0.219764587,0.336003242,0.225567350,0.893889571,0.294147832,0.712015236,0.225334855,0.510522398,2.000000000,2.064150819,2.000000000,0.000000000,0.000000000,0.000000000,1.000000000,0.979829599,0.754014350,0.664248169,-0.298158294,1.009529619,0.846766897,0.727040096,1,0,0,0.000000000,0.051275393,-0.295353412,0.151774092,-0.124302528,-0.015900870,0.180533979,0.299823922,12.122072868,0.019894624,-130.918494478,-0.109871385,142.886562880,44.904285191,-0.019926198,-0.000014500,0.020010027,-0.001099396,0.000981409,-0.000002952,0.000344057,0.680733424,-0.000068174,-0.673889071,-0.000084333,0.234624962,0.000257420,-0.165609707,-0.018295113,0.000001832,0.018111167,0.000002267,-0.006305684,-0.000006918,0.004450859,1.361466848,-0.000136348,-1.347778142,-0.000168666,0.469249923,0.000514840,-0.331219414,-0.346075816,-0.032870298,0.220938654,0.001299539,0.395860698,0.336514347,0.040168735
9.200000000,0,9.200000000,sample,0.216533691,0.000000577,0.216032767,0.216035629,0.000002862,2.861961633,0.000017887,1,1,2.000000000,0.080000000,2.000000000,0.026844785,0.013422392,0.013422392,0.038388398,0.038388398,-0.038388398,0.018276414,0.014028988,0.956761279,1,73.784125656,1,46.339887866,0.340715189,0.217555902,0.340715189,0.220503892,2.801463569,0.297006857,0.810007425,0.157818177,0.562660814,2.000000000,2.077642587,2.000000000,0.000000000,0.000000000,0.000000000,1.000000000,0.931354852,0.727027773,0.665982200,-0.319205871,0.982169089,0.774502994,0.685481943,1,0,0,0.000000000,0.051629126,-0.301079269,0.150905754,-0.125129791,-0.015937701,0.177254325,0.297980428,12.121933640,0.022187325,-130.918528041,-0.109309576,142.886433311,44.900954599,0.012050576,-0.000360475,-0.006707103,-0.000492684,0.002066191,-0.000538383,-0.001295844,0.680734073,-0.000073798,-0.673889979,-0.000083901,0.234621944,0.000256101,-0.165607619,0.009137080,-0.000000991,-0.009045216,-0.000001126,0.003149188,0.000003437,-0.002222850,1.361468147,-0.000147597,-1.347779957,-0.000167802,0.469243888,0.000512202,-0.331215238,-0.316954092,-0.052462958,0.278124712,0.014929302,0.384522969,0.336789298,0.038194876
9.250000000,0,9.250000000,sample,0.216533623,-0.000001355,0.216038109,0.216030190,0.000007919,7.918981677,0.000049494,1,1,2.000000000,0.080000000,2.000000000,-0.057268526,0.028634263,-0.028634263,0.040887091,0.040887091,-0.040887091,0.024545870,0.029020719,0.986683434,1,52.055339706,1,46.339586201,0.326729116,0.214545304,0.345117254,0.218240829,0.684639003,0.192210480,0.682311020,0.163827234,0.476603740,2.000000000,2.056024281,2.000000000,0.000000000,0.000000000,0.000000000,1.000000000,0.937541543,0.797848129,0.699697144,0.327445960,1.008477425,0.797848129,0.699697144,1,0,0,0.000000000,0.052200866,-0.282628373,0.155396871,-0.121857512,-0.016262890,0.175829328,0.312261505,12.122484522,0.006654872,-130.918469708,-0.109333738,142.886582282,44.898643201,0.020938271,0.000618003,-0.019700464,-0.000469859,0.002840598,0.000012303,-0.002647801,-0.680731858,0.000035052,0.673886808,0.000083923,-0.234632345,-0.000256168,0.165614904,0.019492255,-0.000001004,-0.019296252,-0.000002403,0.006718524,0.000007335,-0.004742261,-1.361463715,0.000070103,1.347773617,0.000167846,-0.469264689,-0.000512336,0.331229808,-0.410937568,-0.062183129,0.200324899,0.025967574,0.399340908,0.339150981,0.039226741
9.300000000,0,9.300000000,sample,0.216533344,-0.000005584,0.216035493,0.216032246,0.000003247,3.247324263,0.000020296,1,1,2.000000000,0.080000000,2.000000000,0.038209925,0.019104963,0.019104963,0.038941577,0.038941577,-0.038941577,0.023497028,0.020179673,0.946742909,1,66.350341269,1,46.339749216,0.315858899,0.215271805,0.332177804,0.218586733,2.327767164,0.411056999,0.520699581,0.243285151,0.415047689,2.000000000,2.042616792,2.000000000,0.000000000,0.000000000,0.000000000,1.000000000,0.940859281,0.714324282,0.657691594,0.289831280,1.027115624,0.894760312,0.771770856,1,0,0,0.000000000,0.050725327,-0.272363796,0.151696238,-0.122905106,-0.016090490,0.176003924,0.304059612,12.122182112,0.013494777,-130.918260727,-0.109985205,142.886251173,44.897823806,-0.016437498,-0.000753345,0.011607488,0.000392453,0.000421887,-0.000218664,0.001160492,-0.680733055,0.000052226,0.673889178,0.000084421,-0.234625497,-0.000257688,0.165610035,-0.013005380,0.000000998,0.012874628,0.000001613,-0.004482511,-0.000004923,0.003163974,-1.361466110,0.000104452,1.347778355,0.000168841,-0.469250995,-0.000515377,0.331220070,-0.260675440,-0.048922933,0.296152903,0.011724252,0.398622893,0.337587054,0.038779699
9.350000000,0,9.350000000,sample,0.216533695,0.000007029,0.216033703,0.216034706,0.000001003,1.003441057,0.000006272,1,1,2.000000000,0.080000000,2.000000000,-0.065596866,0.032798433,-0.032798433,0.038885593,0.038885593,-0.038885593,0.026712894,0.033326041,0.984168297,3,55.598880311,1,46.339876911,0.320828008,0.214266630,0.328861861,0.217129625,2.059357456,0.338775587,0.730184575,0.166988572,0.509974513,2.000000000,2.064022488,2.000000000,0.000000000,0.000000000,0.000000000,1.000000000,1.003264641,0.687954637,0.653945262,-0.273277716,1.003264641,0.769116394,0.689767165,1,0,0,0.000000000,0.051772811,-0.278143878,0.151281756,-0.123951670,-0.016008926,0.174039899,0.298238987,12.121964376,0.019691791,-130.918533785,-0.110415958,142.886398700,44.896442580,-0.021639248,0.000002190,0.024849448,0.000194836,-0.004860431,0.000084874,0.001097229,0.680733993,-0.000067759,-0.673889856,-0.000084750,0.234622331,0.000258694,-0.165607900,-0.022327008,0.000002222,0.022102531,0.000002780,-0.007695245,-0.000008485,0.005431680,1.361467986,-0.000135518,-1.347779711,-0.000169500,0.469244662,0.000517387,-0.331215800,-0.180472614,-0.027301294,0.351796601,0.005512272,0.394580215,0.336932589,0.036336357
9.400000000,0,9.400000000,sample,0.216533546,-0.000002997,0.216030437,0.216037686,0.000007249,7.249074095,0.000045307,1,1,2.000000000,0.080000000,2.000000000,-0.014553723,0.007276862,-0.007276862,0.041010830,0.041010830,-0.041010830,0.022622063,0.013416550,0.542379499,3,51.607413250,1,46.339753119,0.328339971,0.214426580,0.340167654,0.215534421,3.407834964,0.703506018,0.809450896,0.149328876,0.606849709,2.000000000,2.090042212,2.000000000,0.000000000,0.000000000,0.000000000,1.000000000,0.970549813,0.703675619,0.653093309,-0.299045611,1.054851284,0.910161724,0.774500302,1,0,0,0.000000000,0.051498317,-0.286201489,0.152459070,-0.126188397,-0.016120316,0.172613389,0.289720564,12.122177601,0.028592740,-130.918415503,-0.109810919,142.886400716,44.894716830,-0.003927881,-0.000000440,0.009638221,-0.000017351,0.002316754,0.000119741,-0.008142374,0.680733084,-0.000089866,-0.673888806,-0.000084287,0.234626125,0.000257280,-0.165610523,-0.004953600,0.000000654,0.004903796,0.000000613,-0.001707342,-0.000001872,0.001205125,1.361466167,-0.000179732,-1.347777613,-0.000168574,0.469252251,0.000514560,-0.331221046,-0.252972215,-0.035161487,0.313812057,0.000754005,0.384913006,0.336825198,0.034810737
9.450000000,0,9.450000000,sample,0.216533584,0.000000776,0.216032683,0.216035508,0.000002825,2.825120462,0.000017657,1,1,2.000000000,0.080000000,2.000000000,0.035724507,0.017862254,0.017862254,0.045461237,0.045461237,-0.045461237,0.026021259,0.018845743,0.947813700,1,54.729190911,1,46.339815515,0.321100875,0.212846712,0.335982251,0.214754988,1.459270442,0.562096988,0.715072327,0.118821447,0.524466619,2.000000000,2.067629367,2.000000000,0.000000000,0.000000000,0.000000000,1.000000000,0.990972785,0.716715878,0.670632401,-0.322450678,1.021436196,0.833687595,0.713192138,1,0,0,0.000000000,0.050966704,-0.278608439,0.151279557,-0.125164827,-0.015933944,0.171416446,0.295614838,12.122045775,0.022127265,-130.918438185,-0.109266348,142.886474859,44.892657828,0.013941926,0.001543614,-0.011050116,0.000191899,-0.000302152,0.000007339,-0.006014046,0.680733542,-0.000073642,-0.673889405,-0.000083868,0.234624096,0.000256002,-0.165609088,0.012159435,-0.000001315,-0.012037183,-0.000001498,0.004190915,0.000004573,-0.002958152,1.361467084,-0.000147284,-1.347778811,-0.000167737,0.469248192,0.000512003,-0.331218175,-0.252170044,-0.027903101,0.349212587,0.003544099,0.385161065,0.337331487,0.035720196
9.500000000,0,9.500000000,sample,0.216533392,-0.000003853,0.216032938,0.216034893,0.000001955,1.954754402,0.000012217,1,1,2.000000000,0.080000000,2.000000000,0.055502292,0.027751146,0.027751146,0.043922712,0.043922712,-0.043922712,0.027751146,0.028785867,0.964054561,3,50.729802710,1,46.339691943,0.323989430,0.208961514,0.327498919,0.214317332,1.201220430,0.358487140,0.631233724,0.138313849,0.454069642,2.000000000,2.050922501,2.000000000,0.000000000,0.000000000,0.000000000,1.000000000,0.936749146,0.718436228,0.693054268,-0.346793000,1.163642077,0.897587916,0.757046130,1,0,0,0.000000000,0.050903474,-0.281225856,0.152610633,-0.124836120,-0.016139443,0.166794412,0.297202066,12.122277822,0.020894751,-130.918289693,-0.109397496,142.886360179,44.888522323,0.019856072,0.001239686,-0.020502692,-0.000094036,-0.000653802,-0.000346737,-0.003450912,0.680732634,-0.000070590,-0.673888459,-0.000083970,0.234627690,0.000256313,-0.165611576,0.018891111,-0.000001959,-0.018701177,-0.000002330,0.006511187,0.000007113,-0.004595911,1.361465269,-0.000141180,-1.347776918,-0.000167941,0.469255381,0.000512627,-0.331223153,-0.249015357,-0.054211157,0.388841312,0.016051380,0.384856597,0.338600833,0.034005645
9.550000000,0,9.550000000,sample,0.216533421,0.000000594,0.216036106,0.216031786,0.000004320,4.319693001,0.000026998,1,1,2.000000000,0.080000000,2.000000000,-0.078673249,0.039336625,-0.039336625,0.046668341,0.046668341,-0.046668341,0.025647322,0.041158643,0.955731809,1,56.580535835,1,46.339613393,0.334403851,0.203324146,0.336208392,0.208552786,2.175286112,0.436263081,0.771191597,0.128921946,0.558319400,2.000000000,2.076506335,2.000000000,0.000000000,0.000000000,0.000000000,1.000000000,1.044702000,0.947357314,0.797108130,0.352877176,1.059742263,0.947357314,0.797108130,1,0,0,0.000000000,0.050577921,-0.292818663,0.153378746,-0.123372244,-0.016040725,0.160818820,0.307971672,12.122389417,0.011729575,-130.918300287,-0.108652779,142.886583086,44.883760526,0.030959546,0.002119756,-0.027023500,-0.000847300,0.000241452,-0.000002901,0.000035935,-0.680732057,0.000047598,0.673887522,0.000083400,-0.234630628,-0.000254571,0.165613613,0.026777701,-0.000001872,-0.026508460,-0.000003281,0.009229577,0.000010014,-0.006514681,-1.361464115,0.000095196,1.347775043,0.000166800,-0.469261255,-0.000509141,0.331227225,-0.582880129,-0.066747672,0.070680979,0.035044622,0.411249001,0.338971104,0.030426933
9.600000000,0,9.600000000,sample,0.216533218,-0.000004066,0.216038335,0.216029177,0.000009159,9.158541804,0.000057241,1,1,2.000000000,0.080000000,2.000000000,-0.025230641,0.012615320,-0.012615320,0.042980012,0.042980012,-0.042980012,0.027897783,0.018184179,0.693752525,1,68.918644964,1,46.339581103,0.325426425,0.201957848,0.347379125,0.208185154,4.087114907,0.527005904,0.847007601,0.107224682,0.610242535,2.000000000,2.091024875,2.000000000,0.000000000,0.000000000,0.000000000,1.000000000,0.949641126,0.880316540,0.745453448,0.322612545,1.079169513,0.949311369,0.801193798,1,0,0,0.000000000,0.050828436,-0.282236263,0.153823016,-0.121701703,-0.016295261,0.160343795,0.314111080,12.122485191,0.004815607,-130.918165108,-0.109016117,142.886279107,44.882954584,0.015096006,0.001255958,-0.006650823,-0.000101920,-0.005457927,-0.000244282,0.005206253,-0.680731820,0.000030409,0.673887579,0.000083679,-0.234630981,-0.000255424,0.165613857,0.008587650,-0.000000384,-0.008501308,-0.000001056,0.002959945,0.000003222,-0.002089272,-1.361463640,0.000060818,1.347775158,0.000167358,-0.469261963,-0.000510847,0.331227713,-0.492219348,-0.084468620,0.118632713,0.040327957,0.415415724,0.342121637,0.031120822
9.650000000,0,9.650000000,sample,0.216533656,0.000008761,0.216036631,0.216031740,0.000004892,4.891574871,0.000030572,1,1,2.000000000,0.080000000,2.000000000,0.039217408,0.019608704,0.019608704,0.040786283,0.040786283,-0.040786283,0.024139421,0.021084257,0.930016349,1,72.931047577,1,46.339613156,0.313602233,0.203682632,0.334160221,0.207364268,3.553515695,0.391912323,0.504820463,0.230071445,0.442178473,2.000000000,2.048304863,2.000000000,0.000000000,0.000000000,0.000000000,1.000000000,0.859728398,0.745264746,0.666438269,0.283007745,1.016456119,0.895054736,0.753142182,1,0,0,0.000000000,0.053199546,-0.266812172,0.155972541,-0.122597406,-0.016548976,0.161810451,0.305962228,12.122484522,0.011079972,-130.918507649,-0.109712041,142.886371738,44.882953138,-0.018005887,0.000519059,0.010918703,-0.000554668,-0.000370272,0.000291092,-0.000562956,-0.680732056,0.000046156,0.673887060,0.000084213,-0.234631449,-0.000257054,0.165614330,-0.013348273,0.000000905,0.013214052,0.000001651,-0.004600819,-0.000005041,0.003247482,-1.361464111,0.000092312,1.347774120,0.000168426,-0.469262899,-0.000514109,0.331228660,-0.297163889,-0.086132778,0.254481159,0.030386844,0.408628028,0.338778349,0.031354096
9.700000000,0,9.700000000,sample,0.216533914,0.000005158,0.216033737,0.216035126,0.000001388,1.388211578,0.000008676,1,1,2.000000000,0.080000000,2.000000000,-0.062415936,0.031207968,-0.031207968,0.043856548,0.043856548,-0.043856548,0.028698696,0.032349723,0.964705881,3,59.967810951,1,46.339667858,0.315368972,0.205741423,0.318238817,0.207530158,3.286786912,0.315501670,0.788742748,0.200245018,0.567740091,2.000000000,2.079054213,2.000000000,0.000000000,0.000000000,0.000000000,1.000000000,0.919563989,0.730100910,0.653123831,-0.275113598,1.004166740,0.768954409,0.689157882,1,0,0,0.000000000,0.053898903,-0.268656078,0.156129462,-0.124513445,-0.016494616,0.162953561,0.296684516,12.122387978,0.020125230,-130.918701775,-0.109682791,142.886534490,44.883639260,-0.020207633,0.000971409,0.025051265,-0.000427303,-0.000269114,-0.000134948,0.003061601,0.680732457,-0.000068719,-0.673887137,-0.000084190,0.234630492,0.000256984,-0.165613715,-0.021244277,0.000002145,0.021030648,0.000002627,-0.007322341,-0.000008020,0.005168467,1.361464915,-0.000137438,-1.347774274,-0.000168381,0.469260984,0.000513968,-0.331227430,-0.265170149,-0.057946737,0.273630869,0.015205592,0.403561437,0.337675761,0.030098022
9.750000000,0,9.750000000,sample,0.216533955,0.000000817,0.216031183,0.216037758,0.000006575,6.574543981,0.000041091,1,1,2.000000000,0.080000000,2.000000000,-0.024401722,0.012200861,-0.012200861,0.042732996,0.042732996,-0.042732996,0.026594666,0.014347492,0.850382828,1,58.406516464,1,46.339674739,0.321310167,0.206896856,0.331531606,0.206896856,1.090742766,0.498314693,0.592145597,0.249258364,0.451687955,2.000000000,2.050374294,2.000000000,0.000000000,0.000000000,0.000000000,1.000000000,0.944420896,0.747344619,0.660818978,-0.298615605,1.021666249,0.859823473,0.709966159,1,0,0,0.000000000,0.054380279,-0.275328155,0.156452598,-0.126443889,-0.016581957,0.162921118,0.289618396,12.122389475,0.027494168,-130.918740613,-0.109046590,142.886500770,44.883237101,-0.010964950,0.000133143,0.008143010,0.000641944,0.004129407,-0.000313626,0.001315910,0.680732508,-0.000086997,-0.673887125,-0.000083702,0.234630401,0.000255494,-0.165613677,-0.008305523,0.000001061,0.008222003,0.000001021,-0.002862693,-0.000003117,0.002020629,1.361465016,-0.000173995,-1.347774251,-0.000167404,0.469260802,0.000510987,-0.331227353,-0.314035766,-0.046836825,0.255476400,0.016270879,0.395424508,0.335938417,0.033488464
9.800000000,0,9.800000000,sample,0.216533501,-0.000009081,0.216031893,0.216036129,0.000004237,4.236616348,0.000026479,1,1,2.000000000,0.080000000,2.000000000,0.025121338,0.012560669,0.012560669,0.042547708,0.042547708,-0.042547708,0.028964130,0.012834770,0.978643884,3,51.919437015,1,46.339916785,0.309779292,0.206684893,0.328473428,0.207296501,1.474614671,0.250471854,0.553756300,0.207118256,0.380555587,2.000000000,2.035885522,2.000000000,0.000000000,0.000000000,0.000000000,1.000000000,0.951092715,0.752282104,0.671445792,-0.321708600,1.089238664,0.926254777,0.767001561,1,0,0,0.000000000,0.050666636,-0.266466924,0.149637831,-0.125856769,-0.015930552,0.163171493,0.292203063,12.121874522,0.024091443,-130.918385621,-0.108844179,142.886278887,44.882583918,0.007647024,-0.001497400,-0.009248112,0.000709389,0.004139400,-0.000090906,-0.000915662,0.680734286,-0.000078470,-0.673890682,-0.000083543,0.234620202,0.000255009,-0.165606353,0.008550478,-0.000000986,-0.008464518,-0.000001049,0.002946987,0.000003203,-0.002080127,1.361468572,-0.000156940,-1.347781364,-0.000167086,0.469240403,0.000510018,-0.331212705,-0.304865749,-0.041540775,0.298784645,0.006923143,0.392165572,0.334920765,0.029744621
9.851000000,0,9.851000000,sample,0.216533272,-0.000004491,0.216037044,0.216030513,0.000006531,6.531442263,0.000040822,1,1,2.000000000,0.080000000,2.000000000,-0.069820260,0.034910130,-0.034910130,0.038736412,0.038736412,-0.038736412,0.026083577,0.036304230,0.961599531,3,54.730402209,1,46.339950996,0.285084553,0.205374509,0.318942135,0.208952360,1.944388781,0.353766333,0.482054945,0.188315643,0.363647236,2.000000000,2.032823621,2.000000000,0.000000000,0.000000000,0.000000000,1.000000000,0.989991103,0.808673812,0.689823911,0.333782318,1.043769705,0.898042839,0.740544783,1,0,0,0.000000000,0.047608080,-0.239885270,0.146498226,-0.122706157,-0.015331868,0.163972015,0.305598611,12.121715105,0.008544613,-130.918187651,-0.108667033,142.886499655,44.881438695,0.024357416,-0.000486350,-0.026857869,0.000150485,0.001557279,-0.000122990,0.000817819,-0.680734537,0.000039652,0.673891483,0.000083406,-0.234618249,-0.000254591,0.165604838,0.023764531,-0.000001384,-0.023525639,-0.000002912,0.008190554,0.000008888,-0.005781286,-1.361469074,0.000079303,1.347782967,0.000166813,-0.469236498,-0.000509182,0.331209676,-0.364113364,-0.027559712,0.260613708,0.007622559,0.402861288,0.333721310,0.029567050
9.901000000,0,9.901000000,sample,0.216533401,0.000002594,0.216037020,0.216030816,0.000006204,6.203793006,0.000038774,1,1,2.000000000,0.080000000,2.000000000,0.016313950,0.008156975,0.008156975,0.036782214,0.036782214,-0.036782214,0.027539289,0.008570688,0.951729309,1,69.576434695,1,46.339708478,0.283242987,0.205346235,0.292377138,0.209579689,1.452401515,0.170572630,0.532785728,0.200549235,0.420186608,2.000000000,2.043664753,2.000000000,0.000000000,0.000000000,0.000000000,1.000000000,0.947598697,0.780483177,0.672871092,0.301236458,1.007579790,0.876064999,0.728267276,1,0,0,0.000000000,0.049163580,-0.234419788,0.151184969,-0.122383808,-0.015723294,0.164140359,0.304466398,12.122180607,0.009138965,-130.918280360,-0.109405881,142.886663770,44.881646033,-0.007149024,0.001019805,0.004524217,-0.000172642,-0.000631924,0.000304372,0.000563765,-0.680732756,0.000041261,0.673888584,0.000083977,-0.234627250,-0.000256331,0.165611202,-0.005552720,0.000000337,0.005496892,0.000000685,-0.001913849,-0.000002091,0.001350886,-1.361465512,0.000082521,1.347777169,0.000167953,-0.469254499,-0.000512662,0.331222404,-0.310710397,-0.043886068,0.269349772,0.012876782,0.410863382,0.334603131,0.028381058
9.951000000,0,9.951000000,sample,0.216533588,0.000003724,0.216034500,0.216033698,0.000000802,0.801988741,0.000005012,0,0,2.000000000,0.080000000,0.000000000,0.000000000,0.025361242,0.000000000,0.039529644,0.039529644,-0.039529644,0.023924888,0.026905290,0.942611727,1,50.885984463,0,0.000000000,0.298459328,0.206293694,0.305753453,0.208401269,0.540690724,0.309957828,0.620791738,0.218798664,0.462199689,0.000000000,0.462280502,2.000000000,0.000000000,0.000000000,0.000000000,1.000000000,0.949938749,0.722449427,0.652495694,0.000000000,1.043304852,0.877421950,0.732322678,1,0,0,0.000000000,0.050572952,-0.252325456,0.151169480,-0.124214324,-0.015879958,0.163938149,0.298268650,12.122045802,0.016865136,-130.918436229,-0.109053789,142.886539737,44.882518585,-0.019192730,0.000026296,0.018779086,-0.000579069,0.001573137,-0.000255129,0.000061346,0.000000000,0.000000000,0.000000000,0.000000000,0.000000000,0.000000000,0.000000000,-0.017264247,0.000001534,0.017090670,0.000002123,-0.005950365,-0.000006480,0.004200057,0.000000000,0.000000000,0.000000000,0.000000000,0.000000000,0.000000000,0.000000000,-0.235339973,-0.044157985,0.297532215,0.014625165,0.407155024,0.335778241,0.033974185
10.001000000,0,10.001000000,sample,0.216534033,0.000008906,0.216031821,0.216037256,0.000005436,5.435523125,0.000033972,1,1,2.000000000,0.080000000,2.000000000,-0.041927241,0.020963621,-0.020963621,0.042780443,0.042780443,-0.042780443,0.027456808,0.023016746,0.910798632,1,66.349054699,1,46.339799902,0.309402767,0.206239158,0.320611947,0.207349460,2.639951953,0.522035082,0.532488996,0.252095868,0.466898776,2.000000000,2.053785024,2.000000000,0.000000000,0.000000000,0.000000000,1.000000000,0.922984638,0.706565097,0.657510638,-0.289233690,1.012923467,0.854556890,0.718128807,1,0,0,0.000000000,0.053743941,-0.262669357,0.154423024,-0.125755762,-0.016314161,0.162646632,0.289931503,12.122141490,0.025954000,-130.918797500,-0.109660541,142.886574123,44.882260755,-0.018748274,-0.000168243,0.013051998,-0.001235661,0.002522376,0.000019004,-0.000015740,0.680733427,-0.000083257,-0.673888326,-0.000084172,0.234626313,0.000256927,-0.165610803,-0.014270637,0.000001745,0.014127139,0.000001765,-0.004918617,-0.000005386,0.003471802,1.361466855,-0.000166513,-1.347776652,-0.000168344,0.469252627,0.000513855,-0.331221606,-0.238529709,-0.056350393,0.317865268,0.013753078,0.395927999,0.336307978,0.034043172
10.051000000,0,10.051000000,sample,0.216533713,-0.000006404,0.216034951,0.216033506,0.000001446,1.445500391,0.000009034,1,1,2.000000000,0.080000000,2.000000000,-0.065867011,0.032933505,-0.032933505,0.037623373,0.037623373,-0.037623373,0.022867020,0.034338499,0.959084002,3,54.996448879,1,46.339696478,0.311041966,0.203710632,0.320569415,0.206350440,2.077674262,0.340346477,0.541162405,0.146322128,0.381550583,2.000000000,2.036098286,2.000000000,0.000000000,0.000000000,0.000000000,1.000000000,0.937801729,0.726321320,0.676103117,0.318001704,1.044080979,0.920645981,0.764238554,1,0,0,0.000000000,0.051928705,-0.265274843,0.153882332,-0.123956591,-0.016152048,0.160847432,0.300629650,12.122277819,0.015956719,-130.918533786,-0.109168437,142.886600501,44.880992025,0.022876042,0.000768344,-0.025465291,0.000523812,-0.000839379,0.000119234,-0.002398896,-0.680732668,0.000058231,0.673887844,0.000083795,-0.234628775,-0.000255777,0.165612411,0.022418913,-0.000001918,-0.022193489,-0.000002760,0.007727148,0.000008424,-0.005454197,-1.361465335,0.000116462,1.347775688,0.000167590,-0.469257550,-0.000511554,0.331224823,-0.255625595,-0.050730812,0.342919726,0.018130967,0.395776752,0.336732341,0.035309875
10.101000000,0,10.101000000,sample,0.216533431,-0.000005631,0.216037884,0.216030025,0.000007859,7.858769717,0.000049117,1,1,2.000000000,0.080000000,2.000000000,-0.010195013,0.005097506,-0.005097506,0.044054642,0.044054642,-0.044054642,0.027159434,0.005948688,0.856912651,3,80.827033923,1,46.339679748,0.292308798,0.204189625,0.308261437,0.207518054,2.109254546,0.208823772,0.481581908,0.190817239,0.346764668,2.000000000,2.029840175,2.000000000,0.000000000,0.000000000,0.000000000,1.000000000,0.928067160,0.736536790,0.684812931,0.312515565,1.009278406,0.822898845,0.692431343,1,0,0,0.000000000,0.050369646,-0.244193661,0.152567323,-0.121915167,-0.016004722,0.163015164,0.308023702,12.122277822,0.006743500,-130.918318387,-0.109344639,142.886515576,44.881686616,0.002217890,-0.000798977,-0.005348100,0.001080827,-0.000151630,0.000150207,-0.000116510,-0.680732545,0.000035274,0.673888214,0.000083930,-0.234628347,-0.000256189,0.165612024,0.003470038,-0.000000180,-0.003435149,-0.000000428,0.001196019,0.000001306,-0.000844208,-1.361465089,0.000070548,1.347776428,0.000167860,-0.469256694,-0.000512379,0.331224047,-0.232363165,-0.054313764,0.363235432,0.012226069,0.407994313,0.335298491,0.032438109
10.152000000,0,10.152000000,sample,0.216533570,0.000002722,0.216034402,0.216033762,0.000000640,0.639517352,0.000003997,0,0,2.000000000,0.080000000,0.000000000,0.000000000,0.023627490,0.000000000,0.039314053,0.039314053,-0.039314053,0.025960942,0.024342085,0.970643644,3,52.046029636,0,0.000000000,0.300617950,0.205556956,0.306433622,0.208132110,0.849317252,0.201830512,0.633466914,0.201957865,0.446237675,0.000000000,0.446302216,2.000000000,0.000000000,0.000000000,0.000000000,1.000000000,0.965907296,0.773451434,0.664303414,0.000000000,1.007177347,0.847220223,0.717547528,1,0,0,0.000000000,0.050920896,-0.255086740,0.150694953,-0.124010174,-0.015961092,0.163157539,0.298292248,12.121970232,0.017172760,-130.918433686,-0.109499669,142.886379991,44.882418325,-0.016770029,-0.000206010,0.017561095,0.000077364,-0.000459155,-0.000045511,0.001627847,0.000000000,0.000000000,0.000000000,0.000000000,0.000000000,0.000000000,0.000000000,-0.016084034,0.000001449,0.015922329,0.000001986,-0.005543537,-0.000006062,0.003912898,0.000000000,0.000000000,0.000000000,0.000000000,0.000000000,0.000000000,0.000000000,-0.322491133,-0.037097061,0.231601465,-0.000720345,0.410719261,0.335549545,0.031602818
10.201000000,0,10.201000000,sample,0.216533442,-0.000002617,0.216031326,0.216036566,0.000005240,5.239743897,0.000032748,1,1,2.000000000,0.080000000,2.000000000,-0.060653388,0.030326694,-0.030326694,0.044746363,0.044746363,-0.044746363,0.025223144,0.031511352,0.962405360,1,55.990136415,1,46.339873478,0.319144740,0.204458407,0.321190521,0.207096913,1.065643009,0.191319431,0.591738508,0.199830694,0.428958273,2.000000000,2.045505321,2.000000000,0.000000000,0.000000000,0.000000000,1.000000000,1.015862606,0.784758289,0.665605963,-0.291845768,1.015862606,0.812826851,0.693118063,1,0,0,0.000000000,0.049047251,-0.278073255,0.148738016,-0.125583522,-0.015561380,0.160592225,0.291871286,12.121878533,0.025706818,-130.918315404,-0.109869572,142.886583107,44.882072235,-0.023578860,-0.000242813,0.020793470,-0.000139635,-0.001852413,-0.000230652,-0.001034971,0.680733968,-0.000082673,-0.673890315,-0.000084330,0.234621563,0.000257412,-0.165607220,-0.020644411,0.000002507,0.020436865,0.000002557,-0.007115296,-0.000007806,0.005022319,1.361467935,-0.000165347,-1.347780629,-0.000168661,0.469243126,0.000514823,-0.331214439,-0.351154146,-0.017373611,0.210431002,-0.000783987,0.402393078,0.334839969,0.033172378
10.251000000,0,10.251000000,sample,0.216533388,-0.000001086,0.216032220,0.216035565,0.000003345,3.344531420,0.000020903,1,1,2.000000000,0.080000000,2.000000000,0.028549197,0.014274598,0.014274598,0.044332075,0.044332075,-0.044332075,0.026813333,0.015729820,0.907486411,1,81.786286229,1,46.339864094,0.332386202,0.202734541,0.335080931,0.205370853,4.088652972,0.609707134,0.854668296,0.113493289,0.632172036,2.000000000,2.097533705,2.000000000,0.000000000,0.000000000,0.000000000,1.000000000,0.976785358,0.787585624,0.681461504,-0.321379609,1.013391230,0.866297227,0.735180719,1,0,0,0.000000000,0.048588754,-0.293449984,0.148346983,-0.125491970,-0.015475465,0.158472615,0.296445736,12.121877531,0.022836059,-130.918267207,-0.109024425,142.886622913,44.881045101,0.014225384,0.000100264,-0.006241523,-0.000448961,-0.000049788,0.000408991,-0.002393265,0.680733899,-0.000075369,-0.673890319,-0.000083682,0.234621705,0.000255431,-0.165607291,0.009717203,-0.000001076,-0.009619514,-0.000001195,0.003349131,0.000003646,-0.002363978,1.361467798,-0.000150737,-1.347780638,-0.000167364,0.469243410,0.000510863,-0.331214581,-0.377029122,-0.034985139,0.225798699,0.001572511,0.396281426,0.334417734,0.033958029
10.301000000,0,10.301000000,sample,0.216533638,0.000005012,0.216037780,0.216030520,0.000007260,7.259934802,0.000045375,1,1,2.000000000,0.080000000,2.000000000,-0.062313176,0.031156588,-0.031156588,0.036728618,0.036728618,-0.036728618,0.029239868,0.032302182,0.964535094,1,53.400730469,1,46.339787345,0.313606173,0.201562952,0.335100339,0.205438164,0.732668541,0.194953831,0.663115750,0.179015597,0.454765825,2.000000000,2.051077142,2.000000000,0.000000000,0.000000000,0.000000000,1.000000000,1.002193146,0.849154974,0.716020324,0.332675943,1.002193146,0.862686998,0.732348888,1,0,0,0.000000000,0.050911619,-0.269689308,0.151738316,-0.122353099,-0.015895555,0.159388438,0.309899140,12.122086230,0.007532912,-130.918479360,-0.108898605,142.886602512,44.880350970,0.023605079,0.000155463,-0.021720339,-0.000512113,0.003253633,0.000140148,0.001888354,-0.680733335,0.000037168,0.673888962,0.000083587,-0.234625356,-0.000255141,0.165609972,0.021209328,-0.000001158,-0.020996081,-0.000002604,0.007310126,0.000007949,-0.005159842,-1.361466670,0.000074336,1.347777923,0.000167173,-0.469250712,-0.000510282,0.331219945,-0.448056039,-0.037245119,0.174676280,0.010075776,0.407684481,0.335470923,0.034394641
10.351000000,0,10.351000000,sample,0.216533547,-0.000001817,0.216036450,0.216031703,0.000004747,4.746804950,0.000029668,1,1,2.000000000,0.080000000,2.000000000,0.042832832,0.021416416,0.021416416,0.036443126,0.036443126,-0.036443126,0.024585991,0.022359188,0.957835159,1,61.186310038,1,46.339658935,0.305505699,0.203407386,0.315122871,0.205944090,2.054311557,0.576746705,0.543819045,0.254541074,0.467269585,2.000000000,2.053872604,2.000000000,0.000000000,0.000000000,0.000000000,1.000000000,0.947318887,0.818953983,0.692295904,0.295543940,1.002058018,0.856295958,0.720151115,1,0,0,0.000000000,0.052447513,-0.258202257,0.154643412,-0.122809498,-0.016446844,0.161313029,0.304833862,12.122389474,0.011240977,-130.918424372,-0.109423995,142.886299438,44.881254641,-0.017489732,0.001091035,0.013075483,0.000395434,0.000292640,-0.000395442,0.004635251,-0.680732392,0.000046509,0.673887780,0.000083991,-0.234629431,-0.000256378,0.165612880,-0.014578848,0.000000996,0.014432261,0.000001799,-0.005024922,-0.000005491,0.003546834,-1.361464784,0.000093018,1.347775559,0.000167983,-0.469258862,-0.000512755,0.331225761,-0.400903044,-0.058142096,0.170040017,0.016278958,0.413720081,0.337399442,0.031441441
10.401000000,0,10.401000000,sample,0.216533592,0.000000902,0.216032684,0.216035506,0.000002822,2.822272058,0.000017639,1,1,2.000000000,0.080000000,2.000000000,-0.060237608,0.030118804,-0.030118804,0.043103813,0.043103813,-0.043103813,0.023918829,0.031210511,0.965021186,3,56.136067676,1,46.339905665,0.298673574,0.205834257,0.309520883,0.206052353,2.193524404,0.300250313,0.667557875,0.189490598,0.455000436,2.000000000,2.051124307,2.000000000,0.000000000,0.000000000,0.000000000,1.000000000,0.970083820,0.693346283,0.666580361,-0.279028895,0.997246558,0.836747675,0.703711793,1,0,0,0.000000000,0.049876137,-0.253825941,0.149300591,-0.124894451,-0.015660804,0.162861465,0.292910722,12.121848241,0.022210452,-130.918437698,-0.109794527,142.886568921,44.881902349,-0.020609415,-0.000534221,0.023384165,0.000897532,-0.000941638,0.000331311,0.000664393,0.680734204,-0.000073937,-0.673890363,-0.000084273,0.234620985,0.000257235,-0.165606873,-0.020502900,0.000002227,0.020296772,0.000002538,-0.007066503,-0.000007748,0.004987881,1.361468408,-0.000147875,-1.347780727,-0.000168545,0.469241970,0.000514471,-0.331213745,-0.165931591,-0.042089182,0.377650868,0.006964634,0.398584492,0.335420111,0.031299408
10.451000000,0,10.451000000,sample,0.216533515,-0.000001547,0.216031950,0.216036092,0.000004142,4.142032735,0.000025888,1,1,2.000000000,0.080000000,2.000000000,0.019716967,0.009858484,0.009858484,0.038439892,0.038439892,-0.038439892,0.026849353,0.010577661,0.932009791,3,72.322928565,1,46.339852662,0.307262548,0.205369695,0.308033674,0.206987206,2.237569976,0.166042018,0.510290399,0.182019548,0.368312812,2.000000000,2.033632988,2.000000000,0.000000000,0.000000000,0.000000000,1.000000000,0.950637144,0.714340328,0.668963657,-0.311001340,0.979046002,0.814857984,0.700691880,1,0,0,0.000000000,0.049626702,-0.263726740,0.149651832,-0.125726647,-0.015677658,0.161628379,0.292036512,12.121934142,0.023986941,-130.918374450,-0.109034889,142.886582772,44.880925029,0.005320204,-0.000786371,-0.008995548,-0.000021080,-0.000246419,0.000104672,-0.001404262,0.680733815,-0.000078242,-0.673889940,-0.000083690,0.234622566,0.000255457,-0.165607957,0.006711003,-0.000000771,-0.006643533,-0.000000825,0.002313023,0.000002518,-0.001632643,1.361467630,-0.000156484,-1.347779880,-0.000167380,0.469245131,0.000510914,-0.331215914,-0.233327297,-0.044476845,0.354137562,0.008596054,0.389869095,0.335659025,0.030665273
10.501000000,0,10.501000000,sample,0.216533301,-0.000004286,0.216036499,0.216031131,0.000005367,5.367494517,0.000033547,1,1,2.000000000,0.080000000,2.000000000,-0.075749902,0.037874951,-0.037874951,0.040514478,0.040514478,-0.040514478,0.021879446,0.039647023,0.955303793,1,60.148886969,1,46.339832198,0.319417023,0.201337269,0.327742563,0.205293404,2.594194847,0.570589593,0.730401450,0.096650074,0.500915393,2.000000000,2.061798114,2.000000000,0.000000000,0.000000000,0.000000000,1.000000000,0.962816777,0.836161068,0.709759388,0.329921870,0.992019687,0.875722385,0.730703937,1,0,0,0.000000000,0.048821206,-0.278316937,0.148940951,-0.122928313,-0.015625881,0.158685720,0.307972160,12.121958584,0.010259861,-130.918210984,-0.108896803,142.886480772,44.880386195,0.030748531,-0.000585846,-0.024946787,0.001136918,-0.000461437,-0.000340334,-0.001451721,-0.680733664,0.000043971,0.673890142,0.000083584,-0.234622503,-0.000255134,0.165607855,0.025782754,-0.000001665,-0.025523556,-0.000003166,0.008886316,0.000009663,-0.006272389,-1.361467329,0.000087941,1.347780284,0.000167168,-0.469245006,-0.000510268,0.331215710,-0.431768967,-0.054014137,0.187184927,0.017462502,0.405602367,0.337057463,0.030858893
10.551000000,0,10.551000000,sample,0.216533697,0.000007922,0.216037519,0.216030911,0.000006608,6.607845021,0.000041299,1,1,2.000000000,0.080000000,2.000000000,0.017973755,0.008986878,0.008986878,0.039685343,0.039685343,-0.039685343,0.026538262,0.009518928,0.944106013,3,52.155617722,1,46.339698781,0.298135708,0.203573185,0.321369823,0.206068124,0.619016680,0.108091910,0.623885148,0.184281854,0.455390296,2.000000000,2.051192665,2.000000000,0.000000000,0.000000000,0.000000000,1.000000000,0.949168418,0.759154632,0.664912663,0.290446295,1.065738846,0.929317582,0.767918010,1,0,0,0.000000000,0.051855024,-0.250050725,0.153852499,-0.122241296,-0.016148580,0.161982502,0.306761921,12.122276318,0.008561582,-130.918527450,-0.109437498,142.886583081,44.881243877,-0.006541913,0.000234571,0.006874460,-0.000572233,0.000206538,-0.000191694,-0.000305429,-0.680732685,0.000039826,0.673887888,0.000084001,-0.234628661,-0.000256407,0.165612331,-0.006117661,0.000000358,0.006056148,0.000000755,-0.002108579,-0.000002304,0.001488338,-1.361465369,0.000079651,1.347775776,0.000168003,-0.469257321,-0.000512814,0.331224661,-0.280930413,-0.041212705,0.283031815,0.003983406,0.410893329,0.334113046,0.030012234
10.601000000,0,10.601000000,sample,0.216533631,-0.000001325,0.216033947,0.216034336,0.000000389,0.389051645,0.000002432,0,0,2.000000000,0.080000000,0.000000000,0.000000000,0.026731437,0.000000000,0.038663903,0.038663903,-0.038663903,0.026573685,0.028320998,0.943873414,3,60.330549972,0,0.000000000,0.286277258,0.206665893,0.297288143,0.208021426,2.818859755,0.369765538,0.686961137,0.183421963,0.487459761,0.000000000,0.487537406,2.000000000,0.000000000,0.000000000,0.000000000,1.000000000,0.939739091,0.732323385,0.654660285,0.000000000,0.966570737,0.854860466,0.723584961,1,0,0,0.000000000,0.051158186,-0.237768184,0.151009269,-0.124359231,-0.015994905,0.164285533,0.294876260,12.121972732,0.018644693,-130.918481329,-0.109437140,142.886398398,44.881519521,-0.017797515,-0.000765222,0.021997696,-0.000290732,0.000314286,0.000062467,-0.000809930,0.000000000,0.000000000,0.000000000,0.000000000,0.000000000,0.000000000,0.000000000,-0.018196996,0.000001737,0.018014045,0.000002245,-0.006271796,-0.000006854,0.004426939,0.000000000,0.000000000,0.000000000,0.000000000,0.000000000,0.000000000,0.000000000,-0.256614519,-0.047504599,0.288653017,0.007469120,0.403985133,0.336177691,0.029607606
10.651000000,0,10.651000000,sample,0.216533510,-0.000002412,0.216031523,0.216036509,0.000004986,4.986454516,0.000031165,1,1,2.000000000,0.080000000,2.000000000,0.012215731,0.006107866,0.006107866,0.039038474,0.039038474,-0.039038474,0.026074132,0.008721622,0.700313033,3,98.003032610,1,46.339868367,0.292306911,0.207354395,0.296768090,0.208207553,4.599846905,0.505563872,0.394918202,0.233382839,0.408844074,2.000000000,2.041360501,2.000000000,0.000000000,0.000000000,0.000000000,1.000000000,1.001613868,0.683021935,0.697823947,-0.306644581,1.001613868,0.852236845,0.719166665,1,0,0,0.000000000,0.049710594,-0.246164275,0.149583879,-0.126022517,-0.015720918,0.163911632,0.288872863,12.121916090,0.025191796,-130.918375437,-0.108962373,142.886521628,44.881164628,0.000384737,-0.001001694,-0.008634099,-0.000348467,0.000334951,0.000195801,0.000309280,0.680733930,-0.000081236,-0.673890123,-0.000083634,0.234621985,0.000255287,-0.165607559,0.004157831,-0.000000496,-0.004116030,-0.000000511,0.001433040,0.000001559,-0.001011509,1.361467860,-0.000162471,-1.347780247,-0.000167269,0.469243969,0.000510574,-0.331215118,-0.130295658,-0.039593698,0.450939499,0.003600921,0.387865696,0.337113475,0.031127966
10.701000000,0,10.701000000,sample,0.216533586,0.000001517,0.216036011,0.216032193,0.000003817,3.817236183,0.000023858,1,1,2.000000000,0.080000000,2.000000000,-0.082126748,0.041063374,-0.041063374,0.041063374,0.041063374,-0.041063374,0.023087989,0.042196189,0.973153630,3,59.682701323,1,46.339739633,0.302811417,0.203032724,0.307766199,0.207284594,3.860981263,0.564824686,0.456481506,0.225610555,0.421932985,2.000000000,2.044072664,2.000000000,0.000000000,0.000000000,0.000000000,1.000000000,0.923427921,0.749765306,0.685521201,0.331939701,1.022801529,0.900071345,0.750071710,1,0,0,0.000000000,0.051008988,-0.256626555,0.152432440,-0.123285617,-0.016014497,0.160519405,0.303281356,12.122182106,0.012526195,-130.918436590,-0.109092413,142.886542231,44.879900905,0.026376856,0.000092984,-0.032598488,0.000038358,0.004683512,-0.000333053,-0.000249048,-0.680732985,0.000049659,0.673888566,0.000083736,-0.234626795,-0.000255597,0.165610980,0.027953193,-0.000002039,-0.027672138,-0.000003438,0.009634568,0.000010496,-0.006800546,-1.361465969,0.000099318,1.347777132,0.000167472,-0.469253591,-0.000511194,0.331221959,-0.295369059,-0.056436086,0.325019009,0.006323673,0.397966967,0.338273630,0.032051591
10.751000000,0,10.751000000,sample,0.216533640,0.000001086,0.216037126,0.216031178,0.000005948,5.948241105,0.000037177,1,1,2.000000000,0.080000000,2.000000000,0.026556169,0.013278084,0.013278084,0.042700324,0.042700324,-0.042700324,0.022505200,0.013719321,0.967838304,1,49.837825117,1,46.339876220,0.289676847,0.204887620,0.308309163,0.206521080,0.252792035,0.205998425,0.586981343,0.207551121,0.432471108,2.000000000,2.046227273,2.000000000,0.000000000,0.000000000,0.000000000,1.000000000,0.957426460,0.786972678,0.674165600,0.294064502,1.000590238,0.851050786,0.717223852,1,0,0,0.000000000,0.051260755,-0.241850831,0.150974124,-0.122646158,-0.015988198,0.163343915,0.304905901,12.121958563,0.009452290,-130.918494467,-0.109076427,142.886393947,44.881331627,-0.009685280,-0.000340314,0.009411809,-0.000603633,0.000168781,-0.000015180,0.002307395,-0.680733988,0.000041986,0.673889940,0.000083722,-0.234622192,-0.000255555,0.165607787,-0.009038843,0.000000557,0.008947968,0.000001112,-0.003115333,-0.000003393,0.002198954,-1.361467976,0.000083972,1.347779880,0.000167444,-0.469244385,-0.000511110,0.331215573,-0.335816963,-0.042114245,0.233505276,0.006054544,0.414138108,0.335907481,0.032357902
10.801000000,0,10.801000000,sample,0.216533541,-0.000001975,0.216032990,0.216035110,0.000002120,2.120448274,0.000013253,1,1,2.000000000,0.080000000,2.000000000,-0.056114050,0.028057025,-0.028057025,0.035886316,0.035886316,-0.035886316,0.022785422,0.029537130,0.949890025,3,54.991812800,1,46.339840701,0.278819486,0.207891860,0.290522432,0.208494819,1.753538675,0.296563027,0.619863764,0.199672256,0.440045827,2.000000000,2.047858870,2.000000000,0.000000000,0.000000000,0.000000000,1.000000000,0.973724054,0.678587188,0.674203502,-0.280553115,0.979921948,0.809236746,0.700773051,1,0,0,0.000000000,0.049954173,-0.229486497,0.150269205,-0.124915031,-0.015782882,0.165427208,0.291372244,12.121974743,0.021131286,-130.918398757,-0.109384119,142.886532242,44.881546420,-0.019791207,-0.000736362,0.021903691,0.000045024,0.000574552,-0.000204102,-0.000249930,0.680733727,-0.000071176,-0.673889762,-0.000083958,0.234623068,0.000256276,-0.165608332,-0.019099363,0.000001997,0.018907342,0.000002356,-0.006582825,-0.000007190,0.004646477,1.361467454,-0.000142353,-1.347779524,-0.000167917,0.469246136,0.000512552,-0.331216664,-0.142554416,-0.043482446,0.402395088,-0.000306670,0.397410029,0.333629008,0.034248086
10.851000000,0,10.851000000,sample,0.216533429,-0.000002250,0.216033149,0.216034732,0.000001583,1.582996891,0.000009894,1,1,2.000000000,0.080000000,2.000000000,0.037351956,0.018675978,0.018675978,0.041059778,0.041059778,-0.041059778,0.023762451,0.019463997,0.959514026,1,52.945080325,1,46.339767334,0.294247888,0.205947610,0.297326699,0.208287118,0.468490719,0.161331719,0.606092877,0.162530733,0.427474485,2.000000000,2.045183607,2.000000000,0.000000000,0.000000000,0.000000000,1.000000000,0.981622566,0.705028557,0.676879816,-0.313648150,1.001113585,0.833979693,0.696014577,1,0,0,0.000000000,0.049341330,-0.247980248,0.150509300,-0.124992537,-0.015729165,0.162922917,0.294205114,12.122081719,0.020287628,-130.918302075,-0.108964575,142.886600500,44.880715020,0.014162660,0.000641483,-0.013324877,-0.000285538,0.000282519,0.000369771,0.000065609,0.680733188,-0.000069001,-0.673889187,-0.000083637,0.234625243,0.000255295,-0.165609809,0.012713358,-0.000001289,-0.012585540,-0.000001562,0.004381856,0.000004768,-0.003092925,1.361466376,-0.000138003,-1.347778374,-0.000167274,0.469250485,0.000510590,-0.331219618,-0.205709781,-0.033932004,0.385378741,-0.000001570,0.390374000,0.335633306,0.033764486
10.901000000,0,10.901000000,sample,0.216533554,0.000002500,0.216038242,0.216029905,0.000008337,8.337495650,0.000052109,1,1,2.000000000,0.080000000,2.000000000,-0.003824350,0.001912175,-0.001912175,0.040904581,0.040904581,-0.040904581,0.021101371,0.004050601,0.472071895,1,66.872461696,1,46.339691136,0.317327743,0.200237035,0.317798730,0.205511465,1.403472297,0.183650400,0.697530548,0.150307293,0.480128412,2.000000000,2.056823664,2.000000000,0.000000000,0.000000000,0.000000000,1.000000000,0.917705072,0.756547326,0.674984961,0.302276894,0.989918308,0.838584017,0.709258420,1,0,0,0.000000000,0.051016263,-0.273296935,0.152980464,-0.121756745,-0.016025370,0.158156102,0.311883262,12.122264287,0.006058701,-130.918414078,-0.109375153,142.886583030,44.880041949,0.003312403,-0.000030777,-0.000458179,-0.000215922,-0.001824557,0.000170152,0.001349037,-0.680732628,0.000033570,0.673888084,0.000083953,-0.234628418,-0.000256261,0.165612106,0.001301680,-0.000000064,-0.001288592,-0.000000161,0.000448651,0.000000490,-0.000316679,-1.361465257,0.000067141,1.347776169,0.000167907,-0.469256837,-0.000512522,0.331224212,-0.286391747,-0.058051644,0.294525405,0.012074522,0.410638727,0.337169807,0.031871946
10.951000000,0,10.951000000,sample,0.216533943,0.000007788,0.216035164,0.216033747,0.000001418,1.417716861,0.000008861,1,1,2.000000000,0.080000000,2.000000000,0.051939110,0.025969555,0.025969555,0.040153354,0.040153354,-0.040153354,0.026941242,0.027545158,0.942799301,3,51.209410290,1,46.339847914,0.330298494,0.202133811,0.339502738,0.203521916,0.875168823,0.268826041,0.699556820,0.199411908,0.498484371,2.000000000,2.061202247,2.000000000,0.000000000,0.000000000,0.000000000,1.000000000,0.998267198,0.838052124,0.694593165,0.281996669,1.012136401,0.882987849,0.740140969,1,0,0,0.000000000,0.054112693,-0.287207766,0.153885056,-0.123963252,-0.016431383,0.158811837,0.302955433,12.122084881,0.015995683,-130.918741093,-0.109165079,142.886337431,44.881317034,-0.019174931,-0.000506744,0.019711521,-0.000691314,0.000857654,-0.000208974,-0.000999856,-0.680733780,0.000058327,0.673889039,0.000083791,-0.234624260,-0.000255765,0.165609374,-0.017678353,0.000001515,0.017500599,0.000002176,-0.006093088,-0.000006642,0.004300802,-1.361467560,0.000116654,1.347778078,0.000167582,-0.469248520,-0.000511531,0.331218748,-0.421346854,-0.041106863,0.129928151,0.013352430,0.414742371,0.336527163,0.030254619
11.001000000,0,11.001000000,sample,0.216533678,-0.000005315,0.216031291,0.216037089,0.000005798,5.797817096,0.000036236,1,1,2.000000000,0.080000000,2.000000000,-0.017585549,0.008792775,-0.008792775,0.038841504,0.038841504,-0.038841504,0.022500715,0.010170868,0.864505825,3,81.527481200,1,46.339750163,0.308094945,0.205849108,0.328854902,0.205913286,3.038675373,0.261857241,0.759509858,0.173794875,0.543945586,2.000000000,2.072653065,2.000000000,0.000000000,0.000000000,0.000000000,1.000000000,0.965135067,0.737044349,0.659030252,-0.300335663,0.995219699,0.826827960,0.691590747,1,0,0,0.000000000,0.051740106,-0.262383536,0.152971686,-0.126037654,-0.016127741,0.161951416,0.289372041,12.122182113,0.026427337,-130.918512601,-0.109363513,142.886520045,44.881231665,-0.004129961,0.000275917,0.009183538,-0.000783359,0.001117580,0.000060705,0.000331892,0.680733062,-0.000084388,-0.673888503,-0.000083944,0.234626740,0.000256232,-0.165610980,-0.005985532,0.000000742,0.005925350,0.000000738,-0.002063020,-0.000002253,0.001456180,1.361466124,-0.000168775,-1.347777006,-0.000167888,0.469253480,0.000512464,-0.331221960,-0.288365322,-0.036447149,0.283486609,0.008773863,0.394340219,0.335775445,0.033866254
11.051000000,0,11.051000000,sample,0.216533430,-0.000004955,0.216034430,0.216033448,0.000000981,0.981143965,0.000006132,0,0,2.000000000,0.080000000,0.000000000,0.000000000,0.030547375,0.000000000,0.036992909,0.036992909,-0.036992909,0.024185503,0.032327055,0.944947683,1,66.480129167,0,0.000000000,0.295682556,0.204511494,0.307236397,0.207380860,3.807775722,0.829672681,0.750365643,0.078157189,0.562994604,0.000000000,0.563051216,2.000000000,0.000000000,0.000000000,0.000000000,1.000000000,0.981710623,0.829918012,0.709110875,0.000000000,0.981710623,0.829918012,0.709110875,1,0,0,0.000000000,0.049063072,-0.250402660,0.149397110,-0.124162736,-0.015622651,0.161754440,0.298330001,12.121956531,0.016608649,-130.918304722,-0.109063112,142.886580860,44.880153188,0.026357976,-0.000605843,-0.018216387,0.000155054,-0.001424784,-0.000085950,-0.004003787,0.000000000,0.000000000,0.000000000,0.000000000,0.000000000,0.000000000,0.000000000,0.020794627,-0.000001828,-0.020585568,-0.000002557,0.007167115,0.000007806,-0.005058895,0.000000000,0.000000000,0.000000000,0.000000000,0.000000000,0.000000000,0.000000000,-0.430318416,-0.042474401,0.203412134,0.016145179,0.400381559,0.335814280,0.033859020
11.101000000,0,11.101000000,sample,0.216533647,0.000004347,0.216037644,0.216030691,0.000006953,6.953074753,0.000043457,1,1,2.000000000,0.080000000,2.000000000,0.002577123,0.001288561,0.001288561,0.040747757,0.040747757,-0.040747757,0.025998735,0.003919676,0.328741827,7,91.348280000,1,46.339705883,0.286170259,0.204490415,0.298547833,0.208583860,0.500918149,0.223250653,0.594939263,0.205928581,0.442573081,2.000000000,2.048382599,2.000000000,0.000000000,0.000000000,0.000000000,1.000000000,0.954775084,0.808732721,0.686136207,0.313668970,1.043685698,0.921320960,0.771401707,1,0,0,0.000000000,0.051796804,-0.235760777,0.153711953,-0.122215465,-0.016192754,0.163148719,0.305751094,12.122271800,0.008041282,-130.918493781,-0.109300347,142.886499835,44.880780841,-0.000382878,0.000437970,0.000787217,-0.000293861,0.000524315,-0.000099266,0.003746281,-0.680732737,0.000038504,0.673888068,0.000083896,-0.234628215,-0.000256086,0.165612016,-0.000877166,0.000000050,0.000868346,0.000000108,-0.000302333,-0.000000330,0.000213401,-1.361465473,0.000077009,1.347776136,0.000167792,-0.469256429,-0.000512171,0.331224033,-0.358280412,-0.044564098,0.239985729,0.015386255,0.412012334,0.334671718,0.029032275
11.151000000,0,11.151000000,sample,0.216533506,-0.000002815,0.216034443,0.216033604,0.000000839,0.839273907,0.000005245,0,0,2.000000000,0.080000000,0.000000000,0.000000000,0.027410987,0.000000000,0.045980949,0.045980949,-0.045980949,0.029493889,0.029127549,0.941067409,1,70.655546216,0,0.000000000,0.289656478,0.206317145,0.294069511,0.207417845,4.271019924,0.662548569,0.429791820,0.269055327,0.475247367,0.000000000,0.475298664,2.000000000,0.000000000,0.000000000,0.000000000,1.000000000,0.949198654,0.725805282,0.654280031,0.000000000,0.989616320,0.839092900,0.707789589,1,0,0,0.000000000,0.050603807,-0.241332533,0.151982692,-0.124074196,-0.015999606,0.164062094,0.297124197,12.122168523,0.016849399,-130.918374451,-0.109283720,142.886480847,44.881666201,-0.024483701,0.000588019,0.015682723,0.000149675,0.000354769,-0.000279367,0.001562885,0.000000000,0.000000000,0.000000000,0.000000000,0.000000000,0.000000000,0.000000000,-0.018659564,0.000001658,0.018471957,0.000002299,-0.006431338,-0.000007018,0.004539550,0.000000000,0.000000000,0.000000000,0.000000000,0.000000000,0.000000000,0.000000000,-0.238490884,-0.042862124,0.303105758,0.009679608,0.405440043,0.334660677,0.031954701
11.201000000,0,11.201000000,sample,0.216533511,0.000000097,0.216031063,0.216036968,0.000005905,5.904702604,0.000036904,1,1,2.000000000,0.080000000,2.000000000,-0.010947351,0.005473676,-0.005473676,0.035663727,0.035663727,-0.035663727,0.024247798,0.009586942,0.570951181,3,75.152727704,1,46.339904479,0.309067669,0.205442003,0.312467888,0.206820262,3.922914845,0.455814017,0.791594277,0.163268060,0.568297141,2.000000000,2.079173489,2.000000000,0.000000000,0.000000000,0.000000000,1.000000000,0.987851930,0.753543771,0.659905484,-0.300191530,1.042739534,0.843735919,0.713216424,1,0,0,0.000000000,0.049777778,-0.266123711,0.149074368,-0.126051627,-0.015697755,0.161465119,0.289610587,12.121852715,0.026587499,-130.918379702,-0.109400995,142.886488405,44.881170880,-0.001666751,0.000160307,0.008310984,0.000231495,0.003172786,0.000401281,-0.003122826,0.680734195,-0.000084791,-0.673890514,-0.000083971,0.234620716,0.000256313,-0.165606671,-0.003726118,0.000000464,0.003688658,0.000000460,-0.001284238,-0.000001403,0.000906477,1.361468391,-0.000169583,-1.347781029,-0.000167941,0.469241432,0.000512627,-0.331213343,-0.318496672,-0.025763136,0.252925000,0.001622725,0.395502295,0.334278103,0.035125129
11.251000000,0,11.251000000,sample,0.216533591,0.000001587,0.216035170,0.216033047,0.000002123,2.122507469,0.000013266,1,1,2.000000000,0.080000000,2.000000000,-0.070729315,0.035364657,-0.035364657,0.038825089,0.038825089,-0.038825089,0.024517094,0.036693714,0.963779718,1,50.033285174,1,46.339695844,0.293591994,0.204635956,0.309955399,0.206969281,0.579497746,0.470780889,0.565812292,0.114057987,0.389096853,2.000000000,2.037523983,2.000000000,0.000000000,0.000000000,0.000000000,1.000000000,0.943536235,0.733289568,0.679877967,0.325758084,1.050584060,0.922227112,0.768354777,1,0,0,0.000000000,0.051140057,-0.245191881,0.153172761,-0.123885407,-0.016080953,0.162079250,0.299500357,12.122264288,0.014943116,-130.918437734,-0.108938588,142.886561423,44.879919910,0.025955009,0.000705406,-0.025583163,0.000749063,-0.000905455,0.000308195,-0.004036631,-0.680732663,0.000055663,0.673888083,0.000083618,-0.234628344,-0.000255238,0.165612070,0.024073877,-0.000001969,-0.023831821,-0.000002957,0.008297551,0.000009026,-0.005856814,-1.361465326,0.000111327,1.347776167,0.000167237,-0.469256688,-0.000510476,0.331224139,-0.269811534,-0.047343827,0.339885647,0.013890302,0.396007016,0.336637846,0.036504216
11.301000000,0,11.301000000,sample,0.216533667,0.000001530,0.216038359,0.216030018,0.000008341,8.341479251,0.000052134,1,1,2.000000000,0.080000000,2.000000000,-0.024652515,0.012326258,-0.012326258,0.040462973,0.040462973,-0.040462973,0.024689859,0.014543842,0.847524199,1,52.602207566,1,46.339710457,0.285601681,0.204296915,0.297380909,0.208252479,1.252185346,0.266577133,0.622276420,0.208281707,0.442820577,2.000000000,2.048440450,2.000000000,0.000000000,0.000000000,0.000000000,1.000000000,0.970094747,0.868972431,0.726669564,0.322114616,0.999373713,0.870682649,0.729610101,1,0,0,0.000000000,0.052157631,-0.234811547,0.153985191,-0.121924418,-0.016264446,0.163116933,0.307759822,12.122277821,0.006002626,-130.918515915,-0.109072313,142.886454605,44.880582203,0.010548267,-0.000422049,-0.008091494,-0.000217141,0.002443820,-0.000576067,0.005315611,-0.680732770,0.000033379,0.673888073,0.000083721,-0.234628132,-0.000255552,0.165611977,0.008390888,-0.000000411,-0.008306518,-0.000001032,0.002892087,0.000003150,-0.002041376,-1.361465541,0.000066759,1.347776146,0.000167442,-0.469256264,-0.000511103,0.331223955,-0.462525151,-0.059468214,0.148359806,0.022549318,0.416821262,0.336676434,0.031186235
11.351000000,0,11.351000000,sample,0.216533825,0.000003157,0.216035467,0.216033231,0.000002235,2.235284753,0.000013971,1,1,2.000000000,0.080000000,2.000000000,0.036150448,0.018075224,0.018075224,0.041585187,0.041585187,-0.041585187,0.025469897,0.018793698,0.961770520,3,61.043968295,1,46.339681329,0.304753073,0.204408864,0.307021292,0.207440087,2.024996758,0.205081828,0.705248913,0.182110142,0.505251759,2.000000000,2.062843867,2.000000000,0.000000000,0.000000000,0.000000000,1.000000000,0.953145662,0.808285097,0.680291133,0.285942022,1.005661565,0.873347560,0.723209787,1,0,0,0.000000000,0.054088443,-0.256113000,0.156060907,-0.123629352,-0.016631488,0.161932581,0.300825785,12.122389482,0.014842545,-130.918645042,-0.109316277,142.886340265,44.881301282,-0.011652265,0.000128057,0.014683636,-0.000818892,-0.000369515,0.000211633,0.000974842,-0.680732556,0.000055477,0.673887468,0.000083909,-0.234629663,-0.000256125,0.165613141,-0.012304394,0.000001003,0.012180667,0.000001517,-0.004240984,-0.000004630,0.002993495,-1.361465113,0.000110953,1.347774936,0.000167817,-0.469259327,-0.000512251,0.331226283,-0.380443636,-0.052990349,0.176413298,0.015417371,0.411531185,0.337223452,0.028526616
11.401000000,0,11.401000000,sample,0.216533654,-0.000003416,0.216031592,0.216036747,0.000005155,5.155472211,0.000032222,1,1,2.000000000,0.080000000,2.000000000,-0.002819971,0.001409986,-0.001409986,0.039383060,0.039383060,-0.039383060,0.021914444,0.003392336,0.415638557,3,58.101101470,1,46.339694604,0.318590141,0.204305838,0.318590141,0.206482025,1.458066758,0.137067611,0.709087979,0.178922503,0.502612040,2.000000000,2.062187972,2.000000000,0.000000000,0.000000000,0.000000000,1.000000000,0.938492392,0.768341931,0.673493784,-0.314102899,0.964579403,0.797779907,0.685325869,1,0,0,0.000000000,0.051766317,-0.274248840,0.153647324,-0.126002681,-0.016163493,0.160009191,0.291639498,12.122277821,0.025455808,-130.918490080,-0.109085471,142.886560381,44.880384834,-0.000346187,0.000722908,0.002585777,-0.000247098,0.001871912,0.000085481,-0.000778999,0.680732654,-0.000081917,-0.673887945,-0.000083731,0.234628610,0.000255582,-0.165612282,-0.000959823,0.000000116,0.000950172,0.000000118,-0.000330823,-0.000000360,0.000233511,1.361465308,-0.000163835,-1.347775890,-0.000167462,0.469257219,0.000511165,-0.331224564,-0.355403776,-0.051691345,0.236473461,0.009437687,0.393351898,0.335994962,0.031351880
11.451000000,0,11.451000000,sample,0.216533561,-0.000001867,0.216034198,0.216033958,0.000000241,0.240653123,0.000001504,0,0,2.000000000,0.080000000,0.000000000,0.000000000,0.032213505,0.000000000,0.036755566,0.036755566,-0.036755566,0.024292515,0.033628589,0.957920193,1,57.842004192,0,0.000000000,0.318078283,0.202749911,0.318078283,0.206158613,1.553940055,0.504820802,0.712239750,0.108832322,0.509544566,0.000000000,0.509646801,2.000000000,0.000000000,0.000000000,0.000000000,1.000000000,0.971256552,0.812445692,0.700817489,0.000000000,0.987707612,0.837065286,0.701301328,1,0,0,0.000000000,0.051075420,-0.274285479,0.152750030,-0.124384117,-0.016051090,0.159306247,0.299789419,12.122232702,0.017675471,-130.918414040,-0.109061860,142.886541982,44.880205957,0.025575864,0.000624899,-0.021700175,-0.000224225,-0.000776034,-0.000207551,-0.002184833,0.000000000,0.000000000,0.000000000,0.000000000,0.000000000,0.000000000,0.000000000,0.021928788,-0.000002013,-0.021708304,-0.000002697,0.007558180,0.000008231,-0.005334930,0.000000000,0.000000000,0.000000000,0.000000000,0.000000000,0.000000000,0.000000000,-0.401081846,-0.040416265,0.239561842,0.008382731,0.397280768,0.335171712,0.031824516
11.501000000,0,11.501000000,sample,0.216533530,-0.000000611,0.216038004,0.216030113,0.000007891,7.891394846,0.000049321,1,1,2.000000000,0.080000000,2.000000000,-0.006318814,0.003159407,-0.003159407,0.039491436,0.039491436,-0.039491436,0.027056671,0.004982544,0.634095189,3,69.387577732,1,46.339649384,0.285955486,0.204124986,0.321316419,0.207641176,1.921740762,0.149202647,0.522787964,0.173147983,0.410838492,2.000000000,2.041761322,2.000000000,0.000000000,0.000000000,0.000000000,1.000000000,0.953068518,0.856255685,0.721732140,0.329222411,1.004537362,0.877235088,0.737766430,1,0,0,0.000000000,0.051930389,-0.234999801,0.154430788,-0.121892039,-0.016350411,0.162917172,0.307081221,12.122389482,0.006700063,-130.918409658,-0.109368368,142.886373968,44.880622100,0.001206283,0.000756538,-0.004150419,-0.000481742,-0.002267664,0.000040452,-0.000443034,-0.680732322,0.000035170,0.673887693,0.000083949,-0.234629744,-0.000256247,0.165613080,0.002150710,-0.000000111,-0.002129085,-0.000000265,0.000741291,0.000000810,-0.000523239,-1.361464643,0.000070340,1.347775386,0.000167897,-0.469259488,-0.000512495,0.331226160,-0.447355969,-0.061897983,0.173789354,0.011698527,0.414867125,0.337002333,0.030226804
11.551000000,0,11.551000000,sample,0.216533559,0.000000582,0.216034522,0.216033629,0.000000894,0.893754408,0.000005586,0,0,2.000000000,0.080000000,0.000000000,0.000000000,0.024518970,0.000000000,0.036305885,0.036305885,-0.036305885,0.025312231,0.025506936,0.961266747,1,52.613755127,0,0.000000000,0.281731859,0.206639568,0.289563759,0.208468364,0.508940032,0.328330823,0.547203194,0.224705216,0.408239896,0.000000000,0.408308873,2.000000000,0.000000000,0.000000000,0.000000000,1.000000000,0.954114364,0.710789365,0.665856660,0.000000000,0.968999600,0.838514871,0.710191028,1,0,0,0.000000000,0.051084296,-0.231832157,0.151713830,-0.123975605,-0.016068021,0.164535039,0.296172732,12.122086348,0.016794802,-130.918425084,-0.109429509,142.886380148,44.881250604,-0.018501543,-0.000153923,0.017420035,0.000644332,0.000620704,0.000158109,0.001997488,0.000000000,0.000000000,0.000000000,0.000000000,0.000000000,0.000000000,0.000000000,-0.016690883,0.000001480,0.016523072,0.000002059,-0.005752748,-0.000006286,0.004060570,0.000000000,0.000000000,0.000000000,0.000000000,0.000000000,0.000000000,0.000000000,-0.193180913,-0.045152945,0.358541032,0.006938604,0.402526136,0.335438831,0.029344898
11.601000000,0,11.601000000,sample,0.216533560,0.000000015,0.216031064,0.216037080,0.000006016,6.015633079,0.000037598,1,1,2.000000000,0.080000000,2.000000000,-0.032873904,0.016436952,-0.016436952,0.039563545,0.039563545,-0.039563545,0.027333770,0.018645275,0.881561260,1,55.956186948,1,46.339728083,0.312138935,0.204961306,0.312138935,0.207416081,1.411731237,0.221006627,0.565317629,0.163705438,0.409294399,2.000000000,2.041456906,2.000000000,0.000000000,0.000000000,0.000000000,1.000000000,0.976599769,0.688054158,0.666661073,-0.291431962,0.991641178,0.819817382,0.699140946,1,0,0,0.000000000,0.050606770,-0.267805688,0.152150527,-0.126085246,-0.015938431,0.160803029,0.289624647,12.122182113,0.026747583,-130.918410522,-0.109400831,142.886609415,44.880679096,-0.013947387,0.000248073,0.010975352,0.000209194,-0.001870141,0.000127370,-0.005388818,0.680732900,-0.000085193,-0.673888495,-0.000083973,0.234627101,0.000256319,-0.165611170,-0.011189174,0.000001400,0.011076673,0.000001380,-0.003856554,-0.000004213,0.002722143,1.361465800,-0.000170386,-1.347776989,-0.000167945,0.469254202,0.000512639,-0.331222339,-0.177290874,-0.038770395,0.381263364,0.007343945,0.390561213,0.335304294,0.033452538
11.651000000,0,11.651000000,sample,0.216533791,0.000004610,0.216034931,0.216033667,0.000001265,1.264506533,0.000007903,1,1,2.000000000,0.080000000,2.000000000,-0.065471351,0.032735675,-0.032735675,0.033675834,0.033675834,-0.033675834,0.024384157,0.034223263,0.956532842,1,60.694729616,1,46.339826616,0.322922199,0.201593989,0.327405665,0.205026670,2.721638087,0.833781589,0.773594213,0.076570500,0.593844501,2.000000000,2.086325182,2.000000000,0.000000000,0.000000000,0.000000000,1.000000000,0.939634050,0.746459959,0.678409334,0.322662065,0.984955094,0.885293207,0.744324071,1,0,0,0.000000000,0.051981724,-0.280001356,0.152236288,-0.124057610,-0.016031209,0.158091259,0.301949877,12.122045783,0.016205013,-130.918600075,-0.109093323,142.886560631,44.879738892,0.026662257,0.000197559,-0.020506258,-0.000570640,-0.001096698,0.000212535,-0.006183576,-0.680733623,0.000058837,0.673889102,0.000083736,-0.234624494,-0.000255596,0.165609429,0.022284275,-0.000001926,-0.022060215,-0.000002741,0.007680591,0.000008367,-0.005421337,-1.361467247,0.000117674,1.347778204,0.000167471,-0.469248988,-0.000511193,0.331218858,-0.287333445,-0.047216915,0.319149616,0.011945793,0.399533017,0.335541474,0.035148074
11.701000000,0,11.701000000,sample,0.216533521,-0.000005387,0.216036532,0.216031551,0.000004981,4.981368630,0.000031134,1,1,2.000000000,0.080000000,2.000000000,0.018474217,0.009237108,0.009237108,0.040956840,0.040956840,-0.040956840,0.020096764,0.009846270,0.938132773,1,58.749863035,1,46.339749900,0.317262594,0.201889339,0.330311593,0.203670296,0.525837002,0.186710824,0.609976052,0.201946231,0.432673294,2.000000000,2.046267429,2.000000000,0.000000000,0.000000000,0.000000000,1.000000000,0.949571355,0.743720109,0.663997741,0.291552969,1.001071934,0.848362028,0.719733490,1,0,0,0.000000000,0.051286391,-0.273508883,0.152375033,-0.122776640,-0.016111733,0.159454113,0.306841853,12.122182094,0.010892861,-130.918395887,-0.109361770,142.886400729,44.881014089,-0.007547014,-0.000482035,0.006215550,-0.000331898,0.000804365,0.000076128,0.000602685,-0.680733060,0.000045629,0.673888812,0.000083942,-0.234626173,-0.000256228,0.165610548,-0.006288005,0.000000421,0.006224784,0.000000775,-0.002167267,-0.000002367,0.001529763,-1.361466120,0.000091258,1.347777625,0.000167885,-0.469252346,-0.000512456,0.331221096,-0.272972187,-0.042974417,0.290507000,0.007409433,0.407512593,0.335927703,0.034194032
11.751000000,0,11.751000000,sample,0.216533394,-0.000002548,0.216031668,0.216036145,0.000004477,4.477463826,0.000027984,1,1,2.000000000,0.080000000,2.000000000,-0.057542071,0.028771035,-0.028771035,0.028771035,0.028771035,-0.028771035,0.026246206,0.030402924,0.946324600,1,68.851119187,1,46.339768006,0.308733815,0.204890531,0.320095303,0.204940623,4.153783644,0.379572349,0.457938113,0.230086606,0.418865494,2.000000000,2.043404462,2.000000000,0.000000000,0.000000000,0.000000000,1.000000000,0.966769955,0.762908633,0.659249467,-0.286350720,0.987814733,0.802799620,0.691559072,1,0,0,0.000000000,0.049470444,-0.264997643,0.150484193,-0.125477520,-0.015773574,0.161203957,0.291626240,12.122086404,0.024572371,-130.918278900,-0.109651476,142.886541972,44.881155206,-0.025227305,0.000171697,0.016822475,-0.000078205,-0.001896579,-0.000252853,-0.001108457,0.680733193,-0.000079808,-0.673889269,-0.000084164,0.234625072,0.000256905,-0.165609688,-0.019585399,0.000002296,0.019388492,0.000002421,-0.006750406,-0.000007391,0.004764762,1.361466386,-0.000159615,-1.347778538,-0.000168329,0.469250145,0.000513809,-0.331219376,-0.337169856,-0.037346257,0.215561261,0.003214864,0.399887441,0.334740708,0.033065169
11.801000000,0,11.801000000,sample,0.216533824,0.000008597,0.216034088,0.216034583,0.000000495,0.495111959,0.000003094,0,0,2.000000000,0.080000000,0.000000000,0.000000000,0.023081876,0.000000000,0.037760693,0.037760693,-0.037760693,0.019752858,0.024229245,0.952645296,1,48.174642763,0,0.000000000,0.320171540,0.202896804,0.320171540,0.205740179,1.519005038,0.524858550,0.670236960,0.113980651,0.513396532,0.000000000,0.513472509,2.000000000,0.000000000,0.000000000,0.000000000,1.000000000,0.983233164,0.798626392,0.687323032,0.000000000,1.000399063,0.798626392,0.687323032,1,0,0,0.000000000,0.052682731,-0.275871194,0.153718668,-0.124663355,-0.016218358,0.159258048,0.298857800,12.122182113,0.018718762,-130.918628014,-0.108960041,142.886540069,44.880164675,0.016817024,0.000977406,-0.016310816,-0.001609785,-0.001311305,-0.000182757,-0.005735997,0.000000000,0.000000000,0.000000000,0.000000000,0.000000000,0.000000000,0.000000000,0.015712599,-0.000001502,-0.015554608,-0.000001930,0.005415628,0.000005892,-0.003822615,0.000000000,0.000000000,0.000000000,0.000000000,0.000000000,0.000000000,0.000000000,-0.386561069,-0.034912734,0.220705416,0.004568440,0.398856986,0.335867875,0.033744859
11.851000000,0,11.851000000,sample,0.216533669,-0.000003087,0.216038252,0.216030144,0.000008108,8.107733545,0.000050673,1,1,2.000000000,0.080000000,2.000000000,-0.028234252,0.014117126,-0.014117126,0.040176104,0.040176104,-0.040176104,0.021601230,0.014711252,0.959614170,3,70.209304044,1,46.339672065,0.321188152,0.200403128,0.324932728,0.204473393,2.624496116,0.256986026,0.531941317,0.194100229,0.397331133,2.000000000,2.039092046,2.000000000,0.000000000,0.000000000,0.000000000,1.000000000,0.899240034,0.754325125,0.682146172,0.311424391,0.994454533,0.800077209,0.694927122,1,0,0,0.000000000,0.053400070,-0.276003506,0.155345828,-0.121890015,-0.016550615,0.158209719,0.311838649,12.122389480,0.006369227,-130.918528911,-0.109254254,142.886298437,44.880257095,0.007847824,0.000235404,-0.012326704,0.000348141,0.001218774,0.000118541,-0.001099491,-0.680732488,0.000034325,0.673887663,0.000083861,-0.234629447,-0.000255980,0.165612942,0.009609986,-0.000000485,-0.009513357,-0.000001184,0.003312293,0.000003614,-0.002337979,-1.361464977,0.000068650,1.347775325,0.000167722,-0.469258894,-0.000511960,0.331225884,-0.279429078,-0.066373371,0.314971427,0.018833636,0.410546791,0.337160490,0.032400560
11.901000000,0,11.901000000,sample,0.216533566,-0.000002069,0.216034806,0.216033344,0.000001463,1.462709236,0.000009142,1,1,2.000000000,0.080000000,2.000000000,0.039964663,0.019982331,0.019982331,0.037781821,0.037781821,-0.037781821,0.024686981,0.020624592,0.968859492,1,56.173959538,1,46.339842509,0.331850148,0.200756858,0.333236610,0.204537330,0.873885523,0.171454269,0.620453665,0.196980827,0.426797360,2.000000000,2.045038047,2.000000000,0.000000000,0.000000000,0.000000000,1.000000000,0.961599626,0.721341018,0.660332971,0.276115993,0.979287410,0.851554364,0.716748112,1,0,0,0.000000000,0.050409993,-0.291490852,0.150387620,-0.123798510,-0.015795452,0.157250592,0.303463899,12.121974687,0.015977452,-130.918418534,-0.109443961,142.886542059,44.880470125,-0.015457985,-0.000768001,0.013587817,0.000152394,-0.001014486,0.000000346,0.000391763,-0.680733740,0.000058328,0.673889729,0.000084004,-0.234623105,-0.000256416,0.165608366,-0.013602647,0.000001166,0.013465888,0.000001679,-0.004688317,-0.000005124,0.003309241,-1.361467480,0.000116656,1.347779458,0.000168009,-0.469246210,-0.000512833,0.331216731,-0.209925163,-0.041129962,0.331972742,0.011864090,0.407320330,0.336235395,0.031122884
11.951000000,0,11.951000000,sample,0.216533445,-0.000002413,0.216031642,0.216036287,0.000004646,4.645644660,0.000029035,1,1,2.000000000,0.080000000,2.000000000,0.005673982,0.002836991,0.002836991,0.042898792,0.042898792,-0.042898792,0.024813087,0.006407550,0.442757531,3,76.800267679,1,46.339681364,0.354981347,0.200712643,0.357457480,0.202247534,4.161622329,0.486532438,0.534603911,0.231346186,0.425125098,2.000000000,2.044682018,2.000000000,0.000000000,0.000000000,0.000000000,1.000000000,0.952170030,0.725019600,0.653159598,-0.293655554,0.992143316,0.840929533,0.704434478,1,0,0,0.000000000,0.050880061,-0.316425706,0.152636001,-0.125884009,-0.016066976,0.155501234,0.296961280,12.122277822,0.024710801,-130.918324425,-0.109022428,142.886495412,44.880419856,-0.002120438,0.000904181,-0.005615305,0.000933562,0.001750107,-0.000088204,-0.000518698,0.680732557,-0.000080048,-0.673888226,-0.000083683,0.234628290,0.000255435,-0.165611991,0.001931232,-0.000000227,-0.001911815,-0.000000237,0.000665638,0.000000725,-0.000469840,1.361465113,-0.000160096,-1.347776453,-0.000167365,0.469256581,0.000510869,-0.331223982,-0.281975025,-0.042705278,0.279158866,0.007899956,0.390944940,0.336735439,0.032604014
12.001000000,0,12.001000000,sample,0.216533585,0.000002798,0.216036947,0.216031263,0.000005684,5.684412165,0.000035528,1,1,2.000000000,0.080000000,2.000000000,-0.072383918,0.036191959,-0.036191959,0.039889227,0.039889227,-0.039889227,0.019785001,0.037172938,0.973610399,1,56.831690597,1,46.339691421,0.355478971,0.196918952,0.365589830,0.200824383,1.521199077,0.451292671,0.780295690,0.109818773,0.547819647,2.000000000,2.073692828,2.000000000,0.000000000,0.000000000,0.000000000,1.000000000,0.930617290,0.797817441,0.686634652,0.318148382,0.983108830,0.853689158,0.717759139,1,0,0,0.000000000,0.051638494,-0.316525749,0.153330411,-0.122769308,-0.016117121,0.153117632,0.312565697,12.122277764,0.009821273,-130.918438239,-0.109007302,142.886542318,44.879070603,0.028023487,0.000531614,-0.024165259,0.000531474,0.001271863,-0.000177686,-0.003215195,-0.680732630,0.000042896,0.673888038,0.000083671,-0.234628494,-0.000255399,0.165612180,0.024637047,-0.000001552,-0.024389328,-0.000003028,0.008491665,0.000009243,-0.005993829,-1.361465261,0.000085792,1.347776075,0.000167342,-0.469256989,-0.000510798,0.331224359,-0.377387993,-0.059535541,0.223541856,0.022371201,0.401057696,0.336667468,0.028935720
12.051000000,0,12.051000000,sample,0.216533796,0.000004225,0.216036749,0.216031870,0.000004878,4.878305336,0.000030489,1,1,2.000000000,0.080000000,2.000000000,0.037179182,0.018589591,0.018589591,0.038574495,0.038574495,-0.038574495,0.022241409,0.019665479,0.945290507,1,70.391964753,1,46.339756198,0.316190452,0.201660687,0.352959402,0.202792183,2.924848735,0.474271168,0.520068565,0.238680136,0.440077018,2.000000000,2.047849279,2.000000000,0.000000000,0.000000000,0.000000000,1.000000000,0.964341611,0.770495630,0.660351360,0.282110411,1.031135203,0.901576537,0.746839883,1,0,0,0.000000000,0.052325505,-0.271428805,0.153508460,-0.122817082,-0.016141886,0.159130250,0.306463196,12.122182113,0.011039275,-130.918606145,-0.109348236,142.886582109,44.880444081,-0.016499321,-0.000345849,0.010523923,-0.000849169,0.000064453,0.000146585,0.001698283,-0.680733106,0.000045992,0.673888317,0.000083932,-0.234627003,-0.000256196,0.165611198,-0.012654550,0.000000855,0.012527308,0.000001560,-0.004361620,-0.000004763,0.003078644,-1.361466213,0.000091984,1.347776634,0.000167865,-0.469254006,-0.000512393,0.331222397,-0.315552923,-0.036346226,0.234860847,0.005070313,0.409208335,0.334024616,0.030983751
12.101000000,0,12.101000000,sample,0.216533445,-0.000007019,0.216032895,0.216035017,0.000002121,2.121220694,0.000013258,1,1,2.000000000,0.080000000,2.000000000,-0.054229483,0.027114741,-0.027114741,0.037757109,0.037757109,-0.037757109,0.025191112,0.029268459,0.926415077,1,73.056532206,1,46.339911234,0.283018119,0.206737066,0.312964326,0.206737066,4.942913026,0.637969874,0.351981881,0.264679919,0.428756223,2.000000000,2.045450806,2.000000000,0.000000000,0.000000000,0.000000000,1.000000000,1.005343882,0.676759130,0.681140815,-0.280148550,1.005343882,0.876927826,0.744657556,1,0,0,0.000000000,0.049919622,-0.235282798,0.149161965,-0.124788910,-0.015824712,0.164065599,0.291981719,12.121865498,0.021169238,-130.918336443,-0.109608149,142.886320029,44.881010095,-0.025016663,-0.000860640,0.015134670,0.000906520,0.000417701,-0.000067748,-0.000097237,0.680734245,-0.000071308,-0.673890734,-0.000084129,0.234620196,0.000256799,-0.165606316,-0.018457933,0.000001934,0.018272373,0.000002281,-0.006361666,-0.000006963,0.004490372,1.361468490,-0.000142617,-1.347781467,-0.000168259,0.469240393,0.000513598,-0.331212633,-0.119013694,-0.034739344,0.424984170,-0.002465887,0.393702491,0.334629967,0.031388488
12.151000000,0,12.151000000,sample,0.216533383,-0.000001253,0.216031277,0.216036518,0.000005241,5.241165229,0.000032757,1,1,2.000000000,0.080000000,2.000000000,0.019834056,0.009917028,0.009917028,0.038939301,0.038939301,-0.038939301,0.027527358,0.013986386,0.709048636,1,69.235110796,1,46.339794313,0.305678078,0.205454464,0.307773146,0.207186936,6.234727416,0.942110114,0.896384274,0.125804819,0.719238032,2.000000000,2.125388635,2.000000000,0.000000000,0.000000000,0.000000000,1.000000000,0.991193822,0.791290133,0.677992008,-0.314600148,1.052784986,0.821377783,0.712626385,1,0,0,0.000000000,0.049828245,-0.261391726,0.150434699,-0.126192587,-0.015876399,0.161353363,0.290141372,12.122060308,0.025532273,-130.918279734,-0.108800787,142.886419781,44.880078345,0.011637742,0.000211315,-0.000204851,0.000033873,0.002851619,-0.000713791,-0.007173073,0.680733386,-0.000082059,-0.673889581,-0.000083511,0.234624090,0.000254911,-0.165609020,0.006750852,-0.000000814,-0.006682982,-0.000000828,0.002326774,0.000002528,-0.001642349,1.361466772,-0.000164118,-1.347779162,-0.000167022,0.469248180,0.000509822,-0.331218040,-0.379908497,-0.030384165,0.212824472,0.004324045,0.395043304,0.334676743,0.032230595
12.201000000,0,12.201000000,sample,0.216533412,0.000000583,0.216035277,0.216032581,0.000002696,2.695816373,0.000016849,1,1,2.000000000,0.080000000,2.000000000,-0.069715407,0.034857703,-0.034857703,0.040797301,0.040797301,-0.040797301,0.028331072,0.036095774,0.965700390,3,55.214499306,1,46.339810397,0.296777795,0.203783769,0.313899522,0.206074446,2.561224319,0.401245267,0.492960904,0.127145937,0.354512839,2.000000000,2.031208255,2.000000000,0.000000000,0.000000000,0.000000000,1.000000000,1.009630297,0.854458204,0.721259772,0.339295500,1.082930403,0.915260333,0.764931230,1,0,0,0.000000000,0.050089111,-0.250812264,0.150536868,-0.123693925,-0.015911805,0.161165914,0.300969284,12.122045270,0.014122388,-130.918306199,-0.108972577,142.886379964,44.879700176,0.023338552,0.000552251,-0.026821492,0.000428304,-0.000536189,0.000051738,-0.006168133,-0.680733504,0.000053620,0.673889696,0.000083643,-0.234623637,-0.000255313,0.165608720,0.023728807,-0.000001869,-0.023490247,-0.000002916,0.008178441,0.000008900,-0.005772740,-1.361467009,0.000107241,1.347779392,0.000167286,-0.469247273,-0.000510627,0.331217439,-0.459187349,-0.035493332,0.172514141,0.009282142,0.405756126,0.335283730,0.034675054
12.251000000,0,12.251000000,sample,0.216533701,0.000005786,0.216036918,0.216031515,0.000005403,5.402541681,0.000033766,1,1,2.000000000,0.080000000,2.000000000,0.013312836,0.006656418,0.006656418,0.038325511,0.038325511,-0.038325511,0.026345834,0.009193292,0.724051647,3,92.126718281,1,46.339751586,0.279219033,0.205189439,0.296905778,0.208095573,4.430877063,0.308880195,0.757632085,0.167812836,0.541464360,2.000000000,2.072001834,2.000000000,0.000000000,0.000000000,0.000000000,1.000000000,0.952135973,0.786242745,0.683485041,0.313624645,0.989190254,0.840686069,0.713497845,1,0,0,0.000000000,0.051641805,-0.227736696,0.153076417,-0.122698386,-0.016103503,0.163671895,0.302546506,12.122182112,0.010272500,-130.918532430,-0.109279988,142.886541318,44.880264840,-0.001082746,0.000320361,0.008823967,-0.000331515,0.001397901,-0.000113149,0.001817259,-0.680733072,0.000044068,0.673888459,0.000083880,-0.234626810,-0.000256036,0.165611035,-0.004531244,0.000000293,0.004485683,0.000000558,-0.001561774,-0.000001704,0.001102376,-1.361466145,0.000088135,1.347776917,0.000167760,-0.469253620,-0.000512073,0.331222070,-0.323914363,-0.043420365,0.273960794,0.015095179,0.413633921,0.335871512,0.034071756
12.301000000,0,12.301000000,sample,0.216533426,-0.000005515,0.216032970,0.216034914,0.000001944,1.943685368,0.000012148,1,1,2.000000000,0.080000000,2.000000000,-0.052664856,0.026332428,-0.026332428,0.037289377,0.037289377,-0.037289377,0.024386342,0.027631073,0.953000541,3,50.587727493,1,46.339790905,0.272211728,0.208185547,0.282077907,0.208783156,0.632358963,0.236421683,0.572341738,0.196994623,0.425299638,2.000000000,2.044739031,2.000000000,0.000000000,0.000000000,0.000000000,1.000000000,0.959686462,0.738977491,0.662249381,-0.290879302,1.007386521,0.855541448,0.719177599,1,0,0,0.000000000,0.050062902,-0.220949726,0.150911064,-0.124810221,-0.015944043,0.165859633,0.290712580,12.122081892,0.020891447,-130.918314743,-0.109474372,142.886393456,44.881156464,-0.019394067,-0.000081721,0.019652615,-0.000232592,-0.000222367,-0.000103540,-0.001000091,0.680733361,-0.000070594,-0.673889463,-0.000084028,0.234624355,0.000256490,-0.165609228,-0.017925362,0.000001859,0.017745146,0.000002213,-0.006178229,-0.000006754,0.004360893,1.361466722,-0.000141188,-1.347778927,-0.000168056,0.469248711,0.000512979,-0.331218455,-0.245516497,-0.037621568,0.317486685,0.004599159,0.404239797,0.334419091,0.028559074
12.351000000,0,12.351000000,sample,0.216533628,0.000004052,0.216031957,0.216036322,0.000004365,4.364888379,0.000027281,1,1,2.000000000,0.080000000,2.000000000,0.023281833,0.011640917,0.011640917,0.039005956,0.039005956,-0.039005956,0.023385261,0.011902471,0.978025221,3,53.512436980,1,46.339904146,0.297423991,0.206064570,0.297423991,0.208835792,0.871227284,0.123630826,0.580390487,0.168408333,0.429912819,2.000000000,2.045688789,2.000000000,0.000000000,0.000000000,0.000000000,1.000000000,0.956696622,0.770646657,0.675819326,-0.322855554,0.985495382,0.839256295,0.715471150,1,0,0,0.000000000,0.051785723,-0.250977051,0.150962874,-0.125786852,-0.016139541,0.162418564,0.290326479,12.121933632,0.024309192,-130.918492313,-0.109043975,142.886238403,44.880326659,0.007790729,0.000143768,-0.008706919,-0.000593489,0.000566873,-0.000570302,-0.002035541,0.680734193,-0.000079047,-0.673890291,-0.000083697,0.234621102,0.000255479,-0.165607046,0.007924370,-0.000000920,-0.007844701,-0.000000974,0.002731205,0.000002974,-0.001927818,1.361468386,-0.000158095,-1.347780582,-0.000167393,0.469242205,0.000510957,-0.331214093,-0.328401757,-0.040347968,0.278082129,0.008349936,0.395916883,0.335018132,0.029485091
12.401000000,0,12.401000000,sample,0.216533466,-0.000003237,0.216037145,0.216030835,0.000006310,6.309950463,0.000039437,1,1,2.000000000,0.080000000,2.000000000,-0.069046360,0.034523180,-0.034523180,0.040110415,0.040110415,-0.040110415,0.023313913,0.039097746,0.882996689,3,56.959881527,1,46.339622199,0.314449141,0.200549025,0.318146698,0.205907827,4.033207132,0.655385117,0.460882956,0.120154472,0.315412505,2.000000000,2.024752097,2.000000000,0.000000000,0.000000000,0.000000000,1.000000000,0.939507385,0.805982474,0.696542431,0.332791482,0.989450158,0.845245892,0.703464279,1,0,0,0.000000000,0.050620866,-0.269749668,0.153463047,-0.122554081,-0.016041553,0.157933774,0.308461135,12.122375930,0.008927972,-130.918337423,-0.109055941,142.886608748,44.878947830,0.024247998,0.000659140,-0.029507761,0.001064690,-0.008250316,0.000397090,-0.000408587,-0.680732122,0.000040676,0.673887519,0.000083709,-0.234630501,-0.000255515,0.165613535,0.023501038,-0.000001404,-0.023264740,-0.000002890,0.008100191,0.000008821,-0.005717506,-1.361464244,0.000081352,1.347775039,0.000167418,-0.469261002,-0.000511030,0.331227071,-0.380873223,-0.053697419,0.242316884,0.018477351,0.405210879,0.336022625,0.032520579
12.451000000,0,12.451000000,sample,0.216533566,0.000001998,0.216036933,0.216031234,0.000005699,5.698552201,0.000035616,1,1,2.000000000,0.080000000,2.000000000,0.029167903,0.014583952,0.014583952,0.040513058,0.040513058,-0.040513058,0.023697730,0.015169973,0.961369658,1,71.455582906,1,46.339739165,0.302672372,0.202987562,0.318718638,0.204854392,2.657559817,0.248808618,0.488374137,0.206578668,0.384671460,2.000000000,2.036660220,2.000000000,0.000000000,0.000000000,0.000000000,1.000000000,0.954030484,0.803881228,0.680090890,0.289842689,0.997712677,0.853826687,0.726507937,1,0,0,0.000000000,0.050900261,-0.256545149,0.152329625,-0.122543058,-0.015994906,0.161032023,0.306092187,12.122180535,0.009864812,-130.918422967,-0.109393917,142.886539973,44.880863155,-0.012823391,-0.000021501,0.007737990,0.000662618,-0.002177066,-0.000156104,0.000780206,-0.680732981,0.000043070,0.673888595,0.000083967,-0.234626750,-0.000256303,0.165610941,-0.009927777,0.000000628,0.009827959,0.000001225,-0.003421785,-0.000003738,0.002415262,-1.361465962,0.000086139,1.347777190,0.000167935,-0.469253499,-0.000512606,0.331221881,-0.358707588,-0.046174220,0.205703682,0.010829612,0.419170531,0.335399940,0.033046732
12.501000000,0,12.501000000,sample,0.216533403,-0.000003271,0.216033198,0.216034646,0.000001448,1.448237929,0.000009051,1,1,2.000000000,0.080000000,2.000000000,-0.054252787,0.027126393,-0.027126393,0.040574211,0.040574211,-0.040574211,0.025671854,0.028290106,0.958865043,3,58.667113483,1,46.339772560,0.288899771,0.206182009,0.302132655,0.207324325,2.509230376,0.280737573,0.686365900,0.203758278,0.483931080,2.000000000,2.057735610,2.000000000,0.000000000,0.000000000,0.000000000,1.000000000,0.962706018,0.738848033,0.653561464,-0.278708852,1.000377183,0.849323821,0.719071432,1,0,0,0.000000000,0.050425958,-0.240865792,0.151340578,-0.124727074,-0.016041335,0.163391718,0.293616422,12.122127975,0.020157903,-130.918300776,-0.109356348,142.886330865,44.880780685,-0.018032293,0.000097383,0.021668654,0.000091900,0.000563649,-0.000057290,0.002301530,0.680733226,-0.000068744,-0.673889313,-0.000083938,0.234624902,0.000256214,-0.165609619,-0.018465837,0.000001865,0.018280187,0.000002277,-0.006364527,-0.000006950,0.004492392,1.361466453,-0.000137488,-1.347778627,-0.000167876,0.469249803,0.000512428,-0.331219238,-0.266709356,-0.035942002,0.277477110,0.005670105,0.405876621,0.334456278,0.033080942
12.551000000,0,12.551000000,sample,0.216533544,0.000002835,0.216032045,0.216036060,0.000004015,4.015179836,0.000025095,1,1,2.000000000,0.080000000,2.000000000,0.017703059,0.008851529,0.008851529,0.037509300,0.037509300,-0.037509300,0.027939284,0.009641563,0.918059573,1,42.859040279,1,46.339910990,0.290641411,0.206601666,0.294407617,0.207412488,0.906507805,0.230236296,0.566980323,0.207157922,0.396756753,2.000000000,2.038974457,2.000000000,0.000000000,0.000000000,0.000000000,1.000000000,0.951072106,0.697521119,0.672659259,-0.306300627,0.991247264,0.833017590,0.702087883,1,0,0,0.000000000,0.050526001,-0.243913659,0.149752061,-0.125758802,-0.015890948,0.163145487,0.290100385,12.121877524,0.023783362,-130.918415394,-0.108910773,142.886353154,44.880207335,0.006312024,-0.001948529,-0.006021576,-0.000351375,0.003226207,-0.000247174,0.001571297,0.680734243,-0.000077713,-0.673890527,-0.000083594,0.234620581,0.000255165,-0.165606620,0.006025539,-0.000000688,-0.005964962,-0.000000740,0.002076751,0.000002259,-0.001465872,1.361468486,-0.000155426,-1.347781054,-0.000167188,0.469241161,0.000510331,-0.331213239,-0.203853973,-0.048539467,0.376627495,0.005363338,0.389828260,0.337194327,0.031856471
12.601000000,0,12.601000000,sample,0.216533515,-0.000000594,0.216036948,0.216031134,0.000005814,5.813874386,0.000036337,1,1,2.000000000,0.080000000,2.000000000,-0.064382657,0.032191328,-0.032191328,0.036131264,0.036131264,-0.036131264,0.020399527,0.036451649,0.883124070,1,56.118923764,1,46.339723743,0.306295602,0.201471974,0.306295602,0.206363352,1.821744087,0.977879278,0.702886067,0.052151506,0.551358380,2.000000000,2.074633845,2.000000000,0.000000000,0.000000000,0.000000000,1.000000000,0.969662462,0.831920078,0.707660212,0.333575190,1.014711514,0.833522740,0.707660212,1,0,0,0.000000000,0.052020839,-0.259968496,0.153385819,-0.122736642,-0.016339853,0.158932949,0.306663209,12.122264120,0.009632241,-130.918401916,-0.108994898,142.886263482,44.878788202,0.027306865,0.001297058,-0.022557408,-0.000386045,-0.008237427,-0.000676588,-0.002019114,-0.680732868,0.000042422,0.673888546,0.000083661,-0.234627043,-0.000255370,0.165611192,0.021913695,-0.000001366,-0.021693368,-0.000002693,0.007552956,0.000008221,-0.005331244,-1.361465736,0.000084844,1.347777092,0.000167322,-0.469254086,-0.000510740,0.331222384,-0.418651165,-0.047508878,0.205892623,0.019547851,0.407388829,0.336766259,0.033256920
12.651000000,0,12.651000000,sample,0.216533578,0.000001257,0.216036989,0.216031200,0.000005790,5.789657092,0.000036185,1,1,2.000000000,0.080000000,2.000000000,0.015068204,0.007534102,0.007534102,0.037821586,0.037821586,-0.037821586,0.023305067,0.008350395,0.902244993,1,55.015024261,1,46.339739332,0.298064668,0.203074070,0.307823537,0.205967981,0.701540696,0.329892985,0.565402086,0.220730151,0.423897315,2.000000000,2.044430362,2.000000000,0.000000000,0.000000000,0.000000000,1.000000000,0.955855828,0.792013171,0.680296461,0.304489368,1.020202278,0.840267206,0.710080769,1,0,0,0.000000000,0.050945717,-0.251038066,0.152403969,-0.122565255,-0.016004842,0.161123186,0.305641444,12.122182111,0.009719428,-130.918432224,-0.109308680,142.886541569,44.880293318,-0.006193664,0.000320407,0.004576507,0.000606760,0.001082784,-0.000327455,0.002944950,-0.680732982,0.000042693,0.673888573,0.000083902,-0.234626787,-0.000256103,0.165610971,-0.005128712,0.000000322,0.005077145,0.000000632,-0.001767702,-0.000001930,0.001247730,-1.361465965,0.000085385,1.347777147,0.000167804,-0.469253574,-0.000512207,0.331221943,-0.347041005,-0.045114709,0.236624184,0.014299865,0.411578229,0.337132195,0.032866911
12.701000000,0,12.701000000,sample,0.216533571,-0.000000139,0.216033543,0.216034606,0.000001063,1.062922862,0.000006643,1,1,2.000000000,0.080000000,2.000000000,-0.054549806,0.027274903,-0.027274903,0.037691214,0.037691214,-0.037691214,0.022799195,0.028735845,0.949159608,3,55.013995718,1,46.339886482,0.286285170,0.206073257,0.304940248,0.206311412,1.689555641,0.304159229,0.633485896,0.187788188,0.446869928,2.000000000,2.049334546,2.000000000,0.000000000,0.000000000,0.000000000,1.000000000,0.944819712,0.702823850,0.660505354,-0.281968891,1.146598902,0.827936916,0.711837365,1,0,0,0.000000000,0.049684809,-0.239080544,0.149435978,-0.124546459,-0.015656540,0.163429617,0.293996947,12.121878866,0.019622244,-130.918418589,-0.109474623,142.886583115,44.880770575,-0.019222588,-0.000786949,0.021313784,-0.000110819,-0.000072051,0.000053712,-0.001150588,0.680734063,-0.000067426,-0.673890197,-0.000084027,0.234621584,0.000256486,-0.165607284,-0.018566956,0.000001839,0.018380290,0.000002292,-0.006399281,-0.000006996,0.004516923,1.361468126,-0.000134853,-1.347780394,-0.000168055,0.469243167,0.000512973,-0.331214568,-0.205846727,-0.049772819,0.341660649,0.013282588,0.399998539,0.336737182,0.033435419
12.751000000,0,12.751000000,sample,0.216533523,-0.000000942,0.216032398,0.216035667,0.000003270,3.269521130,0.000020435,1,1,2.000000000,0.080000000,2.000000000,0.031607407,0.015803704,0.015803704,0.039026313,0.039026313,-0.039026313,0.021844593,0.016006062,0.987357373,1,58.242209637,1,46.339908179,0.291007040,0.206436339,0.300717524,0.206842975,1.317806642,0.090457599,0.634625586,0.169735514,0.441746811,2.000000000,2.048208904,2.000000000,0.000000000,0.000000000,0.000000000,1.000000000,0.983199477,0.794711389,0.684301092,-0.320842228,0.983199477,0.846832224,0.718622231,1,0,0,0.000000000,0.050391006,-0.244439827,0.149649639,-0.125596852,-0.015873990,0.163062593,0.291289922,12.121879026,0.022690296,-130.918398001,-0.108798770,142.886353348,44.880155781,0.012215280,-0.000926746,-0.009676476,-0.000774660,0.003169028,-0.000134781,-0.001351636,0.680734223,-0.000074967,-0.673890539,-0.000083508,0.234620603,0.000254903,-0.165606627,0.010758122,-0.000001185,-0.010649966,-0.000001320,0.003707874,0.000004028,-0.002617198,1.361468445,-0.000149934,-1.347781078,-0.000167017,0.469241205,0.000509806,-0.331213254,-0.385055092,-0.036420860,0.217108232,0.008913115,0.396080324,0.336902677,0.032796600
12.801000000,0,12.801000000,sample,0.216533588,0.000001288,0.216038213,0.216030006,0.000008207,8.207156713,0.000051295,1,1,2.000000000,0.080000000,2.000000000,-0.041165948,0.020582974,-0.020582974,0.039839804,0.039839804,-0.039839804,0.023073453,0.023468504,0.877046701,1,50.116639047,1,46.339632440,0.296478428,0.202408378,0.300266769,0.206239268,0.484086534,0.309797949,0.612640194,0.191037356,0.427836791,2.000000000,2.045257553,2.000000000,0.000000000,0.000000000,0.000000000,1.000000000,0.951575686,0.816310640,0.692533252,0.310902761,0.987579708,0.816310640,0.692533252,1,0,0,0.000000000,0.051250723,-0.248040870,0.154105641,-0.121940286,-0.016113470,0.160748482,0.308979527,12.122375892,0.006204769,-130.918438071,-0.109122266,142.886629458,44.879671338,0.016614083,0.001209518,-0.015373440,0.000560250,-0.000378606,0.000415218,0.006025588,-0.680732197,0.000033893,0.673887376,0.000083760,-0.234630610,-0.000255670,0.165613656,0.014011493,-0.000000698,-0.013870606,-0.000001724,0.004829396,0.000005262,-0.003408822,-1.361464395,0.000067785,1.347774753,0.000167520,-0.469261220,-0.000511341,0.331227312,-0.393565490,-0.052322894,0.199128203,0.013810360,0.409987342,0.336298556,0.030687421
12.851000000,0,12.851000000,sample,0.216533705,0.000002344,0.216036167,0.216032276,0.000003892,3.891639651,0.000024323,1,1,2.000000000,0.080000000,2.000000000,0.035765642,0.017882821,0.017882821,0.041510690,0.041510690,-0.041510690,0.026133707,0.018041414,0.991209483,1,48.047222323,1,46.339695481,0.307037196,0.202768007,0.312520851,0.205786085,0.222353861,0.164164190,0.623037120,0.199604199,0.443329919,2.000000000,2.048555077,2.000000000,0.000000000,0.000000000,0.000000000,1.000000000,0.970637641,0.791034453,0.668717349,0.279833900,0.990393057,0.864837457,0.727609607,1,0,0,0.000000000,0.051838364,-0.260611918,0.153837745,-0.123108029,-0.016135845,0.160308803,0.303806007,12.122277654,0.012463629,-130.918528859,-0.109362583,142.886607176,44.880369586,-0.012505605,0.000447165,0.012304794,0.000019686,-0.002015487,0.000297784,0.003652848,-0.680732660,0.000049549,0.673887843,0.000083944,-0.234628793,-0.000256232,0.165612421,-0.012173420,0.000000886,0.012051016,0.000001501,-0.004195825,-0.000004582,0.002961617,-1.361465321,0.000099097,1.347775687,0.000167888,-0.469257587,-0.000512463,0.331224841,-0.348369295,-0.040448563,0.199304410,0.013505591,0.412020682,0.336982936,0.031023373
12.901000000,0,12.901000000,sample,0.216533437,-0.000005359,0.216032416,0.216035490,0.000003074,3.073925169,0.000019212,1,1,2.000000000,0.080000000,2.000000000,-0.055603670,0.027801835,-0.027801835,0.037878130,0.037878130,-0.037878130,0.023780802,0.028823398,0.964557858,1,53.430960672,1,46.339726292,0.301835389,0.205426651,0.311635167,0.205913915,0.289553520,0.252156738,0.590207798,0.211978398,0.431658071,2.000000000,2.046070956,2.000000000,0.000000000,0.000000000,0.000000000,1.000000000,0.969026737,0.689721349,0.662094937,-0.273780893,1.000764991,0.852623540,0.721864898,1,0,0,0.000000000,0.050089458,-0.256123271,0.151646030,-0.125153917,-0.015923219,0.162120501,0.292799925,12.122182057,0.022519967,-130.918314976,-0.109471610,142.886521069,44.881094851,-0.021068891,-0.000026130,0.019652743,0.000109010,-0.000461004,-0.000112704,0.000649634,0.680732887,-0.000074657,-0.673888731,-0.000084027,0.234626689,0.000256485,-0.165610850,-0.018925623,0.000002076,0.018735343,0.000002336,-0.006523052,-0.000007131,0.004604286,1.361465773,-0.000149314,-1.347777462,-0.000168054,0.469253377,0.000512970,-0.331221700,-0.165400087,-0.041635867,0.370406152,0.002967371,0.398489143,0.335119440,0.031157881
12.951000000,0,12.951000000,sample,0.216533715,0.000005559,0.216032536,0.216035908,0.000003372,3.372413030,0.000021078,1,1,2.000000000,0.080000000,2.000000000,0.033357364,0.016678682,0.016678682,0.042361852,0.042361852,-0.042361852,0.027054471,0.016808596,0.992270957,1,50.824398668,1,46.339796880,0.307628184,0.204852912,0.312138054,0.206356123,0.662841377,0.062378331,0.646930245,0.184909000,0.457430544,2.000000000,2.051651237,2.000000000,0.000000000,0.000000000,0.000000000,1.000000000,0.959435409,0.736897212,0.667499719,-0.315271255,1.003811186,0.776103517,0.686427983,1,0,0,0.000000000,0.051176091,-0.262549284,0.151934133,-0.125659242,-0.015930462,0.160999040,0.293091333,12.122072814,0.022829735,-130.918533436,-0.108744181,142.886628968,44.879986579,0.011983055,0.000800017,-0.011052127,-0.000217134,0.003861978,0.000403523,-0.001010394,0.680733405,-0.000075307,-0.673888929,-0.000083468,0.234625267,0.000254779,-0.165609930,0.011353736,-0.000001256,-0.011239579,-0.000001392,0.003913240,0.000004249,-0.002762155,1.361466810,-0.000150613,-1.347777858,-0.000166936,0.469250533,0.000509558,-0.331219860,-0.284008568,-0.039247276,0.309602319,0.003901962,0.391329736,0.336689064,0.031422119
13.001000000,0,13.001000000,sample,0.216533439,-0.000005520,0.216037792,0.216030133,0.000007659,7.659404438,0.000047871,1,1,2.000000000,0.080000000,2.000000000,-0.054505435,0.027252718,-0.027252718,0.040140666,0.040140666,-0.040140666,0.023788444,0.030081498,0.905962797,1,55.323293949,1,46.339749625,0.308585745,0.200968806,0.315291970,0.205254766,1.089621951,0.323594866,0.639467391,0.144095973,0.415261643,2.000000000,2.042675701,2.000000000,0.000000000,0.000000000,0.000000000,1.000000000,0.956745898,0.817753304,0.698183184,0.328936586,0.998820377,0.850534521,0.708426725,1,0,0,0.000000000,0.050984047,-0.263625501,0.152076903,-0.122099589,-0.016112856,0.158809719,0.309833225,12.122181945,0.006995682,-130.918337640,-0.109133718,142.886339183,44.879368380,0.022374507,-0.000863950,-0.019571115,0.000466031,-0.002232742,-0.000469464,0.003883333,-0.680733058,0.000035867,0.673888967,0.000083767,-0.234625889,-0.000255693,0.165610332,0.018551826,-0.000000977,-0.018365306,-0.000002283,0.006394193,0.000006968,-0.004513332,-1.361466116,0.000071734,1.347777934,0.000167534,-0.469251779,-0.000511387,0.331220665,-0.395465574,-0.047918393,0.222605050,0.013719552,0.406796984,0.335470448,0.031703697
13.051000000,0,13.051000000,sample,0.216533689,0.000004998,0.216035583,0.216032813,0.000002770,2.770386861,0.000017315,1,1,2.000000000,0.080000000,2.000000000,0.041830433,0.020915217,0.020915217,0.035248643,0.035248643,-0.035248643,0.020915217,0.021501706,0.972723583,3,60.782339684,1,46.339925577,0.304802072,0.203271266,0.314706674,0.204767227,2.354868497,0.181391018,0.712754277,0.185283846,0.500071191,2.000000000,2.061580311,2.000000000,0.000000000,0.000000000,0.000000000,1.000000000,0.953490806,0.765672264,0.664508451,0.285721313,1.018710926,0.888940802,0.754067848,1,0,0,0.000000000,0.051584149,-0.259950726,0.150562276,-0.123449913,-0.015998218,0.160696557,0.302043038,12.121878972,0.014078383,-130.918533767,-0.109357925,142.886352676,44.880569319,-0.013050900,-0.000736005,0.016763381,-0.000747428,-0.001062768,-0.000424579,0.002928534,-0.680734350,0.000053575,0.673890391,0.000083937,-0.234620613,-0.000256213,0.165606698,-0.014237706,0.000001121,0.014094563,0.000001756,-0.004907141,-0.000005359,0.003463700,-1.361468701,0.000107150,1.347780781,0.000167875,-0.469241225,-0.000512426,0.331213395,-0.311756365,-0.040427461,0.244302577,0.001614406,0.412432793,0.334313973,0.034526428
13.101000000,0,13.101000000,sample,0.216533577,-0.000002240,0.216031724,0.216036445,0.000004721,4.721227380,0.000029508,1,1,2.000000000,0.080000000,2.000000000,-0.008275738,0.004137869,-0.004137869,0.036645677,0.036645677,-0.036645677,0.024619132,0.007129561,0.580382028,7,44.190747847,1,46.339849421,0.297226278,0.205637743,0.306867361,0.205959741,1.304036391,0.212931331,0.541057256,0.154895068,0.397609415,2.000000000,2.039140322,2.000000000,0.000000000,0.000000000,0.000000000,1.000000000,0.978162800,0.716590705,0.660794628,-0.302731742,0.994755346,0.804922066,0.697232167,1,0,0,0.000000000,0.050481283,-0.251264342,0.150536809,-0.125806745,-0.015865720,0.161888305,0.289807677,12.121973239,0.024849628,-130.918431899,-0.109205087,142.886492488,44.879935281,-0.004519802,-0.000402269,0.002164501,-0.000289571,-0.001650584,-0.000533314,-0.004739456,0.680733791,-0.000080423,-0.673889786,-0.000083821,0.234622886,0.000255857,-0.165608227,-0.002816787,0.000000333,0.002788468,0.000000347,-0.000970839,-0.000001059,0.000685265,1.361467582,-0.000160847,-1.347779571,-0.000167642,0.469245772,0.000511713,-0.331216455,-0.243967660,-0.030304724,0.330936044,0.000623687,0.391917580,0.334538046,0.034304481
13.151000000,0,13.151000000,sample,0.216533539,-0.000000764,0.216033438,0.216034671,0.000001233,1.233347232,0.000007708,1,1,2.000000000,0.080000000,2.000000000,0.046762516,0.023381258,0.023381258,0.037378310,0.037378310,-0.037378310,0.024460225,0.024845471,0.941067214,1,69.767090645,1,46.339736744,0.317360098,0.202795108,0.317360098,0.205514027,3.504926094,0.585058310,0.799791666,0.105785533,0.588878831,2.000000000,2.084903763,2.000000000,0.000000000,0.000000000,0.000000000,1.000000000,0.977505207,0.829817619,0.707991317,-0.333047906,0.977505207,0.829817619,0.707991317,1,0,0,0.000000000,0.050853455,-0.273803094,0.152194689,-0.124837608,-0.016007338,0.159013184,0.297513146,12.122181611,0.019797968,-130.918397368,-0.109051551,142.886521828,44.879703637,0.020752601,0.000407456,-0.013529474,-0.000557699,-0.000588329,0.000034950,-0.001660092,0.680732963,-0.000067795,-0.673888639,-0.000083704,0.234626701,0.000255501,-0.165610898,0.015916393,-0.000001585,-0.015756364,-0.000001957,0.005485867,0.000005974,-0.003872191,1.361465927,-0.000135590,-1.347777277,-0.000167409,0.469253402,0.000511002,-0.331221797,-0.437221042,-0.047606164,0.183867115,0.012778464,0.399252279,0.336802524,0.031849518
13.201000000,0,13.201000000,sample,0.216533621,0.000001636,0.216038057,0.216030243,0.000007813,7.813088824,0.000048832,1,1,2.000000000,0.080000000,2.000000000,-0.062657473,0.031328737,-0.031328737,0.043384185,0.043384185,-0.043384185,0.027896779,0.033509307,0.934926418,3,60.815945710,1,46.339613876,0.323901598,0.199597699,0.325322233,0.204580173,3.718640716,0.716001171,0.531224529,0.244559418,0.477748913,2.000000000,2.056304761,2.000000000,0.000000000,0.000000000,0.000000000,1.000000000,0.913002396,0.778865474,0.691300880,0.331784051,0.989524417,0.872658596,0.735570233,1,0,0,0.000000000,0.052912718,-0.279088477,0.155634546,-0.122257796,-0.016490465,0.156908691,0.311758114,12.122471490,0.006714017,-130.918481250,-0.108770076,142.886398481,44.878825954,0.020300983,0.001034976,-0.026132092,-0.000642749,0.002667029,0.000085969,0.004387798,-0.680732061,0.000035104,0.673887124,0.000083490,-0.234631328,-0.000254847,0.165614228,0.021326476,-0.000001100,-0.021112032,-0.000002616,0.007350703,0.000007984,-0.005188485,-1.361464122,0.000070208,1.347774247,0.000166980,-0.469262656,-0.000509694,0.331228457,-0.329128228,-0.063234425,0.293188784,0.023644287,0.404173099,0.338759758,0.030661716
13.251000000,0,13.251000000,sample,0.216533790,0.000003391,0.216037000,0.216031615,0.000005385,5.384783763,0.000033655,1,1,2.000000000,0.080000000,2.000000000,0.042717996,0.021358998,0.021358998,0.040104363,0.040104363,-0.040104363,0.026381406,0.022687195,0.941456098,3,50.977094982,1,46.339719507,0.331465643,0.199733388,0.335806907,0.203324531,1.086569854,0.244984738,0.710082596,0.199731940,0.514730568,2.000000000,2.065187180,2.000000000,0.000000000,0.000000000,0.000000000,1.000000000,0.990915441,0.865192649,0.722633404,0.292873610,1.055094260,0.938616520,0.786413055,1,0,0,0.000000000,0.052834396,-0.288546288,0.154334179,-0.122742163,-0.016272615,0.156725843,0.309083296,12.122264121,0.010286551,-130.918605201,-0.109210619,142.886535240,44.879813644,-0.015767330,-0.000252414,0.016198259,-0.001572628,0.001055553,0.000009433,-0.000255684,-0.680732837,0.000044091,0.673887932,0.000083827,-0.234628259,-0.000255875,0.165612094,-0.014539771,0.000000942,0.014393571,0.000001790,-0.005011425,-0.000005465,0.003537308,-1.361465674,0.000088182,1.347775864,0.000167654,-0.469256519,-0.000511751,0.331224188,-0.469939570,-0.056108601,0.097321033,0.015378716,0.417071522,0.336919787,0.032189696
13.301000000,0,13.301000000,sample,0.216533848,0.000001164,0.216032790,0.216035933,0.000003143,3.142754775,0.000019642,1,1,2.000000000,0.080000000,2.000000000,-0.051679962,0.025839981,-0.025839981,0.039031057,0.039031057,-0.039031057,0.025587443,0.026978174,0.957810600,3,65.732723942,1,46.339714490,0.321344452,0.203751389,0.331123879,0.203751389,3.794408513,0.374918427,0.818423630,0.174047448,0.588972763,2.000000000,2.084941051,2.000000000,0.000000000,0.000000000,0.000000000,1.000000000,0.934008049,0.755042515,0.658766244,-0.279898574,0.980479723,0.851973203,0.712786728,1,0,0,0.000000000,0.052976397,-0.276671103,0.154624897,-0.125170628,-0.016292268,0.159942191,0.294913852,12.122273310,0.022619260,-130.918645588,-0.109473812,142.886576344,44.881128973,-0.015707987,0.000580371,0.021872749,-0.000074130,-0.000838857,0.000059661,0.001270552,0.680732800,-0.000074906,-0.673887772,-0.000084029,0.234628626,0.000256492,-0.165612363,-0.017590122,0.000001936,0.017413247,0.000002171,-0.006062799,-0.000006628,0.004279420,1.361465600,-0.000149812,-1.347775544,-0.000168059,0.469257252,0.000512985,-0.331224727,-0.317458028,-0.052797907,0.227848115,0.009675887,0.404594737,0.337176562,0.031818609
13.351000000,0,13.351000000,sample,0.216533595,-0.000005071,0.216034673,0.216033555,0.000001118,1.118369572,0.000006990,1,1,2.000000000,0.080000000,2.000000000,-0.060752465,0.030376233,-0.030376233,0.034884737,0.034884737,-0.034884737,0.020868638,0.032060886,0.947454575,3,50.559386030,1,46.339619975,0.319384184,0.201379785,0.322640262,0.204596887,1.357864771,0.323555814,0.582728662,0.154994088,0.367815668,2.000000000,2.033558496,2.000000000,0.000000000,0.000000000,0.000000000,1.000000000,1.117299544,0.803712748,0.676355652,0.325420977,1.130166401,0.814903779,0.686446841,1,0,0,0.000000000,0.051242427,-0.274997634,0.154132320,-0.124083998,-0.016099726,0.157790298,0.301186459,12.122389482,0.016421720,-130.918432386,-0.109128391,142.886669517,44.878914440,0.022458386,-0.000103004,-0.022796932,0.001468781,-0.000568926,0.000777172,0.000851788,-0.680732106,0.000059385,0.673887248,0.000083765,-0.234631035,-0.000255685,0.165613945,0.020678077,-0.000001804,-0.020470156,-0.000002544,0.007127207,0.000007767,-0.005030728,-1.361464211,0.000118770,1.347774496,0.000167530,-0.469262070,-0.000511370,0.331227890,-0.351097318,0.032771210,0.257464618,-0.026245646,0.394207464,0.331114594,0.033172670
13.401000000,0,13.401000000,sample,0.216533897,0.000006046,0.216038432,0.216030411,0.000008021,8.021063716,0.000050132,1,1,2.000000000,0.080000000,2.000000000,0.001587004,0.000793502,0.000793502,0.037496220,0.037496220,-0.037496220,0.030067826,0.005030015,0.157753403,5,40.235318649,1,46.339624945,0.320007535,0.199707296,0.324439201,0.204220094,2.002781109,0.239683129,0.737336242,0.144490270,0.523523548,2.000000000,2.067384603,2.000000000,0.000000000,0.000000000,0.000000000,1.000000000,0.978018925,0.886536217,0.744705130,0.311097105,1.101873999,0.892255465,0.752499570,1,0,0,0.000000000,0.054407020,-0.273429385,0.157102100,-0.121850239,-0.016636304,0.157349156,0.311422479,12.122485024,0.006514270,-130.918700390,-0.109375028,142.886481578,44.879218778,0.002187108,0.000403491,0.001632842,-0.000803589,-0.003190605,0.000114273,0.002617225,-0.680732142,0.000034708,0.673886683,0.000083955,-0.234631973,-0.000256265,0.165614771,-0.000540162,0.000000028,0.000534730,0.000000067,-0.000186181,-0.000000203,0.000131416,-1.361464284,0.000069415,1.347773366,0.000167909,-0.469263947,-0.000512530,0.331229541,-0.501051817,-0.072168944,0.093064354,0.023494660,0.416444298,0.338729718,0.030786403
13.451000000,0,13.451000000,sample,0.216533836,-0.000001213,0.216034849,0.216033843,0.000001006,1.005717618,0.000006286,1,1,2.000000000,0.080000000,2.000000000,0.039720508,0.019860254,0.019860254,0.039219494,0.039219494,-0.039219494,0.026401568,0.020956900,0.947671381,1,62.739912775,1,46.339767143,0.323177165,0.201797049,0.326923554,0.204694192,1.759962020,0.419866737,0.567882249,0.233297968,0.431674783,2.000000000,2.046060819,2.000000000,0.000000000,0.000000000,0.000000000,1.000000000,0.942920494,0.740139307,0.656722953,0.280594776,1.121700503,0.891127455,0.737486958,1,0,0,0.000000000,0.052324562,-0.279614685,0.153366385,-0.123985667,-0.016102829,0.158399186,0.301500264,12.122156016,0.016621388,-130.918631961,-0.109355749,142.886629744,44.880213985,-0.016599652,-0.000761077,0.012618695,-0.000599660,0.000893314,0.000292402,0.001609160,-0.680733187,0.000059921,0.673888362,0.000083938,-0.234626758,-0.000256213,0.165611028,-0.013519534,0.000001190,0.013383594,0.000001667,-0.004659747,-0.000005088,0.003289077,-1.361466373,0.000119841,1.347776724,0.000167876,-0.469253515,-0.000512427,0.331222056,-0.269897860,-0.047721660,0.277602797,0.008698851,0.404947854,0.337887609,0.029547274
13.501000000,0,13.501000000,sample,0.216533643,-0.000003871,0.216031505,0.216036804,0.000005298,5.298107011,0.000033113,1,1,2.000000000,0.080000000,2.000000000,0.002545901,0.001272950,0.001272950,0.038711453,0.038711453,-0.038711453,0.026084261,0.010005091,0.127230276,5,95.821190376,1,46.339739433,0.335649163,0.201847556,0.339167591,0.203592582,0.709762976,0.657199072,0.642203893,0.267189105,0.484271205,2.000000000,2.057793880,2.000000000,0.000000000,0.000000000,0.000000000,1.000000000,0.949671336,0.769371883,0.670591426,-0.306323592,0.953635289,0.815718224,0.702255729,1,0,0,0.000000000,0.051407958,-0.294474191,0.152651674,-0.126032343,-0.016038810,0.156847190,0.293603350,12.122182057,0.025666161,-130.918479213,-0.109114665,142.886583118,44.879415808,-0.001964473,0.000127008,-0.000393005,0.000082581,0.009793813,-0.000252916,-0.000287296,0.680732983,-0.000082447,-0.673888453,-0.000083753,0.234627002,0.000255649,-0.165611138,0.000866539,-0.000000105,-0.000857827,-0.000000107,0.000298669,0.000000325,-0.000210815,1.361465966,-0.000164893,-1.347776906,-0.000167506,0.469254005,0.000511298,-0.331222276,-0.358857440,-0.047649274,0.221540172,0.009139425,0.394341755,0.336048586,0.032343420
13.551000000,0,13.551000000,sample,0.216533393,-0.000004993,0.216035255,0.216032558,0.000002697,2.696869191,0.000016855,1,1,2.000000000,0.080000000,2.000000000,-0.068298697,0.034149349,-0.034149349,0.041023503,0.041023503,-0.041023503,0.023004039,0.036015684,0.948179936,1,60.570866228,1,46.339785217,0.338730009,0.198430027,0.344266638,0.202085289,2.303138502,0.427015614,0.780148054,0.113854497,0.536620112,2.000000000,2.070759855,2.000000000,0.000000000,0.000000000,0.000000000,1.000000000,1.019011832,0.857591037,0.720921379,0.334253281,1.019011832,0.857591037,0.720921379,1,0,0,0.000000000,0.049365824,-0.299654206,0.150027967,-0.123648328,-0.015689469,0.154400153,0.306231621,12.122045301,0.014135777,-130.918275946,-0.109061017,142.886580619,44.878280896,0.028030030,0.000274124,-0.022600256,0.000428332,-0.000288532,-0.000108705,0.000567152,-0.680733319,0.000053669,0.673889449,0.000083711,-0.234624493,-0.000255520,0.165609271,0.023246599,-0.000001833,-0.023012886,-0.000002859,0.008012274,0.000008726,-0.005655449,-1.361466639,0.000107338,1.347778897,0.000167422,-0.469248987,-0.000511041,0.331218542,-0.469462063,-0.038318495,0.153625001,0.013129735,0.399160798,0.337477331,0.029519095
13.601000000,0,13.601000000,sample,0.216533305,-0.000001771,0.216036846,0.216030804,0.000006042,6.041817552,0.000037761,1,1,2.000000000,0.080000000,2.000000000,0.023342317,0.011671158,0.011671158,0.041008352,0.041008352,-0.041008352,0.020426854,0.013947340,0.836801729,3,90.088099396,1,46.339712980,0.320036080,0.199950850,0.334982238,0.203659055,5.617579235,0.470334811,0.873221230,0.151464098,0.615114821,2.000000000,2.092454492,2.000000000,0.000000000,0.000000000,0.000000000,1.000000000,0.935142977,0.815088190,0.690180467,0.301048337,1.023299567,0.877072630,0.730903009,1,0,0,0.000000000,0.049305796,-0.277870817,0.150929916,-0.122497029,-0.015794862,0.157242942,0.308915328,12.122182113,0.009354850,-130.918210931,-0.109300693,142.886535030,44.879324288,-0.003497176,-0.000865802,0.013238083,0.000788058,-0.000030690,0.000942171,0.002189049,-0.680732789,0.000041781,0.673888836,0.000083896,-0.234626707,-0.000256085,0.165610811,-0.007944940,0.000000488,0.007865063,0.000000979,-0.002738365,-0.000002989,0.001932870,-1.361465578,0.000083563,1.347777672,0.000167791,-0.469253414,-0.000512169,0.331221623,-0.392587020,-0.061557318,0.186452088,0.014622080,0.411098967,0.337121085,0.028355475
13.651000000,0,13.651000000,sample,0.216533697,0.000007839,0.216034334,0.216034083,0.000000250,0.250480583,0.000001566,0,0,2.000000000,0.080000000,0.000000000,0.000000000,0.029464140,0.000000000,0.038686710,0.038686710,-0.038686710,0.025695335,0.030646951,0.961405238,3,53.104056329,0,0.000000000,0.296401778,0.204373055,0.321368671,0.204771025,1.415397903,0.303801206,0.657797345,0.214555820,0.476170632,0.000000000,0.476275339,2.000000000,0.000000000,0.000000000,0.000000000,1.000000000,0.957392056,0.700422933,0.661690890,0.000000000,0.987646482,0.855504016,0.712768726,1,0,0,0.000000000,0.051641141,-0.249078526,0.152141693,-0.124192172,-0.016070888,0.161512775,0.297064207,12.122072369,0.017716370,-130.918529563,-0.109396338,142.886473861,44.879994433,-0.020861927,-0.000205135,0.022333209,-0.000670162,0.000576656,-0.000070044,0.002101135,0.000000000,0.000000000,0.000000000,0.000000000,0.000000000,0.000000000,0.000000000,-0.020057228,0.000001846,0.019855564,0.000002474,-0.006913011,-0.000007552,0.004879541,0.000000000,0.000000000,0.000000000,0.000000000,0.000000000,0.000000000,0.000000000,-0.185972138,-0.045973872,0.355102739,0.004172153,0.400353734,0.337441633,0.029500374
13.701000000,0,13.701000000,sample,0.216533653,-0.000000863,0.216031875,0.216036460,0.000004586,4.585550416,0.000028660,1,1,2.000000000,0.080000000,2.000000000,0.016829008,0.008414504,0.008414504,0.036204582,0.036204582,-0.036204582,0.024105740,0.010038994,0.838182044,5,45.367725152,1,46.339715751,0.294809694,0.206078518,0.305268759,0.206325669,0.490212131,0.234947049,0.598374509,0.211856568,0.449988804,2.000000000,2.049998909,2.000000000,0.000000000,0.000000000,0.000000000,1.000000000,0.948851517,0.714036173,0.663947533,-0.306499259,1.001844629,0.821096273,0.691938642,1,0,0,0.000000000,0.051507071,-0.246508943,0.153274650,-0.125883146,-0.016124613,0.162363131,0.289513824,12.122237220,0.024619695,-130.918489429,-0.108996136,142.886555374,44.879724285,0.004281479,0.000768432,-0.004980236,-0.000087225,0.006761821,-0.000004636,-0.003365596,0.680732809,-0.000079816,-0.673888177,-0.000083662,0.234627865,0.000255372,-0.165611757,0.005728029,-0.000000672,-0.005670435,-0.000000704,0.001974277,0.000002149,-0.001393541,1.361465618,-0.000159632,-1.347776354,-0.000167325,0.469255730,0.000510745,-0.331223514,-0.253216136,-0.045171579,0.326895458,0.006991542,0.391136476,0.337026866,0.034395788
13.751000000,0,13.751000000,sample,0.216533825,0.000003434,0.216035778,0.216032916,0.000002862,2.861947406,0.000017887,1,1,2.000000000,0.080000000,2.000000000,-0.072383291,0.036191645,-0.036191645,0.039858934,0.039858934,-0.039858934,0.025607272,0.036866613,0.981691637,3,53.271136550,1,46.339604687,0.288533438,0.204356203,0.304114817,0.207206427,1.977454464,0.258906195,0.545230109,0.162471710,0.427863424,2.000000000,2.045292320,2.000000000,0.000000000,0.000000000,0.000000000,1.000000000,0.950341352,0.811768557,0.705501054,0.346010428,1.098453282,0.962455994,0.802120285,1,0,0,0.000000000,0.053243908,-0.236509258,0.156460864,-0.123607053,-0.016469361,0.161899704,0.299675021,12.122485183,0.013893258,-130.918627563,-0.109034786,142.886583118,44.878965018,0.024738060,0.001673599,-0.026907864,-0.000166117,0.002594445,-0.000095398,-0.003684242,-0.680731993,0.000053061,0.673886619,0.000083694,-0.234632407,-0.000255468,0.165615023,0.024636811,-0.000001920,-0.024389066,-0.000003029,0.008491733,0.000009246,-0.005993880,-1.361463987,0.000106122,1.347773239,0.000167387,-0.469264814,-0.000510936,0.331230046,-0.403516964,-0.054067850,0.236747078,0.024204822,0.399495248,0.338534635,0.033841688
13.801000000,0,13.801000000,sample,0.216533625,-0.000004009,0.216036753,0.216031532,0.000005221,5.220628522,0.000032629,1,1,2.000000000,0.080000000,2.000000000,0.016146261,0.008073130,0.008073130,0.039563391,0.039563391,-0.039563391,0.027446387,0.008585442,0.940327873,3,64.151234017,1,46.339836445,0.302428283,0.202084885,0.302470810,0.206516927,1.145767623,0.169977323,0.646208703,0.166082907,0.448954886,2.000000000,2.049772339,2.000000000,0.000000000,0.000000000,0.000000000,1.000000000,0.941110386,0.816242664,0.695155027,0.308184816,1.045665127,0.832084861,0.723042794,1,0,0,0.000000000,0.052029594,-0.256193534,0.152054797,-0.122803593,-0.016206549,0.159671306,0.305347497,12.122059806,0.010519983,-130.918489540,-0.109193272,142.886279227,44.879237488,-0.005057975,-0.000416365,0.006876464,0.000100654,-0.000452743,-0.000097643,-0.000665543,-0.680733696,0.000044670,0.673889549,0.000083812,-0.234623498,-0.000255831,0.165608728,-0.005495652,0.000000361,0.005440398,0.000000677,-0.001894146,-0.000002065,0.001336981,-1.361467391,0.000089340,1.347779098,0.000167624,-0.469246996,-0.000511661,0.331217456,-0.392461687,-0.059204410,0.196983442,0.020441413,0.413353339,0.338504230,0.032291637
13.851000000,0,13.851000000,sample,0.216533585,-0.000000802,0.216032171,0.216036018,0.000003847,3.847089935,0.000024044,1,1,2.000000000,0.080000000,2.000000000,-0.067102761,0.033551380,-0.033551380,0.041694301,0.041694301,-0.041694301,0.021959668,0.034670074,0.967733175,1,50.861669877,1,46.339783908,0.310940470,0.204574671,0.311907415,0.204897768,0.780869581,0.261468272,0.617183248,0.203048086,0.426317281,2.000000000,2.044957082,2.000000000,0.000000000,0.000000000,0.000000000,1.000000000,0.954272659,0.784475691,0.675056533,-0.294111490,1.006468087,0.890073508,0.742762312,1,0,0,0.000000000,0.050629944,-0.266791423,0.151469208,-0.125365940,-0.015899361,0.160876933,0.292781274,12.122086404,0.023640578,-130.918431851,-0.109511034,142.886569023,44.880959863,-0.024725784,-0.000743845,0.024245494,0.000466072,-0.001331896,0.000299741,0.000413872,0.680733310,-0.000077459,-0.673889056,-0.000084057,0.234625223,0.000256576,-0.165609862,-0.022839542,0.000002599,0.022609908,0.000002820,-0.007872000,-0.000008608,0.005556439,1.361466620,-0.000154918,-1.347778113,-0.000168113,0.469250447,0.000513151,-0.331219724,-0.364531263,-0.047767359,0.201560977,0.005994010,0.406377006,0.337047003,0.033628135
13.901000000,0,13.901000000,sample,0.216533593,0.000000159,0.216034305,0.216033907,0.000000398,0.398128969,0.000002488,0,0,2.000000000,0.080000000,0.000000000,0.000000000,0.025600224,0.000000000,0.037290325,0.037290325,-0.037290325,0.023772848,0.027321593,0.936996026,1,63.377250844,0,0.000000000,0.292930445,0.204597795,0.312025857,0.206450039,2.345299864,0.415251429,0.689789864,0.120824866,0.475758666,0.000000000,0.475804025,2.000000000,0.000000000,0.000000000,0.000000000,1.000000000,0.945648421,0.792792397,0.693909651,0.000000000,1.002669000,0.896294381,0.756266062,1,0,0,0.000000000,0.050628199,-0.245056681,0.152290033,-0.124279077,-0.015936645,0.161743600,0.296867407,12.122182088,0.017466168,-130.918433854,-0.109168190,142.886622916,44.879601842,0.021750674,0.000671461,-0.016472424,0.000311828,-0.000996556,0.000548940,0.000440824,0.000000000,0.000000000,0.000000000,0.000000000,0.000000000,0.000000000,0.000000000,0.017426915,-0.000001587,-0.017251696,-0.000002145,0.006006508,0.000006548,-0.004239684,0.000000000,0.000000000,0.000000000,0.000000000,0.000000000,0.000000000,0.000000000,-0.387328323,-0.051279413,0.235345397,0.014028010,0.398538708,0.336360963,0.036079869
13.951000000,0,13.951000000,sample,0.216533635,0.000000848,0.216038286,0.216030039,0.000008247,8.246607176,0.000051541,1,1,2.000000000,0.080000000,2.000000000,-0.047046420,0.023523210,-0.023523210,0.039572743,0.039572743,-0.039572743,0.027110427,0.025118579,0.936486483,1,51.322692695,1,46.339596792,0.278284905,0.204139152,0.294431158,0.208516118,0.750736268,0.290169225,0.587900114,0.199679373,0.446904630,2.000000000,2.049338693,2.000000000,0.000000000,0.000000000,0.000000000,1.000000000,0.871570266,0.762376297,0.690298985,0.325098793,0.984941218,0.850922008,0.727412852,1,0,0,0.000000000,0.052336328,-0.224675761,0.155641253,-0.122005968,-0.016400081,0.162844633,0.306529366,12.122485191,0.006124834,-130.918486273,-0.108984411,142.886499187,44.879128598,0.017994915,0.000579952,-0.016891502,-0.000521874,0.002325049,-0.000388231,0.003954486,-0.680731935,0.000033670,0.673886902,0.000083655,-0.234632005,-0.000255350,0.165614688,0.016013000,-0.000000792,-0.015851983,-0.000001968,0.005519298,0.000006007,-0.003895789,-1.361463871,0.000067340,1.347773803,0.000167310,-0.469264009,-0.000510699,0.331229377,-0.309830572,-0.079928400,0.303394337,0.022972199,0.407370859,0.338434484,0.032625054
14.001000000,0,14.001000000,sample,0.216533774,0.000002788,0.216036655,0.216031914,0.000004740,4.740465115,0.000029628,1,1,2.000000000,0.080000000,2.000000000,0.032811634,0.016405817,0.016405817,0.046507534,0.046507534,-0.046507534,0.028615094,0.017607153,0.931770013,1,57.804830796,1,46.339802477,0.297000164,0.203119011,0.297819375,0.207926760,1.664167657,0.618914908,0.515956213,0.258337052,0.435550880,2.000000000,2.046879525,2.000000000,0.000000000,0.000000000,0.000000000,1.000000000,0.935732283,0.738882606,0.668126606,0.287699940,1.005202173,0.856954965,0.727860296,1,0,0,0.000000000,0.051764123,-0.249547082,0.152498613,-0.122854832,-0.016026236,0.160957083,0.303894124,12.122086404,0.011239827,-130.918588062,-0.109359606,142.886582855,44.879907151,-0.013386628,-0.000933865,0.009773548,-0.000290283,0.001053229,0.000189581,0.005760744,-0.680733446,0.000046494,0.673888864,0.000083940,-0.234625301,-0.000256221,0.165609988,-0.011167989,0.000000763,0.011055698,0.000001377,-0.003849220,-0.000004204,0.002716967,-1.361466892,0.000092988,1.347777727,0.000167881,-0.469250601,-0.000512442,0.331219976,-0.244538265,-0.051519518,0.315547062,0.011684766,0.411301643,0.337765953,0.031282187
14.051000000,0,14.051000000,sample,0.216533913,0.000002775,0.216032548,0.216036291,0.000003743,3.742668340,0.000023392,1,1,2.000000000,0.080000000,2.000000000,-0.051633588,0.025816794,-0.025816794,0.038999305,0.038999305,-0.038999305,0.026101351,0.026873703,0.960671244,1,65.313041347,1,46.339820640,0.322276689,0.203346892,0.322934800,0.205004508,2.944399737,0.385327348,0.537780005,0.229519777,0.445021395,2.000000000,2.048926776,2.000000000,0.000000000,0.000000000,0.000000000,1.000000000,0.950025598,0.705253164,0.657574608,-0.282198537,1.024446337,0.889993382,0.742504154,1,0,0,0.000000000,0.052990133,-0.278481813,0.153304240,-0.125371459,-0.016197201,0.159278393,0.294205909,12.122084844,0.023478560,-130.918701312,-0.109443144,142.886541309,44.880572957,-0.021718382,-0.000473504,0.015688425,-0.001247775,-0.001344790,-0.000168126,0.000873649,0.680733580,-0.000077043,-0.673888795,-0.000084004,0.234625139,0.000256417,-0.165609935,-0.017574359,0.000001989,0.017397648,0.000002169,-0.006057269,-0.000006620,0.004275518,1.361467159,-0.000154087,-1.347777590,-0.000168009,0.469250278,0.000512834,-0.331219871,-0.215975358,-0.046496596,0.331497050,0.007513793,0.398599174,0.337205560,0.032579649
14.101000000,0,14.101000000,sample,0.216533783,-0.000002610,0.216034457,0.216034122,0.000000335,0.335431480,0.000002096,0,0,2.000000000,0.080000000,0.000000000,0.000000000,0.027457305,0.000000000,0.040366376,0.040366376,-0.040366376,0.021750039,0.028720385,0.956021469,3,50.284607795,0,0.000000000,0.321110024,0.201500013,0.331848190,0.203549407,0.952563409,0.302352464,0.631601098,0.142289129,0.446890609,0.000000000,0.446999343,2.000000000,0.000000000,0.000000000,0.000000000,1.000000000,0.980600208,0.806261916,0.693444541,0.000000000,0.980600208,0.879174972,0.740192452,1,0,0,0.000000000,0.051777087,-0.278066561,0.152018973,-0.124293651,-0.015989110,0.157790025,0.300333255,12.122032267,0.017557599,-130.918591529,-0.109175989,142.886583118,44.879209615,0.020181375,0.000433542,-0.020366096,-0.000845547,-0.000800908,0.000189999,-0.001101945,0.000000000,0.000000000,0.000000000,0.000000000,0.000000000,0.000000000,0.000000000,0.018691111,-0.000001709,-0.018503180,-0.000002301,0.006442152,0.000007023,-0.004547186,0.000000000,0.000000000,0.000000000,0.000000000,0.000000000,0.000000000,0.000000000,-0.404291015,-0.039392085,0.205997229,0.005272550,0.398645387,0.336649589,0.033891321
14.151000000,0,14.151000000,sample,0.216533536,-0.000004942,0.216038012,0.216030095,0.000007916,7.916288791,0.000049477,1,1,2.000000000,0.080000000,2.000000000,0.003330277,0.001665138,0.001665138,0.039324168,0.039324168,-0.039324168,0.023752992,0.005260760,0.316520522,1,70.946749851,1,46.339734112,0.305506239,0.200848210,0.320388713,0.204123659,3.734929192,0.450771818,0.439756712,0.224435255,0.380559783,2.000000000,2.035883147,2.000000000,0.000000000,0.000000000,0.000000000,1.000000000,0.927130269,0.755849300,0.675372733,0.304026216,1.000052359,0.855535239,0.716108961,1,0,0,0.000000000,0.050682871,-0.260018855,0.152169326,-0.121885012,-0.015958237,0.158837597,0.309815099,12.122182112,0.006666242,-130.918400436,-0.109378387,142.886555385,44.879251921,-0.004431132,-0.001150630,-0.002319975,0.000150940,-0.000138999,0.000340425,0.001084635,-0.680732944,0.000035087,0.673888591,0.000083955,-0.234626836,-0.000256267,0.165610988,-0.001133515,0.000000058,0.001122118,0.000000140,-0.000390686,-0.000000427,0.000275765,-1.361465888,0.000070173,1.347777183,0.000167911,-0.469253671,-0.000512533,0.331221976,-0.277571673,-0.054329921,0.305851543,0.015030342,0.409414263,0.337323391,0.030860456
14.201000000,0,14.201000000,sample,0.216533483,-0.000001044,0.216034711,0.216033278,0.000001434,1.433807691,0.000008961,1,1,2.000000000,0.080000000,2.000000000,0.036626971,0.018313485,0.018313485,0.041138468,0.041138468,-0.041138468,0.026227932,0.019131770,0.957229002,1,55.844610837,1,46.339762781,0.311556417,0.202719240,0.324456650,0.204243292,1.231414634,0.427061183,0.568483167,0.232938461,0.406174514,2.000000000,2.040834076,2.000000000,0.000000000,0.000000000,0.000000000,1.000000000,0.977725294,0.777619485,0.662192761,0.281967698,1.001027695,0.899700429,0.758147211,1,0,0,0.000000000,0.049533783,-0.268139593,0.150714843,-0.123857398,-0.015700909,0.159711981,0.300906687,12.122086404,0.016005183,-130.918341862,-0.109358316,142.886669544,44.880333244,-0.014297029,-0.000272032,0.012123634,0.001159773,0.000740516,0.000446838,0.003531288,-0.680733155,0.000058383,0.673889022,0.000083940,-0.234625623,-0.000256218,0.165610082,-0.012466597,0.000001069,0.012341257,0.000001537,-0.004296813,-0.000004692,0.003032898,-1.361466309,0.000116767,1.347778044,0.000167879,-0.469251246,-0.000512436,0.331220164,-0.330376359,-0.032449944,0.219470086,0.002079293,0.408651141,0.334914539,0.031028519
14.251000000,0,14.251000000,sample,0.216533271,-0.000004244,0.216031001,0.216036565,0.000005564,5.563687443,0.000034773,1,1,2.000000000,0.080000000,2.000000000,-0.013868255,0.006934128,-0.006934128,0.040239765,0.040239765,-0.040239765,0.025419577,0.007679006,0.902998087,3,76.596819073,1,46.339819699,0.316341162,0.203127074,0.318489167,0.204884680,2.022310418,0.263056166,0.701471074,0.157058231,0.479217168,2.000000000,2.056611948,2.000000000,0.000000000,0.000000000,0.000000000,1.000000000,0.969210213,0.707323732,0.665590777,-0.305662894,1.006125828,0.799334635,0.694392497,1,0,0,0.000000000,0.048641001,-0.274828836,0.148912372,-0.126144606,-0.015640337,0.158440924,0.291085323,12.121974743,0.026041004,-130.918184671,-0.109066053,142.886479348,44.878819485,-0.003428007,-0.000409648,0.006720636,0.000973821,-0.000729419,-0.000196924,-0.000601649,0.680733573,-0.000083372,-0.673890078,-0.000083714,0.234622802,0.000255531,-0.165608054,-0.004720293,0.000000578,0.004672840,0.000000580,-0.001626904,-0.000001772,0.001148347,1.361467145,-0.000166744,-1.347780155,-0.000167428,0.469245605,0.000511062,-0.331216108,-0.217577028,-0.036104347,0.361551577,0.004486698,0.388571459,0.334169550,0.031161748
14.301000000,0,14.301000000,sample,0.216533362,0.000001813,0.216034805,0.216032957,0.000001847,1.847380723,0.000011546,1,1,2.000000000,0.080000000,2.000000000,-0.071822580,0.035911290,-0.035911290,0.036577131,0.036577131,-0.036577131,0.027833569,0.036652326,0.979782016,1,54.614450832,1,46.339665359,0.324533994,0.199974672,0.324760005,0.204314020,1.281809988,0.247477005,0.683574614,0.142066298,0.447727863,2.000000000,2.049518375,2.000000000,0.000000000,0.000000000,0.000000000,1.000000000,0.936426809,0.794045690,0.697539976,0.345760643,1.029672124,0.919869913,0.773487886,1,0,0,0.000000000,0.049521821,-0.282547686,0.151778483,-0.123900374,-0.015828942,0.156166614,0.303103888,12.122263731,0.015361509,-130.918246172,-0.109069616,142.886629745,44.878124847,0.027086652,0.000628332,-0.024348322,0.001578112,0.003206280,0.000380561,-0.001885524,-0.680732439,0.000056729,0.673888210,0.000083719,-0.234628583,-0.000255545,0.165612134,0.024445980,-0.000002037,-0.024200195,-0.000003006,0.008425815,0.000009177,-0.005947345,-1.361464878,0.000113459,1.347776420,0.000167438,-0.469257167,-0.000511090,0.331224269,-0.376482089,-0.053464560,0.263371680,0.012918747,0.397783842,0.336352246,0.032687014
14.351000000,0,14.351000000,sample,0.216533684,0.000006442,0.216037729,0.216030681,0.000007048,7.048155268,0.000044051,1,1,2.000000000,0.080000000,2.000000000,-0.001990645,0.000995322,-0.000995322,0.040413721,0.040413721,-0.040413721,0.027085752,0.003599670,0.276503762,1,73.396463701,1,46.339741014,0.308865948,0.200986118,0.325005786,0.205054749,2.425284341,0.262120614,0.735265344,0.148994920,0.525973733,2.000000000,2.068005815,2.000000000,0.000000000,0.000000000,0.000000000,1.000000000,0.969890024,0.851088050,0.720505556,0.327205690,1.008160728,0.880612590,0.744979188,1,0,0,0.000000000,0.052558110,-0.262638479,0.153807828,-0.122189690,-0.016314324,0.158741747,0.308794147,12.122235691,0.007903878,-130.918532305,-0.109299259,142.886386894,44.879281409,0.003083900,0.000690498,0.001294284,-0.000702542,-0.000681898,0.000384775,0.000434311,-0.680732995,0.000038161,0.673888381,0.000083895,-0.234627095,-0.000256082,0.165611266,0.000677549,-0.000000038,-0.000670736,-0.000000084,0.000233530,0.000000255,-0.000164837,-1.361465989,0.000076323,1.347776763,0.000167789,-0.469254191,-0.000512165,0.331222533,-0.450259588,-0.055973729,0.166258360,0.012970988,0.412156358,0.338371788,0.032910222
14.401000000,0,14.401000000,sample,0.216533482,-0.000004030,0.216033546,0.216034462,0.000000916,0.915768282,0.000005724,0,0,2.000000000,0.080000000,0.000000000,0.000000000,0.027950848,0.000000000,0.038164183,0.038164183,-0.038164183,0.023111770,0.028984493,0.964338005,1,54.395838508,0,0.000000000,0.300333702,0.204400344,0.317720600,0.204964025,0.575440632,0.335260005,0.584873427,0.224864042,0.445080004,0.000000000,0.445169527,2.000000000,0.000000000,0.000000000,0.000000000,1.000000000,0.966127666,0.676677404,0.685460329,0.000000000,0.974132792,0.850972270,0.719659136,1,0,0,0.000000000,0.051406387,-0.253657212,0.152367106,-0.124485875,-0.016215425,0.161306626,0.295791051,12.122180442,0.019413738,-130.918369545,-0.109497383,142.886279230,44.880255051,-0.021377088,-0.000157082,0.019489918,-0.000510861,0.000084296,-0.000141162,0.001717946,0.000000000,0.000000000,0.000000000,0.000000000,0.000000000,0.000000000,0.000000000,-0.019027069,0.000001870,0.018835770,0.000002349,-0.006557985,-0.000007171,0.004628945,0.000000000,0.000000000,0.000000000,0.000000000,0.000000000,0.000000000,0.000000000,-0.123453337,-0.053783018,0.422954690,0.005064257,0.398099721,0.336643685,0.031525374
14.451000000,0,14.451000000,sample,0.216533551,0.000001373,0.216030441,0.216037693,0.000007251,7.251254442,0.000045320,1,1,2.000000000,0.080000000,2.000000000,-0.029693132,0.014846566,-0.014846566,0.039175883,0.039175883,-0.039175883,0.022293230,0.018447972,0.804780384,3,48.048852788,1,46.339754535,0.312243187,0.205004182,0.312266584,0.205004182,1.556004967,0.502797822,0.696970727,0.247773836,0.500753910,2.000000000,2.061742939,2.000000000,0.000000000,0.000000000,0.000000000,1.000000000,0.967721167,0.754804237,0.666502789,-0.309991046,0.982478768,0.801274707,0.695980053,1,0,0,0.000000000,0.051468090,-0.267561241,0.152505168,-0.126511858,-0.016163670,0.160499844,0.287740314,12.122177581,0.028512593,-130.918420674,-0.109306956,142.886393480,44.880141802,-0.011249487,0.000805822,0.012787632,0.000437886,0.006928027,-0.000073157,0.001187085,0.680733094,-0.000089581,-0.673888810,-0.000083900,0.234626098,0.000256099,-0.165610508,-0.010106549,0.000001330,0.010004935,0.000001246,-0.003483392,-0.000003802,0.002458747,1.361466188,-0.000179162,-1.347777619,-0.000167801,0.469252196,0.000512199,-0.331221016,-0.316486922,-0.037986671,0.269728151,0.008384814,0.393261756,0.337901467,0.031035764
14.501000000,0,14.501000000,sample,0.216533659,0.000002154,0.216032671,0.216035659,0.000002987,2.987445489,0.000018672,1,1,2.000000000,0.080000000,2.000000000,0.031525131,0.015762566,0.015762566,0.043596914,0.043596914,-0.043596914,0.026917120,0.016370286,0.962876644,1,57.139839925,1,46.339857157,0.307537668,0.204341281,0.332392876,0.204761497,0.909121781,0.069023067,0.657374802,0.179057175,0.453773507,2.000000000,2.050837399,2.000000000,0.000000000,0.000000000,0.000000000,1.000000000,0.938108491,0.773910069,0.683349946,-0.329232298,1.081694691,0.934728603,0.785334125,1,0,0,0.000000000,0.050841278,-0.263169529,0.150785877,-0.125532380,-0.015868941,0.160452976,0.293737889,12.121963088,0.022278276,-130.918493997,-0.108764754,142.886541538,44.879564295,0.012374446,0.000115746,-0.010426218,-0.000123839,0.002169906,-0.000102236,0.001185598,0.680733848,-0.000073934,-0.673889702,-0.000083483,0.234622929,0.000254825,-0.165608278,0.010730112,-0.000001165,-0.010622231,-0.000001316,0.003698259,0.000004017,-0.002610411,1.361467696,-0.000147867,-1.347779404,-0.000166966,0.469245858,0.000509650,-0.331216557,-0.358837843,-0.051640898,0.255388444,0.011874102,0.394822437,0.336380846,0.033685100
14.551000000,0,14.551000000,sample,0.216533689,0.000000608,0.216037805,0.216030600,0.000007204,7.204317065,0.000045027,1,1,2.000000000,0.080000000,2.000000000,-0.069596293,0.034798146,-0.034798146,0.038852864,0.038852864,-0.038852864,0.024962550,0.036077135,0.964548509,3,61.874247128,1,46.339764411,0.276933870,0.204430569,0.321338830,0.207324811,4.037144841,0.473478278,0.446153208,0.209045831,0.442088104,2.000000000,2.048320848,2.000000000,0.000000000,0.000000000,0.000000000,1.000000000,0.920814628,0.775674267,0.689622272,0.333665446,1.053250586,0.949845310,0.802083520,1,0,0,0.000000000,0.051187316,-0.225403892,0.152529711,-0.122322012,-0.015989947,0.163013818,0.305033383,12.122141511,0.007627788,-130.918520831,-0.108987980,142.886601984,44.879274692,0.022114428,0.000435009,-0.028378341,-0.001339875,0.002153067,0.000282012,-0.000694079,-0.680733167,0.000037420,0.673888611,0.000083656,-0.234626346,-0.000255351,0.165610691,0.023688252,-0.000001302,-0.023450075,-0.000002911,0.008164562,0.000008886,-0.005762945,-1.361466333,0.000074839,1.347777221,0.000167311,-0.469252691,-0.000510703,0.331221381,-0.337602793,-0.056710084,0.286224432,0.011668862,0.402894951,0.335956056,0.033701608
14.601000000,0,14.601000000,sample,0.216533674,-0.000000305,0.216035600,0.216032786,0.000002814,2.814390908,0.000017590,1,1,2.000000000,0.080000000,2.000000000,0.040599815,0.020299908,0.020299908,0.041073347,0.041073347,-0.041073347,0.022378036,0.021198795,0.957597217,1,63.191131115,1,46.339706928,0.266825856,0.206746783,0.285677098,0.208489618,1.988530711,0.355369762,0.487952756,0.228772421,0.446749487,2.000000000,2.049299879,2.000000000,0.000000000,0.000000000,0.000000000,1.000000000,0.920153166,0.715369199,0.667706642,0.291027576,0.996094966,0.847963179,0.719383788,1,0,0,0.000000000,0.051913117,-0.211681971,0.153921437,-0.123321215,-0.016243704,0.165143127,0.296890057,12.122277822,0.014049025,-130.918512053,-0.109562934,142.886479273,44.879997912,-0.016851527,0.000491405,0.012776988,-0.000680660,-0.000116117,-0.000340210,0.001153066,-0.680732744,0.000053538,0.673888041,0.000084098,-0.234628243,-0.000256701,0.165612048,-0.013818812,0.000001087,0.013679865,0.000001707,-0.004762932,-0.000005211,0.003361909,-1.361465489,0.000107076,1.347776082,0.000168195,-0.469256486,-0.000513402,0.331224097,-0.229584266,-0.060095154,0.332372645,0.015706277,0.404082969,0.338146814,0.034164630
14.651000000,0,14.651000000,sample,0.216533793,0.000002380,0.216033165,0.216035437,0.000002273,2.272739611,0.000014205,1,1,2.000000000,0.080000000,2.000000000,-0.061077244,0.030538622,-0.030538622,0.044631664,0.044631664,-0.044631664,0.026738571,0.031419089,0.971976679,1,52.114537357,1,46.339833702,0.289518934,0.206072362,0.296403220,0.208425119,0.584527025,0.345180143,0.589147206,0.227552563,0.457310978,2.000000000,2.051642393,2.000000000,0.000000000,0.000000000,0.000000000,1.000000000,0.954581886,0.679079517,0.670246103,-0.277042515,1.044905120,0.889304211,0.735326318,1,0,0,0.000000000,0.052040633,-0.240621926,0.152361656,-0.124759507,-0.016095195,0.163223247,0.292321295,12.122045282,0.021409155,-130.918605902,-0.109738857,142.886499660,44.880846238,-0.022681566,0.000056468,0.021518525,-0.000915214,-0.000477977,0.000024639,0.002930692,0.680733676,-0.000071930,-0.673889183,-0.000084231,0.234624228,0.000257109,-0.165609255,-0.020788668,0.000002197,0.020579647,0.000002572,-0.007165101,-0.000007852,0.005057478,1.361467351,-0.000143860,-1.347778366,-0.000168462,0.469248457,0.000514218,-0.331218510,-0.150417273,-0.053007840,0.389845070,0.001824438,0.396385109,0.337296952,0.030360426
14.701000000,0,14.701000000,sample,0.216533960,0.000003340,0.216032810,0.216036116,0.000003306,3.305797362,0.000020661,1,1,2.000000000,0.080000000,2.000000000,0.017972389,0.008986194,0.008986194,0.047358046,0.047358046,-0.047358046,0.027596777,0.009220301,0.974609624,1,42.485744855,1,46.339883437,0.315275366,0.203936292,0.321020163,0.206170467,0.851998528,0.106293028,0.647720862,0.169810240,0.471627797,2.000000000,2.054858626,2.000000000,0.000000000,0.000000000,0.000000000,1.000000000,0.920301779,0.713410483,0.660867802,-0.299025204,1.039418662,0.934837595,0.783455642,1,0,0,0.000000000,0.053002563,-0.270757251,0.152577179,-0.125659062,-0.016147918,0.159809436,0.294081092,12.121974725,0.022727247,-130.918740666,-0.108707065,142.886522321,44.879656529,0.006009893,-0.000251523,-0.005986954,-0.001653888,0.001801490,0.000154945,-0.002642640,0.680734041,-0.000075044,-0.673889382,-0.000083439,0.234623112,0.000254690,-0.165608528,0.006117208,-0.000000674,-0.006055701,-0.000000750,0.002108369,0.000002289,-0.001488190,1.361468082,-0.000150088,-1.347778764,-0.000166878,0.469246223,0.000509380,-0.331217056,-0.255781068,-0.057882967,0.314345629,0.009562163,0.392446243,0.337716690,0.031632792
14.751000000,0,14.751000000,sample,0.216533671,-0.000005782,0.216038515,0.216029874,0.000008641,8.641316824,0.000054008,1,1,2.000000000,0.080000000,2.000000000,-0.053707544,0.026853772,-0.026853772,0.043934019,0.043934019,-0.043934019,0.026676380,0.031002682,0.866175779,1,54.242083496,1,46.339655680,0.317070609,0.199777871,0.334481242,0.203681556,0.923601087,0.712773381,0.659529218,0.076262852,0.459482851,2.000000000,2.052124403,2.000000000,0.000000000,0.000000000,0.000000000,1.000000000,0.934884477,0.821541076,0.702108478,0.317475000,0.995156479,0.843139990,0.716627950,1,0,0,0.000000000,0.052482545,-0.271678626,0.154822731,-0.121785785,-0.016322310,0.157521435,0.312182618,12.122375885,0.005585401,-130.918515922,-0.109162130,142.886501520,44.879073264,0.022833235,-0.000683018,-0.019563905,0.000181186,-0.007479159,-0.000337780,0.000715555,-0.680732368,0.000032354,0.673887467,0.000083791,-0.234630076,-0.000255764,0.165613341,0.018280232,-0.000000869,-0.018096421,-0.000002250,0.006300703,0.000006868,-0.004447343,-1.361464736,0.000064708,1.347774934,0.000167581,-0.469260153,-0.000511528,0.331226681,-0.409831820,-0.064276140,0.192084710,0.020782905,0.409849371,0.338430712,0.031975814
14.801000000,0,14.801000000,sample,0.216533553,-0.000002355,0.216036750,0.216031387,0.000005363,5.363485246,0.000033522,1,1,2.000000000,0.080000000,2.000000000,0.032315360,0.016157680,0.016157680,0.041483515,0.041483515,-0.041483515,0.027222848,0.017232630,0.937621258,1,65.063479176,1,46.339756728,0.317990411,0.200246670,0.325082646,0.204991878,1.766380787,0.312427074,0.576425062,0.217828619,0.439903633,2.000000000,2.047814915,2.000000000,0.000000000,0.000000000,0.000000000,1.000000000,0.950249880,0.742254118,0.659132273,0.279909267,0.966414980,0.818895414,0.699075263,1,0,0,0.000000000,0.050750720,-0.274729513,0.151874819,-0.122625090,-0.015941926,0.157504511,0.307544722,12.122141344,0.010354564,-130.918411173,-0.109435365,142.886548036,44.879300169,-0.013900173,0.000799312,0.010125823,-0.000042743,0.000700541,0.000193635,0.000217839,-0.680733110,0.000044298,0.673888813,0.000083999,-0.234626085,-0.000256399,0.165610464,-0.010999068,0.000000716,0.010888480,0.000001357,-0.003791013,-0.000004143,0.002675881,-1.361466220,0.000088597,1.347777626,0.000167998,-0.469252170,-0.000512799,0.331220929,-0.263275230,-0.043244399,0.284383396,0.006354144,0.409917785,0.336594646,0.032071657
14.851000000,0,14.851000000,sample,0.216533498,-0.000001105,0.216032072,0.216035944,0.000003872,3.872306863,0.000024202,1,1,2.000000000,0.080000000,2.000000000,-0.061198559,0.030599279,-0.030599279,0.037444473,0.037444473,-0.037444473,0.026284421,0.031655007,0.966648964,1,60.208974559,1,46.339846126,0.328823590,0.202151262,0.332018230,0.204866721,2.089537124,0.428418525,0.562285438,0.235144218,0.426656658,2.000000000,2.045022306,2.000000000,0.000000000,0.000000000,0.000000000,1.000000000,0.986335274,0.718513364,0.647598597,-0.277726984,1.061701731,0.926609201,0.772061101,1,0,0,0.000000000,0.050347485,-0.288145467,0.150207436,-0.125445731,-0.015853387,0.157724986,0.295054410,12.121974743,0.023656436,-130.918370248,-0.109387617,142.886446771,44.879997833,-0.024562526,-0.000942150,0.019818903,-0.000614255,-0.000833502,0.000244584,0.001978215,0.680733767,-0.000077477,-0.673889913,-0.000083961,0.234622698,0.000256284,-0.165608074,-0.020829963,0.000002371,0.020620546,0.000002569,-0.007179285,-0.000007842,0.005067488,1.361467534,-0.000154954,-1.347779827,-0.000167922,0.469245397,0.000512569,-0.331216148,-0.234932395,-0.028571641,0.305162860,0.005638560,0.395173630,0.336391645,0.029944501
14.901000000,0,14.901000000,sample,0.216533455,-0.000000845,0.216033682,0.216034232,0.000000551,0.550562450,0.000003441,0,0,2.000000000,0.080000000,0.000000000,0.000000000,0.027586249,0.000000000,0.036042746,0.036042746,-0.036042746,0.022568446,0.028764948,0.959023086,1,67.443559646,0,0.000000000,0.344545346,0.198832376,0.344545346,0.201979912,3.947153027,0.730341485,0.851444368,0.093106739,0.632408578,0.000000000,0.632432409,2.000000000,0.000000000,0.000000000,0.000000000,1.000000000,0.939393845,0.767811129,0.677919754,0.000000000,0.984844723,0.794484169,0.682991463,1,0,0,0.000000000,0.048898945,-0.307446003,0.147639236,-0.124609320,-0.015449726,0.154169183,0.302167584,12.121752716,0.018822143,-130.918324991,-0.109100639,142.886583108,44.878599819,0.023622934,-0.000833784,-0.015705273,0.000677420,0.000687707,0.000142276,-0.004590899,0.000000000,0.000000000,0.000000000,0.000000000,0.000000000,0.000000000,0.000000000,0.018778910,-0.000001803,-0.018590125,-0.000002310,0.006472267,0.000007051,-0.004568438,0.000000000,0.000000000,0.000000000,0.000000000,0.000000000,0.000000000,0.000000000,-0.340469066,-0.051531632,0.271184067,0.017100518,0.390361980,0.337593390,0.028556983
14.951000000,0,14.951000000,sample,0.216533424,-0.000000632,0.216038437,0.216029457,0.000008981,8.980636976,0.000056129,1,1,2.000000000,0.080000000,2.000000000,-0.048517207,0.024258603,-0.024258603,0.040008539,0.040008539,-0.040008539,0.026173376,0.026365003,0.920106217,1,51.571729218,1,46.339714665,0.313551357,0.199458029,0.346008823,0.204262377,0.561609427,0.508506941,0.610497783,0.103650687,0.415616706,2.000000000,2.042743439,2.000000000,0.000000000,0.000000000,0.000000000,1.000000000,0.943730899,0.829432245,0.712837732,0.333239013,1.023719008,0.910318421,0.764597437,1,0,0,0.000000000,0.050596363,-0.269437704,0.152176822,-0.121827536,-0.016028950,0.157113429,0.312468343,12.122223678,0.005055552,-130.918319630,-0.108914504,142.886448059,44.878235326,0.018933621,-0.000553013,-0.017804659,0.000645762,-0.003923985,-0.000623050,-0.001765454,-0.680732801,0.000030990,0.673888605,0.000083599,-0.234627096,-0.000255181,0.165611155,0.016513627,-0.000000752,-0.016347596,-0.000002028,0.005691726,0.000006190,-0.004017495,-1.361465602,0.000061980,1.347777210,0.000167199,-0.469254191,-0.000510361,0.331222309,-0.426921765,-0.063670518,0.196680081,0.028604590,0.407111755,0.339708750,0.034325080
15.001000000,0,15.001000000,sample,0.216533525,0.000002030,0.216037433,0.216030646,0.000006787,6.786608230,0.000042416,1,1,2.000000000,0.080000000,2.000000000,0.021032748,0.010516374,0.010516374,0.044395394,0.044395394,-0.044395394,0.026729231,0.011073395,0.949697372,3,63.702041656,1,46.339806106,0.295776873,0.201890420,0.315827174,0.206453385,1.904940264,0.361935510,0.649314060,0.138581953,0.447044943,2.000000000,2.049355080,2.000000000,0.000000000,0.000000000,0.000000000,1.000000000,1.006767838,0.872073366,0.729635157,0.307413388,1.006767838,0.872073366,0.731435733,1,0,0,0.000000000,0.050275643,-0.249364811,0.150908944,-0.122187981,-0.015850885,0.159933075,0.306956082,12.122045802,0.008305913,-130.918392849,-0.109448995,142.886519833,44.879148037,-0.005625925,-0.000755706,0.008838070,0.000674604,-0.003412899,-0.000067349,-0.000423026,-0.680733473,0.000039189,0.673889401,0.000084009,-0.234624258,-0.000256430,0.165609172,-0.007158848,0.000000412,0.007086873,0.000000883,-0.002467396,-0.000002697,0.001741608,-1.361466946,0.000078378,1.347778801,0.000168017,-0.469248516,-0.000512859,0.331218343,-0.477594552,-0.049122039,0.110771764,0.011359632,0.417168162,0.338051980,0.033912976
15.051000000,0,15.051000000,sample,0.216533698,0.000003459,0.216035277,0.216033159,0.000002118,2.117735961,0.000013236,1,1,2.000000000,0.080000000,2.000000000,0.045872095,0.022936048,0.022936048,0.041065208,0.041065208,-0.041065208,0.027786354,0.023751054,0.965685479,1,53.035971329,1,46.339713090,0.284171820,0.205573410,0.299290443,0.206571459,0.308921615,0.322895294,0.559487594,0.224129542,0.425067980,2.000000000,2.044686534,2.000000000,0.000000000,0.000000000,0.000000000,1.000000000,0.958511379,0.704468258,0.658991645,0.269311973,1.012824716,0.869947743,0.731336028,1,0,0,0.000000000,0.052322435,-0.232946893,0.154115967,-0.123756580,-0.016302617,0.163336955,0.298158581,12.122277636,0.014987192,-130.918533894,-0.109165079,142.886446857,44.880059547,-0.017296895,0.000506104,0.016061138,0.000380726,0.000324664,0.000452757,0.002501668,-0.680732790,0.000055812,0.673888061,0.000083792,-0.234628109,-0.000255769,0.165611971,-0.015613320,0.000001280,0.015456329,0.000001922,-0.005381441,-0.000005866,0.003798484,-1.361465579,0.000111623,1.347776122,0.000167584,-0.469256218,-0.000511538,0.331223942,-0.192576286,-0.045421142,0.338720553,0.006053718,0.406053091,0.338293199,0.032118847
15.101000000,0,15.101000000,sample,0.216533838,0.000002789,0.216031514,0.216037188,0.000005674,5.674089733,0.000035463,1,1,2.000000000,0.080000000,2.000000000,-0.033568167,0.016784084,-0.016784084,0.038236734,0.038236734,-0.038236734,0.025020464,0.023339451,0.719129317,1,38.821100857,1,46.339714952,0.300918179,0.205066589,0.303191605,0.207175522,0.995835469,0.729397611,0.552123837,0.126399334,0.424621173,2.000000000,2.044586429,2.000000000,0.000000000,0.000000000,0.000000000,1.000000000,0.943378294,0.728672064,0.655992051,-0.293609669,1.006842368,0.851539652,0.721123311,1,0,0,0.000000000,0.052950923,-0.252625581,0.154687641,-0.125934651,-0.016332118,0.161015625,0.288499095,12.122277822,0.026269110,-130.918641217,-0.109485490,142.886542290,44.879365479,-0.014542014,-0.000924190,0.012576694,-0.000026054,-0.002385322,-0.000054492,-0.012982258,0.680732803,-0.000084014,-0.673887798,-0.000084038,0.234628566,0.000256520,-0.165612326,-0.011425476,0.000001410,0.011310589,0.000001411,-0.003938025,-0.000004305,0.002779651,1.361465607,-0.000168028,-1.347775596,-0.000168076,0.469257132,0.000513039,-0.331224651,-0.289579815,-0.045433187,0.272454285,0.002133154,0.395175970,0.335894333,0.034350976
15.151000000,0,15.151000000,sample,0.216533583,-0.000005091,0.216034584,0.216033600,0.000000984,0.983602548,0.000006148,0,0,2.000000000,0.080000000,0.000000000,0.000000000,0.029731276,0.000000000,0.039819524,0.039819524,-0.039819524,0.023288459,0.031330094,0.948968611,1,58.834172818,0,0.000000000,0.324697893,0.200356172,0.324697893,0.205410990,1.626652285,0.474823255,0.708802672,0.108581372,0.486193104,0.000000000,0.486263899,2.000000000,0.000000000,0.000000000,0.000000000,1.000000000,0.985319385,0.833427817,0.709165814,0.000000000,0.985319385,0.833427817,0.709165814,1,0,0,0.000000000,0.050482444,-0.283306468,0.150391787,-0.124189190,-0.015813120,0.156427573,0.301886225,12.121963095,0.016597808,-130.918433142,-0.109019972,142.886533315,44.878337174,0.024031259,-0.000333621,-0.020016141,0.000595836,-0.001281444,-0.000279824,-0.001113895,0.000000000,0.000000000,0.000000000,0.000000000,0.000000000,0.000000000,0.000000000,0.020239084,-0.000001778,-0.020035603,-0.000002488,0.006975637,0.000007594,-0.004923743,0.000000000,0.000000000,0.000000000,0.000000000,0.000000000,0.000000000,0.000000000,-0.440178259,-0.042688203,0.181296542,0.005409111,0.401188396,0.335293370,0.032642029
15.201000000,0,15.201000000,sample,0.216533624,0.000000811,0.216038366,0.216029933,0.000008433,8.432865836,0.000052705,1,1,2.000000000,0.080000000,2.000000000,-0.017039718,0.008519859,-0.008519859,0.041206242,0.041206242,-0.041206242,0.024106389,0.008865035,0.961063174,1,54.826241349,1,46.339649542,0.321644907,0.199220479,0.333955717,0.203185935,0.355005248,0.090619756,0.651247929,0.161820553,0.451896482,2.000000000,2.050420170,2.000000000,0.000000000,0.000000000,0.000000000,1.000000000,0.958255828,0.842984660,0.714436555,0.326942815,1.000961059,0.886842953,0.749913921,1,0,0,0.000000000,0.052440088,-0.277032449,0.154785354,-0.121776591,-0.016348858,0.156818290,0.312437053,12.122389476,0.005906741,-130.918480789,-0.109289224,142.886454142,44.879040195,0.006564093,-0.000726194,-0.005851997,-0.000413401,0.000186879,-0.000610354,-0.000387234,-0.680732323,0.000033177,0.673887499,0.000083888,-0.234630105,-0.000256062,0.165613354,0.005799743,-0.000000283,-0.005741426,-0.000000715,0.001999015,0.000002182,-0.001411002,-1.361464646,0.000066354,1.347774999,0.000167776,-0.469260211,-0.000512124,0.331226707,-0.438538926,-0.056553208,0.177647214,0.007768907,0.411206202,0.336426883,0.031819183
15.251000000,0,15.251000000,sample,0.216533762,0.000002767,0.216035714,0.216032844,0.000002870,2.870141290,0.000017938,1,1,2.000000000,0.080000000,2.000000000,0.043082021,0.021541011,0.021541011,0.042504766,0.042504766,-0.042504766,0.025960570,0.022343737,0.964073783,3,55.287760267,1,46.339775320,0.308322581,0.202614395,0.322136011,0.204523863,1.443914853,0.214062691,0.684428993,0.200808781,0.484475014,2.000000000,2.057856034,2.000000000,0.000000000,0.000000000,0.000000000,1.000000000,0.970671017,0.819569241,0.690216886,0.288317177,1.028678077,0.895314257,0.750024330,1,0,0,0.000000000,0.052867410,-0.262000640,0.153699431,-0.123442712,-0.016325598,0.159837308,0.302418143,12.122181605,0.013927778,-130.918590860,-0.109316527,142.886386644,44.879904523,-0.014773055,0.000023232,0.016613851,-0.000623152,0.000248940,0.000366177,0.002096295,-0.680733247,0.000053194,0.673888610,0.000083908,-0.234626153,-0.000256122,0.165610629,-0.014663682,0.000001146,0.014516242,0.000001807,-0.005054084,-0.000005517,0.003567420,-1.361466493,0.000106387,1.347777221,0.000167815,-0.469252306,-0.000512244,0.331221258,-0.410301788,-0.048634005,0.148846947,0.008900752,0.411674044,0.336035948,0.032499427
15.301000000,0,15.301000000,sample,0.216533789,0.000000537,0.216032393,0.216036192,0.000003798,3.798258091,0.000023739,1,1,2.000000000,0.080000000,2.000000000,-0.058013236,0.029006618,-0.029006618,0.041211266,0.041211266,-0.041211266,0.027775084,0.030049846,0.965283404,1,52.193298874,1,46.339886957,0.288979660,0.205587557,0.306113524,0.205986966,0.382802436,0.212313274,0.566702112,0.201492197,0.414860777,2.000000000,2.042595089,2.000000000,0.000000000,0.000000000,0.000000000,1.000000000,0.967133059,0.699856160,0.664166004,-0.291977630,0.977255612,0.799808399,0.689533447,1,0,0,0.000000000,0.051580379,-0.240763635,0.151266589,-0.125215600,-0.015962167,0.162272937,0.290032687,12.121934142,0.023610253,-130.918601580,-0.109755155,142.886522374,44.879772581,-0.021709490,-0.001176209,0.020698218,-0.000710180,-0.001176986,-0.000037090,0.000023580,0.680734067,-0.000077424,-0.673889767,-0.000084243,0.234622353,0.000257145,-0.165607925,-0.019745793,0.000002246,0.019547263,0.000002444,-0.006805601,-0.000007459,0.004803726,1.361468133,-0.000154848,-1.347779534,-0.000168486,0.469244706,0.000514290,-0.331215850,-0.196534795,-0.040538931,0.363973447,0.007747553,0.392978525,0.335993442,0.031412441
15.351000000,0,15.351000000,sample,0.216533833,0.000000872,0.216032663,0.216036016,0.000003352,3.352434903,0.000020953,1,1,2.000000000,0.080000000,2.000000000,0.024513797,0.012256898,0.012256898,0.039346279,0.039346279,-0.039346279,0.029016365,0.013108576,0.935028956,3,39.770930545,1,46.339807032,0.299457412,0.204537090,0.300882405,0.206513546,0.844943858,0.120583053,0.582281554,0.171415814,0.430808169,2.000000000,2.045876552,2.000000000,0.000000000,0.000000000,0.000000000,1.000000000,0.953549240,0.681436675,0.699301921,-0.320121478,1.011410185,0.890519159,0.752325338,1,0,0,0.000000000,0.052139373,-0.252211088,0.152793306,-0.125488429,-0.016089185,0.160714696,0.291987811,12.122086348,0.022849393,-130.918632454,-0.109038219,142.886583116,44.878852643,0.006918203,0.000101749,-0.008266818,-0.000761808,0.004026792,0.000148291,-0.006229382,0.680733480,-0.000075405,-0.673888806,-0.000083694,0.234625331,0.000255468,-0.165610031,0.008343681,-0.000000924,-0.008259787,-0.000001026,0.002875779,0.000003131,-0.002029865,1.361466959,-0.000150811,-1.347777613,-0.000167387,0.469250662,0.000510936,-0.331220062,-0.150625434,-0.056472775,0.449244722,0.008476654,0.384609471,0.335191237,0.031236135
15.401000000,0,15.401000000,sample,0.216533392,-0.000008818,0.216037575,0.216030254,0.000007321,7.321346132,0.000045758,1,1,2.000000000,0.080000000,2.000000000,-0.064484975,0.032242487,-0.032242487,0.036685601,0.036685601,-0.036685601,0.023363078,0.034657756,0.930310879,1,53.963899507,1,46.339803714,0.302140314,0.201144669,0.309893563,0.204896057,0.753761190,0.645067979,0.610928434,0.085735618,0.420989401,2.000000000,2.043853628,2.000000000,0.000000000,0.000000000,0.000000000,1.000000000,0.940001792,0.812617134,0.698972368,0.329435754,1.031446486,0.925140051,0.769039620,1,0,0,0.000000000,0.050717464,-0.256675409,0.151110034,-0.122294602,-0.016076581,0.158885971,0.308583974,12.122086385,0.007456431,-130.918305179,-0.108974291,142.886249646,44.878518427,0.025459631,-0.000639411,-0.023018236,0.000533753,-0.004147348,-0.000411074,-0.002250522,-0.680733455,0.000036990,0.673889656,0.000083644,-0.234623799,-0.000255318,0.165608859,0.021948540,-0.000001193,-0.021727879,-0.000002697,0.007564855,0.000008232,-0.005339642,-1.361466911,0.000073979,1.347779312,0.000167288,-0.469247598,-0.000510636,0.331217718,-0.384397493,-0.056734884,0.234808773,0.027046352,0.408142129,0.337760763,0.032451447
15.451000000,0,15.451000000,sample,0.216533557,0.000003309,0.216036364,0.216031788,0.000004576,4.575519625,0.000028597,1,1,2.000000000,0.080000000,2.000000000,0.035937760,0.017968880,0.017968880,0.046396028,0.046396028,-0.046396028,0.027284200,0.018667453,0.962578007,1,56.068713442,1,46.339686165,0.291884871,0.203784324,0.313375848,0.204960525,0.827831916,0.228029665,0.576971225,0.209092851,0.443813845,2.000000000,2.048660602,2.000000000,0.000000000,0.000000000,0.000000000,1.000000000,0.931375950,0.766955762,0.666014029,0.285894277,1.017488000,0.838245427,0.711734979,1,0,0,0.000000000,0.050868733,-0.243280352,0.153048425,-0.122911024,-0.016037684,0.161752044,0.302969419,12.122273310,0.011475751,-130.918411165,-0.109348238,142.886580840,44.879998979,-0.013978011,0.000533053,0.012315285,-0.000542808,-0.000010418,0.000030591,0.000918129,-0.680732592,0.000047082,0.673888039,0.000083933,-0.234628574,-0.000256198,0.165612215,-0.012232002,0.000000846,0.012109013,0.000001508,-0.004216013,-0.000004604,0.002975866,-1.361465184,0.000094163,1.347776079,0.000167866,-0.469257149,-0.000512396,0.331224431,-0.305262274,-0.051059099,0.252265915,0.008106592,0.413162093,0.335290751,0.030919048
15.501000000,0,15.501000000,sample,0.216533536,-0.000000427,0.216034477,0.216033607,0.000000870,0.869847748,0.000005437,0,0,2.000000000,0.080000000,0.000000000,0.000000000,0.026524483,0.000000000,0.041841132,0.041841132,-0.041841132,0.027927068,0.027439681,0.966646941,3,54.485341774,0,0.000000000,0.274304641,0.206339963,0.300298148,0.206595791,1.416575051,0.228887444,0.611103221,0.193004571,0.442419045,0.000000000,0.442509400,2.000000000,0.000000000,0.000000000,0.000000000,1.000000000,1.028554138,0.679182797,0.688481012,0.000000000,1.039710874,0.909433534,0.766463848,1,0,0,0.000000000,0.049683970,-0.224702533,0.149275956,-0.123968730,-0.015697088,0.164199682,0.295364387,12.121863935,0.016835134,-130.918396770,-0.109464213,142.886501833,44.880174588,-0.018481381,0.000009651,0.020254377,-0.000254791,-0.000759961,0.000032087,0.000700884,0.000000000,0.000000000,0.000000000,0.000000000,0.000000000,0.000000000,0.000000000,-0.018056122,0.000001604,0.017874595,0.000002229,-0.006223200,-0.000006803,0.004392636,0.000000000,0.000000000,0.000000000,0.000000000,0.000000000,0.000000000,0.000000000,-0.091403070,-0.031092071,0.436816948,-0.001294133,0.399721019,0.336423505,0.030273366
15.552000000,0,15.552000000,sample,0.216533713,0.000003473,0.216031353,0.216037079,0.000005725,5.725348621,0.000035783,1,1,2.000000000,0.080000000,2.000000000,-0.036924386,0.018462193,-0.018462193,0.040919326,0.040919326,-0.040919326,0.027842302,0.023990868,0.769550840,1,46.620642469,1,46.339849546,0.283062635,0.206597925,0.301840412,0.207983053,0.682256337,0.406592452,0.537986020,0.176438739,0.402319319,2.000000000,2.040073678,2.000000000,0.000000000,0.000000000,0.000000000,1.000000000,1.032833718,0.665097656,0.702563295,-0.285150888,1.032833718,0.891516772,0.753254252,1,0,0,0.000000000,0.050739757,-0.233988214,0.150994861,-0.125821416,-0.015835265,0.163097879,0.286395022,12.121970232,0.026381388,-130.918533725,-0.109717926,142.886620667,44.879639786,-0.016380800,0.000171778,0.014175762,0.000088447,0.002505364,0.000497283,-0.009985864,0.680733792,-0.000084332,-0.673889506,-0.000084215,0.234623408,0.000257058,-0.165608618,-0.012567839,0.000001557,0.012441478,0.000001555,-0.004331663,-0.000004746,0.003057498,1.361467584,-0.000168663,-1.347779012,-0.000168430,0.469246816,0.000514117,-0.331217237,-0.080062577,-0.034382662,0.470007436,-0.005551643,0.389232895,0.335451043,0.032179808
15.601000000,0,15.601000000,sample,0.216533273,-0.000008984,0.216033011,0.216034551,0.000001540,1.539686203,0.000009623,1,1,2.000000000,0.080000000,2.000000000,0.040373664,0.020186832,0.020186832,0.042409767,0.042409767,-0.042409767,0.027930701,0.020958357,0.963187690,1,50.823187816,1,46.339864532,0.294786912,0.204547750,0.306752529,0.206711339,0.442621178,0.184378953,0.571007042,0.157496623,0.387599724,2.000000000,2.037221060,2.000000000,0.000000000,0.000000000,0.000000000,1.000000000,0.975019733,0.711607530,0.682721253,-0.317419266,1.047497228,0.914024044,0.773167047,1,0,0,0.000000000,0.047957499,-0.250469137,0.147866876,-0.125062632,-0.015468804,0.161120565,0.294547217,12.121874465,0.020202636,-130.918179804,-0.108827996,142.886535570,44.879062733,0.014941293,-0.000205639,-0.014671862,0.000546937,0.000142039,-0.000232479,-0.000575598,0.680733902,-0.000068765,-0.673890560,-0.000083531,0.234621250,0.000254971,-0.165606946,0.013741861,-0.000001388,-0.013603715,-0.000001686,0.004736260,0.000005147,-0.003343080,1.361467804,-0.000137530,-1.347781119,-0.000167062,0.469242501,0.000509942,-0.331213892,-0.212470549,-0.038200828,0.385526997,-0.001790915,0.394457849,0.337821562,0.033920447
15.651000000,0,15.651000000,sample,0.216533395,0.000002450,0.216037950,0.216029881,0.000008069,8.069285797,0.000050433,1,1,2.000000000,0.080000000,2.000000000,-0.033802754,0.016901377,-0.016901377,0.037868312,0.037868312,-0.037868312,0.023514227,0.017993919,0.939282709,1,54.098211935,1,46.339724397,0.312731542,0.199967120,0.318982277,0.204404653,0.224723783,0.270987638,0.635185186,0.137547386,0.436812508,2.000000000,2.047152810,2.000000000,0.000000000,0.000000000,0.000000000,1.000000000,0.956263204,0.843299358,0.714369733,0.321403956,0.981747111,0.850007084,0.716273908,1,0,0,0.000000000,0.049956249,-0.268997266,0.151478914,-0.121976112,-0.015885672,0.157658880,0.311029823,12.122182110,0.006406084,-130.918289188,-0.109138323,142.886519055,44.878841779,0.013234795,0.000024630,-0.012079754,0.000093198,-0.001498558,-0.000238738,-0.000623617,-0.680732873,0.000034397,0.673888769,0.000083771,-0.234626655,-0.000255704,0.165610815,0.011505323,-0.000000581,-0.011389648,-0.000001416,0.003965514,0.000004322,-0.002799051,-1.361465745,0.000068794,1.347777539,0.000167542,-0.469253309,-0.000511408,0.331221630,-0.429653437,-0.060412710,0.179728482,0.019035138,0.415233325,0.340524608,0.032124077
15.701000000,0,15.701000000,sample,0.216533563,0.000003347,0.216035852,0.216032297,0.000003555,3.554978985,0.000022219,1,1,2.000000000,0.080000000,2.000000000,0.041357914,0.020678957,0.020678957,0.038608087,0.038608087,-0.038608087,0.028006129,0.021767391,0.949997043,3,54.552483152,1,46.339797083,0.299735006,0.202803078,0.313531278,0.204916875,1.241115615,0.221625240,0.659648556,0.185395793,0.474819599,2.000000000,2.055604466,2.000000000,0.000000000,0.000000000,0.000000000,1.000000000,0.956778959,0.763465366,0.664588770,0.285110248,1.021279350,0.864589686,0.729102964,1,0,0,0.000000000,0.050355464,-0.253910896,0.151111409,-0.123201365,-0.015846261,0.160310349,0.302572835,12.122058804,0.012952469,-130.918415552,-0.109384519,142.886566031,44.879633698,-0.014644280,0.000269185,0.016077320,-0.000536536,0.000038711,0.000199135,-0.000694771,-0.680733407,0.000050771,0.673889236,0.000083959,-0.234624699,-0.000256279,0.165609485,-0.014076857,0.000001050,0.013935327,0.000001736,-0.004851794,-0.000005300,0.003424631,-1.361466813,0.000101542,1.347778473,0.000167919,-0.469249399,-0.000512557,0.331218970,-0.306698207,-0.042536108,0.248420610,0.004804379,0.410788596,0.338026443,0.032559085
15.751000000,0,15.751000000,sample,0.216533828,0.000005302,0.216031812,0.216036865,0.000005053,5.052785108,0.000031580,1,1,2.000000000,0.080000000,2.000000000,-0.047720223,0.023860111,-0.023860111,0.037801039,0.037801039,-0.037801039,0.027092178,0.027909974,0.854895508,3,50.565830884,1,46.339710682,0.301480642,0.205747788,0.301480642,0.206312833,2.718894232,0.660142001,0.737318515,0.268596109,0.569390789,2.000000000,2.079494801,2.000000000,0.000000000,0.000000000,0.000000000,1.000000000,0.985505860,0.755292978,0.659156473,-0.292105526,1.024891895,0.875823121,0.732343359,1,0,0,0.000000000,0.052468066,-0.253615943,0.154326385,-0.125763531,-0.016212379,0.162027297,0.289545467,12.122264288,0.025368303,-130.918625883,-0.109452126,142.886629736,44.880516352,-0.017664589,0.001872822,0.019846686,-0.001307096,0.007980016,0.000306455,0.002011830,0.680732772,-0.000081761,-0.673887768,-0.000084013,0.234628696,0.000256441,-0.165612394,-0.016242360,0.000001951,0.016079037,0.000002005,-0.005598267,-0.000006119,0.003951530,1.361465544,-0.000163522,-1.347775536,-0.000168025,0.469257393,0.000512883,-0.331224787,-0.309073996,-0.029187141,0.252427697,0.004006250,0.399711419,0.336914693,0.033047097
15.801000000,0,15.801000000,sample,0.216533426,-0.000008023,0.216034169,0.216033726,0.000000444,0.443760618,0.000002774,0,0,2.000000000,0.080000000,0.000000000,0.000000000,0.028742119,0.000000000,0.035509662,0.035509662,-0.035509662,0.020399499,0.029465317,0.975455958,1,50.053575191,0,0.000000000,0.307066888,0.202718856,0.310463240,0.205530016,0.468697559,0.179097187,0.610470701,0.167960004,0.428533162,0.000000000,0.428636859,2.000000000,0.000000000,0.000000000,0.000000000,1.000000000,0.990157791,0.848881956,0.723170144,0.000000000,1.003469856,0.858531099,0.731657385,1,0,0,0.000000000,0.050771660,-0.262053803,0.151789711,-0.124303647,-0.016090947,0.159325514,0.298774444,12.122164067,0.017388941,-130.918319776,-0.109100191,142.886340017,44.878960452,0.020846285,0.000662108,-0.020687289,0.000025315,0.002223866,0.000045327,-0.000535477,0.000000000,0.000000000,0.000000000,0.000000000,0.000000000,0.000000000,0.000000000,0.019565712,-0.000001776,-0.019369000,-0.000002407,0.006743636,0.000007347,-0.004759985,0.000000000,0.000000000,0.000000000,0.000000000,0.000000000,0.000000000,0.000000000,-0.471765954,-0.050913124,0.144537030,0.006522557,0.402411108,0.337395218,0.033407582
15.851000000,0,15.851000000,sample,0.216533553,0.000002525,0.216037989,0.216030152,0.000007837,7.837464893,0.000048984,1,1,2.000000000,0.080000000,2.000000000,-0.005772359,0.002886179,-0.002886179,0.040195380,0.040195380,-0.040195380,0.024218896,0.005430301,0.531495342,3,46.622075188,1,46.339737697,0.307048379,0.200055928,0.311214502,0.204918555,1.355688412,0.197258673,0.546447143,0.181108286,0.376095979,2.000000000,2.035055615,2.000000000,0.000000000,0.000000000,0.000000000,1.000000000,0.918863497,0.757367239,0.677826618,0.312717147,0.979065362,0.841729230,0.718200030,1,0,0,0.000000000,0.050874190,-0.261719121,0.152294535,-0.122036914,-0.015992849,0.157713648,0.309894309,12.122182051,0.006743229,-130.918415496,-0.109157074,142.886539311,44.878105562,0.001925418,-0.001009486,-0.003707829,0.000265601,-0.002177472,-0.000067155,0.002489465,-0.680732970,0.000035241,0.673888597,0.000083785,-0.234626770,-0.000255748,0.165610952,0.001964718,-0.000000102,-0.001944963,-0.000000242,0.000677175,0.000000738,-0.000477983,-1.361465941,0.000070483,1.347777193,0.000167571,-0.469253541,-0.000511496,0.331221905,-0.295253180,-0.058990706,0.299352723,0.013497624,0.404347272,0.338537941,0.029928030
15.901000000,0,15.901000000,sample,0.216533428,-0.000002493,0.216034388,0.216033521,0.000000867,0.867009021,0.000005419,0,0,2.000000000,0.080000000,0.000000000,0.000000000,0.022952526,0.000000000,0.036126331,0.036126331,-0.036126331,0.022884633,0.023926678,0.959285927,1,52.572908350,0,0.000000000,0.323221013,0.201418589,0.327273955,0.203318682,0.436170958,0.277472495,0.652831851,0.213786813,0.468730782,0.000000000,0.468801656,2.000000000,0.000000000,0.000000000,0.000000000,1.000000000,0.963404706,0.766566281,0.661481491,0.000000000,1.012793409,0.844843869,0.715045185,1,0,0,0.000000000,0.050908883,-0.279399030,0.154325276,-0.124117591,-0.016173954,0.157805814,0.301276901,12.122485185,0.016795746,-130.918304575,-0.109199718,142.886562797,44.879442883,-0.017348559,0.001176633,0.016365399,0.000477926,0.000464892,0.000196438,0.001348909,0.000000000,0.000000000,0.000000000,0.000000000,0.000000000,0.000000000,0.000000000,-0.015624512,0.000001385,0.015467409,0.000001924,-0.005385403,-0.000005872,0.003801277,0.000000000,0.000000000,0.000000000,0.000000000,0.000000000,0.000000000,0.000000000,-0.314592338,-0.039606819,0.240130606,0.000711744,0.405841925,0.337394757,0.028541526
15.951000000,0,15.951000000,sample,0.216533569,0.000002820,0.216031257,0.216036886,0.000005629,5.628849053,0.000035180,1,1,2.000000000,0.080000000,2.000000000,-0.015210234,0.007605117,-0.007605117,0.035579420,0.035579420,-0.035579420,0.024205072,0.008431181,0.902022765,3,65.789093254,1,46.339913907,0.320446934,0.203064461,0.326775505,0.203093581,1.379704826,0.131329242,0.705270586,0.185474232,0.491332644,2.000000000,2.059469603,2.000000000,0.000000000,0.000000000,0.000000000,1.000000000,1.029660508,0.815771261,0.687733443,-0.311643422,1.029660508,0.848266181,0.715717700,1,0,0,0.000000000,0.049976924,-0.279193282,0.149129661,-0.126100850,-0.015682623,0.158391307,0.291451542,12.121834893,0.026152603,-130.918423079,-0.109175056,142.886534814,44.879332326,-0.004717161,0.000495398,0.006838571,0.000284204,0.001216801,-0.000277727,0.000428039,0.680734265,-0.000083668,-0.673890497,-0.000083797,0.234620609,0.000255784,-0.165606608,-0.005177064,0.000000636,0.005125016,0.000000637,-0.001784317,-0.000001945,0.001259458,1.361468529,-0.000167336,-1.347780995,-0.000167594,0.469241219,0.000511567,-0.331213216,-0.410501165,-0.021038404,0.178644152,-0.002250160,0.396895604,0.337133061,0.030329026
16.001000000,0,16.001000000,sample,0.216533513,-0.000001118,0.216035095,0.216032977,0.000002118,2.118287862,0.000013239,1,1,2.000000000,0.080000000,2.000000000,-0.070534538,0.035267269,-0.035267269,0.037850775,0.037850775,-0.037850775,0.026652924,0.036474983,0.966889265,1,56.133646764,1,46.339624594,0.316661549,0.200612472,0.321872594,0.204245465,1.540954555,0.421468964,0.708874868,0.119950883,0.509878839,2.000000000,2.064002962,2.000000000,0.000000000,0.000000000,0.000000000,1.000000000,0.988917555,0.832155794,0.705923231,0.339929114,1.024943027,0.832155794,0.705923231,1,0,0,0.000000000,0.051149483,-0.271975467,0.153907804,-0.123846283,-0.016149815,0.156992502,0.302377225,12.122389315,0.014962383,-130.918374627,-0.109018041,142.886562037,44.877792220,0.027327929,0.001014650,-0.024024216,-0.000864281,0.000569382,0.000326390,-0.002058755,-0.680732140,0.000055725,0.673887466,0.000083680,-0.234630554,-0.000255426,0.165613600,0.024007563,-0.000001965,-0.023766171,-0.000002951,0.008274779,0.000009008,-0.005840739,-1.361464279,0.000111451,1.347774933,0.000167360,-0.469261109,-0.000510853,0.331227199,-0.423563027,-0.038994739,0.208858972,0.005206304,0.399514489,0.336665452,0.028226798
16.051000000,0,16.051000000,sample,0.216533269,-0.000004878,0.216037564,0.216030024,0.000007541,7.540506360,0.000047128,1,1,2.000000000,0.080000000,2.000000000,-0.015506927,0.007753464,-0.007753464,0.041207953,0.041207953,-0.041207953,0.025118372,0.008323155,0.931553407,1,73.945025297,1,46.339660689,0.304097978,0.201075366,0.315537081,0.204905693,1.596874102,0.235849293,0.672871703,0.146715902,0.462512687,2.000000000,2.052781645,2.000000000,0.000000000,0.000000000,0.000000000,1.000000000,0.965823303,0.846018518,0.712188770,0.322976646,1.022063629,0.905893693,0.750741665,1,0,0,0.000000000,0.049262000,-0.258954038,0.151629951,-0.122026771,-0.015853769,0.159026500,0.309135337,12.122277822,0.007199910,-130.918184172,-0.109330265,142.886540070,44.879244488,0.007157189,0.000496664,-0.004025644,0.000885268,0.000093220,-0.000139461,-0.000886135,-0.680732405,0.000036410,0.673888333,0.000083919,-0.234628422,-0.000256156,0.165612008,0.005278034,-0.000000282,-0.005224969,-0.000000651,0.001819183,0.000001986,-0.001284067,-1.361464810,0.000072820,1.347776666,0.000167838,-0.469256844,-0.000512311,0.331224016,-0.431573800,-0.054038402,0.179756590,0.014992379,0.412879469,0.337806325,0.030281653
16.101000000,0,16.101000000,sample,0.216533767,0.000009947,0.216034750,0.216033822,0.000000928,0.927975648,0.000005800,0,0,2.000000000,0.080000000,0.000000000,0.000000000,0.021873194,0.000000000,0.035458350,0.035458350,-0.035458350,0.022435302,0.023384726,0.935362416,1,67.696948643,0,0.000000000,0.291393294,0.204677640,0.307314511,0.206735801,2.839376367,0.451236439,0.473780401,0.240256040,0.430819120,0.000000000,0.430860561,2.000000000,0.000000000,0.000000000,0.000000000,1.000000000,0.936173148,0.713899953,0.665599318,0.000000000,1.013131131,0.875256397,0.726166703,1,0,0,0.000000000,0.053042316,-0.241241564,0.154593248,-0.124070863,-0.016418777,0.161956109,0.297252521,12.122277822,0.016715133,-130.918592826,-0.109246499,142.886393956,44.879526963,-0.019240521,-0.000735600,0.013215565,-0.000903241,0.000745543,0.000103174,0.000270504,0.000000000,0.000000000,0.000000000,0.000000000,0.000000000,0.000000000,0.000000000,-0.014889802,0.000001315,0.014740084,0.000001834,-0.005132062,-0.000005599,0.003622460,0.000000000,0.000000000,0.000000000,0.000000000,0.000000000,0.000000000,0.000000000,-0.220677209,-0.053593378,0.336540134,0.010147423,0.403114313,0.338444835,0.032303007
16.151000000,0,16.151000000,sample,0.216533571,-0.000003915,0.216031564,0.216036612,0.000005047,5.047224181,0.000031545,1,1,2.000000000,0.080000000,2.000000000,0.006528188,0.003264094,0.003264094,0.039428204,0.039428204,-0.039428204,0.023345018,0.006877750,0.474587489,7,58.562262165,1,46.339690796,0.303458496,0.205272380,0.305700833,0.206069131,2.232848051,0.058504740,0.514989132,0.187099993,0.387171782,2.000000000,2.037130610,2.000000000,0.000000000,0.000000000,0.000000000,1.000000000,0.939736243,0.747261418,0.669926010,-0.311824342,0.976017448,0.832797671,0.701767345,1,0,0,0.000000000,0.051283754,-0.256837361,0.153269714,-0.126103375,-0.016137188,0.161165381,0.289940060,12.122277766,0.025261733,-130.918425076,-0.108854782,142.886522052,44.879467507,-0.000747127,0.000743492,-0.003499056,0.000940792,0.002315175,-0.000044522,-0.005263266,0.680732626,-0.000081394,-0.673888073,-0.000083554,0.234628430,0.000255042,-0.165612132,0.002221975,-0.000000266,-0.002199634,-0.000000273,0.000765849,0.000000832,-0.000540574,1.361465252,-0.000162789,-1.347776146,-0.000167108,0.469256859,0.000510084,-0.331224264,-0.320861409,-0.051210960,0.267449794,0.012840817,0.394217667,0.338992946,0.034758994
16.201000000,0,16.201000000,sample,0.216533691,0.000002393,0.216036382,0.216032034,0.000004348,4.347944894,0.000027175,1,1,2.000000000,0.080000000,2.000000000,-0.076764668,0.038382334,-0.038382334,0.041271935,0.041271935,-0.041271935,0.024463714,0.039357515,0.975222499,1,50.962954519,1,46.339699037,0.313845032,0.200234152,0.315380951,0.205056075,0.486192806,0.597162251,0.626348389,0.093028649,0.438939884,2.000000000,2.047631888,2.000000000,0.000000000,0.000000000,0.000000000,1.000000000,0.935640041,0.785660276,0.689539673,0.326183937,0.992218138,0.797361021,0.694381502,1,0,0,0.000000000,0.051961658,-0.268573380,0.153840924,-0.123230466,-0.016175178,0.156991502,0.305383189,12.122277245,0.011731972,-130.918520628,-0.108914697,142.886566774,44.877556124,0.028096677,-0.000189016,-0.026546538,0.000405761,0.000636909,0.000509049,-0.007348936,-0.680732686,0.000047648,0.673887911,0.000083600,-0.234628612,-0.000255182,0.165612297,0.026128109,-0.000001829,-0.025865391,-0.000003209,0.009005594,0.000009794,-0.006356586,-1.361465373,0.000095295,1.347775822,0.000167200,-0.469257225,-0.000510365,0.331224595,-0.352564337,-0.055395828,0.260665297,0.017443484,0.404458916,0.339338782,0.033258914
16.251000000,0,16.251000000,sample,0.216533835,0.000002891,0.216037447,0.216031266,0.000006182,6.181550914,0.000038635,1,1,2.000000000,0.080000000,2.000000000,0.014169023,0.007084511,0.007084511,0.041889130,0.041889130,-0.041889130,0.025007461,0.007726903,0.916863019,1,77.047488763,1,46.339664567,0.317209593,0.199964564,0.326055872,0.203162340,2.025423432,0.124866586,0.566523582,0.185154056,0.428883184,2.000000000,2.045468971,2.000000000,0.000000000,0.000000000,0.000000000,1.000000000,0.923106046,0.782487882,0.676347656,0.291588877,0.995333716,0.859655409,0.727425710,1,0,0,0.000000000,0.053582324,-0.271055607,0.155819507,-0.122398469,-0.016471175,0.157267740,0.308388003,12.122389482,0.009168578,-130.918645534,-0.109394481,142.886500678,44.878713822,-0.006782420,0.000459871,0.003126417,-0.000295348,-0.001831771,-0.000317070,-0.000417957,-0.680732433,0.000041333,0.673887245,0.000083969,-0.234630346,-0.000256309,0.165613593,-0.004822657,0.000000293,0.004774162,0.000000595,-0.001662241,-0.000001816,0.001173291,-1.361464866,0.000082667,1.347774489,0.000167938,-0.469260693,-0.000512617,0.331227185,-0.336287687,-0.060238879,0.229870310,0.010816814,0.414796160,0.338732000,0.031231972
16.301000000,0,16.301000000,sample,0.216533545,-0.000005807,0.216033297,0.216034813,0.000001516,1.516347253,0.000009477,1,1,2.000000000,0.080000000,2.000000000,-0.045758172,0.022879086,-0.022879086,0.037339782,0.037339782,-0.037339782,0.023301318,0.023552812,0.971395078,1,52.779528229,1,46.339773200,0.320992662,0.202474359,0.332627259,0.203251078,0.563541191,0.182579605,0.622360940,0.197535106,0.427386481,2.000000000,2.045167010,2.000000000,0.000000000,0.000000000,0.000000000,1.000000000,0.972584394,0.759517021,0.655409176,-0.279862483,0.992988912,0.856875308,0.722988483,1,0,0,0.000000000,0.050166813,-0.278711783,0.151126841,-0.124708026,-0.015800660,0.158726536,0.297589657,12.122086404,0.020268682,-130.918394220,-0.109431532,142.886628911,44.880257667,-0.017111005,-0.000330379,0.016119947,0.000508393,-0.001078377,0.000287645,0.000694644,0.680733231,-0.000069033,-0.673889017,-0.000083996,0.234625467,0.000256389,-0.165610004,-0.015574554,0.000001579,0.015417965,0.000001922,-0.005368016,-0.000005866,0.003789006,1.361466462,-0.000138066,-1.347778034,-0.000167991,0.469250933,0.000512779,-0.331220008,-0.306220908,-0.033637559,0.239462285,0.003742892,0.404708526,0.335518202,0.030672595
16.351000000,0,16.351000000,sample,0.216533661,0.000002316,0.216033078,0.216035266,0.000002188,2.187972108,0.000013675,1,1,2.000000000,0.080000000,2.000000000,0.025786462,0.012893231,0.012893231,0.038303780,0.038303780,-0.038303780,0.021636218,0.013212955,0.975802213,1,51.115878984,1,46.339739060,0.316831960,0.202651887,0.329164993,0.203880215,0.179196508,0.183527569,0.632689659,0.151618590,0.432981237,2.000000000,2.046335267,2.000000000,0.000000000,0.000000000,0.000000000,1.000000000,0.984357541,0.834246948,0.710006912,-0.319265444,0.991962420,0.839425524,0.710006912,1,0,0,0.000000000,0.051180370,-0.272908818,0.152590424,-0.125175178,-0.015988715,0.158566462,0.295981334,12.122176079,0.021160142,-130.918488619,-0.108969443,142.886629662,44.878991476,0.009446651,-0.000488340,-0.008926821,-0.000365102,0.000339437,0.000505209,-0.002216440,0.680732980,-0.000071180,-0.673888412,-0.000083642,0.234627091,0.000255309,-0.165611196,0.008776848,-0.000000918,-0.008688599,-0.000001078,0.003025101,0.000003292,-0.002135263,1.361465961,-0.000142359,-1.347776825,-0.000167283,0.469254182,0.000510617,-0.331222392,-0.452194536,-0.049868644,0.148571796,0.009050580,0.400348372,0.337147037,0.032258328
16.401000000,0,16.401000000,sample,0.216533553,-0.000002151,0.216037647,0.216030507,0.000007140,7.139644702,0.000044623,1,1,2.000000000,0.080000000,2.000000000,-0.049550436,0.024775218,-0.024775218,0.039943741,0.039943741,-0.039943741,0.022331997,0.026438718,0.937080920,3,48.513170006,1,46.339705121,0.288397445,0.203315877,0.316720840,0.205523515,0.516476455,0.363307454,0.551432083,0.207411650,0.401185558,2.000000000,2.039857943,2.000000000,0.000000000,0.000000000,0.000000000,1.000000000,0.940417654,0.826643355,0.706669474,0.328358423,0.987492688,0.834803183,0.712088202,1,0,0,0.000000000,0.051637043,-0.238656531,0.153459319,-0.122395439,-0.016234756,0.161533697,0.306372309,12.122277803,0.007704418,-130.918425006,-0.108889660,142.886399897,44.879129361,0.018327536,-0.000567104,-0.018414936,0.000105169,0.002481725,-0.000069771,0.004183404,-0.680732731,0.000037595,0.673888253,0.000083581,-0.234627878,-0.000255124,0.165611766,0.016865302,-0.000000931,-0.016695728,-0.000002071,0.005812957,0.000006321,-0.004103068,-1.361465462,0.000075189,1.347776506,0.000167161,-0.469255755,-0.000510247,0.331223532,-0.421266998,-0.060930709,0.195709990,0.014586912,0.406755247,0.336516095,0.031547101
16.451000000,0,16.451000000,sample,0.216533823,0.000005396,0.216035835,0.216032853,0.000002981,2.981417003,0.000018634,1,1,2.000000000,0.080000000,2.000000000,0.034691241,0.017345620,0.017345620,0.033572077,0.033572077,-0.033572077,0.027081118,0.018178700,0.954172759,1,69.129287215,1,46.339740708,0.275232711,0.206090867,0.290226923,0.208377345,2.622196416,0.359156032,0.477911570,0.227025675,0.446272934,2.000000000,2.049191122,2.000000000,0.000000000,0.000000000,0.000000000,1.000000000,0.963453418,0.803651136,0.683168280,0.300815662,1.020947085,0.893649931,0.743366492,1,0,0,0.000000000,0.053651700,-0.220973087,0.155065905,-0.123370629,-0.016541532,0.164254410,0.298157645,12.122277821,0.013778134,-130.918645608,-0.109382255,142.886316355,44.879967063,-0.015114503,0.000099813,0.009965275,-0.000996332,-0.000697557,-0.000267824,0.001072042,-0.680732992,0.000052832,0.673888117,0.000083959,-0.234627573,-0.000256278,0.165611671,-0.011807736,0.000000916,0.011689008,0.000001456,-0.004069761,-0.000004445,0.002872637,-1.361465985,0.000105663,1.347776233,0.000167917,-0.469255147,-0.000512556,0.331223342,-0.366415804,-0.044257123,0.212226907,0.011982376,0.412998413,0.337197761,0.032338955
16.501000000,0,16.501000000,sample,0.216533579,-0.000004867,0.216031292,0.216036868,0.000005576,5.575752318,0.000034848,1,1,2.000000000,0.080000000,2.000000000,-0.022157059,0.011078530,-0.011078530,0.040501820,0.040501820,-0.040501820,0.021833792,0.016105281,0.687881792,3,36.691383305,1,46.339895838,0.279408256,0.207400337,0.283573469,0.208403472,0.765992063,0.547908349,0.578591679,0.146629244,0.425713176,2.000000000,2.044810421,2.000000000,0.000000000,0.000000000,0.000000000,1.000000000,0.969029570,0.758483023,0.671379794,-0.311673164,0.975266420,0.804448006,0.699796724,1,0,0,0.000000000,0.049476739,-0.231012316,0.149178872,-0.126117020,-0.015610460,0.163907629,0.286338724,12.121852883,0.026066936,-130.918425078,-0.109119261,142.886620723,44.879607712,-0.009000287,-0.000159126,0.009755518,0.000430169,0.000494635,0.000110653,-0.009096016,0.680734132,-0.000083445,-0.673890275,-0.000083754,0.234621300,0.000255653,-0.165607080,-0.007541533,0.000000924,0.007465713,0.000000928,-0.002599259,-0.000002832,0.001834683,1.361468264,-0.000166890,-1.347780551,-0.000167509,0.469242599,0.000511307,-0.331214159,-0.317587874,-0.037062713,0.272231951,0.005410724,0.398749150,0.337938700,0.034236900
16.551000000,0,16.551000000,sample,0.216533565,-0.000000295,0.216036646,0.216031527,0.000005120,5.119753620,0.000031998,1,1,2.000000000,0.080000000,2.000000000,-0.073568527,0.036784264,-0.036784264,0.039086732,0.039086732,-0.039086732,0.027305660,0.038523071,0.954863224,1,63.000386088,1,46.339764577,0.296271693,0.202212822,0.298982220,0.207541440,3.281784056,0.529059441,0.723837030,0.103579889,0.503426840,2.000000000,2.062410721,2.000000000,0.000000000,0.000000000,0.000000000,1.000000000,0.994713879,0.872791855,0.738470169,0.343601068,1.000367130,0.872791855,0.738470169,1,0,0,0.000000000,0.051821585,-0.248487993,0.152791219,-0.122944971,-0.016245793,0.159720486,0.304376654,12.122181925,0.010633795,-130.918438076,-0.109001880,142.886312632,44.878274173,0.030576833,-0.000355316,-0.023408434,0.000633487,0.000418809,-0.000291793,-0.000584288,-0.680733168,0.000044922,0.673888888,0.000083666,-0.234625803,-0.000255385,0.165610324,0.025040268,-0.000001652,-0.024788507,-0.000003078,0.008630537,0.000009394,-0.006091854,-1.361466336,0.000089844,1.347777776,0.000167332,-0.469251605,-0.000510769,0.331220648,-0.485861097,-0.053889457,0.152918574,0.025020770,0.407698516,0.339147055,0.033528757
16.601000000,0,16.601000000,sample,0.216533485,-0.000001593,0.216036050,0.216031963,0.000004086,4.086412401,0.000025540,1,1,2.000000000,0.080000000,2.000000000,0.019410110,0.009705055,0.009705055,0.036218939,0.036218939,-0.036218939,0.020195527,0.011915231,0.814508318,3,91.438218331,1,46.339685831,0.309351688,0.201699375,0.310854090,0.204968705,4.647988554,0.449143330,0.817876369,0.153991816,0.586793130,2.000000000,2.084306658,2.000000000,0.000000000,0.000000000,0.000000000,1.000000000,0.965353096,0.845625933,0.710135643,0.300256671,1.021044555,0.909816339,0.760777807,1,0,0,0.000000000,0.050850867,-0.264098754,0.152854520,-0.123075319,-0.016073239,0.158986649,0.304478323,12.122277822,0.012176043,-130.918357905,-0.109321012,142.886501270,44.879405279,-0.003310221,-0.000518496,0.011393741,0.000282158,0.000876508,-0.000255502,-0.000125826,-0.680732589,0.000048824,0.673888187,0.000083912,-0.234628301,-0.000256134,0.165612012,-0.006606547,0.000000474,0.006540122,0.000000814,-0.002277081,-0.000002486,0.001607274,-1.361465179,0.000097648,1.347776374,0.000167824,-0.469256602,-0.000512268,0.331224025,-0.435185449,-0.058004477,0.143716714,0.016187611,0.418383805,0.338394559,0.032700450
16.651000000,0,16.651000000,sample,0.216533514,0.000000571,0.216031438,0.216036603,0.000005165,5.164554378,0.000032278,1,1,2.000000000,0.080000000,2.000000000,-0.043222996,0.021611498,-0.021611498,0.035779004,0.035779004,-0.035779004,0.026311809,0.029702119,0.727607958,1,47.625368251,1,46.339836301,0.305785383,0.204346604,0.313503141,0.204367869,1.029361381,0.505591691,0.567175056,0.232658864,0.436917694,2.000000000,2.047181484,2.000000000,0.000000000,0.000000000,0.000000000,1.000000000,0.988191197,0.712840099,0.659003658,-0.289288225,0.997947202,0.846254648,0.711653513,1,0,0,0.000000000,0.049852869,-0.261726539,0.150062022,-0.125833818,-0.015750180,0.160235192,0.290253611,12.121972571,0.025520368,-130.918376076,-0.109397219,142.886553886,44.879537586,-0.020497769,-0.000556389,0.016864356,-0.000456752,0.008674104,-0.000128734,-0.010093361,0.680733695,-0.000082129,-0.673889767,-0.000083968,0.234623126,0.000256307,-0.165608358,-0.014711675,0.000001775,0.014563767,0.000001815,-0.005070557,-0.000005539,0.003579045,1.361467389,-0.000164258,-1.347779534,-0.000167937,0.469246252,0.000512614,-0.331216716,-0.221025569,-0.029200393,0.335978025,0.002490300,0.396581024,0.336590213,0.033525235
16.701000000,0,16.701000000,sample,0.216533384,-0.000002584,0.216035103,0.216032706,0.000002397,2.397147205,0.000014982,1,1,2.000000000,0.080000000,2.000000000,-0.065626942,0.032813471,-0.032813471,0.040276806,0.040276806,-0.040276806,0.027064599,0.034361070,0.954960698,1,63.258041985,1,46.339665313,0.298991289,0.202570956,0.312533957,0.205264488,3.119842179,0.740060299,0.740467915,0.083458154,0.551279112,2.000000000,2.074603342,2.000000000,0.000000000,0.000000000,0.000000000,1.000000000,1.007825351,0.874415015,0.739886027,0.337542868,1.007825351,0.874415015,0.739886027,1,0,0,0.000000000,0.049635537,-0.252620520,0.152036106,-0.123668839,-0.015874324,0.159652799,0.300698757,12.122273310,0.014587889,-130.918266509,-0.109182835,142.886608496,44.878539930,0.027329051,0.000611690,-0.020423038,-0.000001062,-0.000870332,0.000349272,-0.003930901,-0.680732439,0.000054818,0.673888165,0.000083806,-0.234628665,-0.000255810,0.165612206,0.022337194,-0.000001799,-0.022112610,-0.000002750,0.007698981,0.000008394,-0.005434311,-1.361464877,0.000109637,1.347776329,0.000167612,-0.469257330,-0.000511621,0.331224411,-0.496442468,-0.048262340,0.132792730,0.013590027,0.407629194,0.336783725,0.035263585
16.751000000,0,16.751000000,sample,0.216533707,0.000006441,0.216036424,0.216032009,0.000004416,4.415748356,0.000027598,1,1,2.000000000,0.080000000,2.000000000,0.030683430,0.015341715,0.015341715,0.036262568,0.036262568,-0.036262568,0.020087972,0.016051957,0.955753558,1,62.951020233,1,46.339818583,0.278041440,0.205454501,0.300103739,0.206690284,1.440790787,0.302077903,0.490955146,0.219818306,0.396839600,2.000000000,2.038992898,2.000000000,0.000000000,0.000000000,0.000000000,1.000000000,0.933111798,0.750922661,0.678471261,0.300902127,1.011170358,0.885345533,0.748632108,1,0,0,0.000000000,0.051153704,-0.227266602,0.151790092,-0.123083447,-0.015950015,0.163730310,0.301015910,12.122045802,0.011669923,-130.918533946,-0.109130424,142.886562797,44.880039654,-0.012735892,-0.000892833,0.009617780,-0.000493700,0.000135565,0.000307334,0.001344228,-0.680733564,0.000047528,0.673889177,0.000083764,-0.234624482,-0.000255683,0.165609388,-0.010443620,0.000000729,0.010338616,0.000001285,-0.003599542,-0.000003923,0.002540732,-1.361467129,0.000095057,1.347778354,0.000167528,-0.469248963,-0.000511366,0.331218777,-0.263779945,-0.053002838,0.315937738,0.016909416,0.415040077,0.338090478,0.035610014
16.801000000,0,16.801000000,sample,0.216533691,-0.000000317,0.216032056,0.216036329,0.000004273,4.272694861,0.000026704,1,1,2.000000000,0.080000000,2.000000000,-0.054114241,0.027057120,-0.027057120,0.036237019,0.036237019,-0.036237019,0.025175700,0.027926228,0.968878446,1,50.128663453,1,46.339983671,0.285238650,0.206912899,0.288755038,0.207182073,0.570963863,0.207346344,0.574885318,0.200619014,0.411320253,2.000000000,2.041875762,2.000000000,0.000000000,0.000000000,0.000000000,1.000000000,0.988275772,0.711677813,0.662326338,-0.284862351,1.010893281,0.868848723,0.730438728,1,0,0,0.000000000,0.050975574,-0.237591651,0.149374648,-0.125513122,-0.015857086,0.163731356,0.288992591,12.121756728,0.024248463,-130.918532466,-0.109480589,142.886380464,44.880595507,-0.019772216,-0.001030042,0.019651825,-0.000345901,-0.001048134,0.000175176,0.000655419,0.680734777,-0.000078969,-0.673891021,-0.000084031,0.234618575,0.000256498,-0.165605253,-0.018418723,0.000002137,0.018233551,0.000002274,-0.006348103,-0.000006940,0.004480801,1.361469554,-0.000157937,-1.347782043,-0.000168062,0.469237149,0.000512996,-0.331210506,-0.206901375,-0.028839742,0.345560456,-0.006108740,0.402221714,0.335647358,0.033844762
16.851000000,0,16.851000000,sample,0.216533427,-0.000005274,0.216032485,0.216035382,0.000002897,2.897194336,0.000018107,1,1,2.000000000,0.080000000,2.000000000,0.033163104,0.016581552,0.016581552,0.044713862,0.044713862,-0.044713862,0.026770945,0.017611902,0.941496913,3,63.250336628,1,46.339879025,0.298788061,0.204366214,0.306832771,0.207192793,2.396800612,0.216170474,0.483929291,0.166416912,0.345291309,2.000000000,2.029593712,2.000000000,0.000000000,0.000000000,0.000000000,1.000000000,0.945901991,0.725271938,0.674348509,-0.319845859,1.039296086,0.854448923,0.728647973,1,0,0,0.000000000,0.049078089,-0.254421329,0.148779815,-0.125445408,-0.015617100,0.160577412,0.292922080,12.121879010,0.022166819,-130.918306677,-0.108876463,142.886521998,44.878853439,0.010425647,-0.000990216,-0.014006760,0.000166582,-0.001058890,-0.000132982,-0.001774386,0.680734008,-0.000073674,-0.673890407,-0.000083568,0.234621306,0.000255085,-0.165607047,0.011287626,-0.000001222,-0.011174149,-0.000001386,0.003890385,0.000004230,-0.002746022,1.361468017,-0.000147348,-1.347780815,-0.000167136,0.469242611,0.000510170,-0.331214095,-0.261790965,-0.047395404,0.338662095,0.008123625,0.392119273,0.338149723,0.033231159
16.901000000,0,16.901000000,sample,0.216533686,0.000005178,0.216037588,0.216030811,0.000006777,6.776720101,0.000042355,1,1,2.000000000,0.080000000,2.000000000,-0.070119709,0.035059854,-0.035059854,0.037966343,0.037966343,-0.037966343,0.022074725,0.036073578,0.971898432,3,57.493139247,1,46.339748558,0.300604935,0.201636575,0.316848024,0.204835744,2.726090430,0.330453033,0.505328431,0.182697241,0.397457021,2.000000000,2.039149635,2.000000000,0.000000000,0.000000000,0.000000000,1.000000000,0.963662519,0.828526810,0.705605874,0.328520729,1.048615508,0.885637752,0.735703703,1,0,0,0.000000000,0.051298414,-0.253799311,0.152701374,-0.122518245,-0.015995618,0.159344684,0.307458017,12.122167056,0.008224992,-130.918515859,-0.108872741,142.886622990,44.878522006,0.023367164,-0.000063259,-0.027352513,-0.000872456,0.002040651,0.000247827,-0.001458724,-0.680733050,0.000038890,0.673888446,0.000083567,-0.234626890,-0.000255082,0.165611069,0.023866402,-0.000001363,-0.023626431,-0.000002930,0.008225985,0.000008943,-0.005806300,-1.361466100,0.000077781,1.347776891,0.000167135,-0.469253781,-0.000510164,0.331222138,-0.414915532,-0.048946044,0.202916006,0.010164706,0.409394028,0.336682633,0.033047579
16.951000000,0,16.951000000,sample,0.216533687,0.000000016,0.216037011,0.216031384,0.000005627,5.626871533,0.000035168,1,1,2.000000000,0.080000000,2.000000000,0.019968957,0.009984478,0.009984478,0.040807000,0.040807000,-0.040807000,0.022749846,0.011410711,0.875009298,1,66.052819056,1,46.339790871,0.288801017,0.202946439,0.300530612,0.206770158,2.609566748,0.582959639,0.457947676,0.249011016,0.417779416,2.000000000,2.043168097,2.000000000,0.000000000,0.000000000,0.000000000,1.000000000,0.922937841,0.793320303,0.682900562,0.301324223,0.981038513,0.820563667,0.700196916,1,0,0,0.000000000,0.051026432,-0.240221940,0.151972859,-0.122568589,-0.015926386,0.160967539,0.304223327,12.122086385,0.009968659,-130.918515738,-0.109396824,142.886609397,44.879033815,-0.009273814,-0.001319715,0.004276362,-0.000333316,0.000094659,0.000103827,0.004903156,-0.680733361,0.000043329,0.673888910,0.000083969,-0.234625396,-0.000256308,0.165610016,-0.006796768,0.000000433,0.006728429,0.000000838,-0.002342612,-0.000002559,0.001653530,-1.361466722,0.000086658,1.347777820,0.000167938,-0.469250792,-0.000512616,0.331220031,-0.348412582,-0.060568122,0.231966035,0.019149145,0.414756823,0.337784415,0.031573532
17.001000000,0,17.001000000,sample,0.216533516,-0.000003417,0.216035589,0.216032486,0.000003103,3.103248460,0.000019395,1,1,2.000000000,0.080000000,2.000000000,0.043195870,0.021597935,0.021597935,0.038035251,0.038035251,-0.038035251,0.023902650,0.022527729,0.958726686,1,52.002474428,1,46.339691753,0.295405196,0.203592882,0.301755918,0.207405406,0.254079198,0.229183496,0.588602247,0.207479070,0.426188587,2.000000000,2.044918471,2.000000000,0.000000000,0.000000000,0.000000000,1.000000000,0.945052211,0.719098582,0.658655900,0.272414349,0.994882797,0.836476068,0.712557130,1,0,0,0.000000000,0.051071983,-0.247438189,0.153069347,-0.123380220,-0.016125131,0.161143921,0.301198685,12.122277821,0.013590485,-130.918383940,-0.109306633,142.886474857,44.879654304,-0.016245363,0.000323445,0.015563048,0.000742871,0.000306520,-0.000272858,0.000743913,-0.680732633,0.000052351,0.673888194,0.000083901,-0.234628195,-0.000256100,0.165611955,-0.014702419,0.000001131,0.014554594,0.000001812,-0.005067485,-0.000005531,0.003576876,-1.361465266,0.000104701,1.347776387,0.000167802,-0.469256390,-0.000512201,0.331223911,-0.218743639,-0.049733808,0.317703415,0.014840246,0.408256213,0.338610216,0.031932057
17.051000000,0,17.051000000,sample,0.216533655,0.000002792,0.216030599,0.216037732,0.000007133,7.133186117,0.000044582,1,1,2.000000000,0.080000000,2.000000000,-0.044205636,0.022102818,-0.022102818,0.040036576,0.040036576,-0.040036576,0.024912933,0.027704607,0.797802968,1,53.547518280,1,46.339735443,0.328779019,0.202699863,0.330269641,0.205060168,2.524613617,0.401907316,0.548722047,0.157868818,0.406443831,2.000000000,2.040892090,2.000000000,0.000000000,0.000000000,0.000000000,1.000000000,0.945146797,0.705001744,0.659366736,-0.289910764,0.991920444,0.834703585,0.709597511,1,0,0,0.000000000,0.051272525,-0.286648874,0.152640736,-0.126292626,-0.016003358,0.157738073,0.289955027,12.122182113,0.028396662,-130.918487914,-0.109634699,142.886627496,44.879743656,-0.020273171,0.000130852,0.014902357,0.000217860,-0.000746318,0.000282782,-0.011565554,0.680732954,-0.000089347,-0.673888380,-0.000084152,0.234627199,0.000256867,-0.165611271,-0.015046117,0.000001975,0.014894832,0.000001860,-0.005185922,-0.000005677,0.003660476,1.361465908,-0.000178694,-1.347776760,-0.000168304,0.469254398,0.000513735,-0.331222543,-0.222244037,-0.048689653,0.335496216,0.006298076,0.394206318,0.337713976,0.030897746
17.101000000,0,17.101000000,sample,0.216533835,0.000003591,0.216032875,0.216035801,0.000002926,2.925534503,0.000018285,1,1,2.000000000,0.080000000,2.000000000,0.035520584,0.017760292,0.017760292,0.046282584,0.046282584,-0.046282584,0.028207424,0.018879547,0.940715977,1,68.663269232,1,46.339929922,0.344410570,0.200061526,0.344420381,0.203469990,2.535661594,0.403728467,0.805698933,0.124019405,0.577114762,2.000000000,2.081609698,2.000000000,0.000000000,0.000000000,0.000000000,1.000000000,0.963022964,0.737304112,0.668042532,-0.313586102,0.978283011,0.830633430,0.706176954,1,0,0,0.000000000,0.052408629,-0.304996208,0.151159815,-0.125505682,-0.016042695,0.154969578,0.298342605,12.121877524,0.022191208,-130.918644959,-0.108779490,142.886440030,44.878611920,0.015644216,-0.000772411,-0.010428711,-0.001140522,-0.000294186,-0.000335678,-0.000917147,0.680734382,-0.000073718,-0.673890143,-0.000083494,0.234621006,0.000254858,-0.165607012,0.012090041,-0.000001309,-0.011968486,-0.000001483,0.004166938,0.000004526,-0.002941229,1.361468765,-0.000147437,-1.347780286,-0.000166987,0.469242011,0.000509716,-0.331214023,-0.275517795,-0.037523676,0.316449691,0.003018786,0.393247274,0.336466353,0.030987058
17.151000000,0,17.151000000,sample,0.216533511,-0.000006485,0.216037935,0.216030119,0.000007816,7.816374865,0.000048852,1,1,2.000000000,0.080000000,2.000000000,-0.039620895,0.019810448,-0.019810448,0.041568795,0.041568795,-0.041568795,0.024789249,0.022336223,0.886920190,1,58.756817316,1,46.339788791,0.337599511,0.197345034,0.355094660,0.200975278,1.498287881,0.196680764,0.742597696,0.156576519,0.493786788,2.000000000,2.060063588,2.000000000,0.000000000,0.000000000,0.000000000,1.000000000,1.012752270,0.867612885,0.723416219,0.321448856,1.012752270,0.867612885,0.723416219,1,0,0,0.000000000,0.050740835,-0.297503646,0.151295664,-0.122038184,-0.015928488,0.154266092,0.313721331,12.122086404,0.006774707,-130.918385603,-0.109163915,142.886481345,44.878521244,0.017121384,0.000075782,-0.013557920,0.000089701,-0.000946599,-0.000177826,0.004583277,-0.680733346,0.000035321,0.673889239,0.000083790,-0.234624813,-0.000255762,0.165609568,0.013485632,-0.000000700,-0.013350047,-0.000001660,0.004648023,0.000005067,-0.003280800,-1.361466691,0.000070642,1.347778478,0.000167580,-0.469249626,-0.000511525,0.331219136,-0.467805466,-0.039809693,0.140084112,0.009007895,0.411642975,0.335766109,0.031792148
17.201000000,0,17.201000000,sample,0.216533590,0.000001582,0.216035716,0.216032481,0.000003235,3.234956225,0.000020218,1,1,2.000000000,0.080000000,2.000000000,0.026436499,0.013218250,0.013218250,0.037088876,0.037088876,-0.037088876,0.023066506,0.013624239,0.970200954,1,56.183545341,1,46.339841487,0.302534918,0.201466503,0.336730507,0.203013755,1.167005980,0.338687609,0.547526545,0.217882374,0.403084213,2.000000000,2.040216779,2.000000000,0.000000000,0.000000000,0.000000000,1.000000000,0.983014875,0.706041863,0.664487147,0.277487288,1.031587532,0.884130475,0.732043274,1,0,0,0.000000000,0.050249436,-0.257616653,0.150452753,-0.123271380,-0.015776244,0.158568687,0.302485810,12.121974186,0.013422599,-130.918436697,-0.109438607,142.886576372,44.878307954,-0.010212141,-0.000668278,0.007926891,0.000134198,-0.001034759,0.000078644,0.004117637,-0.680733733,0.000051953,0.673889664,0.000084000,-0.234623244,-0.000256404,0.165608466,-0.008998108,0.000000687,0.008907642,0.000001110,-0.003101309,-0.000003389,0.002189054,-1.361467465,0.000103906,1.347779327,0.000168001,-0.469246489,-0.000512808,0.331216932,-0.177562475,-0.035280031,0.365078367,0.004535625,0.401590855,0.336624111,0.029601731
17.251000000,0,17.251000000,sample,0.216533574,-0.000000316,0.216031460,0.216036715,0.000005255,5.254691815,0.000032842,1,1,2.000000000,0.080000000,2.000000000,-0.048329000,0.024164500,-0.024164500,0.032682822,0.032682822,-0.032682822,0.021374963,0.024713091,0.977801594,1,58.777474433,1,46.339804627,0.302270060,0.204292428,0.310932365,0.204506726,1.621515766,0.223128693,0.560160921,0.208776093,0.435707401,2.000000000,2.046922013,2.000000000,0.000000000,0.000000000,0.000000000,1.000000000,0.983983409,0.701545853,0.662361414,-0.293423672,0.997210694,0.829451042,0.709326143,1,0,0,0.000000000,0.051317416,-0.256302810,0.151797831,-0.125734169,-0.016099035,0.160209663,0.289519095,12.122086404,0.025686706,-130.918438167,-0.109618566,142.886380714,44.879116463,-0.018946654,0.001130786,0.015609415,0.000043666,-0.002241652,0.000085925,0.001339530,0.680733462,-0.000082582,-0.673889312,-0.000084139,0.234624418,0.000256828,-0.165609332,-0.016449584,0.000001996,0.016284198,0.000002033,-0.005669582,-0.000006206,0.004001867,1.361466924,-0.000165164,-1.347778625,-0.000168278,0.469248836,0.000513655,-0.331218665,-0.194495681,-0.032045650,0.367558075,0.002539050,0.389465750,0.335021086,0.028966637
17.301000000,0,17.301000000,sample,0.216533506,-0.000001355,0.216033867,0.216034180,0.000000313,0.312855128,0.000001955,0,0,2.000000000,0.080000000,0.000000000,0.000000000,0.025318768,0.000000000,0.041721291,0.041721291,-0.041721291,0.027719984,0.026302555,0.962597316,1,53.787150355,0,0.000000000,0.312569759,0.201724853,0.313701881,0.204521345,1.033974774,0.523533114,0.673637924,0.109047364,0.497684029,0.000000000,0.497752192,2.000000000,0.000000000,0.000000000,0.000000000,1.000000000,0.949287090,0.731377444,0.679577981,0.000000000,1.000410625,0.849185950,0.707129324,1,0,0,0.000000000,0.050777366,-0.268309898,0.152089816,-0.124490916,-0.016023595,0.157918247,0.298301720,12.122180609,0.018492338,-130.918373927,-0.109178241,142.886481606,44.878221861,0.019290221,0.000910728,-0.017146283,-0.000459688,-0.000765641,-0.000179212,-0.004904862,0.000000000,0.000000000,0.000000000,0.000000000,0.000000000,0.000000000,0.000000000,0.017235321,-0.000001635,-0.017062033,-0.000002122,0.005940454,0.000006476,-0.004193060,0.000000000,0.000000000,0.000000000,0.000000000,0.000000000,0.000000000,0.000000000,-0.247768096,-0.046295855,0.361301306,0.012474449,0.391032617,0.337488733,0.028186840
17.351000000,0,17.351000000,sample,0.216533569,0.000001255,0.216038088,0.216030093,0.000007996,7.995546111,0.000049972,1,1,2.000000000,0.080000000,2.000000000,-0.022876554,0.011438277,-0.011438277,0.039864533,0.039864533,-0.039864533,0.024698615,0.014801608,0.772772613,1,45.728603795,1,46.339695141,0.319378326,0.198933645,0.321821734,0.203359283,0.136628267,0.294978704,0.632221710,0.140869812,0.428465498,2.000000000,2.045384878,2.000000000,0.000000000,0.000000000,0.000000000,1.000000000,0.946730447,0.826747601,0.701378514,0.319441258,0.998009335,0.881488878,0.732307204,1,0,0,0.000000000,0.051514269,-0.275377232,0.153349847,-0.121959219,-0.016143574,0.156332752,0.311603154,12.122277821,0.006523511,-130.918431849,-0.109206757,142.886501480,44.878258167,0.010009280,0.000085066,-0.009287172,0.000287280,-0.004809175,-0.000345745,0.003051697,-0.680732658,0.000034702,0.673888104,0.000083824,-0.234628314,-0.000255867,0.165612057,0.007786409,-0.000000397,-0.007708119,-0.000000959,0.002683744,0.000002927,-0.001894317,-1.361465316,0.000069404,1.347776207,0.000167648,-0.469256627,-0.000511733,0.331224113,-0.399668526,-0.057434077,0.206647383,0.021142702,0.412606045,0.338508851,0.030266648
17.401000000,0,17.401000000,sample,0.216533578,0.000000178,0.216037372,0.216030834,0.000006538,6.537644742,0.000040860,1,1,2.000000000,0.080000000,2.000000000,0.023916308,0.011958154,0.011958154,0.041216618,0.041216618,-0.041216618,0.025852979,0.012648098,0.945450781,1,59.155391057,1,46.339639969,0.307560281,0.200851079,0.325326171,0.204835943,1.386098911,0.410756347,0.575086726,0.228209360,0.452454494,2.000000000,2.050544547,2.000000000,0.000000000,0.000000000,0.000000000,1.000000000,0.976799710,0.825206344,0.694038499,0.293948518,1.007917905,0.840280810,0.706021512,1,0,0,0.000000000,0.051823627,-0.260894538,0.154407508,-0.122248640,-0.016259626,0.158530913,0.307823432,12.122387978,0.008668070,-130.918436759,-0.109470360,142.886499271,44.878983917,-0.009727974,0.000996821,0.006947972,0.000288344,0.000018590,-0.000449404,0.003973348,-0.680732253,0.000040097,0.673887494,0.000084027,-0.234630264,-0.000256486,0.165613436,-0.008140301,0.000000479,0.008058450,0.000001005,-0.002805745,-0.000003067,0.001980431,-1.361464505,0.000080195,1.347774988,0.000168054,-0.469260528,-0.000512973,0.331226872,-0.402769050,-0.044615257,0.166702086,0.005417873,0.417896503,0.337472858,0.033640033
17.451000000,0,17.451000000,sample,0.216533492,-0.000001714,0.216033691,0.216034335,0.000000644,0.644468999,0.000004028,0,0,2.000000000,0.080000000,0.000000000,0.000000000,0.027816393,0.000000000,0.037902605,0.037902605,-0.037902605,0.025477162,0.029247894,0.951056241,3,51.023457985,0,0.000000000,0.293136674,0.204852102,0.306996280,0.205947907,0.886904997,0.263867300,0.608751387,0.200318058,0.433583601,0.000000000,0.433673586,2.000000000,0.000000000,0.000000000,0.000000000,1.000000000,0.968045588,0.777642518,0.666909225,0.000000000,1.028880882,0.878612844,0.732971405,1,0,0,0.000000000,0.051263862,-0.245129492,0.152357009,-0.124435097,-0.016182377,0.161921034,0.295284211,12.122182113,0.019014024,-130.918374612,-0.109444303,142.886318382,44.879929480,-0.020442344,-0.000510013,0.020891978,0.000366695,0.000278954,-0.000371511,-0.000681739,0.000000000,0.000000000,0.000000000,0.000000000,0.000000000,0.000000000,0.000000000,-0.018935539,0.000001833,0.018745160,0.000002337,-0.006526444,-0.000007133,0.004606681,0.000000000,0.000000000,0.000000000,0.000000000,0.000000000,0.000000000,0.000000000,-0.349185172,-0.039935202,0.207291954,0.003296988,0.404823306,0.336684496,0.031994161
17.501000000,0,17.501000000,sample,0.216533782,0.000005790,0.216031514,0.216037063,0.000005550,5.549759496,0.000034686,1,1,2.000000000,0.080000000,2.000000000,-0.002902131,0.001451066,-0.001451066,0.035172918,0.035172918,-0.035172918,0.025856543,0.007504934,0.193348215,7,76.845773127,1,46.339801819,0.300066954,0.205246236,0.302326489,0.206436989,0.495888466,0.313919516,0.595511950,0.157474545,0.421684039,2.000000000,2.043971246,2.000000000,0.000000000,0.000000000,0.000000000,1.000000000,0.965775651,0.736764027,0.666272707,-0.313581263,1.039763173,0.904237950,0.754552834,1,0,0,0.000000000,0.051818314,-0.253162575,0.152524587,-0.126209052,-0.016053539,0.161057680,0.288780146,12.122086398,0.025999750,-130.918592503,-0.108939874,142.886583034,44.878989630,-0.002154006,-0.000798862,0.002192606,0.000019314,0.001718454,0.000049936,-0.006578954,0.680733441,-0.000083249,-0.673888850,-0.000083618,0.234625329,0.000255238,-0.165610011,-0.000987789,0.000000121,0.000977857,0.000000121,-0.000340457,-0.000000370,0.000240311,1.361466883,-0.000166498,-1.347777700,-0.000167236,0.469250659,0.000510475,-0.331220022,-0.282315280,-0.036714948,0.308564532,0.008860681,0.391606947,0.336374067,0.032792055
17.551000000,0,17.551000000,sample,0.216533530,-0.000005026,0.216035807,0.216032297,0.000003510,3.510045868,0.000021938,1,1,2.000000000,0.080000000,2.000000000,-0.069083847,0.034541923,-0.034541923,0.042735236,0.042735236,-0.042735236,0.023924540,0.035702424,0.967495190,1,55.242093860,1,46.339699791,0.308522965,0.200903257,0.308522965,0.205217634,1.017044073,0.536162461,0.662600838,0.102107815,0.472236319,2.000000000,2.055019131,2.000000000,0.000000000,0.000000000,0.000000000,1.000000000,0.989366291,0.838754952,0.711671493,0.341550473,0.999757214,0.838754952,0.711671493,1,0,0,0.000000000,0.051385531,-0.262837244,0.153174837,-0.123478791,-0.016175878,0.157649763,0.303499074,12.122272809,0.012940933,-130.918398776,-0.108923924,142.886440776,44.877519542,0.026535836,0.000541756,-0.023501834,0.000586677,-0.000198933,-0.000521155,-0.004150597,-0.680732692,0.000050665,0.673888251,0.000083607,-0.234627964,-0.000255204,0.165611807,0.023513817,-0.000001750,-0.023277396,-0.000002888,0.008104501,0.000008815,-0.005720550,-1.361465384,0.000101331,1.347776503,0.000167214,-0.469255929,-0.000510407,0.331223613,-0.429444579,-0.039212522,0.206156173,0.009788094,0.404603891,0.336436019,0.032036976
17.601000000,0,17.601000000,sample,0.216533555,0.000000496,0.216037771,0.216030373,0.000007397,7.397376715,0.000046234,1,1,2.000000000,0.080000000,2.000000000,0.005919623,0.002959812,0.002959812,0.041854684,0.041854684,-0.041854684,0.026280319,0.005591277,0.529362326,5,72.055193458,1,46.339733741,0.312140207,0.199112602,0.317944726,0.205349712,0.284057119,0.384399421,0.634627201,0.123384769,0.448088923,2.000000000,2.049581409,2.000000000,0.000000000,0.000000000,0.000000000,1.000000000,0.950777584,0.808275569,0.690099007,0.311686894,1.004716710,0.865209613,0.729093692,1,0,0,0.000000000,0.050766107,-0.267730710,0.152231989,-0.121986452,-0.015957805,0.156558239,0.309856668,12.122182113,0.007431327,-130.918414042,-0.109482732,142.886574114,44.877845546,-0.001129204,-0.000504477,0.002000069,-0.000645127,-0.004746174,0.000360502,-0.001631008,-0.680732941,0.000037013,0.673888550,0.000084035,-0.234626919,-0.000256511,0.165611050,-0.002014841,0.000000110,0.001994583,0.000000249,-0.000694451,-0.000000759,0.000490177,-1.361465883,0.000074026,1.347777099,0.000168071,-0.469253839,-0.000513022,0.331222099,-0.369808258,-0.050754519,0.225288040,0.012054709,0.412923650,0.338450831,0.030782288
17.651000000,0,17.651000000,sample,0.216533571,0.000000315,0.216035715,0.216032453,0.000003261,3.261204893,0.000020383,1,1,2.000000000,0.080000000,2.000000000,0.043390910,0.021695455,0.021695455,0.042547771,0.042547771,-0.042547771,0.025614385,0.023039703,0.941655132,1,60.050964327,1,46.339869937,0.302799234,0.202376781,0.316674054,0.204374570,1.352177829,0.324340412,0.547196992,0.221691477,0.419420657,2.000000000,2.043514659,2.000000000,0.000000000,0.000000000,0.000000000,1.000000000,0.957055025,0.756512480,0.661412082,0.281379291,1.000730163,0.851671320,0.712453740,1,0,0,0.000000000,0.051034543,-0.257625227,0.150705321,-0.123394704,-0.015985688,0.159607538,0.302543107,12.121964579,0.013345034,-130.918437725,-0.109199969,142.886357182,44.879137146,-0.017854055,-0.000332175,0.014523607,-0.000224476,0.000976990,0.000019312,-0.000099366,-0.680733942,0.000051719,0.673890023,0.000083817,-0.234622132,-0.000255845,0.165607724,-0.014768832,0.000001122,0.014620351,0.000001818,-0.005090234,-0.000005551,0.003592935,-1.361467883,0.000103438,1.347780045,0.000167634,-0.469244264,-0.000511689,0.331215448,-0.301911633,-0.043131159,0.247171568,0.002768861,0.409110050,0.339016976,0.032403967
17.701000000,0,17.701000000,sample,0.216533561,-0.000000202,0.216032593,0.216035556,0.000002964,2.963530218,0.000018522,1,1,2.000000000,0.080000000,2.000000000,-0.065908903,0.032954452,-0.032954452,0.042436637,0.042436637,-0.042436637,0.026406728,0.034431437,0.957103574,1,67.310041813,1,46.339731389,0.295619975,0.205209284,0.316701748,0.205209284,4.190122491,0.571348269,0.439607703,0.256010467,0.450175053,2.000000000,2.050054961,2.000000000,0.000000000,0.000000000,0.000000000,1.000000000,0.952383484,0.714109903,0.651264823,-0.278394336,1.029995353,0.894280542,0.757065697,1,0,0,0.000000000,0.050604209,-0.248328112,0.152195703,-0.125116391,-0.015958461,0.161870524,0.292125364,12.122182113,0.022362812,-130.918410957,-0.109483608,142.886583034,44.880026274,-0.028248480,0.000606472,0.019586532,0.000115436,-0.001297832,0.000257659,0.001335340,0.680732924,-0.000074267,-0.673888534,-0.000084036,0.234626978,0.000256513,-0.165611088,-0.022433180,0.000002447,0.022207627,0.000002769,-0.007732003,-0.000008453,0.005457623,1.361465848,-0.000148534,-1.347777068,-0.000168072,0.469253957,0.000513027,-0.331222176,-0.245209102,-0.044618110,0.296408380,0.001497403,0.398020957,0.338762164,0.031415516
17.751000000,0,17.751000000,sample,0.216533843,0.000005648,0.216033383,0.216035333,0.000001949,1.949108422,0.000012182,1,1,2.000000000,0.080000000,2.000000000,0.025642467,0.012821234,0.012821234,0.035690936,0.035690936,-0.035690936,0.022387332,0.014009354,0.915190888,1,70.829278436,1,46.339718374,0.288509608,0.206188089,0.303287973,0.206656323,2.503125373,0.513814759,0.698788090,0.121352232,0.521895942,2.000000000,2.066975363,2.000000000,0.000000000,0.000000000,0.000000000,1.000000000,0.973025132,0.786127821,0.681143222,-0.320681409,1.042473579,0.895013159,0.741830134,1,0,0,0.000000000,0.052990507,-0.237657800,0.154753255,-0.125206503,-0.016351976,0.163001449,0.292553990,12.122277822,0.020784466,-130.918645420,-0.108780548,142.886519833,44.879480425,0.011790291,0.001207238,-0.006913724,-0.000266150,-0.001203359,-0.000293945,-0.002527594,0.680732828,-0.000070211,-0.673887826,-0.000083497,0.234628464,0.000254868,-0.165612261,0.008727835,-0.000000900,-0.008640073,-0.000001071,0.003008226,0.000003268,-0.002123353,1.361465657,-0.000140422,-1.347775652,-0.000166994,0.469256928,0.000509736,-0.331224522,-0.363246913,-0.038665154,0.239622311,0.009737327,0.397597196,0.337475574,0.032028336
17.801000000,0,17.801000000,sample,0.216533533,-0.000006202,0.216037820,0.216030296,0.000007524,7.524384637,0.000047027,1,1,2.000000000,0.080000000,2.000000000,-0.045959613,0.022979807,-0.022979807,0.045612910,0.045612910,-0.045612910,0.022146294,0.030367932,0.756712929,3,49.164437171,1,46.339630771,0.265928908,0.205061670,0.289250056,0.208114483,3.109653229,0.673185227,0.414466659,0.126810120,0.316059019,2.000000000,2.024838328,2.000000000,0.000000000,0.000000000,0.000000000,1.000000000,0.954811503,0.832298954,0.710686440,0.334003678,0.997479977,0.852092184,0.717278925,1,0,0,0.000000000,0.051090049,-0.210630439,0.154087020,-0.122185921,-0.016172823,0.163888160,0.303918664,12.122387978,0.007177991,-130.918398720,-0.109058023,142.886542310,44.878650236,0.017718568,0.000266637,-0.021293191,0.000563230,-0.011737271,-0.000011013,0.004087991,-0.680732185,0.000036310,0.673887477,0.000083711,-0.234630442,-0.000255520,0.165613535,0.015643094,-0.000000834,-0.015485804,-0.000001924,0.005391762,0.000005872,-0.003805767,-1.361464370,0.000072620,1.347774953,0.000167422,-0.469260884,-0.000511040,0.331227071,-0.422912874,-0.054707095,0.202786759,0.014071103,0.408728842,0.337292688,0.032877979
17.851000000,0,17.851000000,sample,0.216533591,0.000001163,0.216034406,0.216033805,0.000000601,0.601091153,0.000003757,0,0,2.000000000,0.080000000,0.000000000,0.000000000,0.022397115,0.000000000,0.037708200,0.037708200,-0.037708200,0.025434863,0.023024656,0.972744836,3,58.841627239,0,0.000000000,0.286083302,0.204525444,0.286752821,0.208611714,1.946025665,0.261869266,0.652594701,0.169948187,0.460598643,0.000000000,0.460660531,2.000000000,0.000000000,0.000000000,0.000000000,1.000000000,0.976381279,0.753164414,0.663572071,0.000000000,0.990615417,0.819287060,0.702830025,1,0,0,0.000000000,0.050776962,-0.236741095,0.152377852,-0.124026903,-0.015984994,0.161840862,0.296254728,12.122182088,0.017229511,-130.918436234,-0.109506422,142.886575622,44.879125174,-0.014629578,-0.000015681,0.017661821,0.000122180,-0.001988198,0.000157838,0.000421027,0.000000000,0.000000000,0.000000000,0.000000000,0.000000000,0.000000000,0.000000000,-0.015246454,0.000001377,0.015093159,0.000001883,-0.005254967,-0.000005746,0.003709210,0.000000000,0.000000000,0.000000000,0.000000000,0.000000000,0.000000000,0.000000000,-0.289233940,-0.031101503,0.280202961,0.001337317,0.404125127,0.335837207,0.032940582
17.901000000,0,17.901000000,sample,0.216533697,0.000002107,0.216031373,0.216037040,0.000005666,5.666282414,0.000035414,1,1,2.000000000,0.080000000,2.000000000,-0.007174653,0.003587327,-0.003587327,0.038968027,0.038968027,-0.038968027,0.025753126,0.008853078,0.405206701,1,66.835706887,1,46.339740139,0.303815361,0.205235988,0.304383413,0.205978607,3.566134922,0.503559302,0.487855354,0.246337069,0.455677112,2.000000000,2.051250776,2.000000000,0.000000000,0.000000000,0.000000000,1.000000000,0.941321194,0.750322683,0.667532992,-0.310611614,1.004798072,0.824416807,0.702900064,1,0,0,0.000000000,0.051399811,-0.257475266,0.152867003,-0.126143822,-0.016036154,0.161097451,0.289057354,12.122182113,0.026196718,-130.918520298,-0.109114636,142.886622721,44.879638879,-0.007237667,0.000403809,0.000139629,-0.000688016,0.004447609,0.000085269,-0.002355581,0.680732988,-0.000083770,-0.673888350,-0.000083753,0.234627185,0.000255649,-0.165611278,-0.002442012,0.000000301,0.002417458,0.000000300,-0.000841684,-0.000000917,0.000594102,1.361465977,-0.000167541,-1.347776700,-0.000167506,0.469254369,0.000511298,-0.331222557,-0.320079021,-0.047643147,0.267080187,0.004415625,0.394205403,0.336300396,0.032135124
17.951000000,0,17.951000000,sample,0.216533492,-0.000004081,0.216035821,0.216032194,0.000003628,3.627551550,0.000022672,1,1,2.000000000,0.080000000,2.000000000,-0.071717067,0.035858534,-0.035858534,0.040080858,0.040080858,-0.040080858,0.025348746,0.037078050,0.967109487,1,52.527954406,1,46.339859844,0.312214728,0.200356557,0.314752881,0.205142482,0.581710805,0.474893116,0.645399486,0.111196704,0.462524028,2.000000000,2.052822119,2.000000000,0.000000000,0.000000000,0.000000000,1.000000000,0.980403670,0.805772615,0.695078739,0.335985725,1.046784034,0.805772615,0.709692413,1,0,0,0.000000000,0.050711108,-0.268848114,0.150423108,-0.123479180,-0.015963518,0.156973910,0.304328566,12.121974725,0.012761378,-130.918376095,-0.108862787,142.886333187,44.877448881,0.026872751,0.000155448,-0.025265254,-0.000660448,-0.000307948,-0.000329950,-0.003693222,-0.680733868,0.000050206,0.673890070,0.000083558,-0.234622196,-0.000255055,0.165607745,0.024410118,-0.000001800,-0.024164710,-0.000002996,0.008413208,0.000009146,-0.005938451,-1.361467735,0.000100412,1.347780141,0.000167116,-0.469244392,-0.000510109,0.331215491,-0.382527051,-0.037156129,0.243830476,0.010358159,0.400850067,0.337815800,0.032650370
18.001000000,0,18.001000000,sample,0.216533946,0.000009075,0.216036345,0.216032591,0.000003753,3.753469232,0.000023459,1,1,2.000000000,0.080000000,2.000000000,0.030268361,0.015134181,0.015134181,0.037112296,0.037112296,-0.037112296,0.021187585,0.015881234,0.952960000,1,57.358620267,1,46.339686938,0.314308333,0.201533520,0.321671629,0.203256353,0.933426063,0.263703440,0.616250788,0.212356212,0.464037573,2.000000000,2.053132384,2.000000000,0.000000000,0.000000000,0.000000000,1.000000000,0.945563368,0.802946465,0.684194132,0.292590278,1.023888279,0.844032291,0.714029181,1,0,0,0.000000000,0.054712055,-0.266962192,0.156612602,-0.123214947,-0.016671681,0.158606089,0.304292426,12.122389426,0.012642925,-130.918740649,-0.109245435,142.886398731,44.879234178,-0.012027728,-0.000015525,0.010215500,-0.001142530,0.000597900,0.000166362,0.001224799,-0.680732598,0.000049977,0.673887277,0.000083854,-0.234629934,-0.000255960,0.165613366,-0.010302330,0.000000756,0.010198732,0.000001269,-0.003550932,-0.000003874,0.002506423,-1.361465195,0.000099953,1.347774555,0.000167709,-0.469259867,-0.000511919,0.331226732,-0.383934059,-0.056545425,0.181703271,0.013255286,0.410937820,0.338283567,0.031959627
18.001000000,0,18.001000000,stop,0.216533946,,0.216036345,0.216032591,0.000003753,3.753469232,0.000023459,1,1,2.000000000,0.080000000,2.000000000,0.030268361,0.015134181,0.015134181,0.015134181,0.015134181,0.000000000,0.015134181,0.015881234,0.952960000,1,57.358620267,1,46.339686938,0.314308333,0.201533520,0.314308333,0.201533520,0.933426063,0.263703440,0.616250788,0.212356212,0.464037573,2.000000000,2.053132384,2.000000000,0.000000000,0.000000000,0.000000000,1.000000000,0.945563368,0.802946465,0.684194132,0.292590278,0.945563368,0.802946465,0.684194132,1,0,0,0.000000000,0.054712055,-0.266962192,0.156612602,-0.123214947,-0.016671681,0.158606089,0.304292426,12.122389426,0.012642925,-130.918740649,-0.109245435,142.886398731,44.879234178,-0.012027728,-0.000015525,0.010215500,-0.001142530,0.000597900,0.000166362,0.001224799,-0.680732598,0.000049977,0.673887277,0.000083854,-0.234629934,-0.000255960,0.165613366,-0.010302330,0.000000756,0.010198732,0.000001269,-0.003550932,-0.000003874,0.002506423,-1.361465195,0.000099953,1.347774555,0.000167709,-0.469259867,-0.000511919,0.331226732,-0.383934059,-0.056545425,0.181703271,0.013255286,0.410937820,0.338283567,0.031959627
