run_time_s,segment_id,phase_time_s,event,sigma_min,sigma_rate_per_s,sigma_plus,sigma_minus,probe_difference,probe_confidence,gradient_abs_per_rad,direction_valid,push_active,k_sigma_Nm,alpha_rad,tau_sigma_norm_Nm,sigma_power_W,nullspace_speed_rad_s,speed_toward_better_rad_s,peak_nullspace_speed_rad_s,peak_abs_speed_toward_better_rad_s,min_speed_toward_better_rad_s,max_speed_toward_better_rad_s,raw_joint_speed_rad_s,nullspace_speed_fraction,raw_velocity_dominant_joint,raw_velocity_dominant_share_pct,sigma_dominant_joint,sigma_dominant_share_pct,position_error_mm,rotation_error_deg,peak_position_error_mm,peak_rotation_error_deg,cartesian_speed_mm_s,angular_speed_deg_s,command_force_norm_N,command_moment_norm_Nm,tau_task_norm_Nm,tau_nullspace_norm_Nm,tau_cmd_norm_Nm,nullspace_damping_Nms_rad,disturbance_scale,disturbance_force_norm_N,disturbance_tau_norm_Nm,disturbance_torque_scale,external_force_delta_norm_N,external_moment_delta_norm_Nm,external_joint_torque_delta_norm_Nm,external_joint_torque_along_nbest_Nm,peak_external_force_delta_norm_N,peak_external_moment_delta_norm_Nm,peak_external_joint_torque_delta_norm_Nm,external_joint_torque_baseline_valid,joint_contact,cartesian_contact,Jn_norm,e_p_x_mm,e_p_y_mm,e_p_z_mm,e_R_x_deg,e_R_y_deg,e_R_z_deg,q1_deg,q2_deg,q3_deg,q4_deg,q5_deg,q6_deg,q7_deg,dq1_rad_s,dq2_rad_s,dq3_rad_s,dq4_rad_s,dq5_rad_s,dq6_rad_s,dq7_rad_s,n_best_1,n_best_2,n_best_3,n_best_4,n_best_5,n_best_6,n_best_7,dqN_1_rad_s,dqN_2_rad_s,dqN_3_rad_s,dqN_4_rad_s,dqN_5_rad_s,dqN_6_rad_s,dqN_7_rad_s,tau_sigma_1_Nm,tau_sigma_2_Nm,tau_sigma_3_Nm,tau_sigma_4_Nm,tau_sigma_5_Nm,tau_sigma_6_Nm,tau_sigma_7_Nm,tau_ext_delta_1_Nm,tau_ext_delta_2_Nm,tau_ext_delta_3_Nm,tau_ext_delta_4_Nm,tau_ext_delta_5_Nm,tau_ext_delta_6_Nm,tau_ext_delta_7_Nm
0.000000000,0,0.000000000,hold_start,0.000000000,,0.000000000,0.000000000,0.000000000,0.000000000,0.000000000,0,0,0.000000000,0.000000000,0.000000000,0.000000000,0.000000000,0.000000000,0.000000000,0.000000000,0.000000000,0.000000000,0.000000000,0.000000000,0,0.000000000,0,0.000000000,0.000000000,0.000000000,0.000000000,0.000000000,0.000000000,0.000000000,0.000000000,0.000000000,0.000000000,0.000000000,0.000000000,0.000000000,0.000000000,0.000000000,0.000000000,1.000000000,0.000000000,0.000000000,0.000000000,0.000000000,0.000000000,0.000000000,0.000000000,0,0,0,0.000000000,0.000000000,0.000000000,0.000000000,0.000000000,0.000000000,0.000000000,0.857244532,12.102559671,-0.545515758,-130.908645472,-0.126819093,142.885749474,44.736353735,0.000000000,0.000000000,0.000000000,0.000000000,0.000000000,0.000000000,0.000000000,0.000000000,0.000000000,0.000000000,0.000000000,0.000000000,0.000000000,0.000000000,0.000000000,0.000000000,0.000000000,0.000000000,0.000000000,0.000000000,0.000000000,0.000000000,0.000000000,0.000000000,0.000000000,0.000000000,0.000000000,0.000000000,0.000000000,0.000000000,0.000000000,0.000000000,0.000000000,0.000000000,0.000000000
0.000000000,0,0.000000000,sample,0.216505036,,0.000000000,0.000000000,0.000000000,0.000000000,0.000000000,0,0,2.000000000,0.080000000,0.000000000,0.000000000,0.000863931,0.000000000,0.000863931,0.000000000,0.000000000,0.000000000,0.002259823,0.382300186,2,78.667281125,0,0.000000000,0.033766211,0.002633646,0.033766211,0.002633646,1.250478341,0.126580826,0.113986379,0.019847231,0.119965657,0.001727862,0.119976582,2.000000000,0.000000000,0.000000000,0.000000000,1.000000000,0.617890171,0.364079863,0.000000000,0.000000000,0.617890171,0.364079863,0.000000000,1,0,0,0.000000000,0.019209931,0.024483696,0.013102832,0.000997079,-0.002426984,-0.000227322,0.854984248,12.102248942,-0.545703323,-130.910924856,-0.128396883,142.885292434,44.734936913,-0.000485862,0.002004341,0.000627490,-0.000309062,-0.000552447,0.000221441,-0.000099303,0.000000000,0.000000000,0.000000000,0.000000000,0.000000000,0.000000000,0.000000000,-0.000588163,-0.000001156,0.000582294,0.000000085,-0.000202397,-0.000000260,0.000142859,0.000000000,0.000000000,0.000000000,0.000000000,0.000000000,0.000000000,0.000000000,0.000000000,0.000000000,0.000000000,0.000000000,0.000000000,0.000000000,0.000000000
0.050000000,0,0.050000000,sample,0.216506135,0.000021993,0.000000000,0.000000000,0.000000000,0.000000000,0.000000000,0,0,2.000000000,0.080000000,0.000000000,0.000000000,0.001466417,0.000000000,0.005228430,0.000000000,0.000000000,0.000000000,0.004962487,0.295500335,5,66.265834461,0,0.000000000,0.164023335,0.019100454,0.164023335,0.019100454,1.424386819,0.286450782,0.392819247,0.054653573,0.367461846,0.002932833,0.367469362,2.000000000,0.000000000,0.000000000,0.000000000,1.000000000,0.536794863,0.192377743,0.328974221,0.000000000,0.612963506,0.361104913,0.347832108,1,0,0,0.000000000,0.067196325,-0.005252666,0.149535006,-0.004973855,-0.016847742,0.007499448,0.857655565,12.116503955,-0.546189060,-130.911692659,-0.117941588,142.885904806,44.736508726,0.000966048,0.002346522,-0.000118542,0.000168174,0.004039654,-0.000183188,0.001338717,0.000000000,0.000000000,0.000000000,0.000000000,0.000000000,0.000000000,0.000000000,0.000998256,0.000001968,-0.000988256,-0.000000133,0.000343920,0.000000405,-0.000242751,0.000000000,0.000000000,0.000000000,0.000000000,0.000000000,0.000000000,0.000000000,0.090135433,-0.172197916,-0.099764850,0.041744078,0.153430807,0.187358113,0.010385140
0.100000000,0,0.100000000,sample,0.216506683,0.000010944,0.000000000,0.000000000,0.000000000,0.000000000,0.000000000,0,0,2.000000000,0.080000000,0.000000000,0.000000000,0.001176700,0.000000000,0.005840066,0.000000000,0.000000000,0.000000000,0.001922466,0.612078179,1,68.219888592,0,0.000000000,0.204584820,0.024652543,0.204584820,0.024652543,0.730768469,0.062818607,0.436915429,0.023226343,0.380733607,0.002353399,0.380740677,2.000000000,0.000000000,0.000000000,0.000000000,1.000000000,1.021976111,0.561718220,0.524396683,0.000000000,1.052336563,0.561718220,0.524396683,1,0,0,0.000000000,0.080695017,-0.040192232,0.183651429,-0.009003538,-0.020590110,0.010135656,0.860620476,12.119923221,-0.546093525,-130.912061479,-0.111185361,142.885961851,44.736805305,0.001587867,0.000550499,-0.000418284,-0.000326659,-0.000373670,0.000301138,0.000599603,0.000000000,0.000000000,0.000000000,0.000000000,0.000000000,0.000000000,0.000000000,0.000801018,0.000001581,-0.000792985,-0.000000100,0.000276044,0.000000306,-0.000194842,0.000000000,0.000000000,0.000000000,0.000000000,0.000000000,0.000000000,0.000000000,0.097965030,-0.059513149,-0.171424810,0.073193880,0.379440890,0.288020262,0.013343515
0.150000000,0,0.150000000,sample,0.216506678,-0.000000100,0.000000000,0.000000000,0.000000000,0.000000000,0.000000000,0,0,2.000000000,0.080000000,0.000000000,0.000000000,0.000409400,0.000000000,0.003517149,0.000000000,0.000000000,0.000000000,0.001042176,0.392831866,1,37.376557764,0,0.000000000,0.198629122,0.025027070,0.203960770,0.025117821,0.409042431,0.062671049,0.407803592,0.018263422,0.348201120,0.000818800,0.348201682,2.000000000,0.000000000,0.000000000,0.000000000,1.000000000,1.111688020,0.612349990,0.600342457,0.000000000,1.111688020,0.612349990,0.601172484,1,0,0,0.000000000,0.079472441,-0.027281885,0.179981549,-0.009049215,-0.020157999,0.011752490,0.860164634,12.119510043,-0.547029436,-130.912100941,-0.110794141,142.886018149,44.736738833,0.000637149,0.000523371,0.000043515,0.000085414,-0.000170458,0.000544915,-0.000266606,0.000000000,0.000000000,0.000000000,0.000000000,0.000000000,0.000000000,0.000000000,0.000278693,0.000000551,-0.000275898,-0.000000035,0.000096039,0.000000106,-0.000067788,0.000000000,0.000000000,0.000000000,0.000000000,0.000000000,0.000000000,0.000000000,0.164032164,-0.059844760,-0.141545933,0.125301631,0.435527504,0.322966056,0.014003206
0.200000000,0,0.200000000,sample,0.216506379,-0.000005966,0.000000000,0.000000000,0.000000000,0.000000000,0.000000000,0,0,2.000000000,0.080000000,0.000000000,0.000000000,0.001430472,0.000000000,0.006225428,0.000000000,0.000000000,0.000000000,0.002005880,0.713139307,1,63.215830379,0,0.000000000,0.201882923,0.025001105,0.203510110,0.025363929,0.563506059,0.049915186,0.413121181,0.020365700,0.353644628,0.002860944,0.353655033,2.000000000,0.000000000,0.000000000,0.000000000,1.000000000,1.171490437,0.650057509,0.614412026,0.000000000,1.230141566,0.650057509,0.620420753,1,0,0,0.000000000,0.078654053,-0.031305166,0.183276407,-0.009034815,-0.020324529,0.011416694,0.860701240,12.120068899,-0.547129034,-130.911852465,-0.110772940,142.886161415,44.736826259,0.001594843,0.000791360,-0.000593307,0.000662932,-0.000072135,-0.000036502,0.000236121,0.000000000,0.000000000,0.000000000,0.000000000,0.000000000,0.000000000,0.000000000,0.000973768,0.000001926,-0.000964003,-0.000000122,0.000335582,0.000000371,-0.000236866,0.000000000,0.000000000,0.000000000,0.000000000,0.000000000,0.000000000,0.000000000,0.151669994,-0.043192905,-0.164654464,0.123327017,0.448659738,0.329914977,0.013138681
0.250000000,0,0.250000000,sample,0.216506086,-0.000005873,0.000000000,0.000000000,0.000000000,0.000000000,0.000000000,0,0,2.000000000,0.080000000,0.000000000,0.000000000,0.000387966,0.000000000,0.002140657,0.000000000,0.000000000,0.000000000,0.001846802,0.210074288,2,73.879709109,0,0.000000000,0.199429372,0.024508176,0.205070116,0.025072903,0.632702917,0.056735973,0.424482125,0.028270258,0.367655691,0.000775931,0.367654456,2.000000000,0.000000000,0.000000000,0.000000000,1.000000000,1.088984842,0.645720014,0.607052097,0.000000000,1.171236325,0.669414311,0.614809466,1,0,0,0.000000000,0.076028139,-0.038136394,0.180381296,-0.009189017,-0.019889418,0.010982883,0.861295724,12.119949119,-0.547017206,-130.911600545,-0.110561228,142.886225314,44.736927883,-0.000311111,0.001587387,0.000027045,0.000540234,-0.000276987,0.000307566,0.000574618,0.000000000,0.000000000,0.000000000,0.000000000,0.000000000,0.000000000,0.000000000,-0.000264101,-0.000000522,0.000261452,0.000000033,-0.000091014,-0.000000100,0.000064241,0.000000000,0.000000000,0.000000000,0.000000000,0.000000000,0.000000000,0.000000000,0.126098392,-0.072156081,-0.148206458,0.107995484,0.452124183,0.330387424,0.014305164
0.300000000,0,0.300000000,sample,0.216506316,0.000004611,0.000000000,0.000000000,0.000000000,0.000000000,0.000000000,0,0,2.000000000,0.080000000,0.000000000,0.000000000,0.000115219,0.000000000,0.001542650,0.000000000,0.000000000,0.000000000,0.000857442,0.134375866,2,63.602646974,0,0.000000000,0.196185878,0.024746936,0.199161693,0.024863435,0.370969044,0.037364796,0.378961408,0.017620525,0.317565892,0.000230439,0.317565613,2.000000000,0.000000000,0.000000000,0.000000000,1.000000000,1.234747525,0.661523030,0.611887986,0.000000000,1.257074053,0.668539618,0.640361859,1,0,0,0.000000000,0.076569422,-0.031173511,0.177916369,-0.009141372,-0.019717813,0.011834442,0.860927495,12.119524229,-0.547387418,-130.911811590,-0.110519225,142.886181676,44.737015147,0.000154617,-0.000683821,0.000212019,-0.000180240,-0.000062165,0.000146773,0.000375292,0.000000000,0.000000000,0.000000000,0.000000000,0.000000000,0.000000000,0.000000000,-0.000078434,-0.000000155,0.000077647,0.000000010,-0.000027029,-0.000000030,0.000019078,0.000000000,0.000000000,0.000000000,0.000000000,0.000000000,0.000000000,0.000000000,0.163359677,-0.015570834,-0.147872873,0.104877547,0.451041462,0.333225852,0.011598138
0.350000000,0,0.350000000,sample,0.216506091,-0.000004500,0.000000000,0.000000000,0.000000000,0.000000000,0.000000000,0,0,2.000000000,0.080000000,0.000000000,0.000000000,0.000547118,0.000000000,0.001159939,0.000000000,0.000000000,0.000000000,0.001635087,0.334610758,7,50.983211880,0,0.000000000,0.195494859,0.024498177,0.203478249,0.025241852,0.656294864,0.092824717,0.359587946,0.022153035,0.292907378,0.001094235,0.292909803,2.000000000,0.000000000,0.000000000,0.000000000,1.000000000,1.133844186,0.627592754,0.614456436,0.000000000,1.244317041,0.665893506,0.616500795,1,0,0,0.000000000,0.075078489,-0.036551672,0.176763785,-0.009333659,-0.019541457,0.011453162,0.861377864,12.119537846,-0.547293912,-130.911620516,-0.110233792,142.886181657,44.736948037,0.000566358,-0.000674374,-0.000503130,0.000522398,0.000071595,-0.000061321,0.001167493,0.000000000,0.000000000,0.000000000,0.000000000,0.000000000,0.000000000,0.000000000,0.000372441,0.000000737,-0.000368707,-0.000000046,0.000128346,0.000000141,-0.000090591,0.000000000,0.000000000,0.000000000,0.000000000,0.000000000,0.000000000,0.000000000,0.164551829,-0.052298159,-0.149509228,0.097009690,0.452609129,0.333121530,0.012467666
0.400000000,0,0.400000000,sample,0.216506058,-0.000000668,0.000000000,0.000000000,0.000000000,0.000000000,0.000000000,0,0,2.000000000,0.080000000,0.000000000,0.000000000,0.000845023,0.000000000,0.001125977,0.000000000,0.000000000,0.000000000,0.002591606,0.326061505,7,60.147729384,0,0.000000000,0.195655254,0.024503745,0.201427808,0.024979902,0.877668654,0.200327224,0.374633784,0.041914693,0.325009645,0.001690046,0.325013224,2.000000000,0.000000000,0.000000000,0.000000000,1.000000000,1.193439456,0.674069481,0.612400544,0.000000000,1.199921263,0.674470808,0.618154132,1,0,0,0.000000000,0.075285077,-0.035855822,0.176995750,-0.009223992,-0.019628876,0.011404329,0.861281242,12.119564831,-0.547253155,-130.911599029,-0.110428680,142.886099337,44.736997894,-0.001131305,0.000336514,-0.000398673,0.000927167,-0.000046958,-0.000512611,0.002009919,0.000000000,0.000000000,0.000000000,0.000000000,0.000000000,0.000000000,0.000000000,-0.000575236,-0.000001138,0.000569468,0.000000072,-0.000198231,-0.000000219,0.000139918,0.000000000,0.000000000,0.000000000,0.000000000,0.000000000,0.000000000,0.000000000,0.130431259,-0.037957283,-0.159382336,0.113886112,0.452885465,0.336133107,0.010856867
0.450000000,0,0.450000000,sample,0.216506138,0.000001606,0.000000000,0.000000000,0.000000000,0.000000000,0.000000000,0,0,2.000000000,0.080000000,0.000000000,0.000000000,0.000309699,0.000000000,0.004999077,0.000000000,0.000000000,0.000000000,0.001902838,0.162756431,1,32.826364236,0,0.000000000,0.196456509,0.024548068,0.203214546,0.025511717,1.131648855,0.177901354,0.380999851,0.019156803,0.320533173,0.000619398,0.320532331,2.000000000,0.000000000,0.000000000,0.000000000,1.000000000,1.144908369,0.619276149,0.619504584,0.000000000,1.192795231,0.673211824,0.628853278,1,0,0,0.000000000,0.075813631,-0.034774305,0.177871305,-0.009359303,-0.019707914,0.011252075,0.861200092,12.119620495,-0.547311499,-130.911662124,-0.110183792,142.886140886,44.736511807,0.001090218,0.000007861,0.000754240,0.000969888,-0.000313596,-0.000095023,-0.000902897,0.000000000,0.000000000,0.000000000,0.000000000,0.000000000,0.000000000,0.000000000,0.000210823,0.000000417,-0.000208709,-0.000000026,0.000072651,0.000000080,-0.000051280,0.000000000,0.000000000,0.000000000,0.000000000,0.000000000,0.000000000,0.000000000,0.190216355,-0.049762575,-0.131709300,0.103173779,0.452425128,0.335193061,0.009607311
0.500000000,0,0.500000000,sample,0.216506504,0.000007312,0.000000000,0.000000000,0.000000000,0.000000000,0.000000000,0,0,2.000000000,0.080000000,0.000000000,0.000000000,0.000957632,0.000000000,0.002497929,0.000000000,0.000000000,0.000000000,0.003145512,0.304444033,5,55.440523557,0,0.000000000,0.198277888,0.024754974,0.201067655,0.025319118,0.506029669,0.101016409,0.396432493,0.033097780,0.347266923,0.001915265,0.347271312,2.000000000,0.000000000,0.000000000,0.000000000,1.000000000,1.167282762,0.649814477,0.614942582,0.000000000,1.181651074,0.661696704,0.622516245,1,0,0,0.000000000,0.078034519,-0.033993581,0.179078672,-0.009338727,-0.019927587,0.011335262,0.861218186,12.119530270,-0.547407710,-130.911965606,-0.110183683,142.886134139,44.736518285,-0.000431215,-0.000595891,-0.000616463,-0.000664908,0.002342098,-0.000197422,-0.001733981,0.000000000,0.000000000,0.000000000,0.000000000,0.000000000,0.000000000,0.000000000,0.000651893,0.000001290,-0.000645356,-0.000000081,0.000224647,0.000000247,-0.000158564,0.000000000,0.000000000,0.000000000,0.000000000,0.000000000,0.000000000,0.000000000,0.158067566,-0.046145489,-0.141341795,0.113333015,0.452592320,0.336575523,0.009739165
0.550000000,0,0.550000000,sample,0.216506185,-0.000006374,0.000000000,0.000000000,0.000000000,0.000000000,0.000000000,0,0,2.000000000,0.080000000,0.000000000,0.000000000,0.000471044,0.000000000,0.000882554,0.000000000,0.000000000,0.000000000,0.001439109,0.327316203,2,33.918921528,0,0.000000000,0.200451844,0.024930130,0.201975560,0.025076555,0.605187541,0.039630911,0.428874981,0.026696821,0.372236298,0.000942087,0.372237112,2.000000000,0.000000000,0.000000000,0.000000000,1.000000000,1.149858909,0.644415168,0.611931097,0.000000000,1.192507562,0.665309579,0.614979435,1,0,0,0.000000000,0.077035882,-0.037254779,0.181269126,-0.009328185,-0.020048767,0.011512744,0.861474281,12.119967884,-0.547312001,-130.911697583,-0.110224478,142.886180935,44.737078711,0.000761855,0.000838136,-0.000123290,-0.000163916,0.000002097,0.000326962,0.000799476,0.000000000,0.000000000,0.000000000,0.000000000,0.000000000,0.000000000,0.000000000,0.000320655,0.000000634,-0.000317439,-0.000000040,0.000110504,0.000000122,-0.000077997,0.000000000,0.000000000,0.000000000,0.000000000,0.000000000,0.000000000,0.000000000,0.146225855,-0.049956206,-0.148246817,0.102597464,0.453062611,0.335596374,0.013712397
0.600000000,0,0.600000000,sample,0.216506463,0.000005551,0.000000000,0.000000000,0.000000000,0.000000000,0.000000000,0,0,2.000000000,0.080000000,0.000000000,0.000000000,0.000634119,0.000000000,0.001201967,0.000000000,0.000000000,0.000000000,0.002084763,0.304168251,7,82.701764690,0,0.000000000,0.197403379,0.024949978,0.203615488,0.025345913,0.160771810,0.098181747,0.392707017,0.029770717,0.335740405,0.001268237,0.335742493,2.000000000,0.000000000,0.000000000,0.000000000,1.000000000,1.144379749,0.632567758,0.615828730,0.000000000,1.153955099,0.644709774,0.617941223,1,0,0,0.000000000,0.077332659,-0.035182829,0.178185079,-0.009462110,-0.019777970,0.011908055,0.861227149,12.119473223,-0.547312001,-130.911921704,-0.110012283,142.886181685,44.737056956,-0.000197757,-0.000551233,0.000180451,-0.000534919,-0.000269879,0.000131611,0.001895894,0.000000000,0.000000000,0.000000000,0.000000000,0.000000000,0.000000000,0.000000000,-0.000431666,-0.000000854,0.000427338,0.000000054,-0.000148755,-0.000000163,0.000104996,0.000000000,0.000000000,0.000000000,0.000000000,0.000000000,0.000000000,0.000000000,0.164951215,-0.052640132,-0.137409447,0.106049902,0.453421688,0.336713608,0.013035283
0.650000000,0,0.650000000,sample,0.216506173,-0.000005785,0.000000000,0.000000000,0.000000000,0.000000000,0.000000000,0,0,2.000000000,0.080000000,0.000000000,0.000000000,0.001274035,0.000000000,0.001441084,0.000000000,0.000000000,0.000000000,0.001937005,0.657734513,7,48.320861267,0,0.000000000,0.202098283,0.024940147,0.203632180,0.025203033,0.561282027,0.125482177,0.431627370,0.028187338,0.385332943,0.002548071,0.385341306,2.000000000,0.000000000,0.000000000,0.000000000,1.000000000,1.154893008,0.642474980,0.618787296,0.000000000,1.189857132,0.651132276,0.620630671,1,0,0,0.000000000,0.077646262,-0.039332203,0.182394495,-0.009407509,-0.020237407,0.011133600,0.861684720,12.120079454,-0.547312001,-130.911692657,-0.110089871,142.886100087,44.736802207,0.001006426,0.000695633,-0.000567263,-0.000146706,-0.000073232,-0.000305817,-0.001346475,0.000000000,0.000000000,0.000000000,0.000000000,0.000000000,0.000000000,0.000000000,0.000867276,0.000001716,-0.000858580,-0.000000108,0.000298883,0.000000329,-0.000210962,0.000000000,0.000000000,0.000000000,0.000000000,0.000000000,0.000000000,0.000000000,0.153581444,-0.051733477,-0.147799326,0.108666670,0.455758094,0.339195519,0.014559480
0.700000000,0,0.700000000,sample,0.216506255,0.000001625,0.000000000,0.000000000,0.000000000,0.000000000,0.000000000,0,0,2.000000000,0.080000000,0.000000000,0.000000000,0.000090942,0.000000000,0.004039829,0.000000000,0.000000000,0.000000000,0.001619298,0.056161487,7,53.886137960,0,0.000000000,0.196484845,0.024705002,0.204517217,0.025391032,0.373206414,0.108890851,0.390985793,0.031592633,0.332707522,0.000181884,0.332707008,2.000000000,0.000000000,0.000000000,0.000000000,1.000000000,1.162134154,0.663075929,0.615987180,0.000000000,1.162134154,0.663075929,0.619367557,1,0,0,0.000000000,0.076137641,-0.035647469,0.177591137,-0.009400693,-0.019667650,0.011625302,0.861287441,12.119530990,-0.547312001,-130.911753346,-0.110115081,142.886181685,44.736916958,-0.000232259,0.000706415,-0.000315931,0.000713681,0.000213892,0.000035984,0.001188681,0.000000000,0.000000000,0.000000000,0.000000000,0.000000000,0.000000000,0.000000000,-0.000061907,-0.000000122,0.000061287,0.000000008,-0.000021334,-0.000000023,0.000015058,0.000000000,0.000000000,0.000000000,0.000000000,0.000000000,0.000000000,0.000000000,0.132117048,-0.047653414,-0.163799675,0.103438859,0.456862550,0.336614180,0.012329519
0.750000000,0,0.750000000,sample,0.216506382,0.000002548,0.000000000,0.000000000,0.000000000,0.000000000,0.000000000,0,0,2.000000000,0.080000000,0.000000000,0.000000000,0.000372509,0.000000000,0.001830933,0.000000000,0.000000000,0.000000000,0.000605320,0.615391937,3,95.290524244,0,0.000000000,0.201246927,0.025126239,0.203390543,0.025327237,0.349734477,0.030591754,0.405169027,0.020308723,0.345320006,0.000745019,0.345320788,2.000000000,0.000000000,0.000000000,0.000000000,1.000000000,1.160816067,0.648025640,0.617256768,0.000000000,1.184806743,0.665185047,0.619378349,1,0,0,0.000000000,0.078181295,-0.037739236,0.181559249,-0.009504892,-0.020157154,0.011604914,0.861383131,12.119880291,-0.547200360,-130.911852358,-0.109970253,142.886140858,44.736985353,0.000031391,-0.000031692,0.000590895,-0.000019793,0.000061370,0.000086173,0.000060684,0.000000000,0.000000000,0.000000000,0.000000000,0.000000000,0.000000000,0.000000000,-0.000253579,-0.000000502,0.000251036,0.000000031,-0.000087388,-0.000000096,0.000061681,0.000000000,0.000000000,0.000000000,0.000000000,0.000000000,0.000000000,0.000000000,0.154425217,-0.047460040,-0.148344173,0.106761325,0.455844819,0.336981702,0.012295276
0.800000000,0,0.800000000,sample,0.216506384,0.000000043,0.000000000,0.000000000,0.000000000,0.000000000,0.000000000,0,0,2.000000000,0.080000000,0.000000000,0.000000000,0.000189713,0.000000000,0.003983201,0.000000000,0.000000000,0.000000000,0.001925466,0.098528127,2,77.712062121,0,0.000000000,0.199040974,0.024800889,0.203759976,0.025543634,1.185149547,0.105763325,0.356424651,0.010930577,0.288609669,0.000379425,0.288608615,2.000000000,0.000000000,0.000000000,0.000000000,1.000000000,1.171090317,0.701358956,0.627289457,0.000000000,1.171090317,0.701379126,0.628434060,1,0,0,0.000000000,0.077427405,-0.040410637,0.178855491,-0.009503829,-0.019899556,0.011347643,0.861574586,12.119581742,-0.547105134,-130.911852448,-0.110011949,142.886100087,44.737045844,0.000422835,-0.001697384,0.000663451,0.000246848,-0.000005954,-0.000347087,0.000160973,0.000000000,0.000000000,0.000000000,0.000000000,0.000000000,0.000000000,0.000000000,-0.000129144,-0.000000255,0.000127849,0.000000016,-0.000044504,-0.000000049,0.000031413,0.000000000,0.000000000,0.000000000,0.000000000,0.000000000,0.000000000,0.000000000,0.080922861,-0.053101041,-0.217777363,0.108516877,0.459072281,0.337701148,0.011468032
0.850000000,0,0.850000000,sample,0.216506309,-0.000001493,0.000000000,0.000000000,0.000000000,0.000000000,0.000000000,0,0,2.000000000,0.080000000,0.000000000,0.000000000,0.000034864,0.000000000,0.001996941,0.000000000,0.000000000,0.000000000,0.000842477,0.041382742,2,42.312376098,0,0.000000000,0.197786447,0.024903616,0.202066411,0.025348836,0.333609612,0.027626810,0.396600901,0.019827502,0.339586883,0.000069728,0.339586599,2.000000000,0.000000000,0.000000000,0.000000000,1.000000000,1.152201720,0.638614626,0.620810426,0.000000000,1.180852670,0.700393522,0.625291162,1,0,0,0.000000000,0.076929012,-0.036537323,0.178511708,-0.009481981,-0.019831372,0.011704650,0.861383149,12.119585111,-0.547325563,-130.911801853,-0.109972430,142.886120648,44.736964495,0.000289065,-0.000548014,0.000242704,-0.000510362,0.000033692,0.000065157,0.000033686,0.000000000,0.000000000,0.000000000,0.000000000,0.000000000,0.000000000,0.000000000,0.000023733,0.000000047,-0.000023495,-0.000000003,0.000008179,0.000000009,-0.000005773,0.000000000,0.000000000,0.000000000,0.000000000,0.000000000,0.000000000,0.000000000,0.163876074,-0.051545655,-0.146353717,0.106135320,0.456403508,0.338761229,0.012075331
0.900000000,0,0.900000000,sample,0.216506370,0.000001219,0.000000000,0.000000000,0.000000000,0.000000000,0.000000000,0,0,2.000000000,0.080000000,0.000000000,0.000000000,0.000240729,0.000000000,0.003557243,0.000000000,0.000000000,0.000000000,0.000945230,0.254677998,7,65.708788837,0,0.000000000,0.202200985,0.025221987,0.204921190,0.025487221,0.279628092,0.027936776,0.414689021,0.024214819,0.359907732,0.000481459,0.359907933,2.000000000,0.000000000,0.000000000,0.000000000,1.000000000,1.136716557,0.644979152,0.623411089,0.000000000,1.183337890,0.653562674,0.633128069,1,0,0,0.000000000,0.078559035,-0.036294650,0.182746860,-0.009496026,-0.020285279,0.011596618,0.861383150,12.120009785,-0.547352686,-130.911850835,-0.109929367,142.886140886,44.736795468,-0.000112162,0.000430750,-0.000188281,-0.000000759,0.000267419,0.000035913,-0.000766213,0.000000000,0.000000000,0.000000000,0.000000000,0.000000000,0.000000000,0.000000000,0.000163872,0.000000324,-0.000162229,-0.000000020,0.000056474,0.000000062,-0.000039861,0.000000000,0.000000000,0.000000000,0.000000000,0.000000000,0.000000000,0.000000000,0.148166398,-0.060607961,-0.163809091,0.112091270,0.456455325,0.339293410,0.012059295
0.950000000,0,0.950000000,sample,0.216506250,-0.000002406,0.000000000,0.000000000,0.000000000,0.000000000,0.000000000,0,0,2.000000000,0.080000000,0.000000000,0.000000000,0.000266439,0.000000000,0.001353941,0.000000000,0.000000000,0.000000000,0.001566958,0.170035875,7,75.302449769,0,0.000000000,0.199665087,0.024765966,0.201969858,0.025339393,0.518999459,0.144838338,0.391066486,0.017291640,0.330777016,0.000532878,0.330777249,2.000000000,0.000000000,0.000000000,0.000000000,1.000000000,1.174927714,0.654938382,0.622321575,0.000000000,1.182704289,0.662403071,0.623193690,1,0,0,0.000000000,0.077071075,-0.038562087,0.180108750,-0.009461803,-0.019972018,0.011177919,0.861478858,12.119800975,-0.547200349,-130.911745800,-0.110045936,142.886140886,44.736714778,0.000500815,-0.000231279,0.000335041,0.000193556,-0.000313653,0.000232406,-0.001359759,0.000000000,0.000000000,0.000000000,0.000000000,0.000000000,0.000000000,0.000000000,0.000181374,0.000000359,-0.000179555,-0.000000023,0.000062504,0.000000069,-0.000044118,0.000000000,0.000000000,0.000000000,0.000000000,0.000000000,0.000000000,0.000000000,0.152986167,-0.045483305,-0.158041359,0.113461644,0.457144834,0.338873813,0.011965293
1.000000000,0,1.000000000,sample,0.216506198,-0.000001052,0.000000000,0.000000000,0.000000000,0.000000000,0.000000000,0,0,2.000000000,0.080000000,0.000000000,0.000000000,0.000117023,0.000000000,0.002422666,0.000000000,0.000000000,0.000000000,0.002053272,0.056993484,7,72.417930085,0,0.000000000,0.200763766,0.025345791,0.202839427,0.025499927,0.540287194,0.118507953,0.425508100,0.035836373,0.372556775,0.000234046,0.372556456,2.000000000,0.000000000,0.000000000,0.000000000,1.000000000,1.143819556,0.639102439,0.624036735,0.000000000,1.189263098,0.663188595,0.624116704,1,0,0,0.000000000,0.077228730,-0.036345574,0.181716296,-0.009599283,-0.020099149,0.012094919,0.861383149,12.120010015,-0.547366415,-130.911706118,-0.109753463,142.886181685,44.737140266,0.000191870,0.000939396,-0.000451204,-0.000027215,-0.000126332,0.000152564,0.001747308,0.000000000,0.000000000,0.000000000,0.000000000,0.000000000,0.000000000,0.000000000,0.000079661,0.000000158,-0.000078863,-0.000000010,0.000027453,0.000000030,-0.000019377,0.000000000,0.000000000,0.000000000,0.000000000,0.000000000,0.000000000,0.000000000,0.154785640,-0.055566287,-0.161893343,0.107994779,0.457944201,0.338466644,0.015190540
1.051000000,0,1.051000000,sample,0.216506343,0.000002842,0.000000000,0.000000000,0.000000000,0.000000000,0.000000000,0,0,2.000000000,0.080000000,0.000000000,0.000000000,0.000863760,0.000000000,0.004089213,0.000000000,0.000000000,0.000000000,0.001086428,0.795045914,3,52.363211213,0,0.000000000,0.199516691,0.025029645,0.202412092,0.025443742,0.360583656,0.039966770,0.411399585,0.025278350,0.360933466,0.001727520,0.360937802,2.000000000,0.000000000,0.000000000,0.000000000,1.000000000,1.176565232,0.639827048,0.622118526,0.000000000,1.176649619,0.685773681,0.630813815,1,0,0,0.000000000,0.077787795,-0.037130048,0.179937012,-0.009451044,-0.020048944,0.011627586,0.861383149,12.119706881,-0.547256289,-130.911830542,-0.110043675,142.886053459,44.737011790,-0.000315887,-0.000090461,0.000786166,-0.000347007,-0.000252450,-0.000375476,0.000359409,0.000000000,0.000000000,0.000000000,0.000000000,0.000000000,0.000000000,0.000000000,-0.000587990,-0.000001163,0.000582095,0.000000073,-0.000202628,-0.000000223,0.000143022,0.000000000,0.000000000,0.000000000,0.000000000,0.000000000,0.000000000,0.000000000,0.169592812,-0.041066454,-0.147264837,0.101326116,0.457558255,0.339265386,0.012992779
1.101000000,0,1.101000000,sample,0.216506346,0.000000079,0.000000000,0.000000000,0.000000000,0.000000000,0.000000000,0,0,2.000000000,0.080000000,0.000000000,0.000000000,0.000010684,0.000000000,0.001463007,0.000000000,0.000000000,0.000000000,0.001453507,0.007350306,7,54.105177036,0,0.000000000,0.202604383,0.025157716,0.203502538,0.025459504,0.491287901,0.023374644,0.422011217,0.024795949,0.362176763,0.000021367,0.362176064,2.000000000,0.000000000,0.000000000,0.000000000,1.000000000,1.149332143,0.637039151,0.626628760,0.000000000,1.177760579,0.650775994,0.626879682,1,0,0,0.000000000,0.078363266,-0.039670129,0.182576053,-0.009477929,-0.020258559,0.011518261,0.861614474,12.120010015,-0.547218430,-130.911824690,-0.110005108,142.886140886,44.737140266,0.000548690,0.000721841,0.000219711,0.000244574,-0.000165002,0.000110368,0.001069145,0.000000000,0.000000000,0.000000000,0.000000000,0.000000000,0.000000000,0.000000000,0.000007273,0.000000014,-0.000007200,-0.000000001,0.000002506,0.000000003,-0.000001769,0.000000000,0.000000000,0.000000000,0.000000000,0.000000000,0.000000000,0.000000000,0.162010120,-0.054130300,-0.158910090,0.109567715,0.459076865,0.339475384,0.015284943
1.151000000,0,1.151000000,sample,0.216506373,0.000000535,0.000000000,0.000000000,0.000000000,0.000000000,0.000000000,0,0,2.000000000,0.080000000,0.000000000,0.000000000,0.000393147,0.000000000,0.004107467,0.000000000,0.000000000,0.000000000,0.000951948,0.412992454,7,52.186062405,0,0.000000000,0.199362088,0.025163101,0.202050110,0.025506715,0.220290609,0.039777895,0.404854691,0.027046737,0.353230476,0.000786294,0.353231308,2.000000000,0.000000000,0.000000000,0.000000000,1.000000000,1.150063381,0.604970972,0.629783731,0.000000000,1.157264246,0.645770940,0.632480938,1,0,0,0.000000000,0.077811514,-0.035769434,0.180030992,-0.009464380,-0.020026536,0.011939222,0.861301000,12.119706937,-0.547322582,-130.911855264,-0.109998240,142.886100087,44.737140266,-0.000129319,-0.000277407,0.000274085,-0.000381954,-0.000026044,-0.000343401,0.000687686,0.000000000,0.000000000,0.000000000,0.000000000,0.000000000,0.000000000,0.000000000,-0.000267628,-0.000000529,0.000264945,0.000000033,-0.000092228,-0.000000101,0.000065098,0.000000000,0.000000000,0.000000000,0.000000000,0.000000000,0.000000000,0.000000000,0.211568126,-0.050607879,-0.118819085,0.102479537,0.457157516,0.339886629,0.013014349
1.201000000,0,1.201000000,sample,0.216506403,0.000000591,0.000000000,0.000000000,0.000000000,0.000000000,0.000000000,0,0,2.000000000,0.080000000,0.000000000,0.000000000,0.001429351,0.000000000,0.002262681,0.000000000,0.000000000,0.000000000,0.004237537,0.337306944,2,79.401917552,0,0.000000000,0.201905537,0.025441133,0.203704282,0.025441133,2.268093801,0.227947916,0.292832168,0.024893204,0.213129120,0.002858701,0.213140405,2.000000000,0.000000000,0.000000000,0.000000000,1.000000000,1.219333089,0.669172930,0.620630074,0.000000000,1.225469276,0.669385145,0.634956296,1,0,0,0.000000000,0.078576716,-0.035911950,0.182488020,-0.009635912,-0.020262093,0.011993666,0.861191732,12.119968745,-0.547228702,-130.911868526,-0.109740281,142.886140886,44.736971241,-0.001834634,-0.003775974,0.000377195,0.000044874,0.000030416,0.000014477,-0.000432936,0.000000000,0.000000000,0.000000000,0.000000000,0.000000000,0.000000000,0.000000000,-0.000973005,-0.000001925,0.000963248,0.000000120,-0.000335316,-0.000000367,0.000236678,0.000000000,0.000000000,0.000000000,0.000000000,0.000000000,0.000000000,0.000000000,0.145132578,-0.023898455,-0.173416131,0.096806026,0.458407970,0.337364695,0.012236092
1.251000000,0,1.251000000,sample,0.216506046,-0.000007132,0.000000000,0.000000000,0.000000000,0.000000000,0.000000000,0,0,2.000000000,0.080000000,0.000000000,0.000000000,0.000741493,0.000000000,0.001204750,0.000000000,0.000000000,0.000000000,0.002172660,0.341283747,2,56.889412562,0,0.000000000,0.198031130,0.024958546,0.204538764,0.025441955,0.864040465,0.070343335,0.425873766,0.023609537,0.366330015,0.001482987,0.366329480,2.000000000,0.000000000,0.000000000,0.000000000,1.000000000,0.943009127,0.608348843,0.655846320,0.000000000,1.347240334,0.704162730,0.657399349,1,0,0,0.000000000,0.075575766,-0.038516384,0.178944461,-0.009612286,-0.019765789,0.011825674,0.861574567,12.119801643,-0.547327585,-130.911580822,-0.109751943,142.886181685,44.737099467,0.001154048,0.001638730,0.000071645,0.000778869,0.000070725,0.000280373,0.000088343,0.000000000,0.000000000,0.000000000,0.000000000,0.000000000,0.000000000,0.000000000,0.000504759,0.000000999,-0.000499698,-0.000000062,0.000173947,0.000000191,-0.000122778,0.000000000,0.000000000,0.000000000,0.000000000,0.000000000,0.000000000,0.000000000,0.154220737,-0.151575643,-0.166249391,0.151093591,0.460460508,0.347458880,0.012469870
1.301000000,0,1.301000000,sample,0.216506320,0.000005470,0.000000000,0.000000000,0.000000000,0.000000000,0.000000000,0,0,2.000000000,0.080000000,0.000000000,0.000000000,0.000110883,0.000000000,0.001461870,0.000000000,0.000000000,0.000000000,0.007325219,0.015137175,2,97.992241475,0,0.000000000,0.202975796,0.025474175,0.204829689,0.025519358,4.120495911,0.427644466,0.607470614,0.078077876,0.601979384,0.000221766,0.601952409,2.000000000,0.000000000,0.000000000,0.000000000,1.000000000,1.201911517,0.659132569,0.627492742,0.000000000,1.245447652,0.671927009,0.655584231,1,0,0,0.000000000,0.078759727,-0.035478161,0.183677378,-0.009597870,-0.020409061,0.011844183,0.861292463,12.120131820,-0.547367836,-130.911811533,-0.109751608,142.886100087,44.736795471,-0.000300996,0.007251310,-0.000202325,-0.000061840,0.000045821,-0.000135925,-0.000959899,0.000000000,0.000000000,0.000000000,0.000000000,0.000000000,0.000000000,0.000000000,0.000075482,0.000000149,-0.000074725,-0.000000009,0.000026013,0.000000029,-0.000018361,0.000000000,0.000000000,0.000000000,0.000000000,0.000000000,0.000000000,0.000000000,0.162021566,-0.034311495,-0.163407814,0.106649283,0.460719629,0.340382484,0.010948941
1.351000000,0,1.351000000,sample,0.216506315,-0.000000092,0.000000000,0.000000000,0.000000000,0.000000000,0.000000000,0,0,2.000000000,0.080000000,0.000000000,0.000000000,0.000440888,0.000000000,0.001394157,0.000000000,0.000000000,0.000000000,0.001641708,0.268554612,2,48.621654760,0,0.000000000,0.197521609,0.025061531,0.203430624,0.025552114,0.652669062,0.060074572,0.372551497,0.019484744,0.311223070,0.000881776,0.311222764,2.000000000,0.000000000,0.000000000,0.000000000,1.000000000,1.177920528,0.644538084,0.627223742,0.000000000,1.201354828,0.659770327,0.652932867,1,0,0,0.000000000,0.076731174,-0.035500961,0.178512730,-0.009607353,-0.019780750,0.012020856,0.861287608,12.119595276,-0.547363774,-130.911801853,-0.109751166,142.886181685,44.736971241,-0.000843419,-0.001144750,-0.000105708,-0.000595545,-0.000023104,0.000366318,-0.000415723,0.000000000,0.000000000,0.000000000,0.000000000,0.000000000,0.000000000,0.000000000,-0.000300127,-0.000000594,0.000297118,0.000000037,-0.000103427,-0.000000113,0.000073002,0.000000000,0.000000000,0.000000000,0.000000000,0.000000000,0.000000000,0.000000000,0.162573598,-0.042259196,-0.163963622,0.098902128,0.460335602,0.341243947,0.013100001
1.401000000,0,1.401000000,sample,0.216506494,0.000003575,0.000000000,0.000000000,0.000000000,0.000000000,0.000000000,0,0,2.000000000,0.080000000,0.000000000,0.000000000,0.000467127,0.000000000,0.001482059,0.000000000,0.000000000,0.000000000,0.001729940,0.270025066,7,43.012140380,0,0.000000000,0.200727028,0.025248420,0.203543848,0.025504638,0.573653800,0.021062505,0.402604196,0.020422837,0.347686223,0.000934255,0.347686927,2.000000000,0.000000000,0.000000000,0.000000000,1.000000000,1.174684315,0.650628619,0.625661792,0.000000000,1.185396576,0.654500678,0.627454188,1,0,0,0.000000000,0.078544655,-0.034848862,0.181404614,-0.009550328,-0.020132839,0.011871931,0.861191734,12.119802645,-0.547327142,-130.911946257,-0.109852660,142.886181685,44.736843016,-0.000933031,-0.000423516,-0.000053338,-0.000712806,-0.000235970,0.000298231,-0.001134558,0.000000000,0.000000000,0.000000000,0.000000000,0.000000000,0.000000000,0.000000000,-0.000317989,-0.000000629,0.000314800,0.000000039,-0.000109584,-0.000000120,0.000077348,0.000000000,0.000000000,0.000000000,0.000000000,0.000000000,0.000000000,0.000000000,0.159521552,-0.043947667,-0.159414873,0.105443293,0.460380916,0.339759585,0.012474074
1.451000000,0,1.451000000,sample,0.216506437,-0.000001131,0.000000000,0.000000000,0.000000000,0.000000000,0.000000000,0,0,2.000000000,0.080000000,0.000000000,0.000000000,0.000972262,0.000000000,0.001111886,0.000000000,0.000000000,0.000000000,0.001480565,0.656682824,7,45.026174077,0,0.000000000,0.199758023,0.024988064,0.203642431,0.025556244,0.265506401,0.081573203,0.405978072,0.020961134,0.354130918,0.001944524,0.354136315,2.000000000,0.000000000,0.000000000,0.000000000,1.000000000,1.141139490,0.633558355,0.626900168,0.000000000,1.181672334,0.656047658,0.628712445,1,0,0,0.000000000,0.078204830,-0.036395030,0.180174011,-0.009480147,-0.020059295,0.011495862,0.861478858,12.119680840,-0.547434231,-130.911912964,-0.109934795,142.886100087,44.736714791,0.000780357,-0.000359021,-0.000429157,-0.000520020,-0.000052011,-0.000099564,-0.000993482,0.000000000,0.000000000,0.000000000,0.000000000,0.000000000,0.000000000,0.000000000,0.000661851,0.000001310,-0.000655215,-0.000000082,0.000228081,0.000000250,-0.000160988,0.000000000,0.000000000,0.000000000,0.000000000,0.000000000,0.000000000,0.000000000,0.164331787,-0.056170473,-0.157818178,0.103800436,0.459971077,0.339672326,0.014559318
1.501000000,0,1.501000000,sample,0.216506097,-0.000006808,0.000000000,0.000000000,0.000000000,0.000000000,0.000000000,0,0,2.000000000,0.080000000,0.000000000,0.000000000,0.000030158,0.000000000,0.001682183,0.000000000,0.000000000,0.000000000,0.001382808,0.021808949,2,50.226108589,0,0.000000000,0.196354376,0.024920078,0.203208242,0.025424640,1.089274114,0.114653701,0.340419418,0.015337576,0.266484158,0.000060315,0.266485172,2.000000000,0.000000000,0.000000000,0.000000000,1.000000000,1.181283912,0.651273559,0.628338581,0.000000000,1.187064638,0.654584821,0.629355044,1,0,0,0.000000000,0.075411231,-0.037566831,0.177360989,-0.009653116,-0.019640383,0.011919857,0.861383652,12.119595276,-0.547247277,-130.911620498,-0.109716619,142.886140886,44.737052839,-0.000073724,-0.000980002,-0.000030312,0.000944675,0.000208355,0.000062854,-0.000075022,0.000000000,0.000000000,0.000000000,0.000000000,0.000000000,0.000000000,0.000000000,0.000020529,0.000000041,-0.000020323,-0.000000003,0.000007075,0.000000008,-0.000004993,0.000000000,0.000000000,0.000000000,0.000000000,0.000000000,0.000000000,0.000000000,0.159578089,-0.043350015,-0.163147893,0.108909723,0.460835823,0.341227315,0.013441818
1.551000000,0,1.551000000,sample,0.216506318,0.000004425,0.000000000,0.000000000,0.000000000,0.000000000,0.000000000,0,0,2.000000000,0.080000000,0.000000000,0.000000000,0.000192586,0.000000000,0.001122319,0.000000000,0.000000000,0.000000000,0.000909805,0.211678074,4,51.048573438,0,0.000000000,0.200999500,0.025176519,0.204395882,0.025648602,0.596954489,0.059155146,0.427988718,0.027818027,0.379492546,0.000385172,0.379493104,2.000000000,0.000000000,0.000000000,0.000000000,1.000000000,1.068682872,0.629348104,0.641386906,0.000000000,1.204890071,0.663327449,0.657209513,1,0,0,0.000000000,0.077936233,-0.038045716,0.181326408,-0.009645612,-0.020153117,0.011604790,0.861409550,12.119884820,-0.547218649,-130.911802046,-0.109730510,142.886100087,44.736802217,-0.000028565,0.000378135,-0.000239667,-0.000650040,-0.000097402,0.000034554,-0.000439625,0.000000000,0.000000000,0.000000000,0.000000000,0.000000000,0.000000000,0.000000000,0.000131099,0.000000259,-0.000129785,-0.000000016,0.000045179,0.000000050,-0.000031889,0.000000000,0.000000000,0.000000000,0.000000000,0.000000000,0.000000000,0.000000000,0.159145001,-0.095584459,-0.166657121,0.129385448,0.461420330,0.345505987,0.010739848
1.601000000,0,1.601000000,sample,0.216506253,-0.000001298,0.000000000,0.000000000,0.000000000,0.000000000,0.000000000,0,0,2.000000000,0.080000000,0.000000000,0.000000000,0.000037250,0.000000000,0.002077511,0.000000000,0.000000000,0.000000000,0.003034016,0.012277330,6,92.165134771,0,0.000000000,0.198652662,0.025033670,0.202241634,0.025575743,0.335067885,0.113099563,0.397649394,0.035092370,0.367406858,0.000074499,0.367407375,2.000000000,0.000000000,0.000000000,0.000000000,1.000000000,1.174810212,0.647623776,0.631979714,0.000000000,1.393461380,0.711977474,0.639306817,1,0,0,0.000000000,0.076840285,-0.037627954,0.179283541,-0.009625395,-0.019886387,0.011771492,0.861478914,12.119706937,-0.547329174,-130.911752497,-0.109730483,142.886138637,44.736930442,0.000196696,-0.000196279,0.000187859,0.000756180,-0.000055489,-0.002912737,0.000183920,0.000000000,0.000000000,0.000000000,0.000000000,0.000000000,0.000000000,0.000000000,-0.000025357,-0.000000050,0.000025103,0.000000003,-0.000008738,-0.000000010,0.000006168,0.000000000,0.000000000,0.000000000,0.000000000,0.000000000,0.000000000,0.000000000,0.163911470,-0.048251706,-0.162772186,0.112252035,0.461444426,0.343533952,0.012701341
1.651000000,0,1.651000000,sample,0.216506192,-0.000001233,0.000000000,0.000000000,0.000000000,0.000000000,0.000000000,0,0,2.000000000,0.080000000,0.000000000,0.000000000,0.000136636,0.000000000,0.001627032,0.000000000,0.000000000,0.000000000,0.000784224,0.174230321,4,48.047659557,0,0.000000000,0.199047710,0.025161998,0.203568325,0.025558079,0.562942184,0.061787079,0.375083306,0.017209093,0.306442323,0.000273271,0.306442702,2.000000000,0.000000000,0.000000000,0.000000000,1.000000000,1.100838378,0.628332099,0.635928225,0.000000000,1.176940674,0.648935834,0.660353572,1,0,0,0.000000000,0.076729016,-0.037275543,0.179842106,-0.009616279,-0.019930750,0.011975747,0.861478858,12.119802645,-0.547365257,-130.911704078,-0.109730485,142.886140886,44.737099467,0.000067494,-0.000335401,0.000233520,0.000543596,0.000117242,0.000185888,0.000315641,0.000000000,0.000000000,0.000000000,0.000000000,0.000000000,0.000000000,0.000000000,-0.000093012,-0.000000184,0.000092080,0.000000012,-0.000032053,-0.000000035,0.000022624,0.000000000,0.000000000,0.000000000,0.000000000,0.000000000,0.000000000,0.000000000,0.160273948,-0.077626007,-0.169916893,0.108114718,0.461922356,0.344383090,0.012595731
1.701000000,0,1.701000000,sample,0.216506231,0.000000796,0.000000000,0.000000000,0.000000000,0.000000000,0.000000000,0,0,2.000000000,0.080000000,0.000000000,0.000000000,0.000721147,0.000000000,0.005384482,0.000000000,0.000000000,0.000000000,0.006958241,0.103639288,6,95.013369274,0,0.000000000,0.198594752,0.025271404,0.201826769,0.025611434,1.041531559,0.329092137,0.425163044,0.064597566,0.443633474,0.001442294,0.443637992,2.000000000,0.000000000,0.000000000,0.000000000,1.000000000,1.183174964,0.655379430,0.628970673,0.000000000,1.201721040,0.698781149,0.636731245,1,0,0,0.000000000,0.077136846,-0.036211148,0.179383766,-0.009612860,-0.019977289,0.012130322,0.861383149,12.119706937,-0.547383341,-130.911745008,-0.109730510,142.886039374,44.737140266,-0.000269706,-0.000347080,0.000261731,0.000717481,-0.000862555,-0.006782532,0.000945459,0.000000000,0.000000000,0.000000000,0.000000000,0.000000000,0.000000000,0.000000000,-0.000490909,-0.000000971,0.000485987,0.000000061,-0.000169173,-0.000000185,0.000119408,0.000000000,0.000000000,0.000000000,0.000000000,0.000000000,0.000000000,0.000000000,0.162423474,-0.042149249,-0.158397115,0.102169684,0.463100700,0.342568659,0.010115731
1.751000000,0,1.751000000,sample,0.216506612,0.000007605,0.000000000,0.000000000,0.000000000,0.000000000,0.000000000,0,0,2.000000000,0.080000000,0.000000000,0.000000000,0.000172523,0.000000000,0.003423356,0.000000000,0.000000000,0.000000000,0.001280943,0.134684517,4,73.868168423,0,0.000000000,0.202955592,0.025535168,0.203860864,0.025598255,0.827103428,0.092701183,0.438578788,0.034801550,0.393363558,0.000345046,0.393364364,2.000000000,0.000000000,0.000000000,0.000000000,1.000000000,1.169128679,0.655992074,0.629187909,0.000000000,1.189610964,0.655992074,0.634467223,1,0,0,0.000000000,0.079815772,-0.036352552,0.183027066,-0.009630408,-0.020369281,0.012016340,0.861396711,12.119898354,-0.547382857,-130.912046638,-0.109695511,142.886140886,44.737012040,-0.000483198,0.000225240,-0.000148712,-0.001100927,0.000321808,0.000068585,0.000119091,0.000000000,0.000000000,0.000000000,0.000000000,0.000000000,0.000000000,0.000000000,-0.000117442,-0.000000232,0.000116264,0.000000015,-0.000040473,-0.000000044,0.000028567,0.000000000,0.000000000,0.000000000,0.000000000,0.000000000,0.000000000,0.000000000,0.146711727,-0.048032059,-0.175112157,0.100363027,0.462707181,0.342128308,0.012621258
1.801000000,0,1.801000000,sample,0.216506356,-0.000005116,0.000000000,0.000000000,0.000000000,0.000000000,0.000000000,0,0,2.000000000,0.080000000,0.000000000,0.000000000,0.000539104,0.000000000,0.002371638,0.000000000,0.000000000,0.000000000,0.002088447,0.258136558,5,54.252132103,0,0.000000000,0.199693586,0.025091085,0.203997831,0.025536998,0.683131918,0.117118257,0.389719739,0.013192046,0.329466204,0.001078209,0.329467182,2.000000000,0.000000000,0.000000000,0.000000000,1.000000000,1.252837625,0.674088261,0.626937502,0.000000000,1.252837625,0.674088261,0.654074261,1,0,0,0.000000000,0.077606457,-0.038827711,0.179853204,-0.009619415,-0.020000657,0.011704834,0.861397232,12.119706881,-0.547118722,-130.911828144,-0.109812163,142.886100087,44.737052839,0.000559479,-0.000856096,0.000666255,-0.000265477,-0.001538267,0.000042591,0.000658209,0.000000000,0.000000000,0.000000000,0.000000000,0.000000000,0.000000000,0.000000000,-0.000366986,-0.000000726,0.000363307,0.000000045,-0.000126468,-0.000000139,0.000089265,0.000000000,0.000000000,0.000000000,0.000000000,0.000000000,0.000000000,0.000000000,0.155626389,-0.010238656,-0.172880563,0.090745309,0.464020358,0.339251442,0.014049727
1.851000000,0,1.851000000,sample,0.216506324,-0.000000635,0.000000000,0.000000000,0.000000000,0.000000000,0.000000000,0,0,2.000000000,0.080000000,0.000000000,0.000000000,0.000166820,0.000000000,0.003468214,0.000000000,0.000000000,0.000000000,0.001134965,0.146982807,7,50.117281694,0,0.000000000,0.200558816,0.025298868,0.202456308,0.025616611,0.601818838,0.049201713,0.382489718,0.019247249,0.316494313,0.000333641,0.316494435,2.000000000,0.000000000,0.000000000,0.000000000,1.000000000,1.178376256,0.651613930,0.631499112,0.000000000,1.261070665,0.676242901,0.634889743,1,0,0,0.000000000,0.077911137,-0.037190336,0.181026441,-0.009633451,-0.020123623,0.011927663,0.861479528,12.119843247,-0.547377227,-130.911815251,-0.109695511,142.886100087,44.737012040,0.000288578,-0.000522076,0.000385916,0.000342559,0.000130423,-0.000058588,0.000803482,0.000000000,0.000000000,0.000000000,0.000000000,0.000000000,0.000000000,0.000000000,-0.000113560,-0.000000225,0.000112421,0.000000014,-0.000039135,-0.000000043,0.000027623,0.000000000,0.000000000,0.000000000,0.000000000,0.000000000,0.000000000,0.000000000,0.158986542,-0.045915536,-0.167288976,0.112008396,0.462276297,0.342014221,0.014198135
1.901000000,0,1.901000000,sample,0.216506190,-0.000002688,0.000000000,0.000000000,0.000000000,0.000000000,0.000000000,0,0,2.000000000,0.080000000,0.000000000,0.000000000,0.000183047,0.000000000,0.001193142,0.000000000,0.000000000,0.000000000,0.001355870,0.135003718,7,38.926020317,0,0.000000000,0.200556212,0.025020028,0.203372522,0.025617378,0.467855287,0.105017059,0.420517579,0.024088084,0.367784254,0.000366095,0.367783801,2.000000000,0.000000000,0.000000000,0.000000000,1.000000000,1.208740521,0.659436840,0.627979395,0.000000000,1.208740521,0.659436840,0.655721715,1,0,0,0.000000000,0.077135632,-0.039574952,0.180849969,-0.009641098,-0.020071522,0.011409867,0.861479361,12.119912390,-0.547124229,-130.911692641,-0.109771281,142.886100087,44.736802217,0.000124655,0.000822702,0.000490510,0.000269252,-0.000334560,-0.000073264,-0.000845937,0.000000000,0.000000000,0.000000000,0.000000000,0.000000000,0.000000000,0.000000000,-0.000124606,-0.000000246,0.000123357,0.000000015,-0.000042942,-0.000000047,0.000030310,0.000000000,0.000000000,0.000000000,0.000000000,0.000000000,0.000000000,0.000000000,0.156211102,-0.029130730,-0.172996172,0.095597429,0.462783251,0.340123344,0.013741980
1.951000000,0,1.951000000,sample,0.216506453,0.000005265,0.000000000,0.000000000,0.000000000,0.000000000,0.000000000,0,0,2.000000000,0.080000000,0.000000000,0.000000000,0.000783372,0.000000000,0.001639480,0.000000000,0.000000000,0.000000000,0.001928215,0.406268223,7,61.508127698,0,0.000000000,0.202872598,0.025442947,0.203424649,0.025683302,0.635783394,0.112152958,0.436497106,0.028332197,0.389308976,0.001566745,0.389311703,2.000000000,0.000000000,0.000000000,0.000000000,1.000000000,1.166201647,0.645556270,0.636497123,0.000000000,1.399848635,0.714495358,0.636497123,1,0,0,0.000000000,0.079305081,-0.035614240,0.183301994,-0.009572461,-0.020399631,0.011813831,0.861383658,12.120010015,-0.547438801,-130.911924177,-0.109771030,142.886100087,44.736802217,0.000377314,0.001032900,-0.000444540,-0.000083840,-0.000105878,-0.000077645,-0.001512243,0.000000000,0.000000000,0.000000000,0.000000000,0.000000000,0.000000000,0.000000000,0.000533267,0.000001055,-0.000527919,-0.000000066,0.000183774,0.000000201,-0.000129715,0.000000000,0.000000000,0.000000000,0.000000000,0.000000000,0.000000000,0.000000000,0.169785666,-0.053291094,-0.165536568,0.120769488,0.462142627,0.343155274,0.011937340
2.001000000,0,2.001000000,sample,0.216506405,-0.000000958,0.000000000,0.000000000,0.000000000,0.000000000,0.000000000,0,0,2.000000000,0.080000000,0.000000000,0.000000000,0.000580608,0.000000000,0.001433376,0.000000000,0.000000000,0.000000000,0.001351174,0.429706236,2,52.930534856,0,0.000000000,0.199944285,0.025066181,0.204507226,0.025531308,0.782505816,0.099818437,0.368503375,0.011339546,0.300624540,0.001161215,0.300626611,2.000000000,0.000000000,0.000000000,0.000000000,1.000000000,1.149320823,0.642479307,0.635807967,0.000000000,1.173307041,0.648795969,0.637864957,1,0,0,0.000000000,0.077750836,-0.038996871,0.180032688,-0.009647100,-0.019996228,0.011636054,0.861397232,12.119706937,-0.547105385,-130.911864052,-0.109771281,142.886140886,44.736964496,-0.000178066,-0.000983024,0.000737597,0.000279375,-0.000129386,0.000115637,-0.000418824,0.000000000,0.000000000,0.000000000,0.000000000,0.000000000,0.000000000,0.000000000,-0.000395239,-0.000000782,0.000391276,0.000000049,-0.000136204,-0.000000149,0.000096138,0.000000000,0.000000000,0.000000000,0.000000000,0.000000000,0.000000000,0.000000000,0.163652940,-0.057174317,-0.171259040,0.112996522,0.463725652,0.341864304,0.013785108
2.051000000,0,2.051000000,sample,0.216506200,-0.000004099,0.000000000,0.000000000,0.000000000,0.000000000,0.000000000,0,0,2.000000000,0.080000000,0.000000000,0.000000000,0.000317082,0.000000000,0.001839216,0.000000000,0.000000000,0.000000000,0.002267658,0.139827827,7,51.555327904,0,0.000000000,0.200930261,0.025129478,0.202383774,0.025448020,0.664702238,0.116348534,0.432637153,0.026881710,0.379299031,0.000634163,0.379297840,2.000000000,0.000000000,0.000000000,0.000000000,1.000000000,1.164546725,0.655034095,0.628170935,0.000000000,1.180437676,0.655034095,0.636590886,1,0,0,0.000000000,0.076958742,-0.038559973,0.181558394,-0.009714178,-0.020040918,0.011639888,0.861398720,12.120010015,-0.547165651,-130.911692538,-0.109634472,142.886228312,44.736802217,0.000210772,0.001438869,0.000266258,0.000372555,0.000347256,0.000214733,-0.001628225,0.000000000,0.000000000,0.000000000,0.000000000,0.000000000,0.000000000,0.000000000,0.000215848,0.000000427,-0.000213683,-0.000000027,0.000074386,0.000000081,-0.000052504,0.000000000,0.000000000,0.000000000,0.000000000,0.000000000,0.000000000,0.000000000,0.161789321,-0.045881137,-0.170417914,0.116707939,0.461166730,0.332923100,0.011929312
2.101000000,0,2.101000000,sample,0.216506338,0.000002766,0.000000000,0.000000000,0.000000000,0.000000000,0.000000000,0,0,2.000000000,0.080000000,0.000000000,0.000000000,0.000332774,0.000000000,0.001500832,0.000000000,0.000000000,0.000000000,0.001132051,0.293956995,7,55.974764320,0,0.000000000,0.200187413,0.025431904,0.202541166,0.025553796,0.152885560,0.063696534,0.401169388,0.026004385,0.338205836,0.000665549,0.338206462,2.000000000,0.000000000,0.000000000,0.000000000,1.000000000,1.147583308,0.643211700,0.624314664,0.000000000,1.187686026,0.658337269,0.628470833,1,0,0,0.000000000,0.077301406,-0.035499358,0.181216138,-0.009702270,-0.019968373,0.012406119,0.861383826,12.119898354,-0.547475492,-130.911815326,-0.109547374,142.886309910,44.737181056,0.000252718,0.000305387,-0.000410111,0.000118692,0.000102675,0.000462874,0.000846959,0.000000000,0.000000000,0.000000000,0.000000000,0.000000000,0.000000000,0.000000000,0.000226530,0.000000448,-0.000224259,-0.000000028,0.000078067,0.000000085,-0.000055102,0.000000000,0.000000000,0.000000000,0.000000000,0.000000000,0.000000000,0.000000000,0.173155027,-0.045582081,-0.165020945,0.108501319,0.459602723,0.327641308,0.010975950
2.151000000,0,2.151000000,sample,0.216506515,0.000003531,0.000000000,0.000000000,0.000000000,0.000000000,0.000000000,0,0,2.000000000,0.080000000,0.000000000,0.000000000,0.000677013,0.000000000,0.001231209,0.000000000,0.000000000,0.000000000,0.002145153,0.315601442,1,42.197962353,0,0.000000000,0.202787314,0.025265342,0.202787314,0.025476543,1.355980319,0.130971836,0.466873480,0.035515590,0.423451708,0.001354027,0.423453280,2.000000000,0.000000000,0.000000000,0.000000000,1.000000000,1.167142877,0.653155059,0.623686967,0.000000000,1.168908373,0.657022346,0.626236793,1,0,0,0.000000000,0.078971904,-0.040291728,0.182380672,-0.009632722,-0.020241128,0.011655254,0.861710692,12.119898355,-0.547274151,-130.911959248,-0.109730479,142.886181686,44.737099467,0.001393490,0.001304103,0.000189953,-0.000536123,-0.000091710,-0.000261444,0.000747600,0.000000000,0.000000000,0.000000000,0.000000000,0.000000000,0.000000000,0.000000000,0.000460865,0.000000912,-0.000456243,-0.000000057,0.000158822,0.000000174,-0.000112102,0.000000000,0.000000000,0.000000000,0.000000000,0.000000000,0.000000000,0.000000000,0.164669598,-0.038932522,-0.167836664,0.109895828,0.460957451,0.327782470,0.013574160
2.201000000,0,2.201000000,sample,0.216506335,-0.000003595,0.000000000,0.000000000,0.000000000,0.000000000,0.000000000,0,0,2.000000000,0.080000000,0.000000000,0.000000000,0.001189928,0.000000000,0.001561296,0.000000000,0.000000000,0.000000000,0.001620524,0.734285584,3,40.013865291,0,0.000000000,0.200971468,0.025349575,0.203629771,0.025650946,0.783989749,0.094060745,0.438889452,0.034195259,0.396065688,0.002379855,0.396073801,2.000000000,0.000000000,0.000000000,0.000000000,1.000000000,1.151236108,0.648001057,0.622230618,0.000000000,1.181945181,0.660180812,0.625521523,1,0,0,0.000000000,0.077838580,-0.037685736,0.181412435,-0.009787307,-0.020128684,0.011901498,0.861193239,12.119899864,-0.547067920,-130.911802827,-0.109547364,142.886140886,44.736883815,-0.000738831,0.000390589,0.001025087,-0.000786861,0.000163266,-0.000431863,0.000211074,0.000000000,0.000000000,0.000000000,0.000000000,0.000000000,0.000000000,0.000000000,-0.000810022,-0.000001602,0.000801900,0.000000100,-0.000279148,-0.000000305,0.000197032,0.000000000,0.000000000,0.000000000,0.000000000,0.000000000,0.000000000,0.000000000,0.162930722,-0.043170127,-0.169155965,0.105797549,0.460467241,0.326701989,0.013774269
2.251000000,0,2.251000000,sample,0.216506260,-0.000001493,0.000000000,0.000000000,0.000000000,0.000000000,0.000000000,0,0,2.000000000,0.080000000,0.000000000,0.000000000,0.000566100,0.000000000,0.001395444,0.000000000,0.000000000,0.000000000,0.002530459,0.223714311,7,55.049860611,0,0.000000000,0.198910582,0.025118389,0.203396373,0.025581406,0.791143124,0.027087033,0.386877868,0.019406803,0.325900327,0.001132200,0.325901559,2.000000000,0.000000000,0.000000000,0.000000000,1.000000000,1.139265946,0.640089798,0.628573020,0.000000000,1.150423645,0.648322148,0.630139052,1,0,0,0.000000000,0.076839154,-0.034660837,0.180166008,-0.009638712,-0.019907548,0.011904547,0.861191752,12.119816347,-0.547363831,-130.911753303,-0.109695510,142.886228312,44.736714791,-0.001405993,0.000515677,-0.000014998,0.000717432,0.000295568,0.000182278,-0.001877489,0.000000000,0.000000000,0.000000000,0.000000000,0.000000000,0.000000000,0.000000000,-0.000385363,-0.000000763,0.000381499,0.000000048,-0.000132802,-0.000000145,0.000093736,0.000000000,0.000000000,0.000000000,0.000000000,0.000000000,0.000000000,0.000000000,0.169427099,-0.049415546,-0.176633677,0.106528089,0.461650861,0.328806452,0.013180059
2.301000000,0,2.301000000,sample,0.216506264,0.000000068,0.000000000,0.000000000,0.000000000,0.000000000,0.000000000,0,0,2.000000000,0.080000000,0.000000000,0.000000000,0.000641317,0.000000000,0.001127240,0.000000000,0.000000000,0.000000000,0.001139300,0.562904557,4,42.961513268,0,0.000000000,0.200301985,0.025295433,0.202453861,0.025348518,0.446523318,0.032471765,0.392824415,0.018485608,0.326979274,0.001282634,0.326981737,2.000000000,0.000000000,0.000000000,0.000000000,1.000000000,1.157307212,0.654025746,0.628124021,0.000000000,1.178480926,0.656715371,0.629628529,1,0,0,0.000000000,0.077043370,-0.038332204,0.180875223,-0.009751660,-0.019980768,0.012063704,0.861389363,12.119898354,-0.547187406,-130.911745083,-0.109565567,142.886228312,44.737140266,-0.000153752,0.000333777,0.000691265,0.000746754,-0.000064383,0.000092132,0.000338872,0.000000000,0.000000000,0.000000000,0.000000000,0.000000000,0.000000000,0.000000000,-0.000436565,-0.000000864,0.000432188,0.000000054,-0.000150448,-0.000000165,0.000106192,0.000000000,0.000000000,0.000000000,0.000000000,0.000000000,0.000000000,0.000000000,0.157489838,-0.044758627,-0.177920298,0.109058189,0.463616406,0.330192331,0.014728690
2.351000000,0,2.351000000,sample,0.216506317,0.000001060,0.000000000,0.000000000,0.000000000,0.000000000,0.000000000,0,0,2.000000000,0.080000000,0.000000000,0.000000000,0.000021703,0.000000000,0.001295888,0.000000000,0.000000000,0.000000000,0.001183379,0.018339987,2,44.077083281,0,0.000000000,0.198650878,0.025142038,0.202991283,0.025511779,0.629802432,0.045743804,0.388949453,0.018948020,0.326618605,0.000043406,0.326618024,2.000000000,0.000000000,0.000000000,0.000000000,1.000000000,1.176132924,0.656560792,0.624225481,0.000000000,1.176132924,0.656560792,0.653000421,1,0,0,0.000000000,0.076762869,-0.037285043,0.179386339,-0.009710192,-0.019816587,0.012047287,0.861383168,12.119706955,-0.547285964,-130.911792626,-0.109605083,142.886248550,44.737052839,0.000417665,-0.000785652,0.000526805,-0.000267193,0.000491417,0.000029557,0.000131962,0.000000000,0.000000000,0.000000000,0.000000000,0.000000000,0.000000000,0.000000000,0.000014774,0.000000029,-0.000014626,-0.000000002,0.000005091,0.000000006,-0.000003594,0.000000000,0.000000000,0.000000000,0.000000000,0.000000000,0.000000000,0.000000000,0.165867691,-0.033303287,-0.168024040,0.101685424,0.463530103,0.327764241,0.013217176
2.401000000,0,2.401000000,sample,0.216506085,-0.000004647,0.000000000,0.000000000,0.000000000,0.000000000,0.000000000,0,0,2.000000000,0.080000000,0.000000000,0.000000000,0.000126698,0.000000000,0.001462690,0.000000000,0.000000000,0.000000000,0.001235770,0.102525882,4,39.828491387,0,0.000000000,0.198503091,0.024938843,0.202383430,0.025528767,0.696942811,0.065135177,0.380125028,0.014777529,0.307715267,0.000253397,0.307715280,2.000000000,0.000000000,0.000000000,0.000000000,1.000000000,1.172353971,0.652124411,0.627394427,0.000000000,1.187356456,0.660397941,0.629561922,1,0,0,0.000000000,0.075602450,-0.039998228,0.179130925,-0.009674156,-0.019751979,0.011756527,0.861545913,12.119816198,-0.547151873,-130.911598571,-0.109710242,142.886228312,44.737140266,0.000410789,0.000027846,0.000409344,0.000779893,-0.000086604,0.000362195,0.000665677,0.000000000,0.000000000,0.000000000,0.000000000,0.000000000,0.000000000,0.000000000,-0.000086248,-0.000000171,0.000085383,0.000000011,-0.000029722,-0.000000033,0.000020979,0.000000000,0.000000000,0.000000000,0.000000000,0.000000000,0.000000000,0.000000000,0.172150950,-0.037788805,-0.164990142,0.108674887,0.463223167,0.329829593,0.012829004
2.451000000,0,2.451000000,sample,0.216506083,-0.000000022,0.000000000,0.000000000,0.000000000,0.000000000,0.000000000,0,0,2.000000000,0.080000000,0.000000000,0.000000000,0.000540025,0.000000000,0.001520201,0.000000000,0.000000000,0.000000000,0.002398348,0.225165577,7,85.417920252,0,0.000000000,0.199374244,0.024836463,0.203854771,0.025589201,0.525554226,0.165644933,0.397399573,0.022053816,0.339526093,0.001080051,0.339527333,2.000000000,0.000000000,0.000000000,0.000000000,1.000000000,1.153892475,0.645840710,0.629476833,0.000000000,1.177758910,0.654195188,0.631665969,1,0,0,0.000000000,0.075878217,-0.039207035,0.180153806,-0.009648553,-0.019845314,0.011398195,0.861547897,12.119928962,-0.547233411,-130.911600544,-0.109723439,142.886250798,44.736714791,0.000506193,0.000306235,0.000339010,0.000554105,0.000240764,0.000093985,-0.002216597,0.000000000,0.000000000,0.000000000,0.000000000,0.000000000,0.000000000,0.000000000,0.000367613,0.000000727,-0.000363927,-0.000000045,0.000126686,0.000000139,-0.000089420,0.000000000,0.000000000,0.000000000,0.000000000,0.000000000,0.000000000,0.000000000,0.171144032,-0.044441153,-0.171971918,0.105290824,0.463784301,0.330234946,0.012817628
2.501000000,0,2.501000000,sample,0.216505938,-0.000002902,0.000000000,0.000000000,0.000000000,0.000000000,0.000000000,0,0,2.000000000,0.080000000,0.000000000,0.000000000,0.000432688,0.000000000,0.001058025,0.000000000,0.000000000,0.000000000,0.001827568,0.236756402,4,52.373820557,0,0.000000000,0.196676979,0.025130363,0.202243489,0.025359962,0.840601529,0.101044235,0.369373434,0.028955353,0.311238459,0.000865377,0.311239640,2.000000000,0.000000000,0.000000000,0.000000000,1.000000000,1.173499238,0.654896145,0.629114724,0.000000000,1.173499238,0.656585386,0.631730995,1,0,0,0.000000000,0.075083396,-0.034380564,0.178500125,-0.009582476,-0.019730603,0.012264363,0.861287449,12.119802664,-0.547479957,-130.911504330,-0.109748662,142.886140886,44.737099467,-0.000265502,0.000416537,-0.000965669,0.001322607,0.000122393,-0.000488358,0.000400913,0.000000000,0.000000000,0.000000000,0.000000000,0.000000000,0.000000000,0.000000000,0.000294545,0.000000583,-0.000291592,-0.000000036,0.000101505,0.000000111,-0.000071645,0.000000000,0.000000000,0.000000000,0.000000000,0.000000000,0.000000000,0.000000000,0.169741786,-0.037268144,-0.173630210,0.108795956,0.463754313,0.329207334,0.012434085
2.551000000,0,2.551000000,sample,0.216506236,0.000005962,0.000000000,0.000000000,0.000000000,0.000000000,0.000000000,0,0,2.000000000,0.080000000,0.000000000,0.000000000,0.000124927,0.000000000,0.001555775,0.000000000,0.000000000,0.000000000,0.001417142,0.088153809,2,86.053653465,0,0.000000000,0.198331653,0.024994885,0.204977702,0.025672579,0.935945471,0.103685428,0.355414971,0.010158658,0.286108066,0.000249853,0.286107686,2.000000000,0.000000000,0.000000000,0.000000000,1.000000000,1.122920302,0.638885116,0.630067556,0.000000000,1.170798821,0.654386648,0.634412687,1,0,0,0.000000000,0.076543841,-0.037218701,0.179140317,-0.009599079,-0.019829659,0.011806209,0.861397214,12.119711956,-0.547287543,-130.911733907,-0.109789192,142.886181686,44.736971241,0.000150877,-0.001314614,0.000319498,0.000309373,-0.000168853,0.000012937,-0.000175642,0.000000000,0.000000000,0.000000000,0.000000000,0.000000000,0.000000000,0.000000000,-0.000085042,-0.000000168,0.000084189,0.000000011,-0.000029306,-0.000000032,0.000020685,0.000000000,0.000000000,0.000000000,0.000000000,0.000000000,0.000000000,0.000000000,0.166113779,-0.056645928,-0.173613508,0.106470868,0.464331425,0.329977846,0.014691116
2.601000000,0,2.601000000,sample,0.216506249,0.000000245,0.000000000,0.000000000,0.000000000,0.000000000,0.000000000,0,0,2.000000000,0.080000000,0.000000000,0.000000000,0.000126057,0.000000000,0.001406159,0.000000000,0.000000000,0.000000000,0.000661191,0.190651369,4,31.801969725,0,0.000000000,0.198694033,0.024901021,0.203735295,0.025637980,0.379850809,0.049934914,0.381238763,0.015419522,0.314697275,0.000252114,0.314697485,2.000000000,0.000000000,0.000000000,0.000000000,1.000000000,1.149516063,0.647005750,0.628297174,0.000000000,1.149516063,0.647099233,0.631877928,1,0,0,0.000000000,0.076460098,-0.038886866,0.179223279,-0.009597391,-0.019800706,0.011656886,0.861546114,12.119724990,-0.547256624,-130.911738840,-0.109802776,142.886228562,44.737012040,0.000074352,-0.000178619,0.000084404,0.000372867,-0.000333293,0.000282802,0.000250050,0.000000000,0.000000000,0.000000000,0.000000000,0.000000000,0.000000000,0.000000000,-0.000085811,-0.000000170,0.000084951,0.000000011,-0.000029572,-0.000000032,0.000020873,0.000000000,0.000000000,0.000000000,0.000000000,0.000000000,0.000000000,0.000000000,0.166167146,-0.045238671,-0.174321983,0.104607506,0.464028123,0.329011368,0.014064755
2.651000000,0,2.651000000,sample,0.216506456,0.000004152,0.000000000,0.000000000,0.000000000,0.000000000,0.000000000,0,0,2.000000000,0.080000000,0.000000000,0.000000000,0.001432050,0.000000000,0.001793522,0.000000000,0.000000000,0.000000000,0.002212183,0.647346901,1,62.150943028,0,0.000000000,0.200363522,0.025422059,0.202912730,0.025580926,0.898695747,0.166817965,0.398828847,0.038608005,0.345983659,0.002864100,0.345994832,2.000000000,0.000000000,0.000000000,0.000000000,1.000000000,1.128746478,0.646130016,0.631410046,0.000000000,1.163162446,0.654419361,0.631929760,1,0,0,0.000000000,0.078036503,-0.033934833,0.181395348,-0.009634029,-0.020047892,0.012310507,0.861093652,12.119843266,-0.547342718,-130.911908596,-0.109707696,142.886269111,44.737052839,-0.001743994,-0.000141146,0.000057979,-0.000392716,-0.000009980,0.000407243,0.001228325,0.000000000,0.000000000,0.000000000,0.000000000,0.000000000,0.000000000,0.000000000,-0.000974843,-0.000001929,0.000965068,0.000000121,-0.000335947,-0.000000368,0.000237123,0.000000000,0.000000000,0.000000000,0.000000000,0.000000000,0.000000000,0.000000000,0.169906082,-0.055181135,-0.169614959,0.110057314,0.465768279,0.329862121,0.011604202
2.701000000,0,2.701000000,sample,0.216506326,-0.000002601,0.000000000,0.000000000,0.000000000,0.000000000,0.000000000,0,0,2.000000000,0.080000000,0.000000000,0.000000000,0.000876250,0.000000000,0.001699302,0.000000000,0.000000000,0.000000000,0.001217724,0.719580007,3,74.479032450,0,0.000000000,0.197897193,0.025280877,0.204363882,0.025641998,0.448712172,0.080590340,0.394600280,0.030452241,0.343427038,0.001752499,0.343431633,2.000000000,0.000000000,0.000000000,0.000000000,1.000000000,0.948911748,0.608627364,0.654418638,0.000000000,1.150165705,0.651989382,0.654418638,1,0,0,0.000000000,0.077015023,-0.036065881,0.178693138,-0.009742658,-0.019838376,0.012273639,0.861437458,12.119596948,-0.547475485,-130.911817424,-0.109486225,142.886141163,44.737052839,0.000231537,0.000078827,-0.001050911,0.000093661,0.000287421,-0.000329602,0.000344375,0.000000000,0.000000000,0.000000000,0.000000000,0.000000000,0.000000000,0.000000000,0.000596493,0.000001181,-0.000590512,-0.000000074,0.000205557,0.000000225,-0.000145089,0.000000000,0.000000000,0.000000000,0.000000000,0.000000000,0.000000000,0.000000000,0.164889241,-0.139577873,-0.171321813,0.148122117,0.465296845,0.337042266,0.014259780
2.751000000,0,2.751000000,sample,0.216506467,0.000002811,0.000000000,0.000000000,0.000000000,0.000000000,0.000000000,0,0,2.000000000,0.080000000,0.000000000,0.000000000,0.000157455,0.000000000,0.001393654,0.000000000,0.000000000,0.000000000,0.000926478,0.169950498,4,62.300572236,0,0.000000000,0.201517148,0.025395364,0.203348468,0.025666568,0.655024084,0.065824663,0.433453052,0.027364368,0.383136011,0.000314911,0.383136610,2.000000000,0.000000000,0.000000000,0.000000000,1.000000000,1.151652911,0.647735175,0.629438866,0.000000000,1.193505527,0.661325409,0.652923670,1,0,0,0.000000000,0.078403292,-0.036282269,0.182059556,-0.009649210,-0.020139990,0.012091238,0.861383680,12.119903058,-0.547381673,-130.911920379,-0.109666922,142.886248550,44.737052839,0.000340730,0.000333133,0.000193476,-0.000731276,0.000102632,0.000113467,-0.000188897,0.000000000,0.000000000,0.000000000,0.000000000,0.000000000,0.000000000,0.000000000,0.000107185,0.000000212,-0.000106110,-0.000000013,0.000036938,0.000000040,-0.000026072,0.000000000,0.000000000,0.000000000,0.000000000,0.000000000,0.000000000,0.000000000,0.165037839,-0.045233817,-0.174045502,0.101713912,0.465352341,0.330932410,0.014250642
2.801000000,0,2.801000000,sample,0.216505975,-0.000009839,0.000000000,0.000000000,0.000000000,0.000000000,0.000000000,0,0,2.000000000,0.080000000,0.000000000,0.000000000,0.000056825,0.000000000,0.001111072,0.000000000,0.000000000,0.000000000,0.002595444,0.021894238,4,67.376497215,0,0.000000000,0.197863536,0.025037298,0.204826772,0.025618850,1.003660107,0.102181683,0.360984179,0.018883503,0.283874470,0.000113651,0.283874637,2.000000000,0.000000000,0.000000000,0.000000000,1.000000000,1.155212541,0.653173095,0.629744262,0.000000000,1.155212541,0.653943659,0.632051571,1,0,0,0.000000000,0.075217483,-0.036261200,0.179380697,-0.009560226,-0.019757541,0.012046077,0.861396736,12.119898410,-0.547383341,-130.911522891,-0.109817631,142.886228312,44.737140266,0.000041467,0.000873557,-0.000464097,0.002130423,-0.000568477,0.000230616,0.000917098,0.000000000,0.000000000,0.000000000,0.000000000,0.000000000,0.000000000,0.000000000,0.000038683,0.000000077,-0.000038295,-0.000000005,0.000013331,0.000000015,-0.000009409,0.000000000,0.000000000,0.000000000,0.000000000,0.000000000,0.000000000,0.000000000,0.161509156,-0.044874839,-0.176544225,0.105624540,0.465446132,0.330639653,0.013848760
2.851000000,0,2.851000000,sample,0.216506052,0.000001554,0.000000000,0.000000000,0.000000000,0.000000000,0.000000000,0,0,2.000000000,0.080000000,0.000000000,0.000000000,0.000810794,0.000000000,0.001358632,0.000000000,0.000000000,0.000000000,0.001282206,0.632342960,4,37.407203656,0,0.000000000,0.197923157,0.025105212,0.204171480,0.025598470,0.686570292,0.059708217,0.362558570,0.016634472,0.297570114,0.001621588,0.297575294,2.000000000,0.000000000,0.000000000,0.000000000,1.000000000,1.135159053,0.646396605,0.632087625,0.000000000,1.169753856,0.657704430,0.633883215,1,0,0,0.000000000,0.075880745,-0.035894476,0.179240830,-0.009579062,-0.019836004,0.012043513,0.861425850,12.119816198,-0.547454209,-130.911595979,-0.109762235,142.886140886,44.737052839,0.000465395,-0.000486541,-0.000711637,0.000784215,0.000011781,-0.000252076,-0.000075064,0.000000000,0.000000000,0.000000000,0.000000000,0.000000000,0.000000000,0.000000000,0.000551934,0.000001092,-0.000546400,-0.000000068,0.000190205,0.000000208,-0.000134253,0.000000000,0.000000000,0.000000000,0.000000000,0.000000000,0.000000000,0.000000000,0.169685447,-0.053780583,-0.170457337,0.107258783,0.465720726,0.332072473,0.011008729
2.901000000,0,2.901000000,sample,0.216506059,0.000000129,0.000000000,0.000000000,0.000000000,0.000000000,0.000000000,0,0,2.000000000,0.080000000,0.000000000,0.000000000,0.000022398,0.000000000,0.001028120,0.000000000,0.000000000,0.000000000,0.001428040,0.015684165,4,45.952511775,0,0.000000000,0.197546839,0.024912961,0.203703351,0.025589042,0.935140384,0.090112022,0.365212298,0.010643171,0.293037579,0.000044795,0.293037759,2.000000000,0.000000000,0.000000000,0.000000000,1.000000000,1.141973889,0.653288522,0.628217530,0.000000000,1.149241216,0.655700103,0.633977651,1,0,0,0.000000000,0.075461069,-0.038377124,0.178486910,-0.009607562,-0.019718236,0.011812771,0.861478914,12.119747544,-0.547247008,-130.911587174,-0.109789223,142.886181685,44.737099467,0.000594715,-0.000382806,0.000366042,0.000968044,-0.000359031,0.000068087,0.000578305,0.000000000,0.000000000,0.000000000,0.000000000,0.000000000,0.000000000,0.000000000,-0.000015247,-0.000000030,0.000015094,0.000000002,-0.000005254,-0.000000006,0.000003709,0.000000000,0.000000000,0.000000000,0.000000000,0.000000000,0.000000000,0.000000000,0.157123173,-0.050185845,-0.170872908,0.104077276,0.466371066,0.331241354,0.014089654
2.951000000,0,2.951000000,sample,0.216506191,0.000002651,0.000000000,0.000000000,0.000000000,0.000000000,0.000000000,0,0,2.000000000,0.080000000,0.000000000,0.000000000,0.001438701,0.000000000,0.001722300,0.000000000,0.000000000,0.000000000,0.009510970,0.151267560,7,99.792897790,0,0.000000000,0.199535498,0.025316466,0.203962091,0.025604702,0.242182437,0.525399306,0.397886948,0.065806515,0.373252051,0.002877403,0.373263394,2.000000000,0.000000000,0.000000000,0.000000000,1.000000000,1.183312034,0.663405807,0.629792098,0.000000000,1.205469749,0.668305457,0.653446596,1,0,0,0.000000000,0.076821341,-0.035852849,0.180630755,-0.009694033,-0.019980634,0.012154154,0.861289003,12.119898356,-0.547342717,-130.911698503,-0.109607617,142.886181694,44.737012040,-0.000291825,0.000184377,-0.000134665,0.000181212,-0.000114416,-0.000064202,-0.009501117,0.000000000,0.000000000,0.000000000,0.000000000,0.000000000,0.000000000,0.000000000,0.000979371,0.000001938,-0.000969550,-0.000000121,0.000337508,0.000000369,-0.000238225,0.000000000,0.000000000,0.000000000,0.000000000,0.000000000,0.000000000,0.000000000,0.162538792,-0.035304196,-0.171599189,0.104001839,0.466683067,0.332817893,0.012220554
3.001000000,0,3.001000000,sample,0.216506390,0.000003977,0.000000000,0.000000000,0.000000000,0.000000000,0.000000000,0,0,2.000000000,0.080000000,0.000000000,0.000000000,0.000210206,0.000000000,0.001643120,0.000000000,0.000000000,0.000000000,0.001464272,0.143556548,3,36.886505472,0,0.000000000,0.199754857,0.025097464,0.204309898,0.025704689,0.734822029,0.126210184,0.414767280,0.022573731,0.361574889,0.000420412,0.361575126,2.000000000,0.000000000,0.000000000,0.000000000,1.000000000,1.150005353,0.654647946,0.631326840,0.000000000,1.191305022,0.665330561,0.632887868,1,0,0,0.000000000,0.077286892,-0.039685095,0.179871711,-0.009816621,-0.019900135,0.011726093,0.861403261,12.119720489,-0.547067935,-130.911840986,-0.109503777,142.886228340,44.736883815,0.000398843,-0.000309695,0.000889315,-0.000605338,-0.000094153,0.000087700,-0.000845715,0.000000000,0.000000000,0.000000000,0.000000000,0.000000000,0.000000000,0.000000000,-0.000143094,-0.000000283,0.000141659,0.000000018,-0.000049312,-0.000000054,0.000034806,0.000000000,0.000000000,0.000000000,0.000000000,0.000000000,0.000000000,0.000000000,0.166118386,-0.046864113,-0.170887150,0.105065531,0.467786049,0.331017626,0.012015664
3.051000000,0,3.051000000,sample,0.216506253,-0.000002742,0.000000000,0.000000000,0.000000000,0.000000000,0.000000000,0,0,2.000000000,0.080000000,0.000000000,0.000000000,0.000125084,0.000000000,0.001645831,0.000000000,0.000000000,0.000000000,0.001550086,0.080694808,7,66.795987139,0,0.000000000,0.199518604,0.025017350,0.204855128,0.025610964,0.400706691,0.100084715,0.384664299,0.018252282,0.329500909,0.000250168,0.329501157,2.000000000,0.000000000,0.000000000,0.000000000,1.000000000,1.122111448,0.651250119,0.634614498,0.000000000,1.350780821,0.711185721,0.636643500,1,0,0,0.000000000,0.077107151,-0.037510473,0.180153059,-0.009614398,-0.019978176,0.011588944,0.861424560,12.119802664,-0.547285697,-130.911750191,-0.109762238,142.886140889,44.736761418,0.000150927,-0.000256938,0.000242066,0.000542242,-0.000101261,-0.000588339,-0.001266867,0.000000000,0.000000000,0.000000000,0.000000000,0.000000000,0.000000000,0.000000000,0.000085149,0.000000168,-0.000084295,-0.000000011,0.000029343,0.000000032,-0.000020712,0.000000000,0.000000000,0.000000000,0.000000000,0.000000000,0.000000000,0.000000000,0.162182428,-0.061272858,-0.176442465,0.115854987,0.466812747,0.331783945,0.011358193
3.101000000,0,3.101000000,sample,0.216506178,-0.000001512,0.000000000,0.000000000,0.000000000,0.000000000,0.000000000,0,0,2.000000000,0.080000000,0.000000000,0.000000000,0.000601169,0.000000000,0.001084204,0.000000000,0.000000000,0.000000000,0.000846701,0.710012592,3,81.851161875,0,0.000000000,0.199671933,0.025195944,0.203691091,0.025647893,0.384023129,0.042720181,0.403369538,0.025484719,0.346428944,0.001202337,0.346431070,2.000000000,0.000000000,0.000000000,0.000000000,1.000000000,1.128797175,0.641713925,0.630692740,0.000000000,1.143999359,0.652168829,0.636786438,1,0,0,0.000000000,0.076789256,-0.036828164,0.180598940,-0.009621817,-0.019975767,0.011967662,0.861519268,12.119898375,-0.547453888,-130.911694100,-0.109688881,142.886181685,44.737012040,0.000126504,0.000219748,-0.000766025,-0.000102253,0.000042819,0.000220535,0.000069946,0.000000000,0.000000000,0.000000000,0.000000000,0.000000000,0.000000000,0.000000000,0.000409235,0.000000810,-0.000405132,-0.000000051,0.000141030,0.000000154,-0.000099544,0.000000000,0.000000000,0.000000000,0.000000000,0.000000000,0.000000000,0.000000000,0.166794186,-0.054246864,-0.172539338,0.102838706,0.465838708,0.330855001,0.013926713
3.151000000,0,3.151000000,sample,0.216506355,0.000003546,0.000000000,0.000000000,0.000000000,0.000000000,0.000000000,0,0,2.000000000,0.080000000,0.000000000,0.000000000,0.000316387,0.000000000,0.001595970,0.000000000,0.000000000,0.000000000,0.001180961,0.267906145,1,46.505312561,0,0.000000000,0.201094923,0.025211650,0.203503681,0.025512301,0.657357469,0.108087416,0.416861498,0.020628124,0.358753353,0.000632773,0.358753209,2.000000000,0.000000000,0.000000000,0.000000000,1.000000000,1.149594716,0.648250799,0.634070038,0.000000000,1.159310417,0.648724126,0.634070038,1,0,0,0.000000000,0.077703394,-0.038452918,0.181446201,-0.009701904,-0.020064737,0.011785867,0.861494606,12.119902868,-0.547269443,-130.911824244,-0.109619584,142.886228340,44.736930442,0.000805354,0.000460927,0.000391902,0.000126831,-0.000226580,0.000225082,-0.000511808,0.000000000,0.000000000,0.000000000,0.000000000,0.000000000,0.000000000,0.000000000,0.000215375,0.000000426,-0.000213215,-0.000000027,0.000074222,0.000000081,-0.000052389,0.000000000,0.000000000,0.000000000,0.000000000,0.000000000,0.000000000,0.000000000,0.167202470,-0.050083927,-0.174330107,0.113666557,0.466314711,0.332555374,0.015039576
3.201000000,0,3.201000000,sample,0.216506494,0.000002786,0.000000000,0.000000000,0.000000000,0.000000000,0.000000000,0,0,2.000000000,0.080000000,0.000000000,0.000000000,0.000071802,0.000000000,0.001738449,0.000000000,0.000000000,0.000000000,0.001112409,0.064546700,4,47.530365572,0,0.000000000,0.201942102,0.025452280,0.204253049,0.025704892,0.603121157,0.091465940,0.425117200,0.033523037,0.375789680,0.000143605,0.375789991,2.000000000,0.000000000,0.000000000,0.000000000,1.000000000,1.152947279,0.646703025,0.634344750,0.000000000,1.179292739,0.657420732,0.635968519,1,0,0,0.000000000,0.078850968,-0.036471079,0.182299199,-0.009593923,-0.020228400,0.012107313,0.861374060,12.119898912,-0.547342049,-130.911946552,-0.109771193,142.886181685,44.737181065,-0.000301511,0.000146908,-0.000292457,-0.000766920,0.000179351,0.000096247,0.000640184,0.000000000,0.000000000,0.000000000,0.000000000,0.000000000,0.000000000,0.000000000,-0.000048878,-0.000000097,0.000048388,0.000000006,-0.000016844,-0.000000018,0.000011889,0.000000000,0.000000000,0.000000000,0.000000000,0.000000000,0.000000000,0.000000000,0.170568316,-0.047809052,-0.169869484,0.109369258,0.467947835,0.333121124,0.015870420
3.251000000,0,3.251000000,sample,0.216506104,-0.000007810,0.000000000,0.000000000,0.000000000,0.000000000,0.000000000,0,0,2.000000000,0.080000000,0.000000000,0.000000000,0.000165939,0.000000000,0.001837647,0.000000000,0.000000000,0.000000000,0.001200174,0.138262565,2,50.648284830,0,0.000000000,0.196830754,0.024771921,0.204038815,0.025604532,0.775457392,0.085052338,0.364872133,0.016550345,0.293223430,0.000331878,0.293223480,2.000000000,0.000000000,0.000000000,0.000000000,1.000000000,1.155256359,0.649044551,0.632416481,0.000000000,1.162300557,0.649398459,0.636036481,1,0,0,0.000000000,0.075263621,-0.038589989,0.177731668,-0.009665174,-0.019608015,0.011651534,0.861518829,12.119649492,-0.547273978,-130.911620774,-0.109687627,142.886228313,44.736870701,0.000171609,-0.000854135,0.000448820,0.000285486,0.000375384,0.000304237,0.000406210,0.000000000,0.000000000,0.000000000,0.000000000,0.000000000,0.000000000,0.000000000,-0.000112960,-0.000000223,0.000111828,0.000000014,-0.000038927,-0.000000043,0.000027476,0.000000000,0.000000000,0.000000000,0.000000000,0.000000000,0.000000000,0.000000000,0.168729869,-0.044947735,-0.173684112,0.105517376,0.467023800,0.331420839,0.014472301
3.301000000,0,3.301000000,sample,0.216506224,0.000002397,0.000000000,0.000000000,0.000000000,0.000000000,0.000000000,0,0,2.000000000,0.080000000,0.000000000,0.000000000,0.000749625,0.000000000,0.001514817,0.000000000,0.000000000,0.000000000,0.001676078,0.447249709,2,55.813785216,0,0.000000000,0.197906932,0.025135887,0.205124137,0.025672679,0.917022149,0.091719656,0.355308101,0.022062802,0.292904099,0.001499251,0.292907206,2.000000000,0.000000000,0.000000000,0.000000000,1.000000000,1.148506040,0.647225756,0.632476151,0.000000000,1.170376109,0.652872498,0.634866448,1,0,0,0.000000000,0.076546089,-0.034529302,0.179208195,-0.009649047,-0.019837178,0.012049693,0.861294140,12.119720553,-0.547481333,-130.911732646,-0.109639025,142.886181685,44.736802217,-0.000070283,-0.001252175,-0.000956028,0.000112073,0.000429728,-0.000135363,-0.000326829,0.000000000,0.000000000,0.000000000,0.000000000,0.000000000,0.000000000,0.000000000,0.000510295,0.000001010,-0.000505178,-0.000000063,0.000175854,0.000000193,-0.000124124,0.000000000,0.000000000,0.000000000,0.000000000,0.000000000,0.000000000,0.000000000,0.170949857,-0.046701009,-0.172349834,0.104855223,0.467342709,0.330632913,0.013958148
3.351000000,0,3.351000000,sample,0.216506205,-0.000000365,0.000000000,0.000000000,0.000000000,0.000000000,0.000000000,0,0,2.000000000,0.080000000,0.000000000,0.000000000,0.000388284,0.000000000,0.002165327,0.000000000,0.000000000,0.000000000,0.002261131,0.171721025,7,71.680160810,0,0.000000000,0.196755665,0.024760494,0.205235531,0.025894669,0.484951461,0.086675642,0.375068672,0.024713089,0.310968998,0.000776568,0.310969606,2.000000000,0.000000000,0.000000000,0.000000000,1.000000000,1.143493770,0.650893698,0.632903487,0.000000000,1.151346173,0.653046859,0.636879345,1,0,0,0.000000000,0.075277429,-0.038410967,0.177681451,-0.009716829,-0.019511014,0.011746729,0.861600931,12.119610483,-0.547383403,-130.911698324,-0.109565560,142.886363823,44.736843775,0.000774418,-0.000837973,-0.000327264,-0.000055361,-0.000176098,-0.000069387,0.001914367,0.000000000,0.000000000,0.000000000,0.000000000,0.000000000,0.000000000,0.000000000,0.000264318,0.000000523,-0.000261667,-0.000000033,0.000091087,0.000000100,-0.000064292,0.000000000,0.000000000,0.000000000,0.000000000,0.000000000,0.000000000,0.000000000,0.163712658,-0.048996770,-0.179138717,0.104472347,0.467900871,0.330503696,0.013972692
3.401000000,0,3.401000000,sample,0.216506586,0.000007615,0.000000000,0.000000000,0.000000000,0.000000000,0.000000000,0,0,2.000000000,0.080000000,0.000000000,0.000000000,0.001180229,0.000000000,0.001432361,0.000000000,0.000000000,0.000000000,0.001870551,0.630952454,1,50.438048682,0,0.000000000,0.202451408,0.025498869,0.202865564,0.025592973,0.884687178,0.083328352,0.436614406,0.033303460,0.393903882,0.002360457,0.393911593,2.000000000,0.000000000,0.000000000,0.000000000,1.000000000,1.177093533,0.653494459,0.631189048,0.000000000,1.186919676,0.656399240,0.660213729,1,0,0,0.000000000,0.079408872,-0.035781080,0.182758086,-0.009655248,-0.020297750,0.012040342,0.861193246,12.119898357,-0.547247028,-130.912015438,-0.109702598,142.886181768,44.736971241,-0.001328461,0.000110424,0.000499360,-0.001144475,-0.000013527,-0.000123117,-0.000383973,0.000000000,0.000000000,0.000000000,0.000000000,0.000000000,0.000000000,0.000000000,-0.000803420,-0.000001589,0.000795363,0.000000099,-0.000276873,-0.000000303,0.000195427,0.000000000,0.000000000,0.000000000,0.000000000,0.000000000,0.000000000,0.000000000,0.164089469,-0.035251482,-0.178752134,0.095761393,0.467270356,0.332468495,0.015236061
3.451000000,0,3.451000000,sample,0.216506251,-0.000006701,0.000000000,0.000000000,0.000000000,0.000000000,0.000000000,0,0,2.000000000,0.080000000,0.000000000,0.000000000,0.001010569,0.000000000,0.001547813,0.000000000,0.000000000,0.000000000,0.001521587,0.664154864,1,36.011442250,0,0.000000000,0.198538145,0.025358392,0.203679912,0.025794762,0.731518936,0.103808715,0.362114744,0.024280430,0.295354593,0.002021138,0.295361851,2.000000000,0.000000000,0.000000000,0.000000000,1.000000000,1.147779381,0.647450205,0.634874557,0.000000000,1.178277871,0.652664915,0.635892868,1,0,0,0.000000000,0.076727787,-0.035960084,0.179546969,-0.009761858,-0.019875900,0.012357297,0.861232584,12.119749044,-0.547287490,-130.911743134,-0.109516965,142.886181685,44.737140266,-0.000913097,-0.000635008,0.000368281,0.000558259,-0.000037585,0.000051636,0.000791759,0.000000000,0.000000000,0.000000000,0.000000000,0.000000000,0.000000000,0.000000000,-0.000687928,-0.000001361,0.000681030,0.000000085,-0.000237069,-0.000000259,0.000167332,0.000000000,0.000000000,0.000000000,0.000000000,0.000000000,0.000000000,0.000000000,0.166964224,-0.048356315,-0.178996449,0.102140882,0.468399171,0.332825788,0.014388929
3.501000000,0,3.501000000,sample,0.216506374,0.000002457,0.000000000,0.000000000,0.000000000,0.000000000,0.000000000,0,0,2.000000000,0.080000000,0.000000000,0.000000000,0.000487879,0.000000000,0.001908706,0.000000000,0.000000000,0.000000000,0.001510807,0.322926114,3,57.730872128,0,0.000000000,0.200566327,0.024969289,0.202666776,0.025620863,0.916327913,0.123888380,0.434262471,0.026798420,0.383171044,0.000975758,0.383172456,2.000000000,0.000000000,0.000000000,0.000000000,1.000000000,1.170794584,0.655025144,0.633159192,0.000000000,1.170794584,0.656825205,0.635689431,1,0,0,0.000000000,0.077464798,-0.039697363,0.180693597,-0.009687859,-0.019974739,0.011428937,0.861506787,12.119817740,-0.547146278,-130.911832592,-0.109688769,142.886242398,44.736761418,0.000239585,0.000495760,0.001147924,-0.000444069,0.000049554,0.000136358,-0.000665870,0.000000000,0.000000000,0.000000000,0.000000000,0.000000000,0.000000000,0.000000000,-0.000332115,-0.000000657,0.000328785,0.000000041,-0.000114452,-0.000000125,0.000080784,0.000000000,0.000000000,0.000000000,0.000000000,0.000000000,0.000000000,0.000000000,0.170607814,-0.039338042,-0.171347057,0.102113432,0.468415558,0.332980768,0.012639632
3.551000000,0,3.551000000,sample,0.216506354,-0.000000395,0.000000000,0.000000000,0.000000000,0.000000000,0.000000000,0,0,2.000000000,0.080000000,0.000000000,0.000000000,0.000366075,0.000000000,0.002505222,0.000000000,0.000000000,0.000000000,0.001073960,0.340864820,4,63.096433406,0,0.000000000,0.200645078,0.025188586,0.203597722,0.025740177,0.325709129,0.020759874,0.410601123,0.023634711,0.357232543,0.000732151,0.357233133,2.000000000,0.000000000,0.000000000,0.000000000,1.000000000,1.128752492,0.644246880,0.635993845,0.000000000,1.172255714,0.657615766,0.637894116,1,0,0,0.000000000,0.077807814,-0.037243018,0.181155594,-0.009625244,-0.020075007,0.011781919,0.861492942,12.119856955,-0.547383422,-130.911834151,-0.109707955,142.886181688,44.736883815,0.000342909,-0.000522693,-0.000152544,-0.000853082,0.000095658,0.000008559,-0.000048526,0.000000000,0.000000000,0.000000000,0.000000000,0.000000000,0.000000000,0.000000000,0.000249199,0.000000493,-0.000246701,-0.000000031,0.000085878,0.000000094,-0.000060616,0.000000000,0.000000000,0.000000000,0.000000000,0.000000000,0.000000000,0.000000000,0.168422641,-0.057607594,-0.174792448,0.109589755,0.468051478,0.333139742,0.013666077
3.601000000,0,3.601000000,sample,0.216506311,-0.000000854,0.000000000,0.000000000,0.000000000,0.000000000,0.000000000,0,0,2.000000000,0.080000000,0.000000000,0.000000000,0.001535697,0.000000000,0.001800502,0.000000000,0.000000000,0.000000000,0.001907048,0.805274676,3,35.607759509,0,0.000000000,0.198775225,0.025224484,0.202548007,0.025589236,0.463906328,0.031908270,0.375925796,0.018887432,0.317650918,0.003071395,0.317665824,2.000000000,0.000000000,0.000000000,0.000000000,1.000000000,1.160642192,0.653628524,0.633667172,0.000000000,1.181348275,0.664640566,0.636248702,1,0,0,0.000000000,0.077302743,-0.035385338,0.179676805,-0.009719505,-0.019943979,0.012001812,0.861478914,12.119707605,-0.547584758,-130.911811359,-0.109485182,142.886140889,44.736714791,0.000724954,-0.000812210,-0.001137978,-0.000022148,0.000549939,-0.000246304,-0.000890508,0.000000000,0.000000000,0.000000000,0.000000000,0.000000000,0.000000000,0.000000000,0.001045400,0.000002069,-0.001034918,-0.000000129,0.000360257,0.000000394,-0.000254282,0.000000000,0.000000000,0.000000000,0.000000000,0.000000000,0.000000000,0.000000000,0.169639575,-0.045310277,-0.168034583,0.111625370,0.468090131,0.332715194,0.014137288
3.651000000,0,3.651000000,sample,0.216506203,-0.000002169,0.000000000,0.000000000,0.000000000,0.000000000,0.000000000,0,0,2.000000000,0.080000000,0.000000000,0.000000000,0.000418980,0.000000000,0.001698238,0.000000000,0.000000000,0.000000000,0.001282322,0.326735082,7,54.857546824,0,0.000000000,0.199215843,0.025174149,0.205547401,0.025743700,0.062462608,0.035674688,0.396372210,0.020612629,0.336590246,0.000837959,0.336591368,2.000000000,0.000000000,0.000000000,0.000000000,1.000000000,1.144938605,0.650608485,0.633709631,0.000000000,1.173627422,0.659858405,0.634502450,1,0,0,0.000000000,0.076448807,-0.037877107,0.180021823,-0.009844696,-0.019875658,0.011907056,0.861301526,12.119843922,-0.547165659,-130.911692971,-0.109421690,142.886228312,44.736802217,-0.000561910,0.000025509,0.000441090,0.000038955,0.000440939,0.000188151,-0.000949763,0.000000000,0.000000000,0.000000000,0.000000000,0.000000000,0.000000000,0.000000000,-0.000285213,-0.000000564,0.000282353,0.000000035,-0.000098289,-0.000000107,0.000069376,0.000000000,0.000000000,0.000000000,0.000000000,0.000000000,0.000000000,0.000000000,0.163976260,-0.050269686,-0.174856357,0.105996785,0.468512705,0.332636223,0.014545282
3.701000000,0,3.701000000,sample,0.216506399,0.000003923,0.000000000,0.000000000,0.000000000,0.000000000,0.000000000,0,0,2.000000000,0.080000000,0.000000000,0.000000000,0.000617871,0.000000000,0.001623437,0.000000000,0.000000000,0.000000000,0.001061541,0.582050610,1,79.457326759,0,0.000000000,0.199679207,0.025039633,0.203853221,0.025591568,0.475557632,0.058664614,0.406480482,0.017637012,0.345286735,0.001235741,0.345288793,2.000000000,0.000000000,0.000000000,0.000000000,1.000000000,1.163875597,0.654333000,0.636003416,0.000000000,1.167979503,0.656474268,0.636290232,1,0,0,0.000000000,0.077332449,-0.039395281,0.179831838,-0.009690132,-0.019893248,0.011719354,0.861492931,12.119707614,-0.547165430,-130.911854740,-0.109679811,142.886235059,44.737012040,0.000946245,-0.000036940,-0.000033932,-0.000221773,-0.000172257,0.000383792,0.000053114,0.000000000,0.000000000,0.000000000,0.000000000,0.000000000,0.000000000,0.000000000,0.000420605,0.000000832,-0.000416388,-0.000000052,0.000144946,0.000000159,-0.000102308,0.000000000,0.000000000,0.000000000,0.000000000,0.000000000,0.000000000,0.000000000,0.164968305,-0.043482573,-0.184158703,0.106061252,0.468113157,0.333029320,0.013899526
3.751000000,0,3.751000000,sample,0.216506063,-0.000006729,0.000000000,0.000000000,0.000000000,0.000000000,0.000000000,0,0,2.000000000,0.080000000,0.000000000,0.000000000,0.000764819,0.000000000,0.001449606,0.000000000,0.000000000,0.000000000,0.001631439,0.468800215,2,58.195058256,0,0.000000000,0.200663605,0.025263101,0.203606198,0.025728095,0.565880212,0.056879992,0.420950461,0.029351850,0.369064569,0.001529638,0.369066481,2.000000000,0.000000000,0.000000000,0.000000000,1.000000000,1.164672833,0.654298980,0.635004732,0.000000000,1.180740253,0.658921541,0.638582294,1,0,0,0.000000000,0.076476428,-0.039166810,0.181337253,-0.009783979,-0.020043684,0.011863758,0.861506935,12.120051287,-0.547220683,-130.911587320,-0.109497709,142.886161124,44.736971241,0.000204249,0.001244554,-0.000753768,0.000516912,0.000230949,-0.000204516,-0.000374741,0.000000000,0.000000000,0.000000000,0.000000000,0.000000000,0.000000000,0.000000000,0.000520637,0.000001030,-0.000515416,-0.000000064,0.000179423,0.000000196,-0.000126643,0.000000000,0.000000000,0.000000000,0.000000000,0.000000000,0.000000000,0.000000000,0.163429896,-0.041926821,-0.183113205,0.102857989,0.468908656,0.332483708,0.015259879
3.801000000,0,3.801000000,sample,0.216506412,0.000006977,0.000000000,0.000000000,0.000000000,0.000000000,0.000000000,0,0,2.000000000,0.080000000,0.000000000,0.000000000,0.000758303,0.000000000,0.001569762,0.000000000,0.000000000,0.000000000,0.001274338,0.595056653,7,64.204871049,0,0.000000000,0.199514923,0.025302721,0.203542882,0.025539006,0.315556922,0.030418634,0.399105025,0.023270962,0.337477957,0.001516607,0.337481399,2.000000000,0.000000000,0.000000000,0.000000000,1.000000000,1.153342266,0.649533935,0.635856508,0.000000000,1.171635493,0.659324941,0.638041950,1,0,0,0.000000000,0.077468170,-0.037796999,0.179934082,-0.009773057,-0.019913700,0.012172082,0.861415528,12.119706992,-0.547273982,-130.911869553,-0.109503413,142.886228340,44.737140266,-0.000156570,-0.000163909,0.000706384,-0.000092330,-0.000027423,0.000147159,0.001021101,0.000000000,0.000000000,0.000000000,0.000000000,0.000000000,0.000000000,0.000000000,-0.000516202,-0.000001021,0.000511026,0.000000064,-0.000177890,-0.000000195,0.000125561,0.000000000,0.000000000,0.000000000,0.000000000,0.000000000,0.000000000,0.000000000,0.171111657,-0.047323026,-0.171535218,0.108219056,0.469670560,0.332926139,0.015129004
3.851000000,0,3.851000000,sample,0.216506488,0.000001522,0.000000000,0.000000000,0.000000000,0.000000000,0.000000000,0,0,2.000000000,0.080000000,0.000000000,0.000000000,0.000045164,0.000000000,0.001892360,0.000000000,0.000000000,0.000000000,0.000957803,0.047154068,2,57.506468384,0,0.000000000,0.202980577,0.025378528,0.203237017,0.025542234,0.611896204,0.080972813,0.434708182,0.032860856,0.386464091,0.000090329,0.386464114,2.000000000,0.000000000,0.000000000,0.000000000,1.000000000,1.151220527,0.654809367,0.636244401,0.000000000,1.182865647,0.661360585,0.636244401,1,0,0,0.000000000,0.078550299,-0.038750311,0.183110291,-0.009723488,-0.020192406,0.011907570,0.861510471,12.120025579,-0.547256624,-130.911924192,-0.109584792,142.886323024,44.737052839,-0.000000319,0.000726331,-0.000158379,-0.000298918,0.000069821,-0.000211524,0.000475160,0.000000000,0.000000000,0.000000000,0.000000000,0.000000000,0.000000000,0.000000000,0.000030745,0.000000061,-0.000030436,-0.000000004,0.000010595,0.000000012,-0.000007479,0.000000000,0.000000000,0.000000000,0.000000000,0.000000000,0.000000000,0.000000000,0.164066381,-0.049089524,-0.180345785,0.111265423,0.468984323,0.332309015,0.014114046
3.901000000,0,3.901000000,sample,0.216506217,-0.000005410,0.000000000,0.000000000,0.000000000,0.000000000,0.000000000,0,0,2.000000000,0.080000000,0.000000000,0.000000000,0.000198032,0.000000000,0.001568013,0.000000000,0.000000000,0.000000000,0.000869500,0.227753408,4,92.639789016,0,0.000000000,0.198375390,0.025192936,0.203903077,0.025581555,0.487883594,0.043159838,0.375365219,0.017998607,0.310481527,0.000396063,0.310482160,2.000000000,0.000000000,0.000000000,0.000000000,1.000000000,1.155263665,0.649406828,0.633782858,0.000000000,1.174078672,0.653006745,0.636579070,1,0,0,0.000000000,0.076563918,-0.037721366,0.179075013,-0.009750447,-0.019852601,0.012061802,0.861423118,12.119709111,-0.547286185,-130.911718696,-0.109537419,142.886140886,44.737052839,-0.000137874,-0.000000988,0.000099701,0.000836890,-0.000078814,-0.000090169,0.000111143,0.000000000,0.000000000,0.000000000,0.000000000,0.000000000,0.000000000,0.000000000,-0.000134807,-0.000000267,0.000133455,0.000000017,-0.000046456,-0.000000051,0.000032790,0.000000000,0.000000000,0.000000000,0.000000000,0.000000000,0.000000000,0.000000000,0.167318638,-0.045676204,-0.173783566,0.104654955,0.468555575,0.332654417,0.015562562
3.951000000,0,3.951000000,sample,0.216506483,0.000005327,0.000000000,0.000000000,0.000000000,0.000000000,0.000000000,0,0,2.000000000,0.080000000,0.000000000,0.000000000,0.000927892,0.000000000,0.002487218,0.000000000,0.000000000,0.000000000,0.001527565,0.607431966,1,57.357800762,0,0.000000000,0.201272978,0.025484414,0.203675686,0.025800080,0.733916021,0.071818767,0.422529534,0.031716301,0.378940894,0.001855784,0.378945493,2.000000000,0.000000000,0.000000000,0.000000000,1.000000000,1.160483645,0.656287716,0.637930585,0.000000000,1.186158528,0.667330759,0.638464375,1,0,0,0.000000000,0.078800518,-0.036774190,0.181518453,-0.009748546,-0.020210530,0.012081211,0.861318307,12.119807238,-0.547281685,-130.911938198,-0.109537421,142.886100836,44.736971241,-0.001156900,-0.000069773,0.000253089,-0.000843162,-0.000078905,-0.000349288,-0.000294897,0.000000000,0.000000000,0.000000000,0.000000000,0.000000000,0.000000000,0.000000000,-0.000631647,-0.000001250,0.000625313,0.000000078,-0.000217675,-0.000000238,0.000153642,0.000000000,0.000000000,0.000000000,0.000000000,0.000000000,0.000000000,0.000000000,0.165582662,-0.046593638,-0.179856144,0.110868307,0.470075193,0.333990800,0.014362797
4.001000000,0,4.001000000,sample,0.216506250,-0.000004670,0.000000000,0.000000000,0.000000000,0.000000000,0.000000000,0,0,2.000000000,0.080000000,0.000000000,0.000000000,0.001298973,0.000000000,0.001699510,0.000000000,0.000000000,0.000000000,0.001696370,0.765737096,3,40.438939924,0,0.000000000,0.198532649,0.024964446,0.204818986,0.025829376,0.534957316,0.068627224,0.370704569,0.012448845,0.305794182,0.002597947,0.305805286,2.000000000,0.000000000,0.000000000,0.000000000,1.000000000,1.145339714,0.647476592,0.636914117,0.000000000,1.166954462,0.656556838,0.639988785,1,0,0,0.000000000,0.076526884,-0.037860603,0.179235665,-0.009688141,-0.019806261,0.011707924,0.861646118,12.119718587,-0.547481018,-130.911750040,-0.109574650,142.886228312,44.736761418,0.000798811,-0.000845387,-0.001078749,-0.000017488,-0.000231188,0.000230096,-0.000504476,0.000000000,0.000000000,0.000000000,0.000000000,0.000000000,0.000000000,0.000000000,0.000884254,0.000001750,-0.000875388,-0.000000109,0.000304725,0.000000333,-0.000215086,0.000000000,0.000000000,0.000000000,0.000000000,0.000000000,0.000000000,0.000000000,0.169002984,-0.049039961,-0.179107603,0.101456332,0.470475150,0.332799527,0.014742919
4.051000000,0,4.051000000,sample,0.216506397,0.000002932,0.000000000,0.000000000,0.000000000,0.000000000,0.000000000,0,0,2.000000000,0.080000000,0.000000000,0.000000000,0.000068511,0.000000000,0.001507776,0.000000000,0.000000000,0.000000000,0.001188588,0.057640717,2,69.624273827,0,0.000000000,0.201654526,0.025332815,0.202677212,0.025556039,0.655126727,0.071571052,0.432007853,0.029000766,0.383889424,0.000137022,0.383889015,2.000000000,0.000000000,0.000000000,0.000000000,1.000000000,1.169030819,0.654023610,0.635191845,0.000000000,1.179665332,0.656839248,0.639673012,1,0,0,0.000000000,0.078244937,-0.037157590,0.182103243,-0.009702320,-0.020169338,0.011866521,0.861465807,12.119939627,-0.547378901,-130.911865675,-0.109579423,142.886201923,44.736843016,-0.000165585,0.000991772,-0.000204378,-0.000091110,-0.000205882,-0.000103282,-0.000546431,0.000000000,0.000000000,0.000000000,0.000000000,0.000000000,0.000000000,0.000000000,0.000046638,0.000000092,-0.000046170,-0.000000006,0.000016072,0.000000018,-0.000011344,0.000000000,0.000000000,0.000000000,0.000000000,0.000000000,0.000000000,0.000000000,0.170546934,-0.040619630,-0.174453778,0.106490841,0.469277071,0.332444996,0.014744609
4.101000000,0,4.101000000,sample,0.216506330,-0.000001339,0.000000000,0.000000000,0.000000000,0.000000000,0.000000000,0,0,2.000000000,0.080000000,0.000000000,-0.000000000,0.000338517,0.000000000,0.002309362,0.000000000,0.000000000,0.000000000,0.001800437,0.188019176,7,41.860207253,0,0.000000000,0.199369436,0.025034054,0.205483175,0.025686916,0.874179651,0.033721221,0.374695414,0.018023830,0.318573012,0.000677033,0.318572772,2.000000000,0.000000000,0.000000000,0.000000000,1.000000000,1.139179703,0.647949541,0.638392089,0.000000000,1.169700718,0.656185439,0.639029913,1,0,0,0.000000000,0.077533956,-0.035871181,0.180138602,-0.009538813,-0.019996939,0.011654928,0.861468429,12.119748040,-0.547490562,-130.911824183,-0.109817286,142.886140886,44.736714791,-0.000550848,-0.000852630,-0.000854781,-0.000108464,-0.000231153,-0.000241631,-0.001164873,0.000000000,0.000000000,0.000000000,0.000000000,0.000000000,0.000000000,0.000000000,0.000230439,0.000000456,-0.000228129,-0.000000029,0.000079412,0.000000087,-0.000056052,0.000000000,0.000000000,0.000000000,0.000000000,0.000000000,0.000000000,0.000000000,0.170027315,-0.052227681,-0.178600839,0.104410352,0.471231661,0.332941620,0.014080441
4.151000000,0,4.151000000,sample,0.216506236,-0.000001876,0.000000000,0.000000000,0.000000000,0.000000000,0.000000000,0,0,2.000000000,0.080000000,0.000000000,0.000000000,0.000260000,0.000000000,0.002261433,0.000000000,0.000000000,0.000000000,0.001190387,0.218416833,7,66.407955120,0,0.000000000,0.197033624,0.025017362,0.203697948,0.025624890,0.243086033,0.067087487,0.383086055,0.015933670,0.326123560,0.000520001,0.326123755,2.000000000,0.000000000,0.000000000,0.000000000,1.000000000,1.164774562,0.652968526,0.637021642,0.000000000,1.165531203,0.656036515,0.639855883,1,0,0,0.000000000,0.076202128,-0.036093045,0.178080815,-0.009712464,-0.019716866,0.011949127,0.861347777,12.119596026,-0.547378901,-130.911736386,-0.109572399,142.886181685,44.736802217,0.000052827,-0.000524172,-0.000217929,-0.000162081,-0.000352748,-0.000016276,-0.000970059,0.000000000,0.000000000,0.000000000,0.000000000,0.000000000,0.000000000,0.000000000,0.000176991,0.000000350,-0.000175216,-0.000000022,0.000060993,0.000000067,-0.000043051,0.000000000,0.000000000,0.000000000,0.000000000,0.000000000,0.000000000,0.000000000,0.176163694,-0.042560739,-0.170193884,0.105837293,0.470645846,0.333329001,0.012972398
4.201000000,0,4.201000000,sample,0.216506258,0.000000434,0.000000000,0.000000000,0.000000000,0.000000000,0.000000000,0,0,2.000000000,0.080000000,0.000000000,0.000000000,0.000492686,0.000000000,0.002661964,0.000000000,0.000000000,0.000000000,0.001118203,0.440604939,1,48.237401468,0,0.000000000,0.201062620,0.025436830,0.203981690,0.025733303,0.583535727,0.040367417,0.385872988,0.017437334,0.320418054,0.000985371,0.320419566,2.000000000,0.000000000,0.000000000,0.000000000,1.000000000,1.151057216,0.644654019,0.635981858,0.000000000,1.186843083,0.660476084,0.639149540,1,0,0,0.000000000,0.077485781,-0.037890999,0.181621593,-0.009750533,-0.020102384,0.012159506,0.861539692,12.119965578,-0.547382858,-130.911753359,-0.109496899,142.886181685,44.737140266,0.000776627,-0.000260666,-0.000054392,0.000555613,0.000042240,-0.000140990,0.000495938,0.000000000,0.000000000,0.000000000,0.000000000,0.000000000,0.000000000,0.000000000,0.000335387,0.000000664,-0.000332024,-0.000000041,0.000115581,0.000000126,-0.000081581,0.000000000,0.000000000,0.000000000,0.000000000,0.000000000,0.000000000,0.000000000,0.173582238,-0.046566354,-0.175882940,0.099689670,0.469045469,0.333327341,0.013787611
4.251000000,0,4.251000000,sample,0.216506381,0.000002473,0.000000000,0.000000000,0.000000000,0.000000000,0.000000000,0,0,2.000000000,0.080000000,0.000000000,0.000000000,0.000122289,0.000000000,0.001564359,0.000000000,0.000000000,0.000000000,0.001192944,0.102510038,7,37.306258742,0,0.000000000,0.201805414,0.025337381,0.203829803,0.025560372,0.484420108,0.017191975,0.403255219,0.021033539,0.344892800,0.000244577,0.344892472,2.000000000,0.000000000,0.000000000,0.000000000,1.000000000,1.148613461,0.654355499,0.637022766,0.000000000,1.153445835,0.654355499,0.637714026,1,0,0,0.000000000,0.078258440,-0.037547599,0.182184576,-0.009729636,-0.020191531,0.011816053,0.861465995,12.119954662,-0.547342233,-130.911852286,-0.109546460,142.886181685,44.736802217,-0.000351823,0.000553954,-0.000449355,0.000421573,-0.000266102,0.000105383,-0.000728636,0.000000000,0.000000000,0.000000000,0.000000000,0.000000000,0.000000000,0.000000000,0.000083246,0.000000165,-0.000082411,-0.000000010,0.000028688,0.000000031,-0.000020249,0.000000000,0.000000000,0.000000000,0.000000000,0.000000000,0.000000000,0.000000000,0.164456117,-0.050073782,-0.180551094,0.107592810,0.469824724,0.333406190,0.013226418
4.301000000,0,4.301000000,sample,0.216506247,-0.000002675,0.000000000,0.000000000,0.000000000,0.000000000,0.000000000,0,0,2.000000000,0.080000000,0.000000000,0.000000000,0.000371036,0.000000000,0.001389403,0.000000000,0.000000000,0.000000000,0.002007167,0.184855485,1,59.717893669,0,0.000000000,0.201374272,0.025701024,0.202330827,0.025701024,1.336594371,0.186338312,0.405675555,0.043202206,0.359899702,0.000742072,0.359898278,2.000000000,0.000000000,0.000000000,0.000000000,1.000000000,1.173027520,0.648717426,0.635514776,0.000000000,1.177081156,0.655270672,0.637811446,1,0,0,0.000000000,0.077685500,-0.035104379,0.182439698,-0.009797970,-0.020187990,0.012529465,0.861216384,12.120060836,-0.547368452,-130.911743561,-0.109420850,142.886181685,44.737140266,-0.001551086,0.000542152,-0.000941330,0.000251835,0.000476944,-0.000106176,0.000375037,0.000000000,0.000000000,0.000000000,0.000000000,0.000000000,0.000000000,0.000000000,-0.000252576,-0.000000500,0.000250043,0.000000031,-0.000087043,-0.000000095,0.000061438,0.000000000,0.000000000,0.000000000,0.000000000,0.000000000,0.000000000,0.000000000,0.174358234,-0.038625398,-0.173798172,0.101839840,0.468835991,0.333719260,0.015278327
4.351000000,0,4.351000000,sample,0.216506526,0.000005580,0.000000000,0.000000000,0.000000000,0.000000000,0.000000000,0,0,2.000000000,0.080000000,0.000000000,0.000000000,0.001356251,0.000000000,0.001356251,0.000000000,0.000000000,0.000000000,0.002031450,0.667626955,1,75.121671241,0,0.000000000,0.202376400,0.025517383,0.203982791,0.025762933,1.017187513,0.105733696,0.422575098,0.033893369,0.370441021,0.002712502,0.370449876,2.000000000,0.000000000,0.000000000,0.000000000,1.000000000,1.155544168,0.654957969,0.636547374,0.000000000,1.170242448,0.654957969,0.638526328,1,0,0,0.000000000,0.078961083,-0.035957429,0.182834400,-0.009712658,-0.020247371,0.012117966,0.861242887,12.119952567,-0.547287710,-130.911964071,-0.109592734,142.886235058,44.736971241,-0.001760714,0.000836917,0.000090270,-0.000132853,-0.000228688,0.000419668,0.000268383,0.000000000,0.000000000,0.000000000,0.000000000,0.000000000,0.000000000,0.000000000,-0.000923244,-0.000001827,0.000913985,0.000000114,-0.000318168,-0.000000348,0.000224574,0.000000000,0.000000000,0.000000000,0.000000000,0.000000000,0.000000000,0.000000000,0.170410585,-0.046179158,-0.175833593,0.108173828,0.470065104,0.332083845,0.012663545
4.401000000,0,4.401000000,sample,0.216506340,-0.000003728,0.000000000,0.000000000,0.000000000,0.000000000,0.000000000,0,0,2.000000000,0.080000000,0.000000000,0.000000000,0.000524151,0.000000000,0.001785533,0.000000000,0.000000000,0.000000000,0.000929017,0.564199136,1,78.777761646,0,0.000000000,0.201207225,0.025554989,0.203234217,0.025711782,0.541960243,0.063007089,0.398784837,0.028041098,0.345073574,0.001048302,0.345074874,2.000000000,0.000000000,0.000000000,0.000000000,1.000000000,1.136306490,0.649118610,0.640605027,0.000000000,1.170605982,0.660290596,0.640787972,1,0,0,0.000000000,0.078121517,-0.035910901,0.181911471,-0.009721673,-0.020187325,0.012288956,0.861332112,12.119939012,-0.547383246,-130.911824040,-0.109544451,142.886140886,44.737099467,-0.000824566,0.000087958,-0.000168867,0.000143558,-0.000168993,-0.000218364,0.000223742,0.000000000,0.000000000,0.000000000,0.000000000,0.000000000,0.000000000,0.000000000,-0.000356806,-0.000000706,0.000353228,0.000000044,-0.000122962,-0.000000135,0.000086791,0.000000000,0.000000000,0.000000000,0.000000000,0.000000000,0.000000000,0.000000000,0.177303046,-0.056307776,-0.172748866,0.115343937,0.470298645,0.333654209,0.010748171
4.451000000,0,4.451000000,sample,0.216506449,0.000002181,0.000000000,0.000000000,0.000000000,0.000000000,0.000000000,0,0,2.000000000,0.080000000,0.000000000,0.000000000,0.000313605,0.000000000,0.002367932,0.000000000,0.000000000,0.000000000,0.001697647,0.184728971,4,43.621599358,0,0.000000000,0.200523354,0.025151964,0.204038108,0.025772065,0.619059641,0.087785917,0.412782339,0.020455872,0.357796502,0.000627209,0.357796686,2.000000000,0.000000000,0.000000000,0.000000000,1.000000000,1.152227840,0.658140773,0.637266210,0.000000000,1.172803203,0.664485236,0.640745714,1,0,0,0.000000000,0.077885024,-0.038851801,0.180649041,-0.009753840,-0.019999841,0.011725623,0.861505874,12.119762762,-0.547247028,-130.911898998,-0.109544200,142.886228395,44.736843016,0.000190607,-0.000803618,0.000765531,-0.001121239,-0.000064937,0.000255963,-0.000535654,0.000000000,0.000000000,0.000000000,0.000000000,0.000000000,0.000000000,0.000000000,-0.000213481,-0.000000422,0.000211340,0.000000026,-0.000073569,-0.000000080,0.000051927,0.000000000,0.000000000,0.000000000,0.000000000,0.000000000,0.000000000,0.000000000,0.170410874,-0.048338763,-0.172371246,0.106194797,0.471469504,0.333694708,0.010338652
4.501000000,0,4.501000000,sample,0.216506258,-0.000003828,0.000000000,0.000000000,0.000000000,0.000000000,0.000000000,0,0,2.000000000,0.080000000,0.000000000,0.000000000,0.000051437,0.000000000,0.002848281,0.000000000,0.000000000,0.000000000,0.001080140,0.047620863,7,75.927732071,0,0.000000000,0.199931283,0.025209981,0.203331114,0.025589091,0.398024037,0.028871525,0.388447293,0.018204334,0.329109717,0.000102874,0.329109624,2.000000000,0.000000000,0.000000000,0.000000000,1.000000000,1.187124387,0.665384617,0.635224736,0.000000000,1.208169891,0.672035237,0.640414945,1,0,0,0.000000000,0.077148960,-0.037184454,0.180659548,-0.009738760,-0.019999068,0.011863263,0.861409687,12.119863473,-0.547327612,-130.911750942,-0.109539679,142.886181685,44.736802217,-0.000391938,-0.000200529,-0.000264411,0.000087039,-0.000066215,0.000071768,-0.000941197,0.000000000,0.000000000,0.000000000,0.000000000,0.000000000,0.000000000,0.000000000,0.000035015,0.000000069,-0.000034664,-0.000000004,0.000012067,0.000000013,-0.000008517,0.000000000,0.000000000,0.000000000,0.000000000,0.000000000,0.000000000,0.000000000,0.167599117,-0.032801597,-0.175540756,0.104424943,0.471659725,0.331599459,0.014311987
4.551000000,0,4.551000000,sample,0.216506571,0.000006263,0.000000000,0.000000000,0.000000000,0.000000000,0.000000000,0,0,2.000000000,0.080000000,0.000000000,0.000000000,0.000255496,0.000000000,0.003568263,0.000000000,0.000000000,0.000000000,0.001496267,0.170755577,4,51.795787000,0,0.000000000,0.202017748,0.025519274,0.205441555,0.025740192,0.733415158,0.083104437,0.413390445,0.031619683,0.364274341,0.000510992,0.364274132,2.000000000,0.000000000,0.000000000,0.000000000,1.000000000,1.147074806,0.649776444,0.636635130,0.000000000,1.193597225,0.666007953,0.641622662,1,0,0,0.000000000,0.079221473,-0.035968158,0.182322298,-0.009759705,-0.020248849,0.012081622,0.861332541,12.119856800,-0.547383422,-130.912008372,-0.109482956,142.886182434,44.736843016,-0.000782520,-0.000533664,-0.000362563,-0.001076853,0.000196911,0.000077035,0.000076866,0.000000000,0.000000000,0.000000000,0.000000000,0.000000000,0.000000000,0.000000000,-0.000173924,-0.000000344,0.000172180,0.000000021,-0.000059937,-0.000000066,0.000042306,0.000000000,0.000000000,0.000000000,0.000000000,0.000000000,0.000000000,0.000000000,0.166876940,-0.049925900,-0.176909403,0.108083470,0.470054103,0.332846537,0.015720367
4.601000000,0,4.601000000,sample,0.216506347,-0.000004476,0.000000000,0.000000000,0.000000000,0.000000000,0.000000000,0,0,2.000000000,0.080000000,0.000000000,0.000000000,0.000444288,0.000000000,0.001290779,0.000000000,0.000000000,0.000000000,0.001700433,0.261279367,7,51.302349734,0,0.000000000,0.202099122,0.025191070,0.203838491,0.025659957,0.853967383,0.134265686,0.445842412,0.030247574,0.399493035,0.000888576,0.399494069,2.000000000,0.000000000,0.000000000,0.000000000,1.000000000,1.144343690,0.647012668,0.639985597,0.000000000,1.171011170,0.656853253,0.640928503,1,0,0,0.000000000,0.077523231,-0.038618066,0.182600243,-0.009734793,-0.020069946,0.011705601,0.861401753,12.120065662,-0.547165659,-130.911801835,-0.109599239,142.886364156,44.736843016,0.000501903,0.000952653,0.000133347,-0.000476565,-0.000044835,0.000041460,-0.001217946,0.000000000,0.000000000,0.000000000,0.000000000,0.000000000,0.000000000,0.000000000,0.000302441,0.000000598,-0.000299408,-0.000000037,0.000104228,0.000000114,-0.000073568,0.000000000,0.000000000,0.000000000,0.000000000,0.000000000,0.000000000,0.000000000,0.174427004,-0.052041818,-0.173193254,0.110630692,0.471669358,0.333929959,0.015237445
4.651000000,0,4.651000000,sample,0.216506215,-0.000002632,0.000000000,0.000000000,0.000000000,0.000000000,0.000000000,0,0,2.000000000,0.080000000,0.000000000,0.000000000,0.000552402,0.000000000,0.002567551,0.000000000,0.000000000,0.000000000,0.001198665,0.460847576,2,51.211701772,0,0.000000000,0.198722483,0.025068950,0.204222160,0.025715478,0.819743775,0.085791540,0.358685188,0.012804516,0.289058638,0.001104804,0.289061128,2.000000000,0.000000000,0.000000000,0.000000000,1.000000000,1.151405387,0.650792171,0.639926584,0.000000000,1.180515916,0.657584018,0.640018554,1,0,0,0.000000000,0.076510720,-0.038201216,0.179380607,-0.009751561,-0.019850876,0.011802628,0.861470019,12.119752125,-0.547281512,-130.911714065,-0.109537447,142.886181685,44.736845293,-0.000300107,-0.000857793,0.000416417,0.000610444,-0.000250601,0.000005857,0.000045231,0.000000000,0.000000000,0.000000000,0.000000000,0.000000000,0.000000000,0.000000000,-0.000376038,-0.000000744,0.000372268,0.000000046,-0.000129588,-0.000000142,0.000091468,0.000000000,0.000000000,0.000000000,0.000000000,0.000000000,0.000000000,0.000000000,0.172319936,-0.050422160,-0.174693787,0.110635772,0.471206979,0.335082477,0.013964288
4.701000000,0,4.701000000,sample,0.216506127,-0.000001760,0.000000000,0.000000000,0.000000000,0.000000000,0.000000000,0,0,2.000000000,0.080000000,0.000000000,0.000000000,0.000329224,0.000000000,0.001995677,0.000000000,0.000000000,0.000000000,0.001133142,0.290541195,4,42.698273320,0,0.000000000,0.199545019,0.025108571,0.203691948,0.025678334,0.760824008,0.096692729,0.378723200,0.011655232,0.306356652,0.000658449,0.306357424,2.000000000,0.000000000,0.000000000,0.000000000,1.000000000,1.152160144,0.650125729,0.636280402,0.000000000,1.171896461,0.657468779,0.640161397,1,0,0,0.000000000,0.076221562,-0.038325611,0.180387460,-0.009768575,-0.019898431,0.011792699,0.861389705,12.119926124,-0.547191837,-130.911633975,-0.109537427,142.886228315,44.736843016,0.000183099,-0.000113259,0.000670633,0.000740439,-0.000103527,0.000458846,-0.000135652,0.000000000,0.000000000,0.000000000,0.000000000,0.000000000,0.000000000,0.000000000,-0.000224114,-0.000000443,0.000221866,0.000000028,-0.000077234,-0.000000084,0.000054514,0.000000000,0.000000000,0.000000000,0.000000000,0.000000000,0.000000000,0.000000000,0.170366093,-0.047602234,-0.175967145,0.104707450,0.469335954,0.333442699,0.013183863
4.751000000,0,4.751000000,sample,0.216506455,0.000006550,0.000000000,0.000000000,0.000000000,0.000000000,0.000000000,0,0,2.000000000,0.080000000,0.000000000,0.000000000,0.000578056,0.000000000,0.001083925,0.000000000,0.000000000,0.000000000,0.001505058,0.384075524,1,55.315813874,0,0.000000000,0.200829293,0.025325720,0.203578967,0.025669854,0.707622702,0.018564626,0.393688831,0.021653565,0.338115754,0.001156112,0.338117056,2.000000000,0.000000000,0.000000000,0.000000000,1.000000000,1.139592602,0.648876973,0.640219790,0.000000000,1.166133452,0.651176520,0.641466992,1,0,0,0.000000000,0.078248129,-0.037320417,0.181154138,-0.009732697,-0.020095531,0.011951414,0.861359161,12.119802888,-0.547261349,-130.911908254,-0.109572392,142.886181685,44.736930442,-0.001119381,-0.000358886,-0.000162039,-0.000281486,-0.000270531,0.000059406,-0.000837365,0.000000000,0.000000000,0.000000000,0.000000000,0.000000000,0.000000000,0.000000000,-0.000393502,-0.000000778,0.000389556,0.000000049,-0.000135607,-0.000000148,0.000095716,0.000000000,0.000000000,0.000000000,0.000000000,0.000000000,0.000000000,0.000000000,0.168378977,-0.054202006,-0.182979871,0.110676538,0.470509415,0.333584146,0.014269567
4.801000000,0,4.801000000,sample,0.216506090,-0.000007303,0.000000000,0.000000000,0.000000000,0.000000000,0.000000000,0,0,2.000000000,0.080000000,0.000000000,0.000000000,0.001040825,0.000000000,0.001403590,0.000000000,0.000000000,0.000000000,0.002217288,0.469413393,7,65.191103725,0,0.000000000,0.199031196,0.025307954,0.202642630,0.025645673,0.389792158,0.121678040,0.386956367,0.030818340,0.319361613,0.002081649,0.319368328,2.000000000,0.000000000,0.000000000,0.000000000,1.000000000,1.148883701,0.650208275,0.639649820,0.000000000,1.162797557,0.654940107,0.641877012,1,0,0,0.000000000,0.075882912,-0.036919356,0.180255823,-0.009773480,-0.019851151,0.012284277,0.861210344,12.119940987,-0.547165601,-130.911599872,-0.109537446,142.886255324,44.737181065,-0.000646944,0.000510063,0.000465554,0.000832110,0.000038548,0.000349281,0.001790261,0.000000000,0.000000000,0.000000000,0.000000000,0.000000000,0.000000000,0.000000000,-0.000708523,-0.000001401,0.000701418,0.000000087,-0.000244171,-0.000000267,0.000172344,0.000000000,0.000000000,0.000000000,0.000000000,0.000000000,0.000000000,0.000000000,0.173731805,-0.050580583,-0.175722579,0.109241193,0.470758263,0.334400377,0.012717681
4.851000000,0,4.851000000,sample,0.216506399,0.000006184,0.000000000,0.000000000,0.000000000,0.000000000,0.000000000,0,0,2.000000000,0.080000000,0.000000000,0.000000000,0.000546065,0.000000000,0.001801020,0.000000000,0.000000000,0.000000000,0.001396578,0.391002110,2,52.450197087,0,0.000000000,0.200815642,0.025321440,0.204601561,0.025762659,0.891030728,0.087278944,0.374582112,0.012724069,0.305208421,0.001092130,0.305209918,2.000000000,0.000000000,0.000000000,0.000000000,1.000000000,1.138984093,0.648583696,0.638152891,0.000000000,1.170761161,0.655153194,0.640146768,1,0,0,0.000000000,0.077778446,-0.038254161,0.181146500,-0.009767524,-0.020038856,0.012008955,0.861383230,12.119848520,-0.547191948,-130.911854933,-0.109538172,142.886230561,44.737052839,0.000158486,-0.001011437,0.000859586,0.000212277,-0.000087569,0.000095467,0.000318711,0.000000000,0.000000000,0.000000000,0.000000000,0.000000000,0.000000000,0.000000000,-0.000371724,-0.000000735,0.000367997,0.000000046,-0.000128102,-0.000000140,0.000090419,0.000000000,0.000000000,0.000000000,0.000000000,0.000000000,0.000000000,0.000000000,0.171690340,-0.052491189,-0.175756957,0.106436971,0.471078841,0.332702112,0.013450197
4.901000000,0,4.901000000,sample,0.216506363,-0.000000721,0.000000000,0.000000000,0.000000000,0.000000000,0.000000000,0,0,2.000000000,0.080000000,0.000000000,0.000000000,0.000907334,0.000000000,0.001545250,0.000000000,0.000000000,0.000000000,0.002449492,0.370417294,7,62.326751210,0,0.000000000,0.201640866,0.025265151,0.203661011,0.025751401,0.471438550,0.085904309,0.426051848,0.029655285,0.378205191,0.001814668,0.378209616,2.000000000,0.000000000,0.000000000,0.000000000,1.000000000,1.167883895,0.651293886,0.637017023,0.000000000,1.172165318,0.653703464,0.639486096,1,0,0,0.000000000,0.078208095,-0.036421999,0.182252492,-0.009640969,-0.020195759,0.011726505,0.861401793,12.119970308,-0.547383236,-130.911840965,-0.109679643,142.886181685,44.736714791,0.000181411,0.000387602,-0.000214827,-0.000369993,0.001357093,-0.000229143,-0.001933807,0.000000000,0.000000000,0.000000000,0.000000000,0.000000000,0.000000000,0.000000000,0.000617652,0.000001222,-0.000611458,-0.000000076,0.000212855,0.000000233,-0.000150240,0.000000000,0.000000000,0.000000000,0.000000000,0.000000000,0.000000000,0.000000000,0.178868255,-0.040434554,-0.170729821,0.105457853,0.470326421,0.332421635,0.013444884
4.951000000,0,4.951000000,sample,0.216506189,-0.000003485,0.000000000,0.000000000,0.000000000,0.000000000,0.000000000,0,0,2.000000000,0.080000000,0.000000000,0.000000000,0.000654150,0.000000000,0.001290461,0.000000000,0.000000000,0.000000000,0.001169303,0.559435944,7,43.995608794,0,0.000000000,0.201407642,0.025356627,0.204244419,0.025753382,0.413360939,0.031846608,0.392941160,0.018414905,0.334333660,0.001308300,0.334336309,2.000000000,0.000000000,0.000000000,0.000000000,1.000000000,1.145566470,0.647713291,0.635913003,0.000000000,1.168732620,0.654489848,0.638817728,1,0,0,0.000000000,0.077459485,-0.036914258,0.182215269,-0.009680862,-0.020170971,0.011931948,0.861560194,12.120061003,-0.547495075,-130.911705636,-0.109572389,142.886161123,44.736883815,0.000114356,-0.000023452,-0.000771452,0.000244912,-0.000306662,-0.000054241,-0.000775589,0.000000000,0.000000000,0.000000000,0.000000000,0.000000000,0.000000000,0.000000000,0.000445301,0.000000881,-0.000440835,-0.000000055,0.000153460,0.000000168,-0.000108318,0.000000000,0.000000000,0.000000000,0.000000000,0.000000000,0.000000000,0.000000000,0.175014128,-0.048816071,-0.169014590,0.104000890,0.470459730,0.332386514,0.013308807
5.000000000,0,5.000000000,disturb_auto_push,0.000000000,,0.000000000,0.000000000,0.000000000,0.000000000,0.000000000,0,0,0.000000000,0.000000000,0.000000000,0.000000000,0.000000000,0.000000000,0.000000000,0.000000000,0.000000000,0.000000000,0.001423311,0.000000000,4,40.866257663,0,0.000000000,0.000000000,0.000000000,0.000000000,0.000000000,1.044441105,0.117810318,0.000000000,0.000000000,0.000000000,0.000000000,0.000000000,0.000000000,0.000000000,0.000000000,0.000000000,1.000000000,0.000000000,0.000000000,0.000000000,0.000000000,0.000000000,0.000000000,0.000000000,0,0,0,0.000000000,0.000000000,0.000000000,0.000000000,0.000000000,0.000000000,0.000000000,0.861430594,12.119650086,-0.547283186,-130.911620955,-0.109613439,142.886181685,44.736843016,0.000316810,-0.000830947,0.000453326,0.000909876,-0.000443164,-0.000052656,-0.000049258,0.000000000,0.000000000,0.000000000,0.000000000,0.000000000,0.000000000,0.000000000,0.000000000,0.000000000,0.000000000,0.000000000,0.000000000,0.000000000,0.000000000,0.000000000,0.000000000,0.000000000,0.000000000,0.000000000,0.000000000,0.000000000,0.000000000,0.000000000,0.000000000,0.000000000,0.000000000,0.000000000,0.000000000
5.000000000,0,5.000000000,sample,0.216506100,-0.000001809,0.000000000,0.000000000,0.000000000,0.000000000,0.000000000,0,0,2.000000000,0.080000000,0.000000000,0.000000000,0.000186850,0.000000000,0.001521044,0.000000000,0.000000000,0.000000000,0.001423311,0.131278732,4,40.866257663,0,0.000000000,0.196804477,0.024886953,0.204097856,0.025629709,1.044441105,0.117810318,0.352551790,0.008166765,0.281683742,0.000373701,0.281684448,2.000000000,0.000000000,0.000000000,0.000000000,1.000000000,1.143711353,0.646813748,0.638446078,0.000000000,1.158963389,0.654939083,0.638956079,1,0,0,0.000000000,0.075434410,-0.037754361,0.177809618,-0.009707596,-0.019655603,0.011780503,0.861430594,12.119650086,-0.547283186,-130.911620955,-0.109613439,142.886181685,44.736843016,0.000316810,-0.000830947,0.000453326,0.000909876,-0.000443164,-0.000052656,-0.000049258,0.000000000,0.000000000,0.000000000,0.000000000,0.000000000,0.000000000,0.000000000,-0.000127195,-0.000000252,0.000125920,0.000000016,-0.000043833,-0.000000048,0.000030939,0.000000000,0.000000000,0.000000000,0.000000000,0.000000000,0.000000000,0.000000000,0.175830832,-0.051367516,-0.172612823,0.106650336,0.470394665,0.333853245,0.012636487
5.050000000,0,5.050000000,sample,0.216506230,0.000002594,0.000000000,0.000000000,0.000000000,0.000000000,0.000000000,0,0,2.000000000,0.080000000,0.000000000,0.000000000,0.000219511,0.000000000,0.001781713,0.000000000,0.000000000,0.000000000,0.001516924,0.144708271,2,73.847483404,0,0.000000000,0.202458445,0.025622571,0.203845153,0.025622571,0.848040583,0.117408211,0.442843050,0.038377870,0.398452991,0.000439023,0.398248054,2.000000000,0.001541333,0.030826663,0.003343002,1.000000000,1.174007694,0.659379420,0.637165085,0.000000000,1.190443345,0.664978726,0.640969838,1,0,0,0.000000000,0.077968447,-0.037270515,0.183088098,-0.009794000,-0.020287387,0.012207197,0.861464494,12.120132322,-0.547381914,-130.911732670,-0.109420859,142.886143134,44.737052839,-0.000163199,0.001303562,-0.000346143,-0.000064520,0.000560866,-0.000299228,0.000216946,0.000000000,0.000000000,0.000000000,0.000000000,0.000000000,0.000000000,0.000000000,0.000149428,0.000000296,-0.000147930,-0.000000018,0.000051497,0.000000056,-0.000036348,0.000000000,0.000000000,0.000000000,0.000000000,0.000000000,0.000000000,0.000000000,0.169751880,-0.040413807,-0.175618942,0.107376253,0.470500535,0.334097106,0.012925438
5.100000000,0,5.100000000,sample,0.216506249,0.000000385,0.000000000,0.000000000,0.000000000,0.000000000,0.000000000,0,0,2.000000000,0.080000000,0.000000000,0.000000000,0.000135774,0.000000000,0.001499285,0.000000000,0.000000000,0.000000000,0.000902823,0.150387903,2,51.973329298,0,0.000000000,0.201800899,0.025232875,0.204951139,0.025744050,0.297981348,0.059352421,0.418175159,0.023538588,0.364238944,0.000271547,0.362657340,2.000000000,0.006155830,0.123116594,0.013351324,1.000000000,1.146613094,0.648558815,0.637094782,0.000000000,1.175990298,0.657814743,0.639051030,1,0,0,0.000000000,0.077621140,-0.037542083,0.182453154,-0.009619761,-0.020172489,0.011714473,0.861402820,12.120067520,-0.547261366,-130.911740698,-0.109755506,142.886201599,44.736883815,0.000142881,0.000650868,-0.000012999,0.000170201,-0.000245893,-0.000089172,-0.000522966,0.000000000,0.000000000,0.000000000,0.000000000,0.000000000,0.000000000,0.000000000,0.000092426,0.000000183,-0.000091499,-0.000000011,0.000031852,0.000000035,-0.000022482,0.000000000,0.000000000,0.000000000,0.000000000,0.000000000,0.000000000,0.000000000,0.171362364,-0.049815024,-0.173615190,0.109963728,0.470331082,0.332199987,0.015516160
5.150000000,0,5.150000000,sample,0.216506209,-0.000000800,0.000000000,0.000000000,0.000000000,0.000000000,0.000000000,0,0,2.000000000,0.080000000,0.000000000,0.000000000,0.000752877,0.000000000,0.001739238,0.000000000,0.000000000,0.000000000,0.001098079,0.685630808,3,42.388525393,0,0.000000000,0.199585589,0.025135338,0.203890305,0.025596875,0.296849240,0.009742074,0.402505524,0.020989497,0.341432652,0.001505754,0.338488431,2.000000000,0.013815040,0.276300796,0.029962869,1.000000000,1.154493151,0.650269533,0.637621744,0.000000000,1.181469932,0.655845713,0.639223174,1,0,0,0.000000000,0.076361777,-0.038659241,0.180301828,-0.009770295,-0.019854695,0.011921310,0.861398950,12.119883063,-0.547165640,-130.911694481,-0.109544284,142.886289025,44.737012040,-0.000184947,-0.000239385,0.000714921,-0.000334451,-0.000174216,0.000256476,0.000628623,0.000000000,0.000000000,0.000000000,0.000000000,0.000000000,0.000000000,0.000000000,-0.000512508,-0.000001014,0.000507369,0.000000063,-0.000176619,-0.000000193,0.000124664,0.000000000,0.000000000,0.000000000,0.000000000,0.000000000,0.000000000,0.000000000,0.170431732,-0.047199659,-0.177633236,0.105839728,0.470021055,0.333785779,0.014083774
5.200000000,0,5.200000000,sample,0.216506104,-0.000002105,0.000000000,0.000000000,0.000000000,0.000000000,0.000000000,0,0,2.000000000,0.080000000,0.000000000,0.000000000,0.000151782,0.000000000,0.001324247,0.000000000,0.000000000,0.000000000,0.001055635,0.143783096,2,37.683083934,0,0.000000000,0.200564536,0.025355115,0.203639274,0.025660244,0.347673464,0.016310490,0.399188185,0.022436998,0.337607343,0.000303565,0.336772205,2.000000000,0.024471742,0.489434837,0.053076437,1.000000000,1.136978088,0.643055307,0.635738635,0.000000000,1.158660554,0.652372429,0.639326648,1,0,0,0.000000000,0.076667425,-0.037727561,0.181452115,-0.009784631,-0.020049281,0.012048617,0.861470466,12.120039897,-0.547338217,-130.911625205,-0.109455820,142.886181713,44.736971241,-0.000207495,0.000648018,-0.000287763,0.000617674,0.000160307,0.000165115,-0.000366188,0.000000000,0.000000000,0.000000000,0.000000000,0.000000000,0.000000000,0.000000000,0.000103323,0.000000204,-0.000102287,-0.000000013,0.000035607,0.000000039,-0.000025133,0.000000000,0.000000000,0.000000000,0.000000000,0.000000000,0.000000000,0.000000000,0.172681025,-0.051069343,-0.175792776,0.101803724,0.469480845,0.331436729,0.014392020
5.250000000,0,5.250000000,sample,0.216506373,0.000005387,0.000000000,0.000000000,0.000000000,0.000000000,0.000000000,0,0,2.000000000,0.080000000,0.000000000,0.000000000,0.000236772,0.000000000,0.003328689,0.000000000,0.000000000,0.000000000,0.001201676,0.197034434,2,77.500425049,0,0.000000000,0.199484423,0.025112066,0.204664813,0.025826955,0.464422600,0.026706572,0.377447009,0.019381474,0.319985446,0.000473543,0.320350379,2.000000000,0.038060234,0.761204675,0.082545835,1.000000000,1.145234607,0.616001631,0.642830664,0.000000000,1.155176462,0.646594784,0.646033415,1,0,0,0.000000000,0.077481701,-0.039852034,0.179450374,-0.009712214,-0.019929433,0.011794342,0.861743085,12.119654430,-0.547368186,-130.911850510,-0.109572398,142.886140886,44.737052839,0.000141166,-0.001057887,-0.000256124,-0.000167763,-0.000084573,-0.000447220,0.000063796,0.000000000,0.000000000,0.000000000,0.000000000,0.000000000,0.000000000,0.000000000,0.000161178,0.000000319,-0.000159562,-0.000000020,0.000055544,0.000000061,-0.000039205,0.000000000,0.000000000,0.000000000,0.000000000,0.000000000,0.000000000,0.000000000,0.225438009,-0.047310698,-0.133906807,0.104437775,0.469603719,0.332637827,0.012522247
5.300000000,0,5.300000000,sample,0.216506205,-0.000003362,0.000000000,0.000000000,0.000000000,0.000000000,0.000000000,0,0,2.000000000,0.080000000,0.000000000,0.000000000,0.000413247,0.000000000,0.002571859,0.000000000,0.000000000,0.000000000,0.000870837,0.474540309,4,33.524503368,0,0.000000000,0.200492987,0.025154008,0.205412322,0.025616389,0.489589838,0.057137275,0.377827517,0.015220176,0.311441877,0.000826494,0.317707411,2.000000000,0.054496738,1.089934758,0.118196241,1.000000000,1.139577048,0.649795432,0.640059328,0.000000000,1.166168638,0.659358601,0.642264787,1,0,0,0.000000000,0.076993946,-0.038939557,0.180978123,-0.009747774,-0.020020821,0.011699220,0.861556421,12.119930491,-0.547287192,-130.911705686,-0.109537418,142.886181769,44.736822711,-0.000383072,-0.000317701,0.000297544,0.000504218,-0.000067261,0.000113061,-0.000388077,0.000000000,0.000000000,0.000000000,0.000000000,0.000000000,0.000000000,0.000000000,-0.000281311,-0.000000557,0.000278490,0.000000035,-0.000096945,-0.000000106,0.000068427,0.000000000,0.000000000,0.000000000,0.000000000,0.000000000,0.000000000,0.000000000,0.172540024,-0.052029270,-0.179154994,0.108051502,0.472328468,0.331870624,0.013960888
5.350000000,0,5.350000000,sample,0.216506309,0.000002085,0.000000000,0.000000000,0.000000000,0.000000000,0.000000000,0,0,2.000000000,0.080000000,0.000000000,0.000000000,0.001529179,0.000000000,0.004375734,0.000000000,0.000000000,0.000000000,0.002328349,0.656765215,1,57.802811065,0,0.000000000,0.199206096,0.025197244,0.206547133,0.025871615,1.117511371,0.158529899,0.423761038,0.041072280,0.381494918,0.003058358,0.414828851,2.000000000,0.073679918,1.473598356,0.159799272,1.000000000,1.157436777,0.632312822,0.645995361,0.000000000,1.157436777,0.683518610,0.648894515,1,0,0,0.000000000,0.077026667,-0.038696580,0.179589910,-0.009737079,-0.019893161,0.012014681,0.861491390,12.119720548,-0.547247026,-130.911788837,-0.109572472,142.886181686,44.737140266,-0.001770201,0.000201739,0.000125291,-0.000988727,-0.000256147,0.000079556,0.001087051,0.000000000,0.000000000,0.000000000,0.000000000,0.000000000,0.000000000,0.000000000,-0.001040963,-0.000002059,0.001030525,0.000000129,-0.000358729,-0.000000393,0.000253204,0.000000000,0.000000000,0.000000000,0.000000000,0.000000000,0.000000000,0.000000000,0.201478354,-0.043599242,-0.169652690,0.104755500,0.473300765,0.332865930,0.015700088
5.400000000,0,5.400000000,sample,0.216506103,-0.000004123,0.000000000,0.000000000,0.000000000,0.000000000,0.000000000,0,0,2.000000000,0.080000000,0.000000000,0.000000000,0.000440240,0.000000000,0.003253038,0.000000000,0.000000000,0.000000000,0.001362514,0.323108586,2,57.597525093,0,0.000000000,0.201665781,0.025077865,0.204694127,0.025510237,0.484368713,0.083656892,0.426015285,0.025325352,0.373375674,0.000880480,0.395540242,2.000000000,0.095491503,1.909830056,0.207111064,1.000000000,1.160274903,0.647876361,0.646901891,0.000000000,1.173543412,0.654582348,0.649228508,1,0,0,0.000000000,0.076703465,-0.042266878,0.181656756,-0.009704563,-0.020054798,0.011511988,0.862019824,12.120064225,-0.547383403,-130.911626796,-0.109572389,142.886201599,44.737032966,0.000567112,0.001034053,-0.000102481,0.000364283,-0.000350710,-0.000200138,-0.000399130,0.000000000,0.000000000,0.000000000,0.000000000,0.000000000,0.000000000,0.000000000,0.000299685,0.000000593,-0.000296680,-0.000000037,0.000103278,0.000000113,-0.000072897,0.000000000,0.000000000,0.000000000,0.000000000,0.000000000,0.000000000,0.000000000,0.176117701,-0.042261344,-0.199935782,0.100316213,0.474605944,0.331848619,0.016328607
5.450000000,0,5.450000000,sample,0.216506348,0.000004909,0.000000000,0.000000000,0.000000000,0.000000000,0.000000000,0,0,2.000000000,0.080000000,0.000000000,0.000000000,0.000651545,0.000000000,0.002081976,0.000000000,0.000000000,0.000000000,0.001812574,0.359458708,2,47.382193097,0,0.000000000,0.203464130,0.024887658,0.204934417,0.025374988,1.224582759,0.140586431,0.466060232,0.033899756,0.421445445,0.001303091,0.449800556,2.000000000,0.119797017,2.395940344,0.259825106,1.000000000,1.146161166,0.633212550,0.650172905,0.000000000,1.156205346,0.644369188,0.651799581,1,0,0,0.000000000,0.078071767,-0.046974642,0.181922606,-0.009726364,-0.020156302,0.010886545,0.862524529,12.119944200,-0.547383397,-130.911827811,-0.109537418,142.886181685,44.736883815,0.000954645,0.001247680,0.000133672,-0.000726936,0.000022940,0.000096776,-0.000511053,0.000000000,0.000000000,0.000000000,0.000000000,0.000000000,0.000000000,0.000000000,0.000443528,0.000000878,-0.000439080,-0.000000055,0.000152848,0.000000167,-0.000107886,0.000000000,0.000000000,0.000000000,0.000000000,0.000000000,0.000000000,0.000000000,0.196608384,-0.048085768,-0.189602404,0.101310114,0.473650196,0.333216623,0.012925655
5.500000000,0,5.500000000,sample,0.216506583,0.000004692,0.000000000,0.000000000,0.000000000,0.000000000,0.000000000,0,0,2.000000000,0.080000000,0.000000000,-0.000000000,0.000164891,0.000000000,0.001485368,0.000000000,0.000000000,0.000000000,0.001376072,0.119827051,4,58.912313628,0,0.000000000,0.204963992,0.024726501,0.206650877,0.025245276,0.826522118,0.073373488,0.432725579,0.030179543,0.387750420,0.000329781,0.473289687,2.000000000,0.146446609,2.928932188,0.317621653,1.000000000,1.147493950,0.611102336,0.656377607,0.000000000,1.171823070,0.640793073,0.656377607,1,0,0,0.000000000,0.079381677,-0.050907652,0.181981314,-0.009710635,-0.020250192,0.010345681,0.862911042,12.119804678,-0.547342562,-130.912020058,-0.109579170,142.886140886,44.736802217,-0.000331705,-0.000074225,-0.000547532,-0.001056195,-0.000249172,-0.000256503,-0.000484579,0.000000000,0.000000000,0.000000000,0.000000000,0.000000000,0.000000000,0.000000000,0.000112247,0.000000222,-0.000111121,-0.000000014,0.000038682,0.000000042,-0.000027303,0.000000000,0.000000000,0.000000000,0.000000000,0.000000000,0.000000000,0.000000000,0.229437435,-0.047599035,-0.173247645,0.107711978,0.472447504,0.333028915,0.013886642
5.550000000,0,5.550000000,sample,0.216506343,-0.000004793,0.000000000,0.000000000,0.000000000,0.000000000,0.000000000,0,0,2.000000000,0.080000000,0.000000000,0.000000000,0.000564834,0.000000000,0.001437797,0.000000000,0.000000000,0.000000000,0.001340152,0.421470256,3,54.311934003,0,0.000000000,0.204819919,0.024257421,0.208544480,0.024905387,0.746104405,0.049819669,0.406100686,0.017420325,0.339486974,0.001129669,0.440204315,2.000000000,0.175275976,3.505519517,0.380148037,1.000000000,1.134811471,0.604524671,0.657812338,0.000000000,1.161565949,0.613453135,0.660077917,1,0,0,0.000000000,0.077444827,-0.059220584,0.180128900,-0.009793623,-0.019958130,0.009704665,0.863638764,12.119761317,-0.547191502,-130.911812822,-0.109496619,142.886182519,44.736971241,0.000214003,-0.000721570,0.000987647,-0.000156580,0.000136430,-0.000021357,0.000458819,0.000000000,0.000000000,0.000000000,0.000000000,0.000000000,0.000000000,0.000000000,-0.000384501,-0.000000761,0.000380646,0.000000047,-0.000132504,-0.000000145,0.000093526,0.000000000,0.000000000,0.000000000,0.000000000,0.000000000,0.000000000,0.000000000,0.235129980,-0.051519370,-0.172354609,0.103566898,0.472468119,0.333123571,0.012127200
5.600000000,0,5.600000000,sample,0.216506321,-0.000000444,0.000000000,0.000000000,0.000000000,0.000000000,0.000000000,0,0,2.000000000,0.080000000,0.000000000,0.000000000,0.000605466,0.000000000,0.003103420,0.000000000,0.000000000,0.000000000,0.001511726,0.400512805,4,45.344957589,0,0.000000000,0.205753944,0.024251847,0.209721099,0.024568821,0.430953926,0.025961242,0.411698766,0.022359651,0.353172240,0.001210931,0.524643307,2.000000000,0.206107374,4.122147477,0.447020359,1.000000000,1.157830708,0.607176704,0.661057101,0.000000000,1.173703270,0.634948158,0.661057101,1,0,0,0.000000000,0.077451506,-0.060559608,0.180744250,-0.009681615,-0.019982123,0.009753624,0.863996802,12.119842798,-0.547383416,-130.911802964,-0.109613188,142.886228312,44.737283882,-0.000604468,-0.000779889,0.000079922,-0.001017976,-0.000449908,0.000159104,0.000203252,0.000000000,0.000000000,0.000000000,0.000000000,0.000000000,0.000000000,0.000000000,-0.000412160,-0.000000816,0.000408027,0.000000051,-0.000142037,-0.000000155,0.000100255,0.000000000,0.000000000,0.000000000,0.000000000,0.000000000,0.000000000,0.000000000,0.245337624,-0.041731922,-0.174919120,0.102903487,0.472582815,0.332320321,0.010356049
5.650000000,0,5.650000000,sample,0.216506378,0.000001144,0.000000000,0.000000000,0.000000000,0.000000000,0.000000000,0,0,2.000000000,0.080000000,0.000000000,0.000000000,0.000064175,0.000000000,0.001488876,0.000000000,0.000000000,0.000000000,0.001552049,0.041348679,7,77.253532083,0,0.000000000,0.212862138,0.023673306,0.213702609,0.024446415,0.475822462,0.017760337,0.414901479,0.019510812,0.351596332,0.000128350,0.559681035,2.000000000,0.238750718,4.775014353,0.517827910,1.000000000,1.134452604,0.580076839,0.669134546,0.000000000,1.160861785,0.604391325,0.669346569,1,0,0,0.000000000,0.078478708,-0.076978593,0.182279122,-0.009750158,-0.020202116,0.007565338,0.865756041,12.119965284,-0.547383422,-130.911851797,-0.109496619,142.886181686,44.736761418,-0.000614062,-0.000120851,-0.000289169,-0.000031191,0.000262487,0.000052547,-0.001364158,0.000000000,0.000000000,0.000000000,0.000000000,0.000000000,0.000000000,0.000000000,0.000043686,0.000000086,-0.000043248,-0.000000005,0.000015055,0.000000016,-0.000010626,0.000000000,0.000000000,0.000000000,0.000000000,0.000000000,0.000000000,0.000000000,0.270100106,-0.048655183,-0.168614990,0.097520950,0.473774024,0.331451533,0.012504067
5.700000000,0,5.700000000,sample,0.216505981,-0.000007942,0.000000000,0.000000000,0.000000000,0.000000000,0.000000000,0,0,2.000000000,0.080000000,0.000000000,0.000000000,0.004519135,0.000000000,0.004519135,0.000000000,0.000000000,0.000000000,0.006128567,0.737388542,1,95.267204347,0,0.000000000,0.243568213,0.022008151,0.243856875,0.023705531,2.603642524,0.312417950,0.570851044,0.046428878,0.508899682,0.009038270,0.522710802,2.000000000,0.273004750,5.460095003,0.592133723,1.000000000,1.193618356,0.581676230,0.683837460,0.000000000,1.193618356,0.619978298,0.697653670,1,0,0,0.000000000,0.076410950,-0.145903644,0.179440708,-0.009493120,-0.019854434,0.000202071,0.874157156,12.119849033,-0.548298932,-130.911582825,-0.109606406,142.886140914,44.736992206,0.005981783,0.000154716,-0.000966076,0.000442537,-0.000726295,-0.000236148,0.000203120,0.000000000,0.000000000,0.000000000,0.000000000,0.000000000,0.000000000,0.000000000,0.003076322,0.000006098,-0.003045476,-0.000000380,0.001060150,0.000001160,-0.000748291,0.000000000,0.000000000,0.000000000,0.000000000,0.000000000,0.000000000,0.000000000,0.290807488,-0.026113543,-0.191401016,0.096912572,0.475170915,0.332248036,0.013424152
5.750000000,0,5.750000000,sample,0.216506124,0.000002857,0.000000000,0.000000000,0.000000000,0.000000000,0.000000000,0,0,2.000000000,0.080000000,0.000000000,0.000000000,0.002056581,0.000000000,0.003903464,0.000000000,0.000000000,0.000000000,0.002488479,0.826441009,1,75.325768662,0,0.000000000,0.284964110,0.022979845,0.286079570,0.023378676,0.657863476,0.042191348,0.598182958,0.021300094,0.495719139,0.004113163,0.588912312,2.000000000,0.308658284,6.173165676,0.669492391,1.000000000,1.151826564,0.545425129,0.690976200,0.000000000,1.195670334,0.597229154,0.698372892,1,0,0,0.000000000,0.078012964,-0.204743237,0.182205182,-0.009519476,-0.020109886,-0.005748510,0.880544931,12.120080886,-0.548345108,-130.911694444,-0.109537418,142.886228315,44.737329115,0.002159762,0.000444254,-0.000938515,0.000025635,0.000109109,0.000495887,0.000437404,0.000000000,0.000000000,0.000000000,0.000000000,0.000000000,0.000000000,0.000000000,0.001399980,0.000002775,-0.001385941,-0.000000173,0.000482465,0.000000528,-0.000340541,0.000000000,0.000000000,0.000000000,0.000000000,0.000000000,0.000000000,0.000000000,0.316296850,-0.042243142,-0.181425334,0.097639775,0.472298665,0.331492166,0.014770444
5.800000000,0,5.800000000,sample,0.216506232,0.000002161,0.000000000,0.000000000,0.000000000,0.000000000,0.000000000,0,0,2.000000000,0.080000000,0.000000000,0.000000000,0.002382258,0.000000000,0.004650717,0.000000000,0.000000000,0.000000000,0.003259608,0.730841746,1,72.173861142,0,0.000000000,0.309149752,0.024152716,0.309515190,0.024288349,1.193751070,0.234936086,0.664424811,0.044534086,0.579987946,0.004764516,0.623290144,2.000000000,0.345491503,6.909830056,0.749383275,1.000000000,1.156990929,0.581776490,0.698145302,0.000000000,1.156990929,0.581776490,0.702785704,1,0,0,0.000000000,0.078342157,-0.238056378,0.181011703,-0.009478144,-0.020006424,-0.009657199,0.884254370,12.119884632,-0.548453605,-130.911788672,-0.109572389,142.886230561,44.737051505,0.002769207,-0.000346778,-0.000473392,-0.000369371,-0.000316932,0.000207229,-0.001527207,0.000000000,0.000000000,0.000000000,0.000000000,0.000000000,0.000000000,0.000000000,0.001621680,0.000003215,-0.001605419,-0.000000200,0.000558860,0.000000611,-0.000394463,0.000000000,0.000000000,0.000000000,0.000000000,0.000000000,0.000000000,0.000000000,0.259267369,-0.042454990,-0.268426220,0.106870993,0.474141888,0.331422050,0.016115774
5.850000000,0,5.850000000,sample,0.216506251,0.000000376,0.000000000,0.000000000,0.000000000,0.000000000,0.000000000,0,0,2.000000000,0.080000000,0.000000000,0.000000000,0.000330757,0.000000000,0.002940259,0.000000000,0.000000000,0.000000000,0.001149411,0.287761752,1,51.062863026,0,0.000000000,0.328989614,0.025372311,0.328989614,0.025372311,0.570970528,0.084969235,0.685590642,0.031192111,0.578461948,0.000661513,0.696489672,2.000000000,0.383277318,7.665546361,0.831363315,1.000000000,1.155789646,0.515364744,0.720899855,0.000000000,1.174422176,0.586375580,0.720899855,1,0,0,0.000000000,0.079627999,-0.261432666,0.183157061,-0.009514370,-0.020319960,-0.011846104,0.886909054,12.120081043,-0.548591816,-130.911816935,-0.109455848,142.886140886,44.737288663,0.000821350,0.000586823,0.000193809,0.000231041,-0.000432009,-0.000155878,-0.000017277,0.000000000,0.000000000,0.000000000,0.000000000,0.000000000,0.000000000,0.000000000,0.000225157,0.000000447,-0.000222899,-0.000000028,0.000077594,0.000000085,-0.000054769,0.000000000,0.000000000,0.000000000,0.000000000,0.000000000,0.000000000,0.000000000,0.355386788,-0.041894229,-0.218816102,0.103832024,0.472582018,0.330722662,0.016397814
5.900000000,0,5.900000000,sample,0.216506088,-0.000003266,0.000000000,0.000000000,0.000000000,0.000000000,0.000000000,0,0,2.000000000,0.080000000,0.000000000,0.000000000,0.002708855,0.000000000,0.004793986,0.000000000,0.000000000,0.000000000,0.003355276,0.807342137,1,71.426437014,0,0.000000000,0.359655943,0.027530612,0.359655943,0.027530612,1.145747849,0.188914628,0.775555497,0.046497994,0.669197332,0.005417711,0.740581263,2.000000000,0.421782767,8.435655350,0.914900274,1.000000000,1.157359260,0.516539197,0.727544591,0.000000000,1.164878520,0.536947529,0.735345115,1,0,0,0.000000000,0.078529531,-0.299975216,0.182209715,-0.009420235,-0.020112093,-0.016269526,0.891441286,12.120080542,-0.548948303,-130.911697420,-0.109489837,142.886228562,44.737076563,0.002835683,0.000943727,-0.000825493,0.000062593,0.000057795,0.000264429,-0.001252013,0.000000000,0.000000000,0.000000000,0.000000000,0.000000000,0.000000000,0.000000000,0.001844004,0.000003660,-0.001825512,-0.000000228,0.000635486,0.000000695,-0.000448549,0.000000000,0.000000000,0.000000000,0.000000000,0.000000000,0.000000000,0.000000000,0.350477629,-0.040711430,-0.243179804,0.100957711,0.474574967,0.331653942,0.016867992
5.950000000,0,5.950000000,sample,0.216505906,-0.000003632,0.000000000,0.000000000,0.000000000,0.000000000,0.000000000,0,0,2.000000000,0.080000000,0.000000000,0.000000000,0.002251936,0.000000000,0.006739670,0.000000000,0.000000000,0.000000000,0.002664614,0.845126522,1,40.052528103,0,0.000000000,0.408062402,0.031479549,0.408062402,0.031511755,1.007416382,0.106961397,0.793481858,0.021637381,0.641783535,0.004503872,0.764972697,2.000000000,0.460770452,9.215409043,0.999480222,1.000000000,1.172394009,0.532198907,0.736621233,0.000000000,1.174524636,0.558553291,0.739261321,1,0,0,0.000000000,0.077779841,-0.357908524,0.179907502,-0.009225593,-0.019909703,-0.022571092,0.898529053,12.119889644,-0.549747088,-130.911600541,-0.109537418,142.886140886,44.737119639,0.001686356,-0.000795213,-0.001635302,0.000972010,-0.000012009,0.000059828,-0.000035615,0.000000000,0.000000000,0.000000000,0.000000000,0.000000000,0.000000000,0.000000000,0.001532966,0.000003047,-0.001517595,-0.000000189,0.000528286,0.000000578,-0.000372883,0.000000000,0.000000000,0.000000000,0.000000000,0.000000000,0.000000000,0.000000000,0.336345451,-0.037000053,-0.282418515,0.108414597,0.474979933,0.332787551,0.015688864
6.000000000,0,6.000000000,sample,0.216506120,0.000004284,0.000000000,0.000000000,0.000000000,0.000000000,0.000000000,0,0,2.000000000,0.080000000,0.000000000,0.000000000,0.007043157,0.000000000,0.007043157,0.000000000,0.000000000,0.000000000,0.007703052,0.914333316,3,59.819630260,0,0.000000000,0.436666568,0.033765052,0.439514507,0.034188176,1.781743320,0.300405434,0.859034253,0.041864388,0.692355006,0.014086314,0.895812467,2.000000000,0.500000000,10.000000000,1.084601027,1.000000000,0.973468004,0.444560636,0.766240046,0.000000000,1.180382283,0.556527913,0.766240046,1,0,0,0.000000000,0.080688079,-0.388588394,0.182115859,-0.008599401,-0.020236873,-0.025624169,0.904947309,12.119889644,-0.552714163,-130.911938631,-0.109536665,142.886140887,44.737582431,0.003925265,0.001188316,-0.005957783,-0.001226437,0.002152643,-0.000239768,0.000909134,0.000000000,0.000000000,0.000000000,0.000000000,0.000000000,0.000000000,0.000000000,0.004794507,0.000009581,-0.004746428,-0.000000592,0.001652270,0.000001807,-0.001166231,0.000000000,0.000000000,0.000000000,0.000000000,0.000000000,0.000000000,0.000000000,0.373178332,-0.127468558,-0.269788961,0.142333649,0.472455384,0.339253903,0.016163419
6.050000000,0,6.050000000,sample,0.216505175,-0.000018906,0.000000000,0.000000000,0.000000000,0.000000000,0.000000000,0,0,2.000000000,0.080000000,0.000000000,0.000000000,0.003498574,0.000000000,0.014705370,0.000000000,0.000000000,0.000000000,0.003812803,0.917585828,1,53.365744984,0,0.000000000,0.434081183,0.033470722,0.440515243,0.034416181,0.167373448,0.032464803,0.874202114,0.028263763,0.718011221,0.006997147,0.910992371,2.000000000,0.539229548,10.784590957,1.169758830,1.000000000,1.193488447,0.463543459,0.771706221,0.000000000,1.212031834,0.559026987,0.771706221,1,0,0,0.000000000,0.079637256,-0.386046976,0.181802401,-0.006306348,-0.020119125,-0.025995000,0.916638065,12.119985334,-0.564157567,-130.911803453,-0.109354320,142.886181935,44.737568346,0.002785323,-0.000174099,-0.002508903,-0.000429763,-0.000028082,0.000163728,0.000492180,0.000000000,0.000000000,0.000000000,0.000000000,0.000000000,0.000000000,0.000000000,0.002381591,0.000004859,-0.002357709,-0.000000294,0.000820746,0.000000896,-0.000579312,0.000000000,0.000000000,0.000000000,0.000000000,0.000000000,0.000000000,0.000000000,0.438517158,-0.034968390,-0.237173616,0.106851684,0.470823388,0.335198850,0.017574641
6.100000000,0,6.100000000,sample,0.216504553,-0.000012438,0.000000000,0.000000000,0.000000000,0.000000000,0.000000000,0,0,2.000000000,0.080000000,0.000000000,0.000000000,0.005106666,0.000000000,0.007617569,0.000000000,0.000000000,0.000000000,0.005600477,0.911827006,1,60.074637293,0,0.000000000,0.463055351,0.036355884,0.463098839,0.036732140,0.845688327,0.095031397,0.931740959,0.030497936,0.761657264,0.010213332,0.942981883,2.000000000,0.578217233,11.564344650,1.254379377,1.000000000,1.280575801,0.482275504,0.778692962,0.000000000,1.396245064,0.595825605,0.799336417,1,0,0,0.000000000,0.077850881,-0.419385385,0.180209315,-0.005121092,-0.019841742,-0.030030485,0.925618458,12.119990072,-0.569282417,-130.911585923,-0.109537418,142.886229062,44.737649297,0.004340808,-0.000699258,-0.003364186,0.000538225,-0.000044161,0.000171532,0.000628455,0.000000000,0.000000000,0.000000000,0.000000000,0.000000000,0.000000000,0.000000000,0.003476269,0.000007158,-0.003441412,-0.000000429,0.001197998,0.000001310,-0.000845589,0.000000000,0.000000000,0.000000000,0.000000000,0.000000000,0.000000000,0.000000000,0.455500029,0.009327716,-0.249567559,0.076048159,0.470177129,0.330753813,0.016233933
6.150000000,0,6.150000000,sample,0.216504293,-0.000005206,0.000000000,0.000000000,0.000000000,0.000000000,0.000000000,0,0,2.000000000,0.080000000,0.000000000,0.000000000,0.010316356,0.000000000,0.012018707,0.000000000,0.000000000,0.000000000,0.010966816,0.940688367,3,50.558281547,0,0.000000000,0.527772335,0.043380917,0.527772335,0.043496868,0.404275819,0.102994349,1.041198877,0.037718275,0.855509861,0.020632712,1.001520790,2.000000000,0.616722682,12.334453639,1.337989412,1.000000000,1.180853389,0.437448817,0.795493970,0.000000000,1.259816397,0.502340780,0.832532456,1,0,0,0.000000000,0.081179716,-0.489027826,0.181122270,-0.003008855,-0.020140912,-0.038303973,0.943659330,12.119818775,-0.579335166,-130.911960717,-0.109537418,142.886100096,44.737586336,0.007620414,-0.000734940,-0.007797883,-0.000584662,-0.000157164,-0.000450752,0.000532464,0.000000000,0.000000000,0.000000000,0.000000000,0.000000000,0.000000000,0.000000000,0.007022680,0.000014719,-0.006952258,-0.000000867,0.002420132,0.000002647,-0.001708216,0.000000000,0.000000000,0.000000000,0.000000000,0.000000000,0.000000000,0.000000000,0.466069204,-0.036498660,-0.269921856,0.101809776,0.469573442,0.332074057,0.016203879
6.200000000,0,6.200000000,sample,0.216502678,-0.000032287,0.000000000,0.000000000,0.000000000,0.000000000,0.000000000,0,0,2.000000000,0.080000000,0.000000000,0.000000000,0.009298276,0.000000000,0.014567580,0.000000000,0.000000000,0.000000000,0.009792558,0.949524792,1,57.005957957,0,0.000000000,0.566494787,0.048364096,0.566494787,0.048364096,0.568384842,0.149660361,1.157174247,0.060412981,0.977305350,0.018596552,1.058746079,2.000000000,0.654508497,13.090169944,1.420151627,1.000000000,1.171008315,0.394316077,0.822827141,0.000000000,1.217275472,0.649066040,0.832415026,1,0,0,0.000000000,0.081130397,-0.530053941,0.182693793,0.001327730,-0.020214632,-0.043916871,0.969590159,12.120122581,-0.599865843,-130.911851811,-0.109572389,142.886149880,44.737858742,0.007393605,0.000280826,-0.006372230,-0.000399244,-0.000385835,-0.000316580,-0.000368950,0.000000000,0.000000000,0.000000000,0.000000000,0.000000000,0.000000000,0.000000000,0.006329626,0.000013743,-0.006266151,-0.000000782,0.002181358,0.000002387,-0.001539680,0.000000000,0.000000000,0.000000000,0.000000000,0.000000000,0.000000000,0.000000000,0.519040376,-0.044216943,-0.258918167,0.098255509,0.467890710,0.331338399,0.016936375
6.250000000,0,6.250000000,sample,0.216500102,-0.000051520,0.000000000,0.000000000,0.000000000,0.000000000,0.000000000,0,0,2.000000000,0.080000000,0.000000000,0.000000000,0.017917074,0.000000000,0.019766191,0.000000000,0.000000000,0.000000000,0.018653997,0.960495159,1,59.598353483,0,0.000000000,0.558128858,0.050159908,0.571150179,0.050159908,1.232033986,0.291928635,1.159494249,0.079578643,0.996216150,0.035834148,1.076577197,2.000000000,0.691341716,13.826834324,1.500237794,1.000000000,1.158088895,0.385351102,0.845345923,0.000000000,1.175036295,0.541035683,0.851330304,1,0,0,0.000000000,0.078701503,-0.523235833,0.177589861,0.008129710,-0.019573447,-0.045462120,1.002924608,12.119728335,-0.632402825,-130.911751435,-0.109537418,142.886181768,44.737807372,0.014400880,-0.000743170,-0.011757242,0.000216065,-0.000113749,-0.000007146,-0.001319672,0.000000000,0.000000000,0.000000000,0.000000000,0.000000000,0.000000000,0.000000000,0.012196726,0.000027935,-0.012074431,-0.000001506,0.004203211,0.000004598,-0.002966775,0.000000000,0.000000000,0.000000000,0.000000000,0.000000000,0.000000000,0.000000000,0.524411770,-0.050565662,-0.305023567,0.107452557,0.470198638,0.333304537,0.016764182
6.300000000,0,6.300000000,sample,0.216495992,-0.000082200,0.000000000,0.000000000,0.000000000,0.000000000,0.000000000,0,0,2.000000000,0.080000000,0.000000000,0.000000000,0.027210564,0.000000000,0.029092841,0.000000000,0.000000000,0.000000000,0.028527962,0.953820795,3,53.285478479,0,0.000000000,0.556419194,0.055070922,0.565019773,0.055136132,1.303443051,0.270972487,1.048306583,0.056498763,0.841065728,0.054421128,1.148795794,2.000000000,0.726995250,14.539904997,1.578027681,1.000000000,1.169993252,0.402147777,0.859237301,0.000000000,1.215376831,0.453494450,0.866049160,1,0,0,0.000000000,0.078160913,-0.520885589,0.179363859,0.018270960,-0.019615279,-0.048106333,1.053877828,12.120167403,-0.681317754,-130.911595998,-0.109313511,142.886242398,44.738111700,0.019465849,-0.000100538,-0.020824529,0.000568998,0.000322386,0.000103014,0.000903296,0.000000000,0.000000000,0.000000000,0.000000000,0.000000000,0.000000000,0.000000000,0.018523033,0.000045747,-0.018337292,-0.000002283,0.006383668,0.000006968,-0.004505816,0.000000000,0.000000000,0.000000000,0.000000000,0.000000000,0.000000000,0.000000000,0.500178244,-0.040129694,-0.375135971,0.105629584,0.472497774,0.333207372,0.018280211
6.350000000,0,6.350000000,sample,0.216490686,-0.000106137,0.000000000,0.000000000,0.000000000,0.000000000,0.000000000,0,0,2.000000000,0.080000000,0.000000000,0.000000000,0.028498974,0.000000000,0.034437207,0.000000000,0.000000000,0.000000000,0.029614347,0.962336712,1,53.344612370,0,0.000000000,0.562144571,0.065195236,0.568424485,0.065195236,0.295907490,0.296254842,1.138760243,0.095059575,0.975071058,0.056997948,1.184071989,2.000000000,0.761249282,15.224985647,1.652902086,1.000000000,1.178430675,0.358340919,0.898339028,0.000000000,1.340765690,0.472103894,0.915340643,1,0,0,0.000000000,0.078197097,-0.527606614,0.177547161,0.031508543,-0.019382595,-0.053683754,1.119960528,12.120073375,-0.743698442,-130.911693126,-0.109551708,142.886235059,44.737814451,0.021629548,0.000199745,-0.020197366,-0.000233689,-0.000028374,0.000293814,-0.001028095,0.000000000,0.000000000,0.000000000,0.000000000,0.000000000,0.000000000,0.000000000,0.019400076,0.000052347,-0.019205544,-0.000002396,0.006685964,0.000007314,-0.004719188,0.000000000,0.000000000,0.000000000,0.000000000,0.000000000,0.000000000,0.000000000,0.577003554,-0.043260073,-0.356016092,0.102468252,0.472328301,0.334139301,0.014770821
6.400000000,0,6.400000000,sample,0.216485942,-0.000094864,0.000000000,0.000000000,0.000000000,0.000000000,0.000000000,0,0,2.000000000,0.080000000,0.000000000,0.000000000,0.019652711,0.000000000,0.033778784,0.000000000,0.000000000,0.000000000,0.020390711,0.963807021,1,61.258418282,0,0.000000000,0.614380396,0.077921045,0.614380396,0.077921045,1.515438793,0.342591597,1.302749557,0.114877241,1.140509020,0.039305421,1.233036993,2.000000000,0.793892626,15.877852523,1.724352540,1.000000000,1.202667773,0.369261066,0.913037351,0.000000000,1.202667773,0.458860614,0.913037351,1,0,0,0.000000000,0.079010234,-0.582533142,0.178537931,0.041997827,-0.019474074,-0.062678802,1.178907901,12.120323440,-0.794351024,-130.911692539,-0.109300351,142.886181685,44.738040409,0.015959352,0.000541276,-0.012546965,0.000203466,0.000134892,0.000074948,-0.001815396,0.000000000,0.000000000,0.000000000,0.000000000,0.000000000,0.000000000,0.000000000,0.013378134,0.000038583,-0.013243980,-0.000001649,0.004610729,0.000005032,-0.003254415,0.000000000,0.000000000,0.000000000,0.000000000,0.000000000,0.000000000,0.000000000,0.582719258,-0.033638805,-0.380732131,0.107870258,0.474332186,0.333252111,0.017405790
6.450000000,0,6.450000000,sample,0.216482330,-0.000072239,0.000000000,0.000000000,0.000000000,0.000000000,0.000000000,0,0,2.000000000,0.080000000,0.000000000,0.000000000,0.015282072,0.000000000,0.025190182,0.000000000,0.000000000,0.000000000,0.016206844,0.942939420,3,63.200963233,0,0.000000000,0.653626378,0.087681681,0.657290829,0.087845628,1.954829345,0.260148348,1.213851832,0.073014926,0.977350297,0.030564144,1.317635630,2.000000000,0.824724024,16.494480483,1.791754481,1.000000000,1.137663960,0.404569772,0.907694203,0.000000000,1.202772930,0.434980329,0.912951122,1,0,0,0.000000000,0.079694508,-0.623957859,0.177631127,0.050001864,-0.019363810,-0.069375310,1.223249263,12.120255913,-0.832421495,-130.911817260,-0.109318072,142.886181685,44.738475750,0.009792879,-0.000260529,-0.012884284,-0.000212009,0.000246780,-0.000140142,0.000750451,0.000000000,0.000000000,0.000000000,0.000000000,0.000000000,0.000000000,0.000000000,0.010402917,0.000031454,-0.010298597,-0.000001282,0.003585344,0.000003914,-0.002530663,0.000000000,0.000000000,0.000000000,0.000000000,0.000000000,0.000000000,0.000000000,0.481007486,-0.044991017,-0.490302347,0.100633443,0.479572409,0.331145659,0.018594299
6.500000000,0,6.500000000,sample,0.216477907,-0.000088476,0.000000000,0.000000000,0.000000000,0.000000000,0.000000000,0,0,2.000000000,0.080000000,0.000000000,0.000000000,0.022108885,0.000000000,0.027248503,0.000000000,0.000000000,0.000000000,0.023463007,0.942286927,3,59.389533077,0,0.000000000,0.688441060,0.098170541,0.688441060,0.098170541,2.167350662,0.306339518,1.272238829,0.092071620,1.026862940,0.044217769,1.338992905,2.000000000,0.853553391,17.071067812,1.854894722,1.000000000,1.200550269,0.430262107,0.919694698,0.000000000,1.231761625,0.430262107,0.945991462,1,0,0,0.000000000,0.077952777,-0.661206549,0.175158090,0.058606040,-0.018995153,-0.076432790,1.269603769,12.120262460,-0.872827362,-130.911624886,-0.109521638,142.886181935,44.738429150,0.014899603,0.000442279,-0.018081673,0.000547099,-0.000223944,0.000045591,0.001010168,0.000000000,0.000000000,0.000000000,0.000000000,0.000000000,0.000000000,0.000000000,0.015050090,0.000047733,-0.014899179,-0.000001858,0.005187040,0.000005673,-0.003661195,0.000000000,0.000000000,0.000000000,0.000000000,0.000000000,0.000000000,0.000000000,0.490124253,-0.020062412,-0.504800802,0.099350658,0.480247656,0.331059394,0.016778448
6.550000000,0,6.550000000,sample,0.216471232,-0.000133489,0.000000000,0.000000000,0.000000000,0.000000000,0.000000000,0,0,2.000000000,0.080000000,0.000000000,0.000000000,0.038335034,0.000000000,0.040052948,0.000000000,0.000000000,0.000000000,0.040183611,0.953996739,3,52.439875361,0,0.000000000,0.701408674,0.110531163,0.701408674,0.110531163,1.514310037,0.360512821,1.333081648,0.127951962,1.104292919,0.076670067,1.343079477,2.000000000,0.880202983,17.604059656,1.913673781,1.000000000,1.179595294,0.350924334,0.939229813,0.000000000,1.209536097,0.539540708,0.952938278,1,0,0,0.000000000,0.080365884,-0.673621650,0.178183406,0.071769356,-0.019337379,-0.081806866,1.337034273,12.120656989,-0.935945374,-130.911827723,-0.109358871,142.886140886,44.738641617,0.027685005,-0.000566906,-0.029099115,-0.000797032,-0.000010895,-0.000225716,0.000704867,0.000000000,0.000000000,0.000000000,0.000000000,0.000000000,0.000000000,0.000000000,0.026095553,0.000088807,-0.025833849,-0.000003218,0.008994314,0.000009822,-0.006348506,0.000000000,0.000000000,0.000000000,0.000000000,0.000000000,0.000000000,0.000000000,0.583557532,-0.035181796,-0.438089012,0.096154387,0.478084575,0.332092228,0.018913817
6.600000000,0,6.600000000,sample,0.216462793,-0.000168788,0.000000000,0.000000000,0.000000000,0.000000000,0.000000000,0,0,2.000000000,0.080000000,0.000000000,0.000000000,0.034993255,0.000000000,0.040793797,0.000000000,0.000000000,0.000000000,0.036677769,0.954072612,3,52.151516244,0,0.000000000,0.701321682,0.124089525,0.705917728,0.124089525,1.584538735,0.338169956,1.329268046,0.135031771,1.097129767,0.069986509,1.376818700,2.000000000,0.904508497,18.090169944,1.967451568,1.000000000,1.185869163,0.388628781,0.946190963,0.000000000,1.225167203,0.388628781,0.988284384,1,0,0,0.000000000,0.077738661,-0.675278879,0.172647728,0.086546355,-0.018593745,-0.086960976,1.411144622,12.120414755,-1.006546691,-130.911714525,-0.109297727,142.886181685,44.738519109,0.025329461,-0.001038228,-0.026487220,0.000579812,0.000165056,-0.000015623,0.000814076,0.000000000,0.000000000,0.000000000,0.000000000,0.000000000,0.000000000,0.000000000,0.023820699,0.000087229,-0.023581837,-0.000002936,0.008210259,0.000008961,-0.005795090,0.000000000,0.000000000,0.000000000,0.000000000,0.000000000,0.000000000,0.000000000,0.539166334,-0.027469094,-0.502061000,0.099768997,0.480799595,0.332117650,0.018247357
6.650000000,0,6.650000000,sample,0.216455168,-0.000152496,0.000000000,0.000000000,0.000000000,0.000000000,0.000000000,0,0,2.000000000,0.080000000,0.000000000,0.000000000,0.034220834,0.000000000,0.034857959,0.000000000,0.000000000,0.000000000,0.036012238,0.950255706,3,55.034812215,0,0.000000000,0.687261903,0.134754016,0.703261352,0.134754016,2.079324241,0.370509535,1.271589128,0.142746610,1.040415975,0.068441669,1.438024600,2.000000000,0.926320082,18.526401644,2.015837255,1.000000000,1.177056691,0.424468432,0.965449172,0.000000000,1.200806698,0.470689277,0.978198996,1,0,0,0.000000000,0.077884688,-0.660475474,0.173306224,0.099273775,-0.018558581,-0.089212899,1.473585206,12.120717965,-1.067708946,-130.911745770,-0.109099940,142.886235058,44.738748958,0.024118747,-0.000233420,-0.026715841,0.000072076,-0.000095428,0.000454917,0.001074900,0.000000000,0.000000000,0.000000000,0.000000000,0.000000000,0.000000000,0.000000000,0.023294807,0.000090529,-0.023061202,-0.000002866,0.008029361,0.000008748,-0.005667406,0.000000000,0.000000000,0.000000000,0.000000000,0.000000000,0.000000000,0.000000000,0.493423448,-0.029771342,-0.572366869,0.105256109,0.487890019,0.332658240,0.018926575
6.700000000,0,6.700000000,sample,0.216447065,-0.000162068,0.000000000,0.000000000,0.000000000,0.000000000,0.000000000,0,0,2.000000000,0.080000000,0.000000000,0.000000000,0.032302528,0.000000000,0.038433847,0.000000000,0.000000000,0.000000000,0.033967227,0.950991030,1,64.340179762,0,0.000000000,0.726229913,0.150484792,0.726229913,0.150484792,3.227455148,0.537950576,1.607240850,0.202318514,1.444247214,0.064605056,1.424151091,2.000000000,0.945503262,18.910065242,2.058644179,1.000000000,1.200958003,0.393561346,0.977183088,0.000000000,1.220994463,0.398709003,1.001838605,1,0,0,0.000000000,0.078197529,-0.701507185,0.170829455,0.112408379,-0.018234341,-0.098374477,1.543556799,12.120602053,-1.130294951,-130.911913134,-0.109098842,142.886269111,44.738364281,0.027245904,-0.000820065,-0.020228861,-0.000840885,-0.000058114,0.000367188,-0.000841770,0.000000000,0.000000000,0.000000000,0.000000000,0.000000000,0.000000000,0.000000000,0.021988946,0.000090499,-0.021768437,-0.000002705,0.007579341,0.000008257,-0.005349769,0.000000000,0.000000000,0.000000000,0.000000000,0.000000000,0.000000000,0.000000000,0.564200789,-0.020666606,-0.526570978,0.102401782,0.488799210,0.330381510,0.017245864
6.750000000,0,6.750000000,sample,0.216436494,-0.000211410,0.000000000,0.000000000,0.000000000,0.000000000,0.000000000,0,0,2.000000000,0.080000000,0.000000000,0.000000000,0.038976697,0.000000000,0.044235614,0.000000000,0.000000000,0.000000000,0.040969716,0.951353856,1,56.804737213,0,0.000000000,0.812340523,0.171266562,0.812795968,0.171266562,1.450683005,0.402186657,1.696838518,0.205284120,1.477601015,0.077953395,1.434431153,2.000000000,0.961939766,19.238795325,2.095977389,1.000000000,1.218912194,0.395136217,0.995166439,0.000000000,1.248485934,0.403078435,1.011633063,1,0,0,0.000000000,0.078302469,-0.790141680,0.171586637,0.127959016,-0.018118798,-0.112385208,1.631148992,12.121084160,-1.204819627,-130.911847145,-0.108920630,142.886363826,44.738938154,0.030878432,0.000133426,-0.026909643,-0.000496039,-0.000206532,0.000007429,0.000777605,0.000000000,0.000000000,0.000000000,0.000000000,0.000000000,0.000000000,0.000000000,0.026532029,0.000116451,-0.026265939,-0.000003259,0.009145907,0.000009948,-0.006455505,0.000000000,0.000000000,0.000000000,0.000000000,0.000000000,0.000000000,0.000000000,0.579501007,-0.014672286,-0.539943842,0.104269452,0.492013263,0.330851395,0.019193243
6.800000000,0,6.800000000,sample,0.216422950,-0.000270890,0.000000000,0.000000000,0.000000000,0.000000000,0.000000000,0,0,2.000000000,0.080000000,0.000000000,0.000000000,0.047574544,0.000000000,0.049916173,0.000000000,0.000000000,0.000000000,0.049720747,0.956834869,1,50.286427596,0,0.000000000,0.841170754,0.190769119,0.846492057,0.190769119,0.818633392,0.417349681,1.647931056,0.216081262,1.404439778,0.095149088,1.435368034,2.000000000,0.975528258,19.510565163,2.127366262,1.000000000,1.150309975,0.292454322,1.020318456,0.000000000,1.218983532,0.498912288,1.020318456,1,0,0,0.000000000,0.077189474,-0.820461286,0.168681065,0.146418706,-0.017769819,-0.120990301,1.727441841,12.121271400,-1.293674481,-130.911718774,-0.108590337,142.886230562,44.739484565,0.035258435,0.001206055,-0.035025795,0.000637417,0.000180999,0.000291034,0.000459040,0.000000000,0.000000000,0.000000000,0.000000000,0.000000000,0.000000000,0.000000000,0.032384562,0.000152694,-0.032059790,-0.000003966,0.011163862,0.000012106,-0.007879847,0.000000000,0.000000000,0.000000000,0.000000000,0.000000000,0.000000000,0.000000000,0.679905096,-0.060240633,-0.452564110,0.111191331,0.495341341,0.334967357,0.020147406
6.850000000,0,6.850000000,sample,0.216407323,-0.000312540,0.000000000,0.000000000,0.000000000,0.000000000,0.000000000,0,0,2.000000000,0.080000000,0.000000000,0.000000000,0.055082686,0.000000000,0.055082686,0.000000000,0.000000000,0.000000000,0.057810118,0.952820860,1,57.316056020,0,0.000000000,0.897386532,0.214471451,0.897386532,0.214471451,2.251550458,0.568662388,1.906485135,0.266381806,1.682527761,0.110165373,1.446310077,2.000000000,0.986184960,19.723699204,2.152743615,1.000000000,1.244418821,0.390557933,1.010877526,0.000000000,1.283088285,0.390557933,1.044981011,1,0,0,0.000000000,0.076531705,-0.878761506,0.164996063,0.166769613,-0.017257208,-0.133746358,1.835208907,12.121354214,-1.390569463,-130.911750154,-0.108604698,142.886228312,44.739768219,0.043766519,0.000600634,-0.037752384,0.000014474,-0.000004674,0.000253080,0.000913262,0.000000000,0.000000000,0.000000000,0.000000000,0.000000000,0.000000000,0.000000000,0.037495268,0.000190115,-0.037119250,-0.000004593,0.012926261,0.000014019,-0.009123811,0.000000000,0.000000000,0.000000000,0.000000000,0.000000000,0.000000000,0.000000000,0.611566606,-0.004890469,-0.525344018,0.095557019,0.502290246,0.331628511,0.021102144
6.900000000,0,6.900000000,sample,0.216385836,-0.000429722,0.000000000,0.000000000,0.000000000,0.000000000,0.000000000,0,0,2.000000000,0.080000000,0.000000000,0.000000000,0.064187100,0.000000000,0.065970088,0.000000000,0.000000000,0.000000000,0.067342087,0.953149845,1,52.852163606,0,0.000000000,0.896281569,0.239325896,0.908029083,0.239325896,0.775957570,0.579126857,1.800911439,0.283517615,1.560809383,0.128374200,1.423246427,2.000000000,0.993844170,19.876883406,2.172265789,1.000000000,1.187484833,0.378851674,1.017509986,0.000000000,1.243810729,0.452026323,1.023180658,1,0,0,0.000000000,0.075007133,-0.878511133,0.160974436,0.192311218,-0.016665140,-0.141476334,1.963776454,12.121633136,-1.513397309,-130.911718279,-0.108192541,142.886228562,44.740182539,0.048957356,-0.000317132,-0.046207416,0.000570478,-0.000066640,0.000347013,0.001567728,0.000000000,0.000000000,0.000000000,0.000000000,0.000000000,0.000000000,0.000000000,0.043692397,0.000241227,-0.043254232,-0.000005332,0.015063839,0.000016275,-0.010632588,0.000000000,0.000000000,0.000000000,0.000000000,0.000000000,0.000000000,0.000000000,0.594875897,-0.025660308,-0.547995020,0.101635451,0.509784462,0.331267039,0.023333051
6.950000000,0,6.950000000,sample,0.216360001,-0.000516711,0.000000000,0.000000000,0.000000000,0.000000000,0.000000000,0,0,2.000000000,0.080000000,0.000000000,0.000000000,0.068958808,0.000000000,0.070110385,0.000000000,0.000000000,0.000000000,0.072082298,0.956667728,1,52.478068297,0,0.000000000,0.900325299,0.267963317,0.903292522,0.267963317,0.728875427,0.630653961,1.800090233,0.317604987,1.582328856,0.137917616,1.423339398,2.000000000,0.998458667,19.969173337,2.185688781,1.000000000,1.218291843,0.340043883,1.039857707,0.000000000,1.223805312,0.370788703,1.042973086,1,0,0,0.000000000,0.071943383,-0.884223025,0.153490836,0.220632585,-0.015636970,-0.151264957,2.106220819,12.121720135,-1.648841336,-130.911635625,-0.108014646,142.886269111,44.740266808,0.052217676,0.000073575,-0.049679371,0.000802528,0.000030097,0.000547328,0.000426733,0.000000000,0.000000000,0.000000000,0.000000000,0.000000000,0.000000000,0.000000000,0.046940156,0.000282481,-0.046469457,-0.000005719,0.016184749,0.000017457,-0.011423763,0.000000000,0.000000000,0.000000000,0.000000000,0.000000000,0.000000000,0.000000000,0.694859274,-0.027958840,-0.461172706,0.103336859,0.513764140,0.331601129,0.020524940
7.000000000,0,7.000000000,disturb_auto_hold,0.000000000,,0.000000000,0.000000000,0.000000000,0.000000000,0.000000000,0,0,0.000000000,0.000000000,0.000000000,0.000000000,0.000000000,0.000000000,0.000000000,0.000000000,0.000000000,0.000000000,0.075903641,0.000000000,3,53.210791581,0,0.000000000,0.000000000,0.000000000,0.000000000,0.000000000,3.298255128,0.653128070,0.000000000,0.000000000,0.000000000,0.000000000,0.000000000,0.000000000,0.000000000,0.000000000,0.000000000,1.000000000,0.000000000,0.000000000,0.000000000,0.000000000,0.000000000,0.000000000,0.000000000,0,0,0,0.000000000,0.000000000,0.000000000,0.000000000,0.000000000,0.000000000,0.000000000,2.260108970,12.122206604,-1.793921996,-130.911562544,-0.107718993,142.886181685,44.740543336,0.051831767,0.001389918,-0.055368463,0.002221775,0.001479402,-0.000297118,0.000137181,0.000000000,0.000000000,0.000000000,0.000000000,0.000000000,0.000000000,0.000000000,0.000000000,0.000000000,0.000000000,0.000000000,0.000000000,0.000000000,0.000000000,0.000000000,0.000000000,0.000000000,0.000000000,0.000000000,0.000000000,0.000000000,0.000000000,0.000000000,0.000000000,0.000000000,0.000000000,0.000000000,0.000000000
7.000000000,0,7.000000000,sample,0.216329923,-0.000601556,0.000000000,0.000000000,0.000000000,0.000000000,0.000000000,0,0,2.000000000,0.080000000,0.000000000,0.000000000,0.072922771,0.000000000,0.076593317,0.000000000,0.000000000,0.000000000,0.075903641,0.960728236,3,53.210791581,0,0.000000000,0.917408750,0.299476157,0.920539779,0.299476157,3.298255128,0.653128070,1.673099323,0.325464626,1.416445147,0.145845541,1.416653808,2.000000000,1.000000000,20.000000000,2.193042925,1.000000000,1.165441609,0.468082657,1.033508706,0.000000000,1.232126568,0.476530441,1.037218184,1,0,0,0.000000000,0.070316440,-0.902542345,0.148700127,0.250920225,-0.014992638,-0.162788914,2.260108970,12.122206604,-1.793921996,-130.911562544,-0.107718993,142.886181685,44.740543336,0.051831767,0.001389918,-0.055368463,0.002221775,0.001479402,-0.000297118,0.000137181,0.000000000,0.000000000,0.000000000,0.000000000,0.000000000,0.000000000,0.000000000,0.049637878,0.000325149,-0.049140124,-0.000006032,0.017116856,0.000018412,-0.012081675,0.000000000,0.000000000,0.000000000,0.000000000,0.000000000,0.000000000,0.000000000,0.491904641,-0.028628357,-0.654986356,0.105110636,0.525554488,0.329821098,0.017482480
7.050000000,0,7.050000000,sample,0.216295215,-0.000694168,0.000000000,0.000000000,0.000000000,0.000000000,0.000000000,0,0,2.000000000,0.080000000,0.000000000,0.000000000,0.076304509,0.000000000,0.081948115,0.000000000,0.000000000,0.000000000,0.079467068,0.960202892,3,50.133175752,0,0.000000000,0.893883007,0.331425317,0.924678876,0.331425317,1.535810453,0.678522766,1.711534557,0.377993506,1.523129715,0.152609017,1.415787901,2.000000000,1.000000000,20.000000000,2.197450191,1.000000000,1.159132375,0.420511438,1.032384221,0.000000000,1.227451676,0.449087952,1.050249850,1,0,0,0.000000000,0.068770874,-0.880199960,0.139804961,0.283502733,-0.013863501,-0.171104485,2.421297047,12.122168579,-1.950168549,-130.911869517,-0.107380288,142.886269111,44.740374406,0.056106830,0.000254797,-0.056266487,0.000402046,0.000229396,0.000317784,-0.000860728,0.000000000,0.000000000,0.000000000,0.000000000,0.000000000,0.000000000,0.000000000,0.051939323,0.000370003,-0.051418500,-0.000006292,0.017912038,0.000019207,-0.012642952,0.000000000,0.000000000,0.000000000,0.000000000,0.000000000,0.000000000,0.000000000,0.552130018,-0.027570902,-0.603386530,0.096329804,0.527767504,0.328595181,0.018477025
7.100000000,0,7.100000000,sample,0.216256076,-0.000782770,0.000000000,0.000000000,0.000000000,0.000000000,0.000000000,0,0,2.000000000,0.080000000,0.000000000,0.000000000,0.073220985,0.000000000,0.083880898,0.000000000,0.000000000,0.000000000,0.076561702,0.956365684,1,52.741397642,0,0.000000000,0.842343100,0.362946411,0.890854708,0.362946411,0.326895728,0.674448239,1.695691831,0.409664278,1.545864464,0.146441970,1.429919590,2.000000000,1.000000000,20.000000000,2.202288117,1.000000000,1.189365743,0.389565666,1.041064035,0.000000000,1.206625630,0.457697841,1.041064035,1,0,0,0.000000000,0.065315467,-0.829690603,0.129958802,0.316998230,-0.012656198,-0.176300994,2.584181703,12.122359462,-2.110944508,-130.911869574,-0.106970802,142.886228395,44.740536986,0.055601614,-0.000209780,-0.052629190,-0.000360427,-0.000121433,0.000037431,0.000364805,0.000000000,0.000000000,0.000000000,0.000000000,0.000000000,0.000000000,0.000000000,0.049839828,0.000384463,-0.049340095,-0.000006016,0.017189953,0.000018362,-0.012133280,0.000000000,0.000000000,0.000000000,0.000000000,0.000000000,0.000000000,0.000000000,0.629501908,-0.019260826,-0.535469663,0.094952888,0.533599413,0.326106375,0.018793116
7.150000000,0,7.150000000,sample,0.216217044,-0.000780654,0.000000000,0.000000000,0.000000000,0.000000000,0.000000000,0,0,2.000000000,0.080000000,0.000000000,0.000000000,0.065652627,0.000000000,0.078300789,0.000000000,0.000000000,0.000000000,0.068598911,0.957050559,1,53.210074285,0,0.000000000,0.813262571,0.393409983,0.848281786,0.393409983,0.506811456,0.637827903,1.648781575,0.432308056,1.532820068,0.131305253,1.452127493,2.000000000,1.000000000,20.000000000,2.207163260,1.000000000,1.128235050,0.436312098,1.042386569,0.000000000,1.187726235,0.534603115,1.058766328,1,0,0,0.000000000,0.062957757,-0.801770826,0.120813384,0.348149214,-0.011596839,-0.182836136,2.737668089,12.122549067,-2.260415442,-130.911965770,-0.106607990,142.886140886,44.741052462,0.050039638,-0.000202073,-0.046917461,-0.000381789,-0.000344628,-0.000404932,-0.000357553,0.000000000,0.000000000,0.000000000,0.000000000,0.000000000,0.000000000,0.000000000,0.044687704,0.000369247,-0.044239652,-0.000005376,0.015414706,0.000016410,-0.010880252,0.000000000,0.000000000,0.000000000,0.000000000,0.000000000,0.000000000,0.000000000,0.538568318,-0.038569102,-0.614760381,0.101567230,0.546951320,0.327219721,0.023486783
7.200000000,0,7.200000000,sample,0.216179499,-0.000750892,0.000000000,0.000000000,0.000000000,0.000000000,0.000000000,0,0,2.000000000,0.080000000,0.000000000,0.000000000,0.066289679,0.000000000,0.070906853,0.000000000,0.000000000,0.000000000,0.069630158,0.952025393,1,57.379738654,0,0.000000000,0.806849268,0.421570386,0.813907899,0.421570386,2.978583791,0.708134493,1.742718303,0.463945151,1.645014074,0.132579357,1.471219351,2.000000000,1.000000000,20.000000000,2.211810498,1.000000000,1.145048502,0.484146730,1.048710467,0.000000000,1.168362312,0.505813794,1.051886787,1,0,0,0.000000000,0.056499583,-0.797693334,0.107232850,0.375806677,-0.009853622,-0.190771691,2.876881787,12.122507123,-2.393831865,-130.911662691,-0.106066502,142.886182434,44.741451481,0.052744437,-0.001101392,-0.045428061,0.000623918,-0.000218642,-0.000194011,0.000993336,0.000000000,0.000000000,0.000000000,0.000000000,0.000000000,0.000000000,0.000000000,0.045120853,0.000394931,-0.044668555,-0.000005401,0.015565548,0.000016486,-0.010986711,0.000000000,0.000000000,0.000000000,0.000000000,0.000000000,0.000000000,0.000000000,0.497681347,-0.029634758,-0.651572384,0.094408469,0.557281392,0.326640448,0.022641533
7.250000000,0,7.250000000,sample,0.216137150,-0.000846979,0.000000000,0.000000000,0.000000000,0.000000000,0.000000000,0,0,2.000000000,0.080000000,0.000000000,0.000000000,0.070794818,0.000000000,0.074405830,0.000000000,0.000000000,0.000000000,0.074329658,0.952443747,1,51.076004775,0,0.000000000,0.780639057,0.451401341,0.809251109,0.451401341,1.805234667,0.664864176,1.518019398,0.479237003,1.406301008,0.141589636,1.470380223,2.000000000,1.000000000,20.000000000,2.217042482,1.000000000,1.142451301,0.488993010,1.059222419,0.000000000,1.192328445,0.608127771,1.081945578,1,0,0,0.000000000,0.052516562,-0.772916911,0.096118661,0.405776362,-0.008453224,-0.197578485,3.024398429,12.122679195,-2.537268436,-130.911662691,-0.105859783,142.886228312,44.741751365,0.053121532,-0.001219207,-0.051938256,0.001228700,-0.000454647,0.000142776,0.001481597,0.000000000,0.000000000,0.000000000,0.000000000,0.000000000,0.000000000,0.000000000,0.048186717,0.000447154,-0.047703727,-0.000005758,0.016625228,0.000017574,-0.011734670,0.000000000,0.000000000,0.000000000,0.000000000,0.000000000,0.000000000,0.000000000,0.498670798,-0.027218735,-0.664939969,0.089663468,0.562713812,0.324323117,0.022840552
7.300000000,0,7.300000000,sample,0.216095350,-0.000836003,0.000000000,0.000000000,0.000000000,0.000000000,0.000000000,0,0,2.000000000,0.080000000,0.000000000,0.000000000,0.057283043,0.000000000,0.071526693,0.000000000,0.000000000,0.000000000,0.060084073,0.953381492,3,49.994157040,0,0.000000000,0.742519216,0.478618417,0.778826350,0.478618417,1.382080274,0.528672302,1.428811815,0.482884211,1.338231165,0.114566086,1.498969921,2.000000000,1.000000000,20.000000000,2.222155911,1.000000000,1.178138834,0.372801813,1.076125876,0.000000000,1.204246098,0.493708837,1.079457257,1,0,0,0.000000000,0.050163670,-0.735776993,0.086316908,0.433729658,-0.007278433,-0.202240444,3.161622005,12.122831444,-2.672186377,-130.911870061,-0.105275495,142.886262365,44.741929021,0.042307729,-0.000976181,-0.042483373,-0.000387017,0.000069421,-0.003660989,0.000896962,0.000000000,0.000000000,0.000000000,0.000000000,0.000000000,0.000000000,0.000000000,0.038989409,0.000381138,-0.038598615,-0.000004633,0.013453614,0.000014143,-0.009496039,0.000000000,0.000000000,0.000000000,0.000000000,0.000000000,0.000000000,0.000000000,0.688305420,-0.029572574,-0.499100812,0.094760025,0.565142243,0.324624293,0.023669475
7.350000000,0,7.350000000,sample,0.216056299,-0.000781009,0.000000000,0.000000000,0.000000000,0.000000000,0.000000000,0,0,2.000000000,0.080000000,0.000000000,0.000000000,0.055946667,0.000000000,0.064754276,0.000000000,0.000000000,0.000000000,0.058385564,0.958227729,3,50.594053745,0,0.000000000,0.759326463,0.505295200,0.760388111,0.505295200,1.708432229,0.514275183,1.448537047,0.506960811,1.372171385,0.111893333,1.518941587,2.000000000,1.000000000,20.000000000,2.227088971,1.000000000,1.194839450,0.376861312,1.076982023,0.000000000,1.252818992,0.470354168,1.097160838,1,0,0,0.000000000,0.045867836,-0.754173440,0.075466827,0.458539990,-0.005888761,-0.212201881,3.288221439,12.123002503,-2.791213197,-130.911758402,-0.105013114,142.886309910,44.741979682,0.041017853,-0.001183283,-0.041529358,0.000253454,-0.000012857,0.000376420,-0.000340547,0.000000000,0.000000000,0.000000000,0.000000000,0.000000000,0.000000000,0.000000000,0.038079358,0.000388900,-0.037697726,-0.000004515,0.013141088,0.000013780,-0.009275443,0.000000000,0.000000000,0.000000000,0.000000000,0.000000000,0.000000000,0.000000000,0.707588144,-0.020492420,-0.472171817,0.082240392,0.571358914,0.319545128,0.022793709
7.400000000,0,7.400000000,sample,0.216012573,-0.000874535,0.000000000,0.000000000,0.000000000,0.000000000,0.000000000,0,0,2.000000000,0.080000000,0.000000000,0.000000000,0.054580663,0.000000000,0.068512350,0.000000000,0.000000000,0.000000000,0.106240018,0.513748627,7,54.502954152,0,0.000000000,0.846211478,0.518324804,0.846211478,0.528281183,2.834255498,3.906460413,1.823358284,0.641676132,0.889780585,0.109161327,1.689607260,2.000000000,1.000000000,20.000000000,2.232859549,1.000000000,1.212360449,0.388985889,1.065678584,0.000000000,1.234828004,0.411861359,1.099723605,1,0,0,0.000000000,0.040836096,-0.843010837,0.061147432,0.485006526,-0.003810925,-0.182797017,3.431087854,12.122978689,-2.918556502,-130.911572835,-0.104454679,142.886228312,44.789295893,0.054269647,-0.000405099,-0.046666309,0.000790319,-0.003376662,-0.000308864,0.078432879,0.000000000,0.000000000,0.000000000,0.000000000,0.000000000,0.000000000,0.000000000,0.037149158,0.000396787,-0.036776925,-0.000004381,0.012821452,0.000013374,-0.009049829,0.000000000,0.000000000,0.000000000,0.000000000,0.000000000,0.000000000,0.000000000,0.685216329,-0.004580029,-0.480525293,0.065382489,0.574697860,0.315852930,0.030138358
7.450000000,0,7.450000000,sample,0.215967289,-0.000905670,0.000000000,0.000000000,0.000000000,0.000000000,0.000000000,0,0,2.000000000,0.080000000,0.000000000,0.000000000,0.068105078,0.000000000,0.070947812,0.000000000,0.000000000,0.000000000,0.073569778,0.925720857,1,59.495690228,0,0.000000000,1.072985933,0.537381092,1.072985933,0.537381092,4.744785143,0.592088927,2.373160668,0.549563206,2.011940133,0.136210156,1.574035374,2.000000000,1.000000000,20.000000000,2.239550555,1.000000000,1.195292439,0.357471727,1.050900989,0.000000000,1.239000790,0.457164101,1.091126925,1,0,0,0.000000000,0.038874832,-1.071154413,0.049150620,0.511899416,-0.001798428,-0.163505935,3.588975912,12.123065693,-3.045823339,-130.911703563,-0.104607310,142.886309910,44.842162227,0.056746907,-0.001042462,-0.045958235,0.000509855,-0.000021755,0.000183502,0.008874712,0.000000000,0.000000000,0.000000000,0.000000000,0.000000000,0.000000000,0.000000000,0.046353660,0.000516783,-0.045889231,-0.000005476,0.016000227,0.000016714,-0.011293523,0.000000000,0.000000000,0.000000000,0.000000000,0.000000000,0.000000000,0.000000000,0.640671887,-0.004175137,-0.524968205,0.060980170,0.558780496,0.315432393,0.053586890
7.500000000,0,7.500000000,sample,0.215924265,-0.000860475,0.000000000,0.000000000,0.000000000,0.000000000,0.000000000,0,0,2.000000000,0.080000000,0.000000000,0.000000000,0.061837189,0.000000000,0.066934322,0.000000000,0.000000000,0.000000000,0.064755273,0.954936740,1,53.543069409,0,0.000000000,1.191922683,0.559384212,1.197726282,0.559384212,0.627499275,0.584979081,2.413719916,0.569369121,2.047775484,0.123674379,1.591416971,2.000000000,1.000000000,20.000000000,2.245590815,1.000000000,1.130859812,0.369499604,1.047196369,0.000000000,1.188382744,0.503731402,1.072133327,1,0,0,0.000000000,0.038450730,-1.190527934,0.042947207,0.536274571,-0.000737960,-0.159121766,3.723611430,12.123688644,-3.162106727,-130.911839787,-0.104451768,142.886309910,44.867362911,0.047383460,0.000257263,-0.044131675,-0.000029035,-0.000258464,0.000158061,0.000538104,0.000000000,0.000000000,0.000000000,0.000000000,0.000000000,0.000000000,0.000000000,0.042086972,0.000487232,-0.041665261,-0.000004965,0.014529794,0.000015155,-0.010255643,0.000000000,0.000000000,0.000000000,0.000000000,0.000000000,0.000000000,0.000000000,0.555478412,-0.018228053,-0.608473388,0.058728025,0.556966998,0.315167379,0.067083153
7.550000000,0,7.550000000,sample,0.215868747,-0.001110362,0.000000000,0.000000000,0.000000000,0.000000000,0.000000000,0,0,2.000000000,0.080000000,0.000000000,0.000000000,0.065170998,0.000000000,0.067928353,0.000000000,0.000000000,0.000000000,0.068638767,0.949477975,3,61.248058446,0,0.000000000,1.058116781,0.586386563,1.190387400,0.586386563,7.215235853,0.877041418,1.756198593,0.586606094,1.368185477,0.130341996,1.510897993,2.000000000,1.000000000,20.000000000,2.251788985,1.000000000,0.995094472,0.302032933,1.058444076,0.000000000,1.186979540,0.433026637,1.070228997,1,0,0,0.000000000,0.032006515,-1.057316502,0.025855722,0.566329088,0.001236600,-0.152049452,3.859398462,12.123623457,-3.305502266,-130.911840276,-0.104451516,142.886268861,44.870014807,0.042722275,-0.000151067,-0.053717481,0.000396486,-0.000038491,-0.000221818,0.000537704,0.000000000,0.000000000,0.000000000,0.000000000,0.000000000,0.000000000,0.000000000,0.044355330,0.000536878,-0.043910977,-0.000005233,0.015314972,0.000015974,-0.010809851,0.000000000,0.000000000,0.000000000,0.000000000,0.000000000,0.000000000,0.000000000,0.579433180,-0.086817425,-0.588184971,0.092174031,0.561406315,0.320094198,0.070205620
7.600000000,0,7.600000000,sample,0.215808570,-0.001203549,0.000000000,0.000000000,0.000000000,0.000000000,0.000000000,0,0,2.000000000,0.080000000,0.000000000,0.000000000,0.062594383,0.000000000,0.069841126,0.000000000,0.000000000,0.000000000,0.065713217,0.952538714,3,58.181509627,0,0.000000000,0.859057942,0.613815444,1.054511653,0.613815444,5.310653876,0.736448108,1.452633406,0.608007433,1.167584986,0.125188766,1.565548587,2.000000000,1.000000000,20.000000000,2.258192586,1.000000000,1.197745243,0.353450489,1.047168313,0.000000000,1.233393623,0.433041528,1.067168603,1,0,0,0.000000000,0.024659710,-0.858642838,0.010243211,0.597419717,0.003128774,-0.140887512,3.993433230,12.123958540,-3.453968777,-130.911740183,-0.104383475,142.886356538,44.869995218,0.042483357,0.000483058,-0.050123942,-0.000028865,0.000189079,0.000041337,0.000842657,0.000000000,0.000000000,0.000000000,0.000000000,0.000000000,0.000000000,0.000000000,0.042600891,0.000538923,-0.042174165,-0.000005024,0.014711874,0.000015335,-0.010384158,0.000000000,0.000000000,0.000000000,0.000000000,0.000000000,0.000000000,0.000000000,0.620941452,0.004740104,-0.535667548,0.046799006,0.565921954,0.310739602,0.070810261
7.650000000,0,7.650000000,sample,0.215749976,-0.001171885,0.000000000,0.000000000,0.000000000,0.000000000,0.000000000,0,0,2.000000000,0.080000000,0.000000000,0.000000000,0.056857389,0.000000000,0.070562127,0.000000000,0.000000000,0.000000000,0.062688019,0.906989716,3,53.510744230,0,0.000000000,0.763854809,0.641779583,0.858306494,0.641779583,3.884913914,0.874990884,1.335184928,0.681878356,1.216604439,0.113714778,1.613258817,2.000000000,1.000000000,20.000000000,2.264835541,1.000000000,1.190644472,0.325517107,1.056333057,0.000000000,1.200832326,0.464015934,1.057827011,1,0,0,0.000000000,0.019221161,-0.763588004,-0.006170545,0.626437046,0.005021338,-0.139400308,4.128940103,12.124003686,-3.593195010,-130.911840276,-0.104120283,142.886356538,44.870647787,0.041726581,-0.000160253,-0.045856937,0.000019434,-0.009083479,0.000064401,0.001811562,0.000000000,0.000000000,0.000000000,0.000000000,0.000000000,0.000000000,0.000000000,0.038695736,0.000509348,-0.038308182,-0.000004553,0.013365304,0.000013896,-0.009433705,0.000000000,0.000000000,0.000000000,0.000000000,0.000000000,0.000000000,0.000000000,0.666968389,-0.008171675,-0.487042164,0.046807610,0.575133828,0.309614853,0.069890054
7.700000000,0,7.700000000,sample,0.215702344,-0.000952628,0.000000000,0.000000000,0.000000000,0.000000000,0.000000000,0,0,2.000000000,0.080000000,0.000000000,0.000000000,0.054139846,0.000000000,0.061322871,0.000000000,0.000000000,0.000000000,0.056537608,0.957589978,1,57.134034541,0,0.000000000,0.812717972,0.665936605,0.812717972,0.665936605,2.223274766,0.600531362,1.731890283,0.655073134,1.571800347,0.108279693,1.577834210,2.000000000,1.000000000,20.000000000,2.270981931,1.000000000,1.145073537,0.426772793,1.058721022,0.000000000,1.234940735,0.461660684,1.069295302,1,0,0,0.000000000,0.017411812,-0.812404940,-0.014336852,0.649045283,0.006081608,-0.148912045,4.248764104,12.124589383,-3.702652992,-130.911935985,-0.103504709,142.886349792,44.873446069,0.042735115,0.000382122,-0.036989110,-0.001224053,0.000138531,0.000047285,-0.000592475,0.000000000,0.000000000,0.000000000,0.000000000,0.000000000,0.000000000,0.000000000,0.036845642,0.000499869,-0.036476605,-0.000004310,0.012728443,0.000013156,-0.008984188,0.000000000,0.000000000,0.000000000,0.000000000,0.000000000,0.000000000,0.000000000,0.529898289,-0.001785712,-0.624582880,0.041787008,0.590243851,0.307803459,0.071513042
7.750000000,0,7.750000000,sample,0.215653957,-0.000967746,0.000000000,0.000000000,0.000000000,0.000000000,0.000000000,0,0,2.000000000,0.080000000,0.000000000,0.000000000,0.047675960,0.000000000,0.056599655,0.000000000,0.000000000,0.000000000,0.051304459,0.929275165,1,50.852467594,0,0.000000000,0.856163659,0.688714510,0.857173494,0.688714510,1.391056475,0.509365604,1.703523543,0.653698118,1.413430248,0.095351919,1.631479424,2.000000000,1.000000000,20.000000000,2.277063455,1.000000000,1.164981609,0.337348852,1.075579797,0.000000000,1.164981609,0.493763268,1.088032594,1,0,0,0.000000000,0.011769685,-0.855599730,-0.028753917,0.671383059,0.007967706,-0.153326386,4.365615424,12.124713457,-3.809828169,-130.911765632,-0.103282683,142.886390591,44.880915540,0.036585680,-0.001636713,-0.035399486,0.000200496,-0.000166599,0.000378556,0.006133663,0.000000000,0.000000000,0.000000000,0.000000000,0.000000000,0.000000000,0.000000000,0.032446087,0.000452991,-0.032121168,-0.000003788,0.011210100,0.000011562,-0.007912483,0.000000000,0.000000000,0.000000000,0.000000000,0.000000000,0.000000000,0.000000000,0.641856606,-0.007300587,-0.541049824,0.033539632,0.592738141,0.306535506,0.075341627
7.800000000,0,7.800000000,sample,0.215611170,-0.000855737,0.000000000,0.000000000,0.000000000,0.000000000,0.000000000,0,0,2.000000000,0.080000000,0.000000000,0.000000000,0.039383794,0.000000000,0.047858237,0.000000000,0.000000000,0.000000000,0.046380421,0.849146965,3,40.906301193,0,0.000000000,0.862339393,0.706869189,0.880577388,0.706869189,7.695057471,0.778695866,1.724374835,0.686369635,1.515083597,0.078767588,1.531004856,2.000000000,1.000000000,20.000000000,2.284216041,1.000000000,0.590149937,0.453957550,1.163861139,0.000000000,1.189362307,0.453957550,1.163861139,1,0,0,0.000000000,0.012479761,-0.859323728,0.070966290,0.689416070,-0.000366232,-0.156107008,4.451430005,12.140406879,-3.891144508,-130.906902944,-0.103049076,142.887482132,44.884398513,0.028717437,0.019900080,-0.029664006,0.006792663,-0.000907656,0.001730487,0.000726074,0.000000000,0.000000000,0.000000000,0.000000000,0.000000000,0.000000000,0.000000000,0.026800011,0.000382678,-0.026530905,-0.000003126,0.009272286,0.000009541,-0.006544607,0.000000000,0.000000000,0.000000000,0.000000000,0.000000000,0.000000000,0.000000000,0.594757998,-0.405489879,-0.583242634,0.155470955,0.596053293,0.333326498,0.075394705
7.850000000,0,7.850000000,sample,0.215570505,-0.000813303,0.000000000,0.000000000,0.000000000,0.000000000,0.000000000,0,0,2.000000000,0.080000000,0.000000000,0.000000000,0.040145250,0.000000000,0.047992563,0.000000000,0.000000000,0.000000000,0.045520197,0.881921722,3,57.962162081,0,0.000000000,0.885299677,0.726814173,0.885603946,0.726814173,11.480748918,1.210705985,1.762118802,0.712046600,1.621791970,0.080290501,1.764609897,2.000000000,1.000000000,20.000000000,2.294317717,1.000000000,1.457771589,0.519730096,1.114995782,0.000000000,2.039266145,0.940373410,1.169503896,1,0,0,0.000000000,0.097713517,-0.801266683,0.363564696,0.709192501,-0.031575214,-0.155909736,4.533289711,12.174799068,-3.974540712,-130.904747920,-0.102440767,142.887050993,44.884655750,0.024293147,0.016704759,-0.034655839,-0.000477247,-0.000242323,-0.000731074,-0.001016961,0.000000000,0.000000000,0.000000000,0.000000000,0.000000000,0.000000000,0.000000000,0.027312613,0.000399513,-0.027036068,-0.000003176,0.009476877,0.000009694,-0.006688974,0.000000000,0.000000000,0.000000000,0.000000000,0.000000000,0.000000000,0.000000000,0.738612020,0.033350518,-0.459469918,0.185112478,0.594507477,0.303833930,0.073635507
7.900000000,0,7.900000000,sample,0.215526051,-0.000889086,0.000000000,0.000000000,0.000000000,0.000000000,0.000000000,0,0,2.000000000,0.080000000,0.000000000,0.000000000,0.048210706,0.000000000,0.052428710,0.000000000,0.000000000,0.000000000,0.051389638,0.938140592,1,47.848410313,0,0.000000000,1.066970532,0.751903077,1.066970532,0.751903077,5.499335507,0.746021853,2.294586030,0.736375152,2.076893122,0.096421412,1.843880639,2.000000000,1.000000000,20.000000000,2.305823692,1.000000000,1.726657393,0.622458409,1.151868625,0.000000000,1.740738172,0.656738475,1.156059858,1,0,0,0.000000000,0.201406874,-0.788611863,0.689893264,0.731506278,-0.066096167,-0.160897790,4.631219069,12.212026374,-4.068477178,-130.904194621,-0.101804673,142.887483698,44.885493981,0.035547521,0.011374067,-0.035280691,0.001243845,-0.000199270,-0.000065622,-0.001257365,0.000000000,0.000000000,0.000000000,0.000000000,0.000000000,0.000000000,0.000000000,0.032792683,0.000492551,-0.032457460,-0.000003801,0.011414017,0.000011603,-0.008056231,0.000000000,0.000000000,0.000000000,0.000000000,0.000000000,0.000000000,0.000000000,0.653486431,0.067051749,-0.546841405,0.234247804,0.609781877,0.404898778,0.074675055
7.950000000,0,7.950000000,sample,0.215479803,-0.000924961,0.000000000,0.000000000,0.000000000,0.000000000,0.000000000,0,0,2.000000000,0.080000000,0.000000000,0.000000000,0.043072799,0.000000000,0.050086011,0.000000000,0.000000000,0.000000000,0.045087189,0.955322336,1,53.734817389,0,0.000000000,1.144157582,0.773783495,1.144216112,0.773783495,0.886518283,0.391657372,2.286205956,0.727785881,1.981863601,0.086145598,1.707569530,2.000000000,1.000000000,20.000000000,2.313039263,1.000000000,1.798249293,0.608620542,1.183597882,0.000000000,2.031436814,0.799645961,1.183597882,1,0,0,0.000000000,0.217014099,-0.830845712,0.756106380,0.751408932,-0.072552473,-0.169887179,4.732898836,12.221423996,-4.161037047,-130.903211931,-0.101184123,142.887750807,44.887273743,0.033050730,0.000250294,-0.030641171,0.001055404,0.000256572,-0.000208844,0.000580152,0.000000000,0.000000000,0.000000000,0.000000000,0.000000000,0.000000000,0.000000000,0.029295952,0.000450438,-0.028995856,-0.000003378,0.010205893,0.000010312,-0.007203492,0.000000000,0.000000000,0.000000000,0.000000000,0.000000000,0.000000000,0.000000000,0.672829373,0.042407282,-0.518495006,0.271964594,0.622504463,0.458694119,0.075447274
8.000000000,0,8.000000000,disturb_auto_release,0.000000000,,0.000000000,0.000000000,0.000000000,0.000000000,0.000000000,0,0,0.000000000,0.000000000,0.000000000,0.000000000,0.000000000,0.000000000,0.000000000,0.000000000,0.000000000,0.000000000,0.063750872,0.000000000,1,53.191122323,0,0.000000000,0.000000000,0.000000000,0.000000000,0.000000000,1.496146844,0.542346050,0.000000000,0.000000000,0.000000000,0.000000000,0.000000000,0.000000000,0.000000000,0.000000000,0.000000000,1.000000000,0.000000000,0.000000000,0.000000000,0.000000000,0.000000000,0.000000000,0.000000000,0,0,0,0.000000000,0.000000000,0.000000000,0.000000000,0.000000000,0.000000000,0.000000000,4.858719788,12.219961007,-4.272808255,-130.901964533,-0.099545704,142.887925660,44.890717507,0.046494942,0.000019606,-0.043560135,0.001725253,0.000571418,0.000077080,0.001264680,0.000000000,0.000000000,0.000000000,0.000000000,0.000000000,0.000000000,0.000000000,0.000000000,0.000000000,0.000000000,0.000000000,0.000000000,0.000000000,0.000000000,0.000000000,0.000000000,0.000000000,0.000000000,0.000000000,0.000000000,0.000000000,0.000000000,0.000000000,0.000000000,0.000000000,0.000000000,0.000000000,0.000000000
8.000000000,0,8.000000000,sample,0.215422135,-0.001153342,0.000000000,0.000000000,0.000000000,0.000000000,0.000000000,0,0,2.000000000,0.080000000,0.000000000,0.000000000,0.060871116,0.000000000,0.064357837,0.000000000,0.000000000,0.000000000,0.063750872,0.954827973,1,53.191122323,0,0.000000000,1.178314319,0.797798705,1.181125621,0.797798705,1.496146844,0.542346050,2.338057785,0.767494814,2.014161971,0.121742232,1.625729597,2.000000000,1.000000000,20.000000000,2.319971590,1.000000000,2.036149592,0.737214432,1.195536749,0.000000000,2.036149592,0.737214432,1.203823810,1,0,0,0.000000000,0.196587015,-0.914121744,0.717049243,0.773888317,-0.067584131,-0.181692135,4.858719788,12.219961007,-4.272808255,-130.901964533,-0.099545704,142.887925660,44.890717507,0.046494942,0.000019606,-0.043560135,0.001725253,0.000571418,0.000077080,0.001264680,0.000000000,0.000000000,0.000000000,0.000000000,0.000000000,0.000000000,0.000000000,0.041401073,0.000653689,-0.040977362,-0.000004697,0.014423409,0.000014337,-0.010180247,0.000000000,0.000000000,0.000000000,0.000000000,0.000000000,0.000000000,0.000000000,0.688817749,0.143895547,-0.509390021,0.230505901,0.638554498,0.455909732,0.076912959
8.050000000,0,8.050000000,sample,0.215371652,-0.001009666,0.000000000,0.000000000,0.000000000,0.000000000,0.000000000,0,0,2.000000000,0.080000000,0.000000000,0.000000000,0.055658721,0.000000000,0.060788006,0.000000000,0.000000000,0.000000000,0.058494514,0.951520362,1,59.450174048,0,0.000000000,1.259185309,0.808131249,1.259185309,0.808131249,3.289069160,0.665386684,2.634324486,0.782401506,2.307899417,0.111317441,1.699276124,2.000000000,0.993844170,19.876883406,2.312602443,1.000000000,1.983009508,0.851311829,1.250602403,0.000000000,2.045735918,0.861188436,1.250602403,1,0,0,0.000000000,0.194812781,-1.016988100,0.716471093,0.785402257,-0.067052195,-0.178110676,4.972736846,12.221815852,-4.372671727,-130.901603265,-0.083358294,142.887966459,44.897771243,0.045101574,-0.000383715,-0.037244073,-0.000005487,-0.000100866,0.000228276,0.000354455,0.000000000,0.000000000,0.000000000,0.000000000,0.000000000,0.000000000,0.000000000,0.037854931,0.000611988,-0.037467423,-0.000003597,0.013191738,0.000010980,-0.009310907,0.000000000,0.000000000,0.000000000,0.000000000,0.000000000,0.000000000,0.000000000,0.616948195,0.106566179,-0.569190897,0.263618111,0.755759286,0.448704092,0.077747665
8.100000000,0,8.100000000,sample,0.215314907,-0.001134894,0.000000000,0.000000000,0.000000000,0.000000000,0.000000000,0,0,2.000000000,0.080000000,0.000000000,0.000000000,0.053126411,0.000000000,0.056197293,0.000000000,0.000000000,0.000000000,0.055351666,0.959797873,1,53.426282912,0,0.000000000,1.261551872,0.829775762,1.269965427,0.829775762,1.125199851,0.346870791,2.544715535,0.760544652,2.124401587,0.106252823,1.613326575,2.000000000,0.975528258,19.510565163,2.276522638,1.000000000,1.894750815,0.880765320,1.284016756,0.000000000,1.981118300,0.880765320,1.295996568,1,0,0,0.000000000,0.184367525,-1.038746836,0.691756280,0.806771304,-0.064057313,-0.183151685,5.086738121,12.221264870,-4.479478740,-130.901204028,-0.081496630,142.887966208,44.900830744,0.040458351,-0.000743010,-0.037385455,-0.000242460,0.004222235,-0.000249318,0.003279672,0.000000000,0.000000000,0.000000000,0.000000000,0.000000000,0.000000000,0.000000000,0.036132156,0.000598471,-0.035762446,-0.000003357,0.012592643,0.000010247,-0.008888048,0.000000000,0.000000000,0.000000000,0.000000000,0.000000000,0.000000000,0.000000000,0.592347122,0.061914900,-0.598314255,0.288814878,0.805916831,0.443580216,0.079568417
8.150000000,0,8.150000000,sample,0.215263729,-0.001023570,0.000000000,0.000000000,0.000000000,0.000000000,0.000000000,0,0,2.000000000,0.080000000,0.000000000,0.000000000,0.033635922,0.000000000,0.058374939,0.000000000,0.000000000,0.000000000,0.035236785,0.954568397,1,56.863774205,0,0.000000000,1.231239196,0.848947367,1.263405474,0.848947367,1.218114555,0.408684649,2.511258648,0.790226438,2.194319176,0.067271843,1.650864499,2.000000000,0.945503262,18.910065242,2.212055830,1.000000000,1.908317194,0.891390142,1.294431631,0.000000000,2.143048166,0.976672534,1.302708613,1,0,0,0.000000000,0.180218765,-1.009878952,0.680893280,0.826148944,-0.062761557,-0.185069018,5.182805230,12.221805983,-4.574263624,-130.901124521,-0.080397958,142.887925651,44.901446159,0.026571381,0.000183165,-0.023128898,-0.000103482,-0.000449874,-0.000206605,-0.000597944,0.000000000,0.000000000,0.000000000,0.000000000,0.000000000,0.000000000,0.000000000,0.022875948,0.000386988,-0.022641888,-0.000002097,0.007974025,0.000006401,-0.005628167,0.000000000,0.000000000,0.000000000,0.000000000,0.000000000,0.000000000,0.000000000,0.596759870,0.066558812,-0.607467416,0.288379299,0.812478678,0.443255312,0.078896602
8.200000000,0,8.200000000,sample,0.215228500,-0.000704578,0.000000000,0.000000000,0.000000000,0.000000000,0.000000000,0,0,2.000000000,0.080000000,0.000000000,0.000000000,0.029791553,0.000000000,0.034957844,0.000000000,0.000000000,0.000000000,0.031511508,0.945418202,3,59.446698903,0,0.000000000,1.171604381,0.860684724,1.230398317,0.860684724,2.944244191,0.401531144,2.240668393,0.786904014,1.902169474,0.059583106,1.559248755,2.000000000,0.904508497,18.090169944,2.119521291,1.000000000,1.771404484,0.824954692,1.292867192,0.000000000,1.919445096,0.940267948,1.297610958,1,0,0,0.000000000,0.177292876,-0.943138726,0.672096277,0.839177709,-0.061748454,-0.180958822,5.243026257,12.221943584,-4.638720847,-130.901220152,-0.079441669,142.887966431,44.902001152,0.020019728,0.001014257,-0.024295903,-0.000148583,-0.000182067,-0.000198377,0.000878295,0.000000000,0.000000000,0.000000000,0.000000000,0.000000000,0.000000000,0.000000000,0.020261157,0.000347619,-0.020053860,-0.000001836,0.007063293,0.000005603,-0.004985363,0.000000000,0.000000000,0.000000000,0.000000000,0.000000000,0.000000000,0.000000000,0.619895317,0.016684530,-0.581355663,0.294907880,0.813158090,0.441282595,0.077817258
8.250000000,0,8.250000000,sample,0.215193191,-0.000706184,0.000000000,0.000000000,0.000000000,0.000000000,0.000000000,0,0,2.000000000,0.080000000,0.000000000,0.000000000,0.019025389,0.000000000,0.032709646,0.000000000,0.000000000,0.000000000,0.020038515,0.949441064,3,65.359517991,0,0.000000000,1.070790720,0.871226351,1.171026445,0.871226351,2.777530972,0.275380189,2.039099810,0.782820210,1.752012903,0.038050777,1.499647053,2.000000000,0.853553391,17.071067812,2.002933882,1.000000000,1.977338471,0.936260451,1.289201272,0.000000000,2.028978739,0.981835886,1.300966212,1,0,0,0.000000000,0.171399921,-0.825885352,0.659642492,0.851912002,-0.060490077,-0.172111141,5.296157346,12.221901304,-4.701612873,-130.900946858,-0.078583473,142.887769402,44.901812018,0.011758814,0.000516781,-0.016200184,0.000034540,-0.000019831,0.000162332,-0.000728964,0.000000000,0.000000000,0.000000000,0.000000000,0.000000000,0.000000000,0.000000000,0.012938990,0.000225022,-0.012806636,-0.000001160,0.004511066,0.000003540,-0.003183966,0.000000000,0.000000000,0.000000000,0.000000000,0.000000000,0.000000000,0.000000000,0.580217597,0.099164159,-0.616638419,0.275721375,0.813313891,0.437887116,0.077872333
8.300000000,0,8.300000000,sample,0.215165657,-0.000550672,0.000000000,0.000000000,0.000000000,0.000000000,0.000000000,0,0,2.000000000,0.080000000,0.000000000,0.000000000,0.016878060,0.000000000,0.028875742,0.000000000,0.000000000,0.000000000,0.017482465,0.965427965,3,53.577924473,0,0.000000000,0.994012932,0.879242327,1.067434078,0.879242327,0.819908690,0.164363395,1.958518637,0.778912696,1.699636816,0.033756120,1.429466084,2.000000000,0.793892626,15.877852523,1.864982736,1.000000000,1.903495167,0.828526824,1.298740828,0.000000000,1.979381206,0.952156362,1.299221542,1,0,0,0.000000000,0.167765813,-0.732128671,0.651079066,0.861744387,-0.059382060,-0.164126328,5.337433614,12.221846364,-4.750764252,-130.901042567,-0.077717910,142.888013086,44.902332964,0.011794506,-0.000501649,-0.012796630,-0.000776921,0.001327477,-0.000018850,0.000393271,0.000000000,0.000000000,0.000000000,0.000000000,0.000000000,0.000000000,0.000000000,0.011478523,0.000201724,-0.011361115,-0.000001018,0.004002172,0.000003106,-0.002824783,0.000000000,0.000000000,0.000000000,0.000000000,0.000000000,0.000000000,0.000000000,0.716182012,0.068238609,-0.490367829,0.267108531,0.812318163,0.437882967,0.075793747
8.350000000,0,8.350000000,sample,0.215154189,-0.000229364,0.000000000,0.000000000,0.000000000,0.000000000,0.000000000,0,0,2.000000000,0.080000000,0.000000000,0.000000000,0.001045808,0.000000000,0.015725789,0.000000000,0.000000000,0.000000000,0.001696594,0.616416455,3,81.663069447,0,0.000000000,0.982308329,0.882909420,0.993108784,0.882919446,0.841767481,0.083132520,1.932013363,0.770896072,1.684883797,0.002091616,1.377145821,2.000000000,0.726995250,14.539904997,1.708726836,1.000000000,1.885332336,0.867425394,1.286282346,0.000000000,2.092447895,0.923137852,1.299147041,1,0,0,0.000000000,0.166081365,-0.720936629,0.646217463,0.865538114,-0.058838572,-0.164045236,5.357395094,12.221694102,-4.771058601,-130.901042547,-0.076937289,142.888013076,44.901910986,0.000051977,-0.000524615,-0.001533171,-0.000494798,-0.000059982,0.000037804,0.000006438,0.000000000,0.000000000,0.000000000,0.000000000,0.000000000,0.000000000,0.000000000,0.000711237,0.000012553,-0.000703963,-0.000000062,0.000247989,0.000000191,-0.000175033,0.000000000,0.000000000,0.000000000,0.000000000,0.000000000,0.000000000,0.000000000,0.649236213,0.068753464,-0.541328550,0.267306700,0.817410874,0.436014739,0.074355330
8.400000000,0,8.400000000,sample,0.215152359,-0.000036608,0.000000000,0.000000000,0.000000000,0.000000000,0.000000000,0,0,2.000000000,0.080000000,0.000000000,0.000000000,0.001370746,0.000000000,0.003195067,0.000000000,0.000000000,0.000000000,0.003324430,0.412325140,3,84.428063985,0,0.000000000,0.981319879,0.882915508,0.989146875,0.883236612,2.224688719,0.244244703,1.893222531,0.771357293,1.635816378,0.002741492,1.312923373,2.000000000,0.654508497,13.090169944,1.538520022,1.000000000,1.863627721,0.915434918,1.262356033,0.000000000,1.919446391,0.936970413,1.285789737,1,0,0,0.000000000,0.165823949,-0.716389353,0.649828761,0.865736829,-0.059188377,-0.162899577,5.359804451,12.222321253,-4.773891152,-130.900776686,-0.076181968,142.887966181,44.902100228,-0.000931066,0.000776649,-0.003054644,0.000328642,-0.000060070,-0.000244288,0.000282182,0.000000000,0.000000000,0.000000000,0.000000000,0.000000000,0.000000000,0.000000000,0.000932218,0.000016464,-0.000922683,-0.000000081,0.000325056,0.000000247,-0.000229428,0.000000000,0.000000000,0.000000000,0.000000000,0.000000000,0.000000000,0.000000000,0.554154643,0.061660876,-0.582361134,0.271141169,0.820055072,0.437775484,0.076508842
8.450000000,0,8.450000000,sample,0.215150764,-0.000031889,0.000000000,0.000000000,0.000000000,0.000000000,0.000000000,0,0,2.000000000,0.080000000,0.000000000,0.000000000,0.000465442,0.000000000,0.003295962,0.000000000,0.000000000,0.000000000,0.002409908,0.193136804,7,48.718376765,0,0.000000000,0.957867016,0.882473138,0.982449619,0.883024532,1.301594804,0.148481964,1.874012557,0.768077190,1.639784872,0.000930884,1.222081888,2.000000000,0.578217233,11.564344650,1.359075712,1.000000000,1.871691271,0.929453359,1.232340282,0.000000000,1.871691271,0.929453359,1.261548911,1,0,0,0.000000000,0.158171108,-0.698849129,0.635689403,0.865780737,-0.057487716,-0.160865525,5.359765582,12.221153376,-4.775744648,-130.900341049,-0.075795302,142.888047028,44.901971051,-0.000001565,-0.001196650,-0.000139904,0.001151792,0.000443969,-0.000054569,-0.001682081,0.000000000,0.000000000,0.000000000,0.000000000,0.000000000,0.000000000,0.000000000,0.000316540,0.000005592,-0.000313304,-0.000000027,0.000110365,0.000000084,-0.000077897,0.000000000,0.000000000,0.000000000,0.000000000,0.000000000,0.000000000,0.000000000,0.538224107,0.074657203,-0.545709461,0.252936388,0.817268302,0.433351138,0.076859387
8.500000000,0,8.500000000,sample,0.215150617,-0.000002953,0.000000000,0.000000000,0.000000000,0.000000000,0.000000000,0,0,2.000000000,0.080000000,0.000000000,0.000000000,0.001200932,0.000000000,0.002272700,0.000000000,0.000000000,0.000000000,0.001548287,0.775652137,7,35.254443020,0,0.000000000,0.951667362,0.882205869,0.961009008,0.882589383,0.250098609,0.053829817,1.906834066,0.768578516,1.667669828,0.002401865,1.248399228,2.000000000,0.500000000,10.000000000,1.175264909,1.000000000,1.897632118,0.971180101,1.221573937,0.000000000,1.916537444,0.979981988,1.231820268,1,0,0,0.000000000,0.163510150,-0.680630352,0.644730583,0.865853236,-0.058583206,-0.158598166,5.359100776,12.221855074,-4.777000119,-130.900755613,-0.075362557,142.888053552,44.902001661,-0.000814010,-0.000100429,0.000654987,-0.000563855,-0.000217025,0.000292124,0.000919303,0.000000000,0.000000000,0.000000000,0.000000000,0.000000000,0.000000000,0.000000000,-0.000816733,-0.000014433,0.000808380,0.000000070,-0.000284778,-0.000000214,0.000201000,0.000000000,0.000000000,0.000000000,0.000000000,0.000000000,0.000000000,0.000000000,0.498482567,0.085838168,-0.556345845,0.246435318,0.819701245,0.434673153,0.072717783
8.550000000,0,8.550000000,sample,0.215150004,-0.000012254,0.000000000,0.000000000,0.000000000,0.000000000,0.000000000,0,0,2.000000000,0.080000000,0.000000000,0.000000000,0.000583298,0.000000000,0.002413558,0.000000000,0.000000000,0.000000000,0.001368290,0.426297240,7,78.684591274,0,0.000000000,0.939109990,0.881597579,0.955073455,0.882220322,0.178844065,0.061427452,1.880614951,0.767413610,1.638386090,0.001166596,1.226287089,2.000000000,0.421782767,8.435655350,0.991376528,1.000000000,1.839818932,0.974844118,1.218110283,0.000000000,1.896698698,0.974844118,1.222874703,1,0,0,0.000000000,0.162277017,-0.666346684,0.641541768,0.865645453,-0.058367515,-0.156414434,5.358443452,12.221576658,-4.777916468,-130.900643898,-0.074737471,142.887871738,44.902129876,-0.000194875,0.000264510,0.000366267,0.000308798,-0.000018089,0.000247576,0.001213732,0.000000000,0.000000000,0.000000000,0.000000000,0.000000000,0.000000000,0.000000000,-0.000396691,-0.000007012,0.000392635,0.000000034,-0.000138315,-0.000000103,0.000097624,0.000000000,0.000000000,0.000000000,0.000000000,0.000000000,0.000000000,0.000000000,0.462212659,0.054601560,-0.570752072,0.267109230,0.821856996,0.434954549,0.073696265
8.600000000,0,8.600000000,sample,0.215149826,-0.000003547,0.000000000,0.000000000,0.000000000,0.000000000,0.000000000,0,0,2.000000000,0.080000000,0.000000000,0.000000000,0.002569507,0.000000000,0.003169224,0.000000000,0.000000000,0.000000000,0.004830072,0.531981032,3,82.039693804,0,0.000000000,0.926420185,0.881118203,0.940386319,0.881656725,3.036024840,0.321008899,1.814704639,0.776021699,1.600920467,0.005139013,1.259869637,2.000000000,0.345491503,6.909830056,0.812027567,1.000000000,1.918447318,1.008358962,1.198621414,0.000000000,1.923232062,1.020468924,1.217939895,1,0,0,0.000000000,0.163862290,-0.647047493,0.642443032,0.865580656,-0.058584916,-0.153971504,5.357155097,12.221530822,-4.778709062,-130.900846937,-0.074355478,142.887810433,44.902201378,-0.000270415,0.001150561,-0.004374874,-0.001479366,-0.000531309,-0.000312619,0.000473928,0.000000000,0.000000000,0.000000000,0.000000000,0.000000000,0.000000000,0.000000000,0.001747479,0.000030893,-0.001729609,-0.000000148,0.000609294,0.000000452,-0.000430047,0.000000000,0.000000000,0.000000000,0.000000000,0.000000000,0.000000000,0.000000000,0.455443114,0.083090068,-0.538102075,0.260805148,0.819139120,0.433946193,0.074091423
8.650000000,0,8.650000000,sample,0.215149800,-0.000000536,0.000000000,0.000000000,0.000000000,0.000000000,0.000000000,0,0,2.000000000,0.080000000,0.000000000,0.000000000,0.001263568,0.000000000,0.002856625,0.000000000,0.000000000,0.000000000,0.001917752,0.658879863,2,53.275843370,0,0.000000000,0.903434281,0.880403998,0.925043274,0.881122292,0.827924234,0.073594658,1.834644150,0.770734265,1.628047605,0.002527136,1.306476961,2.000000000,0.273004750,5.460095003,0.641594746,1.000000000,1.818873291,0.978358327,1.178469859,0.000000000,1.909855198,1.020834877,1.198323855,1,0,0,0.000000000,0.162283029,-0.615802055,0.640816314,0.865446568,-0.058230816,-0.150740210,5.353806060,12.221405209,-4.778756541,-130.900833274,-0.074144341,142.888053798,44.901870424,0.000844497,0.001399773,-0.000913259,-0.000193620,0.000158479,0.000307035,-0.000119647,0.000000000,0.000000000,0.000000000,0.000000000,0.000000000,0.000000000,0.000000000,0.000859332,0.000015192,-0.000850544,-0.000000073,0.000299622,0.000000222,-0.000211477,0.000000000,0.000000000,0.000000000,0.000000000,0.000000000,0.000000000,0.000000000,0.441314753,0.037726475,-0.501238179,0.277665756,0.817098406,0.436959125,0.075419780
8.700000000,0,8.700000000,sample,0.215149534,-0.000005320,0.000000000,0.000000000,0.000000000,0.000000000,0.000000000,0,0,2.000000000,0.080000000,0.000000000,0.000000000,0.001263430,0.000000000,0.004286243,0.000000000,0.000000000,0.000000000,0.002685001,0.470550866,1,78.423040173,0,0.000000000,0.872213993,0.879157009,0.905352306,0.880320383,1.364499920,0.142009487,1.685892985,0.760742493,1.474342408,0.002526859,1.223522621,2.000000000,0.206107374,4.122147477,0.484309744,1.000000000,1.936748027,1.050179368,1.160201819,0.000000000,1.955809524,1.084325900,1.181901350,1,0,0,0.000000000,0.158946076,-0.574901570,0.636381631,0.865055978,-0.057686321,-0.145833774,5.349323449,12.221114680,-4.778764078,-130.900578028,-0.073545676,142.888087188,44.901809389,-0.002377751,-0.000624489,-0.000124664,0.000078433,0.000613380,0.000384842,-0.000787093,0.000000000,0.000000000,0.000000000,0.000000000,0.000000000,0.000000000,0.000000000,-0.000859239,-0.000015190,0.000850454,0.000000072,-0.000299583,-0.000000220,0.000211449,0.000000000,0.000000000,0.000000000,0.000000000,0.000000000,0.000000000,0.000000000,0.401428939,0.072491778,-0.489053799,0.282159776,0.815915048,0.435360237,0.074995676
8.750000000,0,8.750000000,sample,0.215149708,0.000003495,0.000000000,0.000000000,0.000000000,0.000000000,0.000000000,0,0,2.000000000,0.080000000,0.000000000,0.000000000,0.001609838,0.000000000,0.005425109,0.000000000,0.000000000,0.000000000,0.002922610,0.550821822,1,65.478133037,0,0.000000000,0.834686298,0.877942043,0.874789126,0.879328618,1.541376222,0.233812044,1.615961921,0.763242009,1.416867400,0.003219675,1.237848149,2.000000000,0.146446609,2.928932188,0.344058199,1.000000000,1.935677778,1.047532837,1.141372272,0.000000000,1.974681397,1.115633253,1.176098443,1,0,0,0.000000000,0.159553181,-0.515559422,0.636743654,0.864938090,-0.057859771,-0.138984091,5.342827347,12.221067316,-4.778687715,-130.900678121,-0.073384531,142.888013086,44.902106887,-0.002364934,-0.000620791,-0.000470493,-0.000370349,-0.000282768,0.000066701,0.001456168,0.000000000,0.000000000,0.000000000,0.000000000,0.000000000,0.000000000,0.000000000,-0.001094826,-0.000019354,0.001083632,0.000000092,-0.000381721,-0.000000280,0.000269423,0.000000000,0.000000000,0.000000000,0.000000000,0.000000000,0.000000000,0.000000000,0.413124973,0.072009114,-0.434551040,0.278760262,0.815526052,0.435599156,0.074174458
8.800000000,0,8.800000000,sample,0.215149720,0.000000241,0.000000000,0.000000000,0.000000000,0.000000000,0.000000000,0,0,2.000000000,0.080000000,0.000000000,0.000000000,0.000233381,0.000000000,0.005358635,0.000000000,0.000000000,0.000000000,0.001775094,0.131475195,7,34.720121927,0,0.000000000,0.801414579,0.877046506,0.832267700,0.877944197,0.832297407,0.021012948,1.583050589,0.766335079,1.429983945,0.000466762,1.307888285,2.000000000,0.095491503,1.909830056,0.224307920,1.000000000,1.923827594,1.098132986,1.137562553,0.000000000,2.024464934,1.101391931,1.141680286,1,0,0,0.000000000,0.159204801,-0.462339528,0.634949856,0.864896503,-0.057740488,-0.133531451,5.337241605,12.220809313,-4.778848929,-130.900769446,-0.073303063,142.888010754,44.901748351,-0.000995094,-0.000500068,-0.000465260,-0.000751505,-0.000164088,0.000092256,-0.001045953,0.000000000,0.000000000,0.000000000,0.000000000,0.000000000,0.000000000,0.000000000,-0.000158719,-0.000002806,0.000157096,0.000000013,-0.000055338,-0.000000041,0.000039058,0.000000000,0.000000000,0.000000000,0.000000000,0.000000000,0.000000000,0.000000000,0.324588623,0.060532673,-0.490210720,0.288362936,0.816107472,0.436160545,0.072797144
8.850000000,0,8.850000000,sample,0.215149768,0.000000960,0.000000000,0.000000000,0.000000000,0.000000000,0.000000000,0,0,2.000000000,0.080000000,0.000000000,0.000000000,0.002731511,0.000000000,0.004000013,0.000000000,0.000000000,0.000000000,0.004433110,0.616161382,1,96.327748370,0,0.000000000,0.774292871,0.875917478,0.803398540,0.877053780,2.641164616,0.287217733,1.475942783,0.761954665,1.315822774,0.005463023,1.250458913,2.000000000,0.054496738,1.089934758,0.127993440,1.000000000,1.914270324,1.130082885,1.115537678,0.000000000,1.934241442,1.161411870,1.147910438,1,0,0,0.000000000,0.158521244,-0.414076075,0.634776709,0.864629047,-0.057786637,-0.127705693,5.331763619,12.220844122,-4.778626904,-130.900673737,-0.072934351,142.887943963,44.902019211,-0.004350951,-0.000272263,-0.000557546,0.000039860,-0.000342886,-0.000274009,0.000377443,0.000000000,0.000000000,0.000000000,0.000000000,0.000000000,0.000000000,0.000000000,-0.001857662,-0.000032839,0.001838669,0.000000155,-0.000647677,-0.000000472,0.000457138,0.000000000,0.000000000,0.000000000,0.000000000,0.000000000,0.000000000,0.000000000,0.274598437,0.057127425,-0.470397190,0.283299277,0.818035620,0.435333085,0.074345819
8.900000000,0,8.900000000,sample,0.215149810,0.000000831,0.000000000,0.000000000,0.000000000,0.000000000,0.000000000,0,0,2.000000000,0.080000000,0.000000000,0.000000000,0.000842287,0.000000000,0.003616836,0.000000000,0.000000000,0.000000000,0.001879525,0.448137916,2,55.677716566,0,0.000000000,0.742762847,0.874963886,0.774628678,0.876002407,0.782964568,0.095228910,1.448167618,0.761242343,1.308500259,0.001684573,1.277271715,2.000000000,0.024471742,0.489434837,0.057464636,1.000000000,1.900471446,1.099497249,1.109978830,0.000000000,1.916966655,1.130797311,1.118859030,1,0,0,0.000000000,0.157442099,-0.357646097,0.631662808,0.864556468,-0.057462859,-0.121663200,5.325742042,12.220460563,-4.778707343,-130.900755279,-0.072849585,142.888013058,44.901890986,-0.001070920,-0.001402455,0.000021743,-0.000518371,-0.000123420,0.000182036,0.000318301,0.000000000,0.000000000,0.000000000,0.000000000,0.000000000,0.000000000,0.000000000,-0.000572828,-0.000010126,0.000566972,0.000000048,-0.000199712,-0.000000145,0.000140959,0.000000000,0.000000000,0.000000000,0.000000000,0.000000000,0.000000000,0.000000000,0.313818944,0.050406951,-0.429043839,0.288248085,0.816905999,0.436789454,0.075787860
8.950000000,0,8.950000000,sample,0.215149871,0.000001220,0.000000000,0.000000000,0.000000000,0.000000000,0.000000000,0,0,2.000000000,0.080000000,0.000000000,0.000000000,0.000448109,0.000000000,0.003574789,0.000000000,0.000000000,0.000000000,0.001256132,0.356737266,7,46.829910154,0,0.000000000,0.723403279,0.873941016,0.745859391,0.874890264,0.399866785,0.115134676,1.428148860,0.757587058,1.290199568,0.000896218,1.282521254,2.000000000,0.006155830,0.123116594,0.014453393,1.000000000,1.907623298,1.112956532,1.103338181,0.000000000,1.971914652,1.164055975,1.118618138,1,0,0,0.000000000,0.157016739,-0.313104847,0.632948183,0.864251900,-0.057578571,-0.116302459,5.320700559,12.220661245,-4.778524441,-130.900673737,-0.072382181,142.888053626,44.902018461,-0.000600927,-0.000388682,0.000027379,0.000101822,0.000537777,0.000162621,0.000859601,0.000000000,0.000000000,0.000000000,0.000000000,0.000000000,0.000000000,0.000000000,-0.000304753,-0.000005387,0.000301637,0.000000025,-0.000106251,-0.000000077,0.000074993,0.000000000,0.000000000,0.000000000,0.000000000,0.000000000,0.000000000,0.000000000,0.307309926,0.045485474,-0.410055230,0.299103136,0.817500242,0.435264204,0.074008606
9.000000000,0,9.000000000,sample,0.215149536,-0.000006704,0.000000000,0.000000000,0.000000000,0.000000000,0.000000000,0,0,2.000000000,0.080000000,0.000000000,0.000000000,0.001494398,0.000000000,0.002679621,0.000000000,0.000000000,0.000000000,0.003582958,0.417084920,1,79.365573788,0,0.000000000,0.708164850,0.873258114,0.724988157,0.874045124,2.222427638,0.248439704,1.353447209,0.757183559,1.218903997,0.002988796,1.218907584,2.000000000,0.000000000,0.000000000,0.000000000,1.000000000,1.922617628,1.137450280,1.101478022,0.000000000,1.925944049,1.153685601,1.109847193,1,0,0,0.000000000,0.155168450,-0.281534560,0.630998018,0.864067644,-0.057387743,-0.112576586,5.317467380,12.220593257,-4.778731578,-130.900466367,-0.072018702,142.887990597,44.902019211,-0.003191963,0.000209581,-0.000811627,0.001312388,0.000452969,-0.000064253,-0.000120946,0.000000000,0.000000000,0.000000000,0.000000000,0.000000000,0.000000000,0.000000000,-0.001016320,-0.000017966,0.001005930,0.000000083,-0.000354335,-0.000000255,0.000250094,0.000000000,0.000000000,0.000000000,0.000000000,0.000000000,0.000000000,0.000000000,0.282419321,0.052759438,-0.422569207,0.293688082,0.819709273,0.434296704,0.073179640
9.050000000,0,9.050000000,sample,0.215149913,0.000007551,0.000000000,0.000000000,0.000000000,0.000000000,0.000000000,0,0,2.000000000,0.080000000,0.000000000,0.000000000,0.001175932,0.000000000,0.003296091,0.000000000,0.000000000,0.000000000,0.002273126,0.517319235,1,43.119069845,0,0.000000000,0.703293028,0.872891564,0.713089356,0.873394284,0.678764062,0.056869468,1.375339457,0.760461413,1.268349466,0.002351864,1.268351707,2.000000000,0.000000000,0.000000000,0.000000000,1.000000000,1.913657312,1.150314391,1.096333138,0.000000000,1.929008061,1.162000684,1.102564480,1,0,0,0.000000000,0.156102380,-0.269694903,0.630490119,0.863861124,-0.057385457,-0.111312846,5.315945726,12.220387241,-4.778524209,-130.900673212,-0.071778368,142.888010810,44.901768589,-0.001492651,-0.000671357,0.000578887,0.000269835,-0.000016959,-0.000080531,-0.001440028,0.000000000,0.000000000,0.000000000,0.000000000,0.000000000,0.000000000,0.000000000,-0.000799737,-0.000014137,0.000791561,0.000000065,-0.000278820,-0.000000200,0.000196794,0.000000000,0.000000000,0.000000000,0.000000000,0.000000000,0.000000000,0.000000000,0.266160433,0.049610622,-0.418549530,0.291413972,0.821391160,0.434522412,0.071026640
9.100000000,0,9.100000000,sample,0.215149784,-0.000002590,0.000000000,0.000000000,0.000000000,0.000000000,0.000000000,0,0,2.000000000,0.080000000,0.000000000,0.000000000,0.000397974,0.000000000,0.002746323,0.000000000,0.000000000,0.000000000,0.001403961,0.283465467,3,53.892411877,0,0.000000000,0.699998486,0.872593070,0.706763884,0.872981591,0.733975491,0.090691418,1.383986263,0.762256821,1.273533093,0.000795949,1.273532451,2.000000000,0.000000000,0.000000000,0.000000000,1.000000000,1.917095777,1.158619248,1.097253341,0.000000000,1.922197439,1.164139487,1.099894030,1,0,0,0.000000000,0.156716417,-0.258503050,0.631358867,0.863757987,-0.057626470,-0.109635741,5.314931444,12.220477906,-4.778731578,-130.900641424,-0.071517361,142.887830198,44.902019211,-0.000248189,-0.000563960,-0.001030668,-0.000540443,-0.000193714,0.000047418,0.000444217,0.000000000,0.000000000,0.000000000,0.000000000,0.000000000,0.000000000,0.000000000,0.000270657,0.000004785,-0.000267890,-0.000000022,0.000094362,0.000000067,-0.000066602,0.000000000,0.000000000,0.000000000,0.000000000,0.000000000,0.000000000,0.000000000,0.257650147,0.046372217,-0.418296550,0.297420230,0.823416997,0.434505888,0.072036093
9.150000000,0,9.150000000,sample,0.215150268,0.000009679,0.000000000,0.000000000,0.000000000,0.000000000,0.000000000,0,0,2.000000000,0.080000000,0.000000000,0.000000000,0.003177844,0.000000000,0.004315728,0.000000000,0.000000000,0.000000000,0.004961798,0.640462253,1,82.838786283,0,0.000000000,0.702046070,0.872384041,0.702540792,0.872633321,2.412981317,0.196309951,1.408173211,0.759896834,1.316157922,0.006355688,1.316167937,2.000000000,0.000000000,0.000000000,0.000000000,1.000000000,1.918123095,1.135917416,1.090485333,0.000000000,1.939216989,1.169929817,1.097327375,1,0,0,0.000000000,0.158429147,-0.257460726,0.633626755,0.863546039,-0.057839977,-0.109529409,5.314454120,12.220573560,-4.778402119,-130.900865148,-0.071265323,142.887945469,44.901768589,-0.004516021,0.000079536,0.000439083,-0.001535944,-0.000087176,-0.000322747,-0.001246990,0.000000000,0.000000000,0.000000000,0.000000000,0.000000000,0.000000000,0.000000000,-0.002161211,-0.000038203,0.002139115,0.000000176,-0.000753494,-0.000000536,0.000531825,0.000000000,0.000000000,0.000000000,0.000000000,0.000000000,0.000000000,0.000000000,0.300567037,0.050090622,-0.371122676,0.293175438,0.823689282,0.434719152,0.071972191
9.200000000,0,9.200000000,sample,0.215149900,-0.000007354,0.000000000,0.000000000,0.000000000,0.000000000,0.000000000,0,0,2.000000000,0.080000000,0.000000000,0.000000000,0.000447141,0.000000000,0.002189029,0.000000000,0.000000000,0.000000000,0.000714985,0.625384401,1,29.833139550,0,0.000000000,0.698107928,0.872120994,0.702545207,0.872432034,0.097326182,0.039937218,1.400415928,0.763761643,1.295864779,0.000894282,1.295865017,2.000000000,0.000000000,0.000000000,0.000000000,1.000000000,1.934813110,1.167097541,1.096180831,0.000000000,1.935780682,1.168718731,1.097924827,1,0,0,0.000000000,0.155539365,-0.255688529,0.630702435,0.863377816,-0.057393332,-0.108994404,5.314308095,12.220477348,-4.778484095,-130.900576454,-0.070977348,142.888006331,44.901850187,0.000390523,0.000285580,-0.000286123,0.000145079,-0.000278022,0.000049520,-0.000307372,0.000000000,0.000000000,0.000000000,0.000000000,0.000000000,0.000000000,0.000000000,0.000304095,0.000005375,-0.000300986,-0.000000025,0.000106020,0.000000075,-0.000074830,0.000000000,0.000000000,0.000000000,0.000000000,0.000000000,0.000000000,0.000000000,0.263134064,0.058119563,-0.409461860,0.287322832,0.827831055,0.433883183,0.072268234
9.250000000,0,9.250000000,sample,0.215149856,-0.000000890,0.000000000,0.000000000,0.000000000,0.000000000,0.000000000,0,0,2.000000000,0.080000000,0.000000000,0.000000000,0.001151776,0.000000000,0.004953790,0.000000000,0.000000000,0.000000000,0.001263814,0.911349580,3,59.565456761,0,0.000000000,0.697627130,0.871913030,0.700946078,0.872169198,0.146715386,0.034689396,1.391498031,0.761173710,1.279318569,0.002303552,1.279320929,2.000000000,0.000000000,0.000000000,0.000000000,1.000000000,1.911035512,1.152511319,1.097738927,0.000000000,1.938395392,1.212550533,1.111765403,1,0,0,0.000000000,0.156245705,-0.250892157,0.631920895,0.863272991,-0.057540977,-0.108079189,5.314022858,12.220573554,-4.778729848,-130.900631157,-0.070700914,142.888006007,44.902019211,0.000736709,-0.000008447,-0.000975394,-0.000020359,0.000145121,0.000154825,0.000239946,0.000000000,0.000000000,0.000000000,0.000000000,0.000000000,0.000000000,0.000000000,0.000783308,0.000013847,-0.000775300,-0.000000063,0.000273096,0.000000193,-0.000192754,0.000000000,0.000000000,0.000000000,0.000000000,0.000000000,0.000000000,0.000000000,0.273214887,0.047155981,-0.401574117,0.292249103,0.828589357,0.435434057,0.072981105
9.300000000,0,9.300000000,sample,0.215149980,0.000002495,0.000000000,0.000000000,0.000000000,0.000000000,0.000000000,0,0,2.000000000,0.080000000,0.000000000,0.000000000,0.000617226,0.000000000,0.001210046,0.000000000,0.000000000,0.000000000,0.000953425,0.647378111,2,43.278903735,0,0.000000000,0.696236739,0.871782439,0.700283260,0.871968847,0.288628783,0.036588090,1.382476013,0.759319734,1.271467847,0.001234453,1.271468274,2.000000000,0.000000000,0.000000000,0.000000000,1.000000000,1.905841333,1.152683554,1.097894252,0.000000000,1.913955483,1.156858030,1.099368755,1,0,0,0.000000000,0.155776739,-0.249641717,0.630997795,0.863163697,-0.057403735,-0.107971586,5.313652680,12.220477851,-4.778517677,-130.900630519,-0.070609714,142.888053885,44.901890986,-0.000334541,-0.000627227,0.000524639,-0.000233561,-0.000026593,0.000233844,0.000136018,0.000000000,0.000000000,0.000000000,0.000000000,0.000000000,0.000000000,0.000000000,-0.000419768,-0.000007420,0.000415476,0.000000034,-0.000146349,-0.000000103,0.000103295,0.000000000,0.000000000,0.000000000,0.000000000,0.000000000,0.000000000,0.000000000,0.268793250,0.045599772,-0.404777552,0.291795645,0.828833040,0.435504840,0.073650529
9.350000000,0,9.350000000,sample,0.215149730,-0.000005017,0.000000000,0.000000000,0.000000000,0.000000000,0.000000000,0,0,2.000000000,0.080000000,0.000000000,0.000000000,0.000227889,0.000000000,0.002460159,0.000000000,0.000000000,0.000000000,0.001292322,0.176340654,2,39.241891912,0,0.000000000,0.695005572,0.871637275,0.698298434,0.871864707,0.391821387,0.066155528,1.402362510,0.761678977,1.293649877,0.000455778,1.293649090,2.000000000,0.000000000,0.000000000,0.000000000,1.000000000,1.974090029,1.179642539,1.096526365,0.000000000,1.978504960,1.179775250,1.109332661,1,0,0,0.000000000,0.153786620,-0.250930257,0.629616095,0.863044201,-0.057153391,-0.107887611,5.313743802,12.220506299,-4.778496070,-130.900393079,-0.070418698,142.888093850,44.901937613,0.000333870,0.000809554,0.000195565,0.000497626,0.000056576,0.000433355,-0.000652974,0.000000000,0.000000000,0.000000000,0.000000000,0.000000000,0.000000000,0.000000000,0.000154984,0.000002740,-0.000153400,-0.000000012,0.000054034,0.000000038,-0.000038138,0.000000000,0.000000000,0.000000000,0.000000000,0.000000000,0.000000000,0.000000000,0.265244295,0.073317969,-0.407026213,0.283757280,0.829055938,0.433270923,0.073444100
9.400000000,0,9.400000000,sample,0.215149752,0.000000459,0.000000000,0.000000000,0.000000000,0.000000000,0.000000000,0,0,2.000000000,0.080000000,0.000000000,0.000000000,0.000422131,0.000000000,0.001211421,0.000000000,0.000000000,0.000000000,0.001615268,0.261337879,3,47.451705737,0,0.000000000,0.694406784,0.871459351,0.699274776,0.871694809,1.143957434,0.099377480,1.344591058,0.760572614,1.227780972,0.000844261,1.227781690,2.000000000,0.000000000,0.000000000,0.000000000,1.000000000,1.916849620,1.159948859,1.098808458,0.000000000,1.966770796,1.177679352,1.100932658,1,0,0,0.000000000,0.154244516,-0.248711719,0.629723663,0.862899190,-0.057216913,-0.107576085,5.313587465,12.220475846,-4.778602762,-130.900443506,-0.070144052,142.888051637,44.901767839,-0.000595953,-0.000452520,-0.001112680,0.000619101,-0.000057361,0.000292030,-0.000582442,0.000000000,0.000000000,0.000000000,0.000000000,0.000000000,0.000000000,0.000000000,0.000287086,0.000005075,-0.000284151,-0.000000023,0.000100090,0.000000070,-0.000070645,0.000000000,0.000000000,0.000000000,0.000000000,0.000000000,0.000000000,0.000000000,0.266467693,0.048439484,-0.408058592,0.292475300,0.828848308,0.435685864,0.071856155
9.450000000,0,9.450000000,sample,0.215149794,0.000000841,0.000000000,0.000000000,0.000000000,0.000000000,0.000000000,0,0,2.000000000,0.080000000,0.000000000,0.000000000,0.000489639,0.000000000,0.002668188,0.000000000,0.000000000,0.000000000,0.000990404,0.494383303,1,69.985860610,0,0.000000000,0.693792774,0.871190904,0.697903100,0.871453960,0.563781918,0.063163115,1.371302418,0.759339851,1.255697421,0.000979278,1.255697928,2.000000000,0.000000000,0.000000000,0.000000000,1.000000000,1.937444927,1.165546840,1.098547691,0.000000000,1.937444927,1.165546840,1.099715259,1,0,0,0.000000000,0.153858889,-0.248021275,0.629413459,0.862703347,-0.057180177,-0.106990442,5.313328182,12.220477106,-4.778455380,-130.900386802,-0.069869398,142.888033398,44.902019211,-0.000828548,0.000165531,-0.000120506,0.000470635,0.000001711,0.000166278,0.000057775,0.000000000,0.000000000,0.000000000,0.000000000,0.000000000,0.000000000,0.000000000,-0.000332997,-0.000005886,0.000329593,0.000000027,-0.000116097,-0.000000081,0.000081942,0.000000000,0.000000000,0.000000000,0.000000000,0.000000000,0.000000000,0.000000000,0.267790092,0.059764102,-0.408901718,0.285881810,0.829735993,0.434467804,0.073284606
9.500000000,0,9.500000000,sample,0.215150041,0.000004930,0.000000000,0.000000000,0.000000000,0.000000000,0.000000000,0,0,2.000000000,0.080000000,0.000000000,0.000000000,0.000412377,0.000000000,0.001834093,0.000000000,0.000000000,0.000000000,0.001484594,0.277770991,2,42.656611446,0,0.000000000,0.696235806,0.871067105,0.698901681,0.871336956,0.821281971,0.064523043,1.423694399,0.760661767,1.320873064,0.000824754,1.320873612,2.000000000,0.000000000,0.000000000,0.000000000,1.000000000,1.920353045,1.163466032,1.098329457,0.000000000,1.937753908,1.166119842,1.103024696,1,0,0,0.000000000,0.155612566,-0.247557164,0.631857957,0.862568186,-0.057447448,-0.106929030,5.313282123,12.220612940,-4.778477481,-130.900578207,-0.069614982,142.888094656,44.901809388,-0.000073288,0.000969618,-0.000385236,-0.000583448,0.000311440,0.000425921,-0.000700904,0.000000000,0.000000000,0.000000000,0.000000000,0.000000000,0.000000000,0.000000000,0.000280452,0.000004958,-0.000277585,-0.000000022,0.000097779,0.000000068,-0.000069013,0.000000000,0.000000000,0.000000000,0.000000000,0.000000000,0.000000000,0.000000000,0.266508011,0.052091825,-0.407933755,0.288844141,0.829980959,0.434455466,0.071600883
9.550000000,0,9.550000000,sample,0.215149811,-0.000004609,0.000000000,0.000000000,0.000000000,0.000000000,0.000000000,0,0,2.000000000,0.080000000,0.000000000,0.000000000,0.002591127,0.000000000,0.004841318,0.000000000,0.000000000,0.000000000,0.003978343,0.651308149,1,89.884821695,0,0.000000000,0.695505441,0.871061373,0.697022559,0.871184157,2.048324379,0.168769053,1.375668641,0.760317739,1.263171797,0.005182255,1.263179880,2.000000000,0.000000000,0.000000000,0.000000000,1.000000000,1.950614067,1.132804919,1.096215495,0.000000000,1.956127192,1.174108293,1.101915308,1,0,0,0.000000000,0.154862402,-0.248466547,0.630880202,0.862565439,-0.057473275,-0.106890607,5.313377162,12.220609117,-4.778477725,-130.900386782,-0.069609361,142.887871466,44.901937613,-0.003771772,0.001004980,0.000045763,0.000323024,-0.000387821,0.000279734,-0.000505838,0.000000000,0.000000000,0.000000000,0.000000000,0.000000000,0.000000000,0.000000000,-0.001762191,-0.000031151,0.001744177,0.000000140,-0.000614379,-0.000000427,0.000433635,0.000000000,0.000000000,0.000000000,0.000000000,0.000000000,0.000000000,0.000000000,0.336700180,0.061379776,-0.345021528,0.292533814,0.828739492,0.433428961,0.072582554
9.600000000,0,9.600000000,sample,0.215149976,0.000003312,0.000000000,0.000000000,0.000000000,0.000000000,0.000000000,0,0,2.000000000,0.080000000,0.000000000,0.000000000,0.000444798,0.000000000,0.002358761,0.000000000,0.000000000,0.000000000,0.001188259,0.374327152,2,46.585456286,0,0.000000000,0.696032824,0.870878505,0.698583582,0.871084974,0.491357075,0.052920719,1.409836913,0.763789803,1.307635257,0.000889595,1.307635418,2.000000000,0.000000000,0.000000000,0.000000000,1.000000000,1.933952548,1.170233463,1.101388661,0.000000000,1.964272650,1.181203906,1.104682534,1,0,0,0.000000000,0.155137661,-0.247558895,0.631750419,0.862407465,-0.057442621,-0.106691519,5.313212124,12.220662728,-4.778437286,-130.900482511,-0.069355053,142.888053885,44.901809388,0.000167930,0.000811029,-0.000449820,-0.000088417,-0.000330660,0.000273252,-0.000576049,0.000000000,0.000000000,0.000000000,0.000000000,0.000000000,0.000000000,0.000000000,0.000302501,0.000005347,-0.000299408,-0.000000024,0.000105466,0.000000073,-0.000074439,0.000000000,0.000000000,0.000000000,0.000000000,0.000000000,0.000000000,0.000000000,0.262796818,0.053001475,-0.412733426,0.294923671,0.830923927,0.433722195,0.072851143
9.650000000,0,9.650000000,sample,0.215150045,0.000001385,0.000000000,0.000000000,0.000000000,0.000000000,0.000000000,0,0,2.000000000,0.080000000,0.000000000,0.000000000,0.000471331,0.000000000,0.001240628,0.000000000,0.000000000,0.000000000,0.001404384,0.335614198,7,50.122054292,0,0.000000000,0.692724644,0.870812913,0.697611212,0.870890292,0.438689305,0.109086915,1.381580079,0.762253754,1.285588207,0.000942662,1.285588369,2.000000000,0.000000000,0.000000000,0.000000000,1.000000000,1.938421394,1.162466341,1.102777081,0.000000000,1.973395965,1.178829285,1.118975813,1,0,0,0.000000000,0.154610535,-0.247484991,0.628262839,0.862376089,-0.057109311,-0.106588631,5.313234726,12.220213137,-4.778477480,-130.900578202,-0.069354968,142.888033647,44.901890985,0.000619925,-0.000671038,0.000077577,-0.000293138,-0.000237812,-0.000025268,-0.000994261,0.000000000,0.000000000,0.000000000,0.000000000,0.000000000,0.000000000,0.000000000,0.000320547,0.000005666,-0.000317270,-0.000000025,0.000111754,0.000000077,-0.000078877,0.000000000,0.000000000,0.000000000,0.000000000,0.000000000,0.000000000,0.000000000,0.277087216,0.051609521,-0.406951854,0.300924923,0.829118780,0.433491487,0.071819083
9.700000000,0,9.700000000,sample,0.215149809,-0.000004732,0.000000000,0.000000000,0.000000000,0.000000000,0.000000000,0,0,2.000000000,0.080000000,0.000000000,0.000000000,0.000856935,0.000000000,0.003755347,0.000000000,0.000000000,0.000000000,0.002324310,0.368683430,4,41.800447273,0,0.000000000,0.693433940,0.870602248,0.696973683,0.870848994,0.971812578,0.083314657,1.395114187,0.760395181,1.276671285,0.001713869,1.276669827,2.000000000,0.000000000,0.000000000,0.000000000,1.000000000,1.957637560,1.165624055,1.099952694,0.000000000,1.957637560,1.211850385,1.125820620,1,0,0,0.000000000,0.152861818,-0.249085680,0.628840375,0.862197344,-0.057062855,-0.106338354,5.313193467,12.220505276,-4.778299690,-130.900260956,-0.069080390,142.888053885,44.902060010,0.000167861,0.001090099,0.001284259,0.001502742,-0.000244830,0.000287726,0.000368294,0.000000000,0.000000000,0.000000000,0.000000000,0.000000000,0.000000000,0.000000000,-0.000582790,-0.000010302,0.000576833,0.000000046,-0.000203186,-0.000000140,0.000143411,0.000000000,0.000000000,0.000000000,0.000000000,0.000000000,0.000000000,0.000000000,0.279203249,0.062273036,-0.399840579,0.293584074,0.829587426,0.433956103,0.073934096
9.750000000,0,9.750000000,sample,0.215149764,-0.000000902,0.000000000,0.000000000,0.000000000,0.000000000,0.000000000,0,0,2.000000000,0.080000000,0.000000000,0.000000000,0.001720107,0.000000000,0.002599146,0.000000000,0.000000000,0.000000000,0.002013405,0.854327372,1,41.468250052,0,0.000000000,0.694562015,0.870520785,0.697097568,0.870683613,0.327153826,0.019473030,1.380324976,0.761122918,1.269366297,0.003440215,1.269371168,2.000000000,0.000000000,0.000000000,0.000000000,1.000000000,1.947422960,1.172374753,1.101769318,0.000000000,1.965553977,1.177241755,1.101857478,1,0,0,0.000000000,0.154460810,-0.247289130,0.630401726,0.862138259,-0.057356630,-0.105991876,5.313383228,12.220571974,-4.778685625,-130.900386781,-0.068832807,142.887946218,44.902019183,0.001296550,0.000338900,-0.001176884,0.000874078,0.000140780,-0.000293714,-0.000052466,0.000000000,0.000000000,0.000000000,0.000000000,0.000000000,0.000000000,0.000000000,0.001169822,0.000020680,-0.001157863,-0.000000092,0.000407852,0.000000280,-0.000287866,0.000000000,0.000000000,0.000000000,0.000000000,0.000000000,0.000000000,0.000000000,0.262572348,0.051440562,-0.408638652,0.304093065,0.829743113,0.434650694,0.073839430
9.800000000,0,9.800000000,sample,0.215150008,0.000004892,0.000000000,0.000000000,0.000000000,0.000000000,0.000000000,0,0,2.000000000,0.080000000,0.000000000,0.000000000,0.000544217,0.000000000,0.001445772,0.000000000,0.000000000,0.000000000,0.001837613,0.296154523,3,71.845304060,0,0.000000000,0.691815835,0.870332369,0.697303435,0.870638555,1.244826125,0.161898452,1.355171580,0.758160089,1.238977379,0.001088435,1.238976710,2.000000000,0.000000000,0.000000000,0.000000000,1.000000000,1.952221271,1.172796840,1.103088044,0.000000000,1.976751185,1.180849145,1.103088044,1,0,0,0.000000000,0.154778781,-0.242608862,0.629121306,0.862044776,-0.057183074,-0.105296409,5.312819475,12.220314712,-4.778644155,-130.900573475,-0.068729958,142.888053885,44.902106637,-0.000723184,-0.000410032,-0.001557590,-0.000207219,0.000225003,0.000183542,0.000363812,0.000000000,0.000000000,0.000000000,0.000000000,0.000000000,0.000000000,0.000000000,0.000370116,0.000006543,-0.000366332,-0.000000029,0.000129036,0.000000089,-0.000091075,0.000000000,0.000000000,0.000000000,0.000000000,0.000000000,0.000000000,0.000000000,0.266884002,0.053777893,-0.411564436,0.303501930,0.829174342,0.434117530,0.072092125
9.851000000,0,9.851000000,sample,0.215149983,-0.000000493,0.000000000,0.000000000,0.000000000,0.000000000,0.000000000,0,0,2.000000000,0.080000000,0.000000000,0.000000000,0.000415051,0.000000000,0.001481115,0.000000000,0.000000000,0.000000000,0.001570051,0.264355344,2,53.396974378,0,0.000000000,0.691078953,0.870176050,0.697026559,0.870481216,0.860402848,0.074797124,1.340718772,0.758315671,1.230889261,0.000830103,1.230888949,2.000000000,0.000000000,0.000000000,0.000000000,1.000000000,1.951150187,1.175442564,1.103484024,0.000000000,1.955098263,1.175442564,1.104285126,1,0,0,0.000000000,0.153570977,-0.245789499,0.627370382,0.861853579,-0.056996838,-0.105669893,5.312915182,12.220209829,-4.778436783,-130.900439990,-0.068502912,142.888006340,44.901850187,-0.000260813,-0.001147287,-0.000670760,0.000109474,0.000102553,0.000035601,-0.000779154,0.000000000,0.000000000,0.000000000,0.000000000,0.000000000,0.000000000,0.000000000,0.000282271,0.000004990,-0.000279386,-0.000000022,0.000098410,0.000000067,-0.000069459,0.000000000,0.000000000,0.000000000,0.000000000,0.000000000,0.000000000,0.000000000,0.263601511,0.052814429,-0.412092777,0.303501413,0.830144624,0.434914299,0.071956674
9.901000000,0,9.901000000,sample,0.215149681,-0.000006046,0.000000000,0.000000000,0.000000000,0.000000000,0.000000000,0,0,2.000000000,0.080000000,0.000000000,0.000000000,0.000358436,0.000000000,0.004318549,0.000000000,0.000000000,0.000000000,0.001179708,0.303834222,4,43.493636375,0,0.000000000,0.690973707,0.870242516,0.697905521,0.870363301,0.734184842,0.061640571,1.349610898,0.761724398,1.238406103,0.000716872,1.238406996,2.000000000,0.000000000,0.000000000,0.000000000,1.000000000,1.948341283,1.201686331,1.112907128,0.000000000,1.953006533,1.204352650,1.115271076,1,0,0,0.000000000,0.152758627,-0.244346250,0.628016223,0.861937737,-0.057051121,-0.105501392,5.312900112,12.220417012,-4.778562009,-130.900243545,-0.068569611,142.887959713,44.901937529,-0.000035467,-0.000298499,-0.000683968,0.000778014,-0.000436236,-0.000086151,-0.000174672,0.000000000,0.000000000,0.000000000,0.000000000,0.000000000,0.000000000,0.000000000,0.000243768,0.000004309,-0.000241276,-0.000000019,0.000084987,0.000000058,-0.000059985,0.000000000,0.000000000,0.000000000,0.000000000,0.000000000,0.000000000,0.000000000,0.218739530,0.053546767,-0.460405334,0.298523861,0.833026722,0.432948473,0.073352383
9.951000000,0,9.951000000,sample,0.215149900,0.000004382,0.000000000,0.000000000,0.000000000,0.000000000,0.000000000,0,0,2.000000000,0.080000000,0.000000000,0.000000000,0.000571223,0.000000000,0.001557977,0.000000000,0.000000000,0.000000000,0.001168320,0.488926621,1,69.462654183,0,0.000000000,0.691311316,0.869990723,0.696639634,0.870288332,0.715424725,0.064309687,1.355158975,0.758651791,1.240647031,0.001142446,1.240647687,2.000000000,0.000000000,0.000000000,0.000000000,1.000000000,1.949774974,1.169055983,1.103955169,0.000000000,1.959413880,1.198569370,1.111589710,1,0,0,0.000000000,0.153260191,-0.243455845,0.628611089,0.861723778,-0.057070038,-0.105161782,5.312641387,12.220421461,-4.778436951,-130.900342010,-0.068257166,142.888047055,44.901890986,-0.000973728,-0.000262199,-0.000105283,0.000400394,-0.000122510,0.000252935,-0.000312560,0.000000000,0.000000000,0.000000000,0.000000000,0.000000000,0.000000000,0.000000000,-0.000388481,-0.000006867,0.000384510,0.000000030,-0.000135440,-0.000000092,0.000095595,0.000000000,0.000000000,0.000000000,0.000000000,0.000000000,0.000000000,0.000000000,0.267740221,0.055034895,-0.409862159,0.300263713,0.831483043,0.434436602,0.075887094
10.001000000,0,10.001000000,sample,0.215150071,0.000003428,0.000000000,0.000000000,0.000000000,0.000000000,0.000000000,0,0,2.000000000,0.080000000,0.000000000,0.000000000,0.000178333,0.000000000,0.001493779,0.000000000,0.000000000,0.000000000,0.001000681,0.178211521,2,48.911022546,0,0.000000000,0.694998895,0.870074447,0.697030969,0.870219974,0.435234531,0.043428224,1.403039541,0.761425899,1.300699332,0.000356666,1.300699200,2.000000000,0.000000000,0.000000000,0.000000000,1.000000000,1.945170922,1.166021253,1.103989997,0.000000000,1.954527904,1.173635526,1.106386552,1,0,0,0.000000000,0.155246806,-0.244323429,0.631844882,0.861747315,-0.057485957,-0.105434688,5.312745615,12.220668573,-4.778436783,-130.900476110,-0.068256411,142.888012337,44.901721961,-0.000133835,0.000699841,-0.000266651,0.000040878,-0.000107990,0.000007187,-0.000639677,0.000000000,0.000000000,0.000000000,0.000000000,0.000000000,0.000000000,0.000000000,0.000121282,0.000002144,-0.000120042,-0.000000009,0.000042285,0.000000029,-0.000029845,0.000000000,0.000000000,0.000000000,0.000000000,0.000000000,0.000000000,0.000000000,0.275486698,0.052526258,-0.405385434,0.301600028,0.830833834,0.435054254,0.072697967
10.051000000,0,10.051000000,sample,0.215150115,0.000000879,0.000000000,0.000000000,0.000000000,0.000000000,0.000000000,0,0,2.000000000,0.080000000,0.000000000,0.000000000,0.000760808,0.000000000,0.001482192,0.000000000,0.000000000,0.000000000,0.002022652,0.376144097,2,46.368681178,0,0.000000000,0.690246469,0.869900515,0.695523938,0.870091326,0.490014527,0.066328970,1.365768338,0.756919569,1.262848986,0.001521617,1.262847843,2.000000000,0.000000000,0.000000000,0.000000000,1.000000000,1.923440964,1.154228903,1.101802619,0.000000000,1.941491577,1.165986302,1.104766775,1,0,0,0.000000000,0.154289240,-0.243533009,0.627157629,0.861660778,-0.057065399,-0.104934024,5.312638350,12.220106397,-4.778436783,-130.900531641,-0.068194227,142.887925632,44.902060010,-0.000657956,-0.001377316,0.000258349,-0.000906074,-0.000011699,-0.000598921,0.000717397,0.000000000,0.000000000,0.000000000,0.000000000,0.000000000,0.000000000,0.000000000,-0.000517417,-0.000009146,0.000512128,0.000000040,-0.000180388,-0.000000123,0.000127320,0.000000000,0.000000000,0.000000000,0.000000000,0.000000000,0.000000000,0.000000000,0.278345832,0.046389623,-0.400081064,0.300833646,0.830219744,0.434686922,0.074547492
10.101000000,0,10.101000000,sample,0.215149900,-0.000004304,0.000000000,0.000000000,0.000000000,0.000000000,0.000000000,0,0,2.000000000,0.080000000,0.000000000,0.000000000,0.000445342,0.000000000,0.001170950,0.000000000,0.000000000,0.000000000,0.001194888,0.372705867,1,76.403604946,0,0.000000000,0.692202706,0.869838419,0.696062478,0.870043035,0.838568116,0.091627978,1.384084732,0.759728887,1.276459936,0.000890684,1.276459729,2.000000000,0.000000000,0.000000000,0.000000000,1.000000000,1.926106877,1.165360405,1.104186630,0.000000000,1.947942139,1.171842299,1.104186630,1,0,0,0.000000000,0.153300138,-0.246216028,0.628507217,0.861563184,-0.057081893,-0.105211278,5.312937033,12.220410408,-4.778463332,-130.900333942,-0.067981766,142.888013058,44.901890902,0.001044442,-0.000291127,0.000373747,0.000328434,-0.000058637,-0.000023850,-0.000024121,0.000000000,0.000000000,0.000000000,0.000000000,0.000000000,0.000000000,0.000000000,0.000302871,0.000005354,-0.000299775,-0.000000023,0.000105593,0.000000072,-0.000074529,0.000000000,0.000000000,0.000000000,0.000000000,0.000000000,0.000000000,0.000000000,0.273162113,0.041037393,-0.403459248,0.309871585,0.831051418,0.434178186,0.070495290
10.151000000,0,10.151000000,sample,0.215149948,0.000000962,0.000000000,0.000000000,0.000000000,0.000000000,0.000000000,0,0,2.000000000,0.080000000,0.000000000,0.000000000,0.000135631,0.000000000,0.004510252,0.000000000,0.000000000,0.000000000,0.000393120,0.345011404,2,35.547639615,0,0.000000000,0.692896028,0.869668026,0.696831715,0.869902838,0.167497250,0.014896634,1.391525213,0.758468359,1.281563924,0.000271262,1.281563868,2.000000000,0.000000000,0.000000000,0.000000000,1.000000000,1.918952768,1.159655078,1.100492314,0.000000000,1.950478312,1.220845393,1.114505020,1,0,0,0.000000000,0.153384162,-0.246100265,0.629295531,0.861403631,-0.057173344,-0.105059358,5.312773615,12.220519342,-4.778341081,-130.900292900,-0.067743337,142.887992173,44.901809388,0.000187073,0.000234385,0.000072288,0.000099968,0.000154319,0.000120262,-0.000105422,0.000000000,0.000000000,0.000000000,0.000000000,0.000000000,0.000000000,0.000000000,0.000092241,0.000001631,-0.000091298,-0.000000007,0.000032159,0.000000022,-0.000022698,0.000000000,0.000000000,0.000000000,0.000000000,0.000000000,0.000000000,0.000000000,0.279002776,0.044148744,-0.396743819,0.301761094,0.830536936,0.433719384,0.070158033
10.201000000,0,10.201000000,sample,0.215149780,-0.000003355,0.000000000,0.000000000,0.000000000,0.000000000,0.000000000,0,0,2.000000000,0.080000000,0.000000000,0.000000000,0.000199736,0.000000000,0.001458473,0.000000000,0.000000000,0.000000000,0.001656113,0.120605397,4,56.342352516,0,0.000000000,0.690680638,0.869558266,0.695509805,0.869797548,1.194638010,0.130942569,1.330477293,0.756489484,1.208637337,0.000399472,1.208639126,2.000000000,0.000000000,0.000000000,0.000000000,1.000000000,1.918346216,1.157500525,1.102578635,0.000000000,1.940287598,1.170438807,1.103970820,1,0,0,0.000000000,0.152337080,-0.244523319,0.627727254,0.861347526,-0.056993263,-0.104708096,5.312691392,12.220418639,-4.778441305,-130.900195540,-0.067631332,142.887972935,44.901890986,-0.000086512,-0.000767922,-0.000144461,0.001243104,0.000244951,0.000259597,-0.000672275,0.000000000,0.000000000,0.000000000,0.000000000,0.000000000,0.000000000,0.000000000,0.000135838,0.000002401,-0.000134449,-0.000000010,0.000047359,0.000000032,-0.000033426,0.000000000,0.000000000,0.000000000,0.000000000,0.000000000,0.000000000,0.000000000,0.277471556,0.040698533,-0.398410186,0.306592957,0.830731726,0.434737964,0.072045797
10.251000000,0,10.251000000,sample,0.215150095,0.000006281,0.000000000,0.000000000,0.000000000,0.000000000,0.000000000,0,0,2.000000000,0.080000000,0.000000000,0.000000000,0.000477049,0.000000000,0.001735590,0.000000000,0.000000000,0.000000000,0.000855642,0.557533759,1,58.205297901,0,0.000000000,0.692921133,0.869616994,0.696505074,0.869694140,0.509827622,0.055401872,1.392292303,0.759481303,1.290096710,0.000954098,1.290096908,2.000000000,0.000000000,0.000000000,0.000000000,1.000000000,1.931079316,1.161293873,1.102008808,0.000000000,1.945719570,1.170680010,1.103331539,1,0,0,0.000000000,0.155414122,-0.243400877,0.629874718,0.861388897,-0.057479543,-0.104589609,5.312621278,12.220409139,-4.778477499,-130.900482722,-0.067679974,142.887763999,44.901937610,-0.000652790,0.000020245,-0.000021767,-0.000485976,-0.000145640,-0.000203125,0.000080381,0.000000000,0.000000000,0.000000000,0.000000000,0.000000000,0.000000000,0.000000000,-0.000324435,-0.000005735,0.000321119,0.000000025,-0.000113111,-0.000000076,0.000079835,0.000000000,0.000000000,0.000000000,0.000000000,0.000000000,0.000000000,0.000000000,0.272846098,0.046568637,-0.401689122,0.303774860,0.830370255,0.434972424,0.073896506
10.301000000,0,10.301000000,sample,0.215149887,-0.000004150,0.000000000,0.000000000,0.000000000,0.000000000,0.000000000,0,0,2.000000000,0.080000000,0.000000000,0.000000000,0.000416134,0.000000000,0.001189224,0.000000000,0.000000000,0.000000000,0.001477248,0.281695407,2,34.289937040,0,0.000000000,0.690959728,0.869446561,0.694690010,0.869686885,0.775620263,0.109556026,1.358742347,0.759680413,1.256587643,0.000832268,1.256587958,2.000000000,0.000000000,0.000000000,0.000000000,1.000000000,1.935966372,1.163193498,1.106928447,0.000000000,1.946140572,1.172317084,1.106928447,1,0,0,0.000000000,0.153086094,-0.245198298,0.627588869,0.861228284,-0.057063712,-0.104722964,5.312780619,12.220322936,-4.778477499,-130.900291247,-0.067432449,142.887902720,44.901768589,0.000586601,-0.000865041,0.000128700,0.000457747,-0.000118961,-0.000352734,-0.000851584,0.000000000,0.000000000,0.000000000,0.000000000,0.000000000,0.000000000,0.000000000,0.000283007,0.000005003,-0.000280115,-0.000000022,0.000098667,0.000000066,-0.000069640,0.000000000,0.000000000,0.000000000,0.000000000,0.000000000,0.000000000,0.000000000,0.277829987,0.043536393,-0.402351927,0.311151389,0.832472085,0.434862748,0.073403171
10.351000000,0,10.351000000,sample,0.215149871,-0.000000322,0.000000000,0.000000000,0.000000000,0.000000000,0.000000000,0,0,2.000000000,0.080000000,0.000000000,0.000000000,0.000086402,0.000000000,0.001336042,0.000000000,0.000000000,0.000000000,0.001545192,0.055916529,2,52.552230034,0,0.000000000,0.693710921,0.869460091,0.694318160,0.869553530,0.337556869,0.027551604,1.393623489,0.760864513,1.283442220,0.000172804,1.283441149,2.000000000,0.000000000,0.000000000,0.000000000,1.000000000,1.944018698,1.170942500,1.108107689,0.000000000,1.973126999,1.179211207,1.108825250,1,0,0,0.000000000,0.153128076,-0.245544887,0.630471524,0.861234057,-0.057254684,-0.104683569,5.312684851,12.220720085,-4.778341596,-130.900195595,-0.067432440,142.888013058,44.901850187,-0.000113584,0.001120155,0.000032832,0.000995718,-0.000200258,-0.000091477,-0.000281011,0.000000000,0.000000000,0.000000000,0.000000000,0.000000000,0.000000000,0.000000000,-0.000058761,-0.000001039,0.000058160,0.000000005,-0.000020487,-0.000000014,0.000014460,0.000000000,0.000000000,0.000000000,0.000000000,0.000000000,0.000000000,0.000000000,0.268794629,0.049005244,-0.413023910,0.307072843,0.833559376,0.433541140,0.074759280
10.401000000,0,10.401000000,sample,0.215150133,0.000005244,0.000000000,0.000000000,0.000000000,0.000000000,0.000000000,0,0,2.000000000,0.080000000,0.000000000,0.000000000,0.000524080,0.000000000,0.001509708,0.000000000,0.000000000,0.000000000,0.002039306,0.256989536,7,40.517957724,0,0.000000000,0.690591845,0.869384222,0.694650279,0.869481124,0.481612205,0.091846525,1.378173824,0.758818780,1.267980050,0.001048161,1.267979278,2.000000000,0.000000000,0.000000000,0.000000000,1.000000000,1.929726880,1.166150369,1.104817256,0.000000000,1.937322766,1.167952352,1.109493374,1,0,0,0.000000000,0.153729306,-0.243817117,0.627564826,0.861218005,-0.056986510,-0.104331259,5.312590000,12.220205675,-4.778436783,-130.900482664,-0.067446074,142.888053802,44.902019211,-0.000441100,-0.000857363,-0.000137632,-0.001159721,-0.000376577,0.000195894,0.001298094,0.000000000,0.000000000,0.000000000,0.000000000,0.000000000,0.000000000,0.000000000,-0.000356421,-0.000006301,0.000352777,0.000000027,-0.000124261,-0.000000084,0.000087705,0.000000000,0.000000000,0.000000000,0.000000000,0.000000000,0.000000000,0.000000000,0.269810510,0.047115103,-0.407700339,0.303062759,0.833452791,0.432780021,0.074799198
10.451000000,0,10.451000000,sample,0.215149863,-0.000005408,0.000000000,0.000000000,0.000000000,0.000000000,0.000000000,0,0,2.000000000,0.080000000,0.000000000,0.000000000,0.000703115,0.000000000,0.002178193,0.000000000,0.000000000,0.000000000,0.002385132,0.294790982,5,59.179618460,0,0.000000000,0.688378933,0.869166699,0.693829093,0.869401057,1.151436830,0.109772301,1.326286328,0.766448996,1.218414577,0.001406231,1.218414794,2.000000000,0.000000000,0.000000000,0.000000000,1.000000000,1.954216373,1.178863331,1.105474326,0.000000000,1.964552673,1.178863331,1.106595913,1,0,0,0.000000000,0.152171968,-0.241690473,0.626334546,0.861069144,-0.056801431,-0.103847375,5.312453634,12.220213025,-4.778558873,-130.900291244,-0.067158037,142.888053802,44.902019211,-0.000838329,-0.001051494,-0.000540462,0.000324660,-0.001834841,0.000173686,0.000293436,0.000000000,0.000000000,0.000000000,0.000000000,0.000000000,0.000000000,0.000000000,-0.000478180,-0.000008453,0.000473292,0.000000037,-0.000166710,-0.000000112,0.000117666,0.000000000,0.000000000,0.000000000,0.000000000,0.000000000,0.000000000,0.000000000,0.263045663,0.052102601,-0.410965096,0.307148464,0.833095697,0.432853034,0.074317600
10.501000000,0,10.501000000,sample,0.215150107,0.000004893,0.000000000,0.000000000,0.000000000,0.000000000,0.000000000,0,0,2.000000000,0.080000000,0.000000000,0.000000000,0.000056186,0.000000000,0.001546325,0.000000000,0.000000000,0.000000000,0.000904454,0.062120964,1,23.799697827,0,0.000000000,0.692510605,0.869235265,0.695962833,0.869283547,0.421329852,0.039618908,1.385890241,0.759622312,1.276770633,0.000112371,1.276770541,2.000000000,0.000000000,0.000000000,0.000000000,1.000000000,1.931261123,1.162701368,1.107483148,0.000000000,1.956361994,1.178764350,1.109054058,1,0,0,0.000000000,0.153618326,-0.245855209,0.628909822,0.861065782,-0.057102113,-0.104283334,5.312687159,12.220418459,-4.778341074,-130.900386955,-0.067195287,142.888053885,44.902060010,0.000441237,-0.000430074,0.000314416,-0.000251078,-0.000309804,0.000157547,0.000394571,0.000000000,0.000000000,0.000000000,0.000000000,0.000000000,0.000000000,0.000000000,-0.000038211,-0.000000675,0.000037820,0.000000003,-0.000013322,-0.000000009,0.000009403,0.000000000,0.000000000,0.000000000,0.000000000,0.000000000,0.000000000,0.000000000,0.273957811,0.042595087,-0.408399043,0.311222438,0.832229558,0.433430349,0.074394969
10.551000000,0,10.551000000,sample,0.215149890,-0.000004347,0.000000000,0.000000000,0.000000000,0.000000000,0.000000000,0,0,2.000000000,0.080000000,0.000000000,0.000000000,0.000438281,0.000000000,0.005052652,0.000000000,0.000000000,0.000000000,0.001793899,0.244317493,4,62.074629352,0,0.000000000,0.689906352,0.869008437,0.693597542,0.869217877,1.277032315,0.126414334,1.341205721,0.757716384,1.217767923,0.000876562,1.217769295,2.000000000,0.000000000,0.000000000,0.000000000,1.000000000,1.968798630,1.189171622,1.109542003,0.000000000,1.982539338,1.194718558,1.109542003,1,0,0,0.000000000,0.151789664,-0.245760568,0.626524074,0.860892331,-0.056823408,-0.103976724,5.312645053,12.220295145,-4.778345596,-130.900190973,-0.066926434,142.888013083,44.902105888,0.000234204,-0.000625241,0.000648439,0.001413367,-0.000283722,0.000090814,0.000515238,0.000000000,0.000000000,0.000000000,0.000000000,0.000000000,0.000000000,0.000000000,-0.000298069,-0.000005269,0.000295023,0.000000023,-0.000103918,-0.000000069,0.000073346,0.000000000,0.000000000,0.000000000,0.000000000,0.000000000,0.000000000,0.000000000,0.257700906,0.048128462,-0.413488633,0.318187554,0.833690649,0.435764594,0.072182422
10.601000000,0,10.601000000,sample,0.215149884,-0.000000116,0.000000000,0.000000000,0.000000000,0.000000000,0.000000000,0,0,2.000000000,0.080000000,0.000000000,0.000000000,0.001329315,0.000000000,0.004857554,0.000000000,0.000000000,0.000000000,0.001907338,0.696947750,7,45.489306521,0,0.000000000,0.691362997,0.869053008,0.694934088,0.869096736,0.466595235,0.097039031,1.405612758,0.761905660,1.307412446,0.002658630,1.307415370,2.000000000,0.000000000,0.000000000,0.000000000,1.000000000,1.925416993,1.202996249,1.116791494,0.000000000,1.973485785,1.218235269,1.120559602,1,0,0,0.000000000,0.152447484,-0.244463711,0.628474385,0.860910534,-0.056982217,-0.104111526,5.312645053,12.220488568,-4.778477480,-130.900237229,-0.066883123,142.888094684,44.901809388,0.000949282,0.000647768,-0.000684183,-0.000287681,0.000000133,0.000333854,-0.001286419,0.000000000,0.000000000,0.000000000,0.000000000,0.000000000,0.000000000,0.000000000,0.000904049,0.000015982,-0.000894808,-0.000000069,0.000315191,0.000000210,-0.000222465,0.000000000,0.000000000,0.000000000,0.000000000,0.000000000,0.000000000,0.000000000,0.208096295,0.043094746,-0.470636014,0.301214131,0.834543369,0.433746247,0.072355810
10.651000000,0,10.651000000,sample,0.215149812,-0.000001453,0.000000000,0.000000000,0.000000000,0.000000000,0.000000000,0,0,2.000000000,0.080000000,0.000000000,0.000000000,0.002069498,0.000000000,0.004298479,0.000000000,0.000000000,0.000000000,0.004842202,0.427387829,3,88.051891984,0,0.000000000,0.690041506,0.869013403,0.693446868,0.869099554,3.285227831,0.361742914,1.428366525,0.757446702,1.330666749,0.004138997,1.330666847,2.000000000,0.000000000,0.000000000,0.000000000,1.000000000,1.966697048,1.179222323,1.108768749,0.000000000,1.966697048,1.196865383,1.115321646,1,0,0,0.000000000,0.151509033,-0.246222247,0.626559572,0.860856833,-0.056816641,-0.104315275,5.312739253,12.220335765,-4.778396087,-130.900141346,-0.066845883,142.888013086,44.901748592,0.001318198,0.000022196,0.004543728,0.000919266,0.000074469,0.000116955,-0.000446151,0.000000000,0.000000000,0.000000000,0.000000000,0.000000000,0.000000000,0.000000000,-0.001407439,-0.000024880,0.001393054,0.000000107,-0.000490687,-0.000000328,0.000346332,0.000000000,0.000000000,0.000000000,0.000000000,0.000000000,0.000000000,0.000000000,0.266193843,0.057809312,-0.417908071,0.303735635,0.832763454,0.435127190,0.073715180
10.701000000,0,10.701000000,sample,0.215149799,-0.000000255,0.000000000,0.000000000,0.000000000,0.000000000,0.000000000,0,0,2.000000000,0.080000000,0.000000000,0.000000000,0.000286517,0.000000000,0.002327659,0.000000000,0.000000000,0.000000000,0.001877552,0.152601291,7,51.746059628,0,0.000000000,0.688913304,0.868730066,0.694355519,0.869088964,0.966060637,0.171595486,1.333537416,0.753266548,1.200095713,0.000573034,1.200096824,2.000000000,0.000000000,0.000000000,0.000000000,1.000000000,1.937837274,1.166209803,1.103972596,0.000000000,1.972974184,1.212595176,1.118318535,1,0,0,0.000000000,0.151264480,-0.244367831,0.626102996,0.860675730,-0.056760142,-0.103477058,5.312547158,12.220296650,-4.778436783,-130.900127322,-0.066535205,142.888013086,44.902106554,-0.000514913,-0.000660597,-0.000298904,0.000851566,0.000406804,0.000139741,0.001350612,0.000000000,0.000000000,0.000000000,0.000000000,0.000000000,0.000000000,0.000000000,-0.000194856,-0.000003445,0.000192865,0.000000015,-0.000067934,-0.000000045,0.000047949,0.000000000,0.000000000,0.000000000,0.000000000,0.000000000,0.000000000,0.000000000,0.274974510,0.047299298,-0.399396241,0.305788381,0.832769929,0.434711360,0.073509699
10.751000000,0,10.751000000,sample,0.215149790,-0.000000170,0.000000000,0.000000000,0.000000000,0.000000000,0.000000000,0,0,2.000000000,0.080000000,0.000000000,0.000000000,0.000558407,0.000000000,0.001476410,0.000000000,0.000000000,0.000000000,0.001297205,0.430469390,1,41.020407441,0,0.000000000,0.689829875,0.868799861,0.692853088,0.868970817,0.504183459,0.043960964,1.403354731,0.759855426,1.295731005,0.001116814,1.295731157,2.000000000,0.000000000,0.000000000,0.000000000,1.000000000,1.961336968,1.177322943,1.109187300,0.000000000,1.961336968,1.177322943,1.110289298,1,0,0,0.000000000,0.151686186,-0.244363108,0.627011346,0.860728894,-0.056895933,-0.103546234,5.312557634,12.220390873,-4.778436783,-130.900122597,-0.066608465,142.887966449,44.902106637,0.000830823,0.000673360,-0.000182856,0.000005092,-0.000088284,-0.000101033,0.000698281,0.000000000,0.000000000,0.000000000,0.000000000,0.000000000,0.000000000,0.000000000,0.000379765,0.000006713,-0.000375884,-0.000000029,0.000132401,0.000000088,-0.000093450,0.000000000,0.000000000,0.000000000,0.000000000,0.000000000,0.000000000,0.000000000,0.269141545,0.052249576,-0.410611528,0.309487780,0.834124924,0.435281535,0.074231817
10.801000000,0,10.801000000,sample,0.215149687,-0.000002058,0.000000000,0.000000000,0.000000000,0.000000000,0.000000000,0,0,2.000000000,0.080000000,0.000000000,0.000000000,0.000064011,0.000000000,0.001724477,0.000000000,0.000000000,0.000000000,0.000751039,0.085229622,3,37.821951792,0,0.000000000,0.688993346,0.868785738,0.692552981,0.868891773,0.483648252,0.050251992,1.370967303,0.757635892,1.262980433,0.000128022,1.262980065,2.000000000,0.000000000,0.000000000,0.000000000,1.000000000,1.916313569,1.160109566,1.106970123,0.000000000,1.971041812,1.177341373,1.111183739,1,0,0,0.000000000,0.150842878,-0.243776108,0.626523316,0.860716636,-0.056781401,-0.103592482,5.312490369,12.220410402,-4.778436783,-130.900033379,-0.066588117,142.888013083,44.901978412,-0.000407835,-0.000247502,-0.000461886,-0.000323315,0.000089692,-0.000072612,-0.000072698,0.000000000,0.000000000,0.000000000,0.000000000,0.000000000,0.000000000,0.000000000,0.000043533,0.000000770,-0.000043088,-0.000000003,0.000015177,0.000000010,-0.000010712,0.000000000,0.000000000,0.000000000,0.000000000,0.000000000,0.000000000,0.000000000,0.271771254,0.039712426,-0.406351050,0.306100136,0.834077590,0.435784797,0.074390035
10.851000000,0,10.851000000,sample,0.215149516,-0.000003424,0.000000000,0.000000000,0.000000000,0.000000000,0.000000000,0,0,2.000000000,0.080000000,0.000000000,0.000000000,0.000155760,0.000000000,0.004643653,0.000000000,0.000000000,0.000000000,0.002243723,0.069420460,1,41.889908026,0,0.000000000,0.685766334,0.868658836,0.691614763,0.868857421,1.421576630,0.097557502,1.324878310,0.757501209,1.210132560,0.000311521,1.210132621,2.000000000,0.000000000,0.000000000,0.000000000,1.000000000,1.945610181,1.173251404,1.109157600,0.000000000,1.945610181,1.175356186,1.111023635,1,0,0,0.000000000,0.149399132,-0.241129275,0.624349291,0.860624164,-0.056490745,-0.103455386,5.312296880,12.220254072,-4.778548444,-130.899936076,-0.066422986,142.888053802,44.901681162,-0.001452191,-0.000287159,-0.000933587,0.000700016,0.000030353,0.000238228,-0.001193184,0.000000000,0.000000000,0.000000000,0.000000000,0.000000000,0.000000000,0.000000000,-0.000105931,-0.000001873,0.000104848,0.000000008,-0.000036931,-0.000000024,0.000026066,0.000000000,0.000000000,0.000000000,0.000000000,0.000000000,0.000000000,0.000000000,0.270026513,0.047486508,-0.411728215,0.309933345,0.834270915,0.433653094,0.073617448
10.901000000,0,10.901000000,sample,0.215149324,-0.000003845,0.000000000,0.000000000,0.000000000,0.000000000,0.000000000,0,0,2.000000000,0.080000000,0.000000000,0.000000000,0.000268237,0.000000000,0.003240349,0.000000000,0.000000000,0.000000000,0.001309473,0.204843386,3,38.498678845,0,0.000000000,0.686637861,0.868605578,0.690324587,0.868782082,0.765090343,0.058559431,1.353802759,0.759629736,1.237688794,0.000536474,1.237689087,2.000000000,0.000000000,0.000000000,0.000000000,1.000000000,1.965039991,1.176581981,1.109393745,0.000000000,1.973402306,1.185360370,1.111280540,1,0,0,0.000000000,0.148737987,-0.241452563,0.625339286,0.860590724,-0.056562366,-0.103247060,5.312325517,12.220486580,-4.778548444,-130.899758547,-0.066333807,142.888033970,44.901850187,-0.000421628,0.000367921,-0.000812493,0.000636660,-0.000224331,0.000413032,-0.000339388,0.000000000,0.000000000,0.000000000,0.000000000,0.000000000,0.000000000,0.000000000,0.000182424,0.000003225,-0.000180560,-0.000000014,0.000063601,0.000000042,-0.000044890,0.000000000,0.000000000,0.000000000,0.000000000,0.000000000,0.000000000,0.000000000,0.278288713,0.050419427,-0.403850308,0.315475244,0.833649623,0.433537847,0.072258531
10.951000000,0,10.951000000,sample,0.215149137,-0.000003744,0.000000000,0.000000000,0.000000000,0.000000000,0.000000000,0,0,2.000000000,0.080000000,0.000000000,0.000000000,0.000975376,0.000000000,0.003777143,0.000000000,0.000000000,0.000000000,0.001985524,0.491243355,1,85.432518325,0,0.000000000,0.684618130,0.868537073,0.691970341,0.868776123,1.118288297,0.125248466,1.335629797,0.754071953,1.221055380,0.001950751,1.221055977,2.000000000,0.000000000,0.000000000,0.000000000,1.000000000,1.947009208,1.186035966,1.106777755,0.000000000,1.969278969,1.209878805,1.116001526,1,0,0,0.000000000,0.146847717,-0.243513120,0.622767286,0.860515082,-0.056254377,-0.103469252,5.312456911,12.220340480,-4.778477647,-130.899567771,-0.066258037,142.888006327,44.901768589,-0.001835215,-0.000484899,-0.000222158,0.000182708,0.000383111,-0.000239753,-0.000228422,0.000000000,0.000000000,0.000000000,0.000000000,0.000000000,0.000000000,0.000000000,-0.000663340,-0.000011726,0.000656561,0.000000050,-0.000231266,-0.000000153,0.000163230,0.000000000,0.000000000,0.000000000,0.000000000,0.000000000,0.000000000,0.000000000,0.254933505,0.043334692,-0.412731226,0.315662976,0.833810157,0.433277608,0.071616808
11.001000000,0,11.001000000,sample,0.215148348,-0.000015775,0.000000000,0.000000000,0.000000000,0.000000000,0.000000000,0,0,2.000000000,0.080000000,0.000000000,0.000000000,0.000073627,0.000000000,0.004629009,0.000000000,0.000000000,0.000000000,0.002229760,0.033020093,4,62.815903974,0,0.000000000,0.679191318,0.868489516,0.689663330,0.868643628,1.254054322,0.152903348,1.325610926,0.757471433,1.214038520,0.000147254,1.214039362,2.000000000,0.000000000,0.000000000,0.000000000,1.000000000,1.999402641,1.182353605,1.101205787,0.000000000,2.002775431,1.203918046,1.115255951,1,0,0,0.000000000,0.141004295,-0.244095679,0.617928745,0.860503202,-0.055548421,-0.103550238,5.312364700,12.220335913,-4.778341074,-130.898843971,-0.066298836,142.887986427,44.901768588,0.000278155,-0.000235915,0.000679500,0.001767229,0.000061215,-0.000231962,-0.001093814,0.000000000,0.000000000,0.000000000,0.000000000,0.000000000,0.000000000,0.000000000,-0.000050073,-0.000000885,0.000049561,0.000000004,-0.000017457,-0.000000012,0.000012321,0.000000000,0.000000000,0.000000000,0.000000000,0.000000000,0.000000000,0.000000000,0.287307308,0.072935069,-0.390881281,0.301797284,0.832231254,0.427432207,0.074914904
11.051000000,0,11.051000000,sample,0.215143436,-0.000098241,0.000000000,0.000000000,0.000000000,0.000000000,0.000000000,0,0,2.000000000,0.080000000,0.000000000,0.000000000,0.000047785,0.000000000,0.001381582,0.000000000,0.000000000,0.000000000,0.003506247,0.013628444,4,89.381840322,0,0.000000000,0.646888449,0.868013085,0.683474323,0.868541224,2.216582486,0.218493704,1.230197131,0.754966008,1.101966360,0.000095569,1.101970293,2.000000000,0.000000000,0.000000000,0.000000000,1.000000000,1.981781485,1.186326626,1.100662282,0.000000000,2.026774612,1.199194607,1.114676740,1,0,0,0.000000000,0.107258399,-0.244613317,0.589172832,0.860310590,-0.051398644,-0.103298517,5.312299110,12.220201504,-4.778341074,-130.894710018,-0.066067395,142.887868437,44.901809388,0.000404882,-0.000351531,0.000614040,0.003314875,0.000290964,-0.000177734,-0.000724275,0.000000000,0.000000000,0.000000000,0.000000000,0.000000000,0.000000000,0.000000000,0.000032498,0.000000574,-0.000032166,-0.000000002,0.000011330,0.000000007,-0.000007997,0.000000000,0.000000000,0.000000000,0.000000000,0.000000000,0.000000000,0.000000000,0.278180485,0.062361120,-0.400128543,0.312732417,0.830675172,0.420678188,0.072721190
11.101000000,0,11.101000000,sample,0.215142976,-0.000009192,0.000000000,0.000000000,0.000000000,0.000000000,0.000000000,0,0,2.000000000,0.080000000,0.000000000,0.000000000,0.000478598,0.000000000,0.002252070,0.000000000,0.000000000,0.000000000,0.001694465,0.282447671,7,52.942124011,0,0.000000000,0.644912942,0.868132665,0.650500898,0.868210542,0.526899145,0.070815744,1.296188633,0.760787222,1.204591754,0.000957196,1.204592005,2.000000000,0.000000000,0.000000000,0.000000000,1.000000000,2.001406616,1.197679798,1.103596980,0.000000000,2.001406616,1.198102479,1.111263887,1,0,0,0.000000000,0.105047644,-0.243049658,0.588051493,0.860448088,-0.051156720,-0.103278276,5.312359599,12.220295671,-4.778548444,-130.894430800,-0.066214914,142.887922271,44.901809388,-0.000150250,0.000655018,-0.000589159,0.000288915,-0.000126048,-0.000673082,-0.001232916,0.000000000,0.000000000,0.000000000,0.000000000,0.000000000,0.000000000,0.000000000,0.000325486,0.000005754,-0.000322165,-0.000000025,0.000113476,0.000000075,-0.000080092,0.000000000,0.000000000,0.000000000,0.000000000,0.000000000,0.000000000,0.000000000,0.273821442,0.062512136,-0.402857070,0.321507781,0.831397406,0.420696099,0.071919526
11.151000000,0,11.151000000,sample,0.215143104,0.000002559,0.000000000,0.000000000,0.000000000,0.000000000,0.000000000,0,0,2.000000000,0.080000000,0.000000000,0.000000000,0.000289453,0.000000000,0.001972162,0.000000000,0.000000000,0.000000000,0.000776055,0.372979660,5,27.873067450,0,0.000000000,0.649903383,0.868121636,0.650498923,0.868210524,0.228798742,0.067373653,1.309658348,0.761099408,1.212230447,0.000578906,1.212230629,2.000000000,0.000000000,0.000000000,0.000000000,1.000000000,1.898304258,1.163007939,1.100901296,0.000000000,2.018397175,1.205207486,1.104811102,1,0,0,0.000000000,0.107166773,-0.243903111,0.592790826,0.860404499,-0.051772737,-0.103241744,5.312339241,12.220766886,-4.778436839,-130.894458437,-0.066106760,142.887803941,44.901850187,0.000376987,0.000161069,-0.000095070,-0.000079782,-0.000409718,-0.000321165,-0.000384422,0.000000000,0.000000000,0.000000000,0.000000000,0.000000000,0.000000000,0.000000000,0.000196851,0.000003480,-0.000194842,-0.000000015,0.000068632,0.000000045,-0.000048441,0.000000000,0.000000000,0.000000000,0.000000000,0.000000000,0.000000000,0.000000000,0.274562633,0.032329003,-0.400296140,0.316422804,0.832093251,0.421556979,0.071442325
11.201000000,0,11.201000000,sample,0.215142875,-0.000004596,0.000000000,0.000000000,0.000000000,0.000000000,0.000000000,0,0,2.000000000,0.080000000,0.000000000,0.000000000,0.000512682,0.000000000,0.001483322,0.000000000,0.000000000,0.000000000,0.000954669,0.537025659,6,35.376477394,0,0.000000000,0.643039216,0.867916409,0.649298940,0.868122475,0.233826938,0.051271777,1.295277765,0.757063023,1.197962956,0.001025363,1.197963490,2.000000000,0.000000000,0.000000000,0.000000000,1.000000000,1.940407024,1.172208071,1.100027561,0.000000000,1.940407024,1.175992195,1.101304489,1,0,0,0.000000000,0.103587607,-0.243161925,0.586209279,0.860282067,-0.050984326,-0.102928399,5.312128081,12.220217561,-4.778341075,-130.894235231,-0.066024190,142.887823369,44.901978412,-0.000345813,0.000101343,0.000542106,-0.000040699,0.000084793,-0.000567819,-0.000395464,0.000000000,0.000000000,0.000000000,0.000000000,0.000000000,0.000000000,0.000000000,-0.000348666,-0.000006163,0.000345108,0.000000026,-0.000121557,-0.000000080,0.000085795,0.000000000,0.000000000,0.000000000,0.000000000,0.000000000,0.000000000,0.000000000,0.275516217,0.051908486,-0.404310499,0.308716684,0.831034739,0.420231182,0.073966243
11.251000000,0,11.251000000,sample,0.215142896,0.000000430,0.000000000,0.000000000,0.000000000,0.000000000,0.000000000,0,0,2.000000000,0.080000000,0.000000000,0.000000000,0.000856285,0.000000000,0.003600558,0.000000000,0.000000000,0.000000000,0.001612441,0.531048670,2,46.126134820,0,0.000000000,0.649362964,0.867900498,0.650699503,0.868077588,0.417210637,0.060095947,1.313605029,0.757940367,1.198445427,0.001712570,1.198446006,2.000000000,0.000000000,0.000000000,0.000000000,1.000000000,1.910614454,1.165841270,1.098077314,0.000000000,1.979839212,1.189391599,1.103411169,1,0,0,0.000000000,0.104883267,-0.243806744,0.592646633,0.860225665,-0.051494580,-0.103011591,5.312196721,12.220970779,-4.778341074,-130.894204854,-0.065820644,142.888033721,44.901809388,-0.000644986,0.001095109,0.000396610,0.000519875,-0.000182377,-0.000070452,0.000720348,0.000000000,0.000000000,0.000000000,0.000000000,0.000000000,0.000000000,0.000000000,-0.000582342,-0.000010295,0.000576399,0.000000044,-0.000203037,-0.000000133,0.000143304,0.000000000,0.000000000,0.000000000,0.000000000,0.000000000,0.000000000,0.000000000,0.271627920,0.050510860,-0.411206185,0.296260068,0.831586283,0.419136583,0.073273031
11.301000000,0,11.301000000,sample,0.215142683,-0.000004261,0.000000000,0.000000000,0.000000000,0.000000000,0.000000000,0,0,2.000000000,0.080000000,0.000000000,0.000000000,0.000087700,0.000000000,0.000998335,0.000000000,0.000000000,0.000000000,0.001089939,0.080463064,2,56.614285976,0,0.000000000,0.641287675,0.867866306,0.649638218,0.868099914,0.764636954,0.075472042,1.261384815,0.754239306,1.144898623,0.000175400,1.144898703,2.000000000,0.000000000,0.000000000,0.000000000,1.000000000,1.888202789,1.158259580,1.097645167,0.000000000,1.911165605,1.164724525,1.097645167,1,0,0,0.000000000,0.101633492,-0.245057946,0.583838263,0.860243465,-0.050621755,-0.103007495,5.312320039,12.220088359,-4.778341074,-130.894075776,-0.065983269,142.887895452,44.902060010,0.000239189,-0.000820097,0.000391552,0.000361009,0.000295646,0.000090355,0.000281044,0.000000000,0.000000000,0.000000000,0.000000000,0.000000000,0.000000000,0.000000000,-0.000059643,-0.000001054,0.000059035,0.000000004,-0.000020793,-0.000000014,0.000014676,0.000000000,0.000000000,0.000000000,0.000000000,0.000000000,0.000000000,0.000000000,0.272178387,0.038280678,-0.406025287,0.303854190,0.831179294,0.419396928,0.073087105
11.351000000,0,11.351000000,sample,0.215142786,0.000002056,0.000000000,0.000000000,0.000000000,0.000000000,0.000000000,0,0,2.000000000,0.080000000,0.000000000,0.000000000,0.001180243,0.000000000,0.004197564,0.000000000,0.000000000,0.000000000,0.001767681,0.667678625,3,41.282864258,0,0.000000000,0.647381857,0.867826112,0.647381857,0.868036462,0.635159118,0.058599707,1.325004454,0.758280743,1.217195048,0.002360486,1.217196791,2.000000000,0.000000000,0.000000000,0.000000000,1.000000000,1.947457446,1.174555330,1.100551845,0.000000000,1.974488007,1.219750987,1.110992390,1,0,0,0.000000000,0.103920034,-0.244684536,0.590282452,0.860185796,-0.051354308,-0.102787608,5.312183073,12.220776251,-4.778245366,-130.894075774,-0.065814975,142.887849222,44.902106637,-0.000364171,0.001024451,0.001135766,0.000252889,-0.000276269,-0.000204128,0.000686051,0.000000000,0.000000000,0.000000000,0.000000000,0.000000000,0.000000000,0.000000000,-0.000802660,-0.000014189,0.000794470,0.000000060,-0.000279847,-0.000000184,0.000197516,0.000000000,0.000000000,0.000000000,0.000000000,0.000000000,0.000000000,0.000000000,0.278258742,0.059370872,-0.407705544,0.300974311,0.831752543,0.419866932,0.073155017
11.401000000,0,11.401000000,sample,0.215142599,-0.000003743,0.000000000,0.000000000,0.000000000,0.000000000,0.000000000,0,0,2.000000000,0.080000000,0.000000000,0.000000000,0.000551458,0.000000000,0.001478793,0.000000000,0.000000000,0.000000000,0.001682480,0.327764898,7,59.282387819,0,0.000000000,0.643229056,0.867858758,0.648178256,0.867996154,0.759542613,0.114136707,1.259806538,0.757403081,1.147361487,0.001102915,1.147362636,2.000000000,0.000000000,0.000000000,0.000000000,1.000000000,1.893887102,1.160743194,1.097959059,0.000000000,1.945873983,1.174792961,1.100317882,1,0,0,0.000000000,0.100979495,-0.244698602,0.586233191,0.860218491,-0.050624239,-0.103151137,5.312278782,12.220462628,-4.778341075,-130.893980065,-0.065892583,142.888172838,44.901809388,0.000264809,-0.000260640,-0.000188650,0.000912991,0.000129536,0.000358651,-0.001295426,0.000000000,0.000000000,0.000000000,0.000000000,0.000000000,0.000000000,0.000000000,0.000375036,0.000006630,-0.000371209,-0.000000028,0.000130754,0.000000086,-0.000092286,0.000000000,0.000000000,0.000000000,0.000000000,0.000000000,0.000000000,0.000000000,0.267716249,0.043872897,-0.413734153,0.298177699,0.831026972,0.419214870,0.074057067
11.451000000,0,11.451000000,sample,0.215142659,0.000001213,0.000000000,0.000000000,0.000000000,0.000000000,0.000000000,0,0,2.000000000,0.080000000,0.000000000,0.000000000,0.001002169,0.000000000,0.003932829,0.000000000,0.000000000,0.000000000,0.001266420,0.791340366,1,48.597117138,0,0.000000000,0.642573476,0.867774982,0.645538282,0.867934101,0.305695882,0.031886736,1.280544410,0.759260257,1.176466643,0.002004338,1.176468491,2.000000000,0.000000000,0.000000000,0.000000000,1.000000000,1.973751625,1.194301730,1.100864863,0.000000000,1.983280977,1.196340054,1.101156335,1,0,0,0.000000000,0.102064668,-0.242050361,0.586425697,0.860194833,-0.050793516,-0.102558697,5.312087364,12.220391431,-4.778436783,-130.894075774,-0.065825289,142.888025781,44.902060010,-0.000882842,0.000201728,0.000353746,0.000322655,-0.000536566,-0.000461443,0.000231603,0.000000000,0.000000000,0.000000000,0.000000000,0.000000000,0.000000000,0.000000000,-0.000681557,-0.000012048,0.000674603,0.000000051,-0.000237618,-0.000000156,0.000167711,0.000000000,0.000000000,0.000000000,0.000000000,0.000000000,0.000000000,0.000000000,0.257886963,0.061971457,-0.419009620,0.310332929,0.830566229,0.417522643,0.074271752
11.501000000,0,11.501000000,sample,0.215142945,0.000005704,0.000000000,0.000000000,0.000000000,0.000000000,0.000000000,0,0,2.000000000,0.080000000,0.000000000,0.000000000,0.000476752,0.000000000,0.001929097,0.000000000,0.000000000,0.000000000,0.001498520,0.318148509,2,40.062401735,0,0.000000000,0.644965319,0.867781270,0.647881790,0.867925730,0.568326998,0.054228966,1.293044540,0.756018293,1.195422514,0.000953504,1.195422573,2.000000000,0.000000000,0.000000000,0.000000000,1.000000000,1.907966011,1.164830528,1.097051241,0.000000000,1.984507189,1.197415597,1.101051667,1,0,0,0.000000000,0.104168630,-0.244790792,0.587542873,0.860128068,-0.051120336,-0.103008500,5.312278782,12.220341373,-4.778341074,-130.894267192,-0.065749519,142.887842557,44.901830327,0.000039798,-0.000948486,0.000789904,-0.000720091,0.000067110,-0.000421643,-0.000139949,0.000000000,0.000000000,0.000000000,0.000000000,0.000000000,0.000000000,0.000000000,-0.000324230,-0.000005732,0.000320922,0.000000024,-0.000113039,-0.000000074,0.000079783,0.000000000,0.000000000,0.000000000,0.000000000,0.000000000,0.000000000,0.000000000,0.269625453,0.045545938,-0.408782116,0.302794591,0.830067750,0.419020603,0.073287038
11.551000000,0,11.551000000,sample,0.215142533,-0.000008228,0.000000000,0.000000000,0.000000000,0.000000000,0.000000000,0,0,2.000000000,0.080000000,0.000000000,0.000000000,0.000322237,0.000000000,0.001412517,0.000000000,0.000000000,0.000000000,0.006464031,0.049850783,4,98.442830496,0,0.000000000,0.643544940,0.867728917,0.645851768,0.867843901,3.585052919,0.322596456,1.168226105,0.755373996,1.005225103,0.000644474,1.005243034,2.000000000,0.000000000,0.000000000,0.000000000,1.000000000,1.953915390,1.183951681,1.095884582,0.000000000,1.954155602,1.183951681,1.097209734,1,0,0,0.000000000,0.102144375,-0.243029229,0.587071896,0.860137142,-0.050977582,-0.102561475,5.312183073,12.220517732,-4.778436783,-130.893957384,-0.065708720,142.887848140,44.902060010,-0.000060555,0.000517645,-0.000503910,0.006413505,0.000136738,-0.000315193,0.000083972,0.000000000,0.000000000,0.000000000,0.000000000,0.000000000,0.000000000,0.000000000,0.000219147,0.000003874,-0.000216911,-0.000000016,0.000076404,0.000000050,-0.000053926,0.000000000,0.000000000,0.000000000,0.000000000,0.000000000,0.000000000,0.000000000,0.268525752,0.061235336,-0.407153490,0.301176756,0.829657412,0.418594288,0.071226189
11.601000000,0,11.601000000,sample,0.215142723,0.000003794,0.000000000,0.000000000,0.000000000,0.000000000,0.000000000,0,0,2.000000000,0.080000000,0.000000000,0.000000000,0.000104050,0.000000000,0.001316894,0.000000000,0.000000000,0.000000000,0.001761648,0.059063799,2,32.182806323,0,0.000000000,0.646071820,0.867793727,0.648307914,0.867895940,1.118386074,0.086163869,1.336708306,0.758446708,1.228102318,0.000208099,1.228101190,2.000000000,0.000000000,0.000000000,0.000000000,1.000000000,1.896466849,1.166109004,1.093981424,0.000000000,1.984799688,1.194196042,1.098476852,1,0,0,0.000000000,0.103118185,-0.245515315,0.588640524,0.860153481,-0.051108611,-0.102906999,5.312374491,12.220613956,-4.778354640,-130.894075774,-0.065749518,142.887931390,44.902019211,0.000892836,0.000999381,0.000924347,-0.000098383,-0.000062535,0.000416656,0.000515631,0.000000000,0.000000000,0.000000000,0.000000000,0.000000000,0.000000000,0.000000000,-0.000070762,-0.000001251,0.000070040,0.000000005,-0.000024671,-0.000000016,0.000017413,0.000000000,0.000000000,0.000000000,0.000000000,0.000000000,0.000000000,0.000000000,0.274806553,0.042146559,-0.399124004,0.302205294,0.830464635,0.417711769,0.068685801
11.651000000,0,11.651000000,sample,0.215142895,0.000003436,0.000000000,0.000000000,0.000000000,0.000000000,0.000000000,0,0,2.000000000,0.080000000,0.000000000,0.000000000,0.000060177,0.000000000,0.001509030,0.000000000,0.000000000,0.000000000,0.001508588,0.039889436,2,47.182775233,0,0.000000000,0.643567647,0.867696813,0.648099095,0.867856146,1.121630158,0.131501866,1.333785557,0.758123706,1.236636300,0.000120353,1.236637309,2.000000000,0.000000000,0.000000000,0.000000000,1.000000000,1.939315416,1.181999921,1.095534249,0.000000000,1.939315416,1.181999921,1.095985624,1,0,0,0.000000000,0.103859905,-0.242412516,0.587050771,0.860103165,-0.051032266,-0.102547614,5.312113596,12.220296654,-4.778436784,-130.894267192,-0.065681702,142.887884451,44.901978412,0.000073265,0.001036245,-0.000084735,-0.000880638,0.000144724,-0.000284794,0.000558490,0.000000000,0.000000000,0.000000000,0.000000000,0.000000000,0.000000000,0.000000000,0.000040925,0.000000723,-0.000040508,-0.000000003,0.000014268,0.000000009,-0.000010070,0.000000000,0.000000000,0.000000000,0.000000000,0.000000000,0.000000000,0.000000000,0.270047162,0.055043054,-0.401970389,0.303830776,0.831460602,0.417110112,0.070987125
11.703000000,0,11.703000000,sample,0.215142786,-0.000002088,0.000000000,0.000000000,0.000000000,0.000000000,0.000000000,0,0,2.000000000,0.080000000,0.000000000,0.000000000,0.000565406,0.000000000,0.004680265,0.000000000,0.000000000,0.000000000,0.001226450,0.461010184,2,46.255480918,0,0.000000000,0.644544498,0.867723373,0.649559646,0.867832231,0.380129099,0.066379433,1.270653667,0.753855633,1.158560618,0.001130812,1.158560551,2.000000000,0.000000000,0.000000000,0.000000000,1.000000000,1.891510434,1.166802847,1.099476120,0.000000000,1.958523449,1.193913860,1.102141335,1,0,0,0.000000000,0.103391627,-0.241987457,0.588379003,0.860133007,-0.051065380,-0.102505559,5.312073767,12.220529355,-4.778436783,-130.894167098,-0.065699343,142.887983094,44.901998548,-0.000614863,-0.000834125,0.000200803,-0.000219652,0.000286562,-0.000291358,0.000418068,0.000000000,0.000000000,0.000000000,0.000000000,0.000000000,0.000000000,0.000000000,-0.000384522,-0.000006798,0.000380598,0.000000029,-0.000134061,-0.000000088,0.000094620,0.000000000,0.000000000,0.000000000,0.000000000,0.000000000,0.000000000,0.000000000,0.256476355,0.040425320,-0.422543473,0.302052360,0.831223545,0.418565352,0.074332100
11.751000000,0,11.751000000,sample,0.215142796,0.000000201,0.000000000,0.000000000,0.000000000,0.000000000,0.000000000,0,0,2.000000000,0.080000000,0.000000000,0.000000000,0.000224171,0.000000000,0.001446676,0.000000000,0.000000000,0.000000000,0.001157036,0.193745836,4,51.969605469,0,0.000000000,0.642834242,0.867580619,0.648359009,0.867833105,0.417880222,0.032689117,1.294615083,0.755396152,1.192699294,0.000448342,1.192699289,2.000000000,0.000000000,0.000000000,0.000000000,1.000000000,1.919009571,1.169697775,1.098424512,0.000000000,1.922157195,1.172165543,1.100012454,1,0,0,0.000000000,0.102991124,-0.243268902,0.586045162,0.859987406,-0.050905262,-0.102598468,5.312182903,12.220255325,-4.778436783,-130.894171465,-0.065497444,142.887875103,44.901850187,-0.000451655,-0.000201247,0.000115697,-0.000834106,0.000329397,0.000133581,-0.000508698,0.000000000,0.000000000,0.000000000,0.000000000,0.000000000,0.000000000,0.000000000,-0.000152455,-0.000002695,0.000150899,0.000000011,-0.000053151,-0.000000035,0.000037514,0.000000000,0.000000000,0.000000000,0.000000000,0.000000000,0.000000000,0.000000000,0.265617244,0.047124183,-0.411424358,0.306156212,0.830696376,0.418407037,0.075104287
11.801000000,0,11.801000000,sample,0.215142787,-0.000000172,0.000000000,0.000000000,0.000000000,0.000000000,0.000000000,0,0,2.000000000,0.080000000,0.000000000,0.000000000,0.000216847,0.000000000,0.001972314,0.000000000,0.000000000,0.000000000,0.000627364,0.345648153,2,30.605005424,0,0.000000000,0.644542133,0.867751988,0.649372737,0.867770576,0.381187818,0.058752094,1.277720562,0.757888024,1.168318870,0.000433695,1.168318999,2.000000000,0.000000000,0.000000000,0.000000000,1.000000000,1.936025586,1.177787265,1.096424218,0.000000000,1.967939000,1.184662071,1.099005315,1,0,0,0.000000000,0.103453582,-0.243404954,0.587780525,0.860122267,-0.051062991,-0.102838560,5.312224161,12.220449564,-4.778436790,-130.894171429,-0.065692939,142.887911263,44.901809388,-0.000000322,-0.000347069,0.000291657,0.000213716,-0.000224763,0.000206433,-0.000221942,0.000000000,0.000000000,0.000000000,0.000000000,0.000000000,0.000000000,0.000000000,-0.000147474,-0.000002607,0.000145969,0.000000011,-0.000051416,-0.000000034,0.000036289,0.000000000,0.000000000,0.000000000,0.000000000,0.000000000,0.000000000,0.000000000,0.268177657,0.050145727,-0.399386489,0.309158439,0.831823589,0.418563208,0.074148940
11.851000000,0,11.851000000,sample,0.215142863,0.000001512,0.000000000,0.000000000,0.000000000,0.000000000,0.000000000,0,0,2.000000000,0.080000000,0.000000000,0.000000000,0.000736073,0.000000000,0.001705975,0.000000000,0.000000000,0.000000000,0.001481710,0.496772651,1,86.603550912,0,0.000000000,0.645843697,0.867624265,0.649452275,0.867764850,0.936288945,0.111795564,1.310730017,0.758511975,1.211896632,0.001472146,1.211897245,2.000000000,0.000000000,0.000000000,0.000000000,1.000000000,1.902232002,1.164421448,1.096144899,0.000000000,1.937121170,1.179823360,1.096887321,1,0,0,0.000000000,0.103811226,-0.245761873,0.588165293,0.859974266,-0.051159884,-0.102950439,5.312356193,12.220477684,-4.778341074,-130.894171483,-0.065474874,142.887842829,44.901748323,0.001378894,-0.000193212,0.000354287,-0.000197764,0.000006925,-0.000204670,-0.000224088,0.000000000,0.000000000,0.000000000,0.000000000,0.000000000,0.000000000,0.000000000,0.000500589,0.000008849,-0.000495482,-0.000000037,0.000174526,0.000000114,-0.000123181,0.000000000,0.000000000,0.000000000,0.000000000,0.000000000,0.000000000,0.000000000,0.274380321,0.043076063,-0.401823656,0.304564383,0.831246576,0.417089512,0.072369096
11.901000000,0,11.901000000,sample,0.215142856,-0.000000134,0.000000000,0.000000000,0.000000000,0.000000000,0.000000000,0,0,2.000000000,0.080000000,0.000000000,0.000000000,0.000887950,0.000000000,0.001733169,0.000000000,0.000000000,0.000000000,0.001406216,0.631446690,3,44.658113316,0,0.000000000,0.646093367,0.867605214,0.646093367,0.867709872,0.644426896,0.044718436,1.321230562,0.756784959,1.212382658,0.001775901,1.212384316,2.000000000,0.000000000,0.000000000,0.000000000,1.000000000,1.949449210,1.174723548,1.097313465,0.000000000,1.968820210,1.187992780,1.098858628,1,0,0,0.000000000,0.104054860,-0.243580214,0.589302897,0.860010427,-0.051251105,-0.102441191,5.312142561,12.220608394,-4.778354640,-130.894169480,-0.065509835,142.887877888,44.902060010,-0.000158824,0.000498419,0.000939728,-0.000402465,-0.000084555,0.000128937,0.000796841,0.000000000,0.000000000,0.000000000,0.000000000,0.000000000,0.000000000,0.000000000,-0.000603878,-0.000010675,0.000597716,0.000000045,-0.000210540,-0.000000138,0.000148599,0.000000000,0.000000000,0.000000000,0.000000000,0.000000000,0.000000000,0.000000000,0.276978878,0.056211263,-0.399176956,0.306551139,0.830071178,0.420142543,0.073253497
11.951000000,0,11.951000000,sample,0.215142929,0.000001466,0.000000000,0.000000000,0.000000000,0.000000000,0.000000000,0,0,2.000000000,0.080000000,0.000000000,0.000000000,0.000621161,0.000000000,0.002764097,0.000000000,0.000000000,0.000000000,0.001524900,0.407345560,4,47.607539866,0,0.000000000,0.644082893,0.867514617,0.648177875,0.867699239,0.732602784,0.078941611,1.319389227,0.756464769,1.221622367,0.001242322,1.221623978,2.000000000,0.000000000,0.000000000,0.000000000,1.000000000,1.885914137,1.155307011,1.092775927,0.000000000,1.954280590,1.182422986,1.097447632,1,0,0,0.000000000,0.103114102,-0.242892490,0.587548716,0.859938943,-0.050845170,-0.102476305,5.312136018,12.220397558,-4.778436784,-130.894267192,-0.065399095,142.888172742,44.901850187,0.000546893,0.000178171,-0.000010306,-0.001052154,0.000462552,0.000257636,-0.000779114,0.000000000,0.000000000,0.000000000,0.000000000,0.000000000,0.000000000,0.000000000,0.000422440,0.000007468,-0.000418130,-0.000000032,0.000147280,0.000000096,-0.000103950,0.000000000,0.000000000,0.000000000,0.000000000,0.000000000,0.000000000,0.000000000,0.274742661,0.042040805,-0.401668344,0.297685121,0.828731272,0.418320134,0.071882693
12.001000000,0,12.001000000,sample,0.215142616,-0.000006260,0.000000000,0.000000000,0.000000000,0.000000000,0.000000000,0,0,2.000000000,0.080000000,0.000000000,0.000000000,0.000617958,0.000000000,0.001084689,0.000000000,0.000000000,0.000000000,0.001641572,0.376442766,2,42.315680661,0,0.000000000,0.643965497,0.867563259,0.646494909,0.867661449,0.637743088,0.027895764,1.301491316,0.759148741,1.194112943,0.001235916,1.194113198,2.000000000,0.000000000,0.000000000,0.000000000,1.000000000,1.950852904,1.178214486,1.099824035,0.000000000,1.958043243,1.181461619,1.099824035,1,0,0,0.000000000,0.102931332,-0.240498605,0.588436167,0.859991056,-0.051096758,-0.102325526,5.312000035,12.220609054,-4.778548444,-130.894053093,-0.065413828,142.887918231,44.901768589,-0.000045487,0.001067851,-0.000718467,0.000123919,0.000031530,0.000520016,-0.000865692,0.000000000,0.000000000,0.000000000,0.000000000,0.000000000,0.000000000,0.000000000,0.000420261,0.000007430,-0.000415973,-0.000000031,0.000146522,0.000000096,-0.000103415,0.000000000,0.000000000,0.000000000,0.000000000,0.000000000,0.000000000,0.000000000,0.275291073,0.053262976,-0.405291130,0.312585215,0.829862904,0.418545072,0.071888485
12.051000000,0,12.051000000,sample,0.215142379,-0.000004754,0.000000000,0.000000000,0.000000000,0.000000000,0.000000000,0,0,2.000000000,0.080000000,0.000000000,0.000000000,0.000468535,0.000000000,0.001307243,0.000000000,0.000000000,0.000000000,0.001436478,0.326169369,7,60.946101566,0,0.000000000,0.642127178,0.867556863,0.646610613,0.867641127,0.289304684,0.061408365,1.276812999,0.756550462,1.157026077,0.000937070,1.157026491,2.000000000,0.000000000,0.000000000,0.000000000,1.000000000,1.907716432,1.159041941,1.095293400,0.000000000,1.967826924,1.188952361,1.099680266,1,0,0,0.000000000,0.101079914,-0.241390284,0.586379480,0.860018941,-0.050809105,-0.102180066,5.312095782,12.220527222,-4.778548444,-130.893861619,-0.065474835,142.887929182,44.902060010,0.000551115,0.000112379,-0.000401462,0.000567002,0.000041545,-0.000071556,0.001121429,0.000000000,0.000000000,0.000000000,0.000000000,0.000000000,0.000000000,0.000000000,0.000318642,0.000005633,-0.000315391,-0.000000024,0.000111092,0.000000073,-0.000078409,0.000000000,0.000000000,0.000000000,0.000000000,0.000000000,0.000000000,0.000000000,0.278139562,0.045151673,-0.398304695,0.303596101,0.829615266,0.419233988,0.073698672
12.103000000,0,12.103000000,sample,0.215142725,0.000006661,0.000000000,0.000000000,0.000000000,0.000000000,0.000000000,0,0,2.000000000,0.080000000,0.000000000,0.000000000,0.000313596,0.000000000,0.001949401,0.000000000,0.000000000,0.000000000,0.001415732,0.221507845,4,42.627807439,0,0.000000000,0.642908340,0.867479660,0.645888911,0.867678294,0.426205589,0.034783602,1.298567274,0.754683373,1.196235697,0.000627192,1.196236014,2.000000000,0.000000000,0.000000000,0.000000000,1.000000000,1.944165979,1.178861004,1.091942392,0.000000000,1.944165979,1.179709626,1.095417110,1,0,0,0.000000000,0.102928246,-0.242145494,0.586602480,0.859917661,-0.050930752,-0.102316351,5.312162678,12.220339478,-4.778548444,-130.894148728,-0.065330496,142.887908940,44.901870748,-0.000058933,-0.000155221,-0.000116059,-0.000924331,0.000594351,0.000302097,-0.000815081,0.000000000,0.000000000,0.000000000,0.000000000,0.000000000,0.000000000,0.000000000,0.000213271,0.000003770,-0.000211095,-0.000000016,0.000074354,0.000000049,-0.000052479,0.000000000,0.000000000,0.000000000,0.000000000,0.000000000,0.000000000,0.000000000,0.267511534,0.056430819,-0.397977228,0.303781038,0.828530590,0.418524291,0.072780597
12.151000000,0,12.151000000,sample,0.215142701,-0.000000505,0.000000000,0.000000000,0.000000000,0.000000000,0.000000000,0,0,2.000000000,0.080000000,0.000000000,0.000000000,0.001520119,0.000000000,0.004465502,0.000000000,0.000000000,0.000000000,0.003141554,0.483874843,3,81.101693695,0,0.000000000,0.642880219,0.867493287,0.646922030,0.867610582,2.060540507,0.213939163,1.221668736,0.755922077,1.100268565,0.003040238,1.100271368,2.000000000,0.000000000,0.000000000,0.000000000,1.000000000,1.892100194,1.144164654,1.089887875,0.000000000,1.961283307,1.184522008,1.095863627,1,0,0,0.000000000,0.102357038,-0.241560074,0.586912893,0.859921378,-0.050934833,-0.102398582,5.311903803,12.220451529,-4.778354640,-130.894035799,-0.065389959,142.887909023,44.901768589,-0.000771888,-0.000940622,-0.002829173,0.000142240,0.000371285,0.000284298,-0.000381643,0.000000000,0.000000000,0.000000000,0.000000000,0.000000000,0.000000000,0.000000000,0.001033805,0.000018275,-0.001023257,-0.000000077,0.000360427,0.000000235,-0.000254389,0.000000000,0.000000000,0.000000000,0.000000000,0.000000000,0.000000000,0.000000000,0.302605726,0.041011169,-0.370861440,0.302868901,0.827814602,0.418557670,0.069771923
12.201000000,0,12.201000000,sample,0.215142455,-0.000004912,0.000000000,0.000000000,0.000000000,0.000000000,0.000000000,0,0,2.000000000,0.080000000,0.000000000,0.000000000,0.000635983,0.000000000,0.002103264,0.000000000,0.000000000,0.000000000,0.002264712,0.280822829,3,38.683421707,0,0.000000000,0.642430508,0.867517266,0.646747963,0.867655099,1.030033347,0.133987788,1.288440648,0.759937530,1.172328843,0.001271966,1.172328815,2.000000000,0.000000000,0.000000000,0.000000000,1.000000000,1.898386871,1.164233947,1.094220001,0.000000000,1.898589340,1.168597356,1.095196201,1,0,0,0.000000000,0.102098750,-0.239609109,0.587265083,0.860008151,-0.050962447,-0.101857825,5.312001023,12.220542760,-4.778644153,-130.893966910,-0.065418291,142.887895089,44.902147436,-0.000208953,0.001387358,-0.001408560,0.000704464,-0.000228156,0.000009548,0.000792489,0.000000000,0.000000000,0.000000000,0.000000000,0.000000000,0.000000000,0.000000000,0.000432520,0.000007646,-0.000428107,-0.000000032,0.000150795,0.000000099,-0.000106431,0.000000000,0.000000000,0.000000000,0.000000000,0.000000000,0.000000000,0.000000000,0.266715817,0.043587762,-0.406067193,0.300765216,0.829643144,0.418736850,0.072674713
12.251000000,0,12.251000000,sample,0.215142570,0.000002302,0.000000000,0.000000000,0.000000000,0.000000000,0.000000000,0,0,2.000000000,0.080000000,0.000000000,0.000000000,0.002226863,0.000000000,0.003474040,0.000000000,0.000000000,0.000000000,0.002306709,0.965385364,1,57.250045015,0,0.000000000,0.644126107,0.867503370,0.649723443,0.867590980,0.304677694,0.034572549,1.301464241,0.759102346,1.198096351,0.004453727,1.198105561,2.000000000,0.000000000,0.000000000,0.000000000,1.000000000,1.901237152,1.194924674,1.106409408,0.000000000,1.935634114,1.194924674,1.106409408,1,0,0,0.000000000,0.103181708,-0.239618500,0.588926949,0.859973878,-0.051171713,-0.101923908,5.311999512,12.220659122,-4.778644153,-130.894052910,-0.065342512,142.887888938,44.902019211,0.001745343,0.000169090,-0.001444660,-0.000322559,0.000209536,-0.000047910,-0.000093841,0.000000000,0.000000000,0.000000000,0.000000000,0.000000000,0.000000000,0.000000000,0.001514446,0.000026774,-0.001498994,-0.000000113,0.000528008,0.000000345,-0.000372667,0.000000000,0.000000000,0.000000000,0.000000000,0.000000000,0.000000000,0.000000000,0.214081165,0.038710124,-0.459038821,0.305047966,0.831388559,0.420052261,0.073422216
12.301000000,0,12.301000000,sample,0.215142813,0.000004856,0.000000000,0.000000000,0.000000000,0.000000000,0.000000000,0,0,2.000000000,0.080000000,0.000000000,0.000000000,0.000210644,0.000000000,0.004521403,0.000000000,0.000000000,0.000000000,0.001675342,0.125731959,3,35.861664295,0,0.000000000,0.640918006,0.867360616,0.647463382,0.867612197,0.856644272,0.099197980,1.262799957,0.757662302,1.154207684,0.000421288,1.154206152,2.000000000,0.000000000,0.000000000,0.000000000,1.000000000,1.890824578,1.119544820,1.092279726,0.000000000,1.910166041,1.201773636,1.108945429,1,0,0,0.000000000,0.102765314,-0.239837341,0.585400060,0.859862799,-0.050714331,-0.101874732,5.311999504,12.220148652,-4.778644153,-130.894267192,-0.065235173,142.888052532,44.901978412,-0.000485423,-0.000772780,-0.001003272,-0.000824771,-0.000240365,0.000249866,0.000408579,0.000000000,0.000000000,0.000000000,0.000000000,0.000000000,0.000000000,0.000000000,0.000143255,0.000002533,-0.000141794,-0.000000011,0.000049944,0.000000033,-0.000035250,0.000000000,0.000000000,0.000000000,0.000000000,0.000000000,0.000000000,0.000000000,0.334391357,0.040928950,-0.351277953,0.303469317,0.826540035,0.419158764,0.072318150
12.351000000,0,12.351000000,sample,0.215142698,-0.000002309,0.000000000,0.000000000,0.000000000,0.000000000,0.000000000,0,0,2.000000000,0.080000000,0.000000000,0.000000000,0.000698670,0.000000000,0.004416273,0.000000000,0.000000000,0.000000000,0.000892957,0.782422520,3,56.776269974,0,0.000000000,0.644179474,0.867408351,0.645656585,0.867565458,0.219745352,0.014542330,1.279281906,0.758849987,1.174996680,0.001397339,1.174997571,2.000000000,0.000000000,0.000000000,0.000000000,1.000000000,1.941383344,1.174644300,1.093812105,0.000000000,1.965506039,1.223872678,1.109345938,1,0,0,0.000000000,0.102985609,-0.242661951,0.587772350,0.859853368,-0.051083632,-0.102175802,5.312095218,12.220518921,-4.778436783,-130.894058229,-0.065235201,142.887844749,44.901978412,0.000379209,-0.000279514,-0.000672843,-0.000031275,-0.000189652,-0.000197358,-0.000216403,0.000000000,0.000000000,0.000000000,0.000000000,0.000000000,0.000000000,0.000000000,0.000475152,0.000008400,-0.000470304,-0.000000035,0.000165658,0.000000108,-0.000116921,0.000000000,0.000000000,0.000000000,0.000000000,0.000000000,0.000000000,0.000000000,0.274760993,0.056247266,-0.396200106,0.302357760,0.829508975,0.419608378,0.072225293
12.401000000,0,12.401000000,sample,0.215142886,0.000003758,0.000000000,0.000000000,0.000000000,0.000000000,0.000000000,0,0,2.000000000,0.080000000,0.000000000,0.000000000,0.001197857,0.000000000,0.001568886,0.000000000,0.000000000,0.000000000,0.002034541,0.588760530,2,47.045262676,0,0.000000000,0.642059233,0.867286399,0.647624670,0.867501523,0.684663046,0.070939099,1.260728919,0.753379245,1.145195430,0.002395715,1.145197184,2.000000000,0.000000000,0.000000000,0.000000000,1.000000000,1.882458950,1.155591436,1.095031885,0.000000000,1.939101898,1.175251880,1.096494703,1,0,0,0.000000000,0.102611259,-0.242076456,0.585755903,0.859767831,-0.050849834,-0.101976810,5.311820921,12.220250764,-4.778245366,-130.894131965,-0.065200203,142.887888678,44.902060010,-0.000533449,-0.001395482,0.000980220,-0.000292159,-0.000013488,-0.000007971,0.000927892,0.000000000,0.000000000,0.000000000,0.000000000,0.000000000,0.000000000,0.000000000,-0.000814641,-0.000014401,0.000806330,0.000000061,-0.000284013,-0.000000185,0.000200456,0.000000000,0.000000000,0.000000000,0.000000000,0.000000000,0.000000000,0.000000000,0.272053129,0.036272050,-0.403599076,0.304725095,0.829212394,0.418539564,0.072443799
12.451000000,0,12.451000000,sample,0.215142558,-0.000006542,0.000000000,0.000000000,0.000000000,0.000000000,0.000000000,0,0,2.000000000,0.080000000,0.000000000,0.000000000,0.000192338,0.000000000,0.004195174,0.000000000,0.000000000,0.000000000,0.001151838,0.166983779,7,53.520061785,0,0.000000000,0.641331709,0.867326519,0.645333307,0.867410072,0.291759218,0.026508180,1.284533398,0.756000322,1.181139423,0.000384676,1.181139429,2.000000000,0.000000000,0.000000000,0.000000000,1.000000000,1.950343143,1.195272643,1.100896376,0.000000000,1.972790336,1.224882556,1.108639055,1,0,0,0.000000000,0.100811483,-0.241362998,0.585565802,0.859792799,-0.050626588,-0.102218309,5.311939028,12.220404618,-4.778436783,-130.893937842,-0.065159404,142.888071438,44.901721961,-0.000550442,0.000364875,0.000046673,0.000194469,0.000287083,-0.000241101,-0.000842655,0.000000000,0.000000000,0.000000000,0.000000000,0.000000000,0.000000000,0.000000000,-0.000130806,-0.000002312,0.000129471,0.000000010,-0.000045604,-0.000000030,0.000032187,0.000000000,0.000000000,0.000000000,0.000000000,0.000000000,0.000000000,0.000000000,0.245562112,0.057112390,-0.432237939,0.303897825,0.829605845,0.419525380,0.070564349
12.501000000,0,12.501000000,sample,0.215142592,0.000000676,0.000000000,0.000000000,0.000000000,0.000000000,0.000000000,0,0,2.000000000,0.080000000,0.000000000,0.000000000,0.000280102,0.000000000,0.001395439,0.000000000,0.000000000,0.000000000,0.000908996,0.308144718,3,50.192658548,0,0.000000000,0.643475123,0.867403248,0.647186141,0.867424273,0.458654656,0.056406447,1.270181269,0.757815127,1.159227924,0.000560205,1.159228233,2.000000000,0.000000000,0.000000000,0.000000000,1.000000000,1.895329664,1.156262497,1.091417880,0.000000000,1.943856134,1.188033954,1.100267084,1,0,0,0.000000000,0.102842645,-0.240257362,0.588013626,0.859881544,-0.051103382,-0.101885076,5.311953714,12.220573552,-4.778548444,-130.894021038,-0.065235173,142.887841483,44.902019211,-0.000072270,-0.000130809,-0.000643995,0.000350930,-0.000168985,-0.000312792,0.000373717,0.000000000,0.000000000,0.000000000,0.000000000,0.000000000,0.000000000,0.000000000,0.000190492,0.000003368,-0.000188549,-0.000000014,0.000066414,0.000000043,-0.000046875,0.000000000,0.000000000,0.000000000,0.000000000,0.000000000,0.000000000,0.000000000,0.279164603,0.045278347,-0.393177108,0.297525611,0.829472708,0.418051588,0.072857091
12.551000000,0,12.551000000,sample,0.215142623,0.000000613,0.000000000,0.000000000,0.000000000,0.000000000,0.000000000,0,0,2.000000000,0.080000000,0.000000000,0.000000000,0.000167819,0.000000000,0.001225277,0.000000000,0.000000000,0.000000000,0.001428797,0.117455001,4,51.465056139,0,0.000000000,0.642911895,0.867264616,0.645452212,0.867425234,0.437198247,0.020554803,1.280959324,0.758762355,1.168771400,0.000335639,1.168771135,2.000000000,0.000000000,0.000000000,0.000000000,1.000000000,1.938919992,1.176632421,1.092140858,0.000000000,1.938930153,1.176952343,1.093685417,1,0,0,0.000000000,0.101849289,-0.240780534,0.587356077,0.859743538,-0.050884568,-0.101979030,5.311870866,12.220558336,-4.778436783,-130.893977934,-0.065051809,142.888005985,44.901807139,-0.000359795,0.000853346,-0.000179230,0.001025007,-0.000275648,-0.000142926,-0.000068095,0.000000000,0.000000000,0.000000000,0.000000000,0.000000000,0.000000000,0.000000000,-0.000114131,-0.000002018,0.000112966,0.000000008,-0.000039791,-0.000000026,0.000028085,0.000000000,0.000000000,0.000000000,0.000000000,0.000000000,0.000000000,0.000000000,0.268766243,0.053958228,-0.396765683,0.305212897,0.828751605,0.418206749,0.072944107
12.601000000,0,12.601000000,sample,0.215142537,-0.000001724,0.000000000,0.000000000,0.000000000,0.000000000,0.000000000,0,0,2.000000000,0.080000000,0.000000000,0.000000000,0.001426864,0.000000000,0.003825239,0.000000000,0.000000000,0.000000000,0.003629635,0.393114938,3,73.601674757,0,0.000000000,0.642200319,0.867223220,0.646576241,0.867456189,2.446437277,0.198157253,1.228616826,0.757814743,1.119728656,0.002853727,1.119730330,2.000000000,0.000000000,0.000000000,0.000000000,1.000000000,1.897131693,1.140132971,1.090143146,0.000000000,1.950893918,1.179203838,1.096504440,1,0,0,0.000000000,0.102394362,-0.238338444,0.587478877,0.859719992,-0.051063719,-0.101735671,5.311721416,12.220555513,-4.778552966,-130.893956841,-0.064969509,142.887803418,44.901719713,-0.001334931,-0.000371258,-0.003113915,0.000293050,0.000214979,-0.000327306,-0.001148339,0.000000000,0.000000000,0.000000000,0.000000000,0.000000000,0.000000000,0.000000000,0.000970383,0.000017155,-0.000960482,-0.000000072,0.000338318,0.000000219,-0.000238784,0.000000000,0.000000000,0.000000000,0.000000000,0.000000000,0.000000000,0.000000000,0.309204134,0.044051744,-0.365476752,0.300877945,0.828438969,0.418700062,0.071712379
12.651000000,0,12.651000000,sample,0.215142566,0.000000595,0.000000000,0.000000000,0.000000000,0.000000000,0.000000000,0,0,2.000000000,0.080000000,0.000000000,0.000000000,0.000178389,0.000000000,0.001349022,0.000000000,0.000000000,0.000000000,0.001868113,0.095491431,2,62.509177758,0,0.000000000,0.642548776,0.867342437,0.646420914,0.867440620,1.146910437,0.121172377,1.340210486,0.760444693,1.241964279,0.000356778,1.241963542,2.000000000,0.000000000,0.000000000,0.000000000,1.000000000,1.936575375,1.177551021,1.094459230,0.000000000,1.936575375,1.178059343,1.096073856,1,0,0,0.000000000,0.100884639,-0.242327869,0.586488212,0.859824871,-0.050709286,-0.102042456,5.311952971,12.220531455,-4.778341074,-130.893898863,-0.065226122,142.888073576,44.902060009,0.000574686,0.001476981,0.000600096,-0.000201762,-0.000329305,-0.000275325,0.000626928,0.000000000,0.000000000,0.000000000,0.000000000,0.000000000,0.000000000,0.000000000,-0.000121319,-0.000002145,0.000120081,0.000000009,-0.000042297,-0.000000028,0.000029853,0.000000000,0.000000000,0.000000000,0.000000000,0.000000000,0.000000000,0.000000000,0.268048968,0.055008307,-0.403513945,0.302368438,0.829809284,0.418196374,0.072408647
12.701000000,0,12.701000000,sample,0.215142535,-0.000000638,0.000000000,0.000000000,0.000000000,0.000000000,0.000000000,0,0,2.000000000,0.080000000,0.000000000,0.000000000,0.001320392,0.000000000,0.002074647,0.000000000,0.000000000,0.000000000,0.001772952,0.744742223,3,45.938778433,0,0.000000000,0.641337662,0.867340871,0.644602943,0.867419448,0.476140513,0.047659781,1.264894026,0.759292738,1.161147749,0.002640785,1.161151090,2.000000000,0.000000000,0.000000000,0.000000000,1.000000000,1.929295809,1.173634435,1.093077015,0.000000000,1.954190887,1.183571973,1.096306803,1,0,0,0.000000000,0.102123707,-0.239145994,0.586254158,0.859821506,-0.050888481,-0.101968269,5.311917111,12.220392921,-4.778644153,-130.894017229,-0.065131382,142.887874859,44.901721961,0.000496187,-0.000213764,-0.001201674,0.000145929,-0.000071106,0.000211648,-0.001155983,0.000000000,0.000000000,0.000000000,0.000000000,0.000000000,0.000000000,0.000000000,0.000897974,0.000015875,-0.000888813,-0.000000067,0.000313070,0.000000204,-0.000220964,0.000000000,0.000000000,0.000000000,0.000000000,0.000000000,0.000000000,0.000000000,0.271647897,0.053827155,-0.399764067,0.301236158,0.829602701,0.417272363,0.072222019
12.751000000,0,12.751000000,sample,0.215142755,0.000004414,0.000000000,0.000000000,0.000000000,0.000000000,0.000000000,0,0,2.000000000,0.080000000,0.000000000,0.000000000,0.000652219,0.000000000,0.001615200,0.000000000,0.000000000,0.000000000,0.001366242,0.477381707,3,54.346777826,0,0.000000000,0.642012756,0.867238791,0.646130041,0.867419955,0.662841151,0.043581504,1.278845640,0.752060463,1.166414248,0.001304438,1.166415000,2.000000000,0.000000000,0.000000000,0.000000000,1.000000000,1.910182452,1.169182403,1.089770895,0.000000000,1.936051963,1.181489315,1.094358494,1,0,0,0.000000000,0.101821012,-0.242088391,0.585837922,0.859735428,-0.050740266,-0.101899657,5.311912086,12.220335277,-4.778341074,-130.894056267,-0.065103330,142.888004702,44.902060010,-0.000076973,-0.000591556,0.001007197,0.000155606,0.000553168,-0.000301583,0.000274130,0.000000000,0.000000000,0.000000000,0.000000000,0.000000000,0.000000000,0.000000000,-0.000443562,-0.000007841,0.000439037,0.000000033,-0.000154643,-0.000000101,0.000109147,0.000000000,0.000000000,0.000000000,0.000000000,0.000000000,0.000000000,0.000000000,0.268045845,0.050144020,-0.398641144,0.297177937,0.828796029,0.417070854,0.071813384
12.801000000,0,12.801000000,sample,0.215142756,0.000000025,0.000000000,0.000000000,0.000000000,0.000000000,0.000000000,0,0,2.000000000,0.080000000,0.000000000,0.000000000,0.000091819,0.000000000,0.001447720,0.000000000,0.000000000,0.000000000,0.001262032,0.072754833,7,63.441593990,0,0.000000000,0.643836213,0.867073734,0.645989492,0.867339178,0.318234804,0.069927579,1.282139820,0.752639611,1.160760685,0.000183638,1.160760712,2.000000000,0.000000000,0.000000000,0.000000000,1.000000000,1.948736738,1.185139863,1.094485005,0.000000000,1.978694676,1.193187457,1.094522504,1,0,0,0.000000000,0.102601006,-0.241383500,0.587989888,0.859599525,-0.050970336,-0.101526059,5.311912086,12.220559801,-4.778436783,-130.894070899,-0.064809234,142.888010612,44.902106637,0.000115276,-0.000046748,0.000189436,0.000449335,0.000531998,-0.000214455,0.001005211,0.000000000,0.000000000,0.000000000,0.000000000,0.000000000,0.000000000,0.000000000,-0.000062444,-0.000001104,0.000061807,0.000000005,-0.000021771,-0.000000014,0.000015366,0.000000000,0.000000000,0.000000000,0.000000000,0.000000000,0.000000000,0.000000000,0.265811685,0.054680986,-0.401459188,0.308011682,0.829334496,0.418871836,0.070438399
12.851000000,0,12.851000000,sample,0.215142666,-0.000001817,0.000000000,0.000000000,0.000000000,0.000000000,0.000000000,0,0,2.000000000,0.080000000,0.000000000,0.000000000,0.000878027,0.000000000,0.004249968,0.000000000,0.000000000,0.000000000,0.001556962,0.563935713,1,84.682196632,0,0.000000000,0.642111053,0.867196688,0.646014127,0.867334193,0.981230347,0.107803658,1.287427049,0.756948879,1.176815548,0.001756053,1.176815986,2.000000000,0.000000000,0.000000000,0.000000000,1.000000000,1.912463232,1.166308252,1.091353521,0.000000000,1.953629100,1.208115328,1.104260017,1,0,0,0.000000000,0.101712272,-0.243237701,0.585488376,0.859663173,-0.050755269,-0.102143168,5.312119289,12.220315370,-4.778436790,-130.894016579,-0.064952925,142.887929904,44.901809378,0.001432762,-0.000147100,0.000215812,0.000457592,0.000129116,0.000250409,-0.000119768,0.000000000,0.000000000,0.000000000,0.000000000,0.000000000,0.000000000,0.000000000,0.000597130,0.000010556,-0.000591038,-0.000000044,0.000208182,0.000000135,-0.000146935,0.000000000,0.000000000,0.000000000,0.000000000,0.000000000,0.000000000,0.000000000,0.276644196,0.050441847,-0.395807073,0.297948974,0.828958011,0.417612422,0.070482397
12.901000000,0,12.901000000,sample,0.215142789,0.000002464,0.000000000,0.000000000,0.000000000,0.000000000,0.000000000,0,0,2.000000000,0.080000000,0.000000000,0.000000000,0.001309045,0.000000000,0.003764187,0.000000000,0.000000000,0.000000000,0.004174985,0.313544746,7,95.785702502,0,0.000000000,0.642079925,0.867135955,0.645324065,0.867322226,0.238334115,0.217104865,1.289650392,0.752463341,1.155968244,0.002618089,1.155971330,2.000000000,0.000000000,0.000000000,0.000000000,1.000000000,1.938555733,1.184805535,1.099977218,0.000000000,1.958368380,1.210581686,1.105641346,1,0,0,0.000000000,0.102703647,-0.240080585,0.586583245,0.859632207,-0.050905523,-0.101812876,5.311802843,12.220355371,-4.778463164,-130.894125608,-0.064884777,142.887931153,44.901742199,-0.000293544,-0.000261594,0.000639106,-0.000402887,0.000032478,0.000090245,0.004086065,0.000000000,0.000000000,0.000000000,0.000000000,0.000000000,0.000000000,0.000000000,-0.000890257,-0.000015738,0.000881174,0.000000066,-0.000310378,-0.000000201,0.000219065,0.000000000,0.000000000,0.000000000,0.000000000,0.000000000,0.000000000,0.000000000,0.251766468,0.053427163,-0.425121595,0.304690383,0.830015060,0.419319007,0.073423669
12.951000000,0,12.951000000,sample,0.215142523,-0.000005308,0.000000000,0.000000000,0.000000000,0.000000000,0.000000000,0,0,2.000000000,0.080000000,0.000000000,0.000000000,0.001498988,0.000000000,0.001638504,0.000000000,0.000000000,0.000000000,0.001877813,0.798262797,3,38.364918379,0,0.000000000,0.642267710,0.867149860,0.646031161,0.867296550,0.732508802,0.061449974,1.250586647,0.757097344,1.140155118,0.002997976,1.140159760,2.000000000,0.000000000,0.000000000,0.000000000,1.000000000,1.876072682,1.142239357,1.093562995,0.000000000,1.945003659,1.182323350,1.098921634,1,0,0,0.000000000,0.101847005,-0.241012172,0.586556163,0.859660846,-0.050914121,-0.101685110,5.311992751,12.220475791,-4.778548445,-130.893939619,-0.064884749,142.887851468,44.901978412,0.000974480,-0.000868378,-0.001163106,0.000530482,0.000098792,-0.000346636,-0.000241549,0.000000000,0.000000000,0.000000000,0.000000000,0.000000000,0.000000000,0.000000000,0.001019434,0.000018022,-0.001009033,-0.000000075,0.000355417,0.000000230,-0.000250853,0.000000000,0.000000000,0.000000000,0.000000000,0.000000000,0.000000000,0.000000000,0.283718475,0.037615435,-0.399454114,0.300875930,0.826726627,0.418417980,0.072996535
13.001000000,0,13.001000000,sample,0.215142557,0.000000679,0.000000000,0.000000000,0.000000000,0.000000000,0.000000000,0,0,2.000000000,0.080000000,0.000000000,0.000000000,0.000245070,0.000000000,0.001375526,0.000000000,0.000000000,0.000000000,0.001406987,0.174180409,4,57.963144308,0,0.000000000,0.640212765,0.867135738,0.645360682,0.867257221,0.629053595,0.084099237,1.277785810,0.757631198,1.169780725,0.000490139,1.169780115,2.000000000,0.000000000,0.000000000,0.000000000,1.000000000,1.952504985,1.174064137,1.095786426,0.000000000,1.952504985,1.174064137,1.098138553,1,0,0,0.000000000,0.100304465,-0.241332916,0.584439750,0.859642481,-0.050488064,-0.101932077,5.311907074,12.220295388,-4.778436783,-130.893922897,-0.064926301,142.888085315,44.901789474,0.000527451,0.000393197,0.000302550,0.001071189,-0.000013874,-0.000164131,-0.000529802,0.000000000,0.000000000,0.000000000,0.000000000,0.000000000,0.000000000,0.000000000,0.000166667,0.000002946,-0.000164967,-0.000000012,0.000058107,0.000000038,-0.000041012,0.000000000,0.000000000,0.000000000,0.000000000,0.000000000,0.000000000,0.000000000,0.281208542,0.060184954,-0.397403593,0.302596809,0.829147715,0.419371067,0.072075996
13.051000000,0,13.051000000,sample,0.215142736,0.000003582,0.000000000,0.000000000,0.000000000,0.000000000,0.000000000,0,0,2.000000000,0.080000000,0.000000000,0.000000000,0.001259970,0.000000000,0.002012310,0.000000000,0.000000000,0.000000000,0.002010400,0.626726028,3,43.235761484,0,0.000000000,0.644256718,0.867167626,0.646757788,0.867331619,0.752684972,0.054501970,1.294785144,0.758602508,1.178558608,0.002519940,1.178560971,2.000000000,0.000000000,0.000000000,0.000000000,1.000000000,1.919370972,1.173029145,1.093480347,0.000000000,1.968519870,1.183184363,1.096191340,1,0,0,0.000000000,0.102780112,-0.240618786,0.588732169,0.859680242,-0.051104573,-0.101577044,5.311748170,12.220664516,-4.778341074,-130.894016761,-0.064960528,142.887929178,44.902106637,0.000004210,0.000157473,0.001321916,0.000492392,-0.000746134,0.000265641,0.001183088,0.000000000,0.000000000,0.000000000,0.000000000,0.000000000,0.000000000,0.000000000,-0.000856881,-0.000015148,0.000848138,0.000000063,-0.000298750,-0.000000194,0.000210857,0.000000000,0.000000000,0.000000000,0.000000000,0.000000000,0.000000000,0.000000000,0.273585919,0.049065742,-0.399065028,0.302610916,0.829371894,0.418397230,0.068573478
13.101000000,0,13.101000000,sample,0.215142562,-0.000003484,0.000000000,0.000000000,0.000000000,0.000000000,0.000000000,0,0,2.000000000,0.080000000,0.000000000,0.000000000,0.000470896,0.000000000,0.001638067,0.000000000,0.000000000,0.000000000,0.001327875,0.354623695,4,39.190699327,0,0.000000000,0.640734107,0.867106806,0.644602942,0.867206662,0.429217814,0.029056459,1.268636711,0.757216250,1.159429556,0.000941792,1.159430215,2.000000000,0.000000000,0.000000000,0.000000000,1.000000000,1.933907396,1.180472275,1.092560685,0.000000000,1.937393470,1.183741112,1.093781392,1,0,0,0.000000000,0.101211264,-0.240518537,0.585189977,0.859611810,-0.050744775,-0.101817079,5.311815706,12.220342287,-4.778436783,-130.893922350,-0.064864428,142.887875600,44.901761750,-0.000661210,0.000365595,0.000166796,0.000831282,-0.000112811,-0.000033995,-0.000677982,0.000000000,0.000000000,0.000000000,0.000000000,0.000000000,0.000000000,0.000000000,-0.000320248,-0.000005661,0.000316980,0.000000024,-0.000111651,-0.000000072,0.000078803,0.000000000,0.000000000,0.000000000,0.000000000,0.000000000,0.000000000,0.000000000,0.268643107,0.054905995,-0.403220346,0.300043607,0.828014634,0.419263096,0.067100465
13.151000000,0,13.151000000,sample,0.215142601,0.000000781,0.000000000,0.000000000,0.000000000,0.000000000,0.000000000,0,0,2.000000000,0.080000000,0.000000000,0.000000000,0.000673520,0.000000000,0.001318358,0.000000000,0.000000000,0.000000000,0.002124345,0.317048211,7,80.345189785,0,0.000000000,0.643422273,0.867175322,0.646761615,0.867256780,0.358255622,0.126392325,1.304391248,0.759263622,1.208298427,0.001347039,1.208298631,2.000000000,0.000000000,0.000000000,0.000000000,1.000000000,1.928779888,1.170582473,1.094166958,0.000000000,1.963537407,1.185895319,1.096639937,1,0,0,0.000000000,0.101596272,-0.240873701,0.587920300,0.859650508,-0.050876475,-0.102007979,5.311864894,12.220656952,-4.778436951,-130.893942116,-0.064884665,142.888078004,44.901640363,0.000403236,0.000793775,-0.000064994,0.000253360,0.000115240,0.000112325,-0.001904167,0.000000000,0.000000000,0.000000000,0.000000000,0.000000000,0.000000000,0.000000000,0.000458048,0.000008098,-0.000453374,-0.000000034,0.000159698,0.000000103,-0.000112714,0.000000000,0.000000000,0.000000000,0.000000000,0.000000000,0.000000000,0.000000000,0.270385090,0.049655247,-0.400931007,0.306617076,0.828098026,0.419341189,0.072625840
13.201000000,0,13.201000000,sample,0.215142731,0.000002586,0.000000000,0.000000000,0.000000000,0.000000000,0.000000000,0,0,2.000000000,0.080000000,0.000000000,0.000000000,0.000389363,0.000000000,0.001883288,0.000000000,0.000000000,0.000000000,0.001121796,0.347088755,2,40.656008332,0,0.000000000,0.642932966,0.867180790,0.645661241,0.867269854,0.775833604,0.085855869,1.312270612,0.758432245,1.216013842,0.000778726,1.216014415,2.000000000,0.000000000,0.000000000,0.000000000,1.000000000,1.917971743,1.164294656,1.090376452,0.000000000,1.933828110,1.174438045,1.094639674,1,0,0,0.000000000,0.102627678,-0.239238627,0.587873488,0.859688857,-0.050929594,-0.101704317,5.311809667,12.220528218,-4.778548445,-130.894112456,-0.064925213,142.888064329,44.901809388,-0.000002713,0.000715280,-0.000423877,-0.000527368,0.000081149,-0.000254751,-0.000466391,0.000000000,0.000000000,0.000000000,0.000000000,0.000000000,0.000000000,0.000000000,0.000264798,0.000004681,-0.000262096,-0.000000020,0.000092321,0.000000060,-0.000065160,0.000000000,0.000000000,0.000000000,0.000000000,0.000000000,0.000000000,0.000000000,0.274751930,0.050394682,-0.392012985,0.301223963,0.828634305,0.417508717,0.074391968
13.251000000,0,13.251000000,sample,0.215142830,0.000001990,0.000000000,0.000000000,0.000000000,0.000000000,0.000000000,0,0,2.000000000,0.080000000,0.000000000,0.000000000,0.000499165,0.000000000,0.001384274,0.000000000,0.000000000,0.000000000,0.001159435,0.430524394,4,31.735191771,0,0.000000000,0.642489590,0.867027564,0.646017933,0.867257938,0.283717751,0.033666424,1.291634114,0.753725280,1.179933022,0.000998330,1.179933464,2.000000000,0.000000000,0.000000000,0.000000000,1.000000000,1.954658145,1.180646496,1.092034682,0.000000000,1.954658145,1.180646496,1.095433585,1,0,0,0.000000000,0.102731592,-0.239767825,0.587154565,0.859561338,-0.050966065,-0.101457199,5.311633670,12.220437222,-4.778341074,-130.894091736,-0.064796582,142.887918258,44.901978412,-0.000178027,-0.000398869,0.000510987,-0.000653156,0.000286722,0.000212069,0.000581890,0.000000000,0.000000000,0.000000000,0.000000000,0.000000000,0.000000000,0.000000000,-0.000339473,-0.000006001,0.000336009,0.000000025,-0.000118354,-0.000000077,0.000083534,0.000000000,0.000000000,0.000000000,0.000000000,0.000000000,0.000000000,0.000000000,0.271645195,0.060528488,-0.392517798,0.302563747,0.829882491,0.418719591,0.073748557
13.301000000,0,13.301000000,sample,0.215142598,-0.000004639,0.000000000,0.000000000,0.000000000,0.000000000,0.000000000,0,0,2.000000000,0.080000000,0.000000000,0.000000000,0.000631503,0.000000000,0.001591672,0.000000000,0.000000000,0.000000000,0.001298370,0.486381142,1,60.007137173,0,0.000000000,0.641541213,0.867125784,0.645576411,0.867217007,0.808266216,0.112146327,1.278186646,0.757139707,1.171248011,0.001263006,1.171248349,2.000000000,0.000000000,0.000000000,0.000000000,1.000000000,1.925323189,1.174843417,1.094823029,0.000000000,1.955126972,1.184754825,1.097495826,1,0,0,0.000000000,0.100544041,-0.241483435,0.585791579,0.859623616,-0.050604399,-0.101948810,5.311825090,12.220459247,-4.778341074,-130.893902755,-0.064904449,142.888113964,44.901768589,0.001005773,-0.000383693,0.000230584,0.000377848,0.000055423,0.000105824,-0.000562812,0.000000000,0.000000000,0.000000000,0.000000000,0.000000000,0.000000000,0.000000000,0.000429473,0.000007592,-0.000425091,-0.000000032,0.000149733,0.000000097,-0.000105681,0.000000000,0.000000000,0.000000000,0.000000000,0.000000000,0.000000000,0.000000000,0.267250042,0.046114038,-0.400589976,0.310459278,0.829661176,0.417941101,0.072240248
13.351000000,0,13.351000000,sample,0.215142658,0.000001203,0.000000000,0.000000000,0.000000000,0.000000000,0.000000000,0,0,2.000000000,0.080000000,0.000000000,0.000000000,0.000313012,0.000000000,0.001274434,0.000000000,0.000000000,0.000000000,0.000853542,0.366721507,7,61.484250942,0,0.000000000,0.641471331,0.867111959,0.643608012,0.867166704,0.167239732,0.038383638,1.288243464,0.757832928,1.185325219,0.000626024,1.185325408,2.000000000,0.000000000,0.000000000,0.000000000,1.000000000,1.965633563,1.181209364,1.095134420,0.000000000,1.973105959,1.188379264,1.096069638,1,0,0,0.000000000,0.101559661,-0.238755204,0.586657529,0.859643895,-0.050771161,-0.101576631,5.311633670,12.220476323,-4.778436783,-130.893998447,-0.064899222,142.888059266,44.901850187,-0.000356617,0.000192200,0.000223726,-0.000126044,-0.000144369,0.000172340,-0.000669279,0.000000000,0.000000000,0.000000000,0.000000000,0.000000000,0.000000000,0.000000000,-0.000212874,-0.000003763,0.000210702,0.000000016,-0.000074217,-0.000000048,0.000052382,0.000000000,0.000000000,0.000000000,0.000000000,0.000000000,0.000000000,0.000000000,0.269592573,0.059499275,-0.397406127,0.309741790,0.829173398,0.419456544,0.075862750
13.401000000,0,13.401000000,sample,0.215142757,0.000001967,0.000000000,0.000000000,0.000000000,0.000000000,0.000000000,0,0,2.000000000,0.080000000,0.000000000,0.000000000,0.000290093,0.000000000,0.001373689,0.000000000,0.000000000,0.000000000,0.001256648,0.230847007,3,44.322368074,0,0.000000000,0.645144709,0.867192796,0.645144709,0.867192796,0.782386233,0.050925881,1.306492521,0.757003575,1.198102144,0.000580187,1.198101910,2.000000000,0.000000000,0.000000000,0.000000000,1.000000000,1.907895741,1.160527881,1.094795153,0.000000000,1.969561814,1.181589385,1.095843128,1,0,0,0.000000000,0.103064908,-0.242457889,0.588900240,0.859679326,-0.051156983,-0.101773101,5.311946893,12.220664180,-4.778341074,-130.894033851,-0.064957922,142.887892021,44.902106637,0.000611180,0.000053681,0.000836614,0.000086628,-0.000134757,-0.000187788,0.000664748,0.000000000,0.000000000,0.000000000,0.000000000,0.000000000,0.000000000,0.000000000,-0.000197287,-0.000003488,0.000195274,0.000000015,-0.000068784,-0.000000045,0.000048547,0.000000000,0.000000000,0.000000000,0.000000000,0.000000000,0.000000000,0.000000000,0.273184702,0.041189367,-0.397957968,0.309312457,0.828551650,0.419813921,0.073916683
13.451000000,0,13.451000000,sample,0.215142583,-0.000003468,0.000000000,0.000000000,0.000000000,0.000000000,0.000000000,0,0,2.000000000,0.080000000,0.000000000,0.000000000,0.000342608,0.000000000,0.003686018,0.000000000,0.000000000,0.000000000,0.001820977,0.188145307,7,32.414563814,0,0.000000000,0.639653328,0.867065790,0.646520526,0.867145269,1.066624147,0.160724681,1.245462446,0.756240393,1.125121541,0.000685217,1.125120680,2.000000000,0.000000000,0.000000000,0.000000000,1.000000000,1.933968204,1.149547398,1.092898774,0.000000000,1.959704607,1.220994067,1.106535453,1,0,0,0.000000000,0.100861162,-0.237715978,0.585213226,0.859653008,-0.050563094,-0.101208513,5.311633620,12.220335017,-4.778548667,-130.893993904,-0.064896849,142.888117954,44.902106634,-0.000998546,-0.000623978,-0.000853234,-0.000096550,-0.000240006,0.000244395,0.001036751,0.000000000,0.000000000,0.000000000,0.000000000,0.000000000,0.000000000,0.000000000,-0.000233002,-0.000004119,0.000230624,0.000000017,-0.000081234,-0.000000053,0.000057335,0.000000000,0.000000000,0.000000000,0.000000000,0.000000000,0.000000000,0.000000000,0.307181702,0.047854409,-0.367355859,0.313799929,0.826772444,0.418798989,0.073560151
13.501000000,0,13.501000000,sample,0.215142617,0.000000679,0.000000000,0.000000000,0.000000000,0.000000000,0.000000000,0,0,2.000000000,0.080000000,0.000000000,0.000000000,0.000762617,0.000000000,0.002053492,0.000000000,0.000000000,0.000000000,0.001772126,0.430340512,2,47.795624242,0,0.000000000,0.641338503,0.866912108,0.645583865,0.867157124,1.054094076,0.110354748,1.256463065,0.753569805,1.134309774,0.001525235,1.134310760,2.000000000,0.000000000,0.000000000,0.000000000,1.000000000,1.914558684,1.163474704,1.093684498,0.000000000,1.958048790,1.182357680,1.096775411,1,0,0,0.000000000,0.100390297,-0.240838269,0.585861581,0.859477475,-0.050568766,-0.101379848,5.311729323,12.220477286,-4.778341074,-130.893898191,-0.064658452,142.888160242,44.902045922,0.000042138,-0.001225148,0.000988159,0.000241114,-0.000004361,0.000409779,0.000659647,0.000000000,0.000000000,0.000000000,0.000000000,0.000000000,0.000000000,0.000000000,-0.000518642,-0.000009169,0.000513350,0.000000038,-0.000180821,-0.000000117,0.000127623,0.000000000,0.000000000,0.000000000,0.000000000,0.000000000,0.000000000,0.000000000,0.271159331,0.042978309,-0.398804207,0.310848945,0.827503546,0.418146633,0.074099106
13.551000000,0,13.551000000,sample,0.215142496,-0.000002417,0.000000000,0.000000000,0.000000000,0.000000000,0.000000000,0,0,2.000000000,0.080000000,0.000000000,0.000000000,0.001621127,0.000000000,0.004792805,0.000000000,0.000000000,0.000000000,0.002037942,0.795472807,1,79.548071721,0,0.000000000,0.639426770,0.866856244,0.645081694,0.867152912,0.765092889,0.079113225,1.253551893,0.754323481,1.134921508,0.003242255,1.134926812,2.000000000,0.000000000,0.000000000,0.000000000,1.000000000,1.925041828,1.164427550,1.089693151,0.000000000,1.932224943,1.213663301,1.103163965,1,0,0,0.000000000,0.100740964,-0.236016158,0.585674163,0.859468827,-0.050740827,-0.100888317,5.311304531,12.220459304,-4.778436839,-130.893841946,-0.064610341,142.887916676,44.901978412,-0.001817635,0.000041468,0.000586198,0.000644815,-0.000044187,0.000269521,-0.000116977,0.000000000,0.000000000,0.000000000,0.000000000,0.000000000,0.000000000,0.000000000,-0.001102498,-0.000019490,0.001091250,0.000000081,-0.000384377,-0.000000248,0.000271293,0.000000000,0.000000000,0.000000000,0.000000000,0.000000000,0.000000000,0.000000000,0.285084494,0.050591533,-0.381321532,0.304410026,0.828288156,0.417526867,0.071672607
13.601000000,0,13.601000000,sample,0.215142577,0.000001612,0.000000000,0.000000000,0.000000000,0.000000000,0.000000000,0,0,2.000000000,0.080000000,0.000000000,0.000000000,0.000107508,0.000000000,0.001226896,0.000000000,0.000000000,0.000000000,0.000610148,0.176199706,1,37.768511629,0,0.000000000,0.641157085,0.866953906,0.643952970,0.867107125,0.261186408,0.041330595,1.290744050,0.758451391,1.188347042,0.000215016,1.188346960,2.000000000,0.000000000,0.000000000,0.000000000,1.000000000,1.953146679,1.176091936,1.091216559,0.000000000,1.965834407,1.185506189,1.094229728,1,0,0,0.000000000,0.101442781,-0.239315629,0.586105621,0.859514445,-0.050831538,-0.101292393,5.311669916,12.220447050,-4.778436783,-130.893916294,-0.064685885,142.887885281,44.901998946,0.000374973,0.000178445,0.000114809,0.000124424,-0.000246542,-0.000321766,0.000082791,0.000000000,0.000000000,0.000000000,0.000000000,0.000000000,0.000000000,0.000000000,0.000073114,0.000001293,-0.000072368,-0.000000005,0.000025491,0.000000016,-0.000017991,0.000000000,0.000000000,0.000000000,0.000000000,0.000000000,0.000000000,0.000000000,0.279606505,0.060658558,-0.390164904,0.302682620,0.827836075,0.417867551,0.071575436
13.651000000,0,13.651000000,sample,0.215142329,-0.000004954,0.000000000,0.000000000,0.000000000,0.000000000,0.000000000,0,0,2.000000000,0.080000000,0.000000000,0.000000000,0.001172705,0.000000000,0.001854938,0.000000000,0.000000000,0.000000000,0.001960902,0.598043828,3,40.465416182,0,0.000000000,0.641137644,0.866964994,0.645339882,0.867093642,0.501059970,0.091819163,1.286634705,0.757101437,1.172278008,0.002345411,1.172280088,2.000000000,0.000000000,0.000000000,0.000000000,1.000000000,1.905668054,1.164105487,1.093322877,0.000000000,1.950348266,1.175816056,1.093744560,1,0,0,0.000000000,0.101052428,-0.237437435,0.586915113,0.859550920,-0.050877260,-0.101054552,5.311724634,12.220614611,-4.778684849,-130.893816302,-0.064636152,142.887902791,44.902011716,0.000523592,0.000997665,-0.001247377,0.000709244,0.000264663,-0.000325216,0.000583835,0.000000000,0.000000000,0.000000000,0.000000000,0.000000000,0.000000000,0.000000000,0.000797534,0.000014100,-0.000789397,-0.000000059,0.000278057,0.000000179,-0.000196252,0.000000000,0.000000000,0.000000000,0.000000000,0.000000000,0.000000000,0.000000000,0.273781762,0.042767770,-0.395774942,0.306196761,0.829564838,0.418058899,0.072277612
13.701000000,0,13.701000000,sample,0.215142666,0.000006734,0.000000000,0.000000000,0.000000000,0.000000000,0.000000000,0,0,2.000000000,0.080000000,0.000000000,0.000000000,0.000761040,0.000000000,0.001475945,0.000000000,0.000000000,0.000000000,0.001815612,0.419164548,1,80.531173354,0,0.000000000,0.640783240,0.866940590,0.643708532,0.867089094,1.044922372,0.085225506,1.311684983,0.758730343,1.206496455,0.001522080,1.206496573,2.000000000,0.000000000,0.000000000,0.000000000,1.000000000,1.940491829,1.172687563,1.092177110,0.000000000,1.940491829,1.174620925,1.094726375,1,0,0,0.000000000,0.100930436,-0.241283837,0.584977194,0.859491017,-0.050569629,-0.101508077,5.311876375,12.220300238,-4.778436783,-130.893993899,-0.064671492,142.888077267,44.901978412,0.001629315,0.000348059,0.000306773,-0.000074403,-0.000172521,0.000079637,0.000620389,0.000000000,0.000000000,0.000000000,0.000000000,0.000000000,0.000000000,0.000000000,0.000517569,0.000009150,-0.000512289,-0.000000038,0.000180445,0.000000117,-0.000127357,0.000000000,0.000000000,0.000000000,0.000000000,0.000000000,0.000000000,0.000000000,0.274619016,0.056101550,-0.396807322,0.303483694,0.827533256,0.417942011,0.072406035
13.751000000,0,13.751000000,sample,0.215142677,0.000000215,0.000000000,0.000000000,0.000000000,0.000000000,0.000000000,0,0,2.000000000,0.080000000,0.000000000,0.000000000,0.001043541,0.000000000,0.001772523,0.000000000,0.000000000,0.000000000,0.001624311,0.642451519,3,65.803159416,0,0.000000000,0.640437608,0.867072500,0.644728431,0.867072500,0.658903236,0.095292386,1.286864508,0.758072001,1.177768716,0.002087083,1.177770944,2.000000000,0.000000000,0.000000000,0.000000000,1.000000000,1.935382211,1.174253569,1.093082294,0.000000000,1.949360691,1.182193473,1.095729028,1,0,0,0.000000000,0.102023590,-0.235996486,0.586563871,0.859653939,-0.050749492,-0.101164790,5.311548254,12.220396060,-4.778644153,-130.894112288,-0.064854342,142.888111959,44.901936863,0.000386556,0.000244562,-0.001317628,-0.000506880,-0.000009576,0.000164390,0.000639504,0.000000000,0.000000000,0.000000000,0.000000000,0.000000000,0.000000000,0.000000000,0.000709693,0.000012547,-0.000702452,-0.000000052,0.000247428,0.000000160,-0.000174635,0.000000000,0.000000000,0.000000000,0.000000000,0.000000000,0.000000000,0.000000000,0.271603310,0.052536761,-0.400302453,0.305932263,0.827336851,0.418290136,0.070787884
13.801000000,0,13.801000000,sample,0.215143029,0.000007047,0.000000000,0.000000000,0.000000000,0.000000000,0.000000000,0,0,2.000000000,0.080000000,0.000000000,0.000000000,0.000158028,0.000000000,0.001704127,0.000000000,0.000000000,0.000000000,0.001450631,0.108937662,4,49.944103790,0,0.000000000,0.641981357,0.866862490,0.643509356,0.867051522,0.894907394,0.100961647,1.323385573,0.756372330,1.229965977,0.000316057,1.229967140,2.000000000,0.000000000,0.000000000,0.000000000,1.000000000,1.961310066,1.181521059,1.093332480,0.000000000,1.962547114,1.184137383,1.097082499,1,0,0,0.000000000,0.103746992,-0.238425497,0.586966700,0.859416911,-0.051032747,-0.101236402,5.311464789,12.220295171,-4.778341074,-130.894247532,-0.064575116,142.887868135,44.901850187,0.000261389,0.000448220,0.000343790,-0.001025178,0.000353660,0.000077983,-0.000731279,0.000000000,0.000000000,0.000000000,0.000000000,0.000000000,0.000000000,0.000000000,0.000107472,0.000001900,-0.000106376,-0.000000008,0.000037469,0.000000024,-0.000026445,0.000000000,0.000000000,0.000000000,0.000000000,0.000000000,0.000000000,0.000000000,0.270214903,0.061904222,-0.400418487,0.305107385,0.827940642,0.417350707,0.073721663
13.851000000,0,13.851000000,sample,0.215142440,-0.000011787,0.000000000,0.000000000,0.000000000,0.000000000,0.000000000,0,0,2.000000000,0.080000000,0.000000000,0.000000000,0.000526047,0.000000000,0.004911820,0.000000000,0.000000000,0.000000000,0.001333776,0.394404375,4,44.456719619,0,0.000000000,0.638637480,0.866888123,0.643514892,0.867057186,0.789818358,0.085744957,1.245346749,0.755576477,1.132539956,0.001052094,1.132541359,2.000000000,0.000000000,0.000000000,0.000000000,1.000000000,1.942720045,1.168527288,1.091271261,0.000000000,1.967655479,1.223979731,1.108978368,1,0,0,0.000000000,0.100230171,-0.237370090,0.584351935,0.859482033,-0.050627301,-0.101106527,5.311450535,12.220336522,-4.778436783,-130.893803021,-0.064650886,142.887868441,44.901937613,-0.000498707,-0.000495572,0.000393334,0.000889307,-0.000054704,0.000033664,-0.000578752,0.000000000,0.000000000,0.000000000,0.000000000,0.000000000,0.000000000,0.000000000,-0.000357755,-0.000006324,0.000354105,0.000000026,-0.000124727,-0.000000081,0.000088032,0.000000000,0.000000000,0.000000000,0.000000000,0.000000000,0.000000000,0.000000000,0.281581871,0.055587718,-0.387539136,0.305425503,0.827411688,0.418402910,0.073158761
13.901000000,0,13.901000000,sample,0.215142673,0.000004664,0.000000000,0.000000000,0.000000000,0.000000000,0.000000000,0,0,2.000000000,0.080000000,0.000000000,0.000000000,0.001242799,0.000000000,0.004289962,0.000000000,0.000000000,0.000000000,0.002277531,0.545678092,3,67.966528057,0,0.000000000,0.641519477,0.866857243,0.643935204,0.867102038,1.236598590,0.064264373,1.301618611,0.754121212,1.185225428,0.002485597,1.185227496,2.000000000,0.000000000,0.000000000,0.000000000,1.000000000,1.937228635,1.174262020,1.090652985,0.000000000,1.949775980,1.174262020,1.093422048,1,0,0,0.000000000,0.101395740,-0.240101351,0.586188950,0.859430312,-0.050840491,-0.101174422,5.311546245,12.220463795,-4.778245366,-130.893898701,-0.064610087,142.887877191,44.902120027,0.000331244,-0.000010324,0.001877638,0.000260746,-0.000007030,0.000146229,0.001209286,0.000000000,0.000000000,0.000000000,0.000000000,0.000000000,0.000000000,0.000000000,-0.000845204,-0.000014941,0.000836581,0.000000062,-0.000294673,-0.000000190,0.000207980,0.000000000,0.000000000,0.000000000,0.000000000,0.000000000,0.000000000,0.000000000,0.271804323,0.052220065,-0.392584020,0.307131429,0.827228590,0.418356974,0.071678332
13.951000000,0,13.951000000,sample,0.215142632,-0.000000807,0.000000000,0.000000000,0.000000000,0.000000000,0.000000000,0,0,2.000000000,0.080000000,0.000000000,0.000000000,0.000111934,0.000000000,0.002304487,0.000000000,0.000000000,0.000000000,0.001701711,0.065777172,7,82.687505293,0,0.000000000,0.639946734,0.866914249,0.642335986,0.866982605,0.431060338,0.115808360,1.264494092,0.756387517,1.140035245,0.000223867,1.140035446,2.000000000,0.000000000,0.000000000,0.000000000,1.000000000,1.929560477,1.172886803,1.089815370,0.000000000,1.952997436,1.189760729,1.092507535,1,0,0,0.000000000,0.101470983,-0.236202319,0.586040891,0.859532656,-0.050713701,-0.100856577,5.311450535,12.220396876,-4.778548444,-130.894016741,-0.064685857,142.888052744,44.902106637,-0.000118057,0.000035855,-0.000416527,0.000421662,-0.000225748,0.000289586,0.001547411,0.000000000,0.000000000,0.000000000,0.000000000,0.000000000,0.000000000,0.000000000,-0.000076124,-0.000001346,0.000075347,0.000000006,-0.000026540,-0.000000017,0.000018732,0.000000000,0.000000000,0.000000000,0.000000000,0.000000000,0.000000000,0.000000000,0.267349239,0.050591259,-0.396405512,0.305779402,0.826333441,0.418391491,0.071733400
14.001000000,0,14.001000000,sample,0.215142626,-0.000000127,0.000000000,0.000000000,0.000000000,0.000000000,0.000000000,0,0,2.000000000,0.080000000,0.000000000,0.000000000,0.000077907,0.000000000,0.004452345,0.000000000,0.000000000,0.000000000,0.001617763,0.048157519,5,68.904432547,0,0.000000000,0.640173482,0.866868664,0.644372309,0.867036413,0.635028220,0.079404174,1.268220039,0.748279365,1.147694445,0.000155815,1.147694543,2.000000000,0.000000000,0.000000000,0.000000000,1.000000000,1.921159121,1.172104855,1.089174628,0.000000000,1.945746172,1.182450240,1.091214319,1,0,0,0.000000000,0.100482252,-0.238307801,0.585606349,0.859444597,-0.050588025,-0.101277429,5.311450535,12.220437247,-4.778341074,-130.893904035,-0.064610003,142.888111293,44.901829949,0.000074194,-0.000508623,0.000520164,0.000308781,0.001342884,0.000177418,-0.000390159,0.000000000,0.000000000,0.000000000,0.000000000,0.000000000,0.000000000,0.000000000,0.000052983,0.000000937,-0.000052443,-0.000000004,0.000018472,0.000000012,-0.000013038,0.000000000,0.000000000,0.000000000,0.000000000,0.000000000,0.000000000,0.000000000,0.263232089,0.050349050,-0.400235129,0.301095486,0.826215900,0.419428673,0.071242083
14.051000000,0,14.051000000,sample,0.215142725,0.000001985,0.000000000,0.000000000,0.000000000,0.000000000,0.000000000,0,0,2.000000000,0.080000000,0.000000000,0.000000000,0.000324508,0.000000000,0.004629858,0.000000000,0.000000000,0.000000000,0.000951375,0.341093496,3,51.447930643,0,0.000000000,0.641906974,0.866956850,0.642695283,0.866958867,0.562147312,0.066978272,1.286074986,0.757347357,1.182750480,0.000649015,1.182750594,2.000000000,0.000000000,0.000000000,0.000000000,1.000000000,1.941723313,1.181553331,1.093930244,0.000000000,1.958977774,1.188782891,1.093930244,1,0,0,0.000000000,0.102152964,-0.239074269,0.586901039,0.859497242,-0.050937048,-0.101410487,5.311546244,12.220475820,-4.778341074,-130.893993899,-0.064685857,142.887889713,44.901850187,0.000306398,-0.000489296,0.000682394,-0.000184671,-0.000261445,-0.000050584,0.000033845,0.000000000,0.000000000,0.000000000,0.000000000,0.000000000,0.000000000,0.000000000,-0.000220692,-0.000003901,0.000218440,0.000000016,-0.000076942,-0.000000050,0.000054306,0.000000000,0.000000000,0.000000000,0.000000000,0.000000000,0.000000000,0.000000000,0.255082243,0.052154452,-0.412029556,0.308750403,0.826355956,0.419086555,0.072824910
14.101000000,0,14.101000000,sample,0.215142562,-0.000003277,0.000000000,0.000000000,0.000000000,0.000000000,0.000000000,0,0,2.000000000,0.080000000,0.000000000,0.000000000,0.000513514,0.000000000,0.004851632,0.000000000,0.000000000,0.000000000,0.001152478,0.445573401,1,46.952419267,0,0.000000000,0.639186048,0.866832905,0.643974325,0.867014027,0.364370229,0.037910182,1.292690921,0.758371866,1.189355190,0.001027027,1.189355451,2.000000000,0.000000000,0.000000000,0.000000000,1.000000000,1.935651821,1.223212808,1.106302585,0.000000000,1.967725264,1.223212808,1.106302585,1,0,0,0.000000000,0.101254669,-0.235377005,0.585580022,0.859452094,-0.050803107,-0.100798947,5.311233239,12.220397112,-4.778436783,-130.893898243,-0.064589850,142.887849248,44.901978412,0.000789699,0.000345022,-0.000171422,0.000112964,-0.000183522,-0.000395162,0.000594610,0.000000000,0.000000000,0.000000000,0.000000000,0.000000000,0.000000000,0.000000000,0.000349231,0.000006174,-0.000345668,-0.000000026,0.000121756,0.000000079,-0.000085935,0.000000000,0.000000000,0.000000000,0.000000000,0.000000000,0.000000000,0.000000000,0.188763983,0.051896377,-0.475200450,0.299858958,0.830620464,0.418006994,0.072036587
14.151000000,0,14.151000000,sample,0.215142674,0.000002243,0.000000000,0.000000000,0.000000000,0.000000000,0.000000000,0,0,2.000000000,0.080000000,0.000000000,0.000000000,0.001204771,0.000000000,0.004742742,0.000000000,0.000000000,0.000000000,0.002097546,0.574371789,3,44.231970411,0,0.000000000,0.639648467,0.866790796,0.643213649,0.866985914,0.876790540,0.075505708,1.272224571,0.751099347,1.146368924,0.002409543,1.146371665,2.000000000,0.000000000,0.000000000,0.000000000,1.000000000,1.927732296,1.175651618,1.091121810,0.000000000,1.947003045,1.222310082,1.106575670,1,0,0,0.000000000,0.099996566,-0.239287876,0.584715452,0.859394235,-0.050444961,-0.101109538,5.311448852,12.220351516,-4.778245366,-130.893898189,-0.064572847,142.888161753,44.902060010,-0.000171328,-0.000568816,0.001395017,0.000279390,0.000353495,0.000265489,0.001351747,0.000000000,0.000000000,0.000000000,0.000000000,0.000000000,0.000000000,0.000000000,-0.000819343,-0.000014484,0.000810983,0.000000060,-0.000285656,-0.000000184,0.000201615,0.000000000,0.000000000,0.000000000,0.000000000,0.000000000,0.000000000,0.000000000,0.266212970,0.050352500,-0.399702773,0.305726981,0.827614060,0.416990732,0.071305601
14.201000000,0,14.201000000,sample,0.215142836,0.000003241,0.000000000,0.000000000,0.000000000,0.000000000,0.000000000,0,0,2.000000000,0.080000000,0.000000000,0.000000000,0.000869280,0.000000000,0.001426486,0.000000000,0.000000000,0.000000000,0.001551328,0.560345622,4,37.069405402,0,0.000000000,0.641518770,0.866950777,0.642755210,0.867018264,0.474029120,0.053070670,1.292993695,0.757215096,1.197746686,0.001738560,1.197747826,2.000000000,0.000000000,0.000000000,0.000000000,1.000000000,1.941530828,1.184146018,1.089747775,0.000000000,1.947318391,1.186273663,1.091536057,1,0,0,0.000000000,0.103135056,-0.236859286,0.587202837,0.859493979,-0.051084952,-0.101311788,5.311308684,12.220422155,-4.778341074,-130.894089661,-0.064685857,142.887787428,44.901708847,-0.000457580,-0.000580769,0.000588159,-0.000944521,-0.000326564,-0.000547299,0.000464453,0.000000000,0.000000000,0.000000000,0.000000000,0.000000000,0.000000000,0.000000000,-0.000591181,-0.000010451,0.000585149,0.000000044,-0.000206109,-0.000000133,0.000145472,0.000000000,0.000000000,0.000000000,0.000000000,0.000000000,0.000000000,0.000000000,0.263071985,0.052506188,-0.396399588,0.308285611,0.827161172,0.417574812,0.069638086
14.251000000,0,14.251000000,sample,0.215142439,-0.000007931,0.000000000,0.000000000,0.000000000,0.000000000,0.000000000,0,0,2.000000000,0.080000000,0.000000000,0.000000000,0.000426871,0.000000000,0.001756733,0.000000000,0.000000000,0.000000000,0.001447974,0.294806136,7,60.073871483,0,0.000000000,0.638975190,0.866928592,0.643735275,0.866993443,0.631960794,0.027852876,1.257462796,0.758674975,1.156026112,0.000853743,1.156026559,2.000000000,0.000000000,0.000000000,0.000000000,1.000000000,1.943274675,1.175668846,1.094171529,0.000000000,1.951541295,1.185983218,1.094397221,1,0,0,0.000000000,0.101358373,-0.234049200,0.585864102,0.859535022,-0.050840843,-0.100895673,5.311314817,12.220431006,-4.778644153,-130.893898207,-0.064650634,142.887844059,44.901809301,-0.000307601,-0.000111643,-0.000737371,0.000358325,-0.000197050,-0.000138121,-0.001122286,0.000000000,0.000000000,0.000000000,0.000000000,0.000000000,0.000000000,0.000000000,0.000290307,0.000005132,-0.000287345,-0.000000021,0.000101213,0.000000065,-0.000071436,0.000000000,0.000000000,0.000000000,0.000000000,0.000000000,0.000000000,0.000000000,0.274618066,0.054768545,-0.399004738,0.306494869,0.828010783,0.418340965,0.071005303
14.301000000,0,14.301000000,sample,0.215142866,0.000008547,0.000000000,0.000000000,0.000000000,0.000000000,0.000000000,0,0,2.000000000,0.080000000,0.000000000,0.000000000,0.000418373,0.000000000,0.005076843,0.000000000,0.000000000,0.000000000,0.001626341,0.257248148,4,85.705645023,0,0.000000000,0.643734804,0.866942030,0.643734804,0.866968145,1.029176840,0.106179626,1.328350894,0.757606356,1.237458931,0.000836746,1.237460930,2.000000000,0.000000000,0.000000000,0.000000000,1.000000000,1.951318443,1.180235901,1.089103374,0.000000000,1.954983771,1.182001722,1.094948125,1,0,0,0.000000000,0.104110692,-0.237901054,0.589031875,0.859501318,-0.051228782,-0.101101831,5.311635366,12.220558337,-4.778548436,-130.894201773,-0.064603212,142.887883285,44.901977662,0.000549115,0.000077473,0.000018394,-0.001505623,0.000132825,-0.000174770,-0.000148420,0.000000000,0.000000000,0.000000000,0.000000000,0.000000000,0.000000000,0.000000000,0.000284528,0.000005030,-0.000281624,-0.000000021,0.000099199,0.000000064,-0.000070015,0.000000000,0.000000000,0.000000000,0.000000000,0.000000000,0.000000000,0.000000000,0.275189026,0.055560402,-0.380403427,0.308230075,0.829014899,0.418564831,0.071801346
14.351000000,0,14.351000000,sample,0.215142499,-0.000007359,0.000000000,0.000000000,0.000000000,0.000000000,0.000000000,0,0,2.000000000,0.080000000,0.000000000,0.000000000,0.000299221,0.000000000,0.001308381,0.000000000,0.000000000,0.000000000,0.000627194,0.477079155,1,27.062153220,0,0.000000000,0.639856115,0.866905201,0.644880648,0.866968250,0.216178640,0.027606506,1.271227674,0.757980603,1.160795086,0.000598442,1.160795292,2.000000000,0.000000000,0.000000000,0.000000000,1.000000000,1.914663833,1.173728061,1.088302487,0.000000000,1.975397319,1.201821670,1.092390041,1,0,0,0.000000000,0.100781203,-0.235520246,0.586335409,0.859529794,-0.050692446,-0.100813865,5.311377178,12.220518865,-4.778549951,-130.893898243,-0.064664720,142.888077985,44.902060010,0.000326274,-0.000143300,-0.000277464,0.000207103,-0.000272673,0.000076914,0.000257367,0.000000000,0.000000000,0.000000000,0.000000000,0.000000000,0.000000000,0.000000000,0.000203495,0.000003598,-0.000201418,-0.000000015,0.000070947,0.000000046,-0.000050074,0.000000000,0.000000000,0.000000000,0.000000000,0.000000000,0.000000000,0.000000000,0.263547480,0.042390274,-0.390027161,0.310564531,0.827739327,0.417513502,0.071460905
14.401000000,0,14.401000000,sample,0.215142867,0.000007365,0.000000000,0.000000000,0.000000000,0.000000000,0.000000000,0,0,2.000000000,0.080000000,0.000000000,0.000000000,0.000112499,0.000000000,0.001388578,0.000000000,0.000000000,0.000000000,0.001397015,0.080527801,7,39.446441484,0,0.000000000,0.642541065,0.866811773,0.643227920,0.866948500,0.733559707,0.114095666,1.314631775,0.757538423,1.215228766,0.000224997,1.215228937,2.000000000,0.000000000,0.000000000,0.000000000,1.000000000,1.917412502,1.168288479,1.093097541,0.000000000,1.951597798,1.184242329,1.093097541,1,0,0,0.000000000,0.102335137,-0.238707612,0.587711848,0.859367165,-0.050877686,-0.101302455,5.311485200,12.220527166,-4.778341074,-130.894091069,-0.064464513,142.888098814,44.901721961,0.000518381,0.000430939,0.000609493,-0.000424919,0.000076473,0.000411679,-0.000877415,0.000000000,0.000000000,0.000000000,0.000000000,0.000000000,0.000000000,0.000000000,0.000076508,0.000001353,-0.000075727,-0.000000006,0.000026674,0.000000017,-0.000018827,0.000000000,0.000000000,0.000000000,0.000000000,0.000000000,0.000000000,0.000000000,0.272906011,0.040346932,-0.391057092,0.314943328,0.828176950,0.419150746,0.071255248
14.451000000,0,14.451000000,sample,0.215142785,-0.000001636,0.000000000,0.000000000,0.000000000,0.000000000,0.000000000,0,0,2.000000000,0.080000000,0.000000000,0.000000000,0.000286152,0.000000000,0.002250467,0.000000000,0.000000000,0.000000000,0.000716100,0.399598163,2,42.493917003,0,0.000000000,0.639297097,0.866742040,0.643464122,0.866916517,0.447375754,0.062734116,1.262097884,0.756625150,1.151296407,0.000572304,1.151296637,2.000000000,0.000000000,0.000000000,0.000000000,1.000000000,1.956678988,1.192144177,1.093953254,0.000000000,1.959004533,1.192144177,1.093953254,1,0,0,0.000000000,0.100984826,-0.237662274,0.584824321,0.859343786,-0.050539013,-0.101073387,5.311363110,12.220258639,-4.778341074,-130.894033361,-0.064467439,142.888112149,44.901830023,-0.000106651,-0.000466806,0.000276800,0.000235718,-0.000214455,0.000273922,-0.000174099,0.000000000,0.000000000,0.000000000,0.000000000,0.000000000,0.000000000,0.000000000,-0.000194607,-0.000003440,0.000192621,0.000000014,-0.000067847,-0.000000044,0.000047886,0.000000000,0.000000000,0.000000000,0.000000000,0.000000000,0.000000000,0.000000000,0.263383741,0.057376763,-0.403614517,0.307938508,0.828922565,0.417800682,0.068335945
14.501000000,0,14.501000000,sample,0.215142756,-0.000000588,0.000000000,0.000000000,0.000000000,0.000000000,0.000000000,0,0,2.000000000,0.080000000,0.000000000,0.000000000,0.000310204,0.000000000,0.001533001,0.000000000,0.000000000,0.000000000,0.001912080,0.162233564,2,73.739272046,0,0.000000000,0.640931756,0.866688495,0.642885084,0.866942233,1.012612409,0.112471906,1.330433466,0.756477491,1.223084997,0.000620407,1.223084335,2.000000000,0.000000000,0.000000000,0.000000000,1.000000000,1.951774159,1.184788411,1.094331865,0.000000000,1.962596852,1.192794758,1.095806339,1,0,0,0.000000000,0.101555219,-0.236778817,0.586869529,0.859325499,-0.050780148,-0.100647952,5.311267403,12.220501786,-4.778341074,-130.893993905,-0.064398735,142.888071258,44.902106637,-0.000003185,0.001641933,0.000331227,-0.000132098,0.000186603,-0.000069232,0.000890685,0.000000000,0.000000000,0.000000000,0.000000000,0.000000000,0.000000000,0.000000000,-0.000210964,-0.000003729,0.000208811,0.000000015,-0.000073551,-0.000000047,0.000051912,0.000000000,0.000000000,0.000000000,0.000000000,0.000000000,0.000000000,0.000000000,0.270174165,0.058992904,-0.404203727,0.304191631,0.828448884,0.417236075,0.069002108
14.551000000,0,14.551000000,sample,0.215142450,-0.000006117,0.000000000,0.000000000,0.000000000,0.000000000,0.000000000,0,0,2.000000000,0.080000000,0.000000000,0.000000000,0.000250694,0.000000000,0.003989026,0.000000000,0.000000000,0.000000000,0.000837778,0.299236954,4,67.083450282,0,0.000000000,0.638962482,0.866856262,0.643088511,0.866960197,0.529539281,0.050890094,1.264273818,0.756806250,1.153199574,0.000501389,1.153199793,2.000000000,0.000000000,0.000000000,0.000000000,1.000000000,1.934085537,1.181716532,1.091555367,0.000000000,1.960367604,1.200356282,1.100266366,1,0,0,0.000000000,0.099828396,-0.236570678,0.585099700,0.859472616,-0.050538329,-0.100957803,5.311363110,12.220451234,-4.778436783,-130.893802534,-0.064621405,142.888071333,44.901978412,0.000418973,-0.000175825,0.000020483,0.000686178,-0.000077836,-0.000134538,-0.000001020,0.000000000,0.000000000,0.000000000,0.000000000,0.000000000,0.000000000,0.000000000,0.000170492,0.000003014,-0.000168753,-0.000000013,0.000059441,0.000000038,-0.000041953,0.000000000,0.000000000,0.000000000,0.000000000,0.000000000,0.000000000,0.000000000,0.262451891,0.052815327,-0.401675937,0.303631147,0.828394198,0.418490475,0.070114262
14.601000000,0,14.601000000,sample,0.215142570,0.000002415,0.000000000,0.000000000,0.000000000,0.000000000,0.000000000,0,0,2.000000000,0.080000000,0.000000000,0.000000000,0.000095610,0.000000000,0.001577426,0.000000000,0.000000000,0.000000000,0.001081599,0.088396618,3,30.516120751,0,0.000000000,0.638425616,0.866773215,0.642797350,0.866933070,0.655779887,0.053029563,1.278546981,0.756981980,1.169942295,0.000191219,1.169942113,2.000000000,0.000000000,0.000000000,0.000000000,1.000000000,1.936317113,1.172063695,1.091422803,0.000000000,1.942242053,1.185352981,1.092784795,1,0,0,0.000000000,0.100972266,-0.233819659,0.585423126,0.859410650,-0.050607211,-0.100737536,5.311267401,12.220355468,-4.778644153,-130.893993898,-0.064458614,142.888098623,44.901767811,-0.000470469,0.000175654,-0.000597490,-0.000512516,-0.000039957,0.000530289,-0.000123252,0.000000000,0.000000000,0.000000000,0.000000000,0.000000000,0.000000000,0.000000000,0.000065022,0.000001150,-0.000064359,-0.000000005,0.000022669,0.000000015,-0.000016000,0.000000000,0.000000000,0.000000000,0.000000000,0.000000000,0.000000000,0.000000000,0.271671491,0.055716327,-0.396007943,0.300792562,0.828030606,0.419564026,0.072985707
14.651000000,0,14.651000000,sample,0.215142590,0.000000382,0.000000000,0.000000000,0.000000000,0.000000000,0.000000000,0,0,2.000000000,0.080000000,0.000000000,0.000000000,0.000635078,0.000000000,0.001235713,0.000000000,0.000000000,0.000000000,0.001671011,0.380056003,7,38.521984240,0,0.000000000,0.640621220,0.866721589,0.642204373,0.866923969,0.458112056,0.095900925,1.301735877,0.759000055,1.199513475,0.001270155,1.199512974,2.000000000,0.000000000,0.000000000,0.000000000,1.000000000,1.942481879,1.177193423,1.092896397,0.000000000,1.961128807,1.181155268,1.093752114,1,0,0,0.000000000,0.101211871,-0.237258593,0.586395826,0.859319592,-0.050805394,-0.100970113,5.311413600,12.220501842,-4.778436783,-130.893898191,-0.064356031,142.887951312,44.901802642,0.000618381,0.001028673,-0.000049583,0.000465296,-0.000020206,0.000238129,-0.001037131,0.000000000,0.000000000,0.000000000,0.000000000,0.000000000,0.000000000,0.000000000,0.000431904,0.000007635,-0.000427498,-0.000000032,0.000150581,0.000000097,-0.000106279,0.000000000,0.000000000,0.000000000,0.000000000,0.000000000,0.000000000,0.000000000,0.265648600,0.055584231,-0.401067812,0.303483035,0.828216316,0.420121423,0.073226570
14.701000000,0,14.701000000,sample,0.215142586,-0.000000074,0.000000000,0.000000000,0.000000000,0.000000000,0.000000000,0,0,2.000000000,0.080000000,0.000000000,0.000000000,0.000158654,0.000000000,0.001367184,0.000000000,0.000000000,0.000000000,0.001120219,0.141627386,7,29.525908626,0,0.000000000,0.639861075,0.866689242,0.643747962,0.866899075,0.306287777,0.028180760,1.282093195,0.756635970,1.163770845,0.000317307,1.163770438,2.000000000,0.000000000,0.000000000,0.000000000,1.000000000,1.936184160,1.173604955,1.095742626,0.000000000,1.964834350,1.183388446,1.095742626,1,0,0,0.000000000,0.101218925,-0.235112067,0.586429229,0.859345142,-0.050809445,-0.100471733,5.311186591,12.220505167,-4.778436783,-130.893898189,-0.064396830,142.887949054,44.902106637,0.000362843,0.000526450,-0.000034830,0.000571781,-0.000067680,0.000377943,0.000608702,0.000000000,0.000000000,0.000000000,0.000000000,0.000000000,0.000000000,0.000000000,0.000107897,0.000001907,-0.000106796,-0.000000008,0.000037618,0.000000024,-0.000026550,0.000000000,0.000000000,0.000000000,0.000000000,0.000000000,0.000000000,0.000000000,0.268526387,0.047053206,-0.398926824,0.313651652,0.828773955,0.420142508,0.073658076
14.751000000,0,14.751000000,sample,0.215142589,0.000000054,0.000000000,0.000000000,0.000000000,0.000000000,0.000000000,0,0,2.000000000,0.080000000,0.000000000,0.000000000,0.000256958,0.000000000,0.001364180,0.000000000,0.000000000,0.000000000,0.001271506,0.202089072,4,35.689747257,0,0.000000000,0.640565306,0.866722150,0.642524786,0.866955918,0.396917764,0.063229778,1.289047794,0.757155049,1.181621601,0.000513915,1.181620830,2.000000000,0.000000000,0.000000000,0.000000000,1.000000000,1.939888895,1.172065328,1.097418341,0.000000000,1.953367956,1.181188095,1.097418341,1,0,0,0.000000000,0.101643137,-0.235047922,0.587149945,0.859351500,-0.050937762,-0.100636119,5.311182041,12.220573560,-4.778436616,-130.893898189,-0.064396682,142.887890702,44.901937613,0.000381189,0.000714281,0.000189069,0.000759609,0.000078478,0.000024343,-0.000584570,0.000000000,0.000000000,0.000000000,0.000000000,0.000000000,0.000000000,0.000000000,0.000174752,0.000003089,-0.000172969,-0.000000013,0.000060926,0.000000039,-0.000043002,0.000000000,0.000000000,0.000000000,0.000000000,0.000000000,0.000000000,0.000000000,0.275269739,0.048983036,-0.398463790,0.313304016,0.829407976,0.419422393,0.073407860
14.801000000,0,14.801000000,sample,0.215142695,0.000002122,0.000000000,0.000000000,0.000000000,0.000000000,0.000000000,0,0,2.000000000,0.080000000,0.000000000,0.000000000,0.000488019,0.000000000,0.001300033,0.000000000,0.000000000,0.000000000,0.001092457,0.446716562,2,25.836262638,0,0.000000000,0.639520878,0.866686021,0.642832740,0.866853642,0.418410945,0.036292665,1.293964576,0.757853637,1.183645856,0.000976037,1.183646300,2.000000000,0.000000000,0.000000000,0.000000000,1.000000000,1.959396746,1.184425727,1.094224871,0.000000000,1.975109873,1.191684816,1.098234268,1,0,0,0.000000000,0.101694488,-0.234144669,0.586362907,0.859351858,-0.050812297,-0.100385028,5.311084273,12.220432037,-4.778436783,-130.893993904,-0.064417978,142.887969898,44.902106637,-0.000367067,0.000555289,0.000117797,-0.000300949,-0.000337941,0.000518920,0.000512298,0.000000000,0.000000000,0.000000000,0.000000000,0.000000000,0.000000000,0.000000000,-0.000331892,-0.000005867,0.000328506,0.000000024,-0.000115711,-0.000000074,0.000081669,0.000000000,0.000000000,0.000000000,0.000000000,0.000000000,0.000000000,0.000000000,0.267398636,0.056926419,-0.398952684,0.310388122,0.828509273,0.418816798,0.072431099
14.851000000,0,14.851000000,sample,0.215142702,0.000000151,0.000000000,0.000000000,0.000000000,0.000000000,0.000000000,0,0,2.000000000,0.080000000,0.000000000,0.000000000,0.000224516,0.000000000,0.004504037,0.000000000,0.000000000,0.000000000,0.001774900,0.126494952,2,77.129616254,0,0.000000000,0.640475471,0.866696944,0.645278422,0.866911238,1.169971839,0.111441698,1.328425803,0.758421655,1.225658025,0.000449032,1.225658310,2.000000000,0.000000000,0.000000000,0.000000000,1.000000000,1.939717997,1.182066263,1.091801085,0.000000000,1.960196317,1.186616977,1.094574078,1,0,0,0.000000000,0.101995242,-0.234135420,0.587355433,0.859348635,-0.050912261,-0.100456246,5.311084266,12.220540883,-4.778436783,-130.893994078,-0.064396570,142.887979400,44.902019211,-0.000312800,0.001558779,-0.000062347,-0.000625296,-0.000079825,0.000344376,0.000320603,0.000000000,0.000000000,0.000000000,0.000000000,0.000000000,0.000000000,0.000000000,-0.000152689,-0.000002699,0.000151131,0.000000011,-0.000053234,-0.000000034,0.000037573,0.000000000,0.000000000,0.000000000,0.000000000,0.000000000,0.000000000,0.000000000,0.259838253,0.053325656,-0.402912230,0.306234203,0.828033747,0.417936412,0.072399479
14.901000000,0,14.901000000,sample,0.215142690,-0.000000249,0.000000000,0.000000000,0.000000000,0.000000000,0.000000000,0,0,2.000000000,0.080000000,0.000000000,0.000000000,0.001430745,0.000000000,0.003552985,0.000000000,0.000000000,0.000000000,0.001927452,0.742298947,3,67.815599401,0,0.000000000,0.638798929,0.866683717,0.643212913,0.866766817,0.524392455,0.110648932,1.287408106,0.756846796,1.190161361,0.002861491,1.190165269,2.000000000,0.000000000,0.000000000,0.000000000,1.000000000,1.957393510,1.173054829,1.090537100,0.000000000,1.965734767,1.224862505,1.122157925,1,0,0,0.000000000,0.100502350,-0.235107864,0.585395287,0.859306381,-0.050604249,-0.100858413,5.310984036,12.220409124,-4.778245366,-130.893898191,-0.064417977,142.888066673,44.901721961,-0.000650048,0.000039981,0.001587261,0.000124350,-0.000245780,-0.000139322,-0.000822332,0.000000000,0.000000000,0.000000000,0.000000000,0.000000000,0.000000000,0.000000000,-0.000973023,-0.000017201,0.000963096,0.000000071,-0.000339236,-0.000000218,0.000239432,0.000000000,0.000000000,0.000000000,0.000000000,0.000000000,0.000000000,0.000000000,0.285162172,0.061804688,-0.381189180,0.301686325,0.828194413,0.420353794,0.072185574
14.951000000,0,14.951000000,sample,0.215142413,-0.000005544,0.000000000,0.000000000,0.000000000,0.000000000,0.000000000,0,0,2.000000000,0.080000000,0.000000000,0.000000000,0.000596525,0.000000000,0.001729787,0.000000000,0.000000000,0.000000000,0.001758298,0.339262456,7,40.585978755,0,0.000000000,0.637184787,0.866611203,0.644130818,0.866805274,0.918794208,0.156189608,1.240999687,0.753934076,1.113551206,0.001193049,1.113552516,2.000000000,0.000000000,0.000000000,0.000000000,1.000000000,1.928765540,1.170330368,1.091526351,0.000000000,1.961144875,1.178834208,1.093648918,1,0,0,0.000000000,0.099763682,-0.231919193,0.585034314,0.859323705,-0.050528173,-0.100123178,5.310947693,12.220446681,-4.778548444,-130.893802480,-0.064335435,142.888077235,44.902060010,-0.000986332,-0.000077385,-0.000366879,0.000835444,0.000066245,0.000145110,0.001120161,0.000000000,0.000000000,0.000000000,0.000000000,0.000000000,0.000000000,0.000000000,-0.000405685,-0.000007172,0.000401546,0.000000030,-0.000141439,-0.000000091,0.000099827,0.000000000,0.000000000,0.000000000,0.000000000,0.000000000,0.000000000,0.000000000,0.272076738,0.049993363,-0.390579266,0.305065024,0.828958451,0.420438068,0.073127100
15.001000000,0,15.001000000,sample,0.215142522,0.000002179,0.000000000,0.000000000,0.000000000,0.000000000,0.000000000,0,0,2.000000000,0.080000000,0.000000000,0.000000000,0.000450445,0.000000000,0.004867885,0.000000000,0.000000000,0.000000000,0.002009906,0.224112455,3,58.025733853,0,0.000000000,0.637874083,0.866720787,0.641575817,0.866816321,1.523438768,0.166347756,1.286898676,0.758462827,1.186230504,0.000900890,1.186230278,2.000000000,0.000000000,0.000000000,0.000000000,1.000000000,1.950467877,1.157614248,1.089659688,0.000000000,1.950467877,1.214738608,1.103246249,1,0,0,0.000000000,0.101248070,-0.230286524,0.586174283,0.859426463,-0.050699891,-0.100102942,5.310986994,12.220436208,-4.778739843,-130.893993898,-0.064438013,142.888084593,44.902012465,-0.000834121,0.000811225,-0.001531038,-0.000537870,-0.000016188,-0.000199016,0.000112363,0.000000000,0.000000000,0.000000000,0.000000000,0.000000000,0.000000000,0.000000000,0.000306339,0.000005416,-0.000303214,-0.000000023,0.000106803,0.000000069,-0.000075381,0.000000000,0.000000000,0.000000000,0.000000000,0.000000000,0.000000000,0.000000000,0.303633251,0.059240063,-0.366383316,0.303202062,0.826749675,0.420310941,0.072877715
15.051000000,0,15.051000000,sample,0.215142703,0.000003634,0.000000000,0.000000000,0.000000000,0.000000000,0.000000000,0,0,2.000000000,0.080000000,0.000000000,0.000000000,0.000380498,0.000000000,0.002670979,0.000000000,0.000000000,0.000000000,0.000790570,0.481295450,1,43.724943628,0,0.000000000,0.640058830,0.866675086,0.641707291,0.866738666,0.297280885,0.020309227,1.280725191,0.757220062,1.175387823,0.000760995,1.175388006,2.000000000,0.000000000,0.000000000,0.000000000,1.000000000,1.919685766,1.172366913,1.092367805,0.000000000,1.953353833,1.185859568,1.096641530,1,0,0,0.000000000,0.102512553,-0.232468614,0.587473256,0.859336714,-0.051053335,-0.100297921,5.310903142,12.220527739,-4.778436783,-130.893995360,-0.064376224,142.887828263,44.901978412,-0.000522763,0.000424654,0.000039214,0.000299495,-0.000146906,-0.000154419,-0.000186351,0.000000000,0.000000000,0.000000000,0.000000000,0.000000000,0.000000000,0.000000000,-0.000258769,-0.000004575,0.000256129,0.000000019,-0.000090218,-0.000000058,0.000063676,0.000000000,0.000000000,0.000000000,0.000000000,0.000000000,0.000000000,0.000000000,0.265069502,0.043524731,-0.394850628,0.309595730,0.828746752,0.421140060,0.071934109
15.101000000,0,15.101000000,sample,0.215142761,0.000001157,0.000000000,0.000000000,0.000000000,0.000000000,0.000000000,0,0,2.000000000,0.080000000,0.000000000,0.000000000,0.000451618,0.000000000,0.004371159,0.000000000,0.000000000,0.000000000,0.001324603,0.340945939,4,36.194199111,0,0.000000000,0.637936451,0.866671825,0.641462610,0.866833643,0.221844041,0.054654871,1.275574162,0.758450411,1.179080545,0.000903236,1.179080643,2.000000000,0.000000000,0.000000000,0.000000000,1.000000000,1.934026698,1.154188628,1.090003482,0.000000000,1.944256954,1.223314453,1.104317940,1,0,0,0.000000000,0.102077018,-0.232722118,0.585135551,0.859323016,-0.050771570,-0.100529863,5.310996841,12.220219061,-4.778507691,-130.894089607,-0.064376224,142.887897623,44.901768339,0.000370670,-0.000649994,-0.000252210,-0.000796903,-0.000270315,0.000233285,-0.000607066,0.000000000,0.000000000,0.000000000,0.000000000,0.000000000,0.000000000,0.000000000,0.000307137,0.000005430,-0.000304004,-0.000000023,0.000107079,0.000000069,-0.000075576,0.000000000,0.000000000,0.000000000,0.000000000,0.000000000,0.000000000,0.000000000,0.302045448,0.049187328,-0.365389076,0.310566795,0.826427130,0.419924264,0.071955853
15.151000000,0,15.151000000,sample,0.215142752,-0.000000173,0.000000000,0.000000000,0.000000000,0.000000000,0.000000000,0,0,2.000000000,0.080000000,0.000000000,0.000000000,0.000041105,0.000000000,0.002098291,0.000000000,0.000000000,0.000000000,0.000899237,0.045711254,2,56.803083342,0,0.000000000,0.639834394,0.866685022,0.642386908,0.866765868,0.433169645,0.067807323,1.300860987,0.759461111,1.201636609,0.000082211,1.201636493,2.000000000,0.000000000,0.000000000,0.000000000,1.000000000,1.957745516,1.188168918,1.092816854,0.000000000,1.969477499,1.196365425,1.095019524,1,0,0,0.000000000,0.102174980,-0.232169117,0.587406015,0.859355278,-0.050909163,-0.100298007,5.310873357,12.220519193,-4.778436281,-130.894037746,-0.064411195,142.888006626,44.901978412,0.000104556,0.000677736,0.000156038,-0.000112609,-0.000350048,0.000124083,-0.000404242,0.000000000,0.000000000,0.000000000,0.000000000,0.000000000,0.000000000,0.000000000,-0.000027955,-0.000000494,0.000027670,0.000000002,-0.000009746,-0.000000006,0.000006879,0.000000000,0.000000000,0.000000000,0.000000000,0.000000000,0.000000000,0.000000000,0.264779495,0.058450466,-0.398221618,0.306196137,0.829107848,0.419475970,0.070764368
15.201000000,0,15.201000000,sample,0.215142714,-0.000000765,0.000000000,0.000000000,0.000000000,0.000000000,0.000000000,0,0,2.000000000,0.080000000,0.000000000,0.000000000,0.000680015,0.000000000,0.004257975,0.000000000,0.000000000,0.000000000,0.001766557,0.384937943,1,52.021907326,0,0.000000000,0.640990051,0.866692493,0.642386427,0.866757235,1.191929363,0.134678626,1.332785616,0.757971357,1.237930458,0.001360030,1.237930610,2.000000000,0.000000000,0.000000000,0.000000000,1.000000000,1.940128425,1.190197823,1.090899854,0.000000000,1.961860631,1.192019749,1.093286099,1,0,0,0.000000000,0.102514949,-0.234900494,0.587520798,0.859290705,-0.051049424,-0.100843036,5.311157426,12.220532878,-4.778436783,-130.893998283,-0.064300455,142.887841973,44.901627166,0.001274151,0.001012407,0.000453211,-0.000324777,0.000213086,-0.000067691,-0.000333809,0.000000000,0.000000000,0.000000000,0.000000000,0.000000000,0.000000000,0.000000000,0.000462465,0.000008176,-0.000457747,-0.000000034,0.000161236,0.000000104,-0.000113800,0.000000000,0.000000000,0.000000000,0.000000000,0.000000000,0.000000000,0.000000000,0.250643298,0.055468402,-0.407578073,0.301041188,0.828546223,0.419516589,0.070249488
15.251000000,0,15.251000000,sample,0.215142690,-0.000000476,0.000000000,0.000000000,0.000000000,0.000000000,0.000000000,0,0,2.000000000,0.080000000,0.000000000,0.000000000,0.000115233,0.000000000,0.001768060,0.000000000,0.000000000,0.000000000,0.001056145,0.109107105,7,28.168749803,0,0.000000000,0.638954788,0.866693884,0.642754692,0.866738157,0.534941977,0.102040472,1.296665339,0.759460768,1.202833576,0.000230466,1.202833855,2.000000000,0.000000000,0.000000000,0.000000000,1.000000000,1.967075822,1.195789100,1.090195069,0.000000000,1.975005106,1.195809045,1.092720061,1,0,0,0.000000000,0.101731616,-0.234189946,0.585720897,0.859340658,-0.050810849,-0.100549390,5.311086507,12.220349505,-4.778436783,-130.893993898,-0.064411195,142.887890951,44.901937613,0.000515509,-0.000011864,0.000357613,-0.000513910,-0.000372532,0.000067635,-0.000560541,0.000000000,0.000000000,0.000000000,0.000000000,0.000000000,0.000000000,0.000000000,0.000078368,0.000001385,-0.000077568,-0.000000006,0.000027322,0.000000018,-0.000019284,0.000000000,0.000000000,0.000000000,0.000000000,0.000000000,0.000000000,0.000000000,0.254646144,0.063241121,-0.401185525,0.303532823,0.828460745,0.418407873,0.072019700
15.301000000,0,15.301000000,sample,0.215142699,0.000000167,0.000000000,0.000000000,0.000000000,0.000000000,0.000000000,0,0,2.000000000,0.080000000,0.000000000,0.000000000,0.001312745,0.000000000,0.004346814,0.000000000,0.000000000,0.000000000,0.001537286,0.853936300,3,51.817579768,0,0.000000000,0.639370078,0.866688257,0.642261880,0.866761317,0.358509790,0.040512777,1.261071383,0.756496049,1.152236796,0.002625489,1.152239849,2.000000000,0.000000000,0.000000000,0.000000000,1.000000000,1.925904904,1.158519140,1.092120543,0.000000000,1.964939671,1.222963984,1.104863765,1,0,0,0.000000000,0.102078540,-0.232549028,0.586766579,0.859329680,-0.050928898,-0.100534989,5.310909849,12.220462237,-4.778437285,-130.893993898,-0.064376476,142.887888466,44.901747925,0.000781096,-0.000670992,-0.001106607,-0.000195435,0.000130339,0.000127985,-0.000082257,0.000000000,0.000000000,0.000000000,0.000000000,0.000000000,0.000000000,0.000000000,0.000892773,0.000015783,-0.000883664,-0.000000066,0.000311258,0.000000200,-0.000219685,0.000000000,0.000000000,0.000000000,0.000000000,0.000000000,0.000000000,0.000000000,0.296026284,0.046470161,-0.371543661,0.310359595,0.829146160,0.419443666,0.071778327
15.351000000,0,15.351000000,sample,0.215142473,-0.000004507,0.000000000,0.000000000,0.000000000,0.000000000,0.000000000,0,0,2.000000000,0.080000000,0.000000000,0.000000000,0.000695864,0.000000000,0.004659656,0.000000000,0.000000000,0.000000000,0.001549746,0.449017829,7,45.101354505,0,0.000000000,0.636452291,0.866603056,0.640882908,0.866708446,0.439419014,0.076787449,1.269731559,0.756079858,1.163419524,0.001391727,1.163419946,2.000000000,0.000000000,0.000000000,0.000000000,1.000000000,1.947282641,1.177603659,1.093518209,0.000000000,1.957195651,1.212862506,1.103774685,1,0,0,0.000000000,0.099641967,-0.231156578,0.584559350,0.859294412,-0.050491490,-0.100322377,5.310746887,12.220391103,-4.778436783,-130.893802482,-0.064335425,142.888064591,44.901768589,0.000551385,0.000398830,-0.000096181,0.000860300,0.000325640,0.000002837,-0.001040771,0.000000000,0.000000000,0.000000000,0.000000000,0.000000000,0.000000000,0.000000000,0.000473244,0.000008366,-0.000468416,-0.000000035,0.000164992,0.000000106,-0.000116451,0.000000000,0.000000000,0.000000000,0.000000000,0.000000000,0.000000000,0.000000000,0.274141201,0.054287768,-0.392729271,0.308503729,0.829163718,0.418990868,0.072144742
15.401000000,0,15.401000000,sample,0.215142755,0.000005634,0.000000000,0.000000000,0.000000000,0.000000000,0.000000000,0,0,2.000000000,0.080000000,0.000000000,0.000000000,0.000057958,0.000000000,0.001898780,0.000000000,0.000000000,0.000000000,0.000697716,0.083068422,4,26.111896465,0,0.000000000,0.640201436,0.866672758,0.641771402,0.866726975,0.402215724,0.061847531,1.294273506,0.758276237,1.197937850,0.000115916,1.197938010,2.000000000,0.000000000,0.000000000,0.000000000,1.000000000,1.916081538,1.168844340,1.095738691,0.000000000,1.944508309,1.177705036,1.098338967,1,0,0,0.000000000,0.102566562,-0.231967282,0.587817284,0.859340923,-0.051077296,-0.100229518,5.310753089,12.220566875,-4.778340572,-130.893993898,-0.064411164,142.887843723,44.902019211,0.000285702,-0.000047949,0.000297989,-0.000356531,-0.000270240,-0.000328470,-0.000077769,0.000000000,0.000000000,0.000000000,0.000000000,0.000000000,0.000000000,0.000000000,-0.000039416,-0.000000697,0.000039014,0.000000003,-0.000013742,-0.000000009,0.000009699,0.000000000,0.000000000,0.000000000,0.000000000,0.000000000,0.000000000,0.000000000,0.271732910,0.044692175,-0.399478622,0.307734140,0.830473681,0.419021188,0.072514504
15.451000000,0,15.451000000,sample,0.215142516,-0.000004789,0.000000000,0.000000000,0.000000000,0.000000000,0.000000000,0,0,2.000000000,0.080000000,0.000000000,0.000000000,0.000923754,0.000000000,0.001680696,0.000000000,0.000000000,0.000000000,0.001706048,0.541458252,7,44.269787644,0,0.000000000,0.636712373,0.866615983,0.640072005,0.866692912,0.286480600,0.068292193,1.262867667,0.756984547,1.146161703,0.001847507,1.146163460,2.000000000,0.000000000,0.000000000,0.000000000,1.000000000,1.944270581,1.180297647,1.095426691,0.000000000,1.953996590,1.184850821,1.097808420,1,0,0,0.000000000,0.101070496,-0.229825618,0.585121856,0.859342845,-0.050755004,-0.099885271,5.310727210,12.220349282,-4.778548444,-130.893898369,-0.064376224,142.887850505,44.902105888,0.000831985,0.000005523,-0.000848048,0.000446436,-0.000097058,0.000044085,0.001135128,0.000000000,0.000000000,0.000000000,0.000000000,0.000000000,0.000000000,0.000000000,0.000628228,0.000011106,-0.000621819,-0.000000046,0.000219024,0.000000141,-0.000154587,0.000000000,0.000000000,0.000000000,0.000000000,0.000000000,0.000000000,0.000000000,0.268072561,0.053622254,-0.402420281,0.308064916,0.829437382,0.418610867,0.071929731
15.501000000,0,15.501000000,sample,0.215142748,0.000004652,0.000000000,0.000000000,0.000000000,0.000000000,0.000000000,0,0,2.000000000,0.080000000,0.000000000,0.000000000,0.000763106,0.000000000,0.004202530,0.000000000,0.000000000,0.000000000,0.000881391,0.865797193,3,55.748006216,0,0.000000000,0.637892692,0.866628372,0.640668574,0.866702303,0.236928883,0.033086263,1.274545237,0.757225990,1.167356493,0.001526212,1.167357571,2.000000000,0.000000000,0.000000000,0.000000000,1.000000000,1.939827485,1.178450931,1.093174490,0.000000000,1.965590605,1.235123789,1.105155001,1,0,0,0.000000000,0.101563548,-0.230508942,0.586052523,0.859323302,-0.050781394,-0.100147130,5.310590038,12.220397110,-4.778341074,-130.893993899,-0.064410441,142.887972697,44.901937613,-0.000270896,-0.000133975,0.000658087,0.000034808,-0.000397178,0.000189644,0.000239815,0.000000000,0.000000000,0.000000000,0.000000000,0.000000000,0.000000000,0.000000000,-0.000518974,-0.000009174,0.000513679,0.000000038,-0.000180935,-0.000000116,0.000127704,0.000000000,0.000000000,0.000000000,0.000000000,0.000000000,0.000000000,0.000000000,0.276427816,0.049219364,-0.387147478,0.312031871,0.829815434,0.418938358,0.069609790
15.551000000,0,15.551000000,sample,0.215142645,-0.000002066,0.000000000,0.000000000,0.000000000,0.000000000,0.000000000,0,0,2.000000000,0.080000000,0.000000000,0.000000000,0.000730319,0.000000000,0.002132404,0.000000000,0.000000000,0.000000000,0.001253993,0.582394559,7,37.255352254,0,0.000000000,0.638512425,0.866655515,0.640609183,0.866704722,0.476823475,0.065341587,1.296430550,0.759663026,1.199610315,0.001460638,1.199611352,2.000000000,0.000000000,0.000000000,0.000000000,1.000000000,1.937537596,1.174038656,1.094832559,0.000000000,1.968802215,1.187335884,1.094832559,1,0,0,0.000000000,0.101931195,-0.227148249,0.587972636,0.859365547,-0.050925764,-0.099946006,5.310447440,12.220621926,-4.778548443,-130.893993898,-0.064376196,142.888052532,44.901768589,0.000418597,0.000629354,-0.000525535,-0.000279130,-0.000184794,0.000164623,-0.000765402,0.000000000,0.000000000,0.000000000,0.000000000,0.000000000,0.000000000,0.000000000,0.000496676,0.000008781,-0.000491608,-0.000000036,0.000173165,0.000000111,-0.000122219,0.000000000,0.000000000,0.000000000,0.000000000,0.000000000,0.000000000,0.000000000,0.274788523,0.048074177,-0.391485730,0.312829439,0.829700981,0.419618809,0.072328945
15.601000000,0,15.601000000,sample,0.215142814,0.000003382,0.000000000,0.000000000,0.000000000,0.000000000,0.000000000,0,0,2.000000000,0.080000000,0.000000000,0.000000000,0.000398646,0.000000000,0.001636161,0.000000000,0.000000000,0.000000000,0.001109635,0.359258279,4,62.949748000,0,0.000000000,0.638269380,0.866576501,0.640753073,0.866673487,0.771405246,0.081149506,1.308668886,0.756144483,1.210715009,0.000797291,1.210716090,2.000000000,0.000000000,0.000000000,0.000000000,1.000000000,1.956689346,1.185642496,1.093471022,0.000000000,1.959329793,1.185642496,1.095746055,1,0,0,0.000000000,0.102614828,-0.229195877,0.586794042,0.859298938,-0.050951242,-0.099820535,5.310543147,12.220396945,-4.778436783,-130.894089613,-0.064332904,142.887896100,44.902060010,0.000342010,0.000439269,-0.000183574,-0.000880394,0.000276768,-0.000083997,0.000170038,0.000000000,0.000000000,0.000000000,0.000000000,0.000000000,0.000000000,0.000000000,0.000271112,0.000004793,-0.000268345,-0.000000020,0.000094520,0.000000061,-0.000066712,0.000000000,0.000000000,0.000000000,0.000000000,0.000000000,0.000000000,0.000000000,0.263051888,0.057520174,-0.400447045,0.307651191,0.828938582,0.419157719,0.073038028
15.651000000,0,15.651000000,sample,0.215142647,-0.000003340,0.000000000,0.000000000,0.000000000,0.000000000,0.000000000,0,0,2.000000000,0.080000000,0.000000000,0.000000000,0.001042787,0.000000000,0.004889882,0.000000000,0.000000000,0.000000000,0.001531363,0.680953463,3,42.908427761,0,0.000000000,0.637396111,0.866547304,0.641106543,0.866678588,0.366501771,0.015389562,1.285647297,0.754266475,1.172939284,0.002085574,1.172940779,2.000000000,0.000000000,0.000000000,0.000000000,1.000000000,1.924443462,1.181326453,1.094467842,0.000000000,1.952297810,1.184691321,1.094501857,1,0,0,0.000000000,0.101288801,-0.228381914,0.586392431,0.859274356,-0.050843404,-0.099833660,5.310351729,12.220493137,-4.778341074,-130.893898243,-0.064315081,142.887912259,44.901937613,-0.000504156,0.000708486,0.001003112,0.000620691,0.000154233,-0.000002934,0.000416725,0.000000000,0.000000000,0.000000000,0.000000000,0.000000000,0.000000000,0.000000000,-0.000709180,-0.000012537,0.000701944,0.000000052,-0.000247250,-0.000000159,0.000174509,0.000000000,0.000000000,0.000000000,0.000000000,0.000000000,0.000000000,0.000000000,0.255058078,0.042380064,-0.404947713,0.315068439,0.829474504,0.417657360,0.072751421
15.701000000,0,15.701000000,sample,0.215142601,-0.000000927,0.000000000,0.000000000,0.000000000,0.000000000,0.000000000,0,0,2.000000000,0.080000000,0.000000000,0.000000000,0.000133320,0.000000000,0.001657182,0.000000000,0.000000000,0.000000000,0.001204710,0.110665474,3,45.429387144,0,0.000000000,0.636634584,0.866456274,0.640030844,0.866662270,0.733907301,0.075120018,1.259148520,0.757027694,1.153229655,0.000266640,1.153228863,2.000000000,0.000000000,0.000000000,0.000000000,1.000000000,1.943827075,1.185519602,1.091611183,0.000000000,1.955669371,1.196769308,1.096260639,1,0,0,0.000000000,0.102087157,-0.225030499,0.586722320,0.859242072,-0.050942675,-0.099269232,5.310292368,12.220457625,-4.778644153,-130.893993898,-0.064158021,142.887868864,44.902019211,-0.000488621,-0.000442639,-0.000811991,-0.000511718,-0.000207627,0.000165374,0.000158132,0.000000000,0.000000000,0.000000000,0.000000000,0.000000000,0.000000000,0.000000000,0.000090668,0.000001603,-0.000089743,-0.000000007,0.000031611,0.000000020,-0.000022311,0.000000000,0.000000000,0.000000000,0.000000000,0.000000000,0.000000000,0.000000000,0.256808242,0.055067300,-0.403028019,0.305138516,0.828807876,0.418146335,0.072953029
15.751000000,0,15.751000000,sample,0.215142745,0.000002876,0.000000000,0.000000000,0.000000000,0.000000000,0.000000000,0,0,2.000000000,0.080000000,0.000000000,0.000000000,0.001604556,0.000000000,0.001604556,0.000000000,0.000000000,0.000000000,0.002006903,0.799518309,1,51.180247857,0,0.000000000,0.636218538,0.866616672,0.639121889,0.866640193,0.350179988,0.039453606,1.255866642,0.755992869,1.155900559,0.003209111,1.155905026,2.000000000,0.000000000,0.000000000,0.000000000,1.000000000,1.933514316,1.180365133,1.092946300,0.000000000,1.946565545,1.185973031,1.093794567,1,0,0,0.000000000,0.101942770,-0.226094199,0.585886604,0.859319810,-0.050891405,-0.100019925,5.310113750,12.220355359,-4.778341074,-130.893993898,-0.064410189,142.887828473,44.901586450,-0.001435746,-0.000590524,0.000988681,-0.000101050,-0.000323785,0.000003188,-0.000724587,0.000000000,0.000000000,0.000000000,0.000000000,0.000000000,0.000000000,0.000000000,-0.001091229,-0.000019291,0.001080096,0.000000080,-0.000380444,-0.000000245,0.000268517,0.000000000,0.000000000,0.000000000,0.000000000,0.000000000,0.000000000,0.000000000,0.259980271,0.049046188,-0.399279350,0.308873914,0.829883709,0.419033849,0.073572507
15.801000000,0,15.801000000,sample,0.215142863,0.000002359,0.000000000,0.000000000,0.000000000,0.000000000,0.000000000,0,0,2.000000000,0.080000000,0.000000000,0.000000000,0.000118348,0.000000000,0.006645369,0.000000000,0.000000000,0.000000000,0.001640050,0.072161374,4,33.682447694,0,0.000000000,0.635788349,0.866516270,0.638966747,0.866680646,0.840332579,0.052542371,1.289682884,0.755257793,1.192309334,0.000236696,1.192309581,2.000000000,0.000000000,0.000000000,0.000000000,1.000000000,1.934296466,1.168348753,1.088493378,0.000000000,1.954407694,1.261921425,1.117808727,1,0,0,0.000000000,0.101518284,-0.226767013,0.585232932,0.859272655,-0.050637549,-0.099683441,5.310176878,12.220255601,-4.778341075,-130.894089607,-0.064348344,142.888074323,44.901937613,0.000821393,-0.000690714,0.000555136,-0.000951829,0.000114774,-0.000222728,0.000510936,0.000000000,0.000000000,0.000000000,0.000000000,0.000000000,0.000000000,0.000000000,0.000080487,0.000001423,-0.000079665,-0.000000006,0.000028061,0.000000018,-0.000019805,0.000000000,0.000000000,0.000000000,0.000000000,0.000000000,0.000000000,0.000000000,0.284784938,0.052693055,-0.373804877,0.304656460,0.829395892,0.418625648,0.072444401
15.851000000,0,15.851000000,sample,0.215142751,-0.000002240,0.000000000,0.000000000,0.000000000,0.000000000,0.000000000,0,0,2.000000000,0.080000000,0.000000000,0.000000000,0.000770197,0.000000000,0.004353168,0.000000000,0.000000000,0.000000000,0.001287646,0.598143165,4,45.145311516,0,0.000000000,0.637674332,0.866596982,0.639307396,0.866615096,0.400794007,0.040825420,1.286177353,0.759149692,1.190902701,0.001540393,1.190904018,2.000000000,0.000000000,0.000000000,0.000000000,1.000000000,1.929362490,1.170661242,1.089721806,0.000000000,1.958447879,1.225510599,1.104956133,1,0,0,0.000000000,0.103216898,-0.224187231,0.587975264,0.859364029,-0.051144656,-0.099337906,5.310129509,12.220514744,-4.778548444,-130.894089607,-0.064383063,142.887821819,44.902060010,0.000603751,-0.000252761,-0.000619492,-0.000865173,-0.000295439,0.000036424,-0.000093408,0.000000000,0.000000000,0.000000000,0.000000000,0.000000000,0.000000000,0.000000000,0.000523796,0.000009260,-0.000518452,-0.000000038,0.000182618,0.000000117,-0.000128891,0.000000000,0.000000000,0.000000000,0.000000000,0.000000000,0.000000000,0.000000000,0.283877534,0.052292075,-0.380491783,0.302667343,0.829355550,0.418511979,0.069341740
15.901000000,0,15.901000000,sample,0.215142514,-0.000004724,0.000000000,0.000000000,0.000000000,0.000000000,0.000000000,0,0,2.000000000,0.080000000,0.000000000,0.000000000,0.000832192,0.000000000,0.005098650,0.000000000,0.000000000,0.000000000,0.002610542,0.318781275,7,59.334889600,0,0.000000000,0.632862344,0.866330159,0.638263836,0.866559909,0.847614338,0.132310631,1.230286335,0.755814257,1.124104189,0.001664384,1.124106439,2.000000000,0.000000000,0.000000000,0.000000000,1.000000000,1.930314392,1.180067629,1.090337796,0.000000000,1.932164598,1.180067629,1.090347552,1,0,0,0.000000000,0.099938572,-0.221374150,0.584397565,0.859147681,-0.050588159,-0.099166750,5.309624869,12.220351532,-4.778395913,-130.893802480,-0.064110658,142.887938145,44.901660915,-0.001150799,-0.000431188,0.000534106,0.000736868,-0.000090328,0.000651639,-0.002010878,0.000000000,0.000000000,0.000000000,0.000000000,0.000000000,0.000000000,0.000000000,-0.000565958,-0.000010005,0.000560184,0.000000041,-0.000197315,-0.000000126,0.000139265,0.000000000,0.000000000,0.000000000,0.000000000,0.000000000,0.000000000,0.000000000,0.263702213,0.050201514,-0.397458306,0.305235776,0.827662648,0.419330602,0.069078686
15.951000000,0,15.951000000,sample,0.215142654,0.000002783,0.000000000,0.000000000,0.000000000,0.000000000,0.000000000,0,0,2.000000000,0.080000000,0.000000000,0.000000000,0.000094679,0.000000000,0.001216319,0.000000000,0.000000000,0.000000000,0.001604006,0.059026370,2,73.790919189,0,0.000000000,0.633782237,0.866280338,0.640150453,0.866569629,1.146857360,0.119227476,1.225137844,0.751866389,1.109331210,0.000189357,1.109331566,2.000000000,0.000000000,0.000000000,0.000000000,1.000000000,1.953153254,1.186900118,1.084491454,0.000000000,1.989680423,1.201705411,1.093351706,1,0,0,0.000000000,0.100870331,-0.223314937,0.584495970,0.859111887,-0.050653629,-0.099008077,5.309870567,12.220260281,-4.778436783,-130.893937706,-0.064046405,142.887911192,44.901971665,0.000245183,-0.001377868,0.000244702,0.000606098,0.000427111,0.000047688,-0.000047643,0.000000000,0.000000000,0.000000000,0.000000000,0.000000000,0.000000000,0.000000000,0.000064389,0.000001138,-0.000063732,-0.000000005,0.000022448,0.000000014,-0.000015844,0.000000000,0.000000000,0.000000000,0.000000000,0.000000000,0.000000000,0.000000000,0.258371509,0.072755082,-0.398206864,0.283283219,0.828519398,0.416311285,0.074128317
16.001000000,0,16.001000000,sample,0.215142596,-0.000001141,0.000000000,0.000000000,0.000000000,0.000000000,0.000000000,0,0,2.000000000,0.080000000,0.000000000,0.000000000,0.000960709,0.000000000,0.001493878,0.000000000,0.000000000,0.000000000,0.001360966,0.705901849,3,45.093537177,0,0.000000000,0.634962304,0.866460369,0.638618776,0.866555568,0.649015376,0.067112902,1.289362841,0.758752072,1.194927590,0.001921417,1.194929346,2.000000000,0.000000000,0.000000000,0.000000000,1.000000000,1.935016194,1.184724349,1.089686549,0.000000000,1.950833593,1.188702987,1.093680460,1,0,0,0.000000000,0.102158427,-0.220670352,0.586553816,0.859255444,-0.050971437,-0.099174423,5.309824623,12.220431640,-4.778644147,-130.893993898,-0.064185217,142.887821597,44.901667299,0.000372405,0.000743355,-0.000913912,-0.000235836,0.000005831,-0.000174094,-0.000489663,0.000000000,0.000000000,0.000000000,0.000000000,0.000000000,0.000000000,0.000000000,0.000653360,0.000011551,-0.000646694,-0.000000048,0.000227788,0.000000146,-0.000160772,0.000000000,0.000000000,0.000000000,0.000000000,0.000000000,0.000000000,0.000000000,0.256038592,0.049866219,-0.397222463,0.309314639,0.828905413,0.416535889,0.072985013
16.051000000,0,16.051000000,sample,0.215142979,0.000007645,0.000000000,0.000000000,0.000000000,0.000000000,0.000000000,0,0,2.000000000,0.080000000,0.000000000,0.000000000,0.000124798,0.000000000,0.001519118,0.000000000,0.000000000,0.000000000,0.000919180,0.135771009,7,35.443733935,0,0.000000000,0.637072343,0.866357937,0.637072343,0.866546702,0.494372709,0.081403112,1.294152092,0.757788973,1.204928962,0.000249596,1.204929301,2.000000000,0.000000000,0.000000000,0.000000000,1.000000000,1.956052014,1.187070383,1.089393403,0.000000000,1.957211499,1.188057779,1.091176107,1,0,0,0.000000000,0.104060655,-0.221718883,0.588109927,0.859156698,-0.051224020,-0.099004763,5.309715327,12.220435161,-4.778436783,-130.894208015,-0.064087991,142.887787766,44.901850187,0.000009576,0.000148667,0.000288433,-0.000513762,-0.000128569,-0.000399452,-0.000547230,0.000000000,0.000000000,0.000000000,0.000000000,0.000000000,0.000000000,0.000000000,-0.000084873,-0.000001500,0.000084007,0.000000006,-0.000029590,-0.000000019,0.000020885,0.000000000,0.000000000,0.000000000,0.000000000,0.000000000,0.000000000,0.000000000,0.262329940,0.055918922,-0.392547203,0.310459569,0.827595595,0.417377952,0.072365654
16.101000000,0,16.101000000,sample,0.215142610,-0.000007378,0.000000000,0.000000000,0.000000000,0.000000000,0.000000000,0,0,2.000000000,0.080000000,0.000000000,0.000000000,0.000854958,0.000000000,0.001392402,0.000000000,0.000000000,0.000000000,0.002099782,0.407164942,7,52.686218112,0,0.000000000,0.635557439,0.866399697,0.638084746,0.866500635,0.602094648,0.152331929,1.285599023,0.753131342,1.166575754,0.001709915,1.166576538,2.000000000,0.000000000,0.000000000,0.000000000,1.000000000,1.949632615,1.184273745,1.092393275,0.000000000,1.968715841,1.191047247,1.093875683,1,0,0,0.000000000,0.101619462,-0.219447567,0.587749529,0.859245507,-0.050976270,-0.098726960,5.309481869,12.220645508,-4.778436783,-130.893898189,-0.064211197,142.887935564,44.901999297,-0.000899076,0.001029154,0.000128657,0.000220333,0.000361733,0.000150527,0.001524132,0.000000000,0.000000000,0.000000000,0.000000000,0.000000000,0.000000000,0.000000000,-0.000581440,-0.000010279,0.000575507,0.000000043,-0.000202717,-0.000000130,0.000143078,0.000000000,0.000000000,0.000000000,0.000000000,0.000000000,0.000000000,0.000000000,0.261707332,0.052767531,-0.400022895,0.311730739,0.827360884,0.418544253,0.071751186
16.151000000,0,16.151000000,sample,0.215142612,0.000000043,0.000000000,0.000000000,0.000000000,0.000000000,0.000000000,0,0,2.000000000,0.080000000,0.000000000,0.000000000,0.000403540,0.000000000,0.001577964,0.000000000,0.000000000,0.000000000,0.001324869,0.304588625,7,40.391844488,0,0.000000000,0.633778272,0.866324614,0.637294223,0.866528960,0.295732795,0.028414293,1.275119450,0.756239941,1.171123499,0.000807080,1.171123624,2.000000000,0.000000000,0.000000000,0.000000000,1.000000000,1.941628109,1.180044586,1.088752581,0.000000000,1.954153874,1.182831386,1.092995590,1,0,0,0.000000000,0.101132037,-0.219186773,0.586007139,0.859162714,-0.050813997,-0.098872169,5.309436539,12.220451229,-4.778436783,-130.893899651,-0.064103837,142.887908990,44.901721212,-0.000574064,0.000643462,0.000256118,0.000177262,0.000044574,0.000451321,-0.000842015,0.000000000,0.000000000,0.000000000,0.000000000,0.000000000,0.000000000,0.000000000,-0.000274440,-0.000004852,0.000271640,0.000000020,-0.000095681,-0.000000061,0.000067532,0.000000000,0.000000000,0.000000000,0.000000000,0.000000000,0.000000000,0.000000000,0.263188630,0.055782191,-0.393027626,0.302722993,0.828196008,0.419079583,0.073171211
16.201000000,0,16.201000000,sample,0.215142515,-0.000001939,0.000000000,0.000000000,0.000000000,0.000000000,0.000000000,0,0,2.000000000,0.080000000,0.000000000,0.000000000,0.000445505,0.000000000,0.001561489,0.000000000,0.000000000,0.000000000,0.001680173,0.265153979,7,38.211853890,0,0.000000000,0.633366998,0.866329860,0.637893345,0.866509923,0.785023580,0.137170230,1.234264057,0.754553933,1.119092103,0.000891009,1.119092107,2.000000000,0.000000000,0.000000000,0.000000000,1.000000000,1.951298501,1.188545223,1.090182330,0.000000000,1.976572037,1.197423139,1.092501914,1,0,0,0.000000000,0.100783057,-0.218441878,0.585900739,0.859209029,-0.050720403,-0.098563237,5.309532192,12.220459565,-4.778603456,-130.893898189,-0.064121895,142.888003949,44.901978412,-0.000132865,-0.000793669,-0.001034812,0.000065903,0.000095571,-0.000111319,0.001038611,0.000000000,0.000000000,0.000000000,0.000000000,0.000000000,0.000000000,0.000000000,0.000302979,0.000005356,-0.000299888,-0.000000022,0.000105631,0.000000068,-0.000074554,0.000000000,0.000000000,0.000000000,0.000000000,0.000000000,0.000000000,0.000000000,0.260458481,0.052311075,-0.389675995,0.312075160,0.829378790,0.419065094,0.072107054
16.251000000,0,16.251000000,sample,0.215142891,0.000007519,0.000000000,0.000000000,0.000000000,0.000000000,0.000000000,0,0,2.000000000,0.080000000,0.000000000,0.000000000,0.000282181,0.000000000,0.001966999,0.000000000,0.000000000,0.000000000,0.001792777,0.157398623,3,35.977810257,0,0.000000000,0.635506107,0.866329102,0.638302542,0.866544063,1.093465749,0.060371839,1.296451095,0.755024963,1.195070809,0.000564361,1.195071064,2.000000000,0.000000000,0.000000000,0.000000000,1.000000000,1.934977934,1.182116413,1.091551978,0.000000000,1.960819239,1.192716172,1.092692925,1,0,0,0.000000000,0.102743987,-0.220483245,0.587110572,0.859178712,-0.051004039,-0.098674423,5.309486134,12.220423690,-4.778341074,-130.894093992,-0.064162609,142.887882561,44.902106636,0.000874265,-0.000278046,0.001075335,-0.000568557,0.000032939,-0.000085344,0.000940442,0.000000000,0.000000000,0.000000000,0.000000000,0.000000000,0.000000000,0.000000000,-0.000191906,-0.000003393,0.000189948,0.000000014,-0.000066906,-0.000000043,0.000047222,0.000000000,0.000000000,0.000000000,0.000000000,0.000000000,0.000000000,0.000000000,0.264702486,0.047879515,-0.389671895,0.310817264,0.830520504,0.419258116,0.071642396
16.301000000,0,16.301000000,sample,0.215142607,-0.000005670,0.000000000,0.000000000,0.000000000,0.000000000,0.000000000,0,0,2.000000000,0.080000000,0.000000000,0.000000000,0.000985241,0.000000000,0.001495768,0.000000000,0.000000000,0.000000000,0.001682137,0.585707779,3,43.375298517,0,0.000000000,0.633246036,0.866331766,0.636633688,0.866390830,0.568635665,0.025161528,1.259995737,0.757951296,1.157076271,0.001970482,1.157078028,2.000000000,0.000000000,0.000000000,0.000000000,1.000000000,1.954538166,1.190406125,1.094064047,0.000000000,1.972536516,1.201258110,1.094612966,1,0,0,0.000000000,0.101469542,-0.216352304,0.586426598,0.859204585,-0.050795817,-0.098579891,5.309349058,12.220450187,-4.778644153,-130.893993898,-0.064101576,142.888018524,44.901721711,0.000104025,0.000084525,-0.001107854,-0.000231664,-0.000031749,0.000658914,-0.001046630,0.000000000,0.000000000,0.000000000,0.000000000,0.000000000,0.000000000,0.000000000,0.000670044,0.000011846,-0.000663207,-0.000000049,0.000233606,0.000000150,-0.000164879,0.000000000,0.000000000,0.000000000,0.000000000,0.000000000,0.000000000,0.000000000,0.263977323,0.053049002,-0.394420968,0.312222472,0.830872373,0.419639819,0.070573837
16.351000000,0,16.351000000,sample,0.215142774,0.000003336,0.000000000,0.000000000,0.000000000,0.000000000,0.000000000,0,0,2.000000000,0.080000000,0.000000000,0.000000000,0.000195155,0.000000000,0.001410792,0.000000000,0.000000000,0.000000000,0.001415312,0.137888326,7,35.010544779,0,0.000000000,0.633811833,0.866268592,0.637820243,0.866463408,0.808849513,0.044124190,1.286905636,0.755918658,1.186302257,0.000390310,1.186302389,2.000000000,0.000000000,0.000000000,0.000000000,1.000000000,1.941113489,1.184472512,1.088550662,0.000000000,1.965578089,1.194403165,1.110606529,1,0,0,0.000000000,0.101614216,-0.219682968,0.585774175,0.859135565,-0.050810774,-0.098618556,5.309388997,12.220356022,-4.778341074,-130.893993898,-0.064103837,142.887909927,44.902019211,0.000697867,-0.000199206,0.000748066,-0.000427442,-0.000099818,-0.000151112,0.000837436,0.000000000,0.000000000,0.000000000,0.000000000,0.000000000,0.000000000,0.000000000,-0.000132721,-0.000002346,0.000131367,0.000000010,-0.000046272,-0.000000030,0.000032659,0.000000000,0.000000000,0.000000000,0.000000000,0.000000000,0.000000000,0.000000000,0.262297894,0.059532116,-0.393876930,0.295897972,0.830111495,0.419129356,0.071757434
16.401000000,0,16.401000000,sample,0.215142544,-0.000004599,0.000000000,0.000000000,0.000000000,0.000000000,0.000000000,0,0,2.000000000,0.080000000,0.000000000,0.000000000,0.000639399,0.000000000,0.001106975,0.000000000,0.000000000,0.000000000,0.001464874,0.436487422,7,40.579343182,0,0.000000000,0.630404167,0.866249422,0.635771746,0.866454388,0.414056757,0.072606006,1.241446884,0.756694715,1.128901446,0.001278798,1.128902246,2.000000000,0.000000000,0.000000000,0.000000000,1.000000000,1.945456083,1.183680705,1.088731854,0.000000000,1.945456083,1.188413002,1.091151841,1,0,0,0.000000000,0.099720112,-0.215826396,0.583852960,0.859183382,-0.050404317,-0.098241446,5.309172697,12.220255825,-4.778534878,-130.893898189,-0.064136547,142.888120283,44.902019211,0.000586648,-0.000570231,-0.000683896,0.000068913,-0.000240204,0.000274957,0.000933153,0.000000000,0.000000000,0.000000000,0.000000000,0.000000000,0.000000000,0.000000000,0.000434844,0.000007687,-0.000430407,-0.000000032,0.000151603,0.000000097,-0.000107001,0.000000000,0.000000000,0.000000000,0.000000000,0.000000000,0.000000000,0.000000000,0.263502082,0.058136681,-0.392330729,0.300369065,0.829004807,0.419478340,0.071887445
16.451000000,0,16.451000000,sample,0.215142602,0.000001155,0.000000000,0.000000000,0.000000000,0.000000000,0.000000000,0,0,2.000000000,0.080000000,0.000000000,0.000000000,0.000319958,0.000000000,0.001581454,0.000000000,0.000000000,0.000000000,0.001536309,0.208264263,3,48.002093170,0,0.000000000,0.632798426,0.866302190,0.635867058,0.866461957,0.764408940,0.127005077,1.257846284,0.756756844,1.146488920,0.000639917,1.146488904,2.000000000,0.000000000,0.000000000,0.000000000,1.000000000,1.940106501,1.186537011,1.091459036,0.000000000,1.954989304,1.190391526,1.092895545,1,0,0,0.000000000,0.101900096,-0.214613919,0.586507532,0.859226751,-0.050910935,-0.098066056,5.309165926,12.220437547,-4.778644134,-130.893993900,-0.064136550,142.887888374,44.902078904,-0.000289906,0.000069761,-0.001064409,-0.000233493,-0.000150123,0.000304799,0.000984077,0.000000000,0.000000000,0.000000000,0.000000000,0.000000000,0.000000000,0.000000000,0.000217598,0.000003847,-0.000215378,-0.000000016,0.000075864,0.000000049,-0.000053544,0.000000000,0.000000000,0.000000000,0.000000000,0.000000000,0.000000000,0.000000000,0.256128513,0.047723400,-0.395229597,0.313138895,0.829354827,0.419655409,0.072117936
16.501000000,0,16.501000000,sample,0.215142510,-0.000001848,0.000000000,0.000000000,0.000000000,0.000000000,0.000000000,0,0,2.000000000,0.080000000,0.000000000,0.000000000,0.000434523,0.000000000,0.004577678,0.000000000,0.000000000,0.000000000,0.001585300,0.274095417,2,63.226984997,0,0.000000000,0.630889315,0.866226237,0.636035469,0.866399092,1.180264029,0.129066200,1.210253821,0.753120808,1.092587323,0.000869047,1.092588638,2.000000000,0.000000000,0.000000000,0.000000000,1.000000000,1.953811834,1.177923773,1.086069056,0.000000000,1.966965274,1.229591411,1.097997651,1,0,0,0.000000000,0.099795051,-0.218037653,0.583542507,0.859134599,-0.050535967,-0.098395886,5.309261577,12.220250738,-4.778396087,-130.893802480,-0.064101827,142.887888342,44.902060010,-0.000383976,-0.001260557,0.000212680,0.000825404,0.000057936,0.000131399,0.000172006,0.000000000,0.000000000,0.000000000,0.000000000,0.000000000,0.000000000,0.000000000,-0.000295512,-0.000005224,0.000292497,0.000000022,-0.000103026,-0.000000066,0.000072715,0.000000000,0.000000000,0.000000000,0.000000000,0.000000000,0.000000000,0.000000000,0.280270536,0.058448465,-0.373194081,0.305536466,0.827718310,0.418028371,0.071319872
16.551000000,0,16.551000000,sample,0.215142490,-0.000000393,0.000000000,0.000000000,0.000000000,0.000000000,0.000000000,0,0,2.000000000,0.080000000,0.000000000,0.000000000,0.000023269,0.000000000,0.001535330,0.000000000,0.000000000,0.000000000,0.001656766,0.014044532,4,49.462959008,0,0.000000000,0.631151745,0.866281618,0.635004475,0.866385467,0.967904759,0.138576312,1.234998531,0.756249678,1.126543829,0.000046537,1.126544438,2.000000000,0.000000000,0.000000000,0.000000000,1.000000000,1.984348181,1.200580918,1.073909178,0.000000000,1.991107480,1.204330817,1.108393915,1,0,0,0.000000000,0.099803086,-0.216579025,0.584367518,0.859171548,-0.050560891,-0.098547902,5.309151580,12.220354300,-4.778435276,-130.893802480,-0.064136547,142.887969906,44.901789066,0.000206264,-0.000274677,0.000392425,0.001165202,-0.000070922,0.000333176,-0.000999576,0.000000000,0.000000000,0.000000000,0.000000000,0.000000000,0.000000000,0.000000000,0.000015824,0.000000280,-0.000015663,-0.000000001,0.000005517,0.000000004,-0.000003894,0.000000000,0.000000000,0.000000000,0.000000000,0.000000000,0.000000000,0.000000000,0.260710763,0.108720264,-0.393691458,0.243581781,0.827594443,0.411315847,0.071220711
16.601000000,0,16.601000000,sample,0.215142734,0.000004887,0.000000000,0.000000000,0.000000000,0.000000000,0.000000000,0,0,2.000000000,0.080000000,0.000000000,0.000000000,0.000151569,0.000000000,0.001103800,0.000000000,0.000000000,0.000000000,0.001435706,0.105570807,7,82.535667939,0,0.000000000,0.632806218,0.866238289,0.636525146,0.866373426,0.352305897,0.101374754,1.276667487,0.755452138,1.169450959,0.000303137,1.169451087,2.000000000,0.000000000,0.000000000,0.000000000,1.000000000,1.949500905,1.185760074,1.090716900,0.000000000,1.979720329,1.199553127,1.090716900,1,0,0,0.000000000,0.101320586,-0.216343280,0.585980745,0.859154540,-0.050738579,-0.098223451,5.309118334,12.220396089,-4.778426354,-130.893998283,-0.064101576,142.888026971,44.902060010,0.000131568,0.000317911,-0.000380207,-0.000189746,0.000087041,-0.000231234,0.001304326,0.000000000,0.000000000,0.000000000,0.000000000,0.000000000,0.000000000,0.000000000,0.000103079,0.000001822,-0.000102027,-0.000000008,0.000035938,0.000000023,-0.000025365,0.000000000,0.000000000,0.000000000,0.000000000,0.000000000,0.000000000,0.000000000,0.260256839,0.054079770,-0.393764774,0.308682221,0.829119869,0.419392271,0.073075768
16.651000000,0,16.651000000,sample,0.215142785,0.000001020,0.000000000,0.000000000,0.000000000,0.000000000,0.000000000,0,0,2.000000000,0.080000000,0.000000000,0.000000000,0.001019387,0.000000000,0.001313332,0.000000000,0.000000000,0.000000000,0.001487700,0.685210014,3,29.140396239,0,0.000000000,0.634814303,0.866273186,0.635325599,0.866398007,0.638190437,0.049706002,1.300256611,0.756418370,1.196507513,0.002038774,1.196509606,2.000000000,0.000000000,0.000000000,0.000000000,1.000000000,1.939746968,1.183323959,1.089409035,0.000000000,1.966821331,1.191949887,1.092835500,1,0,0,0.000000000,0.102468089,-0.214909217,0.588475589,0.859181953,-0.051100346,-0.098103814,5.308886653,12.220649534,-4.778341074,-130.893993898,-0.064136547,142.887916011,44.902060007,-0.000512842,0.000782824,0.000803088,-0.000442975,-0.000188608,0.000373957,0.000566425,0.000000000,0.000000000,0.000000000,0.000000000,0.000000000,0.000000000,0.000000000,-0.000693265,-0.000012256,0.000686192,0.000000051,-0.000241705,-0.000000155,0.000170595,0.000000000,0.000000000,0.000000000,0.000000000,0.000000000,0.000000000,0.000000000,0.259683307,0.050160492,-0.393074814,0.310238093,0.828040413,0.418640895,0.072069021
16.701000000,0,16.701000000,sample,0.215142564,-0.000004423,0.000000000,0.000000000,0.000000000,0.000000000,0.000000000,0,0,2.000000000,0.080000000,0.000000000,0.000000000,0.000559561,0.000000000,0.003905765,0.000000000,0.000000000,0.000000000,0.001730782,0.323299480,3,36.659923582,0,0.000000000,0.632003860,0.866235091,0.636328448,0.866419252,0.785252364,0.080760348,1.279223742,0.756276818,1.168735172,0.001119122,1.168734022,2.000000000,0.000000000,0.000000000,0.000000000,1.000000000,1.923754956,1.181505845,1.090164756,0.000000000,1.952494806,1.197686926,1.091836128,1,0,0,0.000000000,0.099596965,-0.216061030,0.585514265,0.859139770,-0.050530568,-0.098431453,5.308982362,12.220506787,-4.778327509,-130.893802480,-0.064101576,142.888154294,44.901816835,0.000229264,0.000920271,0.001047944,0.000884126,-0.000088518,0.000456557,0.000000984,0.000000000,0.000000000,0.000000000,0.000000000,0.000000000,0.000000000,0.000000000,-0.000380547,-0.000006727,0.000376664,0.000000028,-0.000132676,-0.000000085,0.000093642,0.000000000,0.000000000,0.000000000,0.000000000,0.000000000,0.000000000,0.000000000,0.254636133,0.046299854,-0.397349059,0.307072897,0.829338018,0.419870099,0.072135088
16.751000000,0,16.751000000,sample,0.215142660,0.000001914,0.000000000,0.000000000,0.000000000,0.000000000,0.000000000,0,0,2.000000000,0.080000000,0.000000000,0.000000000,0.000138631,0.000000000,0.005553765,0.000000000,0.000000000,0.000000000,0.001179908,0.117492643,7,62.130830803,0,0.000000000,0.632458082,0.866256528,0.634955527,0.866342354,0.537164605,0.079869926,1.288005520,0.755941078,1.186820066,0.000277261,1.186820388,2.000000000,0.000000000,0.000000000,0.000000000,1.000000000,1.932407855,1.189744712,1.090996233,0.000000000,1.954632992,1.233375944,1.102871579,1,0,0,0.000000000,0.101797706,-0.213860602,0.586433368,0.859184437,-0.050885202,-0.098046781,5.308980357,12.220431517,-4.778548444,-130.893993898,-0.064101575,142.887911673,44.901978412,0.000249976,0.000448263,-0.000145286,-0.000446353,0.000088929,-0.000188503,0.000930040,0.000000000,0.000000000,0.000000000,0.000000000,0.000000000,0.000000000,0.000000000,0.000094280,0.000001667,-0.000093318,-0.000000007,0.000032870,0.000000021,-0.000023200,0.000000000,0.000000000,0.000000000,0.000000000,0.000000000,0.000000000,0.000000000,0.243236414,0.051090187,-0.407633751,0.303095751,0.829739579,0.420314040,0.073038683
16.801000000,0,16.801000000,sample,0.215142723,0.000001262,0.000000000,0.000000000,0.000000000,0.000000000,0.000000000,0,0,2.000000000,0.080000000,0.000000000,0.000000000,0.000166501,0.000000000,0.001750918,0.000000000,0.000000000,0.000000000,0.002052510,0.081120625,7,83.096740950,0,0.000000000,0.632235805,0.866277599,0.635507546,0.866329451,0.177431624,0.117171712,1.272595734,0.758343499,1.180960974,0.000333002,1.180961153,2.000000000,0.000000000,0.000000000,0.000000000,1.000000000,1.903956654,1.167702416,1.088972655,0.000000000,1.937326430,1.186861293,1.091501540,1,0,0,0.000000000,0.101671836,-0.212915620,0.586559366,0.859181948,-0.050860129,-0.098267522,5.308763337,12.220451587,-4.778434768,-130.893993898,-0.064136547,142.887963036,44.901680412,-0.000053758,0.000043874,0.000117927,-0.000478917,-0.000132100,0.000668256,-0.001871015,0.000000000,0.000000000,0.000000000,0.000000000,0.000000000,0.000000000,0.000000000,0.000113234,0.000002002,-0.000112079,-0.000000008,0.000039478,0.000000025,-0.000027864,0.000000000,0.000000000,0.000000000,0.000000000,0.000000000,0.000000000,0.000000000,0.265097914,0.043143657,-0.389979496,0.303422906,0.829845245,0.418917776,0.073745932
16.851000000,0,16.851000000,sample,0.215142741,0.000000370,0.000000000,0.000000000,0.000000000,0.000000000,0.000000000,0,0,2.000000000,0.080000000,0.000000000,0.000000000,0.000587462,0.000000000,0.002276549,0.000000000,0.000000000,0.000000000,0.001311882,0.447800993,7,38.707821018,0,0.000000000,0.632524050,0.866194085,0.634037808,0.866306645,0.532168052,0.072044742,1.290012208,0.755537778,1.187188423,0.001174924,1.187189130,2.000000000,0.000000000,0.000000000,0.000000000,1.000000000,1.947792844,1.188400367,1.091637269,0.000000000,1.947792844,1.188400367,1.092174451,1,0,0,0.000000000,0.102062144,-0.214215213,0.586329118,0.859134138,-0.050933714,-0.097910583,5.308895421,12.220397110,-4.778435214,-130.894007052,-0.064060777,142.887842579,44.902106637,0.000617340,0.000625738,-0.000344670,-0.000265422,0.000272797,-0.000136159,0.000816196,0.000000000,0.000000000,0.000000000,0.000000000,0.000000000,0.000000000,0.000000000,0.000399522,0.000007063,-0.000395446,-0.000000029,0.000139289,0.000000089,-0.000098310,0.000000000,0.000000000,0.000000000,0.000000000,0.000000000,0.000000000,0.000000000,0.260717967,0.055916392,-0.393107083,0.305329710,0.832238429,0.417990795,0.073992623
16.901000000,0,16.901000000,sample,0.215142733,-0.000000161,0.000000000,0.000000000,0.000000000,0.000000000,0.000000000,0,0,2.000000000,0.080000000,0.000000000,0.000000000,0.000366377,0.000000000,0.001606091,0.000000000,0.000000000,0.000000000,0.006600593,0.055506739,5,94.275490225,0,0.000000000,0.631683100,0.866151254,0.636239652,0.866336307,0.273268361,0.442170541,1.254191865,0.719516731,1.099031978,0.000732755,1.099031185,2.000000000,0.000000000,0.000000000,0.000000000,1.000000000,1.935975216,1.183592363,1.087714582,0.000000000,1.957312684,1.192746469,1.110544792,1,0,0,0.000000000,0.101326267,-0.211572235,0.586509775,0.859125035,-0.050766975,-0.097697925,5.308608292,12.220462805,-4.778435276,-130.893993898,-0.064040540,142.888064672,44.902018961,-0.000968254,-0.000587459,0.000487250,-0.000196238,0.006408883,0.000157714,0.000954267,0.000000000,0.000000000,0.000000000,0.000000000,0.000000000,0.000000000,0.000000000,0.000249166,0.000004405,-0.000246624,-0.000000018,0.000086870,0.000000056,-0.000061313,0.000000000,0.000000000,0.000000000,0.000000000,0.000000000,0.000000000,0.000000000,0.260862276,0.051919649,-0.387407527,0.304815272,0.829687567,0.419303127,0.072005009
16.951000000,0,16.951000000,sample,0.215142616,-0.000002358,0.000000000,0.000000000,0.000000000,0.000000000,0.000000000,0,0,2.000000000,0.080000000,0.000000000,0.000000000,0.000762236,0.000000000,0.003926978,0.000000000,0.000000000,0.000000000,0.001534202,0.496828925,2,37.359303993,0,0.000000000,0.632237290,0.866209189,0.634068710,0.866279790,0.479176897,0.061281418,1.266805579,0.754860282,1.155313168,0.001524472,1.155313758,2.000000000,0.000000000,0.000000000,0.000000000,1.000000000,1.954957078,1.173156647,1.087985366,0.000000000,1.976089014,1.233586966,1.100258946,1,0,0,0.000000000,0.101427551,-0.213306805,0.586461124,0.859141435,-0.050913265,-0.097990781,5.308799489,12.220491797,-4.778436783,-130.893898189,-0.064060777,142.887851070,44.901930864,-0.000920041,0.000937739,0.000191447,0.000708877,0.000104071,0.000100510,0.000260489,0.000000000,0.000000000,0.000000000,0.000000000,0.000000000,0.000000000,0.000000000,-0.000518382,-0.000009164,0.000513093,0.000000038,-0.000180730,-0.000000116,0.000127559,0.000000000,0.000000000,0.000000000,0.000000000,0.000000000,0.000000000,0.000000000,0.289090638,0.054466009,-0.364050094,0.310842795,0.828223639,0.420745066,0.070962615
17.001000000,0,17.001000000,sample,0.215142710,0.000001889,0.000000000,0.000000000,0.000000000,0.000000000,0.000000000,0,0,2.000000000,0.080000000,0.000000000,0.000000000,0.000058286,0.000000000,0.004626646,0.000000000,0.000000000,0.000000000,0.002170961,0.026848008,7,64.551692269,0,0.000000000,0.631076181,0.866263117,0.635679254,0.866303128,0.484176144,0.083773856,1.275612918,0.758015974,1.174871033,0.000116572,1.174871259,2.000000000,0.000000000,0.000000000,0.000000000,1.000000000,1.932063973,1.192491369,1.108366002,0.000000000,1.975130410,1.202993859,1.108842219,1,0,0,0.000000000,0.100843734,-0.214114976,0.585014927,0.859213861,-0.050603229,-0.097993071,5.308895363,12.220301215,-4.778434767,-130.893993952,-0.064212316,142.888064359,44.902147436,0.000321449,-0.000375724,-0.000215497,-0.001045954,-0.000529684,-0.000071984,0.001744238,0.000000000,0.000000000,0.000000000,0.000000000,0.000000000,0.000000000,0.000000000,-0.000039639,-0.000000701,0.000039235,0.000000003,-0.000013820,-0.000000009,0.000009754,0.000000000,0.000000000,0.000000000,0.000000000,0.000000000,0.000000000,0.000000000,0.239870611,0.011885823,-0.406924893,0.357692502,0.830945322,0.426348711,0.070858061
17.051000000,0,17.051000000,sample,0.215142609,-0.000002018,0.000000000,0.000000000,0.000000000,0.000000000,0.000000000,0,0,2.000000000,0.080000000,0.000000000,0.000000000,0.000040802,0.000000000,0.001263749,0.000000000,0.000000000,0.000000000,0.001418362,0.028766783,2,69.721222313,0,0.000000000,0.631819631,0.866249931,0.634055793,0.866270585,0.588619002,0.081500598,1.291246458,0.758444499,1.194014760,0.000081603,1.194013409,2.000000000,0.000000000,0.000000000,0.000000000,1.000000000,1.973523253,1.200352711,1.088858115,0.000000000,1.977325414,1.203769772,1.107155913,1,0,0,0.000000000,0.101465273,-0.211704115,0.586585213,0.859188031,-0.050929939,-0.097933710,5.308635138,12.220505129,-4.778436756,-130.893898189,-0.064136547,142.887849555,44.901884239,0.000301570,0.001184321,0.000412191,0.000436673,-0.000177208,0.000018917,-0.000354745,0.000000000,0.000000000,0.000000000,0.000000000,0.000000000,0.000000000,0.000000000,-0.000027748,-0.000000491,0.000027465,0.000000002,-0.000009674,-0.000000006,0.000006828,0.000000000,0.000000000,0.000000000,0.000000000,0.000000000,0.000000000,0.000000000,0.256210503,0.063671855,-0.391027223,0.303752255,0.829737852,0.421116051,0.070304443
17.101000000,0,17.101000000,sample,0.215143038,0.000008585,0.000000000,0.000000000,0.000000000,0.000000000,0.000000000,0,0,2.000000000,0.080000000,0.000000000,0.000000000,0.000371420,0.000000000,0.001435133,0.000000000,0.000000000,0.000000000,0.002147794,0.172931022,4,49.442568783,0,0.000000000,0.634021815,0.866199323,0.634532497,0.866295212,0.697181527,0.017542148,1.281153238,0.754359856,1.180809431,0.000742840,1.180809517,2.000000000,0.000000000,0.000000000,0.000000000,1.000000000,1.942412936,1.181720939,1.089828214,0.000000000,1.980150846,1.201364218,1.091456173,1,0,0,0.000000000,0.103468917,-0.212795897,0.588214036,0.859142999,-0.051095670,-0.097794721,5.308635113,12.220477342,-4.778322981,-130.894201267,-0.064101576,142.887958133,44.902104389,0.000312646,-0.001040273,0.000663544,-0.001510230,-0.000000223,0.000392990,0.000746711,0.000000000,0.000000000,0.000000000,0.000000000,0.000000000,0.000000000,0.000000000,-0.000252596,-0.000004465,0.000250019,0.000000018,-0.000088066,-0.000000056,0.000062157,0.000000000,0.000000000,0.000000000,0.000000000,0.000000000,0.000000000,0.000000000,0.267209842,0.050145957,-0.385229241,0.309506240,0.828538764,0.422211821,0.069820008
17.151000000,0,17.151000000,sample,0.215142733,-0.000006101,0.000000000,0.000000000,0.000000000,0.000000000,0.000000000,0,0,2.000000000,0.080000000,0.000000000,0.000000000,0.000125809,0.000000000,0.001307233,0.000000000,0.000000000,0.000000000,0.001018918,0.123472930,2,58.328536540,0,0.000000000,0.632775674,0.866180259,0.635733110,0.866300901,0.666447372,0.089457961,1.293363558,0.755377046,1.195108972,0.000251618,1.195109107,2.000000000,0.000000000,0.000000000,0.000000000,1.000000000,1.952331579,1.189267044,1.093539443,0.000000000,1.971927614,1.199905381,1.093539443,1,0,0,0.000000000,0.102459272,-0.210683589,0.587809133,0.859148248,-0.051093340,-0.097580731,5.308520886,12.220566814,-4.778436783,-130.893993898,-0.064058516,142.887842075,44.902060010,-0.000162559,0.000778179,0.000023305,-0.000330518,0.000246764,-0.000270702,0.000402800,0.000000000,0.000000000,0.000000000,0.000000000,0.000000000,0.000000000,0.000000000,-0.000085560,-0.000001513,0.000084687,0.000000006,-0.000029830,-0.000000019,0.000021054,0.000000000,0.000000000,0.000000000,0.000000000,0.000000000,0.000000000,0.000000000,0.264675067,0.049451028,-0.390962913,0.316223895,0.830045518,0.420283213,0.069764786
17.201000000,0,17.201000000,sample,0.215142737,0.000000082,0.000000000,0.000000000,0.000000000,0.000000000,0.000000000,0,0,2.000000000,0.080000000,0.000000000,0.000000000,0.000971102,0.000000000,0.001901187,0.000000000,0.000000000,0.000000000,0.003090498,0.314222001,4,62.035482246,0,0.000000000,0.632589509,0.866173319,0.634865894,0.866282429,1.879603704,0.177880393,1.311103224,0.755883260,1.233412890,0.001942205,1.233416140,2.000000000,0.000000000,0.000000000,0.000000000,1.000000000,1.918341074,1.173915952,1.110529783,0.000000000,1.953076108,1.189334538,1.110529783,1,0,0,0.000000000,0.103101988,-0.209145215,0.588045701,0.859131711,-0.051149448,-0.097635321,5.308561508,12.220526266,-4.778642645,-130.894090094,-0.063964761,142.887841966,44.901768589,-0.000412823,0.000245378,-0.001360636,-0.002434157,0.000676409,-0.000154054,-0.001030938,0.000000000,0.000000000,0.000000000,0.000000000,0.000000000,0.000000000,0.000000000,0.000660428,0.000011676,-0.000653690,-0.000000048,0.000230254,0.000000147,-0.000162513,0.000000000,0.000000000,0.000000000,0.000000000,0.000000000,0.000000000,0.000000000,0.265264869,0.006373183,-0.393959202,0.361209748,0.831212505,0.425847033,0.070242943
17.251000000,0,17.251000000,sample,0.215142610,-0.000002539,0.000000000,0.000000000,0.000000000,0.000000000,0.000000000,0,0,2.000000000,0.080000000,0.000000000,0.000000000,0.000568592,0.000000000,0.001422859,0.000000000,0.000000000,0.000000000,0.001639861,0.346731590,1,52.362191945,0,0.000000000,0.629995089,0.866223591,0.636508162,0.866333567,1.107664350,0.092675368,1.215662807,0.755643296,1.106225780,0.001137183,1.106227043,2.000000000,0.000000000,0.000000000,0.000000000,1.000000000,1.948747319,1.183340660,1.094463423,0.000000000,1.950399680,1.190265121,1.111122354,1,0,0,0.000000000,0.101117969,-0.209954769,0.585310143,0.859171586,-0.050818273,-0.097903002,5.308426672,12.220362370,-4.778421832,-130.893898189,-0.064136547,142.887822591,44.901719712,-0.001186632,-0.000522093,-0.000319507,0.000805786,-0.000201862,0.000042408,-0.000463191,0.000000000,0.000000000,0.000000000,0.000000000,0.000000000,0.000000000,0.000000000,-0.000386689,-0.000006836,0.000382744,0.000000028,-0.000134815,-0.000000086,0.000095152,0.000000000,0.000000000,0.000000000,0.000000000,0.000000000,0.000000000,0.000000000,0.265926906,0.055063601,-0.397176450,0.307110727,0.831081913,0.419461509,0.073415460
17.301000000,0,17.301000000,sample,0.215142742,0.000002627,0.000000000,0.000000000,0.000000000,0.000000000,0.000000000,0,0,2.000000000,0.080000000,0.000000000,0.000000000,0.000161017,0.000000000,0.001536700,0.000000000,0.000000000,0.000000000,0.001423766,0.113092346,7,36.227849193,0,0.000000000,0.632701870,0.866099600,0.635195569,0.866288242,0.734715825,0.026266942,1.265055483,0.754688521,1.160856604,0.000322034,1.160856380,2.000000000,0.000000000,0.000000000,0.000000000,1.000000000,1.932976092,1.173806341,1.092747074,0.000000000,1.950846616,1.183143576,1.095947509,1,0,0,0.000000000,0.102339243,-0.212635357,0.587047307,0.859056237,-0.051042088,-0.097701607,5.308713736,12.220477663,-4.778436560,-130.893993898,-0.063918468,142.887803279,44.902019208,0.000842631,-0.000576004,0.000407738,-0.000032394,0.000053993,-0.000284093,0.000856959,0.000000000,0.000000000,0.000000000,0.000000000,0.000000000,0.000000000,0.000000000,0.000109505,0.000001936,-0.000108387,-0.000000008,0.000038178,0.000000024,-0.000026946,0.000000000,0.000000000,0.000000000,0.000000000,0.000000000,0.000000000,0.000000000,0.269237748,0.047235798,-0.390013488,0.311574770,0.829786327,0.419686594,0.074191918
17.351000000,0,17.351000000,sample,0.215142738,-0.000000068,0.000000000,0.000000000,0.000000000,0.000000000,0.000000000,0,0,2.000000000,0.080000000,0.000000000,0.000000000,0.000427246,0.000000000,0.004704031,0.000000000,0.000000000,0.000000000,0.001389164,0.307555964,2,68.002799547,0,0.000000000,0.631685188,0.866176139,0.634276134,0.866292644,0.643883314,0.062097639,1.294558181,0.756773757,1.190551385,0.000854491,1.190551236,2.000000000,0.000000000,0.000000000,0.000000000,1.000000000,1.943079145,1.187364575,1.089483587,0.000000000,1.945272083,1.190912616,1.093635050,1,0,0,0.000000000,0.101420253,-0.210853982,0.586754384,0.859160824,-0.050797511,-0.097587887,5.308520811,12.220488242,-4.778418696,-130.893993898,-0.064101576,142.888059487,44.902106637,-0.000141544,0.001145557,0.000312581,-0.000051641,-0.000093389,0.000196346,0.000670666,0.000000000,0.000000000,0.000000000,0.000000000,0.000000000,0.000000000,0.000000000,-0.000290562,-0.000005137,0.000287597,0.000000021,-0.000101302,-0.000000065,0.000071499,0.000000000,0.000000000,0.000000000,0.000000000,0.000000000,0.000000000,0.000000000,0.255139317,0.051136607,-0.393322871,0.309779067,0.829312807,0.418908577,0.073166815
17.401000000,0,17.401000000,sample,0.215142724,-0.000000278,0.000000000,0.000000000,0.000000000,0.000000000,0.000000000,0,0,2.000000000,0.080000000,0.000000000,0.000000000,0.000296188,0.000000000,0.003388268,0.000000000,0.000000000,0.000000000,0.000731950,0.404656802,7,53.719969975,0,0.000000000,0.630718984,0.866166349,0.634470458,0.866259660,0.283393997,0.029077914,1.274600520,0.755408929,1.170507424,0.000592377,1.170507689,2.000000000,0.000000000,0.000000000,0.000000000,1.000000000,1.953657829,1.177913123,1.091876113,0.000000000,1.971596486,1.237381181,1.108547683,1,0,0,0.000000000,0.101082711,-0.210574353,0.585872993,0.859151617,-0.050692272,-0.097636756,5.308505732,12.220395391,-4.778436610,-130.893993898,-0.064094794,142.888073103,44.902019211,-0.000068124,0.000225920,0.000246950,-0.000308273,0.000014305,0.000189850,0.000536474,0.000000000,0.000000000,0.000000000,0.000000000,0.000000000,0.000000000,0.000000000,-0.000201432,-0.000003561,0.000199377,0.000000015,-0.000070228,-0.000000045,0.000049566,0.000000000,0.000000000,0.000000000,0.000000000,0.000000000,0.000000000,0.000000000,0.281451461,0.053798459,-0.377763069,0.312222031,0.830237094,0.418767660,0.072365247
17.451000000,0,17.451000000,sample,0.215142755,0.000000607,0.000000000,0.000000000,0.000000000,0.000000000,0.000000000,0,0,2.000000000,0.080000000,0.000000000,0.000000000,0.000274074,0.000000000,0.001752383,0.000000000,0.000000000,0.000000000,0.000974118,0.281355574,2,33.233700523,0,0.000000000,0.631972033,0.866139452,0.633900855,0.866322519,0.581166709,0.075106802,1.287994886,0.753709231,1.186641194,0.000548147,1.186641556,2.000000000,0.000000000,0.000000000,0.000000000,1.000000000,1.948599355,1.189909643,1.084231846,0.000000000,1.976629648,1.197372483,1.094060505,1,0,0,0.000000000,0.101942901,-0.211661731,0.586681862,0.859108860,-0.050932336,-0.097649450,5.308575823,12.220451587,-4.778395584,-130.893993898,-0.064025806,142.887888370,44.902060009,-0.000322886,0.000561566,0.000184528,-0.000472855,0.000450503,-0.000000963,0.000262102,0.000000000,0.000000000,0.000000000,0.000000000,0.000000000,0.000000000,0.000000000,-0.000186392,-0.000003295,0.000184491,0.000000014,-0.000064984,-0.000000042,0.000045866,0.000000000,0.000000000,0.000000000,0.000000000,0.000000000,0.000000000,0.000000000,0.257875351,0.065022554,-0.390080355,0.292009306,0.829676793,0.416842718,0.072646516
17.501000000,0,17.501000000,sample,0.215142639,-0.000002325,0.000000000,0.000000000,0.000000000,0.000000000,0.000000000,0,0,2.000000000,0.080000000,0.000000000,0.000000000,0.000047478,0.000000000,0.001642216,0.000000000,0.000000000,0.000000000,0.000831605,0.057091446,1,36.623483863,0,0.000000000,0.631404422,0.866141662,0.634665203,0.866277287,0.489574543,0.053338159,1.260314547,0.755236446,1.151761824,0.000094955,1.151761714,2.000000000,0.000000000,0.000000000,0.000000000,1.000000000,1.936989869,1.180524538,1.092254457,0.000000000,1.952145178,1.190108706,1.093650978,1,0,0,0.000000000,0.100782913,-0.209252200,0.587135304,0.859139919,-0.050765027,-0.097482771,5.308337866,12.220608431,-4.778412789,-130.893898189,-0.064053881,142.888118478,44.901998970,-0.000503265,0.000423225,-0.000369471,0.000203613,0.000143698,0.000242613,-0.000041173,0.000000000,0.000000000,0.000000000,0.000000000,0.000000000,0.000000000,0.000000000,-0.000032289,-0.000000571,0.000031959,0.000000002,-0.000011257,-0.000000007,0.000007945,0.000000000,0.000000000,0.000000000,0.000000000,0.000000000,0.000000000,0.000000000,0.263515089,0.044913216,-0.389181997,0.316627392,0.829870110,0.419262248,0.073359635
17.551000000,0,17.551000000,sample,0.215142489,-0.000003001,0.000000000,0.000000000,0.000000000,0.000000000,0.000000000,0,0,2.000000000,0.080000000,0.000000000,0.000000000,0.000688496,0.000000000,0.001495120,0.000000000,0.000000000,0.000000000,0.001572553,0.437820375,3,58.045753127,0,0.000000000,0.630113519,0.866227161,0.634331507,0.866283554,0.958878415,0.100442783,1.224411717,0.757776001,1.110402406,0.001376991,1.110404246,2.000000000,0.000000000,0.000000000,0.000000000,1.000000000,1.942524348,1.180847728,1.093084662,0.000000000,1.955428447,1.188487329,1.093441590,1,0,0,0.000000000,0.100899389,-0.209117686,0.585774832,0.859224742,-0.050767867,-0.097493389,5.308570612,12.220435987,-4.778644152,-130.893898189,-0.064136547,142.887938886,44.902057758,-0.000015221,-0.000126628,-0.001198093,0.000910578,-0.000316484,0.000239681,0.000185654,0.000000000,0.000000000,0.000000000,0.000000000,0.000000000,0.000000000,0.000000000,0.000468233,0.000008278,-0.000463456,-0.000000034,0.000163245,0.000000105,-0.000115218,0.000000000,0.000000000,0.000000000,0.000000000,0.000000000,0.000000000,0.000000000,0.264092812,0.047527566,-0.392050692,0.315585278,0.829594458,0.419372818,0.073701149
17.601000000,0,17.601000000,sample,0.215142691,0.000004051,0.000000000,0.000000000,0.000000000,0.000000000,0.000000000,0,0,2.000000000,0.080000000,0.000000000,0.000000000,0.000020473,0.000000000,0.001864713,0.000000000,0.000000000,0.000000000,0.001457139,0.014050166,3,41.183160783,0,0.000000000,0.629958128,0.866165405,0.635064061,0.866278938,0.997362416,0.136576860,1.260195157,0.756680304,1.160264091,0.000040946,1.160263682,2.000000000,0.000000000,0.000000000,0.000000000,1.000000000,1.959594591,1.188214156,1.089560580,0.000000000,1.968026628,1.192099457,1.093377157,1,0,0,0.000000000,0.101547933,-0.209724399,0.585278512,0.859158540,-0.050804246,-0.097509180,5.308460288,12.220297168,-4.778481366,-130.893993898,-0.064101576,142.887862668,44.902060010,-0.000760167,0.000442677,-0.000935106,-0.000063368,-0.000034446,-0.000431628,0.000532455,0.000000000,0.000000000,0.000000000,0.000000000,0.000000000,0.000000000,0.000000000,0.000013923,0.000000246,-0.000013781,-0.000000001,0.000004854,0.000000003,-0.000003426,0.000000000,0.000000000,0.000000000,0.000000000,0.000000000,0.000000000,0.000000000,0.263319663,0.058525373,-0.390121622,0.307459389,0.828999675,0.418438363,0.072955554
17.651000000,0,17.651000000,sample,0.215142903,0.000004238,0.000000000,0.000000000,0.000000000,0.000000000,0.000000000,0,0,2.000000000,0.080000000,0.000000000,0.000000000,0.000075763,0.000000000,0.001454825,0.000000000,0.000000000,0.000000000,0.002008151,0.037727780,2,54.102944956,0,0.000000000,0.630761092,0.866009735,0.634977408,0.866282861,0.933322531,0.072099708,1.250633073,0.753185011,1.145279401,0.000151526,1.145278437,2.000000000,0.000000000,0.000000000,0.000000000,1.000000000,1.976097998,1.202146266,1.092755592,0.000000000,1.983601426,1.202146266,1.094845500,1,0,0,0.000000000,0.101432985,-0.212977111,0.584988594,0.858999105,-0.050636765,-0.097618226,5.308640761,12.220224786,-4.778340994,-130.894089607,-0.063898119,142.888053241,44.902106637,0.000794108,-0.001477089,0.000571474,-0.000685921,0.000151226,0.000242738,0.000584301,0.000000000,0.000000000,0.000000000,0.000000000,0.000000000,0.000000000,0.000000000,0.000051525,0.000000911,-0.000050999,-0.000000004,0.000017964,0.000000011,-0.000012679,0.000000000,0.000000000,0.000000000,0.000000000,0.000000000,0.000000000,0.000000000,0.250412116,0.060520692,-0.399518523,0.310272688,0.830457526,0.420614575,0.072699985
17.701000000,0,17.701000000,sample,0.215142940,0.000000740,0.000000000,0.000000000,0.000000000,0.000000000,0.000000000,0,0,2.000000000,0.080000000,0.000000000,0.000000000,0.000017446,0.000000000,0.001406983,0.000000000,0.000000000,0.000000000,0.001431067,0.012190956,4,84.666594320,0,0.000000000,0.631162515,0.866074381,0.632946118,0.866236505,0.839201712,0.094710288,1.285899281,0.754636603,1.196005250,0.000034892,1.196005614,2.000000000,0.000000000,0.000000000,0.000000000,1.000000000,1.943837562,1.184022053,1.087249683,0.000000000,1.988834065,1.205862239,1.109308007,1,0,0,0.000000000,0.102776238,-0.208422555,0.586824679,0.859086014,-0.050894759,-0.097292228,5.308337677,12.220340944,-4.778507747,-130.894201267,-0.063964767,142.888023891,44.902019211,-0.000301677,-0.000109737,-0.000158147,-0.001316788,0.000339339,-0.000265802,-0.000012547,0.000000000,0.000000000,0.000000000,0.000000000,0.000000000,0.000000000,0.000000000,-0.000011865,-0.000000210,0.000011744,0.000000001,-0.000004137,-0.000000003,0.000002920,0.000000000,0.000000000,0.000000000,0.000000000,0.000000000,0.000000000,0.000000000,0.266462742,0.057617619,-0.385120310,0.299780611,0.829652225,0.419841255,0.070810508
17.751000000,0,17.751000000,sample,0.215142827,-0.000002269,0.000000000,0.000000000,0.000000000,0.000000000,0.000000000,0,0,2.000000000,0.080000000,0.000000000,0.000000000,0.000134521,0.000000000,0.001577780,0.000000000,0.000000000,0.000000000,0.004049127,0.033222345,4,98.681188044,0,0.000000000,0.631100212,0.865976603,0.633627080,0.866310968,2.298196565,0.216004250,1.344990677,0.757046497,1.278154128,0.000269043,1.278161168,2.000000000,0.000000000,0.000000000,0.000000000,1.000000000,1.941326310,1.182495509,1.099941919,0.000000000,1.957350695,1.192318124,1.099941919,1,0,0,0.000000000,0.102170476,-0.210192883,0.586231714,0.858981596,-0.050900605,-0.097340759,5.308434893,12.220355545,-4.778435276,-130.894060262,-0.063814109,142.887891443,44.902018461,0.000195880,-0.000344529,0.000052957,-0.004022338,0.000212077,-0.000090763,0.000056007,0.000000000,0.000000000,0.000000000,0.000000000,0.000000000,0.000000000,0.000000000,0.000091486,0.000001617,-0.000090552,-0.000000007,0.000031895,0.000000020,-0.000022512,0.000000000,0.000000000,0.000000000,0.000000000,0.000000000,0.000000000,0.000000000,0.259945959,0.034503533,-0.395212969,0.332170754,0.830704421,0.423256103,0.073236373
17.801000000,0,17.801000000,sample,0.215142654,-0.000003445,0.000000000,0.000000000,0.000000000,0.000000000,0.000000000,0,0,2.000000000,0.080000000,0.000000000,0.000000000,0.000286694,0.000000000,0.001409081,0.000000000,0.000000000,0.000000000,0.001611647,0.177888528,2,89.285897642,0,0.000000000,0.627955718,0.866123508,0.634811354,0.866224531,0.831033367,0.082109510,1.214485329,0.754282726,1.110380896,0.000573387,1.110379860,2.000000000,0.000000000,0.000000000,0.000000000,1.000000000,1.955645299,1.181920238,1.093709485,0.000000000,1.970924201,1.190973447,1.110034114,1,0,0,0.000000000,0.100875122,-0.209039922,0.583485137,0.859135709,-0.050592720,-0.097448148,5.308433386,12.220107846,-4.778534655,-130.893993723,-0.064074449,142.887885450,44.902019211,-0.000041635,-0.001522865,-0.000493258,-0.000099170,0.000043767,-0.000136231,0.000054245,0.000000000,0.000000000,0.000000000,0.000000000,0.000000000,0.000000000,0.000000000,0.000194975,0.000003447,-0.000192986,-0.000000014,0.000067975,0.000000043,-0.000047976,0.000000000,0.000000000,0.000000000,0.000000000,0.000000000,0.000000000,0.000000000,0.267556577,0.056464233,-0.394345165,0.307468370,0.829583741,0.421658191,0.073321110
17.851000000,0,17.851000000,sample,0.215142603,-0.000001023,0.000000000,0.000000000,0.000000000,0.000000000,0.000000000,0,0,2.000000000,0.080000000,0.000000000,0.000000000,0.000638198,0.000000000,0.004033717,0.000000000,0.000000000,0.000000000,0.002024195,0.315285154,3,39.375531596,0,0.000000000,0.627623337,0.866106615,0.634528228,0.866244318,1.472680644,0.150198617,1.189848831,0.754750655,1.074926418,0.001276397,1.074928724,2.000000000,0.000000000,0.000000000,0.000000000,1.000000000,1.947081306,1.175898728,1.089779233,0.000000000,1.972704039,1.226328615,1.111350250,1,0,0,0.000000000,0.100657880,-0.205942332,0.584266036,0.859146092,-0.050558824,-0.097223796,5.308211062,12.220218225,-4.778642627,-130.893993899,-0.064040536,142.888031139,44.901890985,-0.000310871,-0.001119598,-0.001270181,0.001058701,0.000039549,-0.000106754,0.000007438,0.000000000,0.000000000,0.000000000,0.000000000,0.000000000,0.000000000,0.000000000,0.000434027,0.000007673,-0.000429599,-0.000000032,0.000151318,0.000000097,-0.000106800,0.000000000,0.000000000,0.000000000,0.000000000,0.000000000,0.000000000,0.000000000,0.282210906,0.063591138,-0.385390462,0.294092319,0.829889047,0.418570027,0.070704674
17.901000000,0,17.901000000,sample,0.215142692,0.000001789,0.000000000,0.000000000,0.000000000,0.000000000,0.000000000,0,0,2.000000000,0.080000000,0.000000000,0.000000000,0.001555929,0.000000000,0.001654504,0.000000000,0.000000000,0.000000000,0.002372227,0.655893765,1,47.353061674,0,0.000000000,0.632944975,0.866103422,0.634517578,0.866283613,0.703157690,0.077938524,1.296605605,0.759779360,1.193954430,0.003111857,1.193956174,2.000000000,0.000000000,0.000000000,0.000000000,1.000000000,1.944555911,1.181553798,1.095764105,0.000000000,1.980876257,1.185554966,1.097065238,1,0,0,0.000000000,0.101688869,-0.210882856,0.588053685,0.859072426,-0.050896353,-0.097669168,5.308640697,12.220639387,-4.778547886,-130.893993898,-0.063888290,142.888111068,44.901850187,0.001632414,0.001440825,-0.000646036,0.000602471,-0.000104232,0.000289144,-0.000109109,0.000000000,0.000000000,0.000000000,0.000000000,0.000000000,0.000000000,0.000000000,0.001058157,0.000018707,-0.001047360,-0.000000077,0.000368925,0.000000235,-0.000260386,0.000000000,0.000000000,0.000000000,0.000000000,0.000000000,0.000000000,0.000000000,0.270245813,0.048926010,-0.394352466,0.314258087,0.830475196,0.419824176,0.071126764
17.951000000,0,17.951000000,sample,0.215142606,-0.000001737,0.000000000,0.000000000,0.000000000,0.000000000,0.000000000,0,0,2.000000000,0.080000000,0.000000000,0.000000000,0.000122617,0.000000000,0.001831566,0.000000000,0.000000000,0.000000000,0.001654570,0.074107937,1,38.656627040,0,0.000000000,0.630399845,0.866221676,0.633789309,0.866248943,0.949319432,0.137793796,1.291599965,0.760765157,1.197165707,0.000245234,1.197164213,2.000000000,0.000000000,0.000000000,0.000000000,1.000000000,1.950372931,1.178726890,1.095197427,0.000000000,1.961202513,1.188602364,1.099058686,1,0,0,0.000000000,0.100472140,-0.210295853,0.585734554,0.859204631,-0.050652748,-0.097681585,5.308483355,12.220449686,-4.778436039,-130.893898189,-0.064176507,142.888071325,44.902019211,0.001028720,0.000825673,0.000694508,0.000225790,-0.000612453,0.000255872,-0.000153978,0.000000000,0.000000000,0.000000000,0.000000000,0.000000000,0.000000000,0.000000000,0.000083389,0.000001474,-0.000082539,-0.000000006,0.000029073,0.000000019,-0.000020520,0.000000000,0.000000000,0.000000000,0.000000000,0.000000000,0.000000000,0.000000000,0.277906549,0.053359368,-0.388997317,0.310830845,0.830732941,0.419743287,0.071706061
18.001000000,0,18.001000000,sample,0.215142774,0.000003362,0.000000000,0.000000000,0.000000000,0.000000000,0.000000000,0,0,2.000000000,0.080000000,0.000000000,0.000000000,0.000512215,0.000000000,0.001544852,0.000000000,0.000000000,0.000000000,0.001240799,0.412810669,7,46.351323137,0,0.000000000,0.632528104,0.866062764,0.633540638,0.866260664,0.426515395,0.075577654,1.284372698,0.754668342,1.184652101,0.001024430,1.184652567,2.000000000,0.000000000,0.000000000,0.000000000,1.000000000,1.962466582,1.187972606,1.093283546,0.000000000,1.966493009,1.192586850,1.096184964,1,0,0,0.000000000,0.102133500,-0.210706728,0.587591036,0.859028393,-0.051004912,-0.097639283,5.308460458,12.220555284,-4.778396086,-130.893993898,-0.063877666,142.887922045,44.901837073,-0.000164172,0.000446872,0.000447118,-0.000058306,0.000153922,-0.000610174,0.000844758,0.000000000,0.000000000,0.000000000,0.000000000,0.000000000,0.000000000,0.000000000,-0.000348348,-0.000006158,0.000344793,0.000000025,-0.000121450,-0.000000077,0.000085719,0.000000000,0.000000000,0.000000000,0.000000000,0.000000000,0.000000000,0.000000000,0.270212972,0.055779726,-0.388262539,0.312027354,0.830236854,0.420355632,0.071003685
18.001000000,0,18.001000000,stop,0.215142774,,0.000000000,0.000000000,0.000000000,0.000000000,0.000000000,0,0,2.000000000,0.080000000,0.000000000,0.000000000,0.000512215,0.000000000,0.000512215,0.000000000,0.000000000,0.000000000,0.001240799,0.412810669,7,46.351323137,0,0.000000000,0.632528104,0.866062764,0.632528104,0.866062764,0.426515395,0.075577654,1.284372698,0.754668342,1.184652101,0.001024430,1.184652567,2.000000000,0.000000000,0.000000000,0.000000000,1.000000000,1.962466582,1.187972606,1.093283546,0.000000000,1.962466582,1.187972606,1.093283546,1,0,0,0.000000000,0.102133500,-0.210706728,0.587591036,0.859028393,-0.051004912,-0.097639283,5.308460458,12.220555284,-4.778396086,-130.893993898,-0.063877666,142.887922045,44.901837073,-0.000164172,0.000446872,0.000447118,-0.000058306,0.000153922,-0.000610174,0.000844758,0.000000000,0.000000000,0.000000000,0.000000000,0.000000000,0.000000000,0.000000000,-0.000348348,-0.000006158,0.000344793,0.000000025,-0.000121450,-0.000000077,0.000085719,0.000000000,0.000000000,0.000000000,0.000000000,0.000000000,0.000000000,0.000000000,0.270212972,0.055779726,-0.388262539,0.312027354,0.830236854,0.420355632,0.071003685
