run_time_s,segment_id,phase_time_s,event,sigma_min,sigma_rate_per_s,sigma_plus,sigma_minus,probe_difference,probe_confidence,gradient_abs_per_rad,direction_valid,push_active,k_sigma_Nm,alpha_rad,tau_sigma_norm_Nm,sigma_power_W,nullspace_speed_rad_s,speed_toward_better_rad_s,peak_nullspace_speed_rad_s,peak_abs_speed_toward_better_rad_s,min_speed_toward_better_rad_s,max_speed_toward_better_rad_s,raw_joint_speed_rad_s,nullspace_speed_fraction,raw_velocity_dominant_joint,raw_velocity_dominant_share_pct,sigma_dominant_joint,sigma_dominant_share_pct,position_error_mm,rotation_error_deg,peak_position_error_mm,peak_rotation_error_deg,cartesian_speed_mm_s,angular_speed_deg_s,command_force_norm_N,command_moment_norm_Nm,tau_task_norm_Nm,tau_nullspace_norm_Nm,tau_cmd_norm_Nm,nullspace_damping_Nms_rad,disturbance_scale,disturbance_force_norm_N,disturbance_tau_norm_Nm,disturbance_torque_scale,external_force_delta_norm_N,external_moment_delta_norm_Nm,external_joint_torque_delta_norm_Nm,external_joint_torque_along_nbest_Nm,peak_external_force_delta_norm_N,peak_external_moment_delta_norm_Nm,peak_external_joint_torque_delta_norm_Nm,external_joint_torque_baseline_valid,joint_contact,cartesian_contact,Jn_norm,e_p_x_mm,e_p_y_mm,e_p_z_mm,e_R_x_deg,e_R_y_deg,e_R_z_deg,q1_deg,q2_deg,q3_deg,q4_deg,q5_deg,q6_deg,q7_deg,dq1_rad_s,dq2_rad_s,dq3_rad_s,dq4_rad_s,dq5_rad_s,dq6_rad_s,dq7_rad_s,n_best_1,n_best_2,n_best_3,n_best_4,n_best_5,n_best_6,n_best_7,dqN_1_rad_s,dqN_2_rad_s,dqN_3_rad_s,dqN_4_rad_s,dqN_5_rad_s,dqN_6_rad_s,dqN_7_rad_s,tau_sigma_1_Nm,tau_sigma_2_Nm,tau_sigma_3_Nm,tau_sigma_4_Nm,tau_sigma_5_Nm,tau_sigma_6_Nm,tau_sigma_7_Nm,tau_ext_delta_1_Nm,tau_ext_delta_2_Nm,tau_ext_delta_3_Nm,tau_ext_delta_4_Nm,tau_ext_delta_5_Nm,tau_ext_delta_6_Nm,tau_ext_delta_7_Nm
0.000000000,0,0.000000000,hold_start,0.000000000,,0.000000000,0.000000000,0.000000000,0.000000000,0.000000000,0,0,0.000000000,0.000000000,0.000000000,0.000000000,0.000000000,0.000000000,0.000000000,0.000000000,0.000000000,0.000000000,0.000000000,0.000000000,0,0.000000000,0,0.000000000,0.000000000,0.000000000,0.000000000,0.000000000,0.000000000,0.000000000,0.000000000,0.000000000,0.000000000,0.000000000,0.000000000,0.000000000,0.000000000,0.000000000,0.000000000,1.000000000,0.000000000,0.000000000,0.000000000,0.000000000,0.000000000,0.000000000,0.000000000,0,0,0,0.000000000,0.000000000,0.000000000,0.000000000,0.000000000,0.000000000,0.000000000,0.837371814,12.106777769,-0.520887900,-130.918602691,-0.127735756,142.885448012,44.745941373,0.000000000,0.000000000,0.000000000,0.000000000,0.000000000,0.000000000,0.000000000,0.000000000,0.000000000,0.000000000,0.000000000,0.000000000,0.000000000,0.000000000,0.000000000,0.000000000,0.000000000,0.000000000,0.000000000,0.000000000,0.000000000,0.000000000,0.000000000,0.000000000,0.000000000,0.000000000,0.000000000,0.000000000,0.000000000,0.000000000,0.000000000,0.000000000,0.000000000,0.000000000,0.000000000
0.000000000,0,0.000000000,sample,0.216514873,,0.215825049,0.216204175,0.000379126,379.125789232,0.002369536,1,1,2.000000000,0.080000000,2.000000000,-0.000603186,0.000301593,-0.000301593,0.000301593,0.000301593,-0.000301593,0.000000000,0.001488322,0.202639438,2,64.764456078,1,46.349283205,0.045251401,0.003873465,0.045251401,0.003873465,0.754269936,0.090118007,0.056560154,0.010203806,0.035473773,2.000000000,2.000314518,2.000000000,0.000000000,0.000000000,0.000000000,1.000000000,0.879798512,0.595807123,0.000000000,0.000000000,0.879798512,0.595807123,0.000000000,1,0,0,0.000000000,-0.014503170,0.016071750,-0.039737215,0.001244951,0.003664070,0.000168589,0.839671151,12.102872912,-0.524671768,-130.917861869,-0.128578377,142.884455452,44.745380889,0.000712153,0.001197748,0.000215267,0.000292623,-0.000119360,-0.000349586,0.000070121,-0.680803079,-0.001285501,0.673995880,0.000098548,-0.234282621,-0.000300821,0.165368142,0.000205325,0.000000388,-0.000203272,-0.000000030,0.000070658,0.000000091,-0.000049874,-1.361606158,-0.002571002,1.347991760,0.000197096,-0.468565243,-0.000601641,0.330736284,0.000000000,0.000000000,0.000000000,0.000000000,0.000000000,0.000000000,0.000000000
0.050000000,0,0.050000000,sample,0.216523840,0.000179348,0.215885645,0.216162309,0.000276665,276.664611626,0.001729154,1,1,2.000000000,0.080000000,2.000000000,0.273421288,0.136710644,0.136710644,0.136710644,0.136710644,-0.000611139,0.136710644,0.140823207,0.970796273,3,52.506495590,1,46.344548270,0.134691197,0.059986050,0.134691197,0.059986050,6.554587085,1.528710201,0.592516773,0.262365562,0.432910382,2.000000000,2.046647302,2.000000000,0.000000000,0.000000000,0.000000000,1.000000000,0.714063121,0.245430447,0.416298508,0.258475946,0.864784479,0.585263953,0.416298508,1,0,0,0.000000000,0.015190581,-0.123185974,0.052308513,-0.029901400,-0.005279466,0.051733546,0.700448536,12.112431371,-0.377443984,-130.918306016,-0.127703094,142.885763494,44.800979906,-0.094717571,0.002715263,0.102042419,0.000971030,0.000020434,0.000138304,0.020946763,-0.680768303,-0.000919501,0.673942218,0.000097949,-0.234454213,-0.000298985,0.165489218,-0.093068273,-0.000125706,0.092135075,0.000013391,-0.032052386,-0.000040874,0.022624138,-1.361536606,-0.001839003,1.347884437,0.000195898,-0.468908425,-0.000597969,0.330978437,-0.325255079,-0.123766208,0.066148428,-0.021461618,0.049935166,0.210339318,0.024962816
0.100000000,0,0.100000000,sample,0.216534111,0.000205419,0.216052640,0.216016650,0.000035990,35.990450143,0.000224940,1,1,2.000000000,0.080000000,2.000000000,0.355252302,0.177626151,0.177626151,0.178906570,0.178906570,0.000000000,0.178906570,0.183919885,0.965780026,3,51.650687811,1,46.339870010,0.498829894,0.147010517,0.498829894,0.147010517,5.928256940,1.704631070,1.280286623,0.357560583,0.913676400,2.000000000,2.199606768,2.000000000,0.000000000,0.000000000,0.000000000,1.000000000,1.403339323,0.555995434,0.674532964,0.519065140,1.410902757,0.575674588,0.688118427,1,0,0,0.000000000,0.054137993,-0.472378391,0.150860852,-0.102328824,-0.016368002,0.104273643,0.375047655,12.122234019,-0.030747096,-130.919054237,-0.127825882,142.885787289,44.867190496,-0.127335934,0.000521853,0.132180302,0.000803535,0.000365971,0.000066420,0.011806575,-0.680733942,-0.000055147,0.673888685,0.000098114,-0.234624482,-0.000299490,0.165609753,-0.120916150,-0.000009796,0.119700253,0.000017428,-0.041675444,-0.000053197,0.029416623,-1.361467884,-0.000110294,1.347777370,0.000196228,-0.469248965,-0.000598979,0.331219505,-0.539239047,0.064824718,0.229419664,-0.043820344,0.051313614,0.315466149,0.057516452
0.150000000,0,0.150000000,sample,0.216534560,0.000008976,0.216027949,0.216042148,0.000014199,14.198899307,0.000088743,1,1,2.000000000,0.080000000,2.000000000,0.167310444,0.083655222,0.083655222,0.178902326,0.178902326,-0.176303416,0.178902326,0.091419741,0.915067366,3,56.685088422,1,46.340159244,0.294127823,0.181197944,0.557764917,0.184012260,16.499549333,0.512565553,0.392627256,0.091245743,0.380100381,2.000000000,2.035866498,2.000000000,0.000000000,0.000000000,0.000000000,1.000000000,1.129794506,0.474456808,0.716676669,-0.481012616,1.406677483,0.556274908,0.777930644,1,0,0,0.000000000,0.051619474,-0.249878716,0.146312110,-0.130338318,-0.015840331,0.124874745,0.276780689,12.121636969,0.037868431,-130.919274762,-0.105345340,142.886140553,44.838651754,0.039806312,-0.003124138,-0.068829466,-0.000219782,0.012934456,0.000154614,-0.043109148,0.680736067,-0.000112251,-0.673891147,-0.000080856,0.234615644,0.000246808,-0.165603589,0.056947127,-0.000009390,-0.056374513,-0.000006764,0.019626824,0.000020647,-0.013853605,1.361472133,-0.000224501,-1.347782294,-0.000161712,0.469231288,0.000493616,-0.331207178,-0.237888774,-0.121469382,0.527936901,0.008289855,0.197801835,0.347650264,0.059221641
0.200000000,0,0.200000000,sample,0.216534148,-0.000008239,0.216037108,0.216032249,0.000004859,4.859287802,0.000030371,1,1,2.000000000,0.080000000,2.000000000,0.126792111,0.063396055,0.063396055,0.107647028,0.107647028,-0.107647028,0.091636813,0.065210650,0.972173334,1,47.853743702,1,46.339608155,0.160961114,0.184686279,0.283780070,0.184686279,1.326073585,1.153470280,0.385633308,0.318568916,0.636879087,2.000000000,2.099083272,2.000000000,0.000000000,0.000000000,0.000000000,1.000000000,1.323009330,0.846281219,0.695625492,0.314392405,1.498568857,0.888160043,0.737383760,1,0,0,0.000000000,0.050148753,0.000549480,0.152948622,-0.122830033,-0.016334509,0.136948854,0.278329619,12.122623625,0.010919941,-130.918918721,-0.108465216,142.886228312,44.828418705,-0.045110381,0.001784882,0.043846273,-0.000470257,-0.001371349,-0.000169838,0.017019707,-0.680732019,0.000045547,0.673886021,0.000083257,-0.234633409,-0.000254136,0.165615937,-0.043155725,0.000002887,0.042721715,0.000005278,-0.014874833,-0.000016111,0.010499397,-1.361464038,0.000091094,1.347772043,0.000166514,-0.469266817,-0.000508272,0.331231875,-0.341504642,-0.001713946,0.258597539,0.014407859,0.423166838,0.345419106,0.042445997
0.250000000,0,0.250000000,sample,0.216534124,-0.000000482,0.216040265,0.216029036,0.000011229,11.229325690,0.000070183,1,1,2.000000000,0.080000000,2.000000000,0.018437587,0.009218793,0.009218793,0.078899640,0.078899640,-0.078899640,0.068162794,0.010606956,0.869127134,3,76.328730319,1,46.339722878,0.169467944,0.181933014,0.177960409,0.194999741,3.258642349,0.376912189,0.352506594,0.139187057,0.262009173,2.000000000,2.017089000,2.000000000,0.000000000,0.000000000,0.000000000,1.000000000,1.105203622,0.726243862,0.752490955,0.278205267,1.357628827,0.840366240,0.752490955,1,0,0,0.000000000,0.049911779,-0.058583412,0.150984047,-0.121576328,-0.016151784,0.134379827,0.294401849,12.122407140,0.001540627,-130.918914517,-0.107260351,142.886181685,44.831788929,-0.004294258,-0.002759826,0.009266907,0.000099130,-0.000565459,-0.000019682,-0.000494680,-0.680732862,0.000021941,0.673887284,0.000082331,-0.234629357,-0.000251309,0.165613087,-0.006275536,0.000000202,0.006212428,0.000000759,-0.002163000,-0.000002317,0.001526753,-1.361465723,0.000043883,1.347774567,0.000164661,-0.469258715,-0.000502618,0.331226174,-0.112906718,-0.135177768,0.448834126,-0.015972758,0.463095678,0.341957895,0.046061598
0.300000000,0,0.300000000,sample,0.216533721,-0.000008056,0.216039048,0.216029406,0.000009642,9.642284966,0.000060264,1,1,2.000000000,0.080000000,2.000000000,0.016121876,0.008060938,0.008060938,0.051594308,0.051594308,-0.051594308,0.038796404,0.009020092,0.893664737,1,55.294471088,1,46.340036974,0.281030264,0.172204640,0.297539203,0.182780120,0.868910349,0.350142565,0.519351223,0.194306110,0.372760178,2.000000000,2.034441000,2.000000000,0.000000000,0.000000000,0.000000000,1.000000000,1.243366544,0.817283746,0.692256454,0.242140076,1.315044490,1.036080348,0.899159624,1,0,0,0.000000000,0.045540107,-0.238250597,0.141918149,-0.121853542,-0.015016999,0.120750330,0.311357395,12.121688309,0.003884783,-130.918576361,-0.107600991,142.886269111,44.837680302,-0.006707363,-0.000961644,0.005079686,0.000080751,0.001580076,-0.000000807,0.002672492,-0.680735169,0.000027846,0.673891508,0.000082588,-0.234616873,-0.000252093,0.165604098,-0.005487364,0.000000224,0.005432198,0.000000666,-0.001891232,-0.000002032,0.001334924,-1.361470337,0.000055692,1.347783016,0.000165175,-0.469233747,-0.000504186,0.331208195,-0.243616862,-0.036146610,0.267006587,0.000829258,0.474269006,0.346642973,0.046664752
0.350000000,0,0.350000000,sample,0.216534261,0.000010800,0.216038528,0.216031141,0.000007387,7.386880524,0.000046168,1,1,2.000000000,0.080000000,2.000000000,0.025950190,0.012975095,0.012975095,0.046754766,0.046754766,-0.046754766,0.035695128,0.014848852,0.873811297,1,76.537582978,1,46.338945280,0.340917093,0.170376279,0.367646341,0.177061019,3.001045208,0.419043039,0.545686696,0.201558891,0.402886086,2.000000000,2.040177797,2.000000000,0.000000000,0.000000000,0.000000000,1.000000000,1.031650918,0.827325119,0.743868966,0.252433358,1.407953789,1.017955806,0.883175524,1,0,0,0.000000000,0.056525396,-0.292405194,0.165917288,-0.122459313,-0.017766178,0.117115993,0.313795242,12.123952904,0.007149260,-130.919014609,-0.107693710,142.886228312,44.839746676,-0.012990631,-0.000337582,0.006915649,0.000482813,0.001696303,0.000251514,-0.000786094,-0.680727150,0.000036012,0.673878588,0.000082673,-0.234657066,-0.000252354,0.165632683,-0.008832499,0.000000467,0.008743639,0.000001073,-0.003044698,-0.000003274,0.002149100,-1.361454300,0.000072025,1.347757175,0.000165346,-0.469314133,-0.000504708,0.331265366,-0.421724911,-0.129181490,0.099978250,0.006587482,0.473240019,0.348960048,0.055072723
0.400000000,0,0.400000000,sample,0.216534030,-0.000004621,0.216037121,0.216031957,0.000005165,5.164844924,0.000032280,1,1,2.000000000,0.080000000,2.000000000,0.038708680,0.019354340,0.019354340,0.046965120,0.046965120,-0.046965120,0.033798335,0.020619637,0.938636298,1,69.860159400,1,46.339955139,0.301027567,0.173652188,0.334317394,0.178243432,2.942833829,0.489742496,0.468260256,0.213926726,0.376715639,2.000000000,2.035172068,2.000000000,0.000000000,0.000000000,0.000000000,1.000000000,1.149239699,0.782428113,0.695673285,0.254581279,1.268765460,1.014780291,0.899823933,1,0,0,0.000000000,0.048518976,-0.258878972,0.145757274,-0.123016160,-0.015536773,0.121575965,0.306804940,12.121917061,0.010389821,-130.918823193,-0.107920780,142.886228312,44.840568591,-0.017234386,-0.001038139,0.011177857,-0.000241577,0.000552780,0.000060583,0.001324983,-0.680734567,0.000044130,0.673890022,0.000082834,-0.234620826,-0.000252847,0.165607012,-0.013175168,0.000000854,0.013042697,0.000001603,-0.004540931,-0.000004894,0.003205214,-1.361469135,0.000088260,1.347780043,0.000165669,-0.469241653,-0.000505694,0.331214024,-0.284235584,-0.079022154,0.237816299,0.028927067,0.462658806,0.349586971,0.057178348
0.450000000,0,0.450000000,sample,0.216534131,0.000002018,0.216032541,0.216036817,0.000004276,4.276103793,0.000026726,1,1,2.000000000,0.080000000,2.000000000,-0.074549299,0.037274650,-0.037274650,0.044255796,0.044255796,-0.044255796,0.033791837,0.038426473,0.970025252,1,50.693603245,1,46.339312773,0.270689173,0.180258488,0.296616104,0.181322841,0.622236400,0.469480990,0.534698487,0.222006425,0.409547997,2.000000000,2.041536705,2.000000000,0.000000000,0.000000000,0.000000000,1.000000000,1.195931169,0.790357079,0.697077919,-0.278114092,1.460662991,0.936950836,0.775584794,1,0,0,0.000000000,0.053097680,-0.213008255,0.158369024,-0.125576119,-0.016966647,0.128202550,0.287576522,12.123210252,0.024079177,-130.918905748,-0.108425552,142.886181685,44.841753030,-0.027359434,-0.001323416,0.026559929,-0.000298788,0.000009328,-0.000213721,0.004554001,0.680729849,-0.000078377,-0.673882863,-0.000083230,0.234643656,0.000254054,-0.165623174,-0.025373967,0.000002921,0.025118748,0.000003102,-0.008746260,-0.000009470,0.006173546,1.361459699,-0.000156754,-1.347765727,-0.000166460,0.469287312,0.000508109,-0.331246347,-0.286143151,-0.063109405,0.266663273,0.034867613,0.448992161,0.350909274,0.054777690
0.500000000,0,0.500000000,sample,0.216533043,-0.000021745,0.216030305,0.216036787,0.000006482,6.481870246,0.000040512,1,1,2.000000000,0.080000000,2.000000000,0.012346910,0.006173455,0.006173455,0.046449049,0.046449049,-0.046449049,0.028023827,0.007114982,0.867669759,3,63.837401288,1,46.340030050,0.252421703,0.180683493,0.269049929,0.182217282,2.497631254,0.320655377,0.396792726,0.180715369,0.280689560,2.000000000,2.019600985,2.000000000,0.000000000,0.000000000,0.000000000,1.000000000,1.149613856,0.841038379,0.739709831,-0.327151405,1.244902706,0.841038379,0.739709831,1,0,0,0.000000000,0.039988307,-0.208439431,0.136640605,-0.126853367,-0.014239765,0.127874850,0.283815231,12.121543767,0.027087010,-130.918009667,-0.107389474,142.886356541,44.839780174,0.003123784,-0.001414087,-0.005684751,0.002093520,0.001318320,0.000333170,0.000563135,0.680735118,-0.000085696,-0.673892819,-0.000082424,0.234614583,0.000251594,-0.165602196,0.004202488,-0.000000529,-0.004160247,-0.000000509,0.001448383,0.000001553,-0.001022338,1.361470235,-0.000171392,-1.347785639,-0.000164849,0.469229166,0.000503189,-0.331204392,-0.438186810,-0.070418282,0.183571589,0.000973865,0.440907633,0.345472114,0.052480667
0.550000000,0,0.550000000,sample,0.216533055,0.000000230,0.216033515,0.216033640,0.000000125,0.124949907,0.000000781,0,0,2.000000000,0.080000000,0.000000000,0.000000000,0.035627181,0.000000000,0.047055205,0.047055205,-0.047055205,0.034445497,0.036966846,0.963760350,1,56.863873170,0,0.000000000,0.281605688,0.175334068,0.281605688,0.180414859,1.765492336,0.508409969,0.643812899,0.085909385,0.469919604,0.000000000,0.469966565,2.000000000,0.000000000,0.000000000,0.000000000,1.000000000,1.377331935,0.910223496,0.737665962,0.000000000,1.401340113,0.910223496,0.755804239,1,0,0,0.000000000,0.041721727,-0.239452943,0.142208822,-0.124790997,-0.014761732,0.122275646,0.296739297,12.122158305,0.017966688,-130.918009667,-0.107634258,142.886443964,44.838382863,0.027876011,0.002678806,-0.023853149,0.001820325,0.000272287,0.000587447,-0.003097458,0.000000000,0.000000000,0.000000000,0.000000000,0.000000000,0.000000000,0.000000000,0.024252589,-0.000002244,-0.024008777,-0.000002943,0.008359058,0.000008984,-0.005900223,0.000000000,0.000000000,0.000000000,0.000000000,0.000000000,0.000000000,0.000000000,-0.410799308,0.024285437,0.236411681,-0.001703386,0.444333687,0.344448025,0.053244399
0.600000000,0,0.600000000,sample,0.216533673,0.000012359,0.216038294,0.216030121,0.000008173,8.172722786,0.000051080,1,1,2.000000000,0.080000000,2.000000000,-0.027202640,0.013601320,-0.013601320,0.047646344,0.047646344,-0.047646344,0.030871404,0.015932826,0.853666502,1,49.882860762,1,46.339531015,0.286659462,0.173809658,0.305393455,0.178921904,0.517730863,0.245646301,0.585501014,0.163900410,0.397607311,2.000000000,2.039143154,2.000000000,0.000000000,0.000000000,0.000000000,1.000000000,1.133013885,0.898031934,0.768444554,0.321678283,1.364366748,0.949145185,0.791182638,1,0,0,0.000000000,0.047586466,-0.239450396,0.150242082,-0.122179461,-0.015789258,0.122607812,0.309257190,12.122644944,0.006034184,-130.918524579,-0.107793058,142.886399588,44.839691917,0.011253005,0.000374072,-0.010035575,0.000691398,0.000083405,0.000281097,0.005080171,-0.680731452,0.000033243,0.673886114,0.000082741,-0.234634433,-0.000252561,0.165616442,0.009258846,-0.000000452,-0.009165741,-0.000001125,0.003191338,0.000003435,-0.002252602,-1.361462905,0.000066487,1.347772229,0.000165482,-0.469268866,-0.000505123,0.331232883,-0.496216174,-0.074552465,0.122284600,0.014193288,0.457191729,0.334199792,0.053382772
0.650000000,0,0.650000000,sample,0.216533684,0.000000218,0.216035491,0.216032884,0.000002606,2.606441047,0.000016290,1,1,2.000000000,0.080000000,2.000000000,0.055953395,0.027976697,0.027976697,0.042859100,0.042859100,-0.042859100,0.027976697,0.029617049,0.944614631,1,67.420103680,1,46.339950040,0.261492402,0.177499313,0.299898248,0.178008404,3.537636912,0.612874653,0.391835390,0.235728170,0.399755122,2.000000000,2.039574395,2.000000000,0.000000000,0.000000000,0.000000000,1.000000000,1.324410165,0.775273326,0.703407875,0.260929591,1.324410165,0.888349764,0.762612220,1,0,0,0.000000000,0.044524723,-0.214844723,0.142258815,-0.123824370,-0.014865290,0.126303424,0.298194406,12.121800480,0.014069290,-130.918520115,-0.107872033,142.886480536,44.840245125,-0.024318483,0.000505101,0.016803902,0.000376522,0.000660005,0.000489781,0.001528866,-0.680734530,0.000053301,0.673890655,0.000082797,-0.234619774,-0.000252730,0.165606077,-0.019044704,0.000001491,0.018853235,0.000002316,-0.006563886,-0.000007071,0.004633111,-1.361469060,0.000106603,1.347781311,0.000165593,-0.469239547,-0.000505460,0.331212153,-0.125233148,-0.025429380,0.402977171,0.021542891,0.444887238,0.339099311,0.051816507
0.700000000,0,0.700000000,sample,0.216534172,0.000009763,0.216032243,0.216037161,0.000004918,4.917781729,0.000030736,1,1,2.000000000,0.080000000,2.000000000,-0.073262136,0.036631068,-0.036631068,0.041016558,0.041016558,-0.041016558,0.028969803,0.038100899,0.961422658,3,56.417374591,1,46.339466157,0.251741070,0.181963246,0.287417095,0.181963246,2.502856536,0.404959949,0.606174554,0.167654016,0.459025803,2.000000000,2.052039236,2.000000000,0.000000000,0.000000000,0.000000000,1.000000000,0.987430864,0.724404883,0.698310961,-0.268941934,1.329014109,1.048532617,0.895538271,1,0,0,0.000000000,0.050968197,-0.191937209,0.154712369,-0.125679486,-0.016340843,0.130569011,0.284322899,12.122852316,0.025031693,-130.918918902,-0.108593341,142.886460494,44.841932235,-0.025084724,0.000179899,0.028618157,0.000057339,-0.001682292,0.000035753,-0.000754451,0.680730976,-0.000080780,-0.673884429,-0.000083357,0.234638496,0.000254441,-0.165619484,-0.024935903,0.000002959,0.024685106,0.000003053,-0.008595059,-0.000009320,0.006066819,1.361461952,-0.000161560,-1.347768857,-0.000166714,0.469276992,0.000508882,-0.331238967,-0.264266333,-0.147886321,0.273420824,0.053460897,0.443686622,0.344248193,0.054309202
0.750000000,0,0.750000000,sample,0.216534169,-0.000000055,0.216033298,0.216036064,0.000002766,2.766046956,0.000017288,1,1,2.000000000,0.080000000,2.000000000,0.039556110,0.019778055,0.019778055,0.044846955,0.044846955,-0.044846955,0.029581572,0.020868976,0.947725234,3,55.372999092,1,46.339778693,0.218804769,0.185186748,0.249206672,0.185755131,1.583254503,0.277055959,0.402186065,0.127194071,0.340935001,2.000000000,2.028862916,2.000000000,0.000000000,0.000000000,0.000000000,1.000000000,1.189341737,0.761887810,0.714393289,-0.313966180,1.212504696,0.927912686,0.799996075,1,0,0,0.000000000,0.049057685,-0.152381992,0.149159642,-0.125823155,-0.015774616,0.134958611,0.283396192,12.122246138,0.021700457,-130.918918902,-0.107201507,142.886417977,44.841026635,0.013574302,-0.000217621,-0.015529238,-0.000802380,-0.001548466,-0.000279610,-0.002632136,0.680733272,-0.000072230,-0.673887826,-0.000082285,0.234627537,0.000251168,-0.165611759,0.013463580,-0.000001429,-0.013328190,-0.000001627,0.004640476,0.000004968,-0.003275478,1.361466543,-0.000144460,-1.347775652,-0.000164569,0.469255075,0.000502336,-0.331223517,-0.227450846,-0.068682307,0.374657962,0.026591858,0.438732869,0.341944393,0.058467184
0.800000000,0,0.800000000,sample,0.216534031,-0.000002767,0.216038784,0.216030373,0.000008411,8.410501071,0.000052566,1,1,2.000000000,0.080000000,2.000000000,-0.060145259,0.030072630,-0.030072630,0.039406775,0.039406775,-0.039406775,0.032438881,0.031219537,0.963263167,3,50.889294875,1,46.339322556,0.241896889,0.179788349,0.245006731,0.185001283,0.936621664,0.442059367,0.461601927,0.198311781,0.400171652,2.000000000,2.039666528,2.000000000,0.000000000,0.000000000,0.000000000,1.000000000,1.163057732,0.848066818,0.731130979,0.323792128,1.282054604,0.869237542,0.731539090,1,0,0,0.000000000,0.051468072,-0.176727068,0.156948035,-0.122586298,-0.016646369,0.130458225,0.302910880,12.123141792,0.005549707,-130.918821732,-0.106937953,142.886330401,44.840038200,0.021099313,0.000500538,-0.022270997,-0.000033683,0.005003516,0.000239709,0.002852512,-0.680729921,0.000031891,0.673883132,0.000082088,-0.234643043,-0.000250567,0.165622675,0.020471339,-0.000000959,-0.020265438,-0.000002469,0.007056333,0.000007535,-0.004980709,-1.361459842,0.000063783,1.347766264,0.000164176,-0.469286086,-0.000501135,0.331245349,-0.365688902,-0.068486441,0.256592059,0.041883925,0.455383626,0.343933574,0.053623178
0.850000000,0,0.850000000,sample,0.216533906,-0.000002506,0.216037293,0.216031581,0.000005711,5.711270124,0.000035695,1,1,2.000000000,0.080000000,2.000000000,0.028579730,0.014289865,0.014289865,0.045137328,0.045137328,-0.045137328,0.029548983,0.015359542,0.930357526,1,76.434583746,1,46.339555852,0.270378628,0.177481450,0.273315980,0.182742144,3.405700156,0.554575828,0.416387176,0.221287131,0.401410213,2.000000000,2.039887314,2.000000000,0.000000000,0.000000000,0.000000000,1.000000000,1.088924726,0.821498619,0.717971669,0.287095375,1.226693721,0.907545414,0.796144349,1,0,0,0.000000000,0.049076411,-0.218484926,0.151527046,-0.123110363,-0.015996106,0.126837015,0.303304004,12.122644944,0.009525794,-130.918711533,-0.107456580,142.886379621,44.841112748,-0.013428367,0.000437552,0.006746982,0.000343206,-0.000389014,0.000314998,0.003084300,-0.680731635,0.000041898,0.673885927,0.000082483,-0.234634396,-0.000251773,0.165616508,-0.009727563,0.000000599,0.009629739,0.000001179,-0.003352894,-0.000003598,0.002366638,-1.361463269,0.000083797,1.347771853,0.000164966,-0.469268791,-0.000503546,0.331233017,-0.362497936,-0.093397260,0.207061292,0.036092744,0.460890008,0.340280113,0.054482069
0.900000000,0,0.900000000,sample,0.216533918,0.000000252,0.216033876,0.216035023,0.000001147,1.147131690,0.000007170,1,1,2.000000000,0.080000000,2.000000000,-0.064381329,0.032190664,-0.032190664,0.047631488,0.047631488,-0.047631488,0.028599526,0.033790097,0.952665651,3,55.715454048,1,46.339490949,0.285042890,0.178730588,0.286121743,0.181080248,2.244660481,0.344798651,0.676640400,0.190440627,0.503130939,2.000000000,2.062347004,2.000000000,0.000000000,0.000000000,0.000000000,1.000000000,1.175918157,0.815155342,0.698213728,-0.273158274,1.383063489,0.956887752,0.807881655,1,0,0,0.000000000,0.049236507,-0.235768355,0.152441786,-0.125001906,-0.016043737,0.126734940,0.294794582,12.122755933,0.019462538,-130.918711533,-0.107774913,142.886453526,44.842471076,-0.022429835,0.000788067,0.025221869,-0.000157216,0.000979971,-0.000215588,0.000936949,0.680731158,-0.000066746,-0.673885208,-0.000082728,0.234636699,0.000252521,-0.165618119,-0.021913188,0.000002149,0.021692813,0.000002663,-0.007553111,-0.000008129,0.005331357,1.361462316,-0.000133491,-1.347770416,-0.000165456,0.469273398,0.000505042,-0.331236239,-0.319731865,-0.065122658,0.227374514,0.046781160,0.454258812,0.343322556,0.054073015
0.950000000,0,0.950000000,sample,0.216533917,-0.000000021,0.216031234,0.216037645,0.000006411,6.410850520,0.000040068,1,1,2.000000000,0.080000000,2.000000000,-0.000435733,0.000217867,-0.000217867,0.040119729,0.040119729,-0.040119729,0.028091662,0.004994549,0.043620893,5,42.255733366,1,46.339592185,0.269171396,0.182111258,0.289334695,0.182177553,2.560014102,0.487530347,0.439755761,0.218540862,0.394760227,2.000000000,2.038585413,2.000000000,0.000000000,0.000000000,0.000000000,1.000000000,1.107004984,0.753849658,0.702626607,-0.302078624,1.176024521,0.858512624,0.744691041,1,0,0,0.000000000,0.048403808,-0.217866966,0.150480221,-0.126959209,-0.015818534,0.129598007,0.284960678,12.122549235,0.026942674,-130.918711533,-0.107135997,142.886481342,44.842303606,-0.003153783,0.000272193,-0.001915482,0.000395397,0.003246677,-0.000050786,0.000745777,0.680731902,-0.000085300,-0.673886301,-0.000082236,0.234633162,0.000251020,-0.165615619,-0.000148309,0.000000019,0.000146817,0.000000018,-0.000051119,-0.000000055,0.000036082,1.361463803,-0.000170600,-1.347772603,-0.000164473,0.469266324,0.000502040,-0.331231237,-0.269094807,-0.093711480,0.315756298,0.026582922,0.438683185,0.341462452,0.055154852
1.000000000,0,1.000000000,sample,0.216533910,-0.000000137,0.216034508,0.216034346,0.000000162,0.161816444,0.000001011,0,0,2.000000000,0.080000000,0.000000000,0.000000000,0.031445274,0.000000000,0.040494821,0.040494821,-0.040494821,0.027286227,0.032869255,0.956677415,1,52.700760368,0,0.000000000,0.271638442,0.177920910,0.271807829,0.181862480,1.203704082,0.293663849,0.584516242,0.129568055,0.441157274,0.000000000,0.441298735,2.000000000,0.000000000,0.000000000,0.000000000,1.000000000,1.228347253,0.836445212,0.719694320,0.000000000,1.273258693,0.857473098,0.747258279,1,0,0,0.000000000,0.047859082,-0.222892299,0.147702316,-0.124834739,-0.015604417,0.125811924,0.295406844,12.122231049,0.017511869,-130.918711533,-0.107387081,142.886370708,44.839943596,0.023861531,0.001346954,-0.022542246,-0.000729607,0.000424255,-0.000224451,0.000534251,0.000000000,0.000000000,0.000000000,0.000000000,0.000000000,0.000000000,0.000000000,0.021405841,-0.000001944,-0.021190600,-0.000002592,0.007377911,0.000007912,-0.005207693,0.000000000,0.000000000,0.000000000,0.000000000,0.000000000,0.000000000,0.000000000,-0.340289595,-0.040247879,0.291576586,0.027403642,0.441012620,0.342736809,0.053051849
1.051000000,0,1.051000000,sample,0.216533777,-0.000002605,0.216038249,0.216030376,0.000007873,7.872984032,0.000049206,1,1,2.000000000,0.080000000,2.000000000,0.003519926,0.001759963,0.001759963,0.038659271,0.038659271,-0.038659271,0.027760587,0.002203517,0.798706239,7,35.788143621,1,46.339551742,0.298797113,0.173263420,0.302932752,0.178982505,0.329341250,0.030429075,0.603384581,0.149261321,0.421338061,2.000000000,2.043899642,2.000000000,0.000000000,0.000000000,0.000000000,1.000000000,1.130955705,0.823333475,0.716237604,0.295997750,1.218704867,0.888568989,0.756337516,1,0,0,0.000000000,0.048734287,-0.253192484,0.150990893,-0.122333126,-0.015971683,0.121654118,0.310295441,12.122644944,0.006446842,-130.918615824,-0.107677411,142.886309994,44.840087242,-0.000703634,-0.000364731,0.001236701,-0.000021467,-0.000977246,0.000069056,0.001318214,-0.680731605,0.000034253,0.673886135,0.000082652,-0.234634069,-0.000252290,0.165616246,-0.001198062,0.000000060,0.001186015,0.000000145,-0.000412947,-0.000000444,0.000291478,-1.361463209,0.000068507,1.347772271,0.000165305,-0.469268139,-0.000504581,0.331232492,-0.351600096,-0.077429618,0.230543258,0.024723265,0.457194004,0.343308499,0.052247645
1.101000000,0,1.101000000,sample,0.216533551,-0.000004532,0.216036099,0.216032035,0.000004063,4.063434325,0.000025396,1,1,2.000000000,0.080000000,2.000000000,0.035294646,0.017647323,0.017647323,0.037040856,0.037040856,-0.037040856,0.028531014,0.018584557,0.949569183,1,53.470382971,1,46.339839047,0.287040906,0.175952671,0.312925104,0.177508025,1.122031671,0.397500335,0.534039232,0.205361036,0.374536174,2.000000000,2.034773415,2.000000000,0.000000000,0.000000000,0.000000000,1.000000000,1.173762305,0.784062493,0.686510826,0.263419903,1.177853216,0.854798782,0.738818980,1,0,0,0.000000000,0.045151307,-0.244193311,0.143956480,-0.123451331,-0.015145658,0.124457704,0.303567993,12.122028018,0.011947929,-130.918424406,-0.107741792,142.886330179,44.841594331,-0.013589669,-0.000265076,0.012115133,0.001559372,0.001231646,-0.000128770,0.003145598,-0.680733715,0.000047988,0.673889723,0.000082698,-0.234623148,-0.000252429,0.165608442,-0.012013128,0.000000847,0.011892350,0.000001459,-0.004140470,-0.000004455,0.002922546,-1.361467430,0.000095975,1.347779446,0.000165396,-0.469246296,-0.000504859,0.331216885,-0.268929399,-0.060728283,0.264527994,0.016570462,0.454413011,0.340187380,0.053083806
1.151000000,0,1.151000000,sample,0.216534047,0.000009917,0.216032316,0.216036824,0.000004508,4.507772488,0.000028174,1,1,2.000000000,0.080000000,2.000000000,-0.070019496,0.035009748,-0.035009748,0.038497809,0.038497809,-0.038497809,0.027099863,0.035934158,0.974274902,3,51.716945538,1,46.339618496,0.271618333,0.180317385,0.295186010,0.180317385,1.224419776,0.258341062,0.574801591,0.183129318,0.412829860,2.000000000,2.042191691,2.000000000,0.000000000,0.000000000,0.000000000,1.000000000,1.190816384,0.773294519,0.685566621,-0.274850383,1.208519876,0.924215355,0.784984293,1,0,0,0.000000000,0.049719348,-0.219973641,0.151380654,-0.125710939,-0.016030412,0.128273711,0.287983166,12.122547724,0.024395328,-130.918823193,-0.108318825,142.886372872,44.842455897,-0.024811079,-0.001205456,0.025841868,-0.000327530,-0.001720257,0.000157448,0.001824119,0.680732095,-0.000079144,-0.673886339,-0.000083144,0.234632681,0.000253792,-0.165615351,-0.023832259,0.000002771,0.023592591,0.000002911,-0.008214431,-0.000008885,0.005798152,1.361464190,-0.000158288,-1.347772678,-0.000166288,0.469265363,0.000507583,-0.331230703,-0.268828799,-0.058309882,0.276953034,0.025607205,0.443362870,0.342386180,0.056346984
1.201000000,0,1.201000000,sample,0.216533895,-0.000003030,0.216033150,0.216035696,0.000002546,2.546413087,0.000015915,1,1,2.000000000,0.080000000,2.000000000,0.046726560,0.023363280,0.023363280,0.038282056,0.038282056,-0.038282056,0.025883243,0.024730694,0.944707814,1,52.358747458,1,46.339611628,0.248962778,0.182211699,0.270142153,0.182874326,0.515842030,0.279962725,0.513376028,0.124514489,0.384522020,2.000000000,2.036645707,2.000000000,0.000000000,0.000000000,0.000000000,1.000000000,1.149975665,0.811704805,0.717932208,-0.318774165,1.211164126,0.846770882,0.754282576,1,0,0,0.000000000,0.048892087,-0.192030751,0.150719008,-0.125734176,-0.015988266,0.130906057,0.288001218,12.122549235,0.021389933,-130.918704803,-0.107236478,142.886296931,44.841303026,0.017894968,0.000639153,-0.017013702,-0.000308166,-0.001184629,0.000057237,0.000034689,0.680732044,-0.000071463,-0.673886572,-0.000082313,0.234632355,0.000251256,-0.165615081,0.015904134,-0.000001670,-0.015744201,-0.000001923,0.005481781,0.000005870,-0.003869312,1.361464089,-0.000142925,-1.347773143,-0.000164627,0.469264710,0.000502511,-0.331230163,-0.375710214,-0.068607921,0.233256331,0.015668138,0.440101026,0.343724032,0.055428467
1.251000000,0,1.251000000,sample,0.216533901,0.000000112,0.216038451,0.216030412,0.000008039,8.039375482,0.000050246,1,1,2.000000000,0.080000000,2.000000000,-0.041327382,0.020663691,-0.020663691,0.037754074,0.037754074,-0.037754074,0.028723549,0.021940151,0.941820804,1,50.706280109,1,46.339576936,0.246521791,0.178793465,0.248376715,0.183887357,0.295785887,0.334651106,0.481497089,0.109763613,0.350981766,2.000000000,2.030573538,2.000000000,0.000000000,0.000000000,0.000000000,1.000000000,1.268900437,0.853186557,0.720743194,0.320209127,1.281910658,0.853186557,0.734699516,1,0,0,0.000000000,0.048801183,-0.188533072,0.151151311,-0.122452876,-0.015951081,0.129297948,0.303592915,12.122604128,0.006157544,-130.918711533,-0.107377383,142.886377650,44.840506141,0.015623218,0.000289255,-0.015191020,0.000446004,-0.001969045,-0.000122411,-0.001530851,-0.680731790,0.000033481,0.673886155,0.000082422,-0.234633659,-0.000251587,0.165615989,0.014066431,-0.000000692,-0.013924975,-0.000001703,0.004848397,0.000005199,-0.003422238,-1.361463579,0.000066962,1.347772310,0.000164844,-0.469267318,-0.000503174,0.331231978,-0.341706172,-0.012427411,0.275623036,-0.013626900,0.456990092,0.338367067,0.055382639
1.301000000,0,1.301000000,sample,0.216533901,-0.000000005,0.216035277,0.216033589,0.000001687,1.687261901,0.000010545,1,1,2.000000000,0.080000000,2.000000000,0.052298497,0.026149249,0.026149249,0.039103175,0.039103175,-0.039103175,0.026402857,0.027145750,0.963290719,1,51.164469423,1,46.339567004,0.265298907,0.179289135,0.267000708,0.182810033,0.212639742,0.440573300,0.534275969,0.217363191,0.419754736,2.000000000,2.043589943,2.000000000,0.000000000,0.000000000,0.000000000,1.000000000,1.132110445,0.827858274,0.719860180,0.290184837,1.254157600,0.855630352,0.743346998,1,0,0,0.000000000,0.049436727,-0.211965845,0.151690477,-0.124180101,-0.016108091,0.128313779,0.296510371,12.122644944,0.015367418,-130.918711533,-0.107713920,142.886272138,44.841712798,-0.019417176,-0.000303266,0.018463246,-0.000529387,0.000892735,-0.000060871,0.004219080,-0.680731717,0.000056517,0.673886076,0.000082680,-0.234633939,-0.000252376,0.165616206,-0.017800623,0.000001478,0.017621615,0.000002162,-0.006135501,-0.000006599,0.004330739,-1.361463433,0.000113034,1.347772152,0.000165361,-0.469267878,-0.000504752,0.331232413,-0.382345633,-0.074835948,0.190443813,0.012901464,0.457670182,0.342824437,0.054627773
1.351000000,0,1.351000000,sample,0.216533798,-0.000002055,0.216030641,0.216037960,0.000007320,7.319885563,0.000045749,1,1,2.000000000,0.080000000,2.000000000,-0.041434867,0.020717433,-0.020717433,0.037657441,0.037657441,-0.037657441,0.028528850,0.027062022,0.765553796,1,43.332178522,1,46.339901946,0.273172699,0.180409851,0.273610810,0.181110337,0.696540403,0.683488482,0.578511153,0.251480527,0.448352753,2.000000000,2.049651981,2.000000000,0.000000000,0.000000000,0.000000000,1.000000000,1.237921164,0.765501535,0.710684009,-0.291322925,1.237921164,0.840379532,0.741409077,1,0,0,0.000000000,0.045755854,-0.227589586,0.143988561,-0.126821270,-0.015100297,0.127420803,0.284587150,12.121917256,0.028374477,-130.918615824,-0.107874875,142.886473764,44.841743899,-0.017814166,0.000074264,0.017156080,-0.000199459,0.010579478,0.000101083,-0.002948989,0.680734177,-0.000088993,-0.673889904,-0.000082800,0.234621869,0.000252739,-0.165607602,-0.014103065,0.000001844,0.013961269,0.000001715,-0.004860763,-0.000005236,0.003430964,1.361468354,-0.000177986,-1.347779808,-0.000165599,0.469243738,0.000505478,-0.331215205,-0.186072112,-0.065535514,0.383582197,0.053946910,0.437871431,0.348469544,0.054277459
1.401000000,0,1.401000000,sample,0.216534161,0.000007266,0.216033145,0.216036237,0.000003092,3.092026548,0.000019325,1,1,2.000000000,0.080000000,2.000000000,0.038287231,0.019143615,0.019143615,0.038487380,0.038487380,-0.038487380,0.028737859,0.020634958,0.927727362,1,60.309158965,1,46.339528932,0.288087495,0.178580683,0.291445882,0.180661321,1.650595519,0.370845792,0.657380357,0.109291279,0.494777716,2.000000000,2.060304680,2.000000000,0.000000000,0.000000000,0.000000000,1.000000000,1.138907069,0.843040991,0.739099408,-0.328908674,1.274256201,0.865128316,0.739099408,1,0,0,0.000000000,0.051397379,-0.237967713,0.154026238,-0.125753312,-0.016382297,0.125732992,0.292116742,12.122756605,0.022217829,-130.918918902,-0.107488793,142.886330148,44.841256113,0.016024896,0.000863266,-0.012804256,-0.001067306,-0.001754545,0.000284045,-0.000108385,0.680731437,-0.000073572,-0.673885138,-0.000082508,0.234636235,0.000251851,-0.165617914,0.013031661,-0.000001408,-0.012900598,-0.000001580,0.004491786,0.000004821,-0.003170526,1.361462874,-0.000147144,-1.347770275,-0.000165017,0.469272470,0.000503702,-0.331235829,-0.421661318,-0.078152286,0.203338813,0.033007733,0.443962661,0.346123555,0.054966763
1.451000000,0,1.451000000,sample,0.216533913,-0.000004964,0.216037581,0.216031275,0.000006306,6.306006024,0.000039413,1,1,2.000000000,0.080000000,2.000000000,-0.083199109,0.041599555,-0.041599555,0.041952288,0.041952288,-0.041952288,0.027146380,0.043310998,0.960484788,3,51.903403247,1,46.339764362,0.281813748,0.175545462,0.299512976,0.179422581,1.524225975,0.372855559,0.524386081,0.127747170,0.388168855,2.000000000,2.037372785,2.000000000,0.000000000,0.000000000,0.000000000,1.000000000,1.156846565,0.905991852,0.777559220,0.328141002,1.202954268,0.913717116,0.786013982,1,0,0,0.000000000,0.047506073,-0.235447382,0.147399769,-0.123123890,-0.015478404,0.124165760,0.306051745,12.122214896,0.008614278,-130.918711533,-0.107125741,142.886471450,44.840034311,0.030022119,0.000356417,-0.031202983,-0.000569967,0.000348767,-0.000459517,-0.000322648,-0.680733166,0.000039567,0.673888166,0.000082226,-0.234627146,-0.000250990,0.165611374,0.028318197,-0.000001646,-0.028033448,-0.000003421,0.009760385,0.000010441,-0.006889359,-1.361466332,0.000079134,1.347776332,0.000164453,-0.469254292,-0.000501980,0.331222748,-0.500983847,-0.077299327,0.126650636,0.035832408,0.456530762,0.344917669,0.054087527
1.501000000,0,1.501000000,sample,0.216533771,-0.000002842,0.216037624,0.216030998,0.000006626,6.626368286,0.000041415,1,1,2.000000000,0.080000000,2.000000000,0.018131403,0.009065701,0.009065701,0.035942821,0.035942821,-0.035942821,0.026556759,0.009683145,0.936235168,1,49.894536297,1,46.339373400,0.273321464,0.176650135,0.284543011,0.179859020,0.329741732,0.092036515,0.559544591,0.157152231,0.412179156,2.000000000,2.042034693,2.000000000,0.000000000,0.000000000,0.000000000,1.000000000,1.153253752,0.838298384,0.719967559,0.288964938,1.248451693,0.972210901,0.832173305,1,0,0,0.000000000,0.048567397,-0.220980561,0.153340869,-0.122718225,-0.016046751,0.126047647,0.304940295,12.122948022,0.008240932,-130.918593197,-0.107660785,142.886512300,44.840866661,-0.006839793,0.000761879,0.006727646,0.000170738,-0.000176423,0.000285579,-0.000998515,-0.680730295,0.000038728,0.673884207,0.000082642,-0.234640326,-0.000252257,0.165620612,-0.006171297,0.000000351,0.006109233,0.000000749,-0.002127179,-0.000002287,0.001501467,-1.361460589,0.000077456,1.347768414,0.000165284,-0.469280651,-0.000504515,0.331241224,-0.375054079,-0.071996228,0.196748779,0.030807861,0.458157092,0.346704806,0.052277307
1.551000000,0,1.551000000,sample,0.216534052,0.000005633,0.216034686,0.216034466,0.000000221,0.220617016,0.000001379,0,0,2.000000000,0.080000000,0.000000000,0.000000000,0.032245009,0.000000000,0.041532930,0.041532930,-0.041532930,0.029468202,0.033855729,0.952424012,3,55.971629514,0,0.000000000,0.252297658,0.181362990,0.273832490,0.181901007,2.268517671,0.344697931,0.582617290,0.186317510,0.421121686,0.000000000,0.421241330,2.000000000,0.000000000,0.000000000,0.000000000,1.000000000,1.102843835,0.775765792,0.695971323,0.000000000,1.245391404,0.910642505,0.787153462,1,0,0,0.000000000,0.049395755,-0.195778894,0.151277203,-0.124631221,-0.015966854,0.130784756,0.292551474,12.122544703,0.017479021,-130.918823193,-0.107701035,142.886424330,44.842279508,-0.022430966,-0.000751724,0.025328889,-0.000040460,0.000712875,0.000483752,0.000447881,0.000000000,0.000000000,0.000000000,0.000000000,0.000000000,0.000000000,0.000000000,-0.021950212,0.000001992,0.021729469,0.000002666,-0.007565738,-0.000008137,0.005340272,0.000000000,0.000000000,0.000000000,0.000000000,0.000000000,0.000000000,0.000000000,-0.304730887,-0.093252944,0.236922775,0.027257824,0.451227622,0.345793379,0.052576034
1.601000000,0,1.601000000,sample,0.216534157,0.000002084,0.216031589,0.216037767,0.000006179,6.178696113,0.000038617,1,1,2.000000000,0.080000000,2.000000000,-0.023353112,0.011676556,-0.011676556,0.041044277,0.041044277,-0.041044277,0.026440009,0.016117671,0.724456767,3,62.592209663,1,46.339658855,0.245392945,0.183854004,0.252027228,0.183854004,4.087364607,0.972833964,0.671550727,0.121941215,0.580583748,2.000000000,2.082571464,2.000000000,0.000000000,0.000000000,0.000000000,1.000000000,1.225351827,0.801461013,0.695189264,-0.291808662,1.228392073,0.896861853,0.760815888,1,0,0,0.000000000,0.050418427,-0.186170793,0.151710630,-0.126572849,-0.016145783,0.132366620,0.281857662,12.122503911,0.026699403,-130.918918902,-0.107690793,142.886310661,44.842174130,-0.005438805,0.000459662,0.012751534,-0.000691410,-0.002783382,0.000430380,-0.007679540,0.680732391,-0.000084786,-0.673886555,-0.000082662,0.234631666,0.000252319,-0.165614693,-0.007948610,0.000000990,0.007868674,0.000000965,-0.002739690,-0.000002946,0.001933809,1.361464783,-0.000169573,-1.347773110,-0.000165324,0.469263331,0.000504639,-0.331229385,-0.301996331,-0.044025718,0.268407360,0.026015624,0.442200389,0.344679481,0.055530288
1.651000000,0,1.651000000,sample,0.216534036,-0.000002404,0.216036094,0.216033062,0.000003032,3.032139737,0.000018951,1,1,2.000000000,0.080000000,2.000000000,-0.070382190,0.035191095,-0.035191095,0.035749981,0.035749981,-0.035749981,0.028418707,0.036401343,0.966752663,1,52.326312061,1,46.339426987,0.254380834,0.179069343,0.255235885,0.184185165,1.374213738,0.840282603,0.564718204,0.074952875,0.460774649,2.000000000,2.052411137,2.000000000,0.000000000,0.000000000,0.000000000,1.000000000,0.958775704,0.753896488,0.742849794,0.327414057,1.275714087,0.818781513,0.745787979,1,0,0,0.000000000,0.051193773,-0.194900020,0.155250728,-0.123981494,-0.016524643,0.128145835,0.296724918,12.122948022,0.013369283,-130.918823193,-0.107351765,142.886271702,44.839515953,0.026331613,0.000798887,-0.022786322,0.000686483,0.000712987,0.000114363,-0.010528842,-0.680730688,0.000051472,0.673884279,0.000082404,-0.234639351,-0.000251533,0.165620080,0.023955658,-0.000001811,-0.023714726,-0.000002900,0.008257216,0.000008852,-0.005828352,-1.361461376,0.000102943,1.347768558,0.000164808,-0.469278702,-0.000503067,0.331240160,-0.303907410,-0.167995704,0.319459739,0.074707270,0.443400699,0.351840528,0.056673703
1.701000000,0,1.701000000,sample,0.216533910,-0.000002528,0.216038506,0.216030345,0.000008162,8.161830653,0.000051011,1,1,2.000000000,0.080000000,2.000000000,-0.001529608,0.000764804,-0.000764804,0.039966666,0.039966666,-0.039966666,0.028975483,0.004453199,0.171742576,5,37.726503677,1,46.339768363,0.265682597,0.176922462,0.270992498,0.182022618,1.238388236,0.171887016,0.575557484,0.130924946,0.403026542,2.000000000,2.040203626,2.000000000,0.000000000,0.000000000,0.000000000,1.000000000,1.217674872,0.857398166,0.722538190,0.305535955,1.217674872,0.913155874,0.781861153,1,0,0,0.000000000,0.047338507,-0.215986794,0.147295665,-0.122242134,-0.015449234,0.126963536,0.306716950,12.122205303,0.006032270,-130.918711533,-0.107685181,142.886480764,44.841419839,0.002605243,-0.000399525,-0.000025765,-0.000003566,-0.002735240,0.000128937,0.002320610,-0.680733196,0.000033219,0.673888208,0.000082656,-0.234627009,-0.000252300,0.165611275,0.000520627,-0.000000025,-0.000515392,-0.000000063,0.000179444,0.000000193,-0.000126660,-1.361466391,0.000066439,1.347776416,0.000165312,-0.469254019,-0.000504601,0.331222550,-0.368174920,-0.043664713,0.227883528,0.027105305,0.458996882,0.343841590,0.055057056
1.751000000,0,1.751000000,sample,0.216534174,0.000005271,0.216036538,0.216032853,0.000003685,3.684663204,0.000023029,1,1,2.000000000,0.080000000,2.000000000,0.031230869,0.015615435,0.015615435,0.042702047,0.042702047,-0.042702047,0.027955551,0.016919933,0.922901700,3,56.188041923,1,46.339617580,0.268111261,0.178566871,0.279002901,0.182281557,1.420874300,0.212952624,0.578805368,0.166202838,0.417624871,2.000000000,2.043139167,2.000000000,0.000000000,0.000000000,0.000000000,1.000000000,1.172640086,0.830842496,0.711059081,0.276976563,1.290857458,0.892105328,0.756336107,1,0,0,0.000000000,0.050043596,-0.215217096,0.151858120,-0.123652929,-0.015996824,0.127828721,0.299884889,12.122549235,0.012466766,-130.918918902,-0.107579423,142.886492339,44.841659106,-0.010915274,-0.001784998,0.012682959,-0.001180836,0.000918858,0.000286129,-0.000881314,-0.680732088,0.000049257,0.673886057,0.000082577,-0.234633230,-0.000252059,0.165615762,-0.010629927,0.000000769,0.010523024,0.000001289,-0.003663900,-0.000003936,0.002586162,-1.361464176,0.000098514,1.347772115,0.000165154,-0.469266460,-0.000504119,0.331231524,-0.368460236,-0.061095608,0.184846840,0.022681164,0.457877243,0.344600797,0.055002987
1.801000000,0,1.801000000,sample,0.216534163,-0.000000205,0.216032257,0.216037082,0.000004825,4.825172559,0.000030157,1,1,2.000000000,0.080000000,2.000000000,-0.065725854,0.032862927,-0.032862927,0.040906858,0.040906858,-0.040906858,0.028316623,0.034174184,0.961630200,3,62.943282858,1,46.339881104,0.267814535,0.180410944,0.271623170,0.182155728,4.025097637,0.479877388,0.705356890,0.156149636,0.532806604,2.000000000,2.069782524,2.000000000,0.000000000,0.000000000,0.000000000,1.000000000,1.218178421,0.751421872,0.694478725,-0.277217274,1.251461256,0.822741897,0.737168551,1,0,0,0.000000000,0.048999061,-0.218125720,0.147461477,-0.125895675,-0.015641284,0.128272124,0.287314799,12.122054739,0.024827458,-130.918918902,-0.108168039,142.886366291,44.842088401,-0.020629007,-0.001200331,0.027112705,-0.001125662,-0.002031354,0.000438809,0.000439615,0.680734024,-0.000080194,-0.673888953,-0.000083025,0.234623912,0.000253429,-0.165609208,-0.022370913,0.000002635,0.022145964,0.000002728,-0.007710428,-0.000008328,0.005442403,1.361468047,-0.000160387,-1.347777907,-0.000166051,0.469247824,0.000506858,-0.331218416,-0.201251411,-0.058647913,0.348081363,0.020482508,0.441695006,0.344211003,0.056596198
1.852000000,0,1.852000000,sample,0.216534035,-0.000002520,0.216033152,0.216035978,0.000002826,2.826308123,0.000017664,1,1,2.000000000,0.080000000,2.000000000,0.041766291,0.020883145,0.020883145,0.042437138,0.042437138,-0.042437138,0.025341882,0.022171489,0.941891866,1,54.927325975,1,46.339584107,0.276923663,0.179281507,0.276923663,0.181302704,0.504668113,0.279487587,0.577798141,0.118925908,0.418733778,2.000000000,2.043376576,2.000000000,0.000000000,0.000000000,0.000000000,1.000000000,1.198478582,0.808193879,0.711424485,-0.319378165,1.253069686,0.858335670,0.738228336,1,0,0,0.000000000,0.050556676,-0.225557365,0.152494632,-0.125847114,-0.016270355,0.126647693,0.291199070,12.122644944,0.021784765,-130.918823193,-0.107185651,142.886235086,44.840587538,0.016431950,0.000017119,-0.014825737,-0.000449560,-0.001247582,-0.000067858,0.000004566,0.680731842,-0.000072440,-0.673885995,-0.000082275,0.234633819,0.000251138,-0.165616183,0.014215822,-0.000001513,-0.014072859,-0.000001718,0.004899892,0.000005245,-0.003458587,1.361463685,-0.000144879,-1.347771991,-0.000164550,0.469267638,0.000502277,-0.331232366,-0.326107149,-0.057019378,0.283485856,0.036179939,0.438236669,0.345940916,0.055928546
1.901000000,0,1.901000000,sample,0.216533795,-0.000004890,0.216037148,0.216031485,0.000005663,5.663348807,0.000035396,1,1,2.000000000,0.080000000,2.000000000,-0.079023544,0.039511772,-0.039511772,0.044040793,0.044040793,-0.044040793,0.025848799,0.040603693,0.973107842,1,55.221355022,1,46.339689584,0.287371990,0.175372688,0.291879679,0.180007719,1.380671107,0.302567727,0.605478714,0.112557053,0.409222421,2.000000000,2.041470063,2.000000000,0.000000000,0.000000000,0.000000000,1.000000000,1.164231907,0.908945707,0.786022895,0.330043666,1.192199757,0.908945707,0.786022895,1,0,0,0.000000000,0.047198074,-0.241793485,0.147955780,-0.123385120,-0.015525261,0.123655401,0.305773795,12.122341866,0.009520864,-130.918615824,-0.107007275,142.886458092,44.840037672,0.030173040,-0.000930289,-0.027013545,0.000497686,0.002472201,-0.000064345,-0.001134418,-0.680732617,0.000041809,0.673887594,0.000082136,-0.234629325,-0.000250715,0.165612870,0.026896952,-0.000001652,-0.026626493,-0.000003245,0.009270620,0.000009906,-0.006543658,-1.361465234,0.000083619,1.347775189,0.000164273,-0.469258651,-0.000501429,0.331225739,-0.520963972,-0.078929016,0.107410416,0.038787233,0.451667632,0.346618062,0.054859499
1.951000000,0,1.951000000,sample,0.216534041,0.000004911,0.216037790,0.216031359,0.000006430,6.430164734,0.000040189,1,1,2.000000000,0.080000000,2.000000000,0.010947958,0.005473979,0.005473979,0.041585015,0.041585015,-0.041585015,0.027567694,0.006341834,0.863153841,3,53.672156781,1,46.339514019,0.288813227,0.175114544,0.289366748,0.180189720,1.251388424,0.149502226,0.639973261,0.172406184,0.467645662,2.000000000,2.053947385,2.000000000,0.000000000,0.000000000,0.000000000,1.000000000,1.191451601,0.859063019,0.727242642,0.297867228,1.240609004,0.919914917,0.791712393,1,0,0,0.000000000,0.050471088,-0.239497634,0.153318729,-0.122772161,-0.016228741,0.123809240,0.306642249,12.122756101,0.008524643,-130.918823193,-0.107668430,142.886371411,44.840613343,-0.003111744,0.001173284,0.004646109,-0.000340420,0.000853901,0.000369480,0.002567380,-0.680731327,0.000039437,0.673885199,0.000082646,-0.234636360,-0.000252272,0.165617949,-0.003726309,0.000000216,0.003688833,0.000000452,-0.001284394,-0.000001381,0.000906589,-1.361462655,0.000078873,1.347770397,0.000165293,-0.469272721,-0.000504543,0.331235899,-0.394296060,-0.058695621,0.190033727,0.035450148,0.457208963,0.347504112,0.052902050
2.001000000,0,2.001000000,sample,0.216534042,0.000000028,0.216034077,0.216035072,0.000000995,0.995497651,0.000006222,0,0,2.000000000,0.080000000,0.000000000,0.000000000,0.031300501,0.000000000,0.038990309,0.038990309,-0.038990309,0.026039222,0.032609698,0.959852528,1,60.468464005,0,0.000000000,0.285812341,0.177917886,0.293524667,0.179228478,2.316586767,0.289753207,0.508022520,0.195092861,0.419910992,0.000000000,0.420033565,2.000000000,0.000000000,0.000000000,0.000000000,1.000000000,1.146717840,0.772573720,0.691073000,0.000000000,1.202032471,0.855868309,0.731971204,1,0,0,0.000000000,0.050637700,-0.235855612,0.153286163,-0.124909251,-0.016287863,0.125646960,0.295028542,12.122742504,0.019257576,-130.918823193,-0.107858592,142.886309273,44.841483092,-0.025357781,0.000831576,0.020410125,-0.000374903,-0.001613632,-0.000208263,-0.000568260,0.000000000,0.000000000,0.000000000,0.000000000,0.000000000,0.000000000,0.000000000,-0.021307235,0.000002074,0.021092950,0.000002591,-0.007344220,-0.000007910,0.005183914,0.000000000,0.000000000,0.000000000,0.000000000,0.000000000,0.000000000,0.000000000,-0.286281441,-0.078603498,0.258399224,0.031119126,0.445462176,0.347032279,0.053289825
2.051000000,0,2.051000000,sample,0.216534061,0.000000377,0.216031922,0.216037239,0.000005317,5.316625386,0.000033229,1,1,2.000000000,0.080000000,2.000000000,0.011945308,0.005972654,0.005972654,0.040709125,0.040709125,-0.040709125,0.026945993,0.008577741,0.696296803,5,64.323420897,1,46.339599764,0.279579111,0.179936385,0.292254037,0.179936385,1.487598565,0.459102738,0.518601055,0.217906661,0.422532783,2.000000000,2.044146634,2.000000000,0.000000000,0.000000000,0.000000000,1.000000000,1.183854375,0.766769153,0.693093915,-0.293474759,1.216611671,0.891525549,0.764175666,1,0,0,0.000000000,0.049165252,-0.230008160,0.151140674,-0.126534810,-0.015873268,0.126941261,0.287911043,12.122549235,0.025393527,-130.918823193,-0.107304616,142.886539679,44.841217285,0.001498356,0.000606651,-0.004657240,-0.000445030,0.006879510,0.000539912,-0.001207250,0.680731957,-0.000081463,-0.673886093,-0.000082366,0.234633435,0.000251415,-0.165615852,0.004065776,-0.000000487,-0.004024888,-0.000000492,0.001401384,0.000001502,-0.000989166,1.361463915,-0.000162927,-1.347772186,-0.000164732,0.469266870,0.000502831,-0.331231705,-0.266010361,-0.065738654,0.305032211,0.029245494,0.434684069,0.345755383,0.053843463
2.101000000,0,2.101000000,sample,0.216533889,-0.000003434,0.216036750,0.216032099,0.000004652,4.651554127,0.000029072,1,1,2.000000000,0.080000000,2.000000000,-0.073750644,0.036875322,-0.036875322,0.036875322,0.036875322,-0.036875322,0.024795187,0.038276823,0.963385137,1,62.752105261,1,46.339576633,0.276315637,0.176311947,0.285982847,0.180402013,3.402523862,0.656397651,0.675412948,0.076378470,0.510417994,2.000000000,2.064131424,2.000000000,0.000000000,0.000000000,0.000000000,1.000000000,1.134340459,0.839471635,0.734877585,0.322739229,1.223837098,0.882409997,0.753473243,1,0,0,0.000000000,0.049829856,-0.225425448,0.151824518,-0.123509828,-0.016197501,0.124775263,0.302462798,12.122644926,0.011030410,-130.918711533,-0.107321518,142.886184683,44.839572532,0.030321455,-0.001091071,-0.023090254,0.000611201,0.000603703,-0.000534422,-0.003217241,-0.680731787,0.000045630,0.673886199,0.000082379,-0.234633559,-0.000251457,0.165615956,0.025102204,-0.000001683,-0.024849771,-0.000003038,0.008652188,0.000009273,-0.006107142,-1.361463575,0.000091259,1.347772399,0.000164758,-0.469267118,-0.000502913,0.331231911,-0.408607739,-0.081362714,0.208072656,0.040034496,0.445517968,0.346604419,0.054286424
2.151000000,0,2.151000000,sample,0.216534036,0.000002931,0.216038276,0.216030858,0.000007418,7.417905689,0.000046362,1,1,2.000000000,0.080000000,2.000000000,0.023686119,0.011843059,0.011843059,0.044532740,0.044532740,-0.044532740,0.026170175,0.012264154,0.965664607,1,71.244676628,1,46.339573907,0.263702814,0.177138740,0.274471573,0.181488343,2.251567221,0.211133093,0.434657876,0.175997443,0.350780993,2.000000000,2.030530063,2.000000000,0.000000000,0.000000000,0.000000000,1.000000000,1.115468852,0.793703115,0.707376822,0.285202318,1.196275979,0.924105607,0.791240707,1,0,0,0.000000000,0.050086723,-0.209342093,0.152336412,-0.122494817,-0.016144278,0.126935083,0.304883147,12.122644944,0.007095143,-130.918823193,-0.107632191,142.886339654,44.840553547,-0.010351751,-0.000326802,0.006091610,0.000090240,-0.002226558,0.000175755,0.001019621,-0.680731767,0.000035863,0.673885856,0.000082618,-0.234634246,-0.000252185,0.165616463,-0.008061947,0.000000425,0.007980870,0.000000978,-0.002778787,-0.000002987,0.001961406,-1.361463535,0.000071727,1.347771712,0.000165235,-0.469268492,-0.000504369,0.331232926,-0.309109624,-0.090740662,0.256292764,0.037546799,0.454243011,0.346962733,0.052761220
2.201000000,0,2.201000000,sample,0.216533921,-0.000002307,0.216034297,0.216034599,0.000000302,0.302265068,0.000001889,0,0,2.000000000,0.080000000,0.000000000,0.000000000,0.027700862,0.000000000,0.039416454,0.039416454,-0.039416454,0.032663716,0.028728905,0.964215718,3,51.664526006,0,0.000000000,0.276181607,0.178620128,0.279290622,0.181243826,1.142818826,0.324135558,0.608360083,0.200115705,0.454508207,0.000000000,0.454614056,2.000000000,0.000000000,0.000000000,0.000000000,1.000000000,1.208469975,0.782249251,0.686774721,0.000000000,1.249254397,0.846746665,0.734404419,1,0,0,0.000000000,0.048744565,-0.225802513,0.151371968,-0.124810597,-0.015905937,0.126785118,0.295001826,12.122644886,0.018227261,-130.918711533,-0.107667814,142.886480158,44.841435335,-0.019724406,0.000685256,0.020649774,-0.000063017,0.000589120,-0.000285658,0.002997068,0.000000000,0.000000000,0.000000000,0.000000000,0.000000000,0.000000000,0.000000000,-0.018856851,0.000001763,0.018667217,0.000002289,-0.006499587,-0.000006988,0.004587728,0.000000000,0.000000000,0.000000000,0.000000000,0.000000000,0.000000000,0.000000000,-0.256332215,-0.053841601,0.285678054,0.027739290,0.446654474,0.343997951,0.053274437
2.251000000,0,2.251000000,sample,0.216533915,-0.000000106,0.216032464,0.216036415,0.000003951,3.951365609,0.000024696,1,1,2.000000000,0.080000000,2.000000000,0.023380038,0.011690019,0.011690019,0.040559028,0.040559028,-0.040559028,0.025424828,0.011940731,0.979003630,1,50.056782980,1,46.339597694,0.286482670,0.178735646,0.292291565,0.179720250,0.420662496,0.071791837,0.558935840,0.152575252,0.389842974,2.000000000,2.037642872,2.000000000,0.000000000,0.000000000,0.000000000,1.000000000,1.330658799,0.817976102,0.692936241,-0.306199932,1.358644267,0.945931256,0.814311331,1,0,0,0.000000000,0.048691772,-0.238819149,0.150555126,-0.126145214,-0.015867382,0.125626600,0.290924498,12.122549217,0.023419290,-130.918711533,-0.107263725,142.886433227,44.840953010,0.008448165,-0.000582807,-0.008317268,0.000220861,0.001244464,-0.000174675,-0.000254897,0.680731942,-0.000076531,-0.673886372,-0.000082334,0.234632947,0.000251319,-0.165615476,0.007957769,-0.000000895,-0.007877745,-0.000000962,0.002742864,0.000002938,-0.001936048,1.361463884,-0.000153061,-1.347772743,-0.000164669,0.469265893,0.000502639,-0.331230951,-0.287430837,0.008664993,0.301928909,-0.012268396,0.434419809,0.338271334,0.054858180
2.301000000,0,2.301000000,sample,0.216534053,0.000002749,0.216038056,0.216031103,0.000006953,6.953454595,0.000043459,1,1,2.000000000,0.080000000,2.000000000,-0.054371410,0.027185705,-0.027185705,0.039254823,0.039254823,-0.039254823,0.028945775,0.028497090,0.953981788,3,52.338765900,1,46.339555327,0.275316016,0.176173002,0.286168860,0.180303945,1.196368582,0.296893388,0.519317978,0.121520430,0.385318521,2.000000000,2.036801979,2.000000000,0.000000000,0.000000000,0.000000000,1.000000000,1.099531995,0.813122310,0.726271773,0.316340067,1.326894838,0.924721689,0.753052286,1,0,0,0.000000000,0.049527192,-0.224098392,0.152071947,-0.122772626,-0.015974651,0.125334032,0.305788590,12.122644926,0.007725314,-130.918823195,-0.107393387,142.886513085,44.840283633,0.019610289,0.000209585,-0.020616373,-0.000503428,-0.001000463,-0.000178746,-0.001075003,-0.680731631,0.000037395,0.673885612,0.000082435,-0.234634994,-0.000251625,0.165616958,0.018506169,-0.000001017,-0.018320055,-0.000002241,0.006378718,0.000006841,-0.004502414,-1.361463262,0.000074791,1.347771224,0.000164869,-0.469269989,-0.000503250,0.331233916,-0.350757620,-0.099057947,0.258460699,0.051888915,0.448581252,0.348031497,0.052743232
2.351000000,0,2.351000000,sample,0.216533926,-0.000002525,0.216035178,0.216033714,0.000001464,1.463989981,0.000009150,1,1,2.000000000,0.080000000,2.000000000,0.045818716,0.022909358,0.022909358,0.032661086,0.032661086,-0.032661086,0.027817633,0.023927994,0.957429082,1,49.902534491,1,46.339647656,0.263146479,0.179024776,0.277069466,0.180543257,0.623202300,0.243687555,0.534024827,0.186711320,0.386966379,2.000000000,2.037103956,2.000000000,0.000000000,0.000000000,0.000000000,1.000000000,1.171651250,0.750726073,0.698088309,0.276395590,1.177756994,0.838414999,0.736674184,1,0,0,0.000000000,0.047731169,-0.211412400,0.149240081,-0.124258620,-0.015610773,0.127929549,0.296112829,12.122426861,0.015687763,-130.918711533,-0.107703300,142.886552794,44.841236587,-0.016903148,-0.000212767,0.016901254,0.000450225,0.000500911,0.000238331,0.000790209,-0.680732309,0.000057314,0.673886883,0.000082671,-0.234631270,-0.000252347,0.165614268,-0.015595140,0.000001313,0.015438316,0.000001894,-0.005375252,-0.000005781,0.003794117,-1.361464618,0.000114627,1.347773766,0.000165342,-0.469262540,-0.000504694,0.331228536,-0.208741059,-0.077460680,0.341265680,0.027654935,0.445926034,0.344523808,0.054594489
2.401000000,0,2.401000000,sample,0.216533795,-0.000002626,0.216034746,0.216033868,0.000000877,0.877341175,0.000005483,0,0,2.000000000,0.080000000,0.000000000,0.000000000,0.031540188,0.000000000,0.045416622,0.045416622,-0.045416622,0.031266111,0.032577357,0.968162902,1,54.568012168,0,0.000000000,0.247859042,0.180438181,0.271943478,0.180566151,0.755159251,0.203087795,0.463927202,0.181298974,0.357232941,0.000000000,0.357358316,2.000000000,0.000000000,0.000000000,0.000000000,1.000000000,1.271214452,0.755886353,0.689800936,0.000000000,1.288026085,0.908430242,0.799042989,1,0,0,0.000000000,0.046286662,-0.195335564,0.145381110,-0.124116746,-0.015292876,0.130073435,0.293455660,12.122054571,0.016626130,-130.918615824,-0.108266543,142.886398432,44.842090991,-0.024064947,0.000044157,0.021856596,0.000078016,-0.002006771,0.000595375,-0.000249101,0.000000000,0.000000000,0.000000000,0.000000000,0.000000000,0.000000000,0.000000000,-0.021470470,0.000001884,0.021254594,0.000002621,-0.007400084,-0.000008000,0.005223342,0.000000000,0.000000000,0.000000000,0.000000000,0.000000000,0.000000000,0.000000000,-0.171790851,-0.036942458,0.356746041,0.005078200,0.443958947,0.342954381,0.054200650
2.452000000,0,2.452000000,sample,0.216533815,0.000000388,0.216032296,0.216036331,0.000004035,4.035418093,0.000025221,1,1,2.000000000,0.080000000,2.000000000,-0.078399847,0.039199924,-0.039199924,0.045339998,0.045339998,-0.045339998,0.031111300,0.040442399,0.969277913,3,49.579731747,1,46.339922292,0.254198335,0.181314784,0.286594706,0.182677708,1.458743124,0.415327474,0.504962748,0.211124961,0.361826975,2.000000000,2.032495171,2.000000000,0.000000000,0.000000000,0.000000000,1.000000000,1.250625341,0.767755101,0.686450151,-0.272470059,1.269291035,0.867727056,0.750528919,1,0,0,0.000000000,0.044886859,-0.205228258,0.143119969,-0.125621435,-0.014873526,0.129896436,0.287108181,12.121847370,0.023701407,-130.918615824,-0.108238394,142.886619711,44.842462430,-0.028471077,-0.001658408,0.028476656,0.000562331,-0.000361295,0.000283794,0.003284485,0.680734326,-0.000077395,-0.673890088,-0.000083078,0.234621242,0.000253590,-0.165607131,-0.026684734,0.000003034,0.026416440,0.000003257,-0.009197135,-0.000009941,0.006491787,1.361468652,-0.000154790,-1.347780176,-0.000166157,0.469242485,0.000507179,-0.331214262,-0.219495549,-0.036567809,0.323835332,0.001308621,0.443222368,0.342771151,0.053750773
2.501000000,0,2.501000000,sample,0.216533854,0.000000788,0.216032876,0.216035838,0.000002962,2.962049266,0.000018513,1,1,2.000000000,0.080000000,2.000000000,-0.067704058,0.033852029,-0.033852029,0.045348965,0.045348965,-0.045348965,0.033511406,0.035256350,0.960168270,1,63.877146273,1,46.339891082,0.256455144,0.180659964,0.299240640,0.183026304,3.502437559,0.477542699,0.353524089,0.218701637,0.339704411,2.000000000,2.028662905,2.000000000,0.000000000,0.000000000,0.000000000,1.000000000,1.353705292,0.742491878,0.729679123,-0.254767089,1.353705292,0.961227390,0.846473589,1,0,0,0.000000000,0.045934171,-0.206868533,0.144446195,-0.125140309,-0.015120961,0.129419018,0.288887928,12.121942892,0.022199501,-130.918655287,-0.108510790,142.886504687,44.842513546,-0.028177996,-0.000987978,0.021074262,0.000685001,-0.001483296,0.000841870,0.000729396,0.680734097,-0.000073694,-0.673889680,-0.000083288,0.234622450,0.000254230,-0.165608024,-0.023044230,0.000002495,0.022812533,0.000002819,-0.007942446,-0.000008606,0.005606168,1.361468194,-0.000147388,-1.347779359,-0.000166576,0.469244900,0.000508459,-0.331216049,-0.054821905,-0.032785098,0.462751915,0.004453743,0.440509756,0.342285172,0.054627494
2.551000000,0,2.551000000,sample,0.216533676,-0.000003546,0.216032915,0.216035482,0.000002567,2.566923504,0.000016043,1,1,2.000000000,0.080000000,2.000000000,0.026838156,0.013419078,0.013419078,0.043306365,0.043306365,-0.043306365,0.026784790,0.013949112,0.962002273,3,61.555471458,1,46.339685720,0.285656310,0.178782341,0.309199055,0.181712492,1.804147629,0.187474829,0.482584776,0.156679724,0.330684339,2.000000000,2.027157046,2.000000000,0.000000000,0.000000000,0.000000000,1.000000000,1.195051439,0.809575898,0.699958939,-0.296101872,1.401215746,0.924993543,0.791120006,1,0,0,0.000000000,0.046707199,-0.240166494,0.147438190,-0.125923027,-0.015522741,0.125958569,0.293181174,12.122341866,0.021367165,-130.918520602,-0.106918697,142.886377622,44.841259869,0.008521038,-0.000885658,-0.010944096,0.000782309,0.000541742,0.000115689,-0.000702244,0.680732589,-0.000071351,-0.673887811,-0.000082068,0.234628975,0.000250507,-0.165612593,0.009134804,-0.000000957,-0.009042953,-0.000001101,0.003148504,0.000003362,-0.002222368,1.361465177,-0.000142702,-1.347775622,-0.000164136,0.469257949,0.000501014,-0.331225186,-0.340206685,-0.050023332,0.236581700,0.015692208,0.441840313,0.342652764,0.053372923
2.601000000,0,2.601000000,sample,0.216533772,0.000001914,0.216038652,0.216029952,0.000008700,8.700354635,0.000054377,1,1,2.000000000,0.080000000,2.000000000,-0.033987031,0.016993515,-0.016993515,0.037693312,0.037693312,-0.037693312,0.029235286,0.020133557,0.844039380,3,49.756545849,1,46.339653756,0.278746999,0.176151278,0.301694507,0.179192644,1.163926110,0.317767932,0.505480259,0.133858898,0.355387496,2.000000000,2.031340876,2.000000000,0.000000000,0.000000000,0.000000000,1.000000000,1.160793776,0.877259532,0.748550130,0.306515118,1.203110810,0.899663135,0.781290162,1,0,0,0.000000000,0.048159688,-0.230438651,0.149260049,-0.122381671,-0.015811226,0.125706025,0.309125141,12.122452016,0.005166775,-130.918615824,-0.107146666,142.886272206,44.841293403,0.013174865,-0.000795903,-0.014201873,-0.000465080,-0.004094503,-0.000064159,0.003531436,-0.680732354,0.000030970,0.673887250,0.000082244,-0.234630479,-0.000251043,0.165613720,0.011568036,-0.000000526,-0.011451713,-0.000001398,0.003987197,0.000004266,-0.002814359,-1.361464708,0.000061939,1.347774500,0.000164487,-0.469260958,-0.000502087,0.331227439,-0.448097839,-0.070904516,0.148561081,0.031247306,0.457470233,0.345493119,0.053074239
2.651000000,0,2.651000000,sample,0.216533667,-0.000002105,0.216036248,0.216032144,0.000004104,4.103980924,0.000025650,1,1,2.000000000,0.080000000,2.000000000,0.038959786,0.019479893,0.019479893,0.039349172,0.039349172,-0.039349172,0.026626620,0.019963037,0.975798087,1,63.292346174,1,46.339636685,0.277951878,0.176899737,0.282128584,0.181788435,2.424710228,0.096780386,0.460853830,0.162692889,0.358152554,2.000000000,2.031820844,2.000000000,0.000000000,0.000000000,0.000000000,1.000000000,1.195168634,0.819980808,0.703546123,0.283934915,1.298394445,0.872040103,0.747033865,1,0,0,0.000000000,0.047232844,-0.230115144,0.148570943,-0.123401190,-0.015683188,0.125776392,0.302108175,12.122453526,0.011899532,-130.918520115,-0.107803405,142.886312274,44.841454524,-0.015881891,-0.000219911,0.011257868,-0.000242162,-0.004398318,-0.000071839,0.000302367,-0.680732228,0.000047879,0.673887295,0.000082748,-0.234630658,-0.000252582,0.165613792,-0.013260591,0.000000933,0.013127252,0.000001612,-0.004570580,-0.000004920,0.003226139,-1.361464457,0.000095758,1.347774590,0.000165496,-0.469261317,-0.000505164,0.331227585,-0.339474433,-0.052749095,0.222798280,0.021328876,0.452608529,0.345049186,0.054262080
2.701000000,0,2.701000000,sample,0.216534059,0.000007837,0.216031885,0.216037271,0.000005386,5.386169087,0.000033664,1,1,2.000000000,0.080000000,2.000000000,-0.047436806,0.023718403,-0.023718403,0.042121920,0.042121920,-0.042121920,0.027116069,0.028086941,0.844463740,3,44.964167694,1,46.339604942,0.294881999,0.178873817,0.294881999,0.181008780,1.827094763,0.733224078,0.667601699,0.138350210,0.570448808,2.000000000,2.079783698,2.000000000,0.000000000,0.000000000,0.000000000,1.000000000,1.190193821,0.828683589,0.709877077,-0.293433625,1.230395375,0.898741695,0.749258657,1,0,0,0.000000000,0.049346895,-0.248348999,0.151139181,-0.126263201,-0.015893995,0.125701343,0.289750489,12.122544703,0.025578049,-130.918823193,-0.107814905,142.886512712,44.842404882,-0.017986065,0.001353632,0.018833790,-0.001535339,-0.001962923,-0.000079798,-0.010130007,0.680731995,-0.000082010,-0.673886157,-0.000082758,0.234633235,0.000252611,-0.165615716,-0.016145876,0.000001945,0.015983503,0.000001963,-0.005565126,-0.000005992,0.003928140,1.361463991,-0.000164020,-1.347772314,-0.000165515,0.469266471,0.000505222,-0.331231432,-0.378257112,-0.056269324,0.195104061,0.025127160,0.442944044,0.346641755,0.051223853
2.751000000,0,2.751000000,sample,0.216534169,0.000002211,0.216032259,0.216037101,0.000004842,4.842224596,0.000030264,1,1,2.000000000,0.080000000,2.000000000,0.039143256,0.019571628,0.019571628,0.037850546,0.037850546,-0.037850546,0.026215509,0.020686307,0.946115131,1,58.077672650,1,46.339776939,0.278421512,0.180208814,0.295331965,0.181228903,1.139661849,0.319211581,0.596514272,0.113805846,0.431891386,2.000000000,2.046110810,2.000000000,0.000000000,0.000000000,0.000000000,1.000000000,1.137559690,0.807306319,0.723948573,-0.327642956,1.217487078,0.897699665,0.758834239,1,0,0,0.000000000,0.049410497,-0.229859177,0.149137184,-0.126395981,-0.015771764,0.127477543,0.288612348,12.122246138,0.024707793,-130.918918902,-0.107294236,142.886431771,44.841776130,0.015764767,-0.001612793,-0.013153948,-0.001442574,-0.000800315,-0.000271467,-0.000986270,0.680733259,-0.000079749,-0.673887805,-0.000082356,0.234627602,0.000251385,-0.165611802,0.013323058,-0.000001561,-0.013189082,-0.000001612,0.004592044,0.000004920,-0.003241293,1.361466517,-0.000159498,-1.347775610,-0.000164712,0.469255204,0.000502771,-0.331223603,-0.355667608,-0.082408309,0.266569861,0.039891055,0.439872185,0.348705168,0.055473766
2.801000000,0,2.801000000,sample,0.216533788,-0.000007615,0.216035124,0.216033505,0.000001619,1.619316123,0.000010121,1,1,2.000000000,0.080000000,2.000000000,-0.076764073,0.038382037,-0.038382037,0.044501711,0.044501711,-0.044501711,0.030936187,0.039765780,0.965202658,1,49.413465377,1,46.339646224,0.254864907,0.179548077,0.287449455,0.184215142,0.777495455,0.477863438,0.480146558,0.090566807,0.344960851,2.000000000,2.029564336,2.000000000,0.000000000,0.000000000,0.000000000,1.000000000,1.155236822,0.847667707,0.746709835,0.345391083,1.197152604,0.896063546,0.772044041,1,0,0,0.000000000,0.047792074,-0.201038835,0.149182523,-0.124384052,-0.015764258,0.128520845,0.295248963,12.122453359,0.015413669,-130.918615824,-0.107400376,142.886331148,44.840453589,0.027953241,0.000544046,-0.027944355,0.000593828,-0.000751161,0.000236956,-0.004216351,-0.680732299,0.000056579,0.673887157,0.000082439,-0.234630766,-0.000251638,0.165613911,0.026127892,-0.000002172,-0.025865162,-0.000003164,0.009005607,0.000009658,-0.006356599,-1.361464597,0.000113157,1.347774314,0.000164877,-0.469261532,-0.000503275,0.331227821,-0.420156023,-0.071664868,0.228874697,0.033299701,0.445838599,0.346577060,0.059400575
2.851000000,0,2.851000000,sample,0.216533680,-0.000002163,0.216037324,0.216031100,0.000006224,6.224111244,0.000038901,1,1,2.000000000,0.080000000,2.000000000,0.004138070,0.002069035,0.002069035,0.044005128,0.044005128,-0.044005128,0.022207594,0.003490413,0.592776578,1,76.954876930,1,46.339517754,0.233264172,0.180978996,0.260493388,0.184665558,1.674967657,0.095892283,0.414487081,0.165935992,0.344079440,2.000000000,2.029382029,2.000000000,0.000000000,0.000000000,0.000000000,1.000000000,1.170737884,0.828192848,0.726563172,0.317636390,1.211854911,0.901242630,0.779052487,1,0,0,0.000000000,0.046760649,-0.172388546,0.150026014,-0.122903450,-0.015660233,0.131920037,0.299098525,12.122644944,0.008802847,-130.918518653,-0.107552197,142.886515545,44.841360390,-0.003061927,0.000947766,0.000024129,0.000669215,-0.000548852,0.000471688,-0.000968073,-0.680731355,0.000040111,0.673885957,0.000082557,-0.234634935,-0.000251997,0.165616771,-0.001408457,0.000000083,0.001394294,0.000000171,-0.000485468,-0.000000521,0.000342667,-1.361462710,0.000080221,1.347771914,0.000165113,-0.469269869,-0.000503994,0.331233542,-0.349037057,-0.067137024,0.263249728,0.031432492,0.454895126,0.347966540,0.057105924
2.901000000,0,2.901000000,sample,0.216533803,0.000002463,0.216033212,0.216035425,0.000002213,2.213208449,0.000013833,1,1,2.000000000,0.080000000,2.000000000,-0.059668865,0.029834433,-0.029834433,0.043726875,0.043726875,-0.043726875,0.023657356,0.031022119,0.961714855,1,50.451096086,1,46.339734483,0.249530558,0.182036864,0.255268401,0.183078152,0.864676878,0.279513666,0.495771804,0.190575708,0.360891686,2.000000000,2.032319560,2.000000000,0.000000000,0.000000000,0.000000000,1.000000000,1.269212799,0.752671748,0.703226901,-0.274175670,1.277928156,0.882712949,0.756710624,1,0,0,0.000000000,0.046561477,-0.196166726,0.147024297,-0.125338179,-0.015403811,0.131112484,0.288913996,12.122246156,0.020996264,-130.918615824,-0.107759116,142.886485286,44.842455746,-0.022034681,-0.000574727,0.021808164,0.000634382,-0.000188413,0.000395078,0.000569515,0.680732947,-0.000070567,-0.673888080,-0.000082713,0.234627752,0.000252474,-0.165611753,-0.020309281,0.000002105,0.020105068,0.000002468,-0.006999986,-0.000007532,0.004940933,1.361465894,-0.000141134,-1.347776161,-0.000165426,0.469255505,0.000504949,-0.331223506,-0.166711703,-0.045342380,0.379189959,0.011733362,0.444052037,0.346884738,0.056968590
2.951000000,0,2.951000000,sample,0.216534051,0.000004946,0.216032909,0.216036225,0.000003317,3.316578475,0.000020729,1,1,2.000000000,0.080000000,2.000000000,0.025219482,0.012609741,0.012609741,0.039868985,0.039868985,-0.039868985,0.027968466,0.012974962,0.971851842,1,48.593977175,1,46.339719124,0.278889974,0.179256581,0.282901423,0.182147028,0.479761473,0.222920872,0.566717879,0.129287792,0.422838348,2.000000000,2.044213933,2.000000000,0.000000000,0.000000000,0.000000000,1.000000000,1.212337899,0.771320306,0.697310618,-0.298865223,1.273702114,0.884282423,0.782507378,1,0,0,0.000000000,0.049004608,-0.230332101,0.149416496,-0.125973849,-0.015792336,0.126546882,0.290970172,12.122341866,0.022498300,-130.918823193,-0.107227721,142.886410482,44.840989796,0.009044766,-0.000246900,-0.008715084,-0.000859967,0.000281455,-0.000301047,-0.003101423,0.680732834,-0.000074225,-0.673887418,-0.000082305,0.234629186,0.000251231,-0.165612879,0.008583865,-0.000000936,-0.008497546,-0.000001038,0.002958613,0.000003168,-0.002088336,1.361465668,-0.000148451,-1.347774837,-0.000164611,0.469258373,0.000502462,-0.331225757,-0.262154285,-0.051718922,0.317591847,0.010534937,0.437689860,0.345293351,0.055379628
3.001000000,0,3.001000000,sample,0.216534144,0.000001875,0.216038296,0.216031064,0.000007232,7.231944508,0.000045200,1,1,2.000000000,0.080000000,2.000000000,-0.031618314,0.015809157,-0.015809157,0.037155402,0.037155402,-0.037155402,0.026328685,0.018127875,0.872091010,3,55.608785032,1,46.339539833,0.299696515,0.174603678,0.308281689,0.178805876,1.658029435,0.387287168,0.540421903,0.175238959,0.402165860,2.000000000,2.040043384,2.000000000,0.000000000,0.000000000,0.000000000,1.000000000,1.096790991,0.799222255,0.722099252,0.297064071,1.212630539,0.875298534,0.759024817,1,0,0,0.000000000,0.051811014,-0.251724966,0.154169262,-0.122569054,-0.016457126,0.123257593,0.309177471,12.122756605,0.007356176,-130.918918902,-0.107591632,142.886237669,44.841392721,0.011180522,-0.000219894,-0.013518192,-0.000723469,-0.000748958,0.000040560,0.004442963,-0.680731517,0.000036508,0.673885274,0.000082587,-0.234635815,-0.000252092,0.165617636,0.010761791,-0.000000577,-0.010653558,-0.000001306,0.003709394,0.000003985,-0.002618275,-1.361463034,0.000073016,1.347770549,0.000165174,-0.469271630,-0.000504184,0.331235272,-0.320273279,-0.107929329,0.262279692,0.064275830,0.454643365,0.352970169,0.054708927
3.051000000,0,3.051000000,sample,0.216534046,-0.000001967,0.216036459,0.216032691,0.000003768,3.767869102,0.000023549,1,1,2.000000000,0.080000000,2.000000000,0.037300060,0.018650030,0.018650030,0.042775009,0.042775009,-0.042775009,0.023921732,0.019486022,0.957097856,1,55.331647082,1,46.339568773,0.291692608,0.176074355,0.310395889,0.178085064,0.643931319,0.380963960,0.554074706,0.205240078,0.415751490,2.000000000,2.042762117,2.000000000,0.000000000,0.000000000,0.000000000,1.000000000,1.206652179,0.750520185,0.697455858,0.259823105,1.239149657,0.859038415,0.752205995,1,0,0,0.000000000,0.050101065,-0.243698918,0.152267194,-0.123535468,-0.016107166,0.124425583,0.303071745,12.122644944,0.012373434,-130.918823193,-0.107740795,142.886385092,44.841480234,-0.014494726,-0.000445167,0.012632212,-0.000069046,0.000924696,-0.000568951,0.002941686,-0.680731730,0.000049051,0.673885791,0.000082701,-0.234634447,-0.000252439,0.165616596,-0.012695667,0.000000915,0.012567990,0.000001542,-0.004375940,-0.000004708,0.003088755,-1.361463459,0.000098103,1.347771581,0.000165402,-0.469268893,-0.000504878,0.331233192,-0.180925353,-0.065836839,0.347650616,0.011448871,0.453344214,0.346426360,0.053403881
3.101000000,0,3.101000000,sample,0.216533783,-0.000005253,0.216031401,0.216037222,0.000005821,5.821391076,0.000036384,1,1,2.000000000,0.080000000,2.000000000,-0.045877937,0.022938968,-0.022938968,0.034771468,0.034771468,-0.034771468,0.026158200,0.025646976,0.894412200,1,56.050511303,1,46.339600326,0.286653668,0.179649557,0.297414573,0.179649557,1.502319061,0.241516228,0.501467029,0.160159255,0.368996484,2.000000000,2.033766832,2.000000000,0.000000000,0.000000000,0.000000000,1.000000000,1.194996315,0.766240058,0.686339158,-0.280905734,1.218357140,0.897987762,0.770836896,1,0,0,0.000000000,0.048414231,-0.239353954,0.150120194,-0.126522507,-0.015908355,0.126542258,0.288137811,12.122549235,0.026168352,-130.918615824,-0.107590978,142.886296645,44.842031107,-0.019201093,-0.000337085,0.015880430,0.000601049,-0.000680504,0.000016601,-0.005996590,0.680731961,-0.000083445,-0.673886672,-0.000082585,0.234632340,0.000252086,-0.165615028,-0.015615289,0.000001914,0.015458265,0.000001894,-0.005382224,-0.000005783,0.003799038,1.361463923,-0.000166890,-1.347773344,-0.000165171,0.469264681,0.000504172,-0.331230057,-0.281038811,-0.057002467,0.271741501,0.014474324,0.437787740,0.346378491,0.056037778
3.151000000,0,3.151000000,sample,0.216533686,-0.000001942,0.216033234,0.216035172,0.000001938,1.938320711,0.000012115,1,1,2.000000000,0.080000000,2.000000000,0.043441196,0.021720598,0.021720598,0.036555171,0.036555171,-0.036555171,0.026682295,0.023308676,0.931867502,3,61.795467790,1,46.339722180,0.273189485,0.179174228,0.287339348,0.180815199,3.002039052,0.330013446,0.399514056,0.150277248,0.285181025,2.000000000,2.020237147,2.000000000,0.000000000,0.000000000,0.000000000,1.000000000,1.158019393,0.772586945,0.712342158,-0.320633831,1.205726272,0.849944391,0.729651588,1,0,0,0.000000000,0.045915015,-0.226051294,0.146373217,-0.125497668,-0.015308932,0.126962105,0.292579367,12.122246101,0.020530475,-130.918520115,-0.107337061,142.886491401,44.841178168,0.014229678,-0.001623050,-0.018322972,0.000771245,-0.001342008,-0.000221792,-0.000007446,0.680732856,-0.000069334,-0.673888181,-0.000082389,0.234627757,0.000251485,-0.165611711,0.014785925,-0.000001506,-0.014637254,-0.000001790,0.005096255,0.000005462,-0.003597185,1.361465713,-0.000138667,-1.347776362,-0.000164778,0.469255515,0.000502971,-0.331223421,-0.289587256,-0.075444037,0.321764288,0.018465962,0.435828922,0.347985115,0.054452096
3.201000000,0,3.201000000,sample,0.216533783,0.000001935,0.216037425,0.216031190,0.000006235,6.234984148,0.000038969,1,1,2.000000000,0.080000000,2.000000000,-0.075129769,0.037564885,-0.037564885,0.044701394,0.044701394,-0.044701394,0.028213024,0.041354293,0.908367233,3,49.657107913,1,46.339702574,0.277999005,0.176158639,0.282944210,0.180790072,1.333541243,0.671379837,0.492911104,0.203769443,0.379225860,2.000000000,2.035676038,2.000000000,0.000000000,0.000000000,0.000000000,1.000000000,1.162472036,0.874332172,0.757026337,0.333914180,1.221143891,0.874332172,0.757026337,1,0,0,0.000000000,0.047581404,-0.230378253,0.148139520,-0.123220301,-0.015643486,0.124915590,0.305407102,12.122341810,0.008694181,-130.918615824,-0.106991016,142.886337320,44.840109659,0.027956549,-0.000725735,-0.029141460,0.000031920,0.001471346,-0.000331874,0.008751086,-0.680732712,0.000039744,0.673887764,0.000082124,-0.234628804,-0.000250676,0.165612525,0.025571646,-0.000001493,-0.025314516,-0.000003085,0.008813804,0.000009417,-0.006221215,-1.361465425,0.000079488,1.347775529,0.000164247,-0.469257607,-0.000501353,0.331225050,-0.459236526,-0.072759218,0.174473407,0.034156635,0.448320815,0.348347278,0.054330103
3.251000000,0,3.251000000,sample,0.216533782,-0.000000027,0.216037814,0.216030818,0.000006996,6.996309982,0.000043727,1,1,2.000000000,0.080000000,2.000000000,0.017835157,0.008917578,0.008917578,0.041927475,0.041927475,-0.041927475,0.028774082,0.009308451,0.958008840,3,42.070270661,1,46.339548796,0.287030558,0.175380925,0.287030558,0.180279046,0.473215401,0.098130182,0.594919878,0.139349508,0.419815310,2.000000000,2.043588314,2.000000000,0.000000000,0.000000000,0.000000000,1.000000000,1.141244114,0.815315104,0.714356282,0.292465700,1.207925970,0.883173372,0.759019894,1,0,0,0.000000000,0.048560900,-0.239254094,0.150949856,-0.122600966,-0.015942211,0.124391791,0.307469324,12.122644944,0.007708872,-130.918615824,-0.107668622,142.886337008,44.841225790,-0.005024672,0.000301165,0.006037610,0.000129894,-0.004053916,0.000313846,0.002882168,-0.680731583,0.000037401,0.673886097,0.000082646,-0.234634187,-0.000252270,0.165616324,-0.006070477,0.000000334,0.006009432,0.000000737,-0.002092369,-0.000002250,0.001476897,-1.361463166,0.000074802,1.347772194,0.000165291,-0.469268374,-0.000504540,0.331232647,-0.338343725,-0.078306955,0.238210798,0.030080540,0.456371130,0.347790612,0.053049991
3.301000000,0,3.301000000,sample,0.216533988,0.000004117,0.216033395,0.216035622,0.000002226,2.226101986,0.000013913,1,1,2.000000000,0.080000000,2.000000000,-0.063813475,0.031906737,-0.031906737,0.036294920,0.036294920,-0.036294920,0.024629675,0.032705172,0.975586894,1,49.793189636,1,46.339732186,0.293403867,0.177793142,0.295345386,0.179645842,2.519069342,0.493994862,0.529454111,0.214493297,0.355205970,2.000000000,2.031313371,2.000000000,0.000000000,0.000000000,0.000000000,1.000000000,1.187864904,0.826876158,0.708687412,-0.280918700,1.200758619,0.920977813,0.786820317,1,0,0,0.000000000,0.049382842,-0.247639672,0.149404676,-0.125239519,-0.015914115,0.125188678,0.294436512,12.122341860,0.021043244,-130.918783730,-0.107933191,142.886244647,44.842238621,-0.023078172,-0.000537706,0.021829980,0.003872543,-0.001762031,-0.000443953,0.006472299,0.680732930,-0.000070714,-0.673887699,-0.000082847,0.234628456,0.000252884,-0.165612376,-0.021719967,0.000002256,0.021501558,0.000002643,-0.007486229,-0.000008069,0.005284151,1.361465860,-0.000141428,-1.347775398,-0.000165693,0.469256912,0.000505768,-0.331224751,-0.380942459,-0.055736931,0.175050422,0.017304886,0.447556833,0.346386519,0.052737424
3.351000000,0,3.351000000,sample,0.216534168,0.000003613,0.216032786,0.216036593,0.000003806,3.806486561,0.000023791,1,1,2.000000000,0.080000000,2.000000000,0.030269273,0.015134636,0.015134636,0.043640860,0.043640860,-0.043640860,0.025594013,0.015743435,0.961329964,1,67.891559365,1,46.339625158,0.285876198,0.179005498,0.293658020,0.179754281,2.268480057,0.299391220,0.674160612,0.125658485,0.504013331,2.000000000,2.062536064,2.000000000,0.000000000,0.000000000,0.000000000,1.000000000,1.135265459,0.773416538,0.713558827,-0.316160448,1.347482735,0.844403452,0.723409094,1,0,0,0.000000000,0.050446555,-0.236819908,0.151975908,-0.126156811,-0.016093950,0.125969885,0.290935523,12.122549235,0.023193604,-130.918918903,-0.107162920,142.886413719,44.841005870,0.012972014,-0.000669076,-0.008590048,-0.001245858,0.001225149,-0.000630577,-0.001376679,0.680732144,-0.000075950,-0.673886161,-0.000082257,0.234632911,0.000251083,-0.165615553,0.010302633,-0.000001149,-0.010199022,-0.000001245,0.003551084,0.000003800,-0.002506531,1.361464288,-0.000151901,-1.347772323,-0.000164514,0.469265823,0.000502167,-0.331231106,-0.298096183,-0.094020377,0.305381738,0.059525799,0.433260177,0.351950089,0.055501900
3.401000000,0,3.401000000,sample,0.216534048,-0.000002395,0.216036741,0.216032419,0.000004322,4.322005474,0.000027013,1,1,2.000000000,0.080000000,2.000000000,-0.072491997,0.036245998,-0.036245998,0.043858267,0.043858267,-0.043858267,0.028326518,0.037721399,0.960886893,1,51.423523199,1,46.339508428,0.269790738,0.178329283,0.291291406,0.181775727,0.446094274,0.384539361,0.540461461,0.106479362,0.395212934,2.000000000,2.038710154,2.000000000,0.000000000,0.000000000,0.000000000,1.000000000,1.146646107,0.919308585,0.809087581,0.342356974,1.169147349,0.919308585,0.809087581,1,0,0,0.000000000,0.050170278,-0.216298633,0.153247796,-0.123801957,-0.016182686,0.127328432,0.301003561,12.122756436,0.011448759,-130.918823193,-0.106977592,142.886420486,44.840801007,0.027050090,0.000409439,-0.026235589,-0.000219078,-0.000456684,-0.000100301,-0.001567244,-0.680731286,0.000046616,0.673885125,0.000082116,-0.234636585,-0.000250653,0.165618100,0.024673785,-0.000001690,-0.024425639,-0.000002976,0.008504637,0.000009085,-0.006002993,-1.361462573,0.000093232,1.347770250,0.000164232,-0.469273170,-0.000501306,0.331236199,-0.555146338,-0.092383471,0.090439113,0.039717178,0.451050716,0.348506812,0.056922040
3.451000000,0,3.451000000,sample,0.216533914,-0.000002698,0.216037500,0.216031393,0.000006107,6.106895319,0.000038168,1,1,2.000000000,0.080000000,2.000000000,0.013202816,0.006601408,0.006601408,0.041179249,0.041179249,-0.041179249,0.026061836,0.007392763,0.892955445,3,81.750234656,1,46.339489038,0.253811235,0.179215320,0.267800915,0.183063415,2.313219784,0.322469989,0.587969347,0.130702496,0.421375125,2.000000000,2.043908093,2.000000000,0.000000000,0.000000000,0.000000000,1.000000000,1.161381064,0.831321014,0.724824034,0.309796396,1.238219250,0.917345935,0.807476831,1,0,0,0.000000000,0.048957625,-0.196957490,0.152417325,-0.122955202,-0.016008662,0.129398114,0.301575100,12.122756605,0.008965952,-130.918711533,-0.107518291,142.886474607,44.841446990,-0.002591899,-0.000092636,0.006684228,0.000641722,-0.001601955,0.000448799,-0.000260810,-0.680731144,0.000040512,0.673885178,0.000082531,-0.234636789,-0.000251920,0.165618179,-0.004493784,0.000000267,0.004448591,0.000000545,-0.001548933,-0.000001663,0.001093313,-1.361462288,0.000081025,1.347770357,0.000165062,-0.469273578,-0.000503840,0.331236359,-0.357153134,-0.072295311,0.243890339,0.038686718,0.454923183,0.348713045,0.055225511
3.501000000,0,3.501000000,sample,0.216534169,0.000005117,0.216033429,0.216035950,0.000002521,2.520660208,0.000015754,1,1,2.000000000,0.080000000,2.000000000,-0.066042259,0.033021129,-0.033021129,0.037016197,0.037016197,-0.037016197,0.025425401,0.033267257,0.992601497,3,51.938721808,1,46.339645609,0.258262473,0.181631081,0.258262473,0.182810666,1.377271483,0.149690156,0.579302835,0.167431074,0.436404178,2.000000000,2.047088436,2.000000000,0.000000000,0.000000000,0.000000000,1.000000000,1.162514801,0.822191886,0.714208374,-0.292668449,1.255986633,0.844113658,0.739318286,1,0,0,0.000000000,0.050125925,-0.202995561,0.151590563,-0.125331528,-0.016036800,0.130478652,0.289177709,12.122508388,0.021466714,-130.918918902,-0.107926452,142.886417983,44.842678554,-0.022224838,-0.000263937,0.023975221,-0.000990418,-0.004597460,-0.000210610,0.003965367,0.680732294,-0.000071770,-0.673886383,-0.000082843,0.234632195,0.000252872,-0.165615045,-0.022478549,0.000002370,0.022252490,0.000002736,-0.007747820,-0.000008350,0.005468796,1.361464588,-0.000143541,-1.347772767,-0.000165686,0.469264391,0.000505743,-0.331230091,-0.376726240,-0.066378086,0.196717090,0.022921670,0.449213471,0.345977870,0.055212734
3.551000000,0,3.551000000,sample,0.216533799,-0.000007414,0.216033022,0.216035621,0.000002599,2.599059699,0.000016244,1,1,2.000000000,0.080000000,2.000000000,0.026387683,0.013193841,0.013193841,0.037100713,0.037100713,-0.037100713,0.025442943,0.014321241,0.921277776,3,68.229814799,1,46.339634278,0.258596731,0.180958255,0.261578877,0.182871223,3.064785441,0.152996229,0.398595305,0.144740814,0.319936629,2.000000000,2.025432821,2.000000000,0.000000000,0.000000000,0.000000000,1.000000000,1.286059690,0.751301758,0.743807566,-0.312752988,1.286059690,0.887909288,0.765164030,1,0,0,0.000000000,0.047427028,-0.205951174,0.149020335,-0.125763618,-0.015665355,0.129166555,0.289423167,12.122453526,0.021462866,-130.918615824,-0.107217578,142.886437522,44.841042160,0.006668008,0.000017600,-0.011829537,0.000411839,-0.000280950,-0.000024183,-0.004521971,0.680732211,-0.000071641,-0.673887003,-0.000082298,0.234631238,0.000251209,-0.165614224,0.008981473,-0.000000945,-0.008891158,-0.000001086,0.003095687,0.000003314,-0.002185088,1.361464422,-0.000143282,-1.347774007,-0.000164597,0.469262476,0.000502419,-0.331228447,-0.125494301,-0.056620373,0.473888079,0.026100388,0.431071631,0.346595795,0.055609989
3.601000000,0,3.601000000,sample,0.216534032,0.000004664,0.216038144,0.216030991,0.000007153,7.153193809,0.000044707,1,1,2.000000000,0.080000000,2.000000000,-0.028188274,0.014094137,-0.014094137,0.040580170,0.040580170,-0.040580170,0.020120676,0.015496601,0.909498566,1,53.099544082,1,46.339522382,0.291821463,0.174960959,0.293673967,0.180632587,0.264628721,0.220339974,0.594520036,0.124193729,0.425073497,2.000000000,2.044678443,2.000000000,0.000000000,0.000000000,0.000000000,1.000000000,1.121753887,0.836891227,0.735016237,0.315750095,1.291839684,0.838545790,0.747315469,1,0,0,0.000000000,0.050785909,-0.242971082,0.153445791,-0.122637127,-0.016308365,0.123715437,0.308118553,12.122756605,0.007457692,-130.918823211,-0.107518264,142.886291314,44.840832501,0.011292286,0.000217707,-0.010393381,-0.000232286,-0.001945276,0.000048079,0.000847824,-0.680731389,0.000036749,0.673885308,0.000082531,-0.234636024,-0.000251920,0.165617728,0.009594321,-0.000000518,-0.009497832,-0.000001163,0.003306992,0.000003551,-0.002334239,-1.361462778,0.000073498,1.347770617,0.000165062,-0.469272049,-0.000503840,0.331235456,-0.392208701,-0.086611073,0.217426434,0.032160246,0.454029513,0.348720395,0.053502122
3.651000000,0,3.651000000,sample,0.216534156,0.000002471,0.216035274,0.216034080,0.000001195,1.194587928,0.000007466,1,1,2.000000000,0.080000000,2.000000000,0.042111727,0.021055863,0.021055863,0.042711186,0.042711186,-0.042711186,0.024506446,0.021794623,0.966103589,1,50.917991849,1,46.339710249,0.285748294,0.177711677,0.301441387,0.178080601,0.531030305,0.306537800,0.587641835,0.197700901,0.440918422,2.000000000,2.048036880,2.000000000,0.000000000,0.000000000,0.000000000,1.000000000,1.199132181,0.809187921,0.697971889,0.272659055,1.199132181,0.875099925,0.757947290,1,0,0,0.000000000,0.050551467,-0.237312398,0.150928665,-0.124354483,-0.016087156,0.125930959,0.298504263,12.122412727,0.016069582,-130.918918902,-0.107667562,142.886271638,44.841973372,-0.015551955,-0.000031359,0.014956750,-0.000973827,0.000370708,0.000228618,0.002880780,-0.680732769,0.000058260,0.673887118,0.000082643,-0.234629857,-0.000252263,0.165613424,-0.014333416,0.000001227,0.014189275,0.000001740,-0.004940334,-0.000005312,0.003487134,-1.361465538,0.000116520,1.347774236,0.000165287,-0.469259714,-0.000504526,0.331226847,-0.330690685,-0.053976341,0.214561845,0.021142708,0.451761987,0.348340318,0.054601411
3.701000000,0,3.701000000,sample,0.216533629,-0.000010527,0.216031145,0.216037183,0.000006037,6.037428374,0.000037734,1,1,2.000000000,0.080000000,2.000000000,-0.048281043,0.024140521,-0.024140521,0.043822836,0.043822836,-0.043822836,0.027696910,0.030672806,0.787033350,1,49.519044850,1,46.339547333,0.267337402,0.181094094,0.292813919,0.181140683,1.101102448,0.431632981,0.505537316,0.185270729,0.406018223,2.000000000,2.040813253,2.000000000,0.000000000,0.000000000,0.000000000,1.000000000,1.214884272,0.778245310,0.690624014,-0.289063384,1.254088051,0.935273415,0.827950019,1,0,0,0.000000000,0.047963893,-0.215781002,0.150357276,-0.126417861,-0.015977166,0.128679156,0.285249178,12.122644944,0.026529476,-130.918497434,-0.107891429,142.886202214,44.841872344,-0.021584383,0.001157477,0.018284473,0.000700324,0.004603200,-0.000434506,-0.010835361,0.680731572,-0.000084397,-0.673886413,-0.000082816,0.234633607,0.000252792,-0.165615884,-0.016433215,0.000002037,0.016267969,0.000001999,-0.005664178,-0.000006103,0.003998054,1.361463144,-0.000168794,-1.347772827,-0.000165633,0.469267214,0.000505584,-0.331231768,-0.300518430,-0.046886602,0.264061954,0.004455779,0.436872594,0.347563117,0.055186005
3.751000000,0,3.751000000,sample,0.216534160,0.000010610,0.216034098,0.216035251,0.000001153,1.152789414,0.000007205,1,1,2.000000000,0.080000000,2.000000000,0.042792713,0.021396357,0.021396357,0.038477800,0.038477800,-0.038477800,0.028693775,0.022310015,0.959047185,3,48.257189607,1,46.339790334,0.251485756,0.181389411,0.271786593,0.182614815,0.986646780,0.400075210,0.496737964,0.105960478,0.384701388,2.000000000,2.036676580,2.000000000,0.000000000,0.000000000,0.000000000,1.000000000,1.200326881,0.755146447,0.714744333,-0.318649124,1.240709397,0.836967759,0.736265118,1,0,0,0.000000000,0.049678667,-0.196161777,0.149324054,-0.125376911,-0.015884298,0.130117015,0.290558455,12.122246157,0.019362789,-130.918918902,-0.107124822,142.886310922,44.841000145,0.014981410,0.000006565,-0.015498186,-0.001342064,-0.000685838,0.000572626,-0.005522760,0.680733357,-0.000066384,-0.673887977,-0.000082226,0.234627073,0.000250988,-0.165611452,0.014565214,-0.000001420,-0.014418748,-0.000001759,0.005020165,0.000005370,-0.003543482,1.361466714,-0.000132769,-1.347775955,-0.000164451,0.469254147,0.000501977,-0.331222904,-0.228852344,-0.068555382,0.378091743,0.025302616,0.431348976,0.347753153,0.056554785
3.801000000,0,3.801000000,sample,0.216533757,-0.000008055,0.216037918,0.216030662,0.000007256,7.255840586,0.000045349,1,1,2.000000000,0.080000000,2.000000000,-0.048127381,0.024063691,-0.024063691,0.040377621,0.040377621,-0.040377621,0.026560808,0.027754008,0.867034786,1,54.018784662,1,46.339605158,0.252972083,0.178539031,0.256729240,0.183340706,0.987066122,0.300859526,0.541250198,0.141645537,0.374253933,2.000000000,2.034731464,2.000000000,0.000000000,0.000000000,0.000000000,1.000000000,1.159220092,0.831621049,0.732265260,0.326297358,1.269137011,0.876100942,0.759889988,1,0,0,0.000000000,0.048263449,-0.197820751,0.150108177,-0.122720468,-0.015917641,0.128695380,0.303415469,12.122549229,0.007277492,-130.918602670,-0.107322186,142.886249396,44.840776921,0.020398495,-0.000307610,-0.017491879,-0.000073403,-0.002222591,-0.000013467,0.006571184,-0.680731997,0.000036266,0.673886762,0.000082379,-0.234632107,-0.000251456,0.165614867,0.016380924,-0.000000873,-0.016216202,-0.000001982,0.005646114,0.000006051,-0.003985305,-1.361463994,0.000072531,1.347773523,0.000164758,-0.469264213,-0.000502913,0.331229733,-0.375978198,-0.071160822,0.247327232,0.030356580,0.450542300,0.348464801,0.057276338
3.851000000,0,3.851000000,sample,0.216533803,0.000000925,0.216035491,0.216033148,0.000002342,2.342273928,0.000014639,1,1,2.000000000,0.080000000,2.000000000,0.040043879,0.020021939,0.020021939,0.037615222,0.037615222,-0.037615222,0.022308717,0.020761567,0.964375160,3,46.485235152,1,46.339734319,0.265948566,0.178972653,0.269812383,0.181452423,0.834096076,0.390491650,0.534531330,0.207120316,0.385016663,2.000000000,2.036728086,2.000000000,0.000000000,0.000000000,0.000000000,1.000000000,1.203784054,0.796881117,0.694209743,0.278105807,1.220613013,0.854050444,0.742052542,1,0,0,0.000000000,0.046648731,-0.216651716,0.147018944,-0.124031844,-0.015393153,0.128102940,0.298007641,12.122246157,0.014410439,-130.918616311,-0.107633096,142.886492058,44.841999990,-0.013881947,-0.000957214,0.014155253,0.000217921,-0.000110972,0.000117756,0.006080549,-0.680732946,0.000054114,0.673888073,0.000082616,-0.234627772,-0.000252179,0.165611766,-0.013629594,0.000001083,0.013492546,0.000001654,-0.004697703,-0.000005049,0.003315869,-1.361465891,0.000108228,1.347776146,0.000165232,-0.469255544,-0.000504358,0.331223532,-0.310109971,-0.045875656,0.243155257,-0.002991275,0.451069999,0.343597545,0.054749922
3.902000000,0,3.902000000,sample,0.216533900,0.000001896,0.216031912,0.216036948,0.000005036,5.036249119,0.000031477,1,1,2.000000000,0.080000000,2.000000000,0.001291696,0.000645848,0.000645848,0.040814631,0.040814631,-0.040814631,0.023111627,0.006368682,0.101409984,1,36.515203001,1,46.339565776,0.278884296,0.179871756,0.278884296,0.180830661,3.949488930,0.364959961,0.445543343,0.198402071,0.413697013,2.000000000,2.042334690,2.000000000,0.000000000,0.000000000,0.000000000,1.000000000,1.249549868,0.740729531,0.719374486,-0.290040595,1.282087026,0.830162812,0.726245819,1,0,0,0.000000000,0.049510555,-0.228730787,0.151681847,-0.126418189,-0.016120374,0.126934722,0.288193394,12.122644944,0.024998193,-130.918711533,-0.107357519,142.886275968,44.841148280,-0.003848455,0.001511478,-0.003481912,0.000114253,0.002018027,-0.000090986,-0.002692110,0.680731708,-0.000080486,-0.673886064,-0.000082407,0.234633974,0.000251541,-0.165616231,0.000439649,-0.000000052,-0.000435228,-0.000000053,0.000151538,0.000000162,-0.000106963,1.361463415,-0.000160973,-1.347772129,-0.000164814,0.469267949,0.000503082,-0.331232463,-0.141415640,-0.067235912,0.424890204,0.036133402,0.432040414,0.348699109,0.053789434
3.951000000,0,3.951000000,sample,0.216533899,-0.000000021,0.216036973,0.216031891,0.000005081,5.081375295,0.000031759,1,1,2.000000000,0.080000000,2.000000000,-0.076188245,0.038094123,-0.038094123,0.038094123,0.038094123,-0.038094123,0.023385255,0.040040084,0.951399663,1,59.759028886,1,46.339564735,0.301780112,0.174371797,0.303452540,0.179847798,2.330111437,0.448861909,0.710586102,0.090801883,0.515279793,2.000000000,2.065340555,2.000000000,0.000000000,0.000000000,0.000000000,1.000000000,1.163911962,0.899646637,0.780355085,0.324850055,1.325456549,0.899646637,0.780355085,1,0,0,0.000000000,0.049583448,-0.256151469,0.151654681,-0.123413254,-0.016087601,0.122130591,0.306429014,12.122644942,0.010401001,-130.918711533,-0.107260225,142.886296124,44.840229930,0.030952572,0.000584394,-0.025388258,0.000146813,-0.000035760,-0.000067632,0.000462647,-0.680731700,0.000044049,0.673886043,0.000082332,-0.234634038,-0.000251313,0.165616273,0.025931877,-0.000001678,-0.025671098,-0.000003136,0.008938178,0.000009574,-0.006309007,-1.361463400,0.000088098,1.347772086,0.000164664,-0.469268077,-0.000502626,0.331232546,-0.509819104,-0.079611193,0.110918788,0.037422008,0.451674742,0.349220347,0.055066234
4.001000000,0,4.001000000,sample,0.216534061,0.000003234,0.216036334,0.216032831,0.000003503,3.503217764,0.000021895,1,1,2.000000000,0.080000000,2.000000000,0.031715414,0.015857707,0.015857707,0.037207198,0.037207198,-0.037207198,0.022130092,0.017298066,0.916732957,1,69.192153462,1,46.339600842,0.297235976,0.175578052,0.309949338,0.177606150,2.357119066,0.322930062,0.514075459,0.196550545,0.408689208,2.000000000,2.041334246,2.000000000,0.000000000,0.000000000,0.000000000,1.000000000,1.167811483,0.814186126,0.710047606,0.278943663,1.226483828,0.941507694,0.822443967,1,0,0,0.000000000,0.049279657,-0.251149480,0.151144566,-0.123625707,-0.015858716,0.123664215,0.303475955,12.122549235,0.012752620,-130.918823193,-0.107726048,142.886539228,44.841482464,-0.014388846,0.000139253,0.009495245,-0.000741085,0.000869176,0.000257280,-0.000796402,-0.680731965,0.000049995,0.673886101,0.000082689,-0.234633409,-0.000252403,0.165615834,-0.010794848,0.000000793,0.010686288,0.000001311,-0.003720748,-0.000004003,0.002626287,-1.361463930,0.000099989,1.347772203,0.000165379,-0.469266818,-0.000504806,0.331231667,-0.355789856,-0.068395480,0.198932907,0.028282068,0.454864975,0.349762572,0.057385188
4.051000000,0,4.051000000,sample,0.216533917,-0.000002864,0.216031644,0.216037235,0.000005591,5.590990867,0.000034944,1,1,2.000000000,0.080000000,2.000000000,-0.032108746,0.016054373,-0.016054373,0.036890793,0.036890793,-0.036890793,0.025816743,0.016981443,0.945406851,3,62.059783853,1,46.339593352,0.282641629,0.179589314,0.301274574,0.179589314,1.939857827,0.218875941,0.648268615,0.162579815,0.467576268,2.000000000,2.053937304,2.000000000,0.000000000,0.000000000,0.000000000,1.000000000,1.196777853,0.813932419,0.707422874,-0.291636602,1.248722607,0.860240337,0.752841951,1,0,0,0.000000000,0.048525568,-0.234270738,0.150495120,-0.126384537,-0.015828535,0.126604614,0.287929097,12.122549235,0.025856736,-130.918711533,-0.107714514,142.886471583,44.841679055,-0.010413215,0.000681029,0.013377647,0.000656712,0.000247970,0.000116296,0.000053455,0.680731910,-0.000082688,-0.673886317,-0.000082680,0.234633114,0.000252376,-0.165615586,-0.010928724,0.000001328,0.010818822,0.000001327,-0.003766887,-0.000004052,0.002658854,1.361463820,-0.000165376,-1.347772635,-0.000165361,0.469266228,0.000504751,-0.331231171,-0.373077341,-0.053378609,0.196171587,0.015628921,0.441868675,0.348312816,0.055801831
4.101000000,0,4.101000000,sample,0.216533923,0.000000118,0.216035965,0.216032923,0.000003042,3.042157151,0.000019013,1,1,2.000000000,0.080000000,2.000000000,-0.065886756,0.032943378,-0.032943378,0.036672765,0.036672765,-0.036672765,0.020817759,0.034194963,0.963398553,1,55.827848145,1,46.339636355,0.270891643,0.177157932,0.285110595,0.181282453,1.453860632,0.725854606,0.604023890,0.071535617,0.473528934,2.000000000,2.055314277,2.000000000,0.000000000,0.000000000,0.000000000,1.000000000,1.188859543,0.776490735,0.720563401,0.322338144,1.259121516,0.841948581,0.744006261,1,0,0,0.000000000,0.047934605,-0.220746494,0.149517696,-0.123957140,-0.015659180,0.125595981,0.299521942,12.122453526,0.013362964,-130.918711533,-0.107398117,142.886533296,44.839795170,0.025549805,0.000255553,-0.021705440,0.000173887,-0.000780307,-0.000030577,-0.006683673,-0.680732226,0.000051462,0.673886764,0.000082437,-0.234631659,-0.000251633,0.165614547,0.022425619,-0.000001695,-0.022200106,-0.000002716,0.007729559,0.000008290,-0.005455903,-1.361464452,0.000102924,1.347773527,0.000164874,-0.469263317,-0.000503265,0.331229094,-0.250401319,-0.073099146,0.364585494,0.036609761,0.437540933,0.350067040,0.053994926
4.151000000,0,4.151000000,sample,0.216533900,-0.000000456,0.216037143,0.216031720,0.000005423,5.422958869,0.000033893,1,1,2.000000000,0.080000000,2.000000000,0.028535841,0.014267920,0.014267920,0.037623553,0.037623553,-0.037623553,0.024636771,0.014314022,0.996779234,3,47.983729365,1,46.339583151,0.282215922,0.176579172,0.282215922,0.180749064,0.450398556,0.101195363,0.564234473,0.144356943,0.397424780,2.000000000,2.039108276,2.000000000,0.000000000,0.000000000,0.000000000,1.000000000,1.178358676,0.821969562,0.713665736,0.293624389,1.253178642,0.876686800,0.757593568,1,0,0,0.000000000,0.049251627,-0.233123410,0.151240140,-0.123076894,-0.016016681,0.125601546,0.304433907,12.122603985,0.009975908,-130.918711533,-0.107666545,142.886318623,44.841614932,-0.009563504,-0.000331911,0.009915365,0.000327761,-0.003594433,0.000084037,0.001404122,-0.680731835,0.000043057,0.673886238,0.000082644,-0.234633404,-0.000252264,0.165615820,-0.009712628,0.000000614,0.009614955,0.000001179,-0.003347731,-0.000003599,0.002362993,-1.361463670,0.000086113,1.347772476,0.000165288,-0.469266808,-0.000504529,0.331231640,-0.332567379,-0.065411169,0.245533138,0.031933377,0.456243473,0.349398107,0.053811651
4.201000000,0,4.201000000,sample,0.216533920,0.000000388,0.216032712,0.216036148,0.000003435,3.435466664,0.000021472,1,1,2.000000000,0.080000000,2.000000000,-0.052953792,0.026476896,-0.026476896,0.039044059,0.039044059,-0.039044059,0.025291303,0.027503016,0.962690642,1,59.087184919,1,46.339795334,0.282747539,0.178855380,0.288831078,0.179695107,1.531031919,0.362599260,0.496854576,0.205648009,0.385774374,2.000000000,2.036880951,2.000000000,0.000000000,0.000000000,0.000000000,1.000000000,1.227707355,0.742952146,0.688277274,-0.272183202,1.234557872,0.895476944,0.782417922,1,0,0,0.000000000,0.047287607,-0.236988019,0.146788050,-0.125595960,-0.015417489,0.126400961,0.291459159,12.122150448,0.022790213,-130.918711533,-0.107956863,142.886478579,44.842201324,-0.021141070,-0.000866188,0.017506177,-0.000473085,-0.000237408,-0.000030501,0.001404778,0.680733394,-0.000075076,-0.673888507,-0.000082864,0.234626046,0.000252936,-0.165610595,-0.018023707,0.000001988,0.017842476,0.000002194,-0.006212169,-0.000006697,0.004384855,1.361466787,-0.000150151,-1.347777014,-0.000165728,0.469252092,0.000505872,-0.331221190,-0.204128431,-0.051316676,0.337376488,-0.002009946,0.439576546,0.345471160,0.054945354
4.251000000,0,4.251000000,sample,0.216533785,-0.000002689,0.216033342,0.216035274,0.000001933,1.932863894,0.000012080,1,1,2.000000000,0.080000000,2.000000000,0.033726809,0.016863404,0.016863404,0.039181547,0.039181547,-0.039181547,0.026510585,0.018549070,0.909123958,3,77.816324579,1,46.339706812,0.289885303,0.177309969,0.296218083,0.179381661,4.589593887,0.414213361,0.389709827,0.175428030,0.333462179,2.000000000,2.027616339,2.000000000,0.000000000,0.000000000,0.000000000,1.000000000,1.272984766,0.747065658,0.725722085,-0.302726672,1.272984766,0.860755398,0.753915668,1,0,0,0.000000000,0.047828941,-0.244498722,0.148210174,-0.125499251,-0.015705419,0.124266258,0.294579207,12.122341866,0.020521013,-130.918615824,-0.107328961,142.886290111,44.840465775,0.008633558,-0.000009575,-0.016362796,0.000821345,-0.000711437,0.000155333,-0.000763959,0.680732744,-0.000069309,-0.673887826,-0.000082383,0.234628616,0.000251468,-0.165612401,0.011479471,-0.000001169,-0.011364043,-0.000001389,0.003956637,0.000004241,-0.002792789,1.361465487,-0.000138618,-1.347775652,-0.000164766,0.469257232,0.000502937,-0.331224802,-0.147716792,-0.057439443,0.436251079,0.029779257,0.430096825,0.349698717,0.055486260
4.301000000,0,4.301000000,sample,0.216534049,0.000005266,0.216038234,0.216030920,0.000007314,7.314108939,0.000045713,1,1,2.000000000,0.080000000,2.000000000,-0.014798358,0.007399179,-0.007399179,0.037642903,0.037642903,-0.037642903,0.026567519,0.009603450,0.770470921,1,96.064151266,1,46.339559092,0.303290892,0.173918273,0.309090453,0.177348906,4.355265088,0.393984514,0.810436650,0.123298508,0.613853633,2.000000000,2.092083919,2.000000000,0.000000000,0.000000000,0.000000000,1.000000000,1.136209085,0.864730980,0.752258720,0.310314108,1.273690866,0.907392886,0.773362282,1,0,0,0.000000000,0.049833935,-0.257603912,0.152125502,-0.122644671,-0.016011507,0.122268074,0.309944857,12.122644944,0.007210294,-130.918823193,-0.107422401,142.886478031,44.840893471,0.009412564,0.000435898,-0.001336646,-0.000667120,0.000858012,-0.000168406,0.000666081,-0.680731659,0.000036115,0.673885661,0.000082457,-0.234634843,-0.000251693,0.165616858,0.005036855,-0.000000267,-0.004986201,-0.000000610,0.001736105,0.000001862,-0.001225429,-1.361463317,0.000072231,1.347771322,0.000164914,-0.469269686,-0.000503386,0.331233716,-0.452985180,-0.083510650,0.148057460,0.026926371,0.454252971,0.349106772,0.053443804
4.351000000,0,4.351000000,sample,0.216533807,-0.000004828,0.216034959,0.216033692,0.000001266,1.266221640,0.000007914,1,1,2.000000000,0.080000000,2.000000000,0.053864907,0.026932453,0.026932453,0.033512451,0.033512451,-0.033512451,0.026932453,0.028578151,0.942414128,1,69.282847192,1,46.339681804,0.266050115,0.179425738,0.304829382,0.179425738,3.862887637,0.636977692,0.378851066,0.239640283,0.404213057,2.000000000,2.040448716,2.000000000,0.000000000,0.000000000,0.000000000,1.000000000,1.219497275,0.775557144,0.691407366,0.274865157,1.246554339,0.890243286,0.778202218,1,0,0,0.000000000,0.046775384,-0.216201178,0.147823469,-0.124403264,-0.015446205,0.128369927,0.296340223,12.122340299,0.015947784,-130.918615842,-0.107551761,142.886534708,44.842037673,-0.023787401,-0.000347832,0.015738654,0.000278727,0.000576537,-0.000002814,0.001622952,-0.680732560,0.000057936,0.673887494,0.000082554,-0.234629632,-0.000251990,0.165613071,-0.018333798,0.000001560,0.018149444,0.000002223,-0.006319152,-0.000006787,0.004460366,-1.361465120,0.000115873,1.347774989,0.000165109,-0.469259264,-0.000503981,0.331226141,-0.245486924,-0.055537724,0.301687781,0.028870521,0.445004681,0.349137135,0.054045794
4.401000000,0,4.401000000,sample,0.216534042,0.000004694,0.216031966,0.216037153,0.000005187,5.187179778,0.000032420,1,1,2.000000000,0.080000000,2.000000000,-0.013293433,0.006646716,-0.006646716,0.040131565,0.040131565,-0.040131565,0.025897148,0.009633022,0.689992890,1,89.016374485,1,46.339727380,0.249930764,0.182557732,0.273375281,0.182617057,4.199060646,0.283330309,0.372276821,0.189957366,0.384206048,2.000000000,2.036568027,2.000000000,0.000000000,0.000000000,0.000000000,1.000000000,1.226960710,0.722748742,0.715969209,-0.296454783,1.265625580,0.863516011,0.759087055,1,0,0,0.000000000,0.049106083,-0.194146466,0.149536380,-0.126392988,-0.015869363,0.130768120,0.284227253,12.122341866,0.025236567,-130.918823193,-0.107485282,142.886330920,44.841351062,-0.009088610,-0.000552473,0.001207356,-0.001035886,-0.000386920,-0.000056858,-0.002683902,0.680732895,-0.000081101,-0.673887529,-0.000082503,0.234628848,0.000251835,-0.165612655,-0.004524638,0.000000539,0.004479139,0.000000548,-0.001559511,-0.000001674,0.001100780,1.361465789,-0.000162202,-1.347775058,-0.000165006,0.469257695,0.000503669,-0.331225309,-0.151105141,-0.070035504,0.422839678,0.012196927,0.427463857,0.346743999,0.054545985
4.451000000,0,4.451000000,sample,0.216533683,-0.000007186,0.216036012,0.216032396,0.000003616,3.615816376,0.000022599,1,1,2.000000000,0.080000000,2.000000000,-0.076914434,0.038457217,-0.038457217,0.040959497,0.040959497,-0.040959497,0.027057313,0.039563824,0.972029826,1,50.140158861,1,46.339675247,0.246443653,0.180119014,0.258937125,0.183259888,0.563025214,0.389946295,0.473002484,0.104064828,0.339552850,2.000000000,2.028649333,2.000000000,0.000000000,0.000000000,0.000000000,1.000000000,1.233918535,0.819382729,0.717140758,0.326025111,1.267497374,0.877812296,0.798658933,1,0,0,0.000000000,0.046069916,-0.192148630,0.147278447,-0.123869211,-0.015401903,0.129853993,0.297312567,12.122341864,0.012511099,-130.918520115,-0.107245460,142.886481167,44.840889198,0.028015031,0.000790057,-0.027658750,0.001074993,0.000621937,-0.000272719,-0.003634105,-0.680732512,0.000049310,0.673887671,0.000082319,-0.234629404,-0.000251273,0.165612875,0.026179078,-0.000001896,-0.025915844,-0.000003166,0.009023194,0.000009663,-0.006369010,-1.361465023,0.000098620,1.347775342,0.000164638,-0.469258809,-0.000502545,0.331225751,-0.330998465,-0.042194833,0.289260009,0.020704554,0.440301561,0.349168494,0.055374599
4.501000000,0,4.501000000,sample,0.216533890,0.000004139,0.216036111,0.216032736,0.000003375,3.374963013,0.000021094,1,1,2.000000000,0.080000000,2.000000000,0.040150632,0.020075316,0.020075316,0.040198001,0.040198001,-0.040198001,0.025070198,0.021758788,0.922630264,3,58.503230385,1,46.339571205,0.250890410,0.180692413,0.258506299,0.182818506,2.445797276,0.314912298,0.554989769,0.170367035,0.387769719,2.000000000,2.037254341,2.000000000,0.000000000,0.000000000,0.000000000,1.000000000,1.235675079,0.795783976,0.696230353,0.286853501,1.242872879,0.860095805,0.730636650,1,0,0,0.000000000,0.049462641,-0.193593311,0.151726975,-0.123823012,-0.016141588,0.130602675,0.297094524,12.122644944,0.012890094,-130.918707148,-0.107441526,142.886229322,44.841945993,-0.013746910,-0.000217935,0.016642732,0.002098221,0.001328367,-0.000069367,-0.001125785,-0.680731747,0.000050290,0.673886141,0.000082471,-0.234633752,-0.000251738,0.165616081,-0.013665905,0.000001010,0.013528477,0.000001656,-0.004710347,-0.000005054,0.003324795,-1.361463495,0.000100580,1.347772283,0.000164942,-0.469267504,-0.000503476,0.331232162,-0.285222341,-0.033402170,0.281212708,-0.015272140,0.449713085,0.343355647,0.053107734
4.551000000,0,4.551000000,sample,0.216533793,-0.000001934,0.216031744,0.216036861,0.000005117,5.116825987,0.000031980,1,1,2.000000000,0.080000000,2.000000000,-0.048738411,0.024369205,-0.024369205,0.036626702,0.036626702,-0.036626702,0.027095079,0.026173935,0.931048591,1,71.884304350,1,46.339841415,0.259503444,0.181484551,0.263176734,0.183001405,4.065800761,0.567030020,0.360472713,0.231797061,0.392278846,2.000000000,2.038116188,2.000000000,0.000000000,0.000000000,0.000000000,1.000000000,1.192657124,0.768301602,0.691038809,-0.285192386,1.263290456,0.867822001,0.767556284,1,0,0,0.000000000,0.046389353,-0.209885481,0.145389648,-0.126159297,-0.015313384,0.129560698,0.286004218,12.122054571,0.025197606,-130.918615824,-0.107862347,142.886391139,44.842184428,-0.022191469,-0.000479075,0.013856117,0.000089804,0.000511219,0.000219005,0.000273331,0.680733732,-0.000081065,-0.673889266,-0.000082791,0.234623948,0.000252713,-0.165609086,-0.016588940,0.000001976,0.016422146,0.000002018,-0.005717599,-0.000006158,0.004035762,1.361467464,-0.000162131,-1.347778531,-0.000165581,0.469247896,0.000505425,-0.331218172,-0.273621885,-0.058577634,0.286712530,0.011646455,0.440297840,0.346417579,0.055021062
4.601000000,0,4.601000000,sample,0.216533917,0.000002472,0.216036215,0.216032676,0.000003539,3.539338119,0.000022121,1,1,2.000000000,0.080000000,2.000000000,-0.073418174,0.036709087,-0.036709087,0.038328546,0.038328546,-0.038328546,0.023135237,0.038180673,0.961457303,1,52.159367141,1,46.339547220,0.287853358,0.175838287,0.289668524,0.181660825,0.210138930,0.378744484,0.580442164,0.103009744,0.408729065,2.000000000,2.041373487,2.000000000,0.000000000,0.000000000,0.000000000,1.000000000,1.193259656,0.856013972,0.736837194,0.316989520,1.287833273,0.856013972,0.736837194,1,0,0,0.000000000,0.048868399,-0.239906295,0.151381653,-0.123847317,-0.015917556,0.123804591,0.302344517,12.122643433,0.012633708,-130.918711533,-0.107321597,142.886465807,44.840051834,0.027574633,0.000064051,-0.026348001,-0.000589594,-0.000220875,0.000886824,-0.001413966,-0.680731571,0.000049630,0.673885812,0.000082379,-0.234634744,-0.000251457,0.165616738,0.024989035,-0.000001822,-0.024737733,-0.000003024,0.008613227,0.000009231,-0.006079639,-1.361463143,0.000099260,1.347771625,0.000164759,-0.469269489,-0.000502914,0.331233476,-0.423843118,-0.058712052,0.184469656,0.028804024,0.447052002,0.349401025,0.055169400
4.651000000,0,4.651000000,sample,0.216533902,-0.000000284,0.216036951,0.216031912,0.000005039,5.038564785,0.000031491,1,1,2.000000000,0.080000000,2.000000000,0.022834054,0.011417027,0.011417027,0.041324279,0.041324279,-0.041324279,0.024075362,0.012181517,0.937241812,3,74.720449867,1,46.339609470,0.284589255,0.176410068,0.295797202,0.179110333,2.753767681,0.275760898,0.668019028,0.143515863,0.474720089,2.000000000,2.055569666,2.000000000,0.000000000,0.000000000,0.000000000,1.000000000,1.112695240,0.805878305,0.715635404,0.287413101,1.184975122,0.887685340,0.761116530,1,0,0,0.000000000,0.049050709,-0.236370491,0.150711854,-0.123157024,-0.015949208,0.125293584,0.304199467,12.122549235,0.010540547,-130.918711533,-0.107730903,142.886332114,44.841676100,-0.005952880,-0.001042631,0.010529824,0.000182881,-0.000676044,0.000233416,0.000665839,-0.680732029,0.000044476,0.673886521,0.000082693,-0.234632489,-0.000252414,0.165615171,-0.007771936,0.000000508,0.007693780,0.000000944,-0.002678805,-0.000002882,0.001890833,-1.361464057,0.000088952,1.347773042,0.000165386,-0.469264978,-0.000504828,0.331230343,-0.354741946,-0.090261903,0.213158321,0.029031757,0.455052222,0.348919285,0.055212932
4.701000000,0,4.701000000,sample,0.216533925,0.000000461,0.216031563,0.216037316,0.000005753,5.753105423,0.000035957,1,1,2.000000000,0.080000000,2.000000000,-0.051955167,0.025977584,-0.025977584,0.033130244,0.033130244,-0.033130244,0.022677498,0.026731308,0.971803682,3,50.751737631,1,46.339689065,0.258283465,0.181963662,0.284136356,0.181963662,0.624006269,0.188309959,0.546716874,0.165986321,0.407014833,2.000000000,2.041012419,2.000000000,0.000000000,0.000000000,0.000000000,1.000000000,1.286260368,0.755877115,0.704658867,-0.291616215,1.286260368,0.869303204,0.754038379,1,0,0,0.000000000,0.047411066,-0.205983510,0.148436292,-0.126400914,-0.015528110,0.129971000,0.284629038,12.122341866,0.026100270,-130.918711533,-0.107774828,142.886560632,44.842032138,-0.018633612,0.000303120,0.019043452,-0.000264771,-0.002066088,0.000495292,-0.000149196,0.680732613,-0.000083305,-0.673887335,-0.000082726,0.234629811,0.000252513,-0.165613237,-0.017683788,0.000002164,0.017505965,0.000002149,-0.006095116,-0.000006560,0.004302232,1.361465226,-0.000166609,-1.347774669,-0.000165451,0.469259621,0.000505026,-0.331226473,-0.179619475,-0.040777192,0.387949589,0.021396052,0.431987198,0.349071860,0.056492543
4.751000000,0,4.751000000,sample,0.216533913,-0.000000241,0.216036309,0.216032576,0.000003733,3.732946726,0.000023331,1,1,2.000000000,0.080000000,2.000000000,-0.072664156,0.036332078,-0.036332078,0.038101027,0.038101027,-0.038101027,0.025133029,0.038472817,0.944357107,1,65.534596983,1,46.339557688,0.250983527,0.179522834,0.257742509,0.182755044,4.076999107,0.632513042,0.689738882,0.081248444,0.534750891,2.000000000,2.070273690,2.000000000,0.000000000,0.000000000,0.000000000,1.000000000,1.114550427,0.879871139,0.782481822,0.337729760,1.283839311,0.879871139,0.782481822,1,0,0,0.000000000,0.048705101,-0.194236177,0.151303839,-0.123745313,-0.015929492,0.129080582,0.297706258,12.122629698,0.012367123,-130.918711533,-0.107397114,142.886433298,44.840489256,0.031145069,0.001484344,-0.022531178,0.000011816,-0.000410369,-0.000217094,-0.000263347,-0.680731648,0.000048978,0.673885934,0.000082437,-0.234634359,-0.000251634,0.165616473,0.024732396,-0.000001779,-0.024483676,-0.000002995,0.008524754,0.000009142,-0.006017191,-1.361463296,0.000097955,1.347771868,0.000164875,-0.469268719,-0.000503267,0.331232945,-0.507392609,-0.101525596,0.130229469,0.044261646,0.445861613,0.351674140,0.056009016
4.801000000,0,4.801000000,sample,0.216534153,0.000004800,0.216036551,0.216032795,0.000003756,3.755967033,0.000023475,1,1,2.000000000,0.080000000,2.000000000,0.034281876,0.017140938,0.017140938,0.040554524,0.040554524,-0.040554524,0.022253239,0.018181731,0.942756102,3,56.558533024,1,46.339746375,0.260944642,0.178933901,0.260944642,0.182389368,1.404256239,0.201668759,0.586518828,0.171117533,0.440228886,2.000000000,2.047885789,2.000000000,0.000000000,0.000000000,0.000000000,1.000000000,1.214107965,0.854349466,0.722685881,0.292379904,1.269936422,0.934229158,0.823301812,1,0,0,0.000000000,0.050172664,-0.207348684,0.150270866,-0.123596941,-0.016008617,0.128393385,0.299140437,12.122341866,0.012373803,-130.918918902,-0.107640445,142.886272444,44.841436933,-0.011919304,-0.000193066,0.013673645,-0.000979501,0.000722755,0.000080254,-0.000107085,-0.680733034,0.000049034,0.673887509,0.000082622,-0.234628596,-0.000252198,0.165612533,-0.011668403,0.000000840,0.011551064,0.000001416,-0.004021754,-0.000004323,0.002838754,-1.361466068,0.000098069,1.347775017,0.000165244,-0.469257192,-0.000504397,0.331225067,-0.388626831,-0.049641054,0.186916446,0.029179762,0.456278901,0.349054287,0.054417717
4.851000000,0,4.851000000,sample,0.216533914,-0.000004777,0.216031697,0.216037172,0.000005476,5.475646974,0.000034223,1,1,2.000000000,0.080000000,2.000000000,-0.036730547,0.018365273,-0.018365273,0.039389034,0.039389034,-0.039389034,0.023191102,0.019601383,0.936937638,3,66.433734739,1,46.339645487,0.286639375,0.179200222,0.287835833,0.180995891,3.029160147,0.270992707,0.691612527,0.168575399,0.491964793,2.000000000,2.059627583,2.000000000,0.000000000,0.000000000,0.000000000,1.000000000,1.224812219,0.815172693,0.702008041,-0.289578139,1.341268701,0.894728717,0.777223945,1,0,0,0.000000000,0.048380877,-0.239632814,0.149658065,-0.126298757,-0.015765580,0.126145908,0.288675622,12.122453524,0.025705175,-130.918711533,-0.107803735,142.886438555,44.841890006,-0.011228520,-0.000598443,0.015976478,0.000386132,0.001011039,-0.000075552,0.001162568,0.680732293,-0.000082324,-0.673886891,-0.000082748,0.234631269,0.000252583,-0.165614290,-0.012501835,0.000001512,0.012376117,0.000001520,-0.004309067,-0.000004639,0.003041552,1.361464586,-0.000164649,-1.347773782,-0.000165497,0.469262539,0.000505166,-0.331228580,-0.362348487,-0.039157603,0.203903338,0.006641744,0.441810519,0.346470098,0.055917791
4.901000000,0,4.901000000,sample,0.216534054,0.000002793,0.216036710,0.216032440,0.000004270,4.270081294,0.000026688,1,1,2.000000000,0.080000000,2.000000000,-0.074433738,0.037216869,-0.037216869,0.040993017,0.040993017,-0.040993017,0.026352855,0.038771378,0.959905767,1,52.336817109,1,46.339658061,0.271583560,0.177352237,0.287662268,0.180381520,0.694045409,0.396834429,0.563211070,0.104800809,0.415958904,2.000000000,2.042837315,2.000000000,0.000000000,0.000000000,0.000000000,1.000000000,1.157794113,0.831284552,0.730270937,0.321890320,1.235284952,0.896477106,0.781379521,1,0,0,0.000000000,0.049026840,-0.220822055,0.150305086,-0.123617810,-0.015815531,0.126183683,0.301388472,12.122448994,0.011582954,-130.918823193,-0.107336078,142.886480577,44.840459251,0.028048839,0.000474466,-0.026718651,-0.000767912,-0.000397001,0.000049819,-0.001273239,-0.680732385,0.000047010,0.673886735,0.000082389,-0.234631375,-0.000251487,0.165614410,0.025334728,-0.000001750,-0.025079954,-0.000003066,0.008732245,0.000009360,-0.006163650,-1.361464771,0.000094020,1.347773471,0.000164779,-0.469262751,-0.000502974,0.331228820,-0.399309160,-0.072203713,0.215128704,0.030562080,0.443224882,0.349142306,0.055420343
4.950000000,0,4.950000000,sample,0.216533916,-0.000002815,0.216037281,0.216031623,0.000005658,5.658316032,0.000035364,1,1,2.000000000,0.080000000,2.000000000,0.013932037,0.006966018,0.006966018,0.039780154,0.039780154,-0.039780154,0.023633979,0.007636990,0.912141867,1,63.538396682,1,46.339438312,0.260586589,0.178903535,0.269128013,0.181410424,0.847100921,0.229116510,0.482077601,0.185302780,0.364880789,2.000000000,2.033013176,2.000000000,0.000000000,0.000000000,0.000000000,1.000000000,1.201814062,0.784017358,0.703718758,0.290480958,1.249879362,0.865806242,0.735433240,1,0,0,0.000000000,0.049221119,-0.204913487,0.153274638,-0.123060103,-0.016085549,0.128856280,0.301752727,12.122852314,0.009621034,-130.918711533,-0.107570321,142.886494326,44.841764782,-0.006087519,-0.000011615,0.004351691,0.000516952,0.001087681,0.000337604,0.000874136,-0.680730771,0.000042156,0.673884623,0.000082572,-0.234638576,-0.000252044,0.165619437,-0.004741983,0.000000294,0.004694293,0.000000575,-0.001634497,-0.000001756,0.001153708,-1.361461543,0.000084312,1.347769247,0.000165143,-0.469277152,-0.000504087,0.331238873,-0.261259173,-0.058998407,0.310509292,0.017345172,0.449989309,0.348257294,0.054703986
5.000000000,0,5.000000000,disturb_auto_push,0.000000000,,0.000000000,0.000000000,0.000000000,0.000000000,0.000000000,0,0,0.000000000,0.000000000,0.000000000,0.000000000,0.000000000,0.000000000,0.000000000,0.000000000,0.000000000,0.000000000,0.032142214,0.000000000,3,55.688176596,0,0.000000000,0.000000000,0.000000000,0.000000000,0.000000000,1.994473801,0.294518694,0.000000000,0.000000000,0.000000000,0.000000000,0.000000000,0.000000000,0.000000000,0.000000000,0.000000000,1.000000000,0.000000000,0.000000000,0.000000000,0.000000000,0.000000000,0.000000000,0.000000000,0,0,0,0.000000000,0.000000000,0.000000000,0.000000000,0.000000000,0.000000000,0.000000000,0.289627953,12.122246157,0.022661592,-130.918711533,-0.107893562,142.886333482,44.842536581,-0.021365670,-0.000410530,0.023985970,-0.000484404,-0.000081195,0.000246159,0.000912659,0.000000000,0.000000000,0.000000000,0.000000000,0.000000000,0.000000000,0.000000000,0.000000000,0.000000000,0.000000000,0.000000000,0.000000000,0.000000000,0.000000000,0.000000000,0.000000000,0.000000000,0.000000000,0.000000000,0.000000000,0.000000000,0.000000000,0.000000000,0.000000000,0.000000000,0.000000000,0.000000000,0.000000000
5.000000000,0,5.000000000,sample,0.216533907,-0.000000192,0.216032746,0.216036100,0.000003354,3.353532767,0.000020960,1,1,2.000000000,0.080000000,2.000000000,-0.061756492,0.030878246,-0.030878246,0.038578809,0.038578809,-0.038578809,0.028027237,0.032142214,0.960675756,3,55.688176596,1,46.339762284,0.268440731,0.180545506,0.269421586,0.181874545,1.994473801,0.294518694,0.620309011,0.181666834,0.452315740,2.000000000,2.050535153,2.000000000,0.000000000,0.000000000,0.000000000,1.000000000,1.205380586,0.762981764,0.689726533,-0.281485546,1.236630946,0.836126609,0.743176692,1,0,0,0.000000000,0.048019532,-0.218817334,0.147897008,-0.125604662,-0.015655446,0.128744148,0.289627953,12.122246157,0.022661592,-130.918711533,-0.107893562,142.886333482,44.842536581,-0.021365670,-0.000410530,0.023985970,-0.000484404,-0.000081195,0.000246159,0.000912659,0.680733151,-0.000074745,-0.673888183,-0.000082816,0.234627123,0.000252789,-0.165611384,-0.021019846,0.000002308,0.020808485,0.000002557,-0.007244874,-0.000007806,0.005113789,1.361466302,-0.000149489,-1.347776366,-0.000165632,0.469254247,0.000505579,-0.331222767,-0.242744182,-0.055530642,0.312731694,0.012106414,0.440610732,0.344526594,0.054131607
5.050000000,0,5.050000000,sample,0.216533782,-0.000002491,0.216033518,0.216035100,0.000001583,1.582563337,0.000009891,1,1,2.000000000,0.080000000,2.000000000,0.041001658,0.020500829,0.020500829,0.037425303,0.037425303,-0.037425303,0.027074593,0.022014943,0.931223342,3,60.547929014,1,46.339654228,0.261007351,0.180941879,0.272051006,0.181505934,2.445753169,0.281734642,0.429498450,0.133986300,0.333027638,2.000000000,2.029723207,2.000000000,0.001541333,0.030826663,0.003340403,1.000000000,1.227807238,0.801249208,0.711108518,-0.320656414,1.263547897,0.894965416,0.771850504,1,0,0,0.000000000,0.048122161,-0.208608645,0.149303477,-0.125387743,-0.015847086,0.129486475,0.291237275,12.122453526,0.020016607,-130.918615824,-0.107331574,142.886252226,44.841852829,0.013573318,0.000085050,-0.017130389,0.000249415,-0.002194111,-0.000355756,-0.001400868,0.680732357,-0.000068052,-0.673887265,-0.000082386,0.234630437,0.000251477,-0.165613694,0.013955578,-0.000001395,-0.013815248,-0.000001689,0.004810118,0.000005155,-0.003395218,1.361464715,-0.000136103,-1.347774529,-0.000164771,0.469260874,0.000502953,-0.331227388,-0.298237001,-0.048379087,0.313129907,0.029851829,0.437135957,0.348170660,0.056012102
5.100000000,0,5.100000000,sample,0.216534047,0.000005290,0.216037542,0.216031608,0.000005934,5.934281990,0.000037089,1,1,2.000000000,0.080000000,2.000000000,0.009803569,0.004901784,0.004901784,0.040689366,0.040689366,-0.040689366,0.022424244,0.005205395,0.941673849,1,70.971509714,1,46.339564723,0.253182990,0.179140057,0.266294827,0.182579885,1.217154108,0.123065201,0.465541101,0.167403147,0.372828594,2.000000000,2.025236092,2.000000000,0.006155830,0.123116594,0.013341212,1.000000000,1.115499375,0.796202896,0.717459472,0.304636047,1.223804082,0.872840971,0.740232316,1,0,0,0.000000000,0.049705186,-0.196122596,0.152206927,-0.122875051,-0.016058125,0.129363899,0.301209722,12.122644944,0.009253025,-130.918823193,-0.107750871,142.886424567,44.841513800,-0.004385264,-0.000460468,0.002188254,-0.000592740,-0.001287270,-0.000378389,0.000844708,-0.680731700,0.000041267,0.673885736,0.000082709,-0.234634613,-0.000252463,0.165616706,-0.003336800,0.000000202,0.003303243,0.000000405,-0.001150128,-0.000001238,0.000811817,-1.361463400,0.000082535,1.347771473,0.000165418,-0.469269226,-0.000504925,0.331233411,-0.314186217,-0.091519923,0.279247229,0.031496734,0.452172822,0.348465306,0.052913418
5.150000000,0,5.150000000,sample,0.216533788,-0.000005172,0.216033349,0.216035253,0.000001904,1.904208388,0.000011901,1,1,2.000000000,0.080000000,2.000000000,-0.050237820,0.025118910,-0.025118910,0.040890999,0.040890999,-0.040890999,0.026166623,0.025741995,0.975795002,3,56.331056790,1,46.339855123,0.269418593,0.179818942,0.269418593,0.181390457,2.136785138,0.231562561,0.637873579,0.161609616,0.485171216,2.000000000,2.075184127,2.000000000,0.013815040,0.276300796,0.029939210,1.000000000,1.243700428,0.750023334,0.707260095,-0.270388949,1.274123044,0.891739221,0.771743304,1,0,0,0.000000000,0.046892965,-0.221801376,0.145573272,-0.125144993,-0.015424265,0.128201694,0.292134192,12.122053228,0.020579453,-130.918618747,-0.107933181,142.886276721,44.842496431,-0.016581807,-0.000743277,0.019320402,-0.002424398,-0.002316497,0.000002847,0.001618557,0.680733833,-0.000069555,-0.673889433,-0.000082845,0.234623423,0.000252878,-0.165608739,-0.017099292,0.000001747,0.016927368,0.000002081,-0.005893485,-0.000006352,0.004159911,1.361467666,-0.000139111,-1.347778866,-0.000165690,0.469246846,0.000505757,-0.331217477,-0.156588932,-0.069127658,0.383558520,0.048401636,0.440412322,0.353144288,0.052767012
5.200000000,0,5.200000000,sample,0.216533922,0.000002679,0.216032859,0.216036036,0.000003177,3.177381432,0.000019859,1,1,2.000000000,0.080000000,2.000000000,0.016902483,0.008451242,0.008451242,0.038690218,0.038690218,-0.038690218,0.024319154,0.008857538,0.954129892,3,68.206519269,1,46.339541925,0.292037666,0.178822728,0.299265410,0.180799441,1.850404288,0.161841641,0.547150206,0.162975151,0.425513287,2.000000000,2.078077541,2.000000000,0.024471742,0.489434837,0.053036386,1.000000000,1.204358870,0.778742342,0.697327512,-0.297192058,1.249356404,0.901067309,0.772226916,1,0,0,0.000000000,0.048769189,-0.244956930,0.151339574,-0.126009909,-0.015893136,0.125882799,0.292766411,12.122644944,0.022274458,-130.918711533,-0.107085142,142.886501261,44.841789148,0.004557232,0.001102826,-0.007315196,-0.000445578,0.000784011,-0.000350843,-0.001422321,0.680731532,-0.000073645,-0.673885749,-0.000082198,0.234634940,0.000250903,-0.165616870,0.005753027,-0.000000622,-0.005695171,-0.000000695,0.001982957,0.000002120,-0.001399668,1.361463065,-0.000147289,-1.347771498,-0.000164396,0.469269881,0.000501806,-0.331233740,-0.317184791,-0.051857047,0.258337942,0.008822368,0.437285833,0.348393927,0.059638578
5.250000000,0,5.250000000,sample,0.216533915,-0.000000143,0.216038111,0.216030757,0.000007354,7.354043909,0.000045963,1,1,2.000000000,0.080000000,2.000000000,-0.000073685,0.000036842,-0.000036842,0.038256182,0.038256182,-0.038256182,0.022427658,0.005999204,0.006141231,7,95.641895232,1,46.339695545,0.283194878,0.175669954,0.306419519,0.178608041,0.478085066,0.293832688,0.589578188,0.184679919,0.420820062,2.000000000,1.985129748,2.000000000,0.038060234,0.761204675,0.082483923,1.000000000,1.173155346,0.769623541,0.702826992,0.292503640,1.196261387,0.921076974,0.812866974,1,0,0,0.000000000,0.047747819,-0.236354377,0.148512938,-0.122513027,-0.015557445,0.124933810,0.307697715,12.122341866,0.007188390,-130.918711533,-0.107636733,142.886512994,44.841462444,0.001128810,0.000053592,-0.000329954,-0.000389095,0.000075258,0.000159652,0.005867022,-0.680732661,0.000036096,0.673887410,0.000082620,-0.234629578,-0.000252189,0.165613081,0.000025080,-0.000000001,-0.000024828,-0.000000003,0.000008644,0.000000009,-0.000006102,-1.361465322,0.000072192,1.347774820,0.000165239,-0.469259155,-0.000504379,0.331226163,-0.269124022,-0.072506965,0.303233528,0.026104157,0.445320916,0.349322436,0.057549109
5.300000000,0,5.300000000,sample,0.216533893,-0.000000442,0.216033638,0.216035220,0.000001582,1.581975314,0.000009887,1,1,2.000000000,0.080000000,2.000000000,-0.053595147,0.026797573,-0.026797573,0.039229560,0.039229560,-0.039229560,0.023104392,0.027184804,0.985755624,1,53.879770807,1,46.339451324,0.293191106,0.177992044,0.293937171,0.179279230,1.467171627,0.112978070,0.575758017,0.158058857,0.444014186,2.000000000,2.121940304,2.000000000,0.054496738,1.089934758,0.118110022,1.000000000,1.190755567,0.792819684,0.696373747,-0.282429226,1.299857068,0.797962618,0.715498227,1,0,0,0.000000000,0.049849959,-0.244833567,0.153403164,-0.125046205,-0.016230895,0.125623136,0.295106351,12.122852314,0.020114210,-130.918698378,-0.107926546,142.886351092,44.842429029,-0.019954418,0.001463504,0.017695345,-0.000472043,-0.004976663,0.000195693,0.000734424,0.680730867,-0.000068398,-0.673884836,-0.000082845,0.234637969,0.000252878,-0.165619029,-0.018241935,0.000001833,0.018058478,0.000002220,-0.006287728,-0.000006777,0.004438188,1.361461734,-0.000136795,-1.347769672,-0.000165690,0.469275938,0.000505757,-0.331238058,-0.331948425,-0.060549255,0.223437199,0.031281550,0.441189728,0.349626520,0.057364009
5.350000000,0,5.350000000,sample,0.216533925,0.000000644,0.216031914,0.216036964,0.000005050,5.050442221,0.000031565,1,1,2.000000000,0.080000000,2.000000000,0.005675355,0.002837677,0.002837677,0.037352255,0.037352255,-0.037352255,0.027275378,0.003437640,0.825472607,3,70.747764256,1,46.339690521,0.311912417,0.177253283,0.312199442,0.179160282,1.268075879,0.074725948,0.591635959,0.158833476,0.430886495,2.000000000,2.144925875,2.000000000,0.073679918,1.473598356,0.159678884,1.000000000,1.152441498,0.766777048,0.700076505,-0.305943994,1.191443877,0.813728366,0.720456927,1,0,0,0.000000000,0.047799036,-0.270120676,0.148456822,-0.126527053,-0.015549660,0.123157782,0.292646574,12.122341866,0.024988807,-130.918711533,-0.107176715,142.886547957,44.841671762,0.000880258,0.000382310,-0.002891457,-0.000816956,0.000362510,0.000456908,-0.001236217,0.680732624,-0.000080431,-0.673887352,-0.000082266,0.234629757,0.000251112,-0.165613202,0.001931700,-0.000000228,-0.001912275,-0.000000233,0.000665804,0.000000713,-0.000469957,1.361465248,-0.000160861,-1.347774703,-0.000164533,0.469259515,0.000502223,-0.331226405,-0.324224699,-0.074816747,0.262175254,0.024121281,0.430628018,0.348150350,0.058489795
5.400000000,0,5.400000000,sample,0.216533780,-0.000002893,0.216036434,0.216032196,0.000004238,4.238134848,0.000026488,1,1,2.000000000,0.080000000,2.000000000,-0.078570242,0.039285121,-0.039285121,0.043724244,0.043724244,-0.043724244,0.027171055,0.041125470,0.955250381,1,62.699152308,1,46.339560280,0.332365204,0.172528475,0.333088104,0.177270154,3.414194655,0.710028935,0.826677837,0.069050157,0.646606692,2.000000000,1.933488344,2.000000000,0.095491503,1.909830056,0.206953656,1.000000000,1.193835562,0.837547594,0.730229424,0.322697621,1.243793778,0.840118825,0.741555158,1,0,0,0.000000000,0.049157198,-0.291949489,0.151048650,-0.123606722,-0.016036916,0.119290696,0.309009876,12.122640356,0.011633420,-130.918617286,-0.107364100,142.886251144,44.841258845,0.032564297,0.001054423,-0.024962583,0.000330953,-0.000495203,-0.000293205,-0.002487523,-0.680731667,0.000047141,0.673886239,0.000082412,-0.234633742,-0.000251556,0.165616028,0.026742626,-0.000001852,-0.026473702,-0.000003238,0.009217615,0.000009882,-0.006506246,-1.361463335,0.000094283,1.347772478,0.000164823,-0.469267484,-0.000503113,0.331232055,-0.408373461,-0.060748031,0.205068362,0.039861313,0.439436640,0.350134791,0.058608141
5.450000000,0,5.450000000,sample,0.216533913,0.000002652,0.216036787,0.216032090,0.000004697,4.697143720,0.000029357,1,1,2.000000000,0.080000000,2.000000000,0.029298474,0.014649237,0.014649237,0.039787667,0.039787667,-0.039787667,0.021245450,0.015450493,0.948140414,3,59.166085061,1,46.339611349,0.329207559,0.173424834,0.339765346,0.175884252,1.376194868,0.186392624,0.719227301,0.156743662,0.515686676,2.000000000,1.869323877,2.000000000,0.119797017,2.395940344,0.259627218,1.000000000,1.093532765,0.808007694,0.723361420,0.290109172,1.214833748,0.867018003,0.780979712,1,0,0,0.000000000,0.048849869,-0.288793242,0.150298936,-0.123343567,-0.015818657,0.120881379,0.309347483,12.122522570,0.011007775,-130.918711533,-0.107579752,142.886440795,44.842748191,-0.009866103,-0.000002295,0.011884441,0.000062436,0.000084785,-0.000114119,-0.000337172,-0.680732042,0.000045616,0.673886515,0.000082577,-0.234632484,-0.000252059,0.165615147,-0.009972205,0.000000668,0.009871923,0.000001210,-0.003437187,-0.000003692,0.002426136,-1.361464085,0.000091233,1.347773029,0.000165154,-0.469264968,-0.000504119,0.331230294,-0.393169564,-0.099263572,0.175641792,0.036354158,0.448874092,0.349080087,0.057442659
5.500000000,0,5.500000000,sample,0.216533922,0.000000178,0.216032555,0.216036307,0.000003752,3.751783229,0.000023449,1,1,2.000000000,0.080000000,2.000000000,-0.033490450,0.016745225,-0.016745225,0.037699807,0.037699807,-0.037699807,0.019256822,0.020749125,0.807032822,3,44.398541141,1,46.339799821,0.330001791,0.176139764,0.338527874,0.176139764,0.944367905,0.541647833,0.702997986,0.229038023,0.500879756,2.000000000,2.258510136,2.000000000,0.146446609,2.928932188,0.317373190,1.000000000,1.257696180,0.774367241,0.687231680,-0.288567956,1.264592813,0.800962215,0.714500872,1,0,0,0.000000000,0.047457758,-0.291803310,0.146628005,-0.125722072,-0.015384981,0.122402938,0.296897699,12.122136851,0.023235699,-130.918711533,-0.107894085,142.886500756,44.844027279,-0.013527638,-0.000191203,0.013825605,-0.000221073,0.007491020,-0.000402443,-0.000138207,0.680733427,-0.000076176,-0.673888550,-0.000082816,0.234625901,0.000252789,-0.165610488,-0.011399035,0.000001276,0.011284416,0.000001387,-0.003928864,-0.000004233,0.002773185,1.361466853,-0.000152353,-1.347777100,-0.000165632,0.469251802,0.000505577,-0.331220977,-0.269346715,-0.037836541,0.292372528,0.023384270,0.432186702,0.349396747,0.058448033
5.550000000,0,5.550000000,sample,0.216533904,-0.000000350,0.216035208,0.216033671,0.000001537,1.537486142,0.000009609,1,1,2.000000000,0.080000000,2.000000000,-0.071063154,0.035531577,-0.035531577,0.039882136,0.039882136,-0.039882136,0.020387313,0.037484796,0.947893041,1,61.832139831,1,46.339506055,0.361557055,0.172236741,0.361557055,0.176413781,4.153990773,0.903425509,0.838010467,0.070652739,0.666409774,2.000000000,1.793755573,2.000000000,0.175275976,3.505519517,0.379869894,1.000000000,1.089665720,0.751335635,0.711629775,0.317943730,1.259554603,0.828760246,0.720679777,1,0,0,0.000000000,0.050234770,-0.323872168,0.152665617,-0.124452070,-0.016191654,0.117961890,0.308380779,12.122756605,0.015515630,-130.918711533,-0.107304251,142.886311848,44.843048775,0.029475575,-0.004560565,-0.022042398,-0.000155374,-0.001144996,0.000075354,-0.005319164,-0.680731269,0.000056818,0.673885404,0.000082367,-0.234636098,-0.000251418,0.165617723,0.024187456,-0.000002019,-0.023944211,-0.000002927,0.008336991,0.000008933,-0.005884659,-1.361462538,0.000113636,1.347770808,0.000164733,-0.469272196,-0.000502837,0.331235447,-0.322887842,-0.106718855,0.280227313,0.042737521,0.428228216,0.351405155,0.059603977
5.600000000,0,5.600000000,sample,0.216534030,0.000002524,0.216038080,0.216031032,0.000007048,7.048384072,0.000044052,1,1,2.000000000,0.080000000,2.000000000,0.010207812,0.005103906,0.005103906,0.044884877,0.044884877,-0.044884877,0.019757004,0.005766571,0.885085063,3,70.820228344,1,46.339685506,0.386388959,0.169998978,0.388997929,0.174312011,1.160604325,0.143401669,0.826296898,0.144509790,0.590814380,2.000000000,1.745181851,2.000000000,0.206107374,4.122147477,0.446678319,1.000000000,1.089833863,0.766341479,0.707825464,0.288708981,1.369823576,0.846421692,0.723203576,1,0,0,0.000000000,0.050474630,-0.352261273,0.150534828,-0.122512206,-0.016012040,0.116764835,0.319730151,12.122439426,0.007650797,-130.918823193,-0.107772345,142.886271447,44.845885562,-0.002951181,-0.000406928,0.004852844,-0.000560065,0.000295429,0.000135020,-0.000639536,-0.680732587,0.000037273,0.673887084,0.000082724,-0.234630298,-0.000252509,0.165613689,-0.003474395,0.000000190,0.003439456,0.000000422,-0.001197531,-0.000001289,0.000845277,-1.361465174,0.000074546,1.347774168,0.000165448,-0.469260596,-0.000505018,0.331227379,-0.332668889,-0.105772523,0.231721209,0.046209227,0.442519119,0.351925051,0.060465256
5.650000000,0,5.650000000,sample,0.216534035,0.000000102,0.216034385,0.216034755,0.000000369,0.369173637,0.000002307,0,0,2.000000000,0.080000000,0.000000000,0.000000000,0.015918491,0.000000000,0.034179541,0.034179541,-0.034179541,0.021988033,0.016882067,0.942923087,3,65.443308514,0,0.000000000,0.428593122,0.170887819,0.428593122,0.172572096,3.197287610,0.137922823,1.010551910,0.161452311,0.719300451,0.000000000,0.601883550,2.000000000,0.238750718,4.775014353,0.517436604,1.000000000,1.196585575,0.766926577,0.681204658,0.000000000,1.262691380,0.833476822,0.735890990,1,0,0,0.000000000,0.051821729,-0.396782349,0.153526348,-0.124606036,-0.016374180,0.115792351,0.313320014,12.122756603,0.018381331,-130.918823193,-0.108018748,142.886237588,44.849190958,-0.008216753,-0.000050507,0.013657092,-0.000521490,-0.000926214,-0.000127563,0.005461167,0.000000000,0.000000000,0.000000000,0.000000000,0.000000000,0.000000000,0.000000000,-0.010836217,0.000001020,0.010727238,0.000001320,-0.003735048,-0.000004029,0.002636382,0.000000000,0.000000000,0.000000000,0.000000000,0.000000000,0.000000000,0.000000000,-0.333227006,-0.056814801,0.190639039,0.028844660,0.432499055,0.348641756,0.063165356
5.700000000,0,5.700000000,sample,0.216534155,0.000002387,0.216034562,0.216034772,0.000000210,0.209715512,0.000001311,0,0,2.000000000,0.080000000,0.000000000,0.000000000,0.020257479,0.000000000,0.035205766,0.035205766,-0.035205766,0.015729776,0.021434369,0.945093313,1,73.392116358,0,0.000000000,0.444744717,0.171686254,0.444744717,0.174154068,5.110211356,0.669547284,1.139528663,0.116258362,0.905782187,0.000000000,0.706416337,2.000000000,0.273004750,5.460095003,0.591643842,1.000000000,1.234744818,0.685440975,0.697928032,0.000000000,1.259236448,0.775421448,0.715127293,1,0,0,0.000000000,0.050689405,-0.416226751,0.148269143,-0.124873697,-0.015814052,0.116758920,0.315694585,12.122123783,0.018058253,-130.918918902,-0.107455425,142.886258668,44.851766786,0.018362652,0.000073177,-0.008871509,-0.001302546,0.003986479,0.000054154,-0.005093581,0.000000000,0.000000000,0.000000000,0.000000000,0.000000000,0.000000000,0.000000000,0.013789952,-0.000001280,-0.013651287,-0.000001671,0.004752904,0.000005100,-0.003354836,0.000000000,0.000000000,0.000000000,0.000000000,0.000000000,0.000000000,0.000000000,-0.159981928,-0.067959436,0.402550057,0.010375620,0.411225409,0.348535274,0.064447338
5.750000000,0,5.750000000,sample,0.216533795,-0.000007199,0.216038558,0.216030093,0.000008465,8.464818958,0.000052905,1,1,2.000000000,0.080000000,2.000000000,-0.025790672,0.012895336,-0.012895336,0.034150037,0.034150037,-0.034150037,0.017312337,0.016290268,0.791597533,1,64.235682586,1,46.339529820,0.463644103,0.169398530,0.468479215,0.173292397,2.413716430,0.381914655,1.018786147,0.096674007,0.726192121,2.000000000,1.593371226,2.000000000,0.308658284,6.173165676,0.668939634,1.000000000,1.217608424,0.754916024,0.688998475,0.297260997,1.280515821,0.782185771,0.700602682,1,0,0,0.000000000,0.048984236,-0.435732396,0.150677397,-0.122038651,-0.015753761,0.116422715,0.330866094,12.122644944,0.005616717,-130.918615824,-0.107813271,142.886515243,44.854723875,0.013056188,-0.000149964,-0.008133084,0.001466094,-0.003930454,0.000275277,0.003326494,-0.680731444,0.000032205,0.673885848,0.000082757,-0.234634951,-0.000252609,0.165616829,0.008778261,-0.000000415,-0.008689985,-0.000001067,0.003025697,0.000003257,-0.002135685,-1.361462887,0.000064410,1.347771696,0.000165514,-0.469269903,-0.000505218,0.331233657,-0.298581130,-0.056805730,0.271065262,0.037798598,0.423447113,0.351979107,0.065111116
5.800000000,0,5.800000000,sample,0.216533903,0.000002158,0.216036330,0.216032534,0.000003797,3.796623722,0.000023729,1,1,2.000000000,0.080000000,2.000000000,0.020649008,0.010324504,0.010324504,0.036484777,0.036484777,-0.036484777,0.017423253,0.011172474,0.924101799,3,62.418956542,1,46.339610769,0.500097983,0.169368030,0.502150870,0.172556342,1.637972787,0.196678671,1.053575701,0.149737237,0.748574195,2.000000000,1.548102249,2.000000000,0.345491503,6.909830056,0.748760367,1.000000000,1.116991422,0.770560859,0.713945192,0.274246505,1.261816311,0.791356943,0.717283252,1,0,0,0.000000000,0.050412591,-0.474169270,0.150731770,-0.123467567,-0.015959096,0.114832908,0.327969346,12.122549236,0.012337080,-130.918711533,-0.107771577,142.886319016,44.856774267,-0.006696973,-0.001215541,0.008826888,0.000358055,0.000401674,0.000095092,-0.000533535,-0.680732038,0.000048966,0.673886539,0.000082724,-0.234632434,-0.000252509,0.165615135,-0.007028221,0.000000506,0.006957544,0.000000854,-0.002422463,-0.000002607,0.001709894,-1.361464076,0.000097931,1.347773077,0.000165448,-0.469264869,-0.000505019,0.331230271,-0.424125326,-0.090615096,0.110462817,0.031421241,0.426330932,0.349418586,0.067702359
5.850000000,0,5.850000000,sample,0.216534044,0.000002822,0.216034586,0.216034534,0.000000052,0.051873467,0.000000324,0,0,2.000000000,0.080000000,0.000000000,0.000000000,0.013859546,0.000000000,0.032483769,0.032483769,-0.032483769,0.014892030,0.014418643,0.961224001,1,51.720456961,0,0.000000000,0.538533599,0.170914473,0.538533599,0.173660640,0.220693746,0.206951716,1.073676757,0.177354429,0.736056999,0.000000000,0.726528939,2.000000000,0.383277318,7.665546361,0.830630305,1.000000000,1.249337458,0.702053231,0.651151815,0.000000000,1.249337458,0.762290023,0.706612599,1,0,0,0.000000000,0.050579599,-0.515139641,0.148631394,-0.124377228,-0.015752486,0.116163338,0.326711290,12.122243955,0.017794892,-130.918823193,-0.108141877,142.886330430,44.862479050,-0.010369446,-0.000775090,0.009815774,-0.000623703,0.000390235,0.000261572,0.001676886,0.000000000,0.000000000,0.000000000,0.000000000,0.000000000,0.000000000,0.000000000,-0.009434654,0.000000868,0.009339782,0.000001150,-0.003251825,-0.000003512,0.002295299,0.000000000,0.000000000,0.000000000,0.000000000,0.000000000,0.000000000,0.000000000,-0.257924956,-0.042121541,0.251909286,0.026454824,0.406581981,0.347851310,0.072329739
5.900000000,0,5.900000000,sample,0.216533797,-0.000004946,0.216034302,0.216034352,0.000000050,0.050196444,0.000000314,0,0,2.000000000,0.080000000,0.000000000,0.000000000,0.017297828,0.000000000,0.032423821,0.032423821,-0.032423821,0.013800402,0.017983719,0.961860427,1,71.843157299,0,0.000000000,0.579430700,0.168353109,0.581176415,0.171678106,3.456864408,0.306245964,1.314767364,0.123636622,0.970710648,0.000000000,0.795830581,2.000000000,0.421782767,8.435655350,0.914108685,1.000000000,1.169013408,0.689123969,0.661933774,0.000000000,1.309753196,0.710103417,0.675941414,1,0,0,0.000000000,0.050069312,-0.557208816,0.150835458,-0.124496686,-0.015869885,0.112211813,0.331104133,12.122644944,0.017915869,-130.918615824,-0.107981683,142.886411325,44.862910570,0.015243062,-0.000781010,-0.008811206,0.000481167,0.003330931,0.000021037,-0.001220172,0.000000000,0.000000000,0.000000000,0.000000000,0.000000000,0.000000000,0.000000000,0.011775176,-0.000001088,-0.011656764,-0.000001434,0.004058667,0.000004376,-0.002864806,0.000000000,0.000000000,0.000000000,0.000000000,0.000000000,0.000000000,0.000000000,-0.314273539,-0.070541312,0.221871243,0.029266421,0.396754782,0.348917966,0.071909049
5.950000000,0,5.950000000,sample,0.216534026,0.000004586,0.216038510,0.216030588,0.000007922,7.922064493,0.000049513,1,1,2.000000000,0.080000000,2.000000000,-0.021048031,0.010524016,-0.010524016,0.034280766,0.034280766,-0.034280766,0.016848628,0.011438265,0.920071003,1,56.833271597,1,46.339738195,0.604446561,0.165016987,0.607852133,0.168903584,0.687787780,0.082713924,1.234907035,0.141335217,0.863766870,2.000000000,1.398714751,2.000000000,0.460770452,9.215409043,0.998582596,1.000000000,1.167029336,0.718954445,0.676395111,0.282692771,1.205425056,0.719038941,0.682412108,1,0,0,0.000000000,0.051606072,-0.583343971,0.149673882,-0.121948294,-0.015926071,0.110025361,0.345942610,12.122341866,0.006464212,-130.918823193,-0.108211284,142.886242427,44.864549164,0.008623061,-0.000805882,-0.007188607,-0.000238250,0.000549402,-0.000279605,0.001927282,-0.680732974,0.000034386,0.673887664,0.000083060,-0.234628434,-0.000253536,0.165612379,0.007164044,-0.000000362,-0.007092004,-0.000000874,0.002469233,0.000002668,-0.001742907,-1.361465948,0.000068772,1.347775328,0.000166120,-0.469256869,-0.000507071,0.331224758,-0.333726725,-0.073129814,0.207650602,0.038947975,0.409863036,0.350797646,0.071459324
6.000000000,0,6.000000000,sample,0.216533920,-0.000002128,0.216036139,0.216032764,0.000003375,3.374743214,0.000021092,1,1,2.000000000,0.080000000,2.000000000,0.016236621,0.008118310,0.008118310,0.029499170,0.029499170,-0.029499170,0.015063623,0.008725138,0.930450628,3,56.621947904,1,46.339486678,0.636102364,0.167503877,0.636452061,0.169579299,1.143287636,0.132947157,1.296319324,0.150893108,0.921501038,2.000000000,1.345830932,2.000000000,0.500000000,10.000000000,1.083636724,1.000000000,1.208644843,0.656494768,0.653244363,0.256090685,1.274093983,0.757881204,0.700304337,1,0,0,0.000000000,0.051235001,-0.615450807,0.152386008,-0.123347740,-0.015978691,0.112194319,0.342544882,12.122756605,0.013007292,-130.918711533,-0.108146702,142.886494686,44.869666417,-0.005575314,-0.001281164,0.006565453,0.000387146,0.000284598,-0.000151358,-0.000208727,-0.680731127,0.000050702,0.673885150,0.000083014,-0.234636876,-0.000253392,0.165618236,-0.005526387,0.000000412,0.005470809,0.000000674,-0.001904855,-0.000002057,0.001344540,-1.361462253,0.000101404,1.347770301,0.000166027,-0.469273752,-0.000506785,0.331236472,-0.196967915,-0.071324170,0.303492301,0.032070048,0.402482347,0.349932033,0.072554590
6.050000000,0,6.050000000,sample,0.216533811,-0.000002177,0.216033941,0.216034708,0.000000767,0.767431537,0.000004796,0,0,2.000000000,0.080000000,0.000000000,0.000000000,0.004657605,0.000000000,0.022190496,0.022190496,-0.022190496,0.014659876,0.005032575,0.925491430,3,64.938518753,0,0.000000000,0.664002855,0.169280148,0.664002855,0.171118022,1.230937226,0.174794895,1.376383431,0.130916561,0.994257356,0.000000000,0.927295108,2.000000000,0.539229548,10.784590957,1.168608775,1.000000000,1.236992510,0.642776404,0.646557002,0.000000000,1.247980412,0.669710533,0.676947805,1,0,0,0.000000000,0.048817776,-0.645704950,0.146907228,-0.124503330,-0.015306724,0.113667909,0.339543134,12.122246157,0.019003398,-130.918615824,-0.108307339,142.886562046,44.874130000,-0.001952840,-0.000616718,0.004055472,0.000269284,-0.001980457,0.000261281,0.000789329,0.000000000,0.000000000,0.000000000,0.000000000,0.000000000,0.000000000,0.000000000,-0.003170585,0.000000306,0.003138704,0.000000387,-0.001092805,-0.000001182,0.000771355,0.000000000,0.000000000,0.000000000,0.000000000,0.000000000,0.000000000,0.000000000,-0.191565309,-0.057387647,0.312969545,0.015180385,0.391427560,0.347915730,0.074860386
6.100000000,0,6.100000000,sample,0.216533897,0.000001729,0.216034936,0.216033932,0.000001004,1.004464879,0.000006278,1,1,2.000000000,0.080000000,2.000000000,0.022111042,0.011055521,0.011055521,0.012057519,0.011143656,-0.011143656,0.011055521,0.011356507,0.973496604,3,59.700431859,1,46.339514893,0.692788486,0.166352834,0.692913376,0.169075992,1.577362316,0.224788917,1.462247403,0.124505930,1.078554472,2.000000000,1.258071301,2.000000000,0.578217233,11.564344650,1.253155523,1.000000000,1.275501444,0.645555821,0.639744939,0.234753650,1.291266971,0.687745224,0.651758534,1,0,0,0.000000000,0.052564909,-0.673682285,0.152790690,-0.123931117,-0.016246932,0.109774227,0.345234604,12.122756586,0.016458195,-130.918711533,-0.108360203,142.886228924,44.873480097,-0.005829167,0.000382781,0.008774725,0.000602894,-0.003711956,-0.000598081,0.001830012,-0.680731334,0.000059348,0.673885523,0.000083177,-0.234635735,-0.000253892,0.165617482,-0.007525840,0.000000656,0.007450156,0.000000920,-0.002594020,-0.000002807,0.001830988,-1.361462668,0.000118696,1.347771045,0.000166354,-0.469271471,-0.000507785,0.331234963,-0.144314674,-0.054092075,0.321345547,0.035944058,0.391503028,0.350023850,0.071935083
6.150000000,0,6.150000000,sample,0.216533797,-0.000001995,0.216035436,0.216033213,0.000002223,2.222708607,0.000013892,1,1,2.000000000,0.080000000,2.000000000,-0.015400141,0.007700070,-0.007700070,0.020746111,0.020746111,-0.020746111,0.009299735,0.009073480,0.848634745,1,82.863825940,1,46.339586804,0.718832930,0.164085541,0.718832930,0.167012431,2.548121151,0.269877676,1.549763962,0.115167061,1.146312571,2.000000000,1.203569222,2.000000000,0.616722682,12.334453639,1.336586316,1.000000000,1.157838857,0.623054994,0.637780535,0.246020761,1.267087795,0.679948304,0.656508641,1,0,0,0.000000000,0.050567245,-0.701205281,0.149916276,-0.123587361,-0.015741256,0.106782217,0.350042452,12.122549235,0.014696552,-130.918615824,-0.108322217,142.886432295,44.873543908,0.008259550,-0.000601670,-0.003462560,0.000849504,-0.000505775,-0.000307022,0.000827541,-0.680731862,0.000054945,0.673886490,0.000083147,-0.234632899,-0.000253799,0.165615395,0.005241683,-0.000000423,-0.005188973,-0.000000640,0.001806690,0.000001954,-0.001275250,-1.361463724,0.000109891,1.347772979,0.000166294,-0.469265799,-0.000507599,0.331230791,-0.206756180,-0.089178287,0.274560199,0.033891931,0.390213240,0.349430249,0.071856024
6.200000000,0,6.200000000,sample,0.216534052,0.000005088,0.216035431,0.216033711,0.000001720,1.720110099,0.000010751,1,1,2.000000000,0.080000000,2.000000000,-0.017985879,0.008992939,-0.008992939,0.014001833,0.014001833,-0.014001833,0.008811940,0.009385067,0.958217943,3,63.058367676,1,46.339689139,0.741854625,0.162638790,0.745085570,0.165105449,1.344279723,0.122465231,1.432475252,0.138626592,1.023704691,2.000000000,1.173050552,2.000000000,0.654508497,13.090169944,1.418460573,1.000000000,1.248141817,0.697068114,0.634155492,0.233839688,1.267686392,0.697532681,0.647334418,1,0,0,0.000000000,0.051972845,-0.724685475,0.149926883,-0.123738528,-0.015809883,0.104356122,0.351817312,12.122399137,0.015420645,-130.918823193,-0.108322011,142.886424565,44.873600384,0.005557183,0.000578982,-0.007452616,-0.000452950,0.000080539,-0.000261598,-0.001020008,-0.680732614,0.000056751,0.673887090,0.000083146,-0.234630246,-0.000253796,0.165613623,0.006121787,-0.000000510,-0.006060226,-0.000000748,0.002110016,0.000002282,-0.001489353,-1.361465227,0.000113503,1.347774179,0.000166292,-0.469260493,-0.000507592,0.331227245,-0.305307132,-0.039197877,0.158158246,0.032805518,0.392818460,0.349331447,0.070535343
6.250000000,0,6.250000000,sample,0.216533901,-0.000003013,0.216035311,0.216033556,0.000001755,1.754773898,0.000010967,1,1,2.000000000,0.080000000,2.000000000,-0.020628087,0.010314044,-0.010314044,0.011173558,0.011173558,-0.011173558,0.009725688,0.011508215,0.896233108,3,63.339331987,1,46.339566368,0.764301180,0.161506403,0.767867053,0.163367867,1.686318040,0.231455798,1.445436227,0.144301588,1.003355396,2.000000000,1.120798349,2.000000000,0.691341716,13.826834324,1.498316958,1.000000000,1.203512367,0.654023762,0.623315939,0.230485422,1.327094719,0.692566274,0.641551982,1,0,0,0.000000000,0.052496196,-0.747257274,0.151680618,-0.123746928,-0.016091817,0.102528384,0.354307185,12.122644944,0.015363928,-130.918711533,-0.108281554,142.886278202,44.874174256,0.006713674,-0.000837940,-0.009158929,0.000220570,-0.000811625,0.000086058,0.001436202,-0.680731712,0.000056604,0.673886069,0.000083116,-0.234633961,-0.000253706,0.165616220,0.007021096,-0.000000584,-0.006950490,-0.000000857,0.002420025,0.000002617,-0.001708173,-1.361463424,0.000113208,1.347772138,0.000166232,-0.469267923,-0.000507412,0.331232440,-0.259334315,-0.057724636,0.198824656,0.022086452,0.389365829,0.348660113,0.068903273
6.300000000,0,6.300000000,sample,0.216533902,0.000000007,0.216035797,0.216033039,0.000002758,2.758214096,0.000017239,1,1,2.000000000,0.080000000,2.000000000,-0.013626291,0.006813145,-0.006813145,0.019793928,0.019793928,-0.019793928,0.011304407,0.008914312,0.764292875,1,38.852842925,1,46.339816063,0.793702345,0.159256670,0.794713999,0.161540747,0.939968622,0.330990936,1.632444934,0.178625038,1.140002149,2.000000000,1.104143548,2.000000000,0.726995250,14.539904997,1.575526254,1.000000000,1.244415788,0.656510157,0.614976796,0.220216604,1.260608812,0.656510157,0.643027254,1,0,0,0.000000000,0.051121796,-0.778279336,0.147075662,-0.123449682,-0.015585049,0.099398035,0.359167005,12.122150448,0.013916648,-130.918711533,-0.108274388,142.886291397,44.874483486,0.005556473,-0.000463585,-0.004057839,-0.000345808,0.004031649,-0.000378216,0.003923363,-0.680733546,0.000052990,0.673888775,0.000083107,-0.234625224,-0.000253680,0.165610050,0.004637937,-0.000000361,-0.004591302,-0.000000566,0.001598536,0.000001728,-0.001128325,-1.361467092,0.000105980,1.347777550,0.000166215,-0.469250448,-0.000507360,0.331220100,-0.223861830,-0.045430953,0.219644861,0.025021750,0.388704798,0.348662551,0.067018072
6.350000000,0,6.350000000,sample,0.216533810,-0.000001836,0.216035161,0.216033527,0.000001633,1.633447504,0.000010209,1,1,2.000000000,0.080000000,2.000000000,0.008064531,0.004032265,0.004032265,0.011928962,0.011928962,-0.011928962,0.009254046,0.006189720,0.651445561,3,87.883172683,1,46.339419037,0.825004358,0.157597328,0.826771877,0.159818805,3.426284227,0.247299715,1.813071247,0.128831105,1.359382067,2.000000000,1.054479124,2.000000000,0.761249282,15.224985647,1.649855648,1.000000000,1.164312304,0.605873185,0.612229869,0.213885480,1.346658613,0.663291076,0.628335512,1,0,0,0.000000000,0.051700811,-0.809131773,0.152528655,-0.123767910,-0.015926314,0.096253700,0.360794025,12.122852314,0.015543776,-130.918615824,-0.108309084,142.886561844,44.874584678,0.000298242,0.000052017,0.005802616,0.000778523,-0.000000277,0.000308582,0.001961963,-0.680730630,0.000057058,0.673884638,0.000083139,-0.234638847,-0.000253774,0.165619569,-0.002744887,0.000000230,0.002717282,0.000000335,-0.000946126,-0.000001023,0.000667822,-1.361461260,0.000114117,1.347769275,0.000166278,-0.469277694,-0.000507549,0.331239137,-0.210869204,-0.083641275,0.219825727,0.038778770,0.382205139,0.349612813,0.072295912
6.400000000,0,6.400000000,sample,0.216533672,-0.000002751,0.216034666,0.216033726,0.000000939,0.939431213,0.000005871,0,0,2.000000000,0.080000000,0.000000000,0.000000000,0.002675801,0.000000000,0.014607159,0.014607159,-0.014607159,0.007981142,0.003860842,0.693061430,3,75.626967152,0,0.000000000,0.847694968,0.157145814,0.851351611,0.158343083,1.776019498,0.168315405,1.759088011,0.134616283,1.298195484,0.000000000,1.301475258,2.000000000,0.793892626,15.877852523,1.720533028,1.000000000,1.156800834,0.563393082,0.614241857,0.000000000,1.327813062,0.680798026,0.658690534,1,0,0,0.000000000,0.050321688,-0.833246788,0.147493312,-0.123859746,-0.015542242,0.095456844,0.362333239,12.122341866,0.016577344,-130.918520115,-0.108512528,142.886339152,44.876500304,-0.000876387,-0.000230120,0.003357534,0.001534929,0.000648083,-0.000001035,-0.000189847,0.000000000,0.000000000,0.000000000,0.000000000,0.000000000,0.000000000,0.000000000,-0.001821505,0.000000160,0.001803190,0.000000223,-0.000627820,-0.000000680,0.000443146,0.000000000,0.000000000,0.000000000,0.000000000,0.000000000,0.000000000,0.000000000,-0.144979353,-0.100540803,0.278461976,0.034971835,0.374184371,0.349151918,0.074030305
6.450000000,0,6.450000000,sample,0.216534035,0.000007262,0.216034987,0.216034153,0.000000834,0.833758295,0.000005211,0,0,2.000000000,0.080000000,0.000000000,0.000000000,0.000926460,0.000000000,0.011208576,0.011208576,-0.011208576,0.007128132,0.007014897,0.132070362,7,91.773425119,0,0.000000000,0.880978594,0.157168018,0.880978594,0.157651775,1.429265700,0.263917407,1.832980958,0.164596338,1.302838269,0.000000000,1.377081639,2.000000000,0.824724024,16.494480483,1.787413363,1.000000000,1.276670172,0.587057340,0.622417102,0.000000000,1.287143738,0.600988181,0.626209377,1,0,0,0.000000000,0.054653614,-0.865774947,0.153525263,-0.123846380,-0.016357284,0.095374520,0.365681838,12.122756603,0.016737982,-130.918823193,-0.108565087,142.886238168,44.879964674,0.001316966,0.000895071,0.001167575,0.000194475,0.000327804,-0.000064325,0.006720163,0.000000000,0.000000000,0.000000000,0.000000000,0.000000000,0.000000000,0.000000000,-0.000630670,0.000000056,0.000624328,0.000000077,-0.000217381,-0.000000236,0.000153438,0.000000000,0.000000000,0.000000000,0.000000000,0.000000000,0.000000000,0.000000000,-0.099831719,-0.065016412,0.331529613,0.037687946,0.365712041,0.349360683,0.077968544
6.500000000,0,6.500000000,sample,0.216534040,0.000000097,0.216035081,0.216034047,0.000001033,1.033103488,0.000006457,1,1,2.000000000,0.080000000,2.000000000,0.004324985,0.002162493,0.002162493,0.012167281,0.012167281,-0.012167281,0.009251401,0.002504479,0.863450164,3,47.410638690,1,46.339675658,0.898071686,0.156530403,0.904051681,0.157268139,0.428313715,0.072521096,1.803070535,0.144044394,1.309168150,2.000000000,0.964095537,2.000000000,0.853553391,17.071067812,1.849850724,1.000000000,1.156776431,0.573273218,0.610901832,0.223121070,1.274593482,0.604102607,0.657988140,1,0,0,0.000000000,0.053640388,-0.883722312,0.150633117,-0.123737504,-0.015999320,0.094524170,0.367911957,12.122453526,0.016464703,-130.918823193,-0.108649678,142.886291885,44.881145278,-0.001467793,-0.000703180,0.001724468,-0.000069213,0.000454390,0.000117940,0.000651593,-0.680732515,0.000059412,0.673886977,0.000083397,-0.234630642,-0.000254565,0.165613927,-0.001472079,0.000000128,0.001457276,0.000000180,-0.000507387,-0.000000550,0.000358139,-1.361465029,0.000118824,1.347773953,0.000166795,-0.469261284,-0.000509130,0.331227854,-0.206197824,-0.090817944,0.232709171,0.032825997,0.370313948,0.352123112,0.077983314
6.550000000,0,6.550000000,sample,0.216533903,-0.000002734,0.216034956,0.216033906,0.000001050,1.049631389,0.000006560,1,1,2.000000000,0.080000000,2.000000000,-0.000371695,0.000185847,-0.000185847,0.009783492,0.009783492,-0.009783492,0.005368280,0.001302861,0.142645491,1,33.086332025,1,46.339633621,0.913112524,0.156391869,0.918197471,0.156670470,0.834470595,0.053866784,1.864834477,0.138304136,1.370750444,2.000000000,0.952701477,2.000000000,0.880202983,17.604059656,1.907616296,1.000000000,1.266730750,0.606169155,0.617620592,0.235677362,1.303034316,0.610189929,0.623258875,1,0,0,0.000000000,0.052980170,-0.899083762,0.150386075,-0.123658313,-0.015935547,0.094409198,0.369584808,12.122508438,0.016461476,-130.918711533,-0.108773638,142.886296635,44.882799117,0.000749415,0.000492626,0.000507188,-0.000302975,0.000473657,-0.000005670,0.000565444,-0.680732206,0.000059425,0.673886796,0.000083493,-0.234631612,-0.000254856,0.165614558,0.000126512,-0.000000011,-0.000125240,-0.000000016,0.000043606,0.000000047,-0.000030779,-1.361464412,0.000118850,1.347773591,0.000166986,-0.469263224,-0.000509713,0.331229115,-0.158667727,-0.054894570,0.298454917,0.032364799,0.366868138,0.350229442,0.076750395
6.600000000,0,6.600000000,sample,0.216534030,0.000002537,0.216035120,0.216034006,0.000001114,1.114422188,0.000006965,1,1,2.000000000,0.080000000,2.000000000,-0.015557389,0.007778695,-0.007778695,0.012874111,0.012874111,-0.012874111,0.006610534,0.009798981,0.793826893,1,89.366012582,1,46.339590024,0.932003743,0.156138682,0.932003743,0.157259792,3.403247857,0.329247485,2.032346239,0.109072069,1.547472076,2.000000000,0.929319053,2.000000000,0.904508497,18.090169944,1.960315579,1.000000000,1.173467960,0.562837792,0.611030782,0.238489169,1.278761208,0.624791550,0.631043658,1,0,0,0.000000000,0.054847670,-0.917793295,0.152571873,-0.123499650,-0.016293091,0.094136389,0.371686771,12.122644944,0.016406042,-130.918823193,-0.109004564,142.886184222,44.884758082,0.009263329,-0.000405820,-0.002701571,-0.000593893,-0.000504764,-0.000473851,0.001384035,-0.680731886,0.000059326,0.673886074,0.000083671,-0.234633580,-0.000255400,0.165616021,0.005295205,-0.000000461,-0.005241954,-0.000000651,0.001825143,0.000001987,-0.001288276,-1.361463771,0.000118652,1.347772149,0.000167342,-0.469267159,-0.000510800,0.331232041,-0.190487894,-0.086791040,0.267172432,0.028645227,0.358391147,0.350390691,0.078235453
6.652000000,0,6.652000000,sample,0.216534058,0.000000524,0.216035083,0.216034071,0.000001012,1.012366476,0.000006327,1,1,2.000000000,0.080000000,2.000000000,0.002235694,0.001117847,0.001117847,0.012158178,0.012158178,-0.012158178,0.010171717,0.002432595,0.459528751,7,79.037642161,1,46.339656249,0.932194415,0.161647853,0.936308387,0.161647853,0.482966072,0.166397292,1.857490344,0.157922636,1.328645881,2.000000000,0.937239021,2.000000000,0.927138716,18.542774317,2.009329844,1.000000000,1.237128413,0.578046306,0.601119162,0.243770320,1.291745961,0.619376500,0.635838899,1,0,0,0.000000000,0.053169246,-0.918455275,0.150330856,-0.123486602,-0.015784216,0.103111328,0.371599415,12.122452016,0.016560726,-130.918823194,-0.109048551,142.886480495,44.893833034,-0.000816794,0.000605816,0.000371405,-0.000148863,0.000198895,-0.000081387,0.002162652,-0.680732372,0.000059719,0.673886721,0.000083704,-0.234631424,-0.000255500,0.165614442,-0.000760955,0.000000067,0.000753302,0.000000094,-0.000262282,-0.000000286,0.000185132,-1.361464744,0.000119438,1.347773442,0.000167408,-0.469262849,-0.000510999,0.331228884,-0.191209013,-0.060793822,0.269396305,0.035377464,0.345386545,0.348744846,0.079666198
6.700000000,0,6.700000000,sample,0.216533776,-0.000005857,0.216034775,0.216033862,0.000000913,0.913485062,0.000005709,0,0,2.000000000,0.080000000,0.000000000,0.000000000,0.003267433,0.000000000,0.013015038,0.013015038,-0.013015038,0.005088143,0.003892107,0.839502205,1,63.285218887,0,0.000000000,0.953037285,0.167592327,0.953037285,0.167592327,1.439723006,0.162219770,1.844737417,0.157300878,1.304196300,0.000000000,1.551890206,2.000000000,0.945503262,18.910065242,2.049198352,1.000000000,1.449496652,0.633968988,0.607962124,0.000000000,1.449496652,0.633968988,0.613798791,1,0,0,0.000000000,0.053903958,-0.939115846,0.153087745,-0.123342163,-0.016241900,0.112294700,0.373662841,12.122851810,0.016744015,-130.918615822,-0.109296096,142.886191549,44.905456131,-0.003096250,-0.000424862,0.001068013,0.001280028,-0.001024964,-0.000320672,0.001203631,0.000000000,0.000000000,0.000000000,0.000000000,0.000000000,0.000000000,0.000000000,-0.002224243,0.000000197,0.002201874,0.000000274,-0.000766661,-0.000000837,0.000541147,0.000000000,0.000000000,0.000000000,0.000000000,0.000000000,0.000000000,0.000000000,-0.124970999,0.025487826,0.336806594,-0.012314182,0.340853975,0.341206887,0.084597111
6.750000000,0,6.750000000,sample,0.216533797,0.000000418,0.216035545,0.216033098,0.000002446,2.446363632,0.000015290,1,1,2.000000000,0.080000000,2.000000000,-0.015981284,0.007990642,-0.007990642,0.010284807,0.010284807,-0.010284807,0.005258478,0.008375167,0.954087556,1,67.009985044,1,46.339635578,0.971023738,0.168057838,0.971938372,0.169003829,1.244398280,0.202355139,2.001052838,0.126387013,1.480522766,2.000000000,0.891210030,2.000000000,0.961939766,19.238795325,2.084757516,1.000000000,1.174659809,0.548778089,0.602172051,0.250366765,1.457696095,0.633690295,0.638097090,1,0,0,0.000000000,0.051925480,-0.958113182,0.149030108,-0.122885584,-0.015595735,0.113575275,0.378024859,12.122453526,0.014531894,-130.918615824,-0.109276335,142.886430812,44.908921059,0.006855880,0.000921682,-0.004593047,-0.000097330,0.000225550,-0.000102344,-0.001060154,-0.680732220,0.000054695,0.673887022,0.000083879,-0.234631185,-0.000256033,0.165614184,0.005439488,-0.000000437,-0.005384790,-0.000000670,0.001874854,0.000002046,-0.001323364,-1.361464441,0.000109390,1.347774043,0.000167757,-0.469262370,-0.000512066,0.331228368,-0.230045393,-0.079504266,0.237676315,0.025217379,0.341811896,0.349816967,0.083881692
6.800000000,0,6.800000000,sample,0.216533795,-0.000000039,0.216035655,0.216032998,0.000002658,2.657844818,0.000016612,1,1,2.000000000,0.080000000,2.000000000,-0.013149581,0.006574790,-0.006574790,0.009241003,0.009241003,-0.009241003,0.006239385,0.008290093,0.793090053,3,46.448097835,1,46.339540533,0.991604123,0.169345712,0.991604123,0.170298592,0.781769785,0.254629023,1.946432014,0.112272213,1.425069881,2.000000000,0.861861024,2.000000000,0.975528258,19.510565163,2.114242214,1.000000000,1.257998342,0.542857028,0.606876157,0.241770106,1.294627442,0.564073303,0.607878905,1,0,0,0.000000000,0.052723186,-0.978645955,0.150834671,-0.122682869,-0.015797974,0.115660313,0.380544478,12.122644944,0.014263608,-130.918615824,-0.109497319,142.886411201,44.913439766,0.004965386,-0.000153086,-0.005649934,0.000497231,-0.003303208,-0.000075088,-0.000980477,-0.680731522,0.000054064,0.673885995,0.000084049,-0.234634502,-0.000256555,0.165616529,0.004475667,-0.000000355,-0.004430659,-0.000000553,0.001542673,0.000001687,-0.001088894,-1.361463044,0.000108128,1.347771991,0.000168099,-0.469269004,-0.000513109,0.331233058,-0.128517390,-0.068038730,0.324839107,0.027109354,0.333994890,0.349805340,0.083552118
6.850000000,0,6.850000000,sample,0.216533916,0.000002412,0.216035511,0.216033359,0.000002151,2.151124819,0.000013445,1,1,2.000000000,0.080000000,2.000000000,0.000261985,0.000130992,0.000130992,0.008298440,0.008298440,-0.005894038,0.008298440,0.003019292,0.043385084,1,46.081921785,1,46.339703198,1.001668476,0.172496593,1.008213407,0.173352967,2.123299149,0.288277844,1.897520730,0.179845213,1.317358038,2.000000000,0.915660757,2.000000000,0.986184960,19.723699204,2.137285934,1.000000000,1.206882846,0.524524715,0.596523063,0.245833082,1.304837673,0.543627943,0.623024682,1,0,0,0.000000000,0.052544242,-0.989186262,0.148624956,-0.122472242,-0.015549987,0.120473326,0.380875504,12.122341866,0.015095644,-130.918711533,-0.110113524,142.886437809,44.919890017,-0.002049606,-0.000910319,-0.001816693,-0.000076402,0.000608398,0.000156588,0.000621032,-0.680732717,0.000056243,0.673887519,0.000084521,-0.234629247,-0.000257992,0.165612859,-0.000089171,0.000000007,0.000088274,0.000000011,-0.000030735,-0.000000034,0.000021694,-1.361465434,0.000112485,1.347775038,0.000169041,-0.469258495,-0.000515985,0.331225718,-0.171020403,-0.078317533,0.285951888,0.025744904,0.330184821,0.348672445,0.086211241
6.900000000,0,6.900000000,sample,0.216533973,0.000001138,0.216035111,0.216033880,0.000001231,1.230510033,0.000007691,1,1,2.000000000,0.080000000,2.000000000,0.000979627,0.000489814,0.000489814,0.003697527,0.003697527,-0.001084070,0.003697527,0.004844146,0.101114537,4,90.223157037,1,46.339600549,1.001817847,0.175488555,1.007251963,0.175488555,3.136141543,0.287989141,1.995535259,0.161301342,1.456906435,2.000000000,0.959136431,2.000000000,0.993844170,19.876883406,2.153917776,1.000000000,1.282336132,0.552321227,0.600704111,0.255958523,1.307831032,0.560121575,0.636754935,1,0,0,0.000000000,0.053150813,-0.989012923,0.150557060,-0.122588016,-0.015690631,0.124588183,0.379449866,12.122535638,0.016466501,-130.918750996,-0.110380052,142.886522152,44.924132513,-0.001016646,0.000671810,-0.000267090,-0.004601254,-0.000407562,0.000262213,-0.000709304,-0.680731963,0.000059709,0.673886288,0.000084726,-0.234633065,-0.000258621,0.165615556,-0.000333432,0.000000029,0.000330079,0.000000042,-0.000114926,-0.000000127,0.000081121,-1.361463926,0.000119418,1.347772576,0.000169453,-0.469266130,-0.000517242,0.331231111,-0.157606513,-0.054016016,0.311909607,0.032891717,0.323326827,0.350118814,0.087149279
6.950000000,0,6.950000000,sample,0.216533899,-0.000001469,0.216034959,0.216033899,0.000001060,1.060426604,0.000006628,1,1,2.000000000,0.080000000,2.000000000,0.000312784,0.000156392,0.000156392,0.002367350,0.002367350,-0.001263798,0.002367350,0.001603440,0.097535409,7,35.991395400,1,46.339618010,1.006970505,0.181367927,1.008487872,0.181483728,0.621174029,0.052349489,2.038441490,0.165249794,1.453046647,2.000000000,0.887106003,2.000000000,0.998458667,19.969173337,2.163921250,1.000000000,1.245749774,0.515644178,0.603971074,0.272049667,1.288658796,0.549966894,0.612490764,1,0,0,0.000000000,0.053908564,-0.994149011,0.150835038,-0.122615777,-0.015919795,0.132688569,0.379748256,12.122549235,0.016711055,-130.918711533,-0.110378477,142.886249147,44.932768696,0.000322464,-0.000645014,0.000587473,-0.000000052,0.000764494,-0.000442801,0.000961949,-0.680732091,0.000060319,0.673886642,0.000084725,-0.234632123,-0.000258617,0.165614925,-0.000106461,0.000000009,0.000105391,0.000000013,-0.000036695,-0.000000040,0.000025901,-1.361464183,0.000120637,1.347773283,0.000169450,-0.469264246,-0.000517235,0.331229850,-0.162709055,-0.067512779,0.325744071,0.017490443,0.312573639,0.348139485,0.091816937
7.000000000,0,7.000000000,disturb_auto_hold,0.000000000,,0.000000000,0.000000000,0.000000000,0.000000000,0.000000000,0,0,0.000000000,0.000000000,0.000000000,0.000000000,0.000000000,0.000000000,0.000000000,0.000000000,0.000000000,0.000000000,0.001855086,0.000000000,4,43.034632323,0,0.000000000,0.000000000,0.000000000,0.000000000,0.000000000,0.827948872,0.097668494,0.000000000,0.000000000,0.000000000,0.000000000,0.000000000,0.000000000,0.000000000,0.000000000,0.000000000,1.000000000,0.000000000,0.000000000,0.000000000,0.000000000,0.000000000,0.000000000,0.000000000,0,0,0,0.000000000,0.000000000,0.000000000,0.000000000,0.000000000,0.000000000,0.000000000,0.379509924,12.122123279,0.016699262,-130.918918902,-0.110736448,142.886431061,44.935084749,-0.000408588,-0.000563793,-0.000679978,-0.001216951,-0.000585444,-0.000173361,0.000800249,0.000000000,0.000000000,0.000000000,0.000000000,0.000000000,0.000000000,0.000000000,0.000000000,0.000000000,0.000000000,0.000000000,0.000000000,0.000000000,0.000000000,0.000000000,0.000000000,0.000000000,0.000000000,0.000000000,0.000000000,0.000000000,0.000000000,0.000000000,0.000000000,0.000000000,0.000000000,0.000000000,0.000000000
7.000000000,0,7.000000000,sample,0.216534171,0.000005430,0.216035234,0.216034125,0.000001110,1.109652030,0.000006935,1,1,2.000000000,0.080000000,2.000000000,0.000179415,0.000089707,0.000089707,0.007972834,0.007972834,-0.004767685,0.007972834,0.001855086,0.048357524,4,43.034632323,1,46.339840141,1.003890218,0.182859549,1.009925640,0.183233676,0.827948872,0.097668494,1.979479436,0.166186835,1.401398961,2.000000000,0.905001387,2.000000000,1.000000000,20.000000000,2.167186492,1.000000000,1.259298621,0.523552081,0.586474076,0.250254680,1.303556103,0.528622457,0.602982102,1,0,0,0.000000000,0.053604265,-0.991472989,0.147998194,-0.122395556,-0.015512494,0.134967792,0.379509924,12.122123279,0.016699262,-130.918918902,-0.110736448,142.886431061,44.935084749,-0.000408588,-0.000563793,-0.000679978,-0.001216951,-0.000585444,-0.000173361,0.000800249,-0.680733723,0.000060348,0.673888496,0.000084997,-0.234625378,-0.000259448,0.165610226,-0.000061067,0.000000005,0.000060453,0.000000008,-0.000021048,-0.000000023,0.000014856,-1.361467446,0.000120696,1.347776992,0.000169995,-0.469250756,-0.000518896,0.331220453,-0.172607501,-0.058627116,0.283709289,0.028651843,0.314815124,0.348592450,0.093724098
7.050000000,0,7.050000000,sample,0.216533673,-0.000009966,0.216034757,0.216033655,0.000001102,1.101954026,0.000006887,1,1,2.000000000,0.080000000,2.000000000,-0.002768824,0.001384412,-0.001384412,0.003972337,0.003972337,-0.003972337,0.002342458,0.006661725,0.207815856,3,60.360157604,1,46.339536414,1.002923285,0.183599597,1.008135044,0.183786135,4.101474493,0.579710176,1.802625390,0.219774205,1.187976231,2.000000000,0.981539073,2.000000000,1.000000000,20.000000000,2.167278219,1.000000000,1.264065574,0.515355475,0.598543537,0.254026075,1.297839020,0.525696160,0.602575416,1,0,0,0.000000000,0.052282606,-0.990217729,0.150301339,-0.122365243,-0.015725175,0.135971608,0.379358327,12.122644944,0.016719009,-130.918520115,-0.110787032,142.886338934,44.935996351,-0.002092891,0.000313112,-0.005175614,0.001472766,-0.000598292,0.000162937,0.003249589,-0.680731492,0.000060408,0.673886209,0.000085039,-0.234634164,-0.000259576,0.165616257,0.000942413,-0.000000084,-0.000932936,-0.000000118,0.000324830,0.000000359,-0.000229281,-1.361462984,0.000120816,1.347772417,0.000170079,-0.469268328,-0.000519153,0.331232514,-0.140053575,-0.066515738,0.322187820,0.025543943,0.314189575,0.349881058,0.092874594
7.100000000,0,7.100000000,sample,0.216533803,0.000002605,0.216034939,0.216033702,0.000001237,1.236798136,0.000007730,1,1,2.000000000,0.080000000,2.000000000,0.002831911,0.001415955,0.001415955,0.007459145,0.007459145,-0.007459145,0.002254827,0.002225668,0.636193473,1,77.073468196,1,46.339707816,1.013195790,0.182708193,1.016803777,0.183702102,1.043281408,0.158761660,1.975702692,0.176841453,1.382986943,2.000000000,0.900881242,2.000000000,1.000000000,20.000000000,2.167218929,1.000000000,1.299962613,0.522374784,0.603698131,0.235762391,1.302270132,0.522374784,0.624068400,1,0,0,0.000000000,0.051568244,-1.001068231,0.147542612,-0.122294133,-0.015338441,0.134874613,0.380727533,12.122301075,0.016534370,-130.918615824,-0.110845358,142.886477949,44.936135198,-0.001953947,0.000227112,0.000060248,0.000766068,0.000257346,-0.000146840,0.000637047,-0.680732751,0.000059955,0.673887798,0.000085082,-0.234628670,-0.000259706,0.165612397,-0.000963887,0.000000085,0.000954195,0.000000120,-0.000332224,-0.000000368,0.000234500,-1.361465502,0.000119911,1.347775597,0.000170164,-0.469257340,-0.000519413,0.331224794,-0.089887298,-0.061726100,0.347659585,0.022447203,0.318765027,0.348116888,0.091618893
7.150000000,0,7.150000000,sample,0.216533798,-0.000000090,0.216034833,0.216033824,0.000001009,1.009428136,0.000006309,1,1,2.000000000,0.080000000,2.000000000,0.001294406,0.000647203,0.000647203,0.005310143,0.005310143,-0.003530907,0.005310143,0.001480061,0.437281420,7,52.740583027,1,46.339538632,1.008240232,0.183533411,1.015766070,0.183933981,0.397168040,0.015494828,2.030054392,0.161388399,1.445826421,2.000000000,0.884858070,2.000000000,1.000000000,20.000000000,2.167278606,1.000000000,1.273975833,0.527261400,0.587685136,0.243923865,1.302193175,0.549179062,0.603266224,1,0,0,0.000000000,0.052773429,-0.995500083,0.150807542,-0.122350253,-0.015731509,0.135894990,0.379783763,12.122644926,0.016864509,-130.918615824,-0.110860441,142.886427631,44.936546177,-0.000001036,-0.000152237,0.000591830,0.000475471,-0.000296090,-0.000589978,0.001074860,-0.680731508,0.000060783,0.673885975,0.000085096,-0.234634567,-0.000259748,0.165616570,-0.000440572,0.000000039,0.000436141,0.000000055,-0.000151856,-0.000000168,0.000107188,-1.361463016,0.000121567,1.347771949,0.000170192,-0.469269135,-0.000519497,0.331233139,-0.146422605,-0.056038081,0.302127213,0.024497989,0.316129476,0.347653597,0.090067198
7.200000000,0,7.200000000,sample,0.216533928,0.000002602,0.216035193,0.216033716,0.000001477,1.477294147,0.000009233,1,1,2.000000000,0.080000000,2.000000000,0.009928898,0.004964449,0.004964449,0.007430595,0.007430595,-0.007386541,0.007430595,0.006486010,0.765408722,1,95.788529332,1,46.339667853,1.005021903,0.184184911,1.012998703,0.184306836,2.849681034,0.343997979,1.868430000,0.200316745,1.274984845,2.000000000,0.947564957,2.000000000,1.000000000,20.000000000,2.167245235,1.000000000,1.258419348,0.504362881,0.599600081,0.233508101,1.262290597,0.522758126,0.604043275,1,0,0,0.000000000,0.053732415,-0.992299728,0.150076992,-0.122206248,-0.015819409,0.136892149,0.380146071,12.122453526,0.016189786,-130.918734214,-0.110859655,142.886263758,44.937245064,-0.006347963,0.000206557,0.000939066,0.000725308,0.000225924,-0.000352747,0.000381629,-0.680732457,0.000059099,0.673887124,0.000085094,-0.234630485,-0.000259743,0.165613776,-0.003379461,0.000000293,0.003345478,0.000000422,-0.001164811,-0.000001289,0.000822181,-1.361464915,0.000118198,1.347774248,0.000170187,-0.469260971,-0.000519486,0.331227552,-0.095925328,-0.077774945,0.337839942,0.026266873,0.316420491,0.348212937,0.089831480
7.250000000,0,7.250000000,sample,0.216534043,0.000002291,0.216035123,0.216034007,0.000001116,1.116403882,0.000006978,1,1,2.000000000,0.080000000,2.000000000,-0.001686287,0.000843144,-0.000843144,0.004021610,0.004021610,-0.001458169,0.004021610,0.003299504,0.255536494,2,44.465823647,1,46.339693533,1.013246767,0.183503967,1.016654899,0.184423821,1.198285535,0.223388466,2.066260233,0.138299550,1.507499517,2.000000000,0.858009423,2.000000000,1.000000000,20.000000000,2.167238365,1.000000000,1.446248397,0.603865957,0.591641694,0.264646472,1.446248397,0.603865957,0.634175625,1,0,0,0.000000000,0.054186916,-1.000584533,0.150211124,-0.122210882,-0.015813568,0.135971089,0.380482961,12.122412735,0.016740292,-130.918823139,-0.111043776,142.886318600,44.937346315,0.001329675,-0.002200198,0.000396608,-0.001024121,-0.000339658,0.000024570,-0.001719222,-0.680732646,0.000060503,0.673887170,0.000085235,-0.234630016,-0.000260174,0.165613476,0.000573955,-0.000000051,-0.000568184,-0.000000072,0.000197827,0.000000219,-0.000139636,-1.361465292,0.000121007,1.347774340,0.000170470,-0.469260033,-0.000520347,0.331226953,-0.157126997,0.027603271,0.319705258,-0.014270316,0.310992140,0.341946178,0.092361604
7.300000000,0,7.300000000,sample,0.216534157,0.000002281,0.216035229,0.216034136,0.000001093,1.093203759,0.000006833,1,1,2.000000000,0.080000000,2.000000000,-0.002263647,0.001131824,-0.001131824,0.001538417,0.001538417,-0.001131824,0.001538417,0.002415654,0.468537122,4,43.774552193,1,46.339640172,1.014976252,0.183743208,1.015106572,0.184600311,1.137980900,0.160722295,2.070997423,0.148254760,1.507663990,2.000000000,0.892733236,2.000000000,1.000000000,20.000000000,2.167262506,1.000000000,1.209464067,0.499696564,0.603884781,0.280506425,1.468280385,0.616159538,0.609941708,1,0,0,0.000000000,0.055542907,-1.001964732,0.152179018,-0.122185867,-0.016084136,0.136284558,0.380594621,12.122549235,0.016781910,-130.918918902,-0.111094021,142.886279199,44.937851959,0.001319906,-0.000100316,-0.000003731,-0.001598253,0.000118922,0.000127255,-0.001224094,-0.680732254,0.000060616,0.673886364,0.000085274,-0.234632296,-0.000260294,0.165615138,0.000770469,-0.000000069,-0.000762720,-0.000000097,0.000265562,0.000000295,-0.000187447,-1.361464508,0.000121232,1.347772728,0.000170549,-0.469264592,-0.000520588,0.331230276,-0.175180135,-0.082507023,0.322851322,0.025831733,0.303890046,0.348760379,0.091094035
7.350000000,0,7.350000000,sample,0.216533903,-0.000005076,0.216034984,0.216033866,0.000001118,1.118233456,0.000006989,1,1,2.000000000,0.080000000,2.000000000,0.002890118,0.001445059,0.001445059,0.003356293,0.003356293,-0.002338337,0.003356293,0.003679571,0.392724899,1,83.426063591,1,46.339721257,1.010202774,0.184699840,1.014316909,0.184834636,2.566368709,0.276312270,1.892198916,0.189152450,1.298897151,2.000000000,0.925760113,2.000000000,1.000000000,20.000000000,2.167224803,1.000000000,1.299978150,0.524449709,0.613603296,0.270445612,1.299978150,0.524449709,0.613603296,1,0,0,0.000000000,0.053131102,-0.997769006,0.148807738,-0.122179986,-0.015651980,0.137626659,0.380177986,12.122337334,0.016745890,-130.918711533,-0.111093272,142.886289608,44.938742083,-0.003360841,-0.000668925,-0.001316143,0.000142589,-0.000088271,0.000126574,0.000141940,-0.680732850,0.000060525,0.673887754,0.000085272,-0.234628525,-0.000260288,0.165612376,-0.000983699,0.000000087,0.000973808,0.000000123,-0.000339052,-0.000000376,0.000239320,-1.361465699,0.000121050,1.347775508,0.000170545,-0.469257050,-0.000520576,0.331224752,-0.106063900,-0.061754180,0.376821708,0.025580822,0.299721136,0.347936251,0.088907271
7.400000000,0,7.400000000,sample,0.216533790,-0.000002272,0.216034873,0.216033771,0.000001102,1.101550652,0.000006885,1,1,2.000000000,0.080000000,2.000000000,-0.000260517,0.000130259,-0.000130259,0.004257977,0.004257977,-0.004257977,0.001937813,0.001477372,0.088169147,5,36.517382201,1,46.339548750,1.015893298,0.184464936,1.015893298,0.185022418,0.956508345,0.087224776,2.063417454,0.160997205,1.475485437,2.000000000,0.874208004,2.000000000,1.000000000,20.000000000,2.167279502,1.000000000,1.150675615,0.476737659,0.604443378,0.264921454,1.344136930,0.535723538,0.635684963,1,0,0,0.000000000,0.053172826,-1.003207541,0.150951885,-0.122241294,-0.015821224,0.137237267,0.380745881,12.122644944,0.016753252,-130.918615824,-0.110991296,142.886333073,44.938846167,0.000550301,-0.000363226,0.000683154,0.000655756,0.000892770,0.000229258,-0.000039364,-0.680731583,0.000060528,0.673886108,0.000085196,-0.234634160,-0.000260055,0.165616300,0.000088671,-0.000000008,-0.000087779,-0.000000011,0.000030563,0.000000034,-0.000021573,-1.361463165,0.000121056,1.347772215,0.000170392,-0.469268320,-0.000520110,0.331232600,-0.152904387,-0.115408454,0.323152383,0.045143736,0.303217619,0.350406662,0.086381489
7.450000000,0,7.450000000,sample,0.216533803,0.000000267,0.216034859,0.216033779,0.000001080,1.080387520,0.000006752,1,1,2.000000000,0.080000000,2.000000000,0.004029779,0.002014889,0.002014889,0.006069539,0.006069539,-0.002642921,0.006069539,0.002744170,0.734243471,1,61.594919027,1,46.339735600,1.013678801,0.184724287,1.018561406,0.185026781,0.857307414,0.149659032,1.996601949,0.178486170,1.399689866,2.000000000,0.893047139,2.000000000,1.000000000,20.000000000,2.167209087,1.000000000,1.298378346,0.523805788,0.579371551,0.251501143,1.455161007,0.595814952,0.620590198,1,0,0,0.000000000,0.051400284,-1.001640792,0.147032121,-0.122259454,-0.015276323,0.137631109,0.380544320,12.122246157,0.016781643,-130.918615824,-0.110977704,142.886478668,44.939056093,-0.002153692,-0.000449276,0.001014382,0.000817102,0.000872921,-0.000230916,0.000422251,-0.680732955,0.000060595,0.673888100,0.000085183,-0.234627696,-0.000260015,0.165611709,-0.001371602,0.000000122,0.001357810,0.000000172,-0.000472749,-0.000000524,0.000333689,-1.361465910,0.000121189,1.347776200,0.000170367,-0.469255392,-0.000520031,0.331223419,-0.156602762,-0.038152267,0.299079138,0.004219367,0.305377064,0.344478698,0.091129116
7.500000000,0,7.500000000,sample,0.216534057,0.000005086,0.216035186,0.216033979,0.000001208,1.207661329,0.000007548,1,1,2.000000000,0.080000000,2.000000000,0.001077821,0.000538910,0.000538910,0.004591695,0.004591695,-0.004591695,0.004027689,0.001548888,0.347933642,7,59.121298559,1,46.339571349,1.014880611,0.184700058,1.017135546,0.184985570,0.351327135,0.115671653,2.032355406,0.175399634,1.436022705,2.000000000,0.906687262,2.000000000,1.000000000,20.000000000,2.167275245,1.000000000,1.281073838,0.512108770,0.598342599,0.249612254,1.314958498,0.529542627,0.612040466,1,0,0,0.000000000,0.054263468,-1.001980094,0.151901355,-0.122195762,-0.015861910,0.137588905,0.380772897,12.122620627,0.016604013,-130.918823193,-0.111013648,142.886474425,44.939096894,-0.000421238,0.000379569,0.000325370,-0.000250369,0.000700430,-0.000006077,0.001190946,-0.680731749,0.000060159,0.673885806,0.000085213,-0.234634384,-0.000260107,0.165616529,-0.000366853,0.000000032,0.000363164,0.000000046,-0.000126447,-0.000000140,0.000089252,-1.361463497,0.000120318,1.347771612,0.000170427,-0.469268767,-0.000520214,0.331233057,-0.114144513,-0.067019719,0.339288143,0.030063234,0.305985152,0.349959135,0.091513394
7.550000000,0,7.550000000,sample,0.216534180,0.000002460,0.216035263,0.216034110,0.000001154,1.153877475,0.000007212,1,1,2.000000000,0.080000000,2.000000000,0.003309071,0.001654536,0.001654536,0.005777298,0.005777298,-0.005777298,0.004824679,0.002919735,0.566673158,3,71.188768470,1,46.339829045,1.019092854,0.183901582,1.022203812,0.184860864,1.495881958,0.137832548,2.108905387,0.149158505,1.529016055,2.000000000,0.871185822,2.000000000,1.000000000,20.000000000,2.167188156,1.000000000,1.287597359,0.514609821,0.586293708,0.230308802,1.302240675,0.519530203,0.600654347,1,0,0,0.000000000,0.053336018,-1.006899507,0.147847543,-0.122084612,-0.015402982,0.136667068,0.381206272,12.122123783,0.016719810,-130.918918902,-0.111245732,142.886532479,44.938907631,0.000192080,-0.001131080,0.002463481,-0.000908164,-0.000217338,0.000257023,0.000449243,-0.680733641,0.000060485,0.673888352,0.000085388,-0.234625820,-0.000260641,0.165610518,-0.001126298,0.000000100,0.001114972,0.000000141,-0.000388197,-0.000000431,0.000274009,-1.361467283,0.000120970,1.347776705,0.000170777,-0.469251641,-0.000521282,0.331221036,-0.108960911,-0.061009982,0.317762299,0.028131489,0.310723173,0.348761078,0.090543776
7.600000000,0,7.600000000,sample,0.216533905,-0.000005502,0.216035009,0.216033864,0.000001146,1.145524591,0.000007160,1,1,2.000000000,0.080000000,2.000000000,0.002845198,0.001422599,0.001422599,0.005123409,0.005123409,-0.000659640,0.005123409,0.002125039,0.669446050,3,80.794854126,1,46.339563148,1.014771592,0.184249430,1.022011635,0.184624000,0.853452601,0.115483661,2.070132965,0.152603754,1.496082864,2.000000000,0.876609651,2.000000000,1.000000000,20.000000000,2.167279331,1.000000000,1.257402958,0.531217076,0.583316479,0.253657725,1.336724158,0.536077776,0.597299336,1,0,0,0.000000000,0.054027168,-1.001924546,0.151623388,-0.122082407,-0.015938063,0.137075587,0.380657750,12.122644441,0.016731979,-130.918711533,-0.111246753,142.886310387,44.938779517,-0.000442943,0.000066937,0.001910112,0.000350229,0.000221269,-0.000137311,-0.000690008,-0.680731688,0.000060518,0.673886033,0.000085392,-0.234634074,-0.000260654,0.165616288,-0.000968408,0.000000086,0.000958670,0.000000121,-0.000333790,-0.000000371,0.000235606,-1.361463377,0.000121036,1.347772067,0.000170784,-0.469268147,-0.000521307,0.331232577,-0.185360221,-0.056210929,0.275526534,0.031509261,0.310371933,0.348716040,0.088874724
7.650000000,0,7.650000000,sample,0.216533793,-0.000002250,0.216034831,0.216033791,0.000001040,1.040363130,0.000006502,1,1,2.000000000,0.080000000,2.000000000,0.001465114,0.000732557,0.000732557,0.001979472,0.001979472,-0.001309826,0.001979472,0.002331174,0.314243704,3,50.305772053,1,46.339747765,1.017838424,0.184297673,1.017838424,0.184918839,1.606393929,0.196539632,2.091904705,0.143225826,1.517442842,2.000000000,0.854503282,2.000000000,1.000000000,20.000000000,2.167209432,1.000000000,1.236062756,0.507076512,0.602970723,0.273621122,1.262058266,0.529468761,0.614281995,1,0,0,0.000000000,0.051845929,-1.005801994,0.147205319,-0.122104408,-0.015388957,0.137183548,0.380913943,12.122246157,0.016887391,-130.918615824,-0.111269439,142.886364946,44.939314390,0.000719309,-0.001123515,0.001653422,0.000707603,-0.000595057,-0.000171863,-0.000191173,-0.680733044,0.000060908,0.673888260,0.000085407,-0.234627205,-0.000260699,0.165611384,-0.000498676,0.000000045,0.000493661,0.000000063,-0.000171878,-0.000000191,0.000121320,-1.361466089,0.000121815,1.347776521,0.000170814,-0.469254410,-0.000521398,0.331222768,-0.157666435,-0.078368806,0.329595265,0.036960364,0.302326236,0.350341854,0.091834873
7.700000000,0,7.700000000,sample,0.216534041,0.000004971,0.216035230,0.216033893,0.000001337,1.337122471,0.000008357,1,1,2.000000000,0.080000000,2.000000000,0.002174968,0.001087484,0.001087484,0.004942537,0.004942537,-0.002845541,0.004942537,0.003142331,0.346075668,1,53.617563919,1,46.339731615,1.017532057,0.184019207,1.022146948,0.184830072,1.906279105,0.130793727,1.942245076,0.166515918,1.361310842,2.000000000,0.891778552,2.000000000,1.000000000,20.000000000,2.167226624,1.000000000,1.254841008,0.523765893,0.580534027,0.243992688,1.324577278,0.540064054,0.619783653,1,0,0,0.000000000,0.054070056,-1.005023701,0.149583677,-0.121959464,-0.015757217,0.136896559,0.381273748,12.122341866,0.016474825,-130.918823193,-0.111362395,142.886299205,44.939057642,-0.002300941,-0.001488231,-0.000886323,-0.000304563,-0.000993455,0.000147686,-0.000691369,-0.680732926,0.000059894,0.673887589,0.000085479,-0.234628670,-0.000260919,0.165612529,-0.000740286,0.000000065,0.000732842,0.000000093,-0.000255155,-0.000000284,0.000180101,-1.361465851,0.000119789,1.347775177,0.000170958,-0.469257341,-0.000521837,0.331225059,-0.173625493,-0.060899222,0.273156842,0.035100750,0.310965238,0.350226136,0.089223205
7.750000000,0,7.750000000,sample,0.216534056,0.000000295,0.216035174,0.216033991,0.000001183,1.183456623,0.000007397,1,1,2.000000000,0.080000000,2.000000000,0.001252932,0.000626466,0.000626466,0.006995099,0.006995099,-0.001563806,0.006995099,0.001339331,0.467745495,1,65.125872259,1,46.339560675,1.011356637,0.184897493,1.019486934,0.185080595,0.640230127,0.056491262,1.998064901,0.167601218,1.417566836,2.000000000,0.902789690,2.000000000,1.000000000,20.000000000,2.167279113,1.000000000,1.221957528,0.494983999,0.596183018,0.262933110,1.308584906,0.530321289,0.596183018,1,0,0,0.000000000,0.054370775,-0.998366842,0.152150303,-0.122043959,-0.015899870,0.137983873,0.380328308,12.122644944,0.016685012,-130.918823193,-0.111292826,142.886458829,44.939349473,-0.001080848,-0.000042372,0.000026166,-0.000618766,0.000249670,0.000089123,-0.000412244,-0.680731670,0.000060408,0.673885695,0.000085428,-0.234634747,-0.000260762,0.165616788,-0.000426455,0.000000038,0.000422166,0.000000054,-0.000146991,-0.000000163,0.000103753,-1.361463340,0.000120817,1.347771389,0.000170855,-0.469269494,-0.000521523,0.331233576,-0.155647328,-0.080420699,0.316908149,0.025833968,0.305879201,0.348662152,0.092277086
7.800000000,0,7.800000000,sample,0.216534156,0.000001992,0.216035286,0.216034064,0.000001222,1.222003997,0.000007638,1,1,2.000000000,0.080000000,2.000000000,-0.000066143,0.000033072,-0.000033072,0.001767686,0.001767686,-0.001285227,0.001767686,0.002621902,0.012613642,4,88.051018733,1,46.339669980,1.013516667,0.185139407,1.016628088,0.185316403,1.532870108,0.139182409,2.001800673,0.159394580,1.419718964,2.000000000,0.867230381,2.000000000,1.000000000,20.000000000,2.167245704,1.000000000,1.300861961,0.531505783,0.605101327,0.287029405,1.300861961,0.532290446,0.608327751,1,0,0,0.000000000,0.054542291,-1.000726114,0.150958330,-0.122115754,-0.015809924,0.138254797,0.380651014,12.122453526,0.016604879,-130.918905748,-0.111144778,142.886439776,44.939746550,-0.000366547,-0.000057938,-0.000249252,0.002460275,-0.000060850,-0.000099496,-0.000779728,-0.680732473,0.000060183,0.673886681,0.000085313,-0.234631282,-0.000260411,0.165614385,0.000022513,-0.000000002,-0.000022287,-0.000000003,0.000007760,0.000000009,-0.000005477,-1.361464946,0.000120365,1.347773362,0.000170626,-0.469262563,-0.000520822,0.331228770,-0.157059803,-0.044756035,0.349186439,0.010516097,0.298368851,0.346866437,0.089970427
7.850000000,0,7.850000000,sample,0.216534033,-0.000002444,0.216035109,0.216034015,0.000001094,1.093646848,0.000006835,1,1,2.000000000,0.080000000,2.000000000,0.002852762,0.001426381,0.001426381,0.003166678,0.003166678,-0.003166678,0.001426381,0.002489348,0.572993996,1,80.610514576,1,46.339635656,1.015509461,0.185231621,1.019103789,0.185323407,1.285995708,0.139950140,1.968247289,0.176831322,1.379502673,2.000000000,0.909931301,2.000000000,1.000000000,20.000000000,2.167262555,1.000000000,1.270922835,0.508460761,0.620229316,0.276127547,1.345672380,0.545317375,0.629003998,1,0,0,0.000000000,0.055012292,-1.002615878,0.151639420,-0.122023795,-0.016049268,0.138431816,0.380646979,12.122549235,0.016826695,-130.918823193,-0.111368900,142.886212000,44.940314974,-0.002235020,-0.000817949,-0.000128133,-0.000572319,0.000057618,-0.000429389,0.000028885,-0.680732221,0.000060774,0.673886568,0.000085485,-0.234631983,-0.000260938,0.165614884,-0.000970984,0.000000087,0.000961219,0.000000122,-0.000334675,-0.000000372,0.000236230,-1.361464442,0.000121549,1.347773137,0.000170970,-0.469263965,-0.000521876,0.331229768,-0.105240386,-0.077931138,0.384963469,0.029781697,0.297836857,0.348564787,0.090816174
7.900000000,0,7.900000000,sample,0.216534062,0.000000568,0.216035127,0.216034034,0.000001093,1.093160719,0.000006832,1,1,2.000000000,0.080000000,2.000000000,0.007169926,0.003584963,0.003584963,0.004212775,0.004212775,-0.003091476,0.004212775,0.005755771,0.622846724,1,94.079575490,1,46.339651146,1.014159325,0.185448241,1.020151743,0.185619213,3.334338899,0.417254706,1.869678298,0.208641296,1.268400564,2.000000000,0.970016778,2.000000000,1.000000000,20.000000000,2.167245592,1.000000000,1.286880264,0.513120238,0.607539353,0.267024534,1.286880264,0.513120238,0.622197022,1,0,0,0.000000000,0.053573443,-1.001531294,0.150280037,-0.122050914,-0.015643943,0.138743979,0.380530320,12.122453526,0.016820907,-130.918823193,-0.111327375,142.886521322,44.940472417,-0.005582788,0.000316138,-0.000593359,-0.000573332,-0.000020091,0.000045602,0.001085431,-0.680732335,0.000060752,0.673886661,0.000085453,-0.234631613,-0.000260839,0.165614563,-0.002440400,0.000000218,0.002415859,0.000000306,-0.000841146,-0.000000935,0.000593722,-1.361464669,0.000121505,1.347773323,0.000170906,-0.469263225,-0.000521678,0.331229127,-0.113488606,-0.066380521,0.363142365,0.027830300,0.298583455,0.348702256,0.091792061
7.950000000,0,7.950000000,sample,0.216533915,-0.000002944,0.216035091,0.216033796,0.000001294,1.294495057,0.000008091,1,1,2.000000000,0.080000000,2.000000000,-0.000262103,0.000131052,-0.000131052,0.004251165,0.004251165,-0.004251165,0.002361255,0.002346309,0.055854354,1,48.192614123,1,46.339551869,1.021120160,0.184924714,1.021120160,0.185750885,1.441657997,0.088636379,2.113811912,0.152987441,1.524836120,2.000000000,0.879579837,2.000000000,1.000000000,20.000000000,2.167280284,1.000000000,1.259776109,0.514017199,0.585250421,0.256453501,1.324996502,0.541535115,0.627533540,1,0,0,0.000000000,0.053693031,-1.008394807,0.151470632,-0.122025525,-0.015832015,0.138044444,0.381578968,12.122644944,0.016519864,-130.918711533,-0.111261558,142.886413569,44.940474273,0.001628829,0.000025109,0.001055930,-0.000062510,-0.000218781,-0.000046480,0.001297124,-0.680731605,0.000059991,0.673885886,0.000085404,-0.234634526,-0.000260688,0.165616588,0.000089211,-0.000000008,-0.000088314,-0.000000011,0.000030749,0.000000034,-0.000021704,-1.361463211,0.000119982,1.347771772,0.000170807,-0.469269053,-0.000521377,0.331233176,-0.160843226,-0.061754046,0.301141011,0.030267038,0.302722075,0.348173543,0.091468445
8.000000000,0,8.000000000,disturb_auto_release,0.000000000,,0.000000000,0.000000000,0.000000000,0.000000000,0.000000000,0,0,0.000000000,0.000000000,0.000000000,0.000000000,0.000000000,0.000000000,0.000000000,0.000000000,0.000000000,0.000000000,0.001061040,0.000000000,4,26.822553056,0,0.000000000,0.000000000,0.000000000,0.000000000,0.000000000,0.368148042,0.041045775,0.000000000,0.000000000,0.000000000,0.000000000,0.000000000,0.000000000,0.000000000,0.000000000,0.000000000,1.000000000,0.000000000,0.000000000,0.000000000,0.000000000,0.000000000,0.000000000,0.000000000,0,0,0,0.000000000,0.000000000,0.000000000,0.000000000,0.000000000,0.000000000,0.000000000,0.380662476,12.122453526,0.016826012,-130.918615823,-0.111328132,142.886576094,44.940446885,-0.000272859,0.000393510,-0.000127994,0.000549518,0.000221105,0.000546448,-0.000480269,0.000000000,0.000000000,0.000000000,0.000000000,0.000000000,0.000000000,0.000000000,0.000000000,0.000000000,0.000000000,0.000000000,0.000000000,0.000000000,0.000000000,0.000000000,0.000000000,0.000000000,0.000000000,0.000000000,0.000000000,0.000000000,0.000000000,0.000000000,0.000000000,0.000000000,0.000000000,0.000000000,0.000000000
8.000000000,0,8.000000000,sample,0.216533812,-0.000002050,0.216034878,0.216033788,0.000001090,1.089880393,0.000006812,1,1,2.000000000,0.080000000,2.000000000,-0.000063998,0.000031999,-0.000031999,0.005321794,0.005321794,-0.005321794,0.002491895,0.001061040,0.030158004,4,26.822553056,1,46.339619919,1.015116010,0.185305839,1.022239607,0.185564978,0.368148042,0.041045775,2.019203624,0.162501644,1.434659173,2.000000000,0.883655784,2.000000000,1.000000000,20.000000000,2.167245715,1.000000000,1.237382765,0.504570957,0.591389532,0.262234317,1.285331060,0.511189614,0.617026750,1,0,0,0.000000000,0.051687341,-1.002818909,0.148805809,-0.122053796,-0.015382020,0.138580368,0.380662476,12.122453526,0.016826012,-130.918615823,-0.111328132,142.886576094,44.940446885,-0.000272859,0.000393510,-0.000127994,0.000549518,0.000221105,0.000546448,-0.000480269,-0.680732105,0.000060765,0.673886822,0.000085454,-0.234631800,-0.000260840,0.165614587,0.000021783,-0.000000002,-0.000021564,-0.000000003,0.000007508,0.000000008,-0.000005299,-1.361464211,0.000121531,1.347773644,0.000170907,-0.469263601,-0.000521681,0.331229174,-0.168483671,-0.070899998,0.302701427,0.026932958,0.305229427,0.349733419,0.092173836
8.050000000,0,8.050000000,sample,0.216533919,0.000002140,0.216035020,0.216033874,0.000001146,1.146300735,0.000007164,1,1,2.000000000,0.080000000,2.000000000,0.000022377,0.000011188,0.000011188,0.007297385,0.007297385,-0.007297385,0.005212984,0.000796813,0.014041278,5,34.028532578,1,46.339549049,1.013582553,0.185764019,1.016995767,0.185829808,0.193857689,0.027259005,2.035213808,0.161919557,1.452755131,2.000000000,0.889364640,2.000000000,0.993844170,19.876883406,2.153937110,1.000000000,1.282857643,0.530406964,0.598641626,0.276665601,1.365142581,0.541110184,0.622854163,1,0,0,0.000000000,0.053452368,-1.000791621,0.151355765,-0.122075578,-0.015778737,0.139128917,0.380535620,12.122640412,0.016731979,-130.918711533,-0.111252391,142.886461285,44.940715583,-0.000019223,0.000222522,0.000270651,0.000298543,0.000464813,-0.000008132,-0.000454454,-0.680731585,0.000060519,0.673885844,0.000085397,-0.234634652,-0.000260667,0.165616667,-0.000007616,0.000000001,0.000007540,0.000000001,-0.000002625,-0.000000003,0.000001853,-1.361463170,0.000121038,1.347771688,0.000170793,-0.469269303,-0.000521333,0.331233334,-0.164625442,-0.055253421,0.326478978,0.032572841,0.300312987,0.349308886,0.091450638
8.100000000,0,8.100000000,sample,0.216533803,-0.000002319,0.216034914,0.216033738,0.000001176,1.176310731,0.000007352,1,1,2.000000000,0.080000000,2.000000000,-0.001518234,0.000759117,-0.000759117,0.002907032,0.002907032,-0.002907032,0.001064153,0.001360414,0.558004617,2,45.254472540,1,46.339630388,1.015263802,0.185452940,1.019386541,0.186055394,0.854382744,0.088521330,2.021200508,0.160187233,1.434803389,2.000000000,0.882861605,2.000000000,0.975528258,19.510565163,2.114209556,1.000000000,1.206119688,0.499329171,0.599926812,0.280865753,1.335821398,0.535978100,0.633243329,1,0,0,0.000000000,0.052047111,-1.002927795,0.148954776,-0.121920330,-0.015477812,0.138883633,0.380792875,12.122453526,0.016731979,-130.918615822,-0.111513584,142.886478346,44.940936577,0.000507101,-0.000915170,-0.000604967,0.000614259,-0.000046014,0.000006954,-0.000102825,-0.680732182,0.000060562,0.673886960,0.000085596,-0.234631378,-0.000261275,0.165614308,0.000516755,-0.000000046,-0.000511559,-0.000000065,0.000178113,0.000000198,-0.000125721,-1.361464364,0.000121124,1.347773919,0.000171192,-0.469262756,-0.000522550,0.331228615,-0.180098344,-0.082009436,0.317159653,0.030068937,0.300511440,0.347264771,0.091416004
8.150000000,0,8.150000000,sample,0.216534060,0.000005132,0.216035169,0.216033989,0.000001180,1.180105236,0.000007376,1,1,2.000000000,0.080000000,2.000000000,-0.002718154,0.001359077,-0.001359077,0.003469908,0.003469908,-0.003469908,0.001121989,0.002282686,0.595384978,3,79.781730030,1,46.339653624,1.013816167,0.185884594,1.017539913,0.186330546,1.151653187,0.083909940,1.973342949,0.166431553,1.391236347,2.000000000,0.922583692,2.000000000,0.945503262,18.910065242,2.049137844,1.000000000,1.299263473,0.517641874,0.610212244,0.273099841,1.330972720,0.543243630,0.616470782,1,0,0,0.000000000,0.053655362,-1.001174179,0.150314955,-0.121878645,-0.015663777,0.139475174,0.380606402,12.122453526,0.016737388,-130.918823193,-0.111580381,142.886498267,44.941400147,0.000078965,-0.000437149,-0.002038910,-0.000733084,-0.000490277,0.000018224,-0.000279380,-0.680732353,0.000060587,0.673886694,0.000085647,-0.234631512,-0.000261432,0.165614496,0.000925168,-0.000000082,-0.000915864,-0.000000116,0.000318882,0.000000355,-0.000225083,-1.361464706,0.000121174,1.347773389,0.000171295,-0.469263023,-0.000522863,0.331228992,-0.116232717,-0.063043842,0.367886306,0.031907119,0.296277591,0.348972545,0.094624336
8.200000000,0,8.200000000,sample,0.216534045,-0.000000291,0.216035144,0.216034004,0.000001141,1.140655741,0.000007129,1,1,2.000000000,0.080000000,2.000000000,0.001938758,0.000969379,0.000969379,0.005341742,0.005341742,-0.003119672,0.005341742,0.001435682,0.675204643,1,60.538104770,1,46.339574170,1.011683452,0.186446496,1.018024071,0.186527993,0.709635913,0.077586563,2.002813474,0.169969402,1.417470753,2.000000000,0.956198378,2.000000000,0.904508497,18.090169944,1.960322102,1.000000000,1.175377567,0.493577493,0.595197033,0.254350640,1.303218478,0.520730300,0.610382341,1,0,0,0.000000000,0.054805477,-0.998648608,0.152317837,-0.122025140,-0.016012629,0.140056263,0.380291731,12.122643433,0.016753874,-130.918823193,-0.111337175,142.886339818,44.941487823,-0.001117050,0.000155836,0.000192539,-0.000782108,-0.000126986,0.000186469,0.000299059,-0.680731769,0.000060588,0.673885870,0.000085462,-0.234634208,-0.000260865,0.165616430,-0.000659887,0.000000059,0.000653251,0.000000083,-0.000227449,-0.000000253,0.000160545,-1.361463539,0.000121175,1.347771740,0.000170923,-0.469268416,-0.000521731,0.331232860,-0.182636627,-0.103015956,0.277642290,0.064065798,0.308316282,0.354177123,0.092741857
8.250000000,0,8.250000000,sample,0.216533547,-0.000009959,0.216034622,0.216033533,0.000001089,1.088842432,0.000006805,1,1,2.000000000,0.080000000,2.000000000,-0.002508871,0.001254436,-0.001254436,0.003556928,0.003556928,-0.003556928,0.001854515,0.002785590,0.450330251,3,51.567695564,1,46.339631229,1.009117968,0.186745031,1.015889003,0.186921094,1.300292540,0.180136346,1.959603622,0.180569159,1.360473821,2.000000000,0.983002323,2.000000000,0.853553391,17.071067812,1.849859420,1.000000000,1.284254141,0.517855028,0.598673662,0.270200350,1.284254141,0.517855028,0.598673662,1,0,0,0.000000000,0.051277495,-0.996885415,0.148017439,-0.122048014,-0.015511691,0.140489772,0.380021048,12.122453526,0.016827657,-130.918424406,-0.111330430,142.886251514,44.941717817,-0.000040069,0.000509599,-0.002000350,0.001612217,0.000295268,-0.000377959,0.000817027,-0.680732188,0.000060770,0.673887497,0.000085455,-0.234630359,-0.000260846,0.165613542,0.000853935,-0.000000076,-0.000845348,-0.000000107,0.000294329,0.000000327,-0.000207752,-1.361464377,0.000121539,1.347774994,0.000170910,-0.469260717,-0.000521691,0.331227083,-0.149780126,-0.058713791,0.331347136,0.028011453,0.300394931,0.350613306,0.093735726
8.300000000,0,8.300000000,sample,0.216533812,0.000005306,0.216034943,0.216033743,0.000001200,1.200339990,0.000007502,1,1,2.000000000,0.080000000,2.000000000,-0.001316745,0.000658373,-0.000658373,0.003196844,0.003196844,-0.001495174,0.003196844,0.003028745,0.217374728,3,71.201799366,1,46.339465586,1.004165490,0.187098649,1.010697367,0.187302600,2.165449731,0.221691819,1.901134858,0.182588068,1.310054307,2.000000000,1.041303145,2.000000000,0.793892626,15.877852523,1.720601967,1.000000000,1.254253419,0.515561890,0.607537475,0.292586461,1.318136519,0.528916187,0.607537475,1,0,0,0.000000000,0.052524581,-0.991263979,0.151608785,-0.121967286,-0.015675737,0.141011194,0.379578017,12.122756603,0.016680765,-130.918615823,-0.111412270,142.886580758,44.941718183,-0.001296685,0.000282591,-0.002555690,0.000611660,-0.000529520,0.000328250,0.000343842,-0.680730972,0.000060419,0.673885146,0.000085520,-0.234637208,-0.000261044,0.165618403,0.000448175,-0.000000040,-0.000443667,-0.000000056,0.000154479,0.000000172,-0.000109039,-1.361461943,0.000120837,1.347770292,0.000171041,-0.469274417,-0.000522087,0.331236806,-0.178107945,-0.065738073,0.335258234,0.026678855,0.298022331,0.349917666,0.093211170
8.350000000,0,8.350000000,sample,0.216533801,-0.000000236,0.216034830,0.216033797,0.000001033,1.032705914,0.000006454,1,1,2.000000000,0.080000000,2.000000000,0.003682204,0.001841102,0.001841102,0.007783419,0.007783419,-0.007783419,0.007191561,0.009947043,0.185090387,5,96.522299811,1,46.339793927,0.986439552,0.188665743,1.008138369,0.188815995,0.852961914,0.617690072,1.986158540,0.080312557,1.476872563,2.000000000,1.115098097,2.000000000,0.726995250,14.539904997,1.575534695,1.000000000,1.207907932,0.520217666,0.616104151,0.291232496,1.251627879,0.520217666,0.626985971,1,0,0,0.000000000,0.050976716,-0.974233702,0.146058406,-0.122018697,-0.015182574,0.143093290,0.377487263,12.122136851,0.016922866,-130.918615771,-0.111416765,142.886452030,44.941950227,0.001263758,-0.001122767,0.000471508,0.000223262,-0.009772548,0.000101659,0.000548430,-0.680733383,0.000061020,0.673888741,0.000085520,-0.234625635,-0.000261042,0.165610259,-0.001253300,0.000000112,0.001240698,0.000000157,-0.000431970,-0.000000481,0.000304905,-1.361466767,0.000122041,1.347777482,0.000171039,-0.469251270,-0.000522084,0.331220518,-0.189476347,-0.088889479,0.325493399,0.052642204,0.306743347,0.353279264,0.090370491
8.400000000,0,8.400000000,sample,0.216533783,-0.000000359,0.216035337,0.216033283,0.000002054,2.054285897,0.000012839,1,1,2.000000000,0.080000000,2.000000000,0.014007996,0.007003998,0.007003998,0.007818214,0.007818214,-0.007818214,0.007059765,0.007351409,0.952742212,3,51.689813445,1,46.339667066,0.952644177,0.190770689,0.988662299,0.191526258,0.509594681,0.066625939,1.915004845,0.168405176,1.356109167,2.000000000,1.218353949,2.000000000,0.654508497,13.090169944,1.418474499,1.000000000,1.248766239,0.566048851,0.613232392,0.297429412,1.287421169,0.567043970,0.619723122,1,0,0,0.000000000,0.052332856,-0.939457472,0.149036430,-0.121606073,-0.015655742,0.146151689,0.375268268,12.122426861,0.015479840,-130.918615822,-0.111594856,142.886262890,44.941520345,-0.005016959,-0.000230991,0.005285342,0.000715443,-0.000228843,-0.000542858,-0.000161929,-0.680732452,0.000057451,0.673887410,0.000085658,-0.234629974,-0.000261465,0.165613358,-0.004767849,0.000000402,0.004719906,0.000000600,-0.001643348,-0.000001831,0.001159956,-1.361464903,0.000114903,1.347774820,0.000171316,-0.469259948,-0.000522930,0.331226716,-0.238462200,-0.051271518,0.290247680,0.024913707,0.320393370,0.347978321,0.089194983
8.450000000,0,8.450000000,sample,0.216533668,-0.000002302,0.216035293,0.216033106,0.000002188,2.187769994,0.000013674,1,1,2.000000000,0.080000000,2.000000000,-0.014679919,0.007339959,-0.007339959,0.010589531,0.010589531,-0.010589531,0.009385405,0.008657320,0.847832772,3,61.697740930,1,46.339590228,0.890227005,0.196411114,0.947354449,0.196411114,2.199341784,0.470330241,1.672730369,0.229908074,1.099994301,2.000000000,1.292440956,2.000000000,0.578217233,11.564344650,1.253142641,1.000000000,1.192724740,0.566807278,0.633345670,0.326142833,1.247460945,0.577983012,0.640498242,1,0,0,0.000000000,0.051404980,-0.876080041,0.149483809,-0.121756413,-0.015646763,0.153322799,0.368655967,12.122549067,0.015232241,-130.918520115,-0.111259892,142.886291932,44.941569539,0.002671247,0.000391055,-0.006800144,0.001295743,0.004406011,-0.000020438,0.000571355,-0.680731887,0.000056778,0.673886805,0.000085402,-0.234632252,-0.000260682,0.165614915,0.004996544,-0.000000417,-0.004946302,-0.000000627,0.001722191,0.000001913,-0.001215607,-1.361463774,0.000113555,1.347773609,0.000170803,-0.469264503,-0.000521365,0.331229831,-0.274064590,-0.070565701,0.297674287,0.025387639,0.320490972,0.348773323,0.086162705
8.500000000,0,8.500000000,sample,0.216534046,0.000007563,0.216035753,0.216033377,0.000002376,2.375811478,0.000014849,1,1,2.000000000,0.080000000,2.000000000,0.002910274,0.001455137,0.001455137,0.013080522,0.013080522,-0.013080522,0.011312265,0.004130261,0.352311079,5,67.889033764,1,46.339725557,0.853163091,0.199230618,0.891702521,0.199576132,0.788275910,0.130317848,1.671780565,0.163963522,1.150601415,2.000000000,1.395580675,2.000000000,0.500000000,10.000000000,1.083606506,1.000000000,1.227913988,0.599315013,0.640048533,0.328009081,1.288932037,0.629500376,0.662575817,1,0,0,0.000000000,0.052759273,-0.838304657,0.149495888,-0.121602829,-0.015672773,0.157034885,0.364855519,12.122341866,0.014989498,-130.918823193,-0.111431916,142.886356838,44.941381377,-0.000634132,-0.001066742,-0.000148774,-0.000226544,-0.003403121,0.000070998,0.001964502,-0.680732881,0.000056200,0.673887508,0.000085532,-0.234628916,-0.000261082,0.165612691,-0.000990559,0.000000082,0.000980599,0.000000124,-0.000341417,-0.000000380,0.000240989,-1.361465762,0.000112400,1.347775017,0.000171065,-0.469257832,-0.000522163,0.331225383,-0.265637281,-0.059964635,0.312561231,0.034870647,0.327488649,0.350312299,0.081395303
8.550000000,0,8.550000000,sample,0.216533904,-0.000002832,0.216034840,0.216034031,0.000000809,0.808758362,0.000005055,0,0,2.000000000,0.080000000,0.000000000,0.000000000,0.013072874,0.000000000,0.013072874,0.011724399,-0.008772021,0.011724399,0.013690876,0.954860306,1,55.894969880,0,0.000000000,0.807091548,0.203669423,0.856756349,0.203669423,0.569655394,0.153439983,1.591660724,0.197908741,1.083155522,0.000000000,0.879428711,2.000000000,0.421782767,8.435655350,0.914113514,1.000000000,1.168552273,0.611864060,0.649555927,0.000000000,1.224685701,0.645605658,0.676392447,1,0,0,0.000000000,0.052697437,-0.790963048,0.151648290,-0.122048713,-0.015921973,0.162270873,0.357381248,12.122644944,0.017255780,-130.918711534,-0.111479639,142.886296895,44.941396745,-0.010235701,0.000005058,0.009056552,0.000747765,0.000139446,-0.000164322,0.000209127,0.000000000,0.000000000,0.000000000,0.000000000,0.000000000,0.000000000,0.000000000,-0.008899119,0.000000809,0.008809627,0.000001119,-0.003067341,-0.000003415,0.002165080,0.000000000,0.000000000,0.000000000,0.000000000,0.000000000,0.000000000,0.000000000,-0.324988291,-0.072601679,0.257357531,0.026920484,0.340323153,0.348763880,0.081368329
8.600000000,0,8.600000000,sample,0.216533905,0.000000025,0.216034883,0.216033965,0.000000918,0.918299102,0.000005739,0,0,2.000000000,0.080000000,0.000000000,0.000000000,0.004060406,0.000000000,0.010320745,0.010320745,-0.009515221,0.010320745,0.007748677,0.524012764,3,59.442973432,0,0.000000000,0.740863898,0.209347509,0.807459897,0.209347509,3.702261029,0.698244923,1.297616231,0.271626566,0.806534421,0.000000000,0.754835838,2.000000000,0.345491503,6.909830056,0.748744761,1.000000000,1.257353090,0.617339845,0.664403611,0.000000000,1.257353090,0.661873180,0.681473750,1,0,0,0.000000000,0.050996655,-0.724151839,0.147928260,-0.122137572,-0.015501879,0.169317704,0.350353656,12.122246157,0.017063766,-130.918711533,-0.111273169,142.886311771,44.941063805,-0.001137632,-0.000375891,-0.005974174,0.000536667,0.004507350,-0.000242955,0.001500836,0.000000000,0.000000000,0.000000000,0.000000000,0.000000000,0.000000000,0.000000000,0.002764053,-0.000000249,-0.002736260,-0.000000347,0.000952681,0.000001059,-0.000672449,0.000000000,0.000000000,0.000000000,0.000000000,0.000000000,0.000000000,0.000000000,-0.232105878,-0.055177670,0.373752505,0.030663120,0.338921400,0.349466145,0.082999890
8.650000000,0,8.650000000,sample,0.216533917,0.000000235,0.216034883,0.216034013,0.000000870,0.869996656,0.000005437,0,0,2.000000000,0.080000000,0.000000000,0.000000000,0.010388785,0.000000000,0.010388785,0.009193434,-0.008410897,0.009193434,0.012749609,0.814831708,1,86.662807613,0,0.000000000,0.683168945,0.214089352,0.744450077,0.214089352,5.567430736,0.459729809,1.100702655,0.233190731,0.691624901,0.000000000,0.649192372,2.000000000,0.273004750,5.460095003,0.591674126,1.000000000,1.177601992,0.660153794,0.679457290,0.000000000,1.256816150,0.712345119,0.707719735,1,0,0,0.000000000,0.051604108,-0.664022395,0.152089062,-0.121938924,-0.015837092,0.175255060,0.343771122,12.122715813,0.017195530,-130.918711533,-0.111648007,142.886438548,44.940846781,-0.011868976,0.000537440,0.001758069,0.000284981,-0.004163322,-0.000305048,0.000890380,0.000000000,0.000000000,0.000000000,0.000000000,0.000000000,0.000000000,0.000000000,-0.007071972,0.000000641,0.007000851,0.000000890,-0.002437582,-0.000002718,0.001720565,0.000000000,0.000000000,0.000000000,0.000000000,0.000000000,0.000000000,0.000000000,-0.373749451,-0.068481537,0.250774985,0.036692276,0.351787031,0.349901219,0.082851924
8.700000000,0,8.700000000,sample,0.216533898,-0.000000382,0.216034877,0.216033965,0.000000912,0.912182638,0.000005701,0,0,2.000000000,0.080000000,0.000000000,0.000000000,0.005044573,0.000000000,0.011657592,0.009313724,-0.009004012,0.009313724,0.005323834,0.947545147,1,55.692876666,0,0.000000000,0.638896408,0.217786528,0.684708332,0.217880067,0.496308100,0.164298375,1.295431052,0.168959880,0.878741668,0.000000000,0.702454614,2.000000000,0.206107374,4.122147477,0.446675704,1.000000000,1.177081802,0.655049158,0.677241582,0.000000000,1.195667659,0.674373973,0.690564227,1,0,0,0.000000000,0.050943211,-0.619201828,0.148937928,-0.122160732,-0.015668037,0.179616926,0.339028019,12.122341866,0.017067078,-130.918711533,-0.111240392,142.886231684,44.940014262,0.003973053,-0.000437645,-0.003029777,0.000060932,0.000015865,-0.000140742,-0.001778540,0.000000000,0.000000000,0.000000000,0.000000000,0.000000000,0.000000000,0.000000000,0.003434007,-0.000000309,-0.003399476,-0.000000431,0.001183600,0.000001315,-0.000835443,0.000000000,0.000000000,0.000000000,0.000000000,0.000000000,0.000000000,0.000000000,-0.333027304,-0.071783411,0.291308888,0.030963259,0.356979737,0.351150328,0.077688097
8.750000000,0,8.750000000,sample,0.216533917,0.000000384,0.216034867,0.216034011,0.000000856,0.855943561,0.000005350,0,0,2.000000000,0.080000000,0.000000000,0.000000000,0.004357868,0.000000000,0.013155419,0.005710733,-0.005710733,0.005619277,0.006320033,0.689532519,1,85.925084381,0,0.000000000,0.597471163,0.221194439,0.639309077,0.221194439,2.405114545,0.286163298,1.075659294,0.230185701,0.683739199,0.000000000,0.587785299,2.000000000,0.146446609,2.928932188,0.317381602,1.000000000,1.193634882,0.699765588,0.689802133,0.000000000,1.257599633,0.758673035,0.734207965,1,0,0,0.000000000,0.050260947,-0.576237159,0.149654148,-0.122185109,-0.015566977,0.183726558,0.334309034,12.122453526,0.017147176,-130.918711533,-0.111233010,142.886440796,44.939477699,-0.005858404,-0.001205629,0.001213352,-0.000461011,0.001303589,-0.000224403,-0.000856693,0.000000000,0.000000000,0.000000000,0.000000000,0.000000000,0.000000000,0.000000000,-0.002966542,0.000000268,0.002936710,0.000000372,-0.001022492,-0.000001136,0.000721725,0.000000000,0.000000000,0.000000000,0.000000000,0.000000000,0.000000000,0.000000000,-0.400729206,-0.058499776,0.221957562,0.023456809,0.365068962,0.350789895,0.075343106
8.800000000,0,8.800000000,sample,0.216533924,0.000000127,0.216035037,0.216033850,0.000001187,1.186936332,0.000007418,1,1,2.000000000,0.080000000,2.000000000,0.000920949,0.000460475,0.000460475,0.012568969,0.006767294,-0.003746375,0.006767294,0.004216910,0.109197148,1,56.292174141,1,46.339652021,0.552537825,0.224284378,0.595404621,0.225172555,2.688446564,0.196073283,0.981265659,0.218892068,0.631054922,2.000000000,1.937213729,2.000000000,0.095491503,1.909830056,0.206950257,1.000000000,1.164840638,0.678640068,0.686178771,0.352751546,1.207380874,0.709258680,0.704461773,1,0,0,0.000000000,0.049642244,-0.529663797,0.149298218,-0.122083463,-0.015465568,0.187509804,0.329784511,12.122426861,0.016672032,-130.918711533,-0.111243756,142.886512075,44.938280660,-0.003163868,0.000399858,-0.001844733,-0.000033674,0.000517448,0.000019517,-0.001984962,-0.680732341,0.000060367,0.673886949,0.000085389,-0.234631073,-0.000260642,0.165614132,-0.000313460,0.000000028,0.000310308,0.000000039,-0.000108042,-0.000000120,0.000076261,-1.361464682,0.000120734,1.347773898,0.000170777,-0.469262146,-0.000521285,0.331228263,-0.362714997,-0.071457266,0.266606585,0.021163604,0.366602848,0.350348270,0.074192103
8.850000000,0,8.850000000,sample,0.216533894,-0.000000599,0.216034941,0.216033909,0.000001032,1.031944495,0.000006450,1,1,2.000000000,0.080000000,2.000000000,0.011540481,0.005770241,0.005770241,0.013573149,0.008277021,-0.008277021,0.005770241,0.007739777,0.745530638,1,93.259770425,1,46.339624898,0.519519515,0.227740655,0.553362835,0.227740655,3.107077505,0.418624429,0.897838204,0.253257368,0.583540935,2.000000000,1.995273301,2.000000000,0.054496738,1.089934758,0.118107070,1.000000000,1.198944734,0.716811200,0.693039238,0.348098225,1.228842560,0.794128072,0.760975179,1,0,0,0.000000000,0.051017299,-0.494486788,0.150932365,-0.122189388,-0.015911621,0.191526446,0.325765657,12.122549235,0.016876699,-130.918711533,-0.111132975,142.886184805,44.938389244,-0.007474387,0.000331387,0.001443448,-0.000053667,0.001297840,-0.000387351,0.000083703,-0.680732142,0.000060859,0.673886734,0.000085304,-0.234631841,-0.000260385,0.165614737,-0.003927988,0.000000351,0.003888489,0.000000492,-0.001353882,-0.000001502,0.000955637,-1.361464284,0.000121718,1.347773468,0.000170608,-0.469263683,-0.000520770,0.331229474,-0.392737446,-0.057121979,0.232024002,0.030802848,0.374323021,0.349814300,0.074337351
8.900000000,0,8.900000000,sample,0.216533794,-0.000002001,0.216034685,0.216033964,0.000000721,0.721116757,0.000004507,0,0,2.000000000,0.080000000,0.000000000,0.000000000,0.000518124,0.000000000,0.012098404,0.006225043,-0.003536231,0.006225043,0.001416945,0.365662879,1,61.393939848,0,0.000000000,0.491496866,0.230101297,0.518296175,0.230376340,0.781126186,0.114507834,0.946643652,0.214514044,0.605375313,0.000000000,0.581885387,2.000000000,0.024471742,0.489434837,0.053036339,1.000000000,1.155302483,0.728160149,0.710836385,0.000000000,1.209042821,0.728160149,0.710836385,1,0,0,0.000000000,0.049665605,-0.465118193,0.150889244,-0.122296458,-0.015720834,0.194275677,0.322128867,12.122644944,0.017322200,-130.918615824,-0.111116147,142.886373958,44.937924248,-0.001110237,0.000413637,-0.000320183,0.000485268,0.000302596,0.000294033,0.000296629,0.000000000,0.000000000,0.000000000,0.000000000,0.000000000,0.000000000,0.000000000,-0.000352704,0.000000032,0.000349157,0.000000044,-0.000121570,-0.000000135,0.000085810,0.000000000,0.000000000,0.000000000,0.000000000,0.000000000,0.000000000,0.000000000,-0.432742905,-0.072585205,0.210584265,0.026589925,0.375290344,0.348937695,0.071415816
8.950000000,0,8.950000000,sample,0.216533913,0.000002383,0.216034981,0.216033891,0.000001090,1.090418323,0.000006815,1,1,2.000000000,0.080000000,2.000000000,-0.006819638,0.003409819,-0.003409819,0.004983928,0.004983928,-0.004983928,0.000537762,0.003584483,0.951272135,3,62.865985037,1,46.339651111,0.486235858,0.229918833,0.491717495,0.230904410,0.560679850,0.063528218,0.956421931,0.203513424,0.623871429,2.000000000,2.084465823,2.000000000,0.006155830,0.123116594,0.013341003,1.000000000,1.219342214,0.698315601,0.683560130,0.336219869,1.226226624,0.768525426,0.734548204,1,0,0,0.000000000,0.049755677,-0.459925818,0.149726162,-0.122338064,-0.015606863,0.194042505,0.322143966,12.122453526,0.016746175,-130.918711533,-0.110851562,142.886393930,44.936931723,0.002102389,0.000503087,-0.002842068,-0.000019458,0.000164055,-0.000218923,-0.000151049,-0.680732334,0.000060486,0.673886967,0.000085088,-0.234631041,-0.000259724,0.165614133,0.002321174,-0.000000206,-0.002297833,-0.000000290,0.000800049,0.000000886,-0.000564714,-1.361464669,0.000120971,1.347773934,0.000170175,-0.469262083,-0.000519448,0.331228265,-0.280259569,-0.058550315,0.332550915,0.030500879,0.382613219,0.350418496,0.067634853
9.000000000,0,9.000000000,sample,0.216533917,0.000000081,0.216034862,0.216034028,0.000000834,0.834318706,0.000005214,0,0,2.000000000,0.080000000,0.000000000,0.000000000,0.001248616,0.000000000,0.008886980,0.006408176,-0.006408176,0.001483815,0.002862588,0.436184434,1,50.707637124,0,0.000000000,0.483229342,0.230038619,0.492530383,0.230951418,0.920822547,0.073028809,0.995549488,0.193910343,0.639940881,0.000000000,0.639939744,2.000000000,0.000000000,0.000000000,0.000000000,1.000000000,1.153929914,0.745841055,0.713593062,0.000000000,1.242292102,0.816066455,0.764783785,1,0,0,0.000000000,0.050158213,-0.456139341,0.151432005,-0.122333649,-0.015753756,0.194175343,0.321339647,12.122644944,0.017139080,-130.918711371,-0.110995293,142.886438280,44.936759128,0.002038429,-0.000319047,-0.000485978,0.000549267,-0.000826720,0.000091999,0.001645488,0.000000000,0.000000000,0.000000000,0.000000000,0.000000000,0.000000000,0.000000000,0.000849973,-0.000000077,-0.000841425,-0.000000106,0.000292969,0.000000325,-0.000206792,0.000000000,0.000000000,0.000000000,0.000000000,0.000000000,0.000000000,0.000000000,-0.436747209,-0.074104221,0.197223878,0.030356742,0.383015795,0.349146283,0.067472077
9.050000000,0,9.050000000,sample,0.216533910,-0.000000142,0.216034898,0.216033969,0.000000929,0.928713857,0.000005804,0,0,2.000000000,0.080000000,0.000000000,0.000000000,0.003177468,0.000000000,0.008212308,0.002422378,-0.002422378,0.000891199,0.004251796,0.747323800,3,74.696505285,0,0.000000000,0.461050280,0.231808616,0.485244016,0.232242376,1.427181087,0.157591158,0.993262180,0.192720532,0.664504240,0.000000000,0.664505497,2.000000000,0.000000000,0.000000000,0.000000000,1.000000000,1.195994633,0.780321158,0.730303758,0.000000000,1.195994633,0.780353338,0.744316428,1,0,0,0.000000000,0.049686200,-0.433247149,0.149651428,-0.122321989,-0.015625273,0.196286566,0.319014882,12.122439929,0.016998587,-130.918711479,-0.110969059,142.886359931,44.936387330,-0.001434570,0.001212642,0.003674706,0.000242614,0.000664231,0.000154775,-0.000722355,0.000000000,0.000000000,0.000000000,0.000000000,0.000000000,0.000000000,0.000000000,-0.002163006,0.000000194,0.002141255,0.000000271,-0.000745531,-0.000000826,0.000526233,0.000000000,0.000000000,0.000000000,0.000000000,0.000000000,0.000000000,0.000000000,-0.484436170,-0.059466618,0.138350955,0.028102340,0.385758612,0.348916710,0.068158576
9.100000000,0,9.100000000,sample,0.216533782,-0.000002556,0.216034918,0.216033714,0.000001204,1.203941431,0.000007525,1,1,2.000000000,0.080000000,2.000000000,0.003574946,0.001787473,0.001787473,0.011762187,0.004490691,-0.003951067,0.004490691,0.005582413,0.320197150,1,78.832399953,1,46.339557699,0.442007453,0.233680713,0.462326839,0.234009875,3.595586506,0.406027876,0.707308997,0.254248657,0.469862793,2.000000000,2.054451381,2.000000000,0.000000000,0.000000000,0.000000000,1.000000000,1.169682481,0.716103334,0.690532534,0.335674281,1.219456111,0.791857586,0.742407949,1,0,0,0.000000000,0.049823965,-0.412387108,0.151079563,-0.122300273,-0.015842692,0.198490121,0.317188109,12.122644944,0.016583613,-130.918615824,-0.110858319,142.886249518,44.936269559,-0.004956492,-0.000655603,-0.001704836,0.000885271,0.001349556,-0.000346266,-0.000731673,-0.680731648,0.000060082,0.673886225,0.000085094,-0.234633801,-0.000259743,0.165616063,-0.001216789,0.000000107,0.001204553,0.000000152,-0.000419402,-0.000000464,0.000296034,-1.361463297,0.000120164,1.347772450,0.000170188,-0.469267601,-0.000519487,0.331232126,-0.367688682,-0.070203941,0.243939314,0.032013146,0.385247960,0.350662601,0.069283039
9.150000000,0,9.150000000,sample,0.216533782,0.000000006,0.216034695,0.216033917,0.000000778,0.778081836,0.000004863,0,0,2.000000000,0.080000000,0.000000000,0.000000000,0.003230633,0.000000000,0.009806656,0.001836270,-0.001836270,0.001571028,0.004349326,0.742789254,5,46.312534372,0,0.000000000,0.435383727,0.234079652,0.450111922,0.234909396,1.020319818,0.283066548,0.904724957,0.167209525,0.594441757,0.000000000,0.594442095,2.000000000,0.000000000,0.000000000,0.000000000,1.000000000,1.184115776,0.732692741,0.696907695,0.000000000,1.187941826,0.748495963,0.736970497,1,0,0,0.000000000,0.048859192,-0.406431662,0.148273643,-0.122281473,-0.015539316,0.198995112,0.315884977,12.122342370,0.017241001,-130.918615824,-0.111122720,142.886249517,44.936325745,-0.001020126,-0.000387548,0.002876030,0.000562303,-0.002959861,-0.000194955,-0.000582471,0.000000000,0.000000000,0.000000000,0.000000000,0.000000000,0.000000000,0.000000000,-0.002199198,0.000000200,0.002177084,0.000000276,-0.000757998,-0.000000841,0.000535032,0.000000000,0.000000000,0.000000000,0.000000000,0.000000000,0.000000000,0.000000000,-0.393686767,-0.060034913,0.221547049,0.017661376,0.388424805,0.349360197,0.069032436
9.200000000,0,9.200000000,sample,0.216534037,0.000005103,0.216035052,0.216034078,0.000000974,0.974404144,0.000006090,0,0,2.000000000,0.080000000,0.000000000,0.000000000,0.001473172,0.000000000,0.006957449,0.003077940,-0.003077940,0.000000000,0.002089107,0.705168316,7,49.582246582,0,0.000000000,0.430335031,0.234655168,0.439398349,0.235754184,0.581234420,0.120834909,0.888376468,0.192094732,0.585785376,0.000000000,0.585785022,2.000000000,0.000000000,0.000000000,0.000000000,1.000000000,1.200271473,0.745702142,0.704387305,0.000000000,1.219807269,0.794567427,0.748516706,1,0,0,0.000000000,0.051127302,-0.399501037,0.151568990,-0.122283543,-0.015946792,0.199638380,0.315442867,12.122548732,0.016939267,-130.918823193,-0.111009860,142.886255337,44.936141306,0.001333406,0.000130975,-0.000286960,0.000099498,0.000547758,-0.000114045,-0.001471037,0.000000000,0.000000000,0.000000000,0.000000000,0.000000000,0.000000000,0.000000000,0.001002836,-0.000000090,-0.000992751,-0.000000126,0.000345653,0.000000383,-0.000243979,0.000000000,0.000000000,0.000000000,0.000000000,0.000000000,0.000000000,0.000000000,-0.397354865,-0.057152329,0.236480174,0.028596721,0.387376151,0.351437992,0.068517213
9.250000000,0,9.250000000,sample,0.216533803,-0.000004676,0.216034438,0.216034226,0.000000212,0.211736031,0.000001323,0,0,2.000000000,0.080000000,0.000000000,0.000000000,0.001754283,0.000000000,0.011758854,0.007471097,-0.004747836,0.007471097,0.003864558,0.453941395,3,69.035657841,0,0.000000000,0.420823043,0.236171077,0.431265144,0.236171077,2.356447272,0.296649990,0.749432009,0.242525464,0.512125456,0.000000000,0.512124768,2.000000000,0.000000000,0.000000000,0.000000000,1.000000000,1.154751101,0.773758462,0.736441788,0.000000000,1.235191913,0.777691670,0.737752828,1,0,0,0.000000000,0.048848328,-0.389855455,0.150726903,-0.122720088,-0.015611869,0.201178596,0.313273014,12.122644944,0.017979710,-130.918615824,-0.110651907,142.886480579,44.936243547,-0.001076133,0.001307270,-0.003210972,0.000346647,0.001269566,-0.000047335,-0.000152470,0.000000000,0.000000000,0.000000000,0.000000000,0.000000000,0.000000000,0.000000000,0.001194196,-0.000000111,-0.001182186,-0.000000149,0.000411616,0.000000455,-0.000290539,0.000000000,0.000000000,0.000000000,0.000000000,0.000000000,0.000000000,0.000000000,-0.481238637,-0.075931389,0.159755657,0.029990725,0.389504892,0.349378484,0.069206977
9.300000000,0,9.300000000,sample,0.216533805,0.000000031,0.216034702,0.216033946,0.000000756,0.755994157,0.000004725,0,0,2.000000000,0.080000000,0.000000000,0.000000000,0.003946205,0.000000000,0.011095128,0.003489492,-0.000687833,0.003489492,0.004752746,0.830299847,1,91.366842699,0,0.000000000,0.414017082,0.236135983,0.428977521,0.236989848,1.894838784,0.207758671,0.902868283,0.182495145,0.585536849,0.000000000,0.585533618,2.000000000,0.000000000,0.000000000,0.000000000,1.000000000,1.178751125,0.740101305,0.706105008,0.000000000,1.190185423,0.787455546,0.746469551,1,0,0,0.000000000,0.047813230,-0.383735698,0.147888314,-0.122439512,-0.015288254,0.201333151,0.313420012,12.122341866,0.017230030,-130.918615824,-0.110861871,142.886499158,44.935980243,0.004542960,-0.000403533,-0.001137412,0.000593746,0.000245147,0.000221209,-0.000178881,0.000000000,0.000000000,0.000000000,0.000000000,0.000000000,0.000000000,0.000000000,0.002686310,-0.000000243,-0.002659298,-0.000000336,0.000925896,0.000001025,-0.000653543,0.000000000,0.000000000,0.000000000,0.000000000,0.000000000,0.000000000,0.000000000,-0.400249722,-0.063644955,0.240584234,0.023676534,0.385830721,0.349965024,0.067465159
9.350000000,0,9.350000000,sample,0.216533971,0.000003319,0.216034939,0.216034056,0.000000883,0.883465852,0.000005522,0,0,2.000000000,0.080000000,0.000000000,0.000000000,0.001059075,0.000000000,0.007058837,0.001289332,-0.001289332,0.000000000,0.001371916,0.771967820,1,75.113318185,0,0.000000000,0.416608803,0.235597941,0.420179612,0.236984138,0.365494440,0.039986916,0.820570137,0.210609577,0.539330052,0.000000000,0.539330187,2.000000000,0.000000000,0.000000000,0.000000000,1.000000000,1.169172125,0.743137797,0.703784506,0.000000000,1.214613103,0.776464348,0.725934388,1,0,0,0.000000000,0.049858572,-0.384827977,0.151606219,-0.122304326,-0.015727374,0.200750321,0.313720548,12.122644944,0.017073693,-130.918750996,-0.111027995,142.886498240,44.935677355,-0.001189012,0.000266402,0.000511392,0.000040148,0.000203887,-0.000108060,-0.000284701,0.000000000,0.000000000,0.000000000,0.000000000,0.000000000,0.000000000,0.000000000,-0.000720946,0.000000065,0.000713696,0.000000090,-0.000248496,-0.000000276,0.000175401,0.000000000,0.000000000,0.000000000,0.000000000,0.000000000,0.000000000,0.000000000,-0.397756760,-0.066663456,0.231391137,0.024820515,0.390421116,0.348830745,0.066247434
9.400000000,0,9.400000000,sample,0.216533905,-0.000001311,0.216034819,0.216034041,0.000000778,0.778023066,0.000004863,0,0,2.000000000,0.080000000,0.000000000,0.000000000,0.002149769,0.000000000,0.005829567,0.004826006,-0.001200349,0.004826006,0.002679736,0.802231625,3,66.923031632,0,0.000000000,0.412967989,0.235602010,0.421323073,0.235890181,0.960363387,0.116413768,0.872725161,0.191324313,0.574848727,0.000000000,0.574849045,2.000000000,0.000000000,0.000000000,0.000000000,1.000000000,1.187830450,0.759272701,0.707959596,0.000000000,1.187830450,0.763856188,0.728702298,1,0,0,0.000000000,0.049614610,-0.381609294,0.149850919,-0.122341645,-0.015683544,0.200735785,0.313215022,12.122453508,0.017224140,-130.918711533,-0.111020150,142.886311876,44.935297959,-0.000379753,0.000324823,0.002192198,0.000111333,-0.001223648,-0.000172506,0.000765547,0.000000000,0.000000000,0.000000000,0.000000000,0.000000000,0.000000000,0.000000000,-0.001463417,0.000000133,0.001448701,0.000000183,-0.000504402,-0.000000559,0.000356032,0.000000000,0.000000000,0.000000000,0.000000000,0.000000000,0.000000000,0.000000000,-0.411888548,-0.058387758,0.215124530,0.018533022,0.394100656,0.349302776,0.064774146
9.450000000,0,9.450000000,sample,0.216533917,0.000000226,0.216034725,0.216034172,0.000000553,0.553361102,0.000003459,0,0,2.000000000,0.080000000,0.000000000,0.000000000,0.002267648,0.000000000,0.004787640,0.004059373,-0.004059373,0.000280707,0.003951127,0.573924374,3,75.285835826,0,0.000000000,0.416039025,0.235432795,0.418144773,0.236038148,1.738204786,0.123592885,0.754504669,0.206128578,0.495995124,0.000000000,0.495995658,2.000000000,0.000000000,0.000000000,0.000000000,1.000000000,1.166965226,0.783255823,0.730571836,0.000000000,1.212541474,0.795832137,0.733326340,1,0,0,0.000000000,0.050110469,-0.383834396,0.152474811,-0.122408658,-0.015865331,0.200481951,0.313115870,12.122756598,0.017548100,-130.918711533,-0.111020150,142.886433978,44.935261657,0.000522218,0.000179431,-0.003428290,0.000061736,-0.001865312,-0.000113800,-0.000239106,0.000000000,0.000000000,0.000000000,0.000000000,0.000000000,0.000000000,0.000000000,0.001543659,-0.000000142,-0.001528135,-0.000000193,0.000532073,0.000000590,-0.000375563,0.000000000,0.000000000,0.000000000,0.000000000,0.000000000,0.000000000,0.000000000,-0.463040830,-0.070770534,0.166252627,0.030457677,0.398590872,0.349887313,0.066757087
9.500000000,0,9.500000000,sample,0.216533924,0.000000152,0.216034910,0.216033972,0.000000939,0.938598627,0.000005866,0,0,2.000000000,0.080000000,0.000000000,0.000000000,0.000449328,0.000000000,0.006927016,0.003356929,-0.003356929,0.000000000,0.001107840,0.405588977,7,50.207630220,0,0.000000000,0.411826048,0.235470328,0.418158085,0.236005815,0.313721616,0.051706689,0.811935653,0.203789249,0.523161502,0.000000000,0.523161544,2.000000000,0.000000000,0.000000000,0.000000000,1.000000000,1.176948268,0.783196045,0.733899784,0.000000000,1.186110429,0.783196045,0.733899784,1,0,0,0.000000000,0.048506503,-0.381045434,0.148499799,-0.122421218,-0.015365923,0.200557246,0.313410018,12.122341866,0.016956702,-130.918711533,-0.110800688,142.886519129,44.934878153,0.000040639,-0.000377388,-0.000331455,-0.000042764,0.000290392,0.000520591,-0.000784986,0.000000000,0.000000000,0.000000000,0.000000000,0.000000000,0.000000000,0.000000000,0.000305872,-0.000000027,-0.000302796,-0.000000038,0.000105426,0.000000117,-0.000074415,0.000000000,0.000000000,0.000000000,0.000000000,0.000000000,0.000000000,0.000000000,-0.474467145,-0.067939486,0.158742634,0.029053961,0.393894944,0.350894691,0.067456500
9.550000000,0,9.550000000,sample,0.216533852,-0.000001450,0.216034692,0.216034078,0.000000614,0.614253064,0.000003839,0,0,2.000000000,0.080000000,0.000000000,0.000000000,0.000112704,0.000000000,0.004946042,0.003169751,-0.003169751,0.000000000,0.008719039,0.012926195,1,41.370011301,0,0.000000000,0.419568648,0.234649676,0.419568648,0.235827135,5.081478999,0.850492436,1.079031571,0.107337241,0.794038008,0.000000000,0.794033944,2.000000000,0.000000000,0.000000000,0.000000000,1.000000000,1.189876085,0.773473040,0.715847553,0.000000000,1.205373172,0.786619875,0.733079044,1,0,0,0.000000000,0.050125117,-0.388057943,0.151447536,-0.122391472,-0.015894218,0.199569968,0.313663737,12.122644944,0.017459945,-130.918672070,-0.111018899,142.886255325,44.934810109,0.005608044,0.000021319,0.004291636,0.000038196,-0.005033775,-0.000259614,-0.000863215,0.000000000,0.000000000,0.000000000,0.000000000,0.000000000,0.000000000,0.000000000,-0.000076721,0.000000007,0.000075950,0.000000010,-0.000026444,-0.000000029,0.000018666,0.000000000,0.000000000,0.000000000,0.000000000,0.000000000,0.000000000,0.000000000,-0.434570208,-0.061207479,0.192397087,0.032360742,0.393509646,0.350334199,0.064748349
9.600000000,0,9.600000000,sample,0.216533920,0.000001365,0.216034789,0.216034097,0.000000692,0.692189265,0.000004326,0,0,2.000000000,0.080000000,0.000000000,0.000000000,0.000234213,0.000000000,0.010865979,0.004487525,-0.004487525,0.002659191,0.001589539,0.147346258,7,69.701079657,0,0.000000000,0.415031897,0.235520000,0.418311947,0.236183510,0.382565129,0.063859238,0.845265841,0.213679923,0.545955055,0.000000000,0.545954605,2.000000000,0.000000000,0.000000000,0.000000000,1.000000000,1.124821473,0.737713066,0.710520120,0.000000000,1.358503928,0.834606419,0.766661766,1,0,0,0.000000000,0.049209242,-0.383790098,0.150116909,-0.122493420,-0.015580344,0.200554944,0.313334593,12.122508444,0.017311774,-130.918711533,-0.110800694,142.886471516,44.935147314,0.000564356,0.000307280,0.000041134,0.000382473,0.000415729,0.000178370,0.001327061,0.000000000,0.000000000,0.000000000,0.000000000,0.000000000,0.000000000,0.000000000,0.000159436,-0.000000014,-0.000157833,-0.000000020,0.000054954,0.000000061,-0.000038789,0.000000000,0.000000000,0.000000000,0.000000000,0.000000000,0.000000000,0.000000000,-0.413379131,-0.086325777,0.217859532,0.031893873,0.389132257,0.349703031,0.065637469
9.650000000,0,9.650000000,sample,0.216533790,-0.000002594,0.216034718,0.216033915,0.000000803,0.802922151,0.000005018,0,0,2.000000000,0.080000000,0.000000000,0.000000000,0.000949738,0.000000000,0.003038977,0.000000000,0.000000000,0.000000000,0.001599787,0.593665296,1,92.391322366,0,0.000000000,0.415325773,0.234961949,0.418289203,0.235912687,0.937193759,0.114998811,0.866997377,0.191728888,0.562726871,0.000000000,0.562726292,2.000000000,0.000000000,0.000000000,0.000000000,1.000000000,1.189181700,0.767272719,0.704333679,0.000000000,1.189181700,0.767272719,0.710337010,1,0,0,0.000000000,0.048746807,-0.384536790,0.149166698,-0.122374893,-0.015561535,0.199973353,0.313572150,12.122453526,0.017177138,-130.918615824,-0.110952140,142.886339822,44.934792508,0.001537722,-0.000297425,0.000140639,0.000206015,-0.000114890,0.000093071,-0.000148948,0.000000000,0.000000000,0.000000000,0.000000000,0.000000000,0.000000000,0.000000000,0.000646517,-0.000000058,-0.000640016,-0.000000081,0.000222838,0.000000247,-0.000157290,0.000000000,0.000000000,0.000000000,0.000000000,0.000000000,0.000000000,0.000000000,-0.418851320,-0.060640257,0.171109814,0.030828506,0.400222568,0.349734843,0.065197649
9.700000000,0,9.700000000,sample,0.216534061,0.000005416,0.216034975,0.216034185,0.000000790,0.789621766,0.000004935,0,0,2.000000000,0.080000000,0.000000000,0.000000000,0.000987511,0.000000000,0.004446225,0.002501075,-0.002501075,0.000000000,0.002138304,0.461819876,3,83.802623519,0,0.000000000,0.414923876,0.234752095,0.420760238,0.235192823,1.319757893,0.106476489,0.769746117,0.213944136,0.503408322,0.000000000,0.503407264,2.000000000,0.000000000,0.000000000,0.000000000,1.000000000,1.176404568,0.795900394,0.730807573,0.000000000,1.193187229,0.795900394,0.730807573,1,0,0,0.000000000,0.049790732,-0.383530433,0.150290097,-0.122399770,-0.015594671,0.199708910,0.313446323,12.122453526,0.017190567,-130.918823193,-0.110917254,142.886514974,44.934387660,-0.000381471,-0.000240929,-0.001957484,-0.000406042,-0.000456592,0.000344775,-0.000211699,0.000000000,0.000000000,0.000000000,0.000000000,0.000000000,0.000000000,0.000000000,0.000672231,-0.000000061,-0.000665471,-0.000000084,0.000231701,0.000000257,-0.000163546,0.000000000,0.000000000,0.000000000,0.000000000,0.000000000,0.000000000,0.000000000,-0.473021917,-0.068997796,0.116491540,0.025501769,0.405543867,0.350589709,0.063005455
9.750000000,0,9.750000000,sample,0.216533920,-0.000002820,0.216034938,0.216033938,0.000001000,0.999872032,0.000006249,0,0,2.000000000,0.080000000,0.000000000,0.000000000,0.000670566,0.000000000,0.004361103,0.001667484,-0.001667484,0.000454607,0.002568141,0.261109345,1,65.188861600,0,0.000000000,0.408946195,0.235572000,0.416576029,0.235582582,1.633354759,0.240384046,0.736585044,0.234767711,0.479004337,0.000000000,0.479003534,2.000000000,0.000000000,0.000000000,0.000000000,1.000000000,1.190012244,0.755515394,0.702623010,0.000000000,1.214122988,0.800032590,0.731146507,1,0,0,0.000000000,0.048619982,-0.377928851,0.148468420,-0.122341737,-0.015399115,0.200722530,0.313159445,12.122331152,0.016886080,-130.918711533,-0.110908023,142.886474526,44.934809490,-0.002073507,-0.000712343,-0.000890648,0.000194714,0.000883056,0.000127479,0.000401592,0.000000000,0.000000000,0.000000000,0.000000000,0.000000000,0.000000000,0.000000000,-0.000456476,0.000000041,0.000451886,0.000000057,-0.000157334,-0.000000174,0.000111054,0.000000000,0.000000000,0.000000000,0.000000000,0.000000000,0.000000000,0.000000000,-0.392598356,-0.061106680,0.218310289,0.023422334,0.398983457,0.352596654,0.063964143
9.800000000,0,9.800000000,sample,0.216534043,0.000002458,0.216035043,0.216034089,0.000000954,0.953798173,0.000005961,0,0,2.000000000,0.080000000,0.000000000,0.000000000,0.003471835,0.000000000,0.008195963,0.004190835,-0.004190835,0.000000000,0.006799000,0.510639172,1,58.752735174,0,0.000000000,0.413689442,0.234973055,0.417357338,0.235891343,3.939317757,0.312846454,0.651569144,0.229408430,0.454175100,0.000000000,0.454165700,2.000000000,0.000000000,0.000000000,0.000000000,1.000000000,1.197675600,0.811550079,0.752361783,0.000000000,1.238321514,0.824287771,0.771474992,1,0,0,0.000000000,0.050488588,-0.382001868,0.150547100,-0.122347986,-0.015785260,0.199985331,0.313530118,12.122448994,0.016953727,-130.918823193,-0.110917254,142.886319045,44.934515895,-0.005211456,-0.000158719,-0.001704068,-0.000313893,-0.003885081,0.000001466,0.000972470,0.000000000,0.000000000,0.000000000,0.000000000,0.000000000,0.000000000,0.000000000,-0.002363391,0.000000212,0.002339625,0.000000296,-0.000814599,-0.000000902,0.000574984,0.000000000,0.000000000,0.000000000,0.000000000,0.000000000,0.000000000,0.000000000,-0.505894714,-0.062712202,0.137554729,0.029284168,0.397840729,0.351595347,0.067160789
9.851000000,0,9.851000000,sample,0.216533799,-0.000004778,0.216034805,0.216033842,0.000000963,0.962845972,0.000006018,0,0,2.000000000,0.080000000,0.000000000,0.000000000,0.007172132,0.000000000,0.007172132,0.004087754,-0.000134348,0.004087754,0.007764178,0.923746409,1,61.996639764,0,0.000000000,0.409300455,0.235310955,0.418200730,0.235596364,0.681120963,0.195171560,0.787320668,0.232392451,0.516460421,0.000000000,0.516467188,2.000000000,0.000000000,0.000000000,0.000000000,1.000000000,1.196985921,0.728885142,0.692767005,0.000000000,1.212765053,0.814800257,0.754018368,1,0,0,0.000000000,0.048343771,-0.378132891,0.149014292,-0.122367403,-0.015461434,0.200395630,0.313126998,12.122453526,0.016935389,-130.918615824,-0.110883167,142.886439779,44.934478378,-0.006113354,0.000434692,0.004579028,0.000658828,0.000852576,-0.000156912,0.000753222,0.000000000,0.000000000,0.000000000,0.000000000,0.000000000,0.000000000,0.000000000,-0.004882301,0.000000437,0.004833206,0.000000610,-0.001682806,-0.000001863,0.001187807,0.000000000,0.000000000,0.000000000,0.000000000,0.000000000,0.000000000,0.000000000,-0.342305666,-0.059200877,0.278257262,0.025634335,0.392664137,0.349996635,0.066941906
9.901000000,0,9.901000000,sample,0.216533909,0.000002188,0.216034947,0.216033925,0.000001023,1.022567531,0.000006391,1,1,2.000000000,0.080000000,2.000000000,-0.003664765,0.001832383,-0.001832383,0.006202575,0.006202575,-0.006202575,0.003066416,0.002085947,0.878441499,3,43.615315758,1,46.339607097,0.412629719,0.235005446,0.416374939,0.236037779,0.594259437,0.081123072,0.808272914,0.199701814,0.516659937,2.000000000,2.065656913,2.000000000,0.000000000,0.000000000,0.000000000,1.000000000,1.163854930,0.746160039,0.712231387,0.356813051,1.340381319,0.824005584,0.729874555,1,0,0,0.000000000,0.049760995,-0.380897655,0.150678813,-0.122352170,-0.015741853,0.200024250,0.313517025,12.122549235,0.016847697,-130.918711533,-0.110874446,142.886351154,44.934403923,0.001169741,-0.000625547,-0.001377599,0.000296644,-0.000031354,0.000350093,-0.000694440,-0.680732011,0.000060743,0.673886500,0.000085106,-0.234632559,-0.000259779,0.165615212,0.001247361,-0.000000111,-0.001234818,-0.000000156,0.000429937,0.000000476,-0.000303470,-1.361464022,0.000121487,1.347772999,0.000170212,-0.469265118,-0.000519559,0.331230424,-0.400629949,-0.070531533,0.244727085,0.028597884,0.392287417,0.350046867,0.068286770
9.951000000,0,9.951000000,sample,0.216533909,0.000000003,0.216034933,0.216033939,0.000000994,0.993712469,0.000006211,0,0,2.000000000,0.080000000,0.000000000,0.000000000,0.000104250,0.000000000,0.007202285,0.002492625,-0.002492625,0.000020698,0.005126807,0.020334350,5,79.928012758,0,0.000000000,0.410375076,0.235199524,0.417438627,0.235630592,1.280725097,0.183148642,0.768149800,0.189720762,0.502014767,0.000000000,0.502014291,2.000000000,0.000000000,0.000000000,0.000000000,1.000000000,1.174523384,0.745564868,0.705835604,0.000000000,1.188336412,0.780274423,0.734875882,1,0,0,0.000000000,0.049742483,-0.378457285,0.150676714,-0.122289819,-0.015739689,0.200290486,0.313201989,12.122549235,0.016909943,-130.918711533,-0.110999473,142.886352432,44.934515885,-0.000007481,0.000422874,-0.001785991,-0.000050487,-0.004583492,0.000145080,0.001372411,0.000000000,0.000000000,0.000000000,0.000000000,0.000000000,0.000000000,0.000000000,-0.000070967,0.000000006,0.000070253,0.000000009,-0.000024461,-0.000000027,0.000017265,0.000000000,0.000000000,0.000000000,0.000000000,0.000000000,0.000000000,0.000000000,-0.392693547,-0.066708658,0.236507391,0.030842359,0.394226525,0.350033740,0.068705626
10.001000000,0,10.001000000,sample,0.216534070,0.000003221,0.216034653,0.216034535,0.000000119,0.118561004,0.000000741,0,0,2.000000000,0.080000000,0.000000000,0.000000000,0.005106603,0.000000000,0.006845020,0.002316018,-0.002316018,0.001948713,0.007511131,0.679871351,3,46.779563307,0,0.000000000,0.407890870,0.236067085,0.417727507,0.236067085,1.148472819,0.229944472,0.872502166,0.234898674,0.577411867,0.000000000,0.577416737,2.000000000,0.000000000,0.000000000,0.000000000,1.000000000,1.257513462,0.812024609,0.742533729,0.000000000,1.272287718,0.835403627,0.771866331,1,0,0,0.000000000,0.050110852,-0.375058504,0.152298991,-0.122697206,-0.015732925,0.201061034,0.311530846,12.122685734,0.018129931,-130.918823193,-0.110748597,142.886609421,44.934607966,-0.003717722,0.000161368,0.005137282,-0.000570119,0.003931678,0.000588193,0.000220982,0.000000000,0.000000000,0.000000000,0.000000000,0.000000000,0.000000000,0.000000000,-0.003476225,0.000000326,0.003441264,0.000000434,-0.001198194,-0.000001325,0.000845744,0.000000000,0.000000000,0.000000000,0.000000000,0.000000000,0.000000000,0.000000000,-0.499661647,-0.024660800,0.138332761,-0.017249892,0.398044199,0.344231207,0.068692082
10.051000000,0,10.051000000,sample,0.216533913,-0.000003146,0.216034734,0.216034138,0.000000595,0.595312746,0.000003721,0,0,2.000000000,0.080000000,0.000000000,0.000000000,0.005297951,0.000000000,0.006599406,0.002940568,-0.002940568,0.000000000,0.006309984,0.839613964,1,91.077600926,0,0.000000000,0.404096095,0.236088160,0.414735519,0.236844462,2.303193227,0.277374314,0.905384632,0.173102856,0.593478088,0.000000000,0.593475398,2.000000000,0.000000000,0.000000000,0.000000000,1.000000000,1.158232944,0.743462530,0.707387655,0.000000000,1.245237800,0.802536114,0.736544844,1,0,0,0.000000000,0.049267693,-0.372085390,0.149729127,-0.122543445,-0.015605417,0.201189449,0.311928482,12.122453526,0.017445693,-130.918711533,-0.110766859,142.886391953,44.934479498,0.006021907,-0.000382748,-0.001706862,0.000310899,-0.000008700,0.000551030,-0.000303793,0.000000000,0.000000000,0.000000000,0.000000000,0.000000000,0.000000000,0.000000000,0.003606486,-0.000000330,-0.003570220,-0.000000450,0.001243064,0.000001375,-0.000877415,0.000000000,0.000000000,0.000000000,0.000000000,0.000000000,0.000000000,0.000000000,-0.393978169,-0.072581033,0.242180910,0.031300739,0.392270720,0.349186157,0.066872045
10.101000000,0,10.101000000,sample,0.216533802,-0.000002226,0.216034702,0.216033954,0.000000748,0.747924457,0.000004675,0,0,2.000000000,0.080000000,0.000000000,0.000000000,0.001109344,0.000000000,0.009053730,0.006671846,-0.000841520,0.006671846,0.004654675,0.238329062,5,74.771355862,0,0.000000000,0.411540331,0.234922063,0.413435369,0.236288900,1.510624109,0.231859472,0.821544533,0.229872330,0.516549309,0.000000000,0.516549637,2.000000000,0.000000000,0.000000000,0.000000000,1.000000000,1.254509317,0.741060036,0.692789012,0.000000000,1.261450664,0.798631409,0.724976559,1,0,0,0.000000000,0.048570978,-0.380191541,0.149868931,-0.122413277,-0.015536923,0.199904900,0.313022434,12.122549235,0.017250792,-130.918615806,-0.110917254,142.886461117,44.934218636,0.000207219,-0.000325749,0.000136804,0.002187853,0.004024918,-0.000135889,-0.000702215,0.000000000,0.000000000,0.000000000,0.000000000,0.000000000,0.000000000,0.000000000,0.000755166,-0.000000069,-0.000747572,-0.000000094,0.000260289,0.000000288,-0.000183725,0.000000000,0.000000000,0.000000000,0.000000000,0.000000000,0.000000000,0.000000000,-0.344442475,-0.026140863,0.292235844,-0.007414739,0.390094867,0.344278837,0.066887688
10.151000000,0,10.151000000,sample,0.216533921,0.000002390,0.216034884,0.216034007,0.000000876,0.876255533,0.000005477,0,0,2.000000000,0.080000000,0.000000000,0.000000000,0.001024868,0.000000000,0.005222483,0.000000000,0.000000000,0.000000000,0.002120376,0.483342413,4,56.516440756,0,0.000000000,0.412029102,0.235091606,0.415570817,0.235461574,1.162733287,0.109036480,0.857374161,0.208137230,0.581858096,0.000000000,0.581860306,2.000000000,0.000000000,0.000000000,0.000000000,1.000000000,1.102542657,0.760040021,0.721830623,0.000000000,1.257262016,0.775450760,0.727157521,1,0,0,0.000000000,0.049284034,-0.380386727,0.150482567,-0.122457788,-0.015613510,0.200070917,0.313247501,12.122549235,0.017041265,-130.918711695,-0.110768865,142.886480523,44.934286246,0.001060181,0.000367610,-0.000535050,-0.001594044,0.000184518,0.000070619,0.000608757,0.000000000,0.000000000,0.000000000,0.000000000,0.000000000,0.000000000,0.000000000,0.000697660,-0.000000063,-0.000690644,-0.000000087,0.000240468,0.000000266,-0.000169734,0.000000000,0.000000000,0.000000000,0.000000000,0.000000000,0.000000000,0.000000000,-0.424890089,-0.110809971,0.159899763,0.078173851,0.405950770,0.356912687,0.066085034
10.201000000,0,10.201000000,sample,0.216533900,-0.000000424,0.216034803,0.216034055,0.000000748,0.748316230,0.000004677,0,0,2.000000000,0.080000000,0.000000000,0.000000000,0.001296379,0.000000000,0.006680079,0.003571661,-0.001626854,0.003571661,0.002715534,0.477393543,1,92.352854230,0,0.000000000,0.412702353,0.234806441,0.413760176,0.235936287,1.724521357,0.201728488,0.908320278,0.181892708,0.606243830,0.000000000,0.606243315,2.000000000,0.000000000,0.000000000,0.000000000,1.000000000,1.211485221,0.797785435,0.725920531,0.000000000,1.221789678,0.797785435,0.725920531,1,0,0,0.000000000,0.050118453,-0.380885164,0.150790798,-0.122285990,-0.015838169,0.199823306,0.313084830,12.122544703,0.017286048,-130.918711533,-0.111136096,142.886249981,44.934408212,0.002609639,0.000121755,0.000616316,-0.000158956,-0.000298623,-0.000231841,-0.000032371,0.000000000,0.000000000,0.000000000,0.000000000,0.000000000,0.000000000,0.000000000,0.000882487,-0.000000080,-0.000873612,-0.000000111,0.000304172,0.000000338,-0.000214700,0.000000000,0.000000000,0.000000000,0.000000000,0.000000000,0.000000000,0.000000000,-0.457615950,-0.053248228,0.162601246,0.029103615,0.400542780,0.350442788,0.064668647
10.251000000,0,10.251000000,sample,0.216533797,-0.000002045,0.216034757,0.216033887,0.000000870,0.870204690,0.000005439,0,0,2.000000000,0.080000000,0.000000000,0.000000000,0.000211786,0.000000000,0.005306312,0.000000000,0.000000000,0.000000000,0.001682593,0.125868803,7,34.003216023,0,0.000000000,0.410844344,0.234773395,0.416184803,0.235811213,1.002387283,0.086013944,0.778383660,0.208997691,0.495668468,0.000000000,0.495669623,2.000000000,0.000000000,0.000000000,0.000000000,1.000000000,1.173950930,0.755416623,0.699972932,0.000000000,1.210605432,0.811499557,0.739521754,1,0,0,0.000000000,0.048433071,-0.379779074,0.149047533,-0.122400716,-0.015484715,0.199741921,0.313165300,12.122453526,0.017067633,-130.918615824,-0.110875673,142.886417983,44.933986227,-0.000657406,-0.000504941,-0.000594447,0.000809737,0.000410180,0.000063332,-0.000981159,0.000000000,0.000000000,0.000000000,0.000000000,0.000000000,0.000000000,0.000000000,0.000144170,-0.000000013,-0.000142720,-0.000000018,0.000049692,0.000000055,-0.000035075,0.000000000,0.000000000,0.000000000,0.000000000,0.000000000,0.000000000,0.000000000,-0.398447452,-0.066603627,0.189083088,0.028650842,0.403766189,0.350463148,0.065885149
10.301000000,0,10.301000000,sample,0.216533904,0.000002128,0.216034872,0.216033987,0.000000885,0.885021041,0.000005531,0,0,2.000000000,0.080000000,0.000000000,0.000000000,0.000525592,0.000000000,0.002634896,0.002634896,-0.002634896,0.000000000,0.001239368,0.424080455,7,37.147006998,0,0.000000000,0.408657770,0.235270451,0.416562324,0.235393365,0.619600636,0.054466836,0.846662896,0.201855147,0.560629766,0.000000000,0.560630209,2.000000000,0.000000000,0.000000000,0.000000000,1.000000000,1.184283225,0.764157393,0.701523527,0.000000000,1.202822739,0.766966212,0.702464397,1,0,0,0.000000000,0.049646927,-0.376926704,0.149875334,-0.122379295,-0.015701235,0.200322152,0.312879454,12.122453520,0.017050231,-130.918711533,-0.110900996,142.886296061,44.934283476,0.000250498,0.000168240,0.000700503,-0.000388312,-0.000421578,-0.000234884,0.000755374,0.000000000,0.000000000,0.000000000,0.000000000,0.000000000,0.000000000,0.000000000,-0.000357787,0.000000032,0.000354189,0.000000045,-0.000123320,-0.000000137,0.000087045,0.000000000,0.000000000,0.000000000,0.000000000,0.000000000,0.000000000,0.000000000,-0.399333276,-0.061594302,0.197279498,0.030087164,0.403717300,0.349062329,0.064944057
10.351000000,0,10.351000000,sample,0.216533792,-0.000002239,0.216034680,0.216033974,0.000000706,0.706399822,0.000004415,0,0,2.000000000,0.080000000,0.000000000,0.000000000,0.001780954,0.000000000,0.004187512,0.001148849,-0.001148849,0.000000000,0.004506096,0.395232212,1,78.885890258,0,0.000000000,0.415404898,0.234591222,0.415404898,0.235450663,3.100496160,0.316894723,0.981366156,0.172972348,0.667468230,0.000000000,0.667459462,2.000000000,0.000000000,0.000000000,0.000000000,1.000000000,1.176936661,0.773218852,0.708647734,0.000000000,1.209758180,0.779620626,0.708647734,1,0,0,0.000000000,0.049610632,-0.383419968,0.151951119,-0.122571047,-0.015850720,0.199394420,0.313325885,12.122756605,0.017267759,-130.918615824,-0.110658373,142.886356894,44.933820898,0.004002212,0.001062305,0.001644015,0.000311129,0.000516000,0.000155749,-0.000261932,0.000000000,0.000000000,0.000000000,0.000000000,0.000000000,0.000000000,0.000000000,0.001212351,-0.000000110,-0.001200159,-0.000000151,0.000417876,0.000000462,-0.000294958,0.000000000,0.000000000,0.000000000,0.000000000,0.000000000,0.000000000,0.000000000,-0.421722793,-0.064184223,0.168912838,0.024692017,0.406175305,0.349298368,0.063897662
10.401000000,0,10.401000000,sample,0.216533743,-0.000000977,0.216034692,0.216033847,0.000000844,0.844444121,0.000005278,0,0,2.000000000,0.080000000,0.000000000,0.000000000,0.000044616,0.000000000,0.004263767,0.002893425,-0.001581258,0.002893425,0.001383747,0.032242531,7,62.015229518,0,0.000000000,0.408523950,0.235234205,0.412972053,0.235677107,0.484941489,0.066502979,0.814957432,0.209692795,0.520479700,0.000000000,0.520479573,2.000000000,0.000000000,0.000000000,0.000000000,1.000000000,1.178040927,0.747777744,0.697948886,0.000000000,1.182738918,0.804742685,0.738188858,1,0,0,0.000000000,0.048335858,-0.377345519,0.148881907,-0.122395663,-0.015509216,0.200284540,0.312862618,12.122453526,0.017108164,-130.918576360,-0.110896547,142.886353070,44.934282376,0.000298866,0.000050455,-0.000083221,0.000762020,-0.000146695,0.000162264,0.001089698,0.000000000,0.000000000,0.000000000,0.000000000,0.000000000,0.000000000,0.000000000,0.000030371,-0.000000003,-0.000030066,-0.000000004,0.000010468,0.000000012,-0.000007389,0.000000000,0.000000000,0.000000000,0.000000000,0.000000000,0.000000000,0.000000000,-0.379050588,-0.064856045,0.225949359,0.028463582,0.400672421,0.349959655,0.066132862
10.451000000,0,10.451000000,sample,0.216533918,0.000003505,0.216034931,0.216033959,0.000000972,0.972193463,0.000006076,0,0,2.000000000,0.080000000,0.000000000,0.000000000,0.000919308,0.000000000,0.005520267,0.003776715,-0.002642043,0.003776715,0.001976671,0.465078847,2,52.395065448,0,0.000000000,0.409379256,0.234953294,0.413146021,0.235676229,0.997945192,0.121561852,0.864133107,0.195775506,0.580955855,0.000000000,0.580953911,2.000000000,0.000000000,0.000000000,0.000000000,1.000000000,0.979743112,0.708026052,0.721897114,0.000000000,1.210117513,0.776191368,0.721897114,1,0,0,0.000000000,0.049531874,-0.377262701,0.151032523,-0.122367646,-0.015694726,0.199957209,0.313048413,12.122604321,0.016920883,-130.918711533,-0.110877208,142.886454059,44.933942195,0.001312552,0.001430802,-0.000042744,0.000190585,-0.000110794,-0.000259298,-0.000139926,0.000000000,0.000000000,0.000000000,0.000000000,0.000000000,0.000000000,0.000000000,0.000625802,-0.000000056,-0.000619509,-0.000000078,0.000215701,0.000000239,-0.000152252,0.000000000,0.000000000,0.000000000,0.000000000,0.000000000,0.000000000,0.000000000,-0.386274294,-0.158136176,0.224744719,0.073971245,0.398986844,0.357219166,0.064362998
10.501000000,0,10.501000000,sample,0.216533788,-0.000002613,0.216034714,0.216033915,0.000000799,0.799070657,0.000004994,0,0,2.000000000,0.080000000,0.000000000,0.000000000,0.001661060,0.000000000,0.006255525,0.002220457,-0.002220457,0.001092574,0.003904954,0.425372458,2,46.366242205,0,0.000000000,0.409372699,0.234988575,0.413963955,0.235797928,1.468087067,0.187609174,0.887041114,0.183673177,0.590865747,0.000000000,0.590854300,2.000000000,0.000000000,0.000000000,0.000000000,1.000000000,1.177550182,0.826525708,0.771185960,0.000000000,1.310494464,0.879083370,0.791769545,1,0,0,0.000000000,0.048817213,-0.378072722,0.149210934,-0.122458639,-0.015592017,0.199950997,0.312878713,12.122453526,0.017159152,-130.918615824,-0.110809917,142.886310938,44.933945428,0.002318800,0.002658991,-0.000061855,0.001445837,-0.000298641,0.000409578,-0.000671112,0.000000000,0.000000000,0.000000000,0.000000000,0.000000000,0.000000000,0.000000000,0.001130737,-0.000000102,-0.001119367,-0.000000141,0.000389736,0.000000431,-0.000275095,0.000000000,0.000000000,0.000000000,0.000000000,0.000000000,0.000000000,0.000000000,-0.544152267,-0.069340572,0.104551222,0.009068242,0.398219846,0.346650661,0.063710767
10.551000000,0,10.551000000,sample,0.216534153,0.000007314,0.216035017,0.216034349,0.000000668,0.667802704,0.000004174,0,0,2.000000000,0.080000000,0.000000000,0.000000000,0.000801463,0.000000000,0.009824057,0.004028200,-0.004028200,0.001382064,0.003812994,0.210192499,4,43.568256317,0,0.000000000,0.409596601,0.235516161,0.412324964,0.236287766,1.803276504,0.178347810,0.823245550,0.210080094,0.584720233,0.000000000,0.584718607,2.000000000,0.000000000,0.000000000,0.000000000,1.000000000,1.106253981,0.765570414,0.732484865,0.000000000,1.393779586,0.809135600,0.763039654,1,0,0,0.000000000,0.052166766,-0.376291598,0.153142539,-0.122498314,-0.016165673,0.200501113,0.312491562,12.122644944,0.017346459,-130.918919389,-0.110800685,142.886231600,44.934283476,-0.001645458,0.000182846,0.000343122,-0.002516815,0.000844233,-0.000352139,-0.002123474,0.000000000,0.000000000,0.000000000,0.000000000,0.000000000,0.000000000,0.000000000,-0.000545581,0.000000050,0.000540094,0.000000068,-0.000188050,-0.000000208,0.000132735,0.000000000,0.000000000,0.000000000,0.000000000,0.000000000,0.000000000,0.000000000,-0.427683922,-0.110739985,0.210228430,0.086578849,0.398109401,0.356123019,0.065959122
10.601000000,0,10.601000000,sample,0.216533921,-0.000004654,0.216034930,0.216033960,0.000000970,0.970319833,0.000006064,0,0,2.000000000,0.080000000,0.000000000,0.000000000,0.000214768,0.000000000,0.004832100,0.000000000,0.000000000,0.000000000,0.000992678,0.216352055,3,60.242966461,0,0.000000000,0.408187441,0.234842280,0.418674415,0.235852817,0.684182857,0.048382096,0.788629520,0.209122897,0.518470697,0.000000000,0.518470282,2.000000000,0.000000000,0.000000000,0.000000000,1.000000000,1.163642822,0.758554485,0.701195831,0.000000000,1.202470843,0.783778903,0.730310050,1,0,0,0.000000000,0.049263514,-0.376224584,0.150483074,-0.122327150,-0.015614300,0.199857846,0.312928503,12.122549235,0.016935879,-130.918711533,-0.110951471,142.886479356,44.933797030,-0.000422748,0.000034309,-0.000770480,-0.000289574,-0.000226553,0.000168338,-0.000219909,0.000000000,0.000000000,0.000000000,0.000000000,0.000000000,0.000000000,0.000000000,0.000146199,-0.000000013,-0.000144729,-0.000000018,0.000050392,0.000000056,-0.000035569,0.000000000,0.000000000,0.000000000,0.000000000,0.000000000,0.000000000,0.000000000,-0.403726266,-0.068058993,0.185091080,0.026066042,0.404890801,0.347726483,0.065270631
10.651000000,0,10.651000000,sample,0.216533785,-0.000002718,0.216034756,0.216033861,0.000000895,0.894826071,0.000005593,0,0,2.000000000,0.080000000,0.000000000,0.000000000,0.002197169,0.000000000,0.002752112,0.001829855,-0.001829855,0.000000000,0.003677275,0.597499280,1,64.733273844,0,0.000000000,0.410203547,0.234668738,0.413837702,0.235756456,2.134847766,0.166305175,0.718345733,0.211300254,0.450061288,0.000000000,0.450063957,2.000000000,0.000000000,0.000000000,0.000000000,1.000000000,1.197474503,0.789858943,0.721555820,0.000000000,1.217191684,0.789858943,0.721555820,1,0,0,0.000000000,0.048597453,-0.379387551,0.148223896,-0.122369082,-0.015511805,0.199636189,0.313157852,12.122341865,0.017038959,-130.918615824,-0.110917982,142.886279227,44.933878633,-0.002958625,-0.000954356,-0.000161940,0.001170521,-0.001514107,0.000156776,-0.000380330,0.000000000,0.000000000,0.000000000,0.000000000,0.000000000,0.000000000,0.000000000,-0.001495685,0.000000135,0.001480646,0.000000187,-0.000515519,-0.000000571,0.000363878,0.000000000,0.000000000,0.000000000,0.000000000,0.000000000,0.000000000,0.000000000,-0.451530369,-0.058086673,0.154962958,0.026418356,0.402317027,0.350239135,0.064429614
10.701000000,0,10.701000000,sample,0.216533909,0.000002486,0.216034862,0.216034011,0.000000851,0.851287114,0.000005321,0,0,2.000000000,0.080000000,0.000000000,0.000000000,0.002019103,0.000000000,0.002649613,0.000802382,-0.000802382,0.000000000,0.002563774,0.787551199,5,48.001691601,0,0.000000000,0.410376582,0.235071944,0.418382650,0.235458083,0.625515585,0.073901494,0.790431577,0.196370149,0.510279470,0.000000000,0.510279809,2.000000000,0.000000000,0.000000000,0.000000000,1.000000000,1.156061371,0.766509440,0.712210377,0.000000000,1.275980427,0.800185393,0.732593145,1,0,0,0.000000000,0.049740584,-0.378459444,0.150676018,-0.122519065,-0.015741715,0.200000240,0.313008806,12.122549235,0.017061364,-130.918711533,-0.110673671,142.886353101,44.933920186,-0.001608487,-0.000298120,0.000783271,0.000334261,-0.001776266,-0.000034523,-0.000123597,0.000000000,0.000000000,0.000000000,0.000000000,0.000000000,0.000000000,0.000000000,-0.001374468,0.000000124,0.001360647,0.000000172,-0.000473747,-0.000000524,0.000334394,0.000000000,0.000000000,0.000000000,0.000000000,0.000000000,0.000000000,0.000000000,-0.419797172,-0.074629366,0.185535268,0.033531956,0.403731056,0.350259000,0.064934993
10.751000000,0,10.751000000,sample,0.216534056,0.000002942,0.216034711,0.216034441,0.000000269,0.269144453,0.000001682,0,0,2.000000000,0.080000000,0.000000000,0.000000000,0.005983830,0.000000000,0.005983830,0.003140138,-0.001238198,0.003140138,0.008531982,0.701341137,5,47.735116954,0,0.000000000,0.404918684,0.235771311,0.411883081,0.236057092,2.610816433,0.222489278,0.935576810,0.233699872,0.618229917,0.000000000,0.618232430,2.000000000,0.000000000,0.000000000,0.000000000,1.000000000,1.249665788,0.766214226,0.693701518,0.000000000,1.363259083,0.798015186,0.726546125,1,0,0,0.000000000,0.049939245,-0.372628536,0.150376816,-0.122591940,-0.015652042,0.200784314,0.311489197,12.122453526,0.017930515,-130.918823193,-0.110856384,142.886458080,44.934180659,0.005725983,-0.000133683,-0.001438771,-0.000742431,0.005894798,-0.000161541,0.001610578,0.000000000,0.000000000,0.000000000,0.000000000,0.000000000,0.000000000,0.000000000,0.004073387,-0.000000380,-0.004032424,-0.000000509,0.001403994,0.000001554,-0.000991008,0.000000000,0.000000000,0.000000000,0.000000000,0.000000000,0.000000000,0.000000000,-0.379649461,-0.028539942,0.238135692,0.006674392,0.395274446,0.345232797,0.063975214
10.801000000,0,10.801000000,sample,0.216533793,-0.000005267,0.216034623,0.216034006,0.000000617,0.616891000,0.000003856,0,0,2.000000000,0.080000000,0.000000000,0.000000000,0.001017531,0.000000000,0.004992750,0.000000000,0.000000000,0.000000000,0.001414188,0.719516023,3,46.133649305,0,0.000000000,0.413072501,0.234513402,0.414000149,0.235506084,0.726646275,0.074757705,0.826654613,0.200922359,0.528044609,0.000000000,0.528044665,2.000000000,0.000000000,0.000000000,0.000000000,1.000000000,1.153127059,0.710755317,0.680122393,0.000000000,1.229388814,0.773322880,0.728386137,1,0,0,0.000000000,0.047886004,-0.382365117,0.148770758,-0.122446938,-0.015348772,0.199418400,0.313057537,12.122453526,0.017442101,-130.918602670,-0.110931627,142.886541458,44.933966055,-0.000518076,-0.000480442,0.000960541,0.000745822,-0.000118230,-0.000063391,-0.000061750,0.000000000,0.000000000,0.000000000,0.000000000,0.000000000,0.000000000,0.000000000,-0.000692666,0.000000063,0.000685701,0.000000087,-0.000238745,-0.000000264,0.000168518,0.000000000,0.000000000,0.000000000,0.000000000,0.000000000,0.000000000,0.000000000,-0.320517542,-0.077819866,0.263273339,0.032491472,0.396743298,0.349146630,0.064045947
10.851000000,0,10.851000000,sample,0.216533926,0.000002657,0.216034916,0.216033975,0.000000941,0.940703945,0.000005879,0,0,2.000000000,0.080000000,0.000000000,0.000000000,0.007210215,0.000000000,0.008751290,0.001531642,-0.001531642,0.000000000,0.008556979,0.842612202,5,34.178494541,0,0.000000000,0.408372667,0.234893285,0.415162768,0.235389598,1.290478015,0.324021770,0.807771917,0.245408907,0.509394706,0.000000000,0.509401144,2.000000000,0.000000000,0.000000000,0.000000000,1.000000000,1.303399283,0.803996714,0.695680980,0.000000000,1.303399283,0.803996714,0.705331634,1,0,0,0.000000000,0.048760631,-0.376893825,0.149471339,-0.122339796,-0.015460011,0.199922029,0.312955902,12.122448994,0.016977797,-130.918711533,-0.110946528,142.886533284,44.933925875,0.004675115,-0.002287857,-0.004480100,-0.000087405,0.005002613,0.000171041,0.000998281,0.000000000,0.000000000,0.000000000,0.000000000,0.000000000,0.000000000,0.000000000,0.004908226,-0.000000440,-0.004858868,-0.000000614,0.001691744,0.000001874,-0.001194116,0.000000000,0.000000000,0.000000000,0.000000000,0.000000000,0.000000000,0.000000000,-0.414832364,-0.004710923,0.162555300,-0.002548766,0.403875860,0.344292455,0.061483460
10.901000000,0,10.901000000,sample,0.216534038,0.000002249,0.216034975,0.216034156,0.000000820,0.819680048,0.000005123,0,0,2.000000000,0.080000000,0.000000000,0.000000000,0.000704538,0.000000000,0.009796600,0.005817583,-0.004403591,0.005817583,0.002194913,0.320986617,5,38.381771149,0,0.000000000,0.408295581,0.234810629,0.413155621,0.235444618,0.941826937,0.128902821,0.779877088,0.222011112,0.521676951,0.000000000,0.521675243,2.000000000,0.000000000,0.000000000,0.000000000,1.000000000,1.165426403,0.758443817,0.703965948,0.000000000,1.356472415,0.818623676,0.716567674,1,0,0,0.000000000,0.050964586,-0.375684173,0.151556242,-0.122416961,-0.015942421,0.199739726,0.312649864,12.122548676,0.017139079,-130.918823193,-0.110869589,142.886263426,44.933532941,-0.000674331,-0.000452417,-0.001076453,-0.000747962,0.001359815,-0.000271765,-0.000719089,0.000000000,0.000000000,0.000000000,0.000000000,0.000000000,0.000000000,0.000000000,0.000479601,-0.000000043,-0.000474778,-0.000000060,0.000165307,0.000000183,-0.000116682,0.000000000,0.000000000,0.000000000,0.000000000,0.000000000,0.000000000,0.000000000,-0.406568029,-0.070527303,0.190228023,0.026514371,0.401269877,0.351403621,0.062487291
10.951000000,0,10.951000000,sample,0.216533805,-0.000004664,0.216034769,0.216033886,0.000000883,0.882856132,0.000005518,0,0,2.000000000,0.080000000,0.000000000,0.000000000,0.000401119,0.000000000,0.005088681,0.001133051,-0.001133051,0.000000000,0.001335372,0.300379806,4,48.572928959,0,0.000000000,0.408121112,0.234453799,0.413468645,0.235067937,0.725525861,0.097797361,0.792235527,0.212674364,0.503829499,0.000000000,0.503830292,2.000000000,0.000000000,0.000000000,0.000000000,1.000000000,1.147706461,0.789878264,0.734932704,0.000000000,1.358076297,0.807499943,0.736589558,1,0,0,0.000000000,0.048121841,-0.376919753,0.148924915,-0.122336833,-0.015404904,0.199411564,0.312868394,12.122453526,0.017067644,-130.918615824,-0.110985479,142.886498258,44.933446876,-0.000443546,-0.000215902,-0.000081421,0.000930678,-0.000082775,-0.000008677,0.000812499,0.000000000,0.000000000,0.000000000,0.000000000,0.000000000,0.000000000,0.000000000,-0.000273054,0.000000025,0.000270309,0.000000034,-0.000094115,-0.000000104,0.000066431,0.000000000,0.000000000,0.000000000,0.000000000,0.000000000,0.000000000,0.000000000,-0.474954439,-0.083122370,0.116774170,0.038479288,0.406067376,0.351180831,0.065570416
11.001000000,0,11.001000000,sample,0.216533901,0.000001931,0.216034880,0.216033988,0.000000892,0.891989691,0.000005575,0,0,2.000000000,0.080000000,0.000000000,0.000000000,0.002261700,0.000000000,0.005026950,0.005026950,-0.005026950,0.000371189,0.002626525,0.861099899,3,46.977767280,0,0.000000000,0.409574862,0.234611695,0.412846770,0.235216472,0.643097974,0.109258586,0.839836986,0.197669602,0.566449815,0.000000000,0.566450900,2.000000000,0.000000000,0.000000000,0.000000000,1.000000000,1.195805694,0.736608520,0.680368643,0.000000000,1.204339767,0.786386056,0.731064343,1,0,0,0.000000000,0.050333988,-0.377104771,0.151690635,-0.122444446,-0.015921449,0.199490633,0.312917388,12.122644944,0.017020775,-130.918711533,-0.110783570,142.886269673,44.933366994,-0.001471187,0.000814512,0.001800229,-0.000140309,-0.000558021,-0.000491416,-0.000507370,0.000000000,0.000000000,0.000000000,0.000000000,0.000000000,0.000000000,0.000000000,-0.001539611,0.000000138,0.001524128,0.000000192,-0.000530672,-0.000000587,0.000374574,0.000000000,0.000000000,0.000000000,0.000000000,0.000000000,0.000000000,0.000000000,-0.346250309,-0.056967144,0.222960259,0.022225082,0.404036601,0.349449567,0.064816297
11.051000000,0,11.051000000,sample,0.216533921,0.000000391,0.216034745,0.216034132,0.000000613,0.613316034,0.000003833,0,0,2.000000000,0.080000000,0.000000000,0.000000000,0.003576421,0.000000000,0.004935148,0.004693266,-0.003531633,0.004693266,0.003901980,0.916565674,3,63.643590486,0,0.000000000,0.407840787,0.234679383,0.412606469,0.235103927,1.027052375,0.149532877,0.839032860,0.188280835,0.540300459,0.000000000,0.540300680,2.000000000,0.000000000,0.000000000,0.000000000,1.000000000,1.157264489,0.763145462,0.713280490,0.000000000,1.195441722,0.763145462,0.713280490,1,0,0,0.000000000,0.048622259,-0.376696941,0.148557728,-0.122402004,-0.015406267,0.199636693,0.312436133,12.122341866,0.017460573,-130.918711533,-0.111013365,142.886480946,44.933646192,-0.001691459,-0.000861581,0.003112880,0.000407619,-0.001323640,-0.000061077,0.000100820,0.000000000,0.000000000,0.000000000,0.000000000,0.000000000,0.000000000,0.000000000,-0.002434587,0.000000223,0.002410105,0.000000305,-0.000839134,-0.000000930,0.000592302,0.000000000,0.000000000,0.000000000,0.000000000,0.000000000,0.000000000,0.000000000,-0.417714648,-0.073825270,0.194493106,0.027495131,0.403306581,0.351171127,0.065363984
11.101000000,0,11.101000000,sample,0.216534067,0.000002917,0.216034958,0.216034223,0.000000735,0.735020019,0.000004594,0,0,2.000000000,0.080000000,0.000000000,0.000000000,0.000089903,0.000000000,0.008832152,0.003090720,-0.003090720,0.001399959,0.001042038,0.086275746,2,57.795681743,0,0.000000000,0.408670580,0.234950933,0.410670965,0.235475769,0.558945545,0.045030600,0.829790058,0.208054775,0.550963169,0.000000000,0.550963163,2.000000000,0.000000000,0.000000000,0.000000000,1.000000000,1.182127652,0.771121373,0.718959294,0.000000000,1.199633278,0.793758063,0.736426036,1,0,0,0.000000000,0.050112221,-0.376038753,0.151971262,-0.122460312,-0.015725711,0.199895260,0.312560982,12.122644938,0.017256833,-130.918823193,-0.110841484,142.886576371,44.933692847,0.000113686,0.000792194,-0.000070338,-0.000351696,0.000086574,0.000444677,0.000333884,0.000000000,0.000000000,0.000000000,0.000000000,0.000000000,0.000000000,0.000000000,0.000061200,-0.000000006,-0.000060584,-0.000000008,0.000021094,0.000000023,-0.000014889,0.000000000,0.000000000,0.000000000,0.000000000,0.000000000,0.000000000,0.000000000,-0.428245778,-0.063927167,0.212831629,0.033387592,0.395039013,0.350014987,0.066655763
11.151000000,0,11.151000000,sample,0.216533805,-0.000005239,0.216034797,0.216033864,0.000000933,0.932861149,0.000005830,0,0,2.000000000,0.080000000,0.000000000,0.000000000,0.000590727,0.000000000,0.001555172,0.000000000,0.000000000,0.000000000,0.001930422,0.306009243,3,31.714995077,0,0.000000000,0.408631161,0.234800743,0.413617613,0.234948001,0.680733933,0.103378252,0.793789368,0.215802325,0.520627324,0.000000000,0.520627407,2.000000000,0.000000000,0.000000000,0.000000000,1.000000000,0.968209441,0.705515076,0.714527397,0.000000000,1.189680570,0.766550692,0.716433276,1,0,0,0.000000000,0.048415635,-0.377082710,0.149813157,-0.122456522,-0.015500529,0.199738636,0.312977477,12.122549403,0.016955973,-130.918615824,-0.110745726,142.886498929,44.933582190,0.000012370,0.001087001,-0.001087138,0.000853261,-0.000108804,-0.000239348,0.000752168,0.000000000,0.000000000,0.000000000,0.000000000,0.000000000,0.000000000,0.000000000,0.000402127,-0.000000036,-0.000398083,-0.000000050,0.000138604,0.000000153,-0.000097834,0.000000000,0.000000000,0.000000000,0.000000000,0.000000000,0.000000000,0.000000000,-0.388641819,-0.160087452,0.190423452,0.068636879,0.403421727,0.354995222,0.064312790
11.201000000,0,11.201000000,sample,0.216533803,-0.000000045,0.216034764,0.216033893,0.000000871,0.870736739,0.000005442,0,0,2.000000000,0.080000000,0.000000000,0.000000000,0.002713745,0.000000000,0.004664189,0.004664189,-0.004664189,0.000000000,0.005146626,0.527286121,3,85.376969446,0,0.000000000,0.407135012,0.234677583,0.413806684,0.235202209,3.217899005,0.351022720,0.681201352,0.245951244,0.484217496,0.000000000,0.484216378,2.000000000,0.000000000,0.000000000,0.000000000,1.000000000,1.225289845,0.725545463,0.670668447,0.000000000,1.225289845,0.768090765,0.714098523,1,0,0,0.000000000,0.048480604,-0.375460071,0.149794138,-0.122391945,-0.015519502,0.199631974,0.312699033,12.122543192,0.017069855,-130.918615824,-0.110893280,142.886473532,44.933426274,-0.001099883,0.001214696,-0.004755465,0.000523155,0.000828560,-0.000283466,-0.000384093,0.000000000,0.000000000,0.000000000,0.000000000,0.000000000,0.000000000,0.000000000,0.001847332,-0.000000166,-0.001828756,-0.000000231,0.000636734,0.000000705,-0.000449438,0.000000000,0.000000000,0.000000000,0.000000000,0.000000000,0.000000000,0.000000000,-0.293818257,-0.047514310,0.271095085,0.020713076,0.402726403,0.347922497,0.063633264
11.251000000,0,11.251000000,sample,0.216533805,0.000000051,0.216034709,0.216033965,0.000000744,0.744146399,0.000004651,0,0,2.000000000,0.080000000,0.000000000,0.000000000,0.000077964,0.000000000,0.008520652,0.000000000,0.000000000,0.000000000,0.002346430,0.033226493,2,55.070958141,0,0.000000000,0.409969338,0.234373999,0.415439027,0.235067645,1.235792536,0.103955804,0.793311055,0.212074361,0.536593178,0.000000000,0.536592737,2.000000000,0.000000000,0.000000000,0.000000000,1.000000000,1.204605624,0.773065821,0.702789914,0.000000000,1.223310542,0.806108266,0.729628209,1,0,0,0.000000000,0.049048167,-0.377687850,0.151726806,-0.122434910,-0.015706207,0.199233981,0.312749108,12.122756101,0.017250746,-130.918615824,-0.110883569,142.886500675,44.933247285,-0.001044474,0.001741281,-0.000716343,0.000428306,0.000075525,-0.000194070,-0.000801739,0.000000000,0.000000000,0.000000000,0.000000000,0.000000000,0.000000000,0.000000000,-0.000053072,0.000000005,0.000052539,0.000000007,-0.000018293,-0.000000020,0.000012912,0.000000000,0.000000000,0.000000000,0.000000000,0.000000000,0.000000000,0.000000000,-0.416616757,-0.052317482,0.175122673,0.023542581,0.400883739,0.348761689,0.063579332
11.301000000,0,11.301000000,sample,0.216533925,0.000002389,0.216034852,0.216034038,0.000000814,0.814489637,0.000005091,0,0,2.000000000,0.080000000,0.000000000,0.000000000,0.001155487,0.000000000,0.001796561,0.000814400,-0.000814400,0.000000000,0.001620852,0.712888321,1,73.059344227,0,0.000000000,0.410134009,0.234656950,0.414971246,0.234897910,0.515828976,0.020188398,0.841583397,0.202611062,0.546680056,0.000000000,0.546680391,2.000000000,0.000000000,0.000000000,0.000000000,1.000000000,1.183889135,0.758158610,0.692325811,0.000000000,1.204973980,0.771567207,0.704955969,1,0,0,0.000000000,0.048827153,-0.378770046,0.149529485,-0.122456710,-0.015477477,0.199571255,0.312976937,12.122453352,0.017136883,-130.918711533,-0.110808599,142.886521739,44.933641439,0.001385420,-0.000339526,-0.000429671,-0.000177974,0.000097254,0.000044103,0.000603988,0.000000000,0.000000000,0.000000000,0.000000000,0.000000000,0.000000000,0.000000000,0.000786577,-0.000000071,-0.000778667,-0.000000098,0.000271114,0.000000300,-0.000191365,0.000000000,0.000000000,0.000000000,0.000000000,0.000000000,0.000000000,0.000000000,-0.388542969,-0.061625466,0.177555350,0.024751309,0.407322979,0.350065820,0.062889386
11.351000000,0,11.351000000,sample,0.216533793,-0.000002627,0.216034725,0.216033918,0.000000807,0.807416753,0.000005046,0,0,2.000000000,0.080000000,0.000000000,0.000000000,0.000584190,0.000000000,0.005090204,0.003679010,-0.003679010,0.000606243,0.001857436,0.314514012,1,47.978367194,0,0.000000000,0.404455921,0.235257354,0.410292437,0.235257354,1.150708053,0.161484373,0.752676537,0.223220111,0.492165066,0.000000000,0.492164762,2.000000000,0.000000000,0.000000000,0.000000000,1.000000000,1.191857203,0.732937097,0.685866189,0.000000000,1.207195640,0.816536726,0.744608387,1,0,0,0.000000000,0.048857930,-0.372418678,0.150006077,-0.122418783,-0.015626875,0.200288455,0.312276990,12.122549235,0.017158241,-130.918615824,-0.110876677,142.886371359,44.933733643,-0.001286579,-0.000285803,-0.000770890,0.000191123,-0.000283647,-0.000231966,0.000973671,0.000000000,0.000000000,0.000000000,0.000000000,0.000000000,0.000000000,0.000000000,-0.000397677,0.000000036,0.000393678,0.000000050,-0.000137070,-0.000000152,0.000096751,0.000000000,0.000000000,0.000000000,0.000000000,0.000000000,0.000000000,0.000000000,-0.328681202,-0.060007154,0.261947457,0.018509245,0.404032721,0.350068504,0.063488415
11.401000000,0,11.401000000,sample,0.216533805,0.000000237,0.216034730,0.216033917,0.000000813,0.812702193,0.000005079,0,0,2.000000000,0.080000000,0.000000000,0.000000000,0.000450095,0.000000000,0.003438990,0.002017201,-0.002017201,0.000459299,0.001993931,0.225732290,1,47.244407487,0,0.000000000,0.409291781,0.234443854,0.410218551,0.235456812,1.365478085,0.119942838,0.855677400,0.194380341,0.547908542,0.000000000,0.547907940,2.000000000,0.000000000,0.000000000,0.000000000,1.000000000,1.177834287,0.765169770,0.712426189,0.000000000,1.217488126,0.787969244,0.727412467,1,0,0,0.000000000,0.047780085,-0.378637655,0.147886280,-0.122378691,-0.015291303,0.199382930,0.312949937,12.122341860,0.017162863,-130.918615824,-0.110949952,142.886500400,44.933564622,0.001370520,-0.001174729,0.000645438,0.000356662,0.000064338,-0.000157387,0.000380447,0.000000000,0.000000000,0.000000000,0.000000000,0.000000000,0.000000000,0.000000000,0.000306394,-0.000000028,-0.000303313,-0.000000038,0.000105605,0.000000117,-0.000074541,0.000000000,0.000000000,0.000000000,0.000000000,0.000000000,0.000000000,0.000000000,-0.413497472,-0.062272534,0.206586674,0.019163092,0.404051073,0.348993244,0.067780640
11.451000000,0,11.451000000,sample,0.216534033,0.000004563,0.216034999,0.216034125,0.000000875,0.874676547,0.000005467,0,0,2.000000000,0.080000000,0.000000000,0.000000000,0.000354394,0.000000000,0.003002101,0.002201824,-0.002201824,0.001458581,0.001149325,0.308350197,1,38.725819553,0,0.000000000,0.407474897,0.234683731,0.410397673,0.235266001,0.557836477,0.055917518,0.803943675,0.207116097,0.538300108,0.000000000,0.538299632,2.000000000,0.000000000,0.000000000,0.000000000,1.000000000,1.175701976,0.752276323,0.701513981,0.000000000,1.190799264,0.775598438,0.717705410,1,0,0,0.000000000,0.051153023,-0.374732078,0.151641122,-0.122373295,-0.015995241,0.199613082,0.312627264,12.122549235,0.017067633,-130.918823193,-0.110917254,142.886211176,44.933351810,-0.000715226,0.000003790,-0.000018759,-0.000501190,0.000092653,-0.000444807,-0.000592793,0.000000000,0.000000000,0.000000000,0.000000000,0.000000000,0.000000000,0.000000000,-0.000241248,0.000000022,0.000238822,0.000000030,-0.000083152,-0.000000092,0.000058693,0.000000000,0.000000000,0.000000000,0.000000000,0.000000000,0.000000000,0.000000000,-0.376150563,-0.066040308,0.235293551,0.029417602,0.404027987,0.349889613,0.066192835
11.501000000,0,11.501000000,sample,0.216533683,-0.000007002,0.216034631,0.216033791,0.000000841,0.840752269,0.000005255,0,0,2.000000000,0.080000000,0.000000000,0.000000000,0.000388255,0.000000000,0.006298009,0.000397378,-0.000397378,0.000000000,0.001580644,0.245630627,4,48.000681311,0,0.000000000,0.407456000,0.234625120,0.411704164,0.234975556,0.607413328,0.050869341,0.800771650,0.202591063,0.514960349,0.000000000,0.514960824,2.000000000,0.000000000,0.000000000,0.000000000,1.000000000,1.173659013,0.779348689,0.713956861,0.000000000,1.196724202,0.788902788,0.721984404,1,0,0,0.000000000,0.047789768,-0.376122979,0.149224779,-0.122563674,-0.015449934,0.199470280,0.312743632,12.122547724,0.017066103,-130.918520115,-0.110608697,142.886453781,44.933078176,-0.000017740,-0.000031880,-0.000208470,0.001095110,0.000423936,-0.000367081,-0.000969489,0.000000000,0.000000000,0.000000000,0.000000000,0.000000000,0.000000000,0.000000000,0.000264297,-0.000000024,-0.000261640,-0.000000033,0.000091097,0.000000101,-0.000064301,0.000000000,0.000000000,0.000000000,0.000000000,0.000000000,0.000000000,0.000000000,-0.432574912,-0.066436477,0.150927288,0.024885363,0.410177118,0.349767196,0.064952697
11.551000000,0,11.551000000,sample,0.216533902,0.000004372,0.216034819,0.216034029,0.000000790,0.789906402,0.000004937,0,0,2.000000000,0.080000000,0.000000000,0.000000000,0.000062686,0.000000000,0.004562064,0.002646909,-0.002646909,0.000000000,0.001353390,0.046318035,2,58.808600151,0,0.000000000,0.409292325,0.234514208,0.411041823,0.235002898,1.034254033,0.106389107,0.817798593,0.202724398,0.517374842,0.000000000,0.517374636,2.000000000,0.000000000,0.000000000,0.000000000,1.000000000,1.170717522,0.757249174,0.704094129,0.000000000,1.211952379,0.774063366,0.716479686,1,0,0,0.000000000,0.049396324,-0.378042519,0.148876001,-0.122401404,-0.015615124,0.199426623,0.312855069,12.122341866,0.017189949,-130.918711533,-0.110917254,142.886272481,44.933513213,0.000286502,-0.001037871,0.000328365,0.000684123,0.000046936,0.000110230,0.000286713,0.000000000,0.000000000,0.000000000,0.000000000,0.000000000,0.000000000,0.000000000,-0.000042673,0.000000004,0.000042244,0.000000005,-0.000014708,-0.000000016,0.000010382,0.000000000,0.000000000,0.000000000,0.000000000,0.000000000,0.000000000,0.000000000,-0.398037075,-0.068592897,0.197612684,0.024440678,0.405893256,0.352105214,0.065073093
11.601000000,0,11.601000000,sample,0.216533970,0.000001371,0.216034988,0.216034013,0.000000974,0.974438719,0.000006090,0,0,2.000000000,0.080000000,0.000000000,0.000000000,0.000028842,0.000000000,0.004058711,0.000980562,-0.000980562,0.000000000,0.004678189,0.006165178,4,91.804149982,0,0.000000000,0.409880935,0.234397911,0.411504871,0.235083834,3.318494308,0.334634877,0.886991107,0.213980037,0.663018542,0.000000000,0.663028809,2.000000000,0.000000000,0.000000000,0.000000000,1.000000000,1.145806480,0.737120025,0.695703620,0.000000000,1.202456476,0.791102029,0.723381826,1,0,0,0.000000000,0.050181247,-0.377070194,0.152650882,-0.122294645,-0.015849071,0.199336920,0.313022882,12.122756605,0.016938855,-130.918750996,-0.111005378,142.886492155,44.933416226,0.000041091,0.001151784,-0.000169505,-0.004482383,-0.000365651,-0.000190817,0.000516294,0.000000000,0.000000000,0.000000000,0.000000000,0.000000000,0.000000000,0.000000000,-0.000019634,0.000000002,0.000019436,0.000000002,-0.000006767,-0.000000008,0.000004777,0.000000000,0.000000000,0.000000000,0.000000000,0.000000000,0.000000000,0.000000000,-0.369328080,-0.081165043,0.211727271,0.035828182,0.407635087,0.352457672,0.067139115
11.651000000,0,11.651000000,sample,0.216534056,0.000001713,0.216034999,0.216034146,0.000000854,0.853613221,0.000005335,0,0,2.000000000,0.080000000,0.000000000,0.000000000,0.000037015,0.000000000,0.007588102,0.006682133,-0.006682133,0.000709810,0.002933052,0.012619897,2,81.687432436,0,0.000000000,0.405497995,0.235017758,0.410164943,0.235550554,1.604566114,0.166573061,0.797817636,0.209249803,0.496647852,0.000000000,0.496647160,2.000000000,0.000000000,0.000000000,0.000000000,1.000000000,1.405422173,0.802460088,0.694957230,0.000000000,1.405422173,0.802460088,0.714714962,1,0,0,0.000000000,0.049594606,-0.373725280,0.149326536,-0.122382258,-0.015538022,0.200036246,0.312485408,12.122340355,0.017098389,-130.918823193,-0.110918007,142.886458774,44.933664556,0.000387384,-0.002650925,0.000154282,0.000179311,-0.000013289,0.000008484,0.001170095,0.000000000,0.000000000,0.000000000,0.000000000,0.000000000,0.000000000,0.000000000,-0.000025197,0.000000002,0.000024944,0.000000003,-0.000008685,-0.000000010,0.000006130,0.000000000,0.000000000,0.000000000,0.000000000,0.000000000,0.000000000,0.000000000,-0.375263432,0.045840388,0.241679705,-0.048027403,0.397829815,0.341722078,0.065447042
11.701000000,0,11.701000000,sample,0.216533904,-0.000003050,0.216034871,0.216033993,0.000000878,0.878046550,0.000005488,0,0,2.000000000,0.080000000,0.000000000,0.000000000,0.000312400,0.000000000,0.004436686,0.000408661,-0.000408661,0.000000000,0.000803603,0.388749452,3,35.343789851,0,0.000000000,0.410835241,0.234505893,0.412911673,0.235105934,0.387774554,0.052003778,0.806664490,0.207229175,0.519462959,0.000000000,0.519463081,2.000000000,0.000000000,0.000000000,0.000000000,1.000000000,1.153071747,0.757424598,0.705163914,0.000000000,1.427456512,0.813273143,0.706376591,1,0,0,0.000000000,0.049967297,-0.378889914,0.150769021,-0.122357108,-0.015802549,0.199429264,0.313077901,12.122549235,0.017067633,-130.918711533,-0.110945442,142.886291958,44.933641439,0.000158755,-0.000329465,-0.000477747,0.000234864,-0.000209460,0.000116928,0.000413616,0.000000000,0.000000000,0.000000000,0.000000000,0.000000000,0.000000000,0.000000000,0.000212661,-0.000000019,-0.000210522,-0.000000027,0.000073299,0.000000081,-0.000051738,0.000000000,0.000000000,0.000000000,0.000000000,0.000000000,0.000000000,0.000000000,-0.405487715,-0.077281268,0.182572599,0.040651965,0.405551491,0.350614676,0.066898913
11.751000000,0,11.751000000,sample,0.216534052,0.000002961,0.216034992,0.216034153,0.000000839,0.839211845,0.000005245,0,0,2.000000000,0.080000000,0.000000000,0.000000000,0.001286146,0.000000000,0.004253134,0.000384379,-0.000384379,0.000000000,0.002102139,0.611827298,3,75.945225675,0,0.000000000,0.408235667,0.234678662,0.412373207,0.235095601,1.158459761,0.090643353,0.872616041,0.196278300,0.578461249,0.000000000,0.578462407,2.000000000,0.000000000,0.000000000,0.000000000,1.000000000,1.159647878,0.777133082,0.715142857,0.000000000,1.170190465,0.779405843,0.715297393,1,0,0,0.000000000,0.050134162,-0.376175231,0.150449728,-0.122470550,-0.015701025,0.199570831,0.312738160,12.122453526,0.017094494,-130.918823193,-0.110769107,142.886410483,44.933328882,0.000208484,-0.000116644,0.001831942,-0.000564544,-0.000282785,-0.000131030,0.000768154,0.000000000,0.000000000,0.000000000,0.000000000,0.000000000,0.000000000,0.000000000,-0.000875521,0.000000079,0.000866717,0.000000109,-0.000301770,-0.000000334,0.000213004,0.000000000,0.000000000,0.000000000,0.000000000,0.000000000,0.000000000,0.000000000,-0.443363720,-0.074237320,0.119764438,0.029900322,0.409210246,0.350024424,0.064335568
11.801000000,0,11.801000000,sample,0.216533913,-0.000002778,0.216034849,0.216034035,0.000000814,0.813946617,0.000005087,0,0,2.000000000,0.080000000,0.000000000,0.000000000,0.001043459,0.000000000,0.004965556,0.004965556,-0.001183011,0.004965556,0.003600688,0.289794409,3,73.293218353,0,0.000000000,0.408350965,0.234498258,0.410418610,0.235415204,2.637428892,0.280351457,0.946824761,0.177650509,0.646592434,0.000000000,0.646591576,2.000000000,0.000000000,0.000000000,0.000000000,1.000000000,1.192395188,0.753791688,0.693599952,0.000000000,1.205073224,0.782712900,0.714934297,1,0,0,0.000000000,0.049880439,-0.375910452,0.151505063,-0.122393743,-0.015799776,0.199398024,0.312661400,12.122644944,0.017155486,-130.918711533,-0.110917254,142.886391169,44.933257182,0.001619369,0.000795047,0.003082601,-0.000222603,-0.000206753,-0.000318391,0.000119973,0.000000000,0.000000000,0.000000000,0.000000000,0.000000000,0.000000000,0.000000000,-0.000710316,0.000000064,0.000703172,0.000000089,-0.000244831,-0.000000271,0.000172814,0.000000000,0.000000000,0.000000000,0.000000000,0.000000000,0.000000000,0.000000000,-0.373223091,-0.057988131,0.222337661,0.025204208,0.402822658,0.349302322,0.063838078
11.851000000,0,11.851000000,sample,0.216533920,0.000000153,0.216034850,0.216034040,0.000000810,0.810360405,0.000005065,0,0,2.000000000,0.080000000,0.000000000,0.000000000,0.001549159,0.000000000,0.008369086,0.005424893,-0.002904358,0.005424893,0.003360083,0.461047999,1,81.448166957,0,0.000000000,0.409161059,0.234349876,0.409540509,0.235286708,1.986558419,0.303185381,0.913108284,0.169049738,0.615685357,0.000000000,0.615683059,2.000000000,0.000000000,0.000000000,0.000000000,1.000000000,1.171546591,0.757398193,0.708895076,0.000000000,1.235355006,0.812660953,0.740714640,1,0,0,0.000000000,0.049288143,-0.377274376,0.150490851,-0.122396141,-0.015621182,0.199236110,0.312802549,12.122549235,0.017160791,-130.918711533,-0.110917544,142.886474258,44.933242115,0.003032429,0.000291736,0.000739433,0.000100198,-0.000727571,-0.000242478,-0.000929766,0.000000000,0.000000000,0.000000000,0.000000000,0.000000000,0.000000000,0.000000000,0.001054562,-0.000000095,-0.001043957,-0.000000132,0.000363484,0.000000403,-0.000256565,0.000000000,0.000000000,0.000000000,0.000000000,0.000000000,0.000000000,0.000000000,-0.396789145,-0.067258962,0.229411077,0.026369786,0.400199513,0.350458378,0.065278656
11.901000000,0,11.901000000,sample,0.216533926,0.000000120,0.216034890,0.216034009,0.000000881,0.881392879,0.000005509,0,0,2.000000000,0.080000000,0.000000000,0.000000000,0.001153546,0.000000000,0.002295025,0.000000000,0.000000000,0.000000000,0.002099586,0.549415628,3,65.050894255,0,0.000000000,0.409703446,0.234241036,0.414320569,0.234850273,1.162391985,0.072600041,0.778013503,0.211435623,0.517990958,0.000000000,0.517990352,2.000000000,0.000000000,0.000000000,0.000000000,1.000000000,1.187695865,0.752927293,0.690903685,0.000000000,1.251799373,0.792478534,0.733363636,1,0,0,0.000000000,0.049036902,-0.377951774,0.150348771,-0.122359454,-0.015550917,0.199136125,0.312980685,12.122544703,0.017063112,-130.918711533,-0.110945442,142.886539820,44.933247200,-0.000294144,0.000452356,-0.001693403,-0.000375590,0.000201944,0.000270461,-0.000997248,0.000000000,0.000000000,0.000000000,0.000000000,0.000000000,0.000000000,0.000000000,0.000785255,-0.000000071,-0.000777359,-0.000000098,0.000270660,0.000000300,-0.000191045,0.000000000,0.000000000,0.000000000,0.000000000,0.000000000,0.000000000,0.000000000,-0.375205059,-0.060698751,0.204409052,0.028373770,0.404753437,0.349832261,0.063942469
11.951000000,0,11.951000000,sample,0.216533899,-0.000000543,0.216034917,0.216033954,0.000000964,0.963700091,0.000006023,0,0,2.000000000,0.080000000,0.000000000,0.000000000,0.001790778,0.000000000,0.005983767,0.003090924,-0.003090924,0.000000000,0.002528286,0.708296946,3,40.980985411,0,0.000000000,0.406288710,0.235093021,0.412925466,0.235192088,0.949869874,0.159778333,0.812257578,0.221106549,0.553864672,0.000000000,0.553864162,2.000000000,0.000000000,0.000000000,0.000000000,1.000000000,1.138199223,0.745329251,0.700274860,0.000000000,1.266852777,0.785120048,0.703682454,1,0,0,0.000000000,0.050732370,-0.373058695,0.152721813,-0.122350528,-0.016051795,0.200103514,0.312581303,12.122752072,0.016937976,-130.918711533,-0.110908023,142.886244771,44.933662111,0.000842739,0.001277023,-0.001618518,-0.000096612,0.000905239,-0.000578438,0.000517931,0.000000000,0.000000000,0.000000000,0.000000000,0.000000000,0.000000000,0.000000000,0.001219038,-0.000000109,-0.001206779,-0.000000152,0.000420180,0.000000465,-0.000296584,0.000000000,0.000000000,0.000000000,0.000000000,0.000000000,0.000000000,0.000000000,-0.378812650,-0.083272323,0.222163393,0.036985723,0.402413513,0.351339917,0.062053906
12.001000000,0,12.001000000,sample,0.216533778,-0.000002416,0.216034817,0.216033790,0.000001027,1.026737694,0.000006417,1,1,2.000000000,0.080000000,2.000000000,-0.000833817,0.000416908,-0.000416908,0.007459781,0.005245555,-0.005245555,0.000000000,0.002429992,0.171567784,7,51.015984549,1,46.339715807,0.404047216,0.234541738,0.410865704,0.235476698,1.268101967,0.052428057,0.745523128,0.203282572,0.481196504,2.000000000,2.057073456,2.000000000,0.000000000,0.000000000,0.000000000,1.000000000,1.182010180,0.762564800,0.698148872,0.316175334,1.182010180,0.814282161,0.744339415,1,0,0,0.000000000,0.048816170,-0.372651677,0.148330247,-0.122291923,-0.015581907,0.199528736,0.312626275,12.122341866,0.016860035,-130.918615824,-0.110986153,142.886209512,44.933118975,-0.000888811,-0.000321122,-0.001187596,0.000687319,-0.000280049,-0.000195232,-0.001735633,-0.680732810,0.000060792,0.673887951,0.000085190,-0.234628239,-0.000260037,0.165612145,0.000283803,-0.000000025,-0.000280950,-0.000000036,0.000097818,0.000000108,-0.000069045,-1.361465619,0.000121584,1.347775901,0.000170380,-0.469256479,-0.000520074,0.331224290,-0.389020030,-0.062136568,0.202160788,0.027236847,0.405784845,0.349257187,0.062940900
12.051000000,0,12.051000000,sample,0.216534048,0.000005387,0.216034997,0.216034145,0.000000853,0.852937416,0.000005331,0,0,2.000000000,0.080000000,0.000000000,0.000000000,0.000342211,0.000000000,0.004084447,0.001554712,-0.000402357,0.001554712,0.001345122,0.254409085,7,45.552458548,0,0.000000000,0.409403745,0.234852484,0.412075733,0.235144875,0.344120235,0.040673213,0.831335588,0.210506498,0.544152959,0.000000000,0.544153042,2.000000000,0.000000000,0.000000000,0.000000000,1.000000000,1.165507985,0.762482548,0.703781651,0.000000000,1.230768011,0.774025659,0.710842844,1,0,0,0.000000000,0.050547552,-0.377314189,0.150633246,-0.122488555,-0.015806014,0.199755883,0.312884967,12.122453526,0.017067633,-130.918827578,-0.110727029,142.886309522,44.933600640,0.000043946,-0.000589562,0.000419728,-0.000623344,0.000259993,-0.000057522,0.000907857,0.000000000,0.000000000,0.000000000,0.000000000,0.000000000,0.000000000,0.000000000,-0.000232954,0.000000021,0.000230612,0.000000029,-0.000080293,-0.000000089,0.000056675,0.000000000,0.000000000,0.000000000,0.000000000,0.000000000,0.000000000,0.000000000,-0.402194897,-0.071246990,0.193518129,0.037358714,0.403703506,0.350062573,0.064081795
12.101000000,0,12.101000000,sample,0.216533791,-0.000005125,0.216034759,0.216033875,0.000000884,0.883642595,0.000005523,0,0,2.000000000,0.080000000,0.000000000,0.000000000,0.000352629,0.000000000,0.003548358,0.000845072,-0.000845072,0.000775336,0.001798977,0.196016626,7,72.390231883,0,0.000000000,0.408410785,0.234448872,0.412406561,0.235279099,0.480813868,0.124516745,0.793853698,0.218754355,0.514832107,0.000000000,0.514832552,2.000000000,0.000000000,0.000000000,0.000000000,1.000000000,1.163438558,0.752108581,0.700590528,0.000000000,1.288638513,0.769989023,0.711191689,1,0,0,0.000000000,0.048663594,-0.377075156,0.149149422,-0.122330924,-0.015551995,0.199397979,0.312886483,12.122453526,0.017067578,-130.918615824,-0.110993023,142.886351129,44.933457024,-0.000433552,0.000198198,-0.000355398,0.000607949,-0.000184734,-0.000369125,0.001530613,0.000000000,0.000000000,0.000000000,0.000000000,0.000000000,0.000000000,0.000000000,-0.000240046,0.000000022,0.000237632,0.000000030,-0.000082738,-0.000000092,0.000058400,0.000000000,0.000000000,0.000000000,0.000000000,0.000000000,0.000000000,0.000000000,-0.397677243,-0.069897630,0.195107531,0.028418975,0.403050955,0.349403122,0.066234576
12.151000000,0,12.151000000,sample,0.216533796,0.000000090,0.216034715,0.216033932,0.000000782,0.782262864,0.000004889,0,0,2.000000000,0.080000000,0.000000000,0.000000000,0.002737991,0.000000000,0.004023734,0.001687554,-0.001687554,0.000000000,0.003907595,0.700684523,3,45.919544584,0,0.000000000,0.404719252,0.235011330,0.412751936,0.235114835,0.992244354,0.107454926,0.829167495,0.212753199,0.529369648,0.000000000,0.529370970,2.000000000,0.000000000,0.000000000,0.000000000,1.000000000,1.262988656,0.790251353,0.706390493,0.000000000,1.262988656,0.790251353,0.706390493,1,0,0,0.000000000,0.048754812,-0.372735666,0.149962543,-0.122427675,-0.015599012,0.199996150,0.312273127,12.122549235,0.017194424,-130.918615824,-0.110876056,142.886399887,44.933472414,-0.001767692,0.000765713,0.002647941,0.001691980,0.001220297,0.000382366,0.000220301,0.000000000,0.000000000,0.000000000,0.000000000,0.000000000,0.000000000,0.000000000,-0.001863838,0.000000169,0.001845096,0.000000233,-0.000642422,-0.000000711,0.000453453,0.000000000,0.000000000,0.000000000,0.000000000,0.000000000,0.000000000,0.000000000,-0.435986062,-0.017374604,0.143122409,-0.022113810,0.407464330,0.342409453,0.066010208
12.201000000,0,12.201000000,sample,0.216533788,-0.000000164,0.216034788,0.216033846,0.000000942,0.941765243,0.000005886,0,0,2.000000000,0.080000000,0.000000000,0.000000000,0.002681347,0.000000000,0.005716856,0.000689688,-0.000689688,0.000145207,0.003340422,0.802697026,3,77.969201594,0,0.000000000,0.407853740,0.234550984,0.409436997,0.235533318,1.219768353,0.164019996,0.760449454,0.224064362,0.499846371,0.000000000,0.499847804,2.000000000,0.000000000,0.000000000,0.000000000,1.000000000,1.173865367,0.763892661,0.708436994,0.000000000,1.261477929,0.791501122,0.718215065,1,0,0,0.000000000,0.049098050,-0.376038308,0.150097455,-0.122414065,-0.015688088,0.199456373,0.312874549,12.122549235,0.016954253,-130.918615824,-0.110814354,142.886311553,44.933249739,0.000741463,0.000648922,-0.002949599,0.000834576,0.000838243,-0.000293532,0.000045754,0.000000000,0.000000000,0.000000000,0.000000000,0.000000000,0.000000000,0.000000000,0.001825279,-0.000000164,-0.001806924,-0.000000228,0.000629131,0.000000696,-0.000444071,0.000000000,0.000000000,0.000000000,0.000000000,0.000000000,0.000000000,0.000000000,-0.413779372,-0.065963196,0.190616407,0.025900133,0.402976342,0.350126606,0.065836611
12.251000000,0,12.251000000,sample,0.216534054,0.000005320,0.216034942,0.216034213,0.000000730,0.729703848,0.000004561,0,0,2.000000000,0.080000000,0.000000000,0.000000000,0.000936415,0.000000000,0.003732217,0.003614399,-0.001575102,0.003614399,0.002168825,0.431761748,1,70.128733762,0,0.000000000,0.413595863,0.234276907,0.413595863,0.235344449,1.250341147,0.107759078,0.888086773,0.195880137,0.595099681,0.000000000,0.595100511,2.000000000,0.000000000,0.000000000,0.000000000,1.000000000,1.191774056,0.770790268,0.705841738,0.000000000,1.202086004,0.803034057,0.735405478,1,0,0,0.000000000,0.050374991,-0.381616985,0.151302264,-0.122479827,-0.015774371,0.199086740,0.313157150,12.122549233,0.017259051,-130.918823193,-0.110809664,142.886433280,44.933457024,0.001816237,0.000556204,0.000176028,-0.000603328,-0.000209276,-0.000140233,0.000798292,0.000000000,0.000000000,0.000000000,0.000000000,0.000000000,0.000000000,0.000000000,0.000637448,-0.000000058,-0.000631038,-0.000000080,0.000219714,0.000000243,-0.000155085,0.000000000,0.000000000,0.000000000,0.000000000,0.000000000,0.000000000,0.000000000,-0.407235980,-0.059498005,0.190976723,0.032139274,0.405771653,0.349603523,0.066731583
12.301000000,0,12.301000000,sample,0.216533801,-0.000005059,0.216034756,0.216033899,0.000000857,0.857344039,0.000005358,0,0,2.000000000,0.080000000,0.000000000,0.000000000,0.000382505,0.000000000,0.001545864,0.000018570,-0.000018570,0.000000000,0.001485419,0.257506195,4,79.110069168,0,0.000000000,0.409647805,0.234589283,0.412492356,0.235085400,0.695324115,0.064077237,0.808754966,0.207908365,0.515459545,0.000000000,0.515459715,2.000000000,0.000000000,0.000000000,0.000000000,1.000000000,1.169766198,0.758900322,0.699831499,0.000000000,1.196714951,0.771259999,0.707122801,1,0,0,0.000000000,0.048587110,-0.378135468,0.149880567,-0.122522019,-0.015546599,0.199446208,0.312982186,12.122549235,0.017052376,-130.918615824,-0.110670849,142.886453773,44.933328798,0.000312709,0.000127151,-0.000322907,0.001321189,0.000103773,-0.000205372,0.000435615,0.000000000,0.000000000,0.000000000,0.000000000,0.000000000,0.000000000,0.000000000,0.000260383,-0.000000023,-0.000257765,-0.000000032,0.000089748,0.000000099,-0.000063349,0.000000000,0.000000000,0.000000000,0.000000000,0.000000000,0.000000000,0.000000000,-0.398140137,-0.068067631,0.180260618,0.027847901,0.407882488,0.350350266,0.065057879
12.351000000,0,12.351000000,sample,0.216534043,0.000004843,0.216035047,0.216034085,0.000000961,0.961471936,0.000006009,0,0,2.000000000,0.080000000,0.000000000,0.000000000,0.004450653,0.000000000,0.005448219,0.003695475,-0.003695475,0.000047446,0.007403570,0.601149654,5,81.932037215,0,0.000000000,0.405415531,0.234709414,0.410614003,0.235295619,0.991907993,0.291495545,0.859180323,0.244041404,0.575351173,0.000000000,0.575352647,2.000000000,0.000000000,0.000000000,0.000000000,1.000000000,1.200786637,0.802476107,0.733933315,0.000000000,1.210673059,0.815798667,0.743335095,1,0,0,0.000000000,0.050460458,-0.373011334,0.150592297,-0.122360793,-0.015793831,0.199666973,0.312573435,12.122453508,0.016939251,-130.918823193,-0.110896590,142.886316870,44.933210170,0.002510883,0.000106586,-0.001505006,-0.000669457,0.006701439,-0.000027410,-0.000934721,0.000000000,0.000000000,0.000000000,0.000000000,0.000000000,0.000000000,0.000000000,0.003029704,-0.000000271,-0.002999237,-0.000000379,0.001044260,0.000001156,-0.000737090,0.000000000,0.000000000,0.000000000,0.000000000,0.000000000,0.000000000,0.000000000,-0.472565787,-0.058425595,0.147160227,0.027245957,0.402772847,0.350796949,0.065139830
12.401000000,0,12.401000000,sample,0.216533788,-0.000005101,0.216034755,0.216033872,0.000000884,0.883573452,0.000005522,0,0,2.000000000,0.080000000,0.000000000,0.000000000,0.001212377,0.000000000,0.005697431,0.003723029,-0.002475740,0.003723029,0.002861350,0.423707973,4,61.872272252,0,0.000000000,0.409232231,0.234114190,0.411411552,0.235306392,1.681129584,0.206319110,0.823521556,0.187589948,0.517346883,0.000000000,0.517344173,2.000000000,0.000000000,0.000000000,0.000000000,1.000000000,1.214385444,0.751633345,0.697611769,0.000000000,1.214385444,0.793922820,0.727777664,1,0,0,0.000000000,0.048699674,-0.378039741,0.148947357,-0.122331578,-0.015557337,0.199003538,0.312990502,12.122426861,0.017067634,-130.918615337,-0.110993014,142.886319381,44.933166604,0.001413523,-0.000385586,-0.000268261,0.002250707,-0.000327037,0.000127740,-0.000882997,0.000000000,0.000000000,0.000000000,0.000000000,0.000000000,0.000000000,0.000000000,0.000825304,-0.000000074,-0.000817005,-0.000000103,0.000284460,0.000000315,-0.000200786,0.000000000,0.000000000,0.000000000,0.000000000,0.000000000,0.000000000,0.000000000,-0.393380909,-0.041592377,0.219201826,-0.008427263,0.397343805,0.346283422,0.065337190
12.451000000,0,12.451000000,sample,0.216533676,-0.000002239,0.216034588,0.216033810,0.000000778,0.777781593,0.000004861,0,0,2.000000000,0.080000000,0.000000000,0.000000000,0.000521905,0.000000000,0.005209324,0.001396574,-0.001396574,0.000000000,0.002005221,0.260273042,2,30.083165432,0,0.000000000,0.407506563,0.234702054,0.414986944,0.234889908,1.234408078,0.165069629,0.770783187,0.221083673,0.485620646,0.000000000,0.485621863,2.000000000,0.000000000,0.000000000,0.000000000,1.000000000,1.177985053,0.780172962,0.716382674,0.000000000,1.247007722,0.798941256,0.730261929,1,0,0,0.000000000,0.047454349,-0.376924134,0.147437720,-0.122486653,-0.015322785,0.199617850,0.312723795,12.122341866,0.017184678,-130.918520115,-0.110777823,142.886373900,44.933457024,-0.000205317,-0.001099826,-0.000857726,0.000993165,0.000773180,-0.000318736,0.000589634,0.000000000,0.000000000,0.000000000,0.000000000,0.000000000,0.000000000,0.000000000,0.000355278,-0.000000032,-0.000351705,-0.000000044,0.000122454,0.000000135,-0.000086434,0.000000000,0.000000000,0.000000000,0.000000000,0.000000000,0.000000000,0.000000000,-0.440188950,-0.066927499,0.143136817,0.031024994,0.407536687,0.350800851,0.066033685
12.501000000,0,12.501000000,sample,0.216533780,0.000002089,0.216034758,0.216033866,0.000000892,0.891567062,0.000005572,0,0,2.000000000,0.080000000,0.000000000,0.000000000,0.001248119,0.000000000,0.007338603,0.002372088,-0.002372088,0.001873311,0.002490396,0.501172853,7,37.598770217,0,0.000000000,0.402993431,0.235256246,0.410374596,0.235553237,0.443945211,0.076287945,0.798307371,0.209771345,0.511437434,0.000000000,0.511437352,2.000000000,0.000000000,0.000000000,0.000000000,1.000000000,1.178800929,0.787565741,0.726827582,0.000000000,1.189500151,0.789645877,0.727051680,1,0,0,0.000000000,0.049362615,-0.370676562,0.150219585,-0.122369365,-0.015766559,0.200306404,0.312214039,12.122549235,0.017043503,-130.918615824,-0.110917258,142.886231432,44.933608579,0.001233520,0.000101336,-0.001162387,0.000842327,-0.000519497,-0.000088288,0.001527057,0.000000000,0.000000000,0.000000000,0.000000000,0.000000000,0.000000000,0.000000000,0.000849634,-0.000000076,-0.000841091,-0.000000106,0.000292849,0.000000324,-0.000206707,0.000000000,0.000000000,0.000000000,0.000000000,0.000000000,0.000000000,0.000000000,-0.458614516,-0.066053239,0.155881266,0.029509318,0.401991272,0.349971599,0.065887454
12.551000000,0,12.551000000,sample,0.216533785,0.000000089,0.216034685,0.216033940,0.000000745,0.745024292,0.000004656,0,0,2.000000000,0.080000000,0.000000000,0.000000000,0.000463418,0.000000000,0.001660353,0.000000000,0.000000000,0.000000000,0.001027973,0.450807131,7,47.609752069,0,0.000000000,0.410662235,0.234105600,0.411886064,0.235176107,0.250763488,0.077215844,0.824117512,0.194916798,0.536430460,0.000000000,0.536430438,2.000000000,0.000000000,0.000000000,0.000000000,1.000000000,1.175680018,0.745578148,0.689493529,0.000000000,1.179738257,0.782883326,0.724395311,1,0,0,0.000000000,0.048941260,-0.379433674,0.149259208,-0.122400977,-0.015625215,0.198945434,0.312935222,12.122453526,0.017259051,-130.918615824,-0.110943346,142.886279193,44.933200573,-0.000220969,-0.000318277,0.000506527,0.000048629,-0.000379930,0.000014588,-0.000709300,0.000000000,0.000000000,0.000000000,0.000000000,0.000000000,0.000000000,0.000000000,-0.000315463,0.000000029,0.000312291,0.000000039,-0.000108732,-0.000000120,0.000076748,0.000000000,0.000000000,0.000000000,0.000000000,0.000000000,0.000000000,0.000000000,-0.375681898,-0.064541523,0.198988155,0.023648522,0.404415203,0.349676625,0.064170805
12.601000000,0,12.601000000,sample,0.216533872,0.000001738,0.216034871,0.216033922,0.000000949,0.948610829,0.000005929,0,0,2.000000000,0.080000000,0.000000000,0.000000000,0.000785609,0.000000000,0.001622193,0.001622193,-0.001622193,0.000182051,0.002404935,0.326665185,2,85.303074365,0,0.000000000,0.406502906,0.234734998,0.414093709,0.234928122,1.497541610,0.160665550,0.789272078,0.202859127,0.493121054,0.000000000,0.493121092,2.000000000,0.000000000,0.000000000,0.000000000,1.000000000,1.200046222,0.755018510,0.686009360,0.000000000,1.200046222,0.755366738,0.710217043,1,0,0,0.000000000,0.048936084,-0.374559285,0.150183936,-0.122389109,-0.015576280,0.199696782,0.312722213,12.122544704,0.016951452,-130.918672070,-0.110856208,142.886474495,44.933368820,0.000567971,-0.002221190,-0.000482050,0.000439016,0.000132575,0.000133029,-0.000258953,0.000000000,0.000000000,0.000000000,0.000000000,0.000000000,0.000000000,0.000000000,0.000534789,-0.000000048,-0.000529411,-0.000000067,0.000184330,0.000000204,-0.000130109,0.000000000,0.000000000,0.000000000,0.000000000,0.000000000,0.000000000,0.000000000,-0.373197699,-0.056617874,0.184583815,0.027663856,0.407446865,0.351125963,0.063149604
12.651000000,0,12.651000000,sample,0.216533921,0.000000978,0.216034921,0.216033975,0.000000946,0.945710969,0.000005911,0,0,2.000000000,0.080000000,0.000000000,0.000000000,0.000992914,0.000000000,0.004091520,0.002843453,-0.002843453,0.000366496,0.002717675,0.365354279,3,77.764598750,0,0.000000000,0.407188560,0.234589132,0.411133271,0.235248488,1.856086589,0.194930395,0.734054646,0.226623795,0.491339967,0.000000000,0.491340097,2.000000000,0.000000000,0.000000000,0.000000000,1.000000000,1.157292139,0.750915497,0.698534025,0.000000000,1.330805352,0.817064207,0.709938876,1,0,0,0.000000000,0.049550987,-0.374745294,0.151371028,-0.122333420,-0.015711255,0.199548870,0.312731777,12.122644944,0.016971852,-130.918711533,-0.110954482,142.886479005,44.933328798,-0.000975363,0.000682341,-0.002396561,0.000444552,0.000133581,-0.000075805,-0.000064138,0.000000000,0.000000000,0.000000000,0.000000000,0.000000000,0.000000000,0.000000000,0.000675908,-0.000000061,-0.000669111,-0.000000085,0.000232972,0.000000258,-0.000164443,0.000000000,0.000000000,0.000000000,0.000000000,0.000000000,0.000000000,0.000000000,-0.386010489,-0.073929764,0.209884605,0.032499831,0.402088809,0.350399338,0.062587416
12.701000000,0,12.701000000,sample,0.216533906,-0.000000294,0.216034928,0.216033934,0.000000995,0.994652993,0.000006217,0,0,2.000000000,0.080000000,0.000000000,0.000000000,0.000514978,0.000000000,0.005084121,0.002881907,-0.002881907,0.000000000,0.009142407,0.056328495,7,98.622912279,0,0.000000000,0.407063449,0.234634884,0.411291129,0.234759331,0.209974990,0.539984876,0.804232412,0.271156862,0.529779614,0.000000000,0.529779969,2.000000000,0.000000000,0.000000000,0.000000000,1.000000000,1.183229096,0.768571506,0.704295059,0.000000000,1.185800863,0.784610767,0.718207730,1,0,0,0.000000000,0.049552941,-0.375223999,0.149840276,-0.122339407,-0.015679703,0.199601467,0.312860120,12.122453520,0.016894945,-130.918711533,-0.110917223,142.886319044,44.933404632,0.000554289,-0.000148490,-0.000899229,-0.000104123,0.000022853,-0.000041916,0.009079239,0.000000000,0.000000000,0.000000000,0.000000000,0.000000000,0.000000000,0.000000000,-0.000350562,0.000000031,0.000347037,0.000000044,-0.000120830,-0.000000134,0.000085288,0.000000000,0.000000000,0.000000000,0.000000000,0.000000000,0.000000000,0.000000000,-0.406173778,-0.061598657,0.189170381,0.024729285,0.405626967,0.349674983,0.063696135
12.751000000,0,12.751000000,sample,0.216534177,0.000005431,0.216035139,0.216034251,0.000000888,0.887545775,0.000005547,0,0,2.000000000,0.080000000,0.000000000,0.000000000,0.001562602,0.000000000,0.004342573,0.000895672,-0.000834132,0.000895672,0.002100684,0.743853762,1,55.064898333,0,0.000000000,0.406882891,0.234517535,0.411280525,0.235102723,0.805989211,0.091697562,0.794397970,0.213372658,0.532142695,0.000000000,0.532141007,2.000000000,0.000000000,0.000000000,0.000000000,1.000000000,1.179155999,0.760170376,0.709396782,0.000000000,1.191943848,0.796567166,0.728025823,1,0,0,0.000000000,0.050571036,-0.374445771,0.150952385,-0.122309483,-0.015704636,0.199479896,0.312607628,12.122453526,0.017067638,-130.918918902,-0.111027966,142.886501506,44.933288085,-0.001558828,-0.000345271,0.000459477,-0.001060553,-0.000443947,-0.000224171,0.000529608,0.000000000,0.000000000,0.000000000,0.000000000,0.000000000,0.000000000,0.000000000,-0.001063714,0.000000096,0.001053016,0.000000133,-0.000366636,-0.000000406,0.000258790,0.000000000,0.000000000,0.000000000,0.000000000,0.000000000,0.000000000,0.000000000,-0.400828153,-0.065866641,0.220081996,0.029053666,0.400902437,0.351990572,0.065892674
12.801000000,0,12.801000000,sample,0.216533917,-0.000005219,0.216034916,0.216033962,0.000000954,0.954045252,0.000005963,0,0,2.000000000,0.080000000,0.000000000,0.000000000,0.000717370,0.000000000,0.003687627,0.000958537,-0.000958537,0.000000000,0.001892135,0.379132669,7,75.009313565,0,0.000000000,0.407542013,0.234677856,0.411781952,0.235182345,0.591656552,0.150322889,0.785680872,0.222460268,0.510794998,0.000000000,0.510795028,2.000000000,0.000000000,0.000000000,0.000000000,1.000000000,1.194268446,0.775831153,0.712190497,0.000000000,1.200876051,0.777673131,0.713232147,1,0,0,0.000000000,0.049132425,-0.375868463,0.149664277,-0.122344268,-0.015564173,0.199658040,0.312866879,12.122453526,0.016955983,-130.918711533,-0.110931600,142.886434400,44.933539382,-0.000836075,-0.000187563,-0.000209940,0.000207562,-0.000077700,-0.000259450,0.001638739,0.000000000,0.000000000,0.000000000,0.000000000,0.000000000,0.000000000,0.000000000,-0.000488337,0.000000044,0.000483426,0.000000061,-0.000168317,-0.000000186,0.000118807,0.000000000,0.000000000,0.000000000,0.000000000,0.000000000,0.000000000,0.000000000,-0.415053685,-0.059947069,0.201656661,0.030242148,0.402372603,0.351815678,0.063985249
12.851000000,0,12.851000000,sample,0.216533900,-0.000000337,0.216034883,0.216033989,0.000000894,0.894250976,0.000005589,0,0,2.000000000,0.080000000,0.000000000,0.000000000,0.001985895,0.000000000,0.006691099,0.000733734,-0.000733734,0.000000000,0.002906156,0.683340889,3,68.187812326,0,0.000000000,0.409248639,0.234260175,0.410665740,0.235003174,1.032227366,0.075509188,0.778273380,0.200853995,0.516347512,0.000000000,0.516347949,2.000000000,0.000000000,0.000000000,0.000000000,1.000000000,1.173549071,0.747928734,0.696638613,0.000000000,1.238280823,0.782585774,0.720747198,1,0,0,0.000000000,0.050731052,-0.376283568,0.152713737,-0.122285994,-0.016047647,0.199164350,0.312814129,12.122752072,0.017063364,-130.918711533,-0.111061089,142.886249933,44.933200666,0.000747696,0.000635479,-0.002399785,0.000273724,-0.001062871,-0.000289915,-0.000659714,0.000000000,0.000000000,0.000000000,0.000000000,0.000000000,0.000000000,0.000000000,0.001351861,-0.000000122,-0.001338266,-0.000000169,0.000465962,0.000000517,-0.000328899,0.000000000,0.000000000,0.000000000,0.000000000,0.000000000,0.000000000,0.000000000,-0.370020975,-0.070821601,0.220278665,0.036487463,0.405602690,0.353195001,0.065267605
12.901000000,0,12.901000000,sample,0.216533801,-0.000001966,0.216034764,0.216033892,0.000000872,0.872027437,0.000005450,0,0,2.000000000,0.080000000,0.000000000,0.000000000,0.000421443,0.000000000,0.004443523,0.002542083,-0.002542083,0.000614827,0.001487725,0.283280482,4,49.672680278,0,0.000000000,0.406542711,0.234660364,0.413032961,0.235019497,0.585921798,0.042235716,0.791529043,0.206083847,0.509786376,0.000000000,0.509787322,2.000000000,0.000000000,0.000000000,0.000000000,1.000000000,1.187832391,0.750551189,0.695615687,0.000000000,1.208094179,0.813546771,0.743249343,1,0,0,0.000000000,0.048544111,-0.374779018,0.149870388,-0.122392832,-0.015538931,0.199609676,0.312627735,12.122549235,0.017067634,-130.918615824,-0.110891188,142.886460285,44.933328798,-0.000712414,0.000588124,0.000009720,0.001048532,-0.000019316,0.000238249,-0.000450836,0.000000000,0.000000000,0.000000000,0.000000000,0.000000000,0.000000000,0.000000000,-0.000286890,0.000000026,0.000284005,0.000000036,-0.000098885,-0.000000109,0.000069798,0.000000000,0.000000000,0.000000000,0.000000000,0.000000000,0.000000000,0.000000000,-0.370485458,-0.062289096,0.229478932,0.032240955,0.402365414,0.350497448,0.065538775
12.951000000,0,12.951000000,sample,0.216533922,0.000002418,0.216034939,0.216033954,0.000000985,0.984698389,0.000006154,0,0,2.000000000,0.080000000,0.000000000,0.000000000,0.000417471,0.000000000,0.005522947,0.002803211,-0.002803211,0.000632138,0.003446420,0.121131761,3,51.391988605,0,0.000000000,0.406063494,0.234437047,0.410611695,0.235031506,2.496139376,0.226177721,0.698565436,0.230269108,0.469096172,0.000000000,0.469094073,2.000000000,0.000000000,0.000000000,0.000000000,1.000000000,1.180052660,0.735029863,0.683379814,0.000000000,1.204364789,0.783307695,0.710487387,1,0,0,0.000000000,0.049176597,-0.373943242,0.150451572,-0.122306866,-0.015595412,0.199395443,0.312701981,12.122549217,0.016920398,-130.918711370,-0.110983035,142.886499157,44.933118225,-0.002137644,0.000083819,-0.002470677,-0.000055632,0.000272834,0.000607191,-0.000866491,0.000000000,0.000000000,0.000000000,0.000000000,0.000000000,0.000000000,0.000000000,0.000284186,-0.000000025,-0.000281328,-0.000000036,0.000097953,0.000000109,-0.000069140,0.000000000,0.000000000,0.000000000,0.000000000,0.000000000,0.000000000,0.000000000,-0.345236607,-0.065986192,0.231416100,0.031959455,0.402475486,0.350472498,0.063821392
13.001000000,0,13.001000000,sample,0.216533915,-0.000000153,0.216034887,0.216033986,0.000000901,0.900778381,0.000005630,0,0,2.000000000,0.080000000,0.000000000,0.000000000,0.000352375,0.000000000,0.007787382,0.000000000,0.000000000,0.000000000,0.001811596,0.194510965,7,76.355928442,0,0.000000000,0.407425905,0.234534650,0.412696350,0.235172148,0.603303694,0.159892784,0.794006762,0.223953574,0.524581336,0.000000000,0.524580824,2.000000000,0.000000000,0.000000000,0.000000000,1.000000000,1.184582294,0.756028795,0.693560900,0.000000000,1.204078151,0.801752108,0.730095759,1,0,0,0.000000000,0.049083974,-0.375886646,0.149317986,-0.122380861,-0.015545013,0.199468744,0.312790774,12.122412735,0.017026943,-130.918711533,-0.110896654,142.886413490,44.933315434,-0.000605667,-0.000054920,-0.000415262,-0.000409999,0.000180109,-0.000182043,0.001583007,0.000000000,0.000000000,0.000000000,0.000000000,0.000000000,0.000000000,0.000000000,-0.000239873,0.000000022,0.000237461,0.000000030,-0.000082678,-0.000000092,0.000058358,0.000000000,0.000000000,0.000000000,0.000000000,0.000000000,0.000000000,0.000000000,-0.392398860,-0.059524422,0.189485722,0.024963449,0.402311844,0.347817322,0.064397032
13.051000000,0,13.051000000,sample,0.216533689,-0.000004503,0.216034621,0.216033804,0.000000817,0.817285088,0.000005108,0,0,2.000000000,0.080000000,0.000000000,0.000000000,0.004941844,0.000000000,0.005102992,0.002791326,-0.002791326,0.000000000,0.005633572,0.877213239,1,58.503302710,0,0.000000000,0.407767765,0.234739207,0.412872990,0.235053918,1.158267360,0.115143729,0.831463026,0.207274682,0.520926995,0.000000000,0.520925544,2.000000000,0.000000000,0.000000000,0.000000000,1.000000000,1.114285936,0.736466203,0.696994169,0.000000000,1.211796115,0.800371418,0.720576057,1,0,0,0.000000000,0.047252639,-0.376914651,0.148246701,-0.122442105,-0.015285656,0.199691699,0.312778106,12.122453526,0.017137519,-130.918520097,-0.110835781,142.886522117,44.933585586,0.004308976,-0.000250571,-0.003035163,0.001233809,0.000742584,0.000444401,0.001274227,0.000000000,0.000000000,0.000000000,0.000000000,0.000000000,0.000000000,0.000000000,0.003364072,-0.000000304,-0.003330245,-0.000000420,0.001159513,0.000001283,-0.000818440,0.000000000,0.000000000,0.000000000,0.000000000,0.000000000,0.000000000,0.000000000,-0.368675220,-0.095131850,0.215954675,0.042750213,0.405174987,0.352781255,0.061188217
13.101000000,0,13.101000000,sample,0.216533807,0.000002354,0.216034634,0.216034024,0.000000610,0.609723272,0.000003811,0,0,2.000000000,0.080000000,0.000000000,0.000000000,0.000480935,0.000000000,0.006189857,0.006189857,-0.006189857,0.001636569,0.001036370,0.464056655,3,54.431938033,0,0.000000000,0.410973627,0.234364683,0.411918377,0.235432292,0.506067241,0.032827088,0.839980491,0.204395880,0.543600883,0.000000000,0.543600517,2.000000000,0.000000000,0.000000000,0.000000000,1.000000000,1.197836274,0.766461242,0.698202324,0.000000000,1.231780850,0.775010630,0.705470344,1,0,0,0.000000000,0.048052196,-0.380029518,0.148888795,-0.122485264,-0.015382494,0.199217328,0.312799084,12.122453526,0.017442157,-130.918615824,-0.110869673,142.886521960,44.933457024,0.000006129,0.000210525,0.000764613,0.000501357,0.000325072,0.000102968,0.000278279,0.000000000,0.000000000,0.000000000,0.000000000,0.000000000,0.000000000,0.000000000,-0.000327388,0.000000030,0.000324095,0.000000041,-0.000112842,-0.000000125,0.000079650,0.000000000,0.000000000,0.000000000,0.000000000,0.000000000,0.000000000,0.000000000,-0.391217528,-0.054419457,0.211647657,0.021821189,0.401132577,0.348728804,0.060694613
13.151000000,0,13.151000000,sample,0.216534041,0.000004681,0.216034995,0.216034146,0.000000849,0.849027680,0.000005306,0,0,2.000000000,0.080000000,0.000000000,0.000000000,0.000260141,0.000000000,0.001877710,0.000000000,0.000000000,0.000000000,0.001527147,0.170344473,3,45.530109732,0,0.000000000,0.409114031,0.234524544,0.414253495,0.234884786,1.058942699,0.115043618,0.784181704,0.217497626,0.524924110,0.000000000,0.524923766,2.000000000,0.000000000,0.000000000,0.000000000,1.000000000,1.189801813,0.769971470,0.699641037,0.000000000,1.226217636,0.779093756,0.699971832,1,0,0,0.000000000,0.051094704,-0.376267843,0.152269931,-0.122471370,-0.015991641,0.199365977,0.312764405,12.122631347,0.017078602,-130.918823193,-0.110759236,142.886298144,44.933126413,-0.000744697,0.000805327,-0.001030458,-0.000015202,0.000236626,0.000014453,-0.000103812,0.000000000,0.000000000,0.000000000,0.000000000,0.000000000,0.000000000,0.000000000,0.000177086,-0.000000016,-0.000175305,-0.000000022,0.000061038,0.000000068,-0.000043084,0.000000000,0.000000000,0.000000000,0.000000000,0.000000000,0.000000000,0.000000000,-0.398968151,-0.063119132,0.174231969,0.038903975,0.408509569,0.351367810,0.064251581
13.201000000,0,13.201000000,sample,0.216533916,-0.000002495,0.216034907,0.216033977,0.000000930,0.929943878,0.000005812,0,0,2.000000000,0.080000000,0.000000000,0.000000000,0.001007149,0.000000000,0.005202180,0.002895153,-0.002895153,0.000000000,0.002216747,0.454336175,1,86.511021241,0,0.000000000,0.408927148,0.234353713,0.410202164,0.235161695,1.396502648,0.156641875,0.887067413,0.187113879,0.590998591,0.000000000,0.590997272,2.000000000,0.000000000,0.000000000,0.000000000,1.000000000,1.245805854,0.796422058,0.717170856,0.000000000,1.245805854,0.796422058,0.717170856,1,0,0,0.000000000,0.049435439,-0.376976695,0.150552719,-0.122445419,-0.015662247,0.199207119,0.312961093,12.122549229,0.016963508,-130.918711533,-0.110766881,142.886433811,44.933058313,0.002061826,0.000598492,0.000481949,-0.000026976,-0.000245534,-0.000065238,0.000084304,0.000000000,0.000000000,0.000000000,0.000000000,0.000000000,0.000000000,0.000000000,0.000685598,-0.000000061,-0.000678704,-0.000000086,0.000236310,0.000000261,-0.000166799,0.000000000,0.000000000,0.000000000,0.000000000,0.000000000,0.000000000,0.000000000,-0.438412333,-0.034499621,0.173411910,0.011499731,0.405293837,0.349302368,0.066777730
13.251000000,0,13.251000000,sample,0.216533926,0.000000200,0.216034847,0.216034038,0.000000809,0.809412222,0.000005059,0,0,2.000000000,0.080000000,0.000000000,0.000000000,0.002211926,0.000000000,0.005697281,0.002953629,-0.002953629,0.000074606,0.003567940,0.619944881,7,41.440218283,0,0.000000000,0.406176102,0.234627280,0.411332858,0.235087055,0.343650065,0.117959264,0.795653769,0.191219730,0.522305952,0.000000000,0.522305405,2.000000000,0.000000000,0.000000000,0.000000000,1.000000000,1.217151496,0.759748049,0.701420145,0.000000000,1.246118696,0.805276819,0.728559039,1,0,0,0.000000000,0.048389916,-0.374960688,0.148465229,-0.122384085,-0.015345894,0.199591082,0.312549286,12.122341847,0.017166343,-130.918711533,-0.110942539,142.886541540,44.933369597,-0.002127533,-0.000511877,0.001541906,-0.000285278,-0.000447671,0.000084225,-0.002296828,0.000000000,0.000000000,0.000000000,0.000000000,0.000000000,0.000000000,0.000000000,-0.001505730,0.000000136,0.001490589,0.000000188,-0.000518984,-0.000000575,0.000366324,0.000000000,0.000000000,0.000000000,0.000000000,0.000000000,0.000000000,0.000000000,-0.373745344,-0.047977657,0.246946912,0.020919303,0.402304660,0.349580214,0.067283149
13.301000000,0,13.301000000,sample,0.216533807,-0.000002388,0.216034761,0.216033903,0.000000858,0.858081371,0.000005363,0,0,2.000000000,0.080000000,0.000000000,0.000000000,0.000181847,0.000000000,0.003606953,0.000180067,-0.000180067,0.000130099,0.001076498,0.168924139,4,57.760253309,0,0.000000000,0.408996291,0.234496833,0.411521247,0.235241227,0.453452504,0.040912293,0.818518639,0.205356256,0.525428878,0.000000000,0.525428625,2.000000000,0.000000000,0.000000000,0.000000000,1.000000000,1.188048564,0.757813534,0.701643356,0.000000000,1.219137507,0.793394683,0.727961278,1,0,0,0.000000000,0.048332344,-0.377503679,0.149776244,-0.122466890,-0.015478012,0.199376670,0.312908357,12.122549236,0.017067633,-130.918615824,-0.110769107,142.886522069,44.933279005,0.000362695,0.000146458,-0.000079217,0.000818140,-0.000105825,0.000009735,0.000564737,0.000000000,0.000000000,0.000000000,0.000000000,0.000000000,0.000000000,0.000000000,0.000123789,-0.000000011,-0.000122544,-0.000000015,0.000042667,0.000000047,-0.000030117,0.000000000,0.000000000,0.000000000,0.000000000,0.000000000,0.000000000,0.000000000,-0.394155590,-0.061103030,0.203896897,0.026590634,0.404009858,0.351043701,0.066891983
13.351000000,0,13.351000000,sample,0.216533778,-0.000000586,0.216034812,0.216033811,0.000001001,1.000821624,0.000006255,1,1,2.000000000,0.080000000,2.000000000,-0.001838306,0.000919153,-0.000919153,0.001439189,0.000919153,-0.000919153,0.000000000,0.002241748,0.410016367,2,37.880530670,1,46.339583358,0.408219967,0.234439720,0.412995768,0.234704071,0.565989635,0.074662697,0.839788633,0.198455043,0.556149160,2.000000000,2.075885013,2.000000000,0.000000000,0.000000000,0.000000000,1.000000000,1.212274741,0.765812067,0.693121286,0.298741562,1.215171919,0.766898814,0.702286886,1,0,0,0.000000000,0.049665858,-0.376091268,0.150772021,-0.122273376,-0.015850363,0.199399021,0.312955829,12.122604153,0.016904314,-130.918615824,-0.111027963,142.886203037,44.933395218,0.001197146,0.001379732,-0.000497248,0.000795926,-0.000626133,-0.000400478,0.000505407,-0.680731837,0.000060911,0.673886515,0.000085224,-0.234632875,-0.000260140,0.165615418,0.000625697,-0.000000056,-0.000619405,-0.000000078,0.000215664,0.000000239,-0.000152226,-1.361463674,0.000121821,1.347773030,0.000170448,-0.469265750,-0.000520280,0.331230836,-0.388277961,-0.050558358,0.177704771,0.024562789,0.409640503,0.350421961,0.065711376
13.401000000,0,13.401000000,sample,0.216533798,0.000000400,0.216034773,0.216033870,0.000000903,0.903339801,0.000005646,0,0,2.000000000,0.080000000,0.000000000,0.000000000,0.000846332,0.000000000,0.005554084,0.002341173,-0.002341173,0.000473673,0.003539357,0.239120130,3,73.231862946,0,0.000000000,0.408090083,0.234142702,0.410211154,0.234851476,2.397452091,0.270259417,0.923547290,0.179769964,0.616518849,0.000000000,0.616516661,2.000000000,0.000000000,0.000000000,0.000000000,1.000000000,1.190394798,0.773370319,0.709350439,0.000000000,1.218078541,0.788406442,0.716506118,1,0,0,0.000000000,0.048392999,-0.376821181,0.149001446,-0.122308682,-0.015478620,0.199057288,0.312886430,12.122448994,0.017044474,-130.918615824,-0.111024481,142.886420542,44.933118975,0.001231562,-0.000246453,0.003028827,0.000252568,0.000800377,-0.000185330,-0.001018347,0.000000000,0.000000000,0.000000000,0.000000000,0.000000000,0.000000000,0.000000000,-0.000576125,0.000000052,0.000570332,0.000000072,-0.000198576,-0.000000220,0.000140164,0.000000000,0.000000000,0.000000000,0.000000000,0.000000000,0.000000000,0.000000000,-0.421195755,-0.060471901,0.169406450,0.026431224,0.406334943,0.351070775,0.066025763
13.451000000,0,13.451000000,sample,0.216534063,0.000005306,0.216034941,0.216034234,0.000000707,0.706858699,0.000004418,0,0,2.000000000,0.080000000,0.000000000,0.000000000,0.000862052,0.000000000,0.006119031,0.004709346,-0.004709346,0.001331063,0.001269869,0.678851253,4,39.358909120,0,0.000000000,0.407338925,0.234955425,0.409769170,0.235368564,0.562458219,0.059534939,0.820207201,0.210016113,0.548117846,0.000000000,0.548117864,2.000000000,0.000000000,0.000000000,0.000000000,1.000000000,1.162809311,0.730153119,0.696808347,0.000000000,1.246009000,0.784220257,0.718265797,1,0,0,0.000000000,0.050255245,-0.374546434,0.152034137,-0.122500436,-0.015767435,0.199872667,0.312361367,12.122644944,0.017288223,-130.918823193,-0.110786143,142.886535240,44.933457022,-0.000769884,0.000195040,0.000534648,-0.000796673,0.000181160,0.000116067,0.000122383,0.000000000,0.000000000,0.000000000,0.000000000,0.000000000,0.000000000,0.000000000,-0.000586826,0.000000053,0.000580924,0.000000073,-0.000202268,-0.000000224,0.000142770,0.000000000,0.000000000,0.000000000,0.000000000,0.000000000,0.000000000,0.000000000,-0.357122724,-0.072862988,0.257792184,0.026601302,0.397328511,0.351208550,0.065683988
13.501000000,0,13.501000000,sample,0.216533922,-0.000002811,0.216034853,0.216034040,0.000000812,0.812326009,0.000005077,0,0,2.000000000,0.080000000,0.000000000,0.000000000,0.000891130,0.000000000,0.001908201,0.000000000,0.000000000,0.000000000,0.001577587,0.564868872,1,78.848895080,0,0.000000000,0.412307717,0.233957182,0.412307717,0.234849307,0.779208032,0.059460566,0.863476408,0.198482020,0.568775216,0.000000000,0.568774349,2.000000000,0.000000000,0.000000000,0.000000000,1.000000000,1.192804308,0.763506760,0.699058986,0.000000000,1.204103818,0.765798270,0.709425414,1,0,0,0.000000000,0.049218923,-0.380708168,0.150454119,-0.122377481,-0.015597558,0.198787403,0.313173608,12.122549229,0.017163342,-130.918711533,-0.110949951,142.886498269,44.933192903,0.001400849,0.000523057,-0.000012211,0.000128101,0.000029469,-0.000127232,0.000468189,0.000000000,0.000000000,0.000000000,0.000000000,0.000000000,0.000000000,0.000000000,0.000606621,-0.000000055,-0.000600520,-0.000000076,0.000209089,0.000000232,-0.000147585,0.000000000,0.000000000,0.000000000,0.000000000,0.000000000,0.000000000,0.000000000,-0.395506012,-0.060536957,0.190835605,0.030982593,0.404260796,0.351711355,0.063936836
13.551000000,0,13.551000000,sample,0.216534175,0.000005057,0.216035129,0.216034257,0.000000871,0.871498377,0.000005447,0,0,2.000000000,0.080000000,0.000000000,0.000000000,0.004020137,0.000000000,0.004306603,0.000000000,0.000000000,0.000000000,0.005804154,0.692631052,1,94.061142516,0,0.000000000,0.408212010,0.234480755,0.414392399,0.234748960,3.040434546,0.371277766,0.686909666,0.249879740,0.488879343,0.000000000,0.488870544,2.000000000,0.000000000,0.000000000,0.000000000,1.000000000,1.172505745,0.725306955,0.676528961,0.000000000,1.206520166,0.770383268,0.700507368,1,0,0,0.000000000,0.050624285,-0.375918549,0.150862427,-0.122393572,-0.015715416,0.199384211,0.312751582,12.122439929,0.017067633,-130.918918902,-0.110888171,142.886477939,44.933224617,-0.005629165,-0.000408865,-0.000015968,-0.000941939,-0.000182091,-0.000149560,0.000943660,0.000000000,0.000000000,0.000000000,0.000000000,0.000000000,0.000000000,0.000000000,-0.002736638,0.000000246,0.002709117,0.000000342,-0.000943250,-0.000001044,0.000665792,0.000000000,0.000000000,0.000000000,0.000000000,0.000000000,0.000000000,0.000000000,-0.319779544,-0.069741856,0.243858351,0.031606134,0.404688123,0.349971522,0.062049705
13.601000000,0,13.601000000,sample,0.216533918,-0.000005139,0.216034903,0.216033983,0.000000920,0.919657736,0.000005748,0,0,2.000000000,0.080000000,0.000000000,0.000000000,0.000406230,0.000000000,0.008373151,0.000780345,-0.000780345,0.000014921,0.001370994,0.296303473,1,43.702420320,0,0.000000000,0.409309854,0.234224446,0.412350944,0.234874911,0.674064433,0.042356046,0.851495193,0.202344717,0.562088827,0.000000000,0.562088226,2.000000000,0.000000000,0.000000000,0.000000000,1.000000000,1.194928214,0.764779946,0.695320250,0.000000000,1.194928214,0.785876192,0.714484734,1,0,0,0.000000000,0.049350010,-0.377432007,0.150479942,-0.122343828,-0.015636850,0.199119481,0.312982359,12.122544703,0.017008859,-130.918711533,-0.110951471,142.886453863,44.933183816,0.000906334,0.000734770,0.000123933,0.000016208,-0.000045279,0.000072048,0.000703870,0.000000000,0.000000000,0.000000000,0.000000000,0.000000000,0.000000000,0.000000000,0.000276534,-0.000000025,-0.000273753,-0.000000035,0.000095315,0.000000106,-0.000067278,0.000000000,0.000000000,0.000000000,0.000000000,0.000000000,0.000000000,0.000000000,-0.388169571,-0.057578209,0.189522779,0.026825781,0.407769170,0.350076183,0.063339141
13.651000000,0,13.651000000,sample,0.216533782,-0.000002722,0.216034754,0.216033873,0.000000881,0.880935107,0.000005506,0,0,2.000000000,0.080000000,0.000000000,0.000000000,0.003998363,0.000000000,0.006297432,0.003027891,-0.003027891,0.000000000,0.005769360,0.693034012,1,98.648599926,0,0.000000000,0.410752039,0.233957996,0.412604296,0.234975765,2.971150180,0.326442833,0.951773722,0.166575724,0.635067629,0.000000000,0.635060776,2.000000000,0.000000000,0.000000000,0.000000000,1.000000000,1.182753031,0.783054336,0.714705626,0.000000000,1.217358455,0.824229840,0.753128678,1,0,0,0.000000000,0.049335370,-0.379112900,0.150188775,-0.122343942,-0.015748440,0.198797108,0.313104263,12.122549235,0.017067633,-130.918615824,-0.110970408,142.886251580,44.933055591,0.005730244,-0.000275158,-0.000186489,0.000567791,-0.000118632,-0.000053559,0.000001146,0.000000000,0.000000000,0.000000000,0.000000000,0.000000000,0.000000000,0.000000000,0.002721814,-0.000000245,-0.002694444,-0.000000341,0.000938144,0.000001040,-0.000662188,0.000000000,0.000000000,0.000000000,0.000000000,0.000000000,0.000000000,0.000000000,-0.433459535,-0.064610159,0.156583738,0.028388123,0.407499102,0.351254321,0.063111181
13.701000000,0,13.701000000,sample,0.216534063,0.000005611,0.216035043,0.216034126,0.000000917,0.916571862,0.000005729,0,0,2.000000000,0.080000000,0.000000000,0.000000000,0.000865550,0.000000000,0.006438502,0.002736808,-0.002736808,0.000000000,0.001546208,0.559789236,7,60.261147506,0,0.000000000,0.408882387,0.233956170,0.412853695,0.234695210,0.235465037,0.103238090,0.826563977,0.191151937,0.546633960,0.000000000,0.546634187,2.000000000,0.000000000,0.000000000,0.000000000,1.000000000,1.147467667,0.754765412,0.695992049,0.000000000,1.264563147,0.823004040,0.736856158,1,0,0,0.000000000,0.049980087,-0.376617189,0.151149894,-0.122313857,-0.015674337,0.198819328,0.312886455,12.122549235,0.017022526,-130.918823194,-0.111007286,142.886533036,44.932845767,0.000687099,0.000042660,-0.000418937,-0.000373686,-0.000355282,0.000186438,-0.001200291,0.000000000,0.000000000,0.000000000,0.000000000,0.000000000,0.000000000,0.000000000,0.000589208,-0.000000053,-0.000583282,-0.000000074,0.000203087,0.000000225,-0.000143349,0.000000000,0.000000000,0.000000000,0.000000000,0.000000000,0.000000000,0.000000000,-0.382505083,-0.078337456,0.189719829,0.035496387,0.409995523,0.350414582,0.061787709
13.751000000,0,13.751000000,sample,0.216533788,-0.000005488,0.216034825,0.216033811,0.000001014,1.014400698,0.000006340,1,1,2.000000000,0.080000000,2.000000000,-0.002051730,0.001025865,-0.001025865,0.007485274,0.005562995,-0.001952641,0.005562995,0.001688442,0.607580854,7,30.764399879,1,46.339598799,0.402474508,0.234729945,0.408486949,0.235343618,0.646224367,0.062314141,0.784093096,0.205639703,0.503185806,2.000000000,2.062327968,2.000000000,0.000000000,0.000000000,0.000000000,1.000000000,1.166115909,0.742661621,0.695896244,0.327585577,1.240120773,0.788224252,0.726845080,1,0,0,0.000000000,0.049036973,-0.370210000,0.150085511,-0.122312185,-0.015679538,0.199729889,0.312346140,12.122549235,0.016873093,-130.918615824,-0.110956629,142.886319289,44.933029189,0.000285576,-0.000002866,-0.000788601,0.000933417,0.000617913,0.000131369,-0.000936506,-0.680731950,0.000060820,0.673886654,0.000085169,-0.234632399,-0.000259972,0.165615060,0.000698339,-0.000000062,-0.000691317,-0.000000087,0.000240701,0.000000267,-0.000169899,-1.361463900,0.000121641,1.347773308,0.000170338,-0.469264798,-0.000519944,0.331230120,-0.356136142,-0.071108575,0.251104767,0.030189213,0.402111978,0.350423777,0.062660526
13.801000000,0,13.801000000,sample,0.216534053,0.000005301,0.216034983,0.216034166,0.000000817,0.816783099,0.000005105,0,0,2.000000000,0.080000000,0.000000000,0.000000000,0.000715490,0.000000000,0.004369888,0.000000000,0.000000000,0.000000000,0.001385984,0.516232527,2,36.111623155,0,0.000000000,0.407757445,0.234193804,0.412569943,0.235441084,0.268220514,0.010762082,0.810453751,0.205561917,0.531210901,0.000000000,0.531210080,2.000000000,0.000000000,0.000000000,0.000000000,1.000000000,1.331854305,0.805224946,0.698232041,0.000000000,1.366443247,0.814159913,0.727088823,1,0,0,0.000000000,0.050056595,-0.375679014,0.150418582,-0.122353270,-0.015680811,0.199074175,0.312636077,12.122453526,0.017163343,-130.918823193,-0.110990006,142.886430727,44.932973994,-0.000651334,-0.000832878,0.000478869,-0.000730307,0.000092472,-0.000039713,-0.000173885,0.000000000,0.000000000,0.000000000,0.000000000,0.000000000,0.000000000,0.000000000,-0.000487057,0.000000044,0.000482159,0.000000061,-0.000167876,-0.000000186,0.000118495,0.000000000,0.000000000,0.000000000,0.000000000,0.000000000,0.000000000,0.000000000,-0.401873115,0.008895531,0.203250062,-0.010724866,0.402641801,0.343822396,0.064706896
13.851000000,0,13.851000000,sample,0.216533799,-0.000005080,0.216034787,0.216033879,0.000000908,0.907659897,0.000005673,0,0,2.000000000,0.080000000,0.000000000,0.000000000,0.000221742,0.000000000,0.002632663,0.001732545,-0.001732545,0.000627879,0.002329036,0.095207486,2,32.651497571,0,0.000000000,0.404608777,0.234685053,0.412562911,0.234949007,0.745302623,0.095289220,0.792762936,0.193786051,0.528286382,0.000000000,0.528286284,2.000000000,0.000000000,0.000000000,0.000000000,1.000000000,1.146745787,0.748184110,0.692909952,0.000000000,1.309447816,0.797436118,0.708087524,1,0,0,0.000000000,0.049240812,-0.371796908,0.151824452,-0.122409455,-0.015767312,0.199610599,0.312363615,12.122756605,0.017008082,-130.918615824,-0.110841568,142.886439807,44.932967463,-0.000571802,0.001330846,-0.000353725,0.000600942,-0.001161313,-0.000084526,-0.001218301,0.000000000,0.000000000,0.000000000,0.000000000,0.000000000,0.000000000,0.000000000,-0.000150946,0.000000014,0.000149428,0.000000019,-0.000052029,-0.000000058,0.000036724,0.000000000,0.000000000,0.000000000,0.000000000,0.000000000,0.000000000,0.000000000,-0.378370022,-0.077408773,0.192324169,0.029167294,0.408322544,0.350160747,0.061555218
13.901000000,0,13.901000000,sample,0.216533801,0.000000023,0.216034788,0.216033860,0.000000927,0.927350967,0.000005796,0,0,2.000000000,0.080000000,0.000000000,0.000000000,0.001958547,0.000000000,0.005272841,0.005272841,-0.005272841,0.000000000,0.002403416,0.814901144,1,57.246759574,0,0.000000000,0.408356674,0.234388298,0.410741706,0.235469602,0.783735857,0.093029785,0.821718543,0.194426525,0.525932920,0.000000000,0.525932338,2.000000000,0.000000000,0.000000000,0.000000000,1.000000000,1.173095593,0.754616619,0.698706422,0.000000000,1.181313382,0.811334798,0.744000213,1,0,0,0.000000000,0.048291612,-0.377125409,0.148995033,-0.122481619,-0.015452360,0.199241943,0.312976355,12.122453526,0.016957481,-130.918615824,-0.110707206,142.886452522,44.933055066,0.001818463,-0.000332685,-0.001078465,0.000988660,-0.000220216,-0.000306132,-0.000276002,0.000000000,0.000000000,0.000000000,0.000000000,0.000000000,0.000000000,0.000000000,0.001333246,-0.000000119,-0.001319839,-0.000000166,0.000459536,0.000000508,-0.000324363,0.000000000,0.000000000,0.000000000,0.000000000,0.000000000,0.000000000,0.000000000,-0.381272700,-0.065704172,0.218128034,0.024120855,0.404990928,0.349703362,0.063505949
13.951000000,0,13.951000000,sample,0.216534043,0.000004853,0.216034969,0.216034164,0.000000806,0.805702919,0.000005036,0,0,2.000000000,0.080000000,0.000000000,0.000000000,0.000403168,0.000000000,0.004192421,0.000977468,-0.000977468,0.000747902,0.001334017,0.302221443,4,43.358024769,0,0.000000000,0.409384695,0.234257981,0.411785900,0.234880201,0.683815814,0.037406272,0.850754290,0.202693924,0.562799932,0.000000000,0.562800848,2.000000000,0.000000000,0.000000000,0.000000000,1.000000000,1.193893199,0.811551268,0.736441683,0.000000000,1.193893199,0.813128178,0.738529465,1,0,0,0.000000000,0.050473364,-0.377321581,0.150587823,-0.122424187,-0.015792047,0.199097291,0.312805032,12.122453526,0.017159099,-130.918823193,-0.110868502,142.886319905,44.933064594,0.000187555,0.000003405,0.000763103,-0.000878407,0.000170563,0.000493645,0.000343087,0.000000000,0.000000000,0.000000000,0.000000000,0.000000000,0.000000000,0.000000000,-0.000274450,0.000000025,0.000271690,0.000000034,-0.000094596,-0.000000105,0.000066770,0.000000000,0.000000000,0.000000000,0.000000000,0.000000000,0.000000000,0.000000000,-0.476805593,-0.060318646,0.130902566,0.025345462,0.409398241,0.349104752,0.064074320
14.001000000,0,14.001000000,sample,0.216533786,-0.000005137,0.216034667,0.216033979,0.000000687,0.687234955,0.000004295,0,0,2.000000000,0.080000000,0.000000000,0.000000000,0.000199482,0.000000000,0.007670534,0.004704995,-0.004704995,0.000000000,0.001721743,0.115860256,4,71.905889827,0,0.000000000,0.404037863,0.235204717,0.410851975,0.235372265,0.670392496,0.069695941,0.787066191,0.211739725,0.505946762,0.000000000,0.505947741,2.000000000,0.000000000,0.000000000,0.000000000,1.000000000,1.149101156,0.751826744,0.711724945,0.000000000,1.196474972,0.809871102,0.741679142,1,0,0,0.000000000,0.049762951,-0.371016433,0.152042922,-0.122485330,-0.015910001,0.200163620,0.311948695,12.122756604,0.017322202,-130.918615824,-0.110821139,142.886296605,44.933396061,-0.000461679,0.000725901,-0.000155618,0.001459992,0.000177513,0.000026487,0.000190558,0.000000000,0.000000000,0.000000000,0.000000000,0.000000000,0.000000000,0.000000000,-0.000135793,0.000000012,0.000134428,0.000000017,-0.000046806,-0.000000052,0.000033038,0.000000000,0.000000000,0.000000000,0.000000000,0.000000000,0.000000000,0.000000000,-0.395996156,-0.079121146,0.235910490,0.038395589,0.398244410,0.351343448,0.065654220
14.051000000,0,14.051000000,sample,0.216534059,0.000005454,0.216034956,0.216034201,0.000000755,0.755116392,0.000004719,0,0,2.000000000,0.080000000,0.000000000,0.000000000,0.000452395,0.000000000,0.002544952,0.000000000,0.000000000,0.000000000,0.001042462,0.433967645,1,38.281163498,0,0.000000000,0.411369619,0.234058123,0.412449622,0.234906578,0.363833699,0.022561158,0.837169571,0.202009775,0.549561356,0.000000000,0.549561788,2.000000000,0.000000000,0.000000000,0.000000000,1.000000000,1.173143687,0.764131241,0.699982214,0.000000000,1.193400595,0.765409075,0.709033480,1,0,0,0.000000000,0.049851978,-0.379660774,0.150324449,-0.122393384,-0.015619364,0.198894696,0.312974680,12.122453526,0.017246026,-130.918823193,-0.110952112,142.886492430,44.933183816,0.000644990,-0.000490524,-0.000086521,-0.000590705,-0.000018451,-0.000113827,0.000245735,0.000000000,0.000000000,0.000000000,0.000000000,0.000000000,0.000000000,0.000000000,0.000307960,-0.000000028,-0.000304863,-0.000000039,0.000106146,0.000000118,-0.000074923,0.000000000,0.000000000,0.000000000,0.000000000,0.000000000,0.000000000,0.000000000,-0.393087202,-0.067289140,0.198231277,0.028406688,0.405024121,0.350977447,0.059978637
14.101000000,0,14.101000000,sample,0.216533691,-0.000007356,0.216034639,0.216033802,0.000000837,0.836539385,0.000005228,0,0,2.000000000,0.080000000,0.000000000,0.000000000,0.004633871,0.000000000,0.008165936,0.000997028,-0.000997028,0.000000000,0.005200719,0.891005874,1,49.862862210,0,0.000000000,0.407108734,0.234658596,0.410468912,0.235039792,0.475841755,0.081198885,0.807956777,0.213787208,0.521812530,0.000000000,0.521817188,2.000000000,0.000000000,0.000000000,0.000000000,1.000000000,1.162955141,0.763427996,0.701944937,0.000000000,1.366308240,0.807610905,0.715815459,1,0,0,0.000000000,0.047759661,-0.375445356,0.149991068,-0.122457086,-0.015457589,0.199574502,0.312651412,12.122644944,0.017103639,-130.918520115,-0.110798386,142.886542203,44.933278528,-0.003672417,0.000576803,0.003394051,0.001167855,0.000575428,0.000035172,-0.000110927,0.000000000,0.000000000,0.000000000,0.000000000,0.000000000,0.000000000,0.000000000,-0.003154421,0.000000284,0.003122701,0.000000394,-0.001087269,-0.000001203,0.000767447,0.000000000,0.000000000,0.000000000,0.000000000,0.000000000,0.000000000,0.000000000,-0.397864078,-0.072669100,0.185452437,0.034149799,0.407790718,0.351298397,0.062349211
14.151000000,0,14.151000000,sample,0.216534047,0.000007107,0.216035019,0.216034126,0.000000893,0.893043811,0.000005582,0,0,2.000000000,0.080000000,0.000000000,0.000000000,0.003105871,0.000000000,0.004688482,0.000996162,-0.000996162,0.000000000,0.007063445,0.439710431,5,71.491608740,0,0.000000000,0.405822099,0.234731242,0.410578834,0.234941386,2.523779373,0.243463537,0.698145643,0.176134835,0.460840661,0.000000000,0.460836083,2.000000000,0.000000000,0.000000000,0.000000000,1.000000000,1.145876089,0.736394429,0.693349354,0.000000000,1.166102063,0.794526024,0.729224447,1,0,0,0.000000000,0.050604752,-0.373099873,0.151417369,-0.122432555,-0.015849207,0.199644254,0.312485650,12.122549235,0.017023025,-130.918823193,-0.110806405,142.886357895,44.933109504,-0.003453747,-0.000113439,-0.000627362,-0.000227650,-0.005972335,0.000112460,-0.001350625,0.000000000,0.000000000,0.000000000,0.000000000,0.000000000,0.000000000,0.000000000,-0.002114266,0.000000190,0.002093004,0.000000264,-0.000728739,-0.000000806,0.000514380,0.000000000,0.000000000,0.000000000,0.000000000,0.000000000,0.000000000,0.000000000,-0.365643927,-0.078874696,0.215849271,0.029562879,0.407350228,0.350855166,0.065713007
14.201000000,0,14.201000000,sample,0.216533925,-0.000002442,0.216034861,0.216034035,0.000000827,0.826501588,0.000005166,0,0,2.000000000,0.080000000,0.000000000,0.000000000,0.002407483,0.000000000,0.004533540,0.000672029,-0.000672029,0.000649452,0.003221197,0.747387783,5,41.227518677,0,0.000000000,0.408919642,0.234113912,0.409730633,0.234882453,0.775298228,0.105415927,0.802396879,0.191042278,0.534401901,0.000000000,0.534401691,2.000000000,0.000000000,0.000000000,0.000000000,1.000000000,1.201812305,0.736282503,0.681321438,0.000000000,1.201812305,0.759507797,0.698252763,1,0,0,0.000000000,0.049112872,-0.377064245,0.150418597,-0.122402509,-0.015574510,0.198958247,0.312805212,12.122549235,0.017134668,-130.918711533,-0.110899885,142.886521624,44.932927365,-0.001945291,0.000556843,0.001047968,-0.000534301,-0.002068287,0.000440691,-0.000652795,0.000000000,0.000000000,0.000000000,0.000000000,0.000000000,0.000000000,0.000000000,-0.001638851,0.000000148,0.001622370,0.000000205,-0.000564876,-0.000000626,0.000398717,0.000000000,0.000000000,0.000000000,0.000000000,0.000000000,0.000000000,0.000000000,-0.321048096,-0.056485347,0.258904403,0.023716855,0.405371250,0.349366957,0.062923185
14.251000000,0,14.251000000,sample,0.216533908,-0.000000335,0.216034907,0.216033958,0.000000949,0.949144257,0.000005932,0,0,2.000000000,0.080000000,0.000000000,0.000000000,0.001155886,0.000000000,0.003223506,0.000278961,-0.000261361,0.000278961,0.001721382,0.671487085,3,61.196705644,0,0.000000000,0.406326152,0.234435355,0.412702270,0.234907386,0.608852754,0.087520321,0.784998075,0.210301565,0.503029621,0.000000000,0.503030117,2.000000000,0.000000000,0.000000000,0.000000000,1.000000000,1.171236314,0.779604065,0.714011882,0.000000000,1.198835055,0.804935169,0.731311175,1,0,0,0.000000000,0.049473525,-0.374447038,0.149808973,-0.122322673,-0.015659696,0.199378718,0.312703877,12.122453508,0.016969704,-130.918711533,-0.110972594,142.886339433,44.933143017,0.000613457,-0.000313065,-0.001346608,0.000351134,-0.000264197,0.000251119,0.000647540,0.000000000,0.000000000,0.000000000,0.000000000,0.000000000,0.000000000,0.000000000,0.000786849,-0.000000071,-0.000778936,-0.000000098,0.000271206,0.000000301,-0.000191431,0.000000000,0.000000000,0.000000000,0.000000000,0.000000000,0.000000000,0.000000000,-0.425657021,-0.069892661,0.166817519,0.031996428,0.408899867,0.351739889,0.063025205
14.301000000,0,14.301000000,sample,0.216533917,0.000000184,0.216034915,0.216033969,0.000000946,0.946020040,0.000005913,0,0,2.000000000,0.080000000,0.000000000,-0.000000000,0.002281912,0.000000000,0.003207250,0.001770482,-0.001770482,0.000000000,0.009261193,0.246394993,7,94.873000955,0,0.000000000,0.405256448,0.234515496,0.411840667,0.234771975,1.490679434,0.366497500,0.742878139,0.161380850,0.505639007,0.000000000,0.505638149,2.000000000,0.000000000,0.000000000,0.000000000,1.000000000,1.191594420,0.759060000,0.694784907,0.000000000,1.233501192,0.791566100,0.712498162,1,0,0,0.000000000,0.049390201,-0.373001559,0.150543128,-0.122378832,-0.015655364,0.199438835,0.312549351,12.122549235,0.016958454,-130.918711533,-0.110876451,142.886440056,44.932960906,-0.000759740,-0.000076555,-0.001948887,-0.000122281,-0.000035001,-0.000002612,-0.009020659,0.000000000,0.000000000,0.000000000,0.000000000,0.000000000,0.000000000,0.000000000,0.001553370,-0.000000139,-0.001537749,-0.000000194,0.000535412,0.000000593,-0.000377920,0.000000000,0.000000000,0.000000000,0.000000000,0.000000000,0.000000000,0.000000000,-0.377931643,-0.058634177,0.205089236,0.023475218,0.408669648,0.350327452,0.064053792
14.351000000,0,14.351000000,sample,0.216533919,0.000000039,0.216034869,0.216034019,0.000000850,0.849819506,0.000005311,0,0,2.000000000,0.080000000,0.000000000,0.000000000,0.000807549,0.000000000,0.004213099,0.004213099,-0.000150509,0.004213099,0.001469340,0.549599987,7,49.785461998,0,0.000000000,0.409469160,0.234016519,0.412156140,0.234889581,0.249992044,0.096773507,0.825886781,0.192102619,0.546579244,0.000000000,0.546579584,2.000000000,0.000000000,0.000000000,0.000000000,1.000000000,1.158214104,0.758711297,0.702689242,0.000000000,1.244001418,0.792017942,0.710806313,1,0,0,0.000000000,0.049340441,-0.377593307,0.150511821,-0.122369698,-0.015635491,0.198859045,0.312894793,12.122549235,0.017108333,-130.918711533,-0.110944321,142.886460504,44.932927365,0.000653796,-0.000181621,-0.000432236,-0.000500283,-0.000428455,-0.000054699,-0.001036749,0.000000000,0.000000000,0.000000000,0.000000000,0.000000000,0.000000000,0.000000000,0.000549725,-0.000000050,-0.000544197,-0.000000069,0.000189478,0.000000210,-0.000133743,0.000000000,0.000000000,0.000000000,0.000000000,0.000000000,0.000000000,0.000000000,-0.403406787,-0.072406273,0.183348542,0.027497460,0.405999759,0.350002149,0.063893340
14.401000000,0,14.401000000,sample,0.216533795,-0.000002475,0.216034767,0.216033896,0.000000871,0.871209859,0.000005445,0,0,2.000000000,0.080000000,0.000000000,0.000000000,0.000116279,0.000000000,0.001128815,0.000000000,0.000000000,0.000000000,0.001908556,0.060925153,2,50.386343430,0,0.000000000,0.408322232,0.234309862,0.413419795,0.234686383,0.487733456,0.048909353,0.806752962,0.209353843,0.530559611,0.000000000,0.530559347,2.000000000,0.000000000,0.000000000,0.000000000,1.000000000,1.182433870,0.771289323,0.696895508,0.000000000,1.188511475,0.773741062,0.703242373,1,0,0,0.000000000,0.049557278,-0.375611527,0.152273116,-0.122395441,-0.015854659,0.199171025,0.312717448,12.122797396,0.017067633,-130.918615824,-0.110884365,142.886393606,44.932973993,-0.000217394,0.001354757,-0.000355190,0.001213249,0.000116941,-0.000384666,0.000013548,0.000000000,0.000000000,0.000000000,0.000000000,0.000000000,0.000000000,0.000000000,0.000079155,-0.000000007,-0.000078359,-0.000000010,0.000027283,0.000000030,-0.000019258,0.000000000,0.000000000,0.000000000,0.000000000,0.000000000,0.000000000,0.000000000,-0.395982521,-0.063832292,0.168726219,0.032551223,0.410935262,0.350213964,0.061162908
14.451000000,0,14.451000000,sample,0.216534287,0.000009833,0.216035263,0.216034360,0.000000903,0.902860093,0.000005643,0,0,2.000000000,0.080000000,0.000000000,0.000000000,0.000999108,0.000000000,0.003340964,0.001388213,-0.001388213,0.000000000,0.002148247,0.465080375,4,53.624721556,0,0.000000000,0.409311567,0.234598584,0.411219682,0.234911846,1.457011652,0.156129218,0.867528862,0.201659208,0.600574257,0.000000000,0.600577091,2.000000000,0.000000000,0.000000000,0.000000000,1.000000000,1.191954148,0.764488656,0.699763654,0.000000000,1.197484429,0.770942602,0.711755803,1,0,0,0.000000000,0.052273728,-0.375819055,0.153503922,-0.122468809,-0.016081343,0.199447429,0.312799586,12.122644944,0.016996832,-130.919014611,-0.110734062,142.886413340,44.933143026,0.001202549,0.000711325,-0.000273217,-0.001573138,0.000050246,-0.000319775,0.000093104,0.000000000,0.000000000,0.000000000,0.000000000,0.000000000,0.000000000,0.000000000,0.000680124,-0.000000061,-0.000673284,-0.000000085,0.000234425,0.000000259,-0.000165469,0.000000000,0.000000000,0.000000000,0.000000000,0.000000000,0.000000000,0.000000000,-0.387902632,-0.064426830,0.195429175,0.037590554,0.407132645,0.354514485,0.063299135
14.501000000,0,14.501000000,sample,0.216533924,-0.000007258,0.216034843,0.216034046,0.000000796,0.796174704,0.000004976,0,0,2.000000000,0.080000000,0.000000000,0.000000000,0.000196225,0.000000000,0.003511984,0.000265721,-0.000265721,0.000000000,0.001712146,0.114607436,7,91.447817049,0,0.000000000,0.410415972,0.233769374,0.412738911,0.234742026,0.232337248,0.107593375,0.814486740,0.191144472,0.529849262,0.000000000,0.529849286,2.000000000,0.000000000,0.000000000,0.000000000,1.000000000,1.228745639,0.740559797,0.676975400,0.000000000,1.248262902,0.779736378,0.699773344,1,0,0,0.000000000,0.048853189,-0.379067445,0.149540990,-0.122464233,-0.015486440,0.198521541,0.312981331,12.122453526,0.017163431,-130.918711533,-0.110809580,142.886515252,44.932622830,-0.000052216,-0.000060497,-0.000035547,0.000190153,-0.000270330,0.000365809,-0.001637297,0.000000000,0.000000000,0.000000000,0.000000000,0.000000000,0.000000000,0.000000000,0.000133576,-0.000000012,-0.000132233,-0.000000017,0.000046041,0.000000051,-0.000032498,0.000000000,0.000000000,0.000000000,0.000000000,0.000000000,0.000000000,0.000000000,-0.323353575,-0.045869878,0.244757160,0.020258940,0.405210929,0.350921920,0.063051803
14.551000000,0,14.551000000,sample,0.216533926,0.000000043,0.216034937,0.216033942,0.000000995,0.995113040,0.000006219,0,0,2.000000000,0.080000000,0.000000000,0.000000000,0.001301655,0.000000000,0.004299212,0.001367984,-0.001367984,0.000000000,0.003627657,0.358814129,3,42.924952032,0,0.000000000,0.404856702,0.234499834,0.410465725,0.234681225,2.205233984,0.184097382,0.705661836,0.212584146,0.441912789,0.000000000,0.441911640,2.000000000,0.000000000,0.000000000,0.000000000,1.000000000,1.173542645,0.741130070,0.688218158,0.000000000,1.225194040,0.789527974,0.717573724,1,0,0,0.000000000,0.048096557,-0.373919155,0.147580947,-0.122476140,-0.015253435,0.199391825,0.312734179,12.122246157,0.016856068,-130.918711533,-0.110684470,142.886539820,44.932845767,-0.000650912,-0.002333513,-0.002376737,0.000153677,-0.000252777,0.000252387,-0.001220998,0.000000000,0.000000000,0.000000000,0.000000000,0.000000000,0.000000000,0.000000000,0.000886079,-0.000000079,-0.000877169,-0.000000111,0.000305405,0.000000338,-0.000215570,0.000000000,0.000000000,0.000000000,0.000000000,0.000000000,0.000000000,0.000000000,-0.355772131,-0.067742311,0.221990030,0.028544367,0.406477341,0.350795814,0.064074319
14.601000000,0,14.601000000,sample,0.216533799,-0.000002544,0.216034774,0.216033878,0.000000896,0.896470783,0.000005603,0,0,2.000000000,0.080000000,0.000000000,0.000000000,0.003655732,0.000000000,0.003655732,0.000890030,-0.000890030,0.000000000,0.006611748,0.552914683,1,93.698943986,0,0.000000000,0.404391707,0.234735115,0.410039302,0.234979578,3.846053613,0.487316686,0.633899011,0.266128250,0.467493067,0.000000000,0.467488548,2.000000000,0.000000000,0.000000000,0.000000000,1.000000000,1.171171155,0.749901871,0.694735863,0.000000000,1.256140800,0.817733919,0.734394069,1,0,0,0.000000000,0.048628413,-0.372417326,0.149910859,-0.122417877,-0.015565782,0.199680104,0.312413777,12.122549235,0.017023025,-130.918615824,-0.110834609,142.886433810,44.933096390,-0.006400054,0.000507374,-0.000874145,0.000810826,0.000866025,-0.000150496,0.000550341,0.000000000,0.000000000,0.000000000,0.000000000,0.000000000,0.000000000,0.000000000,-0.002488574,0.000000224,0.002463549,0.000000311,-0.000857755,-0.000000949,0.000605446,0.000000000,0.000000000,0.000000000,0.000000000,0.000000000,0.000000000,0.000000000,-0.368775165,-0.069863397,0.224025961,0.038307655,0.404071374,0.350347311,0.064108367
14.651000000,0,14.651000000,sample,0.216533906,0.000002139,0.216034793,0.216034075,0.000000718,0.718223635,0.000004489,0,0,2.000000000,0.080000000,0.000000000,0.000000000,0.000133769,0.000000000,0.006132534,0.001700841,-0.001700841,0.000125795,0.002226465,0.060081532,5,50.581884467,0,0.000000000,0.410558715,0.234253894,0.411705218,0.235140788,0.892164374,0.227749569,0.777277735,0.234172945,0.507746605,0.000000000,0.507746910,2.000000000,0.000000000,0.000000000,0.000000000,1.000000000,1.171923776,0.740804662,0.695962193,0.000000000,1.192155682,0.773585687,0.713333731,1,0,0,0.000000000,0.049873348,-0.378617724,0.150730642,-0.122446595,-0.015778917,0.199079743,0.312811833,12.122549235,0.017286414,-130.918711533,-0.110875366,142.886317130,44.933183816,-0.000935507,-0.000107488,-0.000810049,0.000341502,0.001583483,-0.000068877,0.000886259,0.000000000,0.000000000,0.000000000,0.000000000,0.000000000,0.000000000,0.000000000,0.000091061,-0.000000008,-0.000090145,-0.000000011,0.000031387,0.000000035,-0.000022154,0.000000000,0.000000000,0.000000000,0.000000000,0.000000000,0.000000000,0.000000000,-0.352386730,-0.068874089,0.260117049,0.029489019,0.400309704,0.350257332,0.063125175
14.701000000,0,14.701000000,sample,0.216533810,-0.000001914,0.216034741,0.216033928,0.000000813,0.812684321,0.000005079,0,0,2.000000000,0.080000000,0.000000000,0.000000000,0.000496731,0.000000000,0.001920460,0.000000000,0.000000000,0.000000000,0.001059802,0.468701757,7,43.835978268,0,0.000000000,0.407213907,0.234439346,0.413547248,0.234634108,0.210395069,0.034524579,0.822110895,0.209035416,0.534838651,0.000000000,0.534838583,2.000000000,0.000000000,0.000000000,0.000000000,1.000000000,1.193473878,0.767474189,0.698669453,0.000000000,1.193473878,0.778725096,0.711902994,1,0,0,0.000000000,0.048197211,-0.375609887,0.149724440,-0.122377403,-0.015443594,0.199366681,0.312623323,12.122549235,0.017163342,-130.918615824,-0.110952131,142.886555872,44.933223865,-0.000195284,0.000490969,0.000397987,0.000236408,0.000087668,0.000360095,0.000701681,0.000000000,0.000000000,0.000000000,0.000000000,0.000000000,0.000000000,0.000000000,-0.000338140,0.000000031,0.000334740,0.000000042,-0.000116550,-0.000000129,0.000082266,0.000000000,0.000000000,0.000000000,0.000000000,0.000000000,0.000000000,0.000000000,-0.394209415,-0.058422662,0.185438054,0.026376878,0.409013426,0.350497814,0.064039225
14.751000000,0,14.751000000,sample,0.216533781,-0.000000574,0.216034746,0.216033879,0.000000867,0.867159597,0.000005420,0,0,2.000000000,0.080000000,0.000000000,0.000000000,0.003187260,0.000000000,0.005465843,0.001805166,-0.001805166,0.001262205,0.004534878,0.702832661,1,94.590800821,0,0.000000000,0.406549188,0.234520094,0.411121041,0.235179048,2.337974106,0.260762914,0.706398303,0.235720685,0.480569312,0.000000000,0.480568560,2.000000000,0.000000000,0.000000000,0.000000000,1.000000000,1.184748029,0.768107998,0.700122926,0.000000000,1.199302277,0.807642328,0.729507669,1,0,0,0.000000000,0.049340104,-0.374549550,0.150201304,-0.122404455,-0.015756336,0.199420565,0.312597933,12.122549233,0.017071012,-130.918615824,-0.110870774,142.886243429,44.933096403,-0.004410522,0.000278609,0.000046345,0.000535585,-0.000344480,-0.000659570,0.000438277,0.000000000,0.000000000,0.000000000,0.000000000,0.000000000,0.000000000,0.000000000,-0.002169670,0.000000195,0.002147852,0.000000271,-0.000747833,-0.000000828,0.000527858,0.000000000,0.000000000,0.000000000,0.000000000,0.000000000,0.000000000,0.000000000,-0.402034233,-0.061274328,0.180065166,0.025139714,0.406720391,0.349898250,0.062292157
14.801000000,0,14.801000000,sample,0.216533792,0.000000212,0.216034800,0.216033835,0.000000964,0.964285153,0.000006027,0,0,2.000000000,0.080000000,0.000000000,0.000000000,0.000035599,0.000000000,0.004255140,0.000733405,0.000000000,0.000733405,0.001249244,0.028496527,7,36.357037856,0,0.000000000,0.408195056,0.234222528,0.411792677,0.234610705,0.677538588,0.090758541,0.783981540,0.211164817,0.502696815,0.000000000,0.502697023,2.000000000,0.000000000,0.000000000,0.000000000,1.000000000,1.177640819,0.738688551,0.685190031,0.000000000,1.190774734,0.773590914,0.704893045,1,0,0,0.000000000,0.048629931,-0.376851227,0.149135797,-0.122291413,-0.015543479,0.199156730,0.312982173,12.122453526,0.016955973,-130.918615770,-0.111020876,142.886359815,44.933224615,-0.000316736,-0.000366977,-0.000626709,0.000301064,-0.000501235,0.000153574,0.000753254,0.000000000,0.000000000,0.000000000,0.000000000,0.000000000,0.000000000,0.000000000,-0.000024233,0.000000002,0.000023990,0.000000003,-0.000008353,-0.000000009,0.000005896,0.000000000,0.000000000,0.000000000,0.000000000,0.000000000,0.000000000,0.000000000,-0.335663192,-0.065700031,0.245301132,0.028154134,0.407053228,0.349112293,0.062945070
14.851000000,0,14.851000000,sample,0.216533797,0.000000100,0.216034808,0.216033847,0.000000961,0.961118139,0.000006007,0,0,2.000000000,0.080000000,0.000000000,0.000000000,0.000085669,0.000000000,0.001922069,0.000000000,0.000000000,0.000000000,0.001907967,0.044900533,7,59.356550499,0,0.000000000,0.407236774,0.234398670,0.411875871,0.234642361,0.561872328,0.124365467,0.794123312,0.217956092,0.520527558,0.000000000,0.520527673,2.000000000,0.000000000,0.000000000,0.000000000,1.000000000,1.175811698,0.763322792,0.695406142,0.000000000,1.202332827,0.772750921,0.704660083,1,0,0,0.000000000,0.049010885,-0.375087256,0.150828622,-0.122307575,-0.015680901,0.199343179,0.312789099,12.122644944,0.016955967,-130.918615824,-0.110992684,142.886413824,44.933195374,-0.000154427,0.000723184,-0.000752010,0.000503571,-0.000308587,-0.000135603,0.001469959,0.000000000,0.000000000,0.000000000,0.000000000,0.000000000,0.000000000,0.000000000,0.000058317,-0.000000005,-0.000057731,-0.000000007,0.000020101,0.000000022,-0.000014188,0.000000000,0.000000000,0.000000000,0.000000000,0.000000000,0.000000000,0.000000000,-0.391569314,-0.064711692,0.172037848,0.027413897,0.411893101,0.349315303,0.063638996
14.901000000,0,14.901000000,sample,0.216533925,0.000002551,0.216034781,0.216034109,0.000000672,0.672083336,0.000004201,0,0,2.000000000,0.080000000,0.000000000,0.000000000,0.001325413,0.000000000,0.001902218,0.001594466,-0.001594466,0.000523332,0.003261719,0.406354220,2,52.413147231,0,0.000000000,0.406691199,0.234431666,0.412343235,0.234818539,1.810487410,0.165967297,0.792116150,0.211651388,0.548290114,0.000000000,0.548288798,2.000000000,0.000000000,0.000000000,0.000000000,1.000000000,1.040384998,0.714084754,0.700687056,0.000000000,1.185841662,0.769264970,0.700687056,1,0,0,0.000000000,0.048822413,-0.375022406,0.149573723,-0.122441022,-0.015483460,0.199315490,0.312350766,12.122458059,0.017359689,-130.918711533,-0.110914985,142.886521239,44.933062336,-0.001684594,0.002361384,-0.000312196,-0.000175203,-0.001398314,0.000080098,0.000367369,0.000000000,0.000000000,0.000000000,0.000000000,0.000000000,0.000000000,0.000000000,-0.000902252,0.000000082,0.000893179,0.000000113,-0.000310984,-0.000000344,0.000219508,0.000000000,0.000000000,0.000000000,0.000000000,0.000000000,0.000000000,0.000000000,-0.358739373,-0.128283193,0.215166003,0.050734127,0.409019919,0.354588311,0.062540477
14.951000000,0,14.951000000,sample,0.216533799,-0.000002505,0.216034755,0.216033891,0.000000863,0.863297236,0.000005396,0,0,2.000000000,0.080000000,0.000000000,0.000000000,0.000619504,0.000000000,0.002675773,0.002245912,-0.002245912,0.000000000,0.001983479,0.312332000,7,67.295998776,0,0.000000000,0.407646737,0.234500083,0.411422895,0.235143873,0.750643945,0.068485464,0.839754061,0.212105247,0.539072961,0.000000000,0.539072613,2.000000000,0.000000000,0.000000000,0.000000000,1.000000000,1.234602992,0.767790358,0.692882892,0.000000000,1.244680001,0.777365202,0.715214819,1,0,0,0.000000000,0.048338525,-0.376342139,0.149016252,-0.122435896,-0.015465650,0.199400486,0.312787714,12.122453526,0.017068601,-130.918615824,-0.110821136,142.886438521,44.933224614,0.000236011,-0.000316882,0.000913830,0.000296216,0.000447995,0.000083628,0.001627130,0.000000000,0.000000000,0.000000000,0.000000000,0.000000000,0.000000000,0.000000000,-0.000421716,0.000000038,0.000417476,0.000000053,-0.000145355,-0.000000161,0.000102599,0.000000000,0.000000000,0.000000000,0.000000000,0.000000000,0.000000000,0.000000000,-0.374064003,-0.040727673,0.212735130,0.017630316,0.407315478,0.350572536,0.064265194
15.001000000,0,15.001000000,sample,0.216533805,0.000000109,0.216034821,0.216033834,0.000000987,0.986847700,0.000006168,0,0,2.000000000,0.080000000,0.000000000,0.000000000,0.000362148,0.000000000,0.003475801,0.000782640,-0.000782640,0.000000000,0.001057048,0.342603529,2,33.285663935,0,0.000000000,0.406569751,0.234317441,0.412715268,0.234646330,0.757806896,0.082801354,0.786448063,0.207577452,0.500275562,0.000000000,0.500276043,2.000000000,0.000000000,0.000000000,0.000000000,1.000000000,1.176346146,0.750030057,0.691642021,0.000000000,1.233809796,0.797681537,0.721623367,1,0,0,0.000000000,0.048111570,-0.375240875,0.148924561,-0.122314788,-0.015405009,0.199264752,0.312845288,12.122453526,0.016915283,-130.918615824,-0.110970379,142.886498521,44.933115923,0.000031379,-0.000609850,-0.000587741,0.000590304,-0.000114193,0.000088861,0.000172085,0.000000000,0.000000000,0.000000000,0.000000000,0.000000000,0.000000000,0.000000000,0.000246526,-0.000000022,-0.000244047,-0.000000031,0.000084971,0.000000094,-0.000059977,0.000000000,0.000000000,0.000000000,0.000000000,0.000000000,0.000000000,0.000000000,-0.376510984,-0.064943938,0.195732196,0.022212268,0.408020111,0.350794540,0.063629803
15.051000000,0,15.051000000,sample,0.216533793,-0.000000228,0.216034709,0.216033921,0.000000788,0.787516882,0.000004922,0,0,2.000000000,0.080000000,0.000000000,0.000000000,0.000527508,0.000000000,0.004930828,0.000632644,-0.000632644,0.000131075,0.001846684,0.285651579,7,49.401751745,0,0.000000000,0.410552080,0.234032416,0.411280843,0.234837002,0.856084587,0.122289092,0.830774691,0.192680928,0.535852934,0.000000000,0.535852626,2.000000000,0.000000000,0.000000000,0.000000000,1.000000000,1.175143215,0.755668289,0.696091259,0.000000000,1.188944797,0.766401228,0.709198001,1,0,0,0.000000000,0.048252474,-0.379864622,0.148079633,-0.122509036,-0.015420154,0.198808770,0.313059089,12.122341866,0.017163342,-130.918615818,-0.110734137,142.886373858,44.932927365,0.000587178,-0.000888154,0.000253673,0.000514873,0.000357452,-0.000367030,-0.001297968,0.000000000,0.000000000,0.000000000,0.000000000,0.000000000,0.000000000,0.000000000,0.000359092,-0.000000032,-0.000355481,-0.000000045,0.000123769,0.000000137,-0.000087362,0.000000000,0.000000000,0.000000000,0.000000000,0.000000000,0.000000000,0.000000000,-0.383999245,-0.066164993,0.198658153,0.025867450,0.406670971,0.351055015,0.062886611
15.101000000,0,15.101000000,sample,0.216533911,0.000002347,0.216034870,0.216034005,0.000000866,0.865510738,0.000005409,0,0,2.000000000,0.080000000,0.000000000,0.000000000,0.000075674,0.000000000,0.004279852,0.000814685,-0.000814685,0.000000000,0.001121186,0.067494662,7,55.840345792,0,0.000000000,0.409220167,0.234264379,0.412863693,0.234580059,0.289245750,0.084526608,0.805442606,0.214984676,0.524676537,0.000000000,0.524676313,2.000000000,0.000000000,0.000000000,0.000000000,1.000000000,1.155757451,0.760771726,0.699192374,0.000000000,1.196687232,0.767544627,0.699192374,1,0,0,0.000000000,0.049666009,-0.377226269,0.150647851,-0.122425479,-0.015724585,0.199109364,0.312886481,12.122549235,0.017067633,-130.918711533,-0.110835528,142.886371443,44.933042464,-0.000205863,-0.000506334,-0.000202976,-0.000098483,0.000283376,-0.000353778,0.000837822,0.000000000,0.000000000,0.000000000,0.000000000,0.000000000,0.000000000,0.000000000,-0.000051514,0.000000005,0.000050996,0.000000006,-0.000017756,-0.000000020,0.000012533,0.000000000,0.000000000,0.000000000,0.000000000,0.000000000,0.000000000,0.000000000,-0.397892440,-0.072972286,0.175147905,0.026830036,0.409599547,0.349595896,0.061975067
15.151000000,0,15.151000000,sample,0.216533908,-0.000000061,0.216035001,0.216033856,0.000001144,1.144372789,0.000007152,1,1,2.000000000,0.080000000,2.000000000,-0.003729370,0.001864685,-0.001864685,0.006242115,0.002892836,-0.002892836,0.000071707,0.002718434,0.685940961,7,36.044679511,1,46.339713655,0.403453604,0.234349096,0.411019252,0.234728442,0.906652485,0.136204553,0.781655612,0.193709137,0.496814008,2.000000000,2.060782765,2.000000000,0.000000000,0.000000000,0.000000000,1.000000000,1.130580883,0.758431961,0.710535364,0.319035715,1.348686559,0.812184356,0.744998102,1,0,0,0.000000000,0.049116176,-0.371791139,0.148774194,-0.122234133,-0.015547978,0.199340352,0.312708309,12.122341866,0.016697365,-130.918711533,-0.111027213,142.886339183,44.932886566,0.001022333,-0.001274709,-0.001337224,0.000168939,-0.000012236,0.000489201,-0.001632072,-0.680732794,0.000060393,0.673887659,0.000085222,-0.234628819,-0.000260133,0.165612574,0.001269352,-0.000000113,-0.001256588,-0.000000159,0.000437509,0.000000485,-0.000308815,-1.361465588,0.000120786,1.347775319,0.000170443,-0.469257638,-0.000520266,0.331225149,-0.409506001,-0.085928735,0.185807536,0.038340149,0.407994049,0.350732601,0.065686233
15.201000000,0,15.201000000,sample,0.216534067,0.000003177,0.216035016,0.216034172,0.000000844,0.844394951,0.000005277,0,0,2.000000000,0.080000000,0.000000000,0.000000000,0.001831118,0.000000000,0.007187909,0.003645756,-0.003645756,0.001980838,0.004239988,0.431868746,3,57.037056541,0,0.000000000,0.407683887,0.234260775,0.410864558,0.235142583,2.188220680,0.284791395,0.893213899,0.177099842,0.581901348,0.000000000,0.581892283,2.000000000,0.000000000,0.000000000,0.000000000,1.000000000,1.122269923,0.765575036,0.718258381,0.000000000,1.177209962,0.765575036,0.718258381,1,0,0,0.000000000,0.050455373,-0.374497435,0.153010060,-0.122397386,-0.015840990,0.199113168,0.312556380,12.122756605,0.017108347,-130.918823193,-0.110896713,142.886574113,44.932804965,0.000238146,0.000991862,0.003202161,0.002242212,-0.000088586,0.000626805,-0.001120228,0.000000000,0.000000000,0.000000000,0.000000000,0.000000000,0.000000000,0.000000000,-0.001246499,0.000000112,0.001233963,0.000000156,-0.000429649,-0.000000476,0.000303267,0.000000000,0.000000000,0.000000000,0.000000000,0.000000000,0.000000000,0.000000000,-0.415578138,-0.094146715,0.192933994,0.049345136,0.406537561,0.354224382,0.062611004
15.251000000,0,15.251000000,sample,0.216533690,-0.000007542,0.216034524,0.216033908,0.000000616,0.616073282,0.000003850,0,0,2.000000000,0.080000000,0.000000000,0.000000000,0.000455994,0.000000000,0.005268136,0.002628172,-0.002628172,0.000000000,0.001664476,0.273956467,4,34.373280603,0,0.000000000,0.408068673,0.234418184,0.411794437,0.235108105,0.420747855,0.065879979,0.824663535,0.213150466,0.532600073,0.000000000,0.532599827,2.000000000,0.000000000,0.000000000,0.000000000,1.000000000,1.153315540,0.755514954,0.711390956,0.000000000,1.179455926,0.782812380,0.723108222,1,0,0,0.000000000,0.047550706,-0.376852082,0.149135777,-0.122481565,-0.015383613,0.199282452,0.312465268,12.122549235,0.017433853,-130.918520115,-0.110874194,142.886521045,44.933183816,-0.000260178,0.000634326,0.000585653,0.000975861,0.000858928,0.000005536,0.000517045,0.000000000,0.000000000,0.000000000,0.000000000,0.000000000,0.000000000,0.000000000,-0.000310409,0.000000028,0.000307288,0.000000039,-0.000106991,-0.000000118,0.000075520,0.000000000,0.000000000,0.000000000,0.000000000,0.000000000,0.000000000,0.000000000,-0.410263502,-0.073564854,0.219569147,0.022034562,0.396471352,0.350019194,0.062849523
15.301000000,0,15.301000000,sample,0.216533930,0.000004815,0.216034831,0.216034073,0.000000758,0.757901764,0.000004737,0,0,2.000000000,0.080000000,0.000000000,0.000000000,0.000399306,0.000000000,0.001253193,0.000000000,0.000000000,0.000000000,0.001001356,0.398765184,6,33.661941298,0,0.000000000,0.409191640,0.234089872,0.413946007,0.234667120,0.247994112,0.039691691,0.809340768,0.207020530,0.526386661,0.000000000,0.526386546,2.000000000,0.000000000,0.000000000,0.000000000,1.000000000,1.171924365,0.758284012,0.695907315,0.000000000,1.188160256,0.764617747,0.710713459,1,0,0,0.000000000,0.048889221,-0.377425563,0.150324936,-0.122455664,-0.015513638,0.198902000,0.312744066,12.122549235,0.017224378,-130.918711535,-0.110844049,142.886583034,44.932853202,-0.000345659,0.000108174,-0.000042183,-0.000212983,-0.000436712,0.000580976,0.000544188,0.000000000,0.000000000,0.000000000,0.000000000,0.000000000,0.000000000,0.000000000,-0.000271820,0.000000025,0.000269087,0.000000034,-0.000093691,-0.000000104,0.000066131,0.000000000,0.000000000,0.000000000,0.000000000,0.000000000,0.000000000,0.000000000,-0.392616484,-0.066954976,0.187444652,0.022828037,0.404043384,0.351016372,0.059465563
15.351000000,0,15.351000000,sample,0.216533915,-0.000000303,0.216034838,0.216034030,0.000000808,0.807501623,0.000005047,0,0,2.000000000,0.080000000,0.000000000,0.000000000,0.000665933,0.000000000,0.001692393,0.000000000,0.000000000,0.000000000,0.001615972,0.412094079,2,44.602092800,0,0.000000000,0.408509075,0.234080554,0.412265228,0.234757587,0.746509614,0.062983302,0.828317753,0.200594730,0.530879826,0.000000000,0.530879637,2.000000000,0.000000000,0.000000000,0.000000000,1.000000000,1.162491214,0.753934521,0.691257312,0.000000000,1.173810318,0.760823309,0.696697584,1,0,0,0.000000000,0.048857524,-0.377352099,0.148653963,-0.122336226,-0.015470137,0.198967908,0.312799251,12.122341872,0.017182942,-130.918711533,-0.111027237,142.886417947,44.933080014,0.000126868,-0.001079224,0.000764748,-0.000032991,-0.000442004,-0.000038246,0.000804853,0.000000000,0.000000000,0.000000000,0.000000000,0.000000000,0.000000000,0.000000000,-0.000453322,0.000000041,0.000448764,0.000000057,-0.000156247,-0.000000173,0.000110287,0.000000000,0.000000000,0.000000000,0.000000000,0.000000000,0.000000000,0.000000000,-0.382365244,-0.070710345,0.178211319,0.023403963,0.409447335,0.350836844,0.059940874
15.401000000,0,15.401000000,sample,0.216533922,0.000000137,0.216034841,0.216034057,0.000000784,0.784405211,0.000004903,0,0,2.000000000,0.080000000,0.000000000,0.000000000,0.000998752,0.000000000,0.001242377,0.000000000,0.000000000,0.000000000,0.002142712,0.466115855,1,59.897941270,0,0.000000000,0.407249626,0.234271090,0.412631173,0.234559175,0.822262648,0.051869105,0.786337325,0.210079724,0.523499925,0.000000000,0.523500130,2.000000000,0.000000000,0.000000000,0.000000000,1.000000000,1.166236033,0.748749182,0.689139664,0.000000000,1.360976778,0.811839562,0.699732237,1,0,0,0.000000000,0.049500320,-0.374828543,0.151345761,-0.122416277,-0.015698839,0.199124949,0.312501035,12.122644441,0.017194805,-130.918711533,-0.110896815,142.886492515,44.932846071,-0.001658326,0.000684216,0.000188671,0.000148326,0.000321013,-0.000067272,-0.001099021,0.000000000,0.000000000,0.000000000,0.000000000,0.000000000,0.000000000,0.000000000,-0.000679882,0.000000062,0.000673045,0.000000085,-0.000234342,-0.000000260,0.000165410,0.000000000,0.000000000,0.000000000,0.000000000,0.000000000,0.000000000,0.000000000,-0.377995469,-0.069498650,0.177999120,0.027807394,0.409771010,0.350380075,0.063776359
15.451000000,0,15.451000000,sample,0.216533801,-0.000002428,0.216034807,0.216033854,0.000000953,0.952867498,0.000005955,0,0,2.000000000,0.080000000,0.000000000,0.000000000,0.000420008,0.000000000,0.001767379,0.000000000,0.000000000,0.000000000,0.000695684,0.603733504,3,73.776423760,0,0.000000000,0.407357689,0.234415787,0.411908587,0.234629610,0.339798857,0.045470166,0.803259751,0.208827086,0.528829045,0.000000000,0.528829040,2.000000000,0.000000000,0.000000000,0.000000000,1.000000000,1.158606809,0.748380198,0.688938073,0.000000000,1.183200296,0.752066897,0.691554920,1,0,0,0.000000000,0.048872332,-0.375259865,0.150770737,-0.122346266,-0.015643259,0.199342521,0.312799272,12.122644944,0.016957480,-130.918615824,-0.110929604,142.886451802,44.933156051,0.000042885,0.000218766,-0.000597545,0.000042652,0.000019612,-0.000255403,0.000098912,0.000000000,0.000000000,0.000000000,0.000000000,0.000000000,0.000000000,0.000000000,0.000285912,-0.000000026,-0.000283037,-0.000000036,0.000098548,0.000000109,-0.000069560,0.000000000,0.000000000,0.000000000,0.000000000,0.000000000,0.000000000,0.000000000,-0.376977001,-0.072182344,0.176025751,0.021920030,0.411036755,0.350936405,0.061160376
15.501000000,0,15.501000000,sample,0.216533916,0.000002314,0.216034951,0.216033933,0.000001018,1.018019266,0.000006363,1,1,2.000000000,0.080000000,2.000000000,-0.005300639,0.002650320,-0.002650320,0.003883546,0.002650320,-0.002650320,0.000000000,0.003140885,0.843812926,1,78.443857051,1,46.339598478,0.407579997,0.234036467,0.411379618,0.234639059,0.940733193,0.169700439,0.861781131,0.183614704,0.572854501,2.000000000,2.080423120,2.000000000,0.000000000,0.000000000,0.000000000,1.000000000,1.186985292,0.791555948,0.716387312,0.302959995,1.373038471,0.813216538,0.716387312,1,0,0,0.000000000,0.049434766,-0.375513783,0.150555827,-0.122334948,-0.015664200,0.198901637,0.312926379,12.122549235,0.016861259,-130.918711533,-0.110916248,142.886431717,44.932737478,0.002781836,0.000513901,-0.000996654,0.000117164,-0.000259646,-0.000104486,-0.000881517,-0.680731948,0.000060784,0.673886387,0.000085138,-0.234632906,-0.000259877,0.165615441,0.001804157,-0.000000161,-0.001786014,-0.000000226,0.000621852,0.000000689,-0.000438934,-1.361463896,0.000121568,1.347772773,0.000170276,-0.469265811,-0.000519755,0.331230882,-0.442535459,-0.062235324,0.130621247,0.025214358,0.411584376,0.349990815,0.062505755
15.551000000,0,15.551000000,sample,0.216533804,-0.000002236,0.216034802,0.216033852,0.000000950,0.949841455,0.000005937,0,0,2.000000000,0.080000000,0.000000000,0.000000000,0.001021644,0.000000000,0.006834213,0.002102829,-0.002102829,0.001656307,0.001617551,0.631599064,3,28.099551840,0,0.000000000,0.404217446,0.234589612,0.409956370,0.234914479,0.956684884,0.105267330,0.785029688,0.201538197,0.496011510,0.000000000,0.496012114,2.000000000,0.000000000,0.000000000,0.000000000,1.000000000,1.153279066,0.766996327,0.710425523,0.000000000,1.191586291,0.798846527,0.743657347,1,0,0,0.000000000,0.048112337,-0.372688475,0.148930345,-0.122369054,-0.015409202,0.199551139,0.312519180,12.122453470,0.016956095,-130.918615824,-0.110894648,142.886494440,44.933055591,0.000617668,-0.000839316,-0.000857448,0.000789090,-0.000146323,0.000173246,-0.000348144,0.000000000,0.000000000,0.000000000,0.000000000,0.000000000,0.000000000,0.000000000,0.000695466,-0.000000062,-0.000688472,-0.000000087,0.000239710,0.000000265,-0.000169199,0.000000000,0.000000000,0.000000000,0.000000000,0.000000000,0.000000000,0.000000000,-0.411385830,-0.079012601,0.183256630,0.039342181,0.406802436,0.353039513,0.062985813
15.601000000,0,15.601000000,sample,0.216533791,-0.000000261,0.216034832,0.216033815,0.000001017,1.017305519,0.000006358,1,1,2.000000000,0.080000000,2.000000000,0.001562122,0.000781061,0.000781061,0.005164570,0.005164570,-0.005164570,0.000781061,0.004056095,0.192564725,1,64.019244321,1,46.339546643,0.403469081,0.234597026,0.410606747,0.235141621,2.801628869,0.265332331,0.684566798,0.235859504,0.469461963,2.000000000,2.054360508,2.000000000,0.000000000,0.000000000,0.000000000,1.000000000,1.334073871,0.790606597,0.686864103,0.316170390,1.372922303,0.804068372,0.715403849,1,0,0,0.000000000,0.049212744,-0.370928485,0.150922047,-0.122357265,-0.015742599,0.199541060,0.312433391,12.122644942,0.016855580,-130.918615824,-0.110875664,142.886352683,44.932845764,-0.003245364,0.001053829,-0.001916488,0.000833199,0.000147638,0.000199762,-0.000616533,-0.680731567,0.000060764,0.673886080,0.000085107,-0.234634245,-0.000259784,0.165616357,-0.000531693,0.000000047,0.000526346,0.000000066,-0.000183264,-0.000000203,0.000129356,-1.361463134,0.000121527,1.347772160,0.000170215,-0.469268490,-0.000519568,0.331232713,-0.365332025,0.006519279,0.225251256,-0.006584233,0.404299277,0.346277974,0.064222158
15.651000000,0,15.651000000,sample,0.216534063,0.000005430,0.216035031,0.216034157,0.000000874,0.874171998,0.000005464,0,0,2.000000000,0.080000000,0.000000000,0.000000000,0.000045382,0.000000000,0.004281439,0.000000000,0.000000000,0.000000000,0.001663069,0.027287824,2,66.420063961,0,0.000000000,0.409317203,0.234286635,0.411599475,0.234937697,1.129216859,0.124296124,0.824676094,0.214697406,0.562067790,0.000000000,0.562067586,2.000000000,0.000000000,0.000000000,0.000000000,1.000000000,1.137930770,0.751531837,0.705699834,0.000000000,1.318395348,0.780051174,0.713589347,1,0,0,0.000000000,0.050902549,-0.375827747,0.153957813,-0.122379083,-0.015975866,0.199144067,0.312744233,12.122852314,0.017067652,-130.918823193,-0.110910359,142.886534570,44.932994645,-0.000306412,0.001355377,-0.000384788,-0.000650775,0.000245826,0.000240682,0.000380705,0.000000000,0.000000000,0.000000000,0.000000000,0.000000000,0.000000000,0.000000000,0.000030893,-0.000000003,-0.000030582,-0.000000004,0.000010648,0.000000012,-0.000007516,0.000000000,0.000000000,0.000000000,0.000000000,0.000000000,0.000000000,0.000000000,-0.395698755,-0.083483619,0.201874865,0.037325500,0.405526929,0.351633109,0.064966522
15.701000000,0,15.701000000,sample,0.216534045,-0.000000362,0.216034999,0.216034137,0.000000862,0.862153131,0.000005388,0,0,2.000000000,0.080000000,0.000000000,0.000000000,0.000180256,0.000000000,0.001312015,0.000761649,-0.000761649,0.000000000,0.001117002,0.161375059,4,65.223755020,0,0.000000000,0.407706080,0.234527002,0.411808468,0.234550882,0.402857510,0.041086446,0.807396440,0.209110327,0.532751009,0.000000000,0.532750543,2.000000000,0.000000000,0.000000000,0.000000000,1.000000000,1.122374819,0.741882203,0.696560468,0.000000000,1.338686210,0.804865305,0.704341790,1,0,0,0.000000000,0.050398232,-0.375520559,0.150560871,-0.122488656,-0.015774509,0.199375546,0.312705409,12.122453526,0.017054070,-130.918823193,-0.110725090,142.886337685,44.933025994,-0.000080878,-0.000485329,-0.000374735,-0.000902105,0.000048291,0.000138018,0.000173229,0.000000000,0.000000000,0.000000000,0.000000000,0.000000000,0.000000000,0.000000000,0.000122706,-0.000000011,-0.000121472,-0.000000015,0.000042294,0.000000047,-0.000029853,0.000000000,0.000000000,0.000000000,0.000000000,0.000000000,0.000000000,0.000000000,-0.385264083,-0.090201138,0.177939033,0.036974105,0.409284569,0.352217065,0.063495859
15.751000000,0,15.751000000,sample,0.216533795,-0.000004995,0.216034815,0.216033837,0.000000978,0.978285459,0.000006114,0,0,2.000000000,0.080000000,0.000000000,0.000000000,0.000938964,0.000000000,0.009097326,0.004530049,-0.001215297,0.004530049,0.001428969,0.657091479,3,53.619097080,0,0.000000000,0.403775037,0.234577243,0.410221028,0.235235823,0.459736263,0.097481643,0.784922218,0.217100867,0.514998485,0.000000000,0.514998641,2.000000000,0.000000000,0.000000000,0.000000000,1.000000000,1.161070788,0.718278610,0.688217247,0.000000000,1.195648192,0.835069850,0.762415574,1,0,0,0.000000000,0.049069737,-0.371305416,0.150859969,-0.122296145,-0.015702481,0.199558433,0.312406463,12.122644718,0.016933109,-130.918615824,-0.111004243,142.886391903,44.933014832,0.000180943,-0.000095294,-0.001046364,0.000256193,0.000680135,-0.000538825,0.000294455,0.000000000,0.000000000,0.000000000,0.000000000,0.000000000,0.000000000,0.000000000,0.000639182,-0.000000057,-0.000632754,-0.000000080,0.000220313,0.000000244,-0.000155508,0.000000000,0.000000000,0.000000000,0.000000000,0.000000000,0.000000000,0.000000000,-0.321480041,-0.075258126,0.276216057,0.027288092,0.400709757,0.350482700,0.064679159
15.801000000,0,15.801000000,sample,0.216534175,0.000007596,0.216035122,0.216034257,0.000000865,0.865442951,0.000005409,0,0,2.000000000,0.080000000,0.000000000,0.000000000,0.000598773,0.000000000,0.005116399,0.003925401,-0.003925401,0.000000000,0.002262915,0.264602421,2,42.458439081,0,0.000000000,0.405434798,0.234484621,0.408477443,0.235413164,0.526233627,0.076638372,0.821089627,0.195841119,0.539699546,0.000000000,0.539699727,2.000000000,0.000000000,0.000000000,0.000000000,1.000000000,1.147154233,0.725982006,0.691597584,0.000000000,1.172226819,0.753505500,0.710742167,1,0,0,0.000000000,0.050324676,-0.373305206,0.149960080,-0.122426747,-0.015622471,0.199375694,0.312463920,12.122341866,0.017067659,-130.918918902,-0.110835618,142.886473452,44.932886566,0.000571637,-0.001474519,-0.000057326,-0.001346799,0.000101805,0.000074325,-0.000886999,0.000000000,0.000000000,0.000000000,0.000000000,0.000000000,0.000000000,0.000000000,0.000407604,-0.000000037,-0.000403505,-0.000000051,0.000140490,0.000000155,-0.000099165,0.000000000,0.000000000,0.000000000,0.000000000,0.000000000,0.000000000,0.000000000,-0.355706075,-0.078041654,0.241217698,0.021747324,0.399769583,0.351018799,0.063253982
15.851000000,0,15.851000000,sample,0.216533898,-0.000005530,0.216034869,0.216033988,0.000000881,0.880602355,0.000005504,0,0,2.000000000,0.080000000,0.000000000,0.000000000,0.000375176,0.000000000,0.005798081,0.000406784,-0.000406784,0.000000000,0.001191830,0.314790071,7,73.979261053,0,0.000000000,0.406146070,0.234573351,0.410466625,0.234799910,0.335774648,0.073907852,0.799162976,0.212088752,0.524043193,0.000000000,0.524043163,2.000000000,0.000000000,0.000000000,0.000000000,1.000000000,1.167262479,0.741030060,0.694572466,0.000000000,1.186560114,0.783173200,0.729026350,1,0,0,0.000000000,0.050144886,-0.373741898,0.150854612,-0.122341646,-0.015858946,0.199513590,0.312524980,12.122549235,0.017068368,-130.918711533,-0.110972594,142.886235848,44.933195133,-0.000353469,0.000122468,-0.000200553,-0.000011147,-0.000425795,-0.000089599,0.001025107,0.000000000,0.000000000,0.000000000,0.000000000,0.000000000,0.000000000,0.000000000,-0.000255394,0.000000023,0.000252826,0.000000032,-0.000088028,-0.000000098,0.000062135,0.000000000,0.000000000,0.000000000,0.000000000,0.000000000,0.000000000,0.000000000,-0.375138247,-0.069900827,0.212364132,0.024255925,0.403896773,0.351701802,0.065593025
15.901000000,0,15.901000000,sample,0.216533904,0.000000112,0.216034805,0.216034054,0.000000751,0.751072232,0.000004694,0,0,2.000000000,0.080000000,0.000000000,0.000000000,0.000409982,0.000000000,0.007107278,0.007107278,-0.007107278,0.002054202,0.001497437,0.273789548,3,59.747661594,0,0.000000000,0.406671476,0.234435003,0.409271830,0.235204341,1.000165768,0.112349041,0.855698638,0.191896159,0.558793221,0.000000000,0.558793502,2.000000000,0.000000000,0.000000000,0.000000000,1.000000000,1.201204522,0.808187481,0.737334706,0.000000000,1.207184970,0.819461297,0.747527833,1,0,0,0.000000000,0.049634219,-0.374774086,0.149875008,-0.122370832,-0.015703308,0.199345319,0.312439036,12.122453526,0.017258421,-130.918711533,-0.110992679,142.886296218,44.933143017,0.000668451,-0.000499399,0.001157468,-0.000263366,-0.000280364,0.000211548,0.000116792,0.000000000,0.000000000,0.000000000,0.000000000,0.000000000,0.000000000,0.000000000,-0.000279088,0.000000025,0.000276282,0.000000035,-0.000096194,-0.000000107,0.000067899,0.000000000,0.000000000,0.000000000,0.000000000,0.000000000,0.000000000,0.000000000,-0.479679675,-0.057493842,0.134977640,0.022874565,0.405981608,0.349904501,0.065329182
15.951000000,0,15.951000000,sample,0.216534057,0.000003062,0.216035110,0.216034044,0.000001065,1.065352036,0.000006658,1,1,2.000000000,0.080000000,2.000000000,0.008009440,0.004004720,0.004004720,0.005449354,0.004004720,-0.001156122,0.004004720,0.010064174,0.397918420,5,49.827536867,1,46.339656516,0.402355606,0.234420089,0.409009114,0.234880731,5.253467195,0.295840034,0.574265472,0.201242627,0.414261938,2.000000000,2.042448378,2.000000000,0.000000000,0.000000000,0.000000000,1.000000000,1.180339727,0.734799739,0.687547527,0.316639455,1.200995414,0.803422922,0.732981967,1,0,0,0.000000000,0.049875314,-0.369858584,0.150356624,-0.122206163,-0.015639022,0.199433831,0.312374855,12.122453508,0.016826365,-130.918823193,-0.111118254,142.886471168,44.932845514,-0.006370186,-0.000761399,-0.002617106,-0.000876610,-0.007104162,-0.000177178,-0.001417889,-0.680732374,0.000060731,0.673886731,0.000085293,-0.234631398,-0.000260349,0.165614422,-0.002726143,0.000000243,0.002698728,0.000000342,-0.000939633,-0.000001043,0.000663239,-1.361464748,0.000121462,1.347773463,0.000170585,-0.469262796,-0.000520698,0.331228843,-0.342088368,-0.064891369,0.249151735,0.022462338,0.402425175,0.350753543,0.062698066
16.001000000,0,16.001000000,sample,0.216533918,-0.000002773,0.216034845,0.216034053,0.000000792,0.791974696,0.000004950,0,0,2.000000000,0.080000000,0.000000000,0.000000000,0.000727612,0.000000000,0.006315151,0.000000000,0.000000000,0.000000000,0.001485042,0.489960464,2,40.539865328,0,0.000000000,0.408299547,0.234210290,0.410747173,0.235113604,0.737592492,0.108321376,0.818601636,0.214969202,0.551851994,0.000000000,0.551851971,2.000000000,0.000000000,0.000000000,0.000000000,1.000000000,1.165624970,0.761816230,0.703366938,0.000000000,1.209237275,0.772830130,0.712139183,1,0,0,0.000000000,0.049862688,-0.375632388,0.152060981,-0.122483835,-0.015808507,0.199003168,0.312607660,12.122715310,0.017163343,-130.918711533,-0.110772661,142.886454522,44.932700795,-0.000884537,0.000945540,0.000321076,-0.000213435,0.000519448,-0.000275063,0.000186463,0.000000000,0.000000000,0.000000000,0.000000000,0.000000000,0.000000000,0.000000000,-0.000495308,0.000000045,0.000490327,0.000000062,-0.000170724,-0.000000189,0.000120505,0.000000000,0.000000000,0.000000000,0.000000000,0.000000000,0.000000000,0.000000000,-0.403261936,-0.071488600,0.184350622,0.025566469,0.405225843,0.352770772,0.060829622
16.051000000,0,16.051000000,sample,0.216533919,0.000000007,0.216034844,0.216034030,0.000000815,0.814870167,0.000005093,0,0,2.000000000,0.080000000,0.000000000,0.000000000,0.000018016,0.000000000,0.001407518,0.000000000,0.000000000,0.000000000,0.001321456,0.013633714,7,45.276014940,0,0.000000000,0.408342946,0.234088991,0.411582037,0.234740104,0.514023349,0.035694385,0.838479292,0.199673520,0.544174101,0.000000000,0.544174188,2.000000000,0.000000000,0.000000000,0.000000000,1.000000000,1.183615453,0.754441348,0.689609094,0.000000000,1.188654948,0.768137289,0.705182695,1,0,0,0.000000000,0.048709454,-0.377215501,0.148592787,-0.122365508,-0.015430343,0.198962918,0.312799084,12.122341865,0.017163342,-130.918711533,-0.110972593,142.886458037,44.933012120,0.000704500,-0.000255712,0.000288504,-0.000153082,-0.000511242,0.000160840,0.000889174,0.000000000,0.000000000,0.000000000,0.000000000,0.000000000,0.000000000,0.000000000,0.000012264,-0.000000001,-0.000012141,-0.000000002,0.000004227,0.000000005,-0.000002984,0.000000000,0.000000000,0.000000000,0.000000000,0.000000000,0.000000000,0.000000000,-0.382233373,-0.061552786,0.176272127,0.020780670,0.409035507,0.350617094,0.062637959
16.101000000,0,16.101000000,sample,0.216534043,0.000002475,0.216034994,0.216034144,0.000000851,0.850769608,0.000005317,0,0,2.000000000,0.080000000,0.000000000,0.000000000,0.000528241,0.000000000,0.004478136,0.001579255,-0.001579255,0.001347084,0.002987510,0.176816352,3,45.204111888,0,0.000000000,0.411571618,0.233785070,0.411571618,0.234572957,1.875633865,0.305756805,0.914434857,0.168315037,0.621281937,0.000000000,0.621283517,2.000000000,0.000000000,0.000000000,0.000000000,1.000000000,1.199446159,0.798379587,0.721526727,0.000000000,1.199939745,0.798379587,0.721526727,1,0,0,0.000000000,0.050806299,-0.379291058,0.151486667,-0.122378245,-0.015895805,0.198560689,0.313081901,12.122549235,0.017103546,-130.918823193,-0.110925336,142.886312386,44.932795830,0.001496370,0.000070960,0.002008623,-0.000526329,-0.001344093,-0.000139744,-0.000737128,0.000000000,0.000000000,0.000000000,0.000000000,0.000000000,0.000000000,0.000000000,-0.000359590,0.000000032,0.000355974,0.000000045,-0.000123942,-0.000000137,0.000087485,0.000000000,0.000000000,0.000000000,0.000000000,0.000000000,0.000000000,0.000000000,-0.453193977,-0.058141894,0.110170921,0.020654065,0.414823567,0.350865876,0.063920894
16.152000000,0,16.152000000,sample,0.216533797,-0.000004824,0.216034707,0.216033941,0.000000766,0.766269679,0.000004789,0,0,2.000000000,0.080000000,0.000000000,0.000000000,0.001458889,0.000000000,0.007559612,0.004355418,-0.001675532,0.004355418,0.001695981,0.860203564,3,40.390490873,0,0.000000000,0.402878516,0.234902221,0.409030081,0.235022124,0.121073591,0.032495298,0.811719913,0.207522199,0.533757903,0.000000000,0.533758247,2.000000000,0.000000000,0.000000000,0.000000000,1.000000000,1.184423911,0.761812824,0.705652105,0.000000000,1.195970442,0.798628851,0.722932460,1,0,0,0.000000000,0.048716095,-0.370747531,0.149947021,-0.122425309,-0.015591889,0.199869933,0.312033579,12.122548732,0.017219857,-130.918615824,-0.110890435,142.886406986,44.933143017,-0.000891659,0.000225918,0.001077855,0.000377119,-0.000155761,-0.000643847,0.000536157,0.000000000,0.000000000,0.000000000,0.000000000,0.000000000,0.000000000,0.000000000,-0.000993112,0.000000090,0.000983125,0.000000124,-0.000342303,-0.000000379,0.000241614,0.000000000,0.000000000,0.000000000,0.000000000,0.000000000,0.000000000,0.000000000,-0.402841195,-0.059702197,0.203447812,0.013858541,0.404702992,0.350001307,0.065046249
16.201000000,0,16.201000000,sample,0.216533805,0.000000176,0.216034769,0.216033886,0.000000884,0.883611440,0.000005523,0,0,2.000000000,0.080000000,0.000000000,0.000000000,0.000588232,0.000000000,0.004122419,0.000110488,-0.000110488,0.000000000,0.001957528,0.300497221,5,51.523518418,0,0.000000000,0.407801590,0.233934141,0.412014430,0.234988020,0.890593818,0.105351179,0.796830755,0.212198837,0.506933811,0.000000000,0.506934371,2.000000000,0.000000000,0.000000000,0.000000000,1.000000000,1.171154666,0.740053069,0.688882280,0.000000000,1.194101268,0.785646040,0.717118180,1,0,0,0.000000000,0.048108489,-0.376577330,0.148920193,-0.122378603,-0.015403570,0.198774722,0.312837272,12.122453526,0.017054870,-130.918615824,-0.110914742,142.886501405,44.932709901,-0.000032449,-0.000737509,-0.000255758,0.000892565,0.001405111,-0.000149867,-0.000654264,0.000000000,0.000000000,0.000000000,0.000000000,0.000000000,0.000000000,0.000000000,0.000400428,-0.000000036,-0.000396402,-0.000000050,0.000138018,0.000000153,-0.000097420,0.000000000,0.000000000,0.000000000,0.000000000,0.000000000,0.000000000,0.000000000,-0.359372115,-0.068822007,0.218072183,0.022587956,0.405746667,0.352283364,0.062244607
16.251000000,0,16.251000000,sample,0.216534046,0.000004820,0.216035054,0.216034096,0.000000958,0.957990450,0.000005987,0,0,2.000000000,0.080000000,0.000000000,0.000000000,0.001601367,0.000000000,0.005902965,0.005902965,-0.005902965,0.000000000,0.002138130,0.748956722,3,54.803019789,0,0.000000000,0.406507156,0.234451019,0.411239420,0.235007490,1.032091250,0.101640634,0.810456075,0.207572058,0.551125880,0.000000000,0.551125932,2.000000000,0.000000000,0.000000000,0.000000000,1.000000000,1.182668626,0.715948397,0.682486605,0.000000000,1.197526163,0.792966453,0.719442421,1,0,0,0.000000000,0.050921006,-0.373437881,0.152313060,-0.122372964,-0.015950471,0.199343223,0.312615685,12.122644944,0.016941007,-130.918823193,-0.110876455,142.886352435,44.932914168,0.000782106,0.000981504,-0.001582837,-0.000666346,-0.000118461,-0.000008840,-0.000181810,0.000000000,0.000000000,0.000000000,0.000000000,0.000000000,0.000000000,0.000000000,0.001090101,-0.000000098,-0.001079138,-0.000000136,0.000375736,0.000000416,-0.000265213,0.000000000,0.000000000,0.000000000,0.000000000,0.000000000,0.000000000,0.000000000,-0.289624862,-0.068538238,0.299556954,0.024203241,0.400558509,0.350365312,0.060702379
16.301000000,0,16.301000000,sample,0.216533920,-0.000002523,0.216034919,0.216033964,0.000000955,0.955335668,0.000005971,0,0,2.000000000,0.080000000,0.000000000,0.000000000,0.000337412,0.000000000,0.005363743,0.002100609,-0.002100609,0.000000000,0.000944360,0.357291658,2,38.757139529,0,0.000000000,0.406094289,0.234152578,0.410382229,0.235038573,0.478562888,0.033111175,0.792591521,0.204090105,0.512616805,0.000000000,0.512616841,2.000000000,0.000000000,0.000000000,0.000000000,1.000000000,1.164247351,0.741281295,0.697612798,0.000000000,1.187368061,0.770695357,0.705466042,1,0,0,0.000000000,0.048980334,-0.374346846,0.149592573,-0.122334645,-0.015526280,0.199049238,0.312703201,12.122452016,0.016957536,-130.918711533,-0.110951973,142.886472195,44.932784772,-0.000070146,-0.000587914,-0.000409397,0.000202168,0.000093100,-0.000212549,-0.000528139,0.000000000,0.000000000,0.000000000,0.000000000,0.000000000,0.000000000,0.000000000,0.000229687,-0.000000021,-0.000227377,-0.000000029,0.000079167,0.000000088,-0.000055880,0.000000000,0.000000000,0.000000000,0.000000000,0.000000000,0.000000000,0.000000000,-0.367997788,-0.070310839,0.242421651,0.019811974,0.400091686,0.351024512,0.062010432
16.351000000,0,16.351000000,sample,0.216534044,0.000002483,0.216035040,0.216034101,0.000000939,0.939172716,0.000005870,0,0,2.000000000,0.080000000,0.000000000,0.000000000,0.000437872,0.000000000,0.004255277,0.000000000,0.000000000,0.000000000,0.002020443,0.216720860,1,43.675807192,0,0.000000000,0.405231015,0.234641242,0.410491755,0.234797090,1.376894557,0.153184886,0.764854317,0.221042715,0.517425645,0.000000000,0.517423163,2.000000000,0.000000000,0.000000000,0.000000000,1.000000000,1.180307013,0.749640603,0.693138265,0.000000000,1.180901581,0.776883800,0.718749534,1,0,0,0.000000000,0.050704599,-0.372421424,0.151471126,-0.122420638,-0.015877822,0.199543465,0.312482442,12.122550578,0.016955973,-130.918823193,-0.110803133,142.886330836,44.932937271,-0.001335264,-0.000030268,-0.000924601,-0.001048760,-0.000302819,0.000110922,0.000489446,0.000000000,0.000000000,0.000000000,0.000000000,0.000000000,0.000000000,0.000000000,-0.000298074,0.000000027,0.000295076,0.000000037,-0.000102739,-0.000000114,0.000072518,0.000000000,0.000000000,0.000000000,0.000000000,0.000000000,0.000000000,0.000000000,-0.382683716,-0.063713726,0.199537593,0.024245940,0.402934656,0.350885367,0.063674126
16.401000000,0,16.401000000,sample,0.216533900,-0.000002881,0.216034865,0.216033987,0.000000878,0.878006335,0.000005488,0,0,2.000000000,0.080000000,0.000000000,0.000000000,0.000621330,0.000000000,0.001408941,0.000000000,0.000000000,0.000000000,0.000865987,0.717481601,7,39.282514337,0,0.000000000,0.408125288,0.233885841,0.411895784,0.234527831,0.138108304,0.028432646,0.822884085,0.202019600,0.540329803,0.000000000,0.540329690,2.000000000,0.000000000,0.000000000,0.000000000,1.000000000,1.192450414,0.758895365,0.691914939,0.000000000,1.192450414,0.759429346,0.697620052,1,0,0,0.000000000,0.049792922,-0.376305318,0.149937397,-0.122360082,-0.015745316,0.198702495,0.312799084,12.122453526,0.017067633,-130.918711533,-0.110945432,142.886255392,44.932635855,0.000420419,0.000234816,-0.000232361,0.000146424,0.000378075,-0.000071258,-0.000542764,0.000000000,0.000000000,0.000000000,0.000000000,0.000000000,0.000000000,0.000000000,0.000422959,-0.000000038,-0.000418706,-0.000000053,0.000145783,0.000000162,-0.000102901,0.000000000,0.000000000,0.000000000,0.000000000,0.000000000,0.000000000,0.000000000,-0.383250068,-0.058639878,0.181368757,0.025638171,0.409747052,0.350415880,0.064739139
16.451000000,0,16.451000000,sample,0.216533906,0.000000111,0.216034907,0.216033955,0.000000952,0.951957260,0.000005950,0,0,2.000000000,0.080000000,0.000000000,0.000000000,0.000091765,0.000000000,0.008348784,0.000644870,-0.000644870,0.000091547,0.000802581,0.114336932,2,49.460366170,0,0.000000000,0.405456892,0.234371835,0.410736860,0.234773394,0.304738576,0.055181330,0.796997801,0.210793664,0.518341835,0.000000000,0.518341533,2.000000000,0.000000000,0.000000000,0.000000000,1.000000000,1.169827996,0.760542549,0.700504544,0.000000000,1.194494672,0.776568187,0.711194941,1,0,0,0.000000000,0.049553141,-0.373478815,0.149844427,-0.122355356,-0.015683424,0.199282097,0.312607664,12.122453526,0.016955973,-130.918711533,-0.110914202,142.886316355,44.932890050,-0.000244448,-0.000564440,-0.000173475,-0.000221223,0.000111964,-0.000052703,0.000414057,0.000000000,0.000000000,0.000000000,0.000000000,0.000000000,0.000000000,0.000000000,-0.000062467,0.000000006,0.000061839,0.000000008,-0.000021531,-0.000000024,0.000015198,0.000000000,0.000000000,0.000000000,0.000000000,0.000000000,0.000000000,0.000000000,-0.405082569,-0.067918404,0.168321375,0.024924107,0.407460484,0.350601041,0.064057676
16.501000000,0,16.501000000,sample,0.216533919,0.000000271,0.216034904,0.216033970,0.000000935,0.934791961,0.000005842,0,0,2.000000000,0.080000000,0.000000000,0.000000000,0.000347550,0.000000000,0.004258931,0.001922501,-0.001922501,0.000000000,0.001610911,0.215747345,2,37.355830414,0,0.000000000,0.406471401,0.233980435,0.410345174,0.234625524,1.231976238,0.149490161,0.821557766,0.195368787,0.518594947,0.000000000,0.518594286,2.000000000,0.000000000,0.000000000,0.000000000,1.000000000,1.181591123,0.788685397,0.719192846,0.000000000,1.202773933,0.828163227,0.752049906,1,0,0,0.000000000,0.048603864,-0.375219634,0.148549288,-0.122318657,-0.015406310,0.198865874,0.312763381,12.122341866,0.016993911,-130.918710234,-0.110992939,142.886480846,44.932730020,0.000793653,-0.000984579,0.000269155,0.000805726,-0.000117356,0.000500915,-0.000097078,0.000000000,0.000000000,0.000000000,0.000000000,0.000000000,0.000000000,0.000000000,0.000236588,-0.000000021,-0.000234209,-0.000000030,0.000081545,0.000000090,-0.000057559,0.000000000,0.000000000,0.000000000,0.000000000,0.000000000,0.000000000,0.000000000,-0.443015277,-0.066078300,0.140434664,0.028631912,0.410321973,0.351649720,0.063609306
16.551000000,0,16.551000000,sample,0.216534057,0.000002762,0.216035068,0.216034105,0.000000963,0.963021370,0.000006019,0,0,2.000000000,0.080000000,0.000000000,0.000000000,0.001365948,0.000000000,0.006516621,0.006516621,-0.006516621,0.000000000,0.002700290,0.505852453,3,65.872260929,0,0.000000000,0.406865112,0.234594530,0.408675504,0.235158160,1.681966343,0.189248254,0.766540150,0.226214973,0.527505220,0.000000000,0.527504085,2.000000000,0.000000000,0.000000000,0.000000000,1.000000000,1.168447904,0.723793133,0.687300104,0.000000000,1.245887278,0.795042090,0.720049822,1,0,0,0.000000000,0.050817021,-0.373494418,0.153162560,-0.122426086,-0.015940477,0.199480195,0.312635397,12.122756605,0.016918036,-130.918823193,-0.110780340,142.886474283,44.932971744,-0.000523440,0.001127063,-0.002191602,-0.000425294,0.000796289,0.000064929,-0.000353581,0.000000000,0.000000000,0.000000000,0.000000000,0.000000000,0.000000000,0.000000000,0.000929844,-0.000000083,-0.000920492,-0.000000116,0.000320502,0.000000355,-0.000226226,0.000000000,0.000000000,0.000000000,0.000000000,0.000000000,0.000000000,0.000000000,-0.315449285,-0.075146877,0.274601023,0.033756184,0.403024283,0.352604343,0.062630108
16.601000000,0,16.601000000,sample,0.216533917,-0.000002809,0.216034873,0.216034018,0.000000855,0.854653434,0.000005342,0,0,2.000000000,0.080000000,0.000000000,0.000000000,0.000667121,0.000000000,0.005549182,0.005549182,-0.002385523,0.005549182,0.001440861,0.463001764,3,50.646895952,0,0.000000000,0.408223700,0.234369042,0.410091551,0.235145089,0.642049408,0.036887334,0.847242471,0.202970177,0.555607286,0.000000000,0.555606562,2.000000000,0.000000000,0.000000000,0.000000000,1.000000000,1.163736192,0.732112043,0.693851776,0.000000000,1.190697364,0.787513744,0.719619637,1,0,0,0.000000000,0.049708871,-0.375823545,0.151434080,-0.122405480,-0.015753697,0.199242484,0.312715969,12.122644944,0.017090136,-130.918711533,-0.110876455,142.886437726,44.933059817,0.000005408,0.000786750,0.001025413,0.000456607,0.000289703,0.000173644,0.000288159,0.000000000,0.000000000,0.000000000,0.000000000,0.000000000,0.000000000,0.000000000,-0.000454131,0.000000041,0.000449564,0.000000057,-0.000156530,-0.000000173,0.000110486,0.000000000,0.000000000,0.000000000,0.000000000,0.000000000,0.000000000,0.000000000,-0.325016223,-0.079235404,0.277491525,0.042089258,0.401943284,0.354216839,0.060954642
16.651000000,0,16.651000000,sample,0.216533912,-0.000000093,0.216034880,0.216034003,0.000000877,0.877120888,0.000005482,0,0,2.000000000,0.080000000,0.000000000,0.000000000,0.000258129,0.000000000,0.007844754,0.001132445,-0.001132445,0.000000000,0.001749926,0.147508549,7,42.820582440,0,0.000000000,0.408298151,0.234049028,0.411617208,0.234899370,0.848040236,0.165166710,0.805681502,0.222768197,0.543438002,0.000000000,0.543437709,2.000000000,0.000000000,0.000000000,0.000000000,1.000000000,1.195751854,0.785730859,0.719250042,0.000000000,1.216022492,0.791529594,0.721658061,1,0,0,0.000000000,0.049895274,-0.375848583,0.151511336,-0.122312872,-0.015804282,0.198918912,0.312742779,12.122644944,0.017082718,-130.918711533,-0.111027882,142.886386990,44.932876677,-0.000624036,0.000917697,-0.000399070,-0.000132452,0.000373157,-0.000450928,0.001145106,0.000000000,0.000000000,0.000000000,0.000000000,0.000000000,0.000000000,0.000000000,-0.000175717,0.000000016,0.000173949,0.000000022,-0.000060566,-0.000000067,0.000042750,0.000000000,0.000000000,0.000000000,0.000000000,0.000000000,0.000000000,0.000000000,-0.436573221,-0.059727531,0.174163499,0.021547279,0.404605075,0.353235733,0.062282492
16.701000000,0,16.701000000,sample,0.216533925,0.000000247,0.216034845,0.216034045,0.000000801,0.800521091,0.000005003,0,0,2.000000000,0.080000000,0.000000000,0.000000000,0.000232619,0.000000000,0.003377904,0.000234427,-0.000234427,0.000000000,0.002013820,0.115511151,7,30.889166458,0,0.000000000,0.407342791,0.234244682,0.412014604,0.234717772,1.284834649,0.086184638,0.854180929,0.201834538,0.545958413,0.000000000,0.545957405,2.000000000,0.000000000,0.000000000,0.000000000,1.000000000,1.153797048,0.762471337,0.708730251,0.000000000,1.386754011,0.810471860,0.717233387,1,0,0,0.000000000,0.048810779,-0.375747420,0.149531045,-0.122442596,-0.015478898,0.199094916,0.312627478,12.122453526,0.017162950,-130.918711533,-0.110844523,142.886521745,44.932869822,0.000893066,-0.000726124,0.001079782,0.000437164,0.000308599,0.000160229,0.001119241,0.000000000,0.000000000,0.000000000,0.000000000,0.000000000,0.000000000,0.000000000,-0.000158351,0.000000014,0.000156759,0.000000020,-0.000054580,-0.000000060,0.000038525,0.000000000,0.000000000,0.000000000,0.000000000,0.000000000,0.000000000,0.000000000,-0.416302887,-0.079690375,0.160689515,0.037919292,0.407212687,0.354116763,0.064498619
16.751000000,0,16.751000000,sample,0.216533902,-0.000000447,0.216034845,0.216034011,0.000000833,0.833325536,0.000005208,0,0,2.000000000,0.080000000,0.000000000,0.000000000,0.000640128,0.000000000,0.009211317,0.003333168,-0.003333168,0.000000000,0.001658481,0.385972422,7,41.789620378,0,0.000000000,0.408662214,0.233781548,0.409110340,0.235063029,0.473869900,0.074227693,0.836143721,0.199152124,0.546951795,0.000000000,0.546952094,2.000000000,0.000000000,0.000000000,0.000000000,1.000000000,1.197555964,0.764149957,0.707290370,0.000000000,1.225204733,0.764149957,0.720285019,1,0,0,0.000000000,0.049712350,-0.376912081,0.149902536,-0.122370158,-0.015722760,0.198575304,0.312796539,12.122453526,0.017133162,-130.918711532,-0.110952145,142.886278221,44.932575599,0.000554634,-0.000457104,0.000193379,-0.000353041,0.000917168,0.000285165,-0.001072124,0.000000000,0.000000000,0.000000000,0.000000000,0.000000000,0.000000000,0.000000000,0.000435756,-0.000000039,-0.000431374,-0.000000055,0.000150194,0.000000166,-0.000106014,0.000000000,0.000000000,0.000000000,0.000000000,0.000000000,0.000000000,0.000000000,-0.403346938,-0.057455962,0.214575284,0.023964009,0.399561497,0.351821470,0.065001274
16.801000000,0,16.801000000,sample,0.216533926,0.000000466,0.216034917,0.216033989,0.000000929,0.928594544,0.000005804,0,0,2.000000000,0.080000000,0.000000000,0.000000000,0.001290704,0.000000000,0.006689507,0.001787241,-0.001787241,0.000000000,0.002058412,0.627038548,7,64.278312297,0,0.000000000,0.406124238,0.234358153,0.409689590,0.235087770,0.242177400,0.106167001,0.816102703,0.191235687,0.540265146,0.000000000,0.540265270,2.000000000,0.000000000,0.000000000,0.000000000,1.000000000,1.147809605,0.774004159,0.721214380,0.000000000,1.384527229,0.827288570,0.731830086,1,0,0,0.000000000,0.049427974,-0.373537974,0.151535980,-0.122387828,-0.015685233,0.199245921,0.312581099,12.122671610,0.016982708,-130.918711533,-0.110870485,142.886532991,44.932818756,0.000789801,0.000259427,-0.000771581,-0.000283448,-0.000171807,0.000342439,-0.001650306,0.000000000,0.000000000,0.000000000,0.000000000,0.000000000,0.000000000,0.000000000,0.000878623,-0.000000079,-0.000869787,-0.000000110,0.000302845,0.000000335,-0.000213763,0.000000000,0.000000000,0.000000000,0.000000000,0.000000000,0.000000000,0.000000000,-0.436210182,-0.078292794,0.181892587,0.030808133,0.403284803,0.350732509,0.063679803
16.851000000,0,16.851000000,sample,0.216533930,0.000000089,0.216034893,0.216034009,0.000000884,0.884437565,0.000005528,0,0,2.000000000,0.080000000,0.000000000,0.000000000,0.000388169,0.000000000,0.004977707,0.001176562,-0.001176562,0.000000000,0.001274778,0.304498906,7,27.169237411,0,0.000000000,0.406796028,0.234369905,0.410125161,0.234994427,0.573443004,0.065939157,0.829517838,0.198717291,0.533679753,0.000000000,0.533679633,2.000000000,0.000000000,0.000000000,0.000000000,1.000000000,1.290929423,0.799049191,0.707639906,0.000000000,1.345370882,0.804347513,0.723948569,1,0,0,0.000000000,0.048757899,-0.374994289,0.149949856,-0.122328109,-0.015473283,0.199312979,0.312662408,12.122508442,0.017067911,-130.918711533,-0.111000759,142.886580868,44.933154797,0.000345393,-0.000475617,0.000571892,-0.000030099,-0.000545550,0.000460917,0.000664467,0.000000000,0.000000000,0.000000000,0.000000000,0.000000000,0.000000000,0.000000000,-0.000264239,0.000000024,0.000261582,0.000000033,-0.000091077,-0.000000101,0.000064287,0.000000000,0.000000000,0.000000000,0.000000000,0.000000000,0.000000000,0.000000000,-0.421960630,-0.010722748,0.185018043,-0.007030180,0.404668853,0.346737451,0.065754440
16.901000000,0,16.901000000,sample,0.216533788,-0.000002850,0.216034686,0.216033943,0.000000743,0.742979412,0.000004644,0,0,2.000000000,0.080000000,0.000000000,0.000000000,0.000295273,0.000000000,0.008024159,0.003521138,-0.000420511,0.003521138,0.002084926,0.141622874,3,34.577991039,0,0.000000000,0.406285980,0.234517777,0.409887568,0.235312084,1.327522382,0.180108268,0.752294728,0.222046738,0.476968599,0.000000000,0.476970344,2.000000000,0.000000000,0.000000000,0.000000000,1.000000000,1.207908767,0.733015431,0.692411424,0.000000000,1.275977276,0.796181123,0.720843686,1,0,0,0.000000000,0.048802818,-0.374729550,0.149212423,-0.122440118,-0.015594637,0.199408657,0.312429081,12.122453524,0.017250982,-130.918615764,-0.110876455,142.886309625,44.933096390,-0.000512789,-0.000654637,-0.001226000,0.001019898,-0.000037114,-0.000137643,0.001044903,0.000000000,0.000000000,0.000000000,0.000000000,0.000000000,0.000000000,0.000000000,0.000201002,-0.000000018,-0.000198981,-0.000000025,0.000069280,0.000000077,-0.000048901,0.000000000,0.000000000,0.000000000,0.000000000,0.000000000,0.000000000,0.000000000,-0.350578679,-0.044758310,0.273239666,-0.013676710,0.395658137,0.345076642,0.063676101
16.951000000,0,16.951000000,sample,0.216533787,-0.000000019,0.216034743,0.216033864,0.000000879,0.878854945,0.000005493,0,0,2.000000000,0.080000000,0.000000000,0.000000000,0.000859851,0.000000000,0.001903965,0.000000000,0.000000000,0.000000000,0.002748735,0.312817224,2,72.836955525,0,0.000000000,0.407446344,0.233767537,0.411210173,0.234694563,1.670358077,0.188573328,0.812747541,0.191789172,0.511374908,0.000000000,0.511374830,2.000000000,0.000000000,0.000000000,0.000000000,1.000000000,1.157419911,0.755161097,0.697821025,0.000000000,1.203718718,0.761784186,0.709823443,1,0,0,0.000000000,0.047924052,-0.377196618,0.146418987,-0.122359287,-0.015303125,0.198598290,0.312894774,12.122150448,0.017067633,-130.918615822,-0.110952215,142.886298894,44.932633273,0.001008583,-0.002345896,-0.000056226,0.000574333,-0.000004833,-0.000151814,-0.000824005,0.000000000,0.000000000,0.000000000,0.000000000,0.000000000,0.000000000,0.000000000,0.000585330,-0.000000053,-0.000579444,-0.000000073,0.000201743,0.000000224,-0.000142400,0.000000000,0.000000000,0.000000000,0.000000000,0.000000000,0.000000000,0.000000000,-0.387512407,-0.074663756,0.195897749,0.034618859,0.405721287,0.350965013,0.062072899
17.001000000,0,17.001000000,sample,0.216534039,0.000005058,0.216035029,0.216034111,0.000000919,0.918580387,0.000005741,0,0,2.000000000,0.080000000,0.000000000,0.000000000,0.001082679,0.000000000,0.003938269,0.000832293,-0.000832293,0.000467561,0.002916778,0.371189878,1,64.431670150,0,0.000000000,0.406944981,0.234058428,0.412381811,0.234824022,1.454465243,0.102205240,0.764530285,0.215789824,0.519538203,0.000000000,0.519536704,2.000000000,0.000000000,0.000000000,0.000000000,1.000000000,1.174762557,0.747603857,0.690507910,0.000000000,1.189930113,0.768872262,0.702722801,1,0,0,0.000000000,0.051191616,-0.373833739,0.152420378,-0.122319042,-0.016023828,0.198908613,0.312591513,12.122644440,0.017016934,-130.918823193,-0.110992773,142.886278948,44.932622394,-0.002341279,0.000603021,-0.000227080,-0.000393398,0.000471243,-0.000019487,-0.001494523,0.000000000,0.000000000,0.000000000,0.000000000,0.000000000,0.000000000,0.000000000,-0.000737014,0.000000066,0.000729602,0.000000092,-0.000254033,-0.000000282,0.000179309,0.000000000,0.000000000,0.000000000,0.000000000,0.000000000,0.000000000,0.000000000,-0.360283021,-0.068855591,0.218021221,0.032472589,0.407111381,0.352203588,0.062301368
17.051000000,0,17.051000000,sample,0.216533913,-0.000002535,0.216034898,0.216033966,0.000000932,0.932171921,0.000005826,0,0,2.000000000,0.080000000,0.000000000,0.000000000,0.001946574,0.000000000,0.003821532,0.003247021,-0.003202656,0.003247021,0.004248826,0.458144011,1,56.396933667,0,0.000000000,0.405950513,0.234466273,0.410270551,0.234949247,2.542250562,0.304129207,0.694466471,0.233888219,0.437570172,0.000000000,0.437567017,2.000000000,0.000000000,0.000000000,0.000000000,1.000000000,1.342210706,0.796656965,0.685869182,0.000000000,1.342210706,0.800023782,0.725629390,1,0,0,0.000000000,0.048931884,-0.374557820,0.148687354,-0.122460811,-0.015495119,0.199343132,0.312705099,12.122341362,0.016955983,-130.918711533,-0.110741222,142.886393203,44.932910609,-0.003190779,-0.002707971,-0.000322970,0.000336156,0.000306881,0.000275357,0.000388637,0.000000000,0.000000000,0.000000000,0.000000000,0.000000000,0.000000000,0.000000000,-0.001325097,0.000000119,0.001311772,0.000000165,-0.000456723,-0.000000505,0.000322377,0.000000000,0.000000000,0.000000000,0.000000000,0.000000000,0.000000000,0.000000000,-0.364165447,0.010508168,0.229739225,-0.004919402,0.402581547,0.344860422,0.062327496
17.101000000,0,17.101000000,sample,0.216533671,-0.000004840,0.216034704,0.216033686,0.000001018,1.017960136,0.000006362,1,1,2.000000000,0.080000000,2.000000000,-0.000037573,0.000018786,-0.000018786,0.007878846,0.001120794,-0.001120794,0.000204696,0.001810522,0.010376175,1,48.372042516,1,46.339617620,0.403160277,0.234421246,0.411269579,0.234594355,1.298454824,0.124588011,0.743713109,0.218540781,0.483916450,2.000000000,2.057711327,2.000000000,0.000000000,0.000000000,0.000000000,1.000000000,1.106256312,0.738820909,0.704159240,0.310140990,1.357947666,0.798551547,0.734358581,1,0,0,0.000000000,0.047205388,-0.371966174,0.148158785,-0.122342224,-0.015296041,0.199378364,0.312542544,12.122448994,0.016860264,-130.918506979,-0.110908211,142.886494524,44.932823432,-0.001259219,0.000035939,-0.001101722,0.000439524,0.000257804,0.000151880,-0.000441095,-0.680732088,0.000060780,0.673887085,0.000085131,-0.234631346,-0.000259856,0.165614231,0.000012788,-0.000000001,-0.000012660,-0.000000002,0.000004408,0.000000005,-0.000003111,-1.361464177,0.000121560,1.347774170,0.000170263,-0.469262692,-0.000519713,0.331228463,-0.371556064,-0.107470507,0.210917612,0.070197669,0.406283335,0.357406549,0.063378829
17.151000000,0,17.151000000,sample,0.216533756,0.000001714,0.216034686,0.216033879,0.000000807,0.807046360,0.000005044,0,0,2.000000000,0.080000000,0.000000000,0.000000000,0.000844267,0.000000000,0.005374363,0.003148506,-0.002011304,0.003148506,0.005448215,0.154962070,4,83.289052037,0,0.000000000,0.407246050,0.234275870,0.409936583,0.234954344,3.043885953,0.277514358,0.854732778,0.192757953,0.530985985,0.000000000,0.530968760,2.000000000,0.000000000,0.000000000,0.000000000,1.000000000,1.205365087,0.761282601,0.700238367,0.000000000,1.205365087,0.761282601,0.701517973,1,0,0,0.000000000,0.048085413,-0.375729740,0.149546986,-0.122535096,-0.015463155,0.199075926,0.312645845,12.122549235,0.017126267,-130.918576361,-0.110678803,142.886498934,44.932700907,0.001793249,0.000741764,0.000838417,0.004972196,0.000676585,0.000016569,-0.000182699,0.000000000,0.000000000,0.000000000,0.000000000,0.000000000,0.000000000,0.000000000,0.000574719,-0.000000052,-0.000568940,-0.000000072,0.000198093,0.000000219,-0.000139824,0.000000000,0.000000000,0.000000000,0.000000000,0.000000000,0.000000000,0.000000000,-0.389894200,-0.049312360,0.222187505,0.008297460,0.401125896,0.348680660,0.062994074
17.201000000,0,17.201000000,sample,0.216533803,0.000000925,0.216034692,0.216033965,0.000000727,0.727049147,0.000004544,0,0,2.000000000,0.080000000,0.000000000,0.000000000,0.000770323,0.000000000,0.007733735,0.003646597,-0.003646597,0.000000000,0.001650442,0.466737489,4,58.893207929,0,0.000000000,0.408921667,0.234251685,0.411533585,0.234647693,0.696549074,0.061554790,0.822290458,0.207211002,0.525585993,0.000000000,0.525585905,2.000000000,0.000000000,0.000000000,0.000000000,1.000000000,1.183603881,0.749561667,0.694257067,0.000000000,1.266703422,0.852201640,0.776165234,1,0,0,0.000000000,0.048507730,-0.377371365,0.149849200,-0.122566048,-0.015527509,0.199023397,0.312703375,12.122549216,0.017239283,-130.918615824,-0.110665452,142.886474191,44.932805647,-0.000338145,0.000288897,0.000795123,0.001266581,0.000298310,0.000008674,0.000447932,0.000000000,0.000000000,0.000000000,0.000000000,0.000000000,0.000000000,0.000000000,-0.000524383,0.000000048,0.000519110,0.000000065,-0.000180743,-0.000000200,0.000127577,0.000000000,0.000000000,0.000000000,0.000000000,0.000000000,0.000000000,0.000000000,-0.361891087,-0.064076494,0.232053451,0.028690115,0.405926959,0.351244609,0.064035309
17.251000000,0,17.251000000,sample,0.216534173,0.000007411,0.216035076,0.216034308,0.000000768,0.768127760,0.000004801,0,0,2.000000000,0.080000000,0.000000000,0.000000000,0.001352115,0.000000000,0.006707663,0.002532537,-0.000304826,0.002532537,0.002313026,0.584565510,4,46.156125869,0,0.000000000,0.406590800,0.234309598,0.409890996,0.234761653,0.924608335,0.087615997,0.801990062,0.211872723,0.542836478,0.000000000,0.542834352,2.000000000,0.000000000,0.000000000,0.000000000,1.000000000,1.151948148,0.766404142,0.708436437,0.000000000,1.200340198,0.772874579,0.713364662,1,0,0,0.000000000,0.050741584,-0.374076330,0.151024070,-0.122448185,-0.015753503,0.199146320,0.312399606,12.122453526,0.017210050,-130.918918902,-0.110848670,142.886454638,44.932742363,-0.001518420,-0.000479209,0.000535880,-0.001571431,0.000058974,-0.000157508,-0.000173207,0.000000000,0.000000000,0.000000000,0.000000000,0.000000000,0.000000000,0.000000000,-0.000920429,0.000000083,0.000911173,0.000000115,-0.000317249,-0.000000351,0.000223930,0.000000000,0.000000000,0.000000000,0.000000000,0.000000000,0.000000000,0.000000000,-0.401889104,-0.080827746,0.195187443,0.045414506,0.406251360,0.353341248,0.061509255
17.301000000,0,17.301000000,sample,0.216533794,-0.000007578,0.216034841,0.216033804,0.000001037,1.036875336,0.000006480,1,1,2.000000000,0.080000000,2.000000000,0.000511260,0.000255630,0.000255630,0.003985006,0.001403545,-0.001403545,0.000255630,0.001523954,0.167741181,7,63.738554891,1,46.339591832,0.405391393,0.234332123,0.410660415,0.234646474,0.615640702,0.136599969,0.780344857,0.220695733,0.508375274,2.000000000,2.063600170,2.000000000,0.000000000,0.000000000,0.000000000,1.000000000,1.187443079,0.757489290,0.691391188,0.307187537,1.200688656,0.774945241,0.706006685,1,0,0,0.000000000,0.048815584,-0.373447945,0.149986173,-0.122329945,-0.015615223,0.199256351,0.312731756,12.122549235,0.016833902,-130.918615824,-0.110914983,142.886384422,44.932869809,-0.000602654,-0.000089387,-0.000494188,0.000329857,0.000098864,-0.000328886,0.001216671,-0.680731899,0.000060716,0.673886563,0.000085137,-0.234632680,-0.000259874,0.165615245,-0.000174015,0.000000016,0.000172266,0.000000022,-0.000059979,-0.000000066,0.000042336,-1.361463798,0.000121431,1.347773125,0.000170274,-0.469265359,-0.000519749,0.331230491,-0.376137699,-0.059249128,0.202639517,0.020928079,0.406878930,0.349614292,0.061240279
17.351000000,0,17.351000000,sample,0.216534063,0.000005383,0.216035075,0.216034082,0.000000993,0.993262948,0.000006208,0,0,2.000000000,0.080000000,0.000000000,0.000000000,0.004070500,0.000000000,0.008650452,0.004607511,-0.004607511,0.004289220,0.005029980,0.809247671,1,69.471457924,0,0.000000000,0.403047666,0.234917810,0.408721065,0.234964955,1.056640605,0.096652623,0.844329741,0.192898358,0.544046889,0.000000000,0.544050839,2.000000000,0.000000000,0.000000000,0.000000000,1.000000000,1.177496121,0.769529763,0.714482106,0.000000000,1.195583934,0.799792145,0.728378189,1,0,0,0.000000000,0.049365326,-0.371124811,0.149254347,-0.122365113,-0.015478467,0.199933923,0.312418207,12.122341866,0.016890365,-130.918824655,-0.110876570,142.886521745,44.933258665,0.004192465,-0.001105124,-0.002208589,-0.000521986,-0.000407715,0.000229933,0.001064518,0.000000000,0.000000000,0.000000000,0.000000000,0.000000000,0.000000000,0.000000000,0.002770923,-0.000000248,-0.002743058,-0.000000346,0.000955060,0.000001057,-0.000674128,0.000000000,0.000000000,0.000000000,0.000000000,0.000000000,0.000000000,0.000000000,-0.416749615,-0.066022589,0.204968127,0.026241559,0.402153389,0.351922070,0.064563230
17.401000000,0,17.401000000,sample,0.216534158,0.000001895,0.216035108,0.216034260,0.000000848,0.848232611,0.000005301,0,0,2.000000000,0.080000000,0.000000000,-0.000000000,0.001697252,0.000000000,0.007804340,0.002964503,-0.002964503,0.000717887,0.004323337,0.392579077,1,42.956041064,0,0.000000000,0.408080126,0.234136256,0.409678574,0.234920034,1.730086193,0.049388228,0.743880644,0.208041441,0.499561113,0.000000000,0.499549821,2.000000000,0.000000000,0.000000000,0.000000000,1.000000000,1.326086934,0.787733643,0.694407340,0.000000000,1.387632513,0.795978470,0.729939140,1,0,0,0.000000000,0.051638669,-0.375113833,0.152159288,-0.122458890,-0.016012070,0.198915107,0.312637569,12.122549235,0.017083713,-130.918918902,-0.110783859,142.886292310,44.932573350,-0.002833552,-0.001833507,-0.000112261,-0.001972554,-0.000570571,-0.000115709,-0.001748703,0.000000000,0.000000000,0.000000000,0.000000000,0.000000000,0.000000000,0.000000000,-0.001155374,0.000000104,0.001143755,0.000000144,-0.000398230,-0.000000441,0.000281091,0.000000000,0.000000000,0.000000000,0.000000000,0.000000000,0.000000000,0.000000000,-0.367564325,0.003915296,0.248870110,-0.013364231,0.400893896,0.346830719,0.062930863
17.451000000,0,17.451000000,sample,0.216533917,-0.000004821,0.216034847,0.216034032,0.000000815,0.815032893,0.000005094,0,0,2.000000000,0.080000000,0.000000000,0.000000000,0.002086613,0.000000000,0.005035437,0.005035437,-0.005035437,0.003284977,0.005894549,0.353990213,7,87.001027578,0,0.000000000,0.402176084,0.234946240,0.410688215,0.235358093,0.315330960,0.226904790,0.800671470,0.227853593,0.512777639,0.000000000,0.512777519,2.000000000,0.000000000,0.000000000,0.000000000,1.000000000,1.125565805,0.746683352,0.705361525,0.000000000,1.331773233,0.803066709,0.750527694,1,0,0,0.000000000,0.049076849,-0.370054824,0.149654577,-0.122372226,-0.015558089,0.199956796,0.312028251,12.122453526,0.017160722,-130.918711534,-0.110958198,142.886440713,44.933220956,-0.000428567,-0.000722472,0.000678330,-0.000178700,-0.001820884,-0.000057145,0.005498102,0.000000000,0.000000000,0.000000000,0.000000000,0.000000000,0.000000000,0.000000000,-0.001420425,0.000000128,0.001406141,0.000000178,-0.000489585,-0.000000542,0.000345573,0.000000000,0.000000000,0.000000000,0.000000000,0.000000000,0.000000000,0.000000000,-0.374288634,-0.087127707,0.243135740,0.031377201,0.403954271,0.350604655,0.060410834
17.501000000,0,17.501000000,sample,0.216533783,-0.000002687,0.216034785,0.216033842,0.000000943,0.942918267,0.000005893,0,0,2.000000000,0.080000000,0.000000000,0.000000000,0.001093388,0.000000000,0.004457060,0.002538724,-0.002538724,0.000000000,0.001459482,0.749161857,3,63.967209495,0,0.000000000,0.407609121,0.234199912,0.411006108,0.234918179,0.419246072,0.031558317,0.796196597,0.200929044,0.520988085,0.000000000,0.520988148,2.000000000,0.000000000,0.000000000,0.000000000,1.000000000,1.171051696,0.764140962,0.709946681,0.000000000,1.195912444,0.810505696,0.742442732,1,0,0,0.000000000,0.049290754,-0.375715494,0.150178178,-0.122402585,-0.015741826,0.199046229,0.312840333,12.122549235,0.016955948,-130.918615824,-0.110835061,142.886258637,44.932823460,0.000490002,-0.000181094,-0.001167286,-0.000230429,-0.000452759,0.000082212,-0.000479361,0.000000000,0.000000000,0.000000000,0.000000000,0.000000000,0.000000000,0.000000000,0.000744304,-0.000000067,-0.000736820,-0.000000093,0.000256544,0.000000284,-0.000181081,0.000000000,0.000000000,0.000000000,0.000000000,0.000000000,0.000000000,0.000000000,-0.406049790,-0.067159126,0.204861239,0.015358072,0.405713555,0.351994100,0.062691124
17.551000000,0,17.551000000,sample,0.216533787,0.000000075,0.216034751,0.216033882,0.000000869,0.869093960,0.000005432,0,0,2.000000000,0.080000000,0.000000000,0.000000000,0.001226295,0.000000000,0.005984868,0.002078866,-0.002078866,0.000000000,0.006280504,0.195254300,5,98.962776666,0,0.000000000,0.406517658,0.234299950,0.411458964,0.234451508,0.364773936,0.352246046,0.796512863,0.155735233,0.521161857,0.000000000,0.521162192,2.000000000,0.000000000,0.000000000,0.000000000,1.000000000,1.164385411,0.764630938,0.709036277,0.000000000,1.181490997,0.775901654,0.718042874,1,0,0,0.000000000,0.049136101,-0.374576353,0.150115974,-0.122386990,-0.015701170,0.199176716,0.312601407,12.122549161,0.017073523,-130.918615824,-0.110902432,142.886298885,44.932883895,0.000239780,0.000251095,-0.000170279,0.000453959,-0.006247847,-0.000011258,0.000231054,0.000000000,0.000000000,0.000000000,0.000000000,0.000000000,0.000000000,0.000000000,-0.000834778,0.000000075,0.000826384,0.000000104,-0.000287729,-0.000000319,0.000203093,0.000000000,0.000000000,0.000000000,0.000000000,0.000000000,0.000000000,0.000000000,-0.408205509,-0.070041254,0.192496811,0.023267976,0.407751689,0.350934882,0.064666654
17.601000000,0,17.601000000,sample,0.216534039,0.000005040,0.216035111,0.216034022,0.000001089,1.089021069,0.000006806,1,1,2.000000000,0.080000000,2.000000000,-0.004247096,0.002123548,-0.002123548,0.006468083,0.004589584,-0.004589584,0.003044910,0.002830771,0.750165882,3,70.457519620,1,46.339629395,0.403485969,0.234869761,0.409125334,0.234975857,0.800493274,0.152569488,0.772881184,0.221702063,0.510786676,2.000000000,2.064195649,2.000000000,0.000000000,0.000000000,0.000000000,1.000000000,1.159165839,0.769606048,0.714274831,0.331750276,1.182227340,0.794337169,0.735391826,1,0,0,0.000000000,0.050911433,-0.370460949,0.151550779,-0.122355925,-0.015935889,0.199847141,0.312495285,12.122549235,0.016745337,-130.918823193,-0.110835765,142.886270478,44.933073792,0.000984264,-0.000063602,-0.002376120,-0.000230184,0.000175566,-0.000098713,0.001140589,-0.680732175,0.000060481,0.673886485,0.000085076,-0.234632238,-0.000259689,0.165615054,0.001445567,-0.000000128,-0.001431030,-0.000000181,0.000498253,0.000000551,-0.000351691,-1.361464350,0.000120963,1.347772970,0.000170152,-0.469264475,-0.000519378,0.331230108,-0.412643394,-0.075345260,0.201145166,0.035045620,0.405312689,0.352499651,0.063364839
17.651000000,0,17.651000000,sample,0.216533925,-0.000002280,0.216034929,0.216033968,0.000000961,0.960918248,0.000006006,0,0,2.000000000,0.080000000,0.000000000,0.000000000,0.000516750,0.000000000,0.004074002,0.000000000,0.000000000,0.000000000,0.001374154,0.376049345,3,52.916078243,0,0.000000000,0.407180905,0.234143437,0.410299019,0.235016980,0.556681484,0.086911039,0.789449039,0.212502171,0.512582194,0.000000000,0.512582299,2.000000000,0.000000000,0.000000000,0.000000000,1.000000000,1.168858100,0.753612060,0.696219116,0.000000000,1.201856160,0.780835118,0.718485258,1,0,0,0.000000000,0.049099106,-0.375181871,0.150413201,-0.122310413,-0.015572809,0.199049741,0.312799065,12.122548732,0.016955973,-130.918711533,-0.110990762,142.886522059,44.932910608,0.000052941,0.000242351,-0.000999607,0.000140755,-0.000295430,0.000403547,0.000746731,0.000000000,0.000000000,0.000000000,0.000000000,0.000000000,0.000000000,0.000000000,0.000351768,-0.000000032,-0.000348231,-0.000000044,0.000121247,0.000000134,-0.000085582,0.000000000,0.000000000,0.000000000,0.000000000,0.000000000,0.000000000,0.000000000,-0.383260258,-0.068143457,0.204623868,0.023403881,0.404878181,0.350829829,0.061339407
17.701000000,0,17.701000000,sample,0.216533923,-0.000000040,0.216034854,0.216034033,0.000000820,0.820487991,0.000005128,0,0,2.000000000,0.080000000,0.000000000,0.000000000,0.000317867,0.000000000,0.004371467,0.000197713,-0.000197713,0.000000000,0.001596583,0.199092135,7,69.907053812,0,0.000000000,0.407140319,0.233891902,0.411904139,0.234421854,0.421477201,0.086204474,0.796765229,0.193410014,0.517109701,0.000000000,0.517109808,2.000000000,0.000000000,0.000000000,0.000000000,1.000000000,1.175569741,0.753402682,0.695566095,0.000000000,1.193017059,0.759149045,0.700361160,1,0,0,0.000000000,0.048878007,-0.375522307,0.149523165,-0.122336817,-0.015496681,0.198743498,0.312621732,12.122448994,0.017163342,-130.918711533,-0.111021202,142.886499242,44.932654158,-0.000505304,-0.000358270,0.000102331,0.000283159,-0.000536975,-0.000066403,-0.001334910,0.000000000,0.000000000,0.000000000,0.000000000,0.000000000,0.000000000,0.000000000,-0.000216382,0.000000020,0.000214206,0.000000027,-0.000074582,-0.000000083,0.000052643,0.000000000,0.000000000,0.000000000,0.000000000,0.000000000,0.000000000,0.000000000,-0.388624914,-0.065363178,0.185487969,0.022133653,0.407718741,0.351020673,0.064534900
17.751000000,0,17.751000000,sample,0.216533917,-0.000000114,0.216034908,0.216033977,0.000000931,0.930700423,0.000005817,0,0,2.000000000,0.080000000,0.000000000,0.000000000,0.000349646,0.000000000,0.004676439,0.002450994,-0.002450994,0.000000000,0.000781603,0.447344220,7,36.672240900,0,0.000000000,0.406943051,0.234251024,0.409727426,0.234695712,0.193387185,0.019986820,0.809051621,0.202305060,0.531463826,0.000000000,0.531463898,2.000000000,0.000000000,0.000000000,0.000000000,1.000000000,1.178580162,0.740009483,0.687060079,0.000000000,1.184451186,0.791384993,0.723249754,1,0,0,0.000000000,0.049406196,-0.374830229,0.150545587,-0.122445036,-0.015658055,0.199086867,0.312730582,12.122549235,0.016962751,-130.918711533,-0.110768864,142.886438521,44.932708402,-0.000431010,0.000355919,0.000153931,0.000182818,-0.000131537,-0.000002127,-0.000473320,0.000000000,0.000000000,0.000000000,0.000000000,0.000000000,0.000000000,0.000000000,-0.000238015,0.000000021,0.000235622,0.000000030,-0.000082038,-0.000000091,0.000057907,0.000000000,0.000000000,0.000000000,0.000000000,0.000000000,0.000000000,0.000000000,-0.355658020,-0.065099729,0.217054341,0.024004540,0.407704685,0.350993241,0.064905921
17.801000000,0,17.801000000,sample,0.216533919,0.000000037,0.216034906,0.216033976,0.000000930,0.929653962,0.000005810,0,0,2.000000000,0.080000000,0.000000000,0.000000000,0.001524748,0.000000000,0.006502110,0.005626187,-0.001067532,0.005626187,0.002521347,0.604735250,4,37.326721454,0,0.000000000,0.405785083,0.234042297,0.409435810,0.235361035,0.773175554,0.114541258,0.821451883,0.193671235,0.554572499,0.000000000,0.554573972,2.000000000,0.000000000,0.000000000,0.000000000,1.000000000,1.105231233,0.748429663,0.713344785,0.000000000,1.187720526,0.806028235,0.733584006,1,0,0,0.000000000,0.049061809,-0.373981379,0.149640907,-0.122319420,-0.015548819,0.198927098,0.312622413,12.122453526,0.017001266,-130.918712020,-0.110992784,142.886451806,44.932657160,0.001169284,-0.000563773,-0.001095986,-0.001540432,-0.000591215,-0.000378282,-0.000778061,0.000000000,0.000000000,0.000000000,0.000000000,0.000000000,0.000000000,0.000000000,0.001037945,-0.000000093,-0.001027507,-0.000000130,0.000357754,0.000000397,-0.000252520,0.000000000,0.000000000,0.000000000,0.000000000,0.000000000,0.000000000,0.000000000,-0.374787365,-0.107856875,0.240117693,0.067002395,0.403457745,0.358245391,0.059146997
17.851000000,0,17.851000000,sample,0.216534060,0.000002823,0.216035018,0.216034140,0.000000878,0.877784850,0.000005486,0,0,2.000000000,0.080000000,0.000000000,0.000000000,0.000431936,0.000000000,0.003062632,0.002666499,-0.002666499,0.000000000,0.000880281,0.490679869,4,46.284400655,0,0.000000000,0.408221592,0.234188692,0.409745560,0.234638603,0.331518965,0.052189880,0.825665244,0.199158400,0.546768256,0.000000000,0.546768566,2.000000000,0.000000000,0.000000000,0.000000000,1.000000000,1.206720497,0.771260210,0.707155629,0.000000000,1.206720497,0.784846774,0.720398006,1,0,0,0.000000000,0.049800557,-0.376259720,0.150310997,-0.122357211,-0.015610272,0.199071283,0.312793028,12.122453526,0.017069150,-130.918823193,-0.110951470,142.886501270,44.933005321,0.000442937,-0.000164826,-0.000215020,-0.000598878,-0.000249225,-0.000118625,-0.000265442,0.000000000,0.000000000,0.000000000,0.000000000,0.000000000,0.000000000,0.000000000,0.000294033,-0.000000026,-0.000291076,-0.000000037,0.000101346,0.000000112,-0.000071535,0.000000000,0.000000000,0.000000000,0.000000000,0.000000000,0.000000000,0.000000000,-0.398269548,-0.053992792,0.219281401,0.021211676,0.402215867,0.352650205,0.062138481
17.901000000,0,17.901000000,sample,0.216533928,-0.000002645,0.216034923,0.216033984,0.000000939,0.939411632,0.000005871,0,0,2.000000000,0.080000000,0.000000000,0.000000000,0.001377232,0.000000000,0.003951713,0.000000000,0.000000000,0.000000000,0.003114327,0.442224534,1,65.013893915,0,0.000000000,0.408727291,0.234195708,0.411463326,0.234477749,1.845147648,0.260810048,0.738746721,0.235049320,0.493130097,0.000000000,0.493129838,2.000000000,0.000000000,0.000000000,0.000000000,1.000000000,1.177236493,0.732620722,0.682582779,0.000000000,1.205480162,0.771074012,0.707061259,1,0,0,0.000000000,0.049278785,-0.376499417,0.151254054,-0.122423089,-0.015636222,0.199036995,0.312921156,12.122644944,0.016955973,-130.918711533,-0.110802882,142.886555772,44.932869809,-0.002511119,0.000773357,-0.000867235,0.000315365,-0.000152680,0.000460379,0.001307066,0.000000000,0.000000000,0.000000000,0.000000000,0.000000000,0.000000000,0.000000000,-0.000937525,0.000000084,0.000928097,0.000000117,-0.000323147,-0.000000358,0.000228093,0.000000000,0.000000000,0.000000000,0.000000000,0.000000000,0.000000000,0.000000000,-0.337115473,-0.068461710,0.228680256,0.028157518,0.407531895,0.352701322,0.063383182
17.951000000,0,17.951000000,sample,0.216533926,-0.000000024,0.216034853,0.216034046,0.000000808,0.807649481,0.000005048,0,0,2.000000000,0.080000000,0.000000000,0.000000000,0.005574384,0.000000000,0.005574384,0.000978934,-0.000978934,0.000000000,0.010779817,0.517113060,7,65.030137925,0,0.000000000,0.408740851,0.234133409,0.412195208,0.234532799,3.619618743,0.168943852,0.991566288,0.227848694,0.641482364,0.000000000,0.641482572,2.000000000,0.000000000,0.000000000,0.000000000,1.000000000,1.185246106,0.765488640,0.695898393,0.000000000,1.196995743,0.769357872,0.701624809,1,0,0,0.000000000,0.049037100,-0.376892603,0.150387539,-0.122410292,-0.015554198,0.198977990,0.312758376,12.122549235,0.017161314,-130.918711533,-0.110896573,142.886541976,44.932923722,0.000124727,0.000576074,0.006337358,-0.000083431,0.000217450,0.000269757,0.008692981,0.000000000,0.000000000,0.000000000,0.000000000,0.000000000,0.000000000,0.000000000,-0.003794661,0.000000343,0.003756501,0.000000475,-0.001307937,-0.000001448,0.000923206,0.000000000,0.000000000,0.000000000,0.000000000,0.000000000,0.000000000,0.000000000,-0.393575493,-0.062415702,0.164534981,0.026246177,0.412670519,0.351291076,0.063357603
18.001000000,0,18.001000000,sample,0.216533918,-0.000000177,0.216034844,0.216034041,0.000000803,0.803162175,0.000005020,0,0,2.000000000,0.080000000,0.000000000,0.000000000,0.000080054,0.000000000,0.005060227,0.002446211,-0.002446211,0.002399645,0.005241838,0.015272088,5,78.121545881,0,0.000000000,0.407135805,0.234169063,0.410462386,0.234950613,1.452789181,0.186275350,0.880835466,0.221394441,0.581875596,0.000000000,0.581875040,2.000000000,0.000000000,0.000000000,0.000000000,1.000000000,1.176124664,0.763019394,0.705364074,0.000000000,1.190162313,0.777258723,0.705671415,1,0,0,0.000000000,0.049381611,-0.375047038,0.150534845,-0.122477443,-0.015651508,0.198970994,0.312560668,12.122549235,0.017148456,-130.918711533,-0.110780331,142.886445528,44.932613359,0.000050492,-0.000139653,0.002087778,0.000020617,0.004633071,-0.000300943,-0.001240827,0.000000000,0.000000000,0.000000000,0.000000000,0.000000000,0.000000000,0.000000000,-0.000054495,0.000000005,0.000053947,0.000000007,-0.000018783,-0.000000021,0.000013258,0.000000000,0.000000000,0.000000000,0.000000000,0.000000000,0.000000000,0.000000000,-0.404856861,-0.065461303,0.191634011,0.022498631,0.405673911,0.351309730,0.064222941
18.001000000,0,18.001000000,stop,0.216533918,,0.216034844,0.216034041,0.000000803,0.803162175,0.000005020,0,0,2.000000000,0.080000000,0.000000000,0.000000000,0.000080054,0.000000000,0.000080054,0.000000000,0.000000000,0.000000000,0.005241838,0.015272088,5,78.121545881,0,0.000000000,0.407135805,0.234169063,0.407135805,0.234169063,1.452789181,0.186275350,0.880835466,0.221394441,0.581875596,0.000000000,0.581875040,2.000000000,0.000000000,0.000000000,0.000000000,1.000000000,1.176124664,0.763019394,0.705364074,0.000000000,1.176124664,0.763019394,0.705364074,1,0,0,0.000000000,0.049381611,-0.375047038,0.150534845,-0.122477443,-0.015651508,0.198970994,0.312560668,12.122549235,0.017148456,-130.918711533,-0.110780331,142.886445528,44.932613359,0.000050492,-0.000139653,0.002087778,0.000020617,0.004633071,-0.000300943,-0.001240827,0.000000000,0.000000000,0.000000000,0.000000000,0.000000000,0.000000000,0.000000000,-0.000054495,0.000000005,0.000053947,0.000000007,-0.000018783,-0.000000021,0.000013258,0.000000000,0.000000000,0.000000000,0.000000000,0.000000000,0.000000000,0.000000000,-0.404856861,-0.065461303,0.191634011,0.022498631,0.405673911,0.351309730,0.064222941
