run_time_s,segment_id,phase_time_s,event,sigma_min,sigma_rate_per_s,sigma_plus,sigma_minus,probe_difference,probe_confidence,gradient_abs_per_rad,direction_valid,push_active,k_sigma_Nm,alpha_rad,tau_sigma_norm_Nm,sigma_power_W,nullspace_speed_rad_s,speed_toward_better_rad_s,peak_nullspace_speed_rad_s,peak_abs_speed_toward_better_rad_s,min_speed_toward_better_rad_s,max_speed_toward_better_rad_s,raw_joint_speed_rad_s,nullspace_speed_fraction,raw_velocity_dominant_joint,raw_velocity_dominant_share_pct,sigma_dominant_joint,sigma_dominant_share_pct,position_error_mm,rotation_error_deg,peak_position_error_mm,peak_rotation_error_deg,cartesian_speed_mm_s,angular_speed_deg_s,command_force_norm_N,command_moment_norm_Nm,tau_task_norm_Nm,tau_nullspace_norm_Nm,tau_cmd_norm_Nm,nullspace_damping_Nms_rad,disturbance_scale,disturbance_force_norm_N,disturbance_tau_norm_Nm,disturbance_torque_scale,external_force_delta_norm_N,external_moment_delta_norm_Nm,external_joint_torque_delta_norm_Nm,external_joint_torque_along_nbest_Nm,peak_external_force_delta_norm_N,peak_external_moment_delta_norm_Nm,peak_external_joint_torque_delta_norm_Nm,external_joint_torque_baseline_valid,joint_contact,cartesian_contact,Jn_norm,e_p_x_mm,e_p_y_mm,e_p_z_mm,e_R_x_deg,e_R_y_deg,e_R_z_deg,q1_deg,q2_deg,q3_deg,q4_deg,q5_deg,q6_deg,q7_deg,dq1_rad_s,dq2_rad_s,dq3_rad_s,dq4_rad_s,dq5_rad_s,dq6_rad_s,dq7_rad_s,n_best_1,n_best_2,n_best_3,n_best_4,n_best_5,n_best_6,n_best_7,dqN_1_rad_s,dqN_2_rad_s,dqN_3_rad_s,dqN_4_rad_s,dqN_5_rad_s,dqN_6_rad_s,dqN_7_rad_s,tau_sigma_1_Nm,tau_sigma_2_Nm,tau_sigma_3_Nm,tau_sigma_4_Nm,tau_sigma_5_Nm,tau_sigma_6_Nm,tau_sigma_7_Nm,tau_ext_delta_1_Nm,tau_ext_delta_2_Nm,tau_ext_delta_3_Nm,tau_ext_delta_4_Nm,tau_ext_delta_5_Nm,tau_ext_delta_6_Nm,tau_ext_delta_7_Nm
0.000000000,0,0.000000000,hold_start,0.000000000,,0.000000000,0.000000000,0.000000000,0.000000000,0.000000000,0,0,0.000000000,0.000000000,0.000000000,0.000000000,0.000000000,0.000000000,0.000000000,0.000000000,0.000000000,0.000000000,0.000000000,0.000000000,0,0.000000000,0,0.000000000,0.000000000,0.000000000,0.000000000,0.000000000,0.000000000,0.000000000,0.000000000,0.000000000,0.000000000,0.000000000,0.000000000,0.000000000,0.000000000,0.000000000,0.000000000,1.000000000,0.000000000,0.000000000,0.000000000,0.000000000,0.000000000,0.000000000,0.000000000,0,0,0,0.000000000,0.000000000,0.000000000,0.000000000,0.000000000,0.000000000,0.000000000,0.836388657,12.105675816,-0.522799487,-130.917169466,-0.128675249,142.885707827,44.745727290,0.000000000,0.000000000,0.000000000,0.000000000,0.000000000,0.000000000,0.000000000,0.000000000,0.000000000,0.000000000,0.000000000,0.000000000,0.000000000,0.000000000,0.000000000,0.000000000,0.000000000,0.000000000,0.000000000,0.000000000,0.000000000,0.000000000,0.000000000,0.000000000,0.000000000,0.000000000,0.000000000,0.000000000,0.000000000,0.000000000,0.000000000,0.000000000,0.000000000,0.000000000,0.000000000
0.000000000,0,0.000000000,sample,0.216513575,,0.215822440,0.216204259,0.000381819,381.819071881,0.002386369,1,1,1.500000000,0.080000000,1.500000000,-0.000973741,0.000649161,-0.000649161,0.000649161,0.000649161,-0.000649161,0.000000000,0.001731530,0.374905935,2,57.166037759,1,46.348471983,0.038753673,0.009024466,0.038753673,0.009024466,1.187128983,0.138807658,0.063692784,0.020443920,0.063265793,1.500000000,1.501333542,2.000000000,0.000000000,0.000000000,0.000000000,1.000000000,0.413466709,0.292634888,0.000000000,0.000000000,0.413466709,0.292634888,0.000000000,1,0,0,0.000000000,-0.004594896,0.035351921,-0.015197887,0.001483072,0.001179199,-0.008823320,0.838565224,12.104102755,-0.528466668,-130.916962746,-0.129244256,142.885127650,44.733992235,0.000608922,0.001309179,-0.000129535,-0.000617674,0.000521644,-0.000472142,-0.000141877,-0.680797121,-0.001294962,0.673989164,0.000099069,-0.234307297,-0.000302406,0.165385003,0.000441947,0.000000841,-0.000437527,-0.000000064,0.000152103,0.000000196,-0.000107361,-1.021195681,-0.001942443,1.010983746,0.000148603,-0.351460945,-0.000453609,0.248077504,0.000000000,0.000000000,0.000000000,0.000000000,0.000000000,0.000000000,0.000000000
0.050000000,0,0.050000000,sample,0.216519427,0.000117052,0.215862587,0.216176685,0.000314097,314.097219125,0.001963108,1,1,1.500000000,0.080000000,1.500000000,0.115525699,0.077017133,0.077017133,0.077017133,0.077017133,-0.001325252,0.077017133,0.081056108,0.950170630,3,56.425489929,1,46.342750023,0.127697250,0.024223995,0.127697250,0.024223995,5.923589560,0.877508706,0.534572384,0.143322643,0.543045689,1.500000000,1.595577299,2.000000000,0.000000000,0.000000000,0.000000000,1.000000000,0.364829763,0.296899144,0.420307513,0.208461053,0.467969729,0.341117058,0.420307513,1,0,0,0.000000000,0.027365645,-0.086598595,0.089768549,-0.019594611,-0.009384924,-0.010713371,0.749979538,12.115435914,-0.431425644,-130.916916864,-0.127783537,142.886123004,44.737234232,-0.053244973,0.004775362,0.060886837,0.001564822,-0.000032589,0.000173046,-0.001604602,-0.680755096,-0.001054315,0.673926341,0.000098034,-0.234510228,-0.000299242,0.165528030,-0.052429806,-0.000081200,0.051903875,0.000007550,-0.018061305,-0.000023047,0.012748494,-1.021132643,-0.001581473,1.010889512,0.000147051,-0.351765342,-0.000448863,0.248292045,-0.254580821,-0.244866597,0.073852065,0.030209960,0.069900522,0.201355478,0.009512126
0.100000000,0,0.100000000,sample,0.216529278,0.000197010,0.215945907,0.216113691,0.000167784,167.784463537,0.001048653,1,1,1.500000000,0.080000000,1.500000000,0.146870894,0.097913929,0.097913929,0.117295775,0.117295775,0.000000000,0.117295775,0.100843655,0.970947840,3,51.191645822,1,46.339807004,0.289663727,0.093179533,0.289663727,0.093179533,3.760375083,1.207895481,0.736190876,0.248811785,0.518219405,1.500000000,1.587322259,2.000000000,0.000000000,0.000000000,0.000000000,1.000000000,0.737181246,0.254836390,0.562977239,0.433369417,0.767333107,0.390682704,0.612478029,1,0,0,0.000000000,0.056482552,-0.235961306,0.158231028,-0.063399338,-0.017086104,0.066113648,0.545395622,12.121872996,-0.220651943,-130.917830457,-0.128059001,142.886053450,44.815776297,-0.068535509,0.000031821,0.072151959,0.000465861,0.000275719,0.000010184,0.016313415,-0.680733479,-0.000528906,0.673891263,0.000098291,-0.234620339,-0.000300028,0.165606197,-0.066653290,-0.000051787,0.065983341,0.000009624,-0.022972599,-0.000029377,0.016215153,-1.021100219,-0.000793359,1.010836895,0.000147437,-0.351930509,-0.000450043,0.248409295,-0.313309204,-0.034231162,0.347456447,-0.030040520,0.083410274,0.296455550,0.033724754
0.150000000,0,0.150000000,sample,0.216532408,0.000062601,0.216049959,0.216015913,0.000034046,34.046112639,0.000212788,1,1,1.500000000,0.080000000,1.500000000,0.126473784,0.084315856,0.084315856,0.101183461,0.101183461,0.000000000,0.101183461,0.087722738,0.961163060,3,50.659288351,1,46.339927353,0.364199946,0.138091933,0.365368760,0.138091933,2.181048045,0.770934506,0.807721773,0.218634518,0.582188629,1.500000000,1.609230186,2.000000000,0.000000000,0.000000000,0.000000000,1.000000000,0.761661013,0.376862665,0.729101486,0.584986924,0.921079064,0.383068586,0.729101486,1,0,0,0.000000000,0.054331699,-0.324706692,0.155740912,-0.103933572,-0.016805848,0.089357473,0.353099895,12.121683157,-0.027934430,-130.917620708,-0.127874884,142.886227563,44.835004805,-0.061575949,-0.000089586,0.062436956,0.000993120,-0.000008542,0.000741144,0.001940155,-0.680734363,-0.000048119,0.673892744,0.000098148,-0.234616246,-0.000299591,0.165603175,-0.057396700,-0.000004057,0.056819843,0.000008275,-0.019781870,-0.000025260,0.013962973,-1.021101545,-0.000072179,1.010839116,0.000147222,-0.351924369,-0.000449386,0.248404762,-0.553119762,-0.052694887,0.327690263,-0.006125938,0.090007713,0.323263445,0.053401083
0.200000000,0,0.200000000,sample,0.216532810,0.000008043,0.216036349,0.216030296,0.000006052,6.052371946,0.000037827,1,1,1.500000000,0.080000000,1.500000000,-0.073159344,0.048772896,-0.048772896,0.085605654,0.085605654,-0.078259685,0.085605654,0.049807660,0.979224799,3,65.308274473,1,46.339997239,0.274927363,0.160115467,0.377308891,0.160115467,7.351284424,0.712289837,0.340047387,0.204043108,0.442115350,1.500000000,1.563892017,2.000000000,0.000000000,0.000000000,0.000000000,1.000000000,0.835414951,0.404062718,0.684150946,0.532518541,0.916152222,0.483007532,0.808379601,1,0,0,0.000000000,0.055020365,-0.219459371,0.156190265,-0.116342237,-0.016935727,0.108695114,0.299954907,12.121585768,0.011262121,-130.917826072,-0.120934533,142.886269111,44.833976334,0.027461469,-0.000314341,-0.040251331,-0.000462122,0.008053778,0.000173161,-0.006426151,-0.680734877,0.000048501,0.673892966,0.000092821,-0.234614793,-0.000283329,0.165602251,0.033201411,-0.000002366,-0.032867712,-0.000004527,0.011442843,0.000013819,-0.008076901,-1.021102315,0.000072751,1.010839449,0.000139231,-0.351922189,-0.000424993,0.248403377,-0.404845081,0.001597865,0.419611107,0.001506094,0.148770928,0.320780902,0.055240374
0.250000000,0,0.250000000,sample,0.216532326,-0.000009685,0.216031351,0.216034381,0.000003030,3.029947377,0.000018937,1,1,1.500000000,0.080000000,1.500000000,0.015717542,0.010478362,0.010478362,0.052734707,0.052734707,-0.052734707,0.024263056,0.010735192,0.976075809,1,66.008878070,1,46.339566977,0.250070569,0.170141601,0.270750045,0.170590464,1.736779792,0.185461727,0.545803880,0.133083147,0.388343100,1.500000000,1.549455616,2.000000000,0.000000000,0.000000000,0.000000000,1.000000000,0.832053929,0.667733826,0.742947770,-0.464604349,0.954091377,0.711900804,0.783367641,1,0,0,0.000000000,0.053885865,-0.184074547,0.160462344,-0.120675836,-0.017298536,0.118685584,0.282614666,12.122335002,0.023887052,-130.917427285,-0.118123106,142.886270111,44.836723870,0.008721898,-0.000281057,-0.005644942,0.000691649,0.002131632,0.000401965,-0.001429920,0.680731716,-0.000079528,-0.673889280,-0.000090668,0.234628067,0.000276758,-0.165611436,0.007132953,-0.000000833,-0.007061256,-0.000000950,0.002458518,0.000002900,-0.001735337,1.021097575,-0.000119292,-1.010833920,-0.000136002,0.351942100,0.000415136,-0.248417155,-0.581961232,-0.032352990,0.184174133,-0.010435972,0.273793978,0.317044843,0.052308721
0.300000000,0,0.300000000,sample,0.216532450,0.000002488,0.216034299,0.216031612,0.000002687,2.687186372,0.000016795,1,1,1.500000000,0.080000000,1.500000000,-0.028283062,0.018855375,-0.018855375,0.027731487,0.027731487,-0.027731487,0.018602234,0.019385482,0.972654402,1,60.449843145,1,46.340079005,0.274084935,0.168068586,0.274084935,0.173843580,1.368642347,0.267092756,0.607832548,0.113361296,0.446320204,1.500000000,1.565000275,2.000000000,0.000000000,0.000000000,0.000000000,1.000000000,0.918174052,0.850160428,0.825634042,0.441805856,0.918174052,0.850160428,0.825634042,1,0,0,0.000000000,0.051424851,-0.222445098,0.151645028,-0.120443053,-0.016294792,0.116081869,0.295555298,12.121330227,0.015212745,-130.917522994,-0.115491654,142.886367071,44.836478348,0.015072115,0.000381661,-0.012033674,0.000283022,0.000917944,-0.000283972,-0.001633995,-0.680735477,0.000057437,0.673894566,0.000088642,-0.234610644,-0.000270572,0.165599170,0.012835522,-0.000001083,-0.012706534,-0.000001671,0.004423672,0.000005102,-0.003122434,-1.021103216,0.000086156,1.010841849,0.000132962,-0.351915966,-0.000405857,0.248398754,-0.663481974,-0.024553488,0.095667378,0.014398363,0.354853259,0.320333259,0.054466279
0.350000000,0,0.350000000,sample,0.216532457,0.000000130,0.216032154,0.216033835,0.000001681,1.681355517,0.000010508,1,1,1.500000000,0.080000000,1.500000000,0.000751134,0.000500756,0.000500756,0.015759341,0.015759341,-0.015759341,0.010079702,0.003615029,0.138520672,1,46.130355144,1,46.339535370,0.315060691,0.166579960,0.315794310,0.167689958,1.931113203,0.163745558,0.722397497,0.130441485,0.529048116,1.500000000,1.590561108,2.000000000,0.000000000,0.000000000,0.000000000,1.000000000,0.945396964,0.859824105,0.811478414,-0.381908691,0.955115020,0.863801189,0.824694152,1,0,0,0.000000000,0.054722141,-0.264994286,0.161390070,-0.121596208,-0.017313882,0.112532106,0.293533032,12.122389657,0.021555360,-130.917522994,-0.115774081,142.886417200,44.837332310,0.002455304,0.001568855,0.001063661,0.000677940,-0.000890420,0.000100216,0.001478089,0.680731484,-0.000073315,-0.673888658,-0.000088866,0.234629705,0.000271255,-0.165612614,0.000340881,-0.000000037,-0.000337454,-0.000000044,0.000117492,0.000000136,-0.000082932,1.021097226,-0.000109972,-1.010832986,-0.000133298,0.351944558,0.000406883,-0.248418921,-0.638118555,-0.013897016,0.040298479,0.013341403,0.377664861,0.321995720,0.054725201
0.400000000,0,0.400000000,sample,0.216532511,0.000001094,0.216033942,0.216032091,0.000001851,1.851174606,0.000011570,1,1,1.500000000,0.080000000,1.500000000,0.016264194,0.010842796,0.010842796,0.022208069,0.022208069,-0.022208069,0.012039994,0.011469636,0.945347839,1,57.824970324,1,46.340026352,0.258802349,0.170628547,0.320410977,0.170734102,0.720062117,0.148488623,0.515414402,0.169155132,0.402493257,1.500000000,1.553066676,2.000000000,0.000000000,0.000000000,0.000000000,1.000000000,0.744062504,0.721114942,0.698751261,0.360586581,0.930664421,0.853378769,0.806797554,1,0,0,0.000000000,0.051455653,-0.202648499,0.152527235,-0.120792447,-0.016294095,0.119405981,0.292169701,12.121417057,0.016389020,-130.917562944,-0.115318287,142.886492133,44.837428616,-0.008721825,0.000630719,0.007402935,-0.000369109,0.000333922,0.000180196,-0.000029366,-0.680735091,0.000060343,0.673893866,0.000088509,-0.234612738,-0.000270167,0.165600643,-0.007381072,0.000000654,0.007306894,0.000000960,-0.002543858,-0.000002929,0.001795574,-1.021102636,0.000090515,1.010840798,0.000132764,-0.351919107,-0.000405251,0.248400964,-0.436268567,-0.052067478,0.213465535,0.004854902,0.379312219,0.320779362,0.053327076
0.450000000,0,0.450000000,sample,0.216532441,-0.000001402,0.216032107,0.216033847,0.000001740,1.740014461,0.000010875,1,1,1.500000000,0.080000000,1.500000000,0.000022963,0.000015309,0.000015309,0.018860787,0.018860787,-0.018860787,0.014941427,0.002789113,0.005488794,5,37.745968282,1,46.339642007,0.262500249,0.171499910,0.264652048,0.171967677,0.964807517,0.090934831,0.548666767,0.152604227,0.395399155,1.500000000,1.551237856,2.000000000,0.000000000,0.000000000,0.000000000,1.000000000,0.852897027,0.732076500,0.711421178,-0.389040048,0.852897027,0.740429503,0.713546792,1,0,0,0.000000000,0.054460045,-0.200832183,0.160021618,-0.121871303,-0.017300243,0.119416524,0.286554907,12.122214631,0.021565156,-130.917522994,-0.115323205,142.886250799,44.836887833,0.000234089,0.000891968,0.001026882,0.001468627,0.001713568,0.000053412,-0.000882170,0.680732268,-0.000073262,-0.673889854,-0.000088518,0.234625880,0.000270195,-0.165609947,0.000010421,-0.000000001,-0.000010316,-0.000000001,0.000003592,0.000000004,-0.000002535,1.021098401,-0.000109893,-1.010834781,-0.000132777,0.351938820,0.000405293,-0.248414921,-0.463889997,0.003704572,0.223286961,0.003394860,0.367312891,0.321150680,0.054656458
0.500000000,0,0.500000000,sample,0.216532818,0.000007534,0.216035161,0.216031531,0.000003631,3.630600985,0.000022691,1,1,1.500000000,0.080000000,1.500000000,0.005109602,0.003406401,0.003406401,0.023615519,0.023615519,-0.023615519,0.012541747,0.003779475,0.901289537,3,74.219792148,1,46.339717517,0.277633987,0.168942290,0.287639187,0.170982877,1.207438443,0.124776225,0.613870320,0.144766199,0.468746888,1.500000000,1.571536536,2.000000000,0.000000000,0.000000000,0.000000000,1.000000000,0.769955310,0.751624788,0.721892129,0.373046878,0.921726976,0.853390860,0.794821361,1,0,0,0.000000000,0.056459184,-0.218958898,0.161090012,-0.120322464,-0.017425659,0.117304512,0.296626854,12.122123454,0.013802145,-130.917826072,-0.115185006,142.886329771,44.837147151,-0.001610782,0.000429274,0.003256052,-0.000773764,-0.000250336,-0.000352567,0.000343479,-0.680732822,0.000053870,0.673889902,0.000088412,-0.234624658,-0.000269870,0.165609213,-0.002318849,0.000000184,0.002295539,0.000000301,-0.000799226,-0.000000919,0.000564131,-1.021099233,0.000080805,1.010834853,0.000132617,-0.351936987,-0.000404804,0.248413819,-0.488196131,-0.047876724,0.178552336,0.014802178,0.376281470,0.322509060,0.052921871
0.550000000,0,0.550000000,sample,0.216532568,-0.000004988,0.216033738,0.216032433,0.000001305,1.305218489,0.000008158,1,1,1.500000000,0.080000000,1.500000000,0.012774522,0.008516348,0.008516348,0.024781902,0.024781902,-0.024781902,0.009985548,0.008845025,0.962840536,3,54.415256703,1,46.339893093,0.244880439,0.172557009,0.280330052,0.172557009,0.537340166,0.086325008,0.514124300,0.161098078,0.391603491,1.500000000,1.550278699,2.000000000,0.000000000,0.000000000,0.000000000,1.000000000,0.822038283,0.677170688,0.675293460,0.355785861,0.824677486,0.751683243,0.721958583,1,0,0,0.000000000,0.053203877,-0.181188228,0.155905749,-0.120947173,-0.016779207,0.121926867,0.289031689,12.121719955,0.017177695,-130.917618757,-0.115330877,142.886363832,44.837592030,-0.005889998,0.000509487,0.006524683,0.000251970,0.000095153,-0.000044590,0.000797991,-0.680734112,0.000062314,0.673892313,0.000088521,-0.234617586,-0.000270203,0.165604116,-0.005797369,0.000000531,0.005739102,0.000000754,-0.001998085,-0.000002301,0.001410342,-1.021101168,0.000093472,1.010838470,0.000132781,-0.351926379,-0.000405305,0.248406174,-0.363834281,-0.005660758,0.276588652,0.018406824,0.371615425,0.325154927,0.054313768
0.600000000,0,0.600000000,sample,0.216532709,0.000002808,0.216032240,0.216034230,0.000001990,1.990291872,0.000012439,1,1,1.500000000,0.080000000,1.500000000,0.005214619,0.003476412,0.003476412,0.023194358,0.023194358,-0.023194358,0.009494746,0.005242602,0.663108261,1,92.629993713,1,46.339700696,0.268971316,0.171447114,0.268971316,0.173551231,2.389655874,0.340918671,0.637560839,0.116629090,0.481795607,1.500000000,1.575476391,2.000000000,0.000000000,0.000000000,0.000000000,1.000000000,0.790995911,0.704459644,0.702483922,-0.390181382,0.877123528,0.729108887,0.724529079,1,0,0,0.000000000,0.055377550,-0.208758810,0.160308000,-0.122114400,-0.017271240,0.119096140,0.287052107,12.122118928,0.021876836,-130.917730363,-0.115027216,142.886393086,44.837133112,0.005045714,-0.000253822,-0.000414851,-0.000358803,-0.001206144,-0.000362504,-0.000272355,0.680732699,-0.000073989,-0.673889943,-0.000088290,0.234624842,0.000269500,-0.165609285,0.002366508,-0.000000257,-0.002342719,-0.000000307,0.000815653,0.000000937,-0.000575726,1.021099048,-0.000110984,-1.010834915,-0.000132436,0.351937263,0.000404250,-0.248413928,-0.426719688,-0.027529001,0.262492731,-0.006719989,0.366866367,0.322740579,0.054185953
0.650000000,0,0.650000000,sample,0.216532429,-0.000005591,0.216035108,0.216030804,0.000004304,4.304066120,0.000026900,1,1,1.500000000,0.080000000,1.500000000,-0.026473234,0.017648823,-0.017648823,0.028421487,0.028421487,-0.028421487,0.009075878,0.019561370,0.902228366,3,67.147792232,1,46.339854407,0.272587465,0.169079917,0.276917825,0.171149394,3.561188609,0.298550242,0.433667316,0.124760113,0.354375720,1.500000000,1.541305960,2.000000000,0.000000000,0.000000000,0.000000000,1.000000000,0.796452330,0.727586673,0.714785301,0.392266279,0.857170194,0.805980931,0.758856471,1,0,0,0.000000000,0.053637609,-0.216673532,0.156459303,-0.120413710,-0.016982056,0.117474110,0.297429459,12.121815844,0.012746644,-130.917522994,-0.114670934,142.886163705,44.836676891,0.010441236,0.001019196,-0.016029321,0.000453114,-0.002939210,-0.000315282,-0.002589633,-0.680733828,0.000051148,0.673892176,0.000088015,-0.234618405,-0.000268659,0.165604689,0.012014150,-0.000000903,-0.011893403,-0.000001553,0.004140739,0.000004742,-0.002922728,-1.021100741,0.000076723,1.010838263,0.000132022,-0.351927608,-0.000402988,0.248407033,-0.437244649,-0.026168996,0.258042923,0.016567189,0.375915582,0.328506574,0.054411502
0.700000000,0,0.700000000,sample,0.216532321,-0.000002165,0.216033843,0.216031851,0.000001992,1.991556953,0.000012447,1,1,1.500000000,0.080000000,1.500000000,0.010557168,0.007038112,0.007038112,0.023159534,0.023159534,-0.023159534,0.010075133,0.007983878,0.881540539,1,65.277524826,1,46.339834521,0.272851540,0.170079624,0.275941813,0.171976941,1.641063250,0.259114139,0.538024431,0.179669599,0.435332809,1.500000000,1.561897884,2.000000000,0.000000000,0.000000000,0.000000000,1.000000000,0.684128325,0.708773968,0.703292308,0.362721811,0.878633458,0.798141832,0.753724468,1,0,0,0.000000000,0.052588389,-0.217804542,0.155703583,-0.121077845,-0.016814426,0.118256116,0.294055917,12.121815844,0.016089776,-130.917427285,-0.114732913,142.886238059,44.837403836,-0.006450535,0.002309842,0.003953521,0.000308089,0.000643983,0.000075025,0.000807435,-0.680733682,0.000059500,0.673892180,0.000088062,-0.234618707,-0.000268804,0.165604842,-0.004791080,0.000000419,0.004742929,0.000000620,-0.001651273,-0.000001892,0.001165545,-1.021100522,0.000089249,1.010838269,0.000132093,-0.351928061,-0.000403206,0.248407263,-0.411541699,-0.082590872,0.242069528,0.035445709,0.382252789,0.330701194,0.055657158
0.750000000,0,0.750000000,sample,0.216532443,0.000002434,0.216032520,0.216033391,0.000000872,0.871707611,0.000005448,0,0,1.500000000,0.080000000,0.000000000,0.000000000,0.004591635,0.000000000,0.023265087,0.023265087,-0.023265087,0.011071041,0.011107134,0.413395092,5,54.535755819,0,0.000000000,0.285788168,0.169942729,0.286583059,0.170796287,1.880718289,0.723482042,0.490410446,0.245152905,0.424638524,0.000000000,0.424635349,2.000000000,0.000000000,0.000000000,0.000000000,1.000000000,0.822400017,0.684000329,0.681050473,0.000000000,0.912483021,0.823177558,0.783499916,1,0,0,0.000000000,0.052413846,-0.235307355,0.153486527,-0.121982766,-0.016581957,0.117157051,0.291626193,12.121512765,0.020204888,-130.917522994,-0.114665291,142.886269390,44.837844789,-0.007019989,-0.000535450,0.002512126,-0.000046245,0.008202433,-0.000370172,0.000267637,0.000000000,0.000000000,0.000000000,0.000000000,0.000000000,0.000000000,0.000000000,-0.003125686,0.000000320,0.003094274,0.000000404,-0.001077259,-0.000001233,0.000760380,0.000000000,0.000000000,0.000000000,0.000000000,0.000000000,0.000000000,0.000000000,-0.374741290,-0.009563600,0.275032072,-0.005808817,0.373118888,0.324954750,0.053080816
0.800000000,0,0.800000000,sample,0.216532467,0.000000483,0.216032752,0.216033210,0.000000458,0.458390915,0.000002865,0,0,1.500000000,0.080000000,0.000000000,0.000000000,0.001491710,0.000000000,0.008425346,0.004178568,-0.002756304,0.004178568,0.002103804,0.709053618,3,81.588261792,0,0.000000000,0.293903884,0.169020384,0.304662005,0.170203873,1.086889559,0.111307287,0.619606512,0.139967437,0.433752710,0.000000000,0.433751948,2.000000000,0.000000000,0.000000000,0.000000000,1.000000000,0.823173862,0.688892307,0.666777005,0.000000000,0.897375939,0.818437950,0.770399323,1,0,0,0.000000000,0.052129174,-0.244202458,0.155007102,-0.121835184,-0.016526184,0.115978288,0.293205815,12.121720135,0.019616491,-130.917522994,-0.114707017,142.886533033,44.837704035,-0.000110234,-0.000082431,0.001900287,0.000511421,-0.000289866,0.000529997,0.000411686,0.000000000,0.000000000,0.000000000,0.000000000,0.000000000,0.000000000,0.000000000,-0.001015458,0.000000102,0.001005252,0.000000131,-0.000349982,-0.000000401,0.000247034,0.000000000,0.000000000,0.000000000,0.000000000,0.000000000,0.000000000,0.000000000,-0.374307071,-0.009071088,0.219254187,0.002885046,0.384035307,0.325575890,0.053291715
0.850000000,0,0.850000000,sample,0.216532319,-0.000002958,0.216033000,0.216032670,0.000000330,0.330134011,0.000002063,0,0,1.500000000,0.080000000,0.000000000,0.000000000,0.004691856,0.000000000,0.005683447,0.005589647,-0.005589647,0.003460060,0.006557053,0.715543447,3,71.204878405,0,0.000000000,0.284385841,0.169434064,0.305083045,0.169570326,2.940776235,0.422283123,0.671014943,0.109395138,0.495109170,0.000000000,0.495104867,2.000000000,0.000000000,0.000000000,0.000000000,1.000000000,0.810306435,0.710606360,0.673915351,0.000000000,0.854183863,0.752275742,0.722643556,1,0,0,0.000000000,0.051864418,-0.234080159,0.152944003,-0.121483564,-0.016548329,0.116943570,0.293291764,12.121512765,0.018512443,-130.917427287,-0.114904653,142.886204432,44.837833310,-0.000168040,-0.000516407,0.005533037,0.001150785,-0.003204618,-0.000387545,0.000584346,0.000000000,0.000000000,0.000000000,0.000000000,0.000000000,0.000000000,0.000000000,-0.003193910,0.000000308,0.003161813,0.000000414,-0.001100771,-0.000001263,0.000776976,0.000000000,0.000000000,0.000000000,0.000000000,0.000000000,0.000000000,0.000000000,-0.409249682,-0.021813341,0.151736879,0.003426139,0.392836074,0.325376983,0.054539854
0.900000000,0,0.900000000,sample,0.216532445,0.000002515,0.216033400,0.216032515,0.000000885,0.885490473,0.000005534,0,0,1.500000000,0.080000000,0.000000000,0.000000000,0.000490874,0.000000000,0.007327973,0.000000000,0.000000000,0.000000000,0.000957155,0.512846758,3,54.584817340,0,0.000000000,0.290656706,0.168541235,0.306353853,0.169728864,0.485379250,0.024040253,0.557706502,0.147494618,0.400064436,0.000000000,0.400064352,2.000000000,0.000000000,0.000000000,0.000000000,1.000000000,0.842715002,0.695988284,0.663681513,0.000000000,0.842715002,0.767945033,0.718298726,1,0,0,0.000000000,0.052344558,-0.241238215,0.153445402,-0.121455993,-0.016553688,0.115674392,0.294918376,12.121512765,0.017671643,-130.917522994,-0.114659693,142.886296770,44.837173043,-0.000114579,-0.000316916,-0.000707161,-0.000007889,0.000005368,-0.000012591,-0.000549778,0.000000000,0.000000000,0.000000000,0.000000000,0.000000000,0.000000000,0.000000000,0.000334155,-0.000000031,-0.000330797,-0.000000043,0.000115166,0.000000132,-0.000081289,0.000000000,0.000000000,0.000000000,0.000000000,0.000000000,0.000000000,0.000000000,-0.371651989,-0.000649840,0.199842688,-0.001154834,0.391762696,0.325697494,0.053406232
0.950000000,0,0.950000000,sample,0.216532476,0.000000622,0.216033270,0.216032745,0.000000525,0.525165517,0.000003282,0,0,1.500000000,0.080000000,0.000000000,0.000000000,0.002793048,0.000000000,0.010454377,0.001647102,-0.001507200,0.001647102,0.004833521,0.577849597,3,86.885013237,0,0.000000000,0.293789719,0.168863418,0.305302855,0.169602842,2.836572181,0.282735827,0.468858169,0.171730727,0.356293608,0.000000000,0.356295043,2.000000000,0.000000000,0.000000000,0.000000000,1.000000000,0.847453874,0.682858966,0.660311958,0.000000000,0.899505990,0.743457970,0.702887068,1,0,0,0.000000000,0.054399074,-0.241036625,0.158916599,-0.121615479,-0.017172940,0.115886234,0.294360266,12.122079112,0.018175065,-130.917550060,-0.114563578,142.886271638,44.837241515,-0.000527069,0.000727011,-0.004505428,0.001434219,0.000254100,0.000144976,-0.000339309,0.000000000,0.000000000,0.000000000,0.000000000,0.000000000,0.000000000,0.000000000,0.001901319,-0.000000181,-0.001882209,-0.000000246,0.000655315,0.000000750,-0.000462552,0.000000000,0.000000000,0.000000000,0.000000000,0.000000000,0.000000000,0.000000000,-0.363892567,-0.002664031,0.215589446,-0.029582982,0.386359891,0.322841457,0.052272845
1.000000000,0,1.000000000,sample,0.216532575,0.000001984,0.216033392,0.216032788,0.000000604,0.603556127,0.000003772,0,0,1.500000000,0.080000000,0.000000000,0.000000000,0.000004091,0.000000000,0.002007982,0.000000000,0.000000000,0.000000000,0.000834602,0.004901488,7,62.644754466,0,0.000000000,0.298799982,0.168172671,0.303490063,0.168887206,0.313268163,0.058392653,0.600338094,0.152252956,0.436170363,0.000000000,0.436170383,2.000000000,0.000000000,0.000000000,0.000000000,1.000000000,0.799953800,0.715232615,0.673874327,0.000000000,0.830905741,0.722057856,0.678227526,1,0,0,0.000000000,0.053715443,-0.249666091,0.155122286,-0.121550596,-0.016798287,0.115001380,0.295404059,12.121608474,0.018074449,-130.917631858,-0.114639347,142.886257831,44.837362994,-0.000030635,0.000063406,-0.000175653,-0.000461957,0.000067804,0.000079922,0.000660574,0.000000000,0.000000000,0.000000000,0.000000000,0.000000000,0.000000000,0.000000000,0.000002785,-0.000000000,-0.000002757,-0.000000000,0.000000960,0.000000001,-0.000000677,0.000000000,0.000000000,0.000000000,0.000000000,0.000000000,0.000000000,0.000000000,-0.389873288,-0.024265720,0.186941313,0.015266926,0.395257668,0.328032545,0.050024935
1.051000000,0,1.051000000,sample,0.216532327,-0.000004871,0.216033158,0.216032540,0.000000617,0.617449270,0.000003859,0,0,1.500000000,0.080000000,0.000000000,0.000000000,0.000445041,0.000000000,0.004448292,0.001135428,-0.001135428,0.000000000,0.001362907,0.326538274,4,35.823812593,0,0.000000000,0.296774229,0.168287897,0.300828553,0.168888514,0.963159028,0.108677337,0.553973766,0.152018804,0.380065124,0.000000000,0.380065958,2.000000000,0.000000000,0.000000000,0.000000000,1.000000000,0.777357665,0.696921206,0.665739963,0.000000000,0.822412530,0.758085901,0.701917956,1,0,0,0.000000000,0.052512952,-0.247662772,0.154856333,-0.121546934,-0.016736599,0.115182661,0.295208111,12.121720135,0.018054598,-130.917431670,-0.114639347,142.886230814,44.837328941,-0.000637259,-0.000745602,-0.000130552,0.000815741,-0.000107032,-0.000038856,0.000447272,0.000000000,0.000000000,0.000000000,0.000000000,0.000000000,0.000000000,0.000000000,-0.000302955,0.000000029,0.000299910,0.000000039,-0.000104414,-0.000000120,0.000073700,0.000000000,0.000000000,0.000000000,0.000000000,0.000000000,0.000000000,0.000000000,-0.361886071,-0.034101524,0.212875710,0.007097585,0.395114585,0.327238494,0.050182121
1.101000000,0,1.101000000,sample,0.216532477,0.000003011,0.216033183,0.216032809,0.000000374,0.373952993,0.000002337,0,0,1.500000000,0.080000000,0.000000000,0.000000000,0.001934828,0.000000000,0.007463409,0.001996349,-0.000769730,0.001996349,0.002957035,0.654313599,3,86.306345414,0,0.000000000,0.293019178,0.169048179,0.296595130,0.169178264,1.322038133,0.178885074,0.530740359,0.161522992,0.387018286,0.000000000,0.387019125,2.000000000,0.000000000,0.000000000,0.000000000,1.000000000,0.816325123,0.723449296,0.681267282,0.000000000,0.836311506,0.789015094,0.729855602,1,0,0,0.000000000,0.052750678,-0.242308385,0.156090521,-0.121682332,-0.016696686,0.116154713,0.294270026,12.121817355,0.018387762,-130.917536148,-0.114530652,142.886471941,44.837602144,0.000420040,0.000145327,-0.002747122,0.000291489,-0.000202579,0.000001609,0.000934784,0.000000000,0.000000000,0.000000000,0.000000000,0.000000000,0.000000000,0.000000000,0.001317103,-0.000000126,-0.001303865,-0.000000170,0.000453949,0.000000519,-0.000320418,0.000000000,0.000000000,0.000000000,0.000000000,0.000000000,0.000000000,0.000000000,-0.414979682,-0.021995282,0.158372107,0.008355831,0.394540748,0.328472319,0.052203158
1.151000000,0,1.151000000,sample,0.216532338,-0.000002776,0.216033214,0.216032492,0.000000723,0.722743455,0.000004517,0,0,1.500000000,0.080000000,0.000000000,0.000000000,0.001151253,0.000000000,0.005205272,0.002125115,-0.002125115,0.000653625,0.003469006,0.331868128,7,65.712190323,0,0.000000000,0.293533249,0.168538497,0.297044656,0.169186708,1.377081029,0.204024867,0.568025746,0.137361510,0.389361603,0.000000000,0.389361989,2.000000000,0.000000000,0.000000000,0.000000000,1.000000000,0.824931520,0.688117826,0.661810995,0.000000000,0.863733296,0.750139002,0.699892705,1,0,0,0.000000000,0.051435518,-0.244842299,0.153520045,-0.121541585,-0.016434344,0.115597492,0.295064709,12.121609985,0.017895954,-130.917427285,-0.114596260,142.886417975,44.837411372,0.000549926,-0.000860766,-0.000124617,0.001444904,0.000968599,0.000203468,-0.002812083,0.000000000,0.000000000,0.000000000,0.000000000,0.000000000,0.000000000,0.000000000,0.000783697,-0.000000074,-0.000775821,-0.000000101,0.000270102,0.000000309,-0.000190651,0.000000000,0.000000000,0.000000000,0.000000000,0.000000000,0.000000000,0.000000000,-0.371253243,-0.012197454,0.194163615,0.003321339,0.389321768,0.328421352,0.053604859
1.201000000,0,1.201000000,sample,0.216532724,0.000007713,0.216033704,0.216032769,0.000000935,0.935467379,0.000005847,0,0,1.500000000,0.080000000,0.000000000,0.000000000,0.000105062,0.000000000,0.004084631,0.000773442,-0.000773442,0.000000000,0.005538601,0.018969087,5,93.754186603,0,0.000000000,0.291733969,0.168689293,0.299330593,0.168866698,0.106881763,0.374068589,0.584720985,0.098121508,0.430949887,0.000000000,0.430949937,2.000000000,0.000000000,0.000000000,0.000000000,1.000000000,0.840480306,0.753035314,0.700478698,0.000000000,0.840480306,0.753035314,0.700478698,1,0,0,0.000000000,0.054072999,-0.240171040,0.156533354,-0.121462716,-0.016797594,0.115847862,0.294882206,12.121720135,0.017592929,-130.917737093,-0.114618894,142.886474171,44.837200743,0.001148344,-0.000167177,-0.000407100,-0.000107970,-0.005362847,0.000220706,-0.000585859,0.000000000,0.000000000,0.000000000,0.000000000,0.000000000,0.000000000,0.000000000,-0.000071519,0.000000007,0.000070801,0.000000009,-0.000024649,-0.000000028,0.000017399,0.000000000,0.000000000,0.000000000,0.000000000,0.000000000,0.000000000,0.000000000,-0.462262562,-0.024897980,0.091402036,0.002696720,0.397017955,0.328191872,0.051662900
1.251000000,0,1.251000000,sample,0.216532450,-0.000005482,0.216033346,0.216032596,0.000000750,0.750210297,0.000004689,0,0,1.500000000,0.080000000,0.000000000,0.000000000,0.001777352,0.000000000,0.005748327,0.003299459,-0.001951902,0.003299459,0.003489059,0.509407398,3,86.591866452,0,0.000000000,0.288676723,0.169025758,0.294756837,0.169628806,2.278073375,0.205025409,0.474335550,0.164329225,0.354272907,0.000000000,0.354273015,2.000000000,0.000000000,0.000000000,0.000000000,1.000000000,0.803370086,0.626655413,0.659377803,0.000000000,0.978093862,0.765143914,0.709313388,1,0,0,0.000000000,0.053058835,-0.236914199,0.156175133,-0.121556097,-0.016803467,0.116238830,0.294255154,12.121815844,0.017849070,-130.917523156,-0.114552962,142.886350288,44.837162263,-0.000793979,-0.000394038,-0.003246735,0.000604611,0.000123948,-0.000307040,-0.000609413,0.000000000,0.000000000,0.000000000,0.000000000,0.000000000,0.000000000,0.000000000,0.001209904,-0.000000113,-0.001197743,-0.000000156,0.000417001,0.000000477,-0.000294339,0.000000000,0.000000000,0.000000000,0.000000000,0.000000000,0.000000000,0.000000000,-0.243649618,-0.026868397,0.345693750,0.015032480,0.380383419,0.327917003,0.052352551
1.301000000,0,1.301000000,sample,0.216532317,-0.000002657,0.216033108,0.216032573,0.000000535,0.535262220,0.000003345,0,0,1.500000000,0.080000000,0.000000000,0.000000000,0.001010933,0.000000000,0.003568146,0.000000000,0.000000000,0.000000000,0.002488177,0.406294526,4,31.870197227,0,0.000000000,0.297228031,0.168321071,0.299915392,0.168896401,0.933319092,0.101246517,0.599674707,0.156988398,0.412224536,0.000000000,0.412223357,2.000000000,0.000000000,0.000000000,0.000000000,1.000000000,0.793428236,0.703205197,0.670841664,0.000000000,0.806765429,0.737259706,0.695929684,1,0,0,0.000000000,0.052649491,-0.248150960,0.154898787,-0.121594570,-0.016778717,0.115174729,0.295139581,12.121720309,0.018166246,-130.917427285,-0.114598539,142.886184797,44.837328940,0.001121180,0.000003922,-0.000255620,0.001404668,0.001165123,-0.000335983,0.001193791,0.000000000,0.000000000,0.000000000,0.000000000,0.000000000,0.000000000,0.000000000,0.000688176,-0.000000065,-0.000681260,-0.000000089,0.000237182,0.000000271,-0.000167414,0.000000000,0.000000000,0.000000000,0.000000000,0.000000000,0.000000000,0.000000000,-0.390406632,-0.027594597,0.184319914,0.015759093,0.390108027,0.328253254,0.051894951
1.351000000,0,1.351000000,sample,0.216532557,0.000004806,0.216033531,0.216032622,0.000000908,0.908496210,0.000005678,0,0,1.500000000,0.080000000,0.000000000,0.000000000,0.002776147,0.000000000,0.006431524,0.001400119,-0.001400119,0.000000000,0.003918324,0.708503602,3,92.272195394,0,0.000000000,0.291815489,0.168495679,0.298550752,0.169075676,1.835386091,0.252652296,0.657017404,0.129629605,0.481921331,0.000000000,0.481921735,2.000000000,0.000000000,0.000000000,0.000000000,1.000000000,0.796236647,0.689256339,0.655640877,0.000000000,0.805345596,0.717357387,0.676356863,1,0,0,0.000000000,0.053959431,-0.240582110,0.156092626,-0.121433626,-0.016911011,0.115579782,0.294881880,12.121720135,0.017642269,-130.917618703,-0.114683360,142.886242648,44.837031691,-0.000470283,-0.000217362,0.003763880,0.000056993,-0.000296095,0.000089683,-0.000905038,0.000000000,0.000000000,0.000000000,0.000000000,0.000000000,0.000000000,0.000000000,-0.001889818,0.000000176,0.001870825,0.000000244,-0.000651331,-0.000000746,0.000459740,0.000000000,0.000000000,0.000000000,0.000000000,0.000000000,0.000000000,0.000000000,-0.361174827,-0.025016367,0.182881479,0.010350748,0.393851107,0.328001806,0.050351108
1.401000000,0,1.401000000,sample,0.216532575,0.000000345,0.216033565,0.216032642,0.000000923,0.922970336,0.000005769,0,0,1.500000000,0.080000000,0.000000000,0.000000000,0.001677475,0.000000000,0.003736464,0.000865973,-0.000865973,0.000000000,0.003028191,0.553952983,3,72.198395099,0,0.000000000,0.293143487,0.168429100,0.296480178,0.168962782,1.390569557,0.247495125,0.638525373,0.126999786,0.467660989,0.000000000,0.467659946,2.000000000,0.000000000,0.000000000,0.000000000,1.000000000,0.778345672,0.728330283,0.685197231,0.000000000,1.003248970,0.748486825,0.685197231,1,0,0,0.000000000,0.054961804,-0.240080300,0.158977211,-0.121409749,-0.017217768,0.115462475,0.294848017,12.122023213,0.017626695,-130.917632019,-0.114715117,142.886252421,44.836890351,-0.000061459,0.000121418,0.002573043,0.000519828,-0.000564290,-0.000022839,-0.001393451,0.000000000,0.000000000,0.000000000,0.000000000,0.000000000,0.000000000,0.000000000,-0.001141913,0.000000106,0.001130435,0.000000148,-0.000393573,-0.000000451,0.000277803,0.000000000,0.000000000,0.000000000,0.000000000,0.000000000,0.000000000,0.000000000,-0.422687491,-0.044982033,0.132916563,0.020783101,0.398382383,0.330544397,0.052347652
1.451000000,0,1.451000000,sample,0.216532469,-0.000002114,0.216033455,0.216032519,0.000000935,0.935406122,0.000005846,0,0,1.500000000,0.080000000,0.000000000,0.000000000,0.000617389,0.000000000,0.003560798,0.000801922,-0.000785044,0.000801922,0.006586213,0.093739666,5,97.191311662,0,0.000000000,0.291860098,0.168366098,0.296908904,0.168913304,0.391505591,0.406194250,0.566371972,0.092214911,0.415104773,0.000000000,0.415104412,2.000000000,0.000000000,0.000000000,0.000000000,1.000000000,0.778472955,0.689531627,0.658875442,0.000000000,0.802309343,0.749345289,0.699250833,1,0,0,0.000000000,0.052560119,-0.241022229,0.155974472,-0.121375638,-0.016656651,0.115488759,0.294962416,12.121816014,0.017619048,-130.917527379,-0.114774958,142.886501233,44.837072241,0.000635365,0.000164134,-0.000566106,0.000330468,-0.006493061,0.000222571,-0.000555434,0.000000000,0.000000000,0.000000000,0.000000000,0.000000000,0.000000000,0.000000000,-0.000420278,0.000000039,0.000416054,0.000000054,-0.000144852,-0.000000166,0.000102243,0.000000000,0.000000000,0.000000000,0.000000000,0.000000000,0.000000000,0.000000000,-0.363592922,-0.036249699,0.177015861,0.011144133,0.397318897,0.329404643,0.052673173
1.501000000,0,1.501000000,sample,0.216532447,-0.000000431,0.216033448,0.216032511,0.000000937,0.936515538,0.000005853,0,0,1.500000000,0.080000000,0.000000000,0.000000000,0.001925824,0.000000000,0.007163647,0.002292383,-0.002292383,0.000863915,0.004499144,0.428042301,7,77.705992937,0,0.000000000,0.291482614,0.169028074,0.295845038,0.169028074,0.464781480,0.234014050,0.591126720,0.171153140,0.437933165,0.000000000,0.437932948,2.000000000,0.000000000,0.000000000,0.000000000,1.000000000,0.821138297,0.716710647,0.674693699,0.000000000,0.822567975,0.734813876,0.686282570,1,0,0,0.000000000,0.054087423,-0.238219690,0.159022149,-0.121469893,-0.017130236,0.116284608,0.294674576,12.122118941,0.017588490,-130.917522994,-0.114600809,142.886325584,44.837410539,-0.000975262,0.001294157,0.000765240,0.000784809,-0.000379686,-0.000735637,0.003966041,0.000000000,0.000000000,0.000000000,0.000000000,0.000000000,0.000000000,0.000000000,-0.001310971,0.000000122,0.001297794,0.000000169,-0.000451845,-0.000000517,0.000318934,0.000000000,0.000000000,0.000000000,0.000000000,0.000000000,0.000000000,0.000000000,-0.399010582,-0.018511749,0.168516294,0.013148558,0.394209181,0.330354777,0.050533895
1.551000000,0,1.551000000,sample,0.216532436,-0.000000221,0.216033406,0.216032509,0.000000897,0.897097069,0.000005607,0,0,1.500000000,0.080000000,0.000000000,0.000000000,0.000090864,0.000000000,0.007181299,0.001457927,-0.001457927,0.000581800,0.000810908,0.112052247,2,48.764350214,0,0.000000000,0.292630493,0.168602654,0.296478033,0.169161159,0.478147022,0.036816981,0.568274819,0.145226603,0.402164965,0.000000000,0.402165098,2.000000000,0.000000000,0.000000000,0.000000000,1.000000000,0.793321518,0.672784566,0.654706999,0.000000000,0.850205607,0.720643358,0.678185494,1,0,0,0.000000000,0.053324570,-0.242087236,0.155508410,-0.121461671,-0.016852768,0.115714742,0.295029530,12.121720135,0.017651465,-130.917523000,-0.114639348,142.886204934,44.837288142,0.000000716,-0.000566269,-0.000166664,0.000380987,-0.000187194,-0.000333439,-0.000133263,0.000000000,0.000000000,0.000000000,0.000000000,0.000000000,0.000000000,0.000000000,0.000061854,-0.000000006,-0.000061233,-0.000000008,0.000021318,0.000000024,-0.000015047,0.000000000,0.000000000,0.000000000,0.000000000,0.000000000,0.000000000,0.000000000,-0.333781746,-0.028775326,0.229948857,0.000787798,0.390581903,0.329278550,0.050470753
1.601000000,0,1.601000000,sample,0.216532607,0.000003406,0.216033624,0.216032633,0.000000991,0.990573894,0.000006191,0,0,1.500000000,0.080000000,0.000000000,0.000000000,0.001075922,0.000000000,0.008646685,0.001624489,-0.001624489,0.000000000,0.005609422,0.191806153,4,68.479239345,0,0.000000000,0.292318661,0.168641969,0.296323592,0.168822500,2.496309588,0.257357133,0.633393935,0.135154296,0.520069815,0.000000000,0.520073434,2.000000000,0.000000000,0.000000000,0.000000000,1.000000000,0.903417662,0.726791133,0.670630182,0.000000000,0.916780886,0.744787518,0.691693820,1,0,0,0.000000000,0.054582033,-0.240228775,0.157356718,-0.121431274,-0.017050149,0.115775004,0.294970784,12.121829441,0.017517072,-130.917658166,-0.114641608,142.886251923,44.837159917,-0.000491707,-0.000714272,-0.000031092,-0.004641920,-0.003005227,0.000114473,0.000347534,0.000000000,0.000000000,0.000000000,0.000000000,0.000000000,0.000000000,0.000000000,-0.000732416,0.000000068,0.000725055,0.000000095,-0.000252432,-0.000000289,0.000178178,0.000000000,0.000000000,0.000000000,0.000000000,0.000000000,0.000000000,0.000000000,-0.397241328,0.020912374,0.153739619,-0.005429914,0.397040466,0.328308264,0.049132860
1.651000000,0,1.651000000,sample,0.216532694,0.000001746,0.216033649,0.216032780,0.000000869,0.868957474,0.000005431,0,0,1.500000000,0.080000000,0.000000000,0.000000000,0.000294536,0.000000000,0.003783987,0.001570033,-0.001570033,0.000000000,0.001467297,0.200733836,4,51.277650593,0,0.000000000,0.293893066,0.168642944,0.296903669,0.169002193,0.484059695,0.072438086,0.606184165,0.138967521,0.446020333,0.000000000,0.446021030,2.000000000,0.000000000,0.000000000,0.000000000,1.000000000,0.807258816,0.710516104,0.673477941,0.000000000,0.880727457,0.726521903,0.679126345,1,0,0,0.000000000,0.055229970,-0.241727979,0.157766818,-0.121456870,-0.017133567,0.115737256,0.294948200,12.121817355,0.017695235,-130.917730856,-0.114659721,142.886229156,44.837288142,0.000563033,-0.000243416,-0.000100415,-0.001050708,-0.000714613,0.000384075,-0.000066678,0.000000000,0.000000000,0.000000000,0.000000000,0.000000000,0.000000000,0.000000000,0.000200501,-0.000000019,-0.000198485,-0.000000026,0.000069104,0.000000079,-0.000048777,0.000000000,0.000000000,0.000000000,0.000000000,0.000000000,0.000000000,0.000000000,-0.400655685,-0.029269720,0.155889005,0.004471865,0.394709680,0.330676450,0.052218942
1.701000000,0,1.701000000,sample,0.216532443,-0.000005020,0.216033345,0.216032600,0.000000745,0.744506128,0.000004653,0,0,1.500000000,0.080000000,0.000000000,0.000000000,0.000563910,0.000000000,0.004184662,0.004038760,-0.001714983,0.004038760,0.001569161,0.359370317,2,49.406889749,0,0.000000000,0.295103630,0.168527766,0.296941659,0.169007542,0.423976920,0.012180094,0.605122867,0.147767144,0.435524933,0.000000000,0.435524255,2.000000000,0.000000000,0.000000000,0.000000000,1.000000000,0.827271302,0.712420773,0.673071800,0.000000000,0.840894295,0.737442201,0.692262239,1,0,0,0.000000000,0.054001724,-0.243185953,0.158210488,-0.121506786,-0.017085484,0.115524003,0.294917874,12.122023238,0.017871502,-130.917522994,-0.114639347,142.886275897,44.837200716,-0.000166048,0.001102964,0.000421640,0.000374066,-0.000259143,0.000650820,0.000640108,0.000000000,0.000000000,0.000000000,0.000000000,0.000000000,0.000000000,0.000000000,-0.000383872,0.000000036,0.000380014,0.000000050,-0.000132306,-0.000000151,0.000093388,0.000000000,0.000000000,0.000000000,0.000000000,0.000000000,0.000000000,0.000000000,-0.400073025,-0.018476565,0.165609720,0.001885909,0.391754262,0.330475985,0.050099150
1.751000000,0,1.751000000,sample,0.216532569,0.000002528,0.216033546,0.216032632,0.000000914,0.914216272,0.000005714,0,0,1.500000000,0.080000000,0.000000000,0.000000000,0.000958650,0.000000000,0.005490612,0.001985152,-0.001030067,0.001985152,0.001401979,0.683782975,3,65.120824716,0,0.000000000,0.293730781,0.168617521,0.297869272,0.168758814,0.610615249,0.064563762,0.557457283,0.147867182,0.392995063,0.000000000,0.392995220,2.000000000,0.000000000,0.000000000,0.000000000,1.000000000,0.819416287,0.738046135,0.691853874,0.000000000,0.866952545,0.768374905,0.713197766,1,0,0,0.000000000,0.053785091,-0.242496495,0.156781330,-0.121452006,-0.016876025,0.115743157,0.295098965,12.121815844,0.017628225,-130.917618703,-0.114647194,142.886372904,44.837369712,0.000383663,-0.000673033,-0.001131362,0.000042938,-0.000232284,0.000159875,0.000063534,0.000000000,0.000000000,0.000000000,0.000000000,0.000000000,0.000000000,0.000000000,0.000652585,-0.000000061,-0.000646026,-0.000000084,0.000224918,0.000000257,-0.000158757,0.000000000,0.000000000,0.000000000,0.000000000,0.000000000,0.000000000,0.000000000,-0.442195905,-0.033598889,0.108425186,0.009615826,0.396480846,0.332073585,0.051742311
1.801000000,0,1.801000000,sample,0.216532436,-0.000002664,0.216033431,0.216032478,0.000000953,0.952953726,0.000005956,0,0,1.500000000,0.080000000,0.000000000,0.000000000,0.000048713,0.000000000,0.004679511,0.004679511,-0.001041517,0.004679511,0.002012297,0.024207880,7,63.593147308,0,0.000000000,0.289738852,0.168627419,0.296534074,0.169266677,0.839067002,0.093667957,0.539174050,0.137936424,0.379809650,0.000000000,0.379810132,2.000000000,0.000000000,0.000000000,0.000000000,1.000000000,0.802677555,0.672244934,0.658517332,0.000000000,0.853400293,0.759768130,0.707945418,1,0,0,0.000000000,0.052993301,-0.239290346,0.154532983,-0.121446007,-0.016749514,0.115782242,0.294812039,12.121614574,0.017570954,-130.917522994,-0.114639361,142.886202712,44.837059549,-0.000577634,-0.000424206,-0.000484718,0.000526311,-0.000641457,0.000192881,-0.001604713,0.000000000,0.000000000,0.000000000,0.000000000,0.000000000,0.000000000,0.000000000,0.000033161,-0.000000003,-0.000032828,-0.000000004,0.000011429,0.000000013,-0.000008067,0.000000000,0.000000000,0.000000000,0.000000000,0.000000000,0.000000000,0.000000000,-0.339061814,-0.026068938,0.228989835,0.005394866,0.390298887,0.332250360,0.053043387
1.851000000,0,1.851000000,sample,0.216532457,0.000000425,0.216033416,0.216032538,0.000000878,0.878007115,0.000005488,0,0,1.500000000,0.080000000,0.000000000,0.000000000,0.003366214,0.000000000,0.004761622,0.002235566,-0.002235566,0.000477060,0.009236934,0.364429845,5,97.646315771,0,0.000000000,0.293934071,0.168372465,0.296516278,0.169057145,0.927500945,0.461865385,0.549348286,0.083304213,0.406363260,0.000000000,0.406363435,2.000000000,0.000000000,0.000000000,0.000000000,1.000000000,0.840100575,0.674557645,0.654752332,0.000000000,0.857349968,0.694625262,0.668563137,1,0,0,0.000000000,0.052789967,-0.243424487,0.156060810,-0.121399620,-0.016721236,0.115463499,0.295136033,12.121817355,0.017699431,-130.917522994,-0.114761311,142.886433535,44.837288142,-0.001235153,0.000066368,0.000445502,0.000139274,-0.009127582,-0.000072359,0.000505048,0.000000000,0.000000000,0.000000000,0.000000000,0.000000000,0.000000000,0.000000000,-0.002291495,0.000000214,0.002268464,0.000000297,-0.000789780,-0.000000905,0.000557464,0.000000000,0.000000000,0.000000000,0.000000000,0.000000000,0.000000000,0.000000000,-0.341395132,-0.005892687,0.216518525,-0.002714591,0.391650163,0.330037323,0.053973436
1.901000000,0,1.901000000,sample,0.216532439,-0.000000358,0.216033368,0.216032554,0.000000814,0.814327199,0.000005090,0,0,1.500000000,0.080000000,0.000000000,0.000000000,0.001912722,0.000000000,0.007786364,0.002833827,-0.001873232,0.002833827,0.008935778,0.214052147,5,95.130430791,0,0.000000000,0.292682008,0.168614385,0.295372619,0.169196818,1.419218000,0.512633790,0.624530880,0.216650601,0.437367701,0.000000000,0.437367485,2.000000000,0.000000000,0.000000000,0.000000000,1.000000000,0.843211168,0.732776041,0.693538622,0.000000000,0.921172512,0.804494371,0.745295588,1,0,0,0.000000000,0.053243410,-0.242119250,0.155583309,-0.121466993,-0.016832855,0.115729146,0.294905611,12.121733732,0.017776572,-130.917522994,-0.114674321,142.886238400,44.837328951,0.000798848,-0.000574166,0.000638119,0.000427015,0.008715496,0.000353615,0.001485212,0.000000000,0.000000000,0.000000000,0.000000000,0.000000000,0.000000000,0.000000000,0.001302055,-0.000000122,-0.001288969,-0.000000168,0.000448758,0.000000514,-0.000316754,0.000000000,0.000000000,0.000000000,0.000000000,0.000000000,0.000000000,0.000000000,-0.437187085,-0.017222278,0.152041281,0.004196569,0.391132039,0.332601542,0.053145515
1.951000000,0,1.951000000,sample,0.216532329,-0.000002215,0.216033211,0.216032480,0.000000731,0.731411375,0.000004571,0,0,1.500000000,0.080000000,0.000000000,0.000000000,0.000080749,0.000000000,0.004401466,0.002973900,-0.002973900,0.002778895,0.003518526,0.022949755,5,56.457682811,0,0.000000000,0.292480230,0.168517875,0.295612567,0.169167991,1.863585836,0.156981063,0.633491374,0.157905290,0.433608290,0.000000000,0.433605777,2.000000000,0.000000000,0.000000000,0.000000000,1.000000000,0.853798431,0.747333896,0.702070506,0.000000000,0.854188957,0.747333896,0.702070506,1,0,0,0.000000000,0.051811556,-0.243406249,0.153667322,-0.121495369,-0.016538268,0.115601190,0.294918348,12.121608493,0.017895857,-130.917427285,-0.114672057,142.886312347,44.837328941,0.000990706,-0.000655075,0.001679623,0.000858896,0.002643762,0.000418575,0.000495873,0.000000000,0.000000000,0.000000000,0.000000000,0.000000000,0.000000000,0.000000000,0.000054969,-0.000000005,-0.000054416,-0.000000007,0.000018945,0.000000022,-0.000013372,0.000000000,0.000000000,0.000000000,0.000000000,0.000000000,0.000000000,0.000000000,-0.460812996,-0.017568565,0.114672231,0.002645820,0.393142238,0.331152870,0.053534663
2.001000000,0,2.001000000,sample,0.216532695,0.000007329,0.216033691,0.216032737,0.000000953,0.953285598,0.000005958,0,0,1.500000000,0.080000000,0.000000000,0.000000000,0.002064818,0.000000000,0.004565561,0.000983955,-0.000983955,0.000000000,0.003215652,0.642114724,1,86.369829762,0,0.000000000,0.291840745,0.168700601,0.294640870,0.169015883,1.527213341,0.217688691,0.525970469,0.171145730,0.398610554,0.000000000,0.398606857,2.000000000,0.000000000,0.000000000,0.000000000,1.000000000,0.840252222,0.700937322,0.661556037,0.000000000,0.854989007,0.751742753,0.705402453,1,0,0,0.000000000,0.054966689,-0.239655865,0.157209254,-0.121414145,-0.017055947,0.115877490,0.294849741,12.121760926,0.017578937,-130.917730363,-0.114691261,142.886249487,44.837241515,-0.002988479,-0.000567482,0.000096023,-0.000767822,0.000493848,0.000034221,0.000493511,0.000000000,0.000000000,0.000000000,0.000000000,0.000000000,0.000000000,0.000000000,-0.001405592,0.000000131,0.001391464,0.000000182,-0.000484443,-0.000000555,0.000341943,0.000000000,0.000000000,0.000000000,0.000000000,0.000000000,0.000000000,0.000000000,-0.379989333,-0.009785178,0.160136137,0.002261703,0.394527466,0.330587996,0.050790798
2.051000000,0,2.051000000,sample,0.216532451,-0.000004884,0.216033412,0.216032526,0.000000887,0.886702785,0.000005542,0,0,1.500000000,0.080000000,0.000000000,0.000000000,0.000573769,0.000000000,0.006587061,0.003383090,-0.003383090,0.000000000,0.001573970,0.364536481,3,65.441683286,0,0.000000000,0.292995543,0.168634815,0.295236627,0.169095466,0.885188912,0.099568675,0.543768502,0.154223430,0.392068663,0.000000000,0.392068357,2.000000000,0.000000000,0.000000000,0.000000000,1.000000000,0.803539697,0.645760306,0.649255015,0.000000000,0.845950393,0.748644276,0.697858405,1,0,0,0.000000000,0.052742950,-0.242811093,0.155265394,-0.121489046,-0.016693550,0.115755941,0.295093925,12.121720135,0.017659903,-130.917522996,-0.114598549,142.886364188,44.837369740,-0.000217679,-0.000588727,-0.001273279,0.000013511,-0.000274881,-0.000447066,0.000431911,0.000000000,0.000000000,0.000000000,0.000000000,0.000000000,0.000000000,0.000000000,0.000390584,-0.000000036,-0.000386659,-0.000000050,0.000134616,0.000000154,-0.000095019,0.000000000,0.000000000,0.000000000,0.000000000,0.000000000,0.000000000,0.000000000,-0.292382748,-0.025826146,0.269456917,0.004647367,0.387401586,0.331518210,0.052578253
2.101000000,0,2.101000000,sample,0.216532453,0.000000049,0.216033485,0.216032463,0.000001022,1.022374860,0.000006390,1,1,1.500000000,0.080000000,1.500000000,-0.002933278,0.001955518,-0.001955518,0.003461602,0.002502735,-0.002502735,0.001746408,0.002999457,0.651957369,1,71.044981003,1,46.339829729,0.293127817,0.168470180,0.296498799,0.169021229,0.882585867,0.179125380,0.615542394,0.125640687,0.442516501,1.500000000,1.563911730,2.000000000,0.000000000,0.000000000,0.000000000,1.000000000,0.809698436,0.703269574,0.667166436,0.291588659,0.849910504,0.759980266,0.711653550,1,0,0,0.000000000,0.052934984,-0.242386248,0.156111214,-0.121328728,-0.016761091,0.115674574,0.295239053,12.121815844,0.017499047,-130.917522994,-0.114808047,142.886391320,44.837443567,0.002528188,-0.000041598,-0.000764906,0.000485875,-0.001301676,-0.000256529,-0.000148179,-0.680733646,0.000063028,0.673891854,0.000088120,-0.234619391,-0.000268980,0.165605340,0.001331187,-0.000000123,-0.001317808,-0.000000172,0.000458803,0.000000526,-0.000323844,-1.021100470,0.000094543,1.010837781,0.000132180,-0.351929086,-0.000403470,0.248408010,-0.389254677,-0.023211317,0.163935554,0.006380264,0.393964606,0.328933510,0.052269941
2.151000000,0,2.151000000,sample,0.216532451,-0.000000038,0.216033470,0.216032490,0.000000980,0.980069600,0.000006125,0,0,1.500000000,0.080000000,0.000000000,0.000000000,0.002027882,0.000000000,0.005210521,0.002349590,-0.002349590,0.000874146,0.005449547,0.372119328,1,78.613129562,0,0.000000000,0.293121415,0.168528172,0.295675818,0.169221717,3.244723907,0.467735083,0.469966924,0.200989704,0.400668825,0.000000000,0.400661406,2.000000000,0.000000000,0.000000000,0.000000000,1.000000000,0.807853042,0.694192769,0.666677619,0.000000000,0.842518358,0.748283463,0.700766878,1,0,0,0.000000000,0.053674292,-0.240879686,0.158165138,-0.121383777,-0.017000572,0.115666348,0.295018188,12.122033933,0.017547440,-130.917522994,-0.114731952,142.886370574,44.837200716,-0.004831789,0.000857332,-0.001379482,0.000523150,0.001779947,0.000051038,0.000518544,0.000000000,0.000000000,0.000000000,0.000000000,0.000000000,0.000000000,0.000000000,-0.001380446,0.000000128,0.001366571,0.000000179,-0.000475788,-0.000000545,0.000335833,0.000000000,0.000000000,0.000000000,0.000000000,0.000000000,0.000000000,0.000000000,-0.375831400,-0.022318822,0.195154699,0.007975201,0.390966836,0.330027126,0.052818042
2.201000000,0,2.201000000,sample,0.216532687,0.000004715,0.216033687,0.216032746,0.000000942,0.941592635,0.000005885,0,0,1.500000000,0.080000000,0.000000000,0.000000000,0.000853725,0.000000000,0.004370021,0.002318037,-0.001241160,0.002318037,0.003942756,0.216530108,1,66.385861429,0,0.000000000,0.292538369,0.168973362,0.295137071,0.169119238,2.725688603,0.364852108,0.709862155,0.118943906,0.544641539,0.000000000,0.544643962,2.000000000,0.000000000,0.000000000,0.000000000,1.000000000,0.838295755,0.764744609,0.712720034,0.000000000,0.870756347,0.764744609,0.712720034,1,0,0,0.000000000,0.056098096,-0.238518233,0.159814748,-0.121434691,-0.017408480,0.116200506,0.294712498,12.122027745,0.017589949,-130.917730369,-0.114656382,142.886163382,44.837409719,0.003212460,-0.000034230,0.001817951,-0.000872359,-0.000876928,-0.000202768,-0.000590070,0.000000000,0.000000000,0.000000000,0.000000000,0.000000000,0.000000000,0.000000000,0.000581159,-0.000000054,-0.000575318,-0.000000075,0.000200303,0.000000229,-0.000141383,0.000000000,0.000000000,0.000000000,0.000000000,0.000000000,0.000000000,0.000000000,-0.481068682,-0.031474295,0.094024162,0.008204547,0.393698566,0.330279574,0.050607544
2.251000000,0,2.251000000,sample,0.216532430,-0.000005137,0.216033456,0.216032431,0.000001025,1.024952464,0.000006406,1,1,1.500000000,0.080000000,1.500000000,0.003033990,0.002022660,0.002022660,0.006815293,0.003156565,-0.001951967,0.003156565,0.005169352,0.391279253,7,50.662443043,1,46.340058889,0.287524783,0.168686461,0.293057697,0.169469619,0.244643949,0.128035013,0.567203569,0.141462925,0.407423731,1.500000000,1.554346892,2.000000000,0.000000000,0.000000000,0.000000000,1.000000000,0.865712019,0.739957481,0.692403144,0.315010670,0.869070580,0.776017117,0.722048133,1,0,0,0.000000000,0.052603954,-0.237816871,0.152795486,-0.121408246,-0.016613051,0.115927419,0.294759807,12.121417075,0.017471946,-130.917522994,-0.114668735,142.886141260,44.837079236,-0.000427571,-0.000384523,0.000440079,-0.000261211,-0.003519207,-0.000454628,0.003679418,-0.680735330,0.000062935,0.673894402,0.000088010,-0.234611225,-0.000268645,0.165599625,-0.001376896,0.000000127,0.001363059,0.000000178,-0.000474539,-0.000000543,0.000334952,-1.021102994,0.000094403,1.010841602,0.000132015,-0.351916838,-0.000402968,0.248399438,-0.438414304,-0.001118219,0.148228885,0.011668195,0.392181984,0.329381280,0.052981848
2.301000000,0,2.301000000,sample,0.216532450,0.000000397,0.216033407,0.216032545,0.000000862,0.861645683,0.000005385,0,0,1.500000000,0.080000000,0.000000000,0.000000000,0.000715261,0.000000000,0.004367513,0.001712300,-0.001712300,0.001672563,0.001903390,0.375782400,2,30.878876479,0,0.000000000,0.293801242,0.168569983,0.299890433,0.169237030,1.174845747,0.144661785,0.589402691,0.142982488,0.404835396,0.000000000,0.404835054,2.000000000,0.000000000,0.000000000,0.000000000,1.000000000,0.797017251,0.699463090,0.670734669,0.000000000,0.925028972,0.749911697,0.716535475,1,0,0,0.000000000,0.053481862,-0.242227496,0.157431574,-0.121514319,-0.016933937,0.115599962,0.294995726,12.121952539,0.017690628,-130.917522994,-0.114565835,142.886356820,44.837119201,0.000845391,-0.001057691,0.000240875,0.000554873,0.000757436,0.000535914,-0.000750122,0.000000000,0.000000000,0.000000000,0.000000000,0.000000000,0.000000000,0.000000000,0.000486902,-0.000000045,-0.000482008,-0.000000063,0.000167816,0.000000192,-0.000118452,0.000000000,0.000000000,0.000000000,0.000000000,0.000000000,0.000000000,0.000000000,-0.387824228,-0.029071059,0.187261078,0.007884425,0.389948284,0.329684895,0.052455400
2.351000000,0,2.351000000,sample,0.216532334,-0.000002334,0.216033167,0.216032558,0.000000609,0.608981287,0.000003806,0,0,1.500000000,0.080000000,0.000000000,0.000000000,0.002788267,0.000000000,0.003392645,0.003196993,-0.003196993,0.002810934,0.005900499,0.472547759,3,83.716500364,0,0.000000000,0.291466725,0.168602021,0.293350423,0.169413922,3.757865081,0.355004487,0.427397444,0.176768008,0.342467540,0.000000000,0.342466603,2.000000000,0.000000000,0.000000000,0.000000000,1.000000000,0.798137070,0.661782673,0.665575839,0.000000000,0.838341025,0.749185598,0.703541061,1,0,0,0.000000000,0.052887958,-0.239494097,0.157474739,-0.121479809,-0.016905274,0.115687118,0.294306072,12.122027745,0.018087357,-130.917427287,-0.114762432,142.886364697,44.837061705,-0.001234099,0.000816239,-0.005398763,0.001806249,-0.000280556,0.000153881,-0.000339221,0.000000000,0.000000000,0.000000000,0.000000000,0.000000000,0.000000000,0.000000000,0.001898065,-0.000000180,-0.001878988,-0.000000246,0.000654192,0.000000750,-0.000461759,0.000000000,0.000000000,0.000000000,0.000000000,0.000000000,0.000000000,0.000000000,-0.316204403,-0.026067028,0.286636200,0.017748347,0.382746455,0.332624220,0.052129132
2.401000000,0,2.401000000,sample,0.216532433,0.000001989,0.216033382,0.216032542,0.000000840,0.839652172,0.000005248,0,0,1.500000000,0.080000000,0.000000000,0.000000000,0.000200281,0.000000000,0.004035809,0.000000000,0.000000000,0.000000000,0.002218841,0.090263863,7,33.574267294,0,0.000000000,0.295186490,0.168639470,0.300486493,0.169115430,0.988330528,0.189170199,0.562759610,0.166355619,0.416532542,0.000000000,0.416532211,2.000000000,0.000000000,0.000000000,0.000000000,1.000000000,0.806712052,0.717274598,0.679055267,0.000000000,0.840133587,0.731039785,0.693603376,1,0,0,0.000000000,0.054096180,-0.243749208,0.157464252,-0.121500304,-0.017093890,0.115692463,0.295125243,12.121925150,0.017727491,-130.917522994,-0.114598548,142.886168963,44.837403016,-0.000605274,0.001084497,-0.001108866,0.000604456,0.000333018,-0.000148211,0.001285670,0.000000000,0.000000000,0.000000000,0.000000000,0.000000000,0.000000000,0.000000000,0.000136338,-0.000000013,-0.000134968,-0.000000018,0.000046990,0.000000054,-0.000033168,0.000000000,0.000000000,0.000000000,0.000000000,0.000000000,0.000000000,0.000000000,-0.412841567,-0.030161250,0.159474507,0.008352850,0.390260803,0.330815390,0.050239325
2.451000000,0,2.451000000,sample,0.216532511,0.000001567,0.216033448,0.216032630,0.000000818,0.818184011,0.000005114,0,0,1.500000000,0.080000000,0.000000000,0.000000000,0.000040209,0.000000000,0.002874597,0.000000000,0.000000000,0.000000000,0.001785635,0.022518257,2,81.972434897,0,0.000000000,0.294724237,0.168592422,0.299491784,0.168825495,0.815144837,0.074093987,0.616170298,0.147533007,0.459955305,0.000000000,0.459954243,2.000000000,0.000000000,0.000000000,0.000000000,1.000000000,0.804610845,0.709749263,0.668244950,0.000000000,0.890230008,0.724581072,0.683593906,1,0,0,0.000000000,0.053855609,-0.242130570,0.159168892,-0.121512472,-0.017017123,0.115622409,0.294917874,12.122134030,0.017757708,-130.917562457,-0.114591767,142.886494513,44.837150171,-0.000052052,0.001616689,0.000144801,0.000099542,0.000329690,0.000311804,-0.000579055,0.000000000,0.000000000,0.000000000,0.000000000,0.000000000,0.000000000,0.000000000,0.000027372,-0.000000003,-0.000027097,-0.000000004,0.000009434,0.000000011,-0.000006659,0.000000000,0.000000000,0.000000000,0.000000000,0.000000000,0.000000000,0.000000000,-0.394032017,-0.027636963,0.145638610,0.015089362,0.396526644,0.330534255,0.051007008
2.501000000,0,2.501000000,sample,0.216532437,-0.000001492,0.216033334,0.216032602,0.000000733,0.732627629,0.000004579,0,0,1.500000000,0.080000000,0.000000000,0.000000000,0.000710181,0.000000000,0.001475802,0.000000000,0.000000000,0.000000000,0.001680729,0.422543502,1,57.343439037,0,0.000000000,0.298491418,0.168561121,0.298491418,0.168758887,0.748445972,0.031782546,0.623067298,0.144740204,0.441307591,0.000000000,0.441306071,2.000000000,0.000000000,0.000000000,0.000000000,1.000000000,0.795919213,0.707592120,0.667290411,0.000000000,0.819769748,0.713423507,0.669901123,1,0,0,0.000000000,0.054268362,-0.247158978,0.158317753,-0.121637625,-0.017153141,0.115424909,0.295343693,12.122023885,0.017851159,-130.917522994,-0.114413152,142.886209709,44.837326683,0.001272739,0.000341537,0.000046862,0.000616740,0.000058833,0.000064061,0.000835588,0.000000000,0.000000000,0.000000000,0.000000000,0.000000000,0.000000000,0.000000000,0.000483444,-0.000000045,-0.000478585,-0.000000062,0.000166624,0.000000190,-0.000117611,0.000000000,0.000000000,0.000000000,0.000000000,0.000000000,0.000000000,0.000000000,-0.388474525,-0.032568902,0.150826767,0.015582949,0.397217105,0.331628154,0.050528201
2.551000000,0,2.551000000,sample,0.216532433,-0.000000083,0.216033335,0.216032581,0.000000754,0.753957802,0.000004712,0,0,1.500000000,0.080000000,0.000000000,0.000000000,0.001066115,0.000000000,0.004264761,0.000000000,0.000000000,0.000000000,0.001137934,0.936886358,1,54.769188894,0,0.000000000,0.295371253,0.168471523,0.297802759,0.168902524,0.127644284,0.012454028,0.584993808,0.148486474,0.420853123,0.000000000,0.420853374,2.000000000,0.000000000,0.000000000,0.000000000,1.000000000,0.803530360,0.676702710,0.647456618,0.000000000,0.816319739,0.709083788,0.675265378,1,0,0,0.000000000,0.053782217,-0.244688713,0.156457930,-0.121503996,-0.016989695,0.115459011,0.295094367,12.121815850,0.017857713,-130.917522994,-0.114639347,142.886164237,44.837298710,-0.000842142,0.000075372,0.000654005,0.000278709,-0.000138312,-0.000203725,0.000118213,0.000000000,0.000000000,0.000000000,0.000000000,0.000000000,0.000000000,0.000000000,-0.000725740,0.000000068,0.000718446,0.000000094,-0.000250130,-0.000000286,0.000176554,0.000000000,0.000000000,0.000000000,0.000000000,0.000000000,0.000000000,0.000000000,-0.344642293,-0.025104064,0.180698261,-0.002429412,0.395516740,0.328800428,0.050897652
2.601000000,0,2.601000000,sample,0.216532552,0.000002395,0.216033536,0.216032636,0.000000899,0.899459777,0.000005622,0,0,1.500000000,0.080000000,0.000000000,0.000000000,0.000134537,0.000000000,0.001503404,0.001092188,-0.001092188,0.000000000,0.006601072,0.020381128,5,85.216358079,0,0.000000000,0.293917425,0.168524441,0.298106005,0.168868723,1.493628588,0.374757644,0.588918315,0.101847202,0.461366232,0.000000000,0.461364433,2.000000000,0.000000000,0.000000000,0.000000000,1.000000000,0.833299310,0.710363739,0.666412009,0.000000000,0.848631362,0.720468136,0.673287084,1,0,0,0.000000000,0.055383114,-0.240334998,0.159872612,-0.121429159,-0.017363795,0.115559271,0.294841934,12.122118922,0.017656562,-130.917618703,-0.114691153,142.886188694,44.836990892,0.000341088,0.001879251,-0.001350126,-0.000295934,-0.006093629,0.000166722,-0.000925044,0.000000000,0.000000000,0.000000000,0.000000000,0.000000000,0.000000000,0.000000000,-0.000091584,0.000000009,0.000090663,0.000000012,-0.000031566,-0.000000036,0.000022281,0.000000000,0.000000000,0.000000000,0.000000000,0.000000000,0.000000000,0.000000000,-0.389486284,-0.015099024,0.146031860,0.010347542,0.397496253,0.331937062,0.050592093
2.651000000,0,2.651000000,sample,0.216532708,0.000003121,0.216033661,0.216032784,0.000000876,0.876312096,0.000005477,0,0,1.500000000,0.080000000,0.000000000,0.000000000,0.002372001,0.000000000,0.007888467,0.001509760,-0.001509760,0.001373740,0.005517063,0.429939164,5,80.797416432,0,0.000000000,0.293626292,0.168638688,0.296631927,0.169067533,0.884374213,0.399696179,0.551326503,0.198933179,0.415272462,0.000000000,0.415271114,2.000000000,0.000000000,0.000000000,0.000000000,1.000000000,0.778600989,0.688108248,0.663421396,0.000000000,0.843827785,0.733747895,0.685156754,1,0,0,0.000000000,0.054323888,-0.242359884,0.156610987,-0.121479578,-0.016871006,0.115745792,0.295029283,12.121720209,0.017678102,-130.917730364,-0.114619002,142.886394170,44.837328944,-0.000045932,-0.000899103,-0.001973896,-0.000902911,0.004959143,0.000153403,0.000547117,0.000000000,0.000000000,0.000000000,0.000000000,0.000000000,0.000000000,0.000000000,0.001614702,-0.000000150,-0.001598473,-0.000000209,0.000556514,0.000000637,-0.000392814,0.000000000,0.000000000,0.000000000,0.000000000,0.000000000,0.000000000,0.000000000,-0.353173343,-0.037874624,0.217775057,0.007906574,0.392826753,0.331175215,0.049836551
2.701000000,0,2.701000000,sample,0.216532706,-0.000000055,0.216033658,0.216032789,0.000000869,0.869052359,0.000005432,0,0,1.500000000,0.080000000,0.000000000,0.000000000,0.000065632,0.000000000,0.005492533,0.001155610,-0.001155610,0.000000000,0.001504185,0.043632695,2,30.283175577,0,0.000000000,0.295016647,0.168636217,0.296822921,0.169059172,0.642683776,0.031784779,0.610575194,0.144050347,0.437614845,0.000000000,0.437615117,2.000000000,0.000000000,0.000000000,0.000000000,1.000000000,0.800405400,0.721025463,0.678565118,0.000000000,0.860947143,0.768527019,0.710394758,1,0,0,0.000000000,0.054734981,-0.243348174,0.157545453,-0.121481141,-0.016997004,0.115722115,0.295125243,12.121816012,0.017688414,-130.917730363,-0.114618249,142.886363917,44.837410539,0.000632242,-0.000827755,0.000480163,-0.000584280,-0.000206889,-0.000048231,0.000748729,0.000000000,0.000000000,0.000000000,0.000000000,0.000000000,0.000000000,0.000000000,-0.000044678,0.000000004,0.000044229,0.000000006,-0.000015398,-0.000000018,0.000010869,0.000000000,0.000000000,0.000000000,0.000000000,0.000000000,0.000000000,0.000000000,-0.400937691,-0.030572103,0.167799325,0.023973379,0.395850139,0.332969136,0.049677159
2.751000000,0,2.751000000,sample,0.216532556,-0.000002992,0.216033552,0.216032606,0.000000947,0.946510638,0.000005916,0,0,1.500000000,0.080000000,0.000000000,0.000000000,0.000043132,0.000000000,0.004452297,0.000919113,-0.000919113,0.000000000,0.001051502,0.041019227,5,37.478612997,0,0.000000000,0.293365680,0.168381542,0.296812119,0.168990006,0.511207552,0.037282271,0.562692326,0.142506377,0.404008267,0.000000000,0.404008338,2.000000000,0.000000000,0.000000000,0.000000000,1.000000000,0.784581667,0.690461989,0.659156315,0.000000000,0.847476824,0.763935958,0.707504216,1,0,0,0.000000000,0.054353234,-0.241702103,0.157128107,-0.121403463,-0.017034351,0.115426919,0.295058198,12.121829497,0.017592687,-130.917618721,-0.114714866,142.886228658,44.837031690,-0.000326965,-0.000043545,-0.000486171,0.000221790,-0.000643727,0.000086090,-0.000538056,0.000000000,0.000000000,0.000000000,0.000000000,0.000000000,0.000000000,0.000000000,0.000029361,-0.000000003,-0.000029066,-0.000000004,0.000010120,0.000000012,-0.000007143,0.000000000,0.000000000,0.000000000,0.000000000,0.000000000,0.000000000,0.000000000,-0.364981695,-0.034715133,0.180496416,0.013343221,0.393893988,0.331110453,0.050265952
2.801000000,0,2.801000000,sample,0.216532315,-0.000004811,0.216033212,0.216032464,0.000000748,0.748142346,0.000004676,0,0,1.500000000,0.080000000,0.000000000,0.000000000,0.000287198,0.000000000,0.004358470,0.004172090,-0.004172090,0.000543911,0.002025642,0.141781395,4,25.696670393,0,0.000000000,0.292349207,0.168600213,0.295502743,0.169015544,1.323738230,0.118055792,0.591061025,0.150003297,0.403998226,0.000000000,0.403997444,2.000000000,0.000000000,0.000000000,0.000000000,1.000000000,0.803758487,0.686892087,0.663370056,0.000000000,0.826237250,0.731960162,0.685112242,1,0,0,0.000000000,0.052566372,-0.242503060,0.154586871,-0.121488663,-0.016757082,0.115696745,0.294846927,12.121684066,0.017871577,-130.917427285,-0.114672058,142.886168966,44.837328941,0.000267982,-0.000938458,0.001005215,0.001026836,0.001020287,-0.000092774,0.000190435,0.000000000,0.000000000,0.000000000,0.000000000,0.000000000,0.000000000,0.000000000,-0.000195506,0.000000018,0.000193541,0.000000025,-0.000067381,-0.000000077,0.000047561,0.000000000,0.000000000,0.000000000,0.000000000,0.000000000,0.000000000,0.000000000,-0.372024796,-0.025446189,0.191863899,0.013664132,0.388526107,0.332072058,0.052792254
2.851000000,0,2.851000000,sample,0.216532704,0.000007778,0.216033604,0.216032856,0.000000749,0.748601934,0.000004679,0,0,1.500000000,0.080000000,0.000000000,0.000000000,0.000293057,0.000000000,0.001286608,0.000000000,0.000000000,0.000000000,0.000986995,0.296918779,4,47.836794926,0,0.000000000,0.296953840,0.168459494,0.297731891,0.168742265,0.457435440,0.061992402,0.604309791,0.144663699,0.449559900,0.000000000,0.449560209,2.000000000,0.000000000,0.000000000,0.000000000,1.000000000,0.804191752,0.704540165,0.665748321,0.000000000,0.851282243,0.711506075,0.670874545,1,0,0,0.000000000,0.055475484,-0.244177119,0.159629535,-0.121484751,-0.017234119,0.115425480,0.295029534,12.122038459,0.017871279,-130.917730363,-0.114674318,142.886349768,44.837241515,0.000316345,-0.000110597,-0.000261035,-0.000682647,-0.000381575,-0.000423552,0.000052080,0.000000000,0.000000000,0.000000000,0.000000000,0.000000000,0.000000000,0.000000000,0.000199494,-0.000000019,-0.000197489,-0.000000026,0.000068758,0.000000079,-0.000048533,0.000000000,0.000000000,0.000000000,0.000000000,0.000000000,0.000000000,0.000000000,-0.387848151,-0.027695498,0.154205015,0.015677338,0.394462676,0.331458281,0.050371004
2.901000000,0,2.901000000,sample,0.216532473,-0.000004621,0.216033399,0.216032561,0.000000838,0.837863318,0.000005237,0,0,1.500000000,0.080000000,0.000000000,0.000000000,0.000259489,0.000000000,0.001481759,0.000000000,0.000000000,0.000000000,0.001903469,0.136324154,7,57.239699267,0,0.000000000,0.291339928,0.168625519,0.297922440,0.168870835,0.806177750,0.134379451,0.585864932,0.138923431,0.411492831,0.000000000,0.411492614,2.000000000,0.000000000,0.000000000,0.000000000,1.000000000,0.812504504,0.698999666,0.657551386,0.000000000,0.814920176,0.705124465,0.666470777,1,0,0,0.000000000,0.051706413,-0.242753994,0.152564409,-0.121645340,-0.016349784,0.115627252,0.295029536,12.121430654,0.017689978,-130.917536148,-0.114354405,142.886433187,44.837011449,-0.000034836,-0.000728488,0.000832250,0.000410390,0.000368876,0.000142303,-0.001440106,0.000000000,0.000000000,0.000000000,0.000000000,0.000000000,0.000000000,0.000000000,-0.000176643,0.000000016,0.000174868,0.000000023,-0.000060879,-0.000000070,0.000042972,0.000000000,0.000000000,0.000000000,0.000000000,0.000000000,0.000000000,0.000000000,-0.378372452,-0.021934771,0.142687295,0.009816362,0.396532832,0.329412920,0.050197563
2.951000000,0,2.951000000,sample,0.216532330,-0.000002861,0.216033242,0.216032492,0.000000749,0.749270043,0.000004683,0,0,1.500000000,0.080000000,0.000000000,0.000000000,0.000463431,0.000000000,0.004921063,0.001468604,-0.001468604,0.000000000,0.002447255,0.189367539,4,32.895207348,0,0.000000000,0.297937832,0.168107900,0.297937832,0.169007895,1.314327342,0.104797946,0.643951877,0.141661198,0.458807279,0.000000000,0.458801949,2.000000000,0.000000000,0.000000000,0.000000000,1.000000000,0.810440020,0.697443691,0.659384626,0.000000000,0.851426756,0.746674363,0.689300563,1,0,0,0.000000000,0.053664251,-0.245933355,0.159385961,-0.121506015,-0.017141138,0.114903159,0.295220916,12.122228228,0.017864804,-130.917427285,-0.114639237,142.886330551,44.836876267,0.001286388,0.000967401,0.000905588,0.001403607,0.000761901,-0.000117840,-0.000117542,0.000000000,0.000000000,0.000000000,0.000000000,0.000000000,0.000000000,0.000000000,0.000315472,-0.000000030,-0.000312301,-0.000000041,0.000108733,0.000000124,-0.000076749,0.000000000,0.000000000,0.000000000,0.000000000,0.000000000,0.000000000,0.000000000,-0.371682116,-0.024080216,0.162872365,0.012752320,0.395677226,0.332187294,0.049615907
3.001000000,0,3.001000000,sample,0.216532338,0.000000146,0.216033230,0.216032474,0.000000756,0.755870117,0.000004724,0,0,1.500000000,0.080000000,0.000000000,0.000000000,0.001692973,0.000000000,0.005148653,0.000797088,-0.000797088,0.000000000,0.004068626,0.416104452,3,82.995793378,0,0.000000000,0.293065022,0.168561944,0.297801941,0.168979346,2.781475756,0.236125813,0.692472448,0.134378514,0.495708674,0.000000000,0.495702180,2.000000000,0.000000000,0.000000000,0.000000000,1.000000000,0.819806442,0.719266838,0.674556344,0.000000000,0.824092766,0.728831460,0.682054979,1,0,0,0.000000000,0.051455468,-0.244278018,0.153517725,-0.121573467,-0.016440655,0.115597258,0.295058748,12.121608500,0.017836062,-130.917427285,-0.114522779,142.886410534,44.837287892,0.001185240,-0.000040516,0.003706601,0.000894725,0.000434591,0.000159623,0.000627304,0.000000000,0.000000000,0.000000000,0.000000000,0.000000000,0.000000000,0.000000000,-0.001152465,0.000000108,0.001140883,0.000000149,-0.000397198,-0.000000454,0.000280361,0.000000000,0.000000000,0.000000000,0.000000000,0.000000000,0.000000000,0.000000000,-0.403980615,-0.026071801,0.139153446,0.009346926,0.397840026,0.333017813,0.050175573
3.051000000,0,3.051000000,sample,0.216532587,0.000004981,0.216033620,0.216032598,0.000001022,1.021749326,0.000006386,1,1,1.500000000,0.080000000,1.500000000,-0.002223135,0.001482090,-0.001482090,0.004014466,0.001482090,-0.001482090,0.000000000,0.003837399,0.386222584,7,79.909630284,1,46.339794915,0.291152189,0.168683408,0.296075914,0.168792972,1.110217321,0.139517888,0.565727440,0.135818437,0.435316645,1.500000000,1.561889924,2.000000000,0.000000000,0.000000000,0.000000000,1.000000000,0.824952386,0.703755837,0.664080038,0.276824207,0.854700631,0.750333146,0.696910374,1,0,0,0.000000000,0.054114668,-0.238664504,0.157735393,-0.121424212,-0.016970765,0.115854417,0.294848687,12.121911553,0.017471961,-130.917631857,-0.114639264,142.886387082,44.837071490,-0.000088173,0.000411408,-0.001498175,-0.000673876,-0.000151513,-0.000244561,-0.003430335,-0.680733391,0.000062933,0.673891208,0.000087991,-0.234621101,-0.000268587,0.165606600,0.001008908,-0.000000093,-0.000998768,-0.000000130,0.000347730,0.000000398,-0.000245444,-1.021100086,0.000094399,1.010836812,0.000131987,-0.351931651,-0.000402880,0.248409900,-0.385174273,-0.018527920,0.147412525,0.008158827,0.397392695,0.331480260,0.051987085
3.101000000,0,3.101000000,sample,0.216532457,-0.000002590,0.216033387,0.216032583,0.000000805,0.804634201,0.000005029,0,0,1.500000000,0.080000000,0.000000000,0.000000000,0.000824803,0.000000000,0.004682909,0.004682909,-0.004682909,0.000000000,0.000947745,0.870279687,3,67.877049517,0,0.000000000,0.294743018,0.168556652,0.296389243,0.169039359,0.189739248,0.017748158,0.597698916,0.147426577,0.430524981,0.000000000,0.430525108,2.000000000,0.000000000,0.000000000,0.000000000,1.000000000,0.814777314,0.714956577,0.674965124,0.000000000,0.825973880,0.730549943,0.686933382,1,0,0,0.000000000,0.053709692,-0.242826004,0.158190542,-0.121520890,-0.017003041,0.115563468,0.294973111,12.122033983,0.017775790,-130.917527379,-0.114583815,142.886373577,44.837157668,-0.000486155,0.000138858,0.000780824,0.000078977,0.000127279,0.000101240,-0.000014820,0.000000000,0.000000000,0.000000000,0.000000000,0.000000000,0.000000000,0.000000000,-0.000561471,0.000000053,0.000555827,0.000000073,-0.000193518,-0.000000221,0.000136594,0.000000000,0.000000000,0.000000000,0.000000000,0.000000000,0.000000000,0.000000000,-0.403616715,-0.028449214,0.153550210,0.001842658,0.394508328,0.331812185,0.050446990
3.151000000,0,3.151000000,sample,0.216532431,-0.000000530,0.216033364,0.216032547,0.000000816,0.816373853,0.000005102,0,0,1.500000000,0.080000000,0.000000000,0.000000000,0.000647593,0.000000000,0.007190270,0.002417181,-0.002417181,0.001506728,0.001376753,0.470377062,5,41.100640741,0,0.000000000,0.294421431,0.168481433,0.295213166,0.168944086,0.750736521,0.072206058,0.625770348,0.148611376,0.461884846,0.000000000,0.461884788,2.000000000,0.000000000,0.000000000,0.000000000,1.000000000,0.842309434,0.729680560,0.683998750,0.000000000,0.842309434,0.729680560,0.683998750,1,0,0,0.000000000,0.053727323,-0.243777793,0.156108109,-0.121533763,-0.016969728,0.115445077,0.295095981,12.121774692,0.017753702,-130.917522994,-0.114554459,142.886143472,44.837116869,0.000834359,0.000394137,0.000230417,-0.000242503,0.000882633,-0.000352995,-0.000168533,0.000000000,0.000000000,0.000000000,0.000000000,0.000000000,0.000000000,0.000000000,0.000440839,-0.000000041,-0.000436408,-0.000000057,0.000151937,0.000000174,-0.000107244,0.000000000,0.000000000,0.000000000,0.000000000,0.000000000,0.000000000,0.000000000,-0.420728582,-0.012747075,0.157127215,0.006691645,0.392537412,0.330682199,0.050091779
3.201000000,0,3.201000000,sample,0.216532557,0.000002520,0.216033511,0.216032662,0.000000849,0.848824681,0.000005305,0,0,1.500000000,0.080000000,0.000000000,0.000000000,0.001754820,0.000000000,0.006553600,0.003672297,-0.003672297,0.000000000,0.003553436,0.493837539,3,90.314814808,0,0.000000000,0.295442968,0.168362677,0.297084204,0.168972270,2.271137801,0.275336419,0.691985132,0.127610141,0.513946743,0.000000000,0.513946184,2.000000000,0.000000000,0.000000000,0.000000000,1.000000000,0.813799316,0.728354888,0.680406845,0.000000000,0.856787899,0.762224905,0.708655924,1,0,0,0.000000000,0.055006589,-0.242812216,0.159069325,-0.121439930,-0.017244368,0.115329815,0.295031766,12.122038478,0.017731101,-130.917619190,-0.114700383,142.886228425,44.837031691,0.000752545,0.000332969,0.003376976,-0.000163315,-0.000302346,0.000444510,-0.000479659,0.000000000,0.000000000,0.000000000,0.000000000,0.000000000,0.000000000,0.000000000,-0.001194564,0.000000112,0.001182557,0.000000154,-0.000411721,-0.000000472,0.000290612,0.000000000,0.000000000,0.000000000,0.000000000,0.000000000,0.000000000,0.000000000,-0.417577525,-0.028277951,0.144009207,0.006241831,0.394692267,0.329974783,0.048372383
3.251000000,0,3.251000000,sample,0.216532580,0.000000459,0.216033495,0.216032710,0.000000785,0.784642675,0.000004904,0,0,1.500000000,0.080000000,0.000000000,0.000000000,0.000049680,0.000000000,0.003709138,0.001787243,-0.000525574,0.001787243,0.001933699,0.025691670,7,69.128200538,0,0.000000000,0.296433762,0.168281514,0.297489179,0.168860248,0.718586738,0.146269259,0.626395956,0.137123672,0.461560864,0.000000000,0.461561056,2.000000000,0.000000000,0.000000000,0.000000000,1.000000000,0.824631202,0.712089363,0.665513296,0.000000000,0.831673386,0.756336545,0.701178293,1,0,0,0.000000000,0.054482105,-0.245246429,0.157349499,-0.121518296,-0.017046289,0.115158134,0.295203860,12.121844188,0.017806754,-130.917636260,-0.114598548,142.886249977,44.837024946,0.000304529,0.000056984,0.000914773,-0.000245248,0.000397333,-0.000059513,-0.001607742,0.000000000,0.000000000,0.000000000,0.000000000,0.000000000,0.000000000,0.000000000,-0.000033819,0.000000003,0.000033479,0.000000004,-0.000011656,-0.000000013,0.000008227,0.000000000,0.000000000,0.000000000,0.000000000,0.000000000,0.000000000,0.000000000,-0.388087321,-0.019494973,0.157448154,0.007160339,0.393871661,0.331366504,0.046219986
3.301000000,0,3.301000000,sample,0.216532442,-0.000002755,0.216033375,0.216032550,0.000000825,0.825081556,0.000005157,0,0,1.500000000,0.080000000,0.000000000,0.000000000,0.002167526,0.000000000,0.003089145,0.000879551,-0.000879551,0.000000000,0.004301239,0.503930687,3,88.158214306,0,0.000000000,0.294143926,0.168390210,0.296089939,0.169000255,2.768133681,0.321073419,0.683443098,0.126111022,0.496459415,0.000000000,0.496456466,2.000000000,0.000000000,0.000000000,0.000000000,1.000000000,0.793288524,0.690601024,0.661826156,0.000000000,0.839267960,0.737135324,0.689408647,1,0,0,0.000000000,0.053129257,-0.243984632,0.155465206,-0.121484226,-0.016798424,0.115389162,0.295125212,12.121725395,0.017755327,-130.917522994,-0.114639349,142.886265161,44.837159917,0.000756270,-0.001068066,0.004038545,0.000445569,-0.000183103,-0.000008005,-0.000495960,0.000000000,0.000000000,0.000000000,0.000000000,0.000000000,0.000000000,0.000000000,-0.001475509,0.000000138,0.001460680,0.000000191,-0.000508539,-0.000000582,0.000358951,0.000000000,0.000000000,0.000000000,0.000000000,0.000000000,0.000000000,0.000000000,-0.367747733,-0.032085480,0.189324958,0.004518650,0.392340082,0.330708308,0.050822287
3.351000000,0,3.351000000,sample,0.216532571,0.000002586,0.216033562,0.216032592,0.000000970,0.969927114,0.000006062,0,0,1.500000000,0.080000000,0.000000000,0.000000000,0.001812011,0.000000000,0.003928903,0.001121441,-0.001121441,0.001065889,0.003032215,0.597586731,1,36.344876403,0,0.000000000,0.289007833,0.168501248,0.295820461,0.169035256,0.882938338,0.202305099,0.591628941,0.127289525,0.425302236,0.000000000,0.425303263,2.000000000,0.000000000,0.000000000,0.000000000,1.000000000,0.836282794,0.739944647,0.696903115,0.000000000,0.840879981,0.748409855,0.700074689,1,0,0,0.000000000,0.052467380,-0.239473657,0.153052505,-0.121424673,-0.016457112,0.115662798,0.294854678,12.121417057,0.017552024,-130.917618721,-0.114672057,142.886393389,44.836990892,0.001828023,-0.001410177,-0.000513076,-0.000412843,-0.000336651,-0.000137178,-0.001816101,0.000000000,0.000000000,0.000000000,0.000000000,0.000000000,0.000000000,0.000000000,0.001233500,-0.000000114,-0.001221103,-0.000000159,0.000425120,0.000000487,-0.000300070,0.000000000,0.000000000,0.000000000,0.000000000,0.000000000,0.000000000,0.000000000,-0.452628945,-0.023799866,0.108256923,0.007800111,0.395127045,0.330616515,0.054968098
3.401000000,0,3.401000000,sample,0.216532569,-0.000000040,0.216033473,0.216032713,0.000000760,0.760133937,0.000004751,0,0,1.500000000,0.080000000,0.000000000,0.000000000,0.002822778,0.000000000,0.003652321,0.003083088,-0.001685372,0.003083088,0.004067581,0.693969680,3,97.851388895,0,0.000000000,0.294392781,0.168779546,0.297088663,0.169107374,2.201282089,0.228992792,0.676592937,0.132490385,0.495268588,0.000000000,0.495268657,2.000000000,0.000000000,0.000000000,0.000000000,1.000000000,0.825300046,0.702439148,0.669904863,0.000000000,0.841478258,0.740400726,0.696476570,1,0,0,0.000000000,0.054182338,-0.242445217,0.157961073,-0.121546600,-0.017005297,0.115861034,0.294866772,12.121942757,0.017836062,-130.917618705,-0.114561067,142.886371004,44.837389654,-0.000070302,-0.000439109,0.004023646,0.000043642,-0.000201709,-0.000325220,0.000096820,0.000000000,0.000000000,0.000000000,0.000000000,0.000000000,0.000000000,0.000000000,-0.001921559,0.000000180,0.001902245,0.000000248,-0.000662285,-0.000000758,0.000467472,0.000000000,0.000000000,0.000000000,0.000000000,0.000000000,0.000000000,0.000000000,-0.391009855,-0.018360662,0.166904222,0.008310456,0.392946217,0.332187170,0.053531082
3.451000000,0,3.451000000,sample,0.216532695,0.000002523,0.216033701,0.216032728,0.000000973,0.972626379,0.000006079,0,0,1.500000000,0.080000000,0.000000000,0.000000000,0.003775118,0.000000000,0.006437808,0.004271539,0.000000000,0.004271539,0.005280235,0.714952692,3,95.476661163,0,0.000000000,0.290684768,0.168971380,0.295676955,0.169391466,2.740040610,0.284251901,0.469941161,0.172589001,0.371091934,0.000000000,0.371091351,2.000000000,0.000000000,0.000000000,0.000000000,1.000000000,0.753555961,0.675210897,0.664569618,0.000000000,0.892735460,0.748008050,0.701641224,1,0,0,0.000000000,0.055019928,-0.238143984,0.157346384,-0.121480434,-0.017074222,0.116199408,0.294724372,12.121774691,0.017529960,-130.917730850,-0.114563578,142.886245508,44.837288143,0.000221936,-0.000812266,-0.005159432,-0.000537671,0.000429223,-0.000021962,-0.000279840,0.000000000,0.000000000,0.000000000,0.000000000,0.000000000,0.000000000,0.000000000,0.002569852,-0.000000238,-0.002544022,-0.000000332,0.000885711,0.000001013,-0.000625177,0.000000000,0.000000000,0.000000000,0.000000000,0.000000000,0.000000000,0.000000000,-0.357502252,-0.047904965,0.216221689,0.021142541,0.388767814,0.331921049,0.055129020
3.501000000,0,3.501000000,sample,0.216532447,-0.000004956,0.216033336,0.216032609,0.000000728,0.727703019,0.000004548,0,0,1.500000000,0.080000000,0.000000000,0.000000000,0.000084958,0.000000000,0.002942392,0.000000000,0.000000000,0.000000000,0.001534011,0.055382986,1,41.286941584,0,0.000000000,0.296938605,0.168351363,0.296938605,0.168919851,1.032215528,0.122284950,0.642023803,0.137831740,0.469978239,0.000000000,0.469976775,2.000000000,0.000000000,0.000000000,0.000000000,1.000000000,0.821107788,0.702600113,0.664604008,0.000000000,0.826729014,0.708172561,0.673447708,1,0,0,0.000000000,0.053488952,-0.246234930,0.157098143,-0.121512707,-0.016923594,0.115284151,0.295220951,12.121911571,0.017895765,-130.917522994,-0.114639347,142.886326311,44.837287892,0.000985678,0.000575439,0.000879294,0.000323683,-0.000065742,-0.000387832,-0.000133552,0.000000000,0.000000000,0.000000000,0.000000000,0.000000000,0.000000000,0.000000000,0.000057834,-0.000000005,-0.000057253,-0.000000007,0.000019933,0.000000023,-0.000014070,0.000000000,0.000000000,0.000000000,0.000000000,0.000000000,0.000000000,0.000000000,-0.383096121,-0.020606336,0.156215711,0.014767785,0.395291723,0.333207591,0.051058280
3.551000000,0,3.551000000,sample,0.216532559,0.000002233,0.216033531,0.216032631,0.000000900,0.900318334,0.000005627,0,0,1.500000000,0.080000000,0.000000000,0.000000000,0.001864089,0.000000000,0.002938163,0.001677647,-0.001677647,0.000000000,0.003489060,0.534266686,5,86.915322157,0,0.000000000,0.292137533,0.168520169,0.299123971,0.168904242,0.460085685,0.136739896,0.565192851,0.128087770,0.408208279,0.000000000,0.408208338,2.000000000,0.000000000,0.000000000,0.000000000,1.000000000,0.791499851,0.700627340,0.663350097,0.000000000,0.843107498,0.728751430,0.681409253,1,0,0,0.000000000,0.054183620,-0.240355544,0.156963965,-0.121439552,-0.016988227,0.115597936,0.294845617,12.121817411,0.017652971,-130.917618709,-0.114676579,142.886262748,44.837018568,-0.001010550,0.000114278,0.000475931,0.000136146,-0.003252795,0.000055464,0.000557203,0.000000000,0.000000000,0.000000000,0.000000000,0.000000000,0.000000000,0.000000000,-0.001268948,0.000000118,0.001256194,0.000000164,-0.000437350,-0.000000501,0.000308703,0.000000000,0.000000000,0.000000000,0.000000000,0.000000000,0.000000000,0.000000000,-0.379507139,-0.035976350,0.159921923,0.007159836,0.395913474,0.331460838,0.049732628
3.601000000,0,3.601000000,sample,0.216532567,0.000000150,0.216033481,0.216032687,0.000000794,0.794043046,0.000004963,0,0,1.500000000,0.080000000,0.000000000,0.000000000,0.001008228,0.000000000,0.007191214,0.003007244,-0.000919407,0.003007244,0.001452949,0.693917989,3,61.936422747,0,0.000000000,0.293094860,0.168523722,0.294176528,0.168983089,0.448200425,0.076451973,0.604193728,0.141821191,0.442158655,0.000000000,0.442158875,2.000000000,0.000000000,0.000000000,0.000000000,1.000000000,0.816720077,0.706638893,0.672345982,0.000000000,0.836816140,0.728984229,0.682262800,1,0,0,0.000000000,0.053595788,-0.242312739,0.155937888,-0.121493698,-0.016809842,0.115572295,0.294898251,12.121720135,0.017800066,-130.917618703,-0.114639348,142.886344058,44.837159917,-0.000400887,-0.000309100,0.001143467,-0.000221574,-0.000139610,-0.000556383,-0.000411271,0.000000000,0.000000000,0.000000000,0.000000000,0.000000000,0.000000000,0.000000000,-0.000686335,0.000000064,0.000679437,0.000000089,-0.000236548,-0.000000271,0.000166967,0.000000000,0.000000000,0.000000000,0.000000000,0.000000000,0.000000000,0.000000000,-0.391481704,-0.021664835,0.177309344,0.011562025,0.392197741,0.332049536,0.051706712
3.651000000,0,3.651000000,sample,0.216532561,-0.000000109,0.216033530,0.216032637,0.000000893,0.893315588,0.000005583,0,0,1.500000000,0.080000000,0.000000000,0.000000000,0.003133080,0.000000000,0.005229825,0.001571195,-0.001571195,0.000000000,0.003426037,0.914491194,3,56.495663704,0,0.000000000,0.294319238,0.168408859,0.297864121,0.169012571,0.710811359,0.062116692,0.581496342,0.142295168,0.433854873,0.000000000,0.433856430,2.000000000,0.000000000,0.000000000,0.000000000,1.000000000,0.810734463,0.649495947,0.648606396,0.000000000,0.829638845,0.721094942,0.680869500,1,0,0,0.000000000,0.054198200,-0.242995440,0.156970013,-0.121489723,-0.016987182,0.115382957,0.295125369,12.121817522,0.017649051,-130.917620164,-0.114591767,142.886265925,44.837011750,0.001745858,0.000165625,-0.002575132,-0.000707804,0.000019108,0.000040041,-0.001236128,0.000000000,0.000000000,0.000000000,0.000000000,0.000000000,0.000000000,0.000000000,0.002132794,-0.000000199,-0.002111358,-0.000000276,0.000735080,0.000000841,-0.000518854,0.000000000,0.000000000,0.000000000,0.000000000,0.000000000,0.000000000,0.000000000,-0.304325120,-0.021846115,0.256879474,-0.001581673,0.386819905,0.330446974,0.052771378
3.701000000,0,3.701000000,sample,0.216532712,0.000003016,0.216033698,0.216032760,0.000000938,0.937947379,0.000005862,0,0,1.500000000,0.080000000,0.000000000,0.000000000,0.000132835,0.000000000,0.004195726,0.001839032,-0.001839032,0.000068275,0.001392849,0.095369531,5,61.760651865,0,0.000000000,0.293472392,0.168609744,0.297517500,0.169022444,0.537018177,0.074359671,0.607489723,0.156174530,0.448767829,0.000000000,0.448768251,2.000000000,0.000000000,0.000000000,0.000000000,1.000000000,0.817202168,0.718107564,0.677686930,0.000000000,0.844731589,0.731142036,0.688005167,1,0,0,0.000000000,0.054509842,-0.241512034,0.157564778,-0.121449337,-0.016940608,0.115725192,0.295029534,12.121829615,0.017592690,-130.917730363,-0.114639264,142.886433905,44.837241244,0.000036533,0.000089988,0.000187664,-0.000811217,0.001094612,0.000143835,0.000135806,0.000000000,0.000000000,0.000000000,0.000000000,0.000000000,0.000000000,0.000000000,0.000090426,-0.000000008,-0.000089517,-0.000000012,0.000031166,0.000000036,-0.000021998,0.000000000,0.000000000,0.000000000,0.000000000,0.000000000,0.000000000,0.000000000,-0.409654456,-0.026578119,0.154833624,0.010747082,0.391624831,0.332909875,0.049481933
3.751000000,0,3.751000000,sample,0.216532568,-0.000002870,0.216033526,0.216032651,0.000000875,0.874789214,0.000005467,0,0,1.500000000,0.080000000,0.000000000,0.000000000,0.000121710,0.000000000,0.002897651,0.000000000,0.000000000,0.000000000,0.000784420,0.155158677,2,39.425956814,0,0.000000000,0.294556189,0.168492394,0.297516430,0.168788027,0.471976200,0.058232322,0.593016488,0.141477503,0.420014459,0.000000000,0.420014366,2.000000000,0.000000000,0.000000000,0.000000000,1.000000000,0.806029155,0.710273561,0.667987494,0.000000000,0.853335482,0.740535491,0.689729136,1,0,0,0.000000000,0.053822490,-0.243478734,0.156794751,-0.121452483,-0.016885049,0.115558973,0.295144079,12.121815844,0.017688396,-130.917618721,-0.114667536,142.886364166,44.837305704,0.000467770,-0.000492538,0.000157357,0.000135827,-0.000318341,0.000004273,0.000096659,0.000000000,0.000000000,0.000000000,0.000000000,0.000000000,0.000000000,0.000000000,0.000082852,-0.000000008,-0.000082019,-0.000000011,0.000028555,0.000000033,-0.000020156,0.000000000,0.000000000,0.000000000,0.000000000,0.000000000,0.000000000,0.000000000,-0.395722415,-0.030312893,0.142544727,0.012203430,0.394472072,0.332018316,0.048784110
3.801000000,0,3.801000000,sample,0.216532452,-0.000002334,0.216033356,0.216032583,0.000000773,0.773140958,0.000004832,0,0,1.500000000,0.080000000,0.000000000,0.000000000,0.000390979,0.000000000,0.004127996,0.000000000,0.000000000,0.000000000,0.001036183,0.377326731,3,46.368673707,0,0.000000000,0.293970302,0.168440894,0.299306599,0.168850268,0.472582886,0.080792834,0.597734895,0.140705365,0.424895055,0.000000000,0.424894868,2.000000000,0.000000000,0.000000000,0.000000000,1.000000000,0.794505391,0.704165663,0.663603962,0.000000000,0.812806275,0.716990303,0.671756220,1,0,0,0.000000000,0.052714696,-0.244001594,0.155251155,-0.121605157,-0.016685723,0.115352100,0.295060291,12.121720135,0.017800056,-130.917523014,-0.114456240,142.886373683,44.836955613,-0.000024302,0.000013231,0.000705584,0.000410715,-0.000001716,0.000176442,-0.000612567,0.000000000,0.000000000,0.000000000,0.000000000,0.000000000,0.000000000,0.000000000,-0.000266153,0.000000025,0.000263478,0.000000034,-0.000091731,-0.000000105,0.000064748,0.000000000,0.000000000,0.000000000,0.000000000,0.000000000,0.000000000,0.000000000,-0.388529312,-0.035408965,0.133009235,0.016591248,0.396507524,0.332424387,0.049703949
3.851000000,0,3.851000000,sample,0.216532472,0.000000395,0.216033432,0.216032567,0.000000865,0.864673657,0.000005404,0,0,1.500000000,0.080000000,0.000000000,0.000000000,0.002806723,0.000000000,0.009282270,0.001831018,-0.001831018,0.000000000,0.003610914,0.777288988,1,75.177041803,0,0.000000000,0.297034822,0.168275523,0.298091494,0.168955619,1.104199740,0.229970447,0.643913187,0.123508697,0.474806320,0.000000000,0.474804041,2.000000000,0.000000000,0.000000000,0.000000000,1.000000000,0.828506100,0.735608893,0.686003448,0.000000000,0.837817226,0.735608893,0.686003448,1,0,0,0.000000000,0.053741621,-0.245416417,0.158468628,-0.121495052,-0.017002586,0.115180364,0.295342112,12.122064174,0.017691621,-130.917536148,-0.114597804,142.886413335,44.837072490,0.003130832,0.000535962,-0.000957182,0.000320385,-0.000709632,-0.000107932,-0.001189649,0.000000000,0.000000000,0.000000000,0.000000000,0.000000000,0.000000000,0.000000000,0.001910628,-0.000000178,-0.001891424,-0.000000247,0.000658524,0.000000754,-0.000464817,0.000000000,0.000000000,0.000000000,0.000000000,0.000000000,0.000000000,0.000000000,-0.431340780,-0.025828597,0.115435589,0.012567960,0.396851820,0.332268512,0.050016863
3.901000000,0,3.901000000,sample,0.216532548,0.000001537,0.216033498,0.216032650,0.000000848,0.848406844,0.000005303,0,0,1.500000000,0.080000000,0.000000000,0.000000000,0.000160018,0.000000000,0.002426463,0.001539687,-0.001539687,0.000000000,0.000844191,0.189551671,7,57.102711603,0,0.000000000,0.294421719,0.168489520,0.297001841,0.168909377,0.188503667,0.038765551,0.590607106,0.144948770,0.426236548,0.000000000,0.426236513,2.000000000,0.000000000,0.000000000,0.000000000,1.000000000,0.806046357,0.709733190,0.669627088,0.000000000,0.828448764,0.740499464,0.690061705,1,0,0,0.000000000,0.054715728,-0.242735078,0.157384942,-0.121498154,-0.017133973,0.115470100,0.295029614,12.121843019,0.017714742,-130.917618865,-0.114598548,142.886143221,44.837072490,-0.000140719,-0.000276012,0.000343964,0.000000274,0.000264034,-0.000147315,-0.000637924,0.000000000,0.000000000,0.000000000,0.000000000,0.000000000,0.000000000,0.000000000,-0.000108930,0.000000010,0.000107835,0.000000014,-0.000037543,-0.000000043,0.000026500,0.000000000,0.000000000,0.000000000,0.000000000,0.000000000,0.000000000,0.000000000,-0.394816550,-0.029308145,0.153652392,0.006959232,0.394931936,0.330934202,0.050151699
3.951000000,0,3.951000000,sample,0.216532610,0.000001239,0.216033571,0.216032704,0.000000867,0.866756947,0.000005417,0,0,1.500000000,0.080000000,0.000000000,0.000000000,0.000059532,0.000000000,0.005602875,0.000000000,0.000000000,0.000000000,0.002019478,0.029479121,2,92.472010495,0,0.000000000,0.295382886,0.168524543,0.298301647,0.168946580,1.011355736,0.087488314,0.615398334,0.150748742,0.463690542,0.000000000,0.463689155,2.000000000,0.000000000,0.000000000,0.000000000,1.000000000,0.838929512,0.708936421,0.666419236,0.000000000,0.853295789,0.736796154,0.691731712,1,0,0,0.000000000,0.055042998,-0.242715755,0.159092363,-0.121492359,-0.017204325,0.115516836,0.295055097,12.122023269,0.017688470,-130.917658166,-0.114598545,142.886292283,44.837119118,-0.000244995,0.001941978,-0.000025946,0.000061470,0.000227617,0.000377449,-0.000219686,0.000000000,0.000000000,0.000000000,0.000000000,0.000000000,0.000000000,0.000000000,-0.000040526,0.000000004,0.000040118,0.000000005,-0.000013968,-0.000000016,0.000009859,0.000000000,0.000000000,0.000000000,0.000000000,0.000000000,0.000000000,0.000000000,-0.390876650,-0.010467445,0.156116307,0.008992540,0.393643825,0.330592718,0.050202601
4.001000000,0,4.001000000,sample,0.216532427,-0.000003657,0.216033386,0.216032520,0.000000867,0.866684550,0.000005417,0,0,1.500000000,0.080000000,0.000000000,0.000000000,0.000960967,0.000000000,0.001660422,0.000000000,0.000000000,0.000000000,0.001247249,0.770469199,1,46.258015915,0,0.000000000,0.295541099,0.168173353,0.299441989,0.168842389,0.403011329,0.044478760,0.590198074,0.142431619,0.420328178,0.000000000,0.420328123,2.000000000,0.000000000,0.000000000,0.000000000,1.000000000,0.819822835,0.704464956,0.660220923,0.000000000,0.840058341,0.711466119,0.668884061,1,0,0,0.000000000,0.053859502,-0.245067585,0.156158810,-0.121493974,-0.017004273,0.115031934,0.295308270,12.121774523,0.017688396,-130.917522995,-0.114598288,142.886109205,44.836887101,0.000848294,-0.000219364,-0.000462649,0.000535273,0.000062548,-0.000405154,-0.000345372,0.000000000,0.000000000,0.000000000,0.000000000,0.000000000,0.000000000,0.000000000,0.000654163,-0.000000061,-0.000647588,-0.000000085,0.000225460,0.000000258,-0.000159140,0.000000000,0.000000000,0.000000000,0.000000000,0.000000000,0.000000000,0.000000000,-0.386597408,-0.021657824,0.133841971,0.007975238,0.395465420,0.330501236,0.048618991
4.051000000,0,4.051000000,sample,0.216532575,0.000002954,0.216033483,0.216032699,0.000000784,0.783997418,0.000004900,0,0,1.500000000,0.080000000,0.000000000,0.000000000,0.000060103,0.000000000,0.002934146,0.000331670,-0.000331670,0.000000000,0.001691218,0.035538349,7,82.452370907,0,0.000000000,0.294633128,0.168404248,0.297219027,0.168774913,0.347381542,0.078382747,0.575402311,0.139832789,0.413303394,0.000000000,0.413303205,2.000000000,0.000000000,0.000000000,0.000000000,1.000000000,0.822322557,0.709742196,0.664241912,0.000000000,0.844564008,0.713078274,0.665897514,1,0,0,0.000000000,0.053375788,-0.244276176,0.155848821,-0.121547437,-0.016745458,0.115350772,0.295100404,12.121720141,0.017800056,-130.917620651,-0.114551184,142.886411085,44.837070242,-0.000256542,-0.000620082,0.000032508,0.000022662,0.000010033,-0.000223415,-0.001535682,0.000000000,0.000000000,0.000000000,0.000000000,0.000000000,0.000000000,0.000000000,0.000040914,-0.000000004,-0.000040503,-0.000000005,0.000014101,0.000000016,-0.000009953,0.000000000,0.000000000,0.000000000,0.000000000,0.000000000,0.000000000,0.000000000,-0.388721644,-0.021338426,0.136773798,0.017367562,0.396797182,0.332905843,0.048728481
4.101000000,0,4.101000000,sample,0.216532358,-0.000004348,0.216033323,0.216032447,0.000000876,0.875693875,0.000005473,0,0,1.500000000,0.080000000,0.000000000,0.000000000,0.000022354,0.000000000,0.002123706,0.000786042,-0.000786042,0.000000000,0.001197078,0.018673871,4,59.475396561,0,0.000000000,0.293452283,0.168605134,0.297272758,0.168792939,0.817326156,0.083210313,0.551860615,0.148284967,0.382699349,0.000000000,0.382700304,2.000000000,0.000000000,0.000000000,0.000000000,1.000000000,0.793888443,0.698215178,0.660890626,0.000000000,0.837884700,0.712663047,0.664147471,1,0,0,0.000000000,0.052696221,-0.241943008,0.157483115,-0.121449386,-0.016834007,0.115733980,0.294978350,12.122033946,0.017688396,-130.917440439,-0.114673564,142.886454806,44.837319947,-0.000300390,-0.000216637,-0.000466503,0.000923190,-0.000404027,0.000108006,0.000225882,0.000000000,0.000000000,0.000000000,0.000000000,0.000000000,0.000000000,0.000000000,-0.000015217,0.000000001,0.000015064,0.000000002,-0.000005245,-0.000000006,0.000003702,0.000000000,0.000000000,0.000000000,0.000000000,0.000000000,0.000000000,0.000000000,-0.388024329,-0.036397384,0.124357734,0.011441698,0.395922844,0.331550257,0.051113020
4.151000000,0,4.151000000,sample,0.216532444,0.000001718,0.216033385,0.216032555,0.000000829,0.829319413,0.000005183,0,0,1.500000000,0.080000000,0.000000000,0.000000000,0.002739552,0.000000000,0.003433892,0.001552113,-0.001552113,0.001238458,0.005020924,0.545627106,1,91.699455400,0,0.000000000,0.295078446,0.168371674,0.297123051,0.168910995,2.959639057,0.388564127,0.720729456,0.116116065,0.547203309,0.000000000,0.547194692,2.000000000,0.000000000,0.000000000,0.000000000,1.000000000,0.802498832,0.710967935,0.668049785,0.000000000,0.829131445,0.710967935,0.668049785,1,0,0,0.000000000,0.053650913,-0.243881454,0.157209112,-0.121482070,-0.016971563,0.115339035,0.295120703,12.121916328,0.017749269,-130.917523156,-0.114639360,142.886283229,44.837099204,0.004808029,0.000523403,0.000778164,0.000405532,-0.000560698,-0.000430410,-0.000740918,0.000000000,0.000000000,0.000000000,0.000000000,0.000000000,0.000000000,0.000000000,0.001864905,-0.000000174,-0.001846161,-0.000000241,0.000642756,0.000000736,-0.000453687,0.000000000,0.000000000,0.000000000,0.000000000,0.000000000,0.000000000,0.000000000,-0.399917928,-0.032581285,0.120409819,0.017499044,0.397203651,0.331918845,0.050487871
4.201000000,0,4.201000000,sample,0.216532699,0.000005106,0.216033654,0.216032783,0.000000871,0.871392285,0.000005446,0,0,1.500000000,0.080000000,0.000000000,0.000000000,0.000683531,0.000000000,0.003385463,0.001433664,-0.001433664,0.000000000,0.001496735,0.456681554,1,53.495744511,0,0.000000000,0.296390941,0.168451881,0.298241607,0.168858342,0.774523595,0.078851625,0.627958494,0.144445622,0.466402463,0.000000000,0.466403462,2.000000000,0.000000000,0.000000000,0.000000000,1.000000000,0.816881143,0.699963178,0.662983308,0.000000000,0.870033949,0.755920994,0.698682442,1,0,0,0.000000000,0.055008483,-0.244881156,0.157654293,-0.121468201,-0.017069479,0.115456248,0.295293038,12.121815844,0.017688396,-130.917730363,-0.114639093,142.886291566,44.837328941,0.001094724,-0.000123639,-0.000007859,-0.000734329,-0.000006879,-0.000575981,0.000394217,0.000000000,0.000000000,0.000000000,0.000000000,0.000000000,0.000000000,0.000000000,0.000465303,-0.000000043,-0.000460626,-0.000000060,0.000160369,0.000000184,-0.000113196,0.000000000,0.000000000,0.000000000,0.000000000,0.000000000,0.000000000,0.000000000,-0.386437926,-0.022955707,0.141899003,0.010524799,0.395745863,0.331795529,0.052311290
4.251000000,0,4.251000000,sample,0.216532573,-0.000002519,0.216033527,0.216032673,0.000000854,0.854372942,0.000005340,0,0,1.500000000,0.080000000,0.000000000,0.000000000,0.003167371,0.000000000,0.004606622,0.003897559,-0.001519854,0.003897559,0.005615022,0.564088748,1,90.889381444,0,0.000000000,0.294288631,0.168643353,0.296282759,0.168934979,2.894493410,0.301678186,0.499390192,0.181559507,0.411645632,0.000000000,0.411638634,2.000000000,0.000000000,0.000000000,0.000000000,1.000000000,0.804496853,0.675001322,0.647477545,0.000000000,0.907386602,0.808685307,0.748450658,1,0,0,0.000000000,0.054426019,-0.241504812,0.159119553,-0.121517047,-0.017094792,0.115680404,0.294907469,12.122074737,0.017700692,-130.917618709,-0.114563317,142.886413813,44.837119115,-0.005353133,0.000433322,-0.000081577,-0.000643558,0.001012196,0.000049495,-0.001112141,0.000000000,0.000000000,0.000000000,0.000000000,0.000000000,0.000000000,0.000000000,-0.002156133,0.000000201,0.002134460,0.000000279,-0.000743142,-0.000000850,0.000524544,0.000000000,0.000000000,0.000000000,0.000000000,0.000000000,0.000000000,0.000000000,-0.343537237,-0.026865628,0.179648027,0.004109734,0.394111285,0.332202064,0.050153336
4.301000000,0,4.301000000,sample,0.216532561,-0.000000248,0.216033547,0.216032618,0.000000929,0.929134773,0.000005807,0,0,1.500000000,0.080000000,0.000000000,0.000000000,0.001071513,0.000000000,0.007326901,0.006851973,-0.006851973,0.002538473,0.001396654,0.767200274,3,33.201097585,0,0.000000000,0.293866443,0.168478531,0.297906786,0.169083174,0.195494588,0.017963764,0.584168522,0.145378975,0.422271822,0.000000000,0.422272012,2.000000000,0.000000000,0.000000000,0.000000000,1.000000000,0.831373010,0.743034522,0.696008182,0.000000000,0.889104718,0.757087985,0.708183222,1,0,0,0.000000000,0.054158535,-0.242475969,0.156938663,-0.121494886,-0.016977962,0.115480548,0.295125240,12.121815920,0.017592781,-130.917619190,-0.114563578,142.886272481,44.837031691,0.000512820,-0.000014252,-0.000804758,-0.000382194,0.000249249,0.000542093,-0.000733321,0.000000000,0.000000000,0.000000000,0.000000000,0.000000000,0.000000000,0.000000000,0.000729415,-0.000000068,-0.000722084,-0.000000094,0.000251397,0.000000288,-0.000177448,0.000000000,0.000000000,0.000000000,0.000000000,0.000000000,0.000000000,0.000000000,-0.446368335,-0.026559205,0.126370693,0.009782135,0.394046696,0.332491642,0.050878037
4.351000000,0,4.351000000,sample,0.216532722,0.000003228,0.216033670,0.216032810,0.000000859,0.859295653,0.000005371,0,0,1.500000000,0.080000000,0.000000000,0.000000000,0.002055905,0.000000000,0.003619345,0.001092109,-0.001092109,0.000370652,0.002249660,0.913873504,3,66.273494901,0,0.000000000,0.293770878,0.168343356,0.297010573,0.168911308,0.452280876,0.080754487,0.603946371,0.139610120,0.439005982,0.000000000,0.439006474,2.000000000,0.000000000,0.000000000,0.000000000,1.000000000,0.829139562,0.722722470,0.678374336,0.000000000,0.829139562,0.737004660,0.691751496,1,0,0,0.000000000,0.054791033,-0.241640338,0.157826546,-0.121430427,-0.017006210,0.115346980,0.294919892,12.121843187,0.017718513,-130.917741477,-0.114715117,142.886393605,44.836936896,-0.001033882,-0.000361018,0.001831416,-0.000202556,-0.000614565,-0.000252451,-0.000158720,0.000000000,0.000000000,0.000000000,0.000000000,0.000000000,0.000000000,0.000000000,-0.001399524,0.000000131,0.001385457,0.000000181,-0.000482356,-0.000000553,0.000340470,0.000000000,0.000000000,0.000000000,0.000000000,0.000000000,0.000000000,0.000000000,-0.418011718,-0.023100361,0.125795125,0.006494521,0.395417207,0.331811861,0.051027887
4.401000000,0,4.401000000,sample,0.216532457,-0.000005309,0.216033306,0.216032644,0.000000662,0.662395098,0.000004140,0,0,1.500000000,0.080000000,0.000000000,0.000000000,0.000946701,0.000000000,0.005079231,0.005079231,-0.005079231,0.002282806,0.001774146,0.533609479,2,45.813354754,0,0.000000000,0.294342168,0.168418006,0.296916274,0.169052159,0.952723725,0.104246426,0.575130229,0.147172615,0.395913748,0.000000000,0.395913509,2.000000000,0.000000000,0.000000000,0.000000000,1.000000000,0.804622109,0.701926476,0.664807787,0.000000000,0.845360742,0.748634781,0.697686439,1,0,0,0.000000000,0.052821802,-0.244317638,0.155422203,-0.121557438,-0.016710925,0.115365329,0.294917873,12.121734254,0.017983162,-130.917527379,-0.114598547,142.886366437,44.837119118,-0.000608968,-0.001200841,0.000974649,0.000427711,0.000360645,0.000116378,-0.000241347,0.000000000,0.000000000,0.000000000,0.000000000,0.000000000,0.000000000,0.000000000,-0.000644452,0.000000061,0.000637975,0.000000083,-0.000222113,-0.000000254,0.000156778,0.000000000,0.000000000,0.000000000,0.000000000,0.000000000,0.000000000,0.000000000,-0.384345240,-0.026633201,0.167431337,0.015047204,0.391206512,0.331419645,0.048965444
4.451000000,0,4.451000000,sample,0.216532554,0.000001940,0.216033545,0.216032605,0.000000940,0.940311581,0.000005877,0,0,1.500000000,0.080000000,0.000000000,0.000000000,0.000816279,0.000000000,0.001510394,0.000000000,0.000000000,0.000000000,0.001421532,0.574224841,3,42.031756874,0,0.000000000,0.293036330,0.168481382,0.299879066,0.168802567,0.430180423,0.028253848,0.572142345,0.143355128,0.417275430,0.000000000,0.417275175,2.000000000,0.000000000,0.000000000,0.000000000,1.000000000,0.817014361,0.698504792,0.656057400,0.000000000,0.820823480,0.704609123,0.664761088,1,0,0,0.000000000,0.054253488,-0.241684017,0.156574856,-0.121428702,-0.016996725,0.115551537,0.295049637,12.121765479,0.017594754,-130.917618705,-0.114673565,142.886202186,44.837116783,0.000290211,-0.000470579,-0.000921606,-0.000647658,-0.000388294,0.000094600,-0.000535300,0.000000000,0.000000000,0.000000000,0.000000000,0.000000000,0.000000000,0.000000000,0.000555669,-0.000000052,-0.000550084,-0.000000072,0.000191513,0.000000219,-0.000135179,0.000000000,0.000000000,0.000000000,0.000000000,0.000000000,0.000000000,0.000000000,-0.378470231,-0.023653350,0.140875872,0.003922418,0.393738820,0.330899784,0.047178314
4.501000000,0,4.501000000,sample,0.216532567,0.000000276,0.216033548,0.216032628,0.000000920,0.919760840,0.000005749,0,0,1.500000000,0.080000000,0.000000000,0.000000000,0.001582323,0.000000000,0.003873245,0.001238710,-0.001238710,0.000000000,0.002358361,0.670941715,3,87.292473354,0,0.000000000,0.294419877,0.168573600,0.299163273,0.168812288,1.170363202,0.177791772,0.538876845,0.164634673,0.395137882,0.000000000,0.395137903,2.000000000,0.000000000,0.000000000,0.000000000,1.000000000,0.800152831,0.672659192,0.645859514,0.000000000,0.824299431,0.703173114,0.660713572,1,0,0,0.000000000,0.053905554,-0.243202390,0.156939010,-0.121520867,-0.016910756,0.115601747,0.295191793,12.121829497,0.017599693,-130.917618703,-0.114523031,142.886352631,44.837193970,0.000044973,-0.000222757,-0.002203427,-0.000028039,0.000629832,-0.000137602,0.000488594,0.000000000,0.000000000,0.000000000,0.000000000,0.000000000,0.000000000,0.000000000,0.001077141,-0.000000100,-0.001066314,-0.000000139,0.000371244,0.000000425,-0.000262041,0.000000000,0.000000000,0.000000000,0.000000000,0.000000000,0.000000000,0.000000000,-0.341782754,-0.027834758,0.177821592,0.010593551,0.393217390,0.332702309,0.050008026
4.551000000,0,4.551000000,sample,0.216532771,0.000004066,0.216033686,0.216032892,0.000000794,0.794032383,0.000004963,0,0,1.500000000,0.080000000,0.000000000,0.000000000,0.000254256,0.000000000,0.006529342,0.002978442,-0.002978442,0.000164755,0.000931196,0.273042674,2,31.510052398,0,0.000000000,0.294955112,0.168619619,0.296739493,0.168817967,0.553419007,0.067838646,0.613751666,0.141995141,0.453703115,0.000000000,0.453703313,2.000000000,0.000000000,0.000000000,0.000000000,1.000000000,0.805299133,0.704243505,0.666958415,0.000000000,0.829706545,0.705448829,0.667446748,1,0,0,0.000000000,0.055071112,-0.242508721,0.158603942,-0.121492081,-0.017049066,0.115678777,0.294920107,12.121911553,0.017800093,-130.917776574,-0.114639321,142.886453856,44.837288142,0.000490851,0.000522716,-0.000000562,-0.000424875,-0.000381049,0.000155646,-0.000054921,0.000000000,0.000000000,0.000000000,0.000000000,0.000000000,0.000000000,0.000000000,0.000173081,-0.000000016,-0.000171341,-0.000000022,0.000059654,0.000000068,-0.000042107,0.000000000,0.000000000,0.000000000,0.000000000,0.000000000,0.000000000,0.000000000,-0.394691045,-0.031860369,0.131350176,0.009988454,0.396755877,0.332451143,0.052400346
4.601000000,0,4.601000000,sample,0.216532573,-0.000003954,0.216033517,0.216032660,0.000000858,0.857648070,0.000005360,0,0,1.500000000,0.080000000,0.000000000,0.000000000,0.002405795,0.000000000,0.003029677,0.001543158,-0.001543158,0.000000000,0.004922439,0.488740416,1,85.307240905,0,0.000000000,0.294170187,0.168306417,0.296784764,0.168882162,2.670694277,0.405473214,0.697755971,0.109525063,0.524923643,0.000000000,0.524921666,2.000000000,0.000000000,0.000000000,0.000000000,1.000000000,0.816136984,0.710750943,0.667254180,0.000000000,0.828639486,0.710750943,0.667254180,1,0,0,0.000000000,0.053349106,-0.243733069,0.155833767,-0.121475325,-0.016741075,0.115284569,0.295147141,12.121720306,0.017708490,-130.917618703,-0.114639347,142.886413334,44.837031691,0.004546460,-0.000440146,0.000607682,-0.000002026,-0.001611693,-0.000213300,-0.000595025,0.000000000,0.000000000,0.000000000,0.000000000,0.000000000,0.000000000,0.000000000,0.001637707,-0.000000153,-0.001621247,-0.000000212,0.000564442,0.000000646,-0.000398410,0.000000000,0.000000000,0.000000000,0.000000000,0.000000000,0.000000000,0.000000000,-0.398685666,-0.025253239,0.127316278,0.009688075,0.396640494,0.330850967,0.050505617
4.651000000,0,4.651000000,sample,0.216532711,0.000002756,0.216033690,0.216032769,0.000000922,0.921665859,0.000005760,0,0,1.500000000,0.080000000,0.000000000,0.000000000,0.001122787,0.000000000,0.004672470,0.000742379,-0.000619339,0.000742379,0.001257670,0.892751882,3,34.767888536,0,0.000000000,0.294116107,0.168307545,0.298346864,0.168791575,0.094085191,0.015424988,0.586273750,0.148829461,0.425769001,0.000000000,0.425769128,2.000000000,0.000000000,0.000000000,0.000000000,1.000000000,0.793068933,0.684598370,0.652042603,0.000000000,0.892472970,0.745463260,0.692996283,1,0,0,0.000000000,0.054905659,-0.242155283,0.157640325,-0.121438946,-0.017037715,0.115281085,0.295072999,12.121815900,0.017620499,-130.917737093,-0.114666394,142.886330617,44.836889241,0.000562059,0.000006674,-0.000741576,-0.000070294,0.000628960,-0.000028906,-0.000560782,0.000000000,0.000000000,0.000000000,0.000000000,0.000000000,0.000000000,0.000000000,0.000764319,-0.000000071,-0.000756637,-0.000000099,0.000263427,0.000000302,-0.000185940,0.000000000,0.000000000,0.000000000,0.000000000,0.000000000,0.000000000,0.000000000,-0.358685820,-0.031878840,0.162747654,0.014087379,0.394811162,0.332326787,0.049855569
4.701000000,0,4.701000000,sample,0.216532441,-0.000005405,0.216033364,0.216032570,0.000000794,0.794049245,0.000004963,0,0,1.500000000,0.080000000,0.000000000,0.000000000,0.000196103,0.000000000,0.003000969,0.000066705,-0.000066705,0.000000000,0.005232100,0.037480794,2,93.883218898,0,0.000000000,0.296951239,0.168192422,0.298550338,0.168761449,3.291455285,0.349742792,0.562443751,0.142390191,0.367663788,0.000000000,0.367662874,2.000000000,0.000000000,0.000000000,0.000000000,1.000000000,0.834643028,0.710086610,0.668147628,0.000000000,0.842261176,0.717670763,0.675111341,1,0,0,0.000000000,0.053766137,-0.246113579,0.157217514,-0.121492576,-0.016999619,0.115061973,0.295308331,12.121912075,0.017800056,-130.917522994,-0.114639347,142.886251163,44.837059347,0.000933139,-0.005069557,0.000633633,0.000580243,-0.000034135,0.000252298,0.000026849,0.000000000,0.000000000,0.000000000,0.000000000,0.000000000,0.000000000,0.000000000,0.000133494,-0.000000013,-0.000132152,-0.000000017,0.000046010,0.000000053,-0.000032476,0.000000000,0.000000000,0.000000000,0.000000000,0.000000000,0.000000000,0.000000000,-0.400990050,-0.014984973,0.133679903,0.006827163,0.394640281,0.330257445,0.051728369
4.751000000,0,4.751000000,sample,0.216532709,0.000005377,0.216033643,0.216032810,0.000000834,0.833700860,0.000005211,0,0,1.500000000,0.080000000,0.000000000,0.000000000,0.002873538,0.000000000,0.002873538,0.000625911,-0.000625911,0.000000000,0.006843739,0.419878405,1,88.769443579,0,0.000000000,0.295458526,0.168415382,0.298134248,0.168743489,4.551055630,0.439569614,0.798399485,0.117939499,0.616552363,0.000000000,0.616550379,2.000000000,0.000000000,0.000000000,0.000000000,1.000000000,0.803588013,0.714432824,0.673068892,0.000000000,0.993334364,0.730568118,0.673068892,1,0,0,0.000000000,0.054587400,-0.243958064,0.157481489,-0.121460857,-0.016956371,0.115427391,0.295133772,12.121815844,0.017748678,-130.917730363,-0.114674318,142.886404766,44.837228150,0.006448002,0.000181579,0.001981384,-0.000677297,-0.000137409,-0.000144604,0.000895909,0.000000000,0.000000000,0.000000000,0.000000000,0.000000000,0.000000000,0.000000000,0.001956115,-0.000000183,-0.001936453,-0.000000253,0.000674188,0.000000772,-0.000475874,0.000000000,0.000000000,0.000000000,0.000000000,0.000000000,0.000000000,0.000000000,-0.412384082,-0.034327988,0.103327516,0.016836514,0.397733687,0.331441241,0.052699769
4.801000000,0,4.801000000,sample,0.216532585,-0.000002486,0.216033502,0.216032704,0.000000798,0.798009268,0.000004988,0,0,1.500000000,0.080000000,0.000000000,0.000000000,0.000338166,0.000000000,0.002913697,0.000000000,0.000000000,0.000000000,0.001183052,0.285842329,3,45.424967188,0,0.000000000,0.295615272,0.168311734,0.295982181,0.168900704,0.700067703,0.084665514,0.610677285,0.139464698,0.434028356,0.000000000,0.434028349,2.000000000,0.000000000,0.000000000,0.000000000,1.000000000,0.808714481,0.692110620,0.653987220,0.000000000,0.867683665,0.768856643,0.713560101,1,0,0,0.000000000,0.053879421,-0.245184996,0.156108022,-0.121472165,-0.016861587,0.115278098,0.295211947,12.121720192,0.017800056,-130.917636260,-0.114674231,142.886310044,44.837207182,0.000397340,-0.000652646,0.000797354,-0.000231559,-0.000261344,0.000233138,0.000061153,0.000000000,0.000000000,0.000000000,0.000000000,0.000000000,0.000000000,0.000000000,-0.000230201,0.000000022,0.000227888,0.000000030,-0.000079340,-0.000000091,0.000056002,0.000000000,0.000000000,0.000000000,0.000000000,0.000000000,0.000000000,0.000000000,-0.370783114,-0.023746448,0.140258305,0.013360177,0.397332323,0.330604311,0.051304976
4.851000000,0,4.851000000,sample,0.216532463,-0.000002434,0.216033475,0.216032471,0.000001004,1.004423695,0.000006278,1,1,1.500000000,0.080000000,1.500000000,-0.002630989,0.001753992,-0.001753992,0.005404992,0.001753992,-0.001753992,0.000210593,0.002415077,0.726267760,1,25.728237477,1,46.339950315,0.292213633,0.168120908,0.297914119,0.169058489,1.025116236,0.141444309,0.560644158,0.137777330,0.383783848,1.500000000,1.548318831,2.000000000,0.000000000,0.000000000,0.000000000,1.000000000,0.837078247,0.704556011,0.660223859,0.271653103,0.838009152,0.712531240,0.668588602,1,0,0,0.000000000,0.051743879,-0.243183973,0.153534797,-0.121434407,-0.016395183,0.115106570,0.295308351,12.121555591,0.017496978,-130.917523158,-0.114638343,142.886499156,44.836807754,0.001225000,-0.001204700,-0.001083192,0.000528688,0.000003787,0.000351531,-0.001142045,-0.680734532,0.000062993,0.673893136,0.000087988,-0.234615229,-0.000268577,0.165602382,0.001194003,-0.000000110,-0.001182003,-0.000000154,0.000411513,0.000000471,-0.000290465,-1.021101798,0.000094490,1.010839704,0.000131983,-0.351922843,-0.000402866,0.248403573,-0.382906282,-0.011753638,0.142381570,0.002481496,0.397042667,0.329718824,0.050041216
4.901000000,0,4.901000000,sample,0.216532714,0.000005005,0.216033697,0.216032757,0.000000940,0.940350937,0.000005877,0,0,1.500000000,0.080000000,0.000000000,0.000000000,0.001333186,0.000000000,0.004621515,0.002434660,-0.002434660,0.000000000,0.001813254,0.735245160,7,29.717995599,0,0.000000000,0.294268761,0.168355811,0.298678760,0.168794161,0.303486810,0.046472639,0.595564128,0.143914025,0.436543453,0.000000000,0.436543929,2.000000000,0.000000000,0.000000000,0.000000000,1.000000000,0.856182687,0.748451177,0.691815314,0.000000000,0.867094985,0.755562292,0.698420599,1,0,0,0.000000000,0.054162154,-0.243140829,0.156662381,-0.121484738,-0.016829217,0.115333928,0.295212660,12.121735243,0.017579105,-130.917730363,-0.114577949,142.886451880,44.836970969,0.000833402,-0.000451712,-0.000735156,-0.000813767,0.000454500,0.000054329,-0.000988481,0.000000000,0.000000000,0.000000000,0.000000000,0.000000000,0.000000000,0.000000000,0.000907545,-0.000000084,-0.000898424,-0.000000117,0.000312790,0.000000358,-0.000220782,0.000000000,0.000000000,0.000000000,0.000000000,0.000000000,0.000000000,0.000000000,-0.448010063,-0.015942425,0.083383883,0.008559024,0.398808445,0.330279135,0.049826094
4.951000000,0,4.951000000,sample,0.216532452,-0.000005241,0.216033511,0.216032434,0.000001078,1.077581170,0.000006735,1,1,1.500000000,0.080000000,1.500000000,-0.003362207,0.002241472,-0.002241472,0.006933301,0.002241472,-0.002241472,0.000408474,0.003163450,0.708552851,3,90.971787289,1,46.339831692,0.292206453,0.168450701,0.296275412,0.168820744,1.575187706,0.165217085,0.523830276,0.161001581,0.394657725,1.500000000,1.551049766,2.000000000,0.000000000,0.000000000,0.000000000,1.000000000,0.809543854,0.625908602,0.634223715,0.271377005,0.851109653,0.745229386,0.689596729,1,0,0,0.000000000,0.052997020,-0.241239123,0.156139721,-0.121431721,-0.016780846,0.115535186,0.295212614,12.121815862,0.017384843,-130.917522994,-0.114598552,142.886372924,44.836998654,0.000173868,0.000305085,-0.003017271,0.000388959,0.000241233,-0.000727944,-0.000201987,-0.680733661,0.000062708,0.673891880,0.000087959,-0.234619313,-0.000268489,0.165605289,0.001525845,-0.000000141,-0.001510509,-0.000000197,0.000525893,0.000000602,-0.000371200,-1.021100491,0.000094062,1.010837819,0.000131939,-0.351928970,-0.000402734,0.248407934,-0.248406295,-0.024177553,0.275314983,0.005750440,0.390129650,0.330702061,0.050527964
5.000000000,0,5.000000000,disturb_auto_push,0.000000000,,0.000000000,0.000000000,0.000000000,0.000000000,0.000000000,0,0,0.000000000,0.000000000,0.000000000,0.000000000,0.000000000,0.000000000,0.000000000,0.000000000,0.000000000,0.000000000,0.007245055,0.000000000,5,81.132400956,0,0.000000000,0.000000000,0.000000000,0.000000000,0.000000000,1.698816594,0.281127385,0.000000000,0.000000000,0.000000000,0.000000000,0.000000000,0.000000000,0.000000000,0.000000000,0.000000000,1.000000000,0.000000000,0.000000000,0.000000000,0.000000000,0.000000000,0.000000000,0.000000000,0,0,0,0.000000000,0.000000000,0.000000000,0.000000000,0.000000000,0.000000000,0.000000000,0.294950724,12.121725171,0.017927663,-130.917618703,-0.114580572,142.886330783,44.836932428,-0.000496686,-0.000615361,0.002839894,-0.000339748,0.006525877,-0.000033453,-0.001047305,0.000000000,0.000000000,0.000000000,0.000000000,0.000000000,0.000000000,0.000000000,0.000000000,0.000000000,0.000000000,0.000000000,0.000000000,0.000000000,0.000000000,0.000000000,0.000000000,0.000000000,0.000000000,0.000000000,0.000000000,0.000000000,0.000000000,0.000000000,0.000000000,0.000000000,0.000000000,0.000000000,0.000000000
5.000000000,0,5.000000000,sample,0.216532565,0.000002324,0.216033432,0.216032734,0.000000699,0.698753734,0.000004367,0,0,1.500000000,0.080000000,0.000000000,0.000000000,0.000547311,0.000000000,0.002954653,0.002088696,-0.002088696,0.000000000,0.007245055,0.075542636,5,81.132400956,0,0.000000000,0.294619922,0.168325699,0.297352615,0.169057377,1.698816594,0.281127385,0.656846564,0.183797665,0.470397389,0.000000000,0.470397619,2.000000000,0.000000000,0.000000000,0.000000000,1.000000000,0.806420952,0.706323208,0.671586010,0.000000000,0.816264118,0.709678878,0.672357626,1,0,0,0.000000000,0.053669551,-0.244096204,0.156004875,-0.121556245,-0.016829191,0.115214577,0.294950724,12.121725171,0.017927663,-130.917618703,-0.114580572,142.886330783,44.836932428,-0.000496686,-0.000615361,0.002839894,-0.000339748,0.006525877,-0.000033453,-0.001047305,0.000000000,0.000000000,0.000000000,0.000000000,0.000000000,0.000000000,0.000000000,-0.000372573,0.000000035,0.000368828,0.000000048,-0.000128409,-0.000000147,0.000090637,0.000000000,0.000000000,0.000000000,0.000000000,0.000000000,0.000000000,0.000000000,-0.388858816,-0.026348681,0.182967484,0.010791987,0.391262610,0.331571934,0.050023916
5.050000000,0,5.050000000,sample,0.216532696,0.000002608,0.216033680,0.216032747,0.000000933,0.933117819,0.000005832,0,0,1.500000000,0.080000000,0.000000000,0.000000000,0.000493944,0.000000000,0.002941856,0.001207722,-0.001207722,0.000000000,0.002082571,0.237179794,7,55.155440110,0,0.000000000,0.294321224,0.168665721,0.297757525,0.168866077,0.549994922,0.051126207,0.613672598,0.152170481,0.444654691,0.000000000,0.443454930,2.000000000,0.001541333,0.030826663,0.003340202,1.000000000,0.815864313,0.688796707,0.658122757,0.000000000,0.852126849,0.755445069,0.704556457,1,0,0,0.000000000,0.054825905,-0.242955496,0.156817506,-0.121472641,-0.017006531,0.115772626,0.295181199,12.121720135,0.017592687,-130.917730363,-0.114598548,142.886258415,44.837407541,0.000921579,-0.000240410,-0.000155235,-0.000929563,0.000076360,0.000379253,0.001546657,0.000000000,0.000000000,0.000000000,0.000000000,0.000000000,0.000000000,0.000000000,0.000336245,-0.000000031,-0.000332865,-0.000000043,0.000115888,0.000000133,-0.000081799,0.000000000,0.000000000,0.000000000,0.000000000,0.000000000,0.000000000,0.000000000,-0.368907865,-0.021727058,0.170775388,0.008000381,0.392694905,0.332364274,0.051545576
5.100000000,0,5.100000000,sample,0.216532694,-0.000000031,0.216033688,0.216032750,0.000000938,0.937784917,0.000005861,0,0,1.500000000,0.080000000,0.000000000,0.000000000,0.000210763,0.000000000,0.003282291,0.000856875,-0.000856875,0.000635181,0.001911180,0.110279185,2,37.060074105,0,0.000000000,0.294853881,0.168675765,0.296841136,0.168834820,1.304815080,0.142730697,0.618570479,0.152599283,0.478603974,0.000000000,0.474760752,2.000000000,0.006155830,0.123116594,0.013340427,1.000000000,0.814436558,0.671477290,0.646459813,0.000000000,0.828753142,0.720079796,0.675249058,1,0,0,0.000000000,0.055576953,-0.242194686,0.158719084,-0.121446671,-0.017242356,0.115779621,0.295103966,12.121918164,0.017592685,-130.917731825,-0.114639376,142.886221949,44.837369629,0.000147321,0.001163469,-0.000498910,-0.001116462,-0.000410946,-0.000055842,0.000780930,0.000000000,0.000000000,0.000000000,0.000000000,0.000000000,0.000000000,0.000000000,0.000143474,-0.000000013,-0.000142032,-0.000000019,0.000049449,0.000000057,-0.000034904,0.000000000,0.000000000,0.000000000,0.000000000,0.000000000,0.000000000,0.000000000,-0.338138054,-0.017709421,0.191699556,0.006914708,0.393233407,0.330370700,0.051821600
5.150000000,0,5.150000000,sample,0.216532559,-0.000002712,0.216033504,0.216032652,0.000000851,0.851406870,0.000005321,0,0,1.500000000,0.080000000,0.000000000,0.000000000,0.002467966,0.000000000,0.007900998,0.004659873,-0.004659873,0.000053101,0.003166977,0.779281552,1,70.731238271,0,0.000000000,0.293952572,0.168692697,0.297372867,0.169062038,0.841578320,0.025183571,0.618519792,0.146998262,0.436902892,0.000000000,0.425477885,2.000000000,0.013815040,0.276300796,0.029938414,1.000000000,0.827546520,0.707556812,0.664609337,0.000000000,0.843171723,0.710907916,0.666936128,1,0,0,0.000000000,0.053956932,-0.243103786,0.156196393,-0.121541018,-0.016909074,0.115754439,0.295078239,12.121733925,0.017698070,-130.917618703,-0.114523030,142.886258548,44.837329191,0.002663486,-0.000202907,-0.001104725,0.000014127,0.000457769,0.000218503,0.001190167,0.000000000,0.000000000,0.000000000,0.000000000,0.000000000,0.000000000,0.000000000,0.001680029,-0.000000157,-0.001663144,-0.000000217,0.000579028,0.000000662,-0.000408705,0.000000000,0.000000000,0.000000000,0.000000000,0.000000000,0.000000000,0.000000000,-0.384181081,-0.016140875,0.164400798,0.005400062,0.393984340,0.330511913,0.048284278
5.200000000,0,5.200000000,sample,0.216532559,-0.000000002,0.216033583,0.216032589,0.000000994,0.993783844,0.000006211,0,0,1.500000000,0.080000000,0.000000000,0.000000000,0.003174507,0.000000000,0.004984863,0.001838994,-0.001507193,0.001838994,0.004722116,0.672263733,1,89.655406633,0,0.000000000,0.294633353,0.168679765,0.296396829,0.168872918,2.306121384,0.166156467,0.698254829,0.135122018,0.514294130,0.000000000,0.491970106,2.000000000,0.024471742,0.489434837,0.053033430,1.000000000,0.814682010,0.657058129,0.644836391,0.000000000,0.891072004,0.803149632,0.739853093,1,0,0,0.000000000,0.054667826,-0.242375063,0.158349520,-0.121477432,-0.017141030,0.115768225,0.295212684,12.121966109,0.017498492,-130.917618703,-0.114556796,142.886258388,44.837309018,0.004471208,0.000915320,-0.000290238,-0.000145803,0.000458817,0.000261604,0.001041355,0.000000000,0.000000000,0.000000000,0.000000000,0.000000000,0.000000000,0.000000000,0.002160993,-0.000000200,-0.002139272,-0.000000279,0.000744808,0.000000852,-0.000525720,0.000000000,0.000000000,0.000000000,0.000000000,0.000000000,0.000000000,0.000000000,-0.312104600,-0.017714108,0.232179891,0.011392133,0.388897077,0.331948157,0.051216229
5.250000000,0,5.250000000,sample,0.216532461,-0.000001955,0.216033446,0.216032513,0.000000934,0.933598370,0.000005835,0,0,1.500000000,0.080000000,0.000000000,0.000000000,0.004619113,0.000000000,0.004619113,0.001272862,-0.000700778,0.001272862,0.006616079,0.698164726,3,96.442052497,0,0.000000000,0.294299740,0.168291366,0.297697757,0.168956348,3.547668417,0.308834099,0.459329423,0.171577042,0.372467362,0.000000000,0.376492400,2.000000000,0.038060234,0.761204675,0.082480443,1.000000000,0.817022177,0.651634984,0.645000873,0.000000000,0.856942279,0.754474384,0.703860317,1,0,0,0.000000000,0.052640594,-0.243945982,0.155986099,-0.121452788,-0.016680340,0.115295144,0.295284085,12.121815900,0.017599212,-130.917522994,-0.114639347,142.886473756,44.837072493,0.000149313,0.000680405,-0.006497315,0.000302860,-0.000072371,0.000297271,-0.000941714,0.000000000,0.000000000,0.000000000,0.000000000,0.000000000,0.000000000,0.000000000,0.003144386,-0.000000292,-0.003112782,-0.000000406,0.001083735,0.000001241,-0.000764951,0.000000000,0.000000000,0.000000000,0.000000000,0.000000000,0.000000000,0.000000000,-0.297288290,-0.017655109,0.253493605,0.005416917,0.388159658,0.331429474,0.050322252
5.300000000,0,5.300000000,sample,0.216532336,-0.000002499,0.216033321,0.216032392,0.000000929,0.929305419,0.000005808,0,0,1.500000000,0.080000000,0.000000000,0.000000000,0.000921719,0.000000000,0.002844357,0.002291095,-0.002291095,0.000000000,0.001652089,0.557911368,7,32.921651391,0,0.000000000,0.292194433,0.168710401,0.297311882,0.168763429,0.489979404,0.084199561,0.573247837,0.153263446,0.398764497,0.000000000,0.371863279,2.000000000,0.054496738,1.089934758,0.118099513,1.000000000,0.828746637,0.698258098,0.663715693,0.000000000,0.837231546,0.713507605,0.673060745,1,0,0,0.000000000,0.051974748,-0.242207919,0.154956562,-0.121504947,-0.016608969,0.115861510,0.295095855,12.121760926,0.017590428,-130.917427285,-0.114548872,142.886393845,44.837369740,0.000744486,0.000036813,-0.000754185,0.000778686,0.000271469,0.000162420,0.000947926,0.000000000,0.000000000,0.000000000,0.000000000,0.000000000,0.000000000,0.000000000,0.000627446,-0.000000058,-0.000621140,-0.000000081,0.000216252,0.000000247,-0.000152641,0.000000000,0.000000000,0.000000000,0.000000000,0.000000000,0.000000000,0.000000000,-0.377526840,-0.014441785,0.178756181,0.006225498,0.391818652,0.331203697,0.050726390
5.350000000,0,5.350000000,sample,0.216532452,0.000002317,0.216033375,0.216032572,0.000000803,0.802809022,0.000005018,0,0,1.500000000,0.080000000,0.000000000,0.000000000,0.000061423,0.000000000,0.005912734,0.003365386,-0.003365386,0.000000000,0.001793511,0.034247183,7,46.370151439,0,0.000000000,0.297473041,0.168008928,0.298853773,0.168783506,0.882808931,0.186943340,0.619030909,0.129185638,0.443531197,0.000000000,0.394269262,2.000000000,0.073679918,1.473598356,0.159672334,1.000000000,0.824715593,0.707420377,0.669191537,0.000000000,0.840353275,0.742249127,0.694516473,1,0,0,0.000000000,0.053114496,-0.247399257,0.156405459,-0.121448511,-0.016809456,0.114868191,0.295454581,12.121844698,0.017800056,-130.917522994,-0.114714866,142.886373848,44.837072490,0.000653835,-0.000417730,0.000861727,0.000203715,-0.000546064,0.000202097,-0.001221302,0.000000000,0.000000000,0.000000000,0.000000000,0.000000000,0.000000000,0.000000000,-0.000041812,0.000000004,0.000041392,0.000000005,-0.000014411,-0.000000017,0.000010172,0.000000000,0.000000000,0.000000000,0.000000000,0.000000000,0.000000000,0.000000000,-0.395042244,-0.020749118,0.159263526,0.006697611,0.391195531,0.332303013,0.049592814
5.400000000,0,5.400000000,sample,0.216532446,-0.000000114,0.216033401,0.216032530,0.000000871,0.871185239,0.000005445,0,0,1.500000000,0.080000000,0.000000000,0.000000000,0.000242015,0.000000000,0.001971620,0.000883301,-0.000883301,0.000000000,0.001426535,0.169652344,5,56.231740128,0,0.000000000,0.297304897,0.168045977,0.299446005,0.168696556,0.452484690,0.057315653,0.604758570,0.148949374,0.427716896,0.000000000,0.391626901,2.000000000,0.095491503,1.909830056,0.206938550,1.000000000,0.831363780,0.691288148,0.652568004,0.000000000,0.833065333,0.712381855,0.671339364,1,0,0,0.000000000,0.053006163,-0.247800537,0.155484541,-0.121494005,-0.016761818,0.114881237,0.295608860,12.121735243,0.017682198,-130.917522994,-0.114598521,142.886312372,44.837031608,0.000188244,0.000173414,0.000353316,0.000447107,0.001069727,0.000359002,-0.000609555,0.000000000,0.000000000,0.000000000,0.000000000,0.000000000,0.000000000,0.000000000,0.000164748,-0.000000015,-0.000163092,-0.000000021,0.000056781,0.000000065,-0.000040079,0.000000000,0.000000000,0.000000000,0.000000000,0.000000000,0.000000000,0.000000000,-0.368545545,-0.013450634,0.149954680,0.008912044,0.393762971,0.331312507,0.049549732
5.450000000,0,5.450000000,sample,0.216532572,0.000002526,0.216033506,0.216032678,0.000000829,0.828923647,0.000005181,0,0,1.500000000,0.080000000,0.000000000,0.000000000,0.002612322,0.000000000,0.007909333,0.007909333,-0.007909333,0.002616018,0.003238186,0.806723849,3,65.814503996,0,0.000000000,0.297021088,0.168389464,0.300169031,0.168857098,1.191665164,0.082706627,0.621706352,0.141831479,0.436936460,0.000000000,0.394935444,2.000000000,0.119797017,2.395940344,0.259613022,1.000000000,0.781194705,0.646240821,0.641641233,0.000000000,0.844670919,0.727845953,0.679175251,1,0,0,0.000000000,0.053762224,-0.246352376,0.156976613,-0.121503618,-0.016869380,0.115357299,0.295388977,12.121842509,0.017743698,-130.917618703,-0.114601854,142.886406974,44.837350585,-0.000770150,-0.001151782,0.002627016,0.000012979,-0.000551134,-0.000257649,0.001137809,0.000000000,0.000000000,0.000000000,0.000000000,0.000000000,0.000000000,0.000000000,-0.001778296,0.000000166,0.001760422,0.000000230,-0.000612903,-0.000000701,0.000432616,0.000000000,0.000000000,0.000000000,0.000000000,0.000000000,0.000000000,0.000000000,-0.301467676,-0.036097668,0.232952475,0.016035948,0.388666413,0.333615484,0.051310743
5.500000000,0,5.500000000,sample,0.216532454,-0.000002376,0.216033366,0.216032576,0.000000789,0.789476042,0.000004934,0,0,1.500000000,0.080000000,0.000000000,0.000000000,0.000034549,0.000000000,0.002574204,0.000000000,0.000000000,0.000000000,0.001312460,0.026323531,7,82.023649242,0,0.000000000,0.300756863,0.167711648,0.303241106,0.168500335,0.346749275,0.044093627,0.585638700,0.143504877,0.416832024,0.000000000,0.410173006,2.000000000,0.146446609,2.928932188,0.317362383,1.000000000,0.802906699,0.678487601,0.648081881,0.000000000,0.818343011,0.706150058,0.671648635,1,0,0,0.000000000,0.052685108,-0.252161509,0.155220951,-0.121519519,-0.016666505,0.114378456,0.295955484,12.121720141,0.017800056,-130.917522994,-0.114598545,142.886393319,44.836990892,-0.000365072,-0.000189687,-0.000054673,0.000303856,0.000210543,-0.000027334,-0.001188655,0.000000000,0.000000000,0.000000000,0.000000000,0.000000000,0.000000000,0.000000000,0.000023518,-0.000000002,-0.000023282,-0.000000003,0.000008106,0.000000009,-0.000005721,0.000000000,0.000000000,0.000000000,0.000000000,0.000000000,0.000000000,0.000000000,-0.357269586,-0.028715211,0.159523915,0.006177308,0.391594039,0.332088236,0.049289732
5.550000000,0,5.550000000,sample,0.216532509,0.000001113,0.216033503,0.216032550,0.000000952,0.952195901,0.000005951,0,0,1.500000000,0.080000000,0.000000000,0.000000000,0.003625558,0.000000000,0.005546331,0.000772440,-0.000772440,0.000129398,0.005792562,0.625898845,5,74.268170120,0,0.000000000,0.297381491,0.168048686,0.306390985,0.168191561,1.301424347,0.228506315,0.531003887,0.116665284,0.367169245,0.000000000,0.400427205,2.000000000,0.175275976,3.505519517,0.379839695,1.000000000,0.820491932,0.683190166,0.647852327,0.000000000,0.840441906,0.717480756,0.675035189,1,0,0,0.000000000,0.052935714,-0.247657532,0.155882353,-0.121376555,-0.016697680,0.115018608,0.295704548,12.121771646,0.017592689,-130.917563919,-0.114762480,142.886452613,44.837308380,-0.002457154,-0.001012368,0.001108859,0.000546509,-0.004991971,0.000001975,0.000207993,0.000000000,0.000000000,0.000000000,0.000000000,0.000000000,0.000000000,0.000000000,-0.002468040,0.000000229,0.002443234,0.000000319,-0.000850624,-0.000000975,0.000600410,0.000000000,0.000000000,0.000000000,0.000000000,0.000000000,0.000000000,0.000000000,-0.367882700,-0.021116820,0.126216250,0.004471582,0.394580556,0.331225987,0.050734905
5.600000000,0,5.600000000,sample,0.216532713,0.000004069,0.216033488,0.216032986,0.000000503,0.502823236,0.000003143,0,0,1.500000000,0.080000000,0.000000000,0.000000000,0.000016282,0.000000000,0.008827508,0.008827508,-0.008827508,0.000860584,0.001639460,0.009931115,2,56.618307016,0,0.000000000,0.307503726,0.167772874,0.307503726,0.168377555,1.020805173,0.118443101,0.636003083,0.154252754,0.477654858,0.000000000,0.534345664,2.000000000,0.206107374,4.122147477,0.446664918,1.000000000,0.806697423,0.621144218,0.637242306,0.000000000,0.953251025,0.775974820,0.716109184,1,0,0,0.000000000,0.055295165,-0.256871755,0.159743193,-0.121620664,-0.017173181,0.114285752,0.296034503,12.122065515,0.018207686,-130.917730363,-0.114565924,142.886439712,44.837349227,-0.000050725,0.001233614,-0.000287079,-0.000616845,-0.000024227,0.000126055,0.000827081,0.000000000,0.000000000,0.000000000,0.000000000,0.000000000,0.000000000,0.000000000,0.000011083,-0.000000001,-0.000010972,-0.000000001,0.000003820,0.000000004,-0.000002696,0.000000000,0.000000000,0.000000000,0.000000000,0.000000000,0.000000000,0.000000000,-0.260077103,-0.025489859,0.277846062,0.009830163,0.384201160,0.331762427,0.053066181
5.650000000,0,5.650000000,sample,0.216532453,-0.000005195,0.216033330,0.216032620,0.000000709,0.709300469,0.000004433,0,0,1.500000000,0.080000000,0.000000000,0.000000000,0.001937020,0.000000000,0.003254017,0.000000000,0.000000000,0.000000000,0.003084314,0.628023113,1,78.014964525,0,0.000000000,0.316076966,0.166620276,0.317670020,0.168028679,1.684657028,0.197440050,0.713858318,0.132010409,0.527314484,0.000000000,0.528494020,2.000000000,0.238750718,4.775014353,0.517398983,1.000000000,0.841472887,0.665902830,0.634452506,0.000000000,0.841472887,0.698613439,0.662396824,1,0,0,0.000000000,0.053222792,-0.269407639,0.156497625,-0.121553716,-0.016812006,0.112713650,0.297696049,12.121856641,0.017912248,-130.917522994,-0.114578200,142.886386110,44.837159914,0.002724254,0.001060891,0.000244364,0.000185401,0.000504044,0.000104903,-0.000778969,0.000000000,0.000000000,0.000000000,0.000000000,0.000000000,0.000000000,0.000000000,0.001318595,-0.000000124,-0.001305342,-0.000000170,0.000454464,0.000000520,-0.000320782,0.000000000,0.000000000,0.000000000,0.000000000,0.000000000,0.000000000,0.000000000,-0.330097860,-0.006280825,0.167975841,0.000266055,0.391894601,0.330751906,0.048288508
5.700000000,0,5.700000000,sample,0.216532572,0.000002390,0.216033465,0.216032723,0.000000742,0.742002696,0.000004638,0,0,1.500000000,0.080000000,0.000000000,0.000000000,0.003116303,0.000000000,0.007649036,0.005115651,-0.005115651,0.000156338,0.003697403,0.842835751,1,69.718847675,0,0.000000000,0.345189595,0.164504825,0.346883570,0.166529755,0.654551734,0.079791054,0.722422289,0.134924154,0.519331004,0.000000000,0.568187975,2.000000000,0.273004750,5.460095003,0.591633742,1.000000000,0.848324879,0.725866717,0.680377516,0.000000000,0.864325198,0.736039740,0.687623585,1,0,0,0.000000000,0.054271091,-0.302270008,0.157617725,-0.121506624,-0.016944014,0.109594153,0.301286111,12.121911721,0.017875170,-130.917618703,-0.114639352,142.886407344,44.837642948,0.003087251,0.000458104,-0.001781895,0.000263200,-0.000384571,-0.000451230,0.000577829,0.000000000,0.000000000,0.000000000,0.000000000,0.000000000,0.000000000,0.000000000,0.002121372,-0.000000199,-0.002100049,-0.000000274,0.000731151,0.000000837,-0.000516081,0.000000000,0.000000000,0.000000000,0.000000000,0.000000000,0.000000000,0.000000000,-0.437104059,-0.021266421,0.070415088,0.010260702,0.391716502,0.332289833,0.049793857
5.750000000,0,5.750000000,sample,0.216532455,-0.000002343,0.216033409,0.216032532,0.000000878,0.877517342,0.000005484,0,0,1.500000000,0.080000000,0.000000000,0.000000000,0.001178108,0.000000000,0.004877979,0.004755101,-0.004755101,0.000000000,0.002293497,0.513673343,1,74.465889147,0,0.000000000,0.385604264,0.160973335,0.386069100,0.164326585,0.926347468,0.076308037,0.810677170,0.131635741,0.577134584,0.000000000,0.599310872,2.000000000,0.308658284,6.173165676,0.668882590,1.000000000,0.823203823,0.637287337,0.622908363,0.000000000,0.833428624,0.713398003,0.671319087,1,0,0,0.000000000,0.053136864,-0.349359940,0.154320299,-0.121435574,-0.016631409,0.104351388,0.306564934,12.121608642,0.017688982,-130.917529003,-0.114694772,142.886332390,44.837541436,0.001979142,-0.000140674,-0.000182395,0.000118518,-0.000556647,-0.000125594,0.000974881,0.000000000,0.000000000,0.000000000,0.000000000,0.000000000,0.000000000,0.000000000,0.000801979,-0.000000075,-0.000793919,-0.000000104,0.000276402,0.000000317,-0.000195098,0.000000000,0.000000000,0.000000000,0.000000000,0.000000000,0.000000000,0.000000000,-0.311774956,-0.015264378,0.165069438,0.005386693,0.387707353,0.332059415,0.052161505
5.800000000,0,5.800000000,sample,0.216532334,-0.000002421,0.216033174,0.216032546,0.000000628,0.628119720,0.000003926,0,0,1.500000000,0.080000000,0.000000000,0.000000000,0.002338533,0.000000000,0.004650079,0.004650079,-0.004650079,0.000413547,0.003327604,0.702767859,3,81.812041445,0,0.000000000,0.414844215,0.159075692,0.416004715,0.160922404,1.414137109,0.138922926,0.760699235,0.142527484,0.516473138,0.000000000,0.654367337,2.000000000,0.345491503,6.909830056,0.748721075,1.000000000,0.802380745,0.574964026,0.597861789,0.000000000,0.828435744,0.648208892,0.629842368,1,0,0,0.000000000,0.053261337,-0.380524282,0.156397646,-0.121583243,-0.016796829,0.101195145,0.309557881,12.121913066,0.018027095,-130.917427303,-0.114564707,142.886373930,44.837604646,0.000793990,-0.000084085,-0.003009818,0.000841879,-0.000729519,0.000091429,0.000356560,0.000000000,0.000000000,0.000000000,0.000000000,0.000000000,0.000000000,0.000000000,0.001591917,-0.000000150,-0.001575917,-0.000000206,0.000548669,0.000000628,-0.000387276,0.000000000,0.000000000,0.000000000,0.000000000,0.000000000,0.000000000,0.000000000,-0.210384686,-0.029842241,0.222453256,0.007050328,0.387581948,0.331067996,0.054087898
5.850000000,0,5.850000000,sample,0.216532317,-0.000000356,0.216033311,0.216032371,0.000000939,0.939402723,0.000005871,0,0,1.500000000,0.080000000,0.000000000,0.000000000,0.001822390,0.000000000,0.007729959,0.004738827,-0.004738827,0.001491972,0.003188255,0.571594915,1,58.341123477,0,0.000000000,0.453386641,0.155870509,0.453386641,0.159098261,1.863699838,0.207197293,0.959997115,0.125139117,0.697877772,0.000000000,0.680144873,2.000000000,0.383277318,7.665546361,0.830596108,1.000000000,0.823507369,0.656829575,0.640213862,0.000000000,0.848809604,0.685687114,0.662062146,1,0,0,0.000000000,0.053684294,-0.422626006,0.155128018,-0.121425044,-0.016825241,0.096272974,0.314561559,12.121744465,0.017596707,-130.917427285,-0.114676556,142.886181384,44.837354416,0.002435232,-0.001287663,0.000281225,0.000833711,0.000783201,-0.000359178,-0.001029544,0.000000000,0.000000000,0.000000000,0.000000000,0.000000000,0.000000000,0.000000000,0.001240563,-0.000000115,-0.001228095,-0.000000160,0.000427564,0.000000490,-0.000301795,0.000000000,0.000000000,0.000000000,0.000000000,0.000000000,0.000000000,0.000000000,-0.373826745,-0.023278389,0.097404921,0.005902179,0.382186334,0.333243602,0.054269913
5.900000000,0,5.900000000,sample,0.216532454,0.000002754,0.216033405,0.216032542,0.000000864,0.863604964,0.000005398,0,0,1.500000000,0.080000000,0.000000000,0.000000000,0.001844299,0.000000000,0.008046145,0.005874339,-0.002171248,0.005874339,0.003343217,0.551653770,1,83.296315482,0,0.000000000,0.476877471,0.154658026,0.479383581,0.156653534,1.839706437,0.200989607,0.863407340,0.151995040,0.585133799,0.000000000,0.761975910,2.000000000,0.421782767,8.435655350,0.914043076,1.000000000,0.845639962,0.539495154,0.601468002,0.000000000,0.845639962,0.650587585,0.635358166,1,0,0,0.000000000,0.053916985,-0.447501824,0.155715120,-0.121484354,-0.016739569,0.094236106,0.317134039,12.121773169,0.017695261,-130.917523481,-0.114610816,142.886393845,44.837934187,-0.003051248,-0.001008292,-0.000038610,0.000506418,0.000529561,0.000253274,-0.000497797,0.000000000,0.000000000,0.000000000,0.000000000,0.000000000,0.000000000,0.000000000,-0.001255476,0.000000117,0.001242858,0.000000162,-0.000432707,-0.000000495,0.000305425,0.000000000,0.000000000,0.000000000,0.000000000,0.000000000,0.000000000,0.000000000,-0.174537397,-0.020289721,0.288898283,0.003180936,0.365821283,0.332468762,0.055278901
5.950000000,0,5.950000000,sample,0.216532442,-0.000000252,0.216033459,0.216032471,0.000000988,0.987577889,0.000006172,0,0,1.500000000,0.080000000,0.000000000,0.000000000,0.003545867,0.000000000,0.008913890,0.005753514,-0.005753514,0.002310482,0.004495622,0.788737915,1,91.172824286,0,0.000000000,0.529294401,0.151055165,0.529294401,0.154602257,1.754949973,0.266456744,1.142473872,0.110521103,0.862161059,0.000000000,0.812054192,2.000000000,0.460770452,9.215409043,0.998537002,1.000000000,0.832317391,0.654830923,0.647578073,0.000000000,0.872455853,0.654830923,0.647578073,1,0,0,0.000000000,0.054839255,-0.502704319,0.156312465,-0.121454389,-0.016918863,0.088205704,0.323276525,12.121816521,0.017513636,-130.917522994,-0.114593849,142.886263719,44.837854742,0.004292620,0.000092881,-0.000895904,-0.000002164,-0.000489815,0.000264177,-0.000814275,0.000000000,0.000000000,0.000000000,0.000000000,0.000000000,0.000000000,0.000000000,0.002413792,-0.000000223,-0.002389532,-0.000000312,0.000831927,0.000000952,-0.000587213,0.000000000,0.000000000,0.000000000,0.000000000,0.000000000,0.000000000,0.000000000,-0.405745440,-0.019614368,0.083960663,0.003565392,0.367774478,0.329992305,0.055930151
6.000000000,0,6.000000000,sample,0.216532319,-0.000002450,0.216033347,0.216032337,0.000001010,1.010250803,0.000006314,1,1,1.500000000,0.080000000,1.500000000,0.011562109,0.007708073,0.007708073,0.008746448,0.008746448,-0.008694082,0.008746448,0.008256298,0.933599170,3,71.185544454,1,46.339886020,0.564402345,0.149019499,0.567323944,0.151105365,1.815689234,0.141071296,1.199783918,0.133889887,0.878681222,1.500000000,0.882899764,2.000000000,0.500000000,10.000000000,1.083543426,1.000000000,0.823928799,0.606432918,0.616292230,0.242049623,0.833358913,0.656345516,0.648844576,1,0,0,0.000000000,0.054176050,-0.540030928,0.154859807,-0.121303786,-0.016782370,0.084914985,0.327319367,12.121720191,0.017522247,-130.917427285,-0.114843635,142.886209533,44.838814904,-0.004176891,-0.000627094,0.006965965,0.000649001,0.000098467,0.000075951,0.001168529,-0.680734060,0.000063092,0.673892746,0.000088147,-0.234616885,-0.000269061,0.165603561,-0.005247148,0.000000486,0.005194414,0.000000679,-0.001808444,-0.000002074,0.001276484,-1.021101090,0.000094638,1.010839119,0.000132220,-0.351925328,-0.000403592,0.248405342,-0.350169565,-0.016902885,0.117451626,0.001952703,0.361280388,0.330728501,0.056640294
6.050000000,0,6.050000000,sample,0.216532576,0.000005148,0.216033811,0.216032372,0.000001439,1.439287468,0.000008996,1,1,1.500000000,0.080000000,1.500000000,-0.006906858,0.004604572,-0.004604572,0.008865586,0.008865586,-0.008865586,0.004216646,0.005362818,0.858610597,7,37.201903222,1,46.339883272,0.588518941,0.148321332,0.594259510,0.149985040,0.221264440,0.107777621,1.170844832,0.124581915,0.864602031,1.500000000,0.845299392,2.000000000,0.539229548,10.784590957,1.168557738,1.000000000,0.794554258,0.557213550,0.599580511,0.255883917,0.836141622,0.602678933,0.613628280,1,0,0,0.000000000,0.054982593,-0.564860592,0.155768962,-0.121239524,-0.016727560,0.083787732,0.330652957,12.121720135,0.016883986,-130.917618703,-0.114722020,142.886454808,44.840300372,0.002612612,-0.000637604,-0.002806450,-0.000373969,0.001675299,0.000075455,-0.003270963,-0.680734040,0.000061479,0.673892183,0.000088054,-0.234617984,-0.000268777,0.165604381,0.003134489,-0.000000283,-0.003102985,-0.000000405,0.001080315,0.000001238,-0.000762537,-1.021101059,0.000092218,1.010838274,0.000132080,-0.351926976,-0.000403165,0.248406571,-0.305153016,-0.027911684,0.177885665,0.007254446,0.347736023,0.330710370,0.060114363
6.100000000,0,6.100000000,sample,0.216532459,-0.000002359,0.216033344,0.216032599,0.000000745,0.744956780,0.000004656,0,0,1.500000000,0.080000000,0.000000000,0.000000000,0.003173185,0.000000000,0.005643767,0.005643767,-0.004031202,0.005643767,0.004411051,0.719371663,3,87.312422387,0,0.000000000,0.602761211,0.147765720,0.604776614,0.148608599,2.185339359,0.281658477,1.292978363,0.114865441,0.978396946,0.000000000,0.966772548,2.000000000,0.578217233,11.564344650,1.253038048,1.000000000,0.826664008,0.599980311,0.625579041,0.000000000,0.895477765,0.599980311,0.625579041,1,0,0,0.000000000,0.054035815,-0.580173263,0.154273112,-0.121323507,-0.016548090,0.082713213,0.331241046,12.121626612,0.017921220,-130.917522994,-0.114943181,142.886445869,44.841004947,-0.000448006,-0.001175807,0.004121736,0.000348656,-0.000727725,0.000021160,-0.000483576,0.000000000,0.000000000,0.000000000,0.000000000,0.000000000,0.000000000,0.000000000,-0.002160096,0.000000203,0.002138387,0.000000280,-0.000744481,-0.000000855,0.000525489,0.000000000,0.000000000,0.000000000,0.000000000,0.000000000,0.000000000,0.000000000,-0.379727423,-0.016870214,0.117087728,0.007746337,0.345817334,0.331526298,0.060022993
6.150000000,0,6.150000000,sample,0.216532335,-0.000002468,0.216033453,0.216032271,0.000001182,1.182336467,0.000007390,1,1,1.500000000,0.080000000,1.500000000,-0.012304684,0.008203123,-0.008203123,0.008203123,0.008203123,-0.008203123,0.002810201,0.009016604,0.909779653,1,61.516427909,1,46.339748691,0.615914082,0.149172632,0.618096059,0.149293639,0.895674886,0.061251290,1.268515086,0.122369318,0.919122481,1.500000000,0.774713017,2.000000000,0.616722682,12.334453639,1.336518044,1.000000000,0.804508905,0.519929050,0.601939771,0.286980603,0.844077920,0.616496054,0.637074419,1,0,0,0.000000000,0.054562443,-0.593127009,0.156759202,-0.121234229,-0.016833018,0.085272418,0.333304991,12.121953855,0.017274872,-130.917427303,-0.114845924,142.886384740,44.844918095,0.007071940,0.000381427,-0.005300107,0.000941106,0.000236183,-0.000211295,0.001436691,-0.680733051,0.000062476,0.673891213,0.000088150,-0.234621794,-0.000269071,0.165606992,0.005584137,-0.000000512,-0.005528012,-0.000000723,0.001924631,0.000002207,-0.001358494,-1.021099577,0.000093714,1.010836820,0.000132225,-0.351932691,-0.000403607,0.248410488,-0.254099988,-0.028771558,0.269836045,0.008497583,0.332655116,0.330941307,0.062222239
6.200000000,0,6.200000000,sample,0.216532457,0.000002442,0.216033440,0.216032514,0.000000926,0.925689164,0.000005786,0,0,1.500000000,0.080000000,0.000000000,0.000000000,0.000533365,0.000000000,0.011015899,0.011015899,-0.011015899,0.008500085,0.004146453,0.128631655,1,46.304750636,0,0.000000000,0.634295323,0.151676939,0.634295323,0.151927969,2.187495989,0.126548061,1.365953737,0.121949665,1.002721319,0.000000000,1.089668601,2.000000000,0.654508497,13.090169944,1.418389349,1.000000000,0.808772988,0.507017677,0.599773080,0.000000000,0.836693371,0.527318192,0.602323006,1,0,0,0.000000000,0.054860456,-0.612346132,0.156054802,-0.121279647,-0.016732258,0.089538665,0.334988579,12.121816515,0.017649552,-130.917523012,-0.114875311,142.886432374,44.851257977,0.002821562,-0.000030591,0.001183844,0.000811881,-0.000691042,0.000176406,0.002581014,0.000000000,0.000000000,0.000000000,0.000000000,0.000000000,0.000000000,0.000000000,0.000363080,-0.000000034,-0.000359430,-0.000000047,0.000125138,0.000000144,-0.000088328,0.000000000,0.000000000,0.000000000,0.000000000,0.000000000,0.000000000,0.000000000,-0.239130417,-0.030498505,0.278081923,0.007458360,0.331876457,0.331504627,0.064743710
6.250000000,0,6.250000000,sample,0.216532319,-0.000002762,0.216033324,0.216032353,0.000000971,0.970636063,0.000006066,0,0,1.500000000,0.080000000,0.000000000,0.000000000,0.001763687,0.000000000,0.005797293,0.005797293,-0.003126136,0.005797293,0.004466035,0.394911101,5,77.721394550,0,0.000000000,0.655927009,0.149999576,0.657387624,0.151444185,1.244747971,0.345740574,1.335771280,0.095278668,1.007891048,0.000000000,1.129924624,2.000000000,0.691341716,13.826834324,1.498186222,1.000000000,0.811450275,0.535587029,0.593048426,0.000000000,0.842094110,0.542232207,0.602513282,1,0,0,0.000000000,0.054399373,-0.635308818,0.153829957,-0.121140850,-0.016654459,0.086875751,0.337518398,12.121609035,0.017620975,-130.917427285,-0.115095686,142.886208793,44.851272809,0.000155886,-0.001043423,0.001544014,0.000787987,-0.003937244,-0.000019900,-0.000570298,0.000000000,0.000000000,0.000000000,0.000000000,0.000000000,0.000000000,0.000000000,-0.001200602,0.000000112,0.001188537,0.000000156,-0.000413787,-0.000000476,0.000292070,0.000000000,0.000000000,0.000000000,0.000000000,0.000000000,0.000000000,0.000000000,-0.313594462,-0.021514127,0.160025768,0.001164149,0.336799261,0.331262646,0.064216882
6.300000000,0,6.300000000,sample,0.216532577,0.000005151,0.216033583,0.216032620,0.000000963,0.963367278,0.000006021,0,0,1.500000000,0.080000000,0.000000000,0.000000000,0.000025801,0.000000000,0.002947294,0.002947294,-0.002947294,0.001765247,0.001251959,0.020608309,1,32.791730955,0,0.000000000,0.662200766,0.150861140,0.662970240,0.151221377,0.770995559,0.062803663,1.361837791,0.127619382,1.000191819,0.000000000,1.223836548,2.000000000,0.726995250,14.539904997,1.575504500,1.000000000,0.823388169,0.476878633,0.572827174,0.000000000,0.840240913,0.536837160,0.595100859,1,0,0,0.000000000,0.056404146,-0.640428325,0.158682033,-0.121104397,-0.017022926,0.088334753,0.338056777,12.122034001,0.017640777,-130.917618703,-0.115151015,142.886452550,44.853333679,0.000716923,0.000626975,0.000556518,-0.000094010,-0.000244057,0.000199138,0.000492500,0.000000000,0.000000000,0.000000000,0.000000000,0.000000000,0.000000000,0.000000000,-0.000017563,0.000000002,0.000017387,0.000000002,-0.000006053,-0.000000007,0.000004273,0.000000000,0.000000000,0.000000000,0.000000000,0.000000000,0.000000000,0.000000000,-0.207883570,-0.025940882,0.247790861,0.004533036,0.329512721,0.331937498,0.063721805
6.350000000,0,6.350000000,sample,0.216532468,-0.000002176,0.216033590,0.216032402,0.000001188,1.187929603,0.000007425,1,1,1.500000000,0.080000000,1.500000000,0.000144388,0.000096259,0.000096259,0.005076284,0.005076284,-0.005076284,0.001137100,0.003397107,0.028335456,7,87.471189447,1,46.339720219,0.683299056,0.151396027,0.683299056,0.151915941,0.698888814,0.119475885,1.401307958,0.143304390,1.003475659,1.500000000,0.732721994,2.000000000,0.761249282,15.224985647,1.649739416,1.000000000,0.832353092,0.464991113,0.579075544,0.247959921,0.848652378,0.545482637,0.601853040,1,0,0,0.000000000,0.056165295,-0.662334747,0.158290060,-0.121152028,-0.017019454,0.089181172,0.340772647,12.122038460,0.017281046,-130.917536148,-0.114932694,142.886373914,44.856369744,0.000912387,0.000616751,0.000309522,0.000307084,0.000074664,-0.000193275,0.003177179,-0.680732842,0.000062507,0.673890638,0.000088217,-0.234623276,-0.000269277,0.165608092,-0.000065526,0.000000006,0.000064868,0.000000008,-0.000022584,-0.000000026,0.000015941,-1.021099263,0.000093760,1.010835957,0.000132326,-0.351934914,-0.000403915,0.248412138,-0.183201628,-0.028735182,0.280727160,0.005974027,0.327857773,0.331854216,0.066922125
6.400000000,0,6.400000000,sample,0.216532691,0.000004473,0.216033814,0.216032614,0.000001200,1.200412670,0.000007503,1,1,1.500000000,0.080000000,1.500000000,0.005752392,0.003834928,0.003834928,0.006397245,0.006397245,-0.006397245,0.004996743,0.006258787,0.612727020,7,57.098297133,1,46.339858600,0.709332856,0.151884603,0.711994010,0.152152256,1.680356733,0.466063916,1.339299772,0.180527681,0.911561224,1.500000000,0.806360615,2.000000000,0.793892626,15.877852523,1.720456623,1.000000000,0.823383973,0.474361103,0.580693383,0.256650745,0.841554476,0.519883880,0.594953659,1,0,0,0.000000000,0.057924905,-0.689066528,0.158066842,-0.121043794,-0.017179233,0.090123286,0.343665375,12.121847063,0.017289608,-130.917730363,-0.115095841,142.886210625,44.860342985,-0.003874857,-0.000713709,0.000704630,-0.000815531,0.000259203,-0.000230126,0.004729353,-0.680733858,0.000062555,0.673891699,0.000088341,-0.234619214,-0.000269655,0.165605348,-0.002610565,0.000000240,0.002584326,0.000000339,-0.000899748,-0.000001034,0.000635085,-1.021100788,0.000093832,1.010837549,0.000132512,-0.351928821,-0.000404483,0.248408022,-0.218150091,-0.026454889,0.257567512,0.008265074,0.327175675,0.332715985,0.069009404
6.450000000,0,6.450000000,sample,0.216532577,-0.000002296,0.216033725,0.216032464,0.000001260,1.260267684,0.000007877,1,1,1.500000000,0.080000000,1.500000000,-0.004864149,0.003242766,-0.003242766,0.004916319,0.004916319,-0.004916319,0.003422284,0.003762733,0.861811296,1,46.360439157,1,46.339834586,0.742807951,0.150185069,0.742807951,0.151938680,0.677764451,0.075422193,1.494569420,0.132493736,1.088435983,1.500000000,0.718085334,2.000000000,0.824724024,16.494480483,1.787268867,1.000000000,0.660989140,0.474364414,0.599777066,0.265320999,0.880157909,0.484600136,0.599777066,1,0,0,0.000000000,0.056233741,-0.723919758,0.156657596,-0.121055610,-0.016794420,0.087287122,0.347516176,12.121816018,0.017195162,-130.917618703,-0.115043801,142.886454806,44.861224358,0.002561989,0.000896020,-0.002410742,-0.000419150,0.000059535,0.000295358,0.000844619,-0.680733682,0.000062310,0.673891655,0.000088301,-0.234619687,-0.000269532,0.165605582,0.002207460,-0.000000202,-0.002185273,-0.000000286,0.000760817,0.000000874,-0.000537020,-1.021100523,0.000093465,1.010837483,0.000132452,-0.351929531,-0.000404299,0.248408373,-0.229540744,-0.116302323,0.257588250,0.045755054,0.323930238,0.339495696,0.069885528
6.500000000,0,6.500000000,sample,0.216532564,-0.000000261,0.216034148,0.216032024,0.000002124,2.124018373,0.000013275,1,1,1.500000000,0.080000000,1.500000000,-0.007613472,0.005075648,-0.005075648,0.010143279,0.010143279,-0.010143279,0.001812049,0.005825616,0.871263734,1,86.663575761,1,46.339835804,0.787099547,0.147982068,0.787099547,0.150057500,1.746394410,0.233866084,1.657301511,0.109431877,1.251563636,1.500000000,0.644419540,2.000000000,0.853553391,17.071067812,1.849752255,1.000000000,0.829450573,0.543772733,0.606012281,0.259203435,0.882775053,0.544916129,0.607845460,1,0,0,0.000000000,0.057096385,-0.769143554,0.157111084,-0.120649106,-0.016955580,0.083994012,0.353681874,12.121842512,0.015990504,-130.917618709,-0.115287721,142.886318601,44.863113646,0.005423257,-0.000312635,-0.002035356,-0.000054894,-0.000225851,0.000277406,-0.000393318,-0.680733691,0.000059346,0.673891702,0.000088488,-0.234619569,-0.000270104,0.165605524,0.003455164,-0.000000301,-0.003420437,-0.000000449,0.001190846,0.000001371,-0.000840555,-1.021100536,0.000089019,1.010837553,0.000132733,-0.351929353,-0.000405157,0.248408286,-0.357563361,-0.014334294,0.121460925,0.005744076,0.329991388,0.332754823,0.069195503
6.550000000,0,6.550000000,sample,0.216532721,0.000003147,0.216033932,0.216032533,0.000001399,1.399407291,0.000008746,1,1,1.500000000,0.080000000,1.500000000,-0.000345012,0.000230008,-0.000230008,0.002053641,0.002053641,-0.002053641,0.002022761,0.001186720,0.193818106,4,46.136052541,1,46.339888187,0.803290806,0.150464332,0.806851985,0.150464332,0.515378851,0.070799277,1.586118928,0.137294081,1.149507798,1.500000000,0.707213872,2.000000000,0.880202983,17.604059656,1.907486632,1.000000000,0.847449548,0.468452816,0.584353758,0.267952480,0.876447261,0.539638049,0.602281374,1,0,0,0.000000000,0.056949492,-0.785856673,0.156403853,-0.120985846,-0.016722858,0.087876540,0.354405249,12.121720813,0.016997223,-130.917730363,-0.115059465,142.886533324,44.868522040,-0.000243605,-0.000445888,-0.000589125,-0.000806062,0.000180937,0.000225208,0.000264356,-0.680734076,0.000061818,0.673891942,0.000088313,-0.234618358,-0.000269567,0.165604681,0.000156574,-0.000000014,-0.000155000,-0.000000020,0.000053964,0.000000062,-0.000038090,-1.021101114,0.000092728,1.010837913,0.000132469,-0.351927537,-0.000404351,0.248407022,-0.208850586,-0.016891644,0.281625761,0.002427391,0.322060109,0.331025162,0.070328419
6.600000000,0,6.600000000,sample,0.216532565,-0.000003114,0.216033853,0.216032312,0.000001541,1.540985318,0.000009631,1,1,1.500000000,0.080000000,1.500000000,0.000464765,0.000309844,0.000309844,0.002424986,0.002424986,-0.002424986,0.001363505,0.003776417,0.082046996,7,88.352666199,1,46.339896136,0.795049710,0.153680983,0.806640140,0.153680983,0.933448963,0.308151724,1.547619570,0.163509318,1.082085907,1.500000000,0.773829870,2.000000000,0.904508497,18.090169944,1.960158670,1.000000000,0.834140564,0.458789640,0.579726417,0.271256894,0.853982712,0.490979204,0.593447456,1,0,0,0.000000000,0.056723825,-0.777536422,0.155960123,-0.120889327,-0.016800127,0.093388280,0.353717031,12.121720638,0.016804987,-130.917618703,-0.115131824,142.886332309,44.873215166,-0.000660371,0.000044372,-0.001019172,-0.000198971,0.000173896,-0.000338325,0.003549685,-0.680734134,0.000061351,0.673892353,0.000088368,-0.234617463,-0.000269737,0.165604036,-0.000210921,0.000000019,0.000208801,0.000000027,-0.000072695,-0.000000084,0.000051311,-1.021101201,0.000092026,1.010838530,0.000132552,-0.351926195,-0.000404605,0.248406053,-0.226832228,-0.020335234,0.265274036,0.004184334,0.314500378,0.331218788,0.072195154
6.650000000,0,6.650000000,sample,0.216532572,0.000000135,0.216033804,0.216032372,0.000001432,1.432207515,0.000008951,1,1,1.500000000,0.080000000,1.500000000,0.001143348,0.000762232,0.000762232,0.005230024,0.005230024,-0.001086876,0.005230024,0.003786448,0.201305315,7,88.684644235,1,46.339883160,0.802196120,0.153939277,0.807728965,0.154064261,0.671745417,0.246433624,1.573669013,0.155532018,1.107922316,1.500000000,0.767193863,2.000000000,0.926320082,18.526401644,2.007428531,1.000000000,0.862252290,0.440091368,0.582621400,0.267491212,0.866963332,0.460194966,0.586574593,1,0,0,0.000000000,0.056533558,-0.784859317,0.155943653,-0.120876524,-0.016735503,0.093840769,0.354337277,12.121730849,0.016974368,-130.917618703,-0.115207594,142.886405062,44.874514207,-0.000594345,-0.000597972,-0.000514794,-0.000593838,-0.000486196,-0.000239675,0.003565794,-0.680734039,0.000061786,0.673892195,0.000088426,-0.234617957,-0.000269914,0.165604370,-0.000518877,0.000000047,0.000513662,0.000000067,-0.000178833,-0.000000206,0.000126229,-1.021101058,0.000092680,1.010838292,0.000132639,-0.351926936,-0.000404872,0.248406556,-0.172491253,-0.020299768,0.313191469,0.006244485,0.309609982,0.332065312,0.070913892
6.700000000,0,6.700000000,sample,0.216532735,0.000003260,0.216033914,0.216032607,0.000001307,1.307153513,0.000008170,1,1,1.500000000,0.080000000,1.500000000,-0.000205844,0.000137229,-0.000137229,0.001798852,0.001798852,-0.001798852,0.001239071,0.002131209,0.064390239,7,49.840529887,1,46.339830249,0.809276674,0.154282551,0.809276674,0.154282551,1.086602854,0.124346930,1.647834618,0.144744346,1.198896675,1.500000000,0.766175940,2.000000000,0.945503262,18.910065242,2.049033055,1.000000000,0.846346242,0.448771401,0.567959061,0.257040019,0.862510114,0.470277598,0.580567869,1,0,0,0.000000000,0.059343961,-0.791251111,0.159149958,-0.120973223,-0.017334884,0.094170520,0.354848187,12.121925150,0.017134876,-130.917770314,-0.115091025,142.886150918,44.875417761,0.000529146,0.001051289,0.000121282,-0.000811236,0.000459850,0.000093756,0.001504587,-0.680733650,0.000062168,0.673891307,0.000088338,-0.234620355,-0.000269645,0.165606184,0.000093416,-0.000000009,-0.000092477,-0.000000012,0.000032197,0.000000037,-0.000022726,-1.021100475,0.000093252,1.010836961,0.000132507,-0.351930532,-0.000404468,0.248409275,-0.213168490,-0.016645921,0.257283020,0.002197846,0.308825062,0.332863919,0.066999346
6.750000000,0,6.750000000,sample,0.216532557,-0.000003556,0.216033749,0.216032411,0.000001339,1.338576994,0.000008366,1,1,1.500000000,0.080000000,1.500000000,-0.001234147,0.000822765,-0.000822765,0.002096806,0.002096806,-0.002096806,0.000878480,0.001426007,0.576971197,7,48.422589982,1,46.339856558,0.816674285,0.153847307,0.817421012,0.154275532,0.513623497,0.111784803,1.653688850,0.125022019,1.220576092,1.500000000,0.713335442,2.000000000,0.961939766,19.238795325,2.084635467,1.000000000,0.805153757,0.447374197,0.575292680,0.267106447,0.839862545,0.479970233,0.579896173,1,0,0,0.000000000,0.057486277,-0.799378170,0.156992855,-0.120907580,-0.016982888,0.093605194,0.355763729,12.121817357,0.017106670,-130.917618703,-0.115192888,142.886243152,44.875822248,0.000927806,-0.000422817,-0.000053620,-0.000036376,-0.000039787,0.000058688,-0.000992306,-0.680733843,0.000062114,0.673891946,0.000088415,-0.234618799,-0.000269882,0.165604996,0.000560084,-0.000000051,-0.000554455,-0.000000073,0.000193036,0.000000222,-0.000136254,-1.021100765,0.000093172,1.010837918,0.000132623,-0.351928199,-0.000404823,0.248407494,-0.218585136,-0.037624146,0.265906920,0.015094010,0.307210756,0.334381277,0.068139731
6.800000000,0,6.800000000,sample,0.216532577,0.000000390,0.216033709,0.216032467,0.000001242,1.241568543,0.000007760,1,1,1.500000000,0.080000000,1.500000000,0.000425607,0.000283738,0.000283738,0.001392774,0.001392774,-0.001392774,0.001356396,0.001423179,0.199369364,2,55.773961232,1,46.339937252,0.821614465,0.154119795,0.822115780,0.154550930,0.466970342,0.062222392,1.645271077,0.138737678,1.188847832,1.500000000,0.744084127,2.000000000,0.975528258,19.510565163,2.114048613,1.000000000,0.828063691,0.428924476,0.562720738,0.251326423,0.841275598,0.447374418,0.574755697,1,0,0,0.000000000,0.056116773,-0.804949586,0.154781782,-0.120937542,-0.016566002,0.094088201,0.356216780,12.121613743,0.017246722,-130.917618709,-0.115192860,142.886454889,44.876895908,-0.000027960,-0.001062858,0.000239055,-0.000304336,0.000157141,-0.000005566,0.000848821,-0.680734436,0.000062463,0.673892770,0.000088414,-0.234616090,-0.000269877,0.165603043,-0.000193150,0.000000018,0.000191209,0.000000025,-0.000066570,-0.000000077,0.000046988,-1.021101654,0.000093694,1.010839155,0.000132621,-0.351924135,-0.000404816,0.248404564,-0.211379494,-0.025083901,0.248237028,0.006945342,0.307004687,0.331565439,0.074072661
6.850000000,0,6.850000000,sample,0.216532325,-0.000005025,0.216033470,0.216032217,0.000001253,1.253013600,0.000007831,1,1,1.500000000,0.080000000,1.500000000,0.000917670,0.000611780,0.000611780,0.002263498,0.002263498,-0.002263498,0.001263362,0.001650682,0.370622482,2,51.648966448,1,46.339936056,0.829523628,0.154252873,0.830980232,0.154546825,0.926167978,0.100282315,1.649229134,0.136525320,1.188632677,1.500000000,0.739557631,2.000000000,0.986184960,19.723699204,2.137142215,1.000000000,0.841075507,0.437720528,0.567929672,0.260575677,0.858126255,0.437720528,0.567929672,1,0,0,0.000000000,0.055263819,-0.813278728,0.153730515,-0.120920782,-0.016550266,0.094330282,0.357130765,12.121608481,0.017233101,-130.917427778,-0.115210608,142.886272723,44.878052639,-0.000309808,-0.001186299,0.000270804,0.000514937,-0.000307843,-0.000095638,0.000882641,-0.680734427,0.000062432,0.673893273,0.000088428,-0.234615168,-0.000269919,0.165602337,-0.000416459,0.000000038,0.000412274,0.000000054,-0.000143533,-0.000000165,0.000101312,-1.021101641,0.000093648,1.010839910,0.000132641,-0.351922752,-0.000404878,0.248403505,-0.217209632,-0.018444902,0.256255050,0.003488523,0.306703329,0.331607447,0.072901455
6.900000000,0,6.900000000,sample,0.216532466,0.000002821,0.216033611,0.216032350,0.000001261,1.261147490,0.000007882,1,1,1.500000000,0.080000000,1.500000000,-0.000195728,0.000130486,-0.000130486,0.002635664,0.002635664,-0.002635664,0.001149363,0.001587310,0.082205451,1,35.179436086,1,46.339862940,0.835880868,0.154751082,0.836430510,0.154885802,0.894360465,0.042544524,1.715279475,0.134404081,1.253504867,1.500000000,0.738101561,2.000000000,0.993844170,19.876883406,2.153760332,1.000000000,0.833101370,0.443485546,0.566825614,0.260451143,0.847352827,0.450250963,0.572457563,1,0,0,0.000000000,0.055459237,-0.819508945,0.155003830,-0.120982283,-0.016492742,0.095074572,0.357822337,12.121720137,0.017202267,-130.917522994,-0.115093370,142.886535283,44.879365063,0.000941469,0.000203681,0.000661680,0.000049073,0.000314976,0.000593595,0.000836606,-0.680733890,0.000062336,0.673892180,0.000088339,-0.234618306,-0.000269646,0.165604546,0.000088826,-0.000000008,-0.000087933,-0.000000012,0.000030614,0.000000035,-0.000021609,-1.021100835,0.000093504,1.010838270,0.000132508,-0.351927460,-0.000404470,0.248406820,-0.246991585,-0.017085286,0.225469205,0.001621255,0.306237705,0.331430043,0.074351394
6.950000000,0,6.950000000,sample,0.216532712,0.000004918,0.216033900,0.216032566,0.000001334,1.334498643,0.000008341,1,1,1.500000000,0.080000000,1.500000000,-0.001020518,0.000680346,-0.000680346,0.001228440,0.001228440,-0.001228440,0.001165449,0.001761272,0.386280789,4,52.414556421,1,46.339788681,0.840246165,0.155249547,0.840246165,0.155649542,0.924757460,0.080709199,1.702245322,0.135585021,1.246725505,1.500000000,0.778470856,2.000000000,0.998458667,19.969173337,2.163799078,1.000000000,0.849064693,0.425523737,0.562187811,0.252521513,0.849123356,0.443623659,0.567135245,1,0,0,0.000000000,0.058228059,-0.823089619,0.158576764,-0.120826620,-0.017017748,0.095988259,0.358306869,12.121938225,0.017132871,-130.917730850,-0.115314933,142.886432378,44.880871807,0.000885801,0.000311806,-0.000338206,-0.001275124,-0.000192653,0.000192062,0.000637092,-0.680733345,0.000062201,0.673890886,0.000088510,-0.234621788,-0.000270170,0.165607122,0.000463134,-0.000000042,-0.000458479,-0.000000060,0.000159624,0.000000184,-0.000112670,-1.021100017,0.000093301,1.010836329,0.000132765,-0.351932682,-0.000405255,0.248410683,-0.206126318,-0.016538654,0.254446198,0.002883138,0.304909065,0.331660622,0.074659643
7.000000000,0,7.000000000,disturb_auto_hold,0.000000000,,0.000000000,0.000000000,0.000000000,0.000000000,0.000000000,0,0,0.000000000,0.000000000,0.000000000,0.000000000,0.000000000,0.000000000,0.000000000,0.000000000,0.000000000,0.000000000,0.001715917,0.000000000,3,49.113580732,0,0.000000000,0.000000000,0.000000000,0.000000000,0.000000000,0.989516503,0.099213550,0.000000000,0.000000000,0.000000000,0.000000000,0.000000000,0.000000000,0.000000000,0.000000000,0.000000000,1.000000000,0.000000000,0.000000000,0.000000000,0.000000000,0.000000000,0.000000000,0.000000000,0,0,0,0.000000000,0.000000000,0.000000000,0.000000000,0.000000000,0.000000000,0.000000000,0.358830572,12.121844246,0.016955942,-130.917522994,-0.115230187,142.886499270,44.881625810,0.000034733,-0.000898347,-0.001202533,0.000276714,-0.000211776,0.000471627,-0.000588386,0.000000000,0.000000000,0.000000000,0.000000000,0.000000000,0.000000000,0.000000000,0.000000000,0.000000000,0.000000000,0.000000000,0.000000000,0.000000000,0.000000000,0.000000000,0.000000000,0.000000000,0.000000000,0.000000000,0.000000000,0.000000000,0.000000000,0.000000000,0.000000000,0.000000000,0.000000000,0.000000000,0.000000000
7.000000000,0,7.000000000,sample,0.216532463,-0.000004986,0.216033706,0.216032258,0.000001448,1.447736513,0.000009048,1,1,1.500000000,0.080000000,1.500000000,-0.001322899,0.000881933,-0.000881933,0.001520214,0.001520214,-0.001520214,0.001506033,0.001715917,0.513971683,3,49.113580732,1,46.339803816,0.842825136,0.155512264,0.846423470,0.155615195,0.989516503,0.099213550,1.646476993,0.134619393,1.186625062,1.500000000,0.757260272,2.000000000,1.000000000,20.000000000,2.167123163,1.000000000,0.801568598,0.428406126,0.566217040,0.258005980,0.846335366,0.429545989,0.566217040,1,0,0,0.000000000,0.056016449,-0.826326192,0.156209452,-0.120841288,-0.016647772,0.096458794,0.358830572,12.121844246,0.016955942,-130.917522994,-0.115230187,142.886499270,44.881625810,0.000034733,-0.000898347,-0.001202533,0.000276714,-0.000211776,0.000471627,-0.000588386,-0.680733456,0.000061745,0.673891548,0.000088445,-0.234620357,-0.000269970,0.165606000,0.000600361,-0.000000054,-0.000594327,-0.000000078,0.000206919,0.000000238,-0.000146053,-1.021100184,0.000092617,1.010837322,0.000132667,-0.351930535,-0.000404954,0.248409001,-0.219953712,-0.038876054,0.248778323,0.008432907,0.304934321,0.332087309,0.074040968
7.050000000,0,7.050000000,sample,0.216532552,0.000001783,0.216033795,0.216032337,0.000001458,1.458009810,0.000009113,1,1,1.500000000,0.080000000,1.500000000,-0.000044423,0.000029615,-0.000029615,0.001230286,0.001230286,-0.001191852,0.001230286,0.001114875,0.026563627,2,72.944856787,1,46.340014609,0.842683236,0.156097393,0.847529781,0.156140533,0.693224583,0.067055462,1.659251760,0.137301816,1.196684802,1.500000000,0.760484241,2.000000000,1.000000000,20.000000000,2.167065614,1.000000000,0.834199804,0.430075312,0.562141423,0.253516296,0.834199804,0.433052663,0.567432906,1,0,0,0.000000000,0.056932059,-0.826479032,0.154292539,-0.120870628,-0.016724555,0.097349765,0.358868228,12.121517304,0.016930155,-130.917618703,-0.115166879,142.886189554,44.882478222,-0.000348921,-0.000952190,-0.000421505,0.000003822,-0.000146178,0.000067555,-0.000104511,-0.680735004,0.000061668,0.673893674,0.000088393,-0.234613233,-0.000269815,0.165601078,0.000020160,-0.000000002,-0.000019957,-0.000000003,0.000006948,0.000000008,-0.000004904,-1.021102506,0.000092502,1.010840511,0.000132590,-0.351919850,-0.000404722,0.248401616,-0.214087142,-0.020726998,0.248105015,0.009390948,0.304454089,0.331757036,0.073080465
7.100000000,0,7.100000000,sample,0.216532438,-0.000002290,0.216033704,0.216032221,0.000001483,1.482530535,0.000009266,1,1,1.500000000,0.080000000,1.500000000,-0.001703423,0.001135616,-0.001135616,0.001320678,0.001320678,-0.001320678,0.001189016,0.001529218,0.742611861,3,77.919378998,1,46.339845457,0.846236457,0.156030129,0.849676641,0.156508291,0.666907936,0.064333816,1.661094484,0.139621811,1.195390361,1.500000000,0.770919581,2.000000000,1.000000000,20.000000000,2.167119254,1.000000000,0.829498897,0.432615554,0.561710943,0.251543235,0.847592637,0.432897077,0.562801733,1,0,0,0.000000000,0.056980564,-0.829701812,0.156410543,-0.120776410,-0.016897426,0.097329014,0.359242753,12.121820460,0.016919606,-130.917522994,-0.115315937,142.886222919,44.882940625,0.000324271,-0.000214992,-0.001349871,0.000490856,0.000030595,-0.000350691,0.000011155,-0.680733762,0.000061668,0.673892067,0.000088510,-0.234618744,-0.000270170,0.165604915,0.000773052,-0.000000070,-0.000765282,-0.000000101,0.000266437,0.000000307,-0.000188064,-1.021100643,0.000092503,1.010838100,0.000132765,-0.351928116,-0.000405255,0.248407373,-0.218711654,-0.024427895,0.241257130,0.002560231,0.305348597,0.332495607,0.071309334
7.150000000,0,7.150000000,sample,0.216532556,0.000002371,0.216033720,0.216032439,0.000001281,1.281322124,0.000008008,1,1,1.500000000,0.080000000,1.500000000,0.002324893,0.001549929,0.001549929,0.001549929,0.001549929,-0.001375479,0.001549929,0.002122184,0.730345966,3,46.496516630,1,46.339849293,0.849264009,0.156172735,0.852498796,0.156461442,0.915044579,0.093282613,1.728885466,0.142501400,1.262390838,1.500000000,0.776703171,2.000000000,1.000000000,20.000000000,2.167121654,1.000000000,0.849115143,0.432475849,0.562588602,0.254430177,0.849115143,0.433893894,0.563291031,1,0,0,0.000000000,0.057789746,-0.832591673,0.157164906,-0.120858862,-0.016997891,0.097437829,0.359254061,12.121834048,0.017202721,-130.917618721,-0.115274887,142.886231833,44.883304675,-0.000665124,0.000717436,0.001447083,-0.000637150,0.000180309,-0.000174272,0.000991803,-0.680733790,0.000062368,0.673891870,0.000088478,-0.234619047,-0.000270074,0.165605173,-0.001055089,0.000000097,0.001044484,0.000000137,-0.000363643,-0.000000419,0.000256676,-1.021100685,0.000093552,1.010837805,0.000132718,-0.351928570,-0.000405111,0.248407759,-0.217617209,-0.013754031,0.245916757,0.004084901,0.304717215,0.332009884,0.073380036
7.200000000,0,7.200000000,sample,0.216532580,0.000000479,0.216033734,0.216032466,0.000001268,1.268077267,0.000007925,1,1,1.500000000,0.080000000,1.500000000,0.000323660,0.000215774,0.000215774,0.001681405,0.001681405,-0.001681405,0.001620235,0.001412937,0.152712750,7,37.970648675,1,46.339782073,0.852621353,0.156193589,0.853799994,0.156496244,0.733958288,0.042446612,1.737605832,0.137370965,1.264549701,1.500000000,0.740637206,2.000000000,1.000000000,20.000000000,2.167135546,1.000000000,0.817464444,0.434166270,0.565030065,0.256166380,0.856245689,0.437449297,0.565792614,1,0,0,0.000000000,0.057092379,-0.836003408,0.157486299,-0.120932421,-0.016815150,0.097411691,0.359608915,12.121911559,0.017202230,-130.917618757,-0.115154326,142.886492430,44.883537080,0.000517018,-0.000421738,0.000734828,-0.000146345,0.000304814,0.000372662,0.000870657,-0.680733296,0.000062347,0.673891077,0.000088387,-0.234621547,-0.000269793,0.165606888,-0.000146884,0.000000013,0.000145408,0.000000019,-0.000050625,-0.000000058,0.000035734,-1.021099944,0.000093520,1.010836615,0.000132580,-0.351932321,-0.000404690,0.248410331,-0.221668273,-0.029750016,0.244904387,0.009583689,0.304961745,0.333206013,0.071687998
7.250000000,0,7.250000000,sample,0.216532502,-0.000001567,0.216033752,0.216032286,0.000001466,1.465721455,0.000009161,1,1,1.500000000,0.080000000,1.500000000,-0.000764169,0.000509446,-0.000509446,0.001908762,0.001908762,-0.001343424,0.001908762,0.001207774,0.421805749,3,39.231293124,1,46.339877364,0.851049346,0.156436138,0.853851139,0.156624509,0.625343904,0.093383230,1.678341783,0.143306339,1.203801240,1.500000000,0.764725896,2.000000000,1.000000000,20.000000000,2.167103878,1.000000000,0.841531809,0.434633650,0.563676911,0.254842942,0.845047668,0.434633650,0.564918023,1,0,0,0.000000000,0.056432120,-0.834801478,0.155585660,-0.120880140,-0.016675620,0.097888614,0.359778236,12.121731072,0.016915085,-130.917562457,-0.115140898,142.886393889,44.883891880,0.000027985,-0.000741864,-0.000756488,0.000161284,0.000259966,-0.000077507,0.000485486,-0.680733996,0.000061627,0.673892274,0.000088375,-0.234617901,-0.000269758,0.165604306,0.000346797,-0.000000031,-0.000343312,-0.000000045,0.000119525,0.000000137,-0.000084366,-1.021100994,0.000092441,1.010838411,0.000132563,-0.351926851,-0.000404637,0.248406459,-0.222154858,-0.017990942,0.242320481,0.003623164,0.305260126,0.332963864,0.072623569
7.300000000,0,7.300000000,sample,0.216532317,-0.000003694,0.216033549,0.216032148,0.000001401,1.400548848,0.000008753,1,1,1.500000000,0.080000000,1.500000000,0.000005467,0.000003645,0.000003645,0.003628411,0.003628411,-0.003095846,0.003628411,0.001145256,0.003182297,4,73.382772092,1,46.339767985,0.852609654,0.156504902,0.855293526,0.156544652,0.784110531,0.073271014,1.699129413,0.137357747,1.227724400,1.500000000,0.743221159,2.000000000,1.000000000,20.000000000,2.167143666,1.000000000,0.835243809,0.445354107,0.564941129,0.258358933,0.871179166,0.452335370,0.569540129,1,0,0,0.000000000,0.056779076,-0.836088658,0.157083147,-0.120890349,-0.016969526,0.097935402,0.359818442,12.121956851,0.017010796,-130.917427285,-0.115152452,142.886190397,44.884081134,0.000044880,-0.000461560,-0.000023234,0.000981069,0.000005018,-0.000197387,0.000307467,-0.680733193,0.000061869,0.673891470,0.000088385,-0.234621008,-0.000269790,0.165606475,-0.000002481,0.000000000,0.000002456,0.000000000,-0.000000855,-0.000000001,0.000000604,-1.021099789,0.000092803,1.010837206,0.000132578,-0.351931512,-0.000404685,0.248409712,-0.242962308,-0.015221868,0.226737675,0.005411077,0.305499512,0.331559714,0.072076639
7.350000000,0,7.350000000,sample,0.216532466,0.000002982,0.216033673,0.216032309,0.000001364,1.364087122,0.000008526,1,1,1.500000000,0.080000000,1.500000000,0.000718296,0.000478864,0.000478864,0.002009927,0.002009927,-0.002009927,0.001191338,0.001244596,0.384754723,1,30.027582107,1,46.339842179,0.852897787,0.156068281,0.857235767,0.156631220,0.344532494,0.014688139,1.690443560,0.134597403,1.230531042,1.500000000,0.756021857,2.000000000,1.000000000,20.000000000,2.167121471,1.000000000,0.829043738,0.436937245,0.566213878,0.260586210,0.843595057,0.443236765,0.567324206,1,0,0,0.000000000,0.057216224,-0.836434000,0.156649613,-0.120754141,-0.016922636,0.097413399,0.359783688,12.121830952,0.017106503,-130.917545675,-0.115414040,142.886229591,44.883827048,-0.000682006,0.000310228,0.000138771,0.000625213,-0.000144044,-0.000303691,-0.000681556,-0.680733738,0.000062151,0.673891974,0.000088585,-0.234618964,-0.000270400,0.165605080,-0.000325979,0.000000030,0.000322703,0.000000042,-0.000112351,-0.000000129,0.000079302,-1.021100607,0.000093227,1.010837961,0.000132878,-0.351928446,-0.000405600,0.248407620,-0.226517302,-0.022168326,0.246344078,0.003649909,0.305181399,0.331133407,0.072889553
7.400000000,0,7.400000000,sample,0.216532705,0.000004783,0.216033918,0.216032515,0.000001403,1.402916378,0.000008768,1,1,1.500000000,0.080000000,1.500000000,-0.000239715,0.000159810,-0.000159810,0.001553947,0.001553947,-0.001145677,0.001553947,0.001360943,0.117426134,4,44.561312821,1,46.339963259,0.853923531,0.156459952,0.858318236,0.156616270,0.352467119,0.034327644,1.710255355,0.139343408,1.241743854,1.500000000,0.762661010,2.000000000,1.000000000,20.000000000,2.167082445,1.000000000,0.862301976,0.441626496,0.565960711,0.261023391,0.862301976,0.441626496,0.584321012,1,0,0,0.000000000,0.057553208,-0.837648640,0.155620635,-0.120879001,-0.016750130,0.097915355,0.359989365,12.121608539,0.017010794,-130.917730363,-0.115173580,142.886364297,44.884249339,0.000188644,-0.000821975,-0.000122773,-0.000908488,0.000093748,-0.000308795,0.000443138,-0.680734627,0.000061871,0.673892798,0.000088399,-0.234615633,-0.000269832,0.165602791,0.000108788,-0.000000010,-0.000107695,-0.000000014,0.000037494,0.000000043,-0.000026465,-1.021101941,0.000092806,1.010839197,0.000132599,-0.351923450,-0.000404748,0.248404186,-0.228824980,-0.005018013,0.244468889,0.001014005,0.304941197,0.331352344,0.073320524
7.450000000,0,7.450000000,sample,0.216532557,-0.000002964,0.216033749,0.216032410,0.000001339,1.338730266,0.000008367,1,1,1.500000000,0.080000000,1.500000000,0.000953743,0.000635829,0.000635829,0.001115556,0.001115556,-0.001053409,0.001115556,0.000851049,0.747111771,3,66.937032174,1,46.339857171,0.854494832,0.156550396,0.857389816,0.156688528,0.323189575,0.037270771,1.717860997,0.136082287,1.251033716,1.500000000,0.745108657,2.000000000,1.000000000,20.000000000,2.167118948,1.000000000,0.825312370,0.432712462,0.568298206,0.259414629,0.884899868,0.444723784,0.568757096,1,0,0,0.000000000,0.057725736,-0.837965587,0.156980359,-0.120885183,-0.016966547,0.098014975,0.359925609,12.121816070,0.017106503,-130.917618703,-0.115193208,142.886243522,44.884394090,-0.000329172,-0.000122165,0.000696286,0.000243124,0.000159963,0.000130482,-0.000120284,-0.680733848,0.000062114,0.673891952,0.000088416,-0.234618778,-0.000269882,0.165604981,-0.000432830,0.000000039,0.000428480,0.000000056,-0.000149177,-0.000000172,0.000105296,-1.021100772,0.000093171,1.010837928,0.000132623,-0.351928167,-0.000404824,0.248407471,-0.220063277,-0.027151942,0.250900196,0.013241165,0.305699668,0.334160377,0.074539221
7.500000000,0,7.500000000,sample,0.216532567,0.000000187,0.216033795,0.216032385,0.000001410,1.410223557,0.000008814,1,1,1.500000000,0.080000000,1.500000000,-0.000107052,0.000071368,-0.000071368,0.001861153,0.001861153,-0.001143867,0.001861153,0.002174299,0.032823338,7,64.174301313,1,46.339797803,0.854932911,0.156256265,0.858443356,0.156621856,0.562057179,0.111864270,1.693299732,0.126623712,1.248135646,1.500000000,0.757419741,2.000000000,1.000000000,20.000000000,2.167135858,1.000000000,0.831463627,0.438003112,0.568202383,0.260062469,0.852238180,0.440267871,0.568202383,1,0,0,0.000000000,0.057646533,-0.838280789,0.157710110,-0.120824407,-0.016960383,0.097620840,0.360062529,12.121911559,0.017015315,-130.917618703,-0.115264029,142.886345475,44.884104420,-0.000382411,0.000821489,-0.000309761,0.000289156,-0.000704606,-0.000443364,-0.001741806,-0.680733412,0.000061899,0.673891283,0.000088471,-0.234620914,-0.000270050,0.165606469,0.000048582,-0.000000004,-0.000048094,-0.000000006,0.000016744,0.000000019,-0.000011819,-1.021100118,0.000092848,1.010836925,0.000132706,-0.351931371,-0.000405075,0.248409703,-0.226933985,-0.022212463,0.245042669,0.015469411,0.305334005,0.334575723,0.073529171
7.550000000,0,7.550000000,sample,0.216532712,0.000002917,0.216033937,0.216032523,0.000001414,1.413923984,0.000008837,1,1,1.500000000,0.080000000,1.500000000,-0.000231476,0.000154317,-0.000154317,0.004714840,0.004714840,-0.001338280,0.004714840,0.002086023,0.073976865,2,53.270171119,1,46.339829520,0.854167434,0.156468402,0.859546565,0.156575202,0.837459907,0.126807559,1.672049558,0.145464713,1.194123932,1.500000000,0.773121667,2.000000000,1.000000000,20.000000000,2.167126035,1.000000000,0.809891267,0.436070482,0.564759972,0.254882696,0.867462962,0.442873287,0.574993012,1,0,0,0.000000000,0.058035986,-0.837456062,0.157801059,-0.120773481,-0.016921101,0.098029605,0.359973600,12.121856127,0.017024357,-130.917730365,-0.115350921,142.886439714,44.884502682,-0.000392960,-0.001522513,-0.000787964,-0.000784262,0.000055279,0.000306183,0.000739101,-0.680733645,0.000061936,0.673891329,0.000088537,-0.234620359,-0.000270253,0.165606112,0.000105049,-0.000000010,-0.000103993,-0.000000014,0.000036206,0.000000042,-0.000025556,-1.021100467,0.000092904,1.010836993,0.000132806,-0.351930539,-0.000405379,0.248409167,-0.234125478,-0.031952516,0.230438936,0.008188179,0.305793517,0.333381894,0.072772324
7.600000000,0,7.600000000,sample,0.216532567,-0.000002903,0.216033779,0.216032376,0.000001403,1.403210864,0.000008770,1,1,1.500000000,0.080000000,1.500000000,-0.000173961,0.000115974,-0.000115974,0.001303488,0.001303488,-0.001303488,0.001112967,0.001614883,0.071815878,2,61.770004844,1,46.339999324,0.855724348,0.156473577,0.859647785,0.156694606,0.665398061,0.053583202,1.697544341,0.135934935,1.233276312,1.500000000,0.742059648,2.000000000,1.000000000,20.000000000,2.167065775,1.000000000,0.815402032,0.432517787,0.561811489,0.250563090,0.825356514,0.436513271,0.564487606,1,0,0,0.000000000,0.056402650,-0.839860782,0.154002491,-0.120878375,-0.016553669,0.097971297,0.360227367,12.121512942,0.017010794,-130.917618703,-0.115175673,142.886353093,44.884545143,-0.000242458,-0.001269200,-0.000097831,-0.000035096,0.000325732,-0.000346305,-0.000837474,-0.680734892,0.000061871,0.673893468,0.000088400,-0.234613860,-0.000269835,0.165601488,0.000078948,-0.000000007,-0.000078154,-0.000000010,0.000027209,0.000000031,-0.000019206,-1.021102338,0.000092806,1.010840202,0.000132600,-0.351920789,-0.000404753,0.248402232,-0.220724982,-0.029445977,0.237809136,0.010227776,0.305978035,0.332532444,0.072023531
7.650000000,0,7.650000000,sample,0.216532433,-0.000002685,0.216033631,0.216032300,0.000001331,1.331275581,0.000008320,1,1,1.500000000,0.080000000,1.500000000,0.000570313,0.000380208,0.000380208,0.002528355,0.002528355,-0.002528355,0.000975908,0.001198481,0.317241867,2,45.824513880,1,46.339747821,0.857749504,0.156578301,0.859650242,0.156700458,0.266741983,0.048445383,1.713057408,0.140413405,1.241043553,1.500000000,0.766533791,2.000000000,1.000000000,20.000000000,2.167155736,1.000000000,0.834350299,0.433269477,0.564115433,0.256549900,0.844828923,0.453461577,0.565658666,1,0,0,0.000000000,0.057869091,-0.841012999,0.158374605,-0.120906644,-0.017150881,0.098000994,0.360245638,12.122023717,0.017111024,-130.917522994,-0.115155473,142.886170983,44.884674128,-0.000280948,0.000811297,0.000110498,0.000544367,-0.000082165,-0.000233396,0.000573978,-0.680733045,0.000062120,0.673891020,0.000088388,-0.234622136,-0.000269798,0.165607320,-0.000258820,0.000000024,0.000256219,0.000000034,-0.000089205,-0.000000103,0.000062965,-1.021099567,0.000093180,1.010836530,0.000132582,-0.351933203,-0.000404697,0.248410979,-0.218262644,-0.020208705,0.248396520,0.011154076,0.304362985,0.332260433,0.072939575
7.700000000,0,7.700000000,sample,0.216532557,0.000002488,0.216033756,0.216032403,0.000001353,1.353050041,0.000008457,1,1,1.500000000,0.080000000,1.500000000,-0.000781723,0.000521149,-0.000521149,0.001343160,0.001343160,-0.001343160,0.001303235,0.001871028,0.278536161,7,72.705240805,1,46.339857141,0.859295325,0.156078986,0.860280744,0.156661347,0.701219297,0.168077997,1.753579735,0.123451546,1.304456256,1.500000000,0.722667292,2.000000000,1.000000000,20.000000000,2.167119282,1.000000000,0.810453031,0.430305508,0.564981719,0.255799048,0.849596904,0.435307980,0.566452351,1,0,0,0.000000000,0.057750992,-0.842859296,0.156976065,-0.120794462,-0.016964902,0.097373199,0.360464928,12.121815844,0.017111024,-130.917618721,-0.115345438,142.886244927,44.884417677,0.000844709,0.000160511,0.000449545,-0.000029708,-0.000064568,0.000095292,-0.001595376,-0.680733848,0.000062151,0.673891952,0.000088532,-0.234618779,-0.000270239,0.165604981,0.000354764,-0.000000032,-0.000351198,-0.000000046,0.000122271,0.000000141,-0.000086305,-1.021100772,0.000093226,1.010837928,0.000132799,-0.351928168,-0.000405359,0.248407471,-0.217630375,-0.033854233,0.248135259,0.011577537,0.304717721,0.332972771,0.072569630
7.750000000,0,7.750000000,sample,0.216532715,0.000003150,0.216033933,0.216032535,0.000001398,1.397704421,0.000008736,1,1,1.500000000,0.080000000,1.500000000,-0.000046652,0.000031101,-0.000031101,0.001735712,0.001735712,-0.001735712,0.001177115,0.001783508,0.017438306,4,42.719385404,1,46.339800747,0.858626983,0.156326869,0.861311787,0.156729968,1.061069240,0.126156489,1.707493518,0.145678967,1.234646551,1.500000000,0.796297885,2.000000000,1.000000000,20.000000000,2.167136111,1.000000000,0.846539772,0.432994072,0.563517078,0.256271471,0.852523290,0.438309234,0.564818478,1,0,0,0.000000000,0.058218823,-0.841895352,0.158313239,-0.120764474,-0.016970260,0.097806145,0.360426485,12.121911561,0.017051484,-130.917731825,-0.115373544,142.886447300,44.884776661,-0.000212123,0.000696552,-0.000510874,-0.001165702,-0.000053409,0.000368902,0.000944417,-0.680733433,0.000062008,0.673891011,0.000088555,-0.234621378,-0.000270307,0.165606830,0.000021172,-0.000000002,-0.000020959,-0.000000003,0.000007297,0.000000008,-0.000005151,-1.021100150,0.000093012,1.010836517,0.000132832,-0.351932067,-0.000405460,0.248410244,-0.220116434,-0.014899083,0.245898294,0.005924692,0.304062382,0.332473810,0.073378675
7.800000000,0,7.800000000,sample,0.216532339,-0.000007521,0.216033543,0.216032186,0.000001356,1.356208238,0.000008476,1,1,1.500000000,0.080000000,1.500000000,0.001026953,0.000684635,0.000684635,0.002089682,0.002089682,-0.001728824,0.002089682,0.001982435,0.345350670,7,65.889267388,1,46.339749178,0.857860896,0.156520784,0.862184477,0.156755785,0.635886182,0.132081493,1.701135351,0.146908295,1.213868587,1.500000000,0.761133962,2.000000000,1.000000000,20.000000000,2.167141814,1.000000000,0.816519197,0.437500289,0.566076565,0.258448232,0.844032466,0.439214783,0.568401224,1,0,0,0.000000000,0.055910590,-0.841589745,0.156607870,-0.120795506,-0.016719759,0.098120595,0.360331027,12.121944324,0.017106521,-130.917427303,-0.115343180,142.886425648,44.885025429,-0.000511100,0.000116068,0.000110781,0.001005317,0.000019073,0.000206338,0.001609186,-0.680733055,0.000062140,0.673891210,0.000088532,-0.234621797,-0.000270236,0.165606985,-0.000466054,0.000000043,0.000461370,0.000000061,-0.000160630,-0.000000185,0.000113380,-1.021099582,0.000093210,1.010836814,0.000132798,-0.351932695,-0.000405354,0.248410478,-0.225238765,-0.030458793,0.245080279,0.002702426,0.305550188,0.332146680,0.070911618
7.850000000,0,7.850000000,sample,0.216532564,0.000004494,0.216033770,0.216032407,0.000001362,1.362362509,0.000008515,1,1,1.500000000,0.080000000,1.500000000,0.000941227,0.000627485,0.000627485,0.001536416,0.001536416,-0.001536416,0.001511739,0.001003591,0.625239734,1,55.771384486,1,46.339787620,0.858199464,0.156344582,0.861090942,0.156846310,0.462964576,0.056575612,1.707936833,0.139634662,1.243343623,1.500000000,0.771193327,2.000000000,1.000000000,20.000000000,2.167140829,1.000000000,0.836528884,0.444345289,0.567938046,0.261053854,0.848590836,0.447246893,0.567938046,1,0,0,0.000000000,0.057874635,-0.841539454,0.158013273,-0.120760316,-0.017019784,0.097830984,0.360333036,12.121938722,0.017106503,-130.917618703,-0.115398696,142.886311748,44.884781726,-0.000749484,0.000212793,0.000266821,-0.000345046,0.000089886,-0.000372841,-0.000250693,-0.680733337,0.000062149,0.673891181,0.000088574,-0.234621251,-0.000270366,0.165606713,-0.000427150,0.000000039,0.000422856,0.000000056,-0.000147221,-0.000000170,0.000103916,-1.021100006,0.000093224,1.010836772,0.000132861,-0.351931876,-0.000405550,0.248410069,-0.228167060,-0.019211189,0.246040932,0.009685168,0.305035468,0.333995159,0.069964291
7.900000000,0,7.900000000,sample,0.216532341,-0.000004443,0.216033582,0.216032156,0.000001427,1.426923943,0.000008918,1,1,1.500000000,0.080000000,1.500000000,0.000038104,0.000025403,0.000025403,0.004663579,0.004663579,-0.004663579,0.001124354,0.001084422,0.023425023,2,35.770740618,1,46.339705804,0.857937414,0.156370781,0.863104811,0.156702266,0.353017004,0.008060266,1.702140149,0.135642380,1.236903757,1.500000000,0.756973324,2.000000000,1.000000000,20.000000000,2.167155874,1.000000000,0.826733425,0.427871806,0.563661494,0.252660970,0.841402979,0.475293582,0.575300144,1,0,0,0.000000000,0.056049650,-0.841529230,0.157300976,-0.120753157,-0.016770788,0.097924649,0.360428801,12.122023779,0.017010794,-130.917427285,-0.115380336,142.886454139,44.884863324,-0.000312831,0.000648578,-0.000211138,0.000626615,-0.000124189,-0.000048565,-0.000449941,-0.680732736,0.000061908,0.673890732,0.000088561,-0.234623332,-0.000270325,0.165608063,-0.000017292,0.000000002,0.000017119,0.000000002,-0.000005960,-0.000000007,0.000004207,-1.021099104,0.000092862,1.010836098,0.000132841,-0.351934997,-0.000405487,0.248412095,-0.205041670,-0.028677087,0.256645149,0.004246536,0.305778980,0.332029821,0.072252790
7.950000000,0,7.950000000,sample,0.216532458,0.000002337,0.216033660,0.216032297,0.000001363,1.363339363,0.000008521,1,1,1.500000000,0.080000000,1.500000000,-0.000200477,0.000133651,-0.000133651,0.001173507,0.001173507,-0.000986468,0.001173507,0.001177753,0.113479971,2,45.021593286,1,46.339817037,0.859512117,0.156313174,0.860941962,0.156788256,0.608426090,0.034291984,1.747238448,0.135291691,1.276927563,1.500000000,0.747024613,2.000000000,1.000000000,20.000000000,2.167121719,1.000000000,0.845688504,0.435001240,0.566731291,0.257572825,0.847019385,0.437534667,0.567034804,1,0,0,0.000000000,0.056275318,-0.843332834,0.156153449,-0.120758259,-0.016680401,0.097841788,0.360525961,12.121829441,0.017106503,-130.917522994,-0.115405691,142.886445866,44.884991549,0.000610051,0.000790251,0.000333021,0.000197297,0.000068377,0.000200855,0.000442264,-0.680733553,0.000062150,0.673891705,0.000088579,-0.234619863,-0.000270380,0.165605662,0.000090981,-0.000000008,-0.000090067,-0.000000012,0.000031357,0.000000036,-0.000022133,-1.021100330,0.000093225,1.010837557,0.000132869,-0.351929794,-0.000405571,0.248408493,-0.215098164,-0.017858605,0.253603333,0.007258988,0.305779212,0.333780351,0.072942534
8.000000000,0,8.000000000,disturb_auto_release,0.000000000,,0.000000000,0.000000000,0.000000000,0.000000000,0.000000000,0,0,0.000000000,0.000000000,0.000000000,0.000000000,0.000000000,0.000000000,0.000000000,0.000000000,0.000000000,0.000000000,0.001390803,0.000000000,3,57.809579139,0,0.000000000,0.000000000,0.000000000,0.000000000,0.000000000,0.669298913,0.088214369,0.000000000,0.000000000,0.000000000,0.000000000,0.000000000,0.000000000,0.000000000,0.000000000,0.000000000,1.000000000,0.000000000,0.000000000,0.000000000,0.000000000,0.000000000,0.000000000,0.000000000,0,0,0,0.000000000,0.000000000,0.000000000,0.000000000,0.000000000,0.000000000,0.000000000,0.360434835,12.122038982,0.016915085,-130.917658166,-0.115262812,142.886499009,44.884863324,-0.000213129,-0.000087812,-0.001057464,-0.000340391,0.000688562,0.000315803,-0.000270653,0.000000000,0.000000000,0.000000000,0.000000000,0.000000000,0.000000000,0.000000000,0.000000000,0.000000000,0.000000000,0.000000000,0.000000000,0.000000000,0.000000000,0.000000000,0.000000000,0.000000000,0.000000000,0.000000000,0.000000000,0.000000000,0.000000000,0.000000000,0.000000000,0.000000000,0.000000000,0.000000000,0.000000000
8.000000000,0,8.000000000,sample,0.216532629,0.000003416,0.216033893,0.216032413,0.000001480,1.479754582,0.000009248,1,1,1.500000000,0.080000000,1.500000000,-0.001161041,0.000774027,-0.000774027,0.001813429,0.001813429,-0.001813429,0.001170402,0.001390803,0.556532690,3,57.809579139,1,46.339721533,0.857599862,0.156544214,0.862618331,0.156727268,0.669298913,0.088214369,1.683510753,0.145659359,1.210227152,1.500000000,0.780143146,2.000000000,1.000000000,20.000000000,2.167158556,1.000000000,0.832650999,0.436268681,0.563799672,0.253041721,0.857075719,0.439836368,0.566666110,1,0,0,0.000000000,0.057812134,-0.840761015,0.158921979,-0.120802327,-0.016972192,0.098106235,0.360434835,12.122038982,0.016915085,-130.917658166,-0.115262812,142.886499009,44.884863324,-0.000213129,-0.000087812,-0.001057464,-0.000340391,0.000688562,0.000315803,-0.000270653,-0.680732852,0.000061649,0.673890321,0.000088471,-0.234623849,-0.000270050,0.165608530,0.000526906,-0.000000048,-0.000521610,-0.000000068,0.000181605,0.000000209,-0.000128186,-1.021099277,0.000092474,1.010835481,0.000132706,-0.351935774,-0.000405075,0.248412794,-0.222967384,-0.021630782,0.239438660,0.005982422,0.306990457,0.332877224,0.072599423
8.050000000,0,8.050000000,sample,0.216532450,-0.000003587,0.216033649,0.216032285,0.000001363,1.363141913,0.000008520,1,1,1.500000000,0.080000000,1.500000000,0.000364134,0.000242756,0.000242756,0.001907797,0.001907797,-0.001907797,0.001130211,0.000737260,0.329268309,4,44.357356995,1,46.339938407,0.859502340,0.156271238,0.863548367,0.156605121,0.501429447,0.052690815,1.709937644,0.138199744,1.237558227,1.500000000,0.738553547,2.000000000,0.993844170,19.876883406,2.153746101,1.000000000,0.824451627,0.435660926,0.568490752,0.261671947,0.833533836,0.435660926,0.568748570,1,0,0,0.000000000,0.056344141,-0.843605746,0.154592873,-0.120758292,-0.016658562,0.097778458,0.360555583,12.121628283,0.017106503,-130.917529003,-0.115405481,142.886272661,44.884957497,-0.000319478,-0.000391953,0.000110902,0.000491025,0.000177736,-0.000025554,-0.000047017,-0.680734445,0.000062149,0.673893049,0.000088577,-0.234615542,-0.000270376,0.165602648,-0.000165253,0.000000015,0.000163592,0.000000022,-0.000056954,-0.000000066,0.000040201,-1.021101667,0.000093223,1.010839573,0.000132866,-0.351923313,-0.000405564,0.248403972,-0.228879975,-0.024926335,0.245256929,0.010243867,0.305902114,0.332703613,0.075170968
8.100000000,0,8.100000000,sample,0.216532608,0.000003160,0.216033819,0.216032448,0.000001372,1.371529120,0.000008572,1,1,1.500000000,0.080000000,1.500000000,-0.000038754,0.000025836,-0.000025836,0.001275956,0.001275956,-0.001275956,0.001245534,0.001571021,0.016445439,7,43.774109774,1,46.339789712,0.862498778,0.156242950,0.863606732,0.156702705,0.759084569,0.054921186,1.754298516,0.131385590,1.280180284,1.500000000,0.707792881,2.000000000,0.975528258,19.510565163,2.114110046,1.000000000,0.822170625,0.443141838,0.567413244,0.260755453,0.876743075,0.447572600,0.571780791,1,0,0,0.000000000,0.058441583,-0.845795345,0.158489615,-0.120709960,-0.017120198,0.097713170,0.360801061,12.121953910,0.017106503,-130.917658166,-0.115479213,142.886265255,44.885196110,0.000870675,-0.000301451,0.000411474,0.000342449,-0.000500539,0.000040571,0.001039419,-0.680733352,0.000062163,0.673891118,0.000088636,-0.234621329,-0.000270555,0.165606796,0.000017588,-0.000000002,-0.000017411,-0.000000002,0.000006062,0.000000007,-0.000004279,-1.021100029,0.000093244,1.010836677,0.000132954,-0.351931994,-0.000405833,0.248410194,-0.229416198,-0.022829021,0.244093627,0.018162148,0.305591458,0.332206819,0.071733966
8.150000000,0,8.150000000,sample,0.216532448,-0.000003198,0.216033698,0.216032228,0.000001469,1.469425846,0.000009184,1,1,1.500000000,0.080000000,1.500000000,-0.000815593,0.000543729,-0.000543729,0.001879589,0.001879589,-0.001879589,0.001365052,0.002023945,0.268648059,2,39.118221367,1,46.339941300,0.856713370,0.156647343,0.862323978,0.156785946,1.396102839,0.132260951,1.658152902,0.143398908,1.184379028,1.500000000,0.709339972,2.000000000,0.945503262,18.910065242,2.048983801,1.000000000,0.805517206,0.444955193,0.569616599,0.263166407,0.835378059,0.445046961,0.570934721,1,0,0,0.000000000,0.055995966,-0.840845202,0.154277665,-0.120858367,-0.016572822,0.098269969,0.360433268,12.121608475,0.016915085,-130.917523049,-0.115173532,142.886332890,44.884954384,-0.000592430,-0.001265868,-0.001159194,0.000628771,0.000331550,-0.000105689,-0.000531771,-0.680734466,0.000061632,0.673893080,0.000088399,-0.234615449,-0.000269832,0.165602568,0.000370135,-0.000000034,-0.000366415,-0.000000048,0.000127567,0.000000147,-0.000090043,-1.021101699,0.000092448,1.010839620,0.000132599,-0.351923173,-0.000404748,0.248403853,-0.233884022,-0.031676539,0.243645065,0.013264321,0.306416771,0.332113336,0.070912378
8.200000000,0,8.200000000,sample,0.216532459,0.000000225,0.216033622,0.216032329,0.000001292,1.292496363,0.000008078,1,1,1.500000000,0.080000000,1.500000000,0.000500053,0.000333369,0.000333369,0.004653741,0.004653741,-0.001556624,0.004653741,0.001333214,0.250048995,3,31.338616371,1,46.339871577,0.860259249,0.156384175,0.861639896,0.156805192,0.866116669,0.077949487,1.743845798,0.136877701,1.267014070,1.500000000,0.664197625,2.000000000,0.904508497,18.090169944,1.960162597,1.000000000,0.833119956,0.448899575,0.569855736,0.264707322,0.871237537,0.449587144,0.571505267,1,0,0,0.000000000,0.055913183,-0.844307667,0.155126579,-0.120784736,-0.016562211,0.097942590,0.360524454,12.121720136,0.017207235,-130.917522994,-0.115397443,142.886454613,44.885182881,0.000291457,-0.000734167,0.000746345,0.000340249,0.000290689,0.000229022,0.000586310,-0.680733954,0.000062399,0.673892294,0.000088572,-0.234617957,-0.000270359,0.165604315,-0.000226936,0.000000021,0.000224655,0.000000030,-0.000078214,-0.000000090,0.000055207,-1.021100931,0.000093599,1.010838442,0.000132858,-0.351926936,-0.000405538,0.248406472,-0.238676609,-0.018579167,0.240880013,0.008230449,0.305668494,0.333015230,0.070714626
8.250000000,0,8.250000000,sample,0.216532567,0.000002162,0.216033819,0.216032350,0.000001470,1.469746468,0.000009186,1,1,1.500000000,0.080000000,1.500000000,0.000393337,0.000262225,0.000262225,0.002515563,0.002515563,-0.001065515,0.002515563,0.001248819,0.209977996,1,37.582558521,1,46.339890984,0.855375177,0.157026728,0.862166164,0.157026728,0.744644472,0.111792992,1.673978887,0.146276095,1.197749713,1.500000000,0.689266065,2.000000000,0.853553391,17.071067812,1.849738429,1.000000000,0.821444410,0.434663732,0.570360119,0.265412201,0.838668379,0.455696953,0.571823136,1,0,0,0.000000000,0.057053505,-0.839095647,0.155981042,-0.120854178,-0.016764867,0.098846346,0.360245635,12.121726352,0.016915085,-130.917618709,-0.115176631,142.886353296,44.885345438,-0.000765584,-0.000326091,-0.000583906,-0.000192647,-0.000093134,-0.000131061,0.000680577,-0.680734096,0.000061633,0.673892292,0.000088402,-0.234617655,-0.000269842,0.165604167,-0.000178505,0.000000016,0.000176711,0.000000023,-0.000061523,-0.000000071,0.000043425,-1.021101144,0.000092450,1.010838439,0.000132604,-0.351926482,-0.000404763,0.248406250,-0.218449606,-0.030423732,0.261524445,0.003234330,0.304447550,0.332162380,0.072382168
8.300000000,0,8.300000000,sample,0.216532316,-0.000005016,0.216033509,0.216032172,0.000001337,1.336705827,0.000008354,1,1,1.500000000,0.080000000,1.500000000,-0.005207841,0.003471894,-0.003471894,0.003509803,0.003509803,-0.003509803,0.001324613,0.004697074,0.739160964,1,92.205525750,1,46.339889019,0.856358717,0.156797500,0.859331261,0.157102095,2.163959261,0.210178377,1.814800415,0.120963393,1.354839358,1.500000000,0.675398539,2.000000000,0.793892626,15.877852523,1.720446483,1.000000000,0.821900823,0.470792325,0.576964956,0.270483081,0.831351191,0.470792325,0.576964956,1,0,0,0.000000000,0.056108919,-0.840361640,0.154901114,-0.120895966,-0.016739559,0.098434793,0.360180993,12.121720154,0.017106503,-130.917427285,-0.115175031,142.886182049,44.885054934,0.004510305,0.000288084,-0.000511912,0.001025535,0.000313790,-0.000462764,0.000101359,-0.680734082,0.000062110,0.673892786,0.000088401,-0.234616763,-0.000269838,0.165603480,0.002363436,-0.000000216,-0.002339684,-0.000000307,0.000814564,0.000000937,-0.000574958,-1.021101123,0.000093166,1.010839179,0.000132601,-0.351925145,-0.000404757,0.248405220,-0.285292766,-0.016340407,0.202782527,0.010380081,0.307865740,0.331693450,0.072105697
8.350000000,0,8.350000000,sample,0.216532594,0.000005559,0.216033808,0.216032441,0.000001367,1.367305884,0.000008546,1,1,1.500000000,0.080000000,1.500000000,-0.000183471,0.000122314,-0.000122314,0.002017048,0.002017048,-0.002017048,0.001205502,0.001198420,0.102062654,2,44.336143888,1,46.339669771,0.851844933,0.157088160,0.858315496,0.157355767,0.679378292,0.053833826,1.735461652,0.133829816,1.270811465,1.500000000,0.731827732,2.000000000,0.726995250,14.539904997,1.575529007,1.000000000,0.815784051,0.454542140,0.576926389,0.274682210,0.845167942,0.488200147,0.585808196,1,0,0,0.000000000,0.058392006,-0.834628839,0.160077688,-0.120732613,-0.017182797,0.099020591,0.359592577,12.122159690,0.017106503,-130.917638191,-0.115441195,142.886387175,44.885264757,0.000685609,0.000797972,0.000390451,0.000138267,-0.000096700,0.000152912,0.000353677,-0.680732471,0.000062157,0.673889836,0.000088608,-0.234625509,-0.000270470,0.165609713,0.000083263,-0.000000008,-0.000082426,-0.000000011,0.000028698,0.000000033,-0.000020256,-1.021098707,0.000093236,1.010834754,0.000132913,-0.351938263,-0.000405706,0.248414569,-0.249663414,-0.026443359,0.244503425,0.011895667,0.305901581,0.333492406,0.071390428
8.400000000,0,8.400000000,sample,0.216532724,0.000002597,0.216034026,0.216032460,0.000001566,1.566187262,0.000009789,1,1,1.500000000,0.080000000,1.500000000,-0.001501892,0.001001261,-0.001001261,0.004289754,0.004289754,-0.001057906,0.004289754,0.001934262,0.517644984,3,51.545556662,1,46.339840644,0.844074769,0.157613950,0.852064182,0.157638353,0.826565594,0.126401378,1.662509394,0.147527583,1.192512420,1.500000000,0.793370491,2.000000000,0.654508497,13.090169944,1.418400969,1.000000000,0.829425702,0.452117900,0.580730686,0.284518325,0.839186153,0.459673549,0.582387159,1,0,0,0.000000000,0.058218826,-0.827132422,0.157875714,-0.120728286,-0.016968011,0.099894569,0.359090667,12.121847097,0.016803948,-130.917743518,-0.115345449,142.886393760,44.885264757,0.000286211,-0.000140543,-0.001388708,-0.000976400,0.000056917,-0.000103566,0.000862479,-0.680733727,0.000061385,0.673891428,0.000088533,-0.234620004,-0.000270240,0.165605876,0.000681592,-0.000000061,-0.000674741,-0.000000089,0.000234916,0.000000271,-0.000165815,-1.021100590,0.000092078,1.010837142,0.000132799,-0.351930005,-0.000405360,0.248408814,-0.240402459,-0.021733674,0.267530250,0.006040038,0.303351087,0.332018153,0.071523295
8.450000000,0,8.450000000,sample,0.216532560,-0.000003292,0.216033803,0.216032363,0.000001439,1.439206562,0.000008995,1,1,1.500000000,0.080000000,1.500000000,0.000412190,0.000274793,0.000274793,0.001860790,0.001860790,-0.001224398,0.001860790,0.001110466,0.247457380,1,38.253154527,1,46.339833697,0.839840691,0.157660584,0.846777322,0.157894391,0.610369803,0.027742366,1.650663152,0.136934796,1.193248887,1.500000000,0.869256890,2.000000000,0.578217233,11.564344650,1.253069087,1.000000000,0.820520666,0.482445450,0.591446178,0.298087513,0.835805314,0.485701070,0.592090405,1,0,0,0.000000000,0.057658697,-0.822957431,0.157317921,-0.120685067,-0.016976727,0.100018823,0.358438932,12.121856822,0.017010801,-130.917618703,-0.115490099,142.886269725,44.885054934,-0.000686814,-0.000281624,-0.000371286,-0.000409111,-0.000490647,0.000123770,-0.000347608,-0.680733676,0.000061926,0.673891692,0.000088644,-0.234619613,-0.000270579,0.165605565,-0.000187061,0.000000017,0.000185181,0.000000024,-0.000064472,-0.000000074,0.000045507,-1.021100513,0.000092888,1.010837538,0.000132966,-0.351929419,-0.000405868,0.248408347,-0.294426011,-0.018924061,0.233944846,0.005810426,0.304622548,0.332151252,0.069860447
8.500000000,0,8.500000000,sample,0.216532547,-0.000000255,0.216033700,0.216032430,0.000001270,1.270210636,0.000007939,1,1,1.500000000,0.080000000,1.500000000,0.000169518,0.000113012,0.000113012,0.001582480,0.001582480,-0.001582480,0.001258136,0.001952385,0.057883949,2,53.074262945,1,46.339974727,0.837534247,0.157961180,0.842841716,0.158536587,0.578966622,0.067053705,1.664408605,0.132291513,1.213566690,1.500000000,0.985040591,2.000000000,0.500000000,10.000000000,1.083540539,1.000000000,0.801134409,0.484584932,0.597613439,0.306400864,0.823001339,0.485521632,0.597624110,1,0,0,0.000000000,0.057398035,-0.821019461,0.155229267,-0.120824489,-0.016869249,0.100342443,0.357985260,12.121608474,0.017228573,-130.917618723,-0.115335365,142.886129607,44.885014135,-0.000316480,-0.001422353,0.000102349,-0.000394574,-0.000084328,-0.000427294,-0.001154428,-0.680734711,0.000062442,0.673893256,0.000088523,-0.234614596,-0.000270211,0.165602050,-0.000076931,0.000000007,0.000076158,0.000000010,-0.000026514,-0.000000031,0.000018715,-1.021102067,0.000093662,1.010839884,0.000132785,-0.351921893,-0.000405317,0.248403076,-0.297339074,-0.029615121,0.243351538,0.007799461,0.304879587,0.332714637,0.070163010
8.550000000,0,8.550000000,sample,0.216532601,0.000001078,0.216033742,0.216032500,0.000001242,1.241993853,0.000007762,1,1,1.500000000,0.080000000,1.500000000,-0.000065041,0.000043361,-0.000043361,0.001743555,0.001743555,-0.001479065,0.001743555,0.001164321,0.037241245,1,41.276664898,1,46.339908851,0.833223491,0.158593967,0.838906899,0.158653325,0.735271991,0.043637871,1.702260503,0.136251007,1.241912326,1.500000000,1.135414112,2.000000000,0.421782767,8.435655350,0.914046722,1.000000000,0.822404872,0.494362449,0.602855432,0.314088555,0.831058865,0.495602806,0.603414298,1,0,0,0.000000000,0.057862704,-0.816330989,0.156579085,-0.120906813,-0.016975611,0.101219651,0.357446005,12.121735261,0.017247423,-130.917658166,-0.115203033,142.886188879,44.885264757,0.000748040,-0.000132540,0.000591530,-0.000027467,0.000099649,-0.000345117,0.000546639,-0.680734228,0.000062467,0.673892429,0.000088423,-0.234617115,-0.000269904,0.165603836,0.000029517,-0.000000003,-0.000029220,-0.000000004,0.000010173,0.000000012,-0.000007181,-1.021101341,0.000093700,1.010838643,0.000132634,-0.351925673,-0.000404856,0.248405754,-0.313185172,-0.016026180,0.238311455,0.008198075,0.304984159,0.331691110,0.072104050
8.600000000,0,8.600000000,sample,0.216532714,0.000002274,0.216033878,0.216032583,0.000001295,1.295414119,0.000008096,1,1,1.500000000,0.080000000,1.500000000,0.003334055,0.002222703,0.002222703,0.003323610,0.003323610,-0.001220500,0.003323610,0.003104765,0.715900725,1,78.943556940,1,46.339847312,0.820421597,0.159223917,0.833064763,0.159248631,1.290536174,0.172300510,1.577092294,0.154950219,1.111780167,1.500000000,1.207470774,2.000000000,0.345491503,6.909830056,0.748720332,1.000000000,0.792592906,0.500354191,0.611045455,0.321872821,0.832168552,0.503723751,0.611910571,1,0,0,0.000000000,0.057617506,-0.803116843,0.157401255,-0.120777601,-0.016854761,0.102376482,0.356087408,12.121816541,0.017204227,-130.917730365,-0.115405731,142.886461114,44.885183159,-0.002758589,-0.000772915,0.000346951,-0.000772583,-0.000066446,0.000613650,0.000578023,-0.680733776,0.000062394,0.673891517,0.000088579,-0.234619747,-0.000270380,0.165605675,-0.001513069,0.000000139,0.001497861,0.000000197,-0.000521490,-0.000000601,0.000368092,-1.021100663,0.000093591,1.010837275,0.000132869,-0.351929621,-0.000405571,0.248408513,-0.329324303,-0.032288690,0.233551432,0.009648147,0.305036060,0.333131421,0.072225977
8.650000000,0,8.650000000,sample,0.216532456,-0.000005164,0.216033845,0.216032112,0.000001733,1.733394078,0.000010834,1,1,1.500000000,0.080000000,1.500000000,-0.000444315,0.000296210,-0.000296210,0.010715052,0.003234113,-0.002339493,0.003234113,0.003867156,0.076596304,3,46.331495807,1,46.339790972,0.750239767,0.163834764,0.821110483,0.163834764,2.813615305,0.273501942,1.367189413,0.170045113,0.938715932,1.500000000,1.264171244,2.000000000,0.273004750,5.460095003,0.591635244,1.000000000,0.819978958,0.562615400,0.640386718,0.335922169,0.823282602,0.562615400,0.640386718,1,0,0,0.000000000,0.055812259,-0.731567614,0.156695650,-0.120707029,-0.016742366,0.109504960,0.349037644,12.121884812,0.016556136,-130.917522994,-0.115302556,142.886427147,44.884545907,-0.002579686,0.000528007,-0.002632267,0.000100548,0.000575534,-0.000030125,-0.000866167,-0.680733362,0.000060760,0.673891426,0.000088500,-0.234620767,-0.000270140,0.165606303,0.000201640,-0.000000018,-0.000199613,-0.000000026,0.000069497,0.000000080,-0.000049054,-1.021100043,0.000091139,1.010837139,0.000132750,-0.351931150,-0.000405210,0.248409455,-0.402841430,-0.019547797,0.183839959,0.002520278,0.313976157,0.331922743,0.069818317
8.700000000,0,8.700000000,sample,0.216532458,0.000000029,0.216033918,0.216032053,0.000001865,1.864861275,0.000011655,1,1,1.500000000,0.080000000,1.500000000,0.008711127,0.005807418,0.005807418,0.008350138,0.008350138,-0.004434649,0.008350138,0.007609641,0.763165836,1,95.936268533,1,46.339715708,0.608553512,0.175094070,0.744939787,0.175094070,3.298367752,0.437420066,1.060394254,0.203590974,0.692966680,1.500000000,1.300841015,2.000000000,0.206107374,4.122147477,0.446664383,1.000000000,0.820710652,0.636116864,0.691902815,0.382667478,0.829076699,0.638020223,0.693255723,1,0,0,0.000000000,0.055439045,-0.585031813,0.158119157,-0.120744283,-0.016886759,0.125672546,0.333441455,12.122035446,0.016344356,-130.917524943,-0.115167544,142.886418283,44.884802353,-0.007453419,0.000232879,0.001125638,0.000070946,0.000634806,0.000250349,0.000749125,-0.680732809,0.000060209,0.673890606,0.000088398,-0.234623408,-0.000269827,0.165608171,-0.003953300,0.000000350,0.003913564,0.000000513,-0.001362556,-0.000001567,0.000961756,-1.021099213,0.000090314,1.010835909,0.000132596,-0.351935112,-0.000404740,0.248412256,-0.474762825,-0.027620048,0.184377590,0.002504345,0.322385280,0.332043489,0.066184473
8.750000000,0,8.750000000,sample,0.216532453,-0.000000093,0.216033805,0.216032137,0.000001668,1.667781200,0.000010424,1,1,1.500000000,0.080000000,1.500000000,-0.001417859,0.000945239,-0.000945239,0.008103173,0.008103173,-0.004685408,0.008103173,0.004637631,0.203819415,3,70.160101251,1,46.339878234,0.515428962,0.182321372,0.605014369,0.182622083,3.497345145,0.337265014,0.860872562,0.191360870,0.554575618,1.500000000,1.357673883,2.000000000,0.146446609,2.928932188,0.317362382,1.000000000,0.799923627,0.596424811,0.687982781,0.417394820,0.821920063,0.663931636,0.711457209,1,0,0,0.000000000,0.053989471,-0.488525988,0.155224069,-0.120736018,-0.016585906,0.135605327,0.322726913,12.121720309,0.016649417,-130.917522994,-0.115295179,142.886391927,44.884421209,-0.002448255,-0.000455322,-0.003884555,0.000189103,-0.000240271,0.000174652,-0.000304286,-0.680734003,0.000060990,0.673892381,0.000088493,-0.234617690,-0.000270119,0.165604139,0.000643456,-0.000000058,-0.000636989,-0.000000084,0.000221770,0.000000255,-0.000156536,-1.021101004,0.000091486,1.010838572,0.000132740,-0.351926535,-0.000405179,0.248406208,-0.369404765,-0.027558745,0.342654787,0.007631787,0.322606513,0.332122820,0.065190994
8.800000000,0,8.800000000,sample,0.216532598,0.000002888,0.216033597,0.216032648,0.000000949,0.949121709,0.000005932,0,0,1.500000000,0.080000000,0.000000000,0.000000000,0.007675038,0.000000000,0.007675038,0.006840873,-0.006840873,0.005917245,0.008447569,0.908549871,1,76.776060887,0,0.000000000,0.492885083,0.184422201,0.518821236,0.184589973,1.686788467,0.190657370,0.904387570,0.185101287,0.603000001,0.000000000,0.530409376,2.000000000,0.095491503,1.909830056,0.206940529,1.000000000,0.797358313,0.650114773,0.699927051,0.000000000,0.836435478,0.668647685,0.716771172,1,0,0,0.000000000,0.056256705,-0.463552911,0.157764339,-0.120915795,-0.017097217,0.138197698,0.318946958,12.121856878,0.017694703,-130.917658168,-0.115355770,142.886150973,44.884303263,-0.007401925,-0.000354124,0.004037651,-0.000069191,0.000111756,-0.000056780,-0.000352702,0.000000000,0.000000000,0.000000000,0.000000000,0.000000000,0.000000000,0.000000000,-0.005224658,0.000000488,0.005172145,0.000000680,-0.001800711,-0.000002074,0.001271027,0.000000000,0.000000000,0.000000000,0.000000000,0.000000000,0.000000000,0.000000000,-0.432780190,-0.030391591,0.272073357,0.006803106,0.336734538,0.332111011,0.062589673
8.850000000,0,8.850000000,sample,0.216532324,-0.000005464,0.216033435,0.216032264,0.000001171,1.171243639,0.000007320,1,1,1.500000000,0.080000000,1.500000000,-0.009478012,0.006318675,-0.006318675,0.009748131,0.009748131,-0.009748131,0.000436366,0.006833613,0.924646262,3,66.146109804,1,46.339824554,0.489917190,0.184355255,0.498002069,0.185106991,1.153426474,0.123671240,0.923836203,0.163312516,0.610445884,1.500000000,1.522282266,2.000000000,0.054496738,1.089934758,0.118100128,1.000000000,0.821875509,0.693821551,0.715075714,0.392468366,0.890703418,0.760623194,0.770281598,1,0,0,0.000000000,0.053852286,-0.461355984,0.155786522,-0.120920266,-0.016724501,0.138150065,0.319051250,12.121829447,0.017355165,-130.917427303,-0.115236065,142.886265923,44.883932813,0.003888218,-0.000029556,-0.005557795,0.000789029,-0.000223606,0.000037652,0.000126808,-0.680733608,0.000062742,0.673892066,0.000088449,-0.234619068,-0.000269983,0.165605090,0.004301334,-0.000000396,-0.004258105,-0.000000559,0.001482482,0.000001706,-0.001046405,-1.021100413,0.000094112,1.010838099,0.000132673,-0.351928602,-0.000404974,0.248407635,-0.487420508,-0.029789050,0.195748289,0.003331365,0.346861176,0.332287695,0.061732149
8.900000000,0,8.900000000,sample,0.216532573,0.000004980,0.216033352,0.216032825,0.000000527,0.526748677,0.000003292,0,0,1.500000000,0.080000000,0.000000000,0.000000000,0.005357249,0.000000000,0.005357249,0.004581132,-0.004581132,0.003441620,0.006410450,0.835705681,1,89.620168432,0,0.000000000,0.458769249,0.187257286,0.490801900,0.187257286,2.115207880,0.245957495,0.821472733,0.193326519,0.550568854,0.000000000,0.529444535,2.000000000,0.024471742,0.489434837,0.053032344,1.000000000,0.823793399,0.678161333,0.697175795,0.000000000,0.901496917,0.785045248,0.783033365,1,0,0,0.000000000,0.054351215,-0.428053506,0.155837626,-0.121104516,-0.016657101,0.141850373,0.314485720,12.121720813,0.018287416,-130.917618703,-0.115256921,142.886413342,44.883996032,-0.006068640,-0.000148672,0.001971132,-0.000180359,0.000315603,-0.000443569,-0.000170646,0.000000000,0.000000000,0.000000000,0.000000000,0.000000000,0.000000000,0.000000000,-0.003646862,0.000000349,0.003610209,0.000000474,-0.001256906,-0.000001447,0.000887183,0.000000000,0.000000000,0.000000000,0.000000000,0.000000000,0.000000000,0.000000000,-0.443898378,-0.021820832,0.225029510,0.000422765,0.352146799,0.332126047,0.059821674
8.950000000,0,8.950000000,sample,0.216532577,0.000000078,0.216033166,0.216033017,0.000000150,0.149517190,0.000000934,0,0,1.500000000,0.080000000,0.000000000,0.000000000,0.005583946,0.000000000,0.006890887,0.006861909,-0.005038788,0.006861909,0.006161731,0.906230154,1,79.941420769,0,0.000000000,0.427826837,0.190317406,0.459507596,0.190317406,1.695424478,0.194045423,0.771432634,0.187057507,0.506628673,0.000000000,0.500881993,2.000000000,0.006155830,0.123116594,0.013340206,1.000000000,0.798219230,0.674008851,0.696045364,0.000000000,0.930608475,0.811306509,0.801070508,1,0,0,0.000000000,0.054019828,-0.394776683,0.155785209,-0.121222365,-0.016613900,0.145773220,0.310327668,12.121721833,0.018830072,-130.917618721,-0.115250669,142.886453889,44.884286534,-0.005509202,-0.001083335,0.002400543,-0.000277257,-0.000552732,0.000157625,0.000521703,0.000000000,0.000000000,0.000000000,0.000000000,0.000000000,0.000000000,0.000000000,-0.003801182,0.000000371,0.003762978,0.000000494,-0.001310094,-0.000001508,0.000924726,0.000000000,0.000000000,0.000000000,0.000000000,0.000000000,0.000000000,0.000000000,-0.429460352,-0.033708193,0.243274037,0.002357317,0.354463987,0.332501308,0.059304808
9.000000000,0,9.000000000,sample,0.216532625,0.000000959,0.216033613,0.216032680,0.000000933,0.933022829,0.000005831,0,0,1.500000000,0.080000000,0.000000000,0.000000000,0.001663627,0.000000000,0.004610628,0.003599877,-0.003599877,0.002983072,0.002871848,0.579287944,1,83.817539823,0,0.000000000,0.409095725,0.191433857,0.429553915,0.191449292,1.660000574,0.170382871,0.773120353,0.185158243,0.539558023,0.000000000,0.539555523,2.000000000,0.000000000,0.000000000,0.000000000,1.000000000,0.818767508,0.705482377,0.707610390,0.000000000,0.888712115,0.777003013,0.759767409,1,0,0,0.000000000,0.054957636,-0.373222847,0.158251940,-0.121071640,-0.016890217,0.147320400,0.309196364,12.121959079,0.017675903,-130.917658166,-0.115099218,142.886452616,44.883452655,-0.002629232,0.000762280,-0.000061275,-0.000802319,0.000182749,0.000092254,-0.000253378,0.000000000,0.000000000,0.000000000,0.000000000,0.000000000,0.000000000,0.000000000,-0.001132486,0.000000106,0.001121103,0.000000147,-0.000390324,-0.000000449,0.000275509,0.000000000,0.000000000,0.000000000,0.000000000,0.000000000,0.000000000,0.000000000,-0.461779759,-0.027174750,0.212990041,0.003516889,0.358022595,0.331791520,0.055592576
9.050000000,0,9.050000000,sample,0.216532579,-0.000000929,0.216033628,0.216032561,0.000001067,1.067051664,0.000006669,1,1,1.500000000,0.080000000,1.500000000,-0.004299276,0.002866184,-0.002866184,0.008113594,0.008113594,-0.003437245,0.008113594,0.003539485,0.809774389,1,59.265805521,1,46.339854267,0.407998192,0.191347871,0.419844526,0.191898825,0.827817678,0.054336173,0.835759511,0.167147916,0.557801552,1.500000000,1.600358298,2.000000000,0.000000000,0.000000000,0.000000000,1.000000000,0.828951841,0.731075455,0.723898244,0.372391732,0.929198954,0.773251899,0.756068366,1,0,0,0.000000000,0.053987624,-0.373013049,0.156234204,-0.121015472,-0.016644023,0.147282857,0.309373376,12.121773320,0.017487852,-130.917618865,-0.115129857,142.886473426,44.883433022,0.002724847,-0.001256079,-0.001510253,-0.000397144,0.000580273,0.000084947,0.000861922,-0.680733827,0.000063055,0.673891864,0.000088367,-0.234619008,-0.000269733,0.165605099,0.001951109,-0.000000181,-0.001931498,-0.000000253,0.000672461,0.000000773,-0.000474655,-1.021100740,0.000094582,1.010837797,0.000132551,-0.351928512,-0.000404600,0.248407649,-0.499854311,-0.032428365,0.160244938,0.012536009,0.363939908,0.333862751,0.058056457
9.100000000,0,9.100000000,sample,0.216532457,-0.000002428,0.216033482,0.216032473,0.000001010,1.009604245,0.000006310,1,1,1.500000000,0.080000000,1.500000000,0.001927086,0.001284724,0.001284724,0.007130716,0.002499420,-0.002499420,0.001284724,0.002044331,0.628432321,1,74.938144699,1,46.339826701,0.401378241,0.191477261,0.411688364,0.192409211,1.011467384,0.078458026,0.768542858,0.173254508,0.526828073,1.500000000,1.589826662,2.000000000,0.000000000,0.000000000,0.000000000,1.000000000,0.844162879,0.706545373,0.701764675,0.357342867,0.847281942,0.748012041,0.740616204,1,0,0,0.000000000,0.053531102,-0.365884810,0.156100031,-0.120995710,-0.016653297,0.147466089,0.308513169,12.121817373,0.017581873,-130.917524455,-0.115197713,142.886414064,44.882902104,-0.001769712,0.000818257,0.000047229,0.000222885,-0.000424891,-0.000219644,-0.000311734,-0.680733624,0.000063301,0.673891813,0.000088419,-0.234619514,-0.000269893,0.165605423,-0.000874555,0.000000081,0.000865765,0.000000114,-0.000301421,-0.000000347,0.000212757,-1.021100436,0.000094951,1.010837720,0.000132629,-0.351929271,-0.000404839,0.248408134,-0.461974535,-0.017281471,0.176542455,0.001450755,0.365378546,0.332638500,0.058611794
9.150000000,0,9.150000000,sample,0.216532555,0.000001951,0.216033259,0.216032897,0.000000363,0.362521713,0.000002266,0,0,1.500000000,0.080000000,0.000000000,0.000000000,0.000582224,0.000000000,0.009684458,0.004423728,-0.002594754,0.004423728,0.009823777,0.059266867,5,88.320517403,0,0.000000000,0.386836551,0.193619967,0.401965870,0.193708780,1.634458509,0.700451998,0.702605933,0.264985088,0.505144191,0.000000000,0.505141631,2.000000000,0.000000000,0.000000000,0.000000000,1.000000000,0.806271938,0.640217182,0.684392379,0.000000000,0.930640466,0.824176536,0.799897664,1,0,0,0.000000000,0.054990121,-0.349172703,0.157152878,-0.121379684,-0.016961495,0.149893201,0.305757845,12.121829441,0.018458357,-130.917618757,-0.114860536,142.886212010,44.883160942,-0.003219199,-0.000027909,-0.000802084,-0.000236514,0.009232287,0.000211214,-0.000404429,0.000000000,0.000000000,0.000000000,0.000000000,0.000000000,0.000000000,0.000000000,0.000396340,-0.000000038,-0.000392356,-0.000000051,0.000136601,0.000000157,-0.000096419,0.000000000,0.000000000,0.000000000,0.000000000,0.000000000,0.000000000,0.000000000,-0.348035558,-0.025652950,0.325886248,0.004584724,0.355336326,0.332807706,0.057951395
9.200000000,0,9.200000000,sample,0.216532571,0.000000327,0.216033571,0.216032598,0.000000973,0.973079116,0.000006082,0,0,1.500000000,0.080000000,0.000000000,0.000000000,0.000758710,0.000000000,0.003938095,0.001485971,-0.001485971,0.000509035,0.002214951,0.342540522,3,68.027625110,0,0.000000000,0.393258466,0.192365090,0.394962772,0.193448341,1.442176170,0.182792276,0.850913947,0.149361403,0.590614032,0.000000000,0.590615245,2.000000000,0.000000000,0.000000000,0.000000000,1.000000000,0.943490291,0.813046555,0.789112498,0.000000000,0.946986875,0.824383206,0.800321637,1,0,0,0.000000000,0.053735984,-0.357419017,0.154971969,-0.121035146,-0.016573866,0.148593836,0.307548634,12.121624142,0.017626137,-130.917618703,-0.115147873,142.886393401,44.883068851,0.000839184,-0.000563374,0.001826866,-0.000498895,-0.000523175,0.000060856,-0.000143649,0.000000000,0.000000000,0.000000000,0.000000000,0.000000000,0.000000000,0.000000000,-0.000516480,0.000000048,0.000511289,0.000000067,-0.000178006,-0.000000205,0.000125645,0.000000000,0.000000000,0.000000000,0.000000000,0.000000000,0.000000000,0.000000000,-0.606741878,-0.009086171,0.077870486,0.004831124,0.365968865,0.333270767,0.058228021
9.250000000,0,9.250000000,sample,0.216532569,-0.000000050,0.216033596,0.216032587,0.000001009,1.008501761,0.000006303,1,1,1.500000000,0.080000000,1.500000000,-0.002638713,0.001759142,-0.001759142,0.008521203,0.004829564,-0.004829564,0.000995411,0.005105263,0.344574180,3,76.273325504,1,46.339795489,0.386667715,0.193386910,0.395764220,0.193707542,3.278969806,0.462320141,0.638797011,0.219886353,0.461187788,1.500000000,1.569296876,2.000000000,0.000000000,0.000000000,0.000000000,1.000000000,0.891370752,0.792919944,0.774582230,0.394563960,0.935813281,0.804081360,0.780979685,1,0,0,0.000000000,0.054672277,-0.348798366,0.157678673,-0.121011252,-0.016886332,0.149898719,0.306671770,12.121911615,0.017578054,-130.917618703,-0.115165821,142.886366415,44.883463850,-0.001511768,0.000594370,-0.004458661,-0.000001611,0.000379331,0.000035639,0.001843954,-0.680733395,0.000063286,0.673891253,0.000088395,-0.234621007,-0.000269820,0.165606530,0.001197507,-0.000000111,-0.001185470,-0.000000156,0.000412732,0.000000475,-0.000291325,-1.021100092,0.000094929,1.010836880,0.000132593,-0.351931510,-0.000404730,0.248409795,-0.583772142,-0.025295129,0.108357315,0.012285222,0.363558012,0.333412245,0.057597628
9.300000000,0,9.300000000,sample,0.216532573,0.000000084,0.216033510,0.216032667,0.000000843,0.842743475,0.000005267,0,0,1.500000000,0.080000000,0.000000000,0.000000000,0.000184255,0.000000000,0.004757238,0.002971206,-0.002971206,0.002436226,0.001411904,0.130501101,3,28.183994281,0,0.000000000,0.389492486,0.192870024,0.393755435,0.193866119,0.707867074,0.135745416,0.809049576,0.152800566,0.557469340,0.000000000,0.557469864,2.000000000,0.000000000,0.000000000,0.000000000,1.000000000,0.821315579,0.697164422,0.706940714,0.000000000,0.874798982,0.781023122,0.765118330,1,0,0,0.000000000,0.053942419,-0.352859426,0.155835931,-0.121136464,-0.016652523,0.149155948,0.306867502,12.121720162,0.017795868,-130.917618757,-0.115038140,142.886410971,44.883028052,0.000589515,-0.000486224,0.000749560,-0.000362637,-0.000685595,-0.000102686,-0.000485388,0.000000000,0.000000000,0.000000000,0.000000000,0.000000000,0.000000000,0.000000000,-0.000125429,0.000000012,0.000124168,0.000000016,-0.000043230,-0.000000050,0.000030513,0.000000000,0.000000000,0.000000000,0.000000000,0.000000000,0.000000000,0.000000000,-0.453900325,-0.022754101,0.228649339,0.006713996,0.356554593,0.332281894,0.057912746
9.350000000,0,9.350000000,sample,0.216532564,-0.000000185,0.216033457,0.216032720,0.000000737,0.736972177,0.000004606,0,0,1.500000000,0.080000000,0.000000000,0.000000000,0.000160202,0.000000000,0.003831501,0.002227048,-0.002227048,0.001246596,0.001218529,0.131471556,2,23.767764841,0,0.000000000,0.389620079,0.192932386,0.397049823,0.193152680,0.400599639,0.052169540,0.791882825,0.162614572,0.535088509,0.000000000,0.535088669,2.000000000,0.000000000,0.000000000,0.000000000,1.000000000,0.840444460,0.746638136,0.729767059,0.000000000,0.876252965,0.773017143,0.750686628,1,0,0,0.000000000,0.054984143,-0.351862330,0.158029905,-0.121068650,-0.016972711,0.149255536,0.306589766,12.121940232,0.017976534,-130.917618703,-0.115209582,142.886310053,44.883163070,0.000388042,-0.000594060,0.000324718,-0.000438228,-0.000543010,0.000406632,0.000472899,0.000000000,0.000000000,0.000000000,0.000000000,0.000000000,0.000000000,0.000000000,-0.000109055,0.000000010,0.000107959,0.000000014,-0.000037587,-0.000000043,0.000026531,0.000000000,0.000000000,0.000000000,0.000000000,0.000000000,0.000000000,0.000000000,-0.511098592,-0.031192266,0.139068721,0.008692869,0.369876611,0.332900642,0.057602191
9.400000000,0,9.400000000,sample,0.216532556,-0.000000158,0.216033506,0.216032648,0.000000858,0.857856680,0.000005362,0,0,1.500000000,0.080000000,0.000000000,0.000000000,0.000775386,0.000000000,0.010360927,0.008644506,-0.008644506,0.000000000,0.001785196,0.434342111,1,38.968026598,0,0.000000000,0.388409353,0.192858795,0.392401818,0.193777576,0.480890290,0.018338441,0.753932741,0.167274272,0.512711434,0.000000000,0.512710305,2.000000000,0.000000000,0.000000000,0.000000000,1.000000000,0.871123222,0.754616111,0.734490812,0.000000000,0.883840295,0.785471748,0.767318388,1,0,0,0.000000000,0.054787989,-0.351175895,0.156638412,-0.121131026,-0.016894499,0.149118628,0.306709719,12.121776172,0.017773695,-130.917618703,-0.115037132,142.886225209,44.882809994,-0.001114398,-0.000718438,0.000310031,-0.000366210,0.000054321,-0.000150272,-0.001083111,0.000000000,0.000000000,0.000000000,0.000000000,0.000000000,0.000000000,0.000000000,-0.000527832,0.000000049,0.000522527,0.000000068,-0.000181919,-0.000000209,0.000128407,0.000000000,0.000000000,0.000000000,0.000000000,0.000000000,0.000000000,0.000000000,-0.519200590,-0.017863490,0.140596220,0.003672801,0.368223619,0.333246009,0.056267861
9.450000000,0,9.450000000,sample,0.216532558,0.000000034,0.216033608,0.216032545,0.000001063,1.063049801,0.000006644,1,1,1.500000000,0.080000000,1.500000000,-0.003723046,0.002482031,-0.002482031,0.005216311,0.004367988,-0.004367988,0.000535747,0.003330577,0.745225413,1,67.734683752,1,46.339905935,0.386992464,0.192753853,0.391961301,0.193396790,0.974189100,0.186963181,0.809501722,0.146009934,0.557028032,1.500000000,1.600088996,2.000000000,0.000000000,0.000000000,0.000000000,1.000000000,0.854370093,0.732210132,0.717739024,0.365562091,0.869803220,0.747729873,0.728426733,1,0,0,0.000000000,0.054545314,-0.349889851,0.156093138,-0.121050029,-0.016820750,0.149057039,0.306878254,12.121720137,0.017483776,-130.917618865,-0.115072106,142.886242772,44.882661518,0.002741101,-0.001096108,-0.000922013,-0.000661281,-0.000611345,0.000148796,-0.000833290,-0.680734206,0.000063034,0.673892481,0.000088322,-0.234617070,-0.000269597,0.165603776,0.001689603,-0.000000156,-0.001672622,-0.000000219,0.000582327,0.000000669,-0.000411034,-1.021101309,0.000094552,1.010838722,0.000132483,-0.351925605,-0.000404395,0.248405664,-0.488206603,-0.019461907,0.163719764,-0.001626903,0.368124938,0.333034776,0.056479319
9.500000000,0,9.500000000,sample,0.216532461,-0.000001933,0.216033461,0.216032496,0.000000965,0.964658948,0.000006029,0,0,1.500000000,0.080000000,0.000000000,0.000000000,0.000407144,0.000000000,0.005981385,0.003134187,-0.002682916,0.003134187,0.001489649,0.273315162,7,62.964488743,0,0.000000000,0.389399453,0.192688920,0.391819849,0.193700059,0.524196187,0.066792993,0.783427719,0.172130022,0.518981741,0.000000000,0.518981551,2.000000000,0.000000000,0.000000000,0.000000000,1.000000000,0.859321193,0.749414274,0.732408352,0.000000000,0.923281297,0.813559365,0.786864779,1,0,0,0.000000000,0.053102797,-0.352986367,0.155604149,-0.121058236,-0.016549512,0.148996768,0.307059515,12.121774524,0.017632700,-130.917522994,-0.115112901,142.886472288,44.882961253,0.000696657,-0.000297661,-0.000166357,0.000406545,0.000070358,0.000223609,0.001182039,0.000000000,0.000000000,0.000000000,0.000000000,0.000000000,0.000000000,0.000000000,0.000277156,-0.000000026,-0.000274371,-0.000000036,0.000095524,0.000000110,-0.000067425,0.000000000,0.000000000,0.000000000,0.000000000,0.000000000,0.000000000,0.000000000,-0.517486486,-0.021982919,0.138025931,0.005596957,0.367919799,0.332214153,0.057730205
9.550000000,0,9.550000000,sample,0.216532702,0.000004831,0.216033682,0.216032761,0.000000920,0.920123073,0.000005751,0,0,1.500000000,0.080000000,0.000000000,0.000000000,0.000891988,0.000000000,0.008891130,0.008316778,-0.001031465,0.008316778,0.001294631,0.688990149,4,47.742565998,0,0.000000000,0.387756886,0.192942402,0.392700109,0.193322802,0.538983558,0.056458050,0.783724901,0.167493299,0.544920443,0.000000000,0.544920943,2.000000000,0.000000000,0.000000000,0.000000000,1.000000000,0.867933226,0.758496166,0.734911439,0.000000000,0.869921481,0.765968835,0.741892476,1,0,0,0.000000000,0.055465297,-0.349887515,0.157663346,-0.121095956,-0.016951256,0.149248769,0.306663180,12.121822447,0.017688647,-130.917730525,-0.115065320,142.886326146,44.882833027,0.000623152,-0.000075928,-0.000658517,-0.000894538,-0.000014966,-0.000142744,-0.000165960,0.000000000,0.000000000,0.000000000,0.000000000,0.000000000,0.000000000,0.000000000,0.000607206,-0.000000057,-0.000601103,-0.000000079,0.000209278,0.000000240,-0.000147718,0.000000000,0.000000000,0.000000000,0.000000000,0.000000000,0.000000000,0.000000000,-0.524821248,-0.021098398,0.116474709,0.004801715,0.371016384,0.331255696,0.056916001
9.600000000,0,9.600000000,sample,0.216532571,-0.000002623,0.216033532,0.216032643,0.000000889,0.889398592,0.000005559,0,0,1.500000000,0.080000000,0.000000000,0.000000000,0.002459329,0.000000000,0.010187503,0.005972316,-0.004619649,0.005972316,0.002799958,0.878345054,1,84.077863893,0,0.000000000,0.388277708,0.192711294,0.389815247,0.193843814,0.980993944,0.121828081,0.822404820,0.156170059,0.568002161,0.000000000,0.568002837,2.000000000,0.000000000,0.000000000,0.000000000,1.000000000,0.838677848,0.711799822,0.705456591,0.000000000,0.892458803,0.786972025,0.755413371,1,0,0,0.000000000,0.054011278,-0.351477453,0.155903691,-0.121166812,-0.016675051,0.148923434,0.306794042,12.121724686,0.017715924,-130.917618703,-0.114961367,142.886393892,44.882582528,0.002567393,-0.000124747,-0.000745438,-0.000278016,0.000443993,0.000007579,-0.000634458,0.000000000,0.000000000,0.000000000,0.000000000,0.000000000,0.000000000,0.000000000,0.001674149,-0.000000156,-0.001657323,-0.000000217,0.000577002,0.000000662,-0.000407275,0.000000000,0.000000000,0.000000000,0.000000000,0.000000000,0.000000000,0.000000000,-0.455487601,-0.018004298,0.204778947,-0.000589448,0.366425240,0.332401345,0.056418236
9.650000000,0,9.650000000,sample,0.216532710,0.000002781,0.216033603,0.216032847,0.000000756,0.755848037,0.000004724,0,0,1.500000000,0.080000000,0.000000000,0.000000000,0.000679431,0.000000000,0.003181269,0.003074274,-0.003074274,0.001923416,0.003697497,0.183754235,1,64.148495456,0,0.000000000,0.387125793,0.192950792,0.390254946,0.194220867,2.513470236,0.224596492,0.888601279,0.146776105,0.622855615,0.000000000,0.622859147,2.000000000,0.000000000,0.000000000,0.000000000,1.000000000,0.924109187,0.814682739,0.786167361,0.000000000,0.924109187,0.814682739,0.786167361,1,0,0,0.000000000,0.054883920,-0.349690611,0.156750157,-0.121143250,-0.016780258,0.149240557,0.306393017,12.121738434,0.017926611,-130.917730363,-0.115072116,142.886413334,44.882793030,0.002961427,-0.000754392,0.001690666,-0.000804088,-0.000221422,0.000087844,0.000877878,0.000000000,0.000000000,0.000000000,0.000000000,0.000000000,0.000000000,0.000000000,0.000462512,-0.000000044,-0.000457863,-0.000000060,0.000159407,0.000000183,-0.000112517,0.000000000,0.000000000,0.000000000,0.000000000,0.000000000,0.000000000,0.000000000,-0.602462913,-0.017539752,0.084963994,0.007318296,0.366170599,0.332267598,0.055089133
9.700000000,0,9.700000000,sample,0.216532701,-0.000000195,0.216033423,0.216033017,0.000000406,0.406435334,0.000002540,0,0,1.500000000,0.080000000,0.000000000,0.000000000,0.001601796,0.000000000,0.007352230,0.004547693,-0.000756270,0.004547693,0.002280487,0.702391805,1,72.586153586,0,0.000000000,0.382667726,0.193532321,0.388816525,0.193983892,0.966058148,0.080644891,0.733700734,0.176403751,0.508743365,0.000000000,0.508740642,2.000000000,0.000000000,0.000000000,0.000000000,1.000000000,0.830264565,0.735347601,0.721552493,0.000000000,0.925522703,0.816628275,0.788264440,1,0,0,0.000000000,0.055535621,-0.344175601,0.157776865,-0.121303533,-0.016981459,0.149839388,0.305277950,12.121831456,0.018413795,-130.917730363,-0.114973794,142.886305748,44.882674244,-0.001942918,-0.000449049,0.000346929,-0.000963936,-0.000310127,-0.000226117,-0.000164943,0.000000000,0.000000000,0.000000000,0.000000000,0.000000000,0.000000000,0.000000000,-0.001090396,0.000000105,0.001079437,0.000000141,-0.000375812,-0.000000431,0.000265266,0.000000000,0.000000000,0.000000000,0.000000000,0.000000000,0.000000000,0.000000000,-0.495755162,-0.033606962,0.154808249,0.002615935,0.368730085,0.332497709,0.056976771
9.750000000,0,9.750000000,sample,0.216532568,-0.000002654,0.216033235,0.216032955,0.000000280,0.279673887,0.000001748,0,0,1.500000000,0.080000000,0.000000000,0.000000000,0.005395650,0.000000000,0.006286886,0.005932393,-0.004835501,0.005932393,0.008205725,0.657546955,3,91.214814390,0,0.000000000,0.383880540,0.193684312,0.387071191,0.193899063,4.659785178,0.545464405,0.993269428,0.125703902,0.747660707,0.000000000,0.747663684,2.000000000,0.000000000,0.000000000,0.000000000,1.000000000,0.859189289,0.756154308,0.737680062,0.000000000,0.877507544,0.756779783,0.737680062,1,0,0,0.000000000,0.055085718,-0.345098646,0.158860810,-0.121242831,-0.017026476,0.150079605,0.305174211,12.122036978,0.018625168,-130.917618703,-0.115146204,142.886353343,44.883155139,0.000657018,0.000993111,0.007836997,-0.000324410,-0.002010020,-0.000239132,0.000543011,0.000000000,0.000000000,0.000000000,0.000000000,0.000000000,0.000000000,0.000000000,-0.003672996,0.000000356,0.003636077,0.000000477,-0.001265944,-0.000001456,0.000893563,0.000000000,0.000000000,0.000000000,0.000000000,0.000000000,0.000000000,0.000000000,-0.523376634,-0.024154506,0.139182795,0.007373144,0.368745611,0.333139159,0.057307017
9.800000000,0,9.800000000,sample,0.216532431,-0.000002736,0.216033009,0.216032919,0.000000090,0.089538609,0.000000560,0,0,1.500000000,0.080000000,0.000000000,0.000000000,0.005029338,0.000000000,0.006558037,0.006558037,-0.004853336,0.006558037,0.005491849,0.915782279,3,59.518649745,0,0.000000000,0.376104351,0.194202961,0.383399580,0.194520597,0.661023550,0.082057162,0.784553718,0.170137251,0.542985275,0.000000000,0.542989711,2.000000000,0.000000000,0.000000000,0.000000000,1.000000000,0.802755538,0.671097148,0.687379390,0.000000000,0.883689594,0.787418144,0.765247911,1,0,0,0.000000000,0.055035424,-0.336580164,0.158554022,-0.121347032,-0.017143119,0.150651257,0.303974285,12.122038515,0.018885437,-130.917522994,-0.115063988,142.886143139,44.882715285,-0.003336562,0.000842799,0.004236870,0.000478678,0.000246230,-0.000140240,-0.000238655,0.000000000,0.000000000,0.000000000,0.000000000,0.000000000,0.000000000,0.000000000,-0.003423637,0.000000335,0.003389226,0.000000444,-0.001179995,-0.000001356,0.000832896,0.000000000,0.000000000,0.000000000,0.000000000,0.000000000,0.000000000,0.000000000,-0.397928066,-0.028291438,0.263300810,0.000365448,0.361525601,0.331816311,0.056683332
9.851000000,0,9.851000000,sample,0.216532572,0.000002761,0.216033552,0.216032626,0.000000926,0.925946380,0.000005787,0,0,1.500000000,0.080000000,0.000000000,0.000000000,0.000550615,0.000000000,0.003732533,0.000785776,-0.000785776,0.000467275,0.003149231,0.174841076,1,46.389432942,0,0.000000000,0.382486826,0.193441617,0.387499839,0.194376828,2.191931931,0.158360088,0.852775561,0.159941111,0.582748273,0.000000000,0.582747724,2.000000000,0.000000000,0.000000000,0.000000000,1.000000000,0.829278548,0.725081440,0.709749586,0.000000000,0.860265756,0.768589530,0.753680800,1,0,0,0.000000000,0.054040686,-0.344980609,0.156090216,-0.121137086,-0.016693775,0.149889237,0.306146470,12.121744446,0.017668472,-130.917619190,-0.114992931,142.886393846,44.882879572,0.002144935,-0.000983496,0.001658468,-0.000053994,0.001188455,-0.000033572,0.000427393,0.000000000,0.000000000,0.000000000,0.000000000,0.000000000,0.000000000,0.000000000,0.000374822,-0.000000035,-0.000371055,-0.000000049,0.000129184,0.000000148,-0.000091184,0.000000000,0.000000000,0.000000000,0.000000000,0.000000000,0.000000000,0.000000000,-0.473286417,-0.026572617,0.164358481,0.010642967,0.371367066,0.332810505,0.056877281
9.901000000,0,9.901000000,sample,0.216532438,-0.000002677,0.216033245,0.216032696,0.000000550,0.549725892,0.000003436,0,0,1.500000000,0.080000000,0.000000000,0.000000000,0.000353427,0.000000000,0.009202104,0.005656643,-0.001658040,0.005656643,0.004226463,0.083622358,1,53.203965704,0,0.000000000,0.380597851,0.193694891,0.386369640,0.194299791,3.216917232,0.334314312,0.911545161,0.141892253,0.653410762,0.000000000,0.653404121,2.000000000,0.000000000,0.000000000,0.000000000,1.000000000,0.859606800,0.752658281,0.733610814,0.000000000,0.859606800,0.754380646,0.734823612,1,0,0,0.000000000,0.055019280,-0.341609505,0.158526178,-0.121283675,-0.017125744,0.150048958,0.305220083,12.122035446,0.018200225,-130.917527385,-0.114930745,142.886162237,44.882582408,0.003082826,0.000544116,0.002788178,0.000259954,0.000383696,-0.000065887,-0.000264635,0.000000000,0.000000000,0.000000000,0.000000000,0.000000000,0.000000000,0.000000000,0.000240589,-0.000000023,-0.000238171,-0.000000031,0.000082922,0.000000095,-0.000058530,0.000000000,0.000000000,0.000000000,0.000000000,0.000000000,0.000000000,0.000000000,-0.518942139,-0.023278611,0.137331719,0.004049421,0.368493297,0.332349542,0.056763208
9.951000000,0,9.951000000,sample,0.216532691,0.000005060,0.216033746,0.216032665,0.000001081,1.081048781,0.000006757,1,1,1.500000000,0.080000000,1.500000000,-0.000014408,0.000009605,-0.000009605,0.003247203,0.002561397,-0.002561397,0.000199060,0.003510509,0.002736177,1,38.622960488,1,46.339979511,0.373077771,0.194306448,0.382447320,0.194306448,2.315111162,0.332892079,0.639061509,0.207887850,0.444739012,1.500000000,1.564540611,2.000000000,0.000000000,0.000000000,0.000000000,1.000000000,0.829922263,0.721288223,0.711460424,0.364672074,0.876924320,0.785266765,0.762275248,1,0,0,0.000000000,0.055172359,-0.334432507,0.155877940,-0.121077174,-0.016857848,0.151033529,0.305242891,12.121610041,0.017447933,-130.917730363,-0.115013168,142.886204884,44.882920453,-0.002181689,-0.001080266,-0.002119925,-0.000624077,0.000878503,-0.000162969,0.000845607,-0.680734747,0.000062934,0.673893013,0.000088276,-0.234614976,-0.000269456,0.165602358,0.000006539,-0.000000001,-0.000006473,-0.000000001,0.000002254,0.000000003,-0.000001591,-1.021102120,0.000094402,1.010839519,0.000132414,-0.351922464,-0.000404185,0.248403537,-0.470492925,-0.025320381,0.180418441,0.011718876,0.369474859,0.334099510,0.057869859
10.001000000,0,10.001000000,sample,0.216532332,-0.000007173,0.216033360,0.216032351,0.000001010,1.009674433,0.000006310,1,1,1.500000000,0.080000000,1.500000000,0.005666825,0.003777883,0.003777883,0.003777883,0.003777883,-0.002644450,0.003777883,0.006715947,0.562524305,1,94.026209181,1,46.339822345,0.376511597,0.193634775,0.382412250,0.194416710,4.152060557,0.394322129,0.560895078,0.211345471,0.403613276,1.500000000,1.553351677,2.000000000,0.000000000,0.000000000,0.000000000,1.000000000,0.804237866,0.688486492,0.688767853,0.352000143,0.861843567,0.764347942,0.746342013,1,0,0,0.000000000,0.052821716,-0.338791658,0.155534758,-0.121026257,-0.016616285,0.150236382,0.305594441,12.121816030,0.017573176,-130.917427503,-0.115145648,142.886350296,44.882703552,-0.006512260,-0.000088506,-0.001108778,0.000970790,-0.000607100,-0.000229742,-0.000305625,-0.680733592,0.000063270,0.673892021,0.000088379,-0.234619193,-0.000269771,0.165605163,-0.002571732,0.000000239,0.002545885,0.000000334,-0.000886364,-0.000001019,0.000625637,-1.021100388,0.000094905,1.010838032,0.000132569,-0.351928790,-0.000404656,0.248407744,-0.424484534,-0.030711569,0.207788964,0.008336797,0.368507445,0.333006811,0.057739127
10.051000000,0,10.051000000,sample,0.216532573,0.000004818,0.216033417,0.216032767,0.000000650,0.650139138,0.000004063,0,0,1.500000000,0.080000000,0.000000000,0.000000000,0.000188160,0.000000000,0.005064777,0.003029073,0.000000000,0.003029073,0.000897929,0.209549147,7,40.051144252,0,0.000000000,0.385337141,0.192791906,0.387651228,0.194027604,0.479460018,0.077169602,0.793443687,0.162756245,0.550358748,0.000000000,0.550358915,2.000000000,0.000000000,0.000000000,0.000000000,1.000000000,0.833329032,0.739396458,0.719713769,0.000000000,0.853223285,0.744367256,0.726506879,1,0,0,0.000000000,0.054198292,-0.347830487,0.156720163,-0.121176677,-0.016746535,0.149011696,0.306032311,12.121816074,0.018079067,-130.917618703,-0.115072102,142.886414005,44.882352537,0.000101086,0.000264122,0.000550105,-0.000220091,0.000083905,-0.000212788,-0.000568263,0.000000000,0.000000000,0.000000000,0.000000000,0.000000000,0.000000000,0.000000000,-0.000128087,0.000000012,0.000126800,0.000000017,-0.000044146,-0.000000051,0.000031160,0.000000000,0.000000000,0.000000000,0.000000000,0.000000000,0.000000000,0.000000000,-0.493823024,-0.033063167,0.141137754,0.009555938,0.371977553,0.333988716,0.055736992
10.101000000,0,10.101000000,sample,0.216532433,-0.000002802,0.216033486,0.216032442,0.000001044,1.044023246,0.000006525,1,1,1.500000000,0.080000000,1.500000000,-0.001466902,0.000977934,-0.000977934,0.003963148,0.001324321,-0.001324321,0.000000000,0.002084663,0.469109248,7,54.316270260,1,46.339770397,0.379549781,0.193634490,0.384310198,0.193634490,0.188964974,0.095398584,0.763053512,0.180088484,0.513678365,1.500000000,1.585517309,2.000000000,0.000000000,0.000000000,0.000000000,1.000000000,0.850227506,0.732972349,0.702502550,0.327870411,0.904757104,0.794611390,0.750840510,1,0,0,0.000000000,0.054773886,-0.340743069,0.157962081,-0.121110052,-0.017055148,0.150119262,0.305869747,12.121979196,0.017494966,-130.917522994,-0.114973727,142.886170880,44.882647246,0.000945394,0.000179927,-0.000711500,0.000475630,0.000466616,-0.000330154,0.001536387,-0.680733211,0.000063047,0.673891264,0.000088248,-0.234621345,-0.000269371,0.165606762,0.000665712,-0.000000062,-0.000659022,-0.000000086,0.000229444,0.000000263,-0.000161953,-1.021099816,0.000094570,1.010836897,0.000132372,-0.351932018,-0.000404057,0.248410143,-0.465323586,-0.021280022,0.135562977,0.005330209,0.378928983,0.334284693,0.052837410
10.151000000,0,10.151000000,sample,0.216532712,0.000005579,0.216033554,0.216032898,0.000000655,0.655409529,0.000004096,0,0,1.500000000,0.080000000,0.000000000,0.000000000,0.002566275,0.000000000,0.004466517,0.002732222,-0.002732222,0.002578762,0.006093730,0.421133673,5,89.043897296,0,0.000000000,0.383878698,0.192954880,0.384126293,0.194324010,0.620376991,0.404116186,0.796858627,0.114433974,0.566010075,0.000000000,0.566011461,2.000000000,0.000000000,0.000000000,0.000000000,1.000000000,0.820556749,0.721418376,0.706887623,0.000000000,0.867600183,0.776499495,0.748340654,1,0,0,0.000000000,0.054783080,-0.346139871,0.156680753,-0.121151676,-0.016757826,0.149241523,0.305855682,12.121733981,0.018078118,-130.917730381,-0.115112901,142.886431784,44.882437423,-0.000121881,-0.000370243,0.001726809,-0.000836365,-0.005750231,0.000451498,-0.000176716,0.000000000,0.000000000,0.000000000,0.000000000,0.000000000,0.000000000,0.000000000,-0.001746951,0.000000166,0.001729392,0.000000227,-0.000602095,-0.000000692,0.000424987,0.000000000,0.000000000,0.000000000,0.000000000,0.000000000,0.000000000,0.000000000,-0.461418392,-0.029839168,0.179797989,0.009847053,0.372638108,0.333878078,0.055989213
10.201000000,0,10.201000000,sample,0.216532709,-0.000000072,0.216033632,0.216032833,0.000000800,0.799561287,0.000004997,0,0,1.500000000,0.080000000,0.000000000,0.000000000,0.000041934,0.000000000,0.003242733,0.002054615,-0.002054615,0.000000000,0.001995224,0.021016994,2,78.110084228,0,0.000000000,0.382606191,0.193396515,0.383961812,0.193719650,1.444681697,0.145599362,0.793216365,0.173078743,0.572098002,0.000000000,0.572098064,2.000000000,0.000000000,0.000000000,0.000000000,1.000000000,0.847478024,0.722700956,0.702611731,0.000000000,0.867491421,0.737864728,0.716068334,1,0,0,0.000000000,0.055796119,-0.343306447,0.159420745,-0.121171615,-0.017084267,0.149759072,0.305776033,12.122023276,0.017851101,-130.917730363,-0.114996305,142.886394096,44.882559820,-0.000160227,0.001763377,-0.000105902,-0.000860498,0.000171473,0.000089514,-0.000238033,0.000000000,0.000000000,0.000000000,0.000000000,0.000000000,0.000000000,0.000000000,0.000028546,-0.000000003,-0.000028259,-0.000000004,0.000009839,0.000000011,-0.000006945,0.000000000,0.000000000,0.000000000,0.000000000,0.000000000,0.000000000,0.000000000,-0.462970294,-0.017229214,0.157941123,0.008817985,0.373759185,0.333435783,0.055914232
10.251000000,0,10.251000000,sample,0.216532459,-0.000004989,0.216033404,0.216032555,0.000000849,0.848924113,0.000005306,0,0,1.500000000,0.080000000,0.000000000,0.000000000,0.006124405,0.000000000,0.006124405,0.002947046,-0.001820561,0.002947046,0.011373136,0.538497423,5,62.738470751,0,0.000000000,0.380970558,0.193231209,0.382888129,0.194196643,3.752380736,0.898019076,0.933971146,0.075691126,0.731908742,0.000000000,0.731912723,2.000000000,0.000000000,0.000000000,0.000000000,1.000000000,0.824117954,0.699920749,0.694167112,0.000000000,0.882984670,0.767481237,0.735162290,1,0,0,0.000000000,0.053335876,-0.343328139,0.156267847,-0.121055833,-0.016638001,0.149689553,0.305838987,12.121842702,0.017810467,-130.917522996,-0.115179431,142.886451561,44.882660360,0.000818370,-0.000025160,0.006881101,0.000037522,-0.009008391,0.000037464,-0.000417624,0.000000000,0.000000000,0.000000000,0.000000000,0.000000000,0.000000000,0.000000000,-0.004169087,0.000000391,0.004127185,0.000000541,-0.001436909,-0.000001653,0.001014237,0.000000000,0.000000000,0.000000000,0.000000000,0.000000000,0.000000000,0.000000000,-0.440514471,-0.023772342,0.190444425,0.004753051,0.369856426,0.332883216,0.057906597
10.301000000,0,10.301000000,sample,0.216532321,-0.000002760,0.216033266,0.216032434,0.000000833,0.832619998,0.000005204,0,0,1.500000000,0.080000000,0.000000000,0.000000000,0.000582933,0.000000000,0.007780927,0.004488220,-0.001382834,0.004488220,0.003972879,0.146728170,5,87.455553853,0,0.000000000,0.380518456,0.193355527,0.384062688,0.194142790,0.388221410,0.217429471,0.773939154,0.199068179,0.527255399,0.000000000,0.527255015,2.000000000,0.000000000,0.000000000,0.000000000,1.000000000,0.868547949,0.765852496,0.746019233,0.000000000,0.954374990,0.840799886,0.810547907,1,0,0,0.000000000,0.053592318,-0.342613880,0.156645740,-0.121175225,-0.016838645,0.149731041,0.305751383,12.121916141,0.017800057,-130.917427285,-0.114975343,142.886229697,44.882440537,-0.000277541,0.001148303,0.000165588,0.000742691,0.003715344,-0.000013609,-0.000071858,0.000000000,0.000000000,0.000000000,0.000000000,0.000000000,0.000000000,0.000000000,0.000396822,-0.000000037,-0.000392834,-0.000000051,0.000136768,0.000000157,-0.000096537,0.000000000,0.000000000,0.000000000,0.000000000,0.000000000,0.000000000,0.000000000,-0.534267725,-0.023584461,0.136082215,0.008572028,0.369619019,0.334725105,0.057406480
10.351000000,0,10.351000000,sample,0.216532319,-0.000000034,0.216033292,0.216032393,0.000000900,0.899581161,0.000005622,0,0,1.500000000,0.080000000,0.000000000,0.000000000,0.001080916,0.000000000,0.009719329,0.004346582,-0.002030108,0.004346582,0.008905483,0.121376434,5,97.488271113,0,0.000000000,0.378022019,0.193704014,0.383331965,0.194169403,0.782200592,0.554975250,0.759038947,0.245062957,0.505849171,0.000000000,0.505850390,2.000000000,0.000000000,0.000000000,0.000000000,1.000000000,0.840189308,0.729922676,0.717744465,0.000000000,0.863327879,0.750858795,0.734221213,1,0,0,0.000000000,0.053050428,-0.340736614,0.154870459,-0.121204608,-0.016661769,0.150176808,0.305655470,12.121721702,0.017689240,-130.917427285,-0.114889008,142.886211676,44.882613233,-0.000794770,-0.000550617,0.000504655,0.000642596,0.008792931,0.000133757,0.000609636,0.000000000,0.000000000,0.000000000,0.000000000,0.000000000,0.000000000,0.000000000,0.000735816,-0.000000069,-0.000728421,-0.000000095,0.000253601,0.000000291,-0.000179004,0.000000000,0.000000000,0.000000000,0.000000000,0.000000000,0.000000000,0.000000000,-0.483475566,-0.023195171,0.174229137,0.007612159,0.368562694,0.333673500,0.057273705
10.401000000,0,10.401000000,sample,0.216532443,0.000002466,0.216033015,0.216032903,0.000000112,0.111839583,0.000000699,0,0,1.500000000,0.080000000,0.000000000,0.000000000,0.005773196,0.000000000,0.006463080,0.003408861,-0.003004270,0.003408861,0.006530155,0.884082643,1,77.210654642,0,0.000000000,0.376952769,0.193714807,0.382466544,0.194149731,1.895292397,0.127515312,0.659769410,0.177425709,0.433919844,0.000000000,0.433920908,2.000000000,0.000000000,0.000000000,0.000000000,1.000000000,0.817160925,0.699047518,0.696392965,0.000000000,0.864513792,0.761065353,0.739515894,1,0,0,0.000000000,0.053264517,-0.339742758,0.154373377,-0.121289881,-0.016586796,0.150130175,0.304341441,12.121608477,0.018869272,-130.917522994,-0.115160212,142.886269671,44.882623162,-0.005738020,-0.000934789,0.002559720,0.000578655,-0.001157027,0.000095701,-0.000780599,0.000000000,0.000000000,0.000000000,0.000000000,0.000000000,0.000000000,0.000000000,-0.003930014,0.000000384,0.003890518,0.000000510,-0.001354480,-0.000001558,0.000956055,0.000000000,0.000000000,0.000000000,0.000000000,0.000000000,0.000000000,0.000000000,-0.432930845,-0.022747392,0.223767154,0.007377785,0.365709631,0.331781690,0.055387784
10.451000000,0,10.451000000,sample,0.216532439,-0.000000079,0.216033347,0.216032572,0.000000775,0.774886776,0.000004843,0,0,1.500000000,0.080000000,0.000000000,0.000000000,0.001260809,0.000000000,0.003787315,0.000000000,0.000000000,0.000000000,0.001980195,0.636709288,7,37.269437744,0,0.000000000,0.381581508,0.193174677,0.388252551,0.193701554,0.791051872,0.096870512,0.745598374,0.175428575,0.490149362,0.000000000,0.490149435,2.000000000,0.000000000,0.000000000,0.000000000,1.000000000,0.835232974,0.733923909,0.716122849,0.000000000,0.857000033,0.755599837,0.735467180,1,0,0,0.000000000,0.053780025,-0.344298077,0.155470222,-0.121149895,-0.016738334,0.149529217,0.305841069,12.121720154,0.017895765,-130.917522994,-0.115051720,142.886229706,44.882483108,-0.000789894,-0.000950435,0.000708250,0.000562618,-0.000194178,-0.000276861,0.001208883,0.000000000,0.000000000,0.000000000,0.000000000,0.000000000,0.000000000,0.000000000,-0.000858276,0.000000081,0.000849650,0.000000111,-0.000295807,-0.000000340,0.000208795,0.000000000,0.000000000,0.000000000,0.000000000,0.000000000,0.000000000,0.000000000,-0.487606070,-0.027970068,0.144059142,0.012786856,0.372739982,0.333346864,0.057603510
10.501000000,0,10.501000000,sample,0.216532560,0.000002424,0.216033562,0.216032609,0.000000953,0.953190960,0.000005957,0,0,1.500000000,0.080000000,0.000000000,0.000000000,0.000469830,0.000000000,0.003185299,0.002819188,-0.002819188,0.002644503,0.001265218,0.371343428,1,80.271520940,0,0.000000000,0.378027378,0.193690182,0.385418442,0.193695027,0.881934452,0.091361836,0.718460475,0.178299515,0.488570508,0.000000000,0.488570051,2.000000000,0.000000000,0.000000000,0.000000000,1.000000000,0.813958647,0.703519808,0.693752583,0.000000000,0.839239234,0.736236430,0.715624912,1,0,0,0.000000000,0.055053803,-0.338949211,0.158073432,-0.121105668,-0.017010381,0.150199702,0.305535432,12.121938388,0.017635394,-130.917618703,-0.115031157,142.886270501,44.882576725,-0.001133564,0.000102783,-0.000489123,-0.000085617,-0.000087111,0.000221541,0.000044768,0.000000000,0.000000000,0.000000000,0.000000000,0.000000000,0.000000000,0.000000000,-0.000319829,0.000000030,0.000316615,0.000000041,-0.000110232,-0.000000127,0.000077807,0.000000000,0.000000000,0.000000000,0.000000000,0.000000000,0.000000000,0.000000000,-0.443104958,-0.030802380,0.174575802,0.009310181,0.372512525,0.333750952,0.057299093
10.551000000,0,10.551000000,sample,0.216532556,-0.000000069,0.216033463,0.216032695,0.000000768,0.768179548,0.000004801,0,0,1.500000000,0.080000000,0.000000000,0.000000000,0.000361789,0.000000000,0.005350801,0.002672254,-0.002672254,0.001052679,0.004136609,0.087460292,1,44.413821818,0,0.000000000,0.376932083,0.193613325,0.382901541,0.193823208,2.940887842,0.329783200,0.892287599,0.136284317,0.638868137,0.000000000,0.638865500,2.000000000,0.000000000,0.000000000,0.000000000,1.000000000,0.801867515,0.691870075,0.688397663,0.000000000,0.945492537,0.828771488,0.798837397,1,0,0,0.000000000,0.054822147,-0.338258123,0.157015190,-0.121090580,-0.016928794,0.150121974,0.305173238,12.121817877,0.017922865,-130.917618703,-0.115157668,142.886231594,44.882518991,0.002756789,0.000320533,0.002754856,-0.000058230,-0.001166356,-0.000169335,0.000653626,0.000000000,0.000000000,0.000000000,0.000000000,0.000000000,0.000000000,0.000000000,-0.000246282,0.000000023,0.000243807,0.000000032,-0.000084882,-0.000000098,0.000059914,0.000000000,0.000000000,0.000000000,0.000000000,0.000000000,0.000000000,0.000000000,-0.428060824,-0.032189426,0.197408465,0.014047720,0.368793173,0.333524311,0.056610975
10.601000000,0,10.601000000,sample,0.216532703,0.000002923,0.216033722,0.216032735,0.000000988,0.987509193,0.000006172,0,0,1.500000000,0.080000000,0.000000000,0.000000000,0.000074996,0.000000000,0.008528358,0.003407466,-0.003017099,0.003407466,0.001594842,0.047024007,4,55.598330410,0,0.000000000,0.379445358,0.193434196,0.384870227,0.194091002,0.908942740,0.093505763,0.764049130,0.165204699,0.542503508,0.000000000,0.542503450,2.000000000,0.000000000,0.000000000,0.000000000,1.000000000,0.810189421,0.690576236,0.690036365,0.000000000,0.865382071,0.759354260,0.743361395,1,0,0,0.000000000,0.056055874,-0.339625224,0.159659720,-0.121071660,-0.017162325,0.149879604,0.305657988,12.122038636,0.017592687,-130.917730363,-0.115072102,142.886330808,44.882370052,-0.000364279,0.000277837,-0.000151803,-0.001189182,-0.000326320,-0.000017580,-0.000888614,0.000000000,0.000000000,0.000000000,0.000000000,0.000000000,0.000000000,0.000000000,-0.000051052,0.000000005,0.000050539,0.000000007,-0.000017596,-0.000000020,0.000012420,0.000000000,0.000000000,0.000000000,0.000000000,0.000000000,0.000000000,0.000000000,-0.430527658,-0.029460890,0.202275171,0.006320217,0.366975351,0.333218666,0.057161165
10.651000000,0,10.651000000,sample,0.216532462,-0.000004822,0.216033328,0.216032628,0.000000700,0.699971904,0.000004375,0,0,1.500000000,0.080000000,0.000000000,0.000000000,0.000627886,0.000000000,0.008357084,0.002952904,-0.002952904,0.000987283,0.010371145,0.060541641,5,86.561176860,0,0.000000000,0.375196279,0.194080273,0.382080391,0.194080273,1.281699724,0.740295509,0.687565563,0.270125092,0.480697858,0.000000000,0.480698680,2.000000000,0.000000000,0.000000000,0.000000000,1.000000000,0.814689238,0.678891185,0.687579387,0.000000000,0.959752456,0.842899560,0.812803991,1,0,0,0.000000000,0.052955354,-0.337336511,0.155473652,-0.121210331,-0.016529865,0.150671735,0.304980442,12.121761430,0.017993384,-130.917522994,-0.114987208,142.886478283,44.882809417,-0.003602156,-0.000698011,0.000512561,0.000372141,0.009649133,0.000515847,0.000569942,0.000000000,0.000000000,0.000000000,0.000000000,0.000000000,0.000000000,0.000000000,-0.000427423,0.000000040,0.000423127,0.000000055,-0.000147314,-0.000000169,0.000103981,0.000000000,0.000000000,0.000000000,0.000000000,0.000000000,0.000000000,0.000000000,-0.408841227,-0.024493721,0.236934786,0.006269290,0.365706539,0.334286564,0.057863168
10.701000000,0,10.701000000,sample,0.216532354,-0.000002147,0.216033261,0.216032490,0.000000771,0.771438677,0.000004821,0,0,1.500000000,0.080000000,0.000000000,0.000000000,0.000644018,0.000000000,0.008943357,0.005152078,-0.005152078,0.002761717,0.001487598,0.432924454,4,55.269110252,0,0.000000000,0.379747526,0.193402796,0.385330333,0.194634308,0.602932617,0.049896813,0.744268557,0.169191926,0.495892668,0.000000000,0.495893544,2.000000000,0.000000000,0.000000000,0.000000000,1.000000000,0.831966352,0.722113448,0.711732572,0.000000000,0.848638875,0.733682820,0.719975472,1,0,0,0.000000000,0.052719174,-0.342396990,0.155541549,-0.121164453,-0.016569044,0.149830851,0.305631114,12.121817858,0.017897524,-130.917440439,-0.115030350,142.886413839,44.882559820,-0.000695474,0.000076352,0.000442490,0.001105928,0.000209286,-0.000187546,-0.000474959,0.000000000,0.000000000,0.000000000,0.000000000,0.000000000,0.000000000,0.000000000,-0.000438404,0.000000041,0.000433998,0.000000057,-0.000151099,-0.000000174,0.000106653,0.000000000,0.000000000,0.000000000,0.000000000,0.000000000,0.000000000,0.000000000,-0.476687857,-0.024195204,0.171236164,0.009978450,0.368112771,0.332333460,0.058074079
10.751000000,0,10.751000000,sample,0.216532581,0.000004534,0.216033522,0.216032682,0.000000841,0.840879702,0.000005255,0,0,1.500000000,0.080000000,0.000000000,0.000000000,0.001065604,0.000000000,0.002190473,0.000000000,0.000000000,0.000000000,0.002005609,0.531311819,1,73.660283058,0,0.000000000,0.383952155,0.192804856,0.386976490,0.193583886,1.141282341,0.160135567,0.822252298,0.152386713,0.569916910,0.000000000,0.569916503,2.000000000,0.000000000,0.000000000,0.000000000,1.000000000,0.837311546,0.723162181,0.700248663,0.000000000,0.847377667,0.750343783,0.727889533,1,0,0,0.000000000,0.054338450,-0.345797188,0.157768487,-0.121139460,-0.016805838,0.149052030,0.306103214,12.121938722,0.017798375,-130.917620164,-0.115036378,142.886478751,44.882160800,0.001721325,0.000222492,0.000380421,-0.000179609,0.000094593,0.000477301,-0.000772179,0.000000000,0.000000000,0.000000000,0.000000000,0.000000000,0.000000000,0.000000000,0.000725392,-0.000000068,-0.000718101,-0.000000094,0.000250014,0.000000287,-0.000176472,0.000000000,0.000000000,0.000000000,0.000000000,0.000000000,0.000000000,0.000000000,-0.457589498,-0.022843772,0.151207671,0.007238265,0.378447612,0.333399026,0.056076254
10.801000000,0,10.801000000,sample,0.216532560,-0.000000412,0.216033511,0.216032661,0.000000851,0.850832012,0.000005318,0,0,1.500000000,0.080000000,0.000000000,0.000000000,0.002196206,0.000000000,0.008595026,0.006102683,-0.001385551,0.006102683,0.004824098,0.455257374,1,53.891753498,0,0.000000000,0.380238241,0.193495039,0.383052054,0.194185686,2.886115422,0.282763796,0.895624339,0.153736079,0.638156199,0.000000000,0.638154356,2.000000000,0.000000000,0.000000000,0.000000000,1.000000000,0.890460156,0.782874510,0.761078278,0.000000000,0.890460156,0.782874510,0.761078278,1,0,0,0.000000000,0.055062875,-0.341412955,0.158070851,-0.121225911,-0.017010374,0.149850779,0.305657002,12.121938218,0.017757043,-130.917618865,-0.114874624,142.886271973,44.882343246,0.003541419,0.000086431,0.001541418,-0.000267575,0.002458254,-0.000011747,-0.001494017,0.000000000,0.000000000,0.000000000,0.000000000,0.000000000,0.000000000,0.000000000,0.001495031,-0.000000140,-0.001480004,-0.000000194,0.000515276,0.000000591,-0.000363706,0.000000000,0.000000000,0.000000000,0.000000000,0.000000000,0.000000000,0.000000000,-0.561822604,-0.021914618,0.101548162,0.005780504,0.371394165,0.333621066,0.059440490
10.851000000,0,10.851000000,sample,0.216532441,-0.000002383,0.216033382,0.216032544,0.000000838,0.837914377,0.000005237,0,0,1.500000000,0.080000000,0.000000000,0.000000000,0.004807004,0.000000000,0.004807004,0.002054702,-0.002054702,0.001831708,0.005508928,0.872584172,1,83.764978616,0,0.000000000,0.379392086,0.193375924,0.382188291,0.193943906,1.871943956,0.253652753,0.666421545,0.197102799,0.443426526,0.000000000,0.443428138,2.000000000,0.000000000,0.000000000,0.000000000,1.000000000,0.875463821,0.772386833,0.744387874,0.000000000,0.906524956,0.797229010,0.772592134,1,0,0,0.000000000,0.053821264,-0.341701968,0.155824873,-0.121139037,-0.016759209,0.149795563,0.305657154,12.121761430,0.017802567,-130.917523481,-0.115037215,142.886250268,44.882462831,-0.005041948,-0.000492992,0.001683677,0.000727845,-0.000244479,-0.000205929,0.001103316,0.000000000,0.000000000,0.000000000,0.000000000,0.000000000,0.000000000,0.000000000,-0.003272291,0.000000307,0.003239403,0.000000424,-0.001127809,-0.000001296,0.000796060,0.000000000,0.000000000,0.000000000,0.000000000,0.000000000,0.000000000,0.000000000,-0.535066107,-0.021838197,0.116929296,0.006382883,0.373510345,0.333144350,0.055967163
10.901000000,0,10.901000000,sample,0.216532575,0.000002680,0.216033392,0.216032795,0.000000597,0.597057570,0.000003732,0,0,1.500000000,0.080000000,0.000000000,0.000000000,0.005503346,0.000000000,0.009541170,0.003197653,-0.001707254,0.003197653,0.006456227,0.852409058,3,52.677078951,0,0.000000000,0.382755725,0.193282248,0.382755725,0.193973168,0.543162604,0.139165915,0.747838448,0.176689464,0.504276268,0.000000000,0.504280846,2.000000000,0.000000000,0.000000000,0.000000000,1.000000000,0.833029847,0.740462732,0.727319329,0.000000000,0.874670361,0.774807904,0.745213589,1,0,0,0.000000000,0.054110851,-0.344991169,0.156700524,-0.121200407,-0.016726339,0.149628601,0.305646838,12.121817355,0.018153204,-130.917618703,-0.115057662,142.886434655,44.882644970,0.004011115,0.000096706,-0.004685863,-0.000370686,-0.000359422,0.000252719,0.001815679,0.000000000,0.000000000,0.000000000,0.000000000,0.000000000,0.000000000,0.000000000,0.003746313,-0.000000356,-0.003708659,-0.000000486,0.001291193,0.000001484,-0.000911385,0.000000000,0.000000000,0.000000000,0.000000000,0.000000000,0.000000000,0.000000000,-0.497229300,-0.028958392,0.175754065,0.010311382,0.367916127,0.333689357,0.056667106
10.951000000,0,10.951000000,sample,0.216532455,-0.000002406,0.216033380,0.216032578,0.000000802,0.801847224,0.000005012,0,0,1.500000000,0.080000000,0.000000000,0.000000000,0.000093230,0.000000000,0.006206724,0.000000000,0.000000000,0.000000000,0.001142141,0.081627322,5,42.587912869,0,0.000000000,0.382522447,0.193310932,0.387642891,0.193554951,0.196780305,0.065428052,0.762552594,0.177524727,0.516732309,0.000000000,0.516732360,2.000000000,0.000000000,0.000000000,0.000000000,1.000000000,0.854171095,0.743575148,0.717929053,0.000000000,0.854978385,0.750029175,0.734206277,1,0,0,0.000000000,0.053824004,-0.344605701,0.157077399,-0.121332388,-0.016781803,0.149552463,0.305936778,12.121918344,0.017801732,-130.917524455,-0.114716462,142.886387433,44.882242398,-0.000298183,0.000587766,0.000048661,0.000522312,0.000745355,-0.000038482,0.000194660,0.000000000,0.000000000,0.000000000,0.000000000,0.000000000,0.000000000,0.000000000,-0.000063465,0.000000006,0.000062827,0.000000008,-0.000021874,-0.000000025,0.000015439,0.000000000,0.000000000,0.000000000,0.000000000,0.000000000,0.000000000,0.000000000,-0.494581420,-0.025085459,0.123127795,0.005702599,0.374740982,0.333970424,0.054973105
11.001000000,0,11.001000000,sample,0.216532564,0.000002175,0.216033516,0.216032653,0.000000864,0.863685894,0.000005398,0,0,1.500000000,0.080000000,0.000000000,0.000000000,0.001042854,0.000000000,0.004058253,0.001831004,-0.001831004,0.001460449,0.001696169,0.614828835,1,72.685295482,0,0.000000000,0.376826793,0.193497213,0.384054317,0.193736756,0.545775190,0.076392594,0.727116761,0.178902264,0.494333969,0.000000000,0.494333584,2.000000000,0.000000000,0.000000000,0.000000000,1.000000000,0.847094929,0.743228872,0.716842565,0.000000000,0.914950697,0.801558506,0.764859518,1,0,0,0.000000000,0.054531408,-0.338245611,0.156890613,-0.121168203,-0.016850741,0.149918280,0.305327959,12.121817374,0.017754729,-130.917618703,-0.114972517,142.886310332,44.882157866,-0.001446081,-0.000302552,0.000371292,0.000016757,0.000601803,-0.000317087,-0.000305704,0.000000000,0.000000000,0.000000000,0.000000000,0.000000000,0.000000000,0.000000000,-0.000709906,0.000000066,0.000702771,0.000000092,-0.000244673,-0.000000281,0.000172702,0.000000000,0.000000000,0.000000000,0.000000000,0.000000000,0.000000000,0.000000000,-0.491056139,-0.030139038,0.123132140,0.003947661,0.376390217,0.334662798,0.054524107
11.051000000,0,11.051000000,sample,0.216532822,0.000005162,0.216033795,0.216032891,0.000000904,0.903584451,0.000005647,0,0,1.500000000,0.080000000,0.000000000,0.000000000,0.000733138,0.000000000,0.007546907,0.005271568,-0.005271568,0.002549780,0.001706248,0.429678366,4,42.341592902,0,0.000000000,0.378710793,0.193388237,0.382243016,0.193807316,1.214814513,0.129310498,0.756870110,0.175568718,0.541295954,0.000000000,0.541295844,2.000000000,0.000000000,0.000000000,0.000000000,1.000000000,0.807224491,0.686995604,0.691228019,0.000000000,0.850458519,0.743921125,0.720062864,1,0,0,0.000000000,0.056514416,-0.338807150,0.159492009,-0.121021480,-0.017157264,0.149861402,0.305434606,12.121953930,0.017735601,-130.917826074,-0.115205506,142.886346524,44.882374813,0.000048462,0.000715545,-0.001057542,-0.001110263,-0.000052221,-0.000207657,0.000001591,0.000000000,0.000000000,0.000000000,0.000000000,0.000000000,0.000000000,0.000000000,0.000499072,-0.000000047,-0.000494055,-0.000000065,0.000172010,0.000000198,-0.000121413,0.000000000,0.000000000,0.000000000,0.000000000,0.000000000,0.000000000,0.000000000,-0.404851989,-0.026289244,0.251409017,0.008401519,0.368256021,0.333495099,0.055600000
11.101000000,0,11.101000000,sample,0.216532576,-0.000004910,0.216033552,0.216032644,0.000000908,0.908075570,0.000005675,0,0,1.500000000,0.080000000,0.000000000,0.000000000,0.000109224,0.000000000,0.004585500,0.003122099,-0.003122099,0.000417344,0.000884957,0.123422570,7,26.773480125,0,0.000000000,0.380618897,0.193309622,0.382905383,0.193829688,0.449103805,0.017190881,0.780789937,0.170181514,0.531893797,0.000000000,0.531893923,2.000000000,0.000000000,0.000000000,0.000000000,1.000000000,0.826485026,0.720090805,0.708703275,0.000000000,0.872026571,0.772277214,0.745072211,1,0,0,0.000000000,0.054417284,-0.342064908,0.157800834,-0.121160964,-0.016833778,0.149683849,0.305807199,12.121938219,0.017689116,-130.917618703,-0.114961446,142.886448145,44.882329853,0.000455716,-0.000253157,0.000317447,-0.000217952,0.000378277,-0.000101675,0.000457904,0.000000000,0.000000000,0.000000000,0.000000000,0.000000000,0.000000000,0.000000000,0.000074352,-0.000000007,-0.000073605,-0.000000010,0.000025626,0.000000029,-0.000018088,0.000000000,0.000000000,0.000000000,0.000000000,0.000000000,0.000000000,0.000000000,-0.463206929,-0.025544041,0.190709384,0.008865665,0.369205078,0.333404175,0.055926500
11.151000000,0,11.151000000,sample,0.216532450,-0.000002531,0.216033528,0.216032415,0.000001113,1.113281891,0.000006958,1,1,1.500000000,0.080000000,1.500000000,0.002069352,0.001379568,0.001379568,0.005559243,0.005559243,-0.005559243,0.004469984,0.002356215,0.585501775,1,83.103512485,1,46.339834038,0.379153229,0.193191898,0.383359287,0.193556778,1.314630658,0.192171142,0.698218636,0.189935977,0.471982632,1.500000000,1.572503690,2.000000000,0.000000000,0.000000000,0.000000000,1.000000000,0.819999935,0.699062700,0.691701937,0.354453465,0.859334060,0.769007782,0.746511462,1,0,0,0.000000000,0.053611745,-0.341310925,0.156172354,-0.121036806,-0.016711912,0.149645959,0.306027956,12.121815852,0.017411621,-130.917522994,-0.115072102,142.886351123,44.882329825,-0.002147952,0.000129746,-0.000309803,0.000302700,0.000063174,-0.000073926,0.000850973,-0.680733678,0.000062855,0.673891911,0.000088323,-0.234619216,-0.000269599,0.165605224,-0.000939118,0.000000087,0.000929680,0.000000122,-0.000323673,-0.000000372,0.000228464,-1.021100517,0.000094282,1.010837867,0.000132484,-0.351928824,-0.000404398,0.248407836,-0.430102734,-0.023544845,0.206643704,0.006469114,0.369293403,0.332772202,0.055230626
11.201000000,0,11.201000000,sample,0.216532463,0.000000275,0.216033352,0.216032605,0.000000748,0.747686662,0.000004673,0,0,1.500000000,0.080000000,0.000000000,0.000000000,0.000083813,0.000000000,0.005958390,0.001114015,0.000000000,0.001114015,0.000936042,0.089539595,3,36.835112037,0,0.000000000,0.384475827,0.192975942,0.388264891,0.193841934,0.521116105,0.054053869,0.786101246,0.167279950,0.529193528,0.000000000,0.529193397,2.000000000,0.000000000,0.000000000,0.000000000,1.000000000,0.851209677,0.728526726,0.702894642,0.000000000,0.874726102,0.782142914,0.753478080,1,0,0,0.000000000,0.052813357,-0.347828595,0.155073142,-0.121296473,-0.016471885,0.149182964,0.306195441,12.121721667,0.017895765,-130.917522994,-0.114812471,142.886499271,44.882300663,0.000227252,-0.000119133,0.000568102,0.000137497,0.000524749,0.000420822,-0.000127437,0.000000000,0.000000000,0.000000000,0.000000000,0.000000000,0.000000000,0.000000000,-0.000057054,0.000000005,0.000056481,0.000000007,-0.000019664,-0.000000023,0.000013880,0.000000000,0.000000000,0.000000000,0.000000000,0.000000000,0.000000000,0.000000000,-0.469966475,-0.019692548,0.141858099,0.002015949,0.373104825,0.332682218,0.052840712
11.251000000,0,11.251000000,sample,0.216532560,0.000001926,0.216033552,0.216032618,0.000000933,0.933470484,0.000005834,0,0,1.500000000,0.080000000,0.000000000,0.000000000,0.000263248,0.000000000,0.003827976,0.003238930,-0.003238930,0.000000000,0.003037110,0.086677043,5,74.274836660,0,0.000000000,0.380670097,0.193220570,0.383036134,0.193792488,1.085656795,0.113694250,0.813029809,0.182177947,0.555413765,0.000000000,0.555413594,2.000000000,0.000000000,0.000000000,0.000000000,1.000000000,0.846818585,0.746525115,0.719410576,0.000000000,0.852632413,0.746525115,0.719410576,1,0,0,0.000000000,0.055021891,-0.341988116,0.157881105,-0.121157588,-0.016994932,0.149553335,0.305838644,12.121916778,0.017650708,-130.917618865,-0.114951901,142.886265999,44.882185224,0.000206304,0.000314943,0.001468318,-0.000000476,0.002617468,0.000214211,0.000171180,0.000000000,0.000000000,0.000000000,0.000000000,0.000000000,0.000000000,0.000000000,-0.000179201,0.000000017,0.000177400,0.000000023,-0.000061763,-0.000000071,0.000043595,0.000000000,0.000000000,0.000000000,0.000000000,0.000000000,0.000000000,0.000000000,-0.501184864,-0.033001308,0.109953186,0.006319375,0.372728815,0.333816372,0.052786796
11.301000000,0,11.301000000,sample,0.216532452,-0.000002152,0.216033357,0.216032589,0.000000769,0.768502114,0.000004803,0,0,1.500000000,0.080000000,0.000000000,0.000000000,0.000883241,0.000000000,0.006636672,0.005069436,-0.005069436,0.002946208,0.001330434,0.663874304,3,37.432052833,0,0.000000000,0.381650714,0.192856765,0.384445346,0.193573922,0.301587102,0.035296153,0.765053063,0.168584830,0.515727490,0.000000000,0.515727771,2.000000000,0.000000000,0.000000000,0.000000000,1.000000000,0.840040079,0.725296917,0.710173638,0.000000000,0.850811549,0.746527866,0.719519792,1,0,0,0.000000000,0.053544631,-0.344108946,0.156138634,-0.121185103,-0.016691272,0.149094950,0.305814225,12.121815850,0.017896013,-130.917523157,-0.114996370,142.886373913,44.881978225,-0.000667462,0.000298768,0.000813983,0.000605731,0.000294259,0.000160243,-0.000305847,0.000000000,0.000000000,0.000000000,0.000000000,0.000000000,0.000000000,0.000000000,-0.000601252,0.000000057,0.000595209,0.000000078,-0.000207225,-0.000000238,0.000146269,0.000000000,0.000000000,0.000000000,0.000000000,0.000000000,0.000000000,0.000000000,-0.478651040,-0.024008486,0.154432941,0.005997276,0.369788075,0.332888435,0.056744514
11.351000000,0,11.351000000,sample,0.216532452,-0.000000005,0.216033357,0.216032589,0.000000768,0.768401659,0.000004803,0,0,1.500000000,0.080000000,0.000000000,0.000000000,0.000799447,0.000000000,0.008253821,0.008253821,-0.008253821,0.002019667,0.001767408,0.452327175,3,55.633107048,0,0.000000000,0.378526350,0.193538393,0.382270368,0.193809193,0.813803092,0.054797098,0.787641445,0.173248352,0.530177623,0.000000000,0.530177117,2.000000000,0.000000000,0.000000000,0.000000000,1.000000000,0.842584051,0.740300779,0.723037205,0.000000000,0.850158089,0.740300779,0.723037205,1,0,0,0.000000000,0.053543385,-0.340615235,0.156193998,-0.121230996,-0.016696241,0.149937956,0.305442758,12.121821915,0.017882501,-130.917522994,-0.114913724,142.886373827,44.882370527,-0.000026438,0.000039313,0.001318267,0.000422305,0.000896273,0.000111876,0.000624094,0.000000000,0.000000000,0.000000000,0.000000000,0.000000000,0.000000000,0.000000000,-0.000544210,0.000000051,0.000538740,0.000000071,-0.000187566,-0.000000215,0.000132393,0.000000000,0.000000000,0.000000000,0.000000000,0.000000000,0.000000000,0.000000000,-0.501815600,-0.028669938,0.140857495,0.008414140,0.368776908,0.333266699,0.056277930
11.401000000,0,11.401000000,sample,0.216532559,0.000002152,0.216033499,0.216032664,0.000000835,0.834924827,0.000005218,0,0,1.500000000,0.080000000,0.000000000,0.000000000,0.000240933,0.000000000,0.005150280,0.000864769,-0.000864769,0.000726767,0.001167693,0.206332401,1,41.415806350,0,0.000000000,0.382053887,0.192758316,0.383598421,0.193647182,0.800255929,0.088058528,0.803219923,0.161525875,0.555522177,0.000000000,0.555522441,2.000000000,0.000000000,0.000000000,0.000000000,1.000000000,0.837359224,0.725070048,0.707382309,0.000000000,0.844574421,0.740326962,0.723369465,1,0,0,0.000000000,0.054724156,-0.344003767,0.156945366,-0.121163729,-0.016895746,0.148961918,0.305904182,12.121815845,0.017800056,-130.917618703,-0.114996333,142.886265138,44.881840965,0.000751470,0.000099650,0.000627344,-0.000310907,0.000372139,0.000084275,-0.000391225,0.000000000,0.000000000,0.000000000,0.000000000,0.000000000,0.000000000,0.000000000,0.000164011,-0.000000015,-0.000162363,-0.000000021,0.000056527,0.000000065,-0.000039900,0.000000000,0.000000000,0.000000000,0.000000000,0.000000000,0.000000000,0.000000000,-0.471075203,-0.022677522,0.164360875,0.006226098,0.370746108,0.332245557,0.055412686
11.451000000,0,11.451000000,sample,0.216532712,0.000003055,0.216033646,0.216032806,0.000000840,0.840477298,0.000005253,0,0,1.500000000,0.080000000,0.000000000,0.000000000,0.000486756,0.000000000,0.004005723,0.003729104,-0.003729104,0.001705782,0.002086264,0.233314675,1,46.334549812,0,0.000000000,0.382383732,0.192883165,0.383604518,0.193550186,1.292651430,0.119882153,0.810715714,0.158084740,0.551733160,0.000000000,0.551734144,2.000000000,0.000000000,0.000000000,0.000000000,1.000000000,0.929301638,0.821436419,0.784176421,0.000000000,0.929301638,0.821436419,0.784176421,1,0,0,0.000000000,0.054754420,-0.344500761,0.156647688,-0.121135027,-0.016752266,0.149162938,0.305962727,12.121730867,0.017800177,-130.917730363,-0.115044896,142.886434542,44.882139803,0.001420109,-0.001203968,0.000782494,-0.000450689,0.000252820,0.000039813,0.000072994,0.000000000,0.000000000,0.000000000,0.000000000,0.000000000,0.000000000,0.000000000,0.000331351,-0.000000031,-0.000328021,-0.000000043,0.000114202,0.000000131,-0.000080609,0.000000000,0.000000000,0.000000000,0.000000000,0.000000000,0.000000000,0.000000000,-0.595587364,-0.019835926,0.053181786,0.010740630,0.377040571,0.334110688,0.055512879
11.501000000,0,11.501000000,sample,0.216532565,-0.000002938,0.216033609,0.216032572,0.000001037,1.037298330,0.000006483,1,1,1.500000000,0.080000000,1.500000000,-0.001471685,0.000981124,-0.000981124,0.005137800,0.003053258,-0.003053258,0.001098072,0.001502435,0.653022328,3,68.285938056,1,46.339778350,0.376759733,0.193649948,0.382173256,0.193938832,0.640748881,0.113946809,0.734942478,0.181449934,0.505031067,1.500000000,1.582736979,2.000000000,0.000000000,0.000000000,0.000000000,1.000000000,0.817945363,0.699526140,0.694577232,0.363115864,0.929489798,0.818088452,0.780631782,1,0,0,0.000000000,0.054872222,-0.337543346,0.158118389,-0.121124749,-0.016965946,0.150137451,0.305515595,12.121953034,0.017501605,-130.917618703,-0.114954580,142.886330107,44.882302758,0.000181796,0.000464265,-0.001241542,-0.000028578,0.000444251,-0.000122882,0.000504002,-0.680733269,0.000063060,0.673891075,0.000088233,-0.234621588,-0.000269326,0.165606948,0.000667883,-0.000000062,-0.000661170,-0.000000087,0.000230193,0.000000264,-0.000162481,-1.021099903,0.000094590,1.010836613,0.000132350,-0.351932382,-0.000403989,0.248410422,-0.428694766,-0.023285887,0.220536124,0.009139457,0.368041469,0.333037645,0.055025350
11.551000000,0,11.551000000,sample,0.216532554,-0.000000225,0.216033400,0.216032755,0.000000645,0.644610051,0.000004029,0,0,1.500000000,0.080000000,0.000000000,0.000000000,0.002387160,0.000000000,0.003594254,0.001795615,-0.001795615,0.000512579,0.003847737,0.620406195,3,89.582603699,0,0.000000000,0.378606307,0.193690019,0.382675283,0.193690019,2.092536021,0.147044137,0.857605765,0.164235542,0.600218053,0.000000000,0.600219566,2.000000000,0.000000000,0.000000000,0.000000000,1.000000000,0.879645168,0.769139031,0.746395692,0.000000000,0.879645168,0.769139031,0.746395692,1,0,0,0.000000000,0.054923057,-0.340096546,0.157036725,-0.121178987,-0.016953584,0.150146770,0.305191133,12.121815850,0.018085872,-130.917618703,-0.115066637,142.886205211,44.882648274,-0.000030084,0.000173110,0.003641810,-0.000403843,0.000888726,-0.000157339,0.000730584,0.000000000,0.000000000,0.000000000,0.000000000,0.000000000,0.000000000,0.000000000,-0.001625021,0.000000154,0.001608688,0.000000211,-0.000560072,-0.000000644,0.000395325,0.000000000,0.000000000,0.000000000,0.000000000,0.000000000,0.000000000,0.000000000,-0.538784029,-0.020073240,0.117033049,0.007356041,0.371339936,0.333798310,0.057877961
11.601000000,0,11.601000000,sample,0.216532702,0.000002962,0.216033684,0.216032767,0.000000917,0.917460425,0.000005734,0,0,1.500000000,0.080000000,0.000000000,0.000000000,0.001992405,0.000000000,0.006292591,0.004483147,-0.004483147,0.003636728,0.002360047,0.844222884,1,66.072472488,0,0.000000000,0.376116168,0.193878970,0.382503446,0.194038471,0.587705111,0.117184182,0.743577426,0.183631996,0.515544123,0.000000000,0.515544181,2.000000000,0.000000000,0.000000000,0.000000000,1.000000000,0.814157658,0.683723184,0.688800818,0.000000000,0.909110529,0.802512358,0.775974945,1,0,0,0.000000000,0.055797183,-0.336312559,0.158883317,-0.121177402,-0.017083110,0.150377058,0.305204678,12.121953997,0.017669132,-130.917730417,-0.114923912,142.886325647,44.882370624,-0.001918363,0.000381287,0.001051950,-0.000343193,0.000473076,-0.000100055,0.000534911,0.000000000,0.000000000,0.000000000,0.000000000,0.000000000,0.000000000,0.000000000,-0.001356297,0.000000126,0.001342664,0.000000176,-0.000467461,-0.000000536,0.000329956,0.000000000,0.000000000,0.000000000,0.000000000,0.000000000,0.000000000,0.000000000,-0.410142460,-0.024403563,0.240397905,0.011211587,0.364103349,0.334855016,0.054938269
11.651000000,0,11.651000000,sample,0.216532453,-0.000004974,0.216033435,0.216032513,0.000000921,0.921263202,0.000005758,0,0,1.500000000,0.080000000,0.000000000,0.000000000,0.000178618,0.000000000,0.004712912,0.001641788,-0.001641788,0.000221621,0.000760886,0.234749583,1,36.842300924,0,0.000000000,0.378432545,0.193198720,0.381298959,0.193794280,0.445053493,0.031162226,0.735531945,0.167864843,0.494815760,0.000000000,0.494815958,2.000000000,0.000000000,0.000000000,0.000000000,1.000000000,0.821333798,0.714015180,0.709632949,0.000000000,0.858871342,0.752590326,0.734603984,1,0,0,0.000000000,0.053458560,-0.340562650,0.156110393,-0.121095626,-0.016671938,0.149611635,0.305657243,12.121815850,0.017688399,-130.917522994,-0.115072099,142.886391677,44.882195489,-0.000461842,-0.000018580,-0.000220422,0.000292051,-0.000293418,0.000175417,-0.000338467,0.000000000,0.000000000,0.000000000,0.000000000,0.000000000,0.000000000,0.000000000,-0.000121591,0.000000011,0.000120369,0.000000016,-0.000041907,-0.000000048,0.000029580,0.000000000,0.000000000,0.000000000,0.000000000,0.000000000,0.000000000,0.000000000,-0.458057024,-0.029214768,0.204452575,0.009450725,0.367475514,0.335804875,0.056708411
11.701000000,0,11.701000000,sample,0.216532587,0.000002661,0.216033454,0.216032756,0.000000698,0.697531266,0.000004360,0,0,1.500000000,0.080000000,0.000000000,0.000000000,0.002579121,0.000000000,0.004848462,0.004433894,-0.001373924,0.004433894,0.005660445,0.455639249,1,74.023024226,0,0.000000000,0.379691331,0.193426022,0.382906524,0.193555465,3.162974362,0.527689002,0.912298994,0.117701527,0.678081287,0.000000000,0.678078692,2.000000000,0.000000000,0.000000000,0.000000000,1.000000000,0.854041234,0.736579108,0.717605209,0.000000000,0.854929339,0.737098775,0.717811077,1,0,0,0.000000000,0.053937208,-0.341280921,0.157428134,-0.121220121,-0.016701028,0.149801148,0.305403669,12.121916315,0.017994323,-130.917618703,-0.114971409,142.886559233,44.882350262,0.004870056,0.000684024,0.001098702,-0.000404610,-0.001439970,0.000379979,-0.002065562,0.000000000,0.000000000,0.000000000,0.000000000,0.000000000,0.000000000,0.000000000,0.001755693,-0.000000166,-0.001738046,-0.000000228,0.000605118,0.000000695,-0.000427121,0.000000000,0.000000000,0.000000000,0.000000000,0.000000000,0.000000000,0.000000000,-0.488987806,-0.020785553,0.148406749,0.005936154,0.372002544,0.334303005,0.056673881
11.751000000,0,11.751000000,sample,0.216532431,-0.000003116,0.216033413,0.216032502,0.000000911,0.910687178,0.000005692,0,0,1.500000000,0.080000000,0.000000000,0.000000000,0.000881581,0.000000000,0.002884299,0.002811915,-0.001688307,0.002811915,0.002497151,0.353034878,1,76.842397503,0,0.000000000,0.381363382,0.192928820,0.383158469,0.193856575,1.483434898,0.202625310,0.832866129,0.146723215,0.584264245,0.000000000,0.584262523,2.000000000,0.000000000,0.000000000,0.000000000,1.000000000,0.831085184,0.713028643,0.701047722,0.000000000,0.866875167,0.760408699,0.737648282,1,0,0,0.000000000,0.054429051,-0.343432447,0.156619481,-0.121112677,-0.016934623,0.149219528,0.305953754,12.121829947,0.017698692,-130.917522994,-0.115044039,142.886143750,44.882086973,0.002188998,0.000307717,0.000640897,0.000202038,-0.000771854,-0.000548867,-0.000027950,0.000000000,0.000000000,0.000000000,0.000000000,0.000000000,0.000000000,0.000000000,0.000600122,-0.000000056,-0.000594091,-0.000000078,0.000206835,0.000000238,-0.000145994,0.000000000,0.000000000,0.000000000,0.000000000,0.000000000,0.000000000,0.000000000,-0.447557522,-0.021413213,0.196810385,0.006614156,0.370874672,0.333620737,0.055432419
11.801000000,0,11.801000000,sample,0.216532452,0.000000419,0.216033472,0.216032481,0.000000991,0.991250207,0.000006195,0,0,1.500000000,0.080000000,0.000000000,0.000000000,0.000065807,0.000000000,0.004047660,0.002446419,-0.002446419,0.001123926,0.001791284,0.036737477,7,61.917123244,0,0.000000000,0.379178394,0.192922916,0.382900629,0.193754970,0.493626467,0.027724978,0.735314967,0.168058428,0.498343061,0.000000000,0.498343546,2.000000000,0.000000000,0.000000000,0.000000000,1.000000000,0.856691863,0.732221471,0.714423276,0.000000000,0.879115458,0.739342520,0.720781814,1,0,0,0.000000000,0.053919123,-0.340764896,0.157315825,-0.121137389,-0.016818868,0.149204927,0.305792316,12.121942752,0.017569230,-130.917522994,-0.114961362,142.886372930,44.881718681,-0.000578125,-0.000116260,-0.000151057,0.000613580,0.000529790,-0.000440730,-0.001409515,0.000000000,0.000000000,0.000000000,0.000000000,0.000000000,0.000000000,0.000000000,0.000044797,-0.000000004,-0.000044347,-0.000000006,0.000015440,0.000000018,-0.000010898,0.000000000,0.000000000,0.000000000,0.000000000,0.000000000,0.000000000,0.000000000,-0.485548096,-0.016924683,0.156295700,0.007321821,0.368128116,0.333604254,0.055363847
11.851000000,0,11.851000000,sample,0.216532693,0.000004821,0.216033602,0.216032829,0.000000772,0.772458709,0.000004828,0,0,1.500000000,0.080000000,0.000000000,0.000000000,0.005795395,0.000000000,0.008443567,0.003637960,-0.003637960,0.002566771,0.005937829,0.976012334,3,47.397069222,0,0.000000000,0.379057900,0.193264601,0.383061914,0.193802381,0.629317128,0.079465632,0.763618913,0.175482107,0.531803931,0.000000000,0.531809432,2.000000000,0.000000000,0.000000000,0.000000000,1.000000000,0.839127528,0.733958119,0.723172720,0.000000000,0.897625264,0.762333974,0.735255035,1,0,0,0.000000000,0.055911064,-0.339908639,0.158180155,-0.121177518,-0.017094944,0.149582679,0.305368775,12.121861186,0.017890877,-130.917730363,-0.115002079,142.886222174,44.882019462,0.003873181,-0.000160812,-0.004087930,-0.001110337,0.001466374,-0.000074753,-0.000361340,0.000000000,0.000000000,0.000000000,0.000000000,0.000000000,0.000000000,0.000000000,0.003945121,-0.000000371,-0.003905468,-0.000000512,0.001359713,0.000001561,-0.000959750,0.000000000,0.000000000,0.000000000,0.000000000,0.000000000,0.000000000,0.000000000,-0.493723837,-0.027288247,0.174590800,-0.000141314,0.366054582,0.332847606,0.056616727
11.901000000,0,11.901000000,sample,0.216532705,0.000000238,0.216033748,0.216032698,0.000001050,1.050199334,0.000006564,1,1,1.500000000,0.080000000,1.500000000,-0.004137839,0.002758559,-0.002758559,0.004284614,0.002947027,-0.002947027,0.000000000,0.004148275,0.664989460,3,90.112562980,1,46.339851971,0.377577404,0.193612484,0.383149206,0.193612484,2.302297464,0.230750071,0.686428674,0.189210133,0.495026312,1.500000000,1.579572557,2.000000000,0.000000000,0.000000000,0.000000000,1.000000000,0.843288996,0.721228246,0.700841013,0.342884542,0.859101676,0.749125014,0.734046804,1,0,0,0.000000000,0.055325740,-0.338581331,0.157690965,-0.121140256,-0.016931441,0.150080507,0.305649618,12.121830003,0.017477305,-130.917730363,-0.114920573,142.886353380,44.882328978,0.000205862,0.000461217,-0.003937860,-0.001190706,-0.000151924,-0.000074048,-0.000001934,-0.680733810,0.000062993,0.673891592,0.000088207,-0.234619527,-0.000269244,0.165605541,0.001877845,-0.000000174,-0.001858970,-0.000000243,0.000647212,0.000000743,-0.000456833,-1.021100715,0.000094490,1.010837389,0.000132310,-0.351929290,-0.000403866,0.248408312,-0.459800149,-0.021144447,0.161054565,0.002302161,0.373032818,0.333600456,0.054113223
11.951000000,0,11.951000000,sample,0.216532334,-0.000007403,0.216033190,0.216032524,0.000000666,0.665985640,0.000004162,0,0,1.500000000,0.080000000,0.000000000,0.000000000,0.002062081,0.000000000,0.005996783,0.002281397,-0.002281397,0.000215420,0.005224745,0.394675822,3,86.348595379,0,0.000000000,0.376919301,0.193615560,0.383528030,0.193772016,3.541254897,0.412264439,0.591351267,0.211636009,0.418350059,0.000000000,0.418349659,2.000000000,0.000000000,0.000000000,0.000000000,1.000000000,0.868331204,0.760073446,0.728705254,0.000000000,0.917481247,0.797514124,0.755679607,1,0,0,0.000000000,0.052663190,-0.339286451,0.155497434,-0.121200473,-0.016576797,0.150075449,0.305136929,12.121820434,0.018048358,-130.917425823,-0.115023514,142.886394152,44.882452217,-0.001529683,0.000031986,-0.004855039,0.000742933,-0.000089276,-0.000185227,0.000889591,0.000000000,0.000000000,0.000000000,0.000000000,0.000000000,0.000000000,0.000000000,0.001403727,-0.000000133,-0.001389620,-0.000000182,0.000483804,0.000000556,-0.000341492,0.000000000,0.000000000,0.000000000,0.000000000,0.000000000,0.000000000,0.000000000,-0.512016890,-0.022258355,0.116843623,0.003937134,0.375077675,0.333383626,0.053467559
12.001000000,0,12.001000000,sample,0.216532577,0.000004842,0.216033557,0.216032618,0.000000939,0.939425659,0.000005871,0,0,1.500000000,0.080000000,0.000000000,0.000000000,0.000955629,0.000000000,0.003936682,0.003853105,-0.003853105,0.000736285,0.003681378,0.259584712,1,72.542475957,0,0.000000000,0.374400237,0.193525272,0.381912565,0.193928247,2.611514167,0.320321057,0.624958370,0.204419821,0.428573010,0.000000000,0.428569047,2.000000000,0.000000000,0.000000000,0.000000000,1.000000000,0.807119718,0.682015818,0.680507204,0.000000000,0.874722980,0.770602474,0.741218982,1,0,0,0.000000000,0.053361085,-0.336725618,0.154738459,-0.121086197,-0.016499774,0.150059726,0.305270200,12.121608537,0.017663672,-130.917618703,-0.115081093,142.886451644,44.882239807,-0.003135499,-0.000713632,-0.001687716,-0.000013967,0.000449322,0.000109531,0.000386595,0.000000000,0.000000000,0.000000000,0.000000000,0.000000000,0.000000000,0.000000000,-0.000650530,0.000000061,0.000643992,0.000000084,-0.000224206,-0.000000258,0.000158255,0.000000000,0.000000000,0.000000000,0.000000000,0.000000000,0.000000000,0.000000000,-0.392963303,-0.026550004,0.240964739,0.003012030,0.369581929,0.332415793,0.052923104
12.051000000,0,12.051000000,sample,0.216532456,-0.000002421,0.216033464,0.216032481,0.000000983,0.982873000,0.000006143,0,0,1.500000000,0.080000000,0.000000000,0.000000000,0.000213387,0.000000000,0.002259636,0.000000000,0.000000000,0.000000000,0.000858807,0.248468801,4,36.126138431,0,0.000000000,0.379032358,0.192847754,0.384002873,0.193742785,0.538688987,0.057816639,0.737143623,0.172423927,0.491278783,0.000000000,0.491279151,2.000000000,0.000000000,0.000000000,0.000000000,1.000000000,0.858612385,0.726009113,0.704414024,0.000000000,0.878986758,0.740697399,0.721292981,1,0,0,0.000000000,0.053090277,-0.341703529,0.155195520,-0.121102480,-0.016555469,0.149165552,0.305875807,12.121720865,0.017592687,-130.917522994,-0.115030099,142.886414093,44.881840975,-0.000191068,-0.000345940,-0.000314071,0.000516186,0.000399789,-0.000060569,-0.000229738,0.000000000,0.000000000,0.000000000,0.000000000,0.000000000,0.000000000,0.000000000,0.000145260,-0.000000014,-0.000143800,-0.000000019,0.000050064,0.000000058,-0.000035338,0.000000000,0.000000000,0.000000000,0.000000000,0.000000000,0.000000000,0.000000000,-0.468287356,-0.013475222,0.156032255,0.003366617,0.372072830,0.333068018,0.054722882
12.101000000,0,12.101000000,sample,0.216532452,-0.000000073,0.216033447,0.216032499,0.000000947,0.947275635,0.000005920,0,0,1.500000000,0.080000000,0.000000000,0.000000000,0.000812562,0.000000000,0.009583949,0.005379520,-0.001158133,0.005379520,0.001802105,0.450895833,2,25.485944406,0,0.000000000,0.378006953,0.193142455,0.384571826,0.193556351,0.506392063,0.129686173,0.775221396,0.156681018,0.544308751,0.000000000,0.544308768,2.000000000,0.000000000,0.000000000,0.000000000,1.000000000,0.839132679,0.724455393,0.699618145,0.000000000,0.866434420,0.749105432,0.718097333,1,0,0,0.000000000,0.053542025,-0.340043179,0.156183047,-0.121215526,-0.016697362,0.149438959,0.305655399,12.121820377,0.017613883,-130.917523156,-0.114848174,142.886372462,44.881769152,-0.000326545,0.000909768,0.000755752,0.000261633,-0.000868114,-0.000607362,-0.000742394,0.000000000,0.000000000,0.000000000,0.000000000,0.000000000,0.000000000,0.000000000,-0.000553138,0.000000051,0.000547579,0.000000072,-0.000190643,-0.000000219,0.000134565,0.000000000,0.000000000,0.000000000,0.000000000,0.000000000,0.000000000,0.000000000,-0.459881029,-0.022018941,0.148822052,0.004435822,0.376856726,0.332143905,0.054606850
12.151000000,0,12.151000000,sample,0.216532713,0.000005225,0.216033717,0.216032744,0.000000973,0.973024359,0.000006081,0,0,1.500000000,0.080000000,0.000000000,0.000000000,0.000925815,0.000000000,0.003887657,0.001490573,-0.001490573,0.001184172,0.001918946,0.482460129,1,56.895179818,0,0.000000000,0.377091905,0.193223163,0.382712116,0.193633816,0.869104525,0.066601829,0.738115195,0.174411946,0.516544388,0.000000000,0.516543220,2.000000000,0.000000000,0.000000000,0.000000000,1.000000000,0.828654735,0.701697648,0.687287174,0.000000000,0.852435645,0.742073339,0.715028719,1,0,0,0.000000000,0.055067002,-0.338030380,0.157801749,-0.121165679,-0.016867693,0.149564534,0.305473345,12.121857139,0.017588657,-130.917730363,-0.114920647,142.886445648,44.881745829,-0.001447439,0.000147871,0.000204879,-0.000882387,0.000264985,0.000083780,-0.000817060,0.000000000,0.000000000,0.000000000,0.000000000,0.000000000,0.000000000,0.000000000,-0.000630233,0.000000059,0.000623899,0.000000082,-0.000217215,-0.000000249,0.000153321,0.000000000,0.000000000,0.000000000,0.000000000,0.000000000,0.000000000,0.000000000,-0.425910103,-0.018897561,0.197886565,0.009530061,0.371034290,0.332968175,0.053131550
12.201000000,0,12.201000000,sample,0.216532445,-0.000005361,0.216033366,0.216032577,0.000000789,0.789079014,0.000004932,0,0,1.500000000,0.080000000,0.000000000,0.000000000,0.002121604,0.000000000,0.004300569,0.004300569,-0.004300569,0.000586165,0.004438293,0.478022602,5,78.409120438,0,0.000000000,0.377465456,0.193055073,0.382749744,0.193721545,1.395513591,0.182625811,0.686201327,0.146298250,0.453830027,0.000000000,0.453830151,2.000000000,0.000000000,0.000000000,0.000000000,1.000000000,0.809468827,0.730484398,0.713413148,0.000000000,0.839819541,0.740262904,0.721998974,1,0,0,0.000000000,0.054179228,-0.338764066,0.157428362,-0.121060324,-0.016891668,0.149430020,0.305255671,12.121942777,0.017900482,-130.917522994,-0.115203325,142.886299116,44.881924165,-0.001851668,-0.000593983,-0.000014403,0.000526219,-0.003930061,0.000314566,-0.000309050,0.000000000,0.000000000,0.000000000,0.000000000,0.000000000,0.000000000,0.000000000,-0.001444247,0.000000136,0.001429731,0.000000188,-0.000497773,-0.000000573,0.000351352,0.000000000,0.000000000,0.000000000,0.000000000,0.000000000,0.000000000,0.000000000,-0.481652413,-0.039582383,0.154847293,0.013324028,0.370887917,0.332610351,0.055315477
12.251000000,0,12.251000000,sample,0.216532386,-0.000001184,0.216033287,0.216032520,0.000000767,0.767111750,0.000004794,0,0,1.500000000,0.080000000,0.000000000,0.000000000,0.001980058,0.000000000,0.004791646,0.003185895,-0.002914658,0.003185895,0.003371662,0.587264548,3,83.703194869,0,0.000000000,0.375263020,0.193465856,0.381967502,0.194017145,1.723076339,0.190952819,0.818945227,0.155082026,0.562614492,0.000000000,0.562611566,2.000000000,0.000000000,0.000000000,0.000000000,1.000000000,0.845764011,0.743112489,0.723583879,0.000000000,0.886768776,0.805648262,0.774530909,1,0,0,0.000000000,0.052632245,-0.337760808,0.154821890,-0.121214814,-0.016505039,0.149878585,0.305130118,12.121720135,0.017889934,-130.917466748,-0.114946963,142.886407337,44.882032574,-0.000164282,0.000270746,0.003084715,0.001056166,0.000442793,-0.000157583,-0.000644950,0.000000000,0.000000000,0.000000000,0.000000000,0.000000000,0.000000000,0.000000000,-0.001347892,0.000000127,0.001334346,0.000000175,-0.000464557,-0.000000533,0.000327906,0.000000000,0.000000000,0.000000000,0.000000000,0.000000000,0.000000000,0.000000000,-0.496669724,-0.022271613,0.159716171,0.011158391,0.370127625,0.332610213,0.056026890
12.301000000,0,12.301000000,sample,0.216532452,0.000001316,0.216033281,0.216032677,0.000000604,0.603770647,0.000003774,0,0,1.500000000,0.080000000,0.000000000,0.000000000,0.000655503,0.000000000,0.005079983,0.005079983,-0.004067051,0.005079983,0.001774373,0.369427956,3,37.268497122,0,0.000000000,0.382841498,0.193092787,0.384639607,0.193927509,1.113914604,0.087475306,0.786972344,0.164122127,0.523449749,0.000000000,0.523448885,2.000000000,0.000000000,0.000000000,0.000000000,1.000000000,0.822757294,0.733490875,0.722485110,0.000000000,0.862156957,0.751788253,0.730735679,1,0,0,0.000000000,0.054191552,-0.344554052,0.157839772,-0.121209627,-0.016893716,0.149357468,0.305611280,12.121994622,0.018140148,-130.917524455,-0.115037132,142.886351038,44.882308828,0.000386142,-0.000775741,0.001083218,0.000645784,-0.000184819,-0.000079611,0.000875572,0.000000000,0.000000000,0.000000000,0.000000000,0.000000000,0.000000000,0.000000000,-0.000446223,0.000000042,0.000441738,0.000000058,-0.000153796,-0.000000177,0.000108556,0.000000000,0.000000000,0.000000000,0.000000000,0.000000000,0.000000000,0.000000000,-0.488358463,-0.030521045,0.183731393,0.010936345,0.367212845,0.332594654,0.056726592
12.351000000,0,12.351000000,sample,0.216532577,0.000002502,0.216033519,0.216032673,0.000000846,0.846376968,0.000005290,0,0,1.500000000,0.080000000,0.000000000,0.000000000,0.000875143,0.000000000,0.002448994,0.000000000,0.000000000,0.000000000,0.001384406,0.632143264,1,58.883118518,0,0.000000000,0.379944768,0.193227727,0.386346318,0.193300536,0.456958847,0.104896864,0.750117159,0.181681141,0.514486231,0.000000000,0.514486123,2.000000000,0.000000000,0.000000000,0.000000000,1.000000000,0.840234942,0.732192147,0.704818934,0.000000000,0.850175310,0.747819584,0.725412938,1,0,0,0.000000000,0.054141280,-0.341713490,0.157030696,-0.121195585,-0.016746390,0.149559831,0.305677747,12.121856127,0.017773694,-130.917618703,-0.114935212,142.886454029,44.882138215,-0.001062328,0.000293093,0.000313921,-0.000192219,0.000583904,-0.000085087,0.000467392,0.000000000,0.000000000,0.000000000,0.000000000,0.000000000,0.000000000,0.000000000,-0.000595739,0.000000056,0.000589751,0.000000077,-0.000205326,-0.000000236,0.000144929,0.000000000,0.000000000,0.000000000,0.000000000,0.000000000,0.000000000,0.000000000,-0.471679950,-0.024073389,0.136984106,0.007102193,0.376442001,0.332070022,0.053982042
12.401000000,0,12.401000000,sample,0.216532699,0.000002447,0.216033607,0.216032846,0.000000761,0.761263016,0.000004758,0,0,1.500000000,0.080000000,0.000000000,0.000000000,0.003329275,0.000000000,0.006287955,0.006071949,-0.002097541,0.006071949,0.009688004,0.343649224,5,86.704622404,0,0.000000000,0.380334361,0.193360285,0.382351055,0.193693614,2.960112978,0.353425400,0.902684747,0.213021705,0.625395580,0.000000000,0.625397503,2.000000000,0.000000000,0.000000000,0.000000000,1.000000000,0.828690445,0.706370267,0.692144958,0.000000000,0.917960822,0.803089794,0.761809891,1,0,0,0.000000000,0.056243492,-0.340501291,0.159842945,-0.121243003,-0.017215983,0.149639379,0.305423134,12.122052056,0.017888812,-130.917730365,-0.114891255,142.886292386,44.882039910,0.003044310,0.000131015,0.001414420,-0.000858048,0.009021016,0.000372841,-0.000563801,0.000000000,0.000000000,0.000000000,0.000000000,0.000000000,0.000000000,0.000000000,0.002266348,-0.000000213,-0.002243567,-0.000000294,0.000781125,0.000000896,-0.000551355,0.000000000,0.000000000,0.000000000,0.000000000,0.000000000,0.000000000,0.000000000,-0.430483038,-0.020360199,0.199272074,0.008626983,0.373096990,0.333777945,0.054236472
12.451000000,0,12.451000000,sample,0.216532564,-0.000002711,0.216033585,0.216032589,0.000000996,0.995962225,0.000006225,0,0,1.500000000,0.080000000,0.000000000,0.000000000,0.000776158,0.000000000,0.007027717,0.003082403,-0.003082403,0.000000000,0.001978286,0.392338581,1,75.753272048,0,0.000000000,0.381416017,0.192808410,0.383860124,0.193709375,1.050633224,0.163669369,0.812606611,0.149088743,0.563654521,0.000000000,0.563654630,2.000000000,0.000000000,0.000000000,0.000000000,1.000000000,0.848488200,0.749222696,0.724196385,0.000000000,0.848858259,0.749222696,0.724196385,1,0,0,0.000000000,0.054943273,-0.343042432,0.157420787,-0.121028285,-0.016957641,0.149129727,0.306033716,12.121861842,0.017592963,-130.917623087,-0.115147621,142.886252266,44.882056621,0.001721828,0.000036176,0.000316250,-0.000258475,-0.000854326,0.000199256,-0.000105899,0.000000000,0.000000000,0.000000000,0.000000000,0.000000000,0.000000000,0.000000000,0.000528357,-0.000000049,-0.000523046,-0.000000069,0.000182102,0.000000209,-0.000128536,0.000000000,0.000000000,0.000000000,0.000000000,0.000000000,0.000000000,0.000000000,-0.500006006,-0.027506942,0.146843594,0.003311606,0.371525300,0.333570584,0.053135442
12.501000000,0,12.501000000,sample,0.216532452,-0.000002237,0.216033399,0.216032543,0.000000856,0.855702103,0.000005348,0,0,1.500000000,0.080000000,0.000000000,0.000000000,0.000982009,0.000000000,0.006616927,0.003533335,-0.002130584,0.003533335,0.002039044,0.481602850,1,47.169089620,0,0.000000000,0.376536594,0.193451165,0.383910471,0.193922463,0.506510763,0.108136609,0.728900723,0.183128173,0.490011277,0.000000000,0.490011719,2.000000000,0.000000000,0.000000000,0.000000000,1.000000000,0.869619972,0.723764058,0.710105845,0.000000000,0.939271729,0.830232961,0.790598058,1,0,0,0.000000000,0.053348383,-0.338693213,0.155629893,-0.121140625,-0.016635695,0.149905156,0.305359585,12.121760946,0.017775548,-130.917522994,-0.115027901,142.886372960,44.882241268,-0.001400410,-0.000214096,0.000518916,0.000480277,0.001218175,-0.000348380,-0.000213200,0.000000000,0.000000000,0.000000000,0.000000000,0.000000000,0.000000000,0.000000000,-0.000668487,0.000000063,0.000661768,0.000000087,-0.000230397,-0.000000265,0.000162625,0.000000000,0.000000000,0.000000000,0.000000000,0.000000000,0.000000000,0.000000000,-0.465346153,-0.005210482,0.196401913,0.002043811,0.366700498,0.334092335,0.054875206
12.551000000,0,12.551000000,sample,0.216532439,-0.000000264,0.216033427,0.216032515,0.000000912,0.912451153,0.000005703,0,0,1.500000000,0.080000000,0.000000000,0.000000000,0.001042404,0.000000000,0.002442114,0.002442114,-0.002442114,0.000000000,0.002336729,0.446095233,3,46.929654051,0,0.000000000,0.379758968,0.193147777,0.382961715,0.193873227,1.205142624,0.054470764,0.700219163,0.172222581,0.471991188,0.000000000,0.471991751,2.000000000,0.000000000,0.000000000,0.000000000,1.000000000,0.820043676,0.721058890,0.712170683,0.000000000,0.884519323,0.740175145,0.726078293,1,0,0,0.000000000,0.054850607,-0.340593852,0.158758032,-0.121138624,-0.017093495,0.149463407,0.305653457,12.122074727,0.017688406,-130.917522994,-0.114996333,142.886229705,44.881982314,-0.000505194,-0.000310417,-0.001600781,0.000433351,0.000253534,-0.000221248,-0.001498399,0.000000000,0.000000000,0.000000000,0.000000000,0.000000000,0.000000000,0.000000000,0.000709598,-0.000000066,-0.000702466,-0.000000092,0.000244572,0.000000281,-0.000172631,0.000000000,0.000000000,0.000000000,0.000000000,0.000000000,0.000000000,0.000000000,-0.473885543,-0.032429118,0.182212025,0.004574279,0.366501625,0.332985773,0.056060796
12.601000000,0,12.601000000,sample,0.216532452,0.000000263,0.216033434,0.216032505,0.000000929,0.928942762,0.000005806,0,0,1.500000000,0.080000000,0.000000000,0.000000000,0.000789702,0.000000000,0.004222077,0.001718285,-0.001718285,0.000821375,0.002280951,0.346216282,3,71.183936908,0,0.000000000,0.378987596,0.193223431,0.384033691,0.193629623,1.524508907,0.125532452,0.832686982,0.161127237,0.580415785,0.000000000,0.580414407,2.000000000,0.000000000,0.000000000,0.000000000,1.000000000,0.841339044,0.718443442,0.707396622,0.000000000,0.874798597,0.750738054,0.730856566,1,0,0,0.000000000,0.053237635,-0.341605682,0.155251119,-0.121123417,-0.016594723,0.149629634,0.305784739,12.121720142,0.017668585,-130.917522994,-0.115019384,142.886373264,44.882279555,0.000738662,0.000700400,0.001924452,0.000171111,0.000331914,-0.000356741,0.000443095,0.000000000,0.000000000,0.000000000,0.000000000,0.000000000,0.000000000,0.000000000,-0.000537577,0.000000050,0.000532174,0.000000070,-0.000185278,-0.000000213,0.000130778,0.000000000,0.000000000,0.000000000,0.000000000,0.000000000,0.000000000,0.000000000,-0.472041185,-0.020419069,0.164673409,0.008865265,0.368243973,0.333204957,0.057836588
12.651000000,0,12.651000000,sample,0.216532449,-0.000000049,0.216033429,0.216032522,0.000000907,0.907384992,0.000005671,0,0,1.500000000,0.080000000,0.000000000,0.000000000,0.000624974,0.000000000,0.010299352,0.006542378,-0.006542378,0.000049931,0.001315785,0.474982237,7,51.452930583,0,0.000000000,0.377680450,0.193356215,0.383391258,0.193826035,0.521184286,0.110291605,0.731116156,0.180394732,0.487298529,0.000000000,0.487298545,2.000000000,0.000000000,0.000000000,0.000000000,1.000000000,0.837719443,0.702425810,0.702312435,0.000000000,0.908250673,0.769586797,0.745472160,1,0,0,0.000000000,0.054037831,-0.339015555,0.157451226,-0.121141708,-0.016854440,0.149757272,0.305474880,12.121953034,0.017695840,-130.917522994,-0.114996333,142.886346634,44.882105259,-0.000728777,-0.000464855,0.000029031,0.000226339,0.000200300,-0.000033053,0.000943822,0.000000000,0.000000000,0.000000000,0.000000000,0.000000000,0.000000000,0.000000000,-0.000425441,0.000000040,0.000421165,0.000000055,-0.000146633,-0.000000168,0.000103500,0.000000000,0.000000000,0.000000000,0.000000000,0.000000000,0.000000000,0.000000000,-0.444121694,-0.016383789,0.220906665,-0.002031257,0.364828984,0.332493028,0.057223831
12.701000000,0,12.701000000,sample,0.216532571,0.000002429,0.216033347,0.216032827,0.000000520,0.520181516,0.000003251,0,0,1.500000000,0.080000000,0.000000000,0.000000000,0.004367883,0.000000000,0.004367883,0.003624067,-0.001747195,0.003624067,0.006646441,0.657176256,1,96.866814462,0,0.000000000,0.375004657,0.193509595,0.381966642,0.193954459,3.787111064,0.426059602,0.603422324,0.217076978,0.457039900,0.000000000,0.457029335,2.000000000,0.000000000,0.000000000,0.000000000,1.000000000,0.805566918,0.652033643,0.676734236,0.000000000,0.837191976,0.720369328,0.710492393,1,0,0,0.000000000,0.053944944,-0.336781355,0.155874162,-0.121147784,-0.016677333,0.149970144,0.304636396,12.121720303,0.018286464,-130.917618705,-0.115194094,142.886386359,44.882215367,-0.006541489,0.000409664,-0.000438153,-0.000607551,-0.000400097,-0.000045351,0.000702165,0.000000000,0.000000000,0.000000000,0.000000000,0.000000000,0.000000000,0.000000000,-0.002973367,0.000000284,0.002943483,0.000000386,-0.001024783,-0.000001179,0.000723340,0.000000000,0.000000000,0.000000000,0.000000000,0.000000000,0.000000000,0.000000000,-0.358104319,-0.027138505,0.289138290,-0.000105775,0.362571229,0.332913289,0.055712728
12.751000000,0,12.751000000,sample,0.216532573,0.000000045,0.216033577,0.216032626,0.000000951,0.951114051,0.000005944,0,0,1.500000000,0.080000000,0.000000000,0.000000000,0.003886543,0.000000000,0.003886543,0.001842658,-0.001842658,0.000000000,0.007058543,0.550615518,3,94.717681157,0,0.000000000,0.381217871,0.193058718,0.385032535,0.193404859,4.202322387,0.488375327,0.588583009,0.218496648,0.442408946,0.000000000,0.442407547,2.000000000,0.000000000,0.000000000,0.000000000,1.000000000,0.838950163,0.718744013,0.704540337,0.000000000,0.890302112,0.754070763,0.731057764,1,0,0,0.000000000,0.055113869,-0.341798739,0.159571767,-0.121084238,-0.017053971,0.149396914,0.305836586,12.122123476,0.017645357,-130.917618703,-0.115072102,142.886413223,44.882117654,-0.000663110,0.000649673,-0.006869586,0.000259965,-0.000356286,-0.000045888,0.001254350,0.000000000,0.000000000,0.000000000,0.000000000,0.000000000,0.000000000,0.000000000,0.002645697,-0.000000247,-0.002619103,-0.000000343,0.000911880,0.000001048,-0.000643648,0.000000000,0.000000000,0.000000000,0.000000000,0.000000000,0.000000000,0.000000000,-0.465729550,-0.022163503,0.162637390,0.012574229,0.370371338,0.334663086,0.056555385
12.801000000,0,12.801000000,sample,0.216532569,-0.000000072,0.216033500,0.216032668,0.000000832,0.831509157,0.000005197,0,0,1.500000000,0.080000000,0.000000000,0.000000000,0.005341449,0.000000000,0.006636438,0.005742795,-0.005742795,0.004891456,0.007020689,0.760815538,7,42.553088863,0,0.000000000,0.374431786,0.193678843,0.385106322,0.193763683,1.179873461,0.228485642,0.794499443,0.198972125,0.525121222,0.000000000,0.525123245,2.000000000,0.000000000,0.000000000,0.000000000,1.000000000,0.878635584,0.779680085,0.748566353,0.000000000,0.927806319,0.833397058,0.797929833,1,0,0,0.000000000,0.053816464,-0.336398812,0.155366632,-0.121144220,-0.016633259,0.150196228,0.305075600,12.121663369,0.017811363,-130.917618703,-0.115034267,142.886373189,44.882288470,-0.002640575,-0.000582231,0.004472050,-0.000111701,0.000972160,0.000217239,0.004579787,0.000000000,0.000000000,0.000000000,0.000000000,0.000000000,0.000000000,0.000000000,-0.003636108,0.000000341,0.003599563,0.000000472,-0.001253193,-0.000001440,0.000884562,0.000000000,0.000000000,0.000000000,0.000000000,0.000000000,0.000000000,0.000000000,-0.544895845,-0.029627264,0.099718462,0.001130859,0.371937036,0.333924407,0.052674552
12.851000000,0,12.851000000,sample,0.216532573,0.000000073,0.216033581,0.216032603,0.000000978,0.978386213,0.000006115,0,0,1.500000000,0.080000000,0.000000000,0.000000000,0.000392383,0.000000000,0.006702479,0.003426715,-0.003426715,0.000057812,0.002696994,0.145489153,3,58.093250672,0,0.000000000,0.374177482,0.193717798,0.377180496,0.194470607,1.887816132,0.262749027,0.677407885,0.197802030,0.475840546,0.000000000,0.475838063,2.000000000,0.000000000,0.000000000,0.000000000,1.000000000,0.850832424,0.666847082,0.682938220,0.000000000,0.912335077,0.778436618,0.754030355,1,0,0,0.000000000,0.054143770,-0.335415426,0.156760112,-0.121120779,-0.016749237,0.150252472,0.305193826,12.121820376,0.017593496,-130.917618703,-0.114996333,142.886414092,44.882219540,-0.001334936,0.000223950,-0.002055620,-0.000515991,0.000295082,-0.000068950,0.000926239,0.000000000,0.000000000,0.000000000,0.000000000,0.000000000,0.000000000,0.000000000,0.000267109,-0.000000025,-0.000264424,-0.000000035,0.000092061,0.000000106,-0.000064981,0.000000000,0.000000000,0.000000000,0.000000000,0.000000000,0.000000000,0.000000000,-0.385847018,-0.002508217,0.268931301,0.007930027,0.361376173,0.333367462,0.058368362
12.901000000,0,12.901000000,sample,0.216532473,-0.000002009,0.216033483,0.216032517,0.000000966,0.966077009,0.000006038,0,0,1.500000000,0.080000000,0.000000000,0.000000000,0.002536989,0.000000000,0.004332067,0.002216672,-0.002216672,0.000267788,0.005130903,0.494452650,3,93.296547846,0,0.000000000,0.379552546,0.193223957,0.386063070,0.193845902,3.329818089,0.315426959,0.901766394,0.147382949,0.635184624,0.000000000,0.635179641,2.000000000,0.000000000,0.000000000,0.000000000,1.000000000,0.821263829,0.742613190,0.721358658,0.000000000,0.908001965,0.786480937,0.759736181,1,0,0,0.000000000,0.054243694,-0.340654864,0.158341469,-0.121166908,-0.016906133,0.149560224,0.305745279,12.122048085,0.017598787,-130.917537610,-0.114920451,142.886405096,44.882023104,0.000932609,-0.000315974,0.004955946,0.000547660,0.000703328,0.000015817,-0.000017670,0.000000000,0.000000000,0.000000000,0.000000000,0.000000000,0.000000000,0.000000000,-0.001727011,0.000000161,0.001709653,0.000000224,-0.000595237,-0.000000683,0.000420146,0.000000000,0.000000000,0.000000000,0.000000000,0.000000000,0.000000000,0.000000000,-0.494984669,-0.040801102,0.143985718,0.005626287,0.372770043,0.333109253,0.054780831
12.951000000,0,12.951000000,sample,0.216532386,-0.000001728,0.216033424,0.216032390,0.000001034,1.033706605,0.000006461,1,1,1.500000000,0.080000000,1.500000000,-0.000959220,0.000639480,-0.000639480,0.009077392,0.004322096,-0.003629035,0.004322096,0.002090730,0.305864418,2,46.959076311,1,46.339820643,0.375252031,0.193098266,0.382231457,0.193939114,0.495753147,0.057399580,0.758650479,0.168125252,0.525316873,1.500000000,1.589325853,2.000000000,0.000000000,0.000000000,0.000000000,1.000000000,0.903378532,0.778592606,0.749617565,0.375714147,0.920031349,0.790294016,0.759925688,1,0,0,0.000000000,0.052908088,-0.337300069,0.155703193,-0.121063367,-0.016596089,0.149516458,0.305474684,12.121815900,0.017526416,-130.917466766,-0.115072019,142.886411734,44.881759409,0.000155667,0.001432708,-0.000292831,0.000736580,0.000653538,-0.000131511,-0.001105242,-0.680733580,0.000063141,0.673891890,0.000088323,-0.234619465,-0.000269598,0.165605361,0.000435315,-0.000000040,-0.000430940,-0.000000056,0.000150034,0.000000172,-0.000105901,-1.021100369,0.000094712,1.010837836,0.000132484,-0.351929197,-0.000404398,0.248408042,-0.544170747,-0.007645399,0.123003347,0.009102200,0.369358208,0.333263595,0.055167538
13.001000000,0,13.001000000,sample,0.216532346,-0.000000808,0.216033262,0.216032493,0.000000769,0.768819688,0.000004805,0,0,1.500000000,0.080000000,0.000000000,0.000000000,0.000096227,0.000000000,0.010763238,0.010763238,-0.003084498,0.010763238,0.001399305,0.068767725,7,46.376751661,0,0.000000000,0.377645527,0.193581211,0.379726390,0.194176382,0.516619878,0.125362277,0.739502179,0.181313762,0.487682554,0.000000000,0.487683001,2.000000000,0.000000000,0.000000000,0.000000000,1.000000000,0.826149713,0.702484548,0.702249368,0.000000000,0.888962008,0.769436448,0.742607187,1,0,0,0.000000000,0.053418294,-0.338463238,0.158761665,-0.121246788,-0.016842509,0.149964100,0.305212645,12.122188642,0.017877546,-130.917427285,-0.114885593,142.886498929,44.882139218,-0.000232949,-0.000132728,-0.000115420,0.000498337,0.000606330,0.000590587,0.000952934,0.000000000,0.000000000,0.000000000,0.000000000,0.000000000,0.000000000,0.000000000,-0.000065505,0.000000006,0.000064846,0.000000008,-0.000022577,-0.000000026,0.000015936,0.000000000,0.000000000,0.000000000,0.000000000,0.000000000,0.000000000,0.000000000,-0.439844351,-0.025325616,0.220839565,0.000859580,0.366936032,0.335325034,0.056515065
13.051000000,0,13.051000000,sample,0.216532342,-0.000000077,0.216033094,0.216032613,0.000000481,0.480772043,0.000003005,0,0,1.500000000,0.080000000,0.000000000,0.000000000,0.000158108,0.000000000,0.006264576,0.003704062,-0.003704062,0.000378761,0.002449601,0.064544250,5,61.951908977,0,0.000000000,0.377602568,0.193106391,0.380742841,0.194228017,1.028916304,0.201626772,0.786146505,0.143369395,0.532525489,0.000000000,0.532523933,2.000000000,0.000000000,0.000000000,0.000000000,1.000000000,0.838308388,0.713227415,0.704107880,0.000000000,0.890969150,0.776267413,0.752494858,1,0,0,0.000000000,0.051574606,-0.341461443,0.152734548,-0.121193917,-0.016229454,0.149461425,0.305083539,12.121531417,0.018334479,-130.917427285,-0.115139532,142.886454851,44.882157677,0.001148404,-0.000237619,0.000685789,0.000618061,-0.001928070,0.000178937,0.000153215,0.000000000,0.000000000,0.000000000,0.000000000,0.000000000,0.000000000,0.000000000,-0.000107629,0.000000010,0.000106548,0.000000014,-0.000037094,-0.000000043,0.000026183,0.000000000,0.000000000,0.000000000,0.000000000,0.000000000,0.000000000,0.000000000,-0.451278573,-0.018513893,0.203991002,0.003572856,0.368293151,0.333805688,0.055512294
13.101000000,0,13.101000000,sample,0.216532703,0.000007213,0.216033640,0.216032825,0.000000814,0.814365126,0.000005090,0,0,1.500000000,0.080000000,0.000000000,0.000000000,0.001009500,0.000000000,0.006103590,0.002782569,-0.002769564,0.002782569,0.001951727,0.517233993,3,52.659030687,0,0.000000000,0.375976918,0.193864838,0.380144416,0.194269510,0.953261812,0.071805816,0.796196437,0.172465349,0.557365069,0.000000000,0.557366537,2.000000000,0.000000000,0.000000000,0.000000000,1.000000000,0.841605699,0.710032231,0.704486076,0.000000000,0.952808145,0.826025381,0.791648376,1,0,0,0.000000000,0.056405796,-0.335151733,0.160780426,-0.121228367,-0.017284687,0.150294704,0.304926571,12.122159371,0.017811782,-130.917730363,-0.114887853,142.886330113,44.882120617,-0.000203272,-0.000011972,0.001416301,-0.001050680,0.000673487,0.000017227,0.000451727,0.000000000,0.000000000,0.000000000,0.000000000,0.000000000,0.000000000,0.000000000,-0.000687199,0.000000064,0.000680292,0.000000089,-0.000236854,-0.000000272,0.000167183,0.000000000,0.000000000,0.000000000,0.000000000,0.000000000,0.000000000,0.000000000,-0.449398036,-0.017003828,0.212270274,0.002066336,0.366191920,0.334371143,0.055582228
13.151000000,0,13.151000000,sample,0.216532567,-0.000002707,0.216033555,0.216032607,0.000000947,0.947084925,0.000005919,0,0,1.500000000,0.080000000,0.000000000,0.000000000,0.000288064,0.000000000,0.002492190,0.001369945,-0.001369945,0.000333278,0.001524979,0.188897069,1,33.237204020,0,0.000000000,0.379030343,0.193178219,0.381612270,0.194111041,0.772120253,0.027821478,0.786583070,0.168309061,0.533008047,0.000000000,0.533008436,2.000000000,0.000000000,0.000000000,0.000000000,1.000000000,0.794443584,0.706912250,0.701002235,0.000000000,0.844521124,0.732218415,0.719347033,1,0,0,0.000000000,0.053800939,-0.341670340,0.155018834,-0.121174147,-0.016615595,0.149527831,0.305826140,12.121622155,0.017625980,-130.917618703,-0.114920563,142.886350789,44.882098499,0.000879177,-0.000759770,0.000426173,-0.000349719,0.000391047,-0.000190461,0.000694434,0.000000000,0.000000000,0.000000000,0.000000000,0.000000000,0.000000000,0.000000000,0.000196095,-0.000000018,-0.000194124,-0.000000025,0.000067584,0.000000078,-0.000047704,0.000000000,0.000000000,0.000000000,0.000000000,0.000000000,0.000000000,0.000000000,-0.441249138,-0.039996261,0.210315013,0.006672809,0.369541651,0.333522359,0.055031842
13.201000000,0,13.201000000,sample,0.216532581,0.000000278,0.216033445,0.216032745,0.000000700,0.700210580,0.000004376,0,0,1.500000000,0.080000000,0.000000000,0.000000000,0.000723877,0.000000000,0.003574539,0.003574539,-0.003076036,0.003574539,0.001571405,0.460656124,2,53.058602010,0,0.000000000,0.374613512,0.193571554,0.382076746,0.194263297,0.834104820,0.114724571,0.741639093,0.161690864,0.489624927,0.000000000,0.489624978,2.000000000,0.000000000,0.000000000,0.000000000,1.000000000,0.829417978,0.689287540,0.691670360,0.000000000,0.900849434,0.787255056,0.755301957,1,0,0,0.000000000,0.053524970,-0.336491981,0.155703266,-0.121174556,-0.016563720,0.150041050,0.304885779,12.121720638,0.018003810,-130.917618703,-0.115052790,142.886500520,44.882146649,0.000790003,-0.001144632,-0.000367286,0.000169257,-0.000352639,0.000480460,-0.000127600,0.000000000,0.000000000,0.000000000,0.000000000,0.000000000,0.000000000,0.000000000,0.000492768,-0.000000047,-0.000487815,-0.000000064,0.000169835,0.000000195,-0.000119877,0.000000000,0.000000000,0.000000000,0.000000000,0.000000000,0.000000000,0.000000000,-0.412332862,-0.016822232,0.239705434,0.017596022,0.366451673,0.336013242,0.056093389
13.251000000,0,13.251000000,sample,0.216532334,-0.000004939,0.216033263,0.216032455,0.000000809,0.808591724,0.000005054,0,0,1.500000000,0.080000000,0.000000000,0.000000000,0.001207422,0.000000000,0.006318470,0.004708469,-0.002458145,0.004708469,0.003592508,0.336094318,1,59.384557917,0,0.000000000,0.375729926,0.193171728,0.381274170,0.193793389,2.019661235,0.097244897,0.652015866,0.174093859,0.433943228,0.000000000,0.433944804,2.000000000,0.000000000,0.000000000,0.000000000,1.000000000,0.805664211,0.717850496,0.701846252,0.000000000,0.860496851,0.732171821,0.714717698,1,0,0,0.000000000,0.052941026,-0.337630049,0.156128713,-0.121137879,-0.016664316,0.149543410,0.305171347,12.121883887,0.017848802,-130.917427285,-0.115059710,142.886372449,44.881788279,-0.002768436,-0.000454868,-0.000702701,0.000917635,-0.000435916,-0.000307652,-0.001847825,0.000000000,0.000000000,0.000000000,0.000000000,0.000000000,0.000000000,0.000000000,-0.000821932,0.000000077,0.000813671,0.000000107,-0.000283286,-0.000000325,0.000199956,0.000000000,0.000000000,0.000000000,0.000000000,0.000000000,0.000000000,0.000000000,-0.452688198,-0.037107516,0.186793961,0.003678700,0.371657179,0.332295394,0.053195713
13.301000000,0,13.301000000,sample,0.216532439,0.000002088,0.216033510,0.216032399,0.000001111,1.110841328,0.000006943,1,1,1.500000000,0.080000000,1.500000000,-0.000366447,0.000244298,-0.000244298,0.007347068,0.004206732,-0.004206732,0.001119844,0.001786603,0.136738903,2,32.785114155,1,46.339977743,0.370731330,0.193813587,0.382000759,0.194080508,1.054654176,0.071728937,0.769240784,0.169906810,0.514218189,1.500000000,1.585692453,2.000000000,0.000000000,0.000000000,0.000000000,1.000000000,0.897736177,0.769458958,0.735936712,0.355977078,0.911710244,0.792495688,0.760402270,1,0,0,0.000000000,0.053215999,-0.333022959,0.153965858,-0.121028921,-0.016573568,0.150469345,0.305129406,12.121558091,0.017417738,-130.917522994,-0.115088937,142.886230841,44.882274107,0.000852316,-0.001022978,0.000671916,0.000048969,0.000847054,-0.000056501,0.000494431,-0.680734734,0.000062872,0.673893500,0.000088334,-0.234614115,-0.000269633,0.165601647,0.000166302,-0.000000015,-0.000164631,-0.000000022,0.000057316,0.000000066,-0.000040456,-1.021102100,0.000094307,1.010840250,0.000132501,-0.351921173,-0.000404449,0.248402470,-0.524155690,-0.008229435,0.115455530,0.012271587,0.372548961,0.334159655,0.053478579
13.351000000,0,13.351000000,sample,0.216532827,0.000007768,0.216033808,0.216032887,0.000000920,0.920301835,0.000005752,0,0,1.500000000,0.080000000,0.000000000,0.000000000,0.000731052,0.000000000,0.004411150,0.000000000,0.000000000,0.000000000,0.001568158,0.466185220,4,58.384290574,0,0.000000000,0.376957792,0.193477774,0.383073075,0.194156386,0.901484578,0.094184122,0.747058845,0.174624096,0.526913817,0.000000000,0.526912824,2.000000000,0.000000000,0.000000000,0.000000000,1.000000000,0.843608223,0.738072215,0.715442403,0.000000000,0.897371950,0.763538655,0.731199826,1,0,0,0.000000000,0.056327477,-0.336864820,0.159519544,-0.121081486,-0.017111911,0.149933670,0.305257600,12.121966526,0.017692919,-130.917826072,-0.115092556,142.886405089,44.882138215,-0.000910383,-0.000055838,0.000011876,-0.001198223,-0.000300024,-0.000248338,0.000199092,0.000000000,0.000000000,0.000000000,0.000000000,0.000000000,0.000000000,0.000000000,-0.000497651,0.000000046,0.000492649,0.000000065,-0.000171521,-0.000000197,0.000121068,0.000000000,0.000000000,0.000000000,0.000000000,0.000000000,0.000000000,0.000000000,-0.491487433,-0.028895082,0.132272225,0.003757382,0.371609580,0.333033313,0.054296246
13.401000000,0,13.401000000,sample,0.216532443,-0.000007688,0.216033363,0.216032549,0.000000815,0.814794619,0.000005092,0,0,1.500000000,0.080000000,0.000000000,0.000000000,0.001270152,0.000000000,0.005271048,0.003388021,-0.003388021,0.000004523,0.001795070,0.707578130,3,78.043169667,0,0.000000000,0.374385964,0.193015322,0.380470230,0.193907462,0.948552058,0.114891716,0.772641965,0.158027103,0.520194214,0.000000000,0.520193633,2.000000000,0.000000000,0.000000000,0.000000000,1.000000000,0.827914478,0.699216278,0.690008657,0.000000000,0.861428544,0.774391994,0.742762339,1,0,0,0.000000000,0.052951278,-0.337342582,0.153495911,-0.121025958,-0.016489628,0.149451411,0.305137163,12.121514296,0.017871908,-130.917522994,-0.115255224,142.886272501,44.881840970,-0.000190820,-0.000403481,0.001585801,0.000605434,-0.000366070,-0.000016167,-0.000086499,0.000000000,0.000000000,0.000000000,0.000000000,0.000000000,0.000000000,0.000000000,-0.000864637,0.000000081,0.000855947,0.000000112,-0.000297995,-0.000000343,0.000210339,0.000000000,0.000000000,0.000000000,0.000000000,0.000000000,0.000000000,0.000000000,-0.425075077,-0.020211380,0.210975982,0.007714245,0.368742048,0.334110223,0.053328346
13.451000000,0,13.451000000,sample,0.216532370,-0.000001458,0.216033223,0.216032588,0.000000634,0.634179501,0.000003964,0,0,1.500000000,0.080000000,0.000000000,0.000000000,0.001067424,0.000000000,0.006658589,0.001575398,-0.001575398,0.001264403,0.004296692,0.248429348,4,58.675078707,0,0.000000000,0.381421761,0.192925481,0.381421761,0.193838118,2.453134214,0.343491781,0.864137764,0.143941785,0.651924426,0.000000000,0.651937930,2.000000000,0.000000000,0.000000000,0.000000000,1.000000000,0.817330445,0.720097018,0.706186888,0.000000000,0.911435575,0.773541824,0.741044238,1,0,0,0.000000000,0.054628730,-0.342333097,0.159079578,-0.121232917,-0.017112867,0.149097185,0.305421911,12.122150294,0.018086701,-130.917466748,-0.114979337,142.886230927,44.881760367,0.002063156,0.000010353,0.000532878,-0.003291251,-0.000938648,-0.000265986,-0.001461759,0.000000000,0.000000000,0.000000000,0.000000000,0.000000000,0.000000000,0.000000000,0.000726630,-0.000000069,-0.000719327,-0.000000094,0.000250444,0.000000288,-0.000176775,0.000000000,0.000000000,0.000000000,0.000000000,0.000000000,0.000000000,0.000000000,-0.459576239,-0.029968142,0.182283774,0.023114071,0.370524128,0.335427991,0.055043714
13.501000000,0,13.501000000,sample,0.216532456,0.000001719,0.216033255,0.216032676,0.000000579,0.579308631,0.000003621,0,0,1.500000000,0.080000000,0.000000000,0.000000000,0.002278516,0.000000000,0.003009496,0.001800902,-0.001800902,0.000908180,0.002678171,0.850773225,3,48.185776555,0,0.000000000,0.371734565,0.193861595,0.381863097,0.193987283,0.311516299,0.059595721,0.745101879,0.176117419,0.501972624,0.000000000,0.501972670,2.000000000,0.000000000,0.000000000,0.000000000,1.000000000,0.836541473,0.700494921,0.692356585,0.000000000,0.849854067,0.745829311,0.732611731,1,0,0,0.000000000,0.052413050,-0.334585628,0.153270728,-0.121217939,-0.016346843,0.150403823,0.304497851,12.121513294,0.018176301,-130.917522996,-0.115042527,142.886414093,44.882282073,-0.001716402,-0.000556920,0.001859079,-0.000078857,0.000667252,-0.000042223,0.000083690,0.000000000,0.000000000,0.000000000,0.000000000,0.000000000,0.000000000,0.000000000,-0.001551065,0.000000148,0.001535477,0.000000201,-0.000534572,-0.000000614,0.000377326,0.000000000,0.000000000,0.000000000,0.000000000,0.000000000,0.000000000,0.000000000,-0.435995246,-0.019649081,0.195397974,-0.007252239,0.370269966,0.332255204,0.056154860
13.551000000,0,13.551000000,sample,0.216532319,-0.000002726,0.216033290,0.216032416,0.000000875,0.874607601,0.000005466,0,0,1.500000000,0.080000000,0.000000000,0.000000000,0.000718895,0.000000000,0.005125903,0.000000000,0.000000000,0.000000000,0.003070589,0.234122958,3,54.421022937,0,0.000000000,0.378319714,0.192958169,0.382751815,0.193999176,1.883635585,0.191040823,0.683068039,0.186605005,0.471561777,0.000000000,0.471562502,2.000000000,0.000000000,0.000000000,0.000000000,1.000000000,0.880984596,0.725604081,0.706366077,0.000000000,0.895473844,0.743744332,0.720466689,1,0,0,0.000000000,0.054031566,-0.339544087,0.157848690,-0.121085425,-0.016984059,0.149273965,0.305474880,12.122042929,0.017762230,-130.917427285,-0.115112650,142.886211686,44.881779494,-0.001057113,0.001404439,-0.002265192,0.001021119,-0.000268096,-0.000265406,0.000149951,0.000000000,0.000000000,0.000000000,0.000000000,0.000000000,0.000000000,0.000000000,0.000489376,-0.000000046,-0.000484457,-0.000000064,0.000168669,0.000000194,-0.000119055,0.000000000,0.000000000,0.000000000,0.000000000,0.000000000,0.000000000,0.000000000,-0.465442792,-0.001731147,0.168558274,0.007022567,0.371839503,0.335247773,0.056534521
13.601000000,0,13.601000000,sample,0.216532339,0.000000395,0.216033351,0.216032372,0.000000979,0.979461032,0.000006122,0,0,1.500000000,0.080000000,0.000000000,0.000000000,0.002940347,0.000000000,0.004913096,0.004913096,-0.001869529,0.004913096,0.007500132,0.392039354,5,81.473981211,0,0.000000000,0.374944556,0.193383002,0.384646627,0.193636079,1.932059034,0.568594871,0.808854490,0.097209825,0.575405369,0.000000000,0.575403031,2.000000000,0.000000000,0.000000000,0.000000000,1.000000000,0.810625010,0.740477761,0.713452540,0.000000000,0.870083847,0.765141499,0.732757829,1,0,0,0.000000000,0.052621614,-0.337002182,0.155704577,-0.121143573,-0.016571927,0.149821865,0.305367903,12.121847235,0.017585993,-130.917427285,-0.114959100,142.886427794,44.881926112,0.000854249,-0.000809767,0.002876191,0.000838547,-0.006769840,0.000243632,-0.000028236,0.000000000,0.000000000,0.000000000,0.000000000,0.000000000,0.000000000,0.000000000,-0.002001592,0.000000186,0.001981476,0.000000259,-0.000689864,-0.000000792,0.000486938,0.000000000,0.000000000,0.000000000,0.000000000,0.000000000,0.000000000,0.000000000,-0.485178466,-0.046928985,0.115105704,0.009285013,0.379826545,0.332831707,0.055076023
13.651000000,0,13.651000000,sample,0.216532573,0.000004668,0.216033487,0.216032710,0.000000777,0.776900206,0.000004856,0,0,1.500000000,0.080000000,0.000000000,0.000000000,0.000201184,0.000000000,0.008445834,0.006400162,-0.003225750,0.006400162,0.001733266,0.116072237,2,62.454039810,0,0.000000000,0.382972217,0.192928694,0.383151518,0.194101227,1.165345175,0.139837381,0.787475653,0.178502428,0.561657383,0.000000000,0.561657432,2.000000000,0.000000000,0.000000000,0.000000000,1.000000000,0.886518033,0.733983754,0.710038230,0.000000000,0.886518033,0.763209807,0.730016851,1,0,0,0.000000000,0.054916750,-0.344104735,0.158882980,-0.121200433,-0.016985803,0.149142276,0.305829560,12.122048214,0.017878109,-130.917618703,-0.114961362,142.886407337,44.881995145,-0.000407351,0.001369763,0.000112093,-0.000658883,0.000688478,-0.000194498,0.000059176,0.000000000,0.000000000,0.000000000,0.000000000,0.000000000,0.000000000,0.000000000,-0.000136953,0.000000013,0.000135576,0.000000018,-0.000047203,-0.000000054,0.000033318,0.000000000,0.000000000,0.000000000,0.000000000,0.000000000,0.000000000,0.000000000,-0.470752900,-0.000118562,0.175446509,0.004740822,0.369725575,0.335036373,0.052873978
13.701000000,0,13.701000000,sample,0.216532454,-0.000002375,0.216033436,0.216032519,0.000000917,0.917266874,0.000005733,0,0,1.500000000,0.080000000,0.000000000,0.000000000,0.000416452,0.000000000,0.002239604,0.000530117,-0.000530117,0.000000000,0.000950137,0.438307309,7,30.630882536,0,0.000000000,0.377743900,0.192951657,0.385568761,0.193451879,0.267950985,0.029103336,0.760951767,0.166678876,0.523502214,0.000000000,0.523502275,2.000000000,0.000000000,0.000000000,0.000000000,1.000000000,0.844659793,0.729532831,0.700913754,0.000000000,0.908448822,0.766748444,0.729473716,1,0,0,0.000000000,0.053751564,-0.339323904,0.157036656,-0.121117319,-0.016770874,0.149263776,0.305520081,12.121916113,0.017688396,-130.917523048,-0.115037132,142.886394167,44.881682419,-0.000402848,0.000113513,0.000370527,-0.000457051,0.000086406,0.000312111,-0.000525855,0.000000000,0.000000000,0.000000000,0.000000000,0.000000000,0.000000000,0.000000000,-0.000283493,0.000000026,0.000280643,0.000000037,-0.000097708,-0.000000112,0.000068967,0.000000000,0.000000000,0.000000000,0.000000000,0.000000000,0.000000000,0.000000000,-0.461657526,-0.025657172,0.147821381,-0.006702320,0.376827792,0.333093869,0.051452270
13.751000000,0,13.751000000,sample,0.216532569,0.000002310,0.216033537,0.216032621,0.000000917,0.916634206,0.000005729,0,0,1.500000000,0.080000000,0.000000000,-0.000000000,0.000308486,0.000000000,0.007708002,0.003170231,-0.003170231,0.002220479,0.001353433,0.227928444,7,76.905002344,0,0.000000000,0.375306056,0.193122785,0.379205903,0.194164465,0.295368614,0.047703538,0.736577519,0.162888136,0.503227430,0.000000000,0.503227264,2.000000000,0.000000000,0.000000000,0.000000000,1.000000000,0.856715088,0.711198094,0.699328280,0.000000000,0.902503096,0.791866957,0.753715897,1,0,0,0.000000000,0.053364792,-0.338082384,0.153971218,-0.121119026,-0.016484421,0.149515402,0.305385227,12.121512766,0.017689141,-130.917618703,-0.115037132,142.886372534,44.881800206,-0.000119575,-0.000427949,-0.000316074,-0.000096922,-0.000083603,-0.000330642,-0.001186900,0.000000000,0.000000000,0.000000000,0.000000000,0.000000000,0.000000000,0.000000000,0.000209997,-0.000000020,-0.000207887,-0.000000027,0.000072375,0.000000083,-0.000051086,0.000000000,0.000000000,0.000000000,0.000000000,0.000000000,0.000000000,0.000000000,-0.440357719,-0.008063907,0.208620358,0.005144993,0.369477647,0.334689644,0.054774825
13.801000000,0,13.801000000,sample,0.216532440,-0.000002578,0.216033420,0.216032512,0.000000907,0.907328777,0.000005671,0,0,1.500000000,0.080000000,0.000000000,0.000000000,0.000380676,0.000000000,0.009885507,0.006562222,-0.005090384,0.006562222,0.001600264,0.237883332,2,46.714887619,0,0.000000000,0.377684064,0.193360121,0.380148869,0.193745844,1.034520123,0.111406120,0.750818933,0.162524684,0.494241127,0.000000000,0.494240875,2.000000000,0.000000000,0.000000000,0.000000000,1.000000000,0.832031806,0.726686437,0.713561638,0.000000000,0.886152852,0.745621213,0.721232496,1,0,0,0.000000000,0.054190186,-0.339314725,0.156761582,-0.121159261,-0.016878297,0.149745427,0.305509521,12.121858339,0.017690529,-130.917524473,-0.114964682,142.886229706,44.882097416,0.000223648,-0.001093753,0.000437936,0.000657627,-0.000652162,0.000051573,0.000512146,0.000000000,0.000000000,0.000000000,0.000000000,0.000000000,0.000000000,0.000000000,-0.000259139,0.000000024,0.000256534,0.000000034,-0.000089314,-0.000000103,0.000063042,0.000000000,0.000000000,0.000000000,0.000000000,0.000000000,0.000000000,0.000000000,-0.472741140,-0.026856216,0.178146445,0.008781602,0.371213651,0.334855586,0.056777271
13.851000000,0,13.851000000,sample,0.216532436,-0.000000086,0.216033423,0.216032489,0.000000934,0.934122728,0.000005838,0,0,1.500000000,0.080000000,0.000000000,0.000000000,0.000807963,0.000000000,0.006121618,0.003585271,-0.002003472,0.003585271,0.002111139,0.382714089,5,49.897520586,0,0.000000000,0.374793071,0.193628237,0.381947923,0.194101553,0.401126296,0.062670449,0.737506214,0.165687438,0.491156702,0.000000000,0.491156918,2.000000000,0.000000000,0.000000000,0.000000000,1.000000000,0.825065374,0.703765509,0.696897690,0.000000000,0.933402557,0.820832637,0.784196935,1,0,0,0.000000000,0.053636338,-0.337045871,0.154896966,-0.121152513,-0.016698824,0.150116994,0.305305105,12.121653856,0.017651704,-130.917522994,-0.114963758,142.886202630,44.882226032,-0.000199662,-0.000064150,0.000147590,0.000598684,-0.001491270,-0.000034159,0.001344495,0.000000000,0.000000000,0.000000000,0.000000000,0.000000000,0.000000000,0.000000000,-0.000550008,0.000000051,0.000544480,0.000000071,-0.000189561,-0.000000218,0.000133801,0.000000000,0.000000000,0.000000000,0.000000000,0.000000000,0.000000000,0.000000000,-0.429577209,-0.021317111,0.216371208,0.010930938,0.372178868,0.334704663,0.056525100
13.901000000,0,13.901000000,sample,0.216532571,0.000002701,0.216033557,0.216032639,0.000000917,0.917453148,0.000005734,0,0,1.500000000,0.080000000,0.000000000,0.000000000,0.001457281,0.000000000,0.006911339,0.002472175,-0.002472175,0.002242682,0.001622148,0.898365451,3,41.553072255,0,0.000000000,0.376750945,0.193376571,0.377762535,0.194216476,0.269796735,0.036440685,0.755248771,0.164886786,0.520789504,0.000000000,0.520789950,2.000000000,0.000000000,0.000000000,0.000000000,1.000000000,0.844874056,0.711829680,0.702042324,0.000000000,0.905178694,0.768501312,0.737447673,1,0,0,0.000000000,0.054939230,-0.337153646,0.158903663,-0.121139481,-0.017000940,0.149768797,0.305289940,12.122047599,0.017680949,-130.917618865,-0.114994157,142.886390764,44.881915447,0.000959167,-0.000051606,-0.001045664,-0.000516510,0.000018082,0.000128996,-0.000575792,0.000000000,0.000000000,0.000000000,0.000000000,0.000000000,0.000000000,0.000000000,0.000992019,-0.000000093,-0.000982048,-0.000000129,0.000341913,0.000000393,-0.000241338,0.000000000,0.000000000,0.000000000,0.000000000,0.000000000,0.000000000,0.000000000,-0.433931918,-0.011313589,0.230934866,0.008715930,0.369169766,0.334442096,0.053794122
13.951000000,0,13.951000000,sample,0.216532709,0.000002757,0.216033652,0.216032784,0.000000868,0.867893922,0.000005424,0,0,1.500000000,0.080000000,0.000000000,0.000000000,0.006315882,0.000000000,0.006315882,0.003209444,-0.001170675,0.003209444,0.007091873,0.890580191,3,58.400836694,0,0.000000000,0.375415122,0.193532856,0.379441206,0.193954100,0.840469412,0.107593773,0.709008868,0.164559577,0.473701963,0.000000000,0.473708803,2.000000000,0.000000000,0.000000000,0.000000000,1.000000000,0.852892556,0.739390318,0.717219188,0.000000000,0.852892556,0.752078162,0.728210071,1,0,0,0.000000000,0.054558748,-0.337606347,0.154860619,-0.121192895,-0.016664965,0.149965088,0.305268445,12.121512768,0.017741330,-130.917737093,-0.114929040,142.886310083,44.882097527,0.004360934,-0.000792737,-0.005419641,-0.000057996,-0.000967026,-0.000339154,0.000471649,0.000000000,0.000000000,0.000000000,0.000000000,0.000000000,0.000000000,0.000000000,0.004299442,-0.000000402,-0.004256231,-0.000000557,0.001481792,0.000001701,-0.001045919,0.000000000,0.000000000,0.000000000,0.000000000,0.000000000,0.000000000,0.000000000,-0.479439314,-0.018177265,0.172167936,0.004829074,0.373859106,0.334314238,0.054855593
14.001000000,0,14.001000000,sample,0.216532439,-0.000005403,0.216033390,0.216032544,0.000000846,0.846009993,0.000005288,0,0,1.500000000,0.080000000,0.000000000,0.000000000,0.000284073,0.000000000,0.004485961,0.003024822,-0.003024822,0.002448004,0.001844012,0.154051818,7,38.887948581,0,0.000000000,0.378455586,0.192892409,0.379253227,0.194017653,0.575625255,0.171993259,0.778487811,0.147941655,0.535951699,0.000000000,0.535950500,2.000000000,0.000000000,0.000000000,0.000000000,1.000000000,0.839709795,0.684163675,0.688868960,0.000000000,0.892158294,0.766446318,0.730908805,1,0,0,0.000000000,0.054383385,-0.339855084,0.157383607,-0.121070534,-0.016943449,0.149205652,0.305462760,12.121926884,0.017810306,-130.917522994,-0.115154654,142.886231924,44.881779698,0.000763128,0.000391512,0.000311913,0.000633094,-0.000918820,0.000008304,-0.001149930,0.000000000,0.000000000,0.000000000,0.000000000,0.000000000,0.000000000,0.000000000,0.000193378,-0.000000018,-0.000191435,-0.000000025,0.000066650,0.000000077,-0.000047044,0.000000000,0.000000000,0.000000000,0.000000000,0.000000000,0.000000000,0.000000000,-0.383251479,-0.010295136,0.273904149,0.008127275,0.370188728,0.335316818,0.054645768
14.051000000,0,14.051000000,sample,0.216532569,0.000002607,0.216033581,0.216032599,0.000000982,0.981882356,0.000006137,0,0,1.500000000,0.080000000,0.000000000,0.000000000,0.000122946,0.000000000,0.008642260,0.008642260,-0.008642260,0.000065542,0.001233775,0.099650495,7,47.955593767,0,0.000000000,0.376721851,0.193362508,0.380234767,0.193705899,0.619787048,0.073988813,0.775701305,0.170746022,0.540331210,0.000000000,0.540331496,2.000000000,0.000000000,0.000000000,0.000000000,1.000000000,0.843475642,0.742977287,0.721458793,0.000000000,0.874072200,0.771268983,0.742603934,1,0,0,0.000000000,0.054386631,-0.338078744,0.157048433,-0.121096745,-0.016815777,0.149806100,0.305483912,12.121844582,0.017595031,-130.917618703,-0.115036415,142.886372202,44.882096656,0.000450794,0.000505780,-0.000010789,-0.000413476,-0.000211472,-0.000342627,0.000854389,0.000000000,0.000000000,0.000000000,0.000000000,0.000000000,0.000000000,0.000000000,0.000083694,-0.000000008,-0.000082852,-0.000000011,0.000028846,0.000000033,-0.000020361,0.000000000,0.000000000,0.000000000,0.000000000,0.000000000,0.000000000,0.000000000,-0.488167045,-0.023390393,0.167232272,0.004306596,0.373889403,0.332800549,0.055802724
14.101000000,0,14.101000000,sample,0.216532462,-0.000002153,0.216033357,0.216032609,0.000000748,0.748253944,0.000004677,0,0,1.500000000,0.080000000,0.000000000,0.000000000,0.002966153,0.000000000,0.004893282,0.003859813,-0.002063541,0.003859813,0.003728058,0.795629421,3,87.823980512,0,0.000000000,0.375639272,0.193103388,0.378372432,0.193991670,1.640201620,0.220563301,0.814114174,0.147249385,0.558828638,0.000000000,0.558827745,2.000000000,0.000000000,0.000000000,0.000000000,1.000000000,0.841845919,0.718270448,0.703988300,0.000000000,0.907163154,0.796298434,0.760270768,1,0,0,0.000000000,0.053497166,-0.337280682,0.156475741,-0.121119043,-0.016689493,0.149467577,0.305038592,12.121856803,0.017946551,-130.917527379,-0.115125249,142.886420292,44.881727659,-0.000609836,-0.000208608,0.003493729,0.000512131,-0.000937841,0.000339331,-0.000141026,0.000000000,0.000000000,0.000000000,0.000000000,0.000000000,0.000000000,0.000000000,-0.002019159,0.000000190,0.001998865,0.000000262,-0.000695919,-0.000000800,0.000491212,0.000000000,0.000000000,0.000000000,0.000000000,0.000000000,0.000000000,0.000000000,-0.447961926,-0.016122357,0.201867191,0.011612765,0.372123149,0.335055792,0.055194811
14.151000000,0,14.151000000,sample,0.216532335,-0.000002528,0.216033327,0.216032395,0.000000932,0.932334809,0.000005827,0,0,1.500000000,0.080000000,0.000000000,0.000000000,0.000786805,0.000000000,0.005348874,0.002302122,-0.002302122,0.000552104,0.002329149,0.337807799,4,37.829528197,0,0.000000000,0.379442384,0.192593315,0.383613071,0.193726415,0.547510371,0.114517606,0.750508304,0.154083767,0.506715956,0.000000000,0.506715335,2.000000000,0.000000000,0.000000000,0.000000000,1.000000000,0.839299877,0.727927726,0.709922444,0.000000000,0.874931108,0.748033273,0.725504799,1,0,0,0.000000000,0.053024459,-0.341608419,0.156424480,-0.121039168,-0.016686869,0.148873279,0.305780024,12.121917673,0.017688396,-130.917427285,-0.115168074,142.886383862,44.881656550,0.000512616,0.000788975,-0.000529968,0.001432560,-0.000610924,-0.000012117,-0.001353961,0.000000000,0.000000000,0.000000000,0.000000000,0.000000000,0.000000000,0.000000000,0.000535604,-0.000000050,-0.000530221,-0.000000070,0.000184601,0.000000212,-0.000130300,0.000000000,0.000000000,0.000000000,0.000000000,0.000000000,0.000000000,0.000000000,-0.472744980,-0.025452425,0.156936983,0.005793496,0.374262410,0.334528742,0.056653526
14.201000000,0,14.201000000,sample,0.216532556,0.000004408,0.216033434,0.216032723,0.000000711,0.710554947,0.000004441,0,0,1.500000000,0.080000000,0.000000000,0.000000000,0.006177750,0.000000000,0.011337595,0.009547255,-0.009547255,0.003958736,0.006583909,0.938310448,3,49.118124705,0,0.000000000,0.373058569,0.193900154,0.381976103,0.193993705,0.427730918,0.103126194,0.761748758,0.182392103,0.528210070,0.000000000,0.528215215,2.000000000,0.000000000,0.000000000,0.000000000,1.000000000,0.871006380,0.740149458,0.716056928,0.000000000,0.895388418,0.779757849,0.745389521,1,0,0,0.000000000,0.054841001,-0.333915479,0.157052899,-0.121178497,-0.016941321,0.150419524,0.304626102,12.121820384,0.017985549,-130.917618703,-0.115034518,142.886222202,44.882232279,-0.004611410,0.000496907,0.004614288,-0.000209044,0.000582945,-0.000051949,0.000397441,0.000000000,0.000000000,0.000000000,0.000000000,0.000000000,0.000000000,0.000000000,-0.004205404,0.000000397,0.004163136,0.000000545,-0.001449416,-0.000001665,0.001023066,0.000000000,0.000000000,0.000000000,0.000000000,0.000000000,0.000000000,0.000000000,-0.485202580,-0.013287148,0.142826550,0.005887450,0.375411767,0.335579696,0.056192696
14.251000000,0,14.251000000,sample,0.216532557,0.000000024,0.216033535,0.216032631,0.000000904,0.904407292,0.000005653,0,0,1.500000000,0.080000000,0.000000000,0.000000000,0.003923479,0.000000000,0.007582430,0.006371279,-0.006371279,0.002421597,0.004613388,0.850454988,3,67.948087726,0,0.000000000,0.379570379,0.193039356,0.383800964,0.194451510,0.932631083,0.094694033,0.804625712,0.171812325,0.557769759,0.000000000,0.557772271,2.000000000,0.000000000,0.000000000,0.000000000,1.000000000,0.831259609,0.718300649,0.710589522,0.000000000,0.863782004,0.744736216,0.727847376,1,0,0,0.000000000,0.055190879,-0.340653191,0.158060251,-0.121092065,-0.017044668,0.149366610,0.305642286,12.121929906,0.017714267,-130.917619190,-0.115083326,142.886229696,44.881969191,-0.002388707,0.000216572,0.003802845,-0.000154424,0.000995538,-0.000131057,-0.000191777,0.000000000,0.000000000,0.000000000,0.000000000,0.000000000,0.000000000,0.000000000,-0.002670843,0.000000250,0.002643998,0.000000347,-0.000920530,-0.000001058,0.000649753,0.000000000,0.000000000,0.000000000,0.000000000,0.000000000,0.000000000,0.000000000,-0.466426880,-0.026002144,0.190744910,0.002419885,0.368075891,0.334055309,0.056965217
14.301000000,0,14.301000000,sample,0.216532621,0.000001290,0.216033640,0.216032634,0.000001006,1.006185827,0.000006289,1,1,1.500000000,0.080000000,1.500000000,-0.003909259,0.002606173,-0.002606173,0.003679488,0.003471027,-0.002606173,0.003471027,0.004156175,0.627060410,1,83.523317483,1,46.339885500,0.376617345,0.193375196,0.383534870,0.193511233,1.597487827,0.251197212,0.824791007,0.138118376,0.576379495,1.500000000,1.606926354,2.000000000,0.000000000,0.000000000,0.000000000,1.000000000,0.898240837,0.793488575,0.757783685,0.357596504,0.898240837,0.793488575,0.757783685,1,0,0,0.000000000,0.054225797,-0.338367358,0.156229700,-0.121143967,-0.016705754,0.149796607,0.305557865,12.121734238,0.017544367,-130.917658166,-0.114941770,142.886411758,44.882036126,0.003798374,-0.000043711,-0.000601574,0.000148011,-0.001520776,-0.000345094,0.000169082,-0.680734056,0.000063164,0.673892121,0.000088222,-0.234618058,-0.000269292,0.165604460,0.001774111,-0.000000165,-0.001756279,-0.000000230,0.000611455,0.000000702,-0.000431594,-1.021101084,0.000094745,1.010838181,0.000132333,-0.351927088,-0.000403938,0.248406689,-0.556948999,-0.021139955,0.085845836,0.007459980,0.376392896,0.333975598,0.054411004
14.351000000,0,14.351000000,sample,0.216532581,-0.000000805,0.216033650,0.216032560,0.000001091,1.090501272,0.000006816,1,1,1.500000000,0.080000000,1.500000000,-0.001622171,0.001081447,-0.001081447,0.006215748,0.003253539,-0.003253539,0.001328251,0.001651940,0.654652906,3,81.692013393,1,46.339718103,0.374601897,0.193484910,0.380314558,0.194023644,0.864000353,0.059096053,0.717923791,0.173362089,0.492851113,1.500000000,1.578892612,2.000000000,0.000000000,0.000000000,0.000000000,1.000000000,0.818181495,0.709264570,0.696148948,0.352799287,0.922793245,0.808391298,0.768953727,1,0,0,0.000000000,0.054481896,-0.334958550,0.158622426,-0.121055427,-0.016877180,0.149990516,0.305310080,12.122035614,0.017441217,-130.917618703,-0.115051754,142.886501506,44.881969191,0.000007846,0.000134555,-0.001493083,-0.000399335,-0.000035900,0.000312193,-0.000472461,-0.680732826,0.000062926,0.673890380,0.000088309,-0.234623793,-0.000269556,0.165608471,0.000736177,-0.000000068,-0.000728777,-0.000000096,0.000253733,0.000000292,-0.000179097,-1.021099240,0.000094389,1.010835570,0.000132463,-0.351935690,-0.000404333,0.248412707,-0.443770072,-0.025474197,0.190930040,0.009579488,0.370542621,0.331953710,0.054785035
14.401000000,0,14.401000000,sample,0.216532575,-0.000000122,0.216033538,0.216032650,0.000000888,0.887563086,0.000005547,0,0,1.500000000,0.080000000,0.000000000,0.000000000,0.000004590,0.000000000,0.005035639,0.002884238,-0.001001660,0.002884238,0.001291519,0.003553761,7,46.636721170,0,0.000000000,0.380736376,0.193116597,0.380996754,0.193963910,0.717352535,0.044978343,0.796886133,0.167798221,0.549389729,0.000000000,0.549389896,2.000000000,0.000000000,0.000000000,0.000000000,1.000000000,0.840629682,0.729837699,0.705791126,0.000000000,0.852491779,0.757537498,0.727024899,1,0,0,0.000000000,0.054205905,-0.342620746,0.156948819,-0.121186338,-0.016759947,0.149422206,0.305838240,12.121842585,0.017713349,-130.917619190,-0.114929431,142.886427548,44.882097416,0.000691133,0.000267411,0.000485043,-0.000252890,-0.000008899,-0.000204056,0.000881993,0.000000000,0.000000000,0.000000000,0.000000000,0.000000000,0.000000000,0.000000000,-0.000003124,0.000000000,0.000003093,0.000000000,-0.000001077,-0.000000001,0.000000760,0.000000000,0.000000000,0.000000000,0.000000000,0.000000000,0.000000000,0.000000000,-0.469373447,-0.021156055,0.153641883,-0.002887184,0.376761728,0.329684706,0.055915401
14.451000000,0,14.451000000,sample,0.216532714,0.000002777,0.216033685,0.216032784,0.000000901,0.900836138,0.000005630,0,0,1.500000000,0.080000000,0.000000000,0.000000000,0.000062338,0.000000000,0.010651040,0.007035186,-0.001498754,0.007035186,0.001754904,0.035522040,7,34.934802137,0,0.000000000,0.373190129,0.193930354,0.379945723,0.193930354,0.993801188,0.076945904,0.734020598,0.174565348,0.517813273,0.000000000,0.517812664,2.000000000,0.000000000,0.000000000,0.000000000,1.000000000,0.855344827,0.735310354,0.705076176,0.000000000,0.921924772,0.797938107,0.756674323,1,0,0,0.000000000,0.055322056,-0.333195800,0.158716418,-0.121202843,-0.016959469,0.150436795,0.304845051,12.121956933,0.017687860,-130.917730363,-0.114891288,142.886452633,44.882063254,-0.000789974,0.000706418,-0.000490457,-0.000663534,0.000416635,0.000162202,-0.001037248,0.000000000,0.000000000,0.000000000,0.000000000,0.000000000,0.000000000,0.000000000,0.000042435,-0.000000004,-0.000042009,-0.000000005,0.000014626,0.000000017,-0.000010324,0.000000000,0.000000000,0.000000000,0.000000000,0.000000000,0.000000000,0.000000000,-0.470888173,-0.012448979,0.145988206,0.004802607,0.377080514,0.329786073,0.054383602
14.501000000,0,14.501000000,sample,0.216532710,-0.000000075,0.216033658,0.216032818,0.000000841,0.840542791,0.000005253,0,0,1.500000000,0.080000000,0.000000000,0.000000000,0.000169379,0.000000000,0.006692826,0.002932825,-0.001363253,0.002932825,0.002361757,0.071717503,2,42.300237604,0,0.000000000,0.381726440,0.193070489,0.381726440,0.193804499,1.753708278,0.172848447,0.843147272,0.163170044,0.608984082,0.000000000,0.608985262,2.000000000,0.000000000,0.000000000,0.000000000,1.000000000,0.813642376,0.718461052,0.699166459,0.000000000,0.849370230,0.735207920,0.711581952,1,0,0,0.000000000,0.056131918,-0.341743616,0.160547761,-0.121132441,-0.017198150,0.149356517,0.305666298,12.122146149,0.017800057,-130.917730869,-0.115044640,142.886404349,44.882036127,0.000982332,0.001536055,0.001051729,-0.000858684,-0.000133236,-0.000205132,0.000591738,0.000000000,0.000000000,0.000000000,0.000000000,0.000000000,0.000000000,0.000000000,-0.000115302,0.000000011,0.000114143,0.000000015,-0.000039741,-0.000000046,0.000028051,0.000000000,0.000000000,0.000000000,0.000000000,0.000000000,0.000000000,0.000000000,-0.457265097,-0.028888473,0.166774704,0.005044469,0.374125027,0.328625529,0.055716263
14.551000000,0,14.551000000,sample,0.216532712,0.000000039,0.216033774,0.216032680,0.000001094,1.093665418,0.000006835,1,1,1.500000000,0.080000000,1.500000000,-0.000795401,0.000530267,-0.000530267,0.008534060,0.006111316,-0.001090639,0.006111316,0.001940716,0.273232799,3,48.325260964,1,46.339870749,0.372597406,0.193588979,0.380541291,0.193717698,0.989095052,0.113725266,0.700110064,0.178828315,0.474294923,1.500000000,1.573198562,2.000000000,0.000000000,0.000000000,0.000000000,1.000000000,0.819234870,0.718108662,0.698031343,0.343743174,0.852545491,0.764345001,0.731110747,1,0,0,0.000000000,0.054836248,-0.333393620,0.157068481,-0.120982086,-0.016796296,0.150192916,0.305138151,12.121776109,0.017457539,-130.917730365,-0.115179440,142.886433646,44.882117654,-0.000357245,-0.000903503,-0.001349116,-0.000825578,-0.000264596,0.000228177,0.000445724,-0.680733948,0.000062987,0.673891777,0.000088405,-0.234618912,-0.000269849,0.165605092,0.000360971,-0.000000033,-0.000357343,-0.000000047,0.000124411,0.000000143,-0.000087815,-1.021100921,0.000094481,1.010837666,0.000132608,-0.351928368,-0.000404774,0.248407637,-0.454459684,-0.024826239,0.167702826,0.013611814,0.373897016,0.330028816,0.055410211
14.601000000,0,14.601000000,sample,0.216532562,-0.000003002,0.216033556,0.216032605,0.000000950,0.950439315,0.000005940,0,0,1.500000000,0.080000000,0.000000000,0.000000000,0.001398435,0.000000000,0.005174165,0.003564648,-0.003564648,0.003397218,0.001882969,0.742675514,7,43.605533243,0,0.000000000,0.375119100,0.193497208,0.378370978,0.194110508,0.208910208,0.058464079,0.754851786,0.163963044,0.520251822,0.000000000,0.520252195,2.000000000,0.000000000,0.000000000,0.000000000,1.000000000,0.828201374,0.706214170,0.699064748,0.000000000,0.893966342,0.786681030,0.756931406,1,0,0,0.000000000,0.054379264,-0.336747823,0.156070939,-0.121172182,-0.016794397,0.149921380,0.305300823,12.121721721,0.017621063,-130.917620164,-0.114920591,142.886272744,44.881961669,0.000861140,-0.000447146,-0.000712405,-0.000464670,0.000537973,-0.000212488,-0.001243409,0.000000000,0.000000000,0.000000000,0.000000000,0.000000000,0.000000000,0.000000000,0.000951963,-0.000000089,-0.000942395,-0.000000123,0.000328097,0.000000377,-0.000231586,0.000000000,0.000000000,0.000000000,0.000000000,0.000000000,0.000000000,0.000000000,-0.446484354,-0.018849273,0.209973282,0.000268090,0.364854248,0.329812951,0.054807770
14.651000000,0,14.651000000,sample,0.216532459,-0.000002057,0.216033462,0.216032488,0.000000974,0.973551553,0.000006085,0,0,1.500000000,0.080000000,0.000000000,0.000000000,0.003408384,0.000000000,0.005511525,0.003825166,-0.003825166,0.002474132,0.005093916,0.669108714,5,65.226964503,0,0.000000000,0.375223456,0.193436489,0.379181403,0.193992011,0.750993749,0.328593943,0.713252331,0.212284975,0.482243670,0.000000000,0.482244666,2.000000000,0.000000000,0.000000000,0.000000000,1.000000000,0.839104643,0.730721487,0.709336376,0.000000000,0.843825006,0.745176723,0.725180452,1,0,0,0.000000000,0.052925488,-0.337527189,0.155135202,-0.121128040,-0.016515876,0.149909637,0.305413835,12.121720695,0.017599468,-130.917522994,-0.114989551,142.886452613,44.882097416,0.001053418,-0.000576857,-0.002692587,-0.000081720,0.004114010,-0.000196321,0.000534041,0.000000000,0.000000000,0.000000000,0.000000000,0.000000000,0.000000000,0.000000000,0.002320203,-0.000000216,-0.002296884,-0.000000301,0.000799668,0.000000918,-0.000564443,0.000000000,0.000000000,0.000000000,0.000000000,0.000000000,0.000000000,0.000000000,-0.476226207,-0.019408837,0.165946637,0.004122370,0.370278828,0.329183504,0.054465778
14.701000000,0,14.701000000,sample,0.216532459,0.000000006,0.216033394,0.216032579,0.000000815,0.815376821,0.000005096,0,0,1.500000000,0.080000000,0.000000000,0.000000000,0.000017054,0.000000000,0.003204488,0.002872908,-0.002872908,0.000228257,0.001356477,0.012572587,4,27.258317753,0,0.000000000,0.379241571,0.192961338,0.382414988,0.193605047,0.669523180,0.035214934,0.729443197,0.171461952,0.493366659,0.000000000,0.493367368,2.000000000,0.000000000,0.000000000,0.000000000,1.000000000,0.811042506,0.708311457,0.690650984,0.000000000,0.874716654,0.771092085,0.740773113,1,0,0,0.000000000,0.054002311,-0.340339466,0.158357091,-0.121147520,-0.016862678,0.149241436,0.305475803,12.122068556,0.017835318,-130.917522994,-0.115037048,142.886454889,44.881759358,-0.000662542,0.000561181,-0.000492331,0.000708210,0.000024198,0.000037540,-0.000583264,0.000000000,0.000000000,0.000000000,0.000000000,0.000000000,0.000000000,0.000000000,-0.000011609,0.000000001,0.000011493,0.000000002,-0.000004001,-0.000000005,0.000002824,0.000000000,0.000000000,0.000000000,0.000000000,0.000000000,0.000000000,0.000000000,-0.442258248,-0.028043843,0.170801999,0.007110415,0.373978969,0.329365489,0.055264739
14.751000000,0,14.751000000,sample,0.216532577,0.000002347,0.216033614,0.216032571,0.000001043,1.043448072,0.000006522,1,1,1.500000000,0.080000000,1.500000000,0.003488767,0.002325845,0.002325845,0.004375573,0.002521624,-0.002521624,0.002325845,0.009300243,0.250084333,5,87.394060050,1,46.339861791,0.371319146,0.193890720,0.382030855,0.194015517,2.978427555,0.342409027,0.616172652,0.132456087,0.425143996,1.500000000,1.559084079,2.000000000,0.000000000,0.000000000,0.000000000,1.000000000,0.857133236,0.767637058,0.737022349,0.363222705,0.914147003,0.823854740,0.783498455,1,0,0,0.000000000,0.053803194,-0.332560334,0.156162571,-0.121145626,-0.016651460,0.150466201,0.304988905,12.121762512,0.017487131,-130.917618703,-0.114919810,142.886454140,44.882063363,-0.002408819,-0.000033558,-0.002158261,-0.000237205,-0.008694312,-0.000126997,0.000607803,-0.680733882,0.000063017,0.673891951,0.000088206,-0.234618734,-0.000269241,0.165604910,-0.001583281,0.000000147,0.001567368,0.000000205,-0.000545687,-0.000000626,0.000385171,-1.021100823,0.000094526,1.010837926,0.000132309,-0.351928102,-0.000403861,0.248407365,-0.526177555,-0.022713787,0.123993508,0.010372066,0.373150288,0.328741316,0.055038610
14.801000000,0,14.801000000,sample,0.216532467,-0.000002191,0.216033429,0.216032548,0.000000881,0.880588321,0.000005504,0,0,1.500000000,0.080000000,0.000000000,0.000000000,0.000681798,0.000000000,0.004356027,0.003519851,-0.001160222,0.003519851,0.001401598,0.486443301,1,57.414534021,0,0.000000000,0.382301301,0.192502057,0.383057693,0.194157207,0.646164877,0.112636784,0.787230323,0.155462610,0.534062153,0.000000000,0.534060914,2.000000000,0.000000000,0.000000000,0.000000000,1.000000000,0.846617890,0.731625749,0.706153902,0.000000000,0.846617890,0.751310377,0.724338225,1,0,0,0.000000000,0.053324431,-0.344445543,0.157060681,-0.121067681,-0.016651642,0.148735946,0.306009308,12.121942771,0.017759369,-130.917522994,-0.115145608,142.886540070,44.881800166,0.001062024,0.000274236,0.000055405,0.000515217,-0.000339341,0.000410473,-0.000457403,0.000000000,0.000000000,0.000000000,0.000000000,0.000000000,0.000000000,0.000000000,0.000464122,-0.000000043,-0.000459457,-0.000000060,0.000159965,0.000000184,-0.000112911,0.000000000,0.000000000,0.000000000,0.000000000,0.000000000,0.000000000,0.000000000,-0.474199114,-0.016441117,0.153700836,0.005583439,0.372018807,0.329499817,0.053805009
14.851000000,0,14.851000000,sample,0.216532712,0.000004903,0.216033736,0.216032725,0.000001011,1.011204814,0.000006320,1,1,1.500000000,0.080000000,1.500000000,-0.002416104,0.001610736,-0.001610736,0.004668512,0.004668512,-0.003622641,0.004668512,0.003241646,0.496888335,3,78.153361700,1,46.339860612,0.375739496,0.193418723,0.382996084,0.193636740,2.076569278,0.193932682,0.671172243,0.189292833,0.473444885,1.500000000,1.572942714,2.000000000,0.000000000,0.000000000,0.000000000,1.000000000,0.800118353,0.677179686,0.672921378,0.342344933,0.870927195,0.758232965,0.720968690,1,0,0,0.000000000,0.055351571,-0.336561049,0.157616729,-0.121172794,-0.016932061,0.149804078,0.305375183,12.121816014,0.017527831,-130.917737093,-0.114886358,142.886346625,44.881800166,-0.000901265,0.000382593,-0.002865757,-0.000225571,0.000597735,-0.000276737,-0.000923197,-0.680733873,0.000063113,0.673891671,0.000088180,-0.234619251,-0.000269164,0.165605351,0.001096482,-0.000000102,-0.001085461,-0.000000142,0.000377910,0.000000434,-0.000266746,-1.021100810,0.000094670,1.010837507,0.000132270,-0.351928876,-0.000403745,0.248408027,-0.383577930,-0.024441653,0.236852435,0.006642299,0.371211672,0.329132862,0.053141469
14.901000000,0,14.901000000,sample,0.216532463,-0.000004985,0.216033367,0.216032583,0.000000784,0.784332852,0.000004902,0,0,1.500000000,0.080000000,0.000000000,0.000000000,0.002320572,0.000000000,0.005354681,0.003847273,-0.002404050,0.003847273,0.005241720,0.442711971,1,77.126151919,0,0.000000000,0.380621069,0.192555045,0.380621069,0.193960614,3.349591022,0.453853076,0.888946271,0.126189092,0.631732222,0.000000000,0.631729558,2.000000000,0.000000000,0.000000000,0.000000000,1.000000000,0.903378099,0.812054065,0.768413493,0.000000000,0.903378099,0.812054065,0.768413493,1,0,0,0.000000000,0.052476167,-0.344062381,0.154077021,-0.121097625,-0.016367791,0.148811646,0.305822252,12.121613537,0.017898249,-130.917522994,-0.115147202,142.886494772,44.881826121,0.004603357,-0.001532281,0.001343156,0.000351338,-0.000512426,0.000325665,-0.001280900,0.000000000,0.000000000,0.000000000,0.000000000,0.000000000,0.000000000,0.000000000,0.001579693,-0.000000149,-0.001563817,-0.000000205,0.000544444,0.000000626,-0.000384294,0.000000000,0.000000000,0.000000000,0.000000000,0.000000000,0.000000000,0.000000000,-0.576757328,-0.021221238,0.078879755,0.011687170,0.373668225,0.329888284,0.050468921
14.951000000,0,14.951000000,sample,0.216532457,-0.000000116,0.216033438,0.216032523,0.000000915,0.914743013,0.000005717,0,0,1.500000000,0.080000000,0.000000000,0.000000000,0.000100472,0.000000000,0.004152479,0.002463393,-0.002463393,0.002223795,0.001599550,0.062812945,2,37.538781494,0,0.000000000,0.377616999,0.193078651,0.384158295,0.193567151,0.547033133,0.086190508,0.781062474,0.158091730,0.537242923,0.000000000,0.537241417,2.000000000,0.000000000,0.000000000,0.000000000,1.000000000,0.870024580,0.776939495,0.737900423,0.000000000,0.932748686,0.825488453,0.778843203,1,0,0,0.000000000,0.053643755,-0.339179183,0.157080956,-0.121043805,-0.016742575,0.149490632,0.305491901,12.121927239,0.017713581,-130.917522994,-0.115167224,142.886432405,44.882009736,0.000701970,0.000980026,0.000210151,0.000540530,-0.000848622,0.000011686,0.000220710,0.000000000,0.000000000,0.000000000,0.000000000,0.000000000,0.000000000,0.000000000,0.000068395,-0.000000006,-0.000067707,-0.000000009,0.000023573,0.000000027,-0.000016639,0.000000000,0.000000000,0.000000000,0.000000000,0.000000000,0.000000000,0.000000000,-0.532128950,-0.023827809,0.088444873,0.007644713,0.376963990,0.328639508,0.052738383
15.001000000,0,15.001000000,sample,0.216532630,0.000003447,0.216033618,0.216032690,0.000000928,0.927771338,0.000005799,0,0,1.500000000,0.080000000,0.000000000,0.000000000,0.000483129,0.000000000,0.003757743,0.001969988,-0.001969988,0.001008509,0.001473329,0.327916620,2,53.341288245,0,0.000000000,0.379905641,0.193128100,0.382253545,0.193823125,0.666737484,0.080813499,0.778062498,0.174952767,0.540588071,0.000000000,0.540587662,2.000000000,0.000000000,0.000000000,0.000000000,1.000000000,0.847317950,0.722182171,0.698714388,0.000000000,0.868339870,0.774051745,0.735680718,1,0,0,0.000000000,0.054954777,-0.340511087,0.159249703,-0.121127661,-0.016956801,0.149462436,0.305666356,12.122074718,0.017668804,-130.917658166,-0.115010005,142.886501482,44.881986463,0.000472462,0.001076047,-0.000349922,-0.000136510,0.000226876,0.000066241,0.000769843,0.000000000,0.000000000,0.000000000,0.000000000,0.000000000,0.000000000,0.000000000,0.000328882,-0.000000031,-0.000325576,-0.000000043,0.000113354,0.000000130,-0.000080010,0.000000000,0.000000000,0.000000000,0.000000000,0.000000000,0.000000000,0.000000000,-0.459703623,-0.012506647,0.159854357,0.004846231,0.373773166,0.329208352,0.055285978
15.051000000,0,15.051000000,sample,0.216532464,-0.000003318,0.216033285,0.216032678,0.000000607,0.607070493,0.000003794,0,0,1.500000000,0.080000000,0.000000000,0.000000000,0.001301927,0.000000000,0.003817503,0.003644487,-0.003644487,0.001220444,0.001904079,0.683756807,1,66.258862882,0,0.000000000,0.372099508,0.193378370,0.382077841,0.193719229,0.864538673,0.064398586,0.702905638,0.168270357,0.467785628,0.000000000,0.467786478,2.000000000,0.000000000,0.000000000,0.000000000,1.000000000,0.846144569,0.746665783,0.721842217,0.000000000,0.877288764,0.769923761,0.740324655,1,0,0,0.000000000,0.053034223,-0.333636593,0.155987304,-0.121080597,-0.016567609,0.149867266,0.304422472,12.121820553,0.018174001,-130.917522994,-0.115269780,142.886500687,44.881849312,-0.001549912,-0.000094012,0.000240759,0.000562257,-0.000694251,0.000367766,-0.000472355,0.000000000,0.000000000,0.000000000,0.000000000,0.000000000,0.000000000,0.000000000,-0.000886266,0.000000084,0.000877358,0.000000115,-0.000305458,-0.000000352,0.000215607,0.000000000,0.000000000,0.000000000,0.000000000,0.000000000,0.000000000,0.000000000,-0.501616896,-0.022600363,0.128913631,0.008683986,0.374843964,0.329255249,0.057573842
15.101000000,0,15.101000000,sample,0.216532457,-0.000000128,0.216033363,0.216032580,0.000000783,0.783493044,0.000004897,0,0,1.500000000,0.080000000,0.000000000,0.000000000,0.000894910,0.000000000,0.004766139,0.004766139,-0.004766139,0.000000000,0.002278247,0.392806453,1,49.709097994,0,0.000000000,0.378039942,0.192952817,0.379198285,0.193929922,1.098799707,0.188294202,0.781091889,0.146955037,0.529038617,0.000000000,0.529038887,2.000000000,0.000000000,0.000000000,0.000000000,1.000000000,0.878811073,0.787784046,0.758689363,0.000000000,0.882438230,0.788195348,0.758789139,1,0,0,0.000000000,0.052801902,-0.340960681,0.154505570,-0.121107923,-0.016466146,0.149306821,0.305488105,12.121649324,0.017896134,-130.917523048,-0.115127530,142.886431644,44.881969192,0.001606271,-0.001183997,0.000092591,0.000065475,-0.000955612,-0.000006888,-0.000531371,0.000000000,0.000000000,0.000000000,0.000000000,0.000000000,0.000000000,0.000000000,0.000609196,-0.000000057,-0.000603073,-0.000000079,0.000209961,0.000000241,-0.000148200,0.000000000,0.000000000,0.000000000,0.000000000,0.000000000,0.000000000,0.000000000,-0.559531329,-0.023178307,0.106502048,0.009337086,0.372009708,0.330115449,0.056565968
15.151000000,0,15.151000000,sample,0.216532714,0.000005134,0.216033690,0.216032767,0.000000923,0.923486698,0.000005772,0,0,1.500000000,0.080000000,0.000000000,0.000000000,0.001608982,0.000000000,0.003521641,0.003404224,-0.001140247,0.003404224,0.002963323,0.542965699,1,79.579451688,0,0.000000000,0.373350709,0.193609329,0.382050426,0.193687869,1.411098367,0.106620884,0.682160645,0.180976581,0.466363206,0.000000000,0.466359365,2.000000000,0.000000000,0.000000000,0.000000000,1.000000000,0.808197224,0.704432255,0.689077147,0.000000000,0.882097987,0.785384518,0.756353522,1,0,0,0.000000000,0.054723073,-0.334326226,0.156914344,-0.121138068,-0.016763286,0.150097079,0.304993877,12.121762966,0.017672550,-130.917730363,-0.114996305,142.886454892,44.881941506,-0.002643500,-0.000735761,0.000000907,-0.000600893,0.000160668,0.000087773,-0.000925878,0.000000000,0.000000000,0.000000000,0.000000000,0.000000000,0.000000000,0.000000000,-0.001095289,0.000000102,0.001084280,0.000000142,-0.000377497,-0.000000433,0.000266456,0.000000000,0.000000000,0.000000000,0.000000000,0.000000000,0.000000000,0.000000000,-0.429158624,-0.025723758,0.196188837,0.010012340,0.373770390,0.329708048,0.054648601
15.201000000,0,15.201000000,sample,0.216532616,-0.000001954,0.216033573,0.216032694,0.000000878,0.878123226,0.000005488,0,0,1.500000000,0.080000000,0.000000000,0.000000000,0.003407101,0.000000000,0.004625758,0.001808577,-0.001808577,0.000000000,0.005296950,0.643219510,1,85.731343978,0,0.000000000,0.377984735,0.192922537,0.378805680,0.194067765,2.426140730,0.154983500,0.643611223,0.183221298,0.435682576,0.000000000,0.435678615,2.000000000,0.000000000,0.000000000,0.000000000,1.000000000,0.877948527,0.779703885,0.749260048,0.000000000,0.889127047,0.784686806,0.753211619,1,0,0,0.000000000,0.054104663,-0.339494499,0.157126162,-0.121086669,-0.016707063,0.149258159,0.305474446,12.121858123,0.017757369,-130.917645768,-0.115112901,142.886522405,44.881759364,-0.004904510,-0.000368594,0.000385938,-0.000161598,-0.000388614,0.000793827,-0.001706267,0.000000000,0.000000000,0.000000000,0.000000000,0.000000000,0.000000000,0.000000000,-0.002319328,0.000000217,0.002296016,0.000000301,-0.000799377,-0.000000919,0.000564238,0.000000000,0.000000000,0.000000000,0.000000000,0.000000000,0.000000000,0.000000000,-0.548633104,-0.019054701,0.101437683,0.007257311,0.372795719,0.327863431,0.056708950
15.251000000,0,15.251000000,sample,0.216532464,-0.000003057,0.216033483,0.216032487,0.000000996,0.996238530,0.000006226,0,0,1.500000000,0.080000000,0.000000000,0.000000000,0.001026765,0.000000000,0.003482547,0.002057252,-0.002057252,0.002029915,0.002961595,0.346693146,5,54.165923414,0,0.000000000,0.375862625,0.193459992,0.382871316,0.193693388,0.510442863,0.246755888,0.728719333,0.201355480,0.492537176,0.000000000,0.492537513,2.000000000,0.000000000,0.000000000,0.000000000,1.000000000,0.810265618,0.694458387,0.679545107,0.000000000,0.865433168,0.767241843,0.738954015,1,0,0,0.000000000,0.053332047,-0.337390906,0.156830424,-0.121108028,-0.016657638,0.149940445,0.305432052,12.121911572,0.017570423,-130.917522994,-0.115011118,142.886501517,44.882135179,-0.001596754,0.000144387,0.000394038,0.000163084,0.002179660,0.000104524,0.001121101,0.000000000,0.000000000,0.000000000,0.000000000,0.000000000,0.000000000,0.000000000,-0.000698953,0.000000065,0.000691928,0.000000091,-0.000240901,-0.000000277,0.000170039,0.000000000,0.000000000,0.000000000,0.000000000,0.000000000,0.000000000,0.000000000,-0.412041766,-0.022922315,0.199144579,0.003821292,0.375302089,0.328608024,0.054494460
15.301000000,0,15.301000000,sample,0.216532560,0.000001926,0.216033637,0.216032533,0.000001105,1.104683299,0.000006904,1,1,1.500000000,0.080000000,1.500000000,-0.002419018,0.001612679,-0.001612679,0.005012452,0.005012452,-0.005012452,0.000167956,0.004776852,0.337602750,5,46.152595371,1,46.339804767,0.375017568,0.193517158,0.380858860,0.193658508,2.353180988,0.452738249,0.680518362,0.225949472,0.504192058,1.500000000,1.582468832,2.000000000,0.000000000,0.000000000,0.000000000,1.000000000,0.822342869,0.711804401,0.691344271,0.337035951,0.941698057,0.796986868,0.756721849,1,0,0,0.000000000,0.054959920,-0.335712757,0.157843368,-0.121081625,-0.016986267,0.149998657,0.305417360,12.121913567,0.017411187,-130.917618703,-0.114995579,142.886270505,44.882009990,-0.001394095,0.001087655,-0.002861904,-0.000574431,0.003245188,-0.000201090,0.000774386,-0.680733463,0.000062841,0.673891377,0.000088265,-0.234620629,-0.000269421,0.165606283,0.001097804,-0.000000101,-0.001086770,-0.000000142,0.000378368,0.000000434,-0.000267070,-1.021100195,0.000094262,1.010837065,0.000132397,-0.351930944,-0.000404132,0.248409424,-0.446956947,-0.022213822,0.165400308,0.003834453,0.373814076,0.327960760,0.055006790
15.351000000,0,15.351000000,sample,0.216532443,-0.000002346,0.216033432,0.216032494,0.000000937,0.937190657,0.000005857,0,0,1.500000000,0.080000000,0.000000000,0.000000000,0.004658016,0.000000000,0.005995708,0.004734584,-0.002331134,0.004734584,0.008170944,0.570070715,7,74.200448131,0,0.000000000,0.377020612,0.193309904,0.382227056,0.193503716,1.579649923,0.556850232,0.819979885,0.118965529,0.606392264,0.000000000,0.606389791,2.000000000,0.000000000,0.000000000,0.000000000,1.000000000,0.872812874,0.754909402,0.723388347,0.000000000,0.897862765,0.797924759,0.759216175,1,0,0,0.000000000,0.053636412,-0.339231219,0.155530888,-0.121194886,-0.016709712,0.149670652,0.305550220,12.121733751,0.017634973,-130.917522994,-0.114888672,142.886272726,44.881948518,0.003977567,-0.000086389,-0.001038466,0.000418797,0.000362311,-0.000106383,-0.007038425,0.000000000,0.000000000,0.000000000,0.000000000,0.000000000,0.000000000,0.000000000,0.003170870,-0.000000295,-0.003139002,-0.000000411,0.001092852,0.000001254,-0.000771386,0.000000000,0.000000000,0.000000000,0.000000000,0.000000000,0.000000000,0.000000000,-0.506840310,-0.009799757,0.120820450,0.008061848,0.375115371,0.328289282,0.056210291
15.401000000,0,15.401000000,sample,0.216532463,0.000000416,0.216033487,0.216032490,0.000000997,0.997392398,0.000006234,0,0,1.500000000,0.080000000,0.000000000,0.000000000,0.000198326,0.000000000,0.005369156,0.003034776,-0.003034776,0.001913459,0.001093272,0.181405991,4,38.502414726,0,0.000000000,0.375209797,0.193368970,0.380768185,0.193754575,0.278759498,0.025564603,0.749724987,0.168139096,0.506632474,0.000000000,0.506632280,2.000000000,0.000000000,0.000000000,0.000000000,1.000000000,0.824882917,0.722387808,0.704870783,0.000000000,0.872639994,0.771924589,0.742096763,1,0,0,0.000000000,0.053714429,-0.336063490,0.157982538,-0.121115979,-0.016784376,0.149802413,0.305291825,12.122035440,0.017566328,-130.917522994,-0.114996333,142.886499188,44.881840965,0.000041572,0.000621591,-0.000058752,0.000678379,0.000265489,0.000321920,-0.000411550,0.000000000,0.000000000,0.000000000,0.000000000,0.000000000,0.000000000,0.000000000,0.000135007,-0.000000013,-0.000133650,-0.000000018,0.000046532,0.000000053,-0.000032844,0.000000000,0.000000000,0.000000000,0.000000000,0.000000000,0.000000000,0.000000000,-0.468612585,-0.023940716,0.170327321,0.008069543,0.369187091,0.329032120,0.055083112
15.451000000,0,15.451000000,sample,0.216532715,0.000005035,0.216033646,0.216032825,0.000000821,0.821141439,0.000005132,0,0,1.500000000,0.080000000,0.000000000,0.000000000,0.003940655,0.000000000,0.005706041,0.005312045,-0.005312045,0.003501311,0.004836563,0.814763505,3,81.157184619,0,0.000000000,0.376203605,0.193466451,0.380079812,0.193961413,2.081684452,0.237384933,0.854183572,0.156972949,0.622165981,0.000000000,0.622171437,2.000000000,0.000000000,0.000000000,0.000000000,1.000000000,0.843231360,0.737894432,0.717665099,0.000000000,0.843231360,0.737894432,0.717665099,1,0,0,0.000000000,0.055453491,-0.336630245,0.158537507,-0.121141118,-0.016980161,0.149885861,0.305085334,12.121926893,0.017827632,-130.917734748,-0.115042492,142.886406486,44.882009990,-0.001369683,0.001228419,0.004357128,-0.000838068,-0.000343650,-0.000446665,-0.000052628,0.000000000,0.000000000,0.000000000,0.000000000,0.000000000,0.000000000,0.000000000,-0.002682536,0.000000252,0.002655572,0.000000348,-0.000924562,-0.000001062,0.000652600,0.000000000,0.000000000,0.000000000,0.000000000,0.000000000,0.000000000,0.000000000,-0.490556775,-0.018065304,0.165239811,0.010529755,0.367766690,0.329188968,0.055119000
15.501000000,0,15.501000000,sample,0.216532575,-0.000002802,0.216033552,0.216032649,0.000000903,0.902736745,0.000005642,0,0,1.500000000,0.080000000,0.000000000,0.000000000,0.001718514,0.000000000,0.007760296,0.002500480,-0.002500480,0.000000000,0.003026256,0.567868046,7,68.903247976,0,0.000000000,0.381474350,0.192776085,0.381929340,0.193897970,0.542855006,0.223614762,0.786595281,0.143720386,0.550630866,0.000000000,0.550631149,2.000000000,0.000000000,0.000000000,0.000000000,1.000000000,0.798902860,0.707815877,0.700477593,0.000000000,0.927123091,0.817281443,0.781548588,1,0,0,0.000000000,0.054769532,-0.342537413,0.158717038,-0.121078398,-0.016945324,0.149048639,0.305840444,12.122034663,0.017721459,-130.917618703,-0.115110641,142.886433652,44.881878569,0.001560476,-0.000172594,-0.000482762,-0.000096178,-0.000362663,-0.000095932,-0.002512034,0.000000000,0.000000000,0.000000000,0.000000000,0.000000000,0.000000000,0.000000000,0.001169849,-0.000000109,-0.001158090,-0.000000152,0.000403204,0.000000463,-0.000284600,0.000000000,0.000000000,0.000000000,0.000000000,0.000000000,0.000000000,0.000000000,-0.443772022,-0.031887128,0.213103780,0.008664471,0.367882916,0.329931307,0.055114974
15.551000000,0,15.551000000,sample,0.216532448,-0.000002534,0.216033290,0.216032646,0.000000644,0.643635985,0.000004023,0,0,1.500000000,0.080000000,0.000000000,0.000000000,0.002925830,0.000000000,0.004506578,0.004506578,-0.004506578,0.000000000,0.003798953,0.770167262,1,83.705684674,0,0.000000000,0.372331806,0.193786640,0.383474671,0.193786640,1.330229564,0.228456403,0.680682755,0.197252087,0.463212870,0.000000000,0.463212254,2.000000000,0.000000000,0.000000000,0.000000000,1.000000000,0.812034225,0.684966085,0.680325115,0.000000000,0.947092425,0.847618562,0.807653002,1,0,0,0.000000000,0.053432536,-0.334022335,0.155579620,-0.121203066,-0.016663721,0.150284394,0.304535673,12.121748978,0.018081667,-130.917522994,-0.115031249,142.886333143,44.882098499,-0.003475693,-0.000370150,0.000897870,0.000236310,0.000727747,-0.000500028,0.000756925,0.000000000,0.000000000,0.000000000,0.000000000,0.000000000,0.000000000,0.000000000,-0.001991711,0.000000189,0.001971694,0.000000258,-0.000686452,-0.000000789,0.000484530,0.000000000,0.000000000,0.000000000,0.000000000,0.000000000,0.000000000,0.000000000,-0.405738063,-0.019940594,0.222519820,0.008611794,0.369543051,0.329538055,0.055449341
15.601000000,0,15.601000000,sample,0.216532577,0.000002574,0.216033462,0.216032741,0.000000721,0.721421397,0.000004509,0,0,1.500000000,0.080000000,0.000000000,0.000000000,0.000121429,0.000000000,0.004373933,0.004154020,-0.003456661,0.004154020,0.000867167,0.140029600,5,41.570867521,0,0.000000000,0.382223458,0.192613494,0.382223458,0.193927314,0.294131894,0.084330466,0.777123409,0.157715048,0.532451444,0.000000000,0.532451533,2.000000000,0.000000000,0.000000000,0.000000000,1.000000000,0.832456698,0.714241061,0.703168760,0.000000000,0.836079244,0.715536540,0.709080264,1,0,0,0.000000000,0.054695771,-0.343399093,0.158682724,-0.121132605,-0.016924782,0.148796512,0.305659454,12.122034451,0.017983163,-130.917618703,-0.115112901,142.886454809,44.881703178,0.000436742,-0.000163250,0.000163251,-0.000169380,-0.000559110,0.000106474,-0.000394086,0.000000000,0.000000000,0.000000000,0.000000000,0.000000000,0.000000000,0.000000000,0.000082661,-0.000000008,-0.000081830,-0.000000011,0.000028490,0.000000033,-0.000020110,0.000000000,0.000000000,0.000000000,0.000000000,0.000000000,0.000000000,0.000000000,-0.465659155,-0.018667418,0.176630940,0.004461323,0.367001351,0.328712838,0.057435786
15.651000000,0,15.651000000,sample,0.216532573,-0.000000081,0.216033551,0.216032626,0.000000925,0.924684600,0.000005779,0,0,1.500000000,0.080000000,0.000000000,0.000000000,0.000856666,0.000000000,0.001492900,0.000000000,0.000000000,0.000000000,0.001526950,0.561030794,3,51.241902602,0,0.000000000,0.378752172,0.192918365,0.383751647,0.193414406,0.679527329,0.036887215,0.726197152,0.172236928,0.495013651,0.000000000,0.495013136,2.000000000,0.000000000,0.000000000,0.000000000,1.000000000,0.844648641,0.734997035,0.702548158,0.000000000,0.851139842,0.735097323,0.706325503,1,0,0,0.000000000,0.053875974,-0.340975656,0.155840268,-0.121130294,-0.016653546,0.149223345,0.305711311,12.121720806,0.017673307,-130.917618703,-0.115011063,142.886411845,44.881797788,-0.000139552,-0.000430619,-0.001093044,-0.000261234,0.000328740,-0.000248240,-0.000833060,0.000000000,0.000000000,0.000000000,0.000000000,0.000000000,0.000000000,0.000000000,0.000583162,-0.000000054,-0.000577301,-0.000000076,0.000200989,0.000000231,-0.000141868,0.000000000,0.000000000,0.000000000,0.000000000,0.000000000,0.000000000,0.000000000,-0.474834855,-0.021489689,0.120755669,0.001396906,0.377254891,0.328528918,0.052986632
15.701000000,0,15.701000000,sample,0.216532336,-0.000004739,0.216033254,0.216032469,0.000000785,0.785261231,0.000004908,0,0,1.500000000,0.080000000,0.000000000,0.000000000,0.001932190,0.000000000,0.006780700,0.004939672,-0.004939672,0.001518937,0.002676572,0.721889719,3,84.714533215,0,0.000000000,0.380172517,0.193082583,0.380751220,0.193679651,1.324276925,0.144999659,0.695981381,0.181799257,0.460784021,0.000000000,0.460786181,2.000000000,0.000000000,0.000000000,0.000000000,1.000000000,0.816523424,0.687849920,0.684103805,0.000000000,0.860791616,0.742160050,0.715300656,1,0,0,0.000000000,0.053012917,-0.342443208,0.156375901,-0.121199856,-0.016681043,0.149376108,0.305661735,12.121912224,0.017866192,-130.917427772,-0.114961363,142.886384858,44.882049787,0.000272104,-0.000019482,-0.002463530,0.000937799,0.000345098,-0.000144157,-0.000035993,0.000000000,0.000000000,0.000000000,0.000000000,0.000000000,0.000000000,0.000000000,0.001315306,-0.000000124,-0.001302086,-0.000000170,0.000453332,0.000000520,-0.000319983,0.000000000,0.000000000,0.000000000,0.000000000,0.000000000,0.000000000,0.000000000,-0.409668622,-0.018354669,0.229403043,0.006471661,0.368034062,0.329685619,0.054985687
15.751000000,0,15.751000000,sample,0.216532464,0.000002554,0.216033405,0.216032560,0.000000845,0.844547991,0.000005278,0,0,1.500000000,0.080000000,0.000000000,0.000000000,0.000197870,0.000000000,0.002675670,0.000000000,0.000000000,0.000000000,0.001367522,0.144692099,1,22.606159094,0,0.000000000,0.379362892,0.192803845,0.385762505,0.193128551,0.883864565,0.086087436,0.717742339,0.166621083,0.473749073,0.000000000,0.473749357,2.000000000,0.000000000,0.000000000,0.000000000,1.000000000,0.817960961,0.727361547,0.701759695,0.000000000,0.869389380,0.763615794,0.730121170,1,0,0,0.000000000,0.053148456,-0.341601401,0.156204765,-0.121124283,-0.016591814,0.149087030,0.305653466,12.121844026,0.017798047,-130.917523050,-0.115065734,142.886501267,44.881769431,-0.000650201,-0.000555426,-0.000461666,0.000380505,-0.000593645,0.000485165,-0.000439473,0.000000000,0.000000000,0.000000000,0.000000000,0.000000000,0.000000000,0.000000000,-0.000134696,0.000000013,0.000133343,0.000000017,-0.000046424,-0.000000053,0.000032768,0.000000000,0.000000000,0.000000000,0.000000000,0.000000000,0.000000000,0.000000000,-0.466445811,-0.033893373,0.139776104,0.005309444,0.376827842,0.330531993,0.054129883
15.801000000,0,15.801000000,sample,0.216532446,-0.000000348,0.216033407,0.216032545,0.000000862,0.862006122,0.000005388,0,0,1.500000000,0.080000000,0.000000000,0.000000000,0.000137974,0.000000000,0.005609533,0.005609533,-0.005609533,0.004011816,0.001829511,0.075415949,2,70.466135874,0,0.000000000,0.379121635,0.193055081,0.379675065,0.193657864,0.948263906,0.123895336,0.798114540,0.158160930,0.562017276,0.000000000,0.562016175,2.000000000,0.000000000,0.000000000,0.000000000,1.000000000,0.849437182,0.735761401,0.711622619,0.000000000,0.943697790,0.832267799,0.792922393,1,0,0,0.000000000,0.054432782,-0.340164478,0.158298498,-0.121088858,-0.016974400,0.149397532,0.305522868,12.122038831,0.017780465,-130.917522994,-0.115112873,142.886312631,44.881969191,0.000372866,0.001535766,0.000548186,-0.000008374,-0.000448966,0.000310375,-0.000501020,0.000000000,0.000000000,0.000000000,0.000000000,0.000000000,0.000000000,0.000000000,-0.000093924,0.000000009,0.000092980,0.000000012,-0.000032372,-0.000000037,0.000022850,0.000000000,0.000000000,0.000000000,0.000000000,0.000000000,0.000000000,0.000000000,-0.482722959,-0.015016828,0.156036383,0.004771738,0.371177981,0.328637868,0.054897430
15.851000000,0,15.851000000,sample,0.216532573,0.000002525,0.216033528,0.216032655,0.000000873,0.873084252,0.000005457,0,0,1.500000000,0.080000000,0.000000000,0.000000000,0.000242612,0.000000000,0.007051114,0.003334457,-0.003334457,0.002388362,0.002910593,0.083354681,1,56.151285347,0,0.000000000,0.377117482,0.193304687,0.381329015,0.194052832,2.040582392,0.168135339,0.851935708,0.153650432,0.595614487,0.000000000,0.595611860,2.000000000,0.000000000,0.000000000,0.000000000,1.000000000,0.835305882,0.725141272,0.711739360,0.000000000,0.880471490,0.769505857,0.737398452,1,0,0,0.000000000,0.054187357,-0.338679321,0.156772584,-0.121129680,-0.016757135,0.149711392,0.305384207,12.121820600,0.017752026,-130.917618703,-0.115037383,142.886407227,44.882056617,0.002181028,0.000543279,0.001561274,0.000082785,-0.000131280,-0.000187823,0.000960507,0.000000000,0.000000000,0.000000000,0.000000000,0.000000000,0.000000000,0.000000000,0.000165154,-0.000000015,-0.000163494,-0.000000021,0.000056921,0.000000065,-0.000040178,0.000000000,0.000000000,0.000000000,0.000000000,0.000000000,0.000000000,0.000000000,-0.477603305,-0.020161232,0.176509647,0.001628558,0.368095570,0.328845948,0.057177003
15.901000000,0,15.901000000,sample,0.216532815,0.000004848,0.216033758,0.216032899,0.000000859,0.859191135,0.000005370,0,0,1.500000000,0.080000000,0.000000000,0.000000000,0.003003641,0.000000000,0.006779102,0.006506554,-0.006506554,0.004292668,0.003867274,0.776681723,1,45.594034364,0,0.000000000,0.381692467,0.192724020,0.382085092,0.193871702,0.895130693,0.198964795,0.802085827,0.148289748,0.569433042,0.000000000,0.569437120,2.000000000,0.000000000,0.000000000,0.000000000,1.000000000,0.840172080,0.723337520,0.710233738,0.000000000,0.840172080,0.731102931,0.716642645,1,0,0,0.000000000,0.055918013,-0.343425005,0.156912654,-0.121113050,-0.016942930,0.148953397,0.305874315,12.121663591,0.017777402,-130.917826072,-0.115072103,142.886272725,44.881840937,0.002611313,-0.000676587,-0.001260193,-0.001289861,0.000136564,-0.000277009,-0.002081314,0.000000000,0.000000000,0.000000000,0.000000000,0.000000000,0.000000000,0.000000000,0.002044682,-0.000000192,-0.002024131,-0.000000265,0.000704703,0.000000810,-0.000497413,0.000000000,0.000000000,0.000000000,0.000000000,0.000000000,0.000000000,0.000000000,-0.471217788,-0.015340613,0.186410535,0.006976585,0.367944227,0.329712436,0.057093075
15.951000000,0,15.951000000,sample,0.216532554,-0.000005209,0.216033451,0.216032702,0.000000749,0.748716079,0.000004679,0,0,1.500000000,0.080000000,0.000000000,0.000000000,0.000296618,0.000000000,0.001335972,0.001195975,-0.001195975,0.000000000,0.001448810,0.204731769,2,59.352627072,0,0.000000000,0.380870564,0.192916612,0.385188505,0.193255352,0.719494098,0.050939012,0.771047698,0.166744604,0.520023548,0.000000000,0.520023219,2.000000000,0.000000000,0.000000000,0.000000000,1.000000000,0.830957163,0.729939782,0.704232401,0.000000000,0.867356765,0.745567677,0.724789765,1,0,0,0.000000000,0.054852202,-0.342819369,0.156615780,-0.121287465,-0.016923465,0.149062961,0.305657963,12.121767028,0.017895765,-130.917620164,-0.114824291,142.886191036,44.881651798,0.000101584,-0.001116173,0.000682286,-0.000001169,0.000371741,-0.000487306,-0.000041428,0.000000000,0.000000000,0.000000000,0.000000000,0.000000000,0.000000000,0.000000000,-0.000201918,0.000000019,0.000199888,0.000000026,-0.000069592,-0.000000080,0.000049121,0.000000000,0.000000000,0.000000000,0.000000000,0.000000000,0.000000000,0.000000000,-0.472519918,-0.027425058,0.132698651,0.005468709,0.377082693,0.330160940,0.055494380
16.001000000,0,16.001000000,sample,0.216532723,0.000003361,0.216033673,0.216032804,0.000000869,0.869007712,0.000005431,0,0,1.500000000,0.080000000,0.000000000,0.000000000,0.000487660,0.000000000,0.005082581,0.001855605,-0.001211515,0.001855605,0.001596899,0.305379175,7,42.637641298,0,0.000000000,0.378288022,0.192958800,0.380944373,0.194278523,0.745433047,0.131495170,0.780814094,0.157339057,0.552508526,0.000000000,0.552508513,2.000000000,0.000000000,0.000000000,0.000000000,1.000000000,0.840033226,0.713517489,0.697317115,0.000000000,0.863854111,0.754191213,0.720799430,1,0,0,0.000000000,0.054970153,-0.339542832,0.157450867,-0.121069670,-0.016823541,0.149305733,0.305464495,12.121815865,0.017775749,-130.917737255,-0.115145695,142.886454892,44.881840966,0.000506324,0.000924474,-0.000114058,-0.000342168,-0.000453905,-0.000125122,-0.001042735,0.000000000,0.000000000,0.000000000,0.000000000,0.000000000,0.000000000,0.000000000,0.000331966,-0.000000031,-0.000328630,-0.000000043,0.000114415,0.000000132,-0.000080759,0.000000000,0.000000000,0.000000000,0.000000000,0.000000000,0.000000000,0.000000000,-0.448751749,-0.013668745,0.187709439,-0.000959351,0.371562309,0.329073562,0.055699907
16.051000000,0,16.051000000,sample,0.216532336,-0.000007740,0.216033307,0.216032405,0.000000902,0.902067570,0.000005638,0,0,1.500000000,0.080000000,0.000000000,0.000000000,0.000481128,0.000000000,0.001448216,0.001144323,-0.001144323,0.000492993,0.002008797,0.239510447,4,42.259041402,0,0.000000000,0.379279075,0.192745799,0.380891475,0.193688810,1.427244933,0.128686730,0.776963934,0.160423129,0.513461007,0.000000000,0.513459313,2.000000000,0.000000000,0.000000000,0.000000000,1.000000000,0.822102785,0.715205070,0.692465116,0.000000000,0.860822046,0.732639202,0.706065801,1,0,0,0.000000000,0.052577088,-0.342100973,0.155097359,-0.121115089,-0.016541287,0.149025046,0.305794928,12.121775027,0.017712742,-130.917427339,-0.115051530,142.886387109,44.881754071,0.000510123,-0.000810541,0.001064354,0.001305858,-0.000180388,-0.000274752,0.000414635,0.000000000,0.000000000,0.000000000,0.000000000,0.000000000,0.000000000,0.000000000,-0.000327520,0.000000031,0.000324228,0.000000042,-0.000112882,-0.000000130,0.000079677,0.000000000,0.000000000,0.000000000,0.000000000,0.000000000,0.000000000,0.000000000,-0.452098443,-0.026704694,0.137793761,0.011442789,0.377883057,0.330638336,0.056270977
16.101000000,0,16.101000000,sample,0.216532447,0.000002232,0.216033459,0.216032467,0.000000992,0.991966211,0.000006200,0,0,1.500000000,0.080000000,0.000000000,0.000000000,0.001629263,0.000000000,0.003691378,0.002608423,-0.002454150,0.002608423,0.003484596,0.467561580,1,75.993803131,0,0.000000000,0.374007061,0.193357411,0.382453132,0.193572597,2.117825302,0.277214780,0.828354073,0.140711703,0.576994529,0.000000000,0.576992291,2.000000000,0.000000000,0.000000000,0.000000000,1.000000000,0.875090306,0.771208652,0.728866538,0.000000000,0.875090306,0.771208652,0.728866538,1,0,0,0.000000000,0.053050198,-0.336541723,0.154293963,-0.121161924,-0.016533656,0.149778218,0.305340297,12.121608723,0.017561354,-130.917522994,-0.114920571,142.886323582,44.881799913,0.003037677,-0.000894079,0.000757816,0.000485225,-0.000263823,-0.000761343,-0.000810296,0.000000000,0.000000000,0.000000000,0.000000000,0.000000000,0.000000000,0.000000000,0.001109096,-0.000000103,-0.001097949,-0.000000144,0.000382250,0.000000439,-0.000269810,0.000000000,0.000000000,0.000000000,0.000000000,0.000000000,0.000000000,0.000000000,-0.516687857,-0.019956690,0.083645233,0.005405800,0.381184194,0.329865921,0.052375158
16.151000000,0,16.151000000,sample,0.216532714,0.000005334,0.216033717,0.216032747,0.000000971,0.970577024,0.000006066,0,0,1.500000000,0.080000000,0.000000000,0.000000000,0.000023095,0.000000000,0.007919022,0.003982336,-0.003982336,0.001263550,0.001666246,0.013860729,4,54.058778497,0,0.000000000,0.374473061,0.193959823,0.377798223,0.194022714,0.636942067,0.100753738,0.741802873,0.179990215,0.512289335,0.000000000,0.512288624,2.000000000,0.000000000,0.000000000,0.000000000,1.000000000,0.811494788,0.700280263,0.695910719,0.000000000,0.928449317,0.815604011,0.768778825,1,0,0,0.000000000,0.055078596,-0.335026920,0.157966405,-0.121246016,-0.016877477,0.150449218,0.305155149,12.121876275,0.017568666,-130.917730363,-0.114778254,142.886454134,44.882179014,-0.000260438,-0.000363525,-0.000419072,-0.001225102,0.000093381,0.000259256,0.000907726,0.000000000,0.000000000,0.000000000,0.000000000,0.000000000,0.000000000,0.000000000,-0.000015722,0.000000001,0.000015564,0.000000002,-0.000005419,-0.000000006,0.000003825,0.000000000,0.000000000,0.000000000,0.000000000,0.000000000,0.000000000,0.000000000,-0.433849256,-0.022073253,0.221893349,0.007653721,0.367314382,0.328901892,0.056460389
16.201000000,0,16.201000000,sample,0.216532459,-0.000005091,0.216033421,0.216032517,0.000000904,0.904200340,0.000005651,0,0,1.500000000,0.080000000,0.000000000,0.000000000,0.002135115,0.000000000,0.004633778,0.000801966,-0.000801966,0.000000000,0.002817402,0.757831297,2,36.950736592,0,0.000000000,0.378069653,0.192819980,0.381739987,0.193808503,1.315029613,0.137545058,0.734552067,0.165986346,0.477738510,0.000000000,0.477739513,2.000000000,0.000000000,0.000000000,0.000000000,1.000000000,0.813392506,0.718088212,0.700212753,0.000000000,0.884187096,0.775776112,0.745130174,1,0,0,0.000000000,0.052314080,-0.341636638,0.153245905,-0.121147567,-0.016311606,0.149119895,0.305751592,12.121517299,0.017700450,-130.917523012,-0.114995967,142.886454864,44.881749501,0.001526657,-0.001712617,-0.001364227,0.000651358,0.000442716,0.000021081,-0.000438395,0.000000000,0.000000000,0.000000000,0.000000000,0.000000000,0.000000000,0.000000000,0.001453447,-0.000000136,-0.001438840,-0.000000188,0.000500929,0.000000575,-0.000353579,0.000000000,0.000000000,0.000000000,0.000000000,0.000000000,0.000000000,0.000000000,-0.455456468,-0.029374657,0.173931673,0.002877023,0.374550028,0.329090430,0.056086506
16.251000000,0,16.251000000,sample,0.216532571,0.000002241,0.216033395,0.216032800,0.000000594,0.594258241,0.000003714,0,0,1.500000000,0.080000000,0.000000000,0.000000000,0.001725186,0.000000000,0.005963800,0.001531530,-0.001531530,0.000000000,0.003527733,0.489035156,5,85.886312623,0,0.000000000,0.372791589,0.193701914,0.380768562,0.193826389,0.542553572,0.215255623,0.753385815,0.141864281,0.532727333,0.000000000,0.532727935,2.000000000,0.000000000,0.000000000,0.000000000,1.000000000,0.857891894,0.768330879,0.736182761,0.000000000,0.878580610,0.769997322,0.738051015,1,0,0,0.000000000,0.054881793,-0.332768998,0.158828058,-0.121177955,-0.016990651,0.150158757,0.304322240,12.122039972,0.018164087,-130.917618703,-0.115099217,142.886393105,44.881894045,-0.000688901,0.000517124,0.000823935,-0.000392910,-0.003269322,-0.000147723,-0.000399205,0.000000000,0.000000000,0.000000000,0.000000000,0.000000000,0.000000000,0.000000000,-0.001174391,0.000000112,0.001162586,0.000000152,-0.000404769,-0.000000465,0.000285705,0.000000000,0.000000000,0.000000000,0.000000000,0.000000000,0.000000000,0.000000000,-0.527685188,-0.026108518,0.091849571,0.011911842,0.378096535,0.328707197,0.056992098
16.301000000,0,16.301000000,sample,0.216532575,0.000000066,0.216033605,0.216032567,0.000001037,1.037411268,0.000006484,1,1,1.500000000,0.080000000,1.500000000,-0.002092464,0.001394976,-0.001394976,0.007026385,0.007026385,-0.007026385,0.001659301,0.002813845,0.495754313,3,74.012621289,1,46.339942027,0.370964289,0.193797760,0.378812080,0.194067962,1.737283005,0.193388604,0.655803877,0.183621262,0.427622299,1.500000000,1.559763209,2.000000000,0.000000000,0.000000000,0.000000000,1.000000000,0.798352847,0.677792306,0.686871536,0.365723219,0.875069532,0.780544029,0.747358971,1,0,0,0.000000000,0.053415223,-0.332875575,0.154774576,-0.121139622,-0.016520544,0.150365672,0.305012612,12.121609147,0.017498344,-130.917618703,-0.114935298,142.886431812,44.882009991,-0.000220649,-0.001328337,-0.002420768,0.000257499,-0.000153778,0.000250141,0.000303185,-0.680734471,0.000063047,0.673892827,0.000088217,-0.234615911,-0.000269274,0.165602921,0.000949608,-0.000000088,-0.000940064,-0.000000123,0.000327284,0.000000376,-0.000231012,-1.021101707,0.000094571,1.010839240,0.000132325,-0.351923867,-0.000403911,0.248404382,-0.405946685,-0.026469512,0.245734069,0.007801693,0.365597576,0.329844625,0.058258025
16.351000000,0,16.351000000,sample,0.216532558,-0.000000339,0.216033549,0.216032619,0.000000930,0.929784519,0.000005811,0,0,1.500000000,0.080000000,0.000000000,0.000000000,0.000486783,0.000000000,0.003283464,0.002428396,-0.001684330,0.002428396,0.001411541,0.344859074,2,42.720832670,0,0.000000000,0.380358432,0.192854782,0.380358432,0.193798904,0.488528899,0.055739440,0.783466421,0.162015678,0.538162884,0.000000000,0.538161542,2.000000000,0.000000000,0.000000000,0.000000000,1.000000000,0.808061547,0.708564122,0.704735414,0.000000000,0.876504199,0.762019470,0.739531617,1,0,0,0.000000000,0.055118664,-0.341575201,0.157990038,-0.121048071,-0.017023491,0.149166122,0.305775676,12.121925339,0.017688380,-130.917618703,-0.115147871,142.886245770,44.881928392,0.000832859,0.000922600,-0.000078637,0.000468200,-0.000407298,0.000070571,0.000226579,0.000000000,0.000000000,0.000000000,0.000000000,0.000000000,0.000000000,0.000000000,0.000331369,-0.000000031,-0.000328039,-0.000000043,0.000114209,0.000000131,-0.000080614,0.000000000,0.000000000,0.000000000,0.000000000,0.000000000,0.000000000,0.000000000,-0.445333252,-0.026565534,0.223793439,0.011767653,0.366996055,0.330955460,0.056435536
16.401000000,0,16.401000000,sample,0.216532454,-0.000002081,0.216033492,0.216032475,0.000001017,1.016765265,0.000006355,1,1,1.500000000,0.080000000,1.500000000,-0.002416736,0.001611157,-0.001611157,0.005509300,0.005509300,-0.005509300,0.002113618,0.001948497,0.826871735,3,63.153213311,1,46.339688726,0.375873983,0.193600235,0.380867699,0.193889374,0.672494453,0.082452843,0.743223556,0.175986754,0.515029844,1.500000000,1.585955677,2.000000000,0.000000000,0.000000000,0.000000000,1.000000000,0.814576830,0.684921453,0.686804696,0.363466568,0.933156027,0.826971420,0.790793009,1,0,0,0.000000000,0.054279491,-0.336387664,0.158676801,-0.121150562,-0.016946693,0.150054663,0.305361528,12.122093023,0.017525942,-130.917522994,-0.114921656,142.886394180,44.882063478,0.000734376,0.000863883,-0.001548451,-0.000013860,0.000328842,-0.000042828,0.000056348,-0.680732611,0.000063116,0.673890324,0.000088209,-0.234624331,-0.000269252,0.165608826,0.001096767,-0.000000102,-0.001085743,-0.000000142,0.000378017,0.000000434,-0.000266822,-1.021098916,0.000094674,1.010835486,0.000132314,-0.351936496,-0.000403878,0.248413239,-0.414029232,-0.018592931,0.234698873,0.000655115,0.366110608,0.327960008,0.057061840
16.451000000,0,16.451000000,sample,0.216532337,-0.000002326,0.216033302,0.216032417,0.000000885,0.885347144,0.000005533,0,0,1.500000000,0.080000000,0.000000000,0.000000000,0.003322127,0.000000000,0.006115023,0.004227427,-0.004227427,0.001550865,0.005718671,0.580926520,3,81.785252809,0,0.000000000,0.375205989,0.193431945,0.378665580,0.194061951,2.845052802,0.240939611,0.615148574,0.181532294,0.407697865,0.000000000,0.407703827,2.000000000,0.000000000,0.000000000,0.000000000,1.000000000,0.835550758,0.736569471,0.719970988,0.000000000,0.840344772,0.737294895,0.719978439,1,0,0,0.000000000,0.052649107,-0.337343800,0.155585237,-0.121196293,-0.016576556,0.149841895,0.305265597,12.121830979,0.017714499,-130.917427285,-0.114916149,142.886407236,44.881935138,0.000445656,0.000255200,-0.005171691,0.001531175,-0.001793029,-0.000241039,0.000274809,0.000000000,0.000000000,0.000000000,0.000000000,0.000000000,0.000000000,0.000000000,0.002261483,-0.000000211,-0.002238755,-0.000000293,0.000779437,0.000000894,-0.000550163,0.000000000,0.000000000,0.000000000,0.000000000,0.000000000,0.000000000,0.000000000,-0.495840973,-0.025544755,0.158364966,0.009501208,0.366562268,0.330469062,0.055677516
16.501000000,0,16.501000000,sample,0.216532577,0.000004797,0.216033463,0.216032721,0.000000742,0.742074318,0.000004638,0,0,1.500000000,0.080000000,0.000000000,0.000000000,0.003190606,0.000000000,0.007024588,0.006291637,-0.001856098,0.006291637,0.003834267,0.832129288,5,43.859834665,0,0.000000000,0.370911407,0.193606631,0.379132715,0.194242575,0.755344088,0.080013537,0.766641670,0.174406283,0.518421467,0.000000000,0.518421858,2.000000000,0.000000000,0.000000000,0.000000000,1.000000000,0.828009776,0.710885127,0.703044705,0.000000000,0.869605078,0.768521322,0.744085335,1,0,0,0.000000000,0.053688415,-0.332281611,0.155826046,-0.121152670,-0.016615349,0.150098262,0.304493945,12.121726254,0.017946278,-130.917618865,-0.115070068,142.886454892,44.881769473,0.002328991,-0.000429152,-0.001241202,0.000114700,0.002539311,0.000025971,-0.001044375,0.000000000,0.000000000,0.000000000,0.000000000,0.000000000,0.000000000,0.000000000,0.002171954,-0.000000205,-0.002150124,-0.000000282,0.000748574,0.000000860,-0.000528379,0.000000000,0.000000000,0.000000000,0.000000000,0.000000000,0.000000000,0.000000000,-0.451974196,-0.019785159,0.205010653,0.003958731,0.367422771,0.330708789,0.056452589
16.551000000,0,16.551000000,sample,0.216532325,-0.000005043,0.216033260,0.216032436,0.000000824,0.824006349,0.000005150,0,0,1.500000000,0.080000000,0.000000000,0.000000000,0.000072583,0.000000000,0.004984249,0.003563516,-0.002191920,0.003563516,0.001754302,0.041374334,3,34.930506650,0,0.000000000,0.377156537,0.193357180,0.378898463,0.194268691,1.251262351,0.097396656,0.794674727,0.161469908,0.534106898,0.000000000,0.534104648,2.000000000,0.000000000,0.000000000,0.000000000,1.000000000,0.849333807,0.731045875,0.721289654,0.000000000,0.859328325,0.750242088,0.732757961,1,0,0,0.000000000,0.052954718,-0.339648255,0.155183484,-0.121214868,-0.016645697,0.149722662,0.305422154,12.121765517,0.017802401,-130.917427285,-0.114914201,142.886272745,44.882056621,0.000986061,-0.000159589,0.001036828,0.000856808,0.000153853,-0.000083700,0.000489879,0.000000000,0.000000000,0.000000000,0.000000000,0.000000000,0.000000000,0.000000000,-0.000049410,0.000000005,0.000048913,0.000000006,-0.000017029,-0.000000020,0.000012020,0.000000000,0.000000000,0.000000000,0.000000000,0.000000000,0.000000000,0.000000000,-0.489515379,-0.015893725,0.186070625,-0.000932540,0.365197121,0.330233657,0.057745085
16.601000000,0,16.601000000,sample,0.216532568,0.000004861,0.216033590,0.216032581,0.000001008,1.008320554,0.000006302,1,1,1.500000000,0.080000000,1.500000000,-0.000587041,0.000391361,-0.000391361,0.001575280,0.000391361,-0.000391361,0.000315131,0.001660446,0.235696232,2,60.226055038,1,46.339880928,0.375583281,0.193338509,0.381780531,0.193558230,0.873983473,0.108876624,0.724594171,0.163363509,0.478840665,1.500000000,1.574575605,2.000000000,0.000000000,0.000000000,0.000000000,1.000000000,0.831386306,0.734213172,0.709623642,0.345685115,0.868360546,0.741766107,0.726543240,1,0,0,0.000000000,0.054119561,-0.337274520,0.156140233,-0.121173795,-0.016728900,0.149722525,0.305446753,12.121744622,0.017532486,-130.917618703,-0.114888659,142.886360097,44.881796793,0.000029311,-0.001288597,-0.000370362,0.000139052,-0.000113831,0.000351602,-0.000895911,-0.680734022,0.000063125,0.673892181,0.000088182,-0.234618012,-0.000269167,0.165604418,0.000266413,-0.000000025,-0.000263735,-0.000000035,0.000091820,0.000000105,-0.000064811,-1.021101034,0.000094688,1.010838272,0.000132272,-0.351927018,-0.000403751,0.248406627,-0.477976918,-0.026143712,0.147258776,0.007177575,0.375023888,0.330132490,0.055256162
16.651000000,0,16.651000000,sample,0.216532341,-0.000004532,0.216033355,0.216032370,0.000000985,0.984691594,0.000006154,0,0,1.500000000,0.080000000,0.000000000,0.000000000,0.000388020,0.000000000,0.005968398,0.003739670,-0.002887379,0.003739670,0.001904679,0.203719354,3,54.592695913,0,0.000000000,0.371876056,0.193326043,0.379020277,0.194196710,1.307104004,0.138495534,0.685722388,0.183619956,0.464778700,0.000000000,0.464779271,2.000000000,0.000000000,0.000000000,0.000000000,1.000000000,0.835876779,0.711423309,0.701053137,0.000000000,0.878825450,0.781038265,0.747144023,1,0,0,0.000000000,0.052418051,-0.333767129,0.155382278,-0.121021617,-0.016515690,0.149853125,0.305012584,12.121816592,0.017613816,-130.917427285,-0.115172911,142.886452640,44.881800171,-0.001001565,0.000443596,-0.001407308,0.000516694,0.000347246,0.000037040,-0.000241771,0.000000000,0.000000000,0.000000000,0.000000000,0.000000000,0.000000000,0.000000000,0.000264138,-0.000000025,-0.000261484,-0.000000034,0.000091037,0.000000105,-0.000064258,0.000000000,0.000000000,0.000000000,0.000000000,0.000000000,0.000000000,0.000000000,-0.455434449,-0.014441886,0.194110614,0.003193443,0.367224619,0.328735735,0.056887278
16.701000000,0,16.701000000,sample,0.216532467,0.000002516,0.216033394,0.216032576,0.000000818,0.817522479,0.000005110,0,0,1.500000000,0.080000000,0.000000000,0.000000000,0.001879424,0.000000000,0.009091650,0.003852010,-0.001790213,0.003852010,0.002378416,0.790199681,5,46.779264456,0,0.000000000,0.372633310,0.193742096,0.379918438,0.193828040,0.241933150,0.073941392,0.745533059,0.159659678,0.501332469,0.000000000,0.501332653,2.000000000,0.000000000,0.000000000,0.000000000,1.000000000,0.821449745,0.715679577,0.697836843,0.000000000,0.837920825,0.715679577,0.700599844,1,0,0,0.000000000,0.052915342,-0.334240804,0.156008445,-0.121185710,-0.016535811,0.150255084,0.304824875,12.121829516,0.017821469,-130.917522994,-0.114971493,142.886541568,44.882056617,-0.000912420,0.000262814,0.001143490,0.000361433,-0.001626726,0.000509915,0.000640958,0.000000000,0.000000000,0.000000000,0.000000000,0.000000000,0.000000000,0.000000000,-0.001279387,0.000000120,0.001266528,0.000000166,-0.000440951,-0.000000506,0.000311244,0.000000000,0.000000000,0.000000000,0.000000000,0.000000000,0.000000000,0.000000000,-0.454549234,-0.024607890,0.170445107,0.005747810,0.372869728,0.329444731,0.055726728
16.751000000,0,16.751000000,sample,0.216532459,-0.000000163,0.216033576,0.216032396,0.000001180,1.180498356,0.000007378,1,1,1.500000000,0.080000000,1.500000000,-0.000046680,0.000031120,-0.000031120,0.005125281,0.005125281,-0.005125281,0.002520129,0.002034267,0.015297888,5,55.004196212,1,46.339714823,0.374138403,0.193492585,0.380227611,0.193733971,0.661178513,0.127346438,0.770598218,0.183855680,0.537515224,1.500000000,1.593399533,2.000000000,0.000000000,0.000000000,0.000000000,1.000000000,0.953558364,0.781972019,0.741606794,0.345400364,1.065934763,0.871693056,0.825551214,1,0,0,0.000000000,0.053961708,-0.334780197,0.158081935,-0.120985473,-0.016849893,0.150059911,0.305421474,12.122033992,0.017323903,-130.917524636,-0.115126710,142.886432405,44.882095108,-0.000115525,0.001211811,0.000266651,0.000181616,0.001508711,-0.000353830,0.000388487,-0.680732802,0.000062646,0.673890594,0.000088366,-0.234623444,-0.000269731,0.165608194,0.000021184,-0.000000002,-0.000020971,-0.000000003,0.000007301,0.000000008,-0.000005154,-1.021099204,0.000093969,1.010835891,0.000132549,-0.351935167,-0.000404597,0.248412291,-0.541892929,0.016790264,0.082558985,-0.030732383,0.375016865,0.323616115,0.054085787
16.801000000,0,16.801000000,sample,0.216532463,0.000000081,0.216033352,0.216032619,0.000000733,0.733194184,0.000004582,0,0,1.500000000,0.080000000,0.000000000,0.000000000,0.002771463,0.000000000,0.006232967,0.002870599,-0.001382231,0.002870599,0.003756481,0.737781881,1,45.744358111,0,0.000000000,0.373306562,0.193813930,0.378405286,0.193899569,0.943731020,0.224272458,0.721954017,0.195228204,0.496921940,0.000000000,0.496922964,2.000000000,0.000000000,0.000000000,0.000000000,1.000000000,0.831615232,0.703813787,0.693388413,0.000000000,0.924263419,0.764685579,0.727527253,1,0,0,0.000000000,0.053474623,-0.334327977,0.157235676,-0.121215556,-0.016708033,0.150304592,0.304708065,12.121953930,0.017941301,-130.917523156,-0.114961483,142.886494024,44.882098245,-0.002540680,0.001183993,0.000976955,0.000354230,-0.000029702,0.000065968,0.002273565,0.000000000,0.000000000,0.000000000,0.000000000,0.000000000,0.000000000,0.000000000,-0.001886627,0.000000178,0.001867664,0.000000245,-0.000650247,-0.000000746,0.000458975,0.000000000,0.000000000,0.000000000,0.000000000,0.000000000,0.000000000,0.000000000,-0.441303210,-0.015112819,0.201157953,0.001787461,0.366447328,0.328705989,0.054877885
16.851000000,0,16.851000000,sample,0.216532577,0.000002272,0.216033613,0.216032579,0.000001034,1.034167170,0.000006464,1,1,1.500000000,0.080000000,1.500000000,-0.002373119,0.001582079,-0.001582079,0.006028933,0.002844303,-0.001582079,0.002844303,0.002004153,0.789400505,3,84.686390954,1,46.339807802,0.375934310,0.193442974,0.380324440,0.194014546,0.915750484,0.116283511,0.726095042,0.180401551,0.503123156,1.500000000,1.582129187,2.000000000,0.000000000,0.000000000,0.000000000,1.000000000,0.818796587,0.683792904,0.684230537,0.360182843,0.859740598,0.759238725,0.736555710,1,0,0,0.000000000,0.054185690,-0.337174808,0.157173996,-0.121147403,-0.016766432,0.149874540,0.305472723,12.121870253,0.017500636,-130.917619190,-0.114920563,142.886448143,44.881969191,0.000382177,0.000332317,-0.001844326,-0.000422210,0.000401967,-0.000101360,0.000092117,-0.680733485,0.000063052,0.673891365,0.000088207,-0.234620624,-0.000269245,0.165606245,0.001076974,-0.000000100,-0.001066150,-0.000000140,0.000371188,0.000000426,-0.000262002,-1.021100228,0.000094577,1.010837047,0.000132310,-0.351930937,-0.000403867,0.248409368,-0.411029017,-0.016588579,0.232950391,0.001328475,0.365696728,0.328335717,0.056083009
16.901000000,0,16.901000000,sample,0.216532702,0.000002510,0.216033682,0.216032758,0.000000924,0.924040841,0.000005775,0,0,1.500000000,0.080000000,0.000000000,0.000000000,0.000715514,0.000000000,0.006553878,0.002898032,-0.002898032,0.002151769,0.001886714,0.379238336,2,43.669744444,0,0.000000000,0.376911059,0.193094512,0.379565400,0.193817404,0.595945816,0.082184411,0.734602108,0.159917560,0.491612232,0.000000000,0.491612160,2.000000000,0.000000000,0.000000000,0.000000000,1.000000000,0.799285788,0.659096950,0.674180559,0.000000000,0.875929050,0.755906588,0.733382194,1,0,0,0.000000000,0.055242581,-0.338084386,0.157191450,-0.121027833,-0.016900431,0.149506287,0.305387892,12.121771723,0.017703333,-130.917730363,-0.115188393,142.886326369,44.881927999,0.000616205,-0.001246799,-0.000769795,-0.000254466,-0.000982763,0.000011109,-0.000046820,0.000000000,0.000000000,0.000000000,0.000000000,0.000000000,0.000000000,0.000000000,0.000487075,-0.000000046,-0.000482179,-0.000000063,0.000167873,0.000000193,-0.000118493,0.000000000,0.000000000,0.000000000,0.000000000,0.000000000,0.000000000,0.000000000,-0.361820728,-0.023977166,0.279717384,0.003790920,0.365401520,0.328994053,0.054943052
16.951000000,0,16.951000000,sample,0.216532568,-0.000002693,0.216033499,0.216032679,0.000000820,0.820166866,0.000005126,0,0,1.500000000,0.080000000,0.000000000,0.000000000,0.002047046,0.000000000,0.003948176,0.003948176,-0.003614939,0.003948176,0.002916528,0.701877671,1,74.640043693,0,0.000000000,0.370463103,0.193556026,0.379681796,0.193798302,1.086083316,0.027522777,0.691392356,0.169768521,0.475155929,0.000000000,0.475155025,2.000000000,0.000000000,0.000000000,0.000000000,1.000000000,0.841873383,0.731709273,0.716044448,0.000000000,0.899953882,0.797944623,0.765660546,1,0,0,0.000000000,0.054426569,-0.331057169,0.157104455,-0.121063783,-0.016837450,0.150079965,0.304472960,12.121847545,0.017852197,-130.917618709,-0.115182454,142.886353381,44.881727646,-0.002519719,-0.000232869,0.000530582,-0.000018904,-0.000674306,-0.000362173,-0.001111392,0.000000000,0.000000000,0.000000000,0.000000000,0.000000000,0.000000000,0.000000000,-0.001393493,0.000000131,0.001379487,0.000000181,-0.000480278,-0.000000552,0.000339002,0.000000000,0.000000000,0.000000000,0.000000000,0.000000000,0.000000000,0.000000000,-0.481934542,-0.018318923,0.179256886,0.005072678,0.368322481,0.330368837,0.056208398
17.001000000,0,17.001000000,sample,0.216532705,0.000002745,0.216033728,0.216032745,0.000000983,0.983179681,0.000006145,0,0,1.500000000,0.080000000,0.000000000,0.000000000,0.000387388,0.000000000,0.004373788,0.003692171,-0.002904938,0.003692171,0.001529124,0.253339909,4,43.920304074,0,0.000000000,0.378326799,0.193369313,0.379545581,0.194092642,0.811344480,0.070310389,0.783219911,0.172225923,0.548491193,0.000000000,0.548492137,2.000000000,0.000000000,0.000000000,0.000000000,1.000000000,0.824327737,0.733433752,0.719231819,0.000000000,0.852269072,0.737085965,0.721851230,1,0,0,0.000000000,0.056660348,-0.337584826,0.161112560,-0.121093075,-0.017349266,0.149757008,0.305434200,12.122186566,0.017592938,-130.917734748,-0.115036042,142.886296895,44.881994864,0.000574230,0.000475657,-0.000175515,-0.001013387,0.000033390,0.000330681,0.000783586,0.000000000,0.000000000,0.000000000,0.000000000,0.000000000,0.000000000,0.000000000,0.000263708,-0.000000025,-0.000261057,-0.000000034,0.000090891,0.000000104,-0.000064155,0.000000000,0.000000000,0.000000000,0.000000000,0.000000000,0.000000000,0.000000000,-0.486490518,-0.027838770,0.177394033,0.012491483,0.367951072,0.331157767,0.056287212
17.051000000,0,17.051000000,sample,0.216532457,-0.000004949,0.216033443,0.216032506,0.000000937,0.937045170,0.000005857,0,0,1.500000000,0.080000000,0.000000000,0.000000000,0.005681735,0.000000000,0.007165391,0.005003747,-0.005003747,0.004464745,0.005950501,0.954832987,1,63.142209684,0,0.000000000,0.371017761,0.193519776,0.379222244,0.193862084,0.730113470,0.093475591,0.707729468,0.179143956,0.472176649,0.000000000,0.472180146,2.000000000,0.000000000,0.000000000,0.000000000,1.000000000,0.838339498,0.732843474,0.714494833,0.000000000,0.920377263,0.816121879,0.781281772,1,0,0,0.000000000,0.052979023,-0.332806303,0.155201052,-0.120981513,-0.016537002,0.150132957,0.304831266,12.121724836,0.017698005,-130.917522994,-0.115267599,142.886434401,44.882056617,-0.004728391,-0.000297336,0.003552267,0.000530544,-0.000206048,0.000064182,0.000125355,0.000000000,0.000000000,0.000000000,0.000000000,0.000000000,0.000000000,0.000000000,-0.003867750,0.000000361,0.003828877,0.000000503,-0.001333037,-0.000001534,0.000940920,0.000000000,0.000000000,0.000000000,0.000000000,0.000000000,0.000000000,0.000000000,-0.479671746,-0.019716380,0.176565932,0.008405034,0.369430094,0.330518249,0.055335943
17.101000000,0,17.101000000,sample,0.216532459,0.000000037,0.216033452,0.216032494,0.000000958,0.958392959,0.000005990,0,0,1.500000000,0.080000000,0.000000000,0.000000000,0.000459558,0.000000000,0.004516374,0.003491936,-0.001099028,0.003491936,0.001818934,0.252652336,2,46.790658168,0,0.000000000,0.371226920,0.193447252,0.377711240,0.194078796,1.227009190,0.117088562,0.693613083,0.168858216,0.452249120,0.000000000,0.452249547,2.000000000,0.000000000,0.000000000,0.000000000,1.000000000,0.844535015,0.737829313,0.725740056,0.000000000,0.891412162,0.779505847,0.754569597,1,0,0,0.000000000,0.052681089,-0.333417862,0.154488376,-0.121022126,-0.016443562,0.150016977,0.304934622,12.121651336,0.017653810,-130.917522994,-0.115186224,142.886454891,44.881935887,-0.000912331,-0.001244218,-0.000176205,0.000645686,-0.000261515,0.000130211,-0.000628323,0.000000000,0.000000000,0.000000000,0.000000000,0.000000000,0.000000000,0.000000000,-0.000312837,0.000000029,0.000309693,0.000000041,-0.000107820,-0.000000124,0.000076104,0.000000000,0.000000000,0.000000000,0.000000000,0.000000000,0.000000000,0.000000000,-0.496314164,-0.017460537,0.188309065,0.006129516,0.364091647,0.329875412,0.056459001
17.151000000,0,17.151000000,sample,0.216532716,0.000005141,0.216033787,0.216032684,0.000001103,1.102574694,0.000006891,1,1,1.500000000,0.080000000,1.500000000,-0.001076717,0.000717812,-0.000717812,0.009427848,0.004125427,-0.003400908,0.004125427,0.003675673,0.195287074,3,63.170536310,1,46.339789626,0.371968558,0.193834130,0.380523547,0.193834130,2.675710910,0.332058328,0.657791504,0.204831369,0.483191819,1.500000000,1.575903247,2.000000000,0.000000000,0.000000000,0.000000000,1.000000000,0.832189029,0.728345070,0.707812575,0.354940842,0.907316731,0.804305602,0.772590556,1,0,0,0.000000000,0.055114703,-0.332019948,0.158384758,-0.121091225,-0.016899099,0.150409460,0.305016584,12.121925884,0.017412083,-130.917730363,-0.114981596,142.886481282,44.882010064,-0.001704541,0.000772681,-0.002921421,-0.000854472,0.000203474,0.000062542,0.000835430,-0.680733352,0.000062841,0.673890885,0.000088254,-0.234621782,-0.000269389,0.165607108,0.000488638,-0.000000045,-0.000483727,-0.000000063,0.000168414,0.000000193,-0.000118875,-1.021100028,0.000094262,1.010836327,0.000132381,-0.351932672,-0.000404083,0.248410662,-0.474364643,-0.023735368,0.163327130,0.001537931,0.370788002,0.329041598,0.054618923
17.201000000,0,17.201000000,sample,0.216532463,-0.000005057,0.216033510,0.216032447,0.000001063,1.063016285,0.000006644,1,1,1.500000000,0.080000000,1.500000000,-0.002455600,0.001637067,-0.001637067,0.007576684,0.007576684,-0.007576684,0.004700277,0.001791272,0.913912957,1,53.514094082,1,46.339866454,0.372024636,0.193699452,0.375693492,0.194212788,0.386817155,0.050690352,0.747501234,0.168742972,0.500094538,1.500000000,1.581168932,2.000000000,0.000000000,0.000000000,0.000000000,1.000000000,0.761730998,0.689039421,0.694993683,0.366835954,0.910504538,0.799143431,0.763058613,1,0,0,0.000000000,0.052726223,-0.334035145,0.155057400,-0.121137517,-0.016466538,0.150246574,0.305176230,12.121720311,0.017460147,-130.917523012,-0.114926296,142.886501405,44.882010101,0.001310375,-0.000447137,-0.000905831,-0.000013889,0.000522375,0.000439170,-0.000071927,-0.680733916,0.000062951,0.673892226,0.000088210,-0.234618165,-0.000269255,0.165604454,0.001114407,-0.000000103,-0.001103207,-0.000000144,0.000384086,0.000000441,-0.000271106,-1.021100874,0.000094426,1.010838339,0.000132316,-0.351927248,-0.000403883,0.248406680,-0.422109177,-0.046522905,0.231336997,0.035710970,0.364764124,0.334215791,0.055951238
17.251000000,0,17.251000000,sample,0.216532464,0.000000001,0.216033389,0.216032575,0.000000814,0.814196061,0.000005089,0,0,1.500000000,0.080000000,0.000000000,0.000000000,0.000603022,0.000000000,0.009893296,0.006770253,-0.006770253,0.000000000,0.001700092,0.354699446,7,60.798165057,0,0.000000000,0.378920930,0.193221490,0.381544277,0.193894330,0.705883125,0.093822254,0.760826254,0.176121884,0.501715134,0.000000000,0.501714981,2.000000000,0.000000000,0.000000000,0.000000000,1.000000000,0.810005062,0.696781485,0.688376369,0.000000000,0.853671865,0.736380682,0.723859228,1,0,0,0.000000000,0.053115361,-0.341158029,0.156112231,-0.121276285,-0.016582251,0.149504635,0.305576538,12.121834057,0.017800056,-130.917522994,-0.114813212,142.886501269,44.881910332,-0.000055382,-0.000676439,0.000625537,0.000383867,0.000322636,0.000172264,0.001325616,0.000000000,0.000000000,0.000000000,0.000000000,0.000000000,0.000000000,0.000000000,-0.000410497,0.000000038,0.000406371,0.000000053,-0.000141481,-0.000000162,0.000099864,0.000000000,0.000000000,0.000000000,0.000000000,0.000000000,0.000000000,0.000000000,-0.428679036,-0.026044643,0.209720630,0.003194358,0.365950724,0.329712220,0.052867376
17.301000000,0,17.301000000,sample,0.216532455,-0.000000164,0.216033386,0.216032555,0.000000831,0.831138520,0.000005195,0,0,1.500000000,0.080000000,0.000000000,0.000000000,0.001854852,0.000000000,0.008939199,0.007379943,-0.007379943,0.000578110,0.002294595,0.808356958,1,39.496367960,0,0.000000000,0.378753569,0.193153159,0.381325096,0.193796605,0.459341864,0.056905797,0.747618141,0.171604563,0.497949515,0.000000000,0.497950250,2.000000000,0.000000000,0.000000000,0.000000000,1.000000000,0.826778115,0.713586022,0.699557524,0.000000000,0.870982938,0.769632561,0.741410517,1,0,0,0.000000000,0.052898201,-0.341697925,0.154591638,-0.121187119,-0.016492426,0.149498578,0.305650630,12.121655309,0.017799986,-130.917522994,-0.114961362,142.886411512,44.882096657,0.001442064,-0.000846737,-0.001404522,0.000031473,0.000149436,-0.000210889,0.000654350,0.000000000,0.000000000,0.000000000,0.000000000,0.000000000,0.000000000,0.000000000,0.001262661,-0.000000118,-0.001249971,-0.000000164,0.000435179,0.000000500,-0.000307170,0.000000000,0.000000000,0.000000000,0.000000000,0.000000000,0.000000000,0.000000000,-0.455880913,-0.021504008,0.189377354,0.001942256,0.366074492,0.329176809,0.053436320
17.351000000,0,17.351000000,sample,0.216532576,0.000002410,0.216033572,0.216032627,0.000000946,0.945689128,0.000005911,0,0,1.500000000,0.080000000,0.000000000,0.000000000,0.000793435,0.000000000,0.003527129,0.002723112,-0.002723112,0.002666328,0.004641220,0.170953967,5,87.475455123,0,0.000000000,0.378045368,0.193181111,0.382055466,0.193638570,0.797544813,0.383446851,0.729317221,0.220204915,0.505994034,0.000000000,0.505993553,2.000000000,0.000000000,0.000000000,0.000000000,1.000000000,0.840349398,0.730177197,0.709218459,0.000000000,0.847417508,0.743780889,0.721336661,1,0,0,0.000000000,0.054712297,-0.339031043,0.158059535,-0.121134159,-0.016915994,0.149530286,0.305535236,12.121952575,0.017639472,-130.917623106,-0.114989551,142.886385185,44.881878081,-0.000960444,0.000354768,-0.000865757,-0.000116634,0.004340855,-0.000122385,0.000933527,0.000000000,0.000000000,0.000000000,0.000000000,0.000000000,0.000000000,0.000000000,0.000540118,-0.000000050,-0.000534689,-0.000000070,0.000186157,0.000000214,-0.000131398,0.000000000,0.000000000,0.000000000,0.000000000,0.000000000,0.000000000,0.000000000,-0.479464287,-0.020693047,0.152328106,0.002329298,0.371552669,0.329085884,0.055842957
17.401000000,0,17.401000000,sample,0.216532459,-0.000002330,0.216033357,0.216032600,0.000000758,0.757843774,0.000004737,0,0,1.500000000,0.080000000,0.000000000,0.000000000,0.002959384,0.000000000,0.007792199,0.004188234,-0.004188234,0.001279965,0.007223277,0.409701047,7,77.567157585,0,0.000000000,0.378461225,0.193214179,0.380086871,0.193895649,2.147292846,0.582150468,0.854507901,0.119685888,0.639300603,0.000000000,0.639298604,2.000000000,0.000000000,0.000000000,0.000000000,1.000000000,0.850594885,0.752691888,0.733220625,0.000000000,0.932208371,0.828076845,0.797380897,1,0,0,0.000000000,0.053227736,-0.340673868,0.156016097,-0.121241850,-0.016610332,0.149519997,0.305433465,12.121816068,0.017896112,-130.917522996,-0.114903407,142.886454892,44.881948518,0.003351998,-0.000009984,0.000635731,0.000060563,0.000223684,-0.000103222,-0.006361700,0.000000000,0.000000000,0.000000000,0.000000000,0.000000000,0.000000000,0.000000000,0.002014552,-0.000000190,-0.001994305,-0.000000261,0.000694330,0.000000797,-0.000490090,0.000000000,0.000000000,0.000000000,0.000000000,0.000000000,0.000000000,0.000000000,-0.520984558,-0.023198969,0.135885338,0.008808398,0.368071150,0.329117928,0.057549875
17.451000000,0,17.451000000,sample,0.216532459,0.000000001,0.216033363,0.216032597,0.000000766,0.765594868,0.000004785,0,0,1.500000000,0.080000000,0.000000000,0.000000000,0.000561177,0.000000000,0.004779291,0.003435779,-0.003435779,0.000000000,0.001587923,0.353402907,1,44.823844765,0,0.000000000,0.378218766,0.193229023,0.379894793,0.193844144,0.752753005,0.060435310,0.769534889,0.165402593,0.512991502,0.000000000,0.512991398,2.000000000,0.000000000,0.000000000,0.000000000,1.000000000,0.817030030,0.714976117,0.706301971,0.000000000,0.859975829,0.753782990,0.733945796,1,0,0,0.000000000,0.053351741,-0.340210031,0.156397447,-0.121163084,-0.016650704,0.149598517,0.305386353,12.121857195,0.017907047,-130.917523012,-0.115037136,142.886454855,44.882097421,0.001063124,-0.000753645,-0.000042601,0.000202133,-0.000210002,0.000034966,0.000857490,0.000000000,0.000000000,0.000000000,0.000000000,0.000000000,0.000000000,0.000000000,0.000382012,-0.000000036,-0.000378172,-0.000000050,0.000131663,0.000000151,-0.000092934,0.000000000,0.000000000,0.000000000,0.000000000,0.000000000,0.000000000,0.000000000,-0.457120111,-0.025631107,0.203298870,0.002011272,0.368908207,0.329515816,0.056906157
17.501000000,0,17.501000000,sample,0.216532573,0.000002276,0.216033492,0.216032678,0.000000813,0.813221319,0.000005083,0,0,1.500000000,0.080000000,0.000000000,0.000000000,0.003978492,0.000000000,0.006736400,0.002500169,-0.001392092,0.002500169,0.005064203,0.785610799,3,91.140635501,0,0.000000000,0.375433076,0.193429644,0.380824161,0.193586132,2.136126778,0.220997382,0.648690735,0.187704006,0.438411447,0.000000000,0.438412878,2.000000000,0.000000000,0.000000000,0.000000000,1.000000000,0.800394316,0.692538898,0.683331618,0.000000000,0.843221411,0.720011513,0.709479641,1,0,0,0.000000000,0.053505568,-0.337824065,0.154796802,-0.121170633,-0.016538405,0.149863892,0.305203737,12.121608643,0.017832033,-130.917618703,-0.114999597,142.886414092,44.882076924,0.001122875,-0.000929783,-0.004834673,-0.000183265,-0.000086357,-0.000291992,0.000142963,0.000000000,0.000000000,0.000000000,0.000000000,0.000000000,0.000000000,0.000000000,0.002708297,-0.000000254,-0.002681078,-0.000000351,0.000933417,0.000001072,-0.000658850,0.000000000,0.000000000,0.000000000,0.000000000,0.000000000,0.000000000,0.000000000,-0.423490064,-0.030285324,0.190400074,0.007430004,0.372020168,0.329875449,0.056185900
17.551000000,0,17.551000000,sample,0.216532462,-0.000002228,0.216033140,0.216032835,0.000000305,0.304943457,0.000001906,0,0,1.500000000,0.080000000,0.000000000,0.000000000,0.001602753,0.000000000,0.006697059,0.004539069,-0.004539069,0.003784175,0.002295559,0.698197441,1,44.621081891,0,0.000000000,0.374442236,0.193649110,0.380266918,0.193872829,0.794511267,0.128801119,0.745519396,0.183750505,0.517023124,0.000000000,0.517023401,2.000000000,0.000000000,0.000000000,0.000000000,1.000000000,0.855642986,0.728857160,0.707720622,0.000000000,0.895165165,0.785470629,0.749277996,1,0,0,0.000000000,0.053781284,-0.335184858,0.158005294,-0.121255772,-0.016804220,0.150048772,0.304143884,12.122034598,0.018584388,-130.917522994,-0.115118325,142.886478919,44.882032200,-0.001533411,0.001183155,0.000669468,-0.000101833,0.000216322,0.000310923,0.000957267,0.000000000,0.000000000,0.000000000,0.000000000,0.000000000,0.000000000,0.000000000,-0.001091047,0.000000105,0.001080080,0.000000142,-0.000376044,-0.000000432,0.000265429,0.000000000,0.000000000,0.000000000,0.000000000,0.000000000,0.000000000,0.000000000,-0.472350025,-0.009339402,0.171053430,-0.000952743,0.370797233,0.328377614,0.055534482
17.601000000,0,17.601000000,sample,0.216532711,0.000004978,0.216033645,0.216032804,0.000000841,0.841225448,0.000005258,0,0,1.500000000,0.080000000,0.000000000,0.000000000,0.001359862,0.000000000,0.004734774,0.001057717,-0.001057717,0.000000000,0.002707859,0.502190783,3,87.175493627,0,0.000000000,0.376314560,0.193467967,0.381977289,0.193889934,1.657747793,0.155523260,0.830569055,0.158563259,0.582108657,0.000000000,0.582110492,2.000000000,0.000000000,0.000000000,0.000000000,1.000000000,0.852035140,0.742910703,0.716550826,0.000000000,0.874319429,0.765807361,0.740947054,1,0,0,0.000000000,0.054787258,-0.337755035,0.156628670,-0.121217572,-0.016769562,0.149849712,0.305246050,12.121724667,0.017775039,-130.917730850,-0.114899486,142.886411585,44.881969106,0.000365172,-0.000330278,0.002528269,-0.000673669,0.000400706,-0.000288904,-0.000007958,0.000000000,0.000000000,0.000000000,0.000000000,0.000000000,0.000000000,0.000000000,-0.000925704,0.000000087,0.000916400,0.000000120,-0.000319048,-0.000000366,0.000225199,0.000000000,0.000000000,0.000000000,0.000000000,0.000000000,0.000000000,0.000000000,-0.495029582,-0.019709021,0.125329345,0.004773938,0.375058641,0.329242726,0.056589419
17.651000000,0,17.651000000,sample,0.216532708,-0.000000048,0.216033644,0.216032812,0.000000831,0.831497450,0.000005197,0,0,1.500000000,0.080000000,0.000000000,0.000000000,0.001193886,0.000000000,0.003479232,0.003277075,-0.003277075,0.003099512,0.002846339,0.419446194,3,61.425133148,0,0.000000000,0.373251449,0.193844835,0.379258652,0.193844835,1.592609999,0.088115954,0.818816562,0.166379679,0.567790040,0.000000000,0.567792042,2.000000000,0.000000000,0.000000000,0.000000000,1.000000000,0.873975261,0.778838747,0.742808232,0.000000000,0.873975261,0.778838747,0.742808232,1,0,0,0.000000000,0.055326903,-0.333536216,0.158142879,-0.121110044,-0.016947820,0.150402622,0.304764021,12.121885057,0.017820734,-130.917730363,-0.115091185,142.886391579,44.882237620,0.000526795,-0.000723968,0.002230795,-0.000865653,0.000541606,-0.000384614,0.001064395,0.000000000,0.000000000,0.000000000,0.000000000,0.000000000,0.000000000,0.000000000,-0.000812718,0.000000076,0.000804549,0.000000105,-0.000280110,-0.000000322,0.000197715,0.000000000,0.000000000,0.000000000,0.000000000,0.000000000,0.000000000,0.000000000,-0.537619442,-0.025530513,0.078015234,0.011017535,0.378712151,0.330779271,0.055063738
17.701000000,0,17.701000000,sample,0.216532332,-0.000007517,0.216033285,0.216032426,0.000000859,0.858971079,0.000005369,0,0,1.500000000,0.080000000,0.000000000,0.000000000,0.000106040,0.000000000,0.003711547,0.003411530,-0.003411530,0.002714405,0.002698426,0.039296901,3,52.426473839,0,0.000000000,0.373154347,0.193703067,0.378651983,0.194005975,1.953716454,0.195715726,0.822417406,0.154414827,0.564343344,0.000000000,0.564339358,2.000000000,0.000000000,0.000000000,0.000000000,1.000000000,0.818491707,0.721572970,0.704026585,0.000000000,0.891870090,0.786887542,0.750512490,1,0,0,0.000000000,0.052789744,-0.335062890,0.155532212,-0.121125569,-0.016614627,0.150244563,0.304970928,12.121816410,0.017775091,-130.917427285,-0.115053210,142.886353353,44.882211787,0.001410855,-0.000221317,0.001953826,0.000784806,0.000730691,-0.000218642,-0.000476382,0.000000000,0.000000000,0.000000000,0.000000000,0.000000000,0.000000000,0.000000000,-0.000072185,0.000000007,0.000071459,0.000000009,-0.000024879,-0.000000029,0.000017561,0.000000000,0.000000000,0.000000000,0.000000000,0.000000000,0.000000000,0.000000000,-0.465844041,-0.027570612,0.164692199,0.008382118,0.372765276,0.329433330,0.056644267
17.751000000,0,17.751000000,sample,0.216532346,0.000000267,0.216033250,0.216032498,0.000000752,0.751506639,0.000004697,0,0,1.500000000,0.080000000,0.000000000,0.000000000,0.002291486,0.000000000,0.007666296,0.007666296,-0.004737757,0.007666296,0.002819757,0.812653952,1,33.344398297,0,0.000000000,0.369916779,0.194375230,0.376094915,0.194375230,0.250533767,0.110313011,0.740729726,0.183474930,0.501573967,0.000000000,0.501574988,2.000000000,0.000000000,0.000000000,0.000000000,1.000000000,0.810056225,0.687954831,0.689577860,0.000000000,0.889535732,0.796460137,0.764033763,1,0,0,0.000000000,0.053039551,-0.330364612,0.157748068,-0.121223566,-0.016732073,0.151018592,0.304309544,12.122079253,0.017910864,-130.917427285,-0.114936315,142.886498435,44.882363836,-0.001628258,0.000773237,0.001432691,0.000500230,0.000154155,0.000167698,0.001532054,0.000000000,0.000000000,0.000000000,0.000000000,0.000000000,0.000000000,0.000000000,-0.001559889,0.000000147,0.001544211,0.000000202,-0.000537639,-0.000000617,0.000379491,0.000000000,0.000000000,0.000000000,0.000000000,0.000000000,0.000000000,0.000000000,-0.422087313,-0.023372286,0.228040299,0.001497263,0.365083201,0.329118211,0.056608309
17.801000000,0,17.801000000,sample,0.216532338,-0.000000161,0.216033297,0.216032431,0.000000865,0.865390193,0.000005409,0,0,1.500000000,0.080000000,0.000000000,0.000000000,0.000896824,0.000000000,0.004507484,0.003297760,-0.001800091,0.003297760,0.001699868,0.527584604,4,33.832435912,0,0.000000000,0.377914561,0.193078616,0.381800748,0.194236476,0.359896646,0.040796782,0.747719981,0.172738188,0.506157043,0.000000000,0.506156606,2.000000000,0.000000000,0.000000000,0.000000000,1.000000000,0.830661000,0.715298014,0.707002977,0.000000000,0.834871263,0.715298014,0.707002977,1,0,0,0.000000000,0.053035537,-0.339759683,0.156748221,-0.121089878,-0.016698380,0.149458212,0.305483189,12.121957065,0.017775794,-130.917427285,-0.115112892,142.886411095,44.881986039,0.000451267,0.000950520,-0.000833319,0.000988739,0.000226135,-0.000191956,0.000149699,0.000000000,0.000000000,0.000000000,0.000000000,0.000000000,0.000000000,0.000000000,0.000610498,-0.000000057,-0.000604362,-0.000000079,0.000210415,0.000000242,-0.000148520,0.000000000,0.000000000,0.000000000,0.000000000,0.000000000,0.000000000,0.000000000,-0.464072410,-0.018902763,0.201790500,-0.000567665,0.363872704,0.328514898,0.055566023
17.851000000,0,17.851000000,sample,0.216532560,0.000004449,0.216033542,0.216032625,0.000000917,0.917010482,0.000005731,0,0,1.500000000,0.080000000,0.000000000,0.000000000,0.001506185,0.000000000,0.001685620,0.000352011,-0.000031895,0.000352011,0.002249933,0.669435525,1,84.521810907,0,0.000000000,0.374257793,0.193086979,0.383233308,0.193438526,1.196236444,0.125637990,0.715068448,0.181266160,0.499809350,0.000000000,0.499808864,2.000000000,0.000000000,0.000000000,0.000000000,1.000000000,0.818103434,0.694338205,0.679127113,0.000000000,0.846018387,0.735652196,0.715662080,1,0,0,0.000000000,0.054776501,-0.335143051,0.157313592,-0.121030552,-0.016928579,0.149491171,0.305059771,12.121856661,0.017713525,-130.917618763,-0.115188482,142.886271977,44.881594699,-0.002068493,0.000857669,0.000086927,-0.000132366,-0.000132510,-0.000052463,0.000050521,0.000000000,0.000000000,0.000000000,0.000000000,0.000000000,0.000000000,0.000000000,-0.001025311,0.000000096,0.001015006,0.000000133,-0.000353381,-0.000000406,0.000249433,0.000000000,0.000000000,0.000000000,0.000000000,0.000000000,0.000000000,0.000000000,-0.412713591,-0.021448847,0.198586701,-0.000209017,0.373591107,0.329535518,0.053107255
17.901000000,0,17.901000000,sample,0.216532581,0.000000420,0.216033621,0.216032576,0.000001045,1.045158116,0.000006532,1,1,1.500000000,0.080000000,1.500000000,0.004048375,0.002698917,0.002698917,0.004468479,0.003445955,-0.002887216,0.003445955,0.005954778,0.453235490,1,89.411639799,1,46.339826401,0.374601209,0.193619515,0.378646193,0.194026654,3.693956059,0.467173782,0.590586504,0.224615857,0.438708696,1.500000000,1.562836243,2.000000000,0.000000000,0.000000000,0.000000000,1.000000000,0.807379938,0.708072741,0.696036699,0.353746293,0.872716375,0.764857718,0.733596844,1,0,0,0.000000000,0.053836128,-0.335989671,0.156648264,-0.121150324,-0.016665338,0.150111232,0.305361850,12.121822447,0.017483195,-130.917618865,-0.114910504,142.886500761,44.882070091,-0.005630703,-0.000265082,-0.001372434,-0.000530345,0.001097901,0.000477584,0.000293233,-0.680733622,0.000063006,0.673891555,0.000088199,-0.234620001,-0.000269220,0.165605795,-0.001837243,0.000000170,0.001818777,0.000000238,-0.000633220,-0.000000727,0.000446956,-1.021100433,0.000094509,1.010837332,0.000132299,-0.351930001,-0.000403830,0.248408692,-0.443127884,-0.028918916,0.193023031,0.007843727,0.371367342,0.330035904,0.055782120
17.951000000,0,17.951000000,sample,0.216532233,-0.000006968,0.216032982,0.216032531,0.000000451,0.450683512,0.000002817,0,0,1.500000000,0.080000000,0.000000000,0.000000000,0.001747902,0.000000000,0.004360496,0.004360496,-0.004360496,0.000520056,0.002422690,0.721471497,4,33.787874957,0,0.000000000,0.372726902,0.193691344,0.379544649,0.193743597,0.657806551,0.045754466,0.739049430,0.169947202,0.493221964,0.000000000,0.493223262,2.000000000,0.000000000,0.000000000,0.000000000,1.000000000,0.800439173,0.738794910,0.718809977,0.000000000,0.852682719,0.747487446,0.724439556,1,0,0,0.000000000,0.052053164,-0.334967286,0.154960411,-0.121320775,-0.016517199,0.150082605,0.304351970,12.121817362,0.018343156,-130.917344731,-0.114929524,142.886371043,44.881887583,-0.001274096,0.000189290,0.001386003,0.001408245,0.000137873,-0.000520064,-0.000129002,0.000000000,0.000000000,0.000000000,0.000000000,0.000000000,0.000000000,0.000000000,-0.001189855,0.000000114,0.001177897,0.000000154,-0.000410092,-0.000000471,0.000289462,0.000000000,0.000000000,0.000000000,0.000000000,0.000000000,0.000000000,0.000000000,-0.484272297,-0.043169778,0.160539715,0.027715100,0.372776864,0.334432006,0.054369215
18.001000000,0,18.001000000,sample,0.216532589,0.000007128,0.216033555,0.216032658,0.000000898,0.897522362,0.000005610,0,0,1.500000000,0.080000000,0.000000000,0.000000000,0.002965984,0.000000000,0.006928658,0.003751013,-0.003751013,0.000000000,0.003808204,0.778840604,3,43.231568788,0,0.000000000,0.375761441,0.193271023,0.378140689,0.193943184,0.729787874,0.191768709,0.776599352,0.145049237,0.539185851,0.000000000,0.539186401,2.000000000,0.000000000,0.000000000,0.000000000,1.000000000,0.842954139,0.729109502,0.711616887,0.000000000,0.876178334,0.762300969,0.736155031,1,0,0,0.000000000,0.054160850,-0.337281786,0.156538366,-0.121134263,-0.016730725,0.149667169,0.305271679,12.121786829,0.017713519,-130.917631857,-0.115017540,142.886413344,44.881846398,-0.001195250,-0.001132154,0.002503921,-0.000794410,-0.002170955,-0.000326515,-0.000267679,0.000000000,0.000000000,0.000000000,0.000000000,0.000000000,0.000000000,0.000000000,-0.002019045,0.000000189,0.001998752,0.000000262,-0.000695876,-0.000000799,0.000491182,0.000000000,0.000000000,0.000000000,0.000000000,0.000000000,0.000000000,0.000000000,-0.479708652,-0.019305372,0.163848370,0.000628486,0.370266041,0.329794850,0.056544134
18.001000000,0,18.001000000,stop,0.216532589,,0.216033555,0.216032658,0.000000898,0.897522362,0.000005610,0,0,1.500000000,0.080000000,0.000000000,0.000000000,0.002965984,0.000000000,0.002965984,0.000000000,0.000000000,0.000000000,0.003808204,0.778840604,3,43.231568788,0,0.000000000,0.375761441,0.193271023,0.375761441,0.193271023,0.729787874,0.191768709,0.776599352,0.145049237,0.539185851,0.000000000,0.539186401,2.000000000,0.000000000,0.000000000,0.000000000,1.000000000,0.842954139,0.729109502,0.711616887,0.000000000,0.842954139,0.729109502,0.711616887,1,0,0,0.000000000,0.054160850,-0.337281786,0.156538366,-0.121134263,-0.016730725,0.149667169,0.305271679,12.121786829,0.017713519,-130.917631857,-0.115017540,142.886413344,44.881846398,-0.001195250,-0.001132154,0.002503921,-0.000794410,-0.002170955,-0.000326515,-0.000267679,0.000000000,0.000000000,0.000000000,0.000000000,0.000000000,0.000000000,0.000000000,-0.002019045,0.000000189,0.001998752,0.000000262,-0.000695876,-0.000000799,0.000491182,0.000000000,0.000000000,0.000000000,0.000000000,0.000000000,0.000000000,0.000000000,-0.479708652,-0.019305372,0.163848370,0.000628486,0.370266041,0.329794850,0.056544134
