run_time_s,segment_id,phase_time_s,event,sigma_min,sigma_rate_per_s,sigma_plus,sigma_minus,probe_difference,probe_confidence,gradient_abs_per_rad,direction_valid,push_active,k_sigma_Nm,alpha_rad,tau_sigma_norm_Nm,sigma_power_W,nullspace_speed_rad_s,speed_toward_better_rad_s,peak_nullspace_speed_rad_s,peak_abs_speed_toward_better_rad_s,min_speed_toward_better_rad_s,max_speed_toward_better_rad_s,raw_joint_speed_rad_s,nullspace_speed_fraction,raw_velocity_dominant_joint,raw_velocity_dominant_share_pct,sigma_dominant_joint,sigma_dominant_share_pct,position_error_mm,rotation_error_deg,peak_position_error_mm,peak_rotation_error_deg,cartesian_speed_mm_s,angular_speed_deg_s,command_force_norm_N,command_moment_norm_Nm,tau_task_norm_Nm,tau_nullspace_norm_Nm,tau_cmd_norm_Nm,nullspace_damping_Nms_rad,disturbance_scale,disturbance_force_norm_N,disturbance_tau_norm_Nm,disturbance_torque_scale,external_force_delta_norm_N,external_moment_delta_norm_Nm,external_joint_torque_delta_norm_Nm,external_joint_torque_along_nbest_Nm,peak_external_force_delta_norm_N,peak_external_moment_delta_norm_Nm,peak_external_joint_torque_delta_norm_Nm,external_joint_torque_baseline_valid,joint_contact,cartesian_contact,Jn_norm,e_p_x_mm,e_p_y_mm,e_p_z_mm,e_R_x_deg,e_R_y_deg,e_R_z_deg,q1_deg,q2_deg,q3_deg,q4_deg,q5_deg,q6_deg,q7_deg,dq1_rad_s,dq2_rad_s,dq3_rad_s,dq4_rad_s,dq5_rad_s,dq6_rad_s,dq7_rad_s,n_best_1,n_best_2,n_best_3,n_best_4,n_best_5,n_best_6,n_best_7,dqN_1_rad_s,dqN_2_rad_s,dqN_3_rad_s,dqN_4_rad_s,dqN_5_rad_s,dqN_6_rad_s,dqN_7_rad_s,tau_sigma_1_Nm,tau_sigma_2_Nm,tau_sigma_3_Nm,tau_sigma_4_Nm,tau_sigma_5_Nm,tau_sigma_6_Nm,tau_sigma_7_Nm,tau_ext_delta_1_Nm,tau_ext_delta_2_Nm,tau_ext_delta_3_Nm,tau_ext_delta_4_Nm,tau_ext_delta_5_Nm,tau_ext_delta_6_Nm,tau_ext_delta_7_Nm
0.000000000,0,0.000000000,hold_start,0.000000000,,0.000000000,0.000000000,0.000000000,0.000000000,0.000000000,0,0,0.000000000,0.000000000,0.000000000,0.000000000,0.000000000,0.000000000,0.000000000,0.000000000,0.000000000,0.000000000,0.000000000,0.000000000,0,0.000000000,0,0.000000000,0.000000000,0.000000000,0.000000000,0.000000000,0.000000000,0.000000000,0.000000000,0.000000000,0.000000000,0.000000000,0.000000000,0.000000000,0.000000000,0.000000000,0.000000000,1.000000000,0.000000000,0.000000000,0.000000000,0.000000000,0.000000000,0.000000000,0.000000000,0,0,0,0.000000000,0.000000000,0.000000000,0.000000000,0.000000000,0.000000000,0.000000000,0.836888285,12.106380565,-0.522176652,-130.917848753,-0.128207458,142.885394349,44.746039678,0.000000000,0.000000000,0.000000000,0.000000000,0.000000000,0.000000000,0.000000000,0.000000000,0.000000000,0.000000000,0.000000000,0.000000000,0.000000000,0.000000000,0.000000000,0.000000000,0.000000000,0.000000000,0.000000000,0.000000000,0.000000000,0.000000000,0.000000000,0.000000000,0.000000000,0.000000000,0.000000000,0.000000000,0.000000000,0.000000000,0.000000000,0.000000000,0.000000000,0.000000000,0.000000000
0.000000000,0,0.000000000,sample,0.216514017,,0.215823875,0.216203715,0.000379840,379.840313238,0.002374002,1,1,1.500000000,0.080000000,1.500000000,0.000908406,0.000605604,0.000605604,0.000605604,0.000605604,0.000000000,0.000605604,0.003103232,0.195152582,2,60.967368365,1,46.348731301,0.030145759,0.012282566,0.030145759,0.012282566,1.695496937,0.162225688,0.046177967,0.029432341,0.079494944,1.500000000,1.502104751,2.000000000,0.000000000,0.000000000,0.000000000,1.000000000,0.609035493,0.385286614,0.000000000,0.000000000,0.609035493,0.385286614,0.000000000,1,0,0,0.000000000,-0.009767177,0.009677968,-0.026827337,0.001096122,0.002265288,-0.012021997,0.839574939,12.103798799,-0.525679248,-130.917219916,-0.128914266,142.884477302,44.733842260,0.000666522,0.002423053,0.001657963,0.000601937,0.000344587,-0.000246290,0.000155050,-0.680799025,-0.001288044,0.673991481,0.000098812,-0.234299065,-0.000301627,0.165379441,-0.000412294,-0.000000780,0.000408172,0.000000060,-0.000141892,-0.000000183,0.000100154,-1.021198538,-0.001932066,1.010987221,0.000148219,-0.351448598,-0.000452441,0.248069161,0.000000000,0.000000000,0.000000000,0.000000000,0.000000000,0.000000000,0.000000000
0.050000000,0,0.050000000,sample,0.216520349,0.000126629,0.215863601,0.216177526,0.000313926,313.925798631,0.001962036,1,1,1.500000000,0.080000000,1.500000000,0.121619076,0.081079384,0.081079384,0.081079384,0.081079384,-0.001080283,0.081079384,0.084964267,0.954276272,3,53.371656091,1,46.342669131,0.105677847,0.022729651,0.105677847,0.022729651,5.176988019,0.842538084,0.464452651,0.137321988,0.472337235,1.500000000,1.573011512,2.000000000,0.000000000,0.000000000,0.000000000,1.000000000,0.169549600,0.205048213,0.444034196,0.214269466,0.628407035,0.450483459,0.444034196,1,0,0,0.000000000,0.026548726,-0.053428748,0.087225807,-0.019430153,-0.009060729,-0.007550455,0.747371375,12.115825963,-0.431239162,-130.917673146,-0.127447714,142.885894953,44.737280498,-0.057714785,0.005918853,0.062071416,-0.000138876,0.000093504,0.000046421,-0.000081053,-0.680754502,-0.001053939,0.673923648,0.000097779,-0.234516357,-0.000298465,0.165532758,-0.055195156,-0.000085453,0.054641314,0.000007928,-0.019014442,-0.000024199,0.013421294,-1.021131752,-0.001580909,1.010885472,0.000146668,-0.351774535,-0.000447697,0.248299137,-0.331422386,-0.187467850,0.006246207,0.025015054,0.072948187,0.214760719,0.008544138
0.100000000,0,0.100000000,sample,0.216530251,0.000198049,0.215947846,0.216113725,0.000165879,165.879126400,0.001036745,1,1,1.500000000,0.080000000,1.500000000,0.150870190,0.100580126,0.100580126,0.118238134,0.118238134,0.000000000,0.118238134,0.104251402,0.964784399,3,55.193845124,1,46.339647728,0.265536526,0.094278515,0.265536526,0.094278515,6.197952413,0.927171549,0.781706675,0.193521964,0.594107800,1.500000000,1.613672152,2.000000000,0.000000000,0.000000000,0.000000000,1.000000000,0.671889976,0.255185754,0.583610506,0.438512071,0.718279220,0.304324130,0.583610506,1,0,0,0.000000000,0.056352432,-0.206375250,0.157300051,-0.063836343,-0.016989542,0.067266003,0.540565888,12.122430627,-0.217989119,-130.918579856,-0.127591352,142.885769018,44.813905629,-0.069499908,-0.000885945,0.077451036,0.000337278,-0.000204407,0.000128010,0.006204667,-0.680732310,-0.000522364,0.673887742,0.000097936,-0.234629172,-0.000298946,0.165612842,-0.068468142,-0.000052539,0.067779714,0.000009850,-0.023599032,-0.000030068,0.016657361,-1.021098464,-0.000783546,1.010831613,0.000146904,-0.351943758,-0.000448419,0.248419263,-0.357449347,-0.048739499,0.311164938,-0.014128497,0.085806000,0.323859904,0.034416687
0.150000000,0,0.150000000,sample,0.216533113,0.000057243,0.216048118,0.216019125,0.000028994,28.993816119,0.000181211,1,1,1.500000000,0.080000000,1.500000000,0.138176583,0.092117722,0.092117722,0.099717482,0.099717482,0.000000000,0.099717482,0.094967870,0.969988294,3,50.050255068,1,46.340179330,0.385012345,0.138396538,0.387549321,0.138396538,2.294667341,1.053274330,0.863791234,0.266921805,0.591480872,1.500000000,1.612629549,2.000000000,0.000000000,0.000000000,0.000000000,1.000000000,0.779600264,0.324080434,0.736857524,0.580852129,0.799263262,0.326253068,0.739512728,1,0,0,0.000000000,0.049192606,-0.353407144,0.144630509,-0.105270128,-0.015362883,0.088519963,0.349788644,12.121330058,-0.020714243,-130.918165817,-0.127502089,142.886173930,44.837195568,-0.066216310,-0.000409127,0.067186164,0.000632785,0.000197701,0.000031946,0.010941117,-0.680736214,-0.000030168,0.673894141,0.000097859,-0.234609859,-0.000298710,0.165598936,-0.062707870,-0.000002779,0.062077593,0.000009015,-0.021611726,-0.000027516,0.015254597,-1.021104321,-0.000045251,1.010841212,0.000146789,-0.351914789,-0.000448065,0.248398404,-0.562597044,-0.001482096,0.311601700,-0.035527208,0.090190707,0.341900319,0.055257464
0.200000000,0,0.200000000,sample,0.216533352,0.000004766,0.216037792,0.216029943,0.000007849,7.849237534,0.000049058,1,1,1.500000000,0.080000000,1.500000000,-0.075330106,0.050220071,-0.050220071,0.089452018,0.089452018,-0.078857396,0.089452018,0.051961654,0.966483295,3,56.314861366,1,46.339945791,0.281532911,0.160331468,0.390892112,0.160331468,7.129485564,0.536741945,0.330180316,0.204233992,0.396960955,1.500000000,1.551715326,2.000000000,0.000000000,0.000000000,0.000000000,1.000000000,0.909035107,0.398266492,0.688978660,0.516089260,0.910719866,0.398266492,0.778430621,1,0,0,0.000000000,0.050937155,-0.232809643,0.149886145,-0.116726919,-0.016009483,0.108741448,0.305458976,12.121814409,0.008283849,-130.918276979,-0.118585312,142.886181685,44.834315087,0.025699611,0.000207812,-0.038993703,0.000399935,0.016132913,0.000018537,-0.016079809,-0.680734499,0.000040675,0.673891307,0.000091019,-0.234618600,-0.000277830,0.165605173,0.034186535,-0.000002043,-0.033842869,-0.000004571,0.011782563,0.000013953,-0.008316703,-1.021101748,0.000061012,1.010836961,0.000136529,-0.351927900,-0.000416745,0.248407759,-0.370303520,0.026094917,0.432251968,0.003331820,0.156514480,0.349599532,0.057588832
0.250000000,0,0.250000000,sample,0.216533355,0.000000065,0.216032176,0.216035606,0.000003430,3.429606307,0.000021435,1,1,1.500000000,0.080000000,1.500000000,0.022916326,0.015277550,0.015277550,0.046767659,0.046767659,-0.046767659,0.022327007,0.015377106,0.993525699,3,50.438622600,1,46.339594048,0.272673438,0.168682014,0.279880165,0.168946748,1.130502182,0.124633733,0.496556253,0.149281497,0.344421226,1.500000000,1.539039445,2.000000000,0.000000000,0.000000000,0.000000000,1.000000000,0.635131003,0.599375284,0.739453663,-0.456677425,1.004852471,0.676806363,0.819079889,1,0,0,0.000000000,0.053241486,-0.216851055,0.156498460,-0.121367066,-0.016791977,0.115938289,0.286859268,12.122517684,0.024177561,-130.918276778,-0.116401778,142.886120972,44.836706618,0.010184857,-0.001016652,-0.010920845,0.000787855,0.002918025,0.000049146,-0.001813189,0.680731915,-0.000079964,-0.673887505,-0.000089348,0.234630883,0.000272729,-0.165613858,0.010399916,-0.000001222,-0.010295350,-0.000001365,0.003584585,0.000004167,-0.002530174,1.021097873,-0.000119946,-1.010831258,-0.000134022,0.351946324,0.000409093,-0.248420787,-0.519719627,-0.070157974,0.244155799,0.012755463,0.298670061,0.346597027,0.051507545
0.300000000,0,0.300000000,sample,0.216533218,-0.000002733,0.216034913,0.216032548,0.000002365,2.365397302,0.000014784,1,1,1.500000000,0.080000000,1.500000000,-0.040340253,0.026893502,-0.026893502,0.027247092,0.027247092,-0.027247092,0.016599516,0.028010900,0.960108467,1,63.973130036,1,46.340007343,0.294376881,0.165863601,0.294376881,0.169829508,2.801471849,0.412833179,0.725247214,0.098182912,0.551961148,1.500000000,1.598341364,2.000000000,0.000000000,0.000000000,0.000000000,1.000000000,0.842074908,0.786136560,0.833859062,0.434727342,0.946477010,0.786136560,0.833859062,1,0,0,0.000000000,0.049836041,-0.249600245,0.147898056,-0.120391282,-0.015814016,0.112989337,0.299226649,12.121673738,0.015600779,-130.918165119,-0.115038777,142.886140886,44.836651270,0.022404015,0.001477618,-0.016686514,0.000026497,0.000954431,-0.000191946,-0.001048342,-0.680734951,0.000058331,0.673892255,0.000088296,-0.234615931,-0.000269518,0.165603250,0.018307347,-0.000001569,-0.018123323,-0.000002375,0.006309644,0.000007248,-0.004453651,-1.021102426,0.000087496,1.010838382,0.000132444,-0.351923896,-0.000404277,0.248404875,-0.650418073,-0.006063390,0.102677146,0.039017370,0.365637806,0.351791945,0.052220417
0.350000000,0,0.350000000,sample,0.216533531,0.000006246,0.216033212,0.216034916,0.000001704,1.703605534,0.000010648,1,1,1.500000000,0.080000000,1.500000000,-0.023835131,0.015890087,-0.015890087,0.027064145,0.027064145,-0.027064145,0.013491781,0.017422712,0.912032969,3,81.571096612,1,46.339604676,0.319948661,0.165970476,0.319948661,0.167651805,4.894410789,0.532873062,0.872234168,0.132319083,0.691919796,1.500000000,1.651908321,2.000000000,0.000000000,0.000000000,0.000000000,1.000000000,0.696424763,0.714718945,0.750050273,-0.375809866,0.956077150,0.789125566,0.833888792,1,0,0,0.000000000,0.054447210,-0.273218406,0.157335150,-0.121481079,-0.016873614,0.111820514,0.295619276,12.122517703,0.021503201,-130.918414987,-0.115271329,142.886181685,44.837830805,-0.007291492,0.000769164,0.015735621,-0.000826493,-0.001197948,0.000052865,0.000250314,0.680731993,-0.000073101,-0.673887260,-0.000088480,0.234631179,0.000270080,-0.165614123,-0.010816891,0.000001162,0.010708127,0.000001406,-0.003728310,-0.000004292,0.002631623,1.021097990,-0.000109651,-1.010830890,-0.000132720,0.351946768,0.000405121,-0.248421184,-0.514243084,-0.043930173,0.159818616,0.014629824,0.383072221,0.348355002,0.048456643
0.400000000,0,0.400000000,sample,0.216533225,-0.000006114,0.216035503,0.216031944,0.000003558,3.558460750,0.000022240,1,1,1.500000000,0.080000000,1.500000000,-0.027152106,0.018101404,-0.018101404,0.024094003,0.024094003,-0.024094003,0.013676732,0.019062258,0.949593909,1,69.539466257,1,46.340183947,0.297460431,0.166056411,0.329573116,0.167323798,2.762960128,0.458357167,0.711217948,0.096646003,0.535597507,1.500000000,1.592767437,2.000000000,0.000000000,0.000000000,0.000000000,1.000000000,0.893261222,0.702261670,0.728505628,0.384547579,0.899230697,0.846250553,0.879394322,1,0,0,0.000000000,0.048424399,-0.255527146,0.144373348,-0.120438921,-0.015361006,0.113283880,0.301713128,12.121307758,0.013762943,-130.918165118,-0.114320892,142.886227563,44.837062390,0.015896079,-0.001016142,-0.010260774,-0.000639956,0.000158752,0.000052329,-0.001982634,-0.680736248,0.000053623,0.673894148,0.000087743,-0.234609799,-0.000267829,0.165598906,0.012322282,-0.000000971,-0.012198430,-0.000001588,0.004246767,0.000004848,-0.002997573,-1.021104372,0.000080434,1.010841222,0.000131614,-0.351914698,-0.000401743,0.248398359,-0.456309260,0.053332880,0.229921375,-0.021967190,0.382568689,0.342218570,0.053283825
0.450000000,0,0.450000000,sample,0.216533599,0.000007491,0.216034731,0.216033501,0.000001231,1.230843224,0.000007693,1,1,1.500000000,0.080000000,1.500000000,0.005441069,0.003627379,0.003627379,0.025972232,0.025972232,-0.025972232,0.008943667,0.004250461,0.853408515,3,66.510940671,1,46.339857549,0.288529304,0.167924993,0.300485265,0.168113725,1.212021232,0.110064121,0.610113388,0.141065806,0.428838464,1.500000000,1.560096799,2.000000000,0.000000000,0.000000000,0.000000000,1.000000000,0.755804580,0.655370370,0.707037771,0.361601945,0.933606538,0.772545992,0.786154354,1,0,0,0.000000000,0.053007609,-0.238786287,0.153037452,-0.120816752,-0.016377976,0.115472410,0.296360086,12.122023213,0.017209993,-130.918468196,-0.114883290,142.886228312,44.837716483,-0.001528777,-0.001426209,0.003466431,-0.000706272,-0.000481959,0.000504498,0.000832718,-0.680733851,0.000062321,0.673889859,0.000088179,-0.234622595,-0.000269161,0.165608081,-0.002469280,0.000000226,0.002444454,0.000000320,-0.000851065,-0.000000976,0.000600723,-1.021100776,0.000093482,1.010834788,0.000132269,-0.351933892,-0.000403742,0.248412121,-0.413797389,-0.018121458,0.238073398,0.018430136,0.381095052,0.350924468,0.054274380
0.500000000,0,0.500000000,sample,0.216533216,-0.000007672,0.216032465,0.216034985,0.000002519,2.519407670,0.000015746,1,1,1.500000000,0.080000000,1.500000000,-0.022699585,0.015133057,-0.015133057,0.022922186,0.022922186,-0.022922186,0.012446946,0.015604085,0.969813783,1,62.163079662,1,46.340044252,0.272518439,0.170645060,0.296528114,0.170645060,1.313772274,0.183037909,0.492284664,0.173102454,0.378420761,1.500000000,1.547003774,2.000000000,0.000000000,0.000000000,0.000000000,1.000000000,0.785470630,0.617076210,0.698556939,-0.373425340,0.785470630,0.720902726,0.782483133,1,0,0,0.000000000,0.049649190,-0.223803859,0.147353622,-0.122004757,-0.015791919,0.118259000,0.289087792,12.121608475,0.022599716,-130.918165118,-0.114792988,142.886100087,44.838428820,-0.012302817,-0.000180371,0.009499203,-0.000012704,-0.001041560,-0.000563141,0.000677231,0.680735222,-0.000075750,-0.673892667,-0.000088107,0.234614608,0.000268941,-0.165602325,-0.010301605,0.000001146,0.010198056,0.000001333,-0.003550436,-0.000004070,0.002506069,1.021102833,-0.000113626,-1.010839001,-0.000132160,0.351921913,0.000403411,-0.248403487,-0.325715395,-0.022505922,0.341638099,0.001063199,0.373140614,0.349865110,0.055022974
0.550000000,0,0.550000000,sample,0.216533280,0.000001276,0.216033891,0.216033674,0.000000217,0.217203450,0.000001358,0,0,1.500000000,0.080000000,0.000000000,0.000000000,0.014752121,0.000000000,0.024913432,0.024913432,-0.024913432,0.011846664,0.015323659,0.962702260,1,52.318347226,0,0.000000000,0.271530741,0.169964660,0.281722078,0.170663320,0.394793204,0.108834404,0.547370307,0.151434829,0.386360605,0.000000000,0.386391561,2.000000000,0.000000000,0.000000000,0.000000000,1.000000000,0.760069451,0.714874198,0.761435019,0.000000000,1.088054806,0.750840488,0.761435019,1,0,0,0.000000000,0.049148974,-0.223395512,0.146313933,-0.121510274,-0.015582658,0.117815194,0.293212436,12.121486502,0.018559702,-130.918207617,-0.114210138,142.886228312,44.837694287,0.011083820,-0.000921117,-0.010305993,-0.000529695,0.001866960,-0.000048019,0.001064457,0.000000000,0.000000000,0.000000000,0.000000000,0.000000000,0.000000000,0.000000000,0.010042294,-0.000000967,-0.009941353,-0.000001293,0.003461039,0.000003947,-0.002442969,0.000000000,0.000000000,0.000000000,0.000000000,0.000000000,0.000000000,0.000000000,-0.518889720,-0.019892227,0.190288098,0.031216496,0.380040232,0.354235909,0.055166645
0.600000000,0,0.600000000,sample,0.216533211,-0.000001371,0.216036262,0.216031211,0.000005050,5.050417302,0.000031565,1,1,1.500000000,0.080000000,1.500000000,-0.023042213,0.015361475,-0.015361475,0.026171129,0.026171129,-0.026171129,0.013346988,0.019816415,0.775189416,1,47.177857917,1,46.339834557,0.267944760,0.169935001,0.276900910,0.171639512,1.399138398,0.450577903,0.587406146,0.192342495,0.414726658,1.500000000,1.556285628,2.000000000,0.000000000,0.000000000,0.000000000,1.000000000,0.671640350,0.729065123,0.773101052,0.397888555,0.764752930,0.729065123,0.773101052,1,0,0,0.000000000,0.050882082,-0.215275099,0.151201984,-0.120068474,-0.016193694,0.119160523,0.299636276,12.122023213,0.011586338,-130.918165118,-0.114162176,142.886100087,44.838606271,0.013611131,-0.000439721,-0.010704081,0.000102747,0.001886043,-0.000613651,0.009418728,-0.680733682,0.000048169,0.673890387,0.000087625,-0.234621970,-0.000267471,0.165607522,0.010457074,-0.000000740,-0.010351950,-0.000001346,0.003604140,0.000004109,-0.002543976,-1.021100523,0.000072253,1.010835580,0.000131438,-0.351932954,-0.000401207,0.248411283,-0.536237569,-0.059211745,0.170659048,0.014613286,0.389104765,0.350396377,0.055769855
0.650000000,0,0.650000000,sample,0.216533225,0.000000283,0.216035384,0.216032097,0.000003286,3.286459300,0.000020540,1,1,1.500000000,0.080000000,1.500000000,0.005531335,0.003687556,0.003687556,0.026346989,0.026346989,-0.026346989,0.014355115,0.006001785,0.614409993,1,68.993050842,1,46.339925944,0.257252456,0.171690914,0.271172199,0.172879995,2.968847157,0.486359982,0.434849614,0.202921134,0.412459966,1.500000000,1.555673720,2.000000000,0.000000000,0.000000000,0.000000000,1.000000000,0.800372663,0.656453653,0.708717423,0.367551607,0.814494485,0.736293487,0.776357713,1,0,0,0.000000000,0.049711819,-0.203670734,0.149083176,-0.120454482,-0.015857098,0.121313808,0.295703959,12.121815844,0.014171817,-130.918165124,-0.114423258,142.886228312,44.839564266,-0.004985206,0.000668870,-0.000417971,-0.000579654,-0.000205322,0.000150555,0.003185315,-0.680734353,0.000054662,0.673891348,0.000087825,-0.234618836,-0.000268079,0.165605285,-0.002510246,0.000000202,0.002485012,0.000000324,-0.000865170,-0.000000989,0.000610679,-1.021101530,0.000081994,1.010837023,0.000131737,-0.351928254,-0.000402118,0.248407927,-0.349695103,-0.010801981,0.315241077,0.018602495,0.390681969,0.353108816,0.053252346
0.700000000,0,0.700000000,sample,0.216533356,0.000002621,0.216034365,0.216033396,0.000000969,0.968848609,0.000006055,0,0,1.500000000,0.080000000,0.000000000,0.000000000,0.015140865,0.000000000,0.028504430,0.028504430,-0.028504430,0.016050358,0.016298648,0.928964457,1,71.006688143,0,0.000000000,0.258100193,0.172456536,0.263654505,0.173821667,2.716737545,0.352595322,0.469638382,0.195068028,0.430695257,0.000000000,0.430716333,2.000000000,0.000000000,0.000000000,0.000000000,1.000000000,0.773560891,0.636499069,0.697370431,0.000000000,0.950151556,0.756416002,0.780599048,1,0,0,0.000000000,0.051865568,-0.201458315,0.152775063,-0.121129728,-0.016363175,0.121659740,0.291965954,12.122118922,0.017518347,-130.918276785,-0.114463953,142.886140886,44.839476094,-0.013734132,0.001180126,0.008655488,-0.000808179,0.000188949,-0.000142131,0.000018293,0.000000000,0.000000000,0.000000000,0.000000000,0.000000000,0.000000000,0.000000000,-0.010306892,0.000000954,0.010203273,0.000001330,-0.003552409,-0.000004060,0.002507462,0.000000000,0.000000000,0.000000000,0.000000000,0.000000000,0.000000000,0.000000000,-0.346922674,-0.022612013,0.297171113,0.000307141,0.387201197,0.352539191,0.054216796
0.750000000,0,0.750000000,sample,0.216533162,-0.000003885,0.216032334,0.216035004,0.000002671,2.670746902,0.000016692,1,1,1.500000000,0.080000000,1.500000000,-0.000305765,0.000203843,-0.000203843,0.024149691,0.024149691,-0.024149691,0.010393162,0.004768111,0.042751390,5,51.961892175,1,46.340029153,0.261565703,0.172781265,0.270828156,0.172974354,2.056637493,0.392482049,0.456808976,0.200099492,0.387580801,1.500000000,1.549262525,2.000000000,0.000000000,0.000000000,0.000000000,1.000000000,0.822308703,0.641210881,0.703660127,-0.369881849,0.822308703,0.736409088,0.782975740,1,0,0,0.000000000,0.048646114,-0.211014345,0.146707596,-0.122362801,-0.015598826,0.120985069,0.287515697,12.121598330,0.022726807,-130.918111908,-0.114241160,142.886228312,44.839266535,-0.002822797,0.001007153,-0.001294222,0.000422646,0.003437074,0.000170490,-0.000236986,0.680735111,-0.000075974,-0.673892603,-0.000087683,0.234614972,0.000267648,-0.165602532,-0.000138763,0.000000015,0.000137369,0.000000018,-0.000047825,-0.000000055,0.000033757,1.021102667,-0.000113962,-1.010838904,-0.000131525,0.351922457,0.000401472,-0.248403798,-0.369569830,0.002628983,0.294195150,-0.002327608,0.379566264,0.353327397,0.055513968
0.800000000,0,0.800000000,sample,0.216533223,0.000001222,0.216033841,0.216033642,0.000000198,0.198269432,0.000001239,0,0,1.500000000,0.080000000,0.000000000,0.000000000,0.021152580,0.000000000,0.029092641,0.029092641,-0.029092641,0.015182766,0.021910001,0.965430328,1,57.486961547,0,0.000000000,0.265281663,0.171909470,0.269906435,0.173059904,0.969590476,0.164086635,0.567847787,0.127425787,0.402746779,0.000000000,0.402797715,2.000000000,0.000000000,0.000000000,0.000000000,1.000000000,0.809938832,0.665713357,0.724372319,0.000000000,0.850942688,0.719266524,0.747834405,1,0,0,0.000000000,0.050223690,-0.212931522,0.150040356,-0.121647832,-0.016007827,0.120409387,0.292071967,12.121911553,0.018546943,-130.918165118,-0.113967438,142.886182434,44.838941147,0.016612197,-0.000134192,-0.014239979,0.000006884,0.001129865,0.000024818,0.000103887,0.000000000,0.000000000,0.000000000,0.000000000,0.000000000,0.000000000,0.000000000,0.014399281,-0.000001386,-0.014254531,-0.000001850,0.004962826,0.000005648,-0.003503002,0.000000000,0.000000000,0.000000000,0.000000000,0.000000000,0.000000000,0.000000000,-0.416840503,0.003602736,0.286380381,-0.004534775,0.376949257,0.351880218,0.054786448
0.850000000,0,0.850000000,sample,0.216532868,-0.000007099,0.216034971,0.216031787,0.000003184,3.184311728,0.000019902,1,1,1.500000000,0.080000000,1.500000000,-0.035824474,0.023882983,-0.023882983,0.029391378,0.029391378,-0.029391378,0.014975557,0.024331581,0.981563133,3,56.111354223,1,46.340049633,0.259092846,0.171288933,0.269085888,0.173793587,1.655714491,0.265079747,0.443652868,0.166104061,0.333916473,1.500000000,1.536734879,2.000000000,0.000000000,0.000000000,0.000000000,1.000000000,0.795395843,0.682183749,0.733202982,0.397186124,0.826223085,0.709332126,0.762646220,1,0,0,0.000000000,0.046640257,-0.209992594,0.144419181,-0.120814915,-0.015317574,0.120453422,0.296267563,12.121512765,0.014224600,-130.917877993,-0.113850734,142.886181685,44.838862153,0.015732085,-0.000010155,-0.018226182,0.000744798,0.003380590,0.000004556,-0.000591943,-0.680735262,0.000054696,0.673893411,0.000087383,-0.234613184,-0.000266731,0.165601169,0.016257989,-0.000001306,-0.016094585,-0.000002087,0.005603263,0.000006370,-0.003955050,-1.021102892,0.000082044,1.010840116,0.000131075,-0.351919775,-0.000400097,0.248401754,-0.434255210,-0.002893371,0.271218203,-0.006109748,0.384164970,0.353341756,0.054505874
0.900000000,0,0.900000000,sample,0.216532986,0.000002358,0.216035971,0.216031067,0.000004904,4.903986955,0.000030650,1,1,1.500000000,0.080000000,1.500000000,-0.011027065,0.007351377,-0.007351377,0.028621928,0.028621928,-0.028621928,0.017304670,0.007895951,0.931031242,1,52.441209336,1,46.339688759,0.276920152,0.169361971,0.276920152,0.173150685,0.564777608,0.114179952,0.569040734,0.136563382,0.392753123,1.500000000,1.550565893,2.000000000,0.000000000,0.000000000,0.000000000,1.000000000,0.757193856,0.715335738,0.747768740,0.383155608,1.037436864,0.716014357,0.749104666,1,0,0,0.000000000,0.049649461,-0.226237843,0.151776613,-0.120081656,-0.016112692,0.118339572,0.300592854,12.122241464,0.011806617,-130.917973700,-0.114216472,142.886208398,44.839000849,0.005717956,0.000915748,-0.004910306,0.000313616,0.000343254,0.002076481,-0.000416371,-0.680732611,0.000048728,0.673889251,0.000087669,-0.234626272,-0.000267603,0.165610447,0.005004322,-0.000000358,-0.004954014,-0.000000644,0.001724826,0.000001967,-0.001217465,-1.021098916,0.000073092,1.010833877,0.000131503,-0.351939408,-0.000401404,0.248415670,-0.490324655,-0.017069954,0.196875657,0.003432970,0.391376367,0.351836289,0.052080638
0.950000000,0,0.950000000,sample,0.216533244,0.000005164,0.216034402,0.216033121,0.000001281,1.280599561,0.000008004,1,1,1.500000000,0.080000000,1.500000000,0.012457959,0.008305306,0.008305306,0.019693035,0.019693035,-0.019693035,0.012384390,0.009193302,0.903408368,1,59.106121809,1,46.339878885,0.291283466,0.169393029,0.291283466,0.171452640,1.029254344,0.112572843,0.579803829,0.160013120,0.439505374,1.500000000,1.563065171,2.000000000,0.000000000,0.000000000,0.000000000,1.000000000,0.742110716,0.620329980,0.694124249,0.351137503,0.816810120,0.710334464,0.743518896,1,0,0,0.000000000,0.050336464,-0.244525366,0.150065463,-0.121207211,-0.015976091,0.117250052,0.297099915,12.121911553,0.017019723,-130.918179284,-0.114164259,142.886228312,44.839473863,-0.007067857,0.000497306,0.005608909,-0.001030598,0.000314028,0.000235029,-0.001280248,-0.680734007,0.000061724,0.673890803,0.000087627,-0.234620547,-0.000267474,0.165606500,-0.005653704,0.000000513,0.005596869,0.000000728,-0.001948595,-0.000002221,0.001375413,-1.021101011,0.000092587,1.010836204,0.000131440,-0.351930820,-0.000401211,0.248409749,-0.316226570,-0.047278476,0.322336685,0.006890768,0.384648383,0.353158806,0.054314199
1.000000000,0,1.000000000,sample,0.216533223,-0.000000422,0.216033612,0.216033864,0.000000252,0.251948646,0.000001575,0,0,1.500000000,0.080000000,0.000000000,0.000000000,0.008971071,0.000000000,0.021329466,0.021329466,-0.021329466,0.011493814,0.009731966,0.921814885,1,59.244944391,0,0.000000000,0.309748666,0.168076083,0.310299177,0.169626827,0.913274032,0.159567552,0.660674557,0.129636484,0.485057780,0.000000000,0.485068374,2.000000000,0.000000000,0.000000000,0.000000000,1.000000000,0.761343895,0.655445122,0.715324010,0.000000000,0.826112906,0.663583188,0.722710994,1,0,0,0.000000000,0.050216047,-0.266787749,0.149153886,-0.121776104,-0.015919547,0.114746322,0.297199837,12.121815844,0.019197926,-130.918165118,-0.113980611,142.886181685,44.839053007,0.007490766,0.000517782,-0.006093203,-0.000676756,-0.000688538,-0.000281938,0.000439078,0.000000000,0.000000000,0.000000000,0.000000000,0.000000000,0.000000000,0.000000000,0.006106917,-0.000000602,-0.006045528,-0.000000785,0.002104781,0.000002396,-0.001485656,0.000000000,0.000000000,0.000000000,0.000000000,0.000000000,0.000000000,0.000000000,-0.428116303,-0.018112372,0.238266318,0.003907334,0.378217707,0.353716291,0.055918320
1.051000000,0,1.051000000,sample,0.216533466,0.000004763,0.216034075,0.216033901,0.000000174,0.173568490,0.000001085,0,0,1.500000000,0.080000000,0.000000000,0.000000000,0.008656709,0.000000000,0.021241802,0.021241802,-0.021241802,0.014873822,0.008949538,0.967280037,3,64.945021031,0,0.000000000,0.298409509,0.169363548,0.313932457,0.169500148,1.327721118,0.115646413,0.659440178,0.148426728,0.484341390,0.000000000,0.484351860,2.000000000,0.000000000,0.000000000,0.000000000,1.000000000,0.747185563,0.617546725,0.690071756,0.000000000,0.815398161,0.717777599,0.755521188,1,0,0,0.000000000,0.052933705,-0.250879122,0.152662780,-0.121463534,-0.016457406,0.116875041,0.296107569,12.122023213,0.018636415,-130.918372487,-0.114295479,142.886053459,44.839791341,-0.005116458,0.000000859,0.007212296,-0.000545428,-0.000598844,-0.000390705,0.001044086,0.000000000,0.000000000,0.000000000,0.000000000,0.000000000,0.000000000,0.000000000,-0.005892915,0.000000569,0.005833672,0.000000759,-0.002031053,-0.000002318,0.001433616,0.000000000,0.000000000,0.000000000,0.000000000,0.000000000,0.000000000,0.000000000,-0.335209053,-0.040440020,0.293642469,0.011750271,0.382135620,0.356043801,0.055133798
1.101000000,0,1.101000000,sample,0.216533221,-0.000004912,0.216035506,0.216031954,0.000003552,3.552053555,0.000022200,1,1,1.500000000,0.080000000,1.500000000,-0.034714967,0.023143311,-0.023143311,0.023657872,0.023657872,-0.023657872,0.009241831,0.024288965,0.952832322,1,66.857173857,1,46.340036210,0.277887715,0.169829028,0.303079916,0.171327567,2.832566383,0.422813643,0.684600501,0.098238989,0.512336711,1.500000000,1.585096184,2.000000000,0.000000000,0.000000000,0.000000000,1.000000000,0.809564754,0.665057319,0.716909946,0.373536698,0.809564754,0.707300318,0.750793071,1,0,0,0.000000000,0.049386176,-0.230445903,0.147232041,-0.120617660,-0.015700689,0.118519059,0.299020718,12.121608474,0.013718325,-130.918165118,-0.113995528,142.886181685,44.839301224,0.019860173,0.000282674,-0.013942219,-0.000361579,0.000344890,0.000146711,-0.000889259,-0.680735163,0.000053458,0.673892555,0.000087495,-0.234614950,-0.000267073,0.165602552,0.015754466,-0.000001237,-0.015596105,-0.000002025,0.005429767,0.000006181,-0.003832591,-1.021102744,0.000080187,1.010838833,0.000131242,-0.351922426,-0.000400609,0.248403828,-0.422444296,0.002535700,0.246834358,0.007165096,0.381785552,0.354412267,0.056102187
1.151000000,0,1.151000000,sample,0.216533109,-0.000002223,0.216034243,0.216033021,0.000001222,1.222345593,0.000007640,1,1,1.500000000,0.080000000,1.500000000,0.005886367,0.003924245,0.003924245,0.023265278,0.023265278,-0.023265278,0.011824119,0.004466125,0.878668718,3,51.469224332,1,46.339808762,0.274816955,0.170518492,0.281676686,0.171617128,0.354940352,0.098946080,0.567302217,0.143750697,0.415284376,1.500000000,1.556426639,2.000000000,0.000000000,0.000000000,0.000000000,1.000000000,0.789554821,0.607074704,0.683419112,0.339735480,1.072395506,0.691189014,0.732869235,1,0,0,0.000000000,0.049677384,-0.224604735,0.150363657,-0.121090529,-0.015975490,0.118989174,0.294847292,12.122023213,0.017143204,-130.918069409,-0.114402794,142.886228312,44.839271685,-0.002825200,0.000388998,0.003204090,-0.000113575,-0.000160321,0.000334434,-0.001181760,-0.680733492,0.000062073,0.673890314,0.000087810,-0.234622505,-0.000268035,0.165607830,-0.002671365,0.000000244,0.002644510,0.000000345,-0.000920716,-0.000001052,0.000649886,-1.021100239,0.000093110,1.010835471,0.000131715,-0.351933758,-0.000402053,0.248411744,-0.302075303,-0.027187301,0.318417209,0.000708004,0.381231163,0.354046186,0.054745989
1.201000000,0,1.201000000,sample,0.216533380,0.000005420,0.216033931,0.216033850,0.000000082,0.081855777,0.000000512,0,0,1.500000000,0.080000000,0.000000000,0.000000000,0.009207363,0.000000000,0.024193841,0.024193841,-0.024193841,0.013441444,0.009982384,0.922361131,3,72.293430264,0,0.000000000,0.304547062,0.168257370,0.305566874,0.171302854,2.305974937,0.286669447,0.558181794,0.168053478,0.435511951,0.000000000,0.435526674,2.000000000,0.000000000,0.000000000,0.000000000,1.000000000,0.762323979,0.627563428,0.697415404,0.000000000,0.948719743,0.812644151,0.836100715,1,0,0,0.000000000,0.050934062,-0.260607683,0.149125013,-0.121620796,-0.015950560,0.115171629,0.297031393,12.121720135,0.018732598,-130.918293139,-0.114076644,142.886181685,44.838931611,0.005005419,0.000926542,-0.008487576,-0.000973202,0.000686439,-0.000200952,0.000487481,0.000000000,0.000000000,0.000000000,0.000000000,0.000000000,0.000000000,0.000000000,0.006267773,-0.000000608,-0.006204766,-0.000000806,0.002160204,0.000002461,-0.001524777,0.000000000,0.000000000,0.000000000,0.000000000,0.000000000,0.000000000,0.000000000,-0.365823133,-0.026826490,0.284643930,-0.000506824,0.377356388,0.354158976,0.054709896
1.251000000,0,1.251000000,sample,0.216532985,-0.000007918,0.216033136,0.216033887,0.000000752,0.751514787,0.000004697,0,0,1.500000000,0.080000000,0.000000000,0.000000000,0.003855829,0.000000000,0.019047465,0.019047465,-0.019047465,0.009856602,0.007608542,0.506776316,3,90.479943683,0,0.000000000,0.308022166,0.168335159,0.319017749,0.168930897,4.947547339,0.572470388,0.834712787,0.115755225,0.650260985,0.000000000,0.650248032,2.000000000,0.000000000,0.000000000,0.000000000,1.000000000,0.706018375,0.648107780,0.704053024,0.000000000,0.974491477,0.741004521,0.763412605,1,0,0,0.000000000,0.049552978,-0.264295473,0.150233352,-0.121788605,-0.016016505,0.115098797,0.296160353,12.122064004,0.019958172,-130.917973758,-0.114223281,142.886140886,44.839303043,0.001831406,0.000439190,0.007237318,0.000855653,-0.001084570,-0.000156848,-0.000176574,0.000000000,0.000000000,0.000000000,0.000000000,0.000000000,0.000000000,0.000000000,-0.002624791,0.000000266,0.002598406,0.000000338,-0.000904666,-0.000001032,0.000638556,0.000000000,0.000000000,0.000000000,0.000000000,0.000000000,0.000000000,0.000000000,-0.419342635,-0.045099811,0.204140896,0.017445446,0.382263704,0.356198935,0.053172846
1.301000000,0,1.301000000,sample,0.216533393,0.000008163,0.216034064,0.216033728,0.000000336,0.336441427,0.000002103,0,0,1.500000000,0.080000000,0.000000000,0.000000000,0.000130238,0.000000000,0.003284118,0.000000000,0.000000000,0.000000000,0.001359167,0.095822143,7,50.934803917,0,0.000000000,0.308369190,0.167855658,0.314248264,0.168646247,0.727510557,0.056607539,0.605051413,0.146790710,0.442121154,0.000000000,0.442120839,2.000000000,0.000000000,0.000000000,0.000000000,1.000000000,0.786241507,0.628616274,0.684735217,0.000000000,0.786241507,0.699879754,0.745253044,1,0,0,0.000000000,0.050095219,-0.265925322,0.147870719,-0.121558979,-0.015697091,0.114684515,0.297989988,12.121608474,0.018361878,-130.918292634,-0.114052535,142.886323024,44.839021790,-0.000525806,0.000528706,-0.000496957,-0.000246959,-0.000031087,-0.000203656,-0.000970019,0.000000000,0.000000000,0.000000000,0.000000000,0.000000000,0.000000000,0.000000000,0.000088658,-0.000000008,-0.000087767,-0.000000011,0.000030556,0.000000035,-0.000021568,0.000000000,0.000000000,0.000000000,0.000000000,0.000000000,0.000000000,0.000000000,-0.336539641,-0.016658623,0.278118929,-0.002662466,0.388169663,0.352842069,0.052871896
1.351000000,0,1.351000000,sample,0.216533364,-0.000000565,0.216034174,0.216033586,0.000000588,0.588229282,0.000003676,0,0,1.500000000,0.080000000,0.000000000,0.000000000,0.000329456,0.000000000,0.002660640,0.000000000,0.000000000,0.000000000,0.001785278,0.184540294,2,43.411163977,0,0.000000000,0.308779126,0.167629261,0.316837763,0.168131171,1.310045920,0.125631618,0.615902138,0.154537199,0.462166000,0.000000000,0.462165470,2.000000000,0.000000000,0.000000000,0.000000000,1.000000000,0.801411392,0.643127583,0.687451887,0.000000000,0.805688457,0.673403802,0.704337669,1,0,0,0.000000000,0.051238750,-0.264580658,0.150718993,-0.121378313,-0.016078241,0.114491766,0.298213843,12.121911553,0.018028806,-130.918276778,-0.114233092,142.886228312,44.838870985,-0.000478307,0.001176269,-0.000898480,-0.000827355,0.000091550,0.000214452,-0.000169344,0.000000000,0.000000000,0.000000000,0.000000000,0.000000000,0.000000000,0.000000000,0.000224272,-0.000000021,-0.000222017,-0.000000029,0.000077297,0.000000088,-0.000054560,0.000000000,0.000000000,0.000000000,0.000000000,0.000000000,0.000000000,0.000000000,-0.351122836,-0.007461188,0.253222239,0.002219553,0.395254876,0.355099001,0.052905905
1.401000000,0,1.401000000,sample,0.216533102,-0.000005256,0.216033895,0.216033340,0.000000555,0.554938933,0.000003468,0,0,1.500000000,0.080000000,0.000000000,0.000000000,0.000028642,0.000000000,0.002192263,0.000000000,0.000000000,0.000000000,0.000860579,0.033282511,7,32.741248871,0,0.000000000,0.309164537,0.167707382,0.313417536,0.168233511,0.492895945,0.080407741,0.595037685,0.153420615,0.415124272,0.000000000,0.415124544,2.000000000,0.000000000,0.000000000,0.000000000,1.000000000,0.789623197,0.649362180,0.692619704,0.000000000,0.797936754,0.649743902,0.693048782,1,0,0,0.000000000,0.049416010,-0.266865852,0.148065478,-0.121493802,-0.015808295,0.114521264,0.298421156,12.121760945,0.018046481,-130.918069410,-0.114049332,142.886140886,44.838978432,-0.000382679,0.000072232,-0.000444847,0.000377924,0.000058195,0.000048501,0.000492423,0.000000000,0.000000000,0.000000000,0.000000000,0.000000000,0.000000000,0.000000000,-0.000019498,0.000000002,0.000019302,0.000000003,-0.000006720,-0.000000008,0.000004743,0.000000000,0.000000000,0.000000000,0.000000000,0.000000000,0.000000000,0.000000000,-0.362282433,-0.011432118,0.247589623,-0.003160764,0.397979337,0.354615152,0.053784093
1.451000000,0,1.451000000,sample,0.216533216,0.000002278,0.216033968,0.216033498,0.000000470,0.469636109,0.000002935,0,0,1.500000000,0.080000000,0.000000000,0.000000000,0.000602687,0.000000000,0.001651602,0.000000000,0.000000000,0.000000000,0.001216147,0.495570902,4,29.023609393,0,0.000000000,0.309347544,0.167715074,0.312106333,0.168003128,0.743470847,0.098030827,0.634229106,0.150575513,0.468165233,0.000000000,0.468165540,2.000000000,0.000000000,0.000000000,0.000000000,1.000000000,0.809320843,0.653110520,0.691906469,0.000000000,0.821671934,0.658529918,0.697354493,1,0,0,0.000000000,0.050512649,-0.266196010,0.149278464,-0.121456685,-0.015999375,0.114545361,0.298213787,12.121815844,0.018187221,-130.918165118,-0.114157889,142.886100087,44.839019259,-0.000400226,0.000479191,0.000293099,-0.000655182,-0.000186117,-0.000500907,0.000537114,0.000000000,0.000000000,0.000000000,0.000000000,0.000000000,0.000000000,0.000000000,-0.000410270,0.000000039,0.000406146,0.000000053,-0.000141401,-0.000000161,0.000099808,0.000000000,0.000000000,0.000000000,0.000000000,0.000000000,0.000000000,0.000000000,-0.365035702,-0.003745760,0.234830247,0.006095526,0.399515242,0.357480377,0.053688165
1.501000000,0,1.501000000,sample,0.216533104,-0.000002238,0.216033916,0.216033340,0.000000576,0.576378876,0.000003602,0,0,1.500000000,0.080000000,0.000000000,0.000000000,0.000031970,0.000000000,0.001401967,0.000000000,0.000000000,0.000000000,0.001737233,0.018402695,2,44.291111554,0,0.000000000,0.311837482,0.167489783,0.312761459,0.168253361,0.880534525,0.062495032,0.667371901,0.144061467,0.481381773,0.000000000,0.481380112,2.000000000,0.000000000,0.000000000,0.000000000,1.000000000,0.788708653,0.647959351,0.686387313,0.000000000,0.828681586,0.651519189,0.691228658,1,0,0,0.000000000,0.050243707,-0.268450442,0.150507625,-0.121380406,-0.016071522,0.114286179,0.298612574,12.122023213,0.018046237,-130.918070983,-0.114234608,142.886140886,44.839082276,0.000804939,0.001156156,0.000526118,0.000282635,-0.000113174,-0.000040119,0.000813791,0.000000000,0.000000000,0.000000000,0.000000000,0.000000000,0.000000000,0.000000000,0.000021763,-0.000000002,-0.000021544,-0.000000003,0.000007501,0.000000009,-0.000005294,0.000000000,0.000000000,0.000000000,0.000000000,0.000000000,0.000000000,0.000000000,-0.349707037,-0.014519973,0.242616142,0.001410145,0.399677794,0.357027911,0.050456443
1.551000000,0,1.551000000,sample,0.216533105,0.000000035,0.216033906,0.216033325,0.000000581,0.580561094,0.000003629,0,0,1.500000000,0.080000000,0.000000000,0.000000000,0.000699094,0.000000000,0.001741819,0.000000000,0.000000000,0.000000000,0.001285510,0.543826369,1,68.523680937,0,0.000000000,0.308940255,0.167489493,0.310181127,0.168004661,0.698555272,0.088427779,0.647655519,0.139039411,0.460759563,0.000000000,0.460759953,2.000000000,0.000000000,0.000000000,0.000000000,1.000000000,0.803408596,0.653103091,0.690760428,0.000000000,0.941502736,0.669019585,0.696392640,1,0,0,0.000000000,0.048814603,-0.267507487,0.146632058,-0.121503400,-0.015620291,0.114217602,0.298530429,12.121613063,0.018005076,-130.918069409,-0.114022054,142.886181685,44.838722009,0.001064133,-0.000305337,0.000210345,-0.000352069,0.000201742,0.000210609,-0.000416741,0.000000000,0.000000000,0.000000000,0.000000000,0.000000000,0.000000000,0.000000000,0.000475898,-0.000000045,-0.000471114,-0.000000061,0.000164018,0.000000187,-0.000115772,0.000000000,0.000000000,0.000000000,0.000000000,0.000000000,0.000000000,0.000000000,-0.359017142,-0.006596448,0.245746609,-0.003699595,0.397680124,0.356551949,0.050292055
1.601000000,0,1.601000000,sample,0.216533102,-0.000000075,0.216033974,0.216033271,0.000000703,0.703114070,0.000004394,0,0,1.500000000,0.080000000,0.000000000,0.000000000,0.004209055,0.000000000,0.004209055,0.000000000,0.000000000,0.000000000,0.005680680,0.740942209,1,90.311048429,0,0.000000000,0.308754063,0.167360056,0.312036561,0.168065251,2.663172523,0.384021089,0.734052931,0.115661360,0.549729174,0.000000000,0.549722718,2.000000000,0.000000000,0.000000000,0.000000000,1.000000000,0.778737515,0.642602602,0.687850353,0.000000000,0.829933373,0.683146276,0.708733789,1,0,0,0.000000000,0.049871821,-0.265524101,0.149461783,-0.121345059,-0.015958716,0.114149395,0.298488210,12.121911553,0.017863244,-130.918069409,-0.114232592,142.886140886,44.838640716,0.005398471,0.000228638,-0.000375328,0.000328778,0.000013515,0.000078365,-0.001679009,0.000000000,0.000000000,0.000000000,0.000000000,0.000000000,0.000000000,0.000000000,0.002865247,-0.000000269,-0.002836445,-0.000000369,0.000987529,0.000001126,-0.000697046,0.000000000,0.000000000,0.000000000,0.000000000,0.000000000,0.000000000,0.000000000,-0.354398201,-0.022197763,0.231959194,0.018610580,0.399441477,0.361199602,0.053639668
1.651000000,0,1.651000000,sample,0.216533105,0.000000075,0.216033961,0.216033278,0.000000683,0.682923480,0.000004268,0,0,1.500000000,0.080000000,0.000000000,0.000000000,0.000598879,0.000000000,0.003781433,0.000000000,0.000000000,0.000000000,0.000831327,0.720389430,7,33.899477635,0,0.000000000,0.307367359,0.167645145,0.311172029,0.168043699,0.090381481,0.045709678,0.618373377,0.141040088,0.439526562,0.000000000,0.439526485,2.000000000,0.000000000,0.000000000,0.000000000,1.000000000,0.821922339,0.631916013,0.676374215,0.000000000,0.841979938,0.666890118,0.701809401,1,0,0,0.000000000,0.049130065,-0.265081019,0.147624468,-0.121452432,-0.015726453,0.114485284,0.298421156,12.121720135,0.017863188,-130.918069409,-0.114056023,142.886181935,44.838768720,0.000480282,0.000217916,-0.000351733,0.000091755,-0.000192895,0.000096548,-0.000484025,0.000000000,0.000000000,0.000000000,0.000000000,0.000000000,0.000000000,0.000000000,0.000407678,-0.000000038,-0.000403580,-0.000000052,0.000140507,0.000000160,-0.000099177,0.000000000,0.000000000,0.000000000,0.000000000,0.000000000,0.000000000,0.000000000,-0.332797603,-0.001993292,0.238496884,-0.000091574,0.398794702,0.357644988,0.053813917
1.701000000,0,1.701000000,sample,0.216533105,-0.000000000,0.216033972,0.216033289,0.000000682,0.682466909,0.000004265,0,0,1.500000000,0.080000000,0.000000000,0.000000000,0.000281071,0.000000000,0.001309017,0.000000000,0.000000000,0.000000000,0.001496982,0.187758288,7,61.216602528,0,0.000000000,0.309334047,0.167659674,0.312736368,0.167965786,0.711235051,0.042595380,0.584176618,0.144404609,0.408263139,0.000000000,0.408263646,2.000000000,0.000000000,0.000000000,0.000000000,1.000000000,0.948633055,0.659186632,0.685506234,0.000000000,0.987761989,0.665690136,0.687230885,1,0,0,0.000000000,0.050194896,-0.265366074,0.150827290,-0.121452851,-0.016072119,0.114458107,0.298452040,12.122065515,0.017863188,-130.918069409,-0.114051750,142.886181685,44.838768645,-0.000466182,-0.000195415,-0.000607095,0.000493582,-0.000019801,0.000032029,-0.001171254,0.000000000,0.000000000,0.000000000,0.000000000,0.000000000,0.000000000,0.000000000,0.000191334,-0.000000018,-0.000189411,-0.000000025,0.000065946,0.000000075,-0.000046548,0.000000000,0.000000000,0.000000000,0.000000000,0.000000000,0.000000000,0.000000000,-0.358936414,0.062899405,0.223955586,-0.029078173,0.397919239,0.353257156,0.054727767
1.751000000,0,1.751000000,sample,0.216532992,-0.000002265,0.216033817,0.216033196,0.000000621,0.620773371,0.000003880,0,0,1.500000000,0.080000000,0.000000000,0.000000000,0.000024024,0.000000000,0.001592940,0.000000000,0.000000000,0.000000000,0.000996241,0.024114848,4,79.657219414,0,0.000000000,0.306889026,0.167727584,0.310690419,0.168047871,0.573592698,0.064154143,0.613426680,0.141629164,0.423550339,0.000000000,0.423550028,2.000000000,0.000000000,0.000000000,0.000000000,1.000000000,0.891409436,0.653111463,0.678229236,0.000000000,0.950019049,0.667138528,0.686048478,1,0,0,0.000000000,0.048178046,-0.265097483,0.146911792,-0.121451280,-0.015584009,0.114626645,0.298325968,12.121720135,0.017958897,-130.917973702,-0.114092308,142.886228312,44.838937661,0.000260684,0.000062482,0.000186475,0.000889154,-0.000294705,0.000082596,0.000039939,0.000000000,0.000000000,0.000000000,0.000000000,0.000000000,0.000000000,0.000000000,-0.000016354,0.000000002,0.000016190,0.000000002,-0.000005636,-0.000000006,0.000003979,0.000000000,0.000000000,0.000000000,0.000000000,0.000000000,0.000000000,0.000000000,-0.352385180,0.040084464,0.222056634,-0.023090970,0.398614102,0.350507121,0.051205773
1.801000000,0,1.801000000,sample,0.216533102,0.000002190,0.216034000,0.216033233,0.000000767,0.766602197,0.000004791,0,0,1.500000000,0.080000000,0.000000000,0.000000000,0.000853017,0.000000000,0.001411440,0.000000000,0.000000000,0.000000000,0.002214277,0.385234710,7,61.090736160,0,0.000000000,0.305678302,0.167700342,0.311493066,0.168063096,0.642974334,0.095496039,0.583150718,0.136076700,0.410081454,0.000000000,0.410081300,2.000000000,0.000000000,0.000000000,0.000000000,1.000000000,0.756111042,0.637143997,0.680256091,0.000000000,0.870058093,0.649263771,0.681590909,1,0,0,0.000000000,0.049270466,-0.263058884,0.147687742,-0.121396057,-0.015767103,0.114620245,0.298325950,12.121720193,0.017751528,-130.918069429,-0.114110383,142.886140886,44.838742644,0.000194977,-0.001041542,-0.000759320,0.000016534,-0.000332462,-0.000312304,-0.001730692,0.000000000,0.000000000,0.000000000,0.000000000,0.000000000,0.000000000,0.000000000,0.000580678,-0.000000054,-0.000574841,-0.000000075,0.000200132,0.000000228,-0.000141263,0.000000000,0.000000000,0.000000000,0.000000000,0.000000000,0.000000000,0.000000000,-0.353622396,-0.027391406,0.219407127,0.012075870,0.398409082,0.356640429,0.052361766
1.851000000,0,1.851000000,sample,0.216533102,-0.000000001,0.216034005,0.216033240,0.000000765,0.765068338,0.000004782,0,0,1.500000000,0.080000000,0.000000000,0.000000000,0.000452559,0.000000000,0.004416505,0.000000000,0.000000000,0.000000000,0.001129257,0.400758378,3,46.516417855,0,0.000000000,0.307936443,0.167780778,0.310316029,0.168121793,0.497607174,0.044403973,0.593752547,0.147622506,0.415237373,0.000000000,0.415237751,2.000000000,0.000000000,0.000000000,0.000000000,1.000000000,0.774568843,0.624168430,0.676404810,0.000000000,0.789893500,0.663816626,0.702317018,1,0,0,0.000000000,0.049867016,-0.264573716,0.149461978,-0.121402387,-0.015958133,0.114704787,0.298488210,12.121911555,0.017751528,-130.918069409,-0.114096850,142.886140886,44.838978432,0.000050412,0.000310032,-0.000770187,0.000675166,-0.000315139,-0.000046028,0.000161532,0.000000000,0.000000000,0.000000000,0.000000000,0.000000000,0.000000000,0.000000000,0.000308072,-0.000000029,-0.000304976,-0.000000040,0.000106180,0.000000121,-0.000074947,0.000000000,0.000000000,0.000000000,0.000000000,0.000000000,0.000000000,0.000000000,-0.328445238,-0.024824260,0.247719660,0.000920186,0.397183942,0.356336424,0.054169558
1.901000000,0,1.901000000,sample,0.216533123,0.000000423,0.216034058,0.216033215,0.000000843,0.843024282,0.000005269,0,0,1.500000000,0.080000000,0.000000000,0.000000000,0.000346213,0.000000000,0.001310543,0.000000000,0.000000000,0.000000000,0.001921743,0.180155898,3,46.242156054,0,0.000000000,0.304896499,0.167788160,0.309711822,0.168015689,1.365009978,0.164948225,0.542016005,0.158663494,0.369564329,0.000000000,0.369564035,2.000000000,0.000000000,0.000000000,0.000000000,1.000000000,0.787215650,0.638155710,0.679099028,0.000000000,0.794458910,0.643333765,0.682663230,1,0,0,0.000000000,0.049232826,-0.262135544,0.147725963,-0.121323353,-0.015740149,0.114829257,0.298335861,12.121720806,0.017655819,-130.918083575,-0.114197451,142.886181685,44.838937633,-0.000750753,-0.001104358,-0.001306816,0.000245305,0.000112989,0.000195053,0.000301840,0.000000000,0.000000000,0.000000000,0.000000000,0.000000000,0.000000000,0.000000000,0.000235679,-0.000000022,-0.000233310,-0.000000030,0.000081228,0.000000093,-0.000057334,0.000000000,0.000000000,0.000000000,0.000000000,0.000000000,0.000000000,0.000000000,-0.352105844,-0.013437860,0.219649295,0.004231483,0.398501060,0.356654867,0.052410694
1.951000000,0,1.951000000,sample,0.216533223,0.000002004,0.216034076,0.216033394,0.000000682,0.682093170,0.000004263,0,0,1.500000000,0.080000000,0.000000000,0.000000000,0.000837054,0.000000000,0.001698326,0.000000000,0.000000000,0.000000000,0.001756414,0.476569812,2,53.358642535,0,0.000000000,0.308569664,0.167737801,0.311742932,0.168043064,0.714651343,0.089494402,0.604790312,0.145378513,0.412398662,0.000000000,0.412398722,2.000000000,0.000000000,0.000000000,0.000000000,1.000000000,0.777725726,0.640483404,0.684164313,0.000000000,0.810458171,0.642943190,0.684933656,1,0,0,0.000000000,0.049917338,-0.265970804,0.148266748,-0.121455289,-0.015822073,0.114604732,0.298516865,12.121720135,0.017863188,-130.918165124,-0.114049325,142.886181685,44.838978432,0.000819031,-0.001283008,-0.000578219,-0.000139729,-0.000125518,0.000399766,0.000488508,0.000000000,0.000000000,0.000000000,0.000000000,0.000000000,0.000000000,0.000000000,0.000569812,-0.000000053,-0.000564084,-0.000000073,0.000196387,0.000000224,-0.000138619,0.000000000,0.000000000,0.000000000,0.000000000,0.000000000,0.000000000,0.000000000,-0.360630255,-0.018722314,0.217915220,0.003329254,0.398923564,0.358004909,0.053576584
2.001000000,0,2.001000000,sample,0.216533382,0.000003175,0.216034170,0.216033616,0.000000554,0.553845691,0.000003462,0,0,1.500000000,0.080000000,0.000000000,0.000000000,0.000249628,0.000000000,0.005499096,0.000000000,0.000000000,0.000000000,0.001095020,0.227966463,3,47.837105255,0,0.000000000,0.308373680,0.167733815,0.310230923,0.168030985,0.551065390,0.104293841,0.639111467,0.137350614,0.457872986,0.000000000,0.457872921,2.000000000,0.000000000,0.000000000,0.000000000,1.000000000,0.772517405,0.681043560,0.709658807,0.000000000,0.785904519,0.681043560,0.709658807,1,0,0,0.000000000,0.051141773,-0.264978120,0.149216089,-0.121469992,-0.015995418,0.114559243,0.298214456,12.121720191,0.018054606,-130.918297337,-0.114090301,142.886140886,44.838850206,0.000252567,-0.000105856,0.000757364,0.000025788,-0.000130380,-0.000112481,-0.000721220,0.000000000,0.000000000,0.000000000,0.000000000,0.000000000,0.000000000,0.000000000,-0.000169930,0.000000016,0.000168222,0.000000022,-0.000058567,-0.000000067,0.000041339,0.000000000,0.000000000,0.000000000,0.000000000,0.000000000,0.000000000,0.000000000,-0.436018730,-0.014057151,0.152699836,0.000975200,0.400739495,0.355970289,0.051773585
2.051000000,0,2.051000000,sample,0.216533158,-0.000004481,0.216034024,0.216033337,0.000000687,0.686838881,0.000004293,0,0,1.500000000,0.080000000,0.000000000,0.000000000,0.000234286,0.000000000,0.004047877,0.000000000,0.000000000,0.000000000,0.002292058,0.102216346,7,48.468801791,0,0.000000000,0.308598599,0.167593279,0.311557684,0.168085445,0.443122635,0.147465084,0.631279435,0.131261249,0.453144140,0.000000000,0.453142528,2.000000000,0.000000000,0.000000000,0.000000000,1.000000000,0.770548613,0.629612825,0.674531236,0.000000000,0.801795616,0.679930964,0.708889244,1,0,0,0.000000000,0.050404548,-0.264530333,0.150718877,-0.121430090,-0.016071639,0.114385064,0.298366138,12.122023213,0.017863188,-130.918111908,-0.114090149,142.886182434,44.838640383,0.000333323,0.001141194,0.000187280,0.000945743,-0.000556565,0.000233472,-0.001595720,0.000000000,0.000000000,0.000000000,0.000000000,0.000000000,0.000000000,0.000000000,0.000159486,-0.000000015,-0.000157883,-0.000000021,0.000054969,0.000000063,-0.000038800,0.000000000,0.000000000,0.000000000,0.000000000,0.000000000,0.000000000,0.000000000,-0.329234180,-0.024966523,0.241322602,0.007417945,0.397327661,0.356726077,0.050591774
2.101000000,0,2.101000000,sample,0.216533360,0.000004050,0.216034186,0.216033555,0.000000631,0.631284993,0.000003946,0,0,1.500000000,0.080000000,0.000000000,0.000000000,0.000223926,0.000000000,0.001433642,0.000000000,0.000000000,0.000000000,0.000808901,0.276827382,4,62.821917723,0,0.000000000,0.308235252,0.167607339,0.312139015,0.168075615,0.275134857,0.032866052,0.626295652,0.142904859,0.448817539,0.000000000,0.448817686,2.000000000,0.000000000,0.000000000,0.000000000,1.000000000,0.791146822,0.641029998,0.681281439,0.000000000,0.830212651,0.642174838,0.681551497,1,0,0,0.000000000,0.050823644,-0.264991220,0.149015373,-0.121392782,-0.015933604,0.114464549,0.298326123,12.121720137,0.017958897,-130.918276778,-0.114186044,142.886181685,44.838850206,0.000017407,-0.000242557,0.000244532,-0.000641137,-0.000307916,0.000171675,-0.000006867,0.000000000,0.000000000,0.000000000,0.000000000,0.000000000,0.000000000,0.000000000,-0.000152434,0.000000014,0.000150902,0.000000020,-0.000052537,-0.000000060,0.000037083,0.000000000,0.000000000,0.000000000,0.000000000,0.000000000,0.000000000,0.000000000,-0.354872270,-0.012059048,0.221265739,0.001952283,0.398502442,0.357200463,0.052018694
2.151000000,0,2.151000000,sample,0.216533340,-0.000000399,0.216034160,0.216033544,0.000000616,0.616379370,0.000003852,0,0,1.500000000,0.080000000,0.000000000,0.000000000,0.000094337,0.000000000,0.004295688,0.000000000,0.000000000,0.000000000,0.001232554,0.076538032,1,27.743360664,0,0.000000000,0.309110817,0.167732331,0.311572991,0.168034658,0.549710610,0.037986790,0.640224658,0.142531069,0.454240786,0.000000000,0.454241287,2.000000000,0.000000000,0.000000000,0.000000000,1.000000000,0.793072156,0.636359813,0.677020661,0.000000000,0.813505035,0.672771636,0.701456196,1,0,0,0.000000000,0.050871891,-0.266014395,0.148989561,-0.121470330,-0.015961556,0.114561436,0.298422664,12.121720137,0.017958897,-130.918263624,-0.114056280,142.886140886,44.838939882,0.000649210,-0.000569935,0.000335612,-0.000616367,-0.000184849,0.000152306,0.000472205,0.000000000,0.000000000,0.000000000,0.000000000,0.000000000,0.000000000,0.000000000,0.000064219,-0.000000006,-0.000063573,-0.000000008,0.000022133,0.000000025,-0.000015623,0.000000000,0.000000000,0.000000000,0.000000000,0.000000000,0.000000000,0.000000000,-0.351974251,-0.011236805,0.211989691,0.006511852,0.398394323,0.357615925,0.052493969
2.201000000,0,2.201000000,sample,0.216533223,-0.000002345,0.216034048,0.216033432,0.000000616,0.616030050,0.000003850,0,0,1.500000000,0.080000000,0.000000000,0.000000000,0.000436087,0.000000000,0.001455859,0.000000000,0.000000000,0.000000000,0.001034306,0.421622952,1,53.583314372,0,0.000000000,0.307733902,0.167868006,0.312426257,0.167972598,0.682095903,0.080946756,0.584476070,0.150385562,0.401937921,0.000000000,0.401938238,2.000000000,0.000000000,0.000000000,0.000000000,1.000000000,0.767174182,0.638547577,0.681548120,0.000000000,0.808996729,0.639405288,0.681999807,1,0,0,0.000000000,0.050327832,-0.264210769,0.149532381,-0.121472910,-0.015958568,0.114757675,0.298227350,12.121856635,0.017958897,-130.918165124,-0.114052253,142.886181685,44.838937633,-0.000757119,-0.000433788,-0.000061720,0.000380486,0.000078155,0.000374352,-0.000116455,0.000000000,0.000000000,0.000000000,0.000000000,0.000000000,0.000000000,0.000000000,-0.000296860,0.000000028,0.000293875,0.000000038,-0.000102315,-0.000000117,0.000072219,0.000000000,0.000000000,0.000000000,0.000000000,0.000000000,0.000000000,0.000000000,-0.353448750,-0.023885209,0.222392747,0.007062195,0.398491389,0.357766339,0.052065042
2.251000000,0,2.251000000,sample,0.216533227,0.000000086,0.216034095,0.216033389,0.000000705,0.705461742,0.000004409,0,0,1.500000000,0.080000000,0.000000000,0.000000000,0.000438337,0.000000000,0.001582621,0.000000000,0.000000000,0.000000000,0.001142759,0.383577913,7,30.669812128,0,0.000000000,0.306784588,0.167548373,0.311735056,0.168022224,0.554387672,0.025409894,0.606098391,0.146538346,0.437430515,0.000000000,0.437430327,2.000000000,0.000000000,0.000000000,0.000000000,1.000000000,0.790396663,0.642264274,0.682184272,0.000000000,0.798974915,0.648697433,0.685669015,1,0,0,0.000000000,0.050067745,-0.263337581,0.149208990,-0.121333387,-0.015884409,0.114448033,0.298254653,12.121829460,0.017863188,-130.918165118,-0.114252682,142.886228321,44.838721981,-0.000123894,0.000237009,-0.000609418,-0.000561113,0.000030058,0.000383036,-0.000632864,0.000000000,0.000000000,0.000000000,0.000000000,0.000000000,0.000000000,0.000000000,0.000298391,-0.000000028,-0.000295392,-0.000000038,0.000102842,0.000000117,-0.000072591,0.000000000,0.000000000,0.000000000,0.000000000,0.000000000,0.000000000,0.000000000,-0.356212918,-0.012749644,0.217487401,0.006088477,0.400071128,0.357967826,0.052815468
2.301000000,0,2.301000000,sample,0.216533102,-0.000002512,0.216033928,0.216033311,0.000000617,0.616767763,0.000003855,0,0,1.500000000,0.080000000,0.000000000,0.000000000,0.000016300,0.000000000,0.002030371,0.000000000,0.000000000,0.000000000,0.000855874,0.019045371,7,67.130832323,0,0.000000000,0.309229549,0.167704381,0.311237909,0.168009908,0.376205233,0.068913150,0.602729832,0.151467590,0.417639050,0.000000000,0.417639183,2.000000000,0.000000000,0.000000000,0.000000000,1.000000000,0.782943704,0.636740054,0.680399246,0.000000000,0.813385041,0.642527164,0.681711973,1,0,0,0.000000000,0.049583591,-0.266627070,0.148574517,-0.121469629,-0.015863024,0.114534943,0.298488216,12.121815844,0.017958878,-130.918069409,-0.114058368,142.886140886,44.838980681,-0.000069305,-0.000288182,-0.000264513,0.000285434,0.000005761,0.000038057,0.000701246,0.000000000,0.000000000,0.000000000,0.000000000,0.000000000,0.000000000,0.000000000,0.000011096,-0.000000001,-0.000010985,-0.000000001,0.000003824,0.000000004,-0.000002699,0.000000000,0.000000000,0.000000000,0.000000000,0.000000000,0.000000000,0.000000000,-0.356877626,-0.017299473,0.209641735,-0.000176756,0.399737775,0.358715578,0.053529230
2.351000000,0,2.351000000,sample,0.216533110,0.000000161,0.216033936,0.216033315,0.000000620,0.620460988,0.000003878,0,0,1.500000000,0.080000000,0.000000000,0.000000000,0.000527290,0.000000000,0.001127654,0.000000000,0.000000000,0.000000000,0.001255965,0.419828515,7,33.633167193,0,0.000000000,0.307220523,0.167680606,0.311132259,0.167981770,0.227751921,0.043904439,0.611805015,0.141615644,0.433460576,0.000000000,0.433460645,2.000000000,0.000000000,0.000000000,0.000000000,1.000000000,0.796244479,0.639391697,0.681541193,0.000000000,0.805207786,0.642661750,0.684292098,1,0,0,0.000000000,0.049250440,-0.264431643,0.148441066,-0.121451864,-0.015775724,0.114531030,0.298254540,12.121815844,0.017958897,-130.918069409,-0.114090042,142.886228312,44.838768608,-0.000538503,0.000521980,0.000315698,0.000217056,-0.000292698,0.000502000,-0.000728386,0.000000000,0.000000000,0.000000000,0.000000000,0.000000000,0.000000000,0.000000000,-0.000358944,0.000000034,0.000355336,0.000000046,-0.000123712,-0.000000141,0.000087322,0.000000000,0.000000000,0.000000000,0.000000000,0.000000000,0.000000000,0.000000000,-0.356542051,-0.010351443,0.217930995,-0.005055452,0.398992148,0.357402228,0.053089055
2.401000000,0,2.401000000,sample,0.216533353,0.000004860,0.216034221,0.216033515,0.000000706,0.706202257,0.000004414,0,0,1.500000000,0.080000000,0.000000000,0.000000000,0.000661983,0.000000000,0.001427970,0.000000000,0.000000000,0.000000000,0.001799783,0.367812633,7,40.560983824,0,0.000000000,0.308937714,0.167460153,0.311518103,0.168080442,0.920523024,0.069768365,0.599069740,0.148993177,0.442764705,0.000000000,0.442763764,2.000000000,0.000000000,0.000000000,0.000000000,1.000000000,0.778073882,0.639210667,0.684435973,0.000000000,0.821481996,0.642860678,0.684435973,1,0,0,0.000000000,0.051418515,-0.265123499,0.150027256,-0.121326712,-0.016110735,0.114294252,0.298449026,12.121815850,0.017863188,-130.918276778,-0.114260744,142.886100115,44.838768636,-0.000372116,-0.000004155,-0.000996094,-0.000769056,0.000231224,-0.000386984,-0.001146237,0.000000000,0.000000000,0.000000000,0.000000000,0.000000000,0.000000000,0.000000000,0.000450635,-0.000000042,-0.000446105,-0.000000058,0.000155313,0.000000177,-0.000109628,0.000000000,0.000000000,0.000000000,0.000000000,0.000000000,0.000000000,0.000000000,-0.368040192,-0.017615583,0.202940849,0.005987869,0.399929471,0.358333334,0.055870448
2.451000000,0,2.451000000,sample,0.216532988,-0.000007296,0.216033776,0.216033231,0.000000545,0.545375330,0.000003409,0,0,1.500000000,0.080000000,0.000000000,0.000000000,0.000492496,0.000000000,0.001314487,0.000000000,0.000000000,0.000000000,0.001947124,0.252934879,1,42.070972475,0,0.000000000,0.309404857,0.167597823,0.311581970,0.168036780,1.373046732,0.175373584,0.648983375,0.133887221,0.451705614,0.000000000,0.451704506,2.000000000,0.000000000,0.000000000,0.000000000,1.000000000,0.790568241,0.639453574,0.681106893,0.000000000,0.806478599,0.640552563,0.684038347,1,0,0,0.000000000,0.048397310,-0.267872826,0.147082340,-0.121517935,-0.015642119,0.114357972,0.298516867,12.121730849,0.018054606,-130.917973700,-0.114014280,142.886181685,44.838891005,0.001262947,-0.000962430,0.000744477,0.000466407,0.000106889,0.000226168,-0.000660022,0.000000000,0.000000000,0.000000000,0.000000000,0.000000000,0.000000000,0.000000000,0.000335259,-0.000000032,-0.000331889,-0.000000043,0.000115548,0.000000132,-0.000081559,0.000000000,0.000000000,0.000000000,0.000000000,0.000000000,0.000000000,0.000000000,-0.359079075,-0.012816341,0.211234982,-0.000688600,0.398895906,0.358157190,0.052814300
2.501000000,0,2.501000000,sample,0.216533219,0.000004628,0.216034040,0.216033424,0.000000616,0.615895046,0.000003849,0,0,1.500000000,0.080000000,0.000000000,0.000000000,0.000234032,0.000000000,0.001568601,0.000000000,0.000000000,0.000000000,0.001266316,0.184813186,7,50.322659641,0,0.000000000,0.309978928,0.167529425,0.310470981,0.167996660,0.441206466,0.103306674,0.637578673,0.136607412,0.458173053,0.000000000,0.458173395,2.000000000,0.000000000,0.000000000,0.000000000,1.000000000,0.798439884,0.643129821,0.682941764,0.000000000,0.813011533,0.644488443,0.682941764,1,0,0,0.000000000,0.050077164,-0.267537563,0.148333630,-0.121474146,-0.015864029,0.114273674,0.298585955,12.121720640,0.017958897,-130.918165118,-0.114051499,142.886140886,44.838811684,0.000476963,-0.000467256,0.000296090,-0.000478674,-0.000170221,-0.000070776,-0.000898305,0.000000000,0.000000000,0.000000000,0.000000000,0.000000000,0.000000000,0.000000000,0.000159314,-0.000000015,-0.000157712,-0.000000020,0.000054908,0.000000063,-0.000038757,0.000000000,0.000000000,0.000000000,0.000000000,0.000000000,0.000000000,0.000000000,-0.362368536,-0.007944725,0.214386889,-0.001013268,0.398334546,0.357261093,0.052599561
2.551000000,0,2.551000000,sample,0.216533102,-0.000002352,0.216033932,0.216033306,0.000000626,0.625900099,0.000003912,0,0,1.500000000,0.080000000,0.000000000,0.000000000,0.000308436,0.000000000,0.004240314,0.000000000,0.000000000,0.000000000,0.000733316,0.420605068,7,71.293422423,0,0.000000000,0.307816693,0.167961065,0.310959107,0.168012472,0.125918387,0.039048280,0.614103361,0.149954514,0.434539898,0.000000000,0.434539904,2.000000000,0.000000000,0.000000000,0.000000000,1.000000000,0.805177036,0.640537332,0.675645162,0.000000000,0.809262870,0.648999983,0.686177086,1,0,0,0.000000000,0.049574840,-0.264988806,0.148574508,-0.121467698,-0.015862376,0.114912588,0.298325466,12.121815844,0.017945334,-130.918069409,-0.114056048,142.886140895,44.839180484,-0.000202611,0.000270286,0.000054169,0.000138351,-0.000133987,-0.000015392,0.000619179,0.000000000,0.000000000,0.000000000,0.000000000,0.000000000,0.000000000,0.000000000,-0.000209963,0.000000020,0.000207853,0.000000027,-0.000072365,-0.000000082,0.000051079,0.000000000,0.000000000,0.000000000,0.000000000,0.000000000,0.000000000,0.000000000,-0.353594998,-0.003751533,0.207543000,-0.003686227,0.398842518,0.356013195,0.050442591
2.601000000,0,2.601000000,sample,0.216532985,-0.000002339,0.216033809,0.216033193,0.000000616,0.615759700,0.000003848,0,0,1.500000000,0.080000000,0.000000000,0.000000000,0.000451438,0.000000000,0.001820788,0.000000000,0.000000000,0.000000000,0.002049256,0.220293521,7,54.792780895,0,0.000000000,0.307803886,0.167482572,0.310693893,0.168059129,0.967964006,0.161476307,0.618855686,0.132897849,0.431006133,0.000000000,0.431005387,2.000000000,0.000000000,0.000000000,0.000000000,1.000000000,0.789316082,0.634024047,0.677489107,0.000000000,0.802650944,0.640617699,0.679031940,1,0,0,0.000000000,0.048508709,-0.266020299,0.147048761,-0.121477312,-0.015672938,0.114227990,0.298421156,12.121720135,0.017958897,-130.917974225,-0.114049239,142.886140886,44.838599584,0.000608457,-0.000412342,0.000287504,0.001112539,-0.000085673,-0.000174552,-0.001516904,0.000000000,0.000000000,0.000000000,0.000000000,0.000000000,0.000000000,0.000000000,0.000307309,-0.000000029,-0.000304220,-0.000000040,0.000105915,0.000000121,-0.000074760,0.000000000,0.000000000,0.000000000,0.000000000,0.000000000,0.000000000,0.000000000,-0.357763176,-0.011949248,0.205414722,-0.000604121,0.398051060,0.356803484,0.053900551
2.651000000,0,2.651000000,sample,0.216532980,-0.000000088,0.216033850,0.216033151,0.000000699,0.699135088,0.000004370,0,0,1.500000000,0.080000000,0.000000000,0.000000000,0.000122231,0.000000000,0.002836094,0.000000000,0.000000000,0.000000000,0.001244703,0.098200622,4,62.049007953,0,0.000000000,0.307611587,0.167509394,0.311255147,0.168103195,0.445630541,0.029818399,0.601401575,0.145941289,0.419505390,0.000000000,0.419505796,2.000000000,0.000000000,0.000000000,0.000000000,1.000000000,0.791095793,0.639639533,0.679977264,0.000000000,0.801770307,0.639639533,0.681348070,1,0,0,0.000000000,0.048944149,-0.265192195,0.147994793,-0.121366727,-0.015807838,0.114366197,0.298448208,12.121815844,0.017863188,-130.917973700,-0.114197395,142.886100087,44.838789449,-0.000169492,0.000275119,-0.000119351,0.000980467,0.000245007,-0.000213733,-0.000602990,0.000000000,0.000000000,0.000000000,0.000000000,0.000000000,0.000000000,0.000000000,0.000083207,-0.000000008,-0.000082370,-0.000000011,0.000028678,0.000000033,-0.000020242,0.000000000,0.000000000,0.000000000,0.000000000,0.000000000,0.000000000,0.000000000,-0.356147192,-0.012326794,0.211316084,-0.003477120,0.400201265,0.357463336,0.052617868
2.701000000,0,2.701000000,sample,0.216533380,0.000007984,0.216034274,0.216033506,0.000000768,0.767500373,0.000004797,0,0,1.500000000,0.080000000,0.000000000,0.000000000,0.000653409,0.000000000,0.001364851,0.000000000,0.000000000,0.000000000,0.001492743,0.437723580,7,77.169247828,0,0.000000000,0.306611303,0.167760339,0.311619381,0.168198621,0.326586386,0.043807979,0.607541751,0.142742997,0.438271327,0.000000000,0.438271250,2.000000000,0.000000000,0.000000000,0.000000000,1.000000000,0.811688094,0.645519886,0.681803285,0.000000000,0.811688094,0.647813599,0.684642388,1,0,0,0.000000000,0.050942700,-0.263017178,0.149121751,-0.121425424,-0.015949619,0.114651678,0.298327512,12.121720135,0.017741113,-130.918292615,-0.114056135,142.886181685,44.838721981,0.000062668,-0.000017720,-0.000521175,-0.000421779,0.000180276,0.000149904,-0.001311315,0.000000000,0.000000000,0.000000000,0.000000000,0.000000000,0.000000000,0.000000000,0.000444798,-0.000000041,-0.000440327,-0.000000057,0.000153301,0.000000175,-0.000108207,0.000000000,0.000000000,0.000000000,0.000000000,0.000000000,0.000000000,0.000000000,-0.362126029,-0.001901341,0.205735235,-0.001681424,0.400777130,0.357761487,0.052644469
2.751000000,0,2.751000000,sample,0.216533276,-0.000002075,0.216034106,0.216033483,0.000000624,0.623798259,0.000003899,0,0,1.500000000,0.080000000,0.000000000,0.000000000,0.000151238,0.000000000,0.001205054,0.000000000,0.000000000,0.000000000,0.000638986,0.236684735,5,28.394146502,0,0.000000000,0.308994608,0.167757378,0.312047825,0.168033650,0.272801530,0.052491049,0.631491737,0.141919894,0.454226769,0.000000000,0.454226697,2.000000000,0.000000000,0.000000000,0.000000000,1.000000000,0.797793836,0.645977418,0.683371573,0.000000000,0.822321326,0.651063760,0.686421565,1,0,0,0.000000000,0.051026783,-0.265047302,0.150412310,-0.121436617,-0.016100204,0.114614437,0.298325976,12.121911553,0.017957223,-130.918211130,-0.114110382,142.886140886,44.838937633,0.000152410,0.000313335,0.000274229,0.000097964,-0.000340491,-0.000287504,-0.000059196,0.000000000,0.000000000,0.000000000,0.000000000,0.000000000,0.000000000,0.000000000,-0.000102953,0.000000010,0.000101918,0.000000013,-0.000035484,-0.000000040,0.000025046,0.000000000,0.000000000,0.000000000,0.000000000,0.000000000,0.000000000,0.000000000,-0.361848157,-0.009258301,0.211549290,-0.000198139,0.400043578,0.358501424,0.051629686
2.801000000,0,2.801000000,sample,0.216532989,-0.000005727,0.216033922,0.216033093,0.000000829,0.828746354,0.000005180,0,0,1.500000000,0.080000000,0.000000000,0.000000000,0.001400544,0.000000000,0.001913172,0.000000000,0.000000000,0.000000000,0.002393379,0.585174249,3,42.739314657,0,0.000000000,0.304978771,0.167741980,0.310280993,0.168030878,0.999552191,0.064101831,0.564816053,0.146497782,0.389078474,0.000000000,0.389080113,2.000000000,0.000000000,0.000000000,0.000000000,1.000000000,0.775828987,0.643891258,0.681043585,0.000000000,0.802450789,0.648985231,0.685636282,1,0,0,0.000000000,0.048563047,-0.262290062,0.147843174,-0.121421000,-0.015708497,0.114662792,0.298341194,12.121815844,0.017649624,-130.917973719,-0.114034612,142.886199677,44.838640383,0.000094687,0.000317338,-0.001564679,0.001107019,0.000252662,0.000277649,-0.001343114,0.000000000,0.000000000,0.000000000,0.000000000,0.000000000,0.000000000,0.000000000,0.000953398,-0.000000089,-0.000943815,-0.000000123,0.000328594,0.000000374,-0.000231937,0.000000000,0.000000000,0.000000000,0.000000000,0.000000000,0.000000000,0.000000000,-0.355437269,-0.020949749,0.211952929,0.003575592,0.400378544,0.359648110,0.049590824
2.851000000,0,2.851000000,sample,0.216533105,0.000002319,0.216033970,0.216033274,0.000000696,0.695758687,0.000004348,0,0,1.500000000,0.080000000,0.000000000,0.000000000,0.000148920,0.000000000,0.001357031,0.000000000,0.000000000,0.000000000,0.001326363,0.112277274,7,75.362580145,0,0.000000000,0.308225888,0.167855046,0.311793470,0.167907259,0.378667421,0.099353880,0.600168508,0.154827891,0.415013048,0.000000000,0.415013267,2.000000000,0.000000000,0.000000000,0.000000000,1.000000000,0.791162022,0.638640665,0.680832363,0.000000000,0.805558224,0.650096044,0.683464806,1,0,0,0.000000000,0.049432365,-0.265517565,0.148526301,-0.121450879,-0.015823217,0.114780776,0.298488210,12.121817355,0.017843597,-130.918069409,-0.114049322,142.886181685,44.839106657,-0.000213374,0.000139412,-0.000289656,0.000393632,-0.000035099,0.000358312,0.001151437,0.000000000,0.000000000,0.000000000,0.000000000,0.000000000,0.000000000,0.000000000,-0.000101375,0.000000009,0.000100356,0.000000013,-0.000034940,-0.000000040,0.000024662,0.000000000,0.000000000,0.000000000,0.000000000,0.000000000,0.000000000,0.000000000,-0.358455874,-0.012921847,0.208155751,-0.001774504,0.400272620,0.358394136,0.053652833
2.901000000,0,2.901000000,sample,0.216533258,0.000003057,0.216034122,0.216033426,0.000000697,0.696616860,0.000004354,0,0,1.500000000,0.080000000,0.000000000,0.000000000,0.000390321,0.000000000,0.001587206,0.000000000,0.000000000,0.000000000,0.000921447,0.423595537,7,50.472812312,0,0.000000000,0.309296182,0.167805474,0.313250066,0.167969918,0.138189899,0.029296889,0.624431302,0.149163109,0.440977791,0.000000000,0.440977619,2.000000000,0.000000000,0.000000000,0.000000000,1.000000000,0.783205600,0.650989288,0.686896029,0.000000000,0.797724598,0.650989288,0.686955867,1,0,0,0.000000000,0.050621636,-0.266030763,0.149429619,-0.121468228,-0.015990340,0.114666715,0.298547935,12.121815844,0.017836772,-130.918196906,-0.114016528,142.886140886,44.839019231,0.000451987,0.000315203,-0.000263036,0.000205425,0.000058891,0.000044915,0.000654635,0.000000000,0.000000000,0.000000000,0.000000000,0.000000000,0.000000000,0.000000000,0.000265705,-0.000000025,-0.000263034,-0.000000034,0.000091577,0.000000104,-0.000064639,0.000000000,0.000000000,0.000000000,0.000000000,0.000000000,0.000000000,0.000000000,-0.371478699,-0.013391064,0.206376028,0.002693390,0.401058056,0.357045719,0.052181243
2.951000000,0,2.951000000,sample,0.216533105,-0.000003058,0.216034008,0.216033243,0.000000764,0.764424881,0.000004778,0,0,1.500000000,0.080000000,0.000000000,0.000000000,0.001388673,0.000000000,0.001388673,0.000000000,0.000000000,0.000000000,0.002042635,0.679844316,3,47.704925157,0,0.000000000,0.307681857,0.167657711,0.311935282,0.167968610,0.664078386,0.055013732,0.610252372,0.147677914,0.439381278,0.000000000,0.439380590,2.000000000,0.000000000,0.000000000,0.000000000,1.000000000,0.811951502,0.642326458,0.677917264,0.000000000,0.811951502,0.650525371,0.686821420,1,0,0,0.000000000,0.049715789,-0.264341059,0.149399699,-0.121406876,-0.015917789,0.114525553,0.298462370,12.121911553,0.017751510,-130.918069409,-0.114090819,142.886181685,44.838768609,0.000687334,0.001236228,-0.001410822,0.000345548,-0.000153183,0.000192485,-0.000036464,0.000000000,0.000000000,0.000000000,0.000000000,0.000000000,0.000000000,0.000000000,0.000945317,-0.000000088,-0.000935815,-0.000000122,0.000325811,0.000000371,-0.000229973,0.000000000,0.000000000,0.000000000,0.000000000,0.000000000,0.000000000,0.000000000,-0.356799860,-0.002118985,0.205156921,0.001282857,0.399252654,0.357963099,0.051282718
3.001000000,0,3.001000000,sample,0.216533219,0.000002278,0.216034044,0.216033433,0.000000612,0.611649644,0.000003823,0,0,1.500000000,0.080000000,0.000000000,0.000000000,0.000132960,0.000000000,0.001250318,0.000000000,0.000000000,0.000000000,0.000730813,0.181934873,7,92.272513850,0,0.000000000,0.308880646,0.167759281,0.312097273,0.168091274,0.116489184,0.049917408,0.622826567,0.142015487,0.444578881,0.000000000,0.444578901,2.000000000,0.000000000,0.000000000,0.000000000,1.000000000,0.773249740,0.641883440,0.685533524,0.000000000,0.811171495,0.643067351,0.685533524,1,0,0,0.000000000,0.050651878,-0.265161129,0.150104019,-0.121495390,-0.016054800,0.114561293,0.298326011,12.121911571,0.017958891,-130.918165118,-0.114014268,142.886140886,44.838809407,0.000105826,-0.000076451,0.000095961,-0.000111884,0.000039674,0.000030448,-0.000702009,0.000000000,0.000000000,0.000000000,0.000000000,0.000000000,0.000000000,0.000000000,0.000090511,-0.000000009,-0.000089601,-0.000000012,0.000031195,0.000000036,-0.000022019,0.000000000,0.000000000,0.000000000,0.000000000,0.000000000,0.000000000,0.000000000,-0.365293807,-0.021733488,0.209382707,0.007080150,0.399670827,0.359914590,0.053644881
3.051000000,0,3.051000000,sample,0.216533215,-0.000000075,0.216034084,0.216033406,0.000000678,0.678077853,0.000004238,0,0,1.500000000,0.080000000,0.000000000,0.000000000,0.000506726,0.000000000,0.001324910,0.000000000,0.000000000,0.000000000,0.001852276,0.273569645,2,78.023977913,0,0.000000000,0.310278159,0.167915433,0.311732995,0.168089892,1.108001257,0.125291420,0.657903359,0.150779066,0.492024867,0.000000000,0.492024025,2.000000000,0.000000000,0.000000000,0.000000000,1.000000000,0.801329230,0.641146267,0.681693841,0.000000000,0.811948993,0.644273506,0.685669232,1,0,0,0.000000000,0.051646921,-0.265110269,0.152714363,-0.121472573,-0.016369808,0.114769491,0.298421386,12.122186379,0.017863188,-130.918165118,-0.114014519,142.886100087,44.839019231,0.000569084,0.001636137,-0.000228464,-0.000244822,0.000171348,-0.000292134,0.000450875,0.000000000,0.000000000,0.000000000,0.000000000,0.000000000,0.000000000,0.000000000,0.000344945,-0.000000032,-0.000341478,-0.000000044,0.000118891,0.000000135,-0.000083919,0.000000000,0.000000000,0.000000000,0.000000000,0.000000000,0.000000000,0.000000000,-0.361808889,-0.007522053,0.208456019,0.005099450,0.398563699,0.358557195,0.053367021
3.101000000,0,3.101000000,sample,0.216533273,0.000001159,0.216034206,0.216033373,0.000000833,0.832883539,0.000005206,0,0,1.500000000,0.080000000,0.000000000,0.000000000,0.001050712,0.000000000,0.001468321,0.000000000,0.000000000,0.000000000,0.001813631,0.579341738,3,93.304930128,0,0.000000000,0.306166652,0.167811812,0.312133521,0.168076384,1.082501469,0.111696383,0.565276672,0.155472943,0.405150896,0.000000000,0.405150709,2.000000000,0.000000000,0.000000000,0.000000000,1.000000000,0.783835771,0.642966482,0.679975902,0.000000000,0.821557437,0.643645963,0.682019923,1,0,0,0.000000000,0.050877362,-0.262241778,0.149595329,-0.121374011,-0.016046100,0.114767923,0.298339029,12.121815844,0.017655819,-130.918212342,-0.114110276,142.886100087,44.838809407,-0.000198483,-0.000169890,-0.001751867,0.000030125,0.000012204,-0.000388172,-0.000015036,0.000000000,0.000000000,0.000000000,0.000000000,0.000000000,0.000000000,0.000000000,0.000715256,-0.000000067,-0.000708066,-0.000000092,0.000246516,0.000000281,-0.000174003,0.000000000,0.000000000,0.000000000,0.000000000,0.000000000,0.000000000,0.000000000,-0.356429403,-0.016341541,0.209669936,0.008874380,0.399187417,0.359391534,0.050051538
3.152000000,0,3.152000000,sample,0.216533246,-0.000000537,0.216034098,0.216033409,0.000000689,0.689202146,0.000004308,0,0,1.500000000,0.080000000,0.000000000,0.000000000,0.000661156,0.000000000,0.001335388,0.000000000,0.000000000,0.000000000,0.001554783,0.425239730,7,75.786835864,0,0.000000000,0.306490204,0.167624400,0.312110350,0.167944061,0.310692234,0.060716243,0.597549591,0.139835867,0.422728522,0.000000000,0.422728445,2.000000000,0.000000000,0.000000000,0.000000000,1.000000000,0.798536930,0.640704459,0.679297106,0.000000000,0.809007769,0.643436955,0.681155552,1,0,0,0.000000000,0.049495539,-0.264143682,0.147358583,-0.121419860,-0.015676870,0.114496256,0.298326117,12.121622072,0.017863188,-130.918179284,-0.114111025,142.886243147,44.838728727,0.000092953,-0.000306538,-0.000589259,-0.000178644,-0.000100093,0.000305863,-0.001353526,0.000000000,0.000000000,0.000000000,0.000000000,0.000000000,0.000000000,0.000000000,0.000450072,-0.000000042,-0.000445548,-0.000000058,0.000155117,0.000000177,-0.000109489,0.000000000,0.000000000,0.000000000,0.000000000,0.000000000,0.000000000,0.000000000,-0.356873575,-0.008971354,0.207404348,0.007248112,0.399530232,0.358558450,0.052418102
3.201000000,0,3.201000000,sample,0.216533110,-0.000002782,0.216033937,0.216033320,0.000000617,0.616828989,0.000003855,0,0,1.500000000,0.080000000,0.000000000,0.000000000,0.000480735,0.000000000,0.001418961,0.000000000,0.000000000,0.000000000,0.001466218,0.327874340,4,39.875225548,0,0.000000000,0.308378275,0.167872374,0.311375029,0.168091889,0.540559421,0.070454915,0.615270581,0.149661085,0.421131133,0.000000000,0.421131007,2.000000000,0.000000000,0.000000000,0.000000000,1.000000000,0.801538968,0.645035915,0.680763449,0.000000000,0.836239490,0.649312046,0.681061521,1,0,0,0.000000000,0.049549159,-0.265222584,0.149328572,-0.121490394,-0.015871161,0.114757677,0.298339029,12.121911553,0.017952869,-130.918069409,-0.114021803,142.886228315,44.839019231,-0.000121221,0.000380240,0.000386753,0.000925870,0.000003310,0.000534100,0.000835722,0.000000000,0.000000000,0.000000000,0.000000000,0.000000000,0.000000000,0.000000000,-0.000327253,0.000000031,0.000323963,0.000000042,-0.000112790,-0.000000128,0.000079613,0.000000000,0.000000000,0.000000000,0.000000000,0.000000000,0.000000000,0.000000000,-0.357960310,-0.007999352,0.208500303,0.011919839,0.399987013,0.359140811,0.051508341
3.251000000,0,3.251000000,sample,0.216533102,-0.000000161,0.216033956,0.216033269,0.000000688,0.687726111,0.000004298,0,0,1.500000000,0.080000000,0.000000000,0.000000000,0.000548768,0.000000000,0.001749145,0.000000000,0.000000000,0.000000000,0.001349495,0.406646625,2,42.617475687,0,0.000000000,0.306023793,0.167834739,0.311188749,0.168152614,0.906855655,0.087349992,0.576065555,0.148075088,0.392348019,0.000000000,0.392348615,2.000000000,0.000000000,0.000000000,0.000000000,1.000000000,0.787313515,0.640046475,0.679234559,0.000000000,0.816333929,0.644993599,0.680890901,1,0,0,0.000000000,0.048932064,-0.264101300,0.146651690,-0.121474217,-0.015655482,0.114749379,0.298325450,12.121608474,0.017849439,-130.918069409,-0.114015105,142.886140969,44.838891005,-0.000033372,-0.000880978,-0.000674338,0.000604866,0.000195616,-0.000019745,-0.000429710,0.000000000,0.000000000,0.000000000,0.000000000,0.000000000,0.000000000,0.000000000,0.000373565,-0.000000035,-0.000369810,-0.000000048,0.000128749,0.000000147,-0.000090877,0.000000000,0.000000000,0.000000000,0.000000000,0.000000000,0.000000000,0.000000000,-0.356625122,-0.014274172,0.207105508,0.010639324,0.399362676,0.358845421,0.052037347
3.301000000,0,3.301000000,sample,0.216533225,0.000002467,0.216034087,0.216033393,0.000000693,0.693294005,0.000004333,0,0,1.500000000,0.080000000,0.000000000,0.000000000,0.000363655,0.000000000,0.001538276,0.000000000,0.000000000,0.000000000,0.001511404,0.240607521,3,43.567678379,0,0.000000000,0.307492369,0.167837138,0.311712592,0.167915155,0.782166306,0.128943159,0.597932809,0.157694332,0.432426127,0.000000000,0.432425851,2.000000000,0.000000000,0.000000000,0.000000000,1.000000000,0.813882261,0.644221054,0.680826644,0.000000000,0.839876915,0.647855636,0.690961059,1,0,0,0.000000000,0.050120686,-0.264201864,0.149120249,-0.121416875,-0.015895128,0.114780628,0.298339011,12.121815844,0.017857160,-130.918165118,-0.114110282,142.886203847,44.839019231,-0.000191169,0.000448215,-0.000997614,-0.000287278,-0.000068600,-0.000054753,0.000980527,0.000000000,0.000000000,0.000000000,0.000000000,0.000000000,0.000000000,0.000000000,0.000247553,-0.000000023,-0.000245064,-0.000000032,0.000085320,0.000000097,-0.000060223,0.000000000,0.000000000,0.000000000,0.000000000,0.000000000,0.000000000,0.000000000,-0.361684574,-0.001567447,0.204245738,-0.000464296,0.399648703,0.358544193,0.052126490
3.351000000,0,3.351000000,sample,0.216533098,-0.000002542,0.216033928,0.216033298,0.000000630,0.630069932,0.000003938,0,0,1.500000000,0.080000000,0.000000000,0.000000000,0.000226929,0.000000000,0.001385216,0.000000000,0.000000000,0.000000000,0.001008769,0.224956582,4,46.382301368,0,0.000000000,0.307323834,0.167667355,0.311643851,0.168092993,0.527897006,0.050029849,0.611693944,0.145021036,0.425886394,0.000000000,0.425886427,2.000000000,0.000000000,0.000000000,0.000000000,1.000000000,0.802390315,0.640391909,0.680287664,0.000000000,0.879243299,0.645713591,0.681651370,1,0,0,0.000000000,0.049430103,-0.264905099,0.147749424,-0.121491184,-0.015808667,0.114465366,0.298325472,12.121720138,0.017932481,-130.918069409,-0.114015021,142.886100087,44.838687928,-0.000114384,-0.000257744,0.000416472,0.000687017,0.000287308,-0.000243680,-0.000388242,0.000000000,0.000000000,0.000000000,0.000000000,0.000000000,0.000000000,0.000000000,-0.000154479,0.000000015,0.000152926,0.000000020,-0.000053241,-0.000000061,0.000037580,0.000000000,0.000000000,0.000000000,0.000000000,0.000000000,0.000000000,0.000000000,-0.362906171,-0.006124898,0.201279073,-0.005684062,0.399867541,0.357439959,0.053384962
3.401000000,0,3.401000000,sample,0.216533219,0.000002427,0.216034048,0.216033429,0.000000618,0.618366609,0.000003865,0,0,1.500000000,0.080000000,0.000000000,0.000000000,0.000487207,0.000000000,0.001272891,0.000000000,0.000000000,0.000000000,0.001039297,0.468785075,1,53.332352954,0,0.000000000,0.309641075,0.167572899,0.310970077,0.167974429,0.519986581,0.095392879,0.644108612,0.137837672,0.464675918,0.000000000,0.464676092,2.000000000,0.000000000,0.000000000,0.000000000,1.000000000,0.783865815,0.642270884,0.682314274,0.000000000,0.800246526,0.645448594,0.684266793,1,0,0,0.000000000,0.050656426,-0.266045817,0.150103780,-0.121460371,-0.016054899,0.114325390,0.298427687,12.121911553,0.017958891,-130.918165118,-0.114072848,142.886140886,44.838721981,0.000758989,0.000015883,0.000168803,-0.000238816,-0.000089771,-0.000074267,-0.000636177,0.000000000,0.000000000,0.000000000,0.000000000,0.000000000,0.000000000,0.000000000,0.000331659,-0.000000031,-0.000328324,-0.000000043,0.000114309,0.000000130,-0.000080685,0.000000000,0.000000000,0.000000000,0.000000000,0.000000000,0.000000000,0.000000000,-0.356307514,-0.017410911,0.213705132,0.012140103,0.400137149,0.360074009,0.052098838
3.451000000,0,3.451000000,sample,0.216533109,-0.000002200,0.216033900,0.216033351,0.000000550,0.549721969,0.000003436,0,0,1.500000000,0.080000000,0.000000000,0.000000000,0.000819046,0.000000000,0.001235447,0.000000000,0.000000000,0.000000000,0.001332261,0.614778903,7,25.469935723,0,0.000000000,0.307878698,0.167745712,0.311321615,0.167961636,0.366124343,0.057905465,0.608763131,0.142259774,0.425432521,0.000000000,0.425432897,2.000000000,0.000000000,0.000000000,0.000000000,1.000000000,0.777284592,0.636854043,0.677743591,0.000000000,0.800186123,0.644827059,0.683796582,1,0,0,0.000000000,0.049364207,-0.265146315,0.148492085,-0.121494664,-0.015803833,0.114577090,0.298227518,12.121815863,0.018054439,-130.918070984,-0.114051499,142.886201932,44.838850207,-0.000670488,0.000100878,0.000654061,0.000628263,-0.000141419,0.000143561,-0.000672362,0.000000000,0.000000000,0.000000000,0.000000000,0.000000000,0.000000000,0.000000000,-0.000557553,0.000000053,0.000551948,0.000000072,-0.000192164,-0.000000219,0.000135638,0.000000000,0.000000000,0.000000000,0.000000000,0.000000000,0.000000000,0.000000000,-0.354455326,-0.019892343,0.205209428,0.007096653,0.399012802,0.359571855,0.051358405
3.501000000,0,3.501000000,sample,0.216533105,-0.000000076,0.216033927,0.216033312,0.000000615,0.615362113,0.000003846,0,0,1.500000000,0.080000000,0.000000000,0.000000000,0.000747098,0.000000000,0.001506729,0.000000000,0.000000000,0.000000000,0.001147394,0.651125838,1,91.436013270,0,0.000000000,0.306538909,0.167900204,0.309921897,0.168094354,0.628684610,0.083153400,0.583764742,0.154259974,0.409370872,0.000000000,0.409370900,2.000000000,0.000000000,0.000000000,0.000000000,1.000000000,0.803414111,0.643307184,0.679766115,0.000000000,0.813136225,0.643314667,0.679766115,1,0,0,0.000000000,0.049139914,-0.264094109,0.147667440,-0.121483177,-0.015730887,0.114825326,0.298214016,12.121724723,0.017957390,-130.918069418,-0.114036882,142.886181694,44.838978432,-0.001097163,-0.000025544,-0.000054724,0.000165171,0.000017279,0.000140329,0.000248650,0.000000000,0.000000000,0.000000000,0.000000000,0.000000000,0.000000000,0.000000000,-0.000508575,0.000000048,0.000503463,0.000000065,-0.000175282,-0.000000200,0.000123722,0.000000000,0.000000000,0.000000000,0.000000000,0.000000000,0.000000000,0.000000000,-0.364698554,-0.004933092,0.198936636,0.000361048,0.398620906,0.357653955,0.051591736
3.551000000,0,3.551000000,sample,0.216533356,0.000005020,0.216034179,0.216033563,0.000000616,0.615574517,0.000003847,0,0,1.500000000,0.080000000,0.000000000,0.000000000,0.000277192,0.000000000,0.001197395,0.000000000,0.000000000,0.000000000,0.000657161,0.421802626,4,65.652992620,0,0.000000000,0.310794199,0.167620633,0.311994226,0.168081600,0.407828008,0.043909155,0.629323789,0.147441125,0.455251142,0.000000000,0.455251238,2.000000000,0.000000000,0.000000000,0.000000000,1.000000000,0.792417063,0.642198022,0.680892813,0.000000000,0.804654064,0.643329760,0.680898040,1,0,0,0.000000000,0.051294681,-0.267319478,0.150007287,-0.121473955,-0.016075235,0.114378064,0.298562903,12.121820377,0.017958897,-130.918276787,-0.114049248,142.886140886,44.838891009,-0.000181359,0.000139033,0.000116747,-0.000532475,-0.000159581,-0.000073219,0.000227272,0.000000000,0.000000000,0.000000000,0.000000000,0.000000000,0.000000000,0.000000000,-0.000188694,0.000000018,0.000186797,0.000000024,-0.000065034,-0.000000074,0.000045904,0.000000000,0.000000000,0.000000000,0.000000000,0.000000000,0.000000000,0.000000000,-0.362567097,-0.010496873,0.204182212,0.002979540,0.399518686,0.357734613,0.052549515
3.601000000,0,3.601000000,sample,0.216532984,-0.000007447,0.216033855,0.216033158,0.000000697,0.696629448,0.000004354,0,0,1.500000000,0.080000000,0.000000000,0.000000000,0.000039238,0.000000000,0.001676135,0.000000000,0.000000000,0.000000000,0.001696606,0.023127529,4,44.326741698,0,0.000000000,0.306139066,0.167887868,0.310311971,0.168001672,0.583107647,0.076675211,0.592245258,0.152628164,0.412461681,0.000000000,0.412462023,2.000000000,0.000000000,0.000000000,0.000000000,1.000000000,0.793585886,0.640793871,0.679448290,0.000000000,0.802853183,0.644739967,0.682812594,1,0,0,0.000000000,0.049077048,-0.262992681,0.148820096,-0.121427728,-0.015862474,0.114847834,0.298214289,12.121911553,0.017849122,-130.917973700,-0.114090038,142.886140886,44.838937633,-0.000320733,0.000934063,-0.000463171,0.001129572,-0.000127334,0.000097188,0.000622102,0.000000000,0.000000000,0.000000000,0.000000000,0.000000000,0.000000000,0.000000000,-0.000026711,0.000000003,0.000026442,0.000000003,-0.000009206,-0.000000010,0.000006498,0.000000000,0.000000000,0.000000000,0.000000000,0.000000000,0.000000000,0.000000000,-0.355211864,-0.012037153,0.211308677,0.005028247,0.398869471,0.359086723,0.051116013
3.651000000,0,3.651000000,sample,0.216533098,0.000002277,0.216033922,0.216033304,0.000000618,0.618113108,0.000003863,0,0,1.500000000,0.080000000,0.000000000,0.000000000,0.000415086,0.000000000,0.001917355,0.000000000,0.000000000,0.000000000,0.002443696,0.169859993,4,76.360473949,0,0.000000000,0.307906335,0.167588546,0.310534073,0.167996281,1.404452396,0.131941528,0.580562547,0.143183022,0.388845479,0.000000000,0.388848038,2.000000000,0.000000000,0.000000000,0.000000000,1.000000000,0.829088179,0.634450412,0.674216465,0.000000000,0.829088179,0.643459768,0.691540427,1,0,0,0.000000000,0.049433595,-0.265580044,0.147749352,-0.121463783,-0.015808536,0.114379021,0.298376605,12.121720137,0.017958730,-130.918069409,-0.114069592,142.886100087,44.838721981,-0.000593081,-0.000298344,0.000258240,0.002135411,0.000038628,-0.000199711,-0.000928898,0.000000000,0.000000000,0.000000000,0.000000000,0.000000000,0.000000000,0.000000000,-0.000282564,0.000000027,0.000279723,0.000000036,-0.000097386,-0.000000111,0.000068740,0.000000000,0.000000000,0.000000000,0.000000000,0.000000000,0.000000000,0.000000000,-0.347603557,0.005050508,0.213246526,-0.029127443,0.398911968,0.354378640,0.051736198
3.701000000,0,3.701000000,sample,0.216533215,0.000002351,0.216034077,0.216033388,0.000000689,0.689369406,0.000004309,0,0,1.500000000,0.080000000,0.000000000,0.000000000,0.001565255,0.000000000,0.001565255,0.000000000,0.000000000,0.000000000,0.002003556,0.781238317,1,81.148552473,0,0.000000000,0.309130266,0.167691258,0.311167414,0.168122605,0.710095877,0.065719317,0.653218365,0.142170403,0.471766396,0.000000000,0.471766416,2.000000000,0.000000000,0.000000000,0.000000000,1.000000000,0.804053086,0.636747086,0.677779277,0.000000000,0.876519686,0.645052127,0.681231527,1,0,0,0.000000000,0.050511413,-0.265943643,0.149278589,-0.121417278,-0.015999180,0.114552298,0.298521386,12.121815844,0.017862686,-130.918165118,-0.114110271,142.886100087,44.838978441,0.001804854,0.000304811,-0.000589263,-0.000154632,0.000029131,-0.000356596,0.000405809,0.000000000,0.000000000,0.000000000,0.000000000,0.000000000,0.000000000,0.000000000,0.001065523,-0.000000100,-0.001054812,-0.000000137,0.000367237,0.000000418,-0.000259214,0.000000000,0.000000000,0.000000000,0.000000000,0.000000000,0.000000000,0.000000000,-0.352642353,-0.007478028,0.210364997,-0.000641108,0.399125887,0.358660086,0.052724046
3.751000000,0,3.751000000,sample,0.216533102,-0.000002276,0.216033904,0.216033335,0.000000569,0.568958460,0.000003556,0,0,1.500000000,0.080000000,0.000000000,0.000000000,0.000428570,0.000000000,0.001609062,0.000000000,0.000000000,0.000000000,0.001570829,0.272830532,7,31.772394126,0,0.000000000,0.309437862,0.167785628,0.310924349,0.168028488,0.526202289,0.029172151,0.640664078,0.150487597,0.450389771,0.000000000,0.450388789,2.000000000,0.000000000,0.000000000,0.000000000,1.000000000,0.796399852,0.632608427,0.675578348,0.000000000,0.866446705,0.636534182,0.678864035,1,0,0,0.000000000,0.049585074,-0.266868294,0.148574643,-0.121532208,-0.015863386,0.114587487,0.298447689,12.121815844,0.018013749,-130.918069415,-0.113973469,142.886140886,44.838978515,0.000139544,0.000731469,0.000681917,0.000731578,0.000352638,-0.000066537,0.000885429,0.000000000,0.000000000,0.000000000,0.000000000,0.000000000,0.000000000,0.000000000,-0.000291742,0.000000028,0.000288810,0.000000037,-0.000100550,-0.000000114,0.000070973,0.000000000,0.000000000,0.000000000,0.000000000,0.000000000,0.000000000,0.000000000,-0.347586465,-0.011206518,0.210599277,0.004997544,0.399609194,0.358487476,0.053724844
3.801000000,0,3.801000000,sample,0.216533107,0.000000112,0.216033933,0.216033308,0.000000625,0.624587666,0.000003904,0,0,1.500000000,0.080000000,0.000000000,0.000000000,0.000050897,0.000000000,0.001670150,0.000000000,0.000000000,0.000000000,0.001541325,0.033021796,2,47.049586392,0,0.000000000,0.307315274,0.167542114,0.311514967,0.168012748,0.964123265,0.140185546,0.605311309,0.135944192,0.415097078,0.000000000,0.415096899,2.000000000,0.000000000,0.000000000,0.000000000,1.000000000,0.765075743,0.632325124,0.676652450,0.000000000,0.795015906,0.637001210,0.679273903,1,0,0,0.000000000,0.049057846,-0.265048407,0.147598602,-0.121435805,-0.015707085,0.114354680,0.298325453,12.121720645,0.017957390,-130.918069411,-0.114117191,142.886201932,44.838683431,0.000203826,-0.001057236,0.000328562,0.000539857,-0.000411074,0.000222172,-0.000773723,0.000000000,0.000000000,0.000000000,0.000000000,0.000000000,0.000000000,0.000000000,-0.000034648,0.000000003,0.000034299,0.000000004,-0.000011941,-0.000000014,0.000008429,0.000000000,0.000000000,0.000000000,0.000000000,0.000000000,0.000000000,0.000000000,-0.350264805,-0.025937359,0.208271875,0.010244648,0.398922699,0.359349683,0.052409120
3.851000000,0,3.851000000,sample,0.216533409,0.000006026,0.216034279,0.216033573,0.000000706,0.705778147,0.000004411,0,0,1.500000000,0.080000000,0.000000000,0.000000000,0.000240786,0.000000000,0.001130216,0.000000000,0.000000000,0.000000000,0.001026716,0.234520351,4,52.633379877,0,0.000000000,0.308966595,0.167942654,0.312363646,0.168018870,0.702944440,0.075565014,0.625912784,0.152411261,0.458749302,0.000000000,0.458749363,2.000000000,0.000000000,0.000000000,0.000000000,1.000000000,0.771286955,0.637911297,0.680454276,0.000000000,0.792303617,0.642282800,0.681957649,1,0,0,0.000000000,0.051906805,-0.264430397,0.151137704,-0.121465348,-0.016208222,0.114839879,0.298390171,12.121911553,0.017823095,-130.918319277,-0.114014268,142.886140886,44.839019231,-0.000417730,0.000487583,-0.000014580,-0.000744871,0.000227733,0.000144146,0.000119266,0.000000000,0.000000000,0.000000000,0.000000000,0.000000000,0.000000000,0.000000000,-0.000163911,0.000000015,0.000162263,0.000000021,-0.000056493,-0.000000064,0.000039876,0.000000000,0.000000000,0.000000000,0.000000000,0.000000000,0.000000000,0.000000000,-0.357776110,-0.022592870,0.209228657,0.007524554,0.398433861,0.359483226,0.051892754
3.901000000,0,3.901000000,sample,0.216532984,-0.000008491,0.216033884,0.216033123,0.000000761,0.760776250,0.000004755,0,0,1.500000000,0.080000000,0.000000000,0.000000000,0.001074232,0.000000000,0.001385746,0.000000000,0.000000000,0.000000000,0.001552536,0.691920444,4,42.018339275,0,0.000000000,0.306085874,0.167806433,0.311375763,0.168075377,0.670476605,0.057582611,0.587384496,0.145360821,0.404117158,0.000000000,0.404117875,2.000000000,0.000000000,0.000000000,0.000000000,1.000000000,0.792730970,0.643948624,0.677823668,0.000000000,0.797642522,0.644955513,0.680496511,1,0,0,0.000000000,0.048785857,-0.263484253,0.147934279,-0.121432092,-0.015767185,0.114737273,0.298366661,12.121816012,0.017749965,-130.917973700,-0.114049499,142.886140886,44.838850206,0.000477147,-0.000007365,-0.000971798,0.001006378,0.000072497,-0.000022796,-0.000468702,0.000000000,0.000000000,0.000000000,0.000000000,0.000000000,0.000000000,0.000000000,0.000731266,-0.000000068,-0.000723916,-0.000000094,0.000252035,0.000000287,-0.000177898,0.000000000,0.000000000,0.000000000,0.000000000,0.000000000,0.000000000,0.000000000,-0.352891497,-0.011261451,0.213181313,0.007805090,0.398308055,0.358144984,0.048593917
3.951000000,0,3.951000000,sample,0.216533356,0.000007450,0.216034088,0.216033668,0.000000420,0.420275010,0.000002627,0,0,1.500000000,0.080000000,0.000000000,0.000000000,0.001484021,0.000000000,0.001494340,0.000000000,0.000000000,0.000000000,0.002781482,0.533536282,3,37.471798603,0,0.000000000,0.312723016,0.167684136,0.312723016,0.167978181,1.650956107,0.151293064,0.699138265,0.147691143,0.527062410,0.000000000,0.527064778,2.000000000,0.000000000,0.000000000,0.000000000,1.000000000,0.791103649,0.644891268,0.677672560,0.000000000,0.804658432,0.648032660,0.680093481,1,0,0,0.000000000,0.051924613,-0.268382431,0.151889401,-0.121504396,-0.016278184,0.114410105,0.298379927,12.122023381,0.018248245,-130.918276778,-0.114096829,142.886140886,44.839060779,-0.000076486,0.001409427,0.001702662,-0.001049751,-0.000310699,-0.000117759,0.001277837,0.000000000,0.000000000,0.000000000,0.000000000,0.000000000,0.000000000,0.000000000,-0.001010223,0.000000096,0.001000067,0.000000130,-0.000348184,-0.000000397,0.000245765,0.000000000,0.000000000,0.000000000,0.000000000,0.000000000,0.000000000,0.000000000,-0.358114154,-0.011343547,0.202789367,0.003111457,0.398843080,0.358225418,0.048282651
4.001000000,0,4.001000000,sample,0.216533219,-0.000002746,0.216034100,0.216033371,0.000000729,0.728584270,0.000004554,0,0,1.500000000,0.080000000,0.000000000,0.000000000,0.000072640,0.000000000,0.001397802,0.000000000,0.000000000,0.000000000,0.000985506,0.073708348,7,79.367103740,0,0.000000000,0.307334100,0.167657600,0.310613312,0.168008147,0.240473527,0.071503548,0.625244905,0.140586378,0.451533980,0.000000000,0.451533968,2.000000000,0.000000000,0.000000000,0.000000000,1.000000000,0.802691114,0.640333885,0.676821816,0.000000000,0.805229658,0.646910376,0.680413669,1,0,0,0.000000000,0.050350763,-0.263919518,0.149216412,-0.121441224,-0.015959002,0.114483231,0.298366138,12.121815844,0.017796137,-130.918165118,-0.114049239,142.886140886,44.838640383,-0.000033939,0.000332079,0.000262374,-0.000003023,-0.000077011,-0.000119092,-0.000877970,0.000000000,0.000000000,0.000000000,0.000000000,0.000000000,0.000000000,0.000000000,-0.000049449,0.000000005,0.000048951,0.000000006,-0.000017043,-0.000000019,0.000012030,0.000000000,0.000000000,0.000000000,0.000000000,0.000000000,0.000000000,0.000000000,-0.351794301,-0.007287097,0.207627223,0.003225838,0.400111297,0.358405602,0.051111093
4.051000000,0,4.051000000,sample,0.216533091,-0.000002569,0.216033923,0.216033302,0.000000621,0.620984185,0.000003881,0,0,1.500000000,0.080000000,0.000000000,0.000000000,0.000254658,0.000000000,0.001452847,0.000000000,0.000000000,0.000000000,0.009564851,0.026624377,6,98.235353602,0,0.000000000,0.306478287,0.167994579,0.313320352,0.167994579,2.025886924,0.529895817,0.621516247,0.177740185,0.551509934,0.000000000,0.551511727,2.000000000,0.000000000,0.000000000,0.000000000,1.000000000,0.784914496,0.633234145,0.679817727,0.000000000,0.809552118,0.643687206,0.681183559,1,0,0,0.000000000,0.050277966,-0.263116401,0.148898711,-0.121491794,-0.016051251,0.114909877,0.298119665,12.121817410,0.017945328,-130.918074131,-0.114014522,142.885958747,44.838938382,-0.000920218,0.000267686,-0.000452223,0.000638202,0.000289919,-0.009480083,-0.000009674,0.000000000,0.000000000,0.000000000,0.000000000,0.000000000,0.000000000,0.000000000,-0.000173355,0.000000016,0.000171612,0.000000022,-0.000059747,-0.000000068,0.000042173,0.000000000,0.000000000,0.000000000,0.000000000,0.000000000,0.000000000,0.000000000,-0.355568740,-0.017674439,0.207653400,0.005158628,0.399395430,0.360203656,0.054778626
4.101000000,0,4.101000000,sample,0.216533094,0.000000058,0.216033920,0.216033308,0.000000612,0.611711017,0.000003823,0,0,1.500000000,0.080000000,0.000000000,0.000000000,0.001099168,0.000000000,0.001568773,0.000000000,0.000000000,0.000000000,0.001967142,0.558763878,7,50.471054209,0,0.000000000,0.310702311,0.167390159,0.312161530,0.167982580,0.667892407,0.143843744,0.645926167,0.133730261,0.464749591,0.000000000,0.464748881,2.000000000,0.000000000,0.000000000,0.000000000,1.000000000,0.801366209,0.637960615,0.680298700,0.000000000,0.820661515,0.639147264,0.681735635,1,0,0,0.000000000,0.049954876,-0.268120949,0.148834113,-0.121495850,-0.015965194,0.114032173,0.298644965,12.121829447,0.017958897,-130.918069409,-0.114015023,142.886053459,44.838599834,0.001220872,-0.000047084,-0.000012421,0.000397082,0.000121210,-0.000501329,-0.001397517,0.000000000,0.000000000,0.000000000,0.000000000,0.000000000,0.000000000,0.000000000,0.000748241,-0.000000070,-0.000740720,-0.000000096,0.000257885,0.000000294,-0.000182028,0.000000000,0.000000000,0.000000000,0.000000000,0.000000000,0.000000000,0.000000000,-0.359942798,-0.009226040,0.202676729,0.001268734,0.399437708,0.360074173,0.053656538
4.151000000,0,4.151000000,sample,0.216533223,0.000002587,0.216034051,0.216033432,0.000000619,0.618943523,0.000003868,0,0,1.500000000,0.080000000,0.000000000,0.000000000,0.000010249,0.000000000,0.001654431,0.000000000,0.000000000,0.000000000,0.001256169,0.008158557,7,59.242759142,0,0.000000000,0.309523014,0.167801242,0.311588841,0.167929420,0.545933805,0.034567799,0.645878741,0.148835561,0.461941803,0.000000000,0.461941705,2.000000000,0.000000000,0.000000000,0.000000000,1.000000000,0.783621283,0.634529729,0.675954715,0.000000000,0.813690730,0.637731685,0.680073372,1,0,0,0.000000000,0.050507643,-0.265969165,0.150046251,-0.121473159,-0.016014009,0.114651995,0.298421679,12.121912058,0.017954209,-130.918165120,-0.114049240,142.886181685,44.839019231,0.000476416,0.000531894,0.000277928,-0.000165409,0.000054675,0.000160176,0.000966865,0.000000000,0.000000000,0.000000000,0.000000000,0.000000000,0.000000000,0.000000000,-0.000006977,0.000000001,0.000006906,0.000000001,-0.000002405,-0.000000003,0.000001697,0.000000000,0.000000000,0.000000000,0.000000000,0.000000000,0.000000000,0.000000000,-0.354660563,-0.015798452,0.199778646,0.007327742,0.399415141,0.358600341,0.052812940
4.201000000,0,4.201000000,sample,0.216533106,-0.000002334,0.216033925,0.216033309,0.000000616,0.615753290,0.000003848,0,0,1.500000000,0.080000000,0.000000000,0.000000000,0.000020194,0.000000000,0.001068685,0.000000000,0.000000000,0.000000000,0.001309006,0.015426773,2,80.518806413,0,0.000000000,0.308787073,0.167671162,0.311701313,0.167972931,0.850936882,0.093013053,0.599776807,0.148181778,0.406857169,0.000000000,0.406857069,2.000000000,0.000000000,0.000000000,0.000000000,1.000000000,0.780325006,0.637684158,0.677653397,0.000000000,0.796187582,0.641401705,0.680531526,1,0,0,0.000000000,0.048838616,-0.267277739,0.146720334,-0.121476410,-0.015627257,0.114511524,0.298556961,12.121622576,0.017958897,-130.918069934,-0.114049490,142.886183933,44.839019231,0.000071987,-0.001174601,0.000008154,0.000344039,0.000048045,0.000050946,0.000453094,0.000000000,0.000000000,0.000000000,0.000000000,0.000000000,0.000000000,0.000000000,-0.000013747,0.000000001,0.000013608,0.000000002,-0.000004738,-0.000000005,0.000003344,0.000000000,0.000000000,0.000000000,0.000000000,0.000000000,0.000000000,0.000000000,-0.356461317,-0.016847476,0.204297067,0.003728927,0.399098564,0.357996285,0.051705112
4.251000000,0,4.251000000,sample,0.216533219,0.000002265,0.216034021,0.216033445,0.000000576,0.575686390,0.000003598,0,0,1.500000000,0.080000000,0.000000000,0.000000000,0.000030168,0.000000000,0.002100387,0.000000000,0.000000000,0.000000000,0.001485718,0.020305014,2,70.973246188,0,0.000000000,0.309297016,0.167365789,0.310986287,0.168108695,0.604271975,0.077364311,0.623519337,0.138470100,0.438116943,0.000000000,0.438116782,2.000000000,0.000000000,0.000000000,0.000000000,1.000000000,0.732318530,0.634477019,0.678024819,0.000000000,0.963095160,0.660657032,0.679771496,1,0,0,0.000000000,0.050076564,-0.266728586,0.148367258,-0.121356840,-0.015865150,0.114158319,0.298422886,12.121724667,0.018054606,-130.918165118,-0.114280005,142.886143134,44.838809407,0.000375696,-0.001251652,0.000332241,-0.000437318,-0.000381185,-0.000159372,-0.000165054,0.000000000,0.000000000,0.000000000,0.000000000,0.000000000,0.000000000,0.000000000,-0.000020536,0.000000002,0.000020330,0.000000003,-0.000007078,-0.000000008,0.000004996,0.000000000,0.000000000,0.000000000,0.000000000,0.000000000,0.000000000,0.000000000,-0.358340842,-0.038183346,0.199461573,0.016559439,0.398693327,0.357991975,0.051747185
4.301000000,0,4.301000000,sample,0.216533220,0.000000006,0.216034080,0.216033392,0.000000688,0.688242738,0.000004302,0,0,1.500000000,0.080000000,0.000000000,0.000000000,0.000166148,0.000000000,0.001871092,0.000000000,0.000000000,0.000000000,0.001527381,0.108779884,1,48.202526921,0,0.000000000,0.306635550,0.167986935,0.312678189,0.167986935,1.064612701,0.152083624,0.571303812,0.161494311,0.411047482,0.000000000,0.411046594,2.000000000,0.000000000,0.000000000,0.000000000,1.000000000,0.761368940,0.637826121,0.680258387,0.000000000,0.776487686,0.638636248,0.680259312,1,0,0,0.000000000,0.050321750,-0.263117089,0.149206165,-0.121468617,-0.015951570,0.114937081,0.298220541,12.121815847,0.017849625,-130.918165118,-0.114021050,142.886147632,44.838978432,-0.001060431,-0.000014726,-0.000903713,-0.000163516,0.000166447,-0.000162340,0.000557377,0.000000000,0.000000000,0.000000000,0.000000000,0.000000000,0.000000000,0.000000000,-0.000113103,0.000000011,0.000111966,0.000000015,-0.000038981,-0.000000044,0.000027515,0.000000000,0.000000000,0.000000000,0.000000000,0.000000000,0.000000000,0.000000000,-0.362027205,-0.024868698,0.204386261,0.008332401,0.398077411,0.357810818,0.052268003
4.351000000,0,4.351000000,sample,0.216533223,0.000000064,0.216034006,0.216033457,0.000000549,0.549246942,0.000003433,0,0,1.500000000,0.080000000,0.000000000,0.000000000,0.001175023,0.000000000,0.001868268,0.000000000,0.000000000,0.000000000,0.002398768,0.489844253,1,67.559777641,0,0.000000000,0.310839966,0.167412054,0.311390913,0.167991974,1.356874334,0.199908556,0.668950277,0.129057569,0.476871743,0.000000000,0.476872144,2.000000000,0.000000000,0.000000000,0.000000000,1.000000000,0.794801408,0.641706205,0.681094460,0.000000000,0.805998509,0.642980400,0.682687872,1,0,0,0.000000000,0.049595796,-0.269222091,0.147245396,-0.121496600,-0.015712908,0.114098538,0.298666835,12.121609992,0.018054606,-130.918165118,-0.114049242,142.886181685,44.838809408,0.001971662,-0.000865794,0.000442296,-0.000199674,-0.000075739,0.000267171,-0.000896898,0.000000000,0.000000000,0.000000000,0.000000000,0.000000000,0.000000000,0.000000000,0.000799879,-0.000000076,-0.000791839,-0.000000103,0.000275678,0.000000314,-0.000194587,0.000000000,0.000000000,0.000000000,0.000000000,0.000000000,0.000000000,0.000000000,-0.363462936,-0.008795528,0.206376791,0.002325129,0.398526574,0.357059987,0.052867241
4.401000000,0,4.401000000,sample,0.216533356,0.000002668,0.216034225,0.216033517,0.000000709,0.708641160,0.000004429,0,0,1.500000000,0.080000000,0.000000000,0.000000000,0.000561175,0.000000000,0.001876698,0.000000000,0.000000000,0.000000000,0.001629037,0.344482681,7,36.943977142,0,0.000000000,0.308716819,0.167731662,0.311740721,0.167986308,0.660999581,0.089068197,0.641095110,0.154946364,0.466230363,0.000000000,0.466231160,2.000000000,0.000000000,0.000000000,0.000000000,1.000000000,0.783138392,0.636618514,0.678123862,0.000000000,0.803078423,0.644016345,0.683230794,1,0,0,0.000000000,0.051269223,-0.264927582,0.149969722,-0.121360205,-0.016069961,0.114661971,0.298435448,12.121816347,0.017849625,-130.918276778,-0.114199628,142.886140886,44.839060779,0.000620946,0.000069904,-0.000251379,-0.000944480,0.000566838,-0.000079720,0.000990154,0.000000000,0.000000000,0.000000000,0.000000000,0.000000000,0.000000000,0.000000000,0.000382011,-0.000000036,-0.000378171,-0.000000049,0.000131662,0.000000150,-0.000092933,0.000000000,0.000000000,0.000000000,0.000000000,0.000000000,0.000000000,0.000000000,-0.352617056,-0.016871083,0.213450320,0.005540031,0.397946619,0.358635707,0.051533848
4.451000000,0,4.451000000,sample,0.216533360,0.000000076,0.216034152,0.216033595,0.000000557,0.556638730,0.000003479,0,0,1.500000000,0.080000000,0.000000000,0.000000000,0.001323448,0.000000000,0.001449846,0.000000000,0.000000000,0.000000000,0.005341167,0.247782530,7,97.436851834,0,0.000000000,0.310333448,0.167528808,0.311074105,0.168034318,0.470882754,0.288625265,0.635493818,0.176291250,0.451803989,0.000000000,0.451804363,2.000000000,0.000000000,0.000000000,0.000000000,1.000000000,0.778690686,0.641469145,0.681242663,0.000000000,0.806367074,0.642385591,0.681554849,1,0,0,0.000000000,0.051128139,-0.266874324,0.149902826,-0.121457390,-0.016030004,0.114267419,0.298421659,12.121815844,0.018054103,-130.918276778,-0.114111109,142.886181698,44.838781722,-0.000214781,0.000075743,0.000401521,-0.000705235,-0.000143223,0.000016121,0.005272271,0.000000000,0.000000000,0.000000000,0.000000000,0.000000000,0.000000000,0.000000000,-0.000900917,0.000000085,0.000891860,0.000000116,-0.000310506,-0.000000354,0.000219170,0.000000000,0.000000000,0.000000000,0.000000000,0.000000000,0.000000000,0.000000000,-0.366942013,-0.016733122,0.198084224,0.006823407,0.398384606,0.358408963,0.052095386
4.501000000,0,4.501000000,sample,0.216533102,-0.000005166,0.216033926,0.216033315,0.000000612,0.611700740,0.000003823,0,0,1.500000000,0.080000000,0.000000000,0.000000000,0.000057251,0.000000000,0.003903429,0.000000000,0.000000000,0.000000000,0.001326842,0.043148663,7,32.287629228,0,0.000000000,0.309949882,0.167729384,0.312939210,0.167957341,0.794616770,0.059448417,0.624433956,0.146352045,0.429035163,0.000000000,0.429034808,2.000000000,0.000000000,0.000000000,0.000000000,1.000000000,0.779857353,0.640541607,0.680722988,0.000000000,0.814483687,0.642553966,0.681862726,1,0,0,0.000000000,0.049670427,-0.267307942,0.148822853,-0.121495877,-0.015889903,0.114539988,0.298556962,12.121842509,0.017958897,-130.918069584,-0.114014271,142.886140972,44.839019231,0.000531538,-0.000591569,0.000287896,0.000653870,0.000061200,-0.000213119,0.000753941,0.000000000,0.000000000,0.000000000,0.000000000,0.000000000,0.000000000,0.000000000,0.000038973,-0.000000004,-0.000038581,-0.000000005,0.000013432,0.000000015,-0.000009481,0.000000000,0.000000000,0.000000000,0.000000000,0.000000000,0.000000000,0.000000000,-0.364445618,-0.016145547,0.199785612,0.011782594,0.398922598,0.358194667,0.052978482
4.551000000,0,4.551000000,sample,0.216533215,0.000002272,0.216034052,0.216033408,0.000000644,0.643921991,0.000004025,0,0,1.500000000,0.080000000,0.000000000,0.000000000,0.000184564,0.000000000,0.001348011,0.000000000,0.000000000,0.000000000,0.002032271,0.090816619,7,61.250241042,0,0.000000000,0.306718858,0.167720377,0.311386751,0.168079420,0.669149930,0.025251587,0.586177943,0.144234270,0.422770441,0.000000000,0.422769034,2.000000000,0.000000000,0.000000000,0.000000000,1.000000000,0.778216786,0.648545665,0.682866937,0.000000000,0.811342032,0.649340475,0.683762298,1,0,0,0.000000000,0.050205159,-0.263696697,0.148391212,-0.121466569,-0.015904125,0.114555910,0.298214292,12.121720135,0.017918208,-130.918165118,-0.114049992,142.886100087,44.838681182,-0.000924682,-0.000575455,-0.000258558,-0.000535300,0.000030887,-0.000244698,-0.001590507,0.000000000,0.000000000,0.000000000,0.000000000,0.000000000,0.000000000,0.000000000,-0.000125639,0.000000012,0.000124376,0.000000016,-0.000043302,-0.000000049,0.000030564,0.000000000,0.000000000,0.000000000,0.000000000,0.000000000,0.000000000,0.000000000,-0.369971792,-0.015678924,0.195523204,0.005825793,0.400536004,0.357657641,0.050704588
4.601000000,0,4.601000000,sample,0.216533247,0.000000635,0.216034032,0.216033477,0.000000555,0.555125737,0.000003470,0,0,1.500000000,0.080000000,0.000000000,0.000000000,0.000230021,0.000000000,0.001421111,0.000000000,0.000000000,0.000000000,0.001622490,0.141770093,1,44.989203540,0,0.000000000,0.310134906,0.167657100,0.311137684,0.167956990,0.961537926,0.047353453,0.654622301,0.144327338,0.456093463,0.000000000,0.456092346,2.000000000,0.000000000,0.000000000,0.000000000,1.000000000,0.786355232,0.642888112,0.680514008,0.000000000,0.796092782,0.648216665,0.682390204,1,0,0,0.000000000,0.049064300,-0.268115944,0.147953352,-0.121514152,-0.015586308,0.114456459,0.298557724,12.121725171,0.018041042,-130.918166692,-0.114016528,142.886424536,44.839019231,0.001088269,-0.000070567,0.000590369,0.000383593,0.000188850,0.000100171,0.000949624,0.000000000,0.000000000,0.000000000,0.000000000,0.000000000,0.000000000,0.000000000,0.000156583,-0.000000015,-0.000155009,-0.000000020,0.000053967,0.000000061,-0.000038092,0.000000000,0.000000000,0.000000000,0.000000000,0.000000000,0.000000000,0.000000000,-0.359999682,-0.013503945,0.204857882,0.007035479,0.400566683,0.357947675,0.052160631
4.651000000,0,4.651000000,sample,0.216533225,-0.000000443,0.216034092,0.216033388,0.000000703,0.703308500,0.000004396,0,0,1.500000000,0.080000000,0.000000000,0.000000000,0.000247912,0.000000000,0.002012001,0.000000000,0.000000000,0.000000000,0.000753725,0.328915430,7,55.273648309,0,0.000000000,0.307439872,0.167542977,0.312313839,0.168110113,0.348959045,0.022959255,0.597856079,0.146589350,0.420753618,0.000000000,0.420753677,2.000000000,0.000000000,0.000000000,0.000000000,1.000000000,0.778519455,0.640364043,0.676510934,0.000000000,0.809524964,0.646468030,0.681186790,1,0,0,0.000000000,0.050128628,-0.264137014,0.149124220,-0.121344866,-0.015897413,0.114426154,0.298339012,12.121815844,0.017863021,-130.918165293,-0.114233101,142.886201922,44.838768608,-0.000197137,-0.000105506,-0.000384218,0.000118619,0.000129358,0.000160216,-0.000560366,0.000000000,0.000000000,0.000000000,0.000000000,0.000000000,0.000000000,0.000000000,0.000168762,-0.000000016,-0.000167066,-0.000000022,0.000058165,0.000000066,-0.000041055,0.000000000,0.000000000,0.000000000,0.000000000,0.000000000,0.000000000,0.000000000,-0.353639056,-0.017186761,0.203240860,0.011420676,0.400256564,0.357931312,0.050533715
4.701000000,0,4.701000000,sample,0.216532992,-0.000004659,0.216033851,0.216033169,0.000000683,0.682557714,0.000004266,0,0,1.500000000,0.080000000,0.000000000,0.000000000,0.000147996,0.000000000,0.001636627,0.000000000,0.000000000,0.000000000,0.001349897,0.109635106,7,54.808629534,0,0.000000000,0.307847720,0.167787454,0.312871195,0.168005646,0.599943279,0.078981045,0.612409756,0.148224617,0.417029163,0.000000000,0.417029023,2.000000000,0.000000000,0.000000000,0.000000000,1.000000000,0.785619827,0.638033191,0.675773743,0.000000000,0.885632387,0.644725385,0.678753030,1,0,0,0.000000000,0.048556892,-0.265508025,0.148047073,-0.121454543,-0.015706307,0.114694096,0.298466374,12.121842568,0.017863188,-130.917973700,-0.114051843,142.886228312,44.839019481,0.000444191,-0.000229280,-0.000058513,0.000590871,-0.000121024,0.000454327,0.000999367,0.000000000,0.000000000,0.000000000,0.000000000,0.000000000,0.000000000,0.000000000,0.000100746,-0.000000009,-0.000099733,-0.000000013,0.000034723,0.000000040,-0.000024509,0.000000000,0.000000000,0.000000000,0.000000000,0.000000000,0.000000000,0.000000000,-0.350898717,-0.013625300,0.209665951,0.003415590,0.399441195,0.356686766,0.051033315
4.751000000,0,4.751000000,sample,0.216533006,0.000000285,0.216033899,0.216033135,0.000000765,0.764832810,0.000004780,0,0,1.500000000,0.080000000,0.000000000,0.000000000,0.000911301,0.000000000,0.001341482,0.000000000,0.000000000,0.000000000,0.001907669,0.477703782,3,35.749472599,0,0.000000000,0.306253161,0.167562506,0.311940343,0.167961342,0.985775217,0.078289223,0.569273507,0.141773402,0.388912239,0.000000000,0.388913777,2.000000000,0.000000000,0.000000000,0.000000000,1.000000000,0.788537611,0.638073377,0.678120722,0.000000000,0.788537611,0.643105128,0.682181019,1,0,0,0.000000000,0.047603994,-0.264596689,0.146674643,-0.121409401,-0.015428754,0.114450446,0.298488714,12.121720135,0.017751522,-130.917973701,-0.114092550,142.886383737,44.838721981,0.000099747,-0.000310564,-0.001140612,0.001079111,-0.000359312,-0.000120644,-0.000961075,0.000000000,0.000000000,0.000000000,0.000000000,0.000000000,0.000000000,0.000000000,0.000620354,-0.000000058,-0.000614118,-0.000000080,0.000213807,0.000000244,-0.000150915,0.000000000,0.000000000,0.000000000,0.000000000,0.000000000,0.000000000,0.000000000,-0.354399495,-0.012574560,0.208661976,0.006333229,0.400126959,0.357183168,0.053190819
4.801000000,0,4.801000000,sample,0.216533216,0.000004185,0.216034012,0.216033440,0.000000571,0.571298629,0.000003571,0,0,1.500000000,0.080000000,0.000000000,0.000000000,0.000383929,0.000000000,0.001578295,0.000000000,0.000000000,0.000000000,0.001484068,0.258700794,2,53.724541210,0,0.000000000,0.308357997,0.167465924,0.311028747,0.168046792,0.770356030,0.093803960,0.631494447,0.139142911,0.443931525,0.000000000,0.443931372,2.000000000,0.000000000,0.000000000,0.000000000,1.000000000,0.789725654,0.634763800,0.675815543,0.000000000,0.798814844,0.644299142,0.680812666,1,0,0,0.000000000,0.049875041,-0.266239392,0.147355763,-0.121381595,-0.015792001,0.114288917,0.298366212,12.121608474,0.018054104,-130.918165137,-0.114239122,142.886100087,44.838850206,0.000209527,-0.001087777,0.000873284,-0.000214729,-0.000007041,-0.000138936,-0.000383679,0.000000000,0.000000000,0.000000000,0.000000000,0.000000000,0.000000000,0.000000000,-0.000261354,0.000000025,0.000258727,0.000000034,-0.000090075,-0.000000103,0.000063580,0.000000000,0.000000000,0.000000000,0.000000000,0.000000000,0.000000000,0.000000000,-0.351103784,-0.012928885,0.206448711,0.003545338,0.399838566,0.357744108,0.052917482
4.851000000,0,4.851000000,sample,0.216533102,-0.000002277,0.216033896,0.216033337,0.000000559,0.558645580,0.000003492,0,0,1.500000000,0.080000000,0.000000000,0.000000000,0.001320492,0.000000000,0.001828359,0.000000000,0.000000000,0.000000000,0.001720992,0.767285477,7,48.788671598,0,0.000000000,0.307314104,0.167815679,0.311289553,0.167994089,0.232831926,0.092611264,0.603270566,0.156086693,0.423303655,0.000000000,0.423303879,2.000000000,0.000000000,0.000000000,0.000000000,1.000000000,0.804942447,0.640869498,0.677204608,0.000000000,0.804942447,0.642104662,0.680272144,1,0,0,0.000000000,0.049280164,-0.264956562,0.147686981,-0.121446550,-0.015766851,0.114735539,0.298215371,12.121720135,0.018054606,-130.918069409,-0.114130867,142.886140886,44.839060058,-0.001032615,-0.000006880,0.000609083,0.000216904,-0.000033938,-0.000176813,0.001202094,0.000000000,0.000000000,0.000000000,0.000000000,0.000000000,0.000000000,0.000000000,-0.000898905,0.000000085,0.000889869,0.000000116,-0.000309810,-0.000000353,0.000218679,0.000000000,0.000000000,0.000000000,0.000000000,0.000000000,0.000000000,0.000000000,-0.354774379,-0.004621682,0.205595491,0.000076238,0.400426163,0.356937570,0.052007774
4.901000000,0,4.901000000,sample,0.216533215,0.000002276,0.216034043,0.216033422,0.000000621,0.621195473,0.000003882,0,0,1.500000000,0.080000000,0.000000000,0.000000000,0.000192830,0.000000000,0.001305230,0.000000000,0.000000000,0.000000000,0.001183281,0.162962549,7,63.492144025,0,0.000000000,0.308380579,0.167760995,0.312399003,0.167965404,0.327345856,0.056014302,0.627086503,0.147958753,0.451622859,0.000000000,0.451622913,2.000000000,0.000000000,0.000000000,0.000000000,1.000000000,0.785898625,0.633950875,0.675085130,0.000000000,0.805327908,0.642475107,0.679381229,1,0,0,0.000000000,0.050506760,-0.265072740,0.149278568,-0.121445649,-0.015999320,0.114624289,0.298325447,12.121815844,0.017958711,-130.918165118,-0.114096819,142.886100096,44.838937633,0.000127456,0.000362508,0.000023550,-0.000094871,-0.000458042,-0.000379672,0.000942861,0.000000000,0.000000000,0.000000000,0.000000000,0.000000000,0.000000000,0.000000000,-0.000131266,0.000000012,0.000129947,0.000000017,-0.000045242,-0.000000052,0.000031934,0.000000000,0.000000000,0.000000000,0.000000000,0.000000000,0.000000000,0.000000000,-0.351198248,-0.013445055,0.207217926,0.001749218,0.399337254,0.356378739,0.052920486
4.951000000,0,4.951000000,sample,0.216533480,0.000005285,0.216034343,0.216033643,0.000000700,0.700264882,0.000004377,0,0,1.500000000,0.080000000,0.000000000,0.000000000,0.001744006,0.000000000,0.002043749,0.000000000,0.000000000,0.000000000,0.007072997,0.246572488,5,94.937636222,0,0.000000000,0.309411964,0.167733105,0.310963478,0.168048670,0.947532305,0.385614938,0.650014113,0.199363073,0.486468839,0.000000000,0.486468484,2.000000000,0.000000000,0.000000000,0.000000000,1.000000000,0.889489206,0.651981040,0.679086624,0.000000000,0.976115757,0.662268279,0.679981880,1,0,0,0.000000000,0.052089520,-0.265198792,0.150638793,-0.121447814,-0.016170825,0.114557093,0.298462590,12.121815850,0.017836753,-130.918377209,-0.114049249,142.886140886,44.838850206,-0.000137331,0.000062375,-0.000145032,-0.001363868,0.006891642,-0.000280531,-0.000741582,0.000000000,0.000000000,0.000000000,0.000000000,0.000000000,0.000000000,0.000000000,0.001187206,-0.000000111,-0.001175271,-0.000000153,0.000409176,0.000000466,-0.000288817,0.000000000,0.000000000,0.000000000,0.000000000,0.000000000,0.000000000,0.000000000,-0.361836070,0.037560857,0.202553585,-0.020931574,0.399496740,0.353555938,0.052506679
5.000000000,0,5.000000000,disturb_auto_push,0.000000000,,0.000000000,0.000000000,0.000000000,0.000000000,0.000000000,0,0,0.000000000,0.000000000,0.000000000,0.000000000,0.000000000,0.000000000,0.000000000,0.000000000,0.000000000,0.000000000,0.001006435,0.000000000,3,52.334189651,0,0.000000000,0.000000000,0.000000000,0.000000000,0.000000000,0.446843949,0.072068334,0.000000000,0.000000000,0.000000000,0.000000000,0.000000000,0.000000000,0.000000000,0.000000000,0.000000000,1.000000000,0.000000000,0.000000000,0.000000000,0.000000000,0.000000000,0.000000000,0.000000000,0,0,0,0.000000000,0.000000000,0.000000000,0.000000000,0.000000000,0.000000000,0.000000000,0.298603566,12.121911553,0.017863188,-130.918069409,-0.114014268,142.886188443,44.838891005,0.000000772,0.000461598,-0.000728079,0.000111215,0.000027667,0.000111057,0.000494239,0.000000000,0.000000000,0.000000000,0.000000000,0.000000000,0.000000000,0.000000000,0.000000000,0.000000000,0.000000000,0.000000000,0.000000000,0.000000000,0.000000000,0.000000000,0.000000000,0.000000000,0.000000000,0.000000000,0.000000000,0.000000000,0.000000000,0.000000000,0.000000000,0.000000000,0.000000000,0.000000000,0.000000000
5.000000000,0,5.000000000,sample,0.216533106,-0.000007628,0.216033965,0.216033287,0.000000678,0.678159811,0.000004238,0,0,1.500000000,0.080000000,0.000000000,0.000000000,0.000415804,0.000000000,0.001838177,0.000000000,0.000000000,0.000000000,0.001006435,0.413145626,3,52.334189651,0,0.000000000,0.309799512,0.167661578,0.312707517,0.168046961,0.446843949,0.072068334,0.607198526,0.152603384,0.431010963,0.000000000,0.431010935,2.000000000,0.000000000,0.000000000,0.000000000,1.000000000,0.774183058,0.645719958,0.682879771,0.000000000,0.866272352,0.648905284,0.682879771,1,0,0,0.000000000,0.049704218,-0.266810834,0.149389447,-0.121476070,-0.015911410,0.114458709,0.298603566,12.121911553,0.017863188,-130.918069409,-0.114014268,142.886188443,44.838891005,0.000000772,0.000461598,-0.000728079,0.000111215,0.000027667,0.000111057,0.000494239,0.000000000,0.000000000,0.000000000,0.000000000,0.000000000,0.000000000,0.000000000,0.000283052,-0.000000027,-0.000280207,-0.000000036,0.000097556,0.000000111,-0.000068860,0.000000000,0.000000000,0.000000000,0.000000000,0.000000000,0.000000000,0.000000000,-0.368147304,-0.018015502,0.201291002,0.005649943,0.399234455,0.357652782,0.051128615
5.050000000,0,5.050000000,sample,0.216533094,-0.000000247,0.216033957,0.216033264,0.000000694,0.693722227,0.000004336,0,0,1.500000000,0.080000000,0.000000000,0.000000000,0.000002353,0.000000000,0.002113322,0.000000000,0.000000000,0.000000000,0.001609457,0.001461909,2,43.106874728,0,0.000000000,0.305885819,0.167671023,0.311333112,0.168073049,0.890857648,0.056923023,0.573091109,0.144701765,0.396349959,0.000000000,0.394948433,2.000000000,0.001541333,0.030826663,0.003340204,1.000000000,0.793862504,0.635147722,0.677341938,0.000000000,0.801535982,0.644955526,0.682890797,1,0,0,0.000000000,0.049625156,-0.263102191,0.147921313,-0.121394263,-0.015865395,0.114565677,0.298218310,12.121731016,0.017863188,-130.918069409,-0.114151154,142.886053459,44.838721981,-0.000473384,-0.001056703,-0.000354518,0.000500650,-0.000160105,-0.000577980,-0.000716668,0.000000000,0.000000000,0.000000000,0.000000000,0.000000000,0.000000000,0.000000000,-0.000001602,0.000000000,0.000001586,0.000000000,-0.000000552,-0.000000001,0.000000390,0.000000000,0.000000000,0.000000000,0.000000000,0.000000000,0.000000000,0.000000000,-0.354926655,-0.011560534,0.206278921,0.000925485,0.398572836,0.358432352,0.052911421
5.100000000,0,5.100000000,sample,0.216533105,0.000000237,0.216033905,0.216033339,0.000000566,0.566318653,0.000003539,0,0,1.500000000,0.080000000,0.000000000,0.000000000,0.000904672,0.000000000,0.001653458,0.000000000,0.000000000,0.000000000,0.001147638,0.788290145,3,61.325680049,0,0.000000000,0.309872523,0.167540120,0.311189862,0.168075860,0.391715870,0.033888813,0.626577188,0.147888836,0.437029675,0.000000000,0.431345420,2.000000000,0.006155830,0.123116594,0.013340314,1.000000000,0.803918460,0.642058886,0.678782920,0.000000000,0.823482235,0.642465639,0.679590560,1,0,0,0.000000000,0.049437646,-0.267434220,0.148512079,-0.121406346,-0.015821933,0.114367204,0.298489742,12.121815844,0.018054606,-130.918069409,-0.114197395,142.886181685,44.839019231,-0.000430178,-0.000000829,0.000898724,0.000415373,0.000201110,0.000086603,0.000322235,0.000000000,0.000000000,0.000000000,0.000000000,0.000000000,0.000000000,0.000000000,-0.000615841,0.000000058,0.000609651,0.000000079,-0.000212253,-0.000000242,0.000149818,0.000000000,0.000000000,0.000000000,0.000000000,0.000000000,0.000000000,0.000000000,-0.355076840,-0.006706614,0.208281764,-0.001995790,0.400263799,0.358337743,0.051179957
5.150000000,0,5.150000000,sample,0.216533115,0.000000197,0.216033932,0.216033316,0.000000616,0.615632916,0.000003848,0,0,1.500000000,0.080000000,0.000000000,0.000000000,0.001336225,0.000000000,0.001785994,0.000000000,0.000000000,0.000000000,0.002619797,0.510049138,2,45.564005395,0,0.000000000,0.307132440,0.167779742,0.312577858,0.167968006,1.117580709,0.144826203,0.583456012,0.156066524,0.390574078,0.000000000,0.378838130,2.000000000,0.013815040,0.276300796,0.029937870,1.000000000,0.788650602,0.644310566,0.678068456,0.000000000,0.804620220,0.647004817,0.681203810,1,0,0,0.000000000,0.048912570,-0.265790871,0.145921585,-0.121476496,-0.015614764,0.114672062,0.298396702,12.121512765,0.017958897,-130.918083575,-0.114049239,142.886100087,44.839019231,-0.000902642,-0.001768392,0.000668783,0.000297588,-0.000077160,-0.000213163,0.001527789,0.000000000,0.000000000,0.000000000,0.000000000,0.000000000,0.000000000,0.000000000,-0.000909616,0.000000086,0.000900473,0.000000117,-0.000313496,-0.000000357,0.000221280,0.000000000,0.000000000,0.000000000,0.000000000,0.000000000,0.000000000,0.000000000,-0.356897359,-0.012066362,0.204691396,0.001058633,0.400241116,0.357371915,0.049479128
5.200000000,0,5.200000000,sample,0.216533229,0.000002269,0.216034049,0.216033445,0.000000604,0.603805021,0.000003774,0,0,1.500000000,0.080000000,0.000000000,0.000000000,0.000273187,0.000000000,0.001563847,0.000000000,0.000000000,0.000000000,0.001400437,0.195072999,7,54.369395499,0,0.000000000,0.310965173,0.167588004,0.310965173,0.167965115,0.441146032,0.079082816,0.641991028,0.155673569,0.459144666,0.000000000,0.440744663,2.000000000,0.024471742,0.489434837,0.053033185,1.000000000,0.786611393,0.639589306,0.677603326,0.000000000,0.810681502,0.645453066,0.680846826,1,0,0,0.000000000,0.050553616,-0.267622246,0.150073330,-0.121537161,-0.016019386,0.114270892,0.298584001,12.121911553,0.017958897,-130.918169840,-0.113945615,142.886181685,44.838722231,0.000421628,0.000226956,0.000016312,-0.000389088,0.000716680,0.000018805,0.001032621,0.000000000,0.000000000,0.000000000,0.000000000,0.000000000,0.000000000,0.000000000,0.000185968,-0.000000017,-0.000184099,-0.000000024,0.000064095,0.000000073,-0.000045242,0.000000000,0.000000000,0.000000000,0.000000000,0.000000000,0.000000000,0.000000000,-0.358785712,-0.012953008,0.199894995,0.000472530,0.399948694,0.357291356,0.051739691
5.250000000,0,5.250000000,sample,0.216533110,-0.000002381,0.216033903,0.216033351,0.000000552,0.551968222,0.000003450,0,0,1.500000000,0.080000000,0.000000000,0.000000000,0.000146304,0.000000000,0.001935287,0.000000000,0.000000000,0.000000000,0.000906103,0.161464705,1,47.530228074,0,0.000000000,0.310333736,0.167596088,0.311698727,0.167975911,0.566274072,0.037573769,0.646743063,0.143688895,0.457541694,0.000000000,0.427091561,2.000000000,0.038060234,0.761204675,0.082480793,1.000000000,0.783167741,0.629868016,0.674347005,0.000000000,0.799668168,0.639981007,0.678336762,1,0,0,0.000000000,0.049435316,-0.267728323,0.148945367,-0.121482091,-0.015830287,0.114367619,0.298507997,12.121870232,0.018054606,-130.918069409,-0.114071844,142.886228312,44.838937633,0.000624687,0.000333470,0.000386704,0.000132013,0.000115464,0.000252781,0.000274571,0.000000000,0.000000000,0.000000000,0.000000000,0.000000000,0.000000000,0.000000000,0.000099594,-0.000000009,-0.000098593,-0.000000013,0.000034326,0.000000039,-0.000024229,0.000000000,0.000000000,0.000000000,0.000000000,0.000000000,0.000000000,0.000000000,-0.349444314,-0.015154618,0.207224866,0.003250540,0.399272649,0.356455676,0.054505815
5.300000000,0,5.300000000,sample,0.216533353,0.000004863,0.216034228,0.216033522,0.000000706,0.706104448,0.000004413,0,0,1.500000000,0.080000000,0.000000000,0.000000000,0.000211600,0.000000000,0.001801953,0.000000000,0.000000000,0.000000000,0.001653607,0.127962833,7,36.024090886,0,0.000000000,0.309557070,0.167457904,0.311942119,0.167961919,1.016788521,0.112829149,0.633531541,0.145641149,0.477199221,0.000000000,0.446739823,2.000000000,0.054496738,1.089934758,0.118102023,1.000000000,0.780858895,0.633104856,0.675760434,0.000000000,0.802472932,0.638197682,0.676872635,1,0,0,0.000000000,0.052050233,-0.264621093,0.151960618,-0.121341900,-0.016317689,0.114245464,0.298396894,12.122024724,0.017858667,-130.918276779,-0.114232338,142.886102336,44.838640383,-0.000529003,0.000910858,0.000014979,-0.000766539,-0.000024332,-0.000226850,-0.000992496,0.000000000,0.000000000,0.000000000,0.000000000,0.000000000,0.000000000,0.000000000,-0.000144043,0.000000014,0.000142595,0.000000019,-0.000049646,-0.000000057,0.000035043,0.000000000,0.000000000,0.000000000,0.000000000,0.000000000,0.000000000,0.000000000,-0.349314438,-0.017561656,0.207162411,0.006166810,0.400376770,0.358068869,0.053422917
5.350000000,0,5.350000000,sample,0.216533221,-0.000002635,0.216034044,0.216033423,0.000000621,0.621093682,0.000003882,0,0,1.500000000,0.080000000,0.000000000,0.000000000,0.000637339,0.000000000,0.001566633,0.000000000,0.000000000,0.000000000,0.001750994,0.363987040,7,79.926157760,0,0.000000000,0.309488554,0.167661502,0.312552033,0.167998375,0.397828325,0.126237007,0.601248683,0.158900893,0.416457968,0.000000000,0.384116459,2.000000000,0.073679918,1.473598356,0.159670693,1.000000000,0.788274710,0.631870100,0.673717319,0.000000000,0.811097631,0.635745463,0.676581390,1,0,0,0.000000000,0.049998288,-0.267003815,0.148298009,-0.121447195,-0.015842633,0.114498773,0.298533225,12.121720135,0.017958730,-130.918165118,-0.114095673,142.886161123,44.839019231,-0.000526031,-0.000501499,0.000091810,0.000146691,0.000178503,-0.000159499,0.001565414,0.000000000,0.000000000,0.000000000,0.000000000,0.000000000,0.000000000,0.000000000,-0.000433859,0.000000041,0.000429498,0.000000056,-0.000149531,-0.000000170,0.000105546,0.000000000,0.000000000,0.000000000,0.000000000,0.000000000,0.000000000,0.000000000,-0.346381794,-0.014314149,0.204097556,0.009485987,0.400905520,0.358263361,0.053722584
5.400000000,0,5.400000000,sample,0.216533211,-0.000000197,0.216034013,0.216033439,0.000000574,0.573742998,0.000003586,0,0,1.500000000,0.080000000,0.000000000,0.000000000,0.001025666,0.000000000,0.004278500,0.000000000,0.000000000,0.000000000,0.002502902,0.409790868,1,30.447712472,0,0.000000000,0.312445129,0.167327686,0.312445129,0.167834623,0.996228906,0.156549071,0.654248616,0.132999051,0.472052369,0.000000000,0.411489781,2.000000000,0.095491503,1.909830056,0.206938259,1.000000000,0.975622172,0.672194315,0.682518937,0.000000000,0.975622172,0.672194315,0.682518937,1,0,0,0.000000000,0.050409847,-0.270259758,0.148460328,-0.121507441,-0.015951129,0.113930057,0.298818757,12.121719968,0.018013389,-130.918165118,-0.114014296,142.886053792,44.838724230,0.001381088,-0.001348155,0.000229999,-0.000484704,0.000148646,-0.000828513,-0.001242267,0.000000000,0.000000000,0.000000000,0.000000000,0.000000000,0.000000000,0.000000000,0.000698207,-0.000000066,-0.000691189,-0.000000090,0.000240638,0.000000274,-0.000169854,0.000000000,0.000000000,0.000000000,0.000000000,0.000000000,0.000000000,0.000000000,-0.378460368,0.081231244,0.170793336,-0.038663520,0.400153201,0.350077187,0.051570162
5.450000000,0,5.450000000,sample,0.216533102,-0.000002193,0.216033969,0.216033270,0.000000699,0.698786636,0.000004367,0,0,1.500000000,0.080000000,0.000000000,0.000000000,0.000015324,0.000000000,0.001934147,0.000000000,0.000000000,0.000000000,0.001248625,0.012272968,7,73.332854841,0,0.000000000,0.310426983,0.167573562,0.313511498,0.167819706,0.404501233,0.040038161,0.632010894,0.150342957,0.440394762,0.000000000,0.403712951,2.000000000,0.119797017,2.395940344,0.259612412,1.000000000,0.779576471,0.620838965,0.665742658,0.000000000,0.970590108,0.675913281,0.686110510,1,0,0,0.000000000,0.049591028,-0.268013504,0.148574572,-0.121458310,-0.015863199,0.114355309,0.298763110,12.121815844,0.017836766,-130.918069409,-0.114034696,142.886140886,44.838937633,0.000395358,0.000064141,0.000228181,0.000403171,0.000197918,-0.000039386,0.001069255,0.000000000,0.000000000,0.000000000,0.000000000,0.000000000,0.000000000,0.000000000,-0.000010432,0.000000001,0.000010327,0.000000001,-0.000003595,-0.000000004,0.000002538,0.000000000,0.000000000,0.000000000,0.000000000,0.000000000,0.000000000,0.000000000,-0.329639059,-0.019309328,0.212391877,0.005004362,0.398677392,0.356875344,0.052340241
5.500000000,0,5.500000000,sample,0.216533125,0.000000461,0.216033996,0.216033292,0.000000704,0.703661535,0.000004398,0,0,1.500000000,0.080000000,0.000000000,0.000000000,0.000377298,0.000000000,0.001681588,0.000000000,0.000000000,0.000000000,0.001254257,0.300813612,7,41.405813060,0,0.000000000,0.312352024,0.167484263,0.314785769,0.167804535,0.572855244,0.084461714,0.616875170,0.153257579,0.440428345,0.000000000,0.436080640,2.000000000,0.146446609,2.928932188,0.317367274,1.000000000,0.782131027,0.620267072,0.666588952,0.000000000,0.792117237,0.622774163,0.668526391,1,0,0,0.000000000,0.049785575,-0.269714251,0.149463729,-0.121390117,-0.015911403,0.114290179,0.298946162,12.121911553,0.017849048,-130.918083575,-0.114151080,142.886201922,44.839160570,-0.000517766,0.000667354,-0.000239756,-0.000114588,-0.000225022,0.000295109,0.000807081,0.000000000,0.000000000,0.000000000,0.000000000,0.000000000,0.000000000,0.000000000,-0.000256839,0.000000024,0.000254257,0.000000033,-0.000088522,-0.000000101,0.000062483,0.000000000,0.000000000,0.000000000,0.000000000,0.000000000,0.000000000,0.000000000,-0.336138090,-0.017462542,0.201603455,0.001914350,0.399977606,0.357021066,0.054344552
5.550000000,0,5.550000000,sample,0.216533120,-0.000000101,0.216034011,0.216033283,0.000000728,0.728473610,0.000004553,0,0,1.500000000,0.080000000,0.000000000,0.000000000,0.000267563,0.000000000,0.005067658,0.000000000,0.000000000,0.000000000,0.003220848,0.083072267,6,52.015875210,0,0.000000000,0.315590861,0.167136998,0.317918245,0.167436438,1.270570597,0.226982756,0.656438932,0.146218168,0.511254043,0.000000000,0.509905466,2.000000000,0.175275976,3.505519517,0.379850391,1.000000000,0.742190958,0.631729156,0.676756036,0.000000000,0.973702174,0.642817373,0.677478741,1,0,0,0.000000000,0.050672872,-0.272172626,0.151498889,-0.121411922,-0.016183796,0.113718979,0.299252888,12.122120489,0.017804414,-130.918084100,-0.114097656,142.886140146,44.838809407,-0.000034708,0.001931622,-0.000285267,0.000394845,-0.000259567,-0.002322941,-0.000969941,0.000000000,0.000000000,0.000000000,0.000000000,0.000000000,0.000000000,0.000000000,0.000182139,-0.000000017,-0.000180308,-0.000000023,0.000062777,0.000000072,-0.000044311,0.000000000,0.000000000,0.000000000,0.000000000,0.000000000,0.000000000,0.000000000,-0.357041145,-0.036005428,0.186490888,0.019953233,0.401244567,0.360840162,0.053330618
5.600000000,0,5.600000000,sample,0.216533102,-0.000000359,0.216033959,0.216033281,0.000000678,0.678123937,0.000004238,0,0,1.500000000,0.080000000,0.000000000,0.000000000,0.001252260,0.000000000,0.002460762,0.000000000,0.000000000,0.000000000,0.001541520,0.812354094,3,34.678239361,0,0.000000000,0.316622299,0.166936342,0.319044187,0.167471648,0.448245328,0.059874492,0.640066362,0.143290381,0.463608812,0.000000000,0.490693231,2.000000000,0.206107374,4.122147477,0.446656287,1.000000000,0.777543860,0.623464212,0.665126818,0.000000000,0.901306019,0.634655582,0.677282831,1,0,0,0.000000000,0.049672074,-0.275080243,0.148705160,-0.121476493,-0.015878660,0.113397849,0.299495449,12.121829926,0.017863170,-130.918069409,-0.114014268,142.886140886,44.838721981,0.000757078,0.000716433,-0.000907774,-0.000007354,0.000078039,-0.000206497,-0.000645757,0.000000000,0.000000000,0.000000000,0.000000000,0.000000000,0.000000000,0.000000000,0.000852456,-0.000000080,-0.000843888,-0.000000110,0.000293804,0.000000335,-0.000207381,0.000000000,0.000000000,0.000000000,0.000000000,0.000000000,0.000000000,0.000000000,-0.334712390,-0.018261227,0.197192626,0.002935954,0.401808977,0.356224226,0.052802676
5.650000000,0,5.650000000,sample,0.216533107,0.000000116,0.216034011,0.216033246,0.000000765,0.765399142,0.000004784,0,0,1.500000000,0.080000000,0.000000000,0.000000000,0.000322004,0.000000000,0.001627930,0.000000000,0.000000000,0.000000000,0.001772213,0.181696025,3,40.302917062,0,0.000000000,0.316823790,0.167040124,0.320980876,0.167247950,0.993624363,0.126018465,0.584126166,0.153647112,0.400538602,0.000000000,0.516656380,2.000000000,0.238750718,4.775014353,0.517401834,1.000000000,0.944782371,0.634967267,0.659363352,0.000000000,0.958183456,0.637717240,0.666855754,1,0,0,0.000000000,0.050001536,-0.274756696,0.149619244,-0.121405733,-0.015977581,0.113612359,0.299587434,12.121925100,0.017749965,-130.918074131,-0.114090293,142.886140886,44.838978432,-0.000330785,-0.001024009,-0.001125082,-0.000027774,-0.000358585,-0.000006988,0.000766494,0.000000000,0.000000000,0.000000000,0.000000000,0.000000000,0.000000000,0.000000000,0.000219199,-0.000000020,-0.000216996,-0.000000028,0.000075549,0.000000086,-0.000053326,0.000000000,0.000000000,0.000000000,0.000000000,0.000000000,0.000000000,0.000000000,-0.321064292,0.061571087,0.202771526,-0.035008969,0.399479573,0.351163845,0.051428166
5.700000000,0,5.700000000,sample,0.216533094,-0.000000275,0.216033928,0.216033285,0.000000643,0.643013499,0.000004019,0,0,1.500000000,0.080000000,0.000000000,0.000000000,0.000200916,0.000000000,0.001337497,0.000000000,0.000000000,0.000000000,0.001791186,0.112169382,2,63.461753512,0,0.000000000,0.320579890,0.166526235,0.323252323,0.166991224,0.951737696,0.096070937,0.638022966,0.139434606,0.442332225,0.000000000,0.534902491,2.000000000,0.273004750,5.460095003,0.591619537,1.000000000,0.752253410,0.607882637,0.656377284,0.000000000,0.929937707,0.631490175,0.662227417,1,0,0,0.000000000,0.049359835,-0.280664976,0.146840879,-0.121487638,-0.015751132,0.112799125,0.300044805,12.121614518,0.017913631,-130.918069410,-0.114014268,142.886053709,44.838721981,0.000367030,-0.001426910,0.000298261,0.000325736,0.000169333,-0.000594052,-0.000678917,0.000000000,0.000000000,0.000000000,0.000000000,0.000000000,0.000000000,0.000000000,0.000136771,-0.000000013,-0.000135396,-0.000000018,0.000047138,0.000000054,-0.000033272,0.000000000,0.000000000,0.000000000,0.000000000,0.000000000,0.000000000,0.000000000,-0.312294588,-0.033676963,0.206088429,0.010724530,0.399467730,0.356802667,0.051952140
5.750000000,0,5.750000000,sample,0.216533220,0.000002524,0.216034034,0.216033439,0.000000595,0.594668454,0.000003717,0,0,1.500000000,0.080000000,0.000000000,0.000000000,0.000531846,0.000000000,0.002503867,0.000000000,0.000000000,0.000000000,0.001723195,0.308639633,3,47.305740905,0,0.000000000,0.326467167,0.166342558,0.326467167,0.166914568,1.018441692,0.058616511,0.695204616,0.140709960,0.491216724,0.000000000,0.605748936,2.000000000,0.308658284,6.173165676,0.668894788,1.000000000,0.769465904,0.616282049,0.660005455,0.000000000,0.796965074,0.623454384,0.664573420,1,0,0,0.000000000,0.050485102,-0.285888045,0.149332151,-0.121479989,-0.015967761,0.112505509,0.300533272,12.121829441,0.017989268,-130.918165118,-0.114050020,142.886147632,44.839019231,0.000677233,-0.000364932,0.001185199,-0.000175777,-0.000151426,-0.000032710,0.000958116,0.000000000,0.000000000,0.000000000,0.000000000,0.000000000,0.000000000,0.000000000,-0.000362046,0.000000034,0.000358407,0.000000047,-0.000124781,-0.000000142,0.000088077,0.000000000,0.000000000,0.000000000,0.000000000,0.000000000,0.000000000,0.000000000,-0.332447845,-0.022965005,0.184098376,0.012698328,0.399326308,0.358269814,0.051826825
5.800000000,0,5.800000000,sample,0.216533385,0.000003303,0.216034321,0.216033480,0.000000841,0.840526200,0.000005253,0,0,1.500000000,0.080000000,0.000000000,0.000000000,0.003124584,0.000000000,0.003124584,0.000000000,0.000000000,0.000000000,0.003634725,0.859647848,1,81.896802717,0,0.000000000,0.332004315,0.165967225,0.332788658,0.166502279,1.149459621,0.096155936,0.720644971,0.136491238,0.517341555,0.000000000,0.669507864,2.000000000,0.345491503,6.909830056,0.748721180,1.000000000,0.797409649,0.596883654,0.647095351,0.000000000,0.802126241,0.616228659,0.660000427,1,0,0,0.000000000,0.051490715,-0.291254605,0.150818853,-0.121446963,-0.016090859,0.111968027,0.301488574,12.121911553,0.017622678,-130.918293148,-0.113975729,142.886235059,44.839019240,0.003289312,0.000767558,-0.001227090,0.000005882,0.000366573,0.000367001,0.000166311,0.000000000,0.000000000,0.000000000,0.000000000,0.000000000,0.000000000,0.000000000,0.002127011,-0.000000197,-0.002105628,-0.000000273,0.000733092,0.000000834,-0.000517452,0.000000000,0.000000000,0.000000000,0.000000000,0.000000000,0.000000000,0.000000000,-0.296572985,-0.015180155,0.204967030,0.005676839,0.397562284,0.357322845,0.052605386
5.850000000,0,5.850000000,sample,0.216533102,-0.000005667,0.216033937,0.216033305,0.000000632,0.631710309,0.000003948,0,0,1.500000000,0.080000000,0.000000000,0.000000000,0.002881936,0.000000000,0.006454017,0.006454017,-0.005902726,0.006454017,0.004923832,0.585303563,1,94.929439610,0,0.000000000,0.401785715,0.160253064,0.402391989,0.166039080,2.988832337,0.312534768,0.933309741,0.118325998,0.692233079,0.000000000,0.681775095,2.000000000,0.383277318,7.665546361,0.830603718,1.000000000,0.807439860,0.567164350,0.633901481,0.000000000,0.903290923,0.611598037,0.655088332,1,0,0,0.000000000,0.050272623,-0.369747719,0.148966603,-0.121388259,-0.015916463,0.103405034,0.309623750,12.121858146,0.017959150,-130.918069409,-0.114190291,142.886140886,44.839091820,0.004797375,-0.000070957,0.000678455,0.000833997,0.000240438,-0.000000243,-0.000103024,0.000000000,0.000000000,0.000000000,0.000000000,0.000000000,0.000000000,0.000000000,0.001961833,-0.000000185,-0.001942112,-0.000000253,0.000676158,0.000000771,-0.000477265,0.000000000,0.000000000,0.000000000,0.000000000,0.000000000,0.000000000,0.000000000,-0.264551530,-0.018351075,0.225291404,0.010760171,0.386929416,0.357829638,0.053650662
5.900000000,0,5.900000000,sample,0.216532988,-0.000002281,0.216034004,0.216033015,0.000000989,0.989273594,0.000006183,0,0,1.500000000,0.080000000,0.000000000,0.000000000,0.002395142,0.000000000,0.010113494,0.010113494,-0.010113494,0.000000000,0.004729323,0.506444925,1,76.208421958,0,0.000000000,0.509799530,0.152930139,0.509799530,0.160214035,2.875860820,0.410169087,1.144239526,0.110349857,0.875911666,0.000000000,0.754149482,2.000000000,0.421782767,8.435655350,0.914053606,1.000000000,0.828740957,0.543707310,0.622088360,0.000000000,0.849644124,0.614144521,0.661735109,1,0,0,0.000000000,0.050154470,-0.485026953,0.148758006,-0.121376810,-0.015845104,0.091674589,0.322607354,12.121911553,0.017415039,-130.917973700,-0.114015062,142.886181685,44.839672994,0.004128578,-0.000358330,0.001054837,0.000819888,-0.000024425,0.000314760,-0.001818894,0.000000000,0.000000000,0.000000000,0.000000000,0.000000000,0.000000000,0.000000000,0.001630454,-0.000000150,-0.001614065,-0.000000210,0.000561949,0.000000640,-0.000396650,0.000000000,0.000000000,0.000000000,0.000000000,0.000000000,0.000000000,0.000000000,-0.225702771,-0.018071856,0.235680185,0.006312662,0.386103173,0.357650691,0.056133043
5.950000000,0,5.950000000,sample,0.216533356,0.000007369,0.216034710,0.216033041,0.000001669,1.668551879,0.000010428,1,1,1.500000000,0.080000000,1.500000000,-0.003527628,0.002351752,-0.002351752,0.014458775,0.010211926,-0.010211926,0.001312330,0.009264797,0.253837409,5,73.234045186,1,46.339878210,0.577153884,0.148291577,0.577641144,0.152879178,0.928575784,0.667674898,1.195309001,0.069150067,0.958997065,1.500000000,0.945807041,2.000000000,0.460770452,9.215409043,0.998548921,1.000000000,0.789282638,0.548558415,0.625203522,0.231887291,0.990912709,0.551776016,0.650390821,1,0,0,0.000000000,0.053305084,-0.554427312,0.151246584,-0.120973632,-0.016234355,0.084215306,0.331097172,12.121954415,0.016492011,-130.918276780,-0.114355344,142.886143134,44.840072429,0.003983959,0.000493408,-0.001779347,-0.000626401,-0.007928525,-0.000035548,-0.001816548,-0.680734002,0.000060440,0.673890576,0.000087773,-0.234620963,-0.000267923,0.165606856,0.001600918,-0.000000142,-0.001584824,-0.000000206,0.000551770,0.000000630,-0.000389466,-1.021101004,0.000090660,1.010835863,0.000131660,-0.351931444,-0.000401884,0.248410283,-0.302406490,-0.016404059,0.156541938,0.003960627,0.379110877,0.357166407,0.057850685
6.000000000,0,6.000000000,sample,0.216533109,-0.000004932,0.216034176,0.216033090,0.000001087,1.086699508,0.000006792,1,1,1.500000000,0.080000000,1.500000000,0.004813846,0.003209231,0.003209231,0.012385843,0.012385843,-0.012385843,0.006022818,0.003836508,0.836497970,1,63.715690557,1,46.339794105,0.598468055,0.147680973,0.599610655,0.148822777,0.600033055,0.030115692,1.171616338,0.132751929,0.847905663,1.500000000,0.890915128,2.000000000,0.500000000,10.000000000,1.083573227,1.000000000,0.845875985,0.509528650,0.610157416,0.243503598,0.962259033,0.546215943,0.625737957,1,0,0,0.000000000,0.051731246,-0.576886580,0.150631221,-0.121201123,-0.016041367,0.082841006,0.332645802,12.122052056,0.017315547,-130.918069409,-0.114262723,142.886228312,44.840978234,-0.003062381,0.000648012,0.001917840,0.000372948,0.000039250,0.000429915,-0.000957665,-0.680733385,0.000062480,0.673890155,0.000087703,-0.234623019,-0.000267708,0.165608193,-0.002184631,0.000000201,0.002162669,0.000000281,-0.000752959,-0.000000859,0.000531475,-1.021100077,0.000093720,1.010835232,0.000131555,-0.351934529,-0.000401561,0.248412289,-0.231461085,-0.009699248,0.238975852,0.004219723,0.362006321,0.356166366,0.059945324
6.050000000,0,6.050000000,sample,0.216533221,0.000002237,0.216034048,0.216033431,0.000000617,0.616925507,0.000003856,0,0,1.500000000,0.080000000,0.000000000,0.000000000,0.000662889,0.000000000,0.010445175,0.010445175,-0.010124016,0.010445175,0.001785385,0.371286569,3,43.228378137,0,0.000000000,0.620503001,0.147328423,0.620503001,0.147868654,0.971909026,0.055946106,1.276801984,0.126755662,0.934260652,0.000000000,0.921070662,2.000000000,0.539229548,10.784590957,1.168571094,1.000000000,0.784950363,0.524633498,0.625595525,0.000000000,0.947467566,0.567432625,0.660151351,1,0,0,0.000000000,0.052556074,-0.599880630,0.149683209,-0.121261606,-0.016073113,0.082115419,0.334408628,12.121856106,0.018014489,-130.918169840,-0.114397117,142.886100096,44.842806058,0.000372871,-0.000982239,0.001173860,-0.000091150,0.000018708,-0.000283747,0.000785273,0.000000000,0.000000000,0.000000000,0.000000000,0.000000000,0.000000000,0.000000000,-0.000451252,0.000000043,0.000446715,0.000000058,-0.000155526,-0.000000178,0.000109778,0.000000000,0.000000000,0.000000000,0.000000000,0.000000000,0.000000000,0.000000000,-0.327417730,-0.017019699,0.158024901,0.002572803,0.357073990,0.357207833,0.061643836
6.100000000,0,6.100000000,sample,0.216533109,-0.000002246,0.216034542,0.216032703,0.000001839,1.839399440,0.000011496,1,1,1.500000000,0.080000000,1.500000000,-0.021086601,0.014057734,-0.014057734,0.014057734,0.014057734,-0.014057734,0.006798145,0.015177189,0.926240928,1,66.082056214,1,46.339955760,0.633373172,0.147982705,0.633373172,0.148836713,1.697706879,0.285664667,1.340788533,0.095111556,1.005002327,1.500000000,0.790858124,2.000000000,0.578217233,11.564344650,1.253050006,1.000000000,0.820442663,0.509713571,0.620782186,0.270782227,0.880096943,0.531264358,0.632897850,1,0,0,0.000000000,0.050971232,-0.613803059,0.147679767,-0.120833585,-0.015713232,0.083971543,0.337747913,12.121733751,0.016267989,-130.918069409,-0.114487934,142.886228312,44.846366966,0.012337669,-0.000299768,-0.008767422,0.000444722,-0.000895517,0.000340098,0.000236741,-0.680734572,0.000059903,0.673891909,0.000087874,-0.234617357,-0.000268229,0.165604195,0.009569586,-0.000000842,-0.009473393,-0.000001235,0.003298188,0.000003771,-0.002328020,-1.021101858,0.000089854,1.010837864,0.000131811,-0.351926035,-0.000402343,0.248406293,-0.303632465,-0.005866687,0.200921828,0.000980849,0.349372395,0.355661174,0.064938017
6.150000000,0,6.150000000,sample,0.216533111,0.000000047,0.216034223,0.216033049,0.000001174,1.173850151,0.000007337,1,1,1.500000000,0.080000000,1.500000000,0.003782132,0.002521422,0.002521422,0.012621420,0.012621420,-0.012621420,0.007076047,0.003605310,0.699363358,1,76.637553038,1,46.339777909,0.644936653,0.148232433,0.645816445,0.148909053,1.294760861,0.228325437,1.234207090,0.153446922,0.867232728,1.500000000,0.806311264,2.000000000,0.616722682,12.334453639,1.336532986,1.000000000,0.913677308,0.478313416,0.618266637,0.257574689,0.954734078,0.510384698,0.630197309,1,0,0,0.000000000,0.052128886,-0.624854073,0.150941222,-0.121089009,-0.016065945,0.083977328,0.337942769,12.122084364,0.017209923,-130.918070983,-0.114383580,142.886228312,44.847404822,-0.003156192,0.000939646,0.000690350,0.000226851,0.000901806,0.000541563,0.000720547,-0.680733266,0.000062237,0.673889976,0.000087796,-0.234623593,-0.000267991,0.165608598,-0.001716416,0.000000157,0.001699161,0.000000221,-0.000591585,-0.000000676,0.000417569,-1.021099899,0.000093355,1.010834963,0.000131694,-0.351935390,-0.000401987,0.248412897,-0.150006036,-0.017052651,0.334147485,-0.000716734,0.341961945,0.356037661,0.064071727
6.200000000,0,6.200000000,sample,0.216533102,-0.000000197,0.216034174,0.216033071,0.000001103,1.102880018,0.000006893,1,1,1.500000000,0.080000000,1.500000000,-0.001380744,0.000920496,-0.000920496,0.006318024,0.006318024,-0.006318024,0.003448321,0.001416841,0.649681904,3,40.510346053,1,46.339874783,0.666088115,0.147154224,0.668089607,0.148186720,0.241417072,0.066623128,1.322808210,0.132704372,0.952953311,1.500000000,0.750507834,2.000000000,0.654508497,13.090169944,1.418401323,1.000000000,0.867350336,0.469069276,0.608326353,0.255013762,0.910776532,0.499548752,0.618180644,1,0,0,0.000000000,0.052038849,-0.647013610,0.149461445,-0.120971923,-0.015978987,0.082248596,0.340209718,12.121911552,0.017351852,-130.918069410,-0.114624306,142.886140886,44.848274122,0.000607097,0.000239849,-0.000901787,0.000404082,0.000111723,0.000085659,0.000764868,-0.680733977,0.000062631,0.673891053,0.000087979,-0.234620143,-0.000268552,0.165606178,0.000626613,-0.000000058,-0.000620314,-0.000000081,0.000215967,0.000000247,-0.000152440,-1.021100966,0.000093946,1.010836579,0.000131969,-0.351930214,-0.000402828,0.248409267,-0.188983727,-0.024071555,0.290404790,0.003002919,0.341774094,0.358108472,0.066117275
6.250000000,0,6.250000000,sample,0.216533097,-0.000000082,0.216034421,0.216032829,0.000001592,1.592165804,0.000009951,1,1,1.500000000,0.080000000,1.500000000,0.000068459,0.000045640,0.000045640,0.007325625,0.007325625,-0.007325625,0.004223850,0.002255652,0.020233425,7,49.683151209,1,46.339796376,0.686047779,0.146427153,0.686047779,0.147254943,1.004595234,0.045944787,1.422225686,0.126518865,1.047064671,1.500000000,0.727523385,2.000000000,0.691341716,13.826834324,1.498244212,1.000000000,0.867412779,0.467292277,0.596885437,0.246036374,0.944301084,0.473485890,0.617120794,1,0,0,0.000000000,0.052812969,-0.667128318,0.151036927,-0.120912150,-0.016182989,0.080989346,0.343128910,12.122074718,0.016619814,-130.918069409,-0.114461739,142.886100087,44.849088170,0.001111777,0.000707852,0.000707116,0.000368040,-0.000266271,-0.000341517,0.001589925,-0.680733401,0.000060778,0.673890211,0.000087856,-0.234622868,-0.000268174,0.165608110,-0.000031068,0.000000003,0.000030756,0.000000004,-0.000010708,-0.000000012,0.000007558,-1.021100102,0.000091166,1.010835317,0.000131784,-0.351934302,-0.000402261,0.248412165,-0.217042953,-0.006886361,0.248469815,0.000418977,0.341402758,0.355495836,0.066682849
6.300000000,0,6.300000000,sample,0.216533223,0.000002509,0.216034288,0.216033196,0.000001092,1.091535189,0.000006822,1,1,1.500000000,0.080000000,1.500000000,-0.002213412,0.001475608,-0.001475608,0.004405693,0.004405693,-0.003913744,0.004405693,0.003378157,0.436808559,1,88.588367304,1,46.339875214,0.707499385,0.147619884,0.708554249,0.148544993,2.164326980,0.225530584,1.520061635,0.114128800,1.147557012,1.500000000,0.685791776,2.000000000,0.726995250,14.539904997,1.575492315,1.000000000,0.827604868,0.462358708,0.602199855,0.266346866,0.956576593,0.477197461,0.623201066,1,0,0,0.000000000,0.052969531,-0.689347109,0.150167147,-0.120897885,-0.016039614,0.083174890,0.344751501,12.121925168,0.017386316,-130.918165118,-0.114734137,142.886181685,44.853863665,0.003179569,0.000403345,0.000864719,0.000413815,-0.000244334,0.000272245,0.000294624,-0.680733980,0.000062735,0.673890811,0.000088064,-0.234620582,-0.000268810,0.165606526,0.001004497,-0.000000093,-0.000994399,-0.000000130,0.000346208,0.000000397,-0.000244370,-1.021100971,0.000094103,1.010836217,0.000132096,-0.351930873,-0.000403214,0.248409788,-0.246362581,-0.020541096,0.245285472,0.009653509,0.331004120,0.356669802,0.067029690
6.350000000,0,6.350000000,sample,0.216533215,-0.000000149,0.216034291,0.216033168,0.000001123,1.122743783,0.000007017,1,1,1.500000000,0.080000000,1.500000000,0.000659239,0.000439493,0.000439493,0.005213712,0.005213712,-0.002453793,0.005213712,0.003548133,0.123865931,7,88.697077658,1,46.339987929,0.710697770,0.148839475,0.714494469,0.148839475,0.439291524,0.205081145,1.412396767,0.147405279,0.997170811,1.500000000,0.715527806,2.000000000,0.761249282,15.224985647,1.649697892,1.000000000,0.897001148,0.447846957,0.602972909,0.257571677,0.909065794,0.471013118,0.605983216,1,0,0,0.000000000,0.052658933,-0.693035963,0.148389729,-0.120948910,-0.015910860,0.085272477,0.345204149,12.121720153,0.017321986,-130.918165118,-0.114617773,142.886100836,44.856258103,-0.000008189,-0.001106103,-0.000168649,-0.000376646,0.000024531,-0.000168868,0.003341601,-0.680734808,0.000062554,0.673892054,0.000087973,-0.234616589,-0.000268533,0.165603723,-0.000299178,0.000000027,0.000296171,0.000000039,-0.000103112,-0.000000118,0.000072782,-1.021102213,0.000093831,1.010838080,0.000131960,-0.351924884,-0.000402799,0.248405585,-0.168137654,-0.019638716,0.309268545,0.007120410,0.326901103,0.357129068,0.069405646
6.400000000,0,6.400000000,sample,0.216533101,-0.000002283,0.216034385,0.216032862,0.000001523,1.522582108,0.000009516,1,1,1.500000000,0.080000000,1.500000000,0.000926931,0.000617954,0.000617954,0.013163417,0.013163417,-0.013163417,0.002346653,0.001340796,0.460885851,3,47.938118087,1,46.339854122,0.733918765,0.148981494,0.734262246,0.149668552,0.496872941,0.036335694,1.491476856,0.131965486,1.092923531,1.500000000,0.688823853,2.000000000,0.793892626,15.877852523,1.720472743,1.000000000,0.903830721,0.450317145,0.605103791,0.255540422,0.951472099,0.456673530,0.609385611,1,0,0,0.000000000,0.052588962,-0.716532748,0.149839834,-0.120839590,-0.016002800,0.085657396,0.348343793,12.121952344,0.016740097,-130.918069409,-0.114582514,142.886140886,44.859185521,-0.000172541,0.000657027,0.000928332,0.000450603,0.000519339,0.000036358,-0.000020031,-0.680733826,0.000061097,0.673890828,0.000087948,-0.234620867,-0.000268455,0.165606690,-0.000420662,0.000000038,0.000416434,0.000000054,-0.000144985,-0.000000166,0.000102337,-1.021100738,0.000091646,1.010836242,0.000131922,-0.351931301,-0.000402682,0.248410035,-0.157361240,-0.021442308,0.317864095,0.001755776,0.327557104,0.357841643,0.067404017
6.450000000,0,6.450000000,sample,0.216533098,-0.000000067,0.216034196,0.216033045,0.000001151,1.150813157,0.000007193,1,1,1.500000000,0.080000000,1.500000000,0.002002223,0.001334815,0.001334815,0.002020983,0.002020983,-0.001356900,0.002020983,0.007479807,0.178455866,6,95.936478025,1,46.339881221,0.740719450,0.151641092,0.746097608,0.151641092,1.816412733,0.440721630,1.488582835,0.154504775,1.114811078,1.500000000,0.780381816,2.000000000,0.824724024,16.494480483,1.787282782,1.000000000,0.881134300,0.454538112,0.612939494,0.285072778,0.908296420,0.459253966,0.613121624,1,0,0,0.000000000,0.052744041,-0.723541590,0.149569170,-0.120836316,-0.016013714,0.090206244,0.348526900,12.121912056,0.017305424,-130.918070983,-0.114761855,142.886080173,44.864613483,-0.000982926,0.000233852,0.000653379,-0.000081342,-0.000368939,-0.007326259,0.000826422,-0.680734025,0.000062538,0.673891134,0.000088085,-0.234619890,-0.000268874,0.165606012,-0.000908654,0.000000083,0.000899520,0.000000118,-0.000313174,-0.000000359,0.000221053,-1.021101037,0.000093807,1.010836701,0.000132127,-0.351929834,-0.000403311,0.248409018,-0.202125524,-0.018644533,0.313795535,0.005490214,0.321324913,0.357661713,0.069448517
6.500000000,0,6.500000000,sample,0.216533379,0.000005632,0.216034480,0.216033312,0.000001169,1.168505589,0.000007303,1,1,1.500000000,0.080000000,1.500000000,0.000699158,0.000466106,0.000466106,0.004869308,0.004869308,-0.004869308,0.001111313,0.000890389,0.523485268,3,48.533645809,1,46.339897730,0.743403569,0.154185127,0.744531136,0.154332593,0.401956971,0.017622222,1.506505945,0.134673973,1.094368341,1.500000000,0.705818088,2.000000000,0.853553391,17.071067812,1.849759766,1.000000000,0.910332475,0.437358739,0.601384094,0.262235289,0.911003003,0.454142669,0.614680398,1,0,0,0.000000000,0.054193636,-0.725907961,0.150895817,-0.120779375,-0.016123151,0.094474547,0.348805215,12.121911553,0.017291283,-130.918292615,-0.114831026,142.886181694,44.869201611,0.000049412,0.000390241,0.000620299,0.000127742,-0.000006002,0.000043018,0.000484858,-0.680734146,0.000062514,0.673890740,0.000088138,-0.234620369,-0.000269036,0.165606435,-0.000317294,0.000000029,0.000314104,0.000000041,-0.000109358,-0.000000125,0.000077190,-1.021101219,0.000093772,1.010836111,0.000132207,-0.351930553,-0.000403555,0.248409653,-0.167300405,-0.016672677,0.313862953,0.000039408,0.318520048,0.358422521,0.070453851
6.550000000,0,6.550000000,sample,0.216533227,-0.000003046,0.216034295,0.216033183,0.000001112,1.112043803,0.000006950,1,1,1.500000000,0.080000000,1.500000000,-0.000701985,0.000467990,-0.000467990,0.002197834,0.002197834,-0.001526383,0.002197834,0.001681638,0.278294371,2,71.822209602,1,46.339968606,0.744790535,0.155115348,0.746780107,0.155551050,0.944246453,0.105496745,1.504767955,0.132466162,1.088526059,1.500000000,0.691038043,2.000000000,0.880202983,17.604059656,1.907484984,1.000000000,0.892516364,0.434503298,0.607688790,0.276360421,0.925215938,0.440929591,0.608720642,1,0,0,0.000000000,0.052439560,-0.727990742,0.148298731,-0.120780060,-0.015765073,0.096043796,0.348941545,12.121731354,0.017377006,-130.918165118,-0.114856422,142.886228340,44.871011740,0.000769169,-0.001425154,0.000098118,-0.000074650,0.000145523,0.000384887,0.000143897,-0.680734666,0.000062732,0.673891813,0.000088157,-0.234617336,-0.000269092,0.165604225,0.000318577,-0.000000029,-0.000315375,-0.000000041,0.000109799,0.000000126,-0.000077501,-1.021102000,0.000094098,1.010837720,0.000132235,-0.351926003,-0.000403638,0.248406338,-0.188474888,-0.022234958,0.311799890,0.009078068,0.317869883,0.359337150,0.076173856
6.600000000,0,6.600000000,sample,0.216533098,-0.000002587,0.216034183,0.216033051,0.000001132,1.132065879,0.000007075,1,1,1.500000000,0.080000000,1.500000000,-0.001735630,0.001157086,-0.001157086,0.003335801,0.003335801,-0.003335801,0.000897141,0.003178915,0.363987845,3,83.660156014,1,46.339927730,0.746874418,0.155614327,0.750601629,0.156041453,2.223304078,0.220097093,1.383687254,0.151954665,0.961987215,1.500000000,0.805521076,2.000000000,0.904508497,18.090169944,1.960170963,1.000000000,0.901850286,0.433150912,0.603923025,0.273677750,0.916791400,0.437233302,0.606948956,1,0,0,0.000000000,0.052402169,-0.730056665,0.148636049,-0.120761500,-0.015879922,0.096851984,0.349193691,12.121815850,0.017350644,-130.918069411,-0.114871909,142.886100096,44.872058408,-0.001078622,0.000122556,-0.002907624,0.000612440,-0.000262890,-0.000164737,0.000038027,-0.680734366,0.000062669,0.673891638,0.000088169,-0.234618264,-0.000269130,0.165604860,0.000787668,-0.000000073,-0.000779751,-0.000000102,0.000271474,0.000000311,-0.000191619,-1.021101549,0.000094003,1.010837457,0.000132253,-0.351927396,-0.000403695,0.248407289,-0.188280941,-0.015686575,0.307621669,0.006393941,0.316185723,0.358745650,0.075388408
6.650000000,0,6.650000000,sample,0.216533105,0.000000150,0.216034195,0.216033057,0.000001138,1.138257187,0.000007114,1,1,1.500000000,0.080000000,1.500000000,0.000473349,0.000315566,0.000315566,0.004355730,0.004355730,-0.001319482,0.004355730,0.000677503,0.465778015,3,45.180616448,1,46.339856890,0.757930414,0.155256822,0.759450833,0.155999638,0.310511649,0.039608089,1.530391600,0.132118114,1.114083860,1.500000000,0.736987619,2.000000000,0.926320082,18.526401644,2.007459663,1.000000000,0.934309630,0.431455735,0.605026841,0.265396658,0.934309630,0.435268056,0.607296936,1,0,0,0.000000000,0.052547405,-0.741150003,0.149646104,-0.120735150,-0.015920303,0.096302899,0.350396692,12.121938218,0.017348393,-130.918069409,-0.114911568,142.886181685,44.872741858,0.000042427,0.000393771,0.000455394,0.000074042,-0.000191192,0.000225410,-0.000043876,-0.680733846,0.000062671,0.673890849,0.000088200,-0.234620790,-0.000269225,0.165606627,-0.000214817,0.000000020,0.000212657,0.000000028,-0.000074038,-0.000000085,0.000052260,-1.021100769,0.000094006,1.010836274,0.000132300,-0.351931186,-0.000403838,0.248409941,-0.154637679,-0.013814442,0.329033498,0.002786172,0.315827633,0.357984675,0.076045386
6.700000000,0,6.700000000,sample,0.216533102,-0.000000074,0.216034156,0.216033083,0.000001073,1.072602542,0.000006704,1,1,1.500000000,0.080000000,1.500000000,0.001497956,0.000998637,0.000998637,0.001801426,0.001801426,-0.001801426,0.001064212,0.001318228,0.757560207,1,47.411516968,1,46.339923363,0.770690996,0.154544680,0.774367000,0.155305027,0.501673121,0.070364911,1.524265379,0.139890080,1.092278135,1.500000000,0.756776084,2.000000000,0.945503262,18.910065242,2.049012503,1.000000000,0.889603636,0.427023382,0.594874844,0.257780694,0.932497150,0.431917871,0.604299704,1,0,0,0.000000000,0.052403599,-0.754416557,0.148573664,-0.120742866,-0.015839652,0.095154212,0.351727000,12.121815846,0.017446353,-130.918069409,-0.114932191,142.886140886,44.873035765,-0.000907680,-0.000161966,0.000385950,0.000605444,-0.000097417,-0.000119759,0.000590134,-0.680734334,0.000062918,0.673891581,0.000088215,-0.234618439,-0.000269271,0.165604975,-0.000679807,0.000000063,0.000672973,0.000000088,-0.000234299,-0.000000269,0.000165379,-1.021101501,0.000094377,1.010837371,0.000132323,-0.351927658,-0.000403907,0.248407463,-0.182210556,-0.020664068,0.291065127,0.010044489,0.317707090,0.359211545,0.073877340
6.750000000,0,6.750000000,sample,0.216532984,-0.000002353,0.216034113,0.216032888,0.000001225,1.225055631,0.000007657,1,1,1.500000000,0.080000000,1.500000000,-0.000570239,0.000380159,-0.000380159,0.002580514,0.002580514,-0.001850168,0.002580514,0.001182985,0.321355764,4,46.395001490,1,46.339957958,0.808820607,0.152224318,0.808945506,0.154732448,0.650255981,0.076227542,1.628825839,0.129547360,1.192412047,1.500000000,0.711550762,2.000000000,0.961939766,19.238795325,2.084619374,1.000000000,0.924378113,0.424784829,0.584494540,0.233721613,0.926658609,0.428474433,0.595475764,1,0,0,0.000000000,0.051589026,-0.793659069,0.147087146,-0.120856996,-0.015657768,0.091217672,0.356207306,12.121724667,0.017180169,-130.917973758,-0.114650457,142.886140886,44.873094328,0.000423981,-0.000187167,0.000136198,0.000805777,0.000334776,-0.000062096,-0.000633171,-0.680734588,0.000062206,0.673892192,0.000087998,-0.234616797,-0.000268609,0.165603771,0.000258787,-0.000000024,-0.000256186,-0.000000033,0.000089192,0.000000102,-0.000062956,-1.021101882,0.000093309,1.010838288,0.000131997,-0.351925196,-0.000402914,0.248405657,-0.156412867,-0.008023520,0.282897179,0.006379708,0.321049013,0.358732675,0.072604338
6.800000000,0,6.800000000,sample,0.216533102,0.000002363,0.216034335,0.216032904,0.000001431,1.430883926,0.000008943,1,1,1.500000000,0.080000000,1.500000000,-0.000215769,0.000143846,-0.000143846,0.006746635,0.006746635,-0.006746635,0.001194463,0.001157376,0.124286576,4,40.076701386,1,46.339922423,0.844350034,0.150141749,0.846326720,0.152001812,0.647765748,0.066947186,1.697087567,0.133559745,1.234936080,1.500000000,0.711327300,2.000000000,0.975528258,19.510565163,2.114085386,1.000000000,0.928240005,0.424219604,0.586879940,0.227067883,0.954383501,0.432645805,0.590081266,1,0,0,0.000000000,0.052854666,-0.829494293,0.148568447,-0.120653864,-0.015839350,0.087944896,0.360367651,12.121816349,0.016923396,-130.918069467,-0.114892063,142.886147715,44.873923675,0.000385727,-0.000270074,0.000083623,0.000732690,0.000239386,0.000067276,0.000715635,-0.680734327,0.000061606,0.673891568,0.000088184,-0.234618477,-0.000269177,0.165605001,0.000097921,-0.000000009,-0.000096937,-0.000000013,0.000033749,0.000000039,-0.000023822,-1.021101491,0.000092410,1.010837352,0.000132277,-0.351927715,-0.000403766,0.248407501,-0.135916406,-0.016112658,0.294285543,0.012192294,0.322798518,0.359778634,0.072821664
6.850000000,0,6.850000000,sample,0.216533219,0.000002344,0.216034390,0.216033082,0.000001308,1.308448772,0.000008178,1,1,1.500000000,0.080000000,1.500000000,0.000979306,0.000652871,0.000652871,0.001794434,0.001794434,-0.001794434,0.001159288,0.001044873,0.624832488,1,73.587224929,1,46.339932808,0.857584656,0.149520817,0.860491155,0.150268869,0.536958628,0.041993763,1.693978923,0.132546635,1.237904620,1.500000000,0.741030564,2.000000000,0.986184960,19.723699204,2.137181271,1.000000000,0.882801258,0.422705289,0.588183722,0.246774253,0.995579794,0.428364565,0.594793886,1,0,0,0.000000000,0.053759663,-0.842782957,0.149258935,-0.120665830,-0.015946878,0.086844281,0.361614028,12.121820395,0.017106503,-130.918165293,-0.114932945,142.886140886,44.874281006,-0.000896324,0.000445150,0.000020666,0.000032774,-0.000236795,-0.000079990,-0.000161969,-0.680734403,0.000062070,0.673891446,0.000088216,-0.234618542,-0.000269273,0.165605093,-0.000444432,0.000000041,0.000439964,0.000000058,-0.000153176,-0.000000176,0.000108119,-1.021101605,0.000093105,1.010837169,0.000132324,-0.351927812,-0.000403910,0.248407640,-0.179235155,-0.021928834,0.278248603,0.013009757,0.319048579,0.358523342,0.073698400
6.900000000,0,6.900000000,sample,0.216533105,-0.000002280,0.216034236,0.216033002,0.000001234,1.234484684,0.000007716,1,1,1.500000000,0.080000000,1.500000000,0.000734830,0.000489887,0.000489887,0.002604759,0.002604759,-0.002012894,0.002604759,0.000829378,0.590667722,3,97.478738156,1,46.339967513,0.862709809,0.149856313,0.863313311,0.150144350,0.499720936,0.045421832,1.749958614,0.128792662,1.290563415,1.500000000,0.716522839,2.000000000,0.993844170,19.876883406,2.153762526,1.000000000,0.878284215,0.415072873,0.577958015,0.239630469,0.905940026,0.422928677,0.588323387,1,0,0,0.000000000,0.052554693,-0.848358939,0.147625639,-0.120730197,-0.015708799,0.087374869,0.362107740,12.121720303,0.017200704,-130.918069409,-0.114857176,142.886181685,44.875337173,0.000073880,0.000026398,0.000818856,0.000042698,0.000082888,-0.000016665,0.000047079,-0.680734658,0.000062292,0.673892050,0.000088157,-0.234616916,-0.000269094,0.165603892,-0.000333483,0.000000031,0.000330131,0.000000043,-0.000114936,-0.000000132,0.000081127,-1.021101988,0.000093438,1.010838074,0.000132235,-0.351925374,-0.000403640,0.248405839,-0.204786253,-0.009538142,0.241175899,0.001783020,0.317990573,0.356528218,0.074884667
6.950000000,0,6.950000000,sample,0.216533526,0.000008415,0.216034689,0.216033383,0.000001306,1.305928874,0.000008162,1,1,1.500000000,0.080000000,1.500000000,0.000698681,0.000465787,0.000465787,0.002305583,0.002305583,-0.002305583,0.001747940,0.004565303,0.102027720,5,78.597810419,1,46.340013191,0.867934036,0.149889453,0.868679331,0.150177172,0.609688342,0.221700670,1.745341530,0.102944842,1.305867404,1.500000000,0.712464124,2.000000000,0.998458667,19.969173337,2.163763383,1.000000000,0.895063098,0.412917911,0.578821557,0.237581998,0.927002685,0.420006760,0.585525930,1,0,0,0.000000000,0.055562640,-0.853062352,0.150023019,-0.120672599,-0.016095865,0.087440809,0.362721721,12.121722205,0.017106503,-130.918414986,-0.114912407,142.886140889,44.875968687,0.000821739,-0.000751597,-0.000146726,-0.001435573,-0.004047388,-0.000162970,0.001054292,-0.680734994,0.000062066,0.673891701,0.000088199,-0.234616854,-0.000269223,0.165604020,-0.000317078,0.000000029,0.000313890,0.000000041,-0.000109282,-0.000000125,0.000077136,-1.021102491,0.000093099,1.010837551,0.000132299,-0.351925281,-0.000403835,0.248406030,-0.171745127,-0.015309314,0.270863216,0.003952748,0.314961213,0.356870796,0.073237925
7.000000000,0,7.000000000,disturb_auto_hold,0.000000000,,0.000000000,0.000000000,0.000000000,0.000000000,0.000000000,0,0,0.000000000,0.000000000,0.000000000,0.000000000,0.000000000,0.000000000,0.000000000,0.000000000,0.000000000,0.000000000,0.001729218,0.000000000,2,68.151303345,0,0.000000000,0.000000000,0.000000000,0.000000000,0.000000000,0.849201899,0.089055576,0.000000000,0.000000000,0.000000000,0.000000000,0.000000000,0.000000000,0.000000000,0.000000000,0.000000000,1.000000000,0.000000000,0.000000000,0.000000000,0.000000000,0.000000000,0.000000000,0.000000000,0,0,0,0.000000000,0.000000000,0.000000000,0.000000000,0.000000000,0.000000000,0.000000000,0.363270290,12.121526365,0.017010794,-130.918111910,-0.114892146,142.886143134,44.877014764,0.000166224,-0.001427535,-0.000924736,-0.000098214,-0.000015712,-0.000111068,0.000217583,0.000000000,0.000000000,0.000000000,0.000000000,0.000000000,0.000000000,0.000000000,0.000000000,0.000000000,0.000000000,0.000000000,0.000000000,0.000000000,0.000000000,0.000000000,0.000000000,0.000000000,0.000000000,0.000000000,0.000000000,0.000000000,0.000000000,0.000000000,0.000000000,0.000000000,0.000000000,0.000000000,0.000000000
7.000000000,0,7.000000000,sample,0.216533154,-0.000007443,0.216034347,0.216032977,0.000001370,1.370199486,0.000008564,1,1,1.500000000,0.080000000,1.500000000,-0.001045015,0.000696676,-0.000696676,0.001869314,0.001869314,-0.001869314,0.001827359,0.001729218,0.402885185,2,68.151303345,1,46.340075291,0.871215552,0.150185553,0.874686798,0.150397986,0.849201899,0.089055576,1.715254936,0.133768896,1.243516015,1.500000000,0.727901973,2.000000000,1.000000000,20.000000000,2.167069516,1.000000000,0.909493542,0.410079410,0.578083498,0.236831537,0.909493542,0.412335650,0.581018476,1,0,0,0.000000000,0.052504101,-0.857259483,0.146171255,-0.120665621,-0.015592809,0.088047558,0.363270290,12.121526365,0.017010794,-130.918111910,-0.114892146,142.886143134,44.877014764,0.000166224,-0.001427535,-0.000924736,-0.000098214,-0.000015712,-0.000111068,0.000217583,-0.680735450,0.000061823,0.673893123,0.000088182,-0.234613311,-0.000269172,0.165601375,0.000474252,-0.000000043,-0.000469485,-0.000000061,0.000163450,0.000000188,-0.000115371,-1.021103175,0.000092735,1.010839685,0.000132274,-0.351919966,-0.000403757,0.248402063,-0.168435826,-0.009557188,0.272383730,0.000847252,0.314840373,0.355856088,0.075940323
7.050000000,0,7.050000000,sample,0.216533105,-0.000000974,0.216034309,0.216032942,0.000001366,1.366276042,0.000008539,1,1,1.500000000,0.080000000,1.500000000,0.000920813,0.000613875,0.000613875,0.001665140,0.001665140,-0.001665140,0.001190292,0.002216260,0.276987031,7,39.971849710,1,46.339869683,0.870992773,0.150953801,0.876493685,0.150953801,1.029512209,0.185344881,1.693270527,0.147430048,1.207651463,1.500000000,0.770327205,2.000000000,1.000000000,20.000000000,2.167137548,1.000000000,0.901789205,0.408390587,0.580700802,0.239149393,0.923801160,0.415588541,0.584085854,1,0,0,0.000000000,0.053199523,-0.856430954,0.149412993,-0.120681767,-0.015896017,0.089276412,0.363177629,12.121913063,0.017010794,-130.918069409,-0.114857176,142.886181685,44.878122753,-0.001192787,0.000708638,-0.000638806,0.000731307,-0.000001328,0.000284033,0.001401193,-0.680733940,0.000061819,0.673890988,0.000088158,-0.234620343,-0.000269097,0.165606311,-0.000417886,0.000000038,0.000413685,0.000000054,-0.000144028,-0.000000165,0.000101662,-1.021100910,0.000092729,1.010836482,0.000132237,-0.351930514,-0.000403646,0.248409467,-0.167134323,-0.016620249,0.276758125,0.006117494,0.314447830,0.357172819,0.076947794
7.100000000,0,7.100000000,sample,0.216533219,0.000002277,0.216034383,0.216033083,0.000001300,1.300017389,0.000008125,1,1,1.500000000,0.080000000,1.500000000,-0.000383932,0.000255954,-0.000255954,0.001697782,0.001697782,-0.001697782,0.001414251,0.000682103,0.375242773,7,55.009096785,1,46.339976689,0.876566860,0.151358770,0.877821815,0.151435848,0.103210995,0.027860583,1.756897887,0.134779017,1.281854241,1.500000000,0.732086812,2.000000000,1.000000000,20.000000000,2.167106377,1.000000000,0.904878537,0.406343856,0.579765215,0.241033897,0.912372918,0.408746112,0.581178549,1,0,0,0.000000000,0.053617366,-0.862238655,0.148455849,-0.120697324,-0.015851282,0.089946484,0.363704319,12.121733901,0.017106503,-130.918165118,-0.114859464,142.886140886,44.879414939,0.000294753,-0.000205598,-0.000153322,-0.000181496,0.000152336,-0.000022864,0.000505903,-0.680734726,0.000062057,0.673891922,0.000088159,-0.234617004,-0.000269099,0.165604008,0.000174237,-0.000000016,-0.000172486,-0.000000023,0.000060051,0.000000069,-0.000042387,-1.021102089,0.000093086,1.010837884,0.000132238,-0.351925506,-0.000403649,0.248406012,-0.169367674,-0.013962351,0.276632078,0.000517678,0.312635721,0.356424563,0.077085738
7.150000000,0,7.150000000,sample,0.216533220,0.000000013,0.216034350,0.216033116,0.000001233,1.233376978,0.000007709,1,1,1.500000000,0.080000000,1.500000000,-0.000390456,0.000260304,-0.000260304,0.006443581,0.006443581,-0.006443581,0.001634763,0.001767233,0.147294849,7,76.030965692,1,46.339980362,0.877650839,0.152539861,0.879175521,0.152753961,0.427381293,0.071202124,1.773793272,0.140101224,1.288927950,1.500000000,0.740649452,2.000000000,1.000000000,20.000000000,2.167104865,1.000000000,0.934820389,0.409886747,0.581405204,0.238552448,0.934820389,0.429633674,0.594671873,1,0,0,0.000000000,0.053573112,-0.863358966,0.148365133,-0.120713606,-0.015831546,0.091902105,0.363724656,12.121725229,0.017202184,-130.918165118,-0.114857260,142.886147632,44.881482740,0.000641998,-0.000144890,-0.000024299,-0.000466313,0.000264605,-0.000165443,0.001540952,-0.680734753,0.000062296,0.673891961,0.000088157,-0.234616879,-0.000269094,0.165603918,0.000177198,-0.000000016,-0.000175417,-0.000000023,0.000061072,0.000000070,-0.000043107,-1.021102129,0.000093444,1.010837941,0.000132236,-0.351925319,-0.000403641,0.248405878,-0.148176016,-0.008050061,0.293809349,0.005387317,0.311033943,0.356344068,0.077038371
7.200000000,0,7.200000000,sample,0.216533384,0.000003279,0.216034581,0.216033212,0.000001369,1.368503571,0.000008553,1,1,1.500000000,0.080000000,1.500000000,-0.000978654,0.000652436,-0.000652436,0.001505948,0.001505948,-0.001056975,0.001505948,0.001419931,0.459484295,3,78.103836462,1,46.339940580,0.877050494,0.152956744,0.881580641,0.153108534,0.894032191,0.085709149,1.712933163,0.139641070,1.236901816,1.500000000,0.759003129,2.000000000,1.000000000,20.000000000,2.167121162,1.000000000,0.877213618,0.398115655,0.577042504,0.234151344,1.087728834,0.443138511,0.582359271,1,0,0,0.000000000,0.054594883,-0.862410336,0.149951257,-0.120658672,-0.015968548,0.092640465,0.363825621,12.121817355,0.017010794,-130.918292615,-0.114877520,142.886228312,44.882151089,-0.000334789,0.000091358,-0.001254883,-0.000379280,0.000055886,0.000396620,-0.000129448,-0.680734461,0.000061822,0.673891194,0.000088173,-0.234618894,-0.000269143,0.165605385,0.000444136,-0.000000040,-0.000439671,-0.000000058,0.000153074,0.000000176,-0.000108047,-1.021101691,0.000092733,1.010836791,0.000132260,-0.351928340,-0.000403715,0.248408077,-0.161586239,-0.031976915,0.273862316,0.011059499,0.311213237,0.357735103,0.076775334
7.250000000,0,7.250000000,sample,0.216533227,-0.000003133,0.216034422,0.216033055,0.000001366,1.366361250,0.000008540,1,1,1.500000000,0.080000000,1.500000000,-0.002169278,0.001446185,-0.001446185,0.002778191,0.002778191,-0.001446185,0.002778191,0.001941263,0.744971353,7,41.133704891,1,46.339974332,0.880830227,0.153029682,0.883398037,0.153429222,0.336131850,0.112604868,1.778275631,0.123452609,1.316950200,1.500000000,0.711032648,2.000000000,1.000000000,20.000000000,2.167104372,1.000000000,0.897142608,0.409424602,0.579308946,0.242972348,0.906325021,0.410480408,0.580003509,1,0,0,0.000000000,0.053282000,-0.866637879,0.148194816,-0.120670985,-0.015743104,0.092783359,0.364278624,12.121720135,0.017010626,-130.918165118,-0.114857176,142.886228312,44.882730801,0.001244579,0.000042299,-0.000608494,-0.000292943,-0.000074297,0.000453883,-0.001245040,-0.680734708,0.000061818,0.673891876,0.000088157,-0.234617135,-0.000269094,0.165604084,0.000984468,-0.000000089,-0.000974572,-0.000000127,0.000339300,0.000000389,-0.000239494,-1.021102063,0.000092727,1.010837813,0.000132236,-0.351925703,-0.000403640,0.248406126,-0.176084188,-0.014198963,0.272765355,0.007360520,0.311271175,0.356965750,0.074981306
7.300000000,0,7.300000000,sample,0.216533106,-0.000002424,0.216034328,0.216032932,0.000001396,1.395612610,0.000008723,1,1,1.500000000,0.080000000,1.500000000,0.000463211,0.000308807,0.000308807,0.001733117,0.001733117,-0.001733117,0.001389563,0.001168534,0.264268931,1,52.801727645,1,46.339808117,0.878318007,0.153591036,0.883492583,0.153591036,0.779471563,0.092972532,1.718734398,0.140760108,1.237842480,1.500000000,0.754870028,2.000000000,1.000000000,20.000000000,2.167159522,1.000000000,0.888185213,0.413792434,0.579505550,0.245572612,0.908702676,0.414286579,0.580981840,1,0,0,0.000000000,0.053623692,-0.863657367,0.150542266,-0.120603822,-0.016006542,0.093748146,0.363995165,12.122034486,0.016984432,-130.918069934,-0.114953431,142.886181685,44.883463098,-0.000849113,0.000281784,-0.000557509,0.000263128,-0.000196082,0.000115054,0.000365156,-0.680733488,0.000061770,0.673890319,0.000088233,-0.234622501,-0.000269325,0.165607835,-0.000210215,0.000000019,0.000208102,0.000000027,-0.000072453,-0.000000083,0.000051141,-1.021100231,0.000092655,1.010835478,0.000132349,-0.351933752,-0.000403988,0.248411752,-0.186007244,-0.012692663,0.267414061,0.003812614,0.312563399,0.355587129,0.073511786
7.350000000,0,7.350000000,sample,0.216533101,-0.000000087,0.216034265,0.216032961,0.000001304,1.304165666,0.000008151,1,1,1.500000000,0.080000000,1.500000000,-0.000014484,0.000009656,-0.000009656,0.002855063,0.002855063,-0.002855063,0.001276385,0.000972387,0.009930344,1,38.737752961,1,46.340028278,0.881805104,0.153541479,0.883444739,0.153909882,0.633334689,0.053709369,1.790181271,0.129750204,1.314605207,1.500000000,0.709839770,2.000000000,1.000000000,20.000000000,2.167084869,1.000000000,0.926460249,0.414025306,0.579262318,0.239123939,0.927199241,0.414414193,0.582600284,1,0,0,0.000000000,0.052488950,-0.867938166,0.146657734,-0.120668069,-0.015621762,0.093649151,0.364322220,12.121609203,0.017106000,-130.918069409,-0.114892146,142.886140886,44.883761413,0.000605210,-0.000464845,0.000481196,0.000026475,-0.000124221,-0.000168284,0.000295254,-0.680735105,0.000062061,0.673892719,0.000088183,-0.234614764,-0.000269173,0.165602382,0.000006573,-0.000000001,-0.000006507,-0.000000001,0.000002265,0.000000003,-0.000001599,-1.021102657,0.000093092,1.010839078,0.000132275,-0.351922147,-0.000403760,0.248403573,-0.166608470,-0.001962719,0.277363129,0.000546739,0.313727130,0.355996819,0.075455601
7.400000000,0,7.400000000,sample,0.216533219,0.000002352,0.216034375,0.216033097,0.000001278,1.277899967,0.000007987,1,1,1.500000000,0.080000000,1.500000000,0.000918874,0.000612583,0.000612583,0.001598991,0.001598991,-0.001115700,0.001598991,0.001142776,0.536048023,4,32.391725903,1,46.339934837,0.881368796,0.153676642,0.884777329,0.153880931,0.505644023,0.068077158,1.773589390,0.140099871,1.294532405,1.500000000,0.745962285,2.000000000,1.000000000,20.000000000,2.167121238,1.000000000,0.907576147,0.409385771,0.580847075,0.242869379,0.925112107,0.415717152,0.580847075,1,0,0,0.000000000,0.053901245,-0.866971138,0.149220164,-0.120612410,-0.015923676,0.093891391,0.364172238,12.121816350,0.017161521,-130.918165118,-0.114999476,142.886140889,44.883993401,-0.000374844,0.000070051,0.000573754,-0.000650396,0.000413267,-0.000265267,0.000408848,-0.680734418,0.000062219,0.673891469,0.000088267,-0.234618469,-0.000269429,0.165605042,-0.000417006,0.000000038,0.000412814,0.000000054,-0.000143723,-0.000000165,0.000101447,-1.021101628,0.000093328,1.010837203,0.000132400,-0.351927704,-0.000404143,0.248407563,-0.175095775,-0.010207047,0.273888847,0.001642003,0.313848591,0.356503251,0.077506818
7.450000000,0,7.450000000,sample,0.216533098,-0.000002428,0.216034302,0.216032933,0.000001369,1.368864743,0.000008555,1,1,1.500000000,0.080000000,1.500000000,-0.000656577,0.000437718,-0.000437718,0.003054733,0.003054733,-0.003054733,0.001367282,0.001782210,0.245603918,5,39.564391937,1,46.339906802,0.881151534,0.153770154,0.884433992,0.153978549,0.549532804,0.172971321,1.736060200,0.152897783,1.241233581,1.500000000,0.765253430,2.000000000,1.000000000,20.000000000,2.167128514,1.000000000,0.837870917,0.408927820,0.590347759,0.244628482,0.909684564,0.412387144,0.591493500,1,0,0,0.000000000,0.053394533,-0.866816224,0.149019073,-0.120652432,-0.015909793,0.093995369,0.364300345,12.121857139,0.017010794,-130.918069428,-0.114880424,142.886100087,44.883982958,-0.000299889,0.000306683,-0.000804872,0.000283251,0.001121014,-0.000182755,0.000986997,-0.680734212,0.000061823,0.673891410,0.000088176,-0.234618997,-0.000269151,0.165605377,0.000297970,-0.000000027,-0.000294974,-0.000000039,0.000102697,0.000000118,-0.000072488,-1.021101319,0.000092734,1.010837116,0.000132263,-0.351928496,-0.000403726,0.248408066,-0.175224131,-0.053434859,0.276604614,0.051258789,0.312616797,0.363989949,0.074807590
7.500000000,0,7.500000000,sample,0.216533357,0.000005183,0.216034560,0.216033189,0.000001371,1.370906382,0.000008568,1,1,1.500000000,0.080000000,1.500000000,-0.001023824,0.000682549,-0.000682549,0.001582622,0.001582622,-0.001582622,0.001075754,0.001667003,0.409446870,4,62.420656238,1,46.339900217,0.881341263,0.153848813,0.884486308,0.153988833,1.091613525,0.117746554,1.766263049,0.132874681,1.301057113,1.500000000,0.757123151,2.000000000,1.000000000,20.000000000,2.167138081,1.000000000,0.903968601,0.409934580,0.577651449,0.242899482,0.920927531,0.413372973,0.589293158,1,0,0,0.000000000,0.055106988,-0.866584332,0.150855022,-0.120639425,-0.016130712,0.094103064,0.364278503,12.121911555,0.017010794,-130.918277303,-0.114899022,142.886141136,44.884083499,0.000437452,0.000513123,-0.000608410,-0.001317045,-0.000320806,-0.000159537,-0.000301829,-0.680734164,0.000061826,0.673890815,0.000088190,-0.234620190,-0.000269196,0.165606309,0.000464634,-0.000000042,-0.000459964,-0.000000060,0.000160140,0.000000184,-0.000113034,-1.021101246,0.000092739,1.010836223,0.000132286,-0.351930284,-0.000403793,0.248409464,-0.178587406,-0.008058606,0.270184778,-0.001048549,0.310982161,0.355645858,0.074350521
7.550000000,0,7.550000000,sample,0.216533223,-0.000002679,0.216034320,0.216033157,0.000001162,1.162246972,0.000007264,1,1,1.500000000,0.080000000,1.500000000,0.001255885,0.000837257,0.000837257,0.001757711,0.001757711,-0.001757711,0.001241089,0.001718487,0.487205847,3,67.826773556,1,46.339930716,0.885361157,0.153797764,0.885563035,0.154054385,1.001852308,0.069112277,1.819865487,0.129983836,1.341827504,1.500000000,0.710441343,2.000000000,1.000000000,20.000000000,2.167121347,1.000000000,0.894046234,0.409542575,0.579259940,0.243743510,0.909783263,0.414610441,0.580320512,1,0,0,0.000000000,0.053776189,-0.871048678,0.149153280,-0.120695886,-0.015882373,0.093989391,0.364443002,12.121815844,0.017313872,-130.918165118,-0.114912494,142.886181685,44.884441719,0.000407471,-0.000294704,0.001415295,-0.000355677,-0.000165982,-0.000025415,0.000736583,-0.680734388,0.000062584,0.673891414,0.000088200,-0.234618637,-0.000269225,0.165605152,-0.000569950,0.000000052,0.000564220,0.000000074,-0.000196436,-0.000000225,0.000138654,-1.021101582,0.000093876,1.010837121,0.000132300,-0.351927955,-0.000403838,0.248407728,-0.176827414,-0.014692406,0.273339761,0.002805098,0.311563184,0.355934649,0.074663854
7.600000000,0,7.600000000,sample,0.216533093,-0.000002588,0.216034267,0.216032953,0.000001314,1.313854937,0.000008212,1,1,1.500000000,0.080000000,1.500000000,0.000299285,0.000199523,0.000199523,0.001388310,0.001388310,-0.001295129,0.001388310,0.001044733,0.190980270,6,34.069816550,1,46.339980529,0.883186160,0.153729546,0.886029086,0.154101656,0.357408289,0.027128166,1.760226694,0.134952604,1.279431311,1.500000000,0.726093828,2.000000000,1.000000000,20.000000000,2.167104779,1.000000000,0.886926083,0.415352742,0.583060964,0.248435875,0.896478547,0.415352742,0.583070946,1,0,0,0.000000000,0.053163757,-0.869100953,0.147834165,-0.120612142,-0.015820270,0.093995763,0.364457065,12.121721702,0.017106503,-130.918069409,-0.114980305,142.886053459,44.884313494,-0.000088101,-0.000247155,-0.000006807,0.000575409,-0.000258674,-0.000609804,0.000502699,-0.680734754,0.000062078,0.673892222,0.000088251,-0.234616388,-0.000269382,0.165603544,-0.000135823,0.000000012,0.000134457,0.000000018,-0.000046811,-0.000000054,0.000033042,-1.021102131,0.000093116,1.010838333,0.000132377,-0.351924582,-0.000404073,0.248405316,-0.181848250,-0.016716714,0.276077252,0.003798706,0.313416484,0.355944313,0.073841232
7.650000000,0,7.650000000,sample,0.216533120,0.000000540,0.216034224,0.216033050,0.000001174,1.173952216,0.000007337,1,1,1.500000000,0.080000000,1.500000000,0.001222364,0.000814909,0.000814909,0.004872739,0.004872739,-0.004872739,0.004577294,0.001076039,0.757323334,3,74.563639454,1,46.339855438,0.884633013,0.153736062,0.885447798,0.154063038,0.462848108,0.060916087,1.789091787,0.128857238,1.314595962,1.500000000,0.711807223,2.000000000,1.000000000,20.000000000,2.167138185,1.000000000,0.878791848,0.407335324,0.579492879,0.243354221,0.961463194,0.423259886,0.598254184,1,0,0,0.000000000,0.052779623,-0.870362178,0.149196377,-0.120641984,-0.015742552,0.093981171,0.364379463,12.121911723,0.017312365,-130.918071158,-0.115003774,142.886323024,44.884441719,-0.000128355,0.000066850,0.000929162,0.000346151,-0.000386878,-0.000000851,0.000063860,-0.680733835,0.000062596,0.673890795,0.000088271,-0.234620927,-0.000269441,0.165606697,-0.000554736,0.000000051,0.000549160,0.000000072,-0.000191195,-0.000000220,0.000134954,-1.021100753,0.000093894,1.010836193,0.000132407,-0.351931391,-0.000404161,0.248410046,-0.183016147,-0.020926799,0.266790924,0.002476479,0.312650429,0.356804450,0.075072762
7.700000000,0,7.700000000,sample,0.216533101,-0.000000380,0.216034297,0.216032955,0.000001342,1.341929898,0.000008387,1,1,1.500000000,0.080000000,1.500000000,-0.000363937,0.000242625,-0.000242625,0.004083450,0.004083450,-0.001395957,0.004083450,0.002133770,0.113707023,2,39.394589371,1,46.339818047,0.884182644,0.153953463,0.887107003,0.154072400,1.160990306,0.160246888,1.818604887,0.128856130,1.356274746,1.500000000,0.724601488,2.000000000,1.000000000,20.000000000,2.167157987,1.000000000,0.859332212,0.407416800,0.574796405,0.242805042,0.897378715,0.409343693,0.587392914,1,0,0,0.000000000,0.053774000,-0.869619223,0.150498207,-0.120709211,-0.016034940,0.094201040,0.364568040,12.122023381,0.017034936,-130.918069409,-0.114791202,142.886140887,44.884408561,0.000741145,0.001339263,0.000824774,0.000048437,0.000459184,-0.000225362,-0.001125085,-0.680733561,0.000061869,0.673890437,0.000088108,-0.234622129,-0.000268945,0.165607580,0.000165163,-0.000000015,-0.000163502,-0.000000021,0.000056925,0.000000065,-0.000040180,-1.021100341,0.000092803,1.010835656,0.000132162,-0.351933194,-0.000403418,0.248411370,-0.228709842,-0.009742488,0.220002682,-0.010437969,0.312577242,0.355337069,0.074220637
7.750000000,0,7.750000000,sample,0.216532988,-0.000002275,0.216034159,0.216032860,0.000001299,1.298503811,0.000008116,1,1,1.500000000,0.080000000,1.500000000,0.000277764,0.000185176,0.000185176,0.001199023,0.001199023,-0.000995845,0.001199023,0.001536746,0.120498665,7,52.232586083,1,46.339858680,0.884690465,0.154071822,0.887731011,0.154145676,0.506522456,0.106949851,1.756544895,0.143315811,1.262942714,1.500000000,0.736170078,2.000000000,1.000000000,20.000000000,2.167138323,1.000000000,0.900452781,0.410119719,0.578094018,0.240977871,0.926931115,0.411139898,0.579018807,1,0,0,0.000000000,0.052503393,-0.870512428,0.148757271,-0.120693475,-0.015785561,0.094456485,0.364594276,12.121911609,0.017106334,-130.917973700,-0.114843763,142.886181935,44.884802353,-0.000241605,0.000312316,-0.000163094,0.000932121,0.000227484,0.000157978,0.001110639,-0.680733859,0.000062055,0.673891105,0.000088148,-0.234620296,-0.000269066,0.165606233,-0.000126055,0.000000011,0.000124788,0.000000016,-0.000043446,-0.000000050,0.000030666,-1.021100789,0.000093083,1.010836657,0.000132222,-0.351930444,-0.000403599,0.248409350,-0.176680619,-0.011732061,0.269585431,0.002918159,0.311295112,0.357563679,0.073469447
7.800000000,0,7.800000000,sample,0.216533381,0.000007873,0.216034563,0.216033239,0.000001324,1.323856246,0.000008274,1,1,1.500000000,0.080000000,1.500000000,0.000232466,0.000154977,0.000154977,0.001542326,0.001542326,-0.001511368,0.001542326,0.002419444,0.064054848,7,59.645129518,1,46.339838122,0.885462091,0.153879514,0.887665772,0.154284389,0.993185684,0.141280668,1.788244520,0.145270925,1.298364811,1.500000000,0.766115757,2.000000000,1.000000000,20.000000000,2.167158270,1.000000000,0.884857998,0.409478732,0.578455123,0.243606457,0.912184318,0.412725738,0.578968522,1,0,0,0.000000000,0.055381873,-0.870573413,0.151914105,-0.120555993,-0.016196722,0.094248732,0.364626607,12.122024743,0.017106501,-130.918292615,-0.115067410,142.886202006,44.884805389,0.000241422,0.001490632,0.000048554,-0.000250688,0.000097762,-0.000085016,0.001868543,-0.680733708,0.000062094,0.673890089,0.000088320,-0.234622467,-0.000269592,0.165607912,-0.000105498,0.000000010,0.000104438,0.000000014,-0.000036361,-0.000000042,0.000025665,-1.021100562,0.000093141,1.010835134,0.000132481,-0.351933700,-0.000404389,0.248411868,-0.176086160,-0.018745682,0.274032930,0.001123345,0.310625742,0.355495405,0.072745788
7.850000000,0,7.850000000,sample,0.216533211,-0.000003407,0.216034405,0.216033041,0.000001364,1.364402470,0.000008528,1,1,1.500000000,0.080000000,1.500000000,-0.000880203,0.000586802,-0.000586802,0.001659085,0.001659085,-0.001243350,0.001659085,0.001235711,0.474870147,6,35.189879711,1,46.340042810,0.884929094,0.153990294,0.888087281,0.154230789,0.400496858,0.083295990,1.763296571,0.141518723,1.280915078,1.500000000,0.747974010,2.000000000,1.000000000,20.000000000,2.167087440,1.000000000,0.917886545,0.418907401,0.579039931,0.246398056,0.917886545,0.418907401,0.579849401,1,0,0,0.000000000,0.053650675,-0.870889999,0.147552421,-0.120673797,-0.015815973,0.094343524,0.364735879,12.121622074,0.017010794,-130.918165118,-0.114842533,142.886053459,44.884736431,0.000231068,-0.000218831,-0.000579834,-0.000470684,0.000432913,-0.000733037,0.000378410,-0.680735211,0.000061815,0.673892661,0.000088145,-0.234614639,-0.000269057,0.165602356,0.000399457,-0.000000036,-0.000395442,-0.000000052,0.000137672,0.000000158,-0.000097176,-1.021102817,0.000092723,1.010838992,0.000132217,-0.351921959,-0.000403586,0.248403534,-0.183677953,0.002364500,0.270831509,-0.002782578,0.311293646,0.355034150,0.072343834
7.900000000,0,7.900000000,sample,0.216533211,0.000000000,0.216034418,0.216033041,0.000001377,1.377154890,0.000008607,1,1,1.500000000,0.080000000,1.500000000,-0.001253587,0.000835724,-0.000835724,0.001411631,0.001411631,-0.000978963,0.001411631,0.001364154,0.612632042,3,46.999827085,1,46.339943687,0.884282207,0.154039327,0.887987759,0.154364912,0.397440617,0.040626513,1.750926466,0.134805860,1.275181846,1.500000000,0.738691904,2.000000000,1.000000000,20.000000000,2.167121759,1.000000000,0.888482974,0.406349267,0.582083208,0.248763665,0.918926542,0.419360847,0.584402253,1,0,0,0.000000000,0.054244697,-0.869886900,0.149363033,-0.120605462,-0.016010460,0.094478049,0.364640003,12.121817361,0.017010738,-130.918165118,-0.114953302,142.886053459,44.884863323,0.000335302,-0.000396879,-0.000935215,-0.000124577,-0.000166820,-0.000814247,-0.000100008,-0.680734483,0.000061835,0.673891586,0.000088231,-0.234618111,-0.000269321,0.165604806,0.000568906,-0.000000052,-0.000563188,-0.000000074,0.000196076,0.000000225,-0.000138400,-1.021101725,0.000092752,1.010837379,0.000132347,-0.351927166,-0.000403981,0.248407209,-0.183194456,-0.018729765,0.273522931,0.002044536,0.310189728,0.357881542,0.076118386
7.950000000,0,7.950000000,sample,0.216532984,-0.000004538,0.216034197,0.216032810,0.000001387,1.387330136,0.000008671,1,1,1.500000000,0.080000000,1.500000000,-0.000436053,0.000290702,-0.000290702,0.003222280,0.003222280,-0.003222280,0.003216109,0.001102229,0.263740264,4,67.124366203,1,46.339911704,0.885969556,0.153814548,0.887370186,0.154270386,0.492159262,0.061310188,1.763984657,0.137536328,1.277190275,1.500000000,0.724699754,2.000000000,1.000000000,20.000000000,2.167121664,1.000000000,0.883306234,0.403652479,0.579292725,0.244562681,0.965954933,0.410370596,0.591149191,1,0,0,0.000000000,0.052369863,-0.871960626,0.147932816,-0.120555040,-0.015730018,0.094222949,0.364871515,12.121815846,0.017010794,-130.917973875,-0.115040639,142.886140972,44.884909950,0.000160080,0.000144218,-0.000340872,0.000903051,0.000127308,0.000009221,0.000469573,-0.680734248,0.000061850,0.673891690,0.000088298,-0.234618416,-0.000269525,0.165604913,0.000197891,-0.000000018,-0.000195902,-0.000000026,0.000068204,0.000000078,-0.000048142,-1.021101373,0.000092774,1.010837536,0.000132448,-0.351927624,-0.000404288,0.248407370,-0.183327968,-0.019717357,0.267201090,0.004986157,0.310952985,0.357125991,0.077007323
8.000000000,0,8.000000000,disturb_auto_release,0.000000000,,0.000000000,0.000000000,0.000000000,0.000000000,0.000000000,0,0,0.000000000,0.000000000,0.000000000,0.000000000,0.000000000,0.000000000,0.000000000,0.000000000,0.000000000,0.000000000,0.000989475,0.000000000,3,41.171856969,0,0.000000000,0.000000000,0.000000000,0.000000000,0.000000000,0.504021162,0.078342270,0.000000000,0.000000000,0.000000000,0.000000000,0.000000000,0.000000000,0.000000000,0.000000000,0.000000000,1.000000000,0.000000000,0.000000000,0.000000000,0.000000000,0.000000000,0.000000000,0.000000000,0,0,0,0.000000000,0.000000000,0.000000000,0.000000000,0.000000000,0.000000000,0.000000000,0.364781891,12.121925234,0.017010794,-130.918179285,-0.114857940,142.886228312,44.884950750,-0.000227382,0.000350600,-0.000634900,-0.000029527,-0.000025142,0.000343269,0.000531040,0.000000000,0.000000000,0.000000000,0.000000000,0.000000000,0.000000000,0.000000000,0.000000000,0.000000000,0.000000000,0.000000000,0.000000000,0.000000000,0.000000000,0.000000000,0.000000000,0.000000000,0.000000000,0.000000000,0.000000000,0.000000000,0.000000000,0.000000000,0.000000000,0.000000000,0.000000000,0.000000000,0.000000000
8.000000000,0,8.000000000,sample,0.216533244,0.000005206,0.216034445,0.216033079,0.000001366,1.366336935,0.000008540,1,1,1.500000000,0.080000000,1.500000000,-0.000268946,0.000179297,-0.000179297,0.001289482,0.001289482,-0.001194143,0.001289482,0.000989475,0.181204184,3,41.171856969,1,46.339871958,0.885801324,0.154092292,0.889149663,0.154409264,0.504021162,0.078342270,1.749689932,0.140537785,1.263701701,1.500000000,0.747886765,2.000000000,1.000000000,20.000000000,2.167140861,1.000000000,0.910480559,0.408739757,0.581121598,0.247393171,0.969404581,0.416817406,0.583883230,1,0,0,0.000000000,0.054058687,-0.871300262,0.150191537,-0.120663284,-0.015957960,0.094499469,0.364781891,12.121925234,0.017010794,-130.918179285,-0.114857940,142.886228312,44.884950750,-0.000227382,0.000350600,-0.000634900,-0.000029527,-0.000025142,0.000343269,0.000531040,-0.680733957,0.000061819,0.673890730,0.000088159,-0.234620785,-0.000269100,0.165606667,0.000122054,-0.000000011,-0.000120827,-0.000000016,0.000042067,0.000000048,-0.000029693,-1.021100935,0.000092729,1.010836094,0.000132239,-0.351931178,-0.000403649,0.248410000,-0.178457473,-0.007459525,0.276587122,-0.008036882,0.311381487,0.355553419,0.076536956
8.050000000,0,8.050000000,sample,0.216533101,-0.000002858,0.216034285,0.216032954,0.000001332,1.331824854,0.000008324,1,1,1.500000000,0.080000000,1.500000000,0.000144490,0.000096326,0.000096326,0.001735780,0.001735780,-0.001351361,0.001735780,0.000721386,0.133529524,4,42.450868811,1,46.339923395,0.885343458,0.153872259,0.888931699,0.154269790,0.229345788,0.023380357,1.768193608,0.133416239,1.287053176,1.500000000,0.718728274,2.000000000,0.993844170,19.876883406,2.153781103,1.000000000,0.875825228,0.407043827,0.581287471,0.247780507,0.904790169,0.408349712,0.583583223,1,0,0,0.000000000,0.053145010,-0.871168508,0.148573480,-0.120516608,-0.015825065,0.094350340,0.364696620,12.121815844,0.017106502,-130.918069409,-0.115136283,142.886140886,44.885032348,0.000038441,0.000095724,-0.000037462,0.000470014,-0.000338771,-0.000055656,0.000411797,-0.680734334,0.000062104,0.673891581,0.000088372,-0.234618437,-0.000269749,0.165604974,-0.000065573,0.000000006,0.000064914,0.000000009,-0.000022600,-0.000000026,0.000015952,-1.021101502,0.000093157,1.010837372,0.000132558,-0.351927655,-0.000404624,0.248407460,-0.182403641,-0.023441338,0.273085447,0.010197320,0.310768639,0.356422879,0.076029444
8.100000000,0,8.100000000,sample,0.216533526,0.000008491,0.216034734,0.216033361,0.000001373,1.373163970,0.000008582,1,1,1.500000000,0.080000000,1.500000000,0.000489307,0.000326204,0.000326204,0.001406584,0.001406584,-0.001406584,0.001250672,0.002109956,0.154602460,4,63.860199067,1,46.339834274,0.884276847,0.154275948,0.888289200,0.154275948,1.291944786,0.160935333,1.745513125,0.146776477,1.263661458,1.500000000,0.763840018,2.000000000,0.975528258,19.510565163,2.114132660,1.000000000,0.889943758,0.409580104,0.580037028,0.243118504,0.914854411,0.414141924,0.581663972,1,0,0,0.000000000,0.056750580,-0.869037653,0.153292112,-0.120623178,-0.016429979,0.094769050,0.364546496,12.122074718,0.017010605,-130.918415064,-0.114918238,142.886140886,44.885032348,-0.000732598,0.000149142,-0.000494463,-0.001686120,-0.000054814,-0.000063901,0.000893526,-0.680733680,0.000061830,0.673889759,0.000088206,-0.234623121,-0.000269244,0.165608444,-0.000222058,0.000000020,0.000219826,0.000000029,-0.000076535,-0.000000088,0.000054022,-1.021100520,0.000092745,1.010834639,0.000132309,-0.351934682,-0.000403866,0.248412666,-0.174750180,-0.018513773,0.274646154,0.006297655,0.311612487,0.357050840,0.074194031
8.150000000,0,8.150000000,sample,0.216533232,-0.000005890,0.216034330,0.216033162,0.000001169,1.168751885,0.000007305,1,1,1.500000000,0.080000000,1.500000000,0.001757201,0.001171467,0.001171467,0.001385298,0.001385298,-0.001303247,0.001385298,0.001709353,0.685327972,1,38.864429645,1,46.339907881,0.886190623,0.154097945,0.888145000,0.154276298,0.364821954,0.102379551,1.758870427,0.143017438,1.267688413,1.500000000,0.692495952,2.000000000,0.945503262,18.910065242,2.049024818,1.000000000,0.874509603,0.412970607,0.579018610,0.246015151,0.971014064,0.413922216,0.581154604,1,0,0,0.000000000,0.053546621,-0.871885761,0.149270894,-0.120707882,-0.015821107,0.094474741,0.364544462,12.121842534,0.017300308,-130.918165642,-0.114886452,142.886269111,44.884994631,-0.001065634,-0.000510731,0.000584149,-0.000222635,0.000280693,0.000737429,0.000715597,-0.680734220,0.000062546,0.673891143,0.000088180,-0.234619488,-0.000269165,0.165605736,-0.000797458,0.000000073,0.000789441,0.000000103,-0.000274849,-0.000000315,0.000194002,-1.021101331,0.000093819,1.010836715,0.000132271,-0.351929232,-0.000403747,0.248408605,-0.192872003,-0.016933796,0.261003712,0.009651973,0.311922623,0.356252041,0.073135826
8.200000000,0,8.200000000,sample,0.216533223,-0.000000173,0.216034367,0.216033110,0.000001258,1.257586205,0.000007860,1,1,1.500000000,0.080000000,1.500000000,0.000325312,0.000216875,0.000216875,0.001500888,0.001500888,-0.001500888,0.001339273,0.000955543,0.226965271,7,80.453789006,1,46.339930688,0.885880311,0.153908391,0.889752248,0.154418633,0.316405155,0.065149750,1.769410952,0.139563455,1.284092370,1.500000000,0.683732246,2.000000000,0.904508497,18.090169944,1.960179813,1.000000000,0.890474471,0.408657688,0.578218196,0.244317635,0.896777594,0.415186398,0.581824698,1,0,0,0.000000000,0.053779629,-0.871576035,0.149153918,-0.120577405,-0.015880605,0.094322259,0.364633473,12.121815925,0.017202211,-130.918165124,-0.115068238,142.886181685,44.884980326,-0.000137601,0.000339952,-0.000045942,-0.000197738,-0.000052093,-0.000006562,0.000857084,-0.680734388,0.000062332,0.673891414,0.000088320,-0.234618637,-0.000269590,0.165605152,-0.000147634,0.000000014,0.000146150,0.000000019,-0.000050883,-0.000000058,0.000035916,-1.021101582,0.000093498,1.010837121,0.000132479,-0.351927955,-0.000404385,0.248407728,-0.188938990,-0.011897575,0.261836097,0.001936481,0.311431973,0.356825157,0.074972199
8.250000000,0,8.250000000,sample,0.216533123,-0.000002004,0.216034264,0.216033021,0.000001243,1.242774588,0.000007767,1,1,1.500000000,0.080000000,1.500000000,0.000377182,0.000251454,0.000251454,0.001603991,0.001603991,-0.001430922,0.001603991,0.001287273,0.195338818,2,68.530731417,1,46.339872125,0.884798934,0.154225506,0.886604795,0.154404750,0.648567494,0.053874076,1.795969953,0.134319805,1.318353437,1.500000000,0.672794888,2.000000000,0.853553391,17.071067812,1.849768206,1.000000000,0.898115385,0.417161385,0.582656062,0.252408301,0.923334928,0.417161385,0.582656062,1,0,0,0.000000000,0.053400904,-0.870441765,0.149494585,-0.120654887,-0.015894686,0.094737871,0.364497008,12.121911636,0.017202212,-130.918083575,-0.114938553,142.886181713,44.885155842,0.000205854,0.001065647,0.000598160,0.000261098,0.000161621,0.000041481,0.000159008,-0.680733958,0.000062310,0.673890980,0.000088221,-0.234620321,-0.000269288,0.165606302,-0.000171174,0.000000016,0.000169453,0.000000022,-0.000058996,-0.000000068,0.000041642,-1.021100937,0.000093466,1.010836469,0.000132331,-0.351930481,-0.000403932,0.248409453,-0.192487942,-0.006913456,0.270536869,0.001323758,0.311242926,0.356247927,0.073566218
8.300000000,0,8.300000000,sample,0.216533119,-0.000000077,0.216034303,0.216032962,0.000001342,1.341873761,0.000008387,1,1,1.500000000,0.080000000,1.500000000,0.002110662,0.001407108,0.001407108,0.002238206,0.002238206,-0.001492619,0.002238206,0.001776612,0.792017494,1,72.797034066,1,46.339903190,0.879495731,0.154429761,0.886116748,0.154609777,0.603712220,0.046404342,1.732663450,0.138326844,1.254456031,1.500000000,0.670952994,2.000000000,0.793892626,15.877852523,1.720461449,1.000000000,0.908316094,0.415030429,0.587860435,0.253460858,0.908316094,0.418610337,0.587860435,1,0,0,0.000000000,0.052412964,-0.865319066,0.148285323,-0.120556512,-0.015635326,0.095237677,0.364084864,12.121815844,0.017080141,-130.918069409,-0.115062911,142.886329770,44.885223958,-0.001515826,-0.000132393,0.000598256,0.000597149,-0.000049736,-0.000258118,-0.000239785,-0.680734186,0.000062026,0.673891316,0.000088316,-0.234619250,-0.000269577,0.165605511,-0.000957866,0.000000087,0.000948238,0.000000124,-0.000330135,-0.000000379,0.000233025,-1.021101279,0.000093040,1.010836974,0.000132474,-0.351928876,-0.000404366,0.248408267,-0.167197624,-0.015488616,0.297004046,0.003250774,0.310551852,0.356462525,0.075199685
8.350000000,0,8.350000000,sample,0.216533102,-0.000000345,0.216034201,0.216033038,0.000001162,1.162271549,0.000007264,1,1,1.500000000,0.080000000,1.500000000,0.001671548,0.001114366,0.001114366,0.001548585,0.001548585,-0.001195999,0.001548585,0.001415605,0.787201026,3,83.192628752,1,46.339923373,0.878909068,0.154746540,0.882527709,0.154890985,0.592297354,0.035234161,1.786452323,0.134049202,1.308296636,1.500000000,0.726295597,2.000000000,0.726995250,14.539904997,1.575486557,1.000000000,0.870084712,0.423803275,0.588691814,0.265013458,0.907868470,0.424811565,0.588691814,1,0,0,0.000000000,0.053103185,-0.864631169,0.148573698,-0.120694138,-0.015824819,0.095545757,0.363750449,12.121815844,0.017313872,-130.918069409,-0.114912492,142.886140886,44.885305556,-0.000242621,0.000071536,0.001291173,0.000195744,-0.000005339,-0.000117651,0.000469724,-0.680734334,0.000062584,0.673891581,0.000088200,-0.234618439,-0.000269225,0.165604975,-0.000758587,0.000000070,0.000750962,0.000000098,-0.000261451,-0.000000300,0.000184544,-1.021101501,0.000093876,1.010837371,0.000132300,-0.351927658,-0.000403838,0.248407463,-0.218151555,-0.011564838,0.263688242,0.003761008,0.312694644,0.354990834,0.074108960
8.400000000,0,8.400000000,sample,0.216532986,-0.000002318,0.216034229,0.216032775,0.000001455,1.454501880,0.000009091,1,1,1.500000000,0.080000000,1.500000000,-0.001957075,0.001304717,-0.001304717,0.002356121,0.002356121,-0.001926480,0.002356121,0.001811013,0.720434905,3,47.978771679,1,46.339951154,0.872182816,0.154837725,0.878886086,0.155210564,0.839724467,0.066617236,1.718298534,0.133332388,1.245082236,1.500000000,0.772566454,2.000000000,0.654508497,13.090169944,1.418389433,1.000000000,0.863100122,0.431827642,0.599854637,0.281158528,0.904620546,0.431885181,0.600699639,1,0,0,0.000000000,0.051954172,-0.858110095,0.147141750,-0.120531425,-0.015625856,0.095930856,0.363478414,12.121733919,0.016915085,-130.917973700,-0.115047153,142.886160800,44.885136532,0.000539337,-0.000499756,-0.001254429,0.000875404,-0.000016482,-0.000247930,-0.000580914,-0.680734538,0.000061611,0.673892114,0.000088303,-0.234617044,-0.000269539,0.165603941,0.000888166,-0.000000080,-0.000879238,-0.000000115,0.000306109,0.000000352,-0.000216066,-1.021101807,0.000092417,1.010838171,0.000132454,-0.351925566,-0.000404308,0.248405912,-0.228702700,-0.016080725,0.276923171,0.005308495,0.312616842,0.356795633,0.074263278
8.450000000,0,8.450000000,sample,0.216532984,-0.000000034,0.216034134,0.216032876,0.000001258,1.257694032,0.000007861,1,1,1.500000000,0.080000000,1.500000000,0.000668224,0.000445483,0.000445483,0.004805209,0.004805209,-0.000694184,0.004805209,0.000788121,0.565246565,4,46.881683419,1,46.339890205,0.868090575,0.155236725,0.874622137,0.155473323,0.292397063,0.030345075,1.731385012,0.136985988,1.256753759,1.500000000,0.884895553,2.000000000,0.578217233,11.564344650,1.253070489,1.000000000,0.858577598,0.436821134,0.601288218,0.285153717,0.875320659,0.445495011,0.606151268,1,0,0,0.000000000,0.052381201,-0.853719781,0.148323942,-0.120577708,-0.015769637,0.096492360,0.362706788,12.121858148,0.017202212,-130.917973700,-0.115068409,142.886140887,44.885223958,-0.000438558,0.000113030,0.000296820,0.000539628,0.000155403,0.000049502,-0.000100623,-0.680734091,0.000062332,0.673891458,0.000088320,-0.234619168,-0.000269591,0.165605444,-0.000303255,0.000000028,0.000300207,0.000000039,-0.000104519,-0.000000120,0.000073774,-1.021101136,0.000093498,1.010837187,0.000132480,-0.351928751,-0.000404387,0.248408166,-0.237122950,-0.014646377,0.274639220,0.003756771,0.311915889,0.356619613,0.072082082
8.500000000,0,8.500000000,sample,0.216533360,0.000007521,0.216034529,0.216033225,0.000001304,1.303968655,0.000008150,1,1,1.500000000,0.080000000,1.500000000,0.002015149,0.001343433,0.001343433,0.005227333,0.005227333,-0.001217674,0.005227333,0.002213921,0.606811569,4,38.496687252,1,46.339895785,0.864212277,0.155507482,0.869516273,0.155802249,1.313966199,0.122742972,1.763163282,0.136329002,1.298357820,1.500000000,1.041968127,2.000000000,0.500000000,10.000000000,1.083568323,1.000000000,0.839532670,0.439904162,0.604357726,0.291016903,0.928117239,0.439904162,0.609698169,1,0,0,0.000000000,0.054840253,-0.849186733,0.150788921,-0.120518858,-0.016084110,0.096948870,0.362284728,12.121911553,0.017147695,-130.918276778,-0.115143396,142.886181935,44.885264757,-0.000441460,0.000836043,0.001304476,-0.001373643,-0.000308447,0.000134525,0.000552995,-0.680734132,0.000062209,0.673890759,0.000088378,-0.234620364,-0.000269768,0.165606424,-0.000914521,0.000000084,0.000905327,0.000000119,-0.000315197,-0.000000362,0.000222481,-1.021101197,0.000093313,1.010836139,0.000132567,-0.351930545,-0.000404652,0.248409635,-0.269509005,-0.013298215,0.250435910,-0.000753481,0.312111678,0.356308163,0.073132722
8.550000000,0,8.550000000,sample,0.216532988,-0.000007448,0.216034187,0.216032826,0.000001360,1.360356881,0.000008502,1,1,1.500000000,0.080000000,1.500000000,-0.000224610,0.000149740,-0.000149740,0.002974435,0.002974435,-0.001708305,0.002974435,0.001442238,0.103824780,3,36.030007195,1,46.339899618,0.856888659,0.156039796,0.866377097,0.156039796,0.845742092,0.140316777,1.672722603,0.149930612,1.192099489,1.500000000,1.110741089,2.000000000,0.421782767,8.435655350,0.914054722,1.000000000,0.849660558,0.443664837,0.611802474,0.304688172,0.853344942,0.443816650,0.611802474,1,0,0,0.000000000,0.052075325,-0.842400896,0.148010358,-0.120606309,-0.015700662,0.097754925,0.361647614,12.121831026,0.017037155,-130.917973701,-0.114964602,142.886181685,44.885183159,-0.000718510,0.000370929,-0.000865703,0.000423569,0.000546902,0.000070420,0.000439649,-0.680734160,0.000061903,0.673891550,0.000088240,-0.234618861,-0.000269347,0.165605220,0.000101933,-0.000000009,-0.000100909,-0.000000013,0.000035132,0.000000040,-0.000024798,-1.021101240,0.000092854,1.010837324,0.000132360,-0.351928292,-0.000404021,0.248407830,-0.269205800,-0.010470426,0.270192430,-0.001268758,0.311327532,0.355108912,0.075419791
8.600000000,0,8.600000000,sample,0.216533361,0.000007461,0.216034431,0.216033308,0.000001123,1.123009230,0.000007019,1,1,1.500000000,0.080000000,1.500000000,0.001405535,0.000937023,0.000937023,0.003259356,0.003259356,-0.003259356,0.001764752,0.002820125,0.332263146,7,40.740141698,1,46.340025901,0.849182221,0.156625210,0.859766542,0.156945363,0.673877799,0.151681586,1.726527340,0.127471002,1.279884699,1.500000000,1.290292155,2.000000000,0.345491503,6.909830056,0.748711171,1.000000000,0.839081062,0.461987290,0.623284681,0.319874474,0.892029578,0.461987290,0.623284681,1,0,0,0.000000000,0.053929173,-0.834375621,0.148389391,-0.120761517,-0.015820491,0.098477533,0.360435233,12.121653798,0.017354568,-130.918276778,-0.114817253,142.886188431,44.884885909,-0.000447674,-0.001068409,0.001449845,-0.001104449,0.000198118,0.000099891,-0.001800029,-0.680735087,0.000062669,0.673892169,0.000088126,-0.234615811,-0.000268999,0.165603210,-0.000637865,0.000000059,0.000631453,0.000000083,-0.000219841,-0.000000252,0.000155174,-1.021102631,0.000094003,1.010838253,0.000132189,-0.351923717,-0.000403498,0.248404814,-0.299404756,-0.008168293,0.263001339,0.003880101,0.311743628,0.356512270,0.072828687
8.650000000,0,8.650000000,sample,0.216533279,-0.000001632,0.216034665,0.216032924,0.000001741,1.741083794,0.000010882,1,1,1.500000000,0.080000000,1.500000000,0.009471030,0.006314020,0.006314020,0.007916188,0.006314020,-0.003251303,0.006314020,0.012774201,0.494279070,1,93.378866484,1,46.339910177,0.756593042,0.162838364,0.847499900,0.162838364,8.270518738,0.899946473,1.126937476,0.243214377,0.719939062,1.500000000,1.223661887,2.000000000,0.273004750,5.460095003,0.591634045,1.000000000,0.923204490,0.478983877,0.648851197,0.334957079,0.923204490,0.486563174,0.648851197,1,0,0,0.000000000,0.053242163,-0.739712629,0.149744883,-0.120512151,-0.015901589,0.108352636,0.351150909,12.121856691,0.016482537,-130.918207619,-0.114929555,142.886229062,44.884713844,-0.012344060,0.000987980,-0.003026606,-0.000675051,0.000288621,0.000341439,0.000111145,-0.680734237,0.000060513,0.673891074,0.000088214,-0.234619575,-0.000269266,0.165605826,-0.004298170,0.000000382,0.004254962,0.000000557,-0.001481393,-0.000001700,0.001045639,-1.021101356,0.000090770,1.010836611,0.000132320,-0.351929363,-0.000403899,0.248408739,-0.207528756,-0.006978043,0.380674958,-0.009955319,0.317779995,0.356106532,0.071291506
8.700000000,0,8.700000000,sample,0.216533357,0.000001553,0.216034318,0.216033429,0.000000889,0.888545843,0.000005553,0,0,1.500000000,0.080000000,0.000000000,0.000000000,0.003529018,0.000000000,0.008769408,0.006867377,-0.004047896,0.006867377,0.004427642,0.797042360,1,41.222520279,0,0.000000000,0.625712256,0.172752130,0.753472355,0.172752130,0.800568602,0.144700423,1.257003190,0.143149520,0.905413584,0.000000000,0.726564061,2.000000000,0.206107374,4.122147477,0.446659081,1.000000000,0.801475649,0.551536853,0.686180273,0.000000000,0.982891642,0.567442032,0.700079584,1,0,0,0.000000000,0.053397800,-0.604959207,0.150628218,-0.120691974,-0.016074438,0.122549411,0.335322360,12.121887839,0.017734154,-130.918276778,-0.115069748,142.886143134,44.884417677,-0.002842757,0.000326776,0.002619271,-0.000946377,-0.000546934,-0.000296710,-0.001809027,0.000000000,0.000000000,0.000000000,0.000000000,0.000000000,0.000000000,0.000000000,-0.002402324,0.000000225,0.002378173,0.000000312,-0.000827977,-0.000000951,0.000584427,0.000000000,0.000000000,0.000000000,0.000000000,0.000000000,0.000000000,0.000000000,-0.411533747,-0.006837698,0.243780031,-0.002071483,0.331476123,0.356543554,0.070738009
8.750000000,0,8.750000000,sample,0.216533138,-0.000004379,0.216034065,0.216033247,0.000000819,0.818777966,0.000005117,0,0,1.500000000,0.080000000,0.000000000,0.000000000,0.007243683,0.000000000,0.010514690,0.010514690,-0.003798130,0.010514690,0.008570312,0.845206477,1,90.052753649,0,0.000000000,0.539702105,0.179857793,0.624286244,0.179857793,3.040976629,0.324459419,0.928567369,0.193435413,0.598903574,0.000000000,0.512234458,2.000000000,0.146446609,2.928932188,0.317365016,1.000000000,0.794413312,0.586424638,0.708064533,0.000000000,0.839648197,0.616961476,0.735324610,1,0,0,0.000000000,0.051396478,-0.516204682,0.148894226,-0.120730064,-0.015864403,0.132368418,0.325645468,12.121820395,0.017830479,-130.918101724,-0.115043598,142.886100337,44.884633328,-0.008132894,-0.000353891,0.002467592,0.000977325,-0.000194909,-0.000314326,-0.000008602,0.000000000,0.000000000,0.000000000,0.000000000,0.000000000,0.000000000,0.000000000,-0.004931024,0.000000463,0.004881457,0.000000640,-0.001699501,-0.000001952,0.001199590,0.000000000,0.000000000,0.000000000,0.000000000,0.000000000,0.000000000,0.000000000,-0.434864275,-0.008314912,0.252682142,0.001294692,0.340818477,0.356949807,0.068985267
8.800000000,0,8.800000000,sample,0.216533109,-0.000000567,0.216034336,0.216032901,0.000001436,1.435503285,0.000008972,1,1,1.500000000,0.080000000,1.500000000,-0.007535637,0.005023758,-0.005023758,0.008076412,0.007738126,-0.007738126,0.006019999,0.005994710,0.838031879,3,36.814406802,1,46.340019051,0.500506975,0.182762442,0.535083511,0.183323092,0.474105202,0.240030027,0.982703234,0.129063690,0.685274746,1.500000000,1.473032401,2.000000000,0.095491503,1.909830056,0.206936392,1.000000000,0.793115557,0.649912656,0.749075242,0.402497654,0.831541800,0.649912656,0.749075242,1,0,0,0.000000000,0.049780617,-0.475983534,0.146522346,-0.120642446,-0.015488317,0.136409760,0.322248362,12.121608984,0.016914273,-130.918069409,-0.114876614,142.886228314,44.884248919,0.003439549,-0.000579085,-0.003637283,0.000032417,-0.001146465,0.000327722,-0.003019611,-0.680735037,0.000061580,0.673892597,0.000088171,-0.234615137,-0.000269137,0.165602628,0.003419848,-0.000000309,-0.003385473,-0.000000443,0.001178650,0.000001352,-0.000831947,-1.021102555,0.000092370,1.010838896,0.000132257,-0.351922705,-0.000403705,0.248403941,-0.525308010,-0.006259098,0.172818207,-0.000093831,0.351822199,0.356376527,0.066908944
8.850000000,0,8.850000000,sample,0.216533368,0.000005179,0.216034171,0.216033590,0.000000581,0.580917008,0.000003631,0,0,1.500000000,0.080000000,0.000000000,0.000000000,0.006924960,0.000000000,0.009175259,0.005712549,-0.004543694,0.005712549,0.007400627,0.935726108,1,53.680050205,0,0.000000000,0.472315097,0.185422830,0.498422305,0.185422830,0.744187391,0.234166751,0.924359042,0.191000068,0.615558335,0.000000000,0.566716478,2.000000000,0.054496738,1.089934758,0.118099997,1.000000000,0.805747535,0.619985647,0.711190043,0.000000000,0.817610672,0.647976615,0.746815845,1,0,0,0.000000000,0.051788093,-0.444932289,0.149782518,-0.120870003,-0.015861406,0.139715726,0.317607594,12.121817357,0.018154227,-130.918276778,-0.114928096,142.886269111,44.884167290,-0.005422193,0.000193813,0.004119533,-0.000842467,-0.000074138,0.000752318,0.002660782,0.000000000,0.000000000,0.000000000,0.000000000,0.000000000,0.000000000,0.000000000,-0.004714059,0.000000448,0.004666669,0.000000611,-0.001624728,-0.000001865,0.001146811,0.000000000,0.000000000,0.000000000,0.000000000,0.000000000,0.000000000,0.000000000,-0.423816930,-0.002789641,0.255909693,0.007362539,0.359554054,0.356729672,0.063902656
8.900000000,0,8.900000000,sample,0.216533356,-0.000000242,0.216034428,0.216033300,0.000001128,1.127954338,0.000007050,1,1,1.500000000,0.080000000,1.500000000,0.005322227,0.003548151,0.003548151,0.009661361,0.005987253,-0.004054005,0.005987253,0.005495480,0.645649033,1,72.477080362,1,46.340053651,0.455419628,0.186792865,0.474361958,0.186909474,1.795132637,0.174132868,0.824808295,0.185079491,0.547559975,1.500000000,1.554516111,2.000000000,0.024471742,0.489434837,0.053031864,1.000000000,0.778131230,0.604895551,0.705833999,0.387003044,0.810054905,0.691343958,0.770915660,1,0,0,0.000000000,0.051521587,-0.427591327,0.148048037,-0.120823796,-0.015779352,0.141577529,0.316577094,12.121609146,0.017331146,-130.918276778,-0.114719037,142.886140886,44.884026763,-0.004678493,-0.001553043,0.001245958,-0.001135557,0.001033708,0.000009558,-0.001410502,-0.680735291,0.000062594,0.673892481,0.000088050,-0.234614813,-0.000268768,0.165602514,-0.002415352,0.000000222,0.002391073,0.000000312,-0.000832449,-0.000000954,0.000587583,-1.021102937,0.000093890,1.010838722,0.000132075,-0.351922220,-0.000403152,0.248403772,-0.378874553,-0.023507131,0.302144802,0.007220489,0.362041257,0.357288284,0.063487922
8.950000000,0,8.950000000,sample,0.216533106,-0.000005009,0.216033528,0.216033704,0.000000176,0.175925497,0.000001100,0,0,1.500000000,0.080000000,0.000000000,0.000000000,0.001864744,0.000000000,0.008672666,0.005727182,-0.005727182,0.003030275,0.002067312,0.902013608,1,39.204505336,0,0.000000000,0.445037162,0.187829913,0.457095089,0.188018914,0.542089479,0.061262283,0.874174211,0.159761064,0.582958616,0.000000000,0.575809598,2.000000000,0.006155830,0.123116594,0.013340084,1.000000000,0.795748720,0.660781225,0.735927534,0.000000000,0.805993559,0.702296974,0.775622715,1,0,0,0.000000000,0.049618022,-0.417262305,0.146588868,-0.121178554,-0.015531883,0.142669531,0.313488701,12.121608531,0.019222707,-130.918069409,-0.114793275,142.886181685,44.883939430,-0.001294416,-0.000520053,0.001049320,0.000395847,-0.001003530,0.000039902,0.000247746,0.000000000,0.000000000,0.000000000,0.000000000,0.000000000,0.000000000,0.000000000,-0.001269396,0.000000126,0.001256637,0.000000164,-0.000437497,-0.000000502,0.000308806,0.000000000,0.000000000,0.000000000,0.000000000,0.000000000,0.000000000,0.000000000,-0.483826596,-0.004547617,0.201188296,0.002203537,0.368191348,0.357149364,0.062276444
9.000000000,0,9.000000000,sample,0.216533098,-0.000000157,0.216034038,0.216033202,0.000000836,0.836316688,0.000005227,0,0,1.500000000,0.080000000,0.000000000,0.000000000,0.001386047,0.000000000,0.006861860,0.002114321,-0.002114321,0.000965705,0.002964986,0.467471606,1,85.582706151,0,0.000000000,0.431467746,0.188573064,0.445472055,0.189062724,1.755270842,0.148809165,0.945170979,0.150071849,0.655223304,0.000000000,0.655219301,2.000000000,0.000000000,0.000000000,0.000000000,1.000000000,0.765086386,0.645079777,0.722271663,0.000000000,0.806597853,0.659054685,0.734922460,1,0,0,0.000000000,0.050762156,-0.401535029,0.149523376,-0.120846264,-0.015913370,0.143884487,0.313318390,12.121911553,0.017770967,-130.918069409,-0.114836164,142.886100087,44.883598443,0.002742936,0.000366532,0.000533391,0.000492394,-0.000025442,-0.000344009,0.000697963,0.000000000,0.000000000,0.000000000,0.000000000,0.000000000,0.000000000,0.000000000,0.000943529,-0.000000088,-0.000934045,-0.000000122,0.000325194,0.000000373,-0.000229538,0.000000000,0.000000000,0.000000000,0.000000000,0.000000000,0.000000000,0.000000000,-0.442272894,-0.019085485,0.241199494,0.008114896,0.369579956,0.356670177,0.060504388
9.050000000,0,9.050000000,sample,0.216533223,0.000002502,0.216034157,0.216033320,0.000000837,0.837309170,0.000005233,0,0,1.500000000,0.080000000,0.000000000,0.000000000,0.002729835,0.000000000,0.008638308,0.008638308,-0.001624910,0.008638308,0.006157166,0.443359035,1,90.321794801,0,0.000000000,0.431075321,0.188574570,0.434494080,0.189488779,4.098458785,0.442771985,0.682429933,0.214566906,0.467217186,0.000000000,0.467209056,2.000000000,0.000000000,0.000000000,0.000000000,1.000000000,0.807132831,0.611551613,0.702991075,0.000000000,0.807132831,0.687643032,0.754575909,1,0,0,0.000000000,0.050947620,-0.401227428,0.149153690,-0.120804332,-0.015831378,0.143930711,0.313281848,12.121815900,0.017781817,-130.918165118,-0.114910474,142.886181694,44.883678292,-0.005851634,0.000553260,-0.001782029,-0.000049130,0.000200667,0.000378888,-0.000033381,0.000000000,0.000000000,0.000000000,0.000000000,0.000000000,0.000000000,0.000000000,-0.001858293,0.000000174,0.001839612,0.000000241,-0.000640470,-0.000000735,0.000452075,0.000000000,0.000000000,0.000000000,0.000000000,0.000000000,0.000000000,0.000000000,-0.369264782,-0.011399897,0.298260259,0.001995122,0.369669267,0.357896698,0.063256931
9.100000000,0,9.100000000,sample,0.216532994,-0.000004584,0.216033855,0.216033178,0.000000678,0.677589211,0.000004235,0,0,1.500000000,0.080000000,0.000000000,0.000000000,0.006544319,0.000000000,0.008706915,0.006684382,-0.004942362,0.006684382,0.009467069,0.691271897,5,53.241097422,0,0.000000000,0.426694240,0.188579492,0.434378625,0.189082834,0.546398977,0.227698072,0.859573299,0.135723167,0.572963307,0.000000000,0.572966260,2.000000000,0.000000000,0.000000000,0.000000000,1.000000000,0.783759838,0.692145294,0.751969116,0.000000000,0.825037259,0.695903960,0.756010437,1,0,0,0.000000000,0.049830789,-0.396637946,0.149208602,-0.120735306,-0.015785380,0.144000113,0.312531058,12.121956883,0.018046742,-130.917978422,-0.115119564,142.886181685,44.883423022,-0.002548002,0.000339854,0.003595536,0.000966549,-0.006907789,0.000202670,0.004625674,0.000000000,0.000000000,0.000000000,0.000000000,0.000000000,0.000000000,0.000000000,-0.004454938,0.000000422,0.004410157,0.000000578,-0.001535435,-0.000001765,0.001083784,0.000000000,0.000000000,0.000000000,0.000000000,0.000000000,0.000000000,0.000000000,-0.516996362,-0.012722495,0.158530402,0.003717318,0.376108734,0.357767080,0.058392477
9.150000000,0,9.150000000,sample,0.216533365,0.000007430,0.216033988,0.216033767,0.000000222,0.221708923,0.000001386,0,0,1.500000000,0.080000000,0.000000000,0.000000000,0.003907782,0.000000000,0.009476900,0.006061105,-0.006061105,0.003284971,0.007073204,0.552476906,3,46.316697140,0,0.000000000,0.414584083,0.190208270,0.427987750,0.190332036,1.596070450,0.221652675,0.903220226,0.192831042,0.614421164,0.000000000,0.614423994,2.000000000,0.000000000,0.000000000,0.000000000,1.000000000,0.762631818,0.645620652,0.722811900,0.000000000,0.819358479,0.731030019,0.791283997,1,0,0,0.000000000,0.051562869,-0.383112222,0.149820752,-0.121182353,-0.015890893,0.145744650,0.310421614,12.121815844,0.018613381,-130.918276778,-0.114574275,142.886235058,44.883176449,-0.002530210,-0.000564351,0.004813766,-0.000720493,0.004418568,0.000278156,-0.000131149,0.000000000,0.000000000,0.000000000,0.000000000,0.000000000,0.000000000,0.000000000,-0.002660162,0.000000257,0.002633420,0.000000344,-0.000916840,-0.000001049,0.000647150,0.000000000,0.000000000,0.000000000,0.000000000,0.000000000,0.000000000,0.000000000,-0.450149297,-0.019665420,0.230378886,0.008785400,0.367981854,0.356734337,0.060118867
9.200000000,0,9.200000000,sample,0.216533102,-0.000005274,0.216034125,0.216033116,0.000001008,1.008364476,0.000006302,1,1,1.500000000,0.080000000,1.500000000,0.001350133,0.000900088,0.000900088,0.009151154,0.003947748,-0.003947748,0.001845794,0.002501446,0.359827311,3,60.382514011,1,46.339909553,0.408987170,0.190476589,0.417057318,0.191149114,1.501966496,0.101604617,0.868746000,0.166016490,0.583176254,1.500000000,1.609376670,2.000000000,0.000000000,0.000000000,0.000000000,1.000000000,0.772963579,0.632119616,0.718886780,0.385205079,0.815298023,0.666229113,0.742890315,1,0,0,0.000000000,0.050268646,-0.377616755,0.148825923,-0.120850966,-0.015801639,0.146378562,0.311004625,12.121843031,0.017506968,-130.918069409,-0.114738758,142.886140895,44.883442993,0.000367672,-0.000839069,0.001943778,0.000443205,0.001061970,-0.000150736,0.000541116,-0.680734233,0.000063037,0.673891430,0.000088067,-0.234618924,-0.000268819,0.165605318,-0.000612721,0.000000057,0.000606562,0.000000079,-0.000211178,-0.000000242,0.000149059,-1.021101349,0.000094555,1.010837145,0.000132100,-0.351928386,-0.000403228,0.248407977,-0.435157658,-0.018013965,0.244492405,0.003573127,0.367551098,0.358009937,0.063696816
9.250000000,0,9.250000000,sample,0.216532976,-0.000002507,0.216033779,0.216033209,0.000000570,0.569761459,0.000003561,0,0,1.500000000,0.080000000,0.000000000,0.000000000,0.002338688,0.000000000,0.007437791,0.003648378,-0.001548572,0.003648378,0.002896092,0.807532258,3,54.703535214,0,0.000000000,0.408833387,0.189950131,0.413160433,0.191007398,0.964479612,0.115970791,0.826344511,0.156490391,0.554124305,0.000000000,0.554124544,2.000000000,0.000000000,0.000000000,0.000000000,1.000000000,0.773336158,0.632780798,0.709855834,0.000000000,0.801368001,0.683593685,0.759813059,1,0,0,0.000000000,0.049433504,-0.378205853,0.147178122,-0.120860049,-0.015671780,0.145699335,0.310391075,12.121720193,0.018175632,-130.917973700,-0.114960312,142.886053459,44.882981030,-0.001294601,-0.000548222,0.002142003,0.001082548,-0.000418273,-0.000464849,-0.000509593,0.000000000,0.000000000,0.000000000,0.000000000,0.000000000,0.000000000,0.000000000,-0.001592026,0.000000151,0.001576024,0.000000206,-0.000548694,-0.000000630,0.000387295,0.000000000,0.000000000,0.000000000,0.000000000,0.000000000,0.000000000,0.000000000,-0.428441718,-0.017314482,0.221994761,-0.001329890,0.372965193,0.357559597,0.061626810
9.300000000,0,9.300000000,sample,0.216533094,0.000002349,0.216033962,0.216033271,0.000000691,0.690907016,0.000004318,0,0,1.500000000,0.080000000,0.000000000,0.000000000,0.000627105,0.000000000,0.004240439,0.004100613,-0.002956166,0.004100613,0.001517235,0.413320843,2,32.395558029,0,0.000000000,0.406124798,0.190770173,0.410002691,0.190886738,0.702136781,0.104118214,0.829518030,0.173254961,0.572822941,0.000000000,0.572822780,2.000000000,0.000000000,0.000000000,0.000000000,1.000000000,0.797130213,0.629246086,0.707455673,0.000000000,0.803128283,0.647617610,0.722437019,1,0,0,0.000000000,0.050783453,-0.374136848,0.149599504,-0.120998473,-0.015959155,0.146621737,0.310156714,12.121912056,0.017949208,-130.918069428,-0.114647004,142.886053459,44.883197077,0.000590356,0.000863566,-0.000447310,-0.000224176,0.000230629,-0.000535412,0.000785837,0.000000000,0.000000000,0.000000000,0.000000000,0.000000000,0.000000000,0.000000000,0.000426892,-0.000000040,-0.000422601,-0.000000055,0.000147131,0.000000168,-0.000103852,0.000000000,0.000000000,0.000000000,0.000000000,0.000000000,0.000000000,0.000000000,-0.407152588,-0.008208280,0.255374523,-0.004888594,0.371921205,0.356904311,0.060883560
9.350000000,0,9.350000000,sample,0.216533215,0.000002434,0.216034309,0.216033143,0.000001165,1.165192564,0.000007282,1,1,1.500000000,0.080000000,1.500000000,-0.003368905,0.002245937,-0.002245937,0.003386234,0.003386234,-0.003386234,0.000028809,0.002692369,0.834186135,3,41.128401416,1,46.340043911,0.406063402,0.189658757,0.410998977,0.190772777,0.387058038,0.066967180,0.799175874,0.156431071,0.538949087,1.500000000,1.593884559,2.000000000,0.000000000,0.000000000,0.000000000,1.000000000,0.791851564,0.618476911,0.694752337,0.355950594,0.848156732,0.675160342,0.738587256,1,0,0,0.000000000,0.050467474,-0.374997381,0.147368534,-0.120646194,-0.015705384,0.145493233,0.310940490,12.121609986,0.017327490,-130.918165118,-0.115021358,142.886100340,44.882543888,0.001570537,-0.000961909,-0.001726654,-0.000350588,-0.000436496,-0.000273311,-0.000698225,-0.680735220,0.000062635,0.673892662,0.000088282,-0.234614626,-0.000269476,0.165602337,0.001528888,-0.000000141,-0.001513520,-0.000000198,0.000526930,0.000000605,-0.000371932,-1.021102829,0.000093953,1.010838993,0.000132423,-0.351921938,-0.000404214,0.248403505,-0.377441810,-0.012290466,0.262741148,0.005462182,0.374912578,0.356078445,0.060443264
9.400000000,0,9.400000000,sample,0.216533368,0.000003060,0.216034092,0.216033683,0.000000409,0.409039733,0.000002556,0,0,1.500000000,0.080000000,0.000000000,0.000000000,0.005041292,0.000000000,0.008588259,0.002928369,-0.002928369,0.001711287,0.006004623,0.839568582,3,48.733166951,0,0.000000000,0.406917728,0.190687589,0.408799320,0.191058453,0.667758707,0.101564505,0.810429886,0.159435274,0.552013523,0.000000000,0.552015694,2.000000000,0.000000000,0.000000000,0.000000000,1.000000000,0.789212478,0.631560215,0.710747835,0.000000000,0.802716121,0.669714145,0.731907240,1,0,0,0.000000000,0.052061976,-0.373934379,0.151804704,-0.121000759,-0.016074392,0.146499785,0.309700258,12.122035438,0.018379632,-130.918276778,-0.114792983,142.886269111,44.883156277,0.003892347,0.000812021,-0.004191776,-0.000384222,-0.001244017,0.000500594,0.000853795,0.000000000,0.000000000,0.000000000,0.000000000,0.000000000,0.000000000,0.000000000,0.003431777,-0.000000329,-0.003397276,-0.000000444,0.001182803,0.000001356,-0.000834880,0.000000000,0.000000000,0.000000000,0.000000000,0.000000000,0.000000000,0.000000000,-0.413433226,-0.012098470,0.253559778,0.010444707,0.370745889,0.358417053,0.061417662
9.450000000,0,9.450000000,sample,0.216532980,-0.000007759,0.216033849,0.216033146,0.000000703,0.703137870,0.000004395,0,0,1.500000000,0.080000000,0.000000000,0.000000000,0.004747214,0.000000000,0.008068463,0.004818070,-0.001856277,0.004818070,0.007079307,0.670576050,1,95.405492901,0,0.000000000,0.402348415,0.190449695,0.408320755,0.191078616,3.883828639,0.443711102,0.973405144,0.126191329,0.702035339,0.000000000,0.702019786,2.000000000,0.000000000,0.000000000,0.000000000,1.000000000,0.778594008,0.681108736,0.741130746,0.000000000,0.797780567,0.681108736,0.741130746,1,0,0,0.000000000,0.049223738,-0.371242315,0.147106813,-0.120902228,-0.015625054,0.146320180,0.309850675,12.121720153,0.017959737,-130.917973700,-0.114816657,142.886100087,44.882735719,0.006914765,-0.000332955,0.000223395,0.001114453,0.000272254,-0.000487718,-0.000766714,0.000000000,0.000000000,0.000000000,0.000000000,0.000000000,0.000000000,0.000000000,0.003231593,-0.000000305,-0.003199111,-0.000000418,0.001113775,0.000001277,-0.000786156,0.000000000,0.000000000,0.000000000,0.000000000,0.000000000,0.000000000,0.000000000,-0.501702041,-0.015700217,0.140676479,0.008081732,0.380783374,0.358966549,0.060126531
9.500000000,0,9.500000000,sample,0.216533115,0.000002684,0.216034077,0.216033190,0.000000887,0.886920333,0.000005543,0,0,1.500000000,0.080000000,0.000000000,0.000000000,0.000934348,0.000000000,0.011460738,0.002478149,-0.002478149,0.001553792,0.002456496,0.380358022,1,81.503057092,0,0.000000000,0.399907064,0.190952890,0.407703436,0.191769486,1.471824911,0.141771560,0.869226759,0.151605974,0.599502893,0.000000000,0.599500619,2.000000000,0.000000000,0.000000000,0.000000000,1.000000000,0.766074270,0.641816626,0.714069486,0.000000000,0.812549718,0.722957817,0.779586007,1,0,0,0.000000000,0.050029665,-0.367471047,0.149625272,-0.120856236,-0.015769657,0.146996919,0.309722767,12.121952512,0.017691878,-130.918069409,-0.114797455,142.886282225,44.883007381,0.002217701,0.000327671,0.000563001,0.000284454,-0.000391848,-0.000253031,0.000627179,0.000000000,0.000000000,0.000000000,0.000000000,0.000000000,0.000000000,0.000000000,0.000636042,-0.000000059,-0.000629648,-0.000000082,0.000219218,0.000000251,-0.000154735,0.000000000,0.000000000,0.000000000,0.000000000,0.000000000,0.000000000,0.000000000,-0.431109894,-0.020320341,0.228793083,0.006561347,0.373515393,0.358072798,0.059223053
9.550000000,0,9.550000000,sample,0.216533102,-0.000000252,0.216033908,0.216033331,0.000000576,0.576444749,0.000003603,0,0,1.500000000,0.080000000,0.000000000,0.000000000,0.003321665,0.000000000,0.007925421,0.005162333,-0.004022363,0.005162333,0.003946615,0.841649057,1,79.864443037,0,0.000000000,0.393818866,0.191697419,0.403003787,0.191796370,0.960837159,0.173613862,0.743425769,0.189592066,0.497814704,0.000000000,0.497815006,2.000000000,0.000000000,0.000000000,0.000000000,1.000000000,0.767180534,0.623640158,0.708670816,0.000000000,0.828136448,0.700816922,0.762688570,1,0,0,0.000000000,0.050086954,-0.361263083,0.148571805,-0.120966338,-0.015771895,0.147872556,0.308586944,12.121816012,0.018134240,-130.918069409,-0.114767897,142.886143134,44.883155937,-0.003526968,0.000006508,0.001561876,0.000042404,0.000776278,-0.000003761,0.000303890,0.000000000,0.000000000,0.000000000,0.000000000,0.000000000,0.000000000,0.000000000,-0.002261171,0.000000215,0.002238442,0.000000293,-0.000779324,-0.000000893,0.000550084,0.000000000,0.000000000,0.000000000,0.000000000,0.000000000,0.000000000,0.000000000,-0.405121191,-0.023371427,0.263343774,0.003815003,0.369356350,0.357770922,0.061288493
9.600000000,0,9.600000000,sample,0.216533215,0.000002269,0.216034194,0.216033273,0.000000921,0.921439280,0.000005759,0,0,1.500000000,0.080000000,0.000000000,0.000000000,0.000255027,0.000000000,0.005982879,0.000339696,-0.000339696,0.000269851,0.001384597,0.184188293,2,45.128219223,0,0.000000000,0.398471625,0.191085773,0.404210035,0.191635301,0.327590804,0.045168384,0.795739559,0.171215676,0.532304702,0.000000000,0.532304620,2.000000000,0.000000000,0.000000000,0.000000000,1.000000000,0.762304562,0.631690200,0.704200959,0.000000000,0.793268089,0.656175718,0.731869157,1,0,0,0.000000000,0.051147219,-0.365777576,0.149567253,-0.120891470,-0.015942307,0.147121949,0.309598906,12.121847044,0.017628114,-130.918165118,-0.114714638,142.886100087,44.882879655,0.000345885,-0.000930138,-0.000190755,-0.000450424,0.000103940,-0.000182316,0.000805608,0.000000000,0.000000000,0.000000000,0.000000000,0.000000000,0.000000000,0.000000000,0.000173605,-0.000000016,-0.000171860,-0.000000022,0.000059834,0.000000069,-0.000042234,0.000000000,0.000000000,0.000000000,0.000000000,0.000000000,0.000000000,0.000000000,-0.422203278,-0.022808617,0.206955302,-0.000494662,0.377444817,0.357937611,0.060897326
9.650000000,0,9.650000000,sample,0.216533223,0.000000153,0.216034023,0.216033454,0.000000569,0.568766699,0.000003555,0,0,1.500000000,0.080000000,0.000000000,0.000000000,0.001373565,0.000000000,0.006476443,0.006476443,-0.003058016,0.006476443,0.002927069,0.469262950,5,74.412826957,0,0.000000000,0.393494443,0.191411843,0.400452416,0.191841009,0.123586986,0.213010402,0.791796628,0.139194596,0.545669964,0.000000000,0.545670121,2.000000000,0.000000000,0.000000000,0.000000000,1.000000000,0.779772196,0.684054863,0.746288837,0.000000000,0.797328539,0.686856002,0.748924613,1,0,0,0.000000000,0.050724116,-0.360578478,0.149157977,-0.120990243,-0.015830552,0.147476263,0.308504333,12.121816347,0.018139242,-130.918165118,-0.114731467,142.886181685,44.882652802,-0.000485641,0.000074492,0.000923627,0.000082319,-0.002524974,0.000119551,-0.001037636,0.000000000,0.000000000,0.000000000,0.000000000,0.000000000,0.000000000,0.000000000,-0.000935033,0.000000089,0.000925634,0.000000121,-0.000322264,-0.000000369,0.000227469,0.000000000,0.000000000,0.000000000,0.000000000,0.000000000,0.000000000,0.000000000,-0.504150464,-0.013360991,0.167814396,0.002109864,0.378093481,0.357541395,0.060366958
9.700000000,0,9.700000000,sample,0.216533360,0.000002738,0.216034426,0.216033321,0.000001105,1.104831575,0.000006905,1,1,1.500000000,0.080000000,1.500000000,-0.001639052,0.001092701,-0.001092701,0.004411742,0.003559918,-0.003559918,0.000000000,0.003387364,0.322581621,2,60.647146746,1,46.339943600,0.394708552,0.191411451,0.402879417,0.191766950,1.366331576,0.198273984,0.730671394,0.184239515,0.470976977,1.500000000,1.572201177,2.000000000,0.000000000,0.000000000,0.000000000,1.000000000,0.901166030,0.677948273,0.719459091,0.353409189,0.901166030,0.680808999,0.743246718,1,0,0,0.000000000,0.051643951,-0.361459322,0.149916316,-0.120832111,-0.015941749,0.147593378,0.309409781,12.121817355,0.017364974,-130.918276778,-0.114721634,142.886181685,44.882910372,0.000029905,-0.002637953,-0.001595351,-0.000938905,0.000554554,0.000365185,0.000804344,-0.680734483,0.000062679,0.673891277,0.000088054,-0.234618691,-0.000268778,0.165605244,0.000743840,-0.000000068,-0.000736362,-0.000000096,0.000256368,0.000000294,-0.000180957,-1.021101724,0.000094019,1.010836916,0.000132080,-0.351928036,-0.000403167,0.248407865,-0.456472520,0.047066234,0.182187261,-0.022910300,0.381719448,0.352542604,0.057670504
9.750000000,0,9.750000000,sample,0.216533355,-0.000000102,0.216033968,0.216033767,0.000000201,0.200507921,0.000001253,0,0,1.500000000,0.080000000,0.000000000,0.000000000,0.001916181,0.000000000,0.006667498,0.004827559,-0.003177858,0.004827559,0.005309502,0.360896508,3,85.014456995,0,0.000000000,0.392546824,0.191681920,0.399025784,0.191850820,3.600070807,0.359437270,0.630081062,0.200419229,0.443647847,0.000000000,0.443642236,2.000000000,0.000000000,0.000000000,0.000000000,1.000000000,0.773368724,0.624110402,0.704735884,0.000000000,0.977635906,0.743652681,0.798295204,1,0,0,0.000000000,0.051689428,-0.359355602,0.149280819,-0.121045506,-0.015943127,0.147769282,0.307811109,12.121734294,0.018685674,-130.918278352,-0.114827952,142.886100087,44.882863749,-0.001508313,-0.000184592,-0.004895535,-0.000496141,-0.001100486,-0.000329850,0.000591131,0.000000000,0.000000000,0.000000000,0.000000000,0.000000000,0.000000000,0.000000000,0.001304411,-0.000000126,-0.001291299,-0.000000169,0.000449568,0.000000516,-0.000317327,0.000000000,0.000000000,0.000000000,0.000000000,0.000000000,0.000000000,0.000000000,-0.377066275,-0.024308067,0.282009982,0.009915514,0.377178193,0.358107154,0.061243258
9.800000000,0,9.800000000,sample,0.216533113,-0.000004832,0.216034116,0.216033134,0.000000983,0.982529458,0.000006141,0,0,1.500000000,0.080000000,0.000000000,0.000000000,0.002802081,0.000000000,0.009805081,0.002947609,-0.002947609,0.000000000,0.003034122,0.923522853,3,64.951624871,0,0.000000000,0.396239775,0.190996130,0.400029172,0.191816182,0.646534136,0.064521898,0.761268774,0.165501065,0.503239447,0.000000000,0.503240539,2.000000000,0.000000000,0.000000000,0.000000000,1.000000000,0.812344883,0.595026771,0.686029924,0.000000000,0.812344883,0.657585446,0.725689869,1,0,0,0.000000000,0.049346920,-0.364441003,0.147491004,-0.120996841,-0.015552143,0.146960596,0.309559408,12.121720135,0.017505493,-130.918069409,-0.114503630,142.886269111,44.882390919,0.001498787,-0.000204026,-0.002445277,0.000139426,0.000076768,0.000651553,-0.000699051,0.000000000,0.000000000,0.000000000,0.000000000,0.000000000,0.000000000,0.000000000,0.001907473,-0.000000177,-0.001888300,-0.000000246,0.000657417,0.000000752,-0.000464036,0.000000000,0.000000000,0.000000000,0.000000000,0.000000000,0.000000000,0.000000000,-0.294838344,-0.023467162,0.332097602,0.006313138,0.376428248,0.357236962,0.059258364
9.851000000,0,9.851000000,sample,0.216533219,0.000002080,0.216034042,0.216033430,0.000000611,0.611454933,0.000003822,0,0,1.500000000,0.080000000,0.000000000,0.000000000,0.002443111,0.000000000,0.006512720,0.006512720,-0.002952069,0.006512720,0.003180039,0.768264696,3,42.976667986,0,0.000000000,0.394611873,0.191048338,0.400679025,0.191363178,0.391201608,0.145937110,0.806246393,0.152407362,0.560871828,0.000000000,0.560872812,2.000000000,0.000000000,0.000000000,0.000000000,1.000000000,0.772397762,0.650931096,0.710116056,0.000000000,0.810449423,0.700875243,0.755762684,1,0,0,0.000000000,0.050920233,-0.361694328,0.149341467,-0.120882099,-0.015884226,0.147087311,0.308678208,12.121829441,0.018105392,-130.918165119,-0.114899205,142.886140886,44.882538539,-0.001653464,0.000289329,0.002084725,-0.000275100,-0.000712953,0.000038721,-0.001537346,0.000000000,0.000000000,0.000000000,0.000000000,0.000000000,0.000000000,0.000000000,-0.001663110,0.000000158,0.001646392,0.000000215,-0.000573200,-0.000000658,0.000404592,0.000000000,0.000000000,0.000000000,0.000000000,0.000000000,0.000000000,0.000000000,-0.433948769,-0.016383123,0.195594832,0.006512786,0.381889263,0.358042221,0.057891940
9.901000000,0,9.901000000,sample,0.216532984,-0.000004708,0.216033990,0.216033027,0.000000963,0.963247196,0.000006020,0,0,1.500000000,0.080000000,0.000000000,0.000000000,0.003455856,0.000000000,0.004327875,0.004327875,-0.004327875,0.000385339,0.004613501,0.749074537,3,82.313206442,0,0.000000000,0.394692332,0.191281919,0.401470200,0.191742809,1.857169407,0.288203446,0.701259877,0.197677389,0.461425593,0.000000000,0.461429088,2.000000000,0.000000000,0.000000000,0.000000000,1.000000000,0.777172733,0.663129219,0.724625406,0.000000000,0.785030609,0.671438881,0.732630613,1,0,0,0.000000000,0.049824100,-0.361885302,0.149461113,-0.120930438,-0.015844124,0.147355235,0.309246978,12.121980745,0.017553512,-130.917973700,-0.114626310,142.886140886,44.882617639,0.000876772,0.000352807,-0.004185674,0.000965905,0.000906530,-0.000098047,0.001052112,0.000000000,0.000000000,0.000000000,0.000000000,0.000000000,0.000000000,0.000000000,0.002352518,-0.000000218,-0.002328870,-0.000000304,0.000810818,0.000000928,-0.000572314,0.000000000,0.000000000,0.000000000,0.000000000,0.000000000,0.000000000,0.000000000,-0.462202472,-0.013995631,0.187901447,-0.000468978,0.380049209,0.357773512,0.059232728
9.951000000,0,9.951000000,sample,0.216533215,0.000004629,0.216034168,0.216033292,0.000000876,0.876337536,0.000005477,0,0,1.500000000,0.080000000,0.000000000,0.000000000,0.000345510,0.000000000,0.006912448,0.006912448,-0.006912448,0.000319088,0.001639013,0.210803493,1,59.287547306,0,0.000000000,0.395446873,0.191005071,0.397697990,0.191770881,1.022725971,0.057880659,0.838497736,0.162074501,0.571467020,0.000000000,0.571466346,2.000000000,0.000000000,0.000000000,0.000000000,1.000000000,0.778962352,0.646946336,0.712723098,0.000000000,0.849869240,0.683842214,0.737885232,1,0,0,0.000000000,0.050746484,-0.363013716,0.148405074,-0.120922955,-0.015817813,0.147004670,0.309234386,12.121721702,0.017688480,-130.918165118,-0.114686701,142.886100087,44.882434685,0.001262014,0.000068542,0.000618324,0.000103521,0.000142309,-0.000239648,0.000786296,0.000000000,0.000000000,0.000000000,0.000000000,0.000000000,0.000000000,0.000000000,0.000235200,-0.000000022,-0.000232836,-0.000000030,0.000081062,0.000000093,-0.000057218,0.000000000,0.000000000,0.000000000,0.000000000,0.000000000,0.000000000,0.000000000,-0.427182105,-0.014380359,0.228015363,0.000552126,0.376833289,0.357698629,0.057792050
10.001000000,0,10.001000000,sample,0.216533356,0.000002818,0.216034334,0.216033395,0.000000939,0.938564770,0.000005866,0,0,1.500000000,0.080000000,0.000000000,0.000000000,0.001437773,0.000000000,0.004961902,0.002972110,-0.002972110,0.000242705,0.004676670,0.307435102,3,66.790136607,0,0.000000000,0.397302962,0.190742019,0.399231431,0.191805165,2.978643787,0.272651759,0.926079391,0.147488612,0.653126821,0.000000000,0.653133877,2.000000000,0.000000000,0.000000000,0.000000000,1.000000000,0.779053185,0.630569772,0.701946821,0.000000000,0.786240325,0.665189686,0.727896538,1,0,0,0.000000000,0.051172168,-0.365122190,0.148043368,-0.120904633,-0.015775936,0.146682335,0.309556009,12.121608644,0.017598734,-130.918276778,-0.114686691,142.886140886,44.882346313,0.001440254,-0.001754204,0.003822020,-0.001272790,0.000699631,-0.000024808,0.000041871,0.000000000,0.000000000,0.000000000,0.000000000,0.000000000,0.000000000,0.000000000,-0.000978743,0.000000091,0.000968904,0.000000127,-0.000337323,-0.000000386,0.000238099,0.000000000,0.000000000,0.000000000,0.000000000,0.000000000,0.000000000,0.000000000,-0.389824630,-0.016955019,0.261033579,0.002027924,0.376803900,0.356298163,0.058364572
10.051000000,0,10.051000000,sample,0.216532990,-0.000007331,0.216033993,0.216033025,0.000000968,0.968468288,0.000006053,0,0,1.500000000,0.080000000,0.000000000,0.000000000,0.000608470,0.000000000,0.007268231,0.006812209,-0.006812209,0.001229202,0.002457971,0.247549645,5,51.122049933,0,0.000000000,0.392851988,0.191185283,0.398821999,0.191687321,0.724382214,0.130585706,0.754340965,0.184173996,0.502065123,0.000000000,0.502066486,2.000000000,0.000000000,0.000000000,0.000000000,1.000000000,0.775572090,0.663797544,0.725226878,0.000000000,0.777187439,0.698511162,0.752101381,1,0,0,0.000000000,0.049349424,-0.360558773,0.147968543,-0.120923273,-0.015684713,0.147252722,0.309110698,12.121816372,0.017548080,-130.917978422,-0.114639120,142.886140969,44.882383937,-0.000612345,0.000719133,-0.000746140,0.001027081,0.001757442,-0.000074008,-0.000666187,0.000000000,0.000000000,0.000000000,0.000000000,0.000000000,0.000000000,0.000000000,0.000414206,-0.000000038,-0.000410043,-0.000000054,0.000142758,0.000000163,-0.000100766,0.000000000,0.000000000,0.000000000,0.000000000,0.000000000,0.000000000,0.000000000,-0.451816667,-0.013858288,0.219717857,0.001107041,0.377777760,0.356831768,0.057459232
10.101000000,0,10.101000000,sample,0.216533240,0.000004994,0.216034313,0.216033192,0.000001121,1.121435583,0.000007009,1,1,1.500000000,0.080000000,1.500000000,-0.001523597,0.001015731,-0.001015731,0.006445651,0.004037785,-0.004037785,0.000000000,0.001808703,0.561579855,3,74.997782911,1,46.339890264,0.391661607,0.191338368,0.400416925,0.191787850,0.866946485,0.142644908,0.742884892,0.182086397,0.495613529,1.500000000,1.579757055,2.000000000,0.000000000,0.000000000,0.000000000,1.000000000,0.779914129,0.648101229,0.720366555,0.378499933,0.801255267,0.697238854,0.757314583,1,0,0,0.000000000,0.050169356,-0.358613649,0.149258502,-0.120861878,-0.015688553,0.147501345,0.309130210,12.121857139,0.017332208,-130.918165118,-0.114666104,142.886363823,44.882462831,-0.000013757,-0.000389082,-0.001566359,-0.000322194,0.000340435,0.000047433,0.000666630,-0.680734091,0.000062589,0.673890930,0.000088012,-0.234620157,-0.000268649,0.165606190,0.000691443,-0.000000064,-0.000684492,-0.000000089,0.000238311,0.000000273,-0.000168211,-1.021101136,0.000093883,1.010836395,0.000132017,-0.351930235,-0.000402973,0.248409285,-0.435362864,-0.014412743,0.237669467,0.005423101,0.374886238,0.358413998,0.060522329
10.151000000,0,10.151000000,sample,0.216533270,0.000000611,0.216034179,0.216033384,0.000000795,0.795415005,0.000004971,0,0,1.500000000,0.080000000,0.000000000,0.000000000,0.000683362,0.000000000,0.006667301,0.001855448,-0.001855448,0.001509877,0.001203507,0.567808931,6,39.161544362,0,0.000000000,0.397367648,0.190699245,0.398914900,0.191650762,0.512733792,0.084671206,0.789040745,0.162207235,0.521944809,0.000000000,0.521944699,2.000000000,0.000000000,0.000000000,0.000000000,1.000000000,0.794516923,0.648920764,0.719766597,0.000000000,0.828154927,0.677831496,0.745911572,1,0,0,0.000000000,0.050521142,-0.365000692,0.148738554,-0.120966970,-0.015722397,0.146581037,0.309328149,12.121762493,0.017800056,-130.918196906,-0.114655048,142.886269111,44.882188908,-0.000304169,-0.000402863,0.000464763,0.000245181,-0.000559133,0.000753145,0.000193997,0.000000000,0.000000000,0.000000000,0.000000000,0.000000000,0.000000000,0.000000000,-0.000465188,0.000000044,0.000460512,0.000000060,-0.000160329,-0.000000184,0.000113168,0.000000000,0.000000000,0.000000000,0.000000000,0.000000000,0.000000000,0.000000000,-0.448150906,-0.006144564,0.215147316,-0.004532120,0.373568906,0.357272173,0.060670618
10.201000000,0,10.201000000,sample,0.216532980,-0.000005794,0.216033945,0.216033056,0.000000889,0.888851795,0.000005555,0,0,1.500000000,0.080000000,0.000000000,0.000000000,0.003365593,0.000000000,0.007767967,0.004340363,-0.004340363,0.003659261,0.004650041,0.723777137,1,88.709926361,0,0.000000000,0.387830159,0.191445909,0.401239938,0.191838720,2.041491709,0.148428727,0.679988950,0.182478751,0.453306040,0.000000000,0.453309246,2.000000000,0.000000000,0.000000000,0.000000000,1.000000000,0.796375274,0.645452925,0.713920654,0.000000000,0.796375274,0.673159501,0.734666071,1,0,0,0.000000000,0.049429019,-0.355058718,0.147994296,-0.120842125,-0.015719395,0.147653709,0.308385215,12.121815862,0.017693417,-130.917973700,-0.114824568,142.886100087,44.882349628,-0.004379685,0.000432886,0.000617244,0.000957578,-0.000461613,-0.000160855,-0.000846725,0.000000000,0.000000000,0.000000000,0.000000000,0.000000000,0.000000000,0.000000000,-0.002291075,0.000000214,0.002268046,0.000000297,-0.000789630,-0.000000905,0.000557358,0.000000000,0.000000000,0.000000000,0.000000000,0.000000000,0.000000000,0.000000000,-0.433600961,-0.005442360,0.225873290,0.002281278,0.373492567,0.357227681,0.059253924
10.251000000,0,10.251000000,sample,0.216533223,0.000004852,0.216034193,0.216033301,0.000000892,0.892204737,0.000005576,0,0,1.500000000,0.080000000,0.000000000,0.000000000,0.001067231,0.000000000,0.007685622,0.002765301,-0.002765301,0.000731086,0.001725150,0.618630435,3,44.329984257,0,0.000000000,0.393312566,0.191242129,0.397446403,0.192056639,0.632206242,0.046986244,0.774545855,0.163016167,0.530928097,0.000000000,0.530927842,2.000000000,0.000000000,0.000000000,0.000000000,1.000000000,0.772810287,0.625348314,0.709486539,0.000000000,0.811065843,0.688196694,0.750830092,1,0,0,0.000000000,0.051497927,-0.359286595,0.151511981,-0.120885309,-0.016084188,0.147314605,0.308852912,12.122070216,0.017674918,-130.918165118,-0.114742125,142.886181685,44.882393983,0.000367198,0.000846659,-0.001148618,0.000028752,-0.000370243,0.000224086,-0.000785514,0.000000000,0.000000000,0.000000000,0.000000000,0.000000000,0.000000000,0.000000000,0.000726499,-0.000000068,-0.000719196,-0.000000094,0.000250397,0.000000287,-0.000176742,0.000000000,0.000000000,0.000000000,0.000000000,0.000000000,0.000000000,0.000000000,-0.393613390,-0.022736360,0.281160844,0.002823865,0.370487465,0.357751752,0.060133464
10.301000000,0,10.301000000,sample,0.216533100,-0.000002462,0.216034024,0.216033206,0.000000818,0.817900606,0.000005112,0,0,1.500000000,0.080000000,0.000000000,0.000000000,0.000775054,0.000000000,0.007160149,0.007160149,-0.001913953,0.007160149,0.005049224,0.153499609,5,94.128244617,0,0.000000000,0.389718832,0.191642576,0.398655186,0.191912237,0.964298785,0.235107602,0.732775543,0.135487766,0.488278732,0.000000000,0.488279975,2.000000000,0.000000000,0.000000000,0.000000000,1.000000000,0.776328108,0.661962899,0.723263723,0.000000000,0.792220716,0.661962899,0.723263723,1,0,0,0.000000000,0.049858703,-0.357169527,0.147732212,-0.120949515,-0.015700991,0.147822767,0.308516199,12.121721646,0.017770374,-130.918069467,-0.114671966,142.886120325,44.882603042,-0.000136020,-0.000366640,-0.000802722,0.000668155,-0.004898742,-0.000231675,0.000446755,0.000000000,0.000000000,0.000000000,0.000000000,0.000000000,0.000000000,0.000000000,-0.000527606,0.000000049,0.000522303,0.000000068,-0.000181841,-0.000000208,0.000128352,0.000000000,0.000000000,0.000000000,0.000000000,0.000000000,0.000000000,0.000000000,-0.454538693,-0.014549358,0.205433868,0.006892699,0.377269818,0.358357071,0.057362153
10.351000000,0,10.351000000,sample,0.216533353,0.000005067,0.216034410,0.216033337,0.000001073,1.073300156,0.000006708,1,1,1.500000000,0.080000000,1.500000000,0.000618611,0.000412407,0.000412407,0.006745427,0.003475786,-0.003475786,0.003391704,0.002493452,0.165396185,7,50.193039919,1,46.339883870,0.390285918,0.191252137,0.394909617,0.192236664,1.042540764,0.021277099,0.733119921,0.169505108,0.498758952,1.500000000,1.580746036,2.000000000,0.000000000,0.000000000,0.000000000,1.000000000,0.817540390,0.609681937,0.693532052,0.360295026,0.823178822,0.683592496,0.751590655,1,0,0,0.000000000,0.052333142,-0.355940797,0.151296031,-0.120842216,-0.016160146,0.147354634,0.308767594,12.121952344,0.017410332,-130.918277309,-0.114721671,142.886100090,44.882073490,-0.001529573,-0.000534486,-0.000412478,-0.000485005,0.000248276,-0.000066138,-0.001766537,-0.680734044,0.000062793,0.673890647,0.000088054,-0.234620740,-0.000268781,0.165606706,-0.000280740,0.000000026,0.000277918,0.000000036,-0.000096759,-0.000000111,0.000068297,-1.021101066,0.000094190,1.010835971,0.000132082,-0.351931110,-0.000403171,0.248410059,-0.347920392,-0.009840220,0.298622327,-0.007548633,0.372481946,0.358374423,0.058600127
10.401000000,0,10.401000000,sample,0.216533123,-0.000004606,0.216034026,0.216033261,0.000000765,0.765227344,0.000004783,0,0,1.500000000,0.080000000,0.000000000,0.000000000,0.003211248,0.000000000,0.004959137,0.003939278,-0.003939278,0.002660933,0.004263226,0.753243841,3,88.565873802,0,0.000000000,0.387955176,0.191547735,0.393533440,0.192210610,1.843050403,0.227184842,0.847524957,0.149551501,0.583983499,0.000000000,0.583981957,2.000000000,0.000000000,0.000000000,0.000000000,1.000000000,0.823634258,0.648783289,0.714825416,0.000000000,0.863785035,0.697304352,0.751837027,1,0,0,0.000000000,0.050400622,-0.354323210,0.149746648,-0.120910883,-0.015871130,0.147713236,0.308123526,12.121938796,0.017862259,-130.918083594,-0.114768081,142.886181685,44.882267358,-0.000904311,-0.000184289,0.004012098,0.000840777,-0.000042753,-0.000091843,-0.000713620,0.000000000,0.000000000,0.000000000,0.000000000,0.000000000,0.000000000,0.000000000,-0.002186005,0.000000205,0.002164031,0.000000283,-0.000753426,-0.000000863,0.000531804,0.000000000,0.000000000,0.000000000,0.000000000,0.000000000,0.000000000,0.000000000,-0.441848996,0.008178394,0.219246040,-0.035204477,0.372415491,0.352716431,0.057162874
10.451000000,0,10.451000000,sample,0.216533102,-0.000000426,0.216034120,0.216033118,0.000001002,1.001964657,0.000006262,1,1,1.500000000,0.080000000,1.500000000,-0.001171625,0.000781083,-0.000781083,0.005970659,0.001936885,-0.001936885,0.000000000,0.001124448,0.694636898,3,55.046073983,1,46.339923351,0.390726201,0.191285621,0.395966180,0.191848020,0.460740779,0.031500284,0.760071214,0.169073993,0.507657849,1.500000000,1.583577257,2.000000000,0.000000000,0.000000000,0.000000000,1.000000000,0.776930576,0.649998689,0.720804538,0.371555610,0.812170227,0.672312656,0.736368437,1,0,0,0.000000000,0.050076108,-0.357889898,0.148573781,-0.120844313,-0.015774467,0.147438146,0.308865991,12.121815844,0.017519608,-130.918069409,-0.114759455,142.886140914,44.882392873,0.000146818,0.000094596,-0.000834262,0.000553336,0.000210346,-0.000102375,-0.000420690,-0.680734334,0.000063072,0.673891580,0.000088083,-0.234618440,-0.000268867,0.165604976,0.000531710,-0.000000049,-0.000526365,-0.000000069,0.000183257,0.000000210,-0.000129351,-1.021101501,0.000094607,1.010837370,0.000132124,-0.351927660,-0.000403300,0.248407465,-0.447571448,-0.015214207,0.215000476,0.004949877,0.374703016,0.358759991,0.060388083
10.501000000,0,10.501000000,sample,0.216533106,0.000000079,0.216033958,0.216033288,0.000000670,0.669643922,0.000004185,0,0,1.500000000,0.080000000,0.000000000,0.000000000,0.004702034,0.000000000,0.007741625,0.007308568,-0.007308568,0.002379538,0.006553266,0.717510010,5,64.249529941,0,0.000000000,0.388459386,0.191579467,0.393948571,0.191913998,0.857136641,0.367330511,0.798389829,0.119418639,0.550274062,0.000000000,0.550274398,2.000000000,0.000000000,0.000000000,0.000000000,1.000000000,0.799408628,0.600460802,0.689935136,0.000000000,0.801166802,0.664704838,0.735024994,1,0,0,0.000000000,0.049955679,-0.355402108,0.148642073,-0.120879098,-0.015747445,0.147793619,0.308088247,12.121829945,0.018017738,-130.918069409,-0.114875380,142.886181686,44.882550338,-0.001755737,-0.000066491,0.003380107,0.000627793,-0.005252823,0.000668192,-0.000019708,0.000000000,0.000000000,0.000000000,0.000000000,0.000000000,0.000000000,0.000000000,-0.003200836,0.000000303,0.003168661,0.000000415,-0.001103186,-0.000001265,0.000778682,0.000000000,0.000000000,0.000000000,0.000000000,0.000000000,0.000000000,0.000000000,-0.349957852,-0.019265994,0.281812451,-0.004763567,0.374866497,0.359533859,0.062756515
10.551000000,0,10.551000000,sample,0.216533098,-0.000000153,0.216034076,0.216033159,0.000000916,0.916337558,0.000005727,0,0,1.500000000,0.080000000,0.000000000,0.000000000,0.000089356,0.000000000,0.008318293,0.006071932,-0.006071932,0.001667428,0.001307871,0.068322040,7,46.244864875,0,0.000000000,0.391477344,0.191207581,0.393303873,0.191976540,0.567245186,0.029997686,0.791146185,0.167122398,0.527743439,0.000000000,0.527743337,2.000000000,0.000000000,0.000000000,0.000000000,1.000000000,0.777952683,0.642488854,0.709602555,0.000000000,0.807327296,0.652194520,0.717405192,1,0,0,0.000000000,0.050311836,-0.358548445,0.148883319,-0.120868193,-0.015842328,0.147310012,0.308807802,12.121842511,0.017643440,-130.918069409,-0.114762358,142.886100087,44.882329825,0.000404038,-0.000663131,0.000274871,0.000248370,-0.000135492,-0.000401130,0.000889399,0.000000000,0.000000000,0.000000000,0.000000000,0.000000000,0.000000000,0.000000000,-0.000060828,0.000000006,0.000060217,0.000000008,-0.000020965,-0.000000024,0.000014798,0.000000000,0.000000000,0.000000000,0.000000000,0.000000000,0.000000000,0.000000000,-0.427843851,-0.017006137,0.206011668,-0.000214810,0.380285489,0.359937974,0.059857877
10.601000000,0,10.601000000,sample,0.216533227,0.000002588,0.216034294,0.216033176,0.000001117,1.117384010,0.000006984,1,1,1.500000000,0.080000000,1.500000000,0.000146384,0.000097589,0.000097589,0.002346699,0.001470678,-0.001470678,0.000218552,0.001612891,0.060505904,2,49.559825765,1,46.340030739,0.385397460,0.191858538,0.392794601,0.191990948,0.581786408,0.096094957,0.744835988,0.174443667,0.490494386,1.500000000,1.578158305,2.000000000,0.000000000,0.000000000,0.000000000,1.000000000,0.799412035,0.647550495,0.712868203,0.361435071,0.824257041,0.683456114,0.740934691,1,0,0,0.000000000,0.049862024,-0.352689666,0.147156312,-0.120920278,-0.015572990,0.148140025,0.308491947,12.121608474,0.017321408,-130.918165118,-0.114566606,142.886230561,44.882373167,-0.000286946,-0.001135455,-0.000395208,-0.000522177,-0.000165787,0.000397603,0.000784467,-0.680735123,0.000062544,0.673892486,0.000087933,-0.234615162,-0.000268411,0.165602691,-0.000066433,0.000000006,0.000065765,0.000000009,-0.000022896,-0.000000026,0.000016161,-1.021102684,0.000093815,1.010838730,0.000131900,-0.351922743,-0.000402616,0.248404036,-0.430252950,-0.004795267,0.219141745,-0.007562944,0.379116696,0.357278684,0.059855236
10.651000000,0,10.651000000,sample,0.216533219,-0.000000159,0.216034163,0.216033310,0.000000854,0.853532945,0.000005335,0,0,1.500000000,0.080000000,0.000000000,0.000000000,0.000063756,0.000000000,0.004884764,0.001931641,-0.001931641,0.000378353,0.001444683,0.044131309,1,36.448901067,0,0.000000000,0.395884473,0.190666473,0.395884473,0.192024209,0.890600582,0.152284778,0.832491855,0.150256168,0.574751948,0.000000000,0.574752134,2.000000000,0.000000000,0.000000000,0.000000000,1.000000000,0.783636880,0.660455422,0.718973772,0.000000000,0.807115383,0.660455422,0.719109544,1,0,0,0.000000000,0.050972871,-0.363019024,0.149477325,-0.120890565,-0.015899954,0.146582287,0.309195917,12.121844039,0.017733004,-130.918165176,-0.114756858,142.886140970,44.882073374,0.000872197,-0.000182815,0.000806107,-0.000158413,-0.000413507,-0.000061687,-0.000665781,0.000000000,0.000000000,0.000000000,0.000000000,0.000000000,0.000000000,0.000000000,0.000043401,-0.000000004,-0.000042964,-0.000000006,0.000014958,0.000000017,-0.000010558,0.000000000,0.000000000,0.000000000,0.000000000,0.000000000,0.000000000,0.000000000,-0.448965900,-0.010992591,0.192044335,0.002575055,0.383026089,0.357937193,0.059299180
10.701000000,0,10.701000000,sample,0.216533478,0.000005182,0.216034386,0.216033589,0.000000796,0.796457112,0.000004978,0,0,1.500000000,0.080000000,0.000000000,0.000000000,0.000271278,0.000000000,0.007391308,0.006950570,-0.004780040,0.006950570,0.004426282,0.061288104,5,44.906669611,0,0.000000000,0.388524717,0.191251396,0.395127084,0.191904715,0.858925046,0.122735152,0.768547929,0.159676553,0.527243528,0.000000000,0.527242903,2.000000000,0.000000000,0.000000000,0.000000000,1.000000000,0.793326791,0.691350585,0.744560308,0.000000000,0.807083464,0.700030536,0.752171009,1,0,0,0.000000000,0.052093473,-0.354738787,0.149660011,-0.120838566,-0.015941940,0.147380432,0.308209518,12.121720141,0.017835239,-130.918373012,-0.114878739,142.886181694,44.882082481,0.000384374,-0.001043089,-0.000785503,-0.002006603,-0.002966160,0.000113968,0.002213964,0.000000000,0.000000000,0.000000000,0.000000000,0.000000000,0.000000000,0.000000000,-0.000184669,0.000000017,0.000182812,0.000000024,-0.000063647,-0.000000073,0.000044925,0.000000000,0.000000000,0.000000000,0.000000000,0.000000000,0.000000000,0.000000000,-0.505581120,-0.007283990,0.145784639,-0.001823119,0.383050761,0.356731528,0.058847038
10.751000000,0,10.751000000,sample,0.216532988,-0.000009809,0.216034001,0.216033006,0.000000995,0.995020567,0.000006219,0,0,1.500000000,0.080000000,0.000000000,0.000000000,0.001088132,0.000000000,0.008189892,0.001824110,-0.001824110,0.001065716,0.002084513,0.522007631,1,66.836114370,0,0.000000000,0.386868317,0.191559886,0.395464931,0.192228372,1.226025717,0.166474748,0.715763182,0.183924719,0.464954746,0.000000000,0.464956715,2.000000000,0.000000000,0.000000000,0.000000000,1.000000000,0.768466596,0.637977302,0.711109303,0.000000000,0.797602707,0.707567419,0.770768955,1,0,0,0.000000000,0.048833178,-0.354511316,0.146983477,-0.120862294,-0.015542215,0.147803705,0.308491868,12.121720135,0.017525635,-130.917973875,-0.114734589,142.886181685,44.882370624,-0.001704159,-0.000341689,-0.000156153,0.000959489,0.000253245,-0.000048326,0.000559297,0.000000000,0.000000000,0.000000000,0.000000000,0.000000000,0.000000000,0.000000000,-0.000740729,0.000000069,0.000733283,0.000000096,-0.000255294,-0.000000292,0.000180199,0.000000000,0.000000000,0.000000000,0.000000000,0.000000000,0.000000000,0.000000000,-0.422868221,-0.019945349,0.231522205,0.003272172,0.375647520,0.357899476,0.060371831
10.801000000,0,10.801000000,sample,0.216533216,0.000004553,0.216034241,0.216033231,0.000001009,1.009226091,0.000006308,1,1,1.500000000,0.080000000,1.500000000,-0.001837294,0.001224863,-0.001224863,0.006714698,0.004050213,-0.004050213,0.000699230,0.001974147,0.620451817,3,51.632909365,1,46.339890604,0.389251322,0.191591056,0.394290159,0.191664705,0.666625229,0.119001401,0.767977866,0.177216422,0.526410785,1.500000000,1.589688077,2.000000000,0.000000000,0.000000000,0.000000000,1.000000000,0.796772614,0.646151861,0.714651404,0.366701587,0.818610244,0.672430885,0.735941767,1,0,0,0.000000000,0.051280506,-0.355440967,0.150161980,-0.120862193,-0.016004150,0.147794892,0.308616282,12.121911553,0.017502644,-130.918165118,-0.114720886,142.886102335,44.882452231,0.000633261,0.000614477,-0.001418544,-0.000120786,-0.000025979,-0.000452438,0.000941501,-0.680734093,0.000063023,0.673890997,0.000088054,-0.234619998,-0.000268778,0.165606129,0.000833806,-0.000000077,-0.000825424,-0.000000108,0.000287377,0.000000329,-0.000202845,-1.021101140,0.000094535,1.010836496,0.000132080,-0.351929998,-0.000403167,0.248409194,-0.432394957,-0.006530691,0.223699690,0.001984802,0.376295973,0.358379434,0.060320911
10.851000000,0,10.851000000,sample,0.216532982,-0.000004663,0.216033770,0.216033229,0.000000540,0.540343444,0.000003377,0,0,1.500000000,0.080000000,0.000000000,0.000000000,0.000298919,0.000000000,0.007774710,0.003162427,-0.001722712,0.003162427,0.001701531,0.175676645,7,30.115703035,0,0.000000000,0.393486921,0.191195741,0.394695578,0.192156136,0.812169891,0.064581458,0.787067380,0.164542714,0.518747680,0.000000000,0.518747514,2.000000000,0.000000000,0.000000000,0.000000000,1.000000000,0.768586789,0.659842126,0.723111534,0.000000000,0.807294777,0.662811249,0.725350103,1,0,0,0.000000000,0.049202702,-0.361594979,0.147173783,-0.121047915,-0.015633238,0.147169344,0.308575648,12.121726180,0.018166520,-130.917975332,-0.114648265,142.886100087,44.882377491,0.000717265,-0.000694575,-0.000111677,0.000793599,-0.000468157,-0.000406140,0.000933762,0.000000000,0.000000000,0.000000000,0.000000000,0.000000000,0.000000000,0.000000000,0.000203485,-0.000000019,-0.000201439,-0.000000026,0.000070131,0.000000080,-0.000049502,0.000000000,0.000000000,0.000000000,0.000000000,0.000000000,0.000000000,0.000000000,-0.447846055,-0.016675563,0.226017616,0.001408189,0.375284472,0.356257727,0.056587790
10.901000000,0,10.901000000,sample,0.216533223,0.000004814,0.216034239,0.216033241,0.000000997,0.997223536,0.000006233,0,0,1.500000000,0.080000000,0.000000000,0.000000000,0.000146914,0.000000000,0.007581373,0.001468166,-0.001145409,0.001468166,0.002884444,0.050933274,3,53.900778910,0,0.000000000,0.390894860,0.191218120,0.396214513,0.191879932,2.132161895,0.187752554,0.696087042,0.183327112,0.474496957,0.000000000,0.474495452,2.000000000,0.000000000,0.000000000,0.000000000,1.000000000,0.813098038,0.647312878,0.706008452,0.000000000,0.825488648,0.668350933,0.722662705,1,0,0,0.000000000,0.050833546,-0.357567033,0.149534474,-0.120835390,-0.015870717,0.147347543,0.308823298,12.121856803,0.017529337,-130.918165312,-0.114777176,142.886181685,44.882283198,-0.001655744,0.000750838,-0.002117676,0.000007509,-0.000691024,0.000222818,-0.000054756,0.000000000,0.000000000,0.000000000,0.000000000,0.000000000,0.000000000,0.000000000,0.000100009,-0.000000009,-0.000099004,-0.000000013,0.000034469,0.000000040,-0.000024330,0.000000000,0.000000000,0.000000000,0.000000000,0.000000000,0.000000000,0.000000000,-0.406868674,-0.000085344,0.240278577,0.004120471,0.379305741,0.357920449,0.056348411
10.951000000,0,10.951000000,sample,0.216532984,-0.000004779,0.216033733,0.216033273,0.000000460,0.460011217,0.000002875,0,0,1.500000000,0.080000000,0.000000000,0.000000000,0.001310556,0.000000000,0.006573960,0.003269030,-0.003269030,0.002712951,0.002388452,0.548704902,3,59.621263166,0,0.000000000,0.395277650,0.191190730,0.395277650,0.192105805,1.151852819,0.044468973,0.836020642,0.166869423,0.562015538,0.000000000,0.562014121,2.000000000,0.000000000,0.000000000,0.000000000,1.000000000,0.772546246,0.656380731,0.723505661,0.000000000,0.834252187,0.656380731,0.723505661,1,0,0,0.000000000,0.049324487,-0.363218209,0.147932582,-0.121134177,-0.015681233,0.147086727,0.308636681,12.121815900,0.018264228,-130.917973701,-0.114538564,142.886140886,44.882363785,0.000107869,0.000019084,0.001844239,0.000716348,0.000280889,-0.000372091,0.001249393,0.000000000,0.000000000,0.000000000,0.000000000,0.000000000,0.000000000,0.000000000,-0.000892140,0.000000085,0.000883172,0.000000115,-0.000307480,-0.000000352,0.000217034,0.000000000,0.000000000,0.000000000,0.000000000,0.000000000,0.000000000,0.000000000,-0.446049997,-0.015504095,0.230660429,0.002968057,0.374621815,0.356804967,0.058267765
11.001000000,0,11.001000000,sample,0.216533211,0.000004538,0.216034217,0.216033242,0.000000975,0.975001187,0.000006094,0,0,1.500000000,0.080000000,0.000000000,0.000000000,0.000036772,0.000000000,0.003442303,0.001927842,-0.001927842,0.000000000,0.005763313,0.006380305,5,91.609008174,0,0.000000000,0.390140997,0.191330349,0.400136195,0.191977989,0.370202722,0.377986918,0.795425840,0.116670049,0.564294974,0.000000000,0.564296995,2.000000000,0.000000000,0.000000000,0.000000000,1.000000000,0.780401720,0.672302242,0.727556550,0.000000000,0.808865171,0.710956066,0.765287001,1,0,0,0.000000000,0.051173228,-0.356771612,0.149349640,-0.120870704,-0.015958003,0.147454797,0.308707895,12.121815902,0.017552631,-130.918165118,-0.114725348,142.886053470,44.882256177,0.001475410,0.000119634,-0.000451808,-0.000191292,-0.005516216,-0.000580642,-0.000134603,0.000000000,0.000000000,0.000000000,0.000000000,0.000000000,0.000000000,0.000000000,0.000025032,-0.000000002,-0.000024780,-0.000000003,0.000008627,0.000000010,-0.000006090,0.000000000,0.000000000,0.000000000,0.000000000,0.000000000,0.000000000,0.000000000,-0.466009228,-0.013351086,0.184989854,0.003211241,0.381753221,0.358868210,0.056940404
11.051000000,0,11.051000000,sample,0.216533513,0.000006037,0.216034472,0.216033594,0.000000879,0.878718942,0.000005492,0,0,1.500000000,0.080000000,0.000000000,0.000000000,0.001896988,0.000000000,0.007690979,0.004108892,-0.004108892,0.001179977,0.002370094,0.800385278,1,75.310494068,0,0.000000000,0.392019739,0.191347507,0.392019739,0.192539468,0.916304446,0.079930403,0.826899957,0.161855210,0.574767342,0.000000000,0.574769359,2.000000000,0.000000000,0.000000000,0.000000000,1.000000000,0.778344866,0.680205157,0.738901836,0.000000000,0.830356852,0.713199638,0.764623540,1,0,0,0.000000000,0.053481341,-0.357007544,0.152855602,-0.120876333,-0.016329310,0.147431795,0.308586953,12.122035440,0.017697437,-130.918404275,-0.114762470,142.886140886,44.882283197,0.002056806,0.000047658,-0.000703202,-0.000889368,0.000237896,-0.000055502,0.000198696,0.000000000,0.000000000,0.000000000,0.000000000,0.000000000,0.000000000,0.000000000,0.001291344,-0.000000120,-0.001278362,-0.000000167,0.000445076,0.000000510,-0.000314156,0.000000000,0.000000000,0.000000000,0.000000000,0.000000000,0.000000000,0.000000000,-0.490796666,-0.012368181,0.182198385,0.002468918,0.375932018,0.356582901,0.057122578
11.101000000,0,11.101000000,sample,0.216533356,-0.000003134,0.216034338,0.216033397,0.000000941,0.940898303,0.000005881,0,0,1.500000000,0.080000000,0.000000000,0.000000000,0.000903660,0.000000000,0.005602214,0.001244866,-0.001244866,0.000495933,0.003525943,0.256288891,1,72.463299265,0,0.000000000,0.384975167,0.191931587,0.395312150,0.192161388,2.353115888,0.271327669,0.683671155,0.199225766,0.481207427,0.000000000,0.481202097,2.000000000,0.000000000,0.000000000,0.000000000,1.000000000,0.825858739,0.620835736,0.698436231,0.000000000,0.827495649,0.731480838,0.784541877,1,0,0,0.000000000,0.051440279,-0.351189910,0.149081937,-0.120970338,-0.015886984,0.148160437,0.308064888,12.121720639,0.017575958,-130.918276778,-0.114569127,142.886140886,44.882216990,-0.003001472,0.000360559,-0.001281791,-0.000826259,0.000903228,0.000059951,-0.000385135,0.000000000,0.000000000,0.000000000,0.000000000,0.000000000,0.000000000,0.000000000,-0.000615153,0.000000057,0.000608969,0.000000079,-0.000212014,-0.000000243,0.000149650,0.000000000,0.000000000,0.000000000,0.000000000,0.000000000,0.000000000,0.000000000,-0.348819238,-0.004678955,0.305680094,-0.003056263,0.375958121,0.357726302,0.057914921
11.151000000,0,11.151000000,sample,0.216533115,-0.000004834,0.216034135,0.216033130,0.000001004,1.004253501,0.000006277,1,1,1.500000000,0.080000000,1.500000000,-0.000568094,0.000378729,-0.000378729,0.005249027,0.004916705,-0.004916705,0.000000000,0.001752779,0.216073605,1,43.781354307,1,46.339859344,0.387145071,0.191462610,0.390473061,0.192262851,0.809722986,0.114887390,0.799690642,0.152779418,0.540457908,1.500000000,1.594394306,2.000000000,0.000000000,0.000000000,0.000000000,1.000000000,0.788676287,0.672009652,0.734168066,0.378580584,0.846481009,0.672009652,0.737270736,1,0,0,0.000000000,0.049828725,-0.353726970,0.149250241,-0.120781251,-0.015728495,0.147724186,0.308412624,12.121912112,0.017534931,-130.918069409,-0.114870990,142.886282478,44.882329853,0.001159770,-0.000001998,0.000241799,0.000811022,-0.000901064,-0.000388782,0.000218798,-0.680733864,0.000063129,0.673890851,0.000088169,-0.234620761,-0.000269130,0.165606587,0.000257814,-0.000000024,-0.000255222,-0.000000033,0.000088858,0.000000102,-0.000062720,-1.021100796,0.000094694,1.010836277,0.000132254,-0.351931141,-0.000403695,0.248409880,-0.473679903,-0.010072502,0.200181291,0.005817008,0.376496338,0.359540717,0.058337274
11.201000000,0,11.201000000,sample,0.216533106,-0.000000177,0.216033876,0.216033363,0.000000513,0.512680833,0.000003204,0,0,1.500000000,0.080000000,0.000000000,0.000000000,0.002313481,0.000000000,0.004748489,0.002906354,-0.001557002,0.002906354,0.002503482,0.924105595,3,44.168884652,0,0.000000000,0.384406975,0.192052363,0.393554307,0.192052363,0.633008887,0.073275243,0.765120839,0.169840739,0.503668356,0.000000000,0.503668609,2.000000000,0.000000000,0.000000000,0.000000000,1.000000000,0.769771252,0.640423805,0.708411268,0.000000000,0.806748679,0.679820002,0.736867238,1,0,0,0.000000000,0.049588345,-0.351450901,0.147621078,-0.121001213,-0.015635771,0.148318371,0.307433610,12.121720191,0.018222431,-130.918069409,-0.114745282,142.886183933,44.882516769,-0.001393710,-0.000584937,0.001663806,0.000447991,-0.000399914,0.000190943,0.000904160,0.000000000,0.000000000,0.000000000,0.000000000,0.000000000,0.000000000,0.000000000,-0.001574867,0.000000150,0.001559037,0.000000204,-0.000542782,-0.000000622,0.000383122,0.000000000,0.000000000,0.000000000,0.000000000,0.000000000,0.000000000,0.000000000,-0.419176987,-0.020756833,0.223675475,0.005289862,0.378034767,0.359622327,0.058387735
11.251000000,0,11.251000000,sample,0.216533232,0.000002529,0.216034198,0.216033293,0.000000905,0.904586286,0.000005654,0,0,1.500000000,0.080000000,0.000000000,0.000000000,0.000059481,0.000000000,0.004383154,0.003146603,-0.003146603,0.000777821,0.001587047,0.037479342,7,47.340072823,0,0.000000000,0.388045417,0.191178453,0.393068530,0.191994406,0.537222168,0.118717878,0.782319602,0.155263387,0.546141203,0.000000000,0.546141424,2.000000000,0.000000000,0.000000000,0.000000000,1.000000000,0.793754803,0.643723166,0.708036390,0.000000000,0.830457697,0.656176733,0.720695821,1,0,0,0.000000000,0.050322281,-0.354745773,0.149004532,-0.120830765,-0.015729849,0.147314965,0.308374644,12.121816347,0.017673051,-130.918165118,-0.114838235,142.886282225,44.881991526,-0.000060820,-0.000009525,0.000022140,-0.000750262,-0.000784068,-0.000380025,-0.001091954,0.000000000,0.000000000,0.000000000,0.000000000,0.000000000,0.000000000,0.000000000,-0.000040491,0.000000004,0.000040084,0.000000005,-0.000013955,-0.000000016,0.000009850,0.000000000,0.000000000,0.000000000,0.000000000,0.000000000,0.000000000,0.000000000,-0.429512366,-0.007849705,0.204793796,0.002610676,0.377734826,0.358730459,0.058775704
11.301000000,0,11.301000000,sample,0.216533106,-0.000002531,0.216034037,0.216033194,0.000000843,0.843090351,0.000005269,0,0,1.500000000,0.080000000,0.000000000,0.000000000,0.000639105,0.000000000,0.005625580,0.005625580,-0.005625580,0.000108715,0.001846419,0.346132320,2,49.879736145,0,0.000000000,0.384102569,0.191776761,0.395038877,0.192093030,1.109503644,0.121877931,0.786311168,0.158062418,0.521260376,0.000000000,0.521259969,2.000000000,0.000000000,0.000000000,0.000000000,1.000000000,0.750882549,0.648087681,0.719764652,0.000000000,0.799292335,0.688797841,0.748946640,1,0,0,0.000000000,0.049259985,-0.351579388,0.146629366,-0.120872309,-0.015528359,0.148077956,0.307942505,12.121613231,0.017754999,-130.918069409,-0.114798208,142.886183933,44.882370624,0.000359293,-0.001304045,0.001011683,0.000156273,-0.000547408,0.000185672,0.000444509,0.000000000,0.000000000,0.000000000,0.000000000,0.000000000,0.000000000,0.000000000,-0.000435061,0.000000041,0.000430688,0.000000056,-0.000149944,-0.000000172,0.000105837,0.000000000,0.000000000,0.000000000,0.000000000,0.000000000,0.000000000,0.000000000,-0.452267298,-0.025422293,0.204093089,0.002194726,0.374569582,0.356749509,0.060313863
11.351000000,0,11.351000000,sample,0.216533106,-0.000000002,0.216034051,0.216033195,0.000000856,0.855770184,0.000005349,0,0,1.500000000,0.080000000,0.000000000,0.000000000,0.001678258,0.000000000,0.008084692,0.003631747,-0.003631747,0.000073276,0.002686643,0.624667344,1,81.895742361,0,0.000000000,0.391760450,0.191019648,0.396325571,0.192134007,1.085042977,0.152850081,0.831581064,0.148146522,0.567562861,0.000000000,0.567559874,2.000000000,0.000000000,0.000000000,0.000000000,1.000000000,0.787700346,0.675112375,0.732141077,0.000000000,0.808868298,0.675112375,0.732141077,1,0,0,0.000000000,0.049975754,-0.359001071,0.148650278,-0.120801388,-0.015748129,0.147130986,0.308754778,12.121830952,0.017755888,-130.918069409,-0.114914009,142.886182434,44.882329075,0.002431312,0.000463139,-0.000335962,0.000515232,-0.000772463,0.000315597,0.000132824,0.000000000,0.000000000,0.000000000,0.000000000,0.000000000,0.000000000,0.000000000,0.001142448,-0.000000107,-0.001130964,-0.000000148,0.000393751,0.000000452,-0.000277928,0.000000000,0.000000000,0.000000000,0.000000000,0.000000000,0.000000000,0.000000000,-0.483004072,-0.008760364,0.165417327,0.008739367,0.379465245,0.357455559,0.058764465
11.401000000,0,11.401000000,sample,0.216533111,0.000000111,0.216034161,0.216033089,0.000001073,1.072789260,0.000006705,1,1,1.500000000,0.080000000,1.500000000,0.010112357,0.006741571,0.006741571,0.006741571,0.006741571,-0.002548452,0.006741571,0.007312852,0.921879930,1,61.599857278,1,46.339967389,0.383391265,0.191714470,0.392438752,0.192135113,0.715440401,0.124876941,0.732279342,0.182420268,0.485824176,1.500000000,1.576713359,2.000000000,0.000000000,0.000000000,0.000000000,1.000000000,0.734913000,0.640672685,0.709968363,0.355268793,0.802244384,0.675417656,0.731990303,1,0,0,0.000000000,0.049633572,-0.350312670,0.147669913,-0.120867282,-0.015644181,0.147989181,0.308160341,12.121721646,0.017405180,-130.918074131,-0.114684437,142.886181685,44.882066628,-0.005739534,-0.000760620,0.004428520,-0.000037682,0.000459923,0.000261575,-0.000252685,-0.680734657,0.000062773,0.673892036,0.000088024,-0.234616942,-0.000268689,0.165603914,-0.004589221,0.000000423,0.004543091,0.000000593,-0.001581687,-0.000001811,0.001116431,-1.021101986,0.000094159,1.010838054,0.000132037,-0.351925413,-0.000403033,0.248405870,-0.415599383,-0.038380946,0.225432633,0.024387518,0.379593290,0.361934179,0.057940424
11.451000000,0,11.451000000,sample,0.216533225,0.000002274,0.216034202,0.216033264,0.000000938,0.937728118,0.000005861,0,0,1.500000000,0.080000000,0.000000000,0.000000000,0.000934452,0.000000000,0.005664123,0.005664123,-0.003436308,0.005664123,0.002205883,0.423618001,7,41.257886554,0,0.000000000,0.388479401,0.191181560,0.391376405,0.192446049,0.566392232,0.033574979,0.749410097,0.167674327,0.503680962,0.000000000,0.503680290,2.000000000,0.000000000,0.000000000,0.000000000,1.000000000,0.800377893,0.636125980,0.705882638,0.000000000,0.815070522,0.670346525,0.729164267,1,0,0,0.000000000,0.049986581,-0.356018942,0.147200883,-0.120845924,-0.015602659,0.147320089,0.308564889,12.121608549,0.017617927,-130.918165118,-0.114794453,142.886201599,44.882098061,-0.001400569,-0.000664972,0.000471752,-0.000018638,0.000435802,-0.000204306,-0.001416889,0.000000000,0.000000000,0.000000000,0.000000000,0.000000000,0.000000000,0.000000000,-0.000636114,0.000000059,0.000629720,0.000000082,-0.000219236,-0.000000251,0.000154748,0.000000000,0.000000000,0.000000000,0.000000000,0.000000000,0.000000000,0.000000000,-0.405850158,-0.007141953,0.245548714,0.003968696,0.375724799,0.358528641,0.059017866
11.501000000,0,11.501000000,sample,0.216533374,0.000002982,0.216034237,0.216033526,0.000000711,0.711411561,0.000004446,0,0,1.500000000,0.080000000,0.000000000,0.000000000,0.002854128,0.000000000,0.008055231,0.002956061,-0.001631253,0.002956061,0.003464137,0.823907552,3,59.273925458,0,0.000000000,0.385221820,0.191847698,0.391290666,0.192309268,0.830496903,0.058810276,0.803326073,0.164535110,0.549536895,0.000000000,0.549537122,2.000000000,0.000000000,0.000000000,0.000000000,1.000000000,0.773143699,0.633417173,0.707978456,0.000000000,0.808712236,0.696548844,0.750207840,1,0,0,0.000000000,0.050788741,-0.351625588,0.148915414,-0.120974578,-0.015711299,0.148067032,0.307756897,12.121733751,0.017926363,-130.918276836,-0.114686821,142.886329798,44.882252630,-0.001408052,-0.001164465,0.002667024,-0.001161653,-0.000132991,-0.000128408,0.000406233,0.000000000,0.000000000,0.000000000,0.000000000,0.000000000,0.000000000,0.000000000,-0.001942904,0.000000183,0.001923373,0.000000251,-0.000669629,-0.000000767,0.000472657,0.000000000,0.000000000,0.000000000,0.000000000,0.000000000,0.000000000,0.000000000,-0.408484295,-0.019079892,0.249756773,0.003828053,0.374340897,0.357701435,0.059460148
11.551000000,0,11.551000000,sample,0.216533216,-0.000003168,0.216034125,0.216033335,0.000000790,0.790093977,0.000004938,0,0,1.500000000,0.080000000,0.000000000,0.000000000,0.002866130,0.000000000,0.005139728,0.003021157,-0.003021157,0.001656135,0.003433157,0.834838003,1,84.295780214,0,0.000000000,0.393583063,0.190970772,0.393583063,0.192371955,1.168846656,0.182965971,0.838979099,0.146465924,0.581155276,0.000000000,0.581156679,2.000000000,0.000000000,0.000000000,0.000000000,1.000000000,0.764934092,0.660643043,0.727060788,0.000000000,0.792184842,0.672316851,0.738348514,1,0,0,0.000000000,0.050767971,-0.360938797,0.148503956,-0.120992323,-0.015829520,0.146901735,0.308885386,12.121732360,0.017800437,-130.918165118,-0.114612074,142.886100087,44.882032575,0.003152075,-0.000457835,-0.000913346,-0.000252465,-0.000130645,-0.000237058,-0.000818640,0.000000000,0.000000000,0.000000000,0.000000000,0.000000000,0.000000000,0.000000000,0.001951074,-0.000000183,-0.001931462,-0.000000252,0.000672442,0.000000770,-0.000474642,0.000000000,0.000000000,0.000000000,0.000000000,0.000000000,0.000000000,0.000000000,-0.456717586,-0.020039822,0.217665966,0.004352141,0.374878781,0.358258243,0.057830437
11.601000000,0,11.601000000,sample,0.216533102,-0.000002273,0.216033861,0.216033378,0.000000483,0.483161931,0.000003020,0,0,1.500000000,0.080000000,0.000000000,0.000000000,0.003612476,0.000000000,0.008214357,0.008214357,-0.003228259,0.008214357,0.006924724,0.521678022,5,89.055737545,0,0.000000000,0.383972896,0.191926510,0.391409148,0.192153678,0.722852043,0.313795448,0.787450822,0.210346966,0.521925022,0.000000000,0.521925340,2.000000000,0.000000000,0.000000000,0.000000000,1.000000000,0.627633546,0.690871146,0.756552394,0.000000000,0.814026956,0.690871146,0.756552394,1,0,0,0.000000000,0.050036374,-0.350509327,0.148575766,-0.121017549,-0.015775363,0.148127229,0.307288739,12.121816068,0.018262710,-130.918069409,-0.114731826,142.886140886,44.882209188,0.001663882,-0.000058925,-0.001215989,0.000625960,0.006534817,0.000124836,-0.000768086,0.000000000,0.000000000,0.000000000,0.000000000,0.000000000,0.000000000,0.000000000,0.002459137,-0.000000235,-0.002434417,-0.000000318,0.000847554,0.000000971,-0.000598244,0.000000000,0.000000000,0.000000000,0.000000000,0.000000000,0.000000000,0.000000000,-0.508074755,-0.092770324,0.142618661,0.049161127,0.381496144,0.366434871,0.055267654
11.651000000,0,11.651000000,sample,0.216533098,-0.000000079,0.216034055,0.216033185,0.000000870,0.870202670,0.000005439,0,0,1.500000000,0.080000000,0.000000000,0.000000000,0.004385559,0.000000000,0.006642597,0.003064584,-0.003064584,0.002921489,0.006189819,0.708511694,1,95.094440645,0,0.000000000,0.385770249,0.191865778,0.388511679,0.192686175,3.144978345,0.392441614,0.925637989,0.131496351,0.674625306,0.000000000,0.674618515,2.000000000,0.000000000,0.000000000,0.000000000,1.000000000,0.795374758,0.676226040,0.737966905,0.000000000,0.836928818,0.696784630,0.755472847,1,0,0,0.000000000,0.050489055,-0.352010999,0.149525238,-0.120962840,-0.015911467,0.148078672,0.308042658,12.121911727,0.017686352,-130.918069409,-0.114619640,142.886100096,44.882261204,0.006036088,0.001012206,-0.000219705,-0.000041409,-0.000055399,-0.000264888,-0.000855412,0.000000000,0.000000000,0.000000000,0.000000000,0.000000000,0.000000000,0.000000000,0.002985399,-0.000000278,-0.002955389,-0.000000386,0.001028940,0.000001178,-0.000726275,0.000000000,0.000000000,0.000000000,0.000000000,0.000000000,0.000000000,0.000000000,-0.484187623,-0.008168669,0.192146718,-0.004931336,0.374842379,0.359724452,0.056899921
11.701000000,0,11.701000000,sample,0.216533219,0.000002428,0.216034090,0.216033382,0.000000708,0.708017971,0.000004425,0,0,1.500000000,0.080000000,0.000000000,0.000000000,0.001827376,0.000000000,0.004953188,0.001563627,-0.001563627,0.001190027,0.002406840,0.759242769,1,43.557923571,0,0.000000000,0.385608749,0.191901204,0.391529422,0.192233837,0.404708902,0.106508888,0.776984088,0.181366683,0.530543575,0.000000000,0.530544261,2.000000000,0.000000000,0.000000000,0.000000000,1.000000000,0.815991092,0.658041478,0.723717858,0.000000000,0.818841101,0.689965598,0.750964041,1,0,0,0.000000000,0.050824975,-0.351917082,0.149215605,-0.120944509,-0.015870117,0.148143975,0.307780090,12.121815844,0.017939675,-130.918165118,-0.114738506,142.886140886,44.882406687,-0.001588477,0.000690594,0.001319044,-0.000010808,0.000922988,-0.000055161,0.000444698,0.000000000,0.000000000,0.000000000,0.000000000,0.000000000,0.000000000,0.000000000,-0.001243958,0.000000117,0.001231453,0.000000161,-0.000428736,-0.000000491,0.000302623,0.000000000,0.000000000,0.000000000,0.000000000,0.000000000,0.000000000,0.000000000,-0.449575907,0.002187213,0.219785659,0.002775072,0.375201153,0.359091413,0.060068905
11.752000000,0,11.752000000,sample,0.216533216,-0.000000075,0.216034142,0.216033324,0.000000818,0.818076642,0.000005113,0,0,1.500000000,0.080000000,0.000000000,0.000000000,0.000003452,0.000000000,0.006283059,0.003760639,-0.003760639,0.001552849,0.000756702,0.004561815,2,44.411463643,0,0.000000000,0.387938576,0.191598052,0.390146431,0.192449632,0.344129479,0.018751318,0.784555649,0.167420955,0.529790723,0.000000000,0.529790687,2.000000000,0.000000000,0.000000000,0.000000000,1.000000000,0.772208181,0.645056428,0.715238250,0.000000000,0.825180069,0.657158629,0.723211503,1,0,0,0.000000000,0.050990397,-0.354416425,0.149282671,-0.120959957,-0.015912213,0.147733896,0.308221629,12.121816348,0.017766832,-130.918165118,-0.114652683,142.886100087,44.882200489,0.000176760,-0.000504281,0.000288709,-0.000084685,0.000325682,-0.000298867,0.000033757,0.000000000,0.000000000,0.000000000,0.000000000,0.000000000,0.000000000,0.000000000,-0.000002350,0.000000000,0.000002326,0.000000000,-0.000000810,-0.000000001,0.000000572,0.000000000,0.000000000,0.000000000,0.000000000,0.000000000,0.000000000,0.000000000,-0.436176729,-0.015726240,0.224742402,0.006044068,0.373806953,0.356720486,0.059510335
11.801000000,0,11.801000000,sample,0.216533219,0.000000075,0.216034237,0.216033214,0.000001023,1.023300091,0.000006396,1,1,1.500000000,0.080000000,1.500000000,-0.001054730,0.000703154,-0.000703154,0.009572751,0.004630584,-0.002597794,0.004630584,0.001732435,0.405875956,2,49.136792700,1,46.340088903,0.382199272,0.191541732,0.391793881,0.192279771,0.847420090,0.067902557,0.725598306,0.166581765,0.479415300,1.500000000,1.574750311,2.000000000,0.000000000,0.000000000,0.000000000,1.000000000,0.802933400,0.614861740,0.695596158,0.359976723,0.802933400,0.678991125,0.741435853,1,0,0,0.000000000,0.049879653,-0.349504943,0.146405598,-0.120882146,-0.015567791,0.147761246,0.307998747,12.121512765,0.017476721,-130.918165124,-0.114686741,142.886140889,44.881748925,-0.000070352,-0.001214396,-0.000966106,-0.000144465,-0.000098951,0.000070962,-0.000743348,-0.680735550,0.000062951,0.673893140,0.000088025,-0.234613074,-0.000268690,0.165601234,0.000478662,-0.000000044,-0.000473850,-0.000000062,0.000164969,0.000000189,-0.000116443,-1.021103325,0.000094426,1.010839710,0.000132037,-0.351919611,-0.000403035,0.248401851,-0.363022986,-0.012855110,0.283069310,0.003176478,0.373655491,0.358613201,0.059522224
11.851000000,0,11.851000000,sample,0.216533223,0.000000078,0.216034135,0.216033356,0.000000780,0.779739731,0.000004873,0,0,1.500000000,0.080000000,0.000000000,0.000000000,0.000464045,0.000000000,0.008984038,0.001282164,-0.001282164,0.000846199,0.001012300,0.458406238,1,84.584764127,0,0.000000000,0.389411614,0.191429891,0.392388680,0.192219859,0.682659864,0.064033218,0.745507013,0.172695973,0.498691224,0.000000000,0.498691044,2.000000000,0.000000000,0.000000000,0.000000000,1.000000000,0.772748600,0.657168192,0.719306174,0.000000000,0.819576764,0.657168192,0.721881707,1,0,0,0.000000000,0.051369741,-0.355166022,0.151194084,-0.120888702,-0.016049849,0.147559233,0.308235029,12.122035941,0.017846133,-130.918165118,-0.114797439,142.886181685,44.882232363,-0.000931012,-0.000178126,-0.000293008,0.000054856,-0.000150339,0.000112780,-0.000045332,0.000000000,0.000000000,0.000000000,0.000000000,0.000000000,0.000000000,0.000000000,-0.000315891,0.000000030,0.000312715,0.000000041,-0.000108875,-0.000000125,0.000076849,0.000000000,0.000000000,0.000000000,0.000000000,0.000000000,0.000000000,0.000000000,-0.453025306,-0.016395613,0.193092171,0.003170497,0.377979834,0.358324035,0.057802425
11.901000000,0,11.901000000,sample,0.216533228,0.000000090,0.216033849,0.216033621,0.000000229,0.228723537,0.000001430,0,0,1.500000000,0.080000000,0.000000000,0.000000000,0.004563770,0.000000000,0.006016163,0.003233699,-0.002675102,0.003233699,0.004952531,0.921502622,1,77.334807279,0,0.000000000,0.380262828,0.192489948,0.390248456,0.192946315,1.426159553,0.159889200,0.692737544,0.183251178,0.459033051,0.000000000,0.459032630,2.000000000,0.000000000,0.000000000,0.000000000,1.000000000,0.803958558,0.618445897,0.696652309,0.000000000,0.803958558,0.675064490,0.735162415,1,0,0,0.000000000,0.049839216,-0.347073482,0.147159333,-0.121128190,-0.015575858,0.148787548,0.306537807,12.121608474,0.018619842,-130.918165118,-0.114674172,142.886228312,44.882422014,-0.004355266,-0.000190845,0.001737172,-0.000013467,-0.001155992,0.000516481,0.000949621,0.000000000,0.000000000,0.000000000,0.000000000,0.000000000,0.000000000,0.000000000,-0.003106719,0.000000300,0.003075490,0.000000402,-0.001070730,-0.000001226,0.000755773,0.000000000,0.000000000,0.000000000,0.000000000,0.000000000,0.000000000,0.000000000,-0.361175419,-0.012033059,0.286206643,0.002556296,0.375756479,0.357917797,0.059271452
11.951000000,0,11.951000000,sample,0.216533107,-0.000002405,0.216034145,0.216033103,0.000001042,1.042148572,0.000006513,1,1,1.500000000,0.080000000,1.500000000,0.003503397,0.002335598,0.002335598,0.005905828,0.002335598,-0.002167806,0.002335598,0.002609878,0.894906985,3,73.407911223,1,46.339919186,0.384317236,0.191616894,0.390923298,0.192475062,0.810402693,0.097896711,0.794412869,0.158337688,0.534195413,1.500000000,1.592282891,2.000000000,0.000000000,0.000000000,0.000000000,1.000000000,0.796559800,0.646620844,0.712478392,0.358004737,0.830403256,0.698193007,0.755662144,1,0,0,0.000000000,0.049900722,-0.350928559,0.148522059,-0.120788938,-0.015734605,0.147917169,0.308170529,12.121815846,0.017474628,-130.918070983,-0.114837402,142.886181685,44.882194824,-0.000968976,0.000073518,0.002236102,0.000661685,-0.000589309,0.000217328,0.000186135,-0.680734303,0.000062972,0.673891521,0.000088142,-0.234618616,-0.000269049,0.165605093,-0.001589922,0.000000147,0.001573940,0.000000206,-0.000547975,-0.000000628,0.000386787,-1.021101455,0.000094459,1.010837282,0.000132214,-0.351927923,-0.000403574,0.248407639,-0.427484345,-0.008263915,0.216932989,0.008643790,0.379895852,0.360116187,0.060622913
12.001000000,0,12.001000000,sample,0.216533275,0.000003358,0.216034262,0.216033312,0.000000950,0.950309083,0.000005939,0,0,1.500000000,0.080000000,0.000000000,0.000000000,0.000198270,0.000000000,0.006657631,0.001585254,-0.001585254,0.000097657,0.002429381,0.081613234,7,47.819462119,0,0.000000000,0.381811780,0.192140131,0.389266854,0.192380549,1.286419346,0.050061114,0.815987314,0.164486057,0.548232106,0.000000000,0.548232155,2.000000000,0.000000000,0.000000000,0.000000000,1.000000000,0.965092567,0.676089406,0.718396497,0.000000000,0.977693057,0.679650685,0.738697150,1,0,0,0.000000000,0.050706202,-0.348054234,0.148550889,-0.120881361,-0.015775257,0.148514874,0.307730195,12.121720135,0.017587779,-130.918207617,-0.114722034,142.886181768,44.882370624,0.001217092,-0.000606224,0.001096970,-0.000136222,-0.000040121,0.000085500,0.001679956,0.000000000,0.000000000,0.000000000,0.000000000,0.000000000,0.000000000,0.000000000,-0.000134969,0.000000013,0.000133612,0.000000017,-0.000046517,-0.000000053,0.000032834,0.000000000,0.000000000,0.000000000,0.000000000,0.000000000,0.000000000,0.000000000,-0.445866858,0.074910270,0.200454081,-0.036968416,0.377133975,0.352872524,0.058199380
12.051000000,0,12.051000000,sample,0.216533219,-0.000001114,0.216034163,0.216033309,0.000000854,0.853685279,0.000005336,0,0,1.500000000,0.080000000,0.000000000,0.000000000,0.000358764,0.000000000,0.004421123,0.002657366,-0.002657366,0.000922477,0.001999507,0.179426014,1,62.656724944,0,0.000000000,0.386020749,0.191816490,0.387278068,0.192903514,1.478607625,0.140714769,0.845496033,0.155768798,0.590287329,0.000000000,0.590287639,2.000000000,0.000000000,0.000000000,0.000000000,1.000000000,0.779334674,0.646571300,0.712177452,0.000000000,0.946587754,0.677049616,0.725991550,1,0,0,0.000000000,0.050819193,-0.352370750,0.149212207,-0.120894441,-0.015867600,0.148075384,0.308048179,12.121815844,0.017731497,-130.918165118,-0.114749072,142.886143135,44.882411090,0.001582730,0.000509735,0.000976092,-0.000422461,-0.000036820,-0.000033195,0.000315402,0.000000000,0.000000000,0.000000000,0.000000000,0.000000000,0.000000000,0.000000000,0.000244223,-0.000000023,-0.000241768,-0.000000032,0.000084173,0.000000096,-0.000059413,0.000000000,0.000000000,0.000000000,0.000000000,0.000000000,0.000000000,0.000000000,-0.432455313,-0.015265048,0.212115100,0.005189474,0.377166782,0.359577476,0.058100042
12.101000000,0,12.101000000,sample,0.216532981,-0.000004765,0.216033936,0.216033072,0.000000864,0.863901724,0.000005399,0,0,1.500000000,0.080000000,0.000000000,0.000000000,0.000164317,0.000000000,0.006602492,0.001901763,-0.001901763,0.000000000,0.001620705,0.101385904,4,45.839019741,0,0.000000000,0.385049390,0.191568932,0.389558989,0.192265941,0.650778556,0.060855820,0.747147953,0.161755535,0.497781017,0.000000000,0.497781931,2.000000000,0.000000000,0.000000000,0.000000000,1.000000000,0.755267742,0.649719712,0.714996392,0.000000000,0.794427504,0.656632875,0.718995890,1,0,0,0.000000000,0.049681200,-0.351613095,0.148872572,-0.120878567,-0.015808989,0.147773827,0.307979419,12.121911559,0.017721037,-130.917973881,-0.114773994,142.886106843,44.882050462,-0.000246348,0.000062935,-0.000276868,0.001097290,-0.000151851,-0.000246353,-0.001094342,0.000000000,0.000000000,0.000000000,0.000000000,0.000000000,0.000000000,0.000000000,0.000111856,-0.000000010,-0.000110732,-0.000000014,0.000038552,0.000000044,-0.000027212,0.000000000,0.000000000,0.000000000,0.000000000,0.000000000,0.000000000,0.000000000,-0.436771213,-0.026127578,0.207590139,0.003849625,0.379834305,0.359130924,0.058399410
12.151000000,0,12.151000000,sample,0.216532988,0.000000134,0.216033877,0.216033137,0.000000740,0.740478371,0.000004628,0,0,1.500000000,0.080000000,0.000000000,0.000000000,0.000056609,0.000000000,0.004829737,0.003836556,-0.001625821,0.003836556,0.001290155,0.043877620,4,49.352121633,0,0.000000000,0.386342890,0.191581475,0.391198699,0.192452242,0.768583059,0.072812213,0.743116311,0.166634056,0.489096589,0.000000000,0.489097645,2.000000000,0.000000000,0.000000000,0.000000000,1.000000000,0.781726142,0.647355531,0.710624253,0.000000000,0.796123323,0.689237645,0.745784207,1,0,0,0.000000000,0.049207001,-0.353407238,0.148131101,-0.121008862,-0.015667462,0.147698503,0.307996901,12.121844020,0.017872234,-130.917973706,-0.114612063,142.886181685,44.882011306,-0.000416889,-0.000076363,-0.000345518,0.000906347,-0.000021550,0.000284878,-0.000680003,0.000000000,0.000000000,0.000000000,0.000000000,0.000000000,0.000000000,0.000000000,0.000038536,-0.000000004,-0.000038148,-0.000000005,0.000013282,0.000000015,-0.000009375,0.000000000,0.000000000,0.000000000,0.000000000,0.000000000,0.000000000,0.000000000,-0.427966822,-0.012548991,0.220809504,0.004345541,0.376405587,0.357745091,0.056879830
12.201000000,0,12.201000000,sample,0.216533105,0.000002351,0.216034047,0.216033198,0.000000849,0.849150454,0.000005307,0,0,1.500000000,0.080000000,0.000000000,0.000000000,0.002427395,0.000000000,0.005838788,0.004612770,-0.004612770,0.000491174,0.002585754,0.938757089,1,63.946722218,0,0.000000000,0.383580426,0.191684327,0.389704356,0.192185707,0.556028321,0.076256351,0.739504397,0.173615733,0.491521483,0.000000000,0.491521195,2.000000000,0.000000000,0.000000000,0.000000000,1.000000000,0.788703302,0.632230548,0.701251232,0.000000000,0.805278450,0.712026771,0.760207600,1,0,0,0.000000000,0.049883547,-0.350128367,0.148511620,-0.120859148,-0.015733596,0.147947292,0.307794255,12.121815862,0.017749400,-130.918069409,-0.114817032,142.886181686,44.882101055,-0.002067742,-0.000312574,0.001101712,-0.000078152,-0.000666415,0.000337299,0.000731512,0.000000000,0.000000000,0.000000000,0.000000000,0.000000000,0.000000000,0.000000000,-0.001652411,0.000000155,0.001635801,0.000000214,-0.000569512,-0.000000653,0.000401989,0.000000000,0.000000000,0.000000000,0.000000000,0.000000000,0.000000000,0.000000000,-0.395201976,-0.013347280,0.248120243,-0.004135377,0.377445324,0.357802410,0.057638919
12.251000000,0,12.251000000,sample,0.216533228,0.000002452,0.216034086,0.216033399,0.000000687,0.686892784,0.000004293,0,0,1.500000000,0.080000000,0.000000000,0.000000000,0.000871521,0.000000000,0.011610618,0.006607547,-0.001289011,0.006607547,0.002518636,0.346028826,5,39.720742251,0,0.000000000,0.387807219,0.191591652,0.389118761,0.192426786,1.024293194,0.074145943,0.823784151,0.177025346,0.553457709,0.000000000,0.553456716,2.000000000,0.000000000,0.000000000,0.000000000,1.000000000,0.778387527,0.663090681,0.728154888,0.000000000,0.795978901,0.675529625,0.732072388,1,0,0,0.000000000,0.050521422,-0.354422788,0.149085586,-0.120895533,-0.015783231,0.147792154,0.308011514,12.121815844,0.017986584,-130.918165642,-0.114837487,142.886228313,44.882411427,0.001374360,0.000372979,0.000349155,0.000134341,0.001587355,0.000422987,0.001215310,0.000000000,0.000000000,0.000000000,0.000000000,0.000000000,0.000000000,0.000000000,0.000593274,-0.000000056,-0.000587310,-0.000000077,0.000204475,0.000000234,-0.000144328,0.000000000,0.000000000,0.000000000,0.000000000,0.000000000,0.000000000,0.000000000,-0.460793109,-0.013908142,0.212933398,-0.000548825,0.375146907,0.358127632,0.057916144
12.301000000,0,12.301000000,sample,0.216533357,0.000002575,0.216033869,0.216033861,0.000000008,0.008442107,0.000000053,0,0,1.500000000,0.080000000,0.000000000,0.000000000,0.003576985,0.000000000,0.006000887,0.002843941,-0.002843941,0.000573621,0.004784371,0.747639683,1,67.316227395,0,0.000000000,0.381875983,0.192300038,0.389959975,0.192300038,2.033358646,0.197483380,0.670516881,0.183864992,0.453527302,0.000000000,0.453519932,2.000000000,0.000000000,0.000000000,0.000000000,1.000000000,0.791138170,0.644843920,0.708474161,0.000000000,0.799299019,0.682825215,0.740100139,1,0,0,0.000000000,0.051124996,-0.348220765,0.148181646,-0.121114471,-0.015790262,0.148530325,0.306320920,12.121623607,0.018960054,-130.918276778,-0.114813179,142.886140886,44.882391283,-0.003925407,-0.001073239,0.000348683,-0.000798265,-0.001972152,-0.000340381,0.001251195,0.000000000,0.000000000,0.000000000,0.000000000,0.000000000,0.000000000,0.000000000,-0.002434980,0.000000238,0.002410503,0.000000315,-0.000839215,-0.000000962,0.000592358,0.000000000,0.000000000,0.000000000,0.000000000,0.000000000,0.000000000,0.000000000,-0.416674635,-0.009907779,0.230195123,-0.000496014,0.378918040,0.358237798,0.057588885
12.351000000,0,12.351000000,sample,0.216533482,0.000002503,0.216034471,0.216033515,0.000000956,0.956006244,0.000005975,0,0,1.500000000,0.080000000,0.000000000,0.000000000,0.000742920,0.000000000,0.006005357,0.002695980,-0.002695980,0.000000000,0.002759314,0.269240932,1,46.529826835,0,0.000000000,0.385242231,0.191734767,0.388364383,0.192383536,1.590585370,0.205096596,0.845769281,0.147116233,0.601960214,0.000000000,0.601965383,2.000000000,0.000000000,0.000000000,0.000000000,1.000000000,0.769935291,0.664777285,0.725290858,0.000000000,0.800606236,0.675199944,0.736825872,1,0,0,0.000000000,0.052195577,-0.350771683,0.150487290,-0.120920348,-0.015992122,0.147934925,0.308037629,12.121817380,0.017567449,-130.918372488,-0.114649189,142.886228312,44.882019859,0.001882205,0.000123396,0.000543162,-0.001672918,-0.000862963,0.000430057,-0.000180447,0.000000000,0.000000000,0.000000000,0.000000000,0.000000000,0.000000000,0.000000000,0.000505732,-0.000000047,-0.000500647,-0.000000065,0.000174303,0.000000200,-0.000123032,0.000000000,0.000000000,0.000000000,0.000000000,0.000000000,0.000000000,0.000000000,-0.460915302,-0.016628971,0.197647033,0.001464990,0.378580738,0.357226189,0.057679888
12.401000000,0,12.401000000,sample,0.216533105,-0.000007530,0.216034058,0.216033173,0.000000885,0.884565639,0.000005529,0,0,1.500000000,0.080000000,0.000000000,0.000000000,0.000041582,0.000000000,0.004489554,0.001620393,-0.001620393,0.000701293,0.002888909,0.014393518,7,62.958579957,0,0.000000000,0.381239097,0.191827990,0.389303119,0.192444346,0.921987090,0.184558814,0.787419814,0.153684323,0.536093964,0.000000000,0.536094061,2.000000000,0.000000000,0.000000000,0.000000000,1.000000000,0.705325238,0.679152574,0.744526737,0.000000000,0.792133756,0.679152574,0.745476952,1,0,0,0.000000000,0.049236487,-0.348469160,0.146588752,-0.120880995,-0.015526138,0.148137442,0.307672053,12.121608474,0.017689274,-130.918069428,-0.114762192,142.886181769,44.882066619,0.000251256,-0.001058241,0.001037022,-0.000231453,0.000808132,0.000355437,-0.002292247,0.000000000,0.000000000,0.000000000,0.000000000,0.000000000,0.000000000,0.000000000,0.000028306,-0.000000003,-0.000028022,-0.000000004,0.000009756,0.000000011,-0.000006886,0.000000000,0.000000000,0.000000000,0.000000000,0.000000000,0.000000000,0.000000000,-0.484433149,-0.051732589,0.187146244,0.047833249,0.379596031,0.363617049,0.057845348
12.451000000,0,12.451000000,sample,0.216533219,0.000002275,0.216034210,0.216033262,0.000000948,0.948115093,0.000005926,0,0,1.500000000,0.080000000,0.000000000,0.000000000,0.000210487,0.000000000,0.005608116,0.005331481,-0.005331481,0.001781749,0.001678629,0.125392345,2,57.135682006,0,0.000000000,0.385621888,0.191347116,0.389460071,0.192408780,0.523579586,0.062720521,0.757024347,0.162398118,0.507968020,0.000000000,0.507967281,2.000000000,0.000000000,0.000000000,0.000000000,1.000000000,0.766113768,0.630724719,0.703314063,0.000000000,0.850724118,0.679261482,0.742623481,1,0,0,0.000000000,0.050880094,-0.351852217,0.149383647,-0.120871447,-0.015889106,0.147483384,0.308135302,12.121833973,0.017594221,-130.918165118,-0.114741874,142.886140970,44.881766210,-0.000081561,-0.001268844,-0.000107836,-0.000406957,0.000114600,-0.000042763,-0.001004476,0.000000000,0.000000000,0.000000000,0.000000000,0.000000000,0.000000000,0.000000000,0.000143286,-0.000000013,-0.000141845,-0.000000019,0.000049384,0.000000057,-0.000034858,0.000000000,0.000000000,0.000000000,0.000000000,0.000000000,0.000000000,0.000000000,-0.398510090,-0.023303286,0.250623639,0.000592839,0.375947863,0.357449616,0.058118433
12.501000000,0,12.501000000,sample,0.216533098,-0.000002422,0.216033873,0.216033354,0.000000519,0.518555746,0.000003241,0,0,1.500000000,0.080000000,0.000000000,0.000000000,0.005649880,0.000000000,0.008127538,0.005503369,-0.001524118,0.005503369,0.005960307,0.947917477,1,68.176140221,0,0.000000000,0.379037637,0.192168273,0.390102897,0.192274202,0.790221193,0.112114669,0.719228241,0.182285785,0.482692000,0.000000000,0.482693385,2.000000000,0.000000000,0.000000000,0.000000000,1.000000000,0.781680397,0.650571373,0.711116470,0.000000000,0.799787206,0.702487376,0.755761386,1,0,0,0.000000000,0.049863616,-0.345475620,0.147748928,-0.120921859,-0.015719204,0.148524259,0.306789326,12.121720197,0.018236526,-130.918069409,-0.114882440,142.886100090,44.882201558,-0.004921357,-0.000351633,0.003329360,0.000045171,-0.000077384,-0.000191729,0.000229001,0.000000000,0.000000000,0.000000000,0.000000000,0.000000000,0.000000000,0.000000000,-0.003846069,0.000000367,0.003807410,0.000000498,-0.001325555,-0.000001521,0.000935641,0.000000000,0.000000000,0.000000000,0.000000000,0.000000000,0.000000000,0.000000000,-0.435296018,-0.013166100,0.199796728,-0.006465867,0.380411567,0.357874767,0.057295849
12.551000000,0,12.551000000,sample,0.216533275,0.000003541,0.216034249,0.216033326,0.000000923,0.922507629,0.000005766,0,0,1.500000000,0.080000000,0.000000000,0.000000000,0.000207980,0.000000000,0.009989234,0.001533385,-0.001533385,0.000000000,0.001219531,0.170540999,1,44.190115250,0,0.000000000,0.385384388,0.191584296,0.388021281,0.192376128,0.693689442,0.062864185,0.793834872,0.162124674,0.532476083,0.000000000,0.532476198,2.000000000,0.000000000,0.000000000,0.000000000,1.000000000,0.773921070,0.667188801,0.723903548,0.000000000,0.807334367,0.667188801,0.723903548,1,0,0,0.000000000,0.050769525,-0.351907222,0.148677131,-0.120913816,-0.015790378,0.147766896,0.308106519,12.121733732,0.017621067,-130.918207617,-0.114681009,142.886181685,44.881998714,0.000810691,-0.000575845,0.000362592,-0.000151340,-0.000097773,0.000346064,0.000463402,0.000000000,0.000000000,0.000000000,0.000000000,0.000000000,0.000000000,0.000000000,0.000141579,-0.000000013,-0.000140156,-0.000000018,0.000048796,0.000000056,-0.000034442,0.000000000,0.000000000,0.000000000,0.000000000,0.000000000,0.000000000,0.000000000,-0.464759230,-0.015922175,0.174188173,0.006798936,0.381393615,0.358644095,0.057508850
12.601000000,0,12.601000000,sample,0.216532984,-0.000005827,0.216034160,0.216032847,0.000001313,1.313492809,0.000008209,1,1,1.500000000,0.080000000,1.500000000,-0.002225190,0.001483460,-0.001483460,0.007155237,0.002913368,-0.002833736,0.002913368,0.002319898,0.639450395,3,44.959216649,1,46.339908613,0.376984952,0.192489095,0.387408705,0.192489095,0.988660216,0.068154766,0.708332715,0.170135960,0.466744576,1.500000000,1.570939892,2.000000000,0.000000000,0.000000000,0.000000000,1.000000000,0.755137680,0.676479331,0.738370503,0.369087578,0.869577082,0.704868291,0.763034189,1,0,0,0.000000000,0.049232987,-0.343210214,0.147988229,-0.120816486,-0.015683065,0.149028420,0.307760084,12.121821887,0.017051662,-130.917973700,-0.114644004,142.886140886,44.882327576,0.000141250,-0.000095568,-0.001555530,0.000938388,0.000498777,0.000073769,-0.001341036,-0.680734226,0.000061885,0.673891656,0.000087994,-0.234618525,-0.000268596,0.165604991,0.001009842,-0.000000092,-0.000999691,-0.000000131,0.000348047,0.000000398,-0.000245668,-1.021101339,0.000092827,1.010837484,0.000131991,-0.351927788,-0.000402894,0.248407487,-0.486763903,-0.025622335,0.173805874,0.014797537,0.379821459,0.359710106,0.059264226
12.651000000,0,12.651000000,sample,0.216533495,0.000010226,0.216034448,0.216033563,0.000000884,0.884450037,0.000005528,0,0,1.500000000,0.080000000,0.000000000,0.000000000,0.000072349,0.000000000,0.008969063,0.002692270,-0.002692270,0.001057734,0.001837229,0.039379563,4,67.721414521,0,0.000000000,0.386113817,0.191847967,0.388952538,0.193079175,0.585769042,0.075712289,0.777159635,0.176171048,0.532276139,0.000000000,0.532275880,2.000000000,0.000000000,0.000000000,0.000000000,1.000000000,0.798932457,0.632551746,0.704450388,0.000000000,0.822258230,0.670296366,0.732999276,1,0,0,0.000000000,0.052315077,-0.351863583,0.150130048,-0.120915384,-0.015995934,0.148085255,0.308044579,12.121760926,0.017677985,-130.918386673,-0.114694541,142.886181685,44.882321394,-0.000032145,-0.000637968,-0.000145985,-0.001511911,0.000429637,0.000268550,0.000635201,0.000000000,0.000000000,0.000000000,0.000000000,0.000000000,0.000000000,0.000000000,0.000049251,-0.000000005,-0.000048756,-0.000000006,0.000016974,0.000000019,-0.000011981,0.000000000,0.000000000,0.000000000,0.000000000,0.000000000,0.000000000,0.000000000,-0.409044962,-0.007493583,0.236780456,-0.000125520,0.375146814,0.358453333,0.059895659
12.701000000,0,12.701000000,sample,0.216533211,-0.000005679,0.216034266,0.216033190,0.000001076,1.075560511,0.000006722,1,1,1.500000000,0.080000000,1.500000000,-0.000935990,0.000623993,-0.000623993,0.004931816,0.002324481,-0.002324481,0.001990478,0.001547821,0.403143032,7,44.969160810,1,46.339972456,0.381426885,0.191774586,0.387917693,0.192191455,0.267341102,0.034781863,0.757923438,0.165229220,0.515864379,1.500000000,1.586226940,2.000000000,0.000000000,0.000000000,0.000000000,1.000000000,0.789812661,0.693172967,0.748214269,0.368189194,0.810131104,0.694567165,0.749648513,1,0,0,0.000000000,0.050959826,-0.347469676,0.148843505,-0.120832341,-0.015904167,0.148067872,0.307855280,12.121760953,0.017410428,-130.918165293,-0.114741847,142.886052044,44.881890842,0.000201519,-0.000767291,-0.000294767,-0.000345041,0.000495849,-0.000487083,-0.001037954,-0.680734695,0.000062796,0.673891897,0.000088069,-0.234617104,-0.000268824,0.165604096,0.000424774,-0.000000039,-0.000420504,-0.000000055,0.000146400,0.000000168,-0.000103336,-1.021102042,0.000094194,1.010837846,0.000132103,-0.351925656,-0.000403236,0.248406144,-0.508175788,-0.011134691,0.151820333,0.001688457,0.382164997,0.359055721,0.058605620
12.751000000,0,12.751000000,sample,0.216533355,0.000002871,0.216034315,0.216033429,0.000000885,0.885036584,0.000005531,0,0,1.500000000,0.080000000,0.000000000,0.000000000,0.000004035,0.000000000,0.005534843,0.003847784,-0.003847784,0.000592098,0.001329606,0.003035046,4,49.914332986,0,0.000000000,0.386261304,0.191500817,0.386261304,0.192682822,0.576953988,0.066965061,0.768881541,0.172123197,0.532160443,0.000000000,0.532159726,2.000000000,0.000000000,0.000000000,0.000000000,1.000000000,0.803267162,0.657927938,0.720574745,0.000000000,0.804232814,0.690627115,0.745636848,1,0,0,0.000000000,0.052011557,-0.351861282,0.150619491,-0.120877095,-0.016068229,0.147658737,0.308040530,12.121883489,0.017688409,-130.918276778,-0.114762470,142.886122656,44.881955136,-0.000391137,-0.000348831,-0.000124167,-0.000939368,0.000464990,-0.000450736,-0.000419492,0.000000000,0.000000000,0.000000000,0.000000000,0.000000000,0.000000000,0.000000000,-0.000002747,0.000000000,0.000002719,0.000000000,-0.000000947,-0.000000001,0.000000668,0.000000000,0.000000000,0.000000000,0.000000000,0.000000000,0.000000000,0.000000000,-0.445844087,-0.003448996,0.216121224,-0.002983848,0.376392228,0.358784799,0.057655789
12.801000000,0,12.801000000,sample,0.216533219,-0.000002709,0.216034134,0.216033354,0.000000779,0.779140593,0.000004870,0,0,1.500000000,0.080000000,0.000000000,0.000000000,0.002430486,0.000000000,0.004911408,0.002996911,-0.002996911,0.002162259,0.004868547,0.499222006,1,90.980530628,0,0.000000000,0.378940957,0.192581665,0.386296716,0.192581665,3.163301421,0.349423405,0.631928997,0.207047037,0.453691549,0.000000000,0.453686082,2.000000000,0.000000000,0.000000000,0.000000000,1.000000000,0.788829923,0.666273538,0.722065609,0.000000000,0.803786897,0.689679624,0.747394170,1,0,0,0.000000000,0.051576457,-0.343434543,0.151620687,-0.120949557,-0.016128766,0.148992502,0.306976275,12.122075222,0.017829076,-130.918165118,-0.114689266,142.886140886,44.882303656,-0.004643801,0.000802664,-0.001181292,-0.000054968,-0.000069814,0.000053871,0.000295541,0.000000000,0.000000000,0.000000000,0.000000000,0.000000000,0.000000000,0.000000000,-0.001654513,0.000000155,0.001637880,0.000000214,-0.000570248,-0.000000653,0.000402509,0.000000000,0.000000000,0.000000000,0.000000000,0.000000000,0.000000000,0.000000000,-0.446567760,-0.009742296,0.215899835,0.000456720,0.378869877,0.358765056,0.054711698
12.851000000,0,12.851000000,sample,0.216533513,0.000005875,0.216034458,0.216033587,0.000000870,0.870274070,0.000005439,0,0,1.500000000,0.080000000,0.000000000,0.000000000,0.005127906,0.000000000,0.006171590,0.003551720,-0.003551720,0.000000000,0.005697745,0.899988676,3,70.650265208,0,0.000000000,0.385096094,0.191868408,0.385149776,0.192625262,1.215498423,0.101678244,0.829247905,0.169566443,0.574487952,0.000000000,0.574491682,2.000000000,0.000000000,0.000000000,0.000000000,1.000000000,0.784932581,0.634147696,0.706316869,0.000000000,0.816673127,0.672597248,0.731002803,1,0,0,0.000000000,0.052478138,-0.350806098,0.149933744,-0.120947458,-0.016014123,0.148083579,0.307912569,12.121720303,0.017690300,-130.918404275,-0.114645875,142.886140886,44.882160801,-0.002916357,-0.000101832,0.004789166,-0.000724572,0.000605877,-0.000011335,0.000347070,0.000000000,0.000000000,0.000000000,0.000000000,0.000000000,0.000000000,0.000000000,-0.003490745,0.000000326,0.003455653,0.000000451,-0.001203093,-0.000001377,0.000849202,0.000000000,0.000000000,0.000000000,0.000000000,0.000000000,0.000000000,0.000000000,-0.389376404,-0.017684456,0.272194410,0.005269856,0.374732706,0.359508895,0.056284817
12.901000000,0,12.901000000,sample,0.216533108,-0.000008103,0.216034099,0.216033174,0.000000925,0.925101976,0.000005782,0,0,1.500000000,0.080000000,0.000000000,0.000000000,0.000763710,0.000000000,0.004113587,0.002557872,-0.002557872,0.001360649,0.004487203,0.170197353,5,91.873385560,0,0.000000000,0.383222847,0.192158833,0.386799253,0.192362153,0.736612430,0.257129772,0.802407187,0.203419658,0.547111818,0.000000000,0.547111150,2.000000000,0.000000000,0.000000000,0.000000000,1.000000000,0.781065441,0.647431788,0.718361009,0.000000000,0.807075696,0.678809681,0.738339412,1,0,0,0.000000000,0.051110781,-0.348149666,0.151786854,-0.120925628,-0.016120113,0.148465995,0.307707065,12.122159184,0.017612955,-130.918074306,-0.114653770,142.886143134,44.882268270,0.000216469,0.000945795,0.000411909,0.000194423,0.004301011,-0.000066694,0.000694974,0.000000000,0.000000000,0.000000000,0.000000000,0.000000000,0.000000000,0.000000000,0.000519883,-0.000000048,-0.000514656,-0.000000067,0.000179185,0.000000205,-0.000126477,0.000000000,0.000000000,0.000000000,0.000000000,0.000000000,0.000000000,0.000000000,-0.431412091,-0.014396035,0.237855152,0.003453148,0.375421466,0.358647235,0.059689090
12.951000000,0,12.951000000,sample,0.216533115,0.000000149,0.216034106,0.216033162,0.000000945,0.944552483,0.000005903,0,0,1.500000000,0.080000000,0.000000000,0.000000000,0.000277830,0.000000000,0.006207845,0.005684389,-0.001258810,0.005684389,0.001253736,0.221601342,3,30.400133186,0,0.000000000,0.381408853,0.191897429,0.386662410,0.192528021,0.691525437,0.077676624,0.728350566,0.176526969,0.488038448,0.000000000,0.488038082,2.000000000,0.000000000,0.000000000,0.000000000,1.000000000,0.767174446,0.661278167,0.728600790,0.000000000,0.819944355,0.670402827,0.737451212,1,0,0,0.000000000,0.050292166,-0.347586569,0.148751430,-0.120895323,-0.015831699,0.148183338,0.307672219,12.121818033,0.017592693,-130.918083575,-0.114701425,142.886100090,44.881969284,-0.000525490,-0.000543577,-0.000691264,0.000051885,0.000521479,-0.000407048,-0.000286482,0.000000000,0.000000000,0.000000000,0.000000000,0.000000000,0.000000000,0.000000000,0.000189128,-0.000000018,-0.000187227,-0.000000024,0.000065184,0.000000075,-0.000046010,0.000000000,0.000000000,0.000000000,0.000000000,0.000000000,0.000000000,0.000000000,-0.461146905,-0.019489534,0.212161902,0.001208961,0.375302006,0.358497476,0.058622789
13.001000000,0,13.001000000,sample,0.216533223,0.000002152,0.216034267,0.216033211,0.000001057,1.056788592,0.000006605,1,1,1.500000000,0.080000000,1.500000000,-0.001717658,0.001145105,-0.001145105,0.002216118,0.002216118,-0.002216118,0.000000000,0.002089634,0.547993136,3,65.026138027,1,46.339921468,0.378083471,0.192042645,0.390061222,0.192321484,1.105011531,0.061384705,0.705654661,0.172615755,0.474345168,1.500000000,1.573214473,2.000000000,0.000000000,0.000000000,0.000000000,1.000000000,0.783546412,0.650084500,0.712746098,0.354488719,0.797066650,0.659407270,0.726741116,1,0,0,0.000000000,0.050685541,-0.343629147,0.149322122,-0.120827226,-0.015847065,0.148425165,0.307410933,12.121834038,0.017441042,-130.918165118,-0.114762348,142.886181685,44.881850312,-0.000323480,0.000187553,-0.001685055,0.000218686,0.000192054,0.000243150,-0.001115129,-0.680734320,0.000062876,0.673891313,0.000088085,-0.234618961,-0.000268874,0.165605382,0.000779512,-0.000000072,-0.000771676,-0.000000101,0.000268663,0.000000308,-0.000189636,-1.021101480,0.000094314,1.010836970,0.000132127,-0.351928442,-0.000403311,0.248408073,-0.431570970,-0.012235026,0.208591737,0.001829024,0.382244167,0.358323105,0.059865627
13.051000000,0,13.051000000,sample,0.216533223,0.000000004,0.216034082,0.216033410,0.000000672,0.671982172,0.000004200,0,0,1.500000000,0.080000000,0.000000000,0.000000000,0.000788133,0.000000000,0.008606153,0.008606153,-0.008606153,0.000237153,0.001334055,0.590779638,3,39.593305357,0,0.000000000,0.387631129,0.191489077,0.387631129,0.192769809,0.422860190,0.088858920,0.794172971,0.157788780,0.547376748,0.000000000,0.547377019,2.000000000,0.000000000,0.000000000,0.000000000,1.000000000,0.766335970,0.659015985,0.723031953,0.000000000,0.841507702,0.697711775,0.752155379,1,0,0,0.000000000,0.051393642,-0.353163607,0.151301198,-0.120982916,-0.016062210,0.147557467,0.307863539,12.122047525,0.017983693,-130.918165118,-0.114690102,142.886181935,44.881907830,-0.000326098,0.000365237,0.000839430,-0.000326964,-0.000456678,0.000324951,-0.000643637,0.000000000,0.000000000,0.000000000,0.000000000,0.000000000,0.000000000,0.000000000,-0.000536508,0.000000051,0.000531115,0.000000069,-0.000184914,-0.000000212,0.000130521,0.000000000,0.000000000,0.000000000,0.000000000,0.000000000,0.000000000,0.000000000,-0.454223608,-0.018624398,0.207794911,0.000264182,0.376792215,0.357222286,0.057881965
13.101000000,0,13.101000000,sample,0.216533009,-0.000004273,0.216034029,0.216033031,0.000000998,0.998390878,0.000006240,0,0,1.500000000,0.080000000,0.000000000,0.000000000,0.002264380,0.000000000,0.003132941,0.001042628,-0.001042628,0.000000000,0.003735970,0.606102327,1,87.646470696,0,0.000000000,0.383478273,0.191624411,0.389734926,0.191815206,2.095920485,0.220527771,0.861554518,0.146275258,0.595880089,0.000000000,0.595871476,2.000000000,0.000000000,0.000000000,0.000000000,1.000000000,0.787047070,0.678036987,0.725841624,0.000000000,0.790889974,0.678036987,0.725841624,1,0,0,0.000000000,0.049381110,-0.349919139,0.148908320,-0.120884152,-0.015715173,0.147851174,0.308004548,12.121925318,0.017514248,-130.917987866,-0.114694643,142.886228562,44.881887593,0.003497604,0.000768846,0.000343565,0.000855829,0.000321996,0.000349577,-0.000238225,0.000000000,0.000000000,0.000000000,0.000000000,0.000000000,0.000000000,0.000000000,0.001541440,-0.000000143,-0.001525945,-0.000000199,0.000531271,0.000000608,-0.000374996,0.000000000,0.000000000,0.000000000,0.000000000,0.000000000,0.000000000,0.000000000,-0.470147449,-0.010260473,0.155091942,0.002472648,0.387237357,0.358469901,0.056472089
13.151000000,0,13.151000000,sample,0.216533223,0.000004275,0.216034153,0.216033333,0.000000820,0.820134447,0.000005126,0,0,1.500000000,0.080000000,0.000000000,0.000000000,0.000517752,0.000000000,0.005689720,0.003019879,-0.002455088,0.003019879,0.001331913,0.388728095,5,48.574394060,0,0.000000000,0.384093885,0.191711064,0.387551670,0.192586873,0.144026791,0.094608676,0.765196601,0.154766927,0.518290471,0.000000000,0.518290525,2.000000000,0.000000000,0.000000000,0.000000000,1.000000000,0.753439230,0.663861129,0.728415877,0.000000000,0.824699573,0.704156932,0.747807158,1,0,0,0.000000000,0.051083817,-0.349703242,0.150420074,-0.120897516,-0.015966311,0.147925655,0.307709007,12.121952346,0.017782143,-130.918165293,-0.114762554,142.886181768,44.881982416,0.000526302,-0.000259462,-0.000410404,-0.000051870,-0.000928281,0.000165928,-0.000607716,0.000000000,0.000000000,0.000000000,0.000000000,0.000000000,0.000000000,0.000000000,0.000352451,-0.000000033,-0.000348908,-0.000000046,0.000121476,0.000000139,-0.000085743,0.000000000,0.000000000,0.000000000,0.000000000,0.000000000,0.000000000,0.000000000,-0.457043434,-0.025824035,0.212995720,0.009019224,0.378514324,0.359036755,0.058353236
13.201000000,0,13.201000000,sample,0.216533098,-0.000002506,0.216034106,0.216033121,0.000000985,0.984989843,0.000006156,0,0,1.500000000,0.080000000,0.000000000,0.000000000,0.000469951,0.000000000,0.002241924,0.000853522,-0.000853522,0.000000000,0.001410960,0.333072138,7,63.834391312,0,0.000000000,0.381767403,0.191875113,0.387848213,0.191960420,0.335943640,0.109809696,0.747529992,0.179542376,0.496563239,0.000000000,0.496563437,2.000000000,0.000000000,0.000000000,0.000000000,1.000000000,0.789183050,0.656553810,0.712421152,0.000000000,0.791034530,0.665639432,0.729371319,1,0,0,0.000000000,0.049877211,-0.348466982,0.147747676,-0.120885381,-0.015718672,0.148174583,0.307828166,12.121720160,0.017533903,-130.918069409,-0.114698298,142.886100920,44.882056617,0.000173082,-0.000096966,-0.000679558,0.000296216,0.000344884,-0.000110182,0.001127307,0.000000000,0.000000000,0.000000000,0.000000000,0.000000000,0.000000000,0.000000000,0.000319912,-0.000000030,-0.000316697,-0.000000041,0.000110258,0.000000126,-0.000077826,0.000000000,0.000000000,0.000000000,0.000000000,0.000000000,0.000000000,0.000000000,-0.435012923,-0.008925486,0.196683710,-0.006076718,0.385194167,0.357430902,0.058096357
13.251000000,0,13.251000000,sample,0.216533216,0.000002355,0.216033959,0.216033506,0.000000453,0.452979675,0.000002831,0,0,1.500000000,0.080000000,0.000000000,0.000000000,0.006099974,0.000000000,0.008928780,0.004780717,-0.004780717,0.002988821,0.006550473,0.931226487,1,53.066449333,0,0.000000000,0.385002889,0.191923758,0.385002889,0.192807745,0.297996622,0.073130534,0.766294768,0.159319959,0.511346636,0.000000000,0.511350506,2.000000000,0.000000000,0.000000000,0.000000000,1.000000000,0.764098401,0.653870240,0.724147681,0.000000000,0.821519235,0.689972763,0.741647571,1,0,0,0.000000000,0.050975505,-0.351198852,0.149291958,-0.121049294,-0.015913381,0.148082955,0.307321058,12.121817380,0.018299170,-130.918165118,-0.114690091,142.886100170,44.882199350,0.004771805,-0.000333711,-0.004439191,0.000240542,-0.000349179,-0.000136535,0.000349814,0.000000000,0.000000000,0.000000000,0.000000000,0.000000000,0.000000000,0.000000000,0.004152463,-0.000000397,-0.004110721,-0.000000537,0.001431166,0.000001639,-0.001010186,0.000000000,0.000000000,0.000000000,0.000000000,0.000000000,0.000000000,0.000000000,-0.437344731,-0.023713364,0.240690376,0.002214056,0.376377696,0.359928164,0.058411583
13.301000000,0,13.301000000,sample,0.216533110,-0.000002119,0.216034101,0.216033151,0.000000950,0.949983856,0.000005937,0,0,1.500000000,0.080000000,0.000000000,0.000000000,0.000384698,0.000000000,0.003613978,0.000000000,0.000000000,0.000000000,0.002003733,0.191990572,1,49.228941001,0,0.000000000,0.382371372,0.191829145,0.392398934,0.192089449,1.322531363,0.195656702,0.701110304,0.187645100,0.461898594,0.000000000,0.461898464,2.000000000,0.000000000,0.000000000,0.000000000,1.000000000,0.766089358,0.664162145,0.722648770,0.000000000,0.793467393,0.677872969,0.741106153,1,0,0,0.000000000,0.049702508,-0.348860010,0.148439281,-0.120868372,-0.015686089,0.148132387,0.307814042,12.121815846,0.017592687,-130.918069409,-0.114747692,142.886229062,44.882097416,-0.001405886,-0.000139307,-0.000996210,0.000144233,0.000146061,0.000579110,0.000805658,0.000000000,0.000000000,0.000000000,0.000000000,0.000000000,0.000000000,0.000000000,-0.000261877,0.000000024,0.000259245,0.000000034,-0.000090257,-0.000000103,0.000063708,0.000000000,0.000000000,0.000000000,0.000000000,0.000000000,0.000000000,0.000000000,-0.454207848,-0.020606611,0.187166922,0.002185430,0.384660450,0.359209553,0.058825557
13.351000000,0,13.351000000,sample,0.216533220,0.000002197,0.216033821,0.216033653,0.000000168,0.167802385,0.000001049,0,0,1.500000000,0.080000000,0.000000000,0.000000000,0.005831334,0.000000000,0.007699527,0.005426955,-0.001766895,0.005426955,0.006029183,0.967184680,3,62.595631948,0,0.000000000,0.374975576,0.192856182,0.386111330,0.192856182,0.785748557,0.060043820,0.779644261,0.170301426,0.525802200,0.000000000,0.525805377,2.000000000,0.000000000,0.000000000,0.000000000,1.000000000,0.773179951,0.676783145,0.730084375,0.000000000,0.802841022,0.684507261,0.734435736,1,0,0,0.000000000,0.050885430,-0.340057257,0.149594174,-0.121024718,-0.015910292,0.149309702,0.305675933,12.121856711,0.018742491,-130.918165118,-0.114885466,142.886140886,44.882370582,-0.003563451,-0.000252728,0.004770133,0.000170196,-0.000195796,-0.000004475,0.000876071,0.000000000,0.000000000,0.000000000,0.000000000,0.000000000,0.000000000,0.000000000,-0.003969589,0.000000386,0.003929685,0.000000514,-0.001368143,-0.000001570,0.000965701,0.000000000,0.000000000,0.000000000,0.000000000,0.000000000,0.000000000,0.000000000,-0.467509057,-0.016938029,0.185380394,0.010663855,0.383685887,0.359499458,0.056896841
13.401000000,0,13.401000000,sample,0.216533215,-0.000000082,0.216034179,0.216033267,0.000000912,0.911767019,0.000005699,0,0,1.500000000,0.080000000,0.000000000,0.000000000,0.003071685,0.000000000,0.008450509,0.004262995,-0.001338627,0.004262995,0.004519388,0.679668256,3,57.436899352,0,0.000000000,0.375657921,0.192130964,0.385293407,0.192585051,1.330058576,0.128274137,0.686295061,0.161927836,0.447897810,0.000000000,0.447899013,2.000000000,0.000000000,0.000000000,0.000000000,1.000000000,0.777677667,0.660038842,0.714530919,0.000000000,0.809964822,0.717243945,0.766760150,1,0,0,0.000000000,0.049996593,-0.342287177,0.146487893,-0.120852620,-0.015609616,0.148543905,0.307044810,12.121514948,0.017655708,-130.918165118,-0.114797523,142.886100087,44.881841076,0.001709604,-0.001708509,-0.003425115,-0.000428862,-0.001625737,0.000107561,0.000114862,0.000000000,0.000000000,0.000000000,0.000000000,0.000000000,0.000000000,0.000000000,0.002091005,-0.000000195,-0.002069987,-0.000000271,0.000720657,0.000000826,-0.000508674,0.000000000,0.000000000,0.000000000,0.000000000,0.000000000,0.000000000,0.000000000,-0.434140695,-0.014609747,0.208461280,0.005035732,0.383052416,0.358529699,0.055755568
13.451000000,0,13.451000000,sample,0.216533348,0.000002659,0.216034360,0.216033364,0.000000995,0.995354877,0.000006221,0,0,1.500000000,0.080000000,0.000000000,0.000000000,0.003024813,0.000000000,0.006349037,0.006349037,-0.005978287,0.006349037,0.004385025,0.689805219,1,89.812595769,0,0.000000000,0.381577971,0.191842668,0.383510501,0.192742552,1.993033538,0.243123483,0.859968186,0.143184456,0.612809991,0.000000000,0.612814921,2.000000000,0.000000000,0.000000000,0.000000000,1.000000000,0.807149488,0.653793571,0.716267927,0.000000000,0.821535788,0.686418539,0.739075420,1,0,0,0.000000000,0.051738245,-0.347363151,0.149210399,-0.120801082,-0.015972686,0.148174159,0.307716938,12.121720136,0.017541826,-130.918276836,-0.114838166,142.886053710,44.882064154,0.004155667,-0.000090377,-0.000536845,-0.000979016,-0.000599588,-0.000567002,0.000151785,0.000000000,0.000000000,0.000000000,0.000000000,0.000000000,0.000000000,0.000000000,0.002059096,-0.000000191,-0.002038397,-0.000000267,0.000709671,0.000000814,-0.000500920,0.000000000,0.000000000,0.000000000,0.000000000,0.000000000,0.000000000,0.000000000,-0.422174892,-0.003017762,0.242666951,-0.000231747,0.379306587,0.358729487,0.057890955
13.501000000,0,13.501000000,sample,0.216533491,0.000002845,0.216034446,0.216033557,0.000000889,0.888878361,0.000005555,0,0,1.500000000,0.080000000,0.000000000,0.000000000,0.000423310,0.000000000,0.008152647,0.003028489,0.000000000,0.003028489,0.002208401,0.191681693,1,42.834677657,0,0.000000000,0.383220401,0.191786288,0.389085826,0.192914362,1.379985432,0.166526299,0.727931003,0.185316515,0.507571153,0.000000000,0.507567454,2.000000000,0.000000000,0.000000000,0.000000000,1.000000000,0.780210617,0.652429123,0.713465972,0.000000000,0.828542095,0.679307989,0.738303251,1,0,0,0.000000000,0.052010682,-0.348410113,0.150874643,-0.120858602,-0.015954232,0.148056209,0.307671641,12.121874765,0.017688396,-130.918372487,-0.114794916,142.886323024,44.882009990,-0.001445359,-0.000294479,-0.000737343,-0.001403257,0.000374899,-0.000162112,0.000147041,0.000000000,0.000000000,0.000000000,0.000000000,0.000000000,0.000000000,0.000000000,-0.000288162,0.000000027,0.000285265,0.000000037,-0.000099317,-0.000000114,0.000070103,0.000000000,0.000000000,0.000000000,0.000000000,0.000000000,0.000000000,0.000000000,-0.435311909,-0.014015089,0.203233650,0.003173657,0.381803792,0.358905940,0.058644813
13.551000000,0,13.551000000,sample,0.216533216,-0.000005503,0.216034091,0.216033361,0.000000729,0.729454816,0.000004559,0,0,1.500000000,0.080000000,0.000000000,0.000000000,0.004371560,0.000000000,0.005783212,0.005783212,-0.005783212,0.003406086,0.004835752,0.904008199,1,65.965400600,0,0.000000000,0.374483879,0.192395971,0.384599290,0.192571191,0.598085998,0.103335261,0.721199567,0.182047084,0.488612508,0.000000000,0.488611846,2.000000000,0.000000000,0.000000000,0.000000000,1.000000000,0.810996827,0.633052789,0.698592347,0.000000000,0.810996827,0.705451535,0.754202225,1,0,0,0.000000000,0.050275023,-0.340583434,0.147355089,-0.120930951,-0.015703358,0.148813035,0.306588818,12.121608475,0.017911505,-130.918165118,-0.114755472,142.886100087,44.881870624,-0.003927554,-0.000565220,0.002686900,-0.000324660,0.000441620,-0.000341206,-0.000055332,0.000000000,0.000000000,0.000000000,0.000000000,0.000000000,0.000000000,0.000000000,-0.002975875,0.000000280,0.002945962,0.000000385,-0.001025632,-0.000001175,0.000723940,0.000000000,0.000000000,0.000000000,0.000000000,0.000000000,0.000000000,0.000000000,-0.374171291,-0.006111284,0.269322154,-0.000217074,0.379085575,0.358662882,0.055770593
13.601000000,0,13.601000000,sample,0.216533112,-0.000002078,0.216034024,0.216033244,0.000000781,0.780525028,0.000004878,0,0,1.500000000,0.080000000,0.000000000,0.000000000,0.000002943,0.000000000,0.004906902,0.000817926,-0.000817926,0.000296601,0.001505119,0.001955306,6,25.272961171,0,0.000000000,0.383163292,0.191825081,0.384977183,0.192866631,0.703358044,0.132192896,0.796509084,0.153650417,0.548792386,0.000000000,0.548791734,2.000000000,0.000000000,0.000000000,0.000000000,1.000000000,0.771123223,0.668236707,0.726603166,0.000000000,0.812660141,0.668236707,0.726603166,1,0,0,0.000000000,0.050734696,-0.349050158,0.149679945,-0.120975554,-0.015965975,0.148009677,0.307586478,12.121911609,0.017819893,-130.918083575,-0.114646051,142.886060216,44.881887593,0.000637247,0.000064168,0.000682381,0.000464194,-0.000360179,-0.000756657,-0.000686880,0.000000000,0.000000000,0.000000000,0.000000000,0.000000000,0.000000000,0.000000000,0.000002003,-0.000000000,-0.000001983,-0.000000000,0.000000690,0.000000001,-0.000000487,0.000000000,0.000000000,0.000000000,0.000000000,0.000000000,0.000000000,0.000000000,-0.463727182,-0.018130019,0.192092805,0.005477614,0.378540789,0.359465685,0.056055392
13.651000000,0,13.651000000,sample,0.216533105,-0.000000124,0.216034039,0.216033200,0.000000840,0.839660066,0.000005248,0,0,1.500000000,0.080000000,0.000000000,0.000000000,0.000637147,0.000000000,0.005158907,0.001578974,-0.001325832,0.001578974,0.001087275,0.586003719,3,27.156563292,0,0.000000000,0.381580686,0.191700904,0.384258306,0.192435968,0.238762524,0.042753811,0.757094701,0.161991517,0.507721416,0.000000000,0.507721278,2.000000000,0.000000000,0.000000000,0.000000000,1.000000000,0.797642151,0.645302937,0.704601195,0.000000000,0.801128346,0.680578375,0.733666955,1,0,0,0.000000000,0.049593848,-0.348335676,0.147670331,-0.120865987,-0.015642872,0.147972803,0.307586776,12.121725171,0.017762221,-130.918069409,-0.114811922,142.886181935,44.881927633,0.000477667,0.000311282,-0.000566600,0.000489287,-0.000452082,0.000210787,-0.000218763,0.000000000,0.000000000,0.000000000,0.000000000,0.000000000,0.000000000,0.000000000,0.000433728,-0.000000041,-0.000429368,-0.000000056,0.000149486,0.000000171,-0.000105514,0.000000000,0.000000000,0.000000000,0.000000000,0.000000000,0.000000000,0.000000000,-0.407724230,-0.007939481,0.229268223,-0.000633066,0.381582319,0.358915098,0.056314549
13.701000000,0,13.701000000,sample,0.216533098,-0.000000150,0.216034052,0.216033195,0.000000856,0.856312088,0.000005352,0,0,1.500000000,0.080000000,0.000000000,0.000000000,0.000760624,0.000000000,0.004048833,0.003109978,-0.003109978,0.000000000,0.001873432,0.406005825,2,51.172501733,0,0.000000000,0.382963632,0.191918721,0.385833915,0.192505693,0.582977403,0.064030266,0.765296486,0.166772933,0.529019072,0.000000000,0.529018312,2.000000000,0.000000000,0.000000000,0.000000000,1.000000000,0.784789864,0.660347735,0.717747745,0.000000000,0.803892031,0.664077336,0.720766810,1,0,0,0.000000000,0.050813118,-0.348440828,0.150559491,-0.121029266,-0.016024039,0.148080865,0.307644035,12.122023213,0.017688397,-130.918069467,-0.114510782,142.886100087,44.881779676,0.000179883,0.001340159,-0.000654600,0.000564898,0.000212561,-0.000310608,-0.000889997,0.000000000,0.000000000,0.000000000,0.000000000,0.000000000,0.000000000,0.000000000,0.000517783,-0.000000048,-0.000512578,-0.000000067,0.000178459,0.000000204,-0.000125965,0.000000000,0.000000000,0.000000000,0.000000000,0.000000000,0.000000000,0.000000000,-0.437231997,-0.012304485,0.209837591,0.003248850,0.383839118,0.359325547,0.057869843
13.751000000,0,13.751000000,sample,0.216533094,-0.000000086,0.216034032,0.216033195,0.000000836,0.836458504,0.000005228,0,0,1.500000000,0.080000000,0.000000000,0.000000000,0.000305376,0.000000000,0.004918091,0.004041638,-0.001255242,0.004041638,0.002532512,0.120582116,7,46.858955226,0,0.000000000,0.380960002,0.192135803,0.386980612,0.192512087,0.681241409,0.131360732,0.795752113,0.185321156,0.538467854,0.000000000,0.538467157,2.000000000,0.000000000,0.000000000,0.000000000,1.000000000,0.808992470,0.616553426,0.692794904,0.000000000,0.808992470,0.668802374,0.721111226,1,0,0,0.000000000,0.050338567,-0.347106173,0.148707283,-0.120947238,-0.015861848,0.148446402,0.307459694,12.121815844,0.017742618,-130.918069409,-0.114666273,142.886053469,44.882138242,0.000683095,0.000416565,0.000355455,0.000172204,0.001564882,-0.000404055,0.001733596,0.000000000,0.000000000,0.000000000,0.000000000,0.000000000,0.000000000,0.000000000,0.000207880,-0.000000019,-0.000205790,-0.000000027,0.000071647,0.000000082,-0.000050572,0.000000000,0.000000000,0.000000000,0.000000000,0.000000000,0.000000000,0.000000000,-0.343340867,-0.015167952,0.289022056,-0.002264210,0.380910962,0.360317814,0.058230553
13.801000000,0,13.801000000,sample,0.216533105,0.000000234,0.216034115,0.216033126,0.000000990,0.989778630,0.000006186,0,0,1.500000000,0.080000000,0.000000000,0.000000000,0.000394276,0.000000000,0.005711750,0.001313191,-0.001313191,0.000165595,0.001046446,0.376776253,7,73.254347728,0,0.000000000,0.381684743,0.191778164,0.385115086,0.192386459,0.230839856,0.028377913,0.751945354,0.165141581,0.507018746,0.000000000,0.507018668,2.000000000,0.000000000,0.000000000,0.000000000,1.000000000,0.794017427,0.679245925,0.731651283,0.000000000,0.899018927,0.681597975,0.735277819,1,0,0,0.000000000,0.049706472,-0.348290616,0.148007286,-0.120936607,-0.015680016,0.148011278,0.307822110,12.121761436,0.017512071,-130.918069415,-0.114607300,142.886181694,44.881793336,-0.000039392,-0.000299391,-0.000336819,-0.000145245,0.000194838,0.000170840,-0.000895640,0.000000000,0.000000000,0.000000000,0.000000000,0.000000000,0.000000000,0.000000000,0.000268397,-0.000000025,-0.000265699,-0.000000035,0.000092504,0.000000106,-0.000065294,0.000000000,0.000000000,0.000000000,0.000000000,0.000000000,0.000000000,0.000000000,-0.473363147,-0.008016513,0.177086714,0.008624066,0.383363127,0.359821400,0.057479223
13.851000000,0,13.851000000,sample,0.216532733,-0.000007446,0.216033744,0.216032761,0.000000983,0.983062370,0.000006144,0,0,1.500000000,0.080000000,0.000000000,0.000000000,0.001238445,0.000000000,0.005119490,0.003288033,-0.003288033,0.002959710,0.003629305,0.341234689,4,39.278468412,0,0.000000000,0.376589927,0.192214011,0.388933053,0.192498512,1.486797159,0.276742247,0.695725221,0.199664854,0.444971079,0.000000000,0.444975813,2.000000000,0.000000000,0.000000000,0.000000000,1.000000000,0.805065455,0.689470844,0.740658410,0.000000000,0.805065455,0.723137195,0.768187522,1,0,0,0.000000000,0.047206389,-0.343924224,0.145971429,-0.120880474,-0.015375217,0.148653086,0.307332284,12.121761094,0.017539450,-130.917766331,-0.114712712,142.886181685,44.882056618,-0.000259913,0.000402647,-0.001548410,0.002274577,0.002166435,0.000038835,0.000822161,0.000000000,0.000000000,0.000000000,0.000000000,0.000000000,0.000000000,0.000000000,0.000843052,-0.000000078,-0.000834578,-0.000000109,0.000290561,0.000000333,-0.000205092,0.000000000,0.000000000,0.000000000,0.000000000,0.000000000,0.000000000,0.000000000,-0.496996861,-0.003607403,0.149224346,-0.001079581,0.383607971,0.358889747,0.057706072
13.901000000,0,13.901000000,sample,0.216533236,0.000010059,0.216034167,0.216033323,0.000000845,0.844508590,0.000005278,0,0,1.500000000,0.080000000,0.000000000,0.000000000,0.000770048,0.000000000,0.006328464,0.002505333,-0.002505333,0.000219770,0.004539848,0.169619720,5,73.427093639,0,0.000000000,0.379325546,0.191979578,0.382316770,0.192724582,0.641776130,0.234131011,0.744207912,0.140597718,0.524324078,0.000000000,0.524326216,2.000000000,0.000000000,0.000000000,0.000000000,1.000000000,0.766333759,0.637742409,0.707124250,0.000000000,0.804412718,0.678156222,0.733348112,1,0,0,0.000000000,0.049826541,-0.345667967,0.148050134,-0.120841609,-0.015591720,0.148358896,0.307303609,12.121720135,0.017762086,-130.918165118,-0.114852862,142.886323024,44.882063363,-0.000027488,-0.000733906,-0.000258120,-0.000401527,-0.003890178,-0.002168915,0.000072916,0.000000000,0.000000000,0.000000000,0.000000000,0.000000000,0.000000000,0.000000000,-0.000524198,0.000000049,0.000518929,0.000000068,-0.000180667,-0.000000207,0.000127523,0.000000000,0.000000000,0.000000000,0.000000000,0.000000000,0.000000000,0.000000000,-0.405493477,-0.025072621,0.238512144,0.015303739,0.379155606,0.361512964,0.058294633
13.951000000,0,13.951000000,sample,0.216533110,-0.000002529,0.216034198,0.216033059,0.000001139,1.138806100,0.000007118,1,1,1.500000000,0.080000000,1.500000000,0.000115127,0.000076751,0.000076751,0.005947342,0.003371389,-0.003371389,0.002036985,0.003862512,0.019870832,1,49.426897658,1,46.339862879,0.378100491,0.192078374,0.384069599,0.192485936,2.676043934,0.215187013,0.640703625,0.190147584,0.438278128,1.500000000,1.562718036,2.000000000,0.000000000,0.000000000,0.000000000,1.000000000,0.800232484,0.626553839,0.701083582,0.363549240,0.825498495,0.715123882,0.761420064,1,0,0,0.000000000,0.049987039,-0.343727383,0.149374574,-0.120802650,-0.015786934,0.148497792,0.307544684,12.121916589,0.017323021,-130.918069409,-0.114762471,142.886228312,44.881941506,-0.002715511,0.000632015,-0.002223099,0.000271176,0.000225772,0.000551677,-0.001332116,-0.680733890,0.000062582,0.673890903,0.000088086,-0.234620607,-0.000268876,0.165606489,-0.000052247,0.000000005,0.000051722,0.000000007,-0.000018007,-0.000000021,0.000012711,-1.021100835,0.000093873,1.010836354,0.000132129,-0.351930911,-0.000403313,0.248409734,-0.362812723,-0.015518816,0.290720050,-0.003153148,0.377812044,0.359380615,0.056743523
14.001000000,0,14.001000000,sample,0.216533356,0.000004936,0.216034325,0.216033414,0.000000911,0.910643736,0.000005692,0,0,1.500000000,0.080000000,0.000000000,0.000000000,0.000429605,0.000000000,0.002673470,0.001441115,-0.001441115,0.000255890,0.001090933,0.393796274,4,64.233757073,0,0.000000000,0.381576574,0.192212833,0.384670380,0.192822025,0.383744607,0.033916756,0.769442379,0.168418867,0.527525323,0.000000000,0.527525221,2.000000000,0.000000000,0.000000000,0.000000000,1.000000000,0.776219886,0.646612224,0.708579593,0.000000000,0.812034290,0.686955888,0.747818794,1,0,0,0.000000000,0.051543037,-0.347284965,0.149456180,-0.120982418,-0.015927149,0.148510449,0.307598479,12.121761001,0.017618708,-130.918276778,-0.114563950,142.886140886,44.882138215,-0.000234334,-0.000434098,0.000293720,-0.000874339,-0.000145427,-0.000148237,0.000230040,0.000000000,0.000000000,0.000000000,0.000000000,0.000000000,0.000000000,0.000000000,-0.000292447,0.000000027,0.000289507,0.000000038,-0.000100793,-0.000000115,0.000071145,0.000000000,0.000000000,0.000000000,0.000000000,0.000000000,0.000000000,0.000000000,-0.421806623,-0.015989969,0.215453683,0.001757286,0.381858509,0.358154256,0.058264606
14.051000000,0,14.051000000,sample,0.216533105,-0.000005018,0.216034062,0.216033182,0.000000880,0.879738880,0.000005498,0,0,1.500000000,0.080000000,0.000000000,0.000000000,0.001918624,0.000000000,0.005270453,0.005268963,-0.005268963,0.003653376,0.002173788,0.882617585,1,37.568436826,0,0.000000000,0.373121293,0.192689197,0.384168199,0.192910856,0.335011247,0.058548609,0.732458336,0.172072113,0.487139187,0.000000000,0.487139826,2.000000000,0.000000000,0.000000000,0.000000000,1.000000000,0.785284021,0.637395983,0.706694098,0.000000000,0.817667746,0.728521896,0.774491106,1,0,0,0.000000000,0.049820794,-0.338646701,0.148511952,-0.120844258,-0.015732041,0.149259154,0.306601466,12.121815900,0.017706948,-130.918069409,-0.114826892,142.886181694,44.882186511,-0.001332382,0.000096099,0.000963762,0.000455999,-0.000770834,0.000107649,0.001094684,0.000000000,0.000000000,0.000000000,0.000000000,0.000000000,0.000000000,0.000000000,-0.001306073,0.000000122,0.001292944,0.000000169,-0.000450145,-0.000000516,0.000317734,0.000000000,0.000000000,0.000000000,0.000000000,0.000000000,0.000000000,0.000000000,-0.398119858,-0.014462475,0.259604515,-0.000182586,0.377100160,0.357483233,0.057572851
14.101000000,0,14.101000000,sample,0.216532984,-0.000002426,0.216033901,0.216033093,0.000000808,0.808153863,0.000005051,0,0,1.500000000,0.080000000,0.000000000,0.000000000,0.000606231,0.000000000,0.002782545,0.001906135,-0.001906135,0.000118772,0.009604625,0.063118664,7,97.759138612,0,0.000000000,0.381901753,0.191876237,0.387533247,0.192893932,0.830325894,0.613249104,0.774998662,0.115192812,0.573873500,0.000000000,0.573873321,2.000000000,0.000000000,0.000000000,0.000000000,1.000000000,0.789128115,0.645157491,0.707006200,0.000000000,0.805417245,0.657761464,0.722274231,1,0,0,0.000000000,0.048610221,-0.349524492,0.146008990,-0.120992829,-0.015471916,0.148114299,0.307680457,12.121608481,0.017773694,-130.917973700,-0.114606448,142.886141139,44.882009990,-0.000205593,-0.000619634,0.001123054,0.000517985,-0.000296900,0.000152460,-0.009496402,0.000000000,0.000000000,0.000000000,0.000000000,0.000000000,0.000000000,0.000000000,0.000412683,-0.000000039,-0.000408535,-0.000000053,0.000142231,0.000000163,-0.000100393,0.000000000,0.000000000,0.000000000,0.000000000,0.000000000,0.000000000,0.000000000,-0.414975173,-0.010999356,0.228989928,-0.005573253,0.379194862,0.357930640,0.056230351
14.151000000,0,14.151000000,sample,0.216533215,0.000004627,0.216034177,0.216033302,0.000000875,0.875247002,0.000005470,0,0,1.500000000,0.080000000,0.000000000,0.000000000,0.003227220,0.000000000,0.003325784,0.003325784,-0.000860198,0.003325784,0.003797757,0.849769914,1,61.681698011,0,0.000000000,0.376668421,0.192231075,0.389251284,0.192757423,0.871119399,0.210879535,0.795315487,0.145239609,0.558092275,0.000000000,0.558093259,2.000000000,0.000000000,0.000000000,0.000000000,1.000000000,0.780933482,0.662444953,0.713094613,0.000000000,0.796261628,0.695304849,0.737245585,1,0,0,0.000000000,0.051586385,-0.341066335,0.151300031,-0.120901804,-0.016129091,0.148577900,0.306863676,12.122033928,0.017696409,-130.918165118,-0.114724936,142.886100097,44.881675189,0.002982671,0.000003418,-0.001327742,-0.000249716,-0.000052252,-0.000307984,-0.001898363,0.000000000,0.000000000,0.000000000,0.000000000,0.000000000,0.000000000,0.000000000,0.002196877,-0.000000205,-0.002174792,-0.000000284,0.000757177,0.000000867,-0.000534452,0.000000000,0.000000000,0.000000000,0.000000000,0.000000000,0.000000000,0.000000000,-0.435940735,-0.013146711,0.194147156,-0.001919649,0.386215894,0.358275146,0.055372980
14.201000000,0,14.201000000,sample,0.216533240,0.000000484,0.216034189,0.216033316,0.000000873,0.872960034,0.000005456,0,0,1.500000000,0.080000000,0.000000000,0.000000000,0.000184646,0.000000000,0.008209029,0.005487773,-0.005487773,0.002977664,0.001483986,0.124425381,3,33.681189334,0,0.000000000,0.379796338,0.192118350,0.379942239,0.193274889,0.925401409,0.064756642,0.805204998,0.161315476,0.549353650,0.000000000,0.549353318,2.000000000,0.000000000,0.000000000,0.000000000,1.000000000,0.785303924,0.622678266,0.702944863,0.000000000,0.786988428,0.703868771,0.753527188,1,0,0,0.000000000,0.050101344,-0.345621308,0.149268299,-0.120944919,-0.015689742,0.148443993,0.307354681,12.121858202,0.017688424,-130.918165118,-0.114654796,142.886363823,44.881969204,0.000800785,0.000412704,0.000861239,-0.000123578,-0.000171531,0.000411229,0.000659619,0.000000000,0.000000000,0.000000000,0.000000000,0.000000000,0.000000000,0.000000000,-0.000125695,0.000000012,0.000124431,0.000000016,-0.000043322,-0.000000050,0.000030578,0.000000000,0.000000000,0.000000000,0.000000000,0.000000000,0.000000000,0.000000000,-0.369848711,-0.021164378,0.286985596,0.002707617,0.376965944,0.358927777,0.059957856
14.251000000,0,14.251000000,sample,0.216533219,-0.000000409,0.216034195,0.216033288,0.000000907,0.907280615,0.000005671,0,0,1.500000000,0.080000000,0.000000000,0.000000000,0.001861508,0.000000000,0.003558224,0.002368524,-0.002368524,0.000000000,0.002199569,0.846305924,1,70.469384781,0,0.000000000,0.377867460,0.192338404,0.384474115,0.192392570,0.784527459,0.074802644,0.729978325,0.173799669,0.498079474,0.000000000,0.498079818,2.000000000,0.000000000,0.000000000,0.000000000,1.000000000,0.784866473,0.673653235,0.727454394,0.000000000,0.807772696,0.722340525,0.769326777,1,0,0,0.000000000,0.051318251,-0.342626141,0.150856164,-0.120888701,-0.016046478,0.148736325,0.307079638,12.121992774,0.017651214,-130.918165118,-0.114730526,142.886140917,44.882009990,-0.001846451,0.000644760,0.000540653,0.000113118,-0.000735543,-0.000016673,0.000408171,0.000000000,0.000000000,0.000000000,0.000000000,0.000000000,0.000000000,0.000000000,-0.001267191,0.000000118,0.001254453,0.000000164,-0.000436750,-0.000000500,0.000308279,0.000000000,0.000000000,0.000000000,0.000000000,0.000000000,0.000000000,0.000000000,-0.461202268,-0.010569685,0.183252532,0.001040462,0.388494212,0.358100221,0.060204243
14.301000000,0,14.301000000,sample,0.216533104,-0.000002302,0.216034041,0.216033202,0.000000839,0.838533962,0.000005241,0,0,1.500000000,0.080000000,0.000000000,0.000000000,0.000078496,0.000000000,0.007107841,0.004682963,-0.004682963,0.003436140,0.001559136,0.050345778,1,47.666671567,0,0.000000000,0.370874668,0.193149523,0.379303936,0.193149523,0.937126502,0.127430131,0.695452379,0.183344010,0.463249057,0.000000000,0.463249276,2.000000000,0.000000000,0.000000000,0.000000000,1.000000000,0.771583561,0.647953104,0.714969120,0.000000000,0.800024690,0.716531908,0.764646448,1,0,0,0.000000000,0.049899633,-0.336093058,0.148659014,-0.121030504,-0.015760319,0.149699592,0.306284228,12.121829462,0.017715671,-130.918069409,-0.114520427,142.886167953,44.882073342,-0.001076444,-0.000262687,-0.000633325,0.000309734,0.000808160,0.000026378,-0.000228726,0.000000000,0.000000000,0.000000000,0.000000000,0.000000000,0.000000000,0.000000000,-0.000053435,0.000000005,0.000052898,0.000000007,-0.000018417,-0.000000021,0.000012999,0.000000000,0.000000000,0.000000000,0.000000000,0.000000000,0.000000000,0.000000000,-0.413105950,-0.020220653,0.250384204,0.005183509,0.381158280,0.358672013,0.058898865
14.351000000,0,14.351000000,sample,0.216533105,0.000000025,0.216034114,0.216033125,0.000000989,0.989044430,0.000006182,0,0,1.500000000,0.080000000,0.000000000,0.000000000,0.001405849,0.000000000,0.010839023,0.004899687,-0.004899687,0.000925557,0.001526452,0.920991802,3,51.309332153,0,0.000000000,0.374806058,0.192521522,0.381177396,0.193278997,0.462285366,0.051685316,0.748371884,0.167261876,0.497349279,0.000000000,0.497349349,2.000000000,0.000000000,0.000000000,0.000000000,1.000000000,0.782008374,0.641644112,0.716289556,0.000000000,0.806104219,0.754729035,0.809939423,1,0,0,0.000000000,0.049545091,-0.340919948,0.147642995,-0.120859877,-0.015638716,0.149039784,0.307017077,12.121722168,0.017535411,-130.918069409,-0.114742165,142.886181685,44.882147436,-0.000829070,-0.000438152,0.001093405,0.000291761,-0.000234351,0.000158369,0.000300099,0.000000000,0.000000000,0.000000000,0.000000000,0.000000000,0.000000000,0.000000000,-0.000957010,0.000000089,0.000947391,0.000000124,-0.000329836,-0.000000378,0.000232814,0.000000000,0.000000000,0.000000000,0.000000000,0.000000000,0.000000000,0.000000000,-0.403946527,-0.017655286,0.274612659,0.004143936,0.376597926,0.358894051,0.059380134
14.401000000,0,14.401000000,sample,0.216532988,-0.000002350,0.216033896,0.216033138,0.000000757,0.757194564,0.000004732,0,0,1.500000000,0.080000000,0.000000000,0.000000000,0.003436871,0.000000000,0.006660969,0.003758802,-0.002155751,0.003758802,0.006196747,0.554625096,3,61.349340081,0,0.000000000,0.382414346,0.192010626,0.382885179,0.193202395,3.001981129,0.495086847,0.647320918,0.228833554,0.465700248,0.000000000,0.465699962,2.000000000,0.000000000,0.000000000,0.000000000,1.000000000,0.822078083,0.619656110,0.697978980,0.000000000,0.870482101,0.681134067,0.744780631,1,0,0,0.000000000,0.050105220,-0.347778309,0.150931927,-0.120987941,-0.015968864,0.148239650,0.307413902,12.122146094,0.017852282,-130.917973700,-0.114636855,142.886181685,44.881969441,-0.000815823,0.001591497,-0.004853653,0.000635387,0.003320106,0.000309705,0.000347216,0.000000000,0.000000000,0.000000000,0.000000000,0.000000000,0.000000000,0.000000000,0.002339592,-0.000000220,-0.002316073,-0.000000302,0.000806374,0.000000923,-0.000569177,0.000000000,0.000000000,0.000000000,0.000000000,0.000000000,0.000000000,0.000000000,-0.342125959,-0.008524956,0.311456664,-0.006612080,0.376255876,0.358069095,0.056752762
14.451000000,0,14.451000000,sample,0.216533102,0.000002276,0.216034036,0.216033205,0.000000832,0.831639568,0.000005198,0,0,1.500000000,0.080000000,0.000000000,0.000000000,0.003389621,0.000000000,0.005630001,0.002861721,-0.002861721,0.000177942,0.005677153,0.597063596,1,92.287415091,0,0.000000000,0.379873682,0.191968179,0.384872994,0.192329265,3.249476002,0.443075499,0.903187538,0.124879117,0.650526709,0.000000000,0.650523063,2.000000000,0.000000000,0.000000000,0.000000000,1.000000000,0.776201476,0.657737962,0.715970230,0.000000000,0.816565292,0.671502975,0.728711746,1,0,0,0.000000000,0.050092222,-0.345900422,0.148820971,-0.120956539,-0.015801689,0.148228216,0.307322777,12.121842509,0.017747833,-130.918069409,-0.114655122,142.886140998,44.881779489,0.005453833,-0.000491228,0.000639496,0.000157096,-0.000437305,0.000059020,-0.001271264,0.000000000,0.000000000,0.000000000,0.000000000,0.000000000,0.000000000,0.000000000,0.002307431,-0.000000216,-0.002284237,-0.000000298,0.000795269,0.000000911,-0.000561339,0.000000000,0.000000000,0.000000000,0.000000000,0.000000000,0.000000000,0.000000000,-0.436751864,-0.017074778,0.204045546,-0.004523805,0.384174748,0.359198320,0.057453556
14.501000000,0,14.501000000,sample,0.216533229,0.000002539,0.216034096,0.216033404,0.000000692,0.691793483,0.000004324,0,0,1.500000000,0.080000000,0.000000000,0.000000000,0.000402947,0.000000000,0.007546517,0.005731614,-0.005731614,0.000684612,0.002132401,0.188964174,2,39.708728502,0,0.000000000,0.381075133,0.192148971,0.383675509,0.193053819,1.456615272,0.127773004,0.829840111,0.163167665,0.585713148,0.000000000,0.585713194,2.000000000,0.000000000,0.000000000,0.000000000,1.000000000,0.788443423,0.626361331,0.703931231,0.000000000,0.827878170,0.694157062,0.743570251,1,0,0,0.000000000,0.051099668,-0.346082117,0.151110058,-0.120959366,-0.015989811,0.148439835,0.307127324,12.122036866,0.017960432,-130.918165118,-0.114721671,142.886242407,44.882056617,0.001295228,0.001343730,0.000560294,-0.000574853,0.000025282,0.000027780,0.000646616,0.000000000,0.000000000,0.000000000,0.000000000,0.000000000,0.000000000,0.000000000,0.000274300,-0.000000026,-0.000271542,-0.000000035,0.000094541,0.000000108,-0.000066731,0.000000000,0.000000000,0.000000000,0.000000000,0.000000000,0.000000000,0.000000000,-0.379003531,-0.017309982,0.283036160,-0.002923800,0.374185513,0.357890435,0.057943834
14.551000000,0,14.551000000,sample,0.216533102,-0.000002540,0.216034069,0.216033178,0.000000892,0.891567231,0.000005572,0,0,1.500000000,0.080000000,0.000000000,0.000000000,0.009589350,0.000000000,0.009589350,0.005738365,-0.005738365,0.000000000,0.010872345,0.881994615,5,43.857191683,0,0.000000000,0.381860346,0.191791956,0.386760245,0.192299197,0.063439323,0.341075651,0.766514799,0.214569320,0.517030703,0.000000000,0.517037550,2.000000000,0.000000000,0.000000000,0.000000000,1.000000000,0.768910649,0.638329283,0.703475431,0.000000000,0.814982443,0.718418271,0.769528791,1,0,0,0.000000000,0.050401394,-0.347649450,0.149722689,-0.120979277,-0.015899609,0.147970846,0.307606842,12.121939729,0.017649460,-130.918069409,-0.114582376,142.886140886,44.881651774,0.005508963,0.000085942,-0.005924865,0.000015807,0.007200185,-0.000060981,-0.000949304,0.000000000,0.000000000,0.000000000,0.000000000,0.000000000,0.000000000,0.000000000,0.006527795,-0.000000608,-0.006462176,-0.000000843,0.002249859,0.000002574,-0.001588059,0.000000000,0.000000000,0.000000000,0.000000000,0.000000000,0.000000000,0.000000000,-0.395143797,-0.022877971,0.246482739,-0.001078510,0.381959271,0.358218335,0.056986808
14.601000000,0,14.601000000,sample,0.216533216,0.000002278,0.216034154,0.216033318,0.000000836,0.835660096,0.000005223,0,0,1.500000000,0.080000000,0.000000000,0.000000000,0.002684043,0.000000000,0.007587008,0.002555376,-0.002475767,0.002555376,0.008001775,0.335430972,5,94.711496135,0,0.000000000,0.380634975,0.191699226,0.383594592,0.192726032,1.440155395,0.352326768,0.833011111,0.215244303,0.576246545,0.000000000,0.576245576,2.000000000,0.000000000,0.000000000,0.000000000,1.000000000,0.779110174,0.715854413,0.767702573,0.000000000,0.853665460,0.715854413,0.767702573,1,0,0,0.000000000,0.051241251,-0.345981949,0.150179258,-0.120928319,-0.016009288,0.147880484,0.307335434,12.121913064,0.017749560,-130.918165118,-0.114701431,142.886100173,44.881482839,0.001322896,0.000756342,0.000290404,-0.000250717,0.007787314,-0.000267829,-0.000919299,0.000000000,0.000000000,0.000000000,0.000000000,0.000000000,0.000000000,0.000000000,0.001827120,-0.000000171,-0.001808752,-0.000000236,0.000629730,0.000000721,-0.000444494,0.000000000,0.000000000,0.000000000,0.000000000,0.000000000,0.000000000,0.000000000,-0.542948198,-0.019049406,0.130573526,0.012008835,0.380970242,0.358691896,0.056742897
14.651000000,0,14.651000000,sample,0.216533123,-0.000001855,0.216034107,0.216033180,0.000000927,0.926823724,0.000005793,0,0,1.500000000,0.080000000,0.000000000,0.000000000,0.000417225,0.000000000,0.006224260,0.002844340,-0.001678415,0.002844340,0.001467950,0.284222794,2,34.660397006,0,0.000000000,0.379879964,0.191872554,0.386100790,0.192166531,0.498973161,0.028521160,0.781153287,0.170619840,0.527030724,0.000000000,0.527029960,2.000000000,0.000000000,0.000000000,0.000000000,1.000000000,0.781173880,0.674905143,0.726650537,0.000000000,0.806617339,0.713374010,0.765904682,1,0,0,0.000000000,0.050324273,-0.345510484,0.149662152,-0.120905809,-0.015862189,0.148139304,0.307421892,12.121929682,0.017617074,-130.918083575,-0.114693645,142.886181685,44.881692606,-0.000018350,0.000864228,0.000704087,0.000632291,0.000549952,0.000285767,0.000357788,0.000000000,0.000000000,0.000000000,0.000000000,0.000000000,0.000000000,0.000000000,-0.000284019,0.000000026,0.000281164,0.000000037,-0.000097890,-0.000000112,0.000069095,0.000000000,0.000000000,0.000000000,0.000000000,0.000000000,0.000000000,0.000000000,-0.467042750,-0.012391969,0.174921909,0.005506077,0.384000449,0.358370723,0.056785572
14.701000000,0,14.701000000,sample,0.216533216,0.000001855,0.216034142,0.216033330,0.000000812,0.811870194,0.000005074,0,0,1.500000000,0.080000000,0.000000000,0.000000000,0.001697481,0.000000000,0.007841906,0.003644891,-0.002123277,0.003644891,0.002981338,0.569368686,5,75.261818555,0,0.000000000,0.382834275,0.191440934,0.382834275,0.192598031,0.564455707,0.117273072,0.786787131,0.181403343,0.543901706,0.000000000,0.543901597,2.000000000,0.000000000,0.000000000,0.000000000,1.000000000,0.789646152,0.691036804,0.744634367,0.000000000,0.812963899,0.711546439,0.761890511,1,0,0,0.000000000,0.051291529,-0.348344310,0.150291393,-0.120880894,-0.016021396,0.147583046,0.307547974,12.121925156,0.017799712,-130.918165118,-0.114797441,142.886100087,44.881523669,0.000794476,0.000608316,-0.000606485,-0.000258688,0.002586417,-0.000189653,-0.000852568,0.000000000,0.000000000,0.000000000,0.000000000,0.000000000,0.000000000,0.000000000,0.001155533,-0.000000108,-0.001143917,-0.000000150,0.000398263,0.000000457,-0.000281113,0.000000000,0.000000000,0.000000000,0.000000000,0.000000000,0.000000000,0.000000000,-0.495957210,-0.009234964,0.185111734,0.003471297,0.377632841,0.358427608,0.055373151
14.751000000,0,14.751000000,sample,0.216533098,-0.000002355,0.216034136,0.216033098,0.000001038,1.037540160,0.000006485,1,1,1.500000000,0.080000000,1.500000000,-0.009792180,0.006528120,-0.006528120,0.006528120,0.006528120,-0.006528120,0.000105413,0.007502267,0.870152948,3,88.297677999,1,46.339920535,0.375788380,0.192263176,0.386696255,0.192498543,2.589372685,0.260387894,0.634613004,0.190243789,0.434434125,1.500000000,1.561646279,2.000000000,0.000000000,0.000000000,0.000000000,1.000000000,0.778277592,0.655590983,0.716862658,0.367376882,0.796637151,0.684168119,0.739281017,1,0,0,0.000000000,0.050179670,-0.341419304,0.148767490,-0.120899284,-0.015829315,0.148653708,0.307151033,12.121830000,0.017449545,-130.918069409,-0.114646026,142.886100087,44.881734251,0.002491192,0.000047923,-0.007049644,0.000307621,0.000190594,-0.000444165,-0.000223529,-0.680734313,0.000062878,0.673891559,0.000087996,-0.234618517,-0.000268601,0.165605039,0.004443915,-0.000000410,-0.004399245,-0.000000574,0.001531618,0.000001753,-0.001081090,-1.021101470,0.000094316,1.010837339,0.000131993,-0.351927775,-0.000402902,0.248407558,-0.432801279,-0.015065580,0.226022021,0.005456152,0.378546554,0.358812955,0.056464128
14.801000000,0,14.801000000,sample,0.216533219,0.000002432,0.216034052,0.216033421,0.000000631,0.630982404,0.000003944,0,0,1.500000000,0.080000000,0.000000000,0.000000000,0.000633090,0.000000000,0.005029525,0.005029525,-0.005029525,0.000000000,0.001889737,0.335014972,1,43.914367241,0,0.000000000,0.386302486,0.191166099,0.386302486,0.192496102,1.166800194,0.133918588,0.828348752,0.157261952,0.573016876,0.000000000,0.573016647,2.000000000,0.000000000,0.000000000,0.000000000,1.000000000,0.807865314,0.657108021,0.720555497,0.000000000,0.819233437,0.675238556,0.732721542,1,0,0,0.000000000,0.050907723,-0.352560957,0.149461654,-0.120956309,-0.015898137,0.147177777,0.307731709,12.121842509,0.018054657,-130.918165118,-0.114762461,142.886141635,44.881523630,0.001252289,0.000109809,0.000806089,-0.000142372,0.000794779,0.000035721,-0.000829350,0.000000000,0.000000000,0.000000000,0.000000000,0.000000000,0.000000000,0.000000000,0.000430966,-0.000000041,-0.000426634,-0.000000056,0.000148535,0.000000170,-0.000104843,0.000000000,0.000000000,0.000000000,0.000000000,0.000000000,0.000000000,0.000000000,-0.435262299,-0.000726812,0.240738860,-0.003759620,0.375198042,0.357411753,0.057099581
14.851000000,0,14.851000000,sample,0.216533345,0.000002507,0.216034123,0.216033604,0.000000519,0.519124935,0.000003245,0,0,1.500000000,0.080000000,0.000000000,0.000000000,0.001024402,0.000000000,0.004130472,0.001797306,-0.001797306,0.000000000,0.003632965,0.281974054,3,46.745952634,0,0.000000000,0.378315729,0.192661230,0.387535095,0.192661230,2.310812302,0.224711749,0.869262822,0.148919449,0.619924374,0.000000000,0.619927801,2.000000000,0.000000000,0.000000000,0.000000000,1.000000000,0.741098925,0.655822468,0.717556316,0.000000000,0.982918818,0.698170371,0.736964616,1,0,0,0.000000000,0.052285751,-0.343113907,0.150538492,-0.121097091,-0.016151308,0.148973082,0.306558131,12.121856635,0.018183426,-130.918276785,-0.114567776,142.886012670,44.882115321,0.001643273,0.000116313,0.002483895,-0.000783546,-0.001022256,-0.000860950,0.001383706,0.000000000,0.000000000,0.000000000,0.000000000,0.000000000,0.000000000,0.000000000,-0.000697346,0.000000066,0.000690336,0.000000090,-0.000240344,-0.000000275,0.000169646,0.000000000,0.000000000,0.000000000,0.000000000,0.000000000,0.000000000,0.000000000,-0.433188286,-0.032546905,0.212172098,0.015409893,0.384740992,0.359799514,0.058650565
14.901000000,0,14.901000000,sample,0.216533102,-0.000004863,0.216034071,0.216033162,0.000000910,0.909729272,0.000005686,0,0,1.500000000,0.080000000,0.000000000,0.000000000,0.002308105,0.000000000,0.004720176,0.003644356,-0.003292886,0.003644356,0.004424636,0.521648582,3,91.569359466,0,0.000000000,0.378478021,0.192098571,0.381373153,0.192943081,2.820170639,0.229990870,0.880070928,0.152697584,0.609520997,0.000000000,0.609517366,2.000000000,0.000000000,0.000000000,0.000000000,1.000000000,0.807569142,0.615213916,0.695522232,0.000000000,0.817056959,0.757782437,0.805446712,1,0,0,0.000000000,0.049725167,-0.344889607,0.147730088,-0.120940478,-0.015683722,0.148422648,0.307332251,12.121724836,0.017633243,-130.918069409,-0.114642794,142.886140887,44.881861633,0.000758487,-0.000197211,0.004234017,0.000482510,0.000595709,0.000012979,0.000669666,0.000000000,0.000000000,0.000000000,0.000000000,0.000000000,0.000000000,0.000000000,-0.001571207,0.000000146,0.001555414,0.000000203,-0.000541520,-0.000000620,0.000382231,0.000000000,0.000000000,0.000000000,0.000000000,0.000000000,0.000000000,0.000000000,-0.331288455,-0.016713167,0.315965259,0.003467322,0.377667081,0.357661882,0.057613295
14.951000000,0,14.951000000,sample,0.216533225,0.000002463,0.216034199,0.216033280,0.000000919,0.918689055,0.000005742,0,0,1.500000000,0.080000000,0.000000000,0.000000000,0.003951608,0.000000000,0.006910009,0.006910009,-0.006910009,0.000156488,0.008650862,0.456787732,5,67.523155083,0,0.000000000,0.379799347,0.191736738,0.385725391,0.192344089,2.570119479,0.535161051,0.681890407,0.239230105,0.508338415,0.000000000,0.508335197,2.000000000,0.000000000,0.000000000,0.000000000,1.000000000,0.832668853,0.659329011,0.713391515,0.000000000,0.890573433,0.676329468,0.725982851,1,0,0,0.000000000,0.050567048,-0.345620095,0.149121653,-0.120965785,-0.015810807,0.147919823,0.307428232,12.121815677,0.017612282,-130.918165120,-0.114594092,142.886201600,44.881395318,-0.001054844,0.001721688,-0.003921708,-0.000081902,0.007108628,-0.000367936,-0.002169342,0.000000000,0.000000000,0.000000000,0.000000000,0.000000000,0.000000000,0.000000000,0.002689995,-0.000000250,-0.002662954,-0.000000348,0.000927121,0.000001061,-0.000654407,0.000000000,0.000000000,0.000000000,0.000000000,0.000000000,0.000000000,0.000000000,-0.422098170,0.009479404,0.231762847,-0.006143369,0.381383441,0.358208783,0.056143658
15.001000000,0,15.001000000,sample,0.216533227,0.000000050,0.216034122,0.216033367,0.000000755,0.754679763,0.000004717,0,0,1.500000000,0.080000000,0.000000000,0.000000000,0.004154014,0.000000000,0.004809506,0.004809506,-0.004809506,0.000000000,0.007512206,0.552968637,5,74.952847140,0,0.000000000,0.381978238,0.191798085,0.383857143,0.192322469,2.116446582,0.286953207,0.869076127,0.205525823,0.603443088,0.000000000,0.603443865,2.000000000,0.000000000,0.000000000,0.000000000,1.000000000,0.793705851,0.652522441,0.710030751,0.000000000,0.802740600,0.671846197,0.730841473,1,0,0,0.000000000,0.050774806,-0.347618065,0.149969913,-0.121057602,-0.015880457,0.147916778,0.307401217,12.121911555,0.017836166,-130.918165118,-0.114518317,142.886228312,44.881523572,0.003404756,0.001104634,-0.000579109,-0.000818049,0.006503716,0.000290947,0.000482827,0.000000000,0.000000000,0.000000000,0.000000000,0.000000000,0.000000000,0.000000000,0.002827779,-0.000000265,-0.002799352,-0.000000365,0.000974617,0.000001115,-0.000687932,0.000000000,0.000000000,0.000000000,0.000000000,0.000000000,0.000000000,0.000000000,-0.419460265,-0.007350096,0.230360818,0.000075820,0.379850769,0.357367808,0.055482076
15.051000000,0,15.051000000,sample,0.216533107,-0.000002399,0.216034016,0.216033237,0.000000779,0.779068979,0.000004869,0,0,1.500000000,0.080000000,0.000000000,0.000000000,0.002100157,0.000000000,0.004640896,0.002331171,-0.002329728,0.002331171,0.002660708,0.789322786,3,67.221982041,0,0.000000000,0.377952254,0.191980173,0.385386901,0.192203985,0.859270762,0.055466340,0.798406805,0.168681558,0.547401326,0.000000000,0.547401790,2.000000000,0.000000000,0.000000000,0.000000000,1.000000000,0.787808036,0.672503530,0.721462262,0.000000000,0.810389459,0.696244303,0.746350922,1,0,0,0.000000000,0.050067720,-0.343555371,0.149368127,-0.120955279,-0.015810020,0.148243889,0.306988275,12.121911553,0.017828879,-130.918069409,-0.114686584,142.886201923,44.881565098,-0.000927622,0.000999223,0.002181488,0.000192421,0.000348104,0.000261543,0.000484707,0.000000000,0.000000000,0.000000000,0.000000000,0.000000000,0.000000000,0.000000000,-0.001429648,0.000000134,0.001415277,0.000000185,-0.000492740,-0.000000564,0.000347799,0.000000000,0.000000000,0.000000000,0.000000000,0.000000000,0.000000000,0.000000000,-0.458885185,-0.008535902,0.175708940,0.007101845,0.384516136,0.357682978,0.056084593
15.101000000,0,15.101000000,sample,0.216533215,0.000002162,0.216034211,0.216033270,0.000000942,0.941508405,0.000005884,0,0,1.500000000,0.080000000,0.000000000,0.000000000,0.001856810,0.000000000,0.006251683,0.005317606,-0.003515701,0.005317606,0.003215653,0.577428492,3,95.498554763,0,0.000000000,0.380306098,0.192000552,0.381592773,0.192396112,1.951264925,0.191842199,0.682963050,0.184489110,0.472716941,0.000000000,0.472715403,2.000000000,0.000000000,0.000000000,0.000000000,1.000000000,0.772626808,0.640381951,0.705118337,0.000000000,0.816675054,0.723586126,0.769695086,1,0,0,0.000000000,0.051651659,-0.345012298,0.151431002,-0.120967459,-0.016144114,0.148224335,0.307399305,12.122048030,0.017575921,-130.918165118,-0.114573666,142.886100087,44.881618569,-0.000277864,0.000095468,-0.003142444,-0.000454738,-0.000294603,-0.000292120,0.000015319,0.000000000,0.000000000,0.000000000,0.000000000,0.000000000,0.000000000,0.000000000,0.001263993,-0.000000117,-0.001251286,-0.000000163,0.000435649,0.000000498,-0.000307502,0.000000000,0.000000000,0.000000000,0.000000000,0.000000000,0.000000000,0.000000000,-0.402073724,-0.021123733,0.241820660,0.006932011,0.379277628,0.359966154,0.055945883
15.151000000,0,15.151000000,sample,0.216533118,-0.000001941,0.216034078,0.216033189,0.000000890,0.889724216,0.000005561,0,0,1.500000000,0.080000000,0.000000000,0.000000000,0.001909011,0.000000000,0.004676930,0.003063325,-0.003063325,0.002600663,0.008918021,0.214062161,7,51.792162182,0,0.000000000,0.378636795,0.192197002,0.383950757,0.192377407,0.454593261,0.234445023,0.750068563,0.161240962,0.498866203,0.000000000,0.498866275,2.000000000,0.000000000,0.000000000,0.000000000,1.000000000,0.792965316,0.636026229,0.697005077,0.000000000,0.804810285,0.693441647,0.742215042,1,0,0,0.000000000,0.049473784,-0.344676138,0.148716264,-0.120955329,-0.015637800,0.148542772,0.307279428,12.121861170,0.017659899,-130.918069409,-0.114628150,142.886323024,44.881943555,0.000472914,0.000818266,-0.000389322,0.000314203,-0.006096287,-0.000178901,0.006418012,0.000000000,0.000000000,0.000000000,0.000000000,0.000000000,0.000000000,0.000000000,-0.001299529,0.000000121,0.001286465,0.000000168,-0.000447892,-0.000000513,0.000316144,0.000000000,0.000000000,0.000000000,0.000000000,0.000000000,0.000000000,0.000000000,-0.389002968,-0.011198645,0.236212367,-0.000487346,0.383352243,0.358298169,0.056871074
15.201000000,0,15.201000000,sample,0.216533227,0.000002165,0.216034217,0.216033259,0.000000958,0.957512526,0.000005984,0,0,1.500000000,0.080000000,0.000000000,0.000000000,0.000483883,0.000000000,0.006766279,0.003796678,-0.001933551,0.003796678,0.001415127,0.341936420,7,32.696016532,0,0.000000000,0.380932744,0.191873262,0.383739096,0.192562986,0.495214713,0.040122679,0.779675309,0.167600865,0.533464438,0.000000000,0.533465167,2.000000000,0.000000000,0.000000000,0.000000000,1.000000000,0.807955356,0.634770806,0.698822883,0.000000000,0.807955356,0.674868990,0.732046214,1,0,0,0.000000000,0.050209493,-0.347307730,0.148209659,-0.120919681,-0.015694453,0.148146764,0.307664633,12.121720657,0.017566248,-130.918165118,-0.114654015,142.886221836,44.881861677,0.000730061,-0.000040115,-0.000274802,-0.000805843,-0.000274416,0.000114096,0.000809176,0.000000000,0.000000000,0.000000000,0.000000000,0.000000000,0.000000000,0.000000000,0.000329396,-0.000000031,-0.000326085,-0.000000043,0.000113527,0.000000130,-0.000080133,0.000000000,0.000000000,0.000000000,0.000000000,0.000000000,0.000000000,0.000000000,-0.391055497,-0.004567945,0.241697646,-0.007177980,0.381389997,0.357951701,0.057888928
15.251000000,0,15.251000000,sample,0.216533001,-0.000004516,0.216033927,0.216033102,0.000000824,0.824491306,0.000005153,0,0,1.500000000,0.080000000,0.000000000,0.000000000,0.001579669,0.000000000,0.003178315,0.001825940,-0.001825940,0.000000000,0.002326578,0.678966596,1,31.559084807,0,0.000000000,0.380542278,0.191676107,0.383300182,0.192092138,0.827188524,0.095968841,0.776358751,0.162367057,0.518965663,0.000000000,0.518964115,2.000000000,0.000000000,0.000000000,0.000000000,1.000000000,0.798691803,0.678957072,0.729460509,0.000000000,0.808095203,0.679020072,0.730278909,1,0,0,0.000000000,0.048441861,-0.347529284,0.147272563,-0.120988353,-0.015457009,0.147860169,0.307489263,12.121774691,0.017750762,-130.917973700,-0.114608642,142.886323027,44.881544216,0.001307013,0.000057121,-0.000381314,0.001086741,0.001049698,-0.000027260,-0.001128009,0.000000000,0.000000000,0.000000000,0.000000000,0.000000000,0.000000000,0.000000000,0.001075335,-0.000000101,-0.001064525,-0.000000139,0.000370619,0.000000424,-0.000261601,0.000000000,0.000000000,0.000000000,0.000000000,0.000000000,0.000000000,0.000000000,-0.471554128,-0.005996997,0.170451671,-0.004846608,0.385234452,0.359183194,0.056727092
15.301000000,0,15.301000000,sample,0.216533102,0.000002017,0.216034048,0.216033191,0.000000858,0.857793091,0.000005361,0,0,1.500000000,0.080000000,0.000000000,0.000000000,0.000334851,0.000000000,0.004706016,0.004483129,-0.002815994,0.004483129,0.001082472,0.309339018,7,58.507907813,0,0.000000000,0.378858498,0.192338522,0.381360915,0.192605760,0.340236722,0.065118194,0.746171053,0.173563828,0.503006515,0.000000000,0.503006585,2.000000000,0.000000000,0.000000000,0.000000000,1.000000000,0.819548737,0.620693874,0.696470213,0.000000000,0.824749121,0.683517826,0.739167275,1,0,0,0.000000000,0.050019316,-0.344883967,0.148616550,-0.120996162,-0.015779228,0.148677677,0.307258206,12.121820433,0.017696126,-130.918069409,-0.114570320,142.886140886,44.882046097,-0.000353640,0.000396689,-0.000186536,0.000206635,-0.000352256,-0.000046691,0.000827988,0.000000000,0.000000000,0.000000000,0.000000000,0.000000000,0.000000000,0.000000000,-0.000227945,0.000000021,0.000225653,0.000000029,-0.000078562,-0.000000090,0.000055453,0.000000000,0.000000000,0.000000000,0.000000000,0.000000000,0.000000000,0.000000000,-0.356981674,-0.007081209,0.285952952,-0.005520715,0.378471314,0.359303222,0.058700836
15.351000000,0,15.351000000,sample,0.216533255,0.000003058,0.216034223,0.216033320,0.000000903,0.902500776,0.000005641,0,0,1.500000000,0.080000000,0.000000000,0.000000000,0.001501571,0.000000000,0.005625703,0.002719707,-0.002719707,0.000000000,0.002598964,0.577757468,1,68.795456377,0,0.000000000,0.383354480,0.191510652,0.384578634,0.192250833,1.452351289,0.132979055,0.837805045,0.159107192,0.582378701,0.000000000,0.582375555,2.000000000,0.000000000,0.000000000,0.000000000,1.000000000,0.803464195,0.661399194,0.716566666,0.000000000,0.817502113,0.661399194,0.716566666,1,0,0,0.000000000,0.051221733,-0.349267770,0.149495873,-0.120932667,-0.015944646,0.147639385,0.307793585,12.121816348,0.017646070,-130.918196906,-0.114658337,142.886100087,44.881564343,0.002155659,0.000762162,0.000389142,0.000335361,0.001013200,-0.000331941,-0.000355244,0.000000000,0.000000000,0.000000000,0.000000000,0.000000000,0.000000000,0.000000000,0.001022171,-0.000000095,-0.001011896,-0.000000132,0.000352296,0.000000403,-0.000248668,0.000000000,0.000000000,0.000000000,0.000000000,0.000000000,0.000000000,0.000000000,-0.440587906,-0.003510446,0.203440109,-0.006641192,0.382133530,0.358744603,0.056409674
15.401000000,0,15.401000000,sample,0.216533216,-0.000000777,0.216034113,0.216033353,0.000000760,0.760488550,0.000004753,0,0,1.500000000,0.080000000,0.000000000,0.000000000,0.004380985,0.000000000,0.004380985,0.002054666,-0.002054666,0.000000000,0.009205597,0.475904509,5,84.636682230,0,0.000000000,0.382248165,0.191844261,0.385883013,0.192203991,1.600787939,0.597275132,0.844044099,0.092081925,0.626229559,0.000000000,0.626234684,2.000000000,0.000000000,0.000000000,0.000000000,1.000000000,0.786943010,0.662628123,0.710827481,0.000000000,0.876139392,0.671150436,0.722349029,1,0,0,0.000000000,0.050955002,-0.348185466,0.149278694,-0.120877911,-0.015910981,0.148120194,0.307451019,12.121815901,0.017878960,-130.918165176,-0.114828996,142.886100087,44.882066680,0.000057121,0.000667383,0.003415832,-0.000515948,-0.008468983,-0.000105630,0.000790825,0.000000000,0.000000000,0.000000000,0.000000000,0.000000000,0.000000000,0.000000000,-0.002982287,0.000000280,0.002952309,0.000000386,-0.001027859,-0.000001179,0.000725513,0.000000000,0.000000000,0.000000000,0.000000000,0.000000000,0.000000000,0.000000000,-0.432453742,-0.011219261,0.194319654,0.007402156,0.384778357,0.359709862,0.053601379
15.451000000,0,15.451000000,sample,0.216532985,-0.000004622,0.216034144,0.216032869,0.000001275,1.275099094,0.000007969,1,1,1.500000000,0.080000000,1.500000000,-0.002851158,0.001900772,-0.001900772,0.006317914,0.002252885,-0.002252885,0.000718342,0.002779499,0.683854136,3,76.798639216,1,46.339862124,0.374563762,0.192089980,0.383666544,0.192551118,1.078293984,0.154789399,0.704772531,0.182393396,0.473365376,1.500000000,1.572919393,2.000000000,0.000000000,0.000000000,0.000000000,1.000000000,0.797601408,0.652543698,0.705490686,0.356751557,0.862141002,0.746985387,0.784432691,1,0,0,0.000000000,0.049469336,-0.340154481,0.148814399,-0.120836434,-0.015768268,0.148487300,0.307373460,12.121912056,0.017105091,-130.917973758,-0.114632393,142.886147632,44.881442705,0.000563678,0.000741875,-0.002435809,0.000511969,0.000038557,0.000109044,0.000805510,-0.680733884,0.000062016,0.673891150,0.000087986,-0.234620158,-0.000268571,0.165606142,0.001293920,-0.000000118,-0.001280913,-0.000000167,0.000445959,0.000000510,-0.000314779,-1.021100826,0.000093025,1.010836725,0.000131979,-0.351930237,-0.000402856,0.248409214,-0.404257755,-0.008175213,0.240786306,0.004679706,0.380075330,0.359295691,0.051723743
15.501000000,0,15.501000000,sample,0.216533102,0.000002344,0.216033958,0.216033275,0.000000682,0.682252158,0.000004264,0,0,1.500000000,0.080000000,0.000000000,0.000000000,0.000330581,0.000000000,0.007449062,0.003959876,-0.003959876,0.000000000,0.001375417,0.240349814,3,37.020947492,0,0.000000000,0.384585481,0.191398698,0.386964974,0.192428476,0.930512017,0.121416847,0.790806687,0.154830648,0.530455013,0.000000000,0.530453982,2.000000000,0.000000000,0.000000000,0.000000000,1.000000000,0.769416608,0.674507366,0.731467671,0.000000000,0.808934844,0.715723607,0.765445954,1,0,0,0.000000000,0.049748153,-0.351595181,0.147688666,-0.121004649,-0.015680989,0.147463361,0.307711481,12.121720378,0.017962594,-130.918069409,-0.114652034,142.886140886,44.881610970,0.000492282,-0.000330984,0.000836870,0.000751634,-0.000511650,-0.000022368,-0.000110856,0.000000000,0.000000000,0.000000000,0.000000000,0.000000000,0.000000000,0.000000000,-0.000225038,0.000000021,0.000222776,0.000000029,-0.000077560,-0.000000089,0.000054745,0.000000000,0.000000000,0.000000000,0.000000000,0.000000000,0.000000000,0.000000000,-0.471338235,-0.019789176,0.183611408,0.008654449,0.381509512,0.360416725,0.057059947
15.551000000,0,15.551000000,sample,0.216533357,0.000005095,0.216034206,0.216033543,0.000000663,0.662786247,0.000004142,0,0,1.500000000,0.080000000,0.000000000,0.000000000,0.001693118,0.000000000,0.006817894,0.004354147,-0.002438124,0.004354147,0.005233826,0.323495317,1,76.873217752,0,0.000000000,0.381467711,0.191753197,0.385076761,0.192511224,3.681222392,0.452410308,0.939823276,0.127969199,0.691693467,0.000000000,0.691696012,2.000000000,0.000000000,0.000000000,0.000000000,1.000000000,0.786407220,0.639053913,0.708182583,0.000000000,0.823566555,0.689672408,0.742471003,1,0,0,0.000000000,0.052015492,-0.346472048,0.150894411,-0.120968060,-0.016083447,0.147909905,0.307126454,12.121916142,0.018002112,-130.918276778,-0.114722424,142.886140886,44.881566957,0.004588881,0.000126260,0.002205731,-0.000792092,-0.000348047,0.000134428,-0.000829033,0.000000000,0.000000000,0.000000000,0.000000000,0.000000000,0.000000000,0.000000000,0.001152563,-0.000000109,-0.001140977,-0.000000149,0.000397240,0.000000455,-0.000280391,0.000000000,0.000000000,0.000000000,0.000000000,0.000000000,0.000000000,0.000000000,-0.406421642,-0.014337989,0.244137196,0.007673587,0.379080124,0.359481804,0.059562401
15.601000000,0,15.601000000,sample,0.216532986,-0.000007413,0.216033988,0.216033015,0.000000972,0.972278928,0.000006077,0,0,1.500000000,0.080000000,0.000000000,0.000000000,0.001478002,0.000000000,0.006584960,0.003807053,-0.003807053,0.000230510,0.002130366,0.693778426,3,34.691875134,0,0.000000000,0.377345151,0.192206661,0.381580578,0.192638919,1.091640779,0.099871160,0.747269492,0.168883421,0.487960191,0.000000000,0.487960573,2.000000000,0.000000000,0.000000000,0.000000000,1.000000000,0.777928226,0.672000146,0.730005578,0.000000000,0.820094688,0.704931613,0.759772886,1,0,0,0.000000000,0.048852909,-0.344075851,0.147018928,-0.120975174,-0.015563986,0.148546862,0.307344386,12.121720638,0.017527869,-130.917973700,-0.114549934,142.886160883,44.881820906,-0.000860594,-0.000755504,0.001254781,0.001210132,0.000050669,-0.000247944,0.000352293,0.000000000,0.000000000,0.000000000,0.000000000,0.000000000,0.000000000,0.000000000,-0.001006127,0.000000093,0.000996014,0.000000130,-0.000346764,-0.000000397,0.000244763,0.000000000,0.000000000,0.000000000,0.000000000,0.000000000,0.000000000,0.000000000,-0.462795160,-0.014429899,0.202533642,0.004522815,0.381211864,0.358909536,0.057807352
15.651000000,0,15.651000000,sample,0.216533353,0.000007353,0.216034296,0.216033442,0.000000854,0.853747096,0.000005336,0,0,1.500000000,0.080000000,0.000000000,0.000000000,0.000033894,0.000000000,0.005067438,0.001993160,-0.001993160,0.001176295,0.001454625,0.023300619,4,42.144436962,0,0.000000000,0.378166634,0.192406790,0.379500096,0.192629231,0.789105552,0.088451174,0.785606119,0.174229106,0.546191552,0.000000000,0.546192464,2.000000000,0.000000000,0.000000000,0.000000000,1.000000000,0.789636906,0.648298709,0.715632215,0.000000000,0.811840567,0.730598216,0.777262759,1,0,0,0.000000000,0.051835927,-0.343241503,0.150027699,-0.121039243,-0.016021675,0.148705011,0.307081380,12.121815908,0.017689152,-130.918277303,-0.114494299,142.886102336,44.881828762,0.000317158,0.000128951,0.000296415,-0.000944324,0.000399269,-0.000326623,0.000867759,0.000000000,0.000000000,0.000000000,0.000000000,0.000000000,0.000000000,0.000000000,-0.000023073,0.000000002,0.000022841,0.000000003,-0.000007952,-0.000000009,0.000005613,0.000000000,0.000000000,0.000000000,0.000000000,0.000000000,0.000000000,0.000000000,-0.421504647,-0.011012681,0.249534697,0.004424228,0.374420862,0.358651680,0.056858350
15.701000000,0,15.701000000,sample,0.216533216,-0.000002759,0.216034137,0.216033335,0.000000801,0.801249489,0.000005008,0,0,1.500000000,0.080000000,0.000000000,0.000000000,0.000027354,0.000000000,0.004957723,0.001997658,-0.001997658,0.000310802,0.003342083,0.008184799,5,68.398977661,0,0.000000000,0.380948215,0.191734211,0.383051636,0.192363313,1.027230034,0.234953855,0.738857668,0.198433626,0.513343595,0.000000000,0.513343200,2.000000000,0.000000000,0.000000000,0.000000000,1.000000000,0.787351403,0.672177394,0.727187927,0.000000000,0.828458127,0.692704707,0.744462747,1,0,0,0.000000000,0.051238995,-0.346332668,0.150165878,-0.120933944,-0.016007817,0.147921394,0.307320783,12.121911609,0.017800487,-130.918165118,-0.114709519,142.886100087,44.881565355,-0.001418156,0.001050859,-0.000399829,0.000005457,0.002764026,-0.000222681,-0.000452473,0.000000000,0.000000000,0.000000000,0.000000000,0.000000000,0.000000000,0.000000000,0.000018621,-0.000000002,-0.000018434,-0.000000002,0.000006418,0.000000007,-0.000004530,0.000000000,0.000000000,0.000000000,0.000000000,0.000000000,0.000000000,0.000000000,-0.461207197,-0.010784095,0.189757673,0.003876097,0.383810218,0.359559732,0.057943267
15.751000000,0,15.751000000,sample,0.216533417,0.000004025,0.216034393,0.216033455,0.000000937,0.937377956,0.000005859,0,0,1.500000000,0.080000000,0.000000000,0.000000000,0.001587568,0.000000000,0.006271588,0.005204791,-0.005204791,0.002358885,0.002358631,0.673088541,3,43.584139774,0,0.000000000,0.374824216,0.192421676,0.382400394,0.192729134,0.665153490,0.049557309,0.718377074,0.170883286,0.481896627,0.000000000,0.481895856,2.000000000,0.000000000,0.000000000,0.000000000,1.000000000,0.795873916,0.673746643,0.727162617,0.000000000,0.893285948,0.731978823,0.773679334,1,0,0,0.000000000,0.051229588,-0.340231296,0.148698982,-0.120949953,-0.015784167,0.148822277,0.306874682,12.121662865,0.017588003,-130.918319454,-0.114610931,142.886228312,44.881734016,0.000463822,-0.001062435,-0.001557128,-0.000901805,0.000396024,0.000463492,-0.000780822,0.000000000,0.000000000,0.000000000,0.000000000,0.000000000,0.000000000,0.000000000,0.001080713,-0.000000100,-0.001069849,-0.000000140,0.000372469,0.000000426,-0.000262907,0.000000000,0.000000000,0.000000000,0.000000000,0.000000000,0.000000000,0.000000000,-0.463244464,-0.004957012,0.194036142,0.002706631,0.381211014,0.357671271,0.056899394
15.801000000,0,15.801000000,sample,0.216533216,-0.000004012,0.216034148,0.216033335,0.000000813,0.812851105,0.000005080,0,0,1.500000000,0.080000000,0.000000000,0.000000000,0.000531449,0.000000000,0.007613630,0.003487448,-0.002575377,0.003487448,0.001404549,0.378376676,1,45.353110322,0,0.000000000,0.385470410,0.191258875,0.386277103,0.192285033,0.938381420,0.128127032,0.814401407,0.158197146,0.572540535,0.000000000,0.572540783,2.000000000,0.000000000,0.000000000,0.000000000,1.000000000,0.727045387,0.664754517,0.726319380,0.000000000,0.851392689,0.689987937,0.739923454,1,0,0,0.000000000,0.051749727,-0.350598016,0.151625967,-0.120873600,-0.016165678,0.147337031,0.307792058,12.122068711,0.017800063,-130.918165643,-0.114808011,142.886100087,44.881530374,0.000945890,0.000708069,0.000280967,-0.000387997,-0.000016806,-0.000328770,-0.000488705,0.000000000,0.000000000,0.000000000,0.000000000,0.000000000,0.000000000,0.000000000,0.000361775,-0.000000034,-0.000358138,-0.000000047,0.000124690,0.000000143,-0.000088012,0.000000000,0.000000000,0.000000000,0.000000000,0.000000000,0.000000000,0.000000000,-0.451365337,-0.040673744,0.195924697,0.033096946,0.384330839,0.362723020,0.058264423
15.851000000,0,15.851000000,sample,0.216533106,-0.000002212,0.216034047,0.216033199,0.000000848,0.848110750,0.000005301,0,0,1.500000000,0.080000000,0.000000000,0.000000000,0.000934205,0.000000000,0.006735927,0.003198669,-0.000370773,0.003198669,0.001589855,0.587603508,7,56.689864097,0,0.000000000,0.377419706,0.192431420,0.386421907,0.192558700,0.366341391,0.092521520,0.750919918,0.178177948,0.496831262,0.000000000,0.496831505,2.000000000,0.000000000,0.000000000,0.000000000,1.000000000,0.801500119,0.648424102,0.708131443,0.000000000,0.801500119,0.675852906,0.729715668,1,0,0,0.000000000,0.049929906,-0.343253584,0.148760264,-0.121052806,-0.015761210,0.148753668,0.307073804,12.121842509,0.017694675,-130.918069584,-0.114476774,142.886181685,44.881861592,-0.000582109,-0.000076645,0.000616519,0.000508779,0.000322985,0.000082023,0.001197045,0.000000000,0.000000000,0.000000000,0.000000000,0.000000000,0.000000000,0.000000000,-0.000635945,0.000000059,0.000629552,0.000000082,-0.000219182,-0.000000251,0.000154709,0.000000000,0.000000000,0.000000000,0.000000000,0.000000000,0.000000000,0.000000000,-0.420390592,-0.004130871,0.221028087,0.000414266,0.380100836,0.357872389,0.057462571
15.901000000,0,15.901000000,sample,0.216533223,0.000002349,0.216034155,0.216033344,0.000000812,0.811690789,0.000005073,0,0,1.500000000,0.080000000,0.000000000,0.000000000,0.000478819,0.000000000,0.006051717,0.004036165,-0.004036165,0.003248621,0.001345064,0.355982645,2,57.077091068,0,0.000000000,0.386563981,0.191160153,0.386563981,0.192577657,0.690454873,0.088482894,0.803527753,0.160335381,0.557994880,0.000000000,0.557994202,2.000000000,0.000000000,0.000000000,0.000000000,1.000000000,0.790932194,0.645030893,0.709142768,0.000000000,0.839411895,0.673268308,0.728784615,1,0,0,0.000000000,0.051728395,-0.351495966,0.152336701,-0.120880332,-0.016174189,0.147202395,0.307887657,12.122159185,0.017800058,-130.918165118,-0.114797161,142.886181769,44.881482745,0.000650100,0.001016187,0.000111658,-0.000010271,0.000078266,0.000136496,-0.000562673,0.000000000,0.000000000,0.000000000,0.000000000,0.000000000,0.000000000,0.000000000,0.000325948,-0.000000031,-0.000322671,-0.000000042,0.000112343,0.000000129,-0.000079297,0.000000000,0.000000000,0.000000000,0.000000000,0.000000000,0.000000000,0.000000000,-0.406082568,-0.013296644,0.247064345,0.003829104,0.378944309,0.360564145,0.056061280
15.951000000,0,15.951000000,sample,0.216532983,-0.000004810,0.216033918,0.216033102,0.000000816,0.816289336,0.000005102,0,0,1.500000000,0.080000000,0.000000000,0.000000000,0.005170470,0.000000000,0.006599509,0.003964982,-0.001491710,0.003964982,0.006043001,0.855612929,3,79.852451590,0,0.000000000,0.380514186,0.191904579,0.384782239,0.192598548,2.064383356,0.216124443,0.705940923,0.182710183,0.501232466,0.000000000,0.501235325,2.000000000,0.000000000,0.000000000,0.000000000,1.000000000,0.695874923,0.678933905,0.742755673,0.000000000,0.795944112,0.696730582,0.749561687,1,0,0,0.000000000,0.050096884,-0.346029547,0.150149593,-0.120922292,-0.015951069,0.148157789,0.307309060,12.122047530,0.017781062,-130.917975274,-0.114721935,142.886102335,44.881781006,0.002347252,0.000656333,-0.005400038,-0.001150950,-0.000174923,-0.000195743,0.000153271,0.000000000,0.000000000,0.000000000,0.000000000,0.000000000,0.000000000,0.000000000,0.003519712,-0.000000329,-0.003484330,-0.000000455,0.001213108,0.000001390,-0.000856270,0.000000000,0.000000000,0.000000000,0.000000000,0.000000000,0.000000000,0.000000000,-0.482577050,-0.058108858,0.171668012,0.044414175,0.383126921,0.365916382,0.057490687
16.001000000,0,16.001000000,sample,0.216533239,0.000005120,0.216034156,0.216033368,0.000000788,0.787743816,0.000004923,0,0,1.500000000,0.080000000,0.000000000,0.000000000,0.000256797,0.000000000,0.004095101,0.003043591,-0.002202314,0.003043591,0.001736515,0.147880827,1,32.328239294,0,0.000000000,0.383062419,0.191832471,0.383062419,0.192485066,1.155317337,0.154634935,0.823663779,0.154996980,0.577996308,0.000000000,0.577996010,2.000000000,0.000000000,0.000000000,0.000000000,1.000000000,0.799658440,0.647040152,0.710011150,0.000000000,0.824231649,0.672939805,0.736673844,1,0,0,0.000000000,0.051559567,-0.348061107,0.151432803,-0.121026461,-0.016097852,0.147963347,0.307497264,12.122048030,0.017794037,-130.918179284,-0.114552208,142.886161151,44.881651772,0.000987346,0.000772388,0.000864667,-0.000227615,0.000157850,0.000007227,-0.000787160,0.000000000,0.000000000,0.000000000,0.000000000,0.000000000,0.000000000,0.000000000,0.000174811,-0.000000016,-0.000173053,-0.000000023,0.000060250,0.000000069,-0.000042528,0.000000000,0.000000000,0.000000000,0.000000000,0.000000000,0.000000000,0.000000000,-0.414565286,-0.006816407,0.238624003,0.001526664,0.378429579,0.358886616,0.057032437
16.051000000,0,16.051000000,sample,0.216533215,-0.000000461,0.216034202,0.216033269,0.000000933,0.932877908,0.000005830,0,0,1.500000000,0.080000000,0.000000000,0.000000000,0.000197831,0.000000000,0.006259589,0.003967815,-0.003967815,0.000501849,0.001424431,0.138884529,7,53.523210991,0,0.000000000,0.378984882,0.192063239,0.383025437,0.192324404,0.679309460,0.107084540,0.775242050,0.178320461,0.536518695,0.000000000,0.536519036,2.000000000,0.000000000,0.000000000,0.000000000,1.000000000,0.790323839,0.648794024,0.712458995,0.000000000,0.824948998,0.712699458,0.757585058,1,0,0,0.000000000,0.051226999,-0.344173928,0.150165386,-0.120886605,-0.016006659,0.148386331,0.307285837,12.121911553,0.017612799,-130.918165118,-0.114721671,142.886100087,44.881821553,-0.000045200,0.000389732,0.000148634,-0.000725964,0.000450484,-0.000192434,0.001042108,0.000000000,0.000000000,0.000000000,0.000000000,0.000000000,0.000000000,0.000000000,-0.000134671,0.000000013,0.000133317,0.000000017,-0.000046415,-0.000000053,0.000032762,0.000000000,0.000000000,0.000000000,0.000000000,0.000000000,0.000000000,0.000000000,-0.412483949,-0.011920389,0.248524215,-0.001584678,0.378869505,0.358941906,0.056254117
16.101000000,0,16.101000000,sample,0.216533102,-0.000002276,0.216034100,0.216033134,0.000000966,0.965923170,0.000006037,0,0,1.500000000,0.080000000,0.000000000,0.000000000,0.000994150,0.000000000,0.005858810,0.003929220,-0.003929220,0.001442199,0.001763396,0.563769916,3,49.729270235,0,0.000000000,0.379462201,0.191676387,0.381970946,0.192609525,0.497437275,0.053792076,0.735815250,0.163418461,0.490298096,0.000000000,0.490298416,2.000000000,0.000000000,0.000000000,0.000000000,1.000000000,0.826213803,0.622407903,0.703397384,0.000000000,0.834779344,0.719899231,0.767488399,1,0,0,0.000000000,0.049771621,-0.345909585,0.147854343,-0.120781885,-0.015696572,0.148004025,0.307510547,12.121738266,0.017593579,-130.918069409,-0.114892827,142.886140886,44.881782276,0.000601280,0.000156432,-0.001243529,0.000503055,-0.000933854,0.000098955,0.000205555,0.000000000,0.000000000,0.000000000,0.000000000,0.000000000,0.000000000,0.000000000,0.000676752,-0.000000063,-0.000669950,-0.000000088,0.000233244,0.000000268,-0.000164635,0.000000000,0.000000000,0.000000000,0.000000000,0.000000000,0.000000000,0.000000000,-0.353301609,-0.005825783,0.310862700,0.001778218,0.375186555,0.359176111,0.059166742
16.151000000,0,16.151000000,sample,0.216533036,-0.000001303,0.216033843,0.216033282,0.000000561,0.560848500,0.000003505,0,0,1.500000000,0.080000000,0.000000000,0.000000000,0.003892862,0.000000000,0.006875851,0.002398377,-0.002398377,0.000084508,0.005834332,0.667233547,5,51.608968512,0,0.000000000,0.376253821,0.192025453,0.382720718,0.192524615,1.126901302,0.221261199,0.716017432,0.137507996,0.495663317,0.000000000,0.495666202,2.000000000,0.000000000,0.000000000,0.000000000,1.000000000,0.809853184,0.627682129,0.703473345,0.000000000,0.821066622,0.716292569,0.763626010,1,0,0,0.000000000,0.050229740,-0.341268528,0.150265441,-0.120918002,-0.015942691,0.148318718,0.306400439,12.122036811,0.018173236,-130.918016199,-0.114867376,142.886140969,44.881533015,-0.003079936,0.001454117,0.001542829,0.000733607,-0.004191348,0.000274853,-0.001370227,0.000000000,0.000000000,0.000000000,0.000000000,0.000000000,0.000000000,0.000000000,-0.002650002,0.000000252,0.002623363,0.000000343,-0.000913352,-0.000001048,0.000644688,0.000000000,0.000000000,0.000000000,0.000000000,0.000000000,0.000000000,0.000000000,-0.368727273,-0.009301285,0.292715980,-0.000841840,0.375781145,0.358596942,0.057808662
16.201000000,0,16.201000000,sample,0.216533228,0.000003830,0.216034263,0.216033228,0.000001035,1.034880404,0.000006468,1,1,1.500000000,0.080000000,1.500000000,-0.003875989,0.002583993,-0.002583993,0.003643057,0.003643057,-0.003643057,0.001031530,0.002861199,0.903115435,3,51.459711913,1,46.339873859,0.379255089,0.191759216,0.383290250,0.192411572,0.765893400,0.079445710,0.757487645,0.174737631,0.522457450,1.500000000,1.588383335,2.000000000,0.000000000,0.000000000,0.000000000,1.000000000,0.787059873,0.647328677,0.711511458,0.367272512,0.813359756,0.652665399,0.719935817,1,0,0,0.000000000,0.050738602,-0.344616660,0.149997916,-0.120857673,-0.015874411,0.148030480,0.307486954,12.121916085,0.017465972,-130.918165118,-0.114721661,142.886237390,44.881523544,0.001392812,0.000945336,-0.002052493,-0.000399601,0.000860165,0.000382677,-0.000306819,-0.680733970,0.000062932,0.673890783,0.000088054,-0.234620660,-0.000268780,0.165606570,0.001759012,-0.000000163,-0.001741329,-0.000000228,0.000606258,0.000000695,-0.000427926,-1.021100956,0.000094398,1.010836174,0.000132082,-0.351930990,-0.000403170,0.248409855,-0.414111662,-0.013842903,0.244432986,0.003700734,0.376976289,0.360018301,0.055524593
16.251000000,0,16.251000000,sample,0.216533104,-0.000002475,0.216034073,0.216033186,0.000000887,0.887158343,0.000005545,0,0,1.500000000,0.080000000,0.000000000,0.000000000,0.008286269,0.000000000,0.008286269,0.006760742,-0.000868832,0.006760742,0.009210016,0.899701885,1,70.542585655,0,0.000000000,0.378319681,0.192320003,0.385482413,0.192355772,1.408921213,0.283736117,0.690790577,0.205530273,0.467673879,0.000000000,0.467681541,2.000000000,0.000000000,0.000000000,0.000000000,1.000000000,0.775997856,0.654973919,0.713472950,0.000000000,0.811723283,0.667777513,0.723076049,1,0,0,0.000000000,0.050689434,-0.343319538,0.150625553,-0.120891787,-0.015995694,0.148715490,0.307123188,12.122035606,0.017681249,-130.918071508,-0.114736235,142.886140898,44.882066680,-0.007735459,0.000254263,0.004762860,0.000621280,0.001218218,-0.000166437,0.000582961,0.000000000,0.000000000,0.000000000,0.000000000,0.000000000,0.000000000,0.000000000,-0.005640741,0.000000526,0.005584037,0.000000730,-0.001944144,-0.000002227,0.001372270,0.000000000,0.000000000,0.000000000,0.000000000,0.000000000,0.000000000,0.000000000,-0.429927039,-0.017245324,0.213702305,0.006461972,0.381296167,0.360105245,0.056000030
16.301000000,0,16.301000000,sample,0.216533221,0.000002337,0.216034146,0.216033334,0.000000811,0.811251591,0.000005070,0,0,1.500000000,0.080000000,0.000000000,0.000000000,0.001535417,0.000000000,0.007811980,0.002494253,-0.002494253,0.000000000,0.002107649,0.728497230,1,43.860697380,0,0.000000000,0.381552497,0.191745843,0.381552497,0.192429711,1.011298848,0.120445043,0.796652694,0.165243205,0.562119225,0.000000000,0.562119030,2.000000000,0.000000000,0.000000000,0.000000000,1.000000000,0.786268982,0.675843537,0.730316537,0.000000000,0.796372367,0.675843537,0.730316537,1,0,0,0.000000000,0.051019726,-0.347069824,0.150072759,-0.120955738,-0.015947143,0.147925206,0.307417969,12.121911553,0.017779030,-130.918165118,-0.114666439,142.886160803,44.881611086,0.001395841,0.001215671,-0.000827850,-0.000411451,0.000078773,-0.000390088,-0.000054367,0.000000000,0.000000000,0.000000000,0.000000000,0.000000000,0.000000000,0.000000000,0.001045210,-0.000000098,-0.001034703,-0.000000135,0.000360240,0.000000412,-0.000254275,0.000000000,0.000000000,0.000000000,0.000000000,0.000000000,0.000000000,0.000000000,-0.463714154,-0.011494167,0.203266891,0.002271641,0.380093618,0.359662745,0.055211173
16.351000000,0,16.351000000,sample,0.216533275,0.000001082,0.216034199,0.216033389,0.000000810,0.810167939,0.000005064,0,0,1.500000000,0.080000000,0.000000000,0.000000000,0.003800999,0.000000000,0.003928730,0.003928730,-0.001842225,0.003928730,0.005102530,0.744924287,5,62.712868449,0,0.000000000,0.379890157,0.191788653,0.384215445,0.192319811,0.439012237,0.240320460,0.777908936,0.134794704,0.534749154,0.000000000,0.534749805,2.000000000,0.000000000,0.000000000,0.000000000,1.000000000,0.775361165,0.658373007,0.714127021,0.000000000,0.821019931,0.680196997,0.734051869,1,0,0,0.000000000,0.051374394,-0.344952561,0.150615183,-0.120970742,-0.016000264,0.147962693,0.307189881,12.121942750,0.017776375,-130.918207615,-0.114640976,142.886181688,44.881397515,-0.001480281,-0.000349297,0.002599293,-0.000364246,-0.004040768,0.000430043,0.000566421,0.000000000,0.000000000,0.000000000,0.000000000,0.000000000,0.000000000,0.000000000,-0.002587469,0.000000242,0.002561458,0.000000334,-0.000891794,-0.000001021,0.000629471,0.000000000,0.000000000,0.000000000,0.000000000,0.000000000,0.000000000,0.000000000,-0.433304871,-0.016858693,0.206215571,0.005899951,0.383243944,0.359681409,0.055980065
16.401000000,0,16.401000000,sample,0.216533360,0.000001698,0.216034346,0.216033408,0.000000938,0.938073038,0.000005863,0,0,1.500000000,0.080000000,0.000000000,0.000000000,0.002961103,0.000000000,0.003968316,0.002098068,-0.000596994,0.002098068,0.004265530,0.694193479,3,87.712724785,0,0.000000000,0.378679430,0.192213344,0.383187910,0.192367604,2.328782655,0.206412353,0.872826483,0.156542403,0.624114486,0.000000000,0.624119473,2.000000000,0.000000000,0.000000000,0.000000000,1.000000000,0.774427854,0.698089083,0.744117657,0.000000000,0.815931268,0.703397198,0.748323148,1,0,0,0.000000000,0.051835730,-0.343472156,0.150791400,-0.120951513,-0.016037253,0.148524434,0.307226055,12.121911723,0.017585936,-130.918276778,-0.114604416,142.886181685,44.881779994,-0.000259333,0.000818528,0.003994885,-0.001061158,0.000026889,0.000124285,0.000596800,0.000000000,0.000000000,0.000000000,0.000000000,0.000000000,0.000000000,0.000000000,-0.002015724,0.000000187,0.001995460,0.000000260,-0.000694735,-0.000000795,0.000490378,0.000000000,0.000000000,0.000000000,0.000000000,0.000000000,0.000000000,0.000000000,-0.498654653,-0.018026517,0.143441068,0.004628272,0.389858396,0.359018610,0.056999796
16.451000000,0,16.451000000,sample,0.216533227,-0.000002658,0.216034252,0.216033231,0.000001021,1.021025642,0.000006381,1,1,1.500000000,0.080000000,1.500000000,-0.000562229,0.000374819,-0.000374819,0.005686919,0.002290094,-0.000760721,0.002290094,0.000967499,0.387410507,6,34.935405277,1,46.339922635,0.378098099,0.191759374,0.382100610,0.192726643,0.364134526,0.070144081,0.746183178,0.161780091,0.497556318,1.500000000,1.580367790,2.000000000,0.000000000,0.000000000,0.000000000,1.000000000,0.778942853,0.647724735,0.709693282,0.360280604,0.824221347,0.702621850,0.748582320,1,0,0,0.000000000,0.050477395,-0.343755643,0.149138401,-0.120808215,-0.015788857,0.148080196,0.307366744,12.121821906,0.017501694,-130.918165118,-0.114817141,142.886228312,44.881564343,0.000199791,-0.000290220,-0.000302610,0.000149555,-0.000245430,0.000571852,-0.000557424,-0.680734329,0.000063037,0.673891315,0.000088127,-0.234618946,-0.000269002,0.165605362,0.000255152,-0.000000024,-0.000252588,-0.000000033,0.000087940,0.000000101,-0.000062072,-1.021101493,0.000094555,1.010836972,0.000132191,-0.351928419,-0.000403503,0.248408043,-0.405094627,-0.016894347,0.244963161,0.005585985,0.383751423,0.358654254,0.057803946
16.501000000,0,16.501000000,sample,0.216533275,0.000000961,0.216034190,0.216033384,0.000000806,0.805874473,0.000005037,0,0,1.500000000,0.080000000,0.000000000,0.000000000,0.000224130,0.000000000,0.005539868,0.004944493,-0.000580099,0.004944493,0.005157367,0.043458230,4,99.021072356,0,0.000000000,0.383421996,0.191280451,0.388677025,0.192444120,3.026245369,0.279553715,0.828426348,0.174610272,0.630313043,0.000000000,0.630320837,2.000000000,0.000000000,0.000000000,0.000000000,1.000000000,0.764830714,0.684731597,0.733737914,0.000000000,0.804452159,0.687480346,0.733983215,1,0,0,0.000000000,0.050716119,-0.349818406,0.148550951,-0.120913273,-0.015777830,0.147374528,0.307700802,12.121720136,0.017800056,-130.918207617,-0.114747022,142.886181685,44.881428383,-0.000294332,-0.000101295,0.000159916,-0.005132061,0.000138118,0.000153781,-0.000308528,0.000000000,0.000000000,0.000000000,0.000000000,0.000000000,0.000000000,0.000000000,-0.000152573,0.000000014,0.000151039,0.000000020,-0.000052585,-0.000000060,0.000037117,0.000000000,0.000000000,0.000000000,0.000000000,0.000000000,0.000000000,0.000000000,-0.477655845,-0.021718469,0.158914963,0.011874105,0.389176704,0.360005444,0.057333593
16.551000000,0,16.551000000,sample,0.216533360,0.000001698,0.216034382,0.216033365,0.000001017,1.017050335,0.000006357,1,1,1.500000000,0.080000000,1.500000000,-0.000517491,0.000344994,-0.000344994,0.004100237,0.004100237,-0.004100237,0.000300946,0.001343974,0.256697080,3,53.154932528,1,46.339944243,0.376498482,0.192020586,0.384742703,0.192319009,0.864377198,0.066040002,0.724944968,0.172375314,0.496299038,1.500000000,1.579972066,2.000000000,0.000000000,0.000000000,0.000000000,1.000000000,0.813100006,0.640044991,0.704135343,0.358649708,0.841486105,0.683000879,0.737885674,1,0,0,0.000000000,0.051526336,-0.341505273,0.149900940,-0.120923707,-0.015940870,0.148307960,0.307132313,12.121815850,0.017473749,-130.918276785,-0.114614342,142.886182712,44.881368119,-0.000415468,-0.000028708,-0.000979857,-0.000721140,-0.000259364,0.000237383,-0.000170426,-0.680734487,0.000062933,0.673891284,0.000087971,-0.234618669,-0.000268527,0.165605229,0.000234849,-0.000000022,-0.000232489,-0.000000030,0.000080942,0.000000093,-0.000057133,-1.021101731,0.000094399,1.010836925,0.000131957,-0.351928004,-0.000402790,0.248407843,-0.379445984,-0.005814859,0.268528815,-0.002947149,0.383567930,0.359551483,0.057231797
16.601000000,0,16.601000000,sample,0.216533354,-0.000000119,0.216034307,0.216033440,0.000000867,0.866778228,0.000005417,0,0,1.500000000,0.080000000,0.000000000,0.000000000,0.000336466,0.000000000,0.006441401,0.003534042,-0.003534042,0.000000000,0.002064138,0.163005824,1,44.951891151,0,0.000000000,0.383971851,0.191522796,0.387197126,0.192353109,1.376408219,0.153128493,0.832231264,0.156193470,0.589791397,0.000000000,0.589793191,2.000000000,0.000000000,0.000000000,0.000000000,1.000000000,0.804709240,0.741480174,0.784722881,0.000000000,0.812460524,0.741480174,0.784722881,1,0,0,0.000000000,0.052235211,-0.349026946,0.151281381,-0.120816934,-0.016144492,0.147728147,0.307699770,12.121953861,0.017733838,-130.918276780,-0.114878148,142.886116422,44.881820541,0.001383925,0.000716667,0.000541512,-0.000872468,-0.000650990,-0.000267794,0.000530910,0.000000000,0.000000000,0.000000000,0.000000000,0.000000000,0.000000000,0.000000000,0.000229044,-0.000000021,-0.000226742,-0.000000030,0.000078942,0.000000091,-0.000055721,0.000000000,0.000000000,0.000000000,0.000000000,0.000000000,0.000000000,0.000000000,-0.566177606,-0.013274309,0.098770277,0.003700864,0.390707948,0.359621022,0.057510581
16.651000000,0,16.651000000,sample,0.216533098,-0.000005122,0.216033931,0.216033311,0.000000620,0.619946314,0.000003875,0,0,1.500000000,0.080000000,0.000000000,0.000000000,0.003097642,0.000000000,0.006126730,0.002471290,-0.001955013,0.002471290,0.003455302,0.896489430,1,70.364919337,0,0.000000000,0.376142238,0.192397445,0.384001621,0.192618060,0.672654095,0.132225571,0.731148565,0.184543382,0.499187973,0.000000000,0.499189177,2.000000000,0.000000000,0.000000000,0.000000000,1.000000000,0.854326503,0.633298327,0.699926551,0.000000000,0.854326503,0.745324589,0.788688688,1,0,0,0.000000000,0.050526329,-0.341300557,0.149813228,-0.121044318,-0.015943098,0.148697234,0.306510345,12.121942750,0.018045748,-130.918069467,-0.114611976,142.886100088,44.881692691,-0.002898439,0.000584186,0.001640394,0.000126746,0.000335646,-0.000169196,0.000590466,0.000000000,0.000000000,0.000000000,0.000000000,0.000000000,0.000000000,0.000000000,-0.002108670,0.000000199,0.002087473,0.000000273,-0.000726770,-0.000000832,0.000512989,0.000000000,0.000000000,0.000000000,0.000000000,0.000000000,0.000000000,0.000000000,-0.368969170,0.011352800,0.275177571,-0.005824687,0.380854381,0.359689774,0.058707980
16.701000000,0,16.701000000,sample,0.216532988,-0.000002206,0.216033992,0.216033029,0.000000963,0.963232841,0.000006020,0,0,1.500000000,0.080000000,0.000000000,0.000000000,0.001999024,0.000000000,0.003000192,0.002476081,-0.002476081,0.000496755,0.002367428,0.844386638,3,48.198442736,0,0.000000000,0.379155315,0.191843528,0.383236998,0.192430186,0.583520437,0.056420358,0.736381265,0.163467323,0.488885868,0.000000000,0.488886290,2.000000000,0.000000000,0.000000000,0.000000000,1.000000000,0.779695693,0.654878954,0.705103599,0.000000000,0.855052276,0.654878954,0.716892171,1,0,0,0.000000000,0.049494428,-0.345061628,0.149135935,-0.120885413,-0.015774949,0.148127671,0.307426644,12.121952400,0.017567660,-130.917973700,-0.114711509,142.886181685,44.881651768,0.001084030,0.000295084,-0.001643589,0.000899943,0.000041277,0.000274314,-0.000868495,0.000000000,0.000000000,0.000000000,0.000000000,0.000000000,0.000000000,0.000000000,0.001360803,-0.000000126,-0.001347124,-0.000000176,0.000469013,0.000000537,-0.000331052,0.000000000,0.000000000,0.000000000,0.000000000,0.000000000,0.000000000,0.000000000,-0.414783757,-0.016206768,0.207818404,-0.003302767,0.386693939,0.359559767,0.053366985
16.751000000,0,16.751000000,sample,0.216533219,0.000004629,0.216034121,0.216033357,0.000000764,0.764028733,0.000004775,0,0,1.500000000,0.080000000,0.000000000,0.000000000,0.005151797,0.000000000,0.007705510,0.002878019,-0.002878019,0.002816717,0.006645106,0.775276959,1,53.086308492,0,0.000000000,0.375255245,0.192508255,0.383312363,0.192508255,1.635414062,0.423136862,0.708702340,0.219870371,0.502165126,0.000000000,0.502165885,2.000000000,0.000000000,0.000000000,0.000000000,1.000000000,0.801693735,0.652452188,0.705802524,0.000000000,0.804830577,0.668837652,0.718419068,1,0,0,0.000000000,0.051055132,-0.340115914,0.150103422,-0.121024308,-0.015966475,0.148854347,0.306603166,12.121911571,0.017831145,-130.918165118,-0.114570131,142.886140886,44.881699398,-0.004841647,0.001234914,0.002054941,-0.000306684,0.000672634,-0.000039694,0.003797370,0.000000000,0.000000000,0.000000000,0.000000000,0.000000000,0.000000000,0.000000000,-0.003507004,0.000000329,0.003471750,0.000000453,-0.001208716,-0.000001383,0.000853170,0.000000000,0.000000000,0.000000000,0.000000000,0.000000000,0.000000000,0.000000000,-0.404387337,-0.004905627,0.239683896,-0.000028134,0.382575117,0.357601186,0.053975185
16.801000000,0,16.801000000,sample,0.216533215,-0.000000076,0.216034241,0.216033239,0.000001002,1.001787970,0.000006261,1,1,1.500000000,0.080000000,1.500000000,0.004661755,0.003107837,0.003107837,0.003965352,0.003107837,-0.001244673,0.003107837,0.004666566,0.665979360,3,88.338270439,1,46.339827183,0.378493915,0.191912235,0.386465478,0.192542198,2.079147451,0.236293654,0.854627093,0.153935512,0.602307169,1.500000000,1.616408394,2.000000000,0.000000000,0.000000000,0.000000000,1.000000000,0.762964696,0.664383821,0.717799701,0.351047624,0.812650504,0.688111754,0.736143163,1,0,0,0.000000000,0.051603630,-0.343067374,0.151325762,-0.120909553,-0.016132048,0.148158506,0.307275801,12.122036810,0.017500800,-130.918165118,-0.114644781,142.886100836,44.881412618,-0.000784193,0.000058145,0.004386033,-0.000175669,0.000884821,-0.000047898,-0.001051264,-0.680733628,0.000063006,0.673890309,0.000087996,-0.234622220,-0.000268602,0.165607697,-0.002115609,0.000000196,0.002094341,0.000000273,-0.000729168,-0.000000835,0.000514682,-1.021100441,0.000094509,1.010835464,0.000131994,-0.351933329,-0.000402904,0.248411546,-0.439063439,-0.023367812,0.198359430,0.007640441,0.386371155,0.360713056,0.055787413
16.851000000,0,16.851000000,sample,0.216533105,-0.000002203,0.216034164,0.216033061,0.000001104,1.103642524,0.000006898,1,1,1.500000000,0.080000000,1.500000000,0.000198756,0.000132504,0.000132504,0.007726008,0.002503309,-0.002503309,0.002403630,0.001672941,0.079204283,7,45.911783842,1,46.340072832,0.373677342,0.192147907,0.383431709,0.192544874,0.883027669,0.162313914,0.705917145,0.183549864,0.460292142,1.500000000,1.569034360,2.000000000,0.000000000,0.000000000,0.000000000,1.000000000,0.793737207,0.666171276,0.726054429,0.371571846,0.803023009,0.698923459,0.751423828,1,0,0,0.000000000,0.048899180,-0.340609320,0.145701466,-0.120772977,-0.015429516,0.148649374,0.307149841,12.121512784,0.017386113,-130.918069409,-0.114838240,142.886181685,44.881820794,-0.000610082,-0.000768813,-0.000609076,0.000237245,0.000255632,0.000240629,0.001133555,-0.680735432,0.000062750,0.673893192,0.000088141,-0.234613226,-0.000269045,0.165601288,-0.000090200,0.000000008,0.000089294,0.000000012,-0.000031087,-0.000000036,0.000021943,-1.021103148,0.000094125,1.010839789,0.000132212,-0.351919840,-0.000403567,0.248401932,-0.455064461,-0.007491609,0.209736035,-0.002430419,0.379485653,0.358694772,0.057869116
16.901000000,0,16.901000000,sample,0.216533098,-0.000000149,0.216034074,0.216033174,0.000000900,0.900013441,0.000005625,0,0,1.500000000,0.080000000,0.000000000,0.000000000,0.000338192,0.000000000,0.002842318,0.001716181,-0.000844192,0.001716181,0.001893169,0.178638029,2,33.828028880,0,0.000000000,0.379729449,0.191748820,0.383924137,0.192732505,0.726792763,0.049875980,0.736123589,0.169988720,0.504407192,0.000000000,0.504407791,2.000000000,0.000000000,0.000000000,0.000000000,1.000000000,0.812082701,0.648936834,0.707788149,0.000000000,0.831693631,0.666787360,0.728495485,1,0,0,0.000000000,0.050811780,-0.344858641,0.150615852,-0.120987458,-0.016030609,0.147894099,0.307320171,12.122029339,0.017634142,-130.918069409,-0.114563582,142.886100087,44.881258175,-0.000927541,0.001101102,-0.000275335,0.000812363,-0.000062138,-0.000473716,-0.000739808,0.000000000,0.000000000,0.000000000,0.000000000,0.000000000,0.000000000,0.000000000,-0.000230219,0.000000021,0.000227904,0.000000030,-0.000079347,-0.000000091,0.000056007,0.000000000,0.000000000,0.000000000,0.000000000,0.000000000,0.000000000,0.000000000,-0.415836905,-0.001780615,0.220418308,0.005745040,0.382512810,0.360147583,0.058318036
16.951000000,0,16.951000000,sample,0.216533094,-0.000000083,0.216033987,0.216033226,0.000000762,0.761511746,0.000004759,0,0,1.500000000,0.080000000,0.000000000,0.000000000,0.004147194,0.000000000,0.012920669,0.008643999,-0.004042294,0.008643999,0.004509040,0.919751045,1,41.573014637,0,0.000000000,0.372728913,0.192595425,0.383314291,0.192595425,0.384311624,0.104826934,0.729123782,0.154056245,0.494360844,0.000000000,0.494360857,2.000000000,0.000000000,0.000000000,0.000000000,1.000000000,0.777692238,0.639214069,0.700388260,0.000000000,0.818724492,0.729168656,0.775548107,1,0,0,0.000000000,0.049656143,-0.338991812,0.146784404,-0.120935664,-0.015653935,0.149072187,0.306466854,12.121608476,0.017861172,-130.918069409,-0.114730255,142.886053487,44.881938446,-0.002907300,-0.000739224,0.002580699,-0.000135727,-0.002094012,-0.000357134,-0.000376471,0.000000000,0.000000000,0.000000000,0.000000000,0.000000000,0.000000000,0.000000000,-0.002823141,0.000000265,0.002794764,0.000000365,-0.000972991,-0.000001115,0.000686784,0.000000000,0.000000000,0.000000000,0.000000000,0.000000000,0.000000000,0.000000000,-0.393740410,-0.018472857,0.234761105,0.005356613,0.384378125,0.359208701,0.057026791
17.001000000,0,17.001000000,sample,0.216533280,0.000003716,0.216034243,0.216033348,0.000000896,0.895758763,0.000005598,0,0,1.500000000,0.080000000,0.000000000,0.000000000,0.001377935,0.000000000,0.007327178,0.007327178,-0.001762366,0.007327178,0.004399234,0.313221578,5,94.378833175,0,0.000000000,0.378728187,0.191991901,0.380859062,0.192406526,0.184419528,0.230507905,0.762082808,0.135520663,0.523632510,0.000000000,0.523632515,2.000000000,0.000000000,0.000000000,0.000000000,1.000000000,0.822460990,0.654906633,0.711897281,0.000000000,0.833286094,0.668659928,0.721177174,1,0,0,0.000000000,0.051014686,-0.343998137,0.149992742,-0.120852080,-0.015892477,0.148334400,0.307205028,12.121883301,0.017680053,-130.918207636,-0.114804222,142.886228340,44.881820793,0.000051511,-0.000013394,0.000431699,-0.000458352,-0.004273802,0.000409610,0.000721675,0.000000000,0.000000000,0.000000000,0.000000000,0.000000000,0.000000000,0.000000000,-0.000938007,0.000000087,0.000928578,0.000000121,-0.000323291,-0.000000371,0.000228195,0.000000000,0.000000000,0.000000000,0.000000000,0.000000000,0.000000000,0.000000000,-0.412552707,0.002120964,0.238712968,0.003338487,0.382788388,0.360285195,0.057149852
17.051000000,0,17.051000000,sample,0.216533227,-0.000001055,0.216034187,0.216033290,0.000000897,0.896816428,0.000005605,0,0,1.500000000,0.080000000,0.000000000,0.000000000,0.001112308,0.000000000,0.004594252,0.003866433,-0.003866433,0.002227043,0.003901177,0.285121069,5,80.003620201,0,0.000000000,0.376614501,0.191941713,0.382687066,0.192541349,0.538773490,0.312717448,0.767982945,0.126931595,0.533491808,0.000000000,0.533492410,2.000000000,0.000000000,0.000000000,0.000000000,1.000000000,0.774708263,0.691474802,0.743406318,0.000000000,0.822601272,0.694383258,0.743406318,1,0,0,0.000000000,0.050269494,-0.342540577,0.148247810,-0.120909397,-0.015716172,0.148241496,0.307055529,12.121720311,0.017662293,-130.918166692,-0.114706067,142.886201599,44.881482754,0.000222350,-0.000804113,0.000945475,-0.000328740,-0.003489398,0.000010646,-0.001159803,0.000000000,0.000000000,0.000000000,0.000000000,0.000000000,0.000000000,0.000000000,-0.000757187,0.000000071,0.000749575,0.000000098,-0.000260966,-0.000000299,0.000184203,0.000000000,0.000000000,0.000000000,0.000000000,0.000000000,0.000000000,0.000000000,-0.493850753,-0.018998784,0.158488305,0.001184561,0.387338645,0.360388657,0.058071304
17.101000000,0,17.101000000,sample,0.216533219,-0.000000148,0.216034100,0.216033365,0.000000735,0.734523900,0.000004591,0,0,1.500000000,0.080000000,0.000000000,0.000000000,0.001399781,0.000000000,0.005856130,0.004984479,-0.004984479,0.000457767,0.003390869,0.412808973,7,56.940055232,0,0.000000000,0.377098905,0.191998762,0.378755677,0.192910922,0.899592086,0.273305162,0.795327089,0.140175303,0.559105281,0.000000000,0.559105764,2.000000000,0.000000000,0.000000000,0.000000000,1.000000000,0.786659303,0.644846285,0.714660410,0.000000000,0.822602419,0.690511762,0.742026825,1,0,0,0.000000000,0.050481826,-0.343007157,0.148328215,-0.120955333,-0.015775330,0.148271613,0.306860855,12.121720135,0.017896824,-130.918165118,-0.114710435,142.886140886,44.881550864,-0.000387231,-0.000087603,0.002060325,-0.000108551,-0.000730989,0.000048377,-0.002558704,0.000000000,0.000000000,0.000000000,0.000000000,0.000000000,0.000000000,0.000000000,-0.000952880,0.000000090,0.000943301,0.000000123,-0.000328412,-0.000000376,0.000231809,0.000000000,0.000000000,0.000000000,0.000000000,0.000000000,0.000000000,0.000000000,-0.413390093,-0.015919894,0.251818352,0.007851505,0.376952517,0.361479249,0.057966489
17.151000000,0,17.151000000,sample,0.216533098,-0.000002424,0.216034123,0.216033132,0.000000990,0.990187294,0.000006189,0,0,1.500000000,0.080000000,0.000000000,0.000000000,0.000792317,0.000000000,0.003200955,0.003200955,-0.003200955,0.000000000,0.001350328,0.586759175,1,56.337578281,0,0.000000000,0.381741748,0.191364788,0.384482091,0.192605680,0.476895692,0.094939167,0.785686889,0.156981420,0.543544062,0.000000000,0.543543903,2.000000000,0.000000000,0.000000000,0.000000000,1.000000000,0.778644451,0.673162616,0.723974391,0.000000000,0.834100568,0.673162616,0.723974391,1,0,0,0.000000000,0.051171278,-0.346549936,0.151695104,-0.120792613,-0.016143980,0.147543210,0.307619421,12.122146153,0.017552762,-130.918069410,-0.114857430,142.886102419,44.881361624,0.001013534,0.000490864,-0.000307846,-0.000048491,-0.000595064,-0.000245456,-0.000209083,0.000000000,0.000000000,0.000000000,0.000000000,0.000000000,0.000000000,0.000000000,0.000539357,-0.000000050,-0.000533935,-0.000000070,0.000185897,0.000000213,-0.000131215,0.000000000,0.000000000,0.000000000,0.000000000,0.000000000,0.000000000,0.000000000,-0.457688510,-0.016268532,0.179674018,-0.001961221,0.386292351,0.360275284,0.055577163
17.201000000,0,17.201000000,sample,0.216533102,0.000000072,0.216034040,0.216033193,0.000000847,0.846988211,0.000005294,0,0,1.500000000,0.080000000,0.000000000,0.000000000,0.000185070,0.000000000,0.006855881,0.003282503,-0.003282503,0.001973470,0.001917962,0.096493121,7,81.798819861,0,0.000000000,0.377602296,0.191710798,0.384193254,0.192853647,0.181122714,0.086087603,0.761909476,0.160682361,0.523142613,0.000000000,0.523142497,2.000000000,0.000000000,0.000000000,0.000000000,1.000000000,0.800554792,0.663237385,0.718704111,0.000000000,0.819667792,0.751470662,0.794172123,1,0,0,0.000000000,0.049725162,-0.343921121,0.147746961,-0.120872900,-0.015686007,0.147975407,0.307122865,12.121726682,0.017749216,-130.918069409,-0.114797440,142.886140914,44.881441946,-0.000112283,0.000505718,0.000210210,0.000319275,0.000494363,-0.000103283,-0.001734656,0.000000000,0.000000000,0.000000000,0.000000000,0.000000000,0.000000000,0.000000000,0.000125984,-0.000000012,-0.000124717,-0.000000016,0.000043421,0.000000050,-0.000030648,0.000000000,0.000000000,0.000000000,0.000000000,0.000000000,0.000000000,0.000000000,-0.433688914,-0.005836464,0.222064037,0.002671210,0.382672553,0.359821623,0.056444719
17.251000000,0,17.251000000,sample,0.216533219,0.000002349,0.216034233,0.216033244,0.000000989,0.988731793,0.000006180,0,0,1.500000000,0.080000000,0.000000000,0.000000000,0.001105603,0.000000000,0.005392366,0.004996079,-0.004996079,0.000486190,0.002591871,0.426565585,1,89.626986122,0,0.000000000,0.378275884,0.192276216,0.381282332,0.192988491,1.666792967,0.160548545,0.832717946,0.151280482,0.573611766,0.000000000,0.573610748,2.000000000,0.000000000,0.000000000,0.000000000,1.000000000,0.796628998,0.682317472,0.738177060,0.000000000,0.835773241,0.701363840,0.755455866,1,0,0,0.000000000,0.051077552,-0.343436338,0.150117319,-0.120936285,-0.015967332,0.148625713,0.307298170,12.121913082,0.017513002,-130.918165118,-0.114604537,142.886140979,44.881882195,0.002453764,-0.000032602,0.000669787,-0.000046079,-0.000169407,0.000135411,0.000444974,0.000000000,0.000000000,0.000000000,0.000000000,0.000000000,0.000000000,0.000000000,0.000752622,-0.000000070,-0.000745056,-0.000000097,0.000259397,0.000000297,-0.000183095,0.000000000,0.000000000,0.000000000,0.000000000,0.000000000,0.000000000,0.000000000,-0.479332371,-0.007162083,0.194354249,0.005407438,0.379891219,0.360133405,0.057256729
17.301000000,0,17.301000000,sample,0.216533211,-0.000000159,0.216034170,0.216033277,0.000000893,0.892940555,0.000005581,0,0,1.500000000,0.080000000,0.000000000,0.000000000,0.002358616,0.000000000,0.008423573,0.003451177,-0.003451177,0.001814853,0.005522117,0.427121626,1,70.639171999,0,0.000000000,0.379757285,0.191799748,0.381394923,0.192715260,3.162912483,0.260229906,0.912736344,0.147968079,0.660362335,0.000000000,0.660378450,2.000000000,0.000000000,0.000000000,0.000000000,1.000000000,0.723868329,0.663330540,0.732035505,0.000000000,0.806747120,0.681044960,0.737013582,1,0,0,0.000000000,0.050534535,-0.346231707,0.147598990,-0.120837843,-0.015768735,0.148110452,0.307439960,12.121627110,0.017688396,-130.918165118,-0.114831421,142.886053459,44.881861592,0.004641180,-0.000389376,0.000742057,-0.002346550,-0.000151772,-0.000395119,0.001601722,0.000000000,0.000000000,0.000000000,0.000000000,0.000000000,0.000000000,0.000000000,0.001605593,-0.000000150,-0.001589454,-0.000000208,0.000553366,0.000000635,-0.000390592,0.000000000,0.000000000,0.000000000,0.000000000,0.000000000,0.000000000,0.000000000,-0.447471000,-0.045796969,0.221213356,0.039485452,0.381643268,0.365994270,0.058740814
17.351000000,0,17.351000000,sample,0.216533240,0.000000582,0.216034173,0.216033336,0.000000837,0.836974558,0.000005231,0,0,1.500000000,0.080000000,0.000000000,0.000000000,0.001231408,0.000000000,0.006122198,0.002630217,-0.002630217,0.002403468,0.002512389,0.490134235,1,56.077125924,0,0.000000000,0.378717788,0.192394662,0.381798312,0.192598302,1.022571650,0.221541173,0.716815918,0.194819829,0.482937175,0.000000000,0.482937655,2.000000000,0.000000000,0.000000000,0.000000000,1.000000000,0.839432321,0.642386904,0.709747053,0.000000000,0.842845247,0.685565501,0.738475986,1,0,0,0.000000000,0.050237476,-0.344199506,0.149766680,-0.120975605,-0.015737539,0.148771431,0.307149469,12.121913063,0.017734341,-130.918165118,-0.114618743,142.886370597,44.882107480,-0.001881394,0.000670768,-0.000077787,0.000278430,0.000838765,0.000280021,0.001207069,0.000000000,0.000000000,0.000000000,0.000000000,0.000000000,0.000000000,0.000000000,-0.000838261,0.000000078,0.000829834,0.000000108,-0.000288914,-0.000000331,0.000203930,0.000000000,0.000000000,0.000000000,0.000000000,0.000000000,0.000000000,0.000000000,-0.384456664,0.006218645,0.283077934,-0.001287794,0.378460488,0.359407844,0.057915168
17.401000000,0,17.401000000,sample,0.216533107,-0.000002661,0.216034035,0.216033218,0.000000817,0.816765256,0.000005105,0,0,1.500000000,0.080000000,0.000000000,0.000000000,0.000862220,0.000000000,0.011923926,0.002151745,-0.002151745,0.000667205,0.001282113,0.672499091,3,26.411517476,0,0.000000000,0.376878609,0.192331889,0.385291961,0.192954398,0.206967620,0.031449197,0.753355176,0.171122287,0.505919833,0.000000000,0.505919462,2.000000000,0.000000000,0.000000000,0.000000000,1.000000000,0.778332756,0.631863931,0.709422012,0.000000000,0.838724713,0.750445968,0.802483866,1,0,0,0.000000000,0.050061344,-0.342374783,0.149368188,-0.120966167,-0.015809304,0.148690308,0.306920534,12.121911553,0.017767845,-130.918069409,-0.114645985,142.886201922,44.881851669,0.000614801,0.000597123,-0.000658905,0.000537042,0.000228940,0.000167240,0.000326074,0.000000000,0.000000000,0.000000000,0.000000000,0.000000000,0.000000000,0.000000000,0.000586942,-0.000000055,-0.000581042,-0.000000076,0.000202294,0.000000232,-0.000142789,0.000000000,0.000000000,0.000000000,0.000000000,0.000000000,0.000000000,0.000000000,-0.386420084,-0.022936251,0.280183383,0.006543885,0.376232733,0.360392971,0.058764996
17.451000000,0,17.451000000,sample,0.216533211,0.000002081,0.216034161,0.216033305,0.000000857,0.856601483,0.000005354,0,0,1.500000000,0.080000000,0.000000000,0.000000000,0.000927464,0.000000000,0.003400600,0.003400600,-0.002474283,0.003400600,0.001691826,0.548202954,2,40.154215537,0,0.000000000,0.381111758,0.192083204,0.381942506,0.192641006,0.827111634,0.113806985,0.784411741,0.169962565,0.550739019,0.000000000,0.550738690,2.000000000,0.000000000,0.000000000,0.000000000,1.000000000,0.810687943,0.682894043,0.735614318,0.000000000,0.846836618,0.682894043,0.735614318,1,0,0,0.000000000,0.051422774,-0.346436708,0.150278002,-0.121009093,-0.016058070,0.148306760,0.307426623,12.121916086,0.017693544,-130.918165176,-0.114545427,142.886054209,44.881820793,0.000823955,0.001072065,-0.000602453,-0.000176446,0.000057764,-0.000731629,0.000318354,0.000000000,0.000000000,0.000000000,0.000000000,0.000000000,0.000000000,0.000000000,0.000631356,-0.000000059,-0.000625010,-0.000000082,0.000217601,0.000000249,-0.000153594,0.000000000,0.000000000,0.000000000,0.000000000,0.000000000,0.000000000,0.000000000,-0.475769896,0.000054592,0.195238469,0.002727871,0.379979098,0.359260571,0.056512420
17.501000000,0,17.501000000,sample,0.216533102,-0.000002194,0.216034136,0.216033094,0.000001041,1.041392674,0.000006509,1,1,1.500000000,0.080000000,1.500000000,-0.001403905,0.000935937,-0.000935937,0.005033899,0.002379781,-0.002379781,0.000578996,0.002060656,0.454193511,2,46.602735708,1,46.339993513,0.373772887,0.192585486,0.381595198,0.192594237,1.033647492,0.150025040,0.714676275,0.181565980,0.463425767,1.500000000,1.569956700,2.000000000,0.000000000,0.000000000,0.000000000,1.000000000,0.796266041,0.705977156,0.756762319,0.376374744,0.813772885,0.725972872,0.771589717,1,0,0,0.000000000,0.049549230,-0.339936549,0.147289467,-0.120918873,-0.015634531,0.149075005,0.306998825,12.121677449,0.017438214,-130.918069409,-0.114610844,142.886141747,44.881964410,0.000230550,-0.001406732,-0.000868767,0.000379950,0.001085590,-0.000000442,0.000369639,-0.680734849,0.000062843,0.673892341,0.000087968,-0.234615984,-0.000268516,0.165603243,0.000637125,-0.000000059,-0.000630721,-0.000000082,0.000219586,0.000000251,-0.000154994,-1.021102274,0.000094264,1.010838511,0.000131951,-0.351923976,-0.000402773,0.248404864,-0.521832718,-0.008606164,0.150577084,-0.001775621,0.382160364,0.358245704,0.056943966
17.551000000,0,17.551000000,sample,0.216533478,0.000007522,0.216034433,0.216033553,0.000000880,0.879710556,0.000005498,0,0,1.500000000,0.080000000,0.000000000,0.000000000,0.001020629,0.000000000,0.005307536,0.003995632,-0.003995632,0.001689841,0.002197368,0.464477779,2,32.067944414,0,0.000000000,0.379583518,0.192095659,0.380020469,0.192733592,1.324967407,0.135462936,0.788100390,0.171715489,0.560567321,0.000000000,0.560568282,2.000000000,0.000000000,0.000000000,0.000000000,1.000000000,0.830791212,0.615946557,0.703994285,0.000000000,0.847266613,0.696895200,0.749008593,1,0,0,0.000000000,0.052619814,-0.344068741,0.151431515,-0.120901790,-0.016132516,0.148402295,0.307195093,12.121911553,0.017689373,-130.918372487,-0.114721923,142.886181685,44.881821816,0.000880256,0.001244338,-0.000836146,-0.001161783,-0.000145981,0.000103842,0.000651325,0.000000000,0.000000000,0.000000000,0.000000000,0.000000000,0.000000000,0.000000000,0.000694777,-0.000000065,-0.000687792,-0.000000090,0.000239460,0.000000274,-0.000169023,0.000000000,0.000000000,0.000000000,0.000000000,0.000000000,0.000000000,0.000000000,-0.331586603,-0.009828320,0.336739241,0.005836495,0.373297838,0.359610315,0.058851055
17.601000000,0,17.601000000,sample,0.216533107,-0.000007408,0.216033996,0.216033258,0.000000738,0.738250103,0.000004614,0,0,1.500000000,0.080000000,0.000000000,0.000000000,0.006633091,0.000000000,0.008664132,0.002045818,-0.002045818,0.000000000,0.007756151,0.855203943,5,41.539132180,0,0.000000000,0.379631417,0.191941905,0.383138879,0.192368106,0.443722773,0.276361716,0.781082591,0.205372702,0.525134678,0.000000000,0.525136051,2.000000000,0.000000000,0.000000000,0.000000000,1.000000000,0.794260347,0.661586552,0.714296937,0.000000000,0.817708981,0.668717782,0.723828386,1,0,0,0.000000000,0.050093901,-0.345377692,0.149415070,-0.120915202,-0.015814734,0.148226526,0.307117170,12.121916589,0.017902787,-130.918069409,-0.114777849,142.886201682,44.881821805,0.004327857,0.000566376,-0.003923872,0.000308272,0.004998906,-0.000096091,0.000785273,0.000000000,0.000000000,0.000000000,0.000000000,0.000000000,0.000000000,0.000000000,0.004515370,-0.000000425,-0.004469980,-0.000000584,0.001556259,0.000001784,-0.001098482,0.000000000,0.000000000,0.000000000,0.000000000,0.000000000,0.000000000,0.000000000,-0.436602136,-0.007187390,0.205368464,0.000466655,0.381758513,0.358649124,0.054789140
17.651000000,0,17.651000000,sample,0.216533236,0.000002571,0.216034214,0.216033276,0.000000938,0.938276325,0.000005864,0,0,1.500000000,0.080000000,0.000000000,0.000000000,0.000886174,0.000000000,0.010082478,0.005485422,-0.005485422,0.002112230,0.002502829,0.354068903,5,70.443440518,0,0.000000000,0.375717797,0.192368641,0.381358444,0.192717766,0.730129251,0.152677415,0.787274599,0.147876840,0.541599557,0.000000000,0.541600086,2.000000000,0.000000000,0.000000000,0.000000000,1.000000000,0.823358737,0.621022540,0.697444518,0.000000000,0.825194151,0.696836030,0.748326133,1,0,0,0.000000000,0.049805351,-0.341707989,0.148050464,-0.120960491,-0.015592421,0.148765352,0.307035177,12.121720135,0.017584210,-130.918165118,-0.114594179,142.886323024,44.881820793,0.000539311,0.000072909,0.000950497,-0.000341141,-0.002100639,0.000103037,0.000724471,0.000000000,0.000000000,0.000000000,0.000000000,0.000000000,0.000000000,0.000000000,-0.000603249,0.000000056,0.000597185,0.000000078,-0.000207912,-0.000000238,0.000146754,0.000000000,0.000000000,0.000000000,0.000000000,0.000000000,0.000000000,0.000000000,-0.348937403,-0.006816094,0.300601714,0.001466330,0.376537852,0.359419637,0.057430968
17.701000000,0,17.701000000,sample,0.216533219,-0.000000332,0.216034248,0.216033223,0.000001025,1.024576384,0.000006404,1,1,1.500000000,0.080000000,1.500000000,0.001667879,0.001111919,0.001111919,0.005622701,0.001170503,-0.001170503,0.001111919,0.001597167,0.696182076,7,49.303791166,1,46.339934779,0.378703978,0.192278294,0.382508378,0.192548436,0.364744695,0.111323458,0.740925827,0.180756852,0.498325059,1.500000000,1.580609906,2.000000000,0.000000000,0.000000000,0.000000000,1.000000000,0.788021379,0.647032637,0.711738159,0.363405192,0.836757559,0.740987467,0.789835485,1,0,0,0.000000000,0.050775870,-0.344345647,0.149213236,-0.121003340,-0.015868575,0.148584395,0.307459179,12.121815919,0.017438854,-130.918165118,-0.114468484,142.886143162,44.881820793,-0.001057439,-0.000102102,0.000347571,-0.000058592,0.000118897,-0.000162030,0.001121477,-0.680734418,0.000062821,0.673891466,0.000087859,-0.234618475,-0.000268185,0.165605047,-0.000756922,0.000000070,0.000749313,0.000000098,-0.000260877,-0.000000298,0.000184139,-1.021101627,0.000094231,1.010837199,0.000131789,-0.351927713,-0.000402277,0.248407570,-0.417143667,-0.012533366,0.236019479,0.000700005,0.379858154,0.359222829,0.058020165
17.751000000,0,17.751000000,sample,0.216533356,0.000002742,0.216034299,0.216033430,0.000000869,0.869343993,0.000005433,0,0,1.500000000,0.080000000,0.000000000,0.000000000,0.001123718,0.000000000,0.006552011,0.001817346,-0.001817346,0.000459138,0.001744902,0.644000557,1,45.737858079,0,0.000000000,0.377660581,0.192041236,0.383060231,0.192567735,0.466891327,0.032909919,0.739429075,0.171423152,0.502183615,0.000000000,0.502181907,2.000000000,0.000000000,0.000000000,0.000000000,1.000000000,0.800232376,0.689916063,0.742706702,0.000000000,0.808831458,0.697735074,0.751384353,1,0,0,0.000000000,0.051054120,-0.343663254,0.148042424,-0.120961518,-0.015775332,0.148321563,0.307141103,12.121608537,0.017688647,-130.918276778,-0.114627129,142.886140886,44.881610970,-0.001180074,-0.000760484,0.000472548,-0.000912552,-0.000075264,0.000056830,-0.000093963,0.000000000,0.000000000,0.000000000,0.000000000,0.000000000,0.000000000,0.000000000,-0.000764955,0.000000071,0.000757265,0.000000099,-0.000263641,-0.000000302,0.000186091,0.000000000,0.000000000,0.000000000,0.000000000,0.000000000,0.000000000,0.000000000,-0.497100968,-0.005373525,0.163989530,-0.001600172,0.381578598,0.358740274,0.057298009
17.801000000,0,17.801000000,sample,0.216533377,0.000000411,0.216034317,0.216033456,0.000000861,0.860760679,0.000005380,0,0,1.500000000,0.080000000,0.000000000,0.000000000,0.000130829,0.000000000,0.007764366,0.004273108,-0.002076501,0.004273108,0.001333404,0.098116794,7,53.768258925,0,0.000000000,0.381406036,0.191755609,0.385182531,0.192343233,0.469038829,0.088861434,0.781227582,0.158570352,0.539726000,0.000000000,0.539726483,2.000000000,0.000000000,0.000000000,0.000000000,1.000000000,0.803892870,0.695233339,0.743850888,0.000000000,0.846815036,0.712056711,0.758886147,1,0,0,0.000000000,0.050893112,-0.347115243,0.149637774,-0.120930617,-0.015760576,0.147978389,0.307495859,12.121817413,0.017711189,-130.918276785,-0.114686828,142.886364573,44.881692558,0.000212043,0.000115148,0.000225053,-0.000726196,-0.000102051,0.000418735,-0.000977743,0.000000000,0.000000000,0.000000000,0.000000000,0.000000000,0.000000000,0.000000000,0.000089060,-0.000000008,-0.000088165,-0.000000012,0.000030695,0.000000035,-0.000021666,0.000000000,0.000000000,0.000000000,0.000000000,0.000000000,0.000000000,0.000000000,-0.502187073,-0.005728143,0.143337114,0.004293242,0.384239408,0.360119363,0.056565334
17.851000000,0,17.851000000,sample,0.216533102,-0.000005493,0.216034054,0.216033180,0.000000873,0.873297885,0.000005458,0,0,1.500000000,0.080000000,0.000000000,0.000000000,0.000399666,0.000000000,0.005416119,0.002459934,-0.002459934,0.000203186,0.002413286,0.165610782,3,61.334703395,0,0.000000000,0.377886149,0.192109778,0.383438443,0.192727205,1.820315842,0.183278254,0.665917946,0.182879266,0.434388673,0.000000000,0.434390279,2.000000000,0.000000000,0.000000000,0.000000000,1.000000000,0.779388085,0.650075107,0.712032508,0.000000000,0.808222084,0.689790298,0.738867555,1,0,0,0.000000000,0.049713608,-0.344256181,0.147696244,-0.120958153,-0.015680431,0.148423098,0.307209692,12.121720806,0.017683875,-130.918069934,-0.114631483,142.886140886,44.881779994,-0.001136353,-0.000476411,-0.001890000,0.000778727,-0.000324101,0.000021915,0.000147119,0.000000000,0.000000000,0.000000000,0.000000000,0.000000000,0.000000000,0.000000000,0.000272067,-0.000000025,-0.000269332,-0.000000035,0.000093768,0.000000107,-0.000066186,0.000000000,0.000000000,0.000000000,0.000000000,0.000000000,0.000000000,0.000000000,-0.427752533,-0.014489686,0.219681533,0.000418587,0.379388033,0.358261305,0.057109709
17.901000000,0,17.901000000,sample,0.216533223,0.000002414,0.216034190,0.216033301,0.000000890,0.889816402,0.000005561,0,0,1.500000000,0.080000000,0.000000000,0.000000000,0.000447229,0.000000000,0.002657052,0.001639599,-0.001639599,0.000652946,0.001367332,0.327081299,3,34.807459628,0,0.000000000,0.381272567,0.191759327,0.382592658,0.192500406,0.767061553,0.102891665,0.799521350,0.156398680,0.553870421,0.000000000,0.553871334,2.000000000,0.000000000,0.000000000,0.000000000,1.000000000,0.793507596,0.661317853,0.716430911,0.000000000,0.802585329,0.672942904,0.725552579,1,0,0,0.000000000,0.051314555,-0.346239192,0.151175424,-0.120837552,-0.016047511,0.148028386,0.307436173,12.122033929,0.017693076,-130.918165119,-0.114831205,142.886181686,44.881779994,0.000422390,0.000138320,0.000806697,-0.000669088,-0.000724336,0.000180056,0.000128571,0.000000000,0.000000000,0.000000000,0.000000000,0.000000000,0.000000000,0.000000000,-0.000304444,0.000000028,0.000301383,0.000000039,-0.000104930,-0.000000120,0.000074065,0.000000000,0.000000000,0.000000000,0.000000000,0.000000000,0.000000000,0.000000000,-0.442376640,-0.009171606,0.192816363,-0.000388531,0.383772015,0.360285652,0.056806955
17.951000000,0,17.951000000,sample,0.216532992,-0.000004617,0.216033917,0.216033102,0.000000815,0.815118152,0.000005094,0,0,1.500000000,0.080000000,0.000000000,0.000000000,0.000193722,0.000000000,0.005718515,0.003507111,-0.003507111,0.002597442,0.001434228,0.135070293,4,59.802732624,0,0.000000000,0.379726198,0.191820625,0.383364580,0.192542483,1.003321133,0.122589219,0.723069723,0.172927460,0.467766943,0.000000000,0.467768494,2.000000000,0.000000000,0.000000000,0.000000000,1.000000000,0.773019375,0.668913349,0.729188049,0.000000000,0.857429079,0.739053275,0.789773086,1,0,0,0.000000000,0.048911519,-0.346343542,0.147803246,-0.120928747,-0.015592512,0.148081951,0.307340605,12.121816350,0.017781908,-130.917973700,-0.114716059,142.886228312,44.881733367,-0.000532516,-0.000183996,-0.000344393,0.001109121,-0.000087402,0.000562316,0.000258822,0.000000000,0.000000000,0.000000000,0.000000000,0.000000000,0.000000000,0.000000000,-0.000131873,0.000000012,0.000130547,0.000000017,-0.000045451,-0.000000052,0.000032081,0.000000000,0.000000000,0.000000000,0.000000000,0.000000000,0.000000000,0.000000000,-0.463709867,-0.017585217,0.202290268,0.002486056,0.378136457,0.359527184,0.056609370
18.001000000,0,18.001000000,sample,0.216533118,0.000002527,0.216033983,0.216033289,0.000000695,0.694573493,0.000004341,0,0,1.500000000,0.080000000,0.000000000,0.000000000,0.000167678,0.000000000,0.008935434,0.004912160,-0.004912160,0.001660155,0.001413358,0.118638063,1,62.964292536,0,0.000000000,0.380857970,0.191756785,0.385415304,0.192309024,0.970778953,0.118164096,0.717669885,0.180738520,0.481569645,0.000000000,0.481569526,2.000000000,0.000000000,0.000000000,0.000000000,1.000000000,0.790182344,0.657709282,0.716230639,0.000000000,0.810452325,0.662747435,0.724610001,1,0,0,0.000000000,0.049723278,-0.346770183,0.149435034,-0.120953198,-0.015716152,0.147966182,0.307203674,12.121938722,0.017959035,-130.918069409,-0.114736396,142.886323107,44.881670082,-0.001121500,0.000112274,-0.000713746,0.000095787,0.000419317,0.000151669,-0.000098862,0.000000000,0.000000000,0.000000000,0.000000000,0.000000000,0.000000000,0.000000000,-0.000114144,0.000000011,0.000112997,0.000000015,-0.000039341,-0.000000045,0.000027769,0.000000000,0.000000000,0.000000000,0.000000000,0.000000000,0.000000000,0.000000000,-0.431042327,-0.010655901,0.231686740,-0.000280645,0.375943713,0.359496675,0.053150109
18.001000000,0,18.001000000,stop,0.216533118,,0.216033983,0.216033289,0.000000695,0.694573493,0.000004341,0,0,1.500000000,0.080000000,0.000000000,0.000000000,0.000167678,0.000000000,0.000167678,0.000000000,0.000000000,0.000000000,0.001413358,0.118638063,1,62.964292536,0,0.000000000,0.380857970,0.191756785,0.380857970,0.191756785,0.970778953,0.118164096,0.717669885,0.180738520,0.481569645,0.000000000,0.481569526,2.000000000,0.000000000,0.000000000,0.000000000,1.000000000,0.790182344,0.657709282,0.716230639,0.000000000,0.790182344,0.657709282,0.716230639,1,0,0,0.000000000,0.049723278,-0.346770183,0.149435034,-0.120953198,-0.015716152,0.147966182,0.307203674,12.121938722,0.017959035,-130.918069409,-0.114736396,142.886323107,44.881670082,-0.001121500,0.000112274,-0.000713746,0.000095787,0.000419317,0.000151669,-0.000098862,0.000000000,0.000000000,0.000000000,0.000000000,0.000000000,0.000000000,0.000000000,-0.000114144,0.000000011,0.000112997,0.000000015,-0.000039341,-0.000000045,0.000027769,0.000000000,0.000000000,0.000000000,0.000000000,0.000000000,0.000000000,0.000000000,-0.431042327,-0.010655901,0.231686740,-0.000280645,0.375943713,0.359496675,0.053150109
