== P2_t1_pos_m090 r01 ==
applied 106 overrides

==============================================================================
  SURFACE GRINDING CONTROLLER
==============================================================================
  robot              172.16.0.2
  parameters         /home/hm-panda/Desktop/Thesis_Final_Control/surface_grinding_controller/params
------------------------------------------------------------------------------

==============================================================================
  SURFACE GRINDING CONTROLLER - STARTUP MENU
==============================================================================

-- RUN MODES -----------------------------------------------------------------
  s      Run orientation, approach, contact establishment, and grinding
  h      Cartesian pose hold at the initial posture
  t      Cartesian pose hold with the contact establishment impedance
  g      Start manual guidance from the current robot pose

-- ROBOT PREPARATION ---------------------------------------------------------
  i      Move to the configured initial joint posture

-- GRIPPER AND TOOL ----------------------------------------------------------
  o      Open the gripper
  c      Grasp the tool
  r      Recalibrate the gripper with empty fingers
  f      Pick up the tool from the holder
  b      Return the tool to the holder

-- PROGRAM -------------------------------------------------------------------
  e      Exit
------------------------------------------------------------------------------
  During control: e = stop | m = startup menu | g = guidance
------------------------------------------------------------------------------
Selection [s/h/t/g/i/o/c/r/f/b/e]: 
-- SELECTED MODE: STATE SEQUENCE ---------------------------------------------

-- moving to q_init ----------------------------------------------------------
  case               saved_qinit
  q1..q7 [deg]     = [0.8, 12.1, -0.5, -130.9, -0.2, 142.9, 44.7] deg
  saved_qinit = [0.014777, 0.210911, -0.009320, -2.284835, -0.002725, 2.493410, 0.780694] rad
  q_init reached.

-- start pose ----------------------------------------------------------------
  q_start          = [0.8, 12.1, -0.5, -130.9, -0.1, 142.8, 44.7] deg
  p_start          = [    531.3,       2.3,     156.9] mm

==============================================================================
  RUN
==============================================================================

-- state: tool_orientation ---------------------------------------------------
  Kp [t1,t2,n]     = [    150.0,     150.0,     150.0] N/m
  Dp [t1,t2,n]     = [    133.7,      94.2,     128.3] Ns/m     auto (factor 1.90)
  KR [t1,t2,n]     = [    180.0,     180.0,      90.0] Nm/rad
  DR [t1,t2,n]     = [     15.3,      25.0,       2.0] Nms/rad  auto (factor 1.90)
orient:     t=  0.0 s | axis_err=  8.5 deg | spin_err=  0.5 deg
orient:     t=  0.2 s | axis_err=  7.1 deg | spin_err=  0.2 deg
orient:     t=  0.4 s | axis_err=  3.2 deg | spin_err=  0.2 deg
orient:     t=  0.6 s | axis_err=  1.0 deg | spin_err=  0.2 deg
orient:     t=  0.8 s | axis_err=  0.8 deg | spin_err=  0.2 deg

Orientation reached: axis_err=0.8 deg | spin_err=0.2 deg

-- state: surface_approach ---------------------------------------------------
  Kp [t1,t2,n]     = [    150.0,     150.0,     150.0] N/m
  Dp [t1,t2,n]     = [    133.7,      94.2,     128.3] Ns/m     auto (factor 1.90)
  KR [t1,t2,n]     = [    180.0,     180.0,      90.0] Nm/rad
  DR [t1,t2,n]     = [     15.3,      25.0,       2.0] Nms/rad  auto (factor 1.90)
  descend to         20 mm clearance at 0.100 m/s
descend:    t=  0.0 s | distance=   0.1 mm | height=+122.3 mm (target 20.0) | force=  0.0 N
descend:    t=  0.2 s | distance=  20.2 mm | height=+111.4 mm (target 20.0) | force=  1.1 N
descend:    t=  0.4 s | distance=  40.3 mm | height= +96.1 mm (target 20.0) | force=  2.0 N
descend:    t=  0.6 s | distance=  60.4 mm | height= +79.6 mm (target 20.0) | force=  2.1 N
descend:    t=  0.8 s | distance=  80.5 mm | height= +62.4 mm (target 20.0) | force=  2.2 N
descend:    t=  1.0 s | distance= 100.6 mm | height= +45.5 mm (target 20.0) | force=  2.4 N
descend:    t=  1.2 s | distance= 120.7 mm | height= +28.3 mm (target 20.0) | force=  2.2 N

Clearance reached: distance=130.6 mm | height=20.0 mm | target=20.0 mm | force=1.2 N
  offset_ee        = [     20.0,      60.0,      20.0] mm
  p_EE_at_contact  = [    516.8,       0.8,      49.9] mm
  contact_point    = [    535.3,     -56.6,       1.4] mm
  edge_offset      = [     18.5,     -57.4,     -48.5] mm

-- state: contact_establishment ----------------------------------------------

-- contact establishment impedance -------------------------------------------
  law                wrench = K_TCP*dx + D_TCP*dv
                     K_TCP  = Ad(r_c)^T * blkdiag(Kp,KR) * Ad(r_c)
  Kp [t1,t2,n]     = [   2000.0,    2000.0,     350.0] N/m
  Dp [t1,t2,n]     = [    231.1,     178.1,     112.1] Ns/m     auto
  KR [t1,t2,n]     = [      5.0,       5.0,      50.0] Nm/rad
  DR [t1,t2,n]     = [      1.5,       1.9,       1.2] Nms/rad  auto
  p_c [EE]         = [      0.0,      90.0,       0.0] mm       commanded in the tool frame
  r_c [t1,t2,n]    = [      0.0,     -88.9,     -14.0] mm       p_c - p_TCP, in the plane
contact establishment:     t=  0.0 s | ee=  0.0 deg | F=  0.1 N | M=  0.0 Nm | contact= 19.9 mm
contact establishment:     t=  0.2 s | ee=  1.0 deg | F=  0.7 N | M=  0.5 Nm | contact=  7.4 mm
contact establishment:     t=  0.4 s | ee=  1.6 deg | F= 17.1 N | M=  0.4 Nm | contact=  3.6 mm
contact establishment:     t=  0.6 s | ee=  1.6 deg | F= 16.2 N | M=  0.8 Nm | contact=  3.7 mm
contact establishment:     t=  0.8 s | ee=  1.7 deg | F= 21.1 N | M=  0.9 Nm | contact=  3.9 mm
contact establishment:     t=  1.0 s | ee=  1.7 deg | F= 26.6 N | M=  1.2 Nm | contact=  4.0 mm
contact establishment:     t=  1.2 s | ee=  1.7 deg | F= 32.3 N | M=  1.5 Nm | contact=  4.1 mm
contact establishment:     t=  1.4 s | ee=  1.7 deg | F= 37.6 N | M=  1.8 Nm | contact=  4.3 mm
contact establishment:     t=  1.6 s | ee=  1.7 deg | F= 43.5 N | M=  2.1 Nm | contact=  4.4 mm
contact establishment:     t=  1.8 s | ee=  1.7 deg | F= 49.2 N | M=  2.5 Nm | contact=  4.6 mm
contact establishment:     t=  2.0 s | ee=  1.7 deg | F= 54.8 N | M=  2.9 Nm | contact=  4.7 mm
contact establishment:     t=  2.2 s | ee=  1.7 deg | F= 60.1 N | M=  3.3 Nm | contact=  4.9 mm
contact establishment:     t=  2.4 s | ee=  1.7 deg | F= 65.7 N | M=  3.6 Nm | contact=  5.0 mm
contact establishment:     t=  2.6 s | ee=  1.7 deg | F= 71.0 N | M=  4.0 Nm | contact=  5.2 mm
contact establishment:     t=  2.8 s | ee=  1.7 deg | F= 76.1 N | M=  4.3 Nm | contact=  5.3 mm
contact establishment:     t=  3.0 s | ee=  1.8 deg | F= 81.9 N | M=  4.7 Nm | contact=  5.5 mm
contact establishment:     t=  3.2 s | ee=  1.7 deg | F= 88.6 N | M=  4.8 Nm | contact=  5.7 mm
contact establishment:     t=  3.4 s | ee=  1.9 deg | F= 83.4 N | M=  4.6 Nm | contact=  5.6 mm
contact establishment:     t=  3.6 s | ee=  2.0 deg | F= 84.0 N | M=  4.8 Nm | contact=  5.6 mm
contact establishment:     t=  3.8 s | ee=  2.0 deg | F= 84.3 N | M=  4.9 Nm | contact=  5.6 mm
contact establishment:     t=  4.0 s | ee=  2.1 deg | F= 83.8 N | M=  4.8 Nm | contact=  5.6 mm
contact establishment:     t=  4.2 s | ee=  2.1 deg | F= 83.8 N | M=  4.8 Nm | contact=  5.6 mm
contact establishment:     t=  4.4 s | ee=  2.1 deg | F= 83.7 N | M=  4.8 Nm | contact=  5.6 mm
contact establishment:     t=  4.6 s | ee=  2.1 deg | F= 83.6 N | M=  4.8 Nm | contact=  5.6 mm
contact establishment:     t=  4.8 s | ee=  2.1 deg | F= 83.5 N | M=  4.8 Nm | contact=  5.6 mm

==============================================================================
  CONTACT-ESTABLISHMENT RESULT
==============================================================================
  stop: time | t=5.0 s | ee=2.1 deg | F=83.5 N | M_TCP=4.8 Nm
  contact_from_start = [-3.0, +0.1, -4.7] mm | norm=5.6 mm
  tcp_from_contact  = [-21.3, +56.1, +25.8] mm | norm=65.3 mm
  deviation: before=9.36 deg | after=11.08 deg | gain=-1.72 deg
  t_align: not reached | tolerance=2.00 deg | hold=0.30 s
  t_align_fraction: not reached | fraction=0.50 of the deviation at contact
  deviation_min: 9.30 deg at t=0.07 s
  align_status: not_aligned
  deviation components [t1,t2,n] deg: before=[-9.35,-0.43,+0.00] | after=[-10.92,-1.86,+0.00]

-- contact establishment surface-frame breakdown -----------------------------
  frame              alignment-target [tangent1, tangent2, normal]
  force        [N]      = [    +5.34,     +2.16,    -83.33]
  tcp_disp     [mm]     = [    -2.44,     -0.71,    -22.77]
  contact_disp [mm]     = [    -2.95,     +0.22,     -4.76]
  Kp_eff=F/tcp [N/m]    = [  -2188.2,   -3056.1,    3659.8]
  M_contact    [Nm]     = [    +0.10,     -0.73,     -0.02]
  ee_angle     [deg]    = [    -1.57,     -1.39,     -0.24]
  KR_eff=M/ang [Nm/rad] = [     -3.7,      30.0,       4.3]
  frame              tool face [length, width, tool axis]
  M_contact    [Nm]     = [    +0.72,     -0.10,     -0.12]

-- center of compliance ------------------------------------------------------
  definition         r_c = p_c - p_TCP
  p_TCP [x,y,z]    = [    514.0,      -0.5,      27.2] mm
  p_c [EE]         = [      0.0,      90.0,       0.0] mm
  r_c [t1,t2,n]    = [      0.0,     -88.5,     -16.5] mm
                     p_c resolved at end of contact establishment

-- effective TCP impedance ---------------------------------------------------
  K_TCP translation = [   1999.5,    1998.7,     351.8] N/m
  K_TCP rotation   = [      8.3,       5.4,      65.8] Nm/rad
  commanded KR was = [      5.0,       5.0,      50.0] Nm/rad   including lever contribution
  D_TCP translation = [    231.1,     178.1,     112.2] Ns/m
  D_TCP rotation   = [      2.4,       1.9,       3.0] Nms/rad
  coupling           max |moment per unit translation| = 177.8 Nm/m (K), 20.5 Nms/m (D)
  eigenvalues        K_TCP 4.96 .. 2017 | D_TCP 1.20 .. 233  (both positive: valid springs)

  K_TCP [N/m, Nm/rad | rows fx..mz, cols tx..rz]:
           tx        ty        tz    |    rx        ry        rz
  fx [    2000  -0.7871   -28.44 |    2.517   -28.01    177.8 ]
  fy [ -0.7871     1999   -45.62 |    32.05 -0.0004117   -0.571 ]
  fz [  -28.44   -45.62    351.8 |   -31.91   0.4865   -2.517 ]
     ---------------------------+---------------------------
  mx [   2.517    32.05   -31.91 |    8.299 -0.02179   0.9914 ]
  my [  -28.01 -0.0004117   0.4865 | -0.02179    5.427   -1.246 ]
  mz [   177.8   -0.571   -2.517 |   0.9914   -1.246    65.76 ]

  D_TCP [Ns/m, Nms/rad]:
           tx        ty        tz    |    rx        ry        rz
  fx [   231.1 -0.05679   -2.052 |   0.1816   -3.237    20.55 ]
  fy [-0.05679    178.1   -1.825 |    2.656 0.000338 -0.04968 ]
  fz [  -2.052   -1.825    112.2 |   -9.999  0.05686  -0.1819 ]
     ---------------------------+---------------------------
  mx [  0.1816    2.656   -9.999 |    2.418 -0.005186  0.01056 ]
  my [  -3.237 0.000338  0.05686 | -0.005186     1.94  -0.3068 ]
  mz [   20.55 -0.04968  -0.1819 |  0.01056  -0.3068    3.034 ]

[STATE] Pre-grinding hold active. Press Enter to start grinding (e+Enter stops).

-- state: pre_grinding_hold --------------------------------------------------
  motion             established contact command
  impedance          inherited from contact establishment
  keys               Enter continue | e stop

Stop requested with e + Enter. Finishing control loop...

-- joint motion [deg] --------------------------------------------------------
  joint       start    final    delta
  q1            0.8      0.4     -0.4
  q2           12.1     29.0    +16.9
  q3           -0.5     -1.1     -0.6
  q4         -130.9   -128.7     +2.1
  q5           -0.1     20.3    +20.4
  q6          142.8    151.8     +8.9
  q7           44.7     25.8    -18.9

==============================================================================
  FINAL RESULT
==============================================================================
  p_d              = [    512.3,      -6.4,    -210.0] mm
  p_EE             = [    514.0,      -0.5,      27.2] mm
  e_p              = [     -1.7,      -5.9,    -237.2] mm
  e_R              = [    -1.58,     -1.40,     -0.18] deg
------------------------------------------------------------------------------
  position error     237.24 mm
  rotation error     2.12 deg
  csv                logs/surface_grinding_controller_log.csv
------------------------------------------------------------------------------
archived to /home/hm-panda/Desktop/Thesis_Final_Control/experiments/results/P2_t1_pos_m090/r01
== P2_t1_pos_m090 r02 ==
applied 106 overrides

==============================================================================
  SURFACE GRINDING CONTROLLER
==============================================================================
  robot              172.16.0.2
  parameters         /home/hm-panda/Desktop/Thesis_Final_Control/surface_grinding_controller/params
------------------------------------------------------------------------------

==============================================================================
  SURFACE GRINDING CONTROLLER - STARTUP MENU
==============================================================================

-- RUN MODES -----------------------------------------------------------------
  s      Run orientation, approach, contact establishment, and grinding
  h      Cartesian pose hold at the initial posture
  t      Cartesian pose hold with the contact establishment impedance
  g      Start manual guidance from the current robot pose

-- ROBOT PREPARATION ---------------------------------------------------------
  i      Move to the configured initial joint posture

-- GRIPPER AND TOOL ----------------------------------------------------------
  o      Open the gripper
  c      Grasp the tool
  r      Recalibrate the gripper with empty fingers
  f      Pick up the tool from the holder
  b      Return the tool to the holder

-- PROGRAM -------------------------------------------------------------------
  e      Exit
------------------------------------------------------------------------------
  During control: e = stop | m = startup menu | g = guidance
------------------------------------------------------------------------------
Selection [s/h/t/g/i/o/c/r/f/b/e]: 
-- SELECTED MODE: STATE SEQUENCE ---------------------------------------------

-- moving to q_init ----------------------------------------------------------
  case               saved_qinit
  q1..q7 [deg]     = [0.8, 12.1, -0.5, -130.9, -0.2, 142.9, 44.7] deg
  saved_qinit = [0.014777, 0.210911, -0.009320, -2.284835, -0.002725, 2.493410, 0.780694] rad
  q_init reached.

-- start pose ----------------------------------------------------------------
  q_start          = [0.8, 12.1, -0.5, -130.9, -0.1, 142.9, 44.7] deg
  p_start          = [    531.4,       2.4,     156.8] mm

==============================================================================
  RUN
==============================================================================

-- state: tool_orientation ---------------------------------------------------
  Kp [t1,t2,n]     = [    150.0,     150.0,     150.0] N/m
  Dp [t1,t2,n]     = [    133.7,      94.2,     128.3] Ns/m     auto (factor 1.90)
  KR [t1,t2,n]     = [    180.0,     180.0,      90.0] Nm/rad
  DR [t1,t2,n]     = [     15.3,      25.0,       2.0] Nms/rad  auto (factor 1.90)
orient:     t=  0.0 s | axis_err=  8.5 deg | spin_err=  0.5 deg
orient:     t=  0.2 s | axis_err=  7.2 deg | spin_err=  0.2 deg
orient:     t=  0.4 s | axis_err=  3.2 deg | spin_err=  0.2 deg
orient:     t=  0.6 s | axis_err=  1.0 deg | spin_err=  0.2 deg
orient:     t=  0.8 s | axis_err=  0.8 deg | spin_err=  0.2 deg

Orientation reached: axis_err=0.8 deg | spin_err=0.2 deg

-- state: surface_approach ---------------------------------------------------
  Kp [t1,t2,n]     = [    150.0,     150.0,     150.0] N/m
  Dp [t1,t2,n]     = [    133.7,      94.2,     128.3] Ns/m     auto (factor 1.90)
  KR [t1,t2,n]     = [    180.0,     180.0,      90.0] Nm/rad
  DR [t1,t2,n]     = [     15.3,      25.0,       2.0] Nms/rad  auto (factor 1.90)
  descend to         20 mm clearance at 0.100 m/s
descend:    t=  0.0 s | distance=   0.1 mm | height=+121.7 mm (target 20.0) | force=  0.0 N
descend:    t=  0.2 s | distance=  20.2 mm | height=+111.1 mm (target 20.0) | force=  1.3 N
descend:    t=  0.4 s | distance=  40.3 mm | height= +96.0 mm (target 20.0) | force=  2.6 N
descend:    t=  0.6 s | distance=  60.4 mm | height= +79.7 mm (target 20.0) | force=  2.1 N
descend:    t=  0.8 s | distance=  80.5 mm | height= +62.5 mm (target 20.0) | force=  2.4 N
descend:    t=  1.0 s | distance= 100.6 mm | height= +45.7 mm (target 20.0) | force=  3.3 N
descend:    t=  1.2 s | distance= 120.7 mm | height= +28.4 mm (target 20.0) | force=  2.9 N

Clearance reached: distance=130.8 mm | height=19.9 mm | target=20.0 mm | force=1.8 N
  offset_ee        = [     20.0,      60.0,      20.0] mm
  p_EE_at_contact  = [    517.0,       1.1,      49.8] mm
  contact_point    = [    535.5,     -56.4,       1.4] mm
  edge_offset      = [     18.5,     -57.4,     -48.4] mm

-- state: contact_establishment ----------------------------------------------

-- contact establishment impedance -------------------------------------------
  law                wrench = K_TCP*dx + D_TCP*dv
                     K_TCP  = Ad(r_c)^T * blkdiag(Kp,KR) * Ad(r_c)
  Kp [t1,t2,n]     = [   2000.0,    2000.0,     350.0] N/m
  Dp [t1,t2,n]     = [    231.2,     178.0,     112.1] Ns/m     auto
  KR [t1,t2,n]     = [      5.0,       5.0,      50.0] Nm/rad
  DR [t1,t2,n]     = [      1.5,       1.9,       1.2] Nms/rad  auto
  p_c [EE]         = [      0.0,      90.0,       0.0] mm       commanded in the tool frame
  r_c [t1,t2,n]    = [      0.0,     -88.9,     -14.0] mm       p_c - p_TCP, in the plane
contact establishment:     t=  0.0 s | ee=  0.0 deg | F=  0.1 N | M=  0.0 Nm | contact= 19.9 mm
contact establishment:     t=  0.2 s | ee=  1.0 deg | F=  1.4 N | M=  0.5 Nm | contact=  7.4 mm
contact establishment:     t=  0.4 s | ee=  1.7 deg | F= 18.1 N | M=  0.4 Nm | contact=  3.8 mm
contact establishment:     t=  0.6 s | ee=  1.7 deg | F= 15.7 N | M=  0.7 Nm | contact=  3.8 mm
contact establishment:     t=  0.8 s | ee=  1.7 deg | F= 21.1 N | M=  0.9 Nm | contact=  3.9 mm
contact establishment:     t=  1.0 s | ee=  1.7 deg | F= 26.6 N | M=  1.1 Nm | contact=  4.0 mm
contact establishment:     t=  1.2 s | ee=  1.7 deg | F= 32.0 N | M=  1.4 Nm | contact=  4.2 mm
contact establishment:     t=  1.4 s | ee=  1.7 deg | F= 37.9 N | M=  1.8 Nm | contact=  4.3 mm
contact establishment:     t=  1.6 s | ee=  1.7 deg | F= 43.6 N | M=  2.1 Nm | contact=  4.5 mm
contact establishment:     t=  1.8 s | ee=  1.7 deg | F= 48.8 N | M=  2.5 Nm | contact=  4.7 mm
contact establishment:     t=  2.0 s | ee=  1.7 deg | F= 54.7 N | M=  2.9 Nm | contact=  4.8 mm
contact establishment:     t=  2.2 s | ee=  1.7 deg | F= 60.1 N | M=  3.2 Nm | contact=  5.0 mm
contact establishment:     t=  2.4 s | ee=  1.7 deg | F= 65.7 N | M=  3.6 Nm | contact=  5.1 mm
contact establishment:     t=  2.6 s | ee=  1.8 deg | F= 71.1 N | M=  3.9 Nm | contact=  5.3 mm
contact establishment:     t=  2.8 s | ee=  1.8 deg | F= 76.3 N | M=  4.3 Nm | contact=  5.4 mm
contact establishment:     t=  3.0 s | ee=  1.8 deg | F= 81.8 N | M=  4.6 Nm | contact=  5.6 mm
contact establishment:     t=  3.2 s | ee=  1.8 deg | F= 87.6 N | M=  4.9 Nm | contact=  5.7 mm
contact establishment:     t=  3.4 s | ee=  1.8 deg | F= 83.3 N | M=  4.5 Nm | contact=  5.6 mm
contact establishment:     t=  3.6 s | ee=  1.9 deg | F= 83.5 N | M=  4.6 Nm | contact=  5.7 mm
contact establishment:     t=  3.8 s | ee=  1.9 deg | F= 83.4 N | M=  4.6 Nm | contact=  5.7 mm
contact establishment:     t=  4.0 s | ee=  1.9 deg | F= 83.3 N | M=  4.6 Nm | contact=  5.7 mm
contact establishment:     t=  4.2 s | ee=  1.9 deg | F= 83.3 N | M=  4.6 Nm | contact=  5.7 mm
contact establishment:     t=  4.4 s | ee=  1.9 deg | F= 83.3 N | M=  4.6 Nm | contact=  5.7 mm
contact establishment:     t=  4.6 s | ee=  1.9 deg | F= 83.3 N | M=  4.7 Nm | contact=  5.7 mm
contact establishment:     t=  4.8 s | ee=  1.9 deg | F= 83.5 N | M=  4.6 Nm | contact=  5.7 mm

==============================================================================
  CONTACT-ESTABLISHMENT RESULT
==============================================================================
  stop: time | t=5.0 s | ee=1.9 deg | F=83.2 N | M_TCP=4.7 Nm
  contact_from_start = [-3.2, +0.3, -4.7] mm | norm=5.7 mm
  tcp_from_contact  = [-21.4, +56.5, +25.5] mm | norm=65.5 mm
  deviation: before=9.32 deg | after=10.68 deg | gain=-1.37 deg
  t_align: not reached | tolerance=2.00 deg | hold=0.30 s
  t_align_fraction: not reached | fraction=0.50 of the deviation at contact
  deviation_min: 9.28 deg at t=0.05 s
  align_status: not_aligned
  deviation components [t1,t2,n] deg: before=[-9.31,-0.45,+0.00] | after=[-10.50,-1.97,-0.00]

-- contact establishment surface-frame breakdown -----------------------------
  frame              alignment-target [tangent1, tangent2, normal]
  force        [N]      = [    +5.47,     +1.68,    -83.03]
  tcp_disp     [mm]     = [    -2.54,     -0.31,    -23.03]
  contact_disp [mm]     = [    -3.09,     +0.41,     -4.74]
  Kp_eff=F/tcp [N/m]    = [  -2151.9,   -5441.0,    3605.4]
  M_contact    [Nm]     = [    -0.05,     -0.69,     +0.02]
  ee_angle     [deg]    = [    -1.20,     -1.50,     -0.25]
  KR_eff=M/ang [Nm/rad] = [      2.5,      26.4,      -4.1]
  frame              tool face [length, width, tool axis]
  M_contact    [Nm]     = [    +0.67,     +0.06,     -0.14]

-- center of compliance ------------------------------------------------------
  definition         r_c = p_c - p_TCP
  p_TCP [x,y,z]    = [    514.1,       0.1,      26.8] mm
  p_c [EE]         = [      0.0,      90.0,       0.0] mm
  r_c [t1,t2,n]    = [      0.0,     -88.6,     -15.8] mm
                     p_c resolved at end of contact establishment

-- effective TCP impedance ---------------------------------------------------
  K_TCP translation = [   1999.5,    1998.7,     351.8] N/m
  K_TCP rotation   = [      8.3,       5.4,      65.8] Nm/rad
  commanded KR was = [      5.0,       5.0,      50.0] Nm/rad   including lever contribution
  D_TCP translation = [    231.1,     178.0,     112.2] Ns/m
  D_TCP rotation   = [      2.4,       1.9,       3.0] Nms/rad
  coupling           max |moment per unit translation| = 178.0 Nm/m (K), 20.6 Nms/m (D)
  eigenvalues        K_TCP 4.96 .. 2017 | D_TCP 1.19 .. 233  (both positive: valid springs)

  K_TCP [N/m, Nm/rad | rows fx..mz, cols tx..rz]:
           tx        ty        tz    |    rx        ry        rz
  fx [    2000  -0.7871   -28.44 |    2.521   -26.71      178 ]
  fy [ -0.7871     1999   -45.62 |    30.75 -0.0004037  -0.5483 ]
  fz [  -28.44   -45.62    351.8 |   -31.92    0.464    -2.52 ]
     ---------------------------+---------------------------
  mx [   2.521    30.75   -31.92 |    8.265 -0.01983   0.9926 ]
  my [  -26.71 -0.0004037    0.464 | -0.01983    5.391   -1.133 ]
  mz [     178  -0.5483    -2.52 |   0.9926   -1.133    65.79 ]

  D_TCP [Ns/m, Nms/rad]:
           tx        ty        tz    |    rx        ry        rz
  fx [   231.1 -0.05681   -2.053 |   0.1819   -3.087    20.57 ]
  fy [-0.05681      178   -1.823 |    2.539 0.0003224 -0.04764 ]
  fz [  -2.053   -1.823    112.2 |   -10.01  0.05425  -0.1822 ]
     ---------------------------+---------------------------
  mx [  0.1819    2.539   -10.01 |    2.415 -0.004961  0.01065 ]
  my [  -3.087 0.0003224  0.05425 | -0.004961    1.937  -0.2939 ]
  mz [   20.57 -0.04764  -0.1822 |  0.01065  -0.2939    3.036 ]

[STATE] Pre-grinding hold active. Press Enter to start grinding (e+Enter stops).

-- state: pre_grinding_hold --------------------------------------------------
  motion             established contact command
  impedance          inherited from contact establishment
  keys               Enter continue | e stop

Stop requested with e + Enter. Finishing control loop...

-- joint motion [deg] --------------------------------------------------------
  joint       start    final    delta
  q1            0.8      0.5     -0.4
  q2           12.1     29.1    +16.9
  q3           -0.5     -1.1     -0.5
  q4         -130.9   -128.7     +2.2
  q5           -0.1     19.4    +19.5
  q6          142.9    151.8     +9.0
  q7           44.7     26.7    -18.0

==============================================================================
  FINAL RESULT
==============================================================================
  p_d              = [    512.5,      -6.1,    -210.0] mm
  p_EE             = [    514.1,       0.1,      26.8] mm
  e_p              = [     -1.5,      -6.2,    -236.8] mm
  e_R              = [    -1.20,     -1.50,     -0.19] deg
------------------------------------------------------------------------------
  position error     236.93 mm
  rotation error     1.93 deg
  csv                logs/surface_grinding_controller_log.csv
------------------------------------------------------------------------------
archived to /home/hm-panda/Desktop/Thesis_Final_Control/experiments/results/P2_t1_pos_m090/r02
== P2_t1_pos_m090 r03 ==
applied 106 overrides

==============================================================================
  SURFACE GRINDING CONTROLLER
==============================================================================
  robot              172.16.0.2
  parameters         /home/hm-panda/Desktop/Thesis_Final_Control/surface_grinding_controller/params
------------------------------------------------------------------------------

==============================================================================
  SURFACE GRINDING CONTROLLER - STARTUP MENU
==============================================================================

-- RUN MODES -----------------------------------------------------------------
  s      Run orientation, approach, contact establishment, and grinding
  h      Cartesian pose hold at the initial posture
  t      Cartesian pose hold with the contact establishment impedance
  g      Start manual guidance from the current robot pose

-- ROBOT PREPARATION ---------------------------------------------------------
  i      Move to the configured initial joint posture

-- GRIPPER AND TOOL ----------------------------------------------------------
  o      Open the gripper
  c      Grasp the tool
  r      Recalibrate the gripper with empty fingers
  f      Pick up the tool from the holder
  b      Return the tool to the holder

-- PROGRAM -------------------------------------------------------------------
  e      Exit
------------------------------------------------------------------------------
  During control: e = stop | m = startup menu | g = guidance
------------------------------------------------------------------------------
Selection [s/h/t/g/i/o/c/r/f/b/e]: 
-- SELECTED MODE: STATE SEQUENCE ---------------------------------------------

-- moving to q_init ----------------------------------------------------------
  case               saved_qinit
  q1..q7 [deg]     = [0.8, 12.1, -0.5, -130.9, -0.2, 142.9, 44.7] deg
  saved_qinit = [0.014777, 0.210911, -0.009320, -2.284835, -0.002725, 2.493410, 0.780694] rad
  q_init reached.

-- start pose ----------------------------------------------------------------
  q_start          = [0.8, 12.1, -0.5, -130.9, -0.1, 142.9, 44.7] deg
  p_start          = [    531.4,       2.4,     156.8] mm

==============================================================================
  RUN
==============================================================================

-- state: tool_orientation ---------------------------------------------------
  Kp [t1,t2,n]     = [    150.0,     150.0,     150.0] N/m
  Dp [t1,t2,n]     = [    133.7,      94.2,     128.3] Ns/m     auto (factor 1.90)
  KR [t1,t2,n]     = [    180.0,     180.0,      90.0] Nm/rad
  DR [t1,t2,n]     = [     15.3,      25.0,       2.0] Nms/rad  auto (factor 1.90)
orient:     t=  0.0 s | axis_err=  8.5 deg | spin_err=  0.5 deg
orient:     t=  0.2 s | axis_err=  7.2 deg | spin_err=  0.2 deg
orient:     t=  0.4 s | axis_err=  3.2 deg | spin_err=  0.2 deg
orient:     t=  0.6 s | axis_err=  1.0 deg | spin_err=  0.2 deg
orient:     t=  0.8 s | axis_err=  0.8 deg | spin_err=  0.2 deg

Orientation reached: axis_err=0.8 deg | spin_err=0.2 deg

-- state: surface_approach ---------------------------------------------------
  Kp [t1,t2,n]     = [    150.0,     150.0,     150.0] N/m
  Dp [t1,t2,n]     = [    133.7,      94.2,     128.3] Ns/m     auto (factor 1.90)
  KR [t1,t2,n]     = [    180.0,     180.0,      90.0] Nm/rad
  DR [t1,t2,n]     = [     15.3,      25.0,       2.0] Nms/rad  auto (factor 1.90)
  descend to         20 mm clearance at 0.100 m/s
descend:    t=  0.0 s | distance=   0.1 mm | height=+121.8 mm (target 20.0) | force= -0.0 N
descend:    t=  0.2 s | distance=  20.2 mm | height=+111.2 mm (target 20.0) | force=  1.4 N
descend:    t=  0.4 s | distance=  40.3 mm | height= +96.2 mm (target 20.0) | force=  2.6 N
descend:    t=  0.6 s | distance=  60.4 mm | height= +79.9 mm (target 20.0) | force=  2.0 N
descend:    t=  0.8 s | distance=  80.5 mm | height= +62.8 mm (target 20.0) | force=  2.4 N
descend:    t=  1.0 s | distance= 100.6 mm | height= +46.0 mm (target 20.0) | force=  3.1 N
descend:    t=  1.2 s | distance= 120.7 mm | height= +28.8 mm (target 20.0) | force=  2.3 N

Clearance reached: distance=131.2 mm | height=19.9 mm | target=20.0 mm | force=2.0 N
  offset_ee        = [     20.0,      60.0,      20.0] mm
  p_EE_at_contact  = [    516.8,       1.1,      49.7] mm
  contact_point    = [    535.3,     -56.4,       1.4] mm
  edge_offset      = [     18.5,     -57.4,     -48.4] mm

-- state: contact_establishment ----------------------------------------------

-- contact establishment impedance -------------------------------------------
  law                wrench = K_TCP*dx + D_TCP*dv
                     K_TCP  = Ad(r_c)^T * blkdiag(Kp,KR) * Ad(r_c)
  Kp [t1,t2,n]     = [   2000.0,    2000.0,     350.0] N/m
  Dp [t1,t2,n]     = [    231.1,     178.0,     112.1] Ns/m     auto
  KR [t1,t2,n]     = [      5.0,       5.0,      50.0] Nm/rad
  DR [t1,t2,n]     = [      1.5,       1.9,       1.2] Nms/rad  auto
  p_c [EE]         = [      0.0,      90.0,       0.0] mm       commanded in the tool frame
  r_c [t1,t2,n]    = [      0.0,     -88.9,     -13.9] mm       p_c - p_TCP, in the plane
contact establishment:     t=  0.0 s | ee=  0.0 deg | F=  0.1 N | M=  0.0 Nm | contact= 19.8 mm
contact establishment:     t=  0.2 s | ee=  0.9 deg | F=  1.3 N | M=  0.5 Nm | contact=  7.3 mm
contact establishment:     t=  0.4 s | ee=  1.6 deg | F= 17.9 N | M=  0.5 Nm | contact=  3.8 mm
contact establishment:     t=  0.6 s | ee=  1.6 deg | F= 15.3 N | M=  0.7 Nm | contact=  3.7 mm
contact establishment:     t=  0.8 s | ee=  1.6 deg | F= 21.2 N | M=  0.9 Nm | contact=  3.9 mm
contact establishment:     t=  1.0 s | ee=  1.6 deg | F= 26.5 N | M=  1.1 Nm | contact=  4.0 mm
contact establishment:     t=  1.2 s | ee=  1.6 deg | F= 32.0 N | M=  1.4 Nm | contact=  4.2 mm
contact establishment:     t=  1.4 s | ee=  1.7 deg | F= 37.6 N | M=  1.8 Nm | contact=  4.3 mm
contact establishment:     t=  1.6 s | ee=  1.7 deg | F= 43.4 N | M=  2.1 Nm | contact=  4.5 mm
contact establishment:     t=  1.8 s | ee=  1.7 deg | F= 48.8 N | M=  2.4 Nm | contact=  4.6 mm
contact establishment:     t=  2.0 s | ee=  1.7 deg | F= 54.9 N | M=  2.8 Nm | contact=  4.8 mm
contact establishment:     t=  2.2 s | ee=  1.7 deg | F= 60.0 N | M=  3.2 Nm | contact=  4.9 mm
contact establishment:     t=  2.4 s | ee=  1.7 deg | F= 65.7 N | M=  3.6 Nm | contact=  5.1 mm
contact establishment:     t=  2.6 s | ee=  1.7 deg | F= 70.7 N | M=  3.9 Nm | contact=  5.2 mm
contact establishment:     t=  2.8 s | ee=  1.7 deg | F= 76.2 N | M=  4.2 Nm | contact=  5.4 mm
contact establishment:     t=  3.0 s | ee=  1.7 deg | F= 81.5 N | M=  4.6 Nm | contact=  5.5 mm
contact establishment:     t=  3.2 s | ee=  1.7 deg | F= 87.0 N | M=  4.9 Nm | contact=  5.7 mm
contact establishment:     t=  3.4 s | ee=  1.7 deg | F= 82.8 N | M=  4.6 Nm | contact=  5.6 mm
contact establishment:     t=  3.6 s | ee=  1.7 deg | F= 83.3 N | M=  4.5 Nm | contact=  5.6 mm
contact establishment:     t=  3.8 s | ee=  1.8 deg | F= 83.4 N | M=  4.6 Nm | contact=  5.6 mm
contact establishment:     t=  4.0 s | ee=  1.8 deg | F= 83.4 N | M=  4.7 Nm | contact=  5.6 mm
contact establishment:     t=  4.2 s | ee=  1.8 deg | F= 83.3 N | M=  4.7 Nm | contact=  5.6 mm
contact establishment:     t=  4.4 s | ee=  1.8 deg | F= 83.3 N | M=  4.7 Nm | contact=  5.6 mm
contact establishment:     t=  4.6 s | ee=  1.8 deg | F= 83.3 N | M=  4.7 Nm | contact=  5.6 mm
contact establishment:     t=  4.8 s | ee=  1.8 deg | F= 83.3 N | M=  4.7 Nm | contact=  5.6 mm

==============================================================================
  CONTACT-ESTABLISHMENT RESULT
==============================================================================
  stop: time | t=5.0 s | ee=1.8 deg | F=83.2 N | M_TCP=4.7 Nm
  contact_from_start = [-3.1, +0.3, -4.7] mm | norm=5.6 mm
  tcp_from_contact  = [-21.4, +56.7, +25.1] mm | norm=65.6 mm
  deviation: before=9.29 deg | after=10.34 deg | gain=-1.05 deg
  t_align: not reached | tolerance=2.00 deg | hold=0.30 s
  t_align_fraction: not reached | fraction=0.50 of the deviation at contact
  deviation_min: 9.24 deg at t=0.10 s
  align_status: not_aligned
  deviation components [t1,t2,n] deg: before=[-9.28,-0.43,-0.00] | after=[-10.15,-1.99,-0.00]

-- contact establishment surface-frame breakdown -----------------------------
  frame              alignment-target [tangent1, tangent2, normal]
  force        [N]      = [    +5.15,     +1.48,    -83.07]
  tcp_disp     [mm]     = [    -2.51,     -0.12,    -23.28]
  contact_disp [mm]     = [    -3.05,     +0.44,     -4.72]
  Kp_eff=F/tcp [N/m]    = [  -2053.5,  -12441.8,    3568.9]
  M_contact    [Nm]     = [    -0.02,     -0.82,     -0.04]
  ee_angle     [deg]    = [    -0.87,     -1.52,     -0.28]
  KR_eff=M/ang [Nm/rad] = [      1.5,      30.7,       8.3]
  frame              tool face [length, width, tool axis]
  M_contact    [Nm]     = [    +0.81,     +0.03,     -0.10]

-- center of compliance ------------------------------------------------------
  definition         r_c = p_c - p_TCP
  p_TCP [x,y,z]    = [    513.9,       0.3,      26.5] mm
  p_c [EE]         = [      0.0,      90.0,       0.0] mm
  r_c [t1,t2,n]    = [      0.1,     -88.7,     -15.3] mm
                     p_c resolved at end of contact establishment

-- effective TCP impedance ---------------------------------------------------
  K_TCP translation = [   1999.5,    1998.7,     351.8] N/m
  K_TCP rotation   = [      8.2,       5.4,      65.8] Nm/rad
  commanded KR was = [      5.0,       5.0,      50.0] Nm/rad   including lever contribution
  D_TCP translation = [    231.1,     178.0,     112.2] Ns/m
  D_TCP rotation   = [      2.4,       1.9,       3.0] Nms/rad
  coupling           max |moment per unit translation| = 178.1 Nm/m (K), 20.6 Nms/m (D)
  eigenvalues        K_TCP 4.96 .. 2017 | D_TCP 1.19 .. 233  (both positive: valid springs)

  K_TCP [N/m, Nm/rad | rows fx..mz, cols tx..rz]:
           tx        ty        tz    |    rx        ry        rz
  fx [    2000  -0.7871   -28.44 |    2.523   -25.63    178.1 ]
  fy [ -0.7871     1999   -45.62 |    29.68 0.0007943  -0.4772 ]
  fz [  -28.44   -45.62    351.8 |   -31.92    0.436   -2.524 ]
     ---------------------------+---------------------------
  mx [   2.523    29.68   -31.92 |    8.237 -0.01737   0.9943 ]
  my [  -25.63 0.0007943    0.436 | -0.01737    5.363   -1.039 ]
  mz [   178.1  -0.4772   -2.524 |   0.9943   -1.039    65.82 ]

  D_TCP [Ns/m, Nms/rad]:
           tx        ty        tz    |    rx        ry        rz
  fx [   231.1 -0.05678   -2.051 |    0.182   -2.962    20.59 ]
  fy [-0.05678      178   -1.822 |    2.443 0.0003566  -0.0413 ]
  fz [  -2.051   -1.822    112.2 |   -10.02  0.04914  -0.1824 ]
     ---------------------------+---------------------------
  mx [   0.182    2.443   -10.02 |    2.414 -0.00451  0.01075 ]
  my [  -2.962 0.0003566  0.04914 | -0.00451    1.933   -0.283 ]
  mz [   20.59  -0.0413  -0.1824 |  0.01075   -0.283    3.037 ]

[STATE] Pre-grinding hold active. Press Enter to start grinding (e+Enter stops).

-- state: pre_grinding_hold --------------------------------------------------
  motion             established contact command
  impedance          inherited from contact establishment
  keys               Enter continue | e stop

Stop requested with e + Enter. Finishing control loop...

-- joint motion [deg] --------------------------------------------------------
  joint       start    final    delta
  q1            0.8      0.5     -0.3
  q2           12.1     29.1    +17.0
  q3           -0.5     -1.1     -0.5
  q4         -130.9   -128.8     +2.1
  q5           -0.1     18.7    +18.8
  q6          142.9    152.0     +9.1
  q7           44.7     27.4    -17.3

==============================================================================
  FINAL RESULT
==============================================================================
  p_d              = [    512.3,      -6.1,    -210.1] mm
  p_EE             = [    513.9,       0.3,      26.5] mm
  e_p              = [     -1.6,      -6.4,    -236.6] mm
  e_R              = [    -0.88,     -1.53,     -0.22] deg
------------------------------------------------------------------------------
  position error     236.65 mm
  rotation error     1.78 deg
  csv                logs/surface_grinding_controller_log.csv
------------------------------------------------------------------------------
archived to /home/hm-panda/Desktop/Thesis_Final_Control/experiments/results/P2_t1_pos_m090/r03
== P2_t1_neg_m090 r01 ==
applied 106 overrides

==============================================================================
  SURFACE GRINDING CONTROLLER
==============================================================================
  robot              172.16.0.2
  parameters         /home/hm-panda/Desktop/Thesis_Final_Control/surface_grinding_controller/params
------------------------------------------------------------------------------

==============================================================================
  SURFACE GRINDING CONTROLLER - STARTUP MENU
==============================================================================

-- RUN MODES -----------------------------------------------------------------
  s      Run orientation, approach, contact establishment, and grinding
  h      Cartesian pose hold at the initial posture
  t      Cartesian pose hold with the contact establishment impedance
  g      Start manual guidance from the current robot pose

-- ROBOT PREPARATION ---------------------------------------------------------
  i      Move to the configured initial joint posture

-- GRIPPER AND TOOL ----------------------------------------------------------
  o      Open the gripper
  c      Grasp the tool
  r      Recalibrate the gripper with empty fingers
  f      Pick up the tool from the holder
  b      Return the tool to the holder

-- PROGRAM -------------------------------------------------------------------
  e      Exit
------------------------------------------------------------------------------
  During control: e = stop | m = startup menu | g = guidance
------------------------------------------------------------------------------
Selection [s/h/t/g/i/o/c/r/f/b/e]: 
-- SELECTED MODE: STATE SEQUENCE ---------------------------------------------

-- moving to q_init ----------------------------------------------------------
  case               saved_qinit
  q1..q7 [deg]     = [0.8, 12.1, -0.5, -130.9, -0.2, 142.9, 44.7] deg
  saved_qinit = [0.014777, 0.210911, -0.009320, -2.284835, -0.002725, 2.493410, 0.780694] rad
  q_init reached.

-- start pose ----------------------------------------------------------------
  q_start          = [0.8, 12.1, -0.5, -130.9, -0.1, 142.9, 44.7] deg
  p_start          = [    531.4,       2.4,     156.8] mm

==============================================================================
  RUN
==============================================================================

-- state: tool_orientation ---------------------------------------------------
  Kp [t1,t2,n]     = [    150.0,     150.0,     150.0] N/m
  Dp [t1,t2,n]     = [    133.7,      94.2,     128.3] Ns/m     auto (factor 1.90)
  KR [t1,t2,n]     = [    180.0,     180.0,      90.0] Nm/rad
  DR [t1,t2,n]     = [     15.3,      25.0,       2.0] Nms/rad  auto (factor 1.90)
orient:     t=  0.0 s | axis_err= 12.0 deg | spin_err=  0.9 deg
orient:     t=  0.2 s | axis_err= 10.6 deg | spin_err=  0.9 deg
orient:     t=  0.4 s | axis_err=  6.7 deg | spin_err=  0.6 deg
orient:     t=  0.6 s | axis_err=  2.8 deg | spin_err=  0.3 deg
orient:     t=  0.8 s | axis_err=  1.0 deg | spin_err=  0.2 deg

Orientation reached: axis_err=0.9 deg | spin_err=0.2 deg

-- state: surface_approach ---------------------------------------------------
  Kp [t1,t2,n]     = [    150.0,     150.0,     150.0] N/m
  Dp [t1,t2,n]     = [    133.7,      94.2,     128.3] Ns/m     auto (factor 1.90)
  KR [t1,t2,n]     = [    180.0,     180.0,      90.0] Nm/rad
  DR [t1,t2,n]     = [     15.3,      25.0,       2.0] Nms/rad  auto (factor 1.90)
  descend to         20 mm clearance at 0.100 m/s
descend:    t=  0.0 s | distance=   0.1 mm | height=+121.0 mm (target 20.0) | force=  0.0 N
descend:    t=  0.2 s | distance=  20.2 mm | height=+111.0 mm (target 20.0) | force=  1.8 N
descend:    t=  0.4 s | distance=  40.3 mm | height= +96.1 mm (target 20.0) | force=  2.4 N
descend:    t=  0.6 s | distance=  60.4 mm | height= +80.2 mm (target 20.0) | force=  2.5 N
descend:    t=  0.8 s | distance=  80.5 mm | height= +63.6 mm (target 20.0) | force=  1.8 N
descend:    t=  1.0 s | distance= 100.6 mm | height= +46.8 mm (target 20.0) | force=  2.2 N
descend:    t=  1.2 s | distance= 120.7 mm | height= +29.8 mm (target 20.0) | force=  1.7 N

Clearance reached: distance=132.5 mm | height=20.0 mm | target=20.0 mm | force=2.4 N
  offset_ee        = [     20.0,     -60.0,      20.0] mm
  p_EE_at_contact  = [    514.9,      -0.9,      50.7] mm
  contact_point    = [    533.3,      53.3,      -1.6] mm
  edge_offset      = [     18.4,      54.2,     -52.3] mm

-- state: contact_establishment ----------------------------------------------

-- contact establishment impedance -------------------------------------------
  law                wrench = K_TCP*dx + D_TCP*dv
                     K_TCP  = Ad(r_c)^T * blkdiag(Kp,KR) * Ad(r_c)
  Kp [t1,t2,n]     = [   2000.0,    2000.0,     350.0] N/m
  Dp [t1,t2,n]     = [    234.2,     174.5,     111.5] Ns/m     auto
  KR [t1,t2,n]     = [      5.0,       5.0,      50.0] Nm/rad
  DR [t1,t2,n]     = [      1.3,       2.0,       1.3] Nms/rad  auto
  p_c [EE]         = [      0.0,      90.0,       0.0] mm       commanded in the tool frame
  r_c [t1,t2,n]    = [      0.0,     -88.7,      15.2] mm       p_c - p_TCP, in the plane
contact establishment:     t=  0.0 s | ee=  0.0 deg | F=  0.1 N | M=  0.0 Nm | contact= 19.9 mm
contact establishment:     t=  0.2 s | ee=  0.8 deg | F=  0.3 N | M=  0.7 Nm | contact=  7.5 mm
contact establishment:     t=  0.4 s | ee=  1.2 deg | F= 12.9 N | M=  0.6 Nm | contact=  2.8 mm
contact establishment:     t=  0.6 s | ee=  1.2 deg | F= 15.8 N | M=  0.6 Nm | contact=  2.8 mm
contact establishment:     t=  0.8 s | ee=  1.3 deg | F= 21.4 N | M=  0.6 Nm | contact=  2.7 mm
contact establishment:     t=  1.0 s | ee=  1.4 deg | F= 26.3 N | M=  0.7 Nm | contact=  2.7 mm
contact establishment:     t=  1.2 s | ee=  1.8 deg | F= 31.3 N | M=  0.8 Nm | contact=  2.6 mm
contact establishment:     t=  1.4 s | ee=  2.8 deg | F= 37.0 N | M=  0.6 Nm | contact=  2.3 mm
contact establishment:     t=  1.6 s | ee=  4.0 deg | F= 41.7 N | M=  0.7 Nm | contact=  2.1 mm
contact establishment:     t=  1.8 s | ee=  6.9 deg | F= 41.3 N | M=  0.6 Nm | contact=  2.3 mm
contact establishment:     t=  2.0 s | ee= 10.4 deg | F= 43.8 N | M=  0.8 Nm | contact=  2.2 mm
contact establishment:     t=  2.2 s | ee= 11.8 deg | F= 51.3 N | M=  4.8 Nm | contact=  2.7 mm
contact establishment:     t=  2.4 s | ee= 11.8 deg | F= 57.0 N | M=  5.0 Nm | contact=  2.7 mm
contact establishment:     t=  2.6 s | ee= 11.8 deg | F= 62.3 N | M=  5.4 Nm | contact=  2.7 mm
contact establishment:     t=  2.8 s | ee= 11.8 deg | F= 68.0 N | M=  5.7 Nm | contact=  2.7 mm
contact establishment:     t=  3.0 s | ee= 11.8 deg | F= 73.7 N | M=  6.1 Nm | contact=  2.7 mm
contact establishment:     t=  3.2 s | ee= 11.8 deg | F= 79.6 N | M=  6.5 Nm | contact=  2.7 mm
contact establishment:     t=  3.4 s | ee= 11.8 deg | F= 74.2 N | M=  6.2 Nm | contact=  2.7 mm
contact establishment:     t=  3.6 s | ee= 11.8 deg | F= 74.1 N | M=  6.2 Nm | contact=  2.7 mm
contact establishment:     t=  3.8 s | ee= 11.8 deg | F= 74.0 N | M=  6.2 Nm | contact=  2.7 mm
contact establishment:     t=  4.0 s | ee= 11.8 deg | F= 74.0 N | M=  6.2 Nm | contact=  2.7 mm
contact establishment:     t=  4.2 s | ee= 11.8 deg | F= 74.0 N | M=  6.2 Nm | contact=  2.7 mm
contact establishment:     t=  4.4 s | ee= 11.8 deg | F= 73.9 N | M=  6.2 Nm | contact=  2.7 mm
contact establishment:     t=  4.6 s | ee= 11.8 deg | F= 73.9 N | M=  6.2 Nm | contact=  2.7 mm
contact establishment:     t=  4.8 s | ee= 11.8 deg | F= 73.9 N | M=  6.2 Nm | contact=  2.7 mm

==============================================================================
  CONTACT-ESTABLISHMENT RESULT
==============================================================================
  stop: time | t=5.0 s | ee=11.8 deg | F=73.9 N | M_TCP=6.2 Nm
  contact_from_start = [-2.3, +1.3, +0.6] mm | norm=2.7 mm
  tcp_from_contact  = [-21.0, -59.0, +21.1] mm | norm=66.1 mm
  deviation: before=9.35 deg | after=2.55 deg | gain=+6.81 deg
  t_align: not reached | tolerance=2.00 deg | hold=0.30 s
  t_align_fraction: 1.68 s | fraction=0.50 of the deviation at contact
  deviation_min: 0.30 deg at t=1.95 s
  align_status: not_aligned
  deviation components [t1,t2,n] deg: before=[+9.34,-0.52,+0.00] | after=[-2.48,-0.57,+0.00]

-- contact establishment surface-frame breakdown -----------------------------
  frame              alignment-target [tangent1, tangent2, normal]
  force        [N]      = [    +3.43,     +6.73,    -73.48]
  tcp_disp     [mm]     = [    -2.08,     -3.90,    -31.41]
  contact_disp [mm]     = [    -2.30,     +1.24,     +0.59]
  Kp_eff=F/tcp [N/m]    = [  -1648.9,   -1724.6,    2339.4]
  M_contact    [Nm]     = [   +10.46,     -0.65,     +0.08]
  ee_angle     [deg]    = [   -11.82,     -0.06,     -0.19]
  KR_eff=M/ang [Nm/rad] = [    -50.7,     610.9,     -24.0]
  frame              tool face [length, width, tool axis]
  M_contact    [Nm]     = [    +0.67,    -10.46,     -0.21]

-- center of compliance ------------------------------------------------------
  definition         r_c = p_c - p_TCP
  p_TCP [x,y,z]    = [    512.2,      -5.7,      19.4] mm
  p_c [EE]         = [      0.0,      90.0,       0.0] mm
  r_c [t1,t2,n]    = [      0.3,     -89.9,      -3.3] mm
                     p_c resolved at end of contact establishment

-- effective TCP impedance ---------------------------------------------------
  K_TCP translation = [   1999.5,    1998.7,     351.8] N/m
  K_TCP rotation   = [      7.9,       5.0,      66.1] Nm/rad
  commanded KR was = [      5.0,       5.0,      50.0] Nm/rad   including lever contribution
  D_TCP translation = [    234.2,     174.5,     111.6] Ns/m
  D_TCP rotation   = [      2.2,       2.0,       3.2] Nms/rad
  coupling           max |moment per unit translation| = 179.9 Nm/m (K), 21.1 Nms/m (D)
  eigenvalues        K_TCP 4.96 .. 2017 | D_TCP 1.26 .. 236  (both positive: valid springs)

  K_TCP [N/m, Nm/rad | rows fx..mz, cols tx..rz]:
           tx        ty        tz    |    rx        ry        rz
  fx [    2000  -0.7871   -28.44 |    2.559   -1.617    179.9 ]
  fy [ -0.7871     1999   -45.62 |    5.729  0.01093     0.38 ]
  fz [  -28.44   -45.62    351.8 |   -31.69 -0.05625    -2.57 ]
     ---------------------------+---------------------------
  mx [   2.559    5.729   -31.69 |     7.87  0.02654    1.007 ]
  my [  -1.617  0.01093 -0.05625 |  0.02654    5.036    1.099 ]
  mz [   179.9     0.38    -2.57 |    1.007    1.099    66.15 ]

  D_TCP [Ns/m, Nms/rad]:
           tx        ty        tz    |    rx        ry        rz
  fx [   234.2 -0.05855   -2.116 |   0.1903  -0.1897    21.07 ]
  fy [-0.05855    174.5   -1.743 |   0.2986 0.0004407  0.03409 ]
  fz [  -2.116   -1.743    111.6 |   -10.04 -0.02345  -0.1908 ]
     ---------------------------+---------------------------
  mx [  0.1903   0.2986   -10.04 |    2.173 0.002134  0.01807 ]
  my [ -0.1897 0.0004407 -0.02345 | 0.002134    2.048 -0.03723 ]
  mz [   21.07  0.03409  -0.1908 |  0.01807 -0.03723    3.216 ]

[STATE] Pre-grinding hold active. Press Enter to start grinding (e+Enter stops).

-- state: pre_grinding_hold --------------------------------------------------
  motion             established contact command
  impedance          inherited from contact establishment
  keys               Enter continue | e stop

Stop requested with e + Enter. Finishing control loop...

-- joint motion [deg] --------------------------------------------------------
  joint       start    final    delta
  q1            0.8     -8.3     -9.2
  q2           12.1     29.8    +17.6
  q3           -0.5      6.6     +7.1
  q4         -130.9   -130.5     +0.4
  q5           -0.1     -7.4     -7.2
  q6          142.9    156.8    +14.0
  q7           44.7     49.2     +4.5

==============================================================================
  FINAL RESULT
==============================================================================
  p_d              = [    510.4,      -8.1,    -209.1] mm
  p_EE             = [    512.2,      -5.7,      19.5] mm
  e_p              = [     -1.9,      -2.4,    -228.6] mm
  e_R              = [   -11.82,     -0.06,      0.01] deg
------------------------------------------------------------------------------
  position error     228.60 mm
  rotation error     11.82 deg
  csv                logs/surface_grinding_controller_log.csv
------------------------------------------------------------------------------
archived to /home/hm-panda/Desktop/Thesis_Final_Control/experiments/results/P2_t1_neg_m090/r01
== P2_t1_neg_m090 r02 ==
applied 106 overrides

==============================================================================
  SURFACE GRINDING CONTROLLER
==============================================================================
  robot              172.16.0.2
  parameters         /home/hm-panda/Desktop/Thesis_Final_Control/surface_grinding_controller/params
------------------------------------------------------------------------------

==============================================================================
  SURFACE GRINDING CONTROLLER - STARTUP MENU
==============================================================================

-- RUN MODES -----------------------------------------------------------------
  s      Run orientation, approach, contact establishment, and grinding
  h      Cartesian pose hold at the initial posture
  t      Cartesian pose hold with the contact establishment impedance
  g      Start manual guidance from the current robot pose

-- ROBOT PREPARATION ---------------------------------------------------------
  i      Move to the configured initial joint posture

-- GRIPPER AND TOOL ----------------------------------------------------------
  o      Open the gripper
  c      Grasp the tool
  r      Recalibrate the gripper with empty fingers
  f      Pick up the tool from the holder
  b      Return the tool to the holder

-- PROGRAM -------------------------------------------------------------------
  e      Exit
------------------------------------------------------------------------------
  During control: e = stop | m = startup menu | g = guidance
------------------------------------------------------------------------------
Selection [s/h/t/g/i/o/c/r/f/b/e]: 
-- SELECTED MODE: STATE SEQUENCE ---------------------------------------------

-- moving to q_init ----------------------------------------------------------
  case               saved_qinit
  q1..q7 [deg]     = [0.8, 12.1, -0.5, -130.9, -0.2, 142.9, 44.7] deg
  saved_qinit = [0.014777, 0.210911, -0.009320, -2.284835, -0.002725, 2.493410, 0.780694] rad
  q_init reached.

-- start pose ----------------------------------------------------------------
  q_start          = [0.8, 12.1, -0.5, -130.9, -0.2, 142.9, 44.7] deg
  p_start          = [    531.3,       2.4,     156.8] mm

==============================================================================
  RUN
==============================================================================

-- state: tool_orientation ---------------------------------------------------
  Kp [t1,t2,n]     = [    150.0,     150.0,     150.0] N/m
  Dp [t1,t2,n]     = [    133.7,      94.2,     128.3] Ns/m     auto (factor 1.90)
  KR [t1,t2,n]     = [    180.0,     180.0,      90.0] Nm/rad
  DR [t1,t2,n]     = [     15.3,      25.0,       2.0] Nms/rad  auto (factor 1.90)
orient:     t=  0.0 s | axis_err= 12.0 deg | spin_err=  0.9 deg
orient:     t=  0.2 s | axis_err= 10.3 deg | spin_err=  0.9 deg
orient:     t=  0.4 s | axis_err=  6.6 deg | spin_err=  0.6 deg
orient:     t=  0.6 s | axis_err=  2.7 deg | spin_err=  0.3 deg
orient:     t=  0.8 s | axis_err=  1.0 deg | spin_err=  0.2 deg

Orientation reached: axis_err=0.8 deg | spin_err=0.2 deg

-- state: surface_approach ---------------------------------------------------
  Kp [t1,t2,n]     = [    150.0,     150.0,     150.0] N/m
  Dp [t1,t2,n]     = [    133.7,      94.2,     128.3] Ns/m     auto (factor 1.90)
  KR [t1,t2,n]     = [    180.0,     180.0,      90.0] Nm/rad
  DR [t1,t2,n]     = [     15.3,      25.0,       2.0] Nms/rad  auto (factor 1.90)
  descend to         20 mm clearance at 0.100 m/s
descend:    t=  0.0 s | distance=   0.1 mm | height=+121.1 mm (target 20.0) | force= -0.0 N
descend:    t=  0.2 s | distance=  20.2 mm | height=+110.8 mm (target 20.0) | force=  1.5 N
descend:    t=  0.4 s | distance=  40.3 mm | height= +95.8 mm (target 20.0) | force=  1.9 N
descend:    t=  0.6 s | distance=  60.4 mm | height= +79.6 mm (target 20.0) | force=  2.2 N
descend:    t=  0.8 s | distance=  80.5 mm | height= +62.9 mm (target 20.0) | force=  1.3 N
descend:    t=  1.0 s | distance= 100.6 mm | height= +46.0 mm (target 20.0) | force=  2.5 N
descend:    t=  1.2 s | distance= 120.7 mm | height= +29.3 mm (target 20.0) | force=  1.5 N

Clearance reached: distance=131.7 mm | height=20.0 mm | target=20.0 mm | force=2.5 N
  offset_ee        = [     20.0,     -60.0,      20.0] mm
  p_EE_at_contact  = [    514.2,       0.0,      50.8] mm
  contact_point    = [    532.7,      54.2,      -1.7] mm
  edge_offset      = [     18.5,      54.1,     -52.5] mm

-- state: contact_establishment ----------------------------------------------

-- contact establishment impedance -------------------------------------------
  law                wrench = K_TCP*dx + D_TCP*dv
                     K_TCP  = Ad(r_c)^T * blkdiag(Kp,KR) * Ad(r_c)
  Kp [t1,t2,n]     = [   2000.0,    2000.0,     350.0] N/m
  Dp [t1,t2,n]     = [    234.1,     174.7,     111.5] Ns/m     auto
  KR [t1,t2,n]     = [      5.0,       5.0,      50.0] Nm/rad
  DR [t1,t2,n]     = [      1.3,       2.0,       1.3] Nms/rad  auto
  p_c [EE]         = [      0.0,      90.0,       0.0] mm       commanded in the tool frame
  r_c [t1,t2,n]    = [     -0.1,     -88.7,      15.4] mm       p_c - p_TCP, in the plane
contact establishment:     t=  0.0 s | ee=  0.0 deg | F=  0.1 N | M=  0.0 Nm | contact= 19.9 mm
contact establishment:     t=  0.2 s | ee=  0.9 deg | F=  0.7 N | M=  0.5 Nm | contact=  7.6 mm
contact establishment:     t=  0.4 s | ee=  1.3 deg | F= 12.6 N | M=  0.6 Nm | contact=  2.9 mm
contact establishment:     t=  0.6 s | ee=  1.3 deg | F= 16.3 N | M=  0.5 Nm | contact=  2.8 mm
contact establishment:     t=  0.8 s | ee=  1.3 deg | F= 21.1 N | M=  0.6 Nm | contact=  2.8 mm
contact establishment:     t=  1.0 s | ee=  1.5 deg | F= 25.7 N | M=  0.7 Nm | contact=  2.9 mm
contact establishment:     t=  1.2 s | ee=  2.0 deg | F= 31.1 N | M=  0.7 Nm | contact=  2.6 mm
contact establishment:     t=  1.4 s | ee=  3.3 deg | F= 35.2 N | M=  0.5 Nm | contact=  2.5 mm
contact establishment:     t=  1.6 s | ee=  4.7 deg | F= 39.8 N | M=  0.5 Nm | contact=  2.4 mm
contact establishment:     t=  1.8 s | ee=  8.1 deg | F= 39.4 N | M=  0.5 Nm | contact=  2.5 mm
contact establishment:     t=  2.0 s | ee= 11.3 deg | F= 44.0 N | M=  0.8 Nm | contact=  2.4 mm
contact establishment:     t=  2.2 s | ee= 11.9 deg | F= 51.2 N | M=  4.6 Nm | contact=  2.7 mm
contact establishment:     t=  2.4 s | ee= 11.9 deg | F= 56.5 N | M=  4.9 Nm | contact=  2.7 mm
contact establishment:     t=  2.6 s | ee= 11.9 deg | F= 62.0 N | M=  5.3 Nm | contact=  2.7 mm
contact establishment:     t=  2.8 s | ee= 11.9 deg | F= 67.6 N | M=  5.6 Nm | contact=  2.7 mm
contact establishment:     t=  3.0 s | ee= 11.9 deg | F= 73.5 N | M=  5.9 Nm | contact=  2.7 mm
contact establishment:     t=  3.2 s | ee= 11.9 deg | F= 79.2 N | M=  6.3 Nm | contact=  2.7 mm
contact establishment:     t=  3.4 s | ee= 11.9 deg | F= 73.7 N | M=  6.0 Nm | contact=  2.7 mm
contact establishment:     t=  3.6 s | ee= 11.9 deg | F= 73.6 N | M=  6.0 Nm | contact=  2.7 mm
contact establishment:     t=  3.8 s | ee= 11.9 deg | F= 73.5 N | M=  6.0 Nm | contact=  2.7 mm
contact establishment:     t=  4.0 s | ee= 11.9 deg | F= 73.5 N | M=  6.0 Nm | contact=  2.7 mm
contact establishment:     t=  4.2 s | ee= 11.9 deg | F= 73.5 N | M=  6.0 Nm | contact=  2.7 mm
contact establishment:     t=  4.4 s | ee= 11.9 deg | F= 73.4 N | M=  6.0 Nm | contact=  2.7 mm
contact establishment:     t=  4.6 s | ee= 11.9 deg | F= 73.3 N | M=  5.9 Nm | contact=  2.7 mm
contact establishment:     t=  4.8 s | ee= 11.9 deg | F= 73.3 N | M=  5.9 Nm | contact=  2.7 mm

==============================================================================
  CONTACT-ESTABLISHMENT RESULT
==============================================================================
  stop: time | t=5.0 s | ee=11.9 deg | F=73.4 N | M_TCP=5.9 Nm
  contact_from_start = [-2.4, +1.1, +0.5] mm | norm=2.7 mm
  tcp_from_contact  = [-21.1, -59.1, +21.1] mm | norm=66.2 mm
  deviation: before=9.48 deg | after=2.57 deg | gain=+6.91 deg
  t_align: not reached | tolerance=2.00 deg | hold=0.30 s
  t_align_fraction: 1.61 s | fraction=0.50 of the deviation at contact
  deviation_min: 0.53 deg at t=1.90 s
  align_status: not_aligned
  deviation components [t1,t2,n] deg: before=[+9.47,-0.49,+0.00] | after=[-2.45,-0.76,+0.00]

-- contact establishment surface-frame breakdown -----------------------------
  frame              alignment-target [tangent1, tangent2, normal]
  force        [N]      = [    +2.74,     +7.12,    -73.05]
  tcp_disp     [mm]     = [    -2.09,     -4.11,    -31.55]
  contact_disp [mm]     = [    -2.43,     +1.11,     +0.50]
  Kp_eff=F/tcp [N/m]    = [  -1313.4,   -1734.1,    2315.1]
  M_contact    [Nm]     = [   +10.22,     -0.81,     +0.06]
  ee_angle     [deg]    = [   -11.92,     -0.28,     -0.22]
  KR_eff=M/ang [Nm/rad] = [    -49.1,     162.3,     -15.7]
  frame              tool face [length, width, tool axis]
  M_contact    [Nm]     = [    +0.84,    -10.22,     -0.23]

-- center of compliance ------------------------------------------------------
  definition         r_c = p_c - p_TCP
  p_TCP [x,y,z]    = [    511.6,      -4.9,      19.4] mm
  p_c [EE]         = [      0.0,      90.0,       0.0] mm
  r_c [t1,t2,n]    = [      0.3,     -89.9,      -3.3] mm
                     p_c resolved at end of contact establishment

-- effective TCP impedance ---------------------------------------------------
  K_TCP translation = [   1999.5,    1998.7,     351.8] N/m
  K_TCP rotation   = [      7.9,       5.0,      66.1] Nm/rad
  commanded KR was = [      5.0,       5.0,      50.0] Nm/rad   including lever contribution
  D_TCP translation = [    234.1,     174.7,     111.6] Ns/m
  D_TCP rotation   = [      2.2,       2.0,       3.2] Nms/rad
  coupling           max |moment per unit translation| = 179.9 Nm/m (K), 21.1 Nms/m (D)
  eigenvalues        K_TCP 4.96 .. 2017 | D_TCP 1.26 .. 236  (both positive: valid springs)

  K_TCP [N/m, Nm/rad | rows fx..mz, cols tx..rz]:
           tx        ty        tz    |    rx        ry        rz
  fx [    2000  -0.7871   -28.44 |    2.559   -1.528    179.9 ]
  fy [ -0.7871     1999   -45.62 |     5.64  0.01179    0.419 ]
  fz [  -28.44   -45.62    351.8 |   -31.69 -0.06437   -2.571 ]
     ---------------------------+---------------------------
  mx [   2.559     5.64   -31.69 |     7.87  0.02727    1.007 ]
  my [  -1.528  0.01179 -0.06437 |  0.02727    5.036    1.107 ]
  mz [   179.9    0.419   -2.571 |    1.007    1.107    66.15 ]

  D_TCP [Ns/m, Nms/rad]:
           tx        ty        tz    |    rx        ry        rz
  fx [   234.1  -0.0585   -2.114 |   0.1902  -0.1792    21.07 ]
  fy [ -0.0585    174.7   -1.747 |   0.2914 0.0004732  0.03754 ]
  fz [  -2.114   -1.747    111.6 |   -10.04 -0.02572  -0.1906 ]
     ---------------------------+---------------------------
  mx [  0.1902   0.2914   -10.04 |    2.175 0.002343  0.01819 ]
  my [ -0.1792 0.0004732 -0.02572 | 0.002343    2.046 -0.03596 ]
  mz [   21.07  0.03754  -0.1906 |  0.01819 -0.03596    3.226 ]

[STATE] Pre-grinding hold active. Press Enter to start grinding (e+Enter stops).

-- state: pre_grinding_hold --------------------------------------------------
  motion             established contact command
  impedance          inherited from contact establishment
  keys               Enter continue | e stop

Stop requested with e + Enter. Finishing control loop...

-- joint motion [deg] --------------------------------------------------------
  joint       start    final    delta
  q1            0.8     -8.4     -9.2
  q2           12.1     29.7    +17.6
  q3           -0.5      6.7     +7.2
  q4         -130.9   -130.5     +0.4
  q5           -0.2     -7.5     -7.3
  q6          142.9    156.6    +13.7
  q7           44.7     49.4     +4.6

==============================================================================
  FINAL RESULT
==============================================================================
  p_d              = [    509.8,      -7.2,    -209.0] mm
  p_EE             = [    511.6,      -4.9,      19.4] mm
  e_p              = [     -1.9,      -2.2,    -228.5] mm
  e_R              = [   -11.93,     -0.29,     -0.00] deg
------------------------------------------------------------------------------
  position error     228.49 mm
  rotation error     11.93 deg
  csv                logs/surface_grinding_controller_log.csv
------------------------------------------------------------------------------
archived to /home/hm-panda/Desktop/Thesis_Final_Control/experiments/results/P2_t1_neg_m090/r02
== P2_t1_neg_m090 r03 ==
applied 106 overrides

==============================================================================
  SURFACE GRINDING CONTROLLER
==============================================================================
  robot              172.16.0.2
  parameters         /home/hm-panda/Desktop/Thesis_Final_Control/surface_grinding_controller/params
------------------------------------------------------------------------------

==============================================================================
  SURFACE GRINDING CONTROLLER - STARTUP MENU
==============================================================================

-- RUN MODES -----------------------------------------------------------------
  s      Run orientation, approach, contact establishment, and grinding
  h      Cartesian pose hold at the initial posture
  t      Cartesian pose hold with the contact establishment impedance
  g      Start manual guidance from the current robot pose

-- ROBOT PREPARATION ---------------------------------------------------------
  i      Move to the configured initial joint posture

-- GRIPPER AND TOOL ----------------------------------------------------------
  o      Open the gripper
  c      Grasp the tool
  r      Recalibrate the gripper with empty fingers
  f      Pick up the tool from the holder
  b      Return the tool to the holder

-- PROGRAM -------------------------------------------------------------------
  e      Exit
------------------------------------------------------------------------------
  During control: e = stop | m = startup menu | g = guidance
------------------------------------------------------------------------------
Selection [s/h/t/g/i/o/c/r/f/b/e]: 
-- SELECTED MODE: STATE SEQUENCE ---------------------------------------------

-- moving to q_init ----------------------------------------------------------
  case               saved_qinit
  q1..q7 [deg]     = [0.8, 12.1, -0.5, -130.9, -0.2, 142.9, 44.7] deg
  saved_qinit = [0.014777, 0.210911, -0.009320, -2.284835, -0.002725, 2.493410, 0.780694] rad
  q_init reached.

-- start pose ----------------------------------------------------------------
  q_start          = [0.8, 12.1, -0.5, -130.9, -0.2, 142.9, 44.7] deg
  p_start          = [    531.3,       2.4,     156.8] mm

==============================================================================
  RUN
==============================================================================

-- state: tool_orientation ---------------------------------------------------
  Kp [t1,t2,n]     = [    150.0,     150.0,     150.0] N/m
  Dp [t1,t2,n]     = [    133.7,      94.2,     128.3] Ns/m     auto (factor 1.90)
  KR [t1,t2,n]     = [    180.0,     180.0,      90.0] Nm/rad
  DR [t1,t2,n]     = [     15.3,      25.0,       2.0] Nms/rad  auto (factor 1.90)
orient:     t=  0.0 s | axis_err= 12.0 deg | spin_err=  0.9 deg
orient:     t=  0.2 s | axis_err= 10.3 deg | spin_err=  0.9 deg
orient:     t=  0.4 s | axis_err=  6.6 deg | spin_err=  0.6 deg
orient:     t=  0.6 s | axis_err=  2.7 deg | spin_err=  0.3 deg
orient:     t=  0.8 s | axis_err=  0.9 deg | spin_err=  0.2 deg

Orientation reached: axis_err=0.8 deg | spin_err=0.2 deg

-- state: surface_approach ---------------------------------------------------
  Kp [t1,t2,n]     = [    150.0,     150.0,     150.0] N/m
  Dp [t1,t2,n]     = [    133.7,      94.2,     128.3] Ns/m     auto (factor 1.90)
  KR [t1,t2,n]     = [    180.0,     180.0,      90.0] Nm/rad
  DR [t1,t2,n]     = [     15.3,      25.0,       2.0] Nms/rad  auto (factor 1.90)
  descend to         20 mm clearance at 0.100 m/s
descend:    t=  0.0 s | distance=   0.1 mm | height=+120.9 mm (target 20.0) | force=  0.0 N
descend:    t=  0.2 s | distance=  20.2 mm | height=+110.7 mm (target 20.0) | force=  1.4 N
descend:    t=  0.4 s | distance=  40.3 mm | height= +95.7 mm (target 20.0) | force=  2.0 N
descend:    t=  0.6 s | distance=  60.4 mm | height= +79.5 mm (target 20.0) | force=  2.0 N
descend:    t=  0.8 s | distance=  80.5 mm | height= +62.8 mm (target 20.0) | force=  1.3 N
descend:    t=  1.0 s | distance= 100.6 mm | height= +45.8 mm (target 20.0) | force=  2.6 N
descend:    t=  1.2 s | distance= 120.7 mm | height= +29.0 mm (target 20.0) | force=  1.5 N

Clearance reached: distance=131.5 mm | height=19.9 mm | target=20.0 mm | force=2.2 N
  offset_ee        = [     20.0,     -60.0,      20.0] mm
  p_EE_at_contact  = [    514.7,       0.2,      50.7] mm
  contact_point    = [    533.1,      54.3,      -1.7] mm
  edge_offset      = [     18.5,      54.1,     -52.4] mm

-- state: contact_establishment ----------------------------------------------

-- contact establishment impedance -------------------------------------------
  law                wrench = K_TCP*dx + D_TCP*dv
                     K_TCP  = Ad(r_c)^T * blkdiag(Kp,KR) * Ad(r_c)
  Kp [t1,t2,n]     = [   2000.0,    2000.0,     350.0] N/m
  Dp [t1,t2,n]     = [    234.1,     174.7,     111.5] Ns/m     auto
  KR [t1,t2,n]     = [      5.0,       5.0,      50.0] Nm/rad
  DR [t1,t2,n]     = [      1.3,       2.0,       1.3] Nms/rad  auto
  p_c [EE]         = [      0.0,      90.0,       0.0] mm       commanded in the tool frame
  r_c [t1,t2,n]    = [     -0.1,     -88.7,      15.4] mm       p_c - p_TCP, in the plane
contact establishment:     t=  0.0 s | ee=  0.0 deg | F=  0.2 N | M=  0.0 Nm | contact= 19.8 mm
contact establishment:     t=  0.2 s | ee=  0.8 deg | F=  0.2 N | M=  0.5 Nm | contact=  7.5 mm
contact establishment:     t=  0.4 s | ee=  1.2 deg | F= 12.8 N | M=  0.5 Nm | contact=  2.8 mm
contact establishment:     t=  0.6 s | ee=  1.3 deg | F= 16.0 N | M=  0.5 Nm | contact=  2.8 mm
contact establishment:     t=  0.8 s | ee=  1.3 deg | F= 21.3 N | M=  0.6 Nm | contact=  2.8 mm
contact establishment:     t=  1.0 s | ee=  1.4 deg | F= 26.1 N | M=  0.6 Nm | contact=  2.9 mm
contact establishment:     t=  1.2 s | ee=  2.0 deg | F= 31.0 N | M=  0.6 Nm | contact=  2.7 mm
contact establishment:     t=  1.4 s | ee=  3.3 deg | F= 35.2 N | M=  0.4 Nm | contact=  2.5 mm
contact establishment:     t=  1.6 s | ee=  4.7 deg | F= 40.6 N | M=  0.4 Nm | contact=  2.5 mm
contact establishment:     t=  1.8 s | ee=  8.0 deg | F= 39.1 N | M=  0.4 Nm | contact=  2.5 mm
contact establishment:     t=  2.0 s | ee= 11.4 deg | F= 44.0 N | M=  0.6 Nm | contact=  2.6 mm
contact establishment:     t=  2.2 s | ee= 12.0 deg | F= 51.5 N | M=  4.6 Nm | contact=  2.8 mm
contact establishment:     t=  2.4 s | ee= 12.0 deg | F= 57.0 N | M=  4.9 Nm | contact=  2.8 mm
contact establishment:     t=  2.6 s | ee= 12.0 deg | F= 62.8 N | M=  5.2 Nm | contact=  2.8 mm
contact establishment:     t=  2.8 s | ee= 12.0 deg | F= 68.7 N | M=  5.6 Nm | contact=  2.9 mm
contact establishment:     t=  3.0 s | ee= 12.0 deg | F= 73.6 N | M=  6.0 Nm | contact=  2.9 mm
contact establishment:     t=  3.2 s | ee= 12.0 deg | F= 79.3 N | M=  6.3 Nm | contact=  2.9 mm
contact establishment:     t=  3.4 s | ee= 12.0 deg | F= 74.1 N | M=  6.0 Nm | contact=  2.9 mm
contact establishment:     t=  3.6 s | ee= 12.0 deg | F= 74.0 N | M=  6.0 Nm | contact=  2.9 mm
contact establishment:     t=  3.8 s | ee= 12.0 deg | F= 74.0 N | M=  6.0 Nm | contact=  2.9 mm
contact establishment:     t=  4.0 s | ee= 12.0 deg | F= 73.9 N | M=  6.0 Nm | contact=  2.9 mm
contact establishment:     t=  4.2 s | ee= 12.0 deg | F= 74.0 N | M=  6.0 Nm | contact=  2.9 mm
contact establishment:     t=  4.4 s | ee= 12.0 deg | F= 73.9 N | M=  6.0 Nm | contact=  2.9 mm
contact establishment:     t=  4.6 s | ee= 12.0 deg | F= 73.8 N | M=  6.0 Nm | contact=  2.9 mm
contact establishment:     t=  4.8 s | ee= 12.0 deg | F= 73.8 N | M=  6.0 Nm | contact=  2.9 mm

==============================================================================
  CONTACT-ESTABLISHMENT RESULT
==============================================================================
  stop: time | t=5.0 s | ee=12.0 deg | F=73.8 N | M_TCP=6.0 Nm
  contact_from_start = [-2.4, +1.5, +0.5] mm | norm=2.9 mm
  tcp_from_contact  = [-21.1, -58.8, +21.1] mm | norm=65.9 mm
  deviation: before=9.48 deg | after=2.66 deg | gain=+6.83 deg
  t_align: not reached | tolerance=2.00 deg | hold=0.30 s
  t_align_fraction: 1.61 s | fraction=0.50 of the deviation at contact
  deviation_min: 0.62 deg at t=1.88 s
  align_status: not_aligned
  deviation components [t1,t2,n] deg: before=[+9.47,-0.49,+0.00] | after=[-2.51,-0.88,+0.00]

-- contact establishment surface-frame breakdown -----------------------------
  frame              alignment-target [tangent1, tangent2, normal]
  force        [N]      = [    +2.89,     +6.78,    -73.39]
  tcp_disp     [mm]     = [    -2.07,     -3.77,    -31.48]
  contact_disp [mm]     = [    -2.42,     +1.45,     +0.53]
  Kp_eff=F/tcp [N/m]    = [  -1394.2,   -1795.9,    2331.5]
  M_contact    [Nm]     = [   +10.27,     -0.97,     +0.12]
  ee_angle     [deg]    = [   -11.98,     -0.40,     -0.17]
  KR_eff=M/ang [Nm/rad] = [    -49.1,     137.9,     -39.4]
  frame              tool face [length, width, tool axis]
  M_contact    [Nm]     = [    +0.99,    -10.27,     -0.32]

-- center of compliance ------------------------------------------------------
  definition         r_c = p_c - p_TCP
  p_TCP [x,y,z]    = [    512.0,      -4.5,      19.4] mm
  p_c [EE]         = [      0.0,      90.0,       0.0] mm
  r_c [t1,t2,n]    = [      0.2,     -89.9,      -3.3] mm
                     p_c resolved at end of contact establishment

-- effective TCP impedance ---------------------------------------------------
  K_TCP translation = [   1999.5,    1998.7,     351.8] N/m
  K_TCP rotation   = [      7.9,       5.0,      66.1] Nm/rad
  commanded KR was = [      5.0,       5.0,      50.0] Nm/rad   including lever contribution
  D_TCP translation = [    234.1,     174.7,     111.5] Ns/m
  D_TCP rotation   = [      2.2,       2.0,       3.2] Nms/rad
  coupling           max |moment per unit translation| = 179.9 Nm/m (K), 21.1 Nms/m (D)
  eigenvalues        K_TCP 4.96 .. 2017 | D_TCP 1.26 .. 236  (both positive: valid springs)

  K_TCP [N/m, Nm/rad | rows fx..mz, cols tx..rz]:
           tx        ty        tz    |    rx        ry        rz
  fx [    2000  -0.7871   -28.44 |    2.559   -1.709    179.9 ]
  fy [ -0.7871     1999   -45.62 |    5.819 0.008966   0.2924 ]
  fz [  -28.44   -45.62    351.8 |    -31.7 -0.03954   -2.568 ]
     ---------------------------+---------------------------
  mx [   2.559    5.819    -31.7 |    7.871  0.02503    1.007 ]
  my [  -1.709 0.008966 -0.03954 |  0.02503    5.036     1.09 ]
  mz [   179.9   0.2924   -2.568 |    1.007     1.09    66.15 ]

  D_TCP [Ns/m, Nms/rad]:
           tx        ty        tz    |    rx        ry        rz
  fx [   234.1 -0.05852   -2.114 |   0.1902  -0.2003    21.07 ]
  fy [-0.05852    174.7   -1.748 |   0.3071 0.0003679  0.02648 ]
  fz [  -2.114   -1.748    111.5 |   -10.04 -0.01846  -0.1906 ]
     ---------------------------+---------------------------
  mx [  0.1902   0.3071   -10.04 |    2.175 0.001689  0.01818 ]
  my [ -0.2003 0.0003679 -0.01846 | 0.001689    2.046 -0.03786 ]
  mz [   21.07  0.02648  -0.1906 |  0.01818 -0.03786    3.226 ]

[STATE] Pre-grinding hold active. Press Enter to start grinding (e+Enter stops).

-- state: pre_grinding_hold --------------------------------------------------
  motion             established contact command
  impedance          inherited from contact establishment
  keys               Enter continue | e stop

Stop requested with e + Enter. Finishing control loop...

-- joint motion [deg] --------------------------------------------------------
  joint       start    final    delta
  q1            0.8     -8.8     -9.6
  q2           12.1     29.8    +17.7
  q3           -0.5      7.1     +7.6
  q4         -130.9   -130.3     +0.6
  q5           -0.2     -7.8     -7.7
  q6          142.9    156.4    +13.5
  q7           44.7     49.7     +4.9

==============================================================================
  FINAL RESULT
==============================================================================
  p_d              = [    510.2,      -7.0,    -209.0] mm
  p_EE             = [    512.0,      -4.5,      19.4] mm
  e_p              = [     -1.9,      -2.5,    -228.5] mm
  e_R              = [   -11.98,     -0.40,      0.05] deg
------------------------------------------------------------------------------
  position error     228.49 mm
  rotation error     11.99 deg
  csv                logs/surface_grinding_controller_log.csv
------------------------------------------------------------------------------
archived to /home/hm-panda/Desktop/Thesis_Final_Control/experiments/results/P2_t1_neg_m090/r03
== P2_t1_pos_p090 r01 ==
applied 106 overrides

==============================================================================
  SURFACE GRINDING CONTROLLER
==============================================================================
  robot              172.16.0.2
  parameters         /home/hm-panda/Desktop/Thesis_Final_Control/surface_grinding_controller/params
------------------------------------------------------------------------------

==============================================================================
  SURFACE GRINDING CONTROLLER - STARTUP MENU
==============================================================================

-- RUN MODES -----------------------------------------------------------------
  s      Run orientation, approach, contact establishment, and grinding
  h      Cartesian pose hold at the initial posture
  t      Cartesian pose hold with the contact establishment impedance
  g      Start manual guidance from the current robot pose

-- ROBOT PREPARATION ---------------------------------------------------------
  i      Move to the configured initial joint posture

-- GRIPPER AND TOOL ----------------------------------------------------------
  o      Open the gripper
  c      Grasp the tool
  r      Recalibrate the gripper with empty fingers
  f      Pick up the tool from the holder
  b      Return the tool to the holder

-- PROGRAM -------------------------------------------------------------------
  e      Exit
------------------------------------------------------------------------------
  During control: e = stop | m = startup menu | g = guidance
------------------------------------------------------------------------------
Selection [s/h/t/g/i/o/c/r/f/b/e]: 
-- SELECTED MODE: STATE SEQUENCE ---------------------------------------------

-- moving to q_init ----------------------------------------------------------
  case               saved_qinit
  q1..q7 [deg]     = [0.8, 12.1, -0.5, -130.9, -0.2, 142.9, 44.7] deg
  saved_qinit = [0.014777, 0.210911, -0.009320, -2.284835, -0.002725, 2.493410, 0.780694] rad
  q_init reached.

-- start pose ----------------------------------------------------------------
  q_start          = [0.8, 12.1, -0.5, -130.9, -0.2, 142.9, 44.7] deg
  p_start          = [    531.4,       2.4,     156.8] mm

==============================================================================
  RUN
==============================================================================

-- state: tool_orientation ---------------------------------------------------
  Kp [t1,t2,n]     = [    150.0,     150.0,     150.0] N/m
  Dp [t1,t2,n]     = [    133.7,      94.2,     128.3] Ns/m     auto (factor 1.90)
  KR [t1,t2,n]     = [    180.0,     180.0,      90.0] Nm/rad
  DR [t1,t2,n]     = [     15.3,      25.0,       2.0] Nms/rad  auto (factor 1.90)
orient:     t=  0.0 s | axis_err=  8.6 deg | spin_err=  0.5 deg
orient:     t=  0.2 s | axis_err=  7.3 deg | spin_err=  0.2 deg
orient:     t=  0.4 s | axis_err=  3.3 deg | spin_err=  0.2 deg
orient:     t=  0.6 s | axis_err=  1.1 deg | spin_err=  0.2 deg
orient:     t=  0.8 s | axis_err=  0.9 deg | spin_err=  0.2 deg

Orientation reached: axis_err=0.8 deg | spin_err=0.2 deg

-- state: surface_approach ---------------------------------------------------
  Kp [t1,t2,n]     = [    150.0,     150.0,     150.0] N/m
  Dp [t1,t2,n]     = [    133.7,      94.2,     128.3] Ns/m     auto (factor 1.90)
  KR [t1,t2,n]     = [    180.0,     180.0,      90.0] Nm/rad
  DR [t1,t2,n]     = [     15.3,      25.0,       2.0] Nms/rad  auto (factor 1.90)
  descend to         20 mm clearance at 0.100 m/s
descend:    t=  0.0 s | distance=   0.1 mm | height=+122.1 mm (target 20.0) | force=  0.0 N
descend:    t=  0.2 s | distance=  20.2 mm | height=+111.5 mm (target 20.0) | force=  1.3 N
descend:    t=  0.4 s | distance=  40.3 mm | height= +96.3 mm (target 20.0) | force=  2.3 N
descend:    t=  0.6 s | distance=  60.4 mm | height= +80.1 mm (target 20.0) | force=  2.1 N
descend:    t=  0.8 s | distance=  80.5 mm | height= +62.8 mm (target 20.0) | force=  2.3 N
descend:    t=  1.0 s | distance= 100.6 mm | height= +45.7 mm (target 20.0) | force=  3.1 N
descend:    t=  1.2 s | distance= 120.7 mm | height= +28.3 mm (target 20.0) | force=  2.5 N

Clearance reached: distance=130.6 mm | height=20.0 mm | target=20.0 mm | force=1.9 N
  offset_ee        = [     20.0,      60.0,      20.0] mm
  p_EE_at_contact  = [    516.7,       1.9,      49.8] mm
  contact_point    = [    535.2,     -55.5,       1.3] mm
  edge_offset      = [     18.5,     -57.4,     -48.5] mm

-- state: contact_establishment ----------------------------------------------

-- contact establishment impedance -------------------------------------------
  law                wrench = K_TCP*dx + D_TCP*dv
                     K_TCP  = Ad(r_c)^T * blkdiag(Kp,KR) * Ad(r_c)
  Kp [t1,t2,n]     = [   2000.0,    2000.0,     350.0] N/m
  Dp [t1,t2,n]     = [    231.2,     178.0,     112.1] Ns/m     auto
  KR [t1,t2,n]     = [      5.0,       5.0,      50.0] Nm/rad
  DR [t1,t2,n]     = [      1.5,       1.9,       1.2] Nms/rad  auto
  p_c [EE]         = [      0.0,     -90.0,       0.0] mm       commanded in the tool frame
  r_c [t1,t2,n]    = [      0.0,      88.9,      14.0] mm       p_c - p_TCP, in the plane
contact establishment:     t=  0.0 s | ee=  0.0 deg | F=  0.1 N | M=  0.0 Nm | contact= 19.9 mm
contact establishment:     t=  0.2 s | ee=  0.8 deg | F=  0.9 N | M=  0.8 Nm | contact=  7.7 mm
contact establishment:     t=  0.4 s | ee=  1.5 deg | F= 16.2 N | M=  0.2 Nm | contact=  4.1 mm
contact establishment:     t=  0.6 s | ee=  1.5 deg | F= 16.0 N | M=  0.7 Nm | contact=  4.0 mm
contact establishment:     t=  0.8 s | ee=  1.5 deg | F= 21.3 N | M=  0.9 Nm | contact=  4.2 mm
contact establishment:     t=  1.0 s | ee=  1.6 deg | F= 26.7 N | M=  0.9 Nm | contact=  4.3 mm
contact establishment:     t=  1.2 s | ee=  1.8 deg | F= 31.7 N | M=  0.7 Nm | contact=  4.4 mm
contact establishment:     t=  1.4 s | ee=  2.4 deg | F= 36.2 N | M=  1.2 Nm | contact=  4.5 mm
contact establishment:     t=  1.6 s | ee=  3.7 deg | F= 38.2 N | M=  1.2 Nm | contact=  4.4 mm
contact establishment:     t=  1.8 s | ee=  7.1 deg | F= 38.4 N | M=  1.0 Nm | contact=  4.3 mm
contact establishment:     t=  2.0 s | ee=  8.4 deg | F= 48.9 N | M=  5.1 Nm | contact=  3.4 mm
contact establishment:     t=  2.2 s | ee=  8.4 deg | F= 53.9 N | M=  5.3 Nm | contact=  3.5 mm
contact establishment:     t=  2.4 s | ee=  8.4 deg | F= 59.2 N | M=  5.6 Nm | contact=  3.6 mm
contact establishment:     t=  2.6 s | ee=  8.4 deg | F= 65.2 N | M=  6.0 Nm | contact=  3.7 mm
contact establishment:     t=  2.8 s | ee=  8.4 deg | F= 70.9 N | M=  6.4 Nm | contact=  3.8 mm
contact establishment:     t=  3.0 s | ee=  8.4 deg | F= 76.3 N | M=  6.8 Nm | contact=  3.9 mm
contact establishment:     t=  3.2 s | ee=  8.4 deg | F= 81.9 N | M=  7.1 Nm | contact=  4.0 mm
contact establishment:     t=  3.4 s | ee=  8.5 deg | F= 76.4 N | M=  6.9 Nm | contact=  3.9 mm
contact establishment:     t=  3.6 s | ee=  8.5 deg | F= 76.3 N | M=  6.9 Nm | contact=  3.9 mm
contact establishment:     t=  3.8 s | ee=  8.5 deg | F= 76.3 N | M=  6.9 Nm | contact=  3.9 mm
contact establishment:     t=  4.0 s | ee=  8.5 deg | F= 76.2 N | M=  6.9 Nm | contact=  3.9 mm
contact establishment:     t=  4.2 s | ee=  8.5 deg | F= 76.2 N | M=  6.9 Nm | contact=  3.9 mm
contact establishment:     t=  4.4 s | ee=  8.5 deg | F= 76.1 N | M=  6.9 Nm | contact=  3.9 mm
contact establishment:     t=  4.6 s | ee=  8.5 deg | F= 76.1 N | M=  6.9 Nm | contact=  3.9 mm
contact establishment:     t=  4.8 s | ee=  8.5 deg | F= 76.1 N | M=  6.9 Nm | contact=  3.9 mm

==============================================================================
  CONTACT-ESTABLISHMENT RESULT
==============================================================================
  stop: time | t=5.0 s | ee=8.5 deg | F=76.1 N | M_TCP=6.9 Nm
  contact_from_start = [-2.8, -1.3, -2.4] mm | norm=3.9 mm
  tcp_from_contact  = [-20.8, +59.1, +18.1] mm | norm=65.2 mm
  deviation: before=9.35 deg | after=2.36 deg | gain=+6.99 deg
  t_align: not reached | tolerance=2.00 deg | hold=0.30 s
  t_align_fraction: 1.71 s | fraction=0.50 of the deviation at contact
  deviation_min: 2.35 deg at t=1.96 s
  align_status: not_aligned
  deviation components [t1,t2,n] deg: before=[-9.34,-0.43,+0.00] | after=[-1.04,-2.11,+0.00]

-- contact establishment surface-frame breakdown -----------------------------
  frame              alignment-target [tangent1, tangent2, normal]
  force        [N]      = [    +3.50,     -5.06,    -75.85]
  tcp_disp     [mm]     = [    -1.83,     +2.54,    -30.33]
  contact_disp [mm]     = [    -2.73,     -1.25,     -2.52]
  Kp_eff=F/tcp [N/m]    = [  -1910.5,   -1996.5,    2501.4]
  M_contact    [Nm]     = [   -11.32,     -0.64,     -0.21]
  ee_angle     [deg]    = [    +8.30,     -1.70,     +0.13]
  KR_eff=M/ang [Nm/rad] = [    -78.1,      21.5,     -96.2]
  frame              tool face [length, width, tool axis]
  M_contact    [Nm]     = [    +0.70,    +11.30,     +0.62]

-- center of compliance ------------------------------------------------------
  definition         r_c = p_c - p_TCP
  p_TCP [x,y,z]    = [    514.4,       3.6,      19.5] mm
  p_c [EE]         = [      0.0,     -90.0,       0.0] mm
  r_c [t1,t2,n]    = [      0.4,      90.0,       1.0] mm
                     p_c resolved at end of contact establishment

-- effective TCP impedance ---------------------------------------------------
  K_TCP translation = [   1999.5,    1998.7,     351.8] N/m
  K_TCP rotation   = [      7.9,       5.0,      66.1] Nm/rad
  commanded KR was = [      5.0,       5.0,      50.0] Nm/rad   including lever contribution
  D_TCP translation = [    231.1,     178.0,     112.2] Ns/m
  D_TCP rotation   = [      2.4,       1.9,       3.1] Nms/rad
  coupling           max |moment per unit translation| = 179.9 Nm/m (K), 20.8 Nms/m (D)
  eigenvalues        K_TCP 4.96 .. 2017 | D_TCP 1.20 .. 233  (both positive: valid springs)

  K_TCP [N/m, Nm/rad | rows fx..mz, cols tx..rz]:
           tx        ty        tz    |    rx        ry        rz
  fx [    2000  -0.7871   -28.44 |    -2.56   -2.934   -179.9 ]
  fy [ -0.7871     1999   -45.62 |   -1.161  0.02084   0.9331 ]
  fz [  -28.44   -45.62    351.8 |    31.59  -0.1099    2.539 ]
     ---------------------------+---------------------------
  mx [   -2.56   -1.161    31.59 |    7.854  0.01161    1.005 ]
  my [  -2.934  0.02084  -0.1099 |  0.01161    5.039    1.508 ]
  mz [  -179.9   0.9331    2.539 |    1.005    1.508    66.14 ]

  D_TCP [Ns/m, Nms/rad]:
           tx        ty        tz    |    rx        ry        rz
  fx [   231.1 -0.05679   -2.052 |  -0.1847  -0.3396    -20.8 ]
  fy [-0.05679      178   -1.821 |  0.09828 0.0008694  0.08188 ]
  fz [  -2.052   -1.821    112.2 |    10.09 -0.04538   0.1838 ]
     ---------------------------+---------------------------
  mx [ -0.1847  0.09828    10.09 |    2.398 -0.004218  0.01178 ]
  my [ -0.3396 0.0008694 -0.04538 | -0.004218    1.896   0.0115 ]
  mz [   -20.8  0.08188   0.1838 |  0.01178   0.0115    3.079 ]

[STATE] Pre-grinding hold active. Press Enter to start grinding (e+Enter stops).

-- state: pre_grinding_hold --------------------------------------------------
  motion             established contact command
  impedance          inherited from contact establishment
  keys               Enter continue | e stop

Stop requested with e + Enter. Finishing control loop...

-- joint motion [deg] --------------------------------------------------------
  joint       start    final    delta
  q1            0.8      5.9     +5.0
  q2           12.1     30.1    +18.0
  q3           -0.5     -4.7     -4.2
  q4         -130.9   -129.1     +1.8
  q5           -0.2      3.7     +3.9
  q6          142.9    154.4    +11.5
  q7           44.7     43.6     -1.2

==============================================================================
  FINAL RESULT
==============================================================================
  p_d              = [    512.3,      -5.3,    -210.0] mm
  p_EE             = [    514.4,       3.6,      19.5] mm
  e_p              = [     -2.1,      -8.9,    -229.5] mm
  e_R              = [     8.30,     -1.70,      0.03] deg
------------------------------------------------------------------------------
  position error     229.65 mm
  rotation error     8.47 deg
  csv                logs/surface_grinding_controller_log.csv
------------------------------------------------------------------------------
archived to /home/hm-panda/Desktop/Thesis_Final_Control/experiments/results/P2_t1_pos_p090/r01
== P2_t1_pos_p090 r02 ==
applied 106 overrides

==============================================================================
  SURFACE GRINDING CONTROLLER
==============================================================================
  robot              172.16.0.2
  parameters         /home/hm-panda/Desktop/Thesis_Final_Control/surface_grinding_controller/params
------------------------------------------------------------------------------

==============================================================================
  SURFACE GRINDING CONTROLLER - STARTUP MENU
==============================================================================

-- RUN MODES -----------------------------------------------------------------
  s      Run orientation, approach, contact establishment, and grinding
  h      Cartesian pose hold at the initial posture
  t      Cartesian pose hold with the contact establishment impedance
  g      Start manual guidance from the current robot pose

-- ROBOT PREPARATION ---------------------------------------------------------
  i      Move to the configured initial joint posture

-- GRIPPER AND TOOL ----------------------------------------------------------
  o      Open the gripper
  c      Grasp the tool
  r      Recalibrate the gripper with empty fingers
  f      Pick up the tool from the holder
  b      Return the tool to the holder

-- PROGRAM -------------------------------------------------------------------
  e      Exit
------------------------------------------------------------------------------
  During control: e = stop | m = startup menu | g = guidance
------------------------------------------------------------------------------
Selection [s/h/t/g/i/o/c/r/f/b/e]: 
-- SELECTED MODE: STATE SEQUENCE ---------------------------------------------

-- moving to q_init ----------------------------------------------------------
  case               saved_qinit
  q1..q7 [deg]     = [0.8, 12.1, -0.5, -130.9, -0.2, 142.9, 44.7] deg
  saved_qinit = [0.014777, 0.210911, -0.009320, -2.284835, -0.002725, 2.493410, 0.780694] rad
  q_init reached.

-- start pose ----------------------------------------------------------------
  q_start          = [0.9, 12.1, -0.5, -130.9, -0.1, 142.9, 44.7] deg
  p_start          = [    531.4,       2.5,     156.8] mm

==============================================================================
  RUN
==============================================================================

-- state: tool_orientation ---------------------------------------------------
  Kp [t1,t2,n]     = [    150.0,     150.0,     150.0] N/m
  Dp [t1,t2,n]     = [    133.7,      94.2,     128.3] Ns/m     auto (factor 1.90)
  KR [t1,t2,n]     = [    180.0,     180.0,      90.0] Nm/rad
  DR [t1,t2,n]     = [     15.3,      25.0,       2.0] Nms/rad  auto (factor 1.90)
orient:     t=  0.0 s | axis_err=  8.5 deg | spin_err=  0.5 deg
orient:     t=  0.2 s | axis_err=  7.2 deg | spin_err=  0.2 deg
orient:     t=  0.4 s | axis_err=  3.3 deg | spin_err=  0.2 deg
orient:     t=  0.6 s | axis_err=  1.0 deg | spin_err=  0.2 deg
orient:     t=  0.8 s | axis_err=  0.8 deg | spin_err=  0.2 deg

Orientation reached: axis_err=0.8 deg | spin_err=0.2 deg

-- state: surface_approach ---------------------------------------------------
  Kp [t1,t2,n]     = [    150.0,     150.0,     150.0] N/m
  Dp [t1,t2,n]     = [    133.7,      94.2,     128.3] Ns/m     auto (factor 1.90)
  KR [t1,t2,n]     = [    180.0,     180.0,      90.0] Nm/rad
  DR [t1,t2,n]     = [     15.3,      25.0,       2.0] Nms/rad  auto (factor 1.90)
  descend to         20 mm clearance at 0.100 m/s
descend:    t=  0.0 s | distance=   0.1 mm | height=+121.8 mm (target 20.0) | force=  0.0 N
descend:    t=  0.2 s | distance=  20.2 mm | height=+111.1 mm (target 20.0) | force=  1.8 N
descend:    t=  0.4 s | distance=  40.3 mm | height= +96.1 mm (target 20.0) | force=  2.5 N
descend:    t=  0.6 s | distance=  60.4 mm | height= +79.8 mm (target 20.0) | force=  2.6 N
descend:    t=  0.8 s | distance=  80.5 mm | height= +62.5 mm (target 20.0) | force=  2.3 N
descend:    t=  1.0 s | distance= 100.6 mm | height= +45.4 mm (target 20.0) | force=  2.8 N
descend:    t=  1.2 s | distance= 120.7 mm | height= +28.0 mm (target 20.0) | force=  2.7 N

Clearance reached: distance=130.1 mm | height=20.0 mm | target=20.0 mm | force=1.8 N
  offset_ee        = [     20.0,      60.0,      20.0] mm
  p_EE_at_contact  = [    516.4,       1.2,      49.8] mm
  contact_point    = [    534.9,     -56.2,       1.4] mm
  edge_offset      = [     18.5,     -57.4,     -48.5] mm

-- state: contact_establishment ----------------------------------------------

-- contact establishment impedance -------------------------------------------
  law                wrench = K_TCP*dx + D_TCP*dv
                     K_TCP  = Ad(r_c)^T * blkdiag(Kp,KR) * Ad(r_c)
  Kp [t1,t2,n]     = [   2000.0,    2000.0,     350.0] N/m
  Dp [t1,t2,n]     = [    231.1,     178.1,     112.1] Ns/m     auto
  KR [t1,t2,n]     = [      5.0,       5.0,      50.0] Nm/rad
  DR [t1,t2,n]     = [      1.5,       1.9,       1.2] Nms/rad  auto
  p_c [EE]         = [      0.0,     -90.0,       0.0] mm       commanded in the tool frame
  r_c [t1,t2,n]    = [     -0.1,      88.9,      14.1] mm       p_c - p_TCP, in the plane
contact establishment:     t=  0.0 s | ee=  0.0 deg | F=  0.2 N | M=  0.0 Nm | contact= 19.9 mm
contact establishment:     t=  0.2 s | ee=  0.8 deg | F=  0.5 N | M=  0.7 Nm | contact=  7.5 mm
contact establishment:     t=  0.4 s | ee=  1.5 deg | F= 16.1 N | M=  0.3 Nm | contact=  4.1 mm
contact establishment:     t=  0.6 s | ee=  1.6 deg | F= 16.2 N | M=  0.6 Nm | contact=  4.2 mm
contact establishment:     t=  0.8 s | ee=  1.6 deg | F= 21.7 N | M=  0.6 Nm | contact=  4.3 mm
contact establishment:     t=  1.0 s | ee=  1.7 deg | F= 26.1 N | M=  0.9 Nm | contact=  4.4 mm
contact establishment:     t=  1.2 s | ee=  2.1 deg | F= 30.8 N | M=  0.8 Nm | contact=  4.5 mm
contact establishment:     t=  1.4 s | ee=  2.8 deg | F= 36.3 N | M=  1.1 Nm | contact=  4.5 mm
contact establishment:     t=  1.6 s | ee=  5.3 deg | F= 37.3 N | M=  1.1 Nm | contact=  4.2 mm
contact establishment:     t=  1.8 s | ee=  8.2 deg | F= 44.0 N | M=  3.4 Nm | contact=  3.6 mm
contact establishment:     t=  2.0 s | ee=  8.3 deg | F= 48.6 N | M=  4.9 Nm | contact=  3.5 mm
contact establishment:     t=  2.2 s | ee=  8.3 deg | F= 53.8 N | M=  5.2 Nm | contact=  3.6 mm
contact establishment:     t=  2.4 s | ee=  8.3 deg | F= 59.7 N | M=  5.6 Nm | contact=  3.8 mm
contact establishment:     t=  2.6 s | ee=  8.3 deg | F= 65.3 N | M=  5.9 Nm | contact=  3.9 mm
contact establishment:     t=  2.8 s | ee=  8.4 deg | F= 70.9 N | M=  6.3 Nm | contact=  4.0 mm
contact establishment:     t=  3.0 s | ee=  8.4 deg | F= 75.9 N | M=  6.6 Nm | contact=  4.1 mm
contact establishment:     t=  3.2 s | ee=  8.4 deg | F= 81.7 N | M=  7.0 Nm | contact=  4.2 mm
contact establishment:     t=  3.4 s | ee=  8.4 deg | F= 76.2 N | M=  6.8 Nm | contact=  4.1 mm
contact establishment:     t=  3.6 s | ee=  8.4 deg | F= 76.1 N | M=  6.7 Nm | contact=  4.1 mm
contact establishment:     t=  3.8 s | ee=  8.4 deg | F= 76.0 N | M=  6.7 Nm | contact=  4.1 mm
contact establishment:     t=  4.0 s | ee=  8.4 deg | F= 76.0 N | M=  6.7 Nm | contact=  4.1 mm
contact establishment:     t=  4.2 s | ee=  8.4 deg | F= 75.9 N | M=  6.7 Nm | contact=  4.1 mm
contact establishment:     t=  4.4 s | ee=  8.4 deg | F= 75.9 N | M=  6.7 Nm | contact=  4.1 mm
contact establishment:     t=  4.6 s | ee=  8.4 deg | F= 75.9 N | M=  6.7 Nm | contact=  4.1 mm
contact establishment:     t=  4.8 s | ee=  8.4 deg | F= 75.8 N | M=  6.7 Nm | contact=  4.1 mm

==============================================================================
  CONTACT-ESTABLISHMENT RESULT
==============================================================================
  stop: time | t=5.0 s | ee=8.4 deg | F=75.8 N | M_TCP=6.7 Nm
  contact_from_start = [-2.7, -1.5, -2.7] mm | norm=4.1 mm
  tcp_from_contact  = [-20.7, +58.9, +18.0] mm | norm=65.0 mm
  deviation: before=9.38 deg | after=2.47 deg | gain=+6.90 deg
  t_align: not reached | tolerance=2.00 deg | hold=0.30 s
  t_align_fraction: 1.63 s | fraction=0.50 of the deviation at contact
  deviation_min: 2.45 deg at t=1.87 s
  align_status: not_aligned
  deviation components [t1,t2,n] deg: before=[-9.37,-0.43,-0.00] | after=[-1.16,-2.19,-0.00]

-- contact establishment surface-frame breakdown -----------------------------
  frame              alignment-target [tangent1, tangent2, normal]
  force        [N]      = [    +2.44,     -5.08,    -75.62]
  tcp_disp     [mm]     = [    -1.68,     +2.39,    -30.48]
  contact_disp [mm]     = [    -2.64,     -1.39,     -2.80]
  Kp_eff=F/tcp [N/m]    = [  -1452.1,   -2129.2,    2480.7]
  M_contact    [Nm]     = [   -11.10,     -0.77,     -0.13]
  ee_angle     [deg]    = [    +8.21,     -1.78,     +0.15]
  KR_eff=M/ang [Nm/rad] = [    -77.4,      24.8,     -47.4]
  frame              tool face [length, width, tool axis]
  M_contact    [Nm]     = [    +0.83,    +11.08,     +0.54]

-- center of compliance ------------------------------------------------------
  definition         r_c = p_c - p_TCP
  p_TCP [x,y,z]    = [    514.2,       2.8,      19.3] mm
  p_c [EE]         = [      0.0,     -90.0,       0.0] mm
  r_c [t1,t2,n]    = [      0.4,      90.0,       1.2] mm
                     p_c resolved at end of contact establishment

-- effective TCP impedance ---------------------------------------------------
  K_TCP translation = [   1999.5,    1998.7,     351.8] N/m
  K_TCP rotation   = [      7.9,       5.0,      66.1] Nm/rad
  commanded KR was = [      5.0,       5.0,      50.0] Nm/rad   including lever contribution
  D_TCP translation = [    231.1,     178.1,     112.2] Ns/m
  D_TCP rotation   = [      2.4,       1.9,       3.1] Nms/rad
  coupling           max |moment per unit translation| = 179.9 Nm/m (K), 20.8 Nms/m (D)
  eigenvalues        K_TCP 4.96 .. 2017 | D_TCP 1.20 .. 233  (both positive: valid springs)

  K_TCP [N/m, Nm/rad | rows fx..mz, cols tx..rz]:
           tx        ty        tz    |    rx        ry        rz
  fx [    2000  -0.7871   -28.44 |    -2.56    -2.58   -179.9 ]
  fy [ -0.7871     1999   -45.62 |   -1.514  0.02131     0.96 ]
  fz [  -28.44   -45.62    351.8 |    31.59  -0.1196    2.539 ]
     ---------------------------+---------------------------
  mx [   -2.56   -1.514    31.59 |    7.855  0.01073    1.005 ]
  my [   -2.58  0.02131  -0.1196 |  0.01073    5.038    1.476 ]
  mz [  -179.9     0.96    2.539 |    1.005    1.476    66.14 ]

  D_TCP [Ns/m, Nms/rad]:
           tx        ty        tz    |    rx        ry        rz
  fx [   231.1 -0.05675    -2.05 |  -0.1846  -0.2987   -20.79 ]
  fy [-0.05675    178.1   -1.824 |  0.06676 0.0008848  0.08432 ]
  fz [   -2.05   -1.824    112.2 |     10.1 -0.04727   0.1837 ]
     ---------------------------+---------------------------
  mx [ -0.1846  0.06676     10.1 |    2.401 -0.004388  0.01173 ]
  my [ -0.2987 0.0008848 -0.04727 | -0.004388    1.894  0.00791 ]
  mz [  -20.79  0.08432   0.1837 |  0.01173  0.00791     3.08 ]

[STATE] Pre-grinding hold active. Press Enter to start grinding (e+Enter stops).

-- state: pre_grinding_hold --------------------------------------------------
  motion             established contact command
  impedance          inherited from contact establishment
  keys               Enter continue | e stop

Stop requested with e + Enter. Finishing control loop...

-- joint motion [deg] --------------------------------------------------------
  joint       start    final    delta
  q1            0.9      5.7     +4.9
  q2           12.1     30.1    +18.0
  q3           -0.5     -4.7     -4.2
  q4         -130.9   -129.0     +1.9
  q5           -0.1      3.9     +4.0
  q6          142.9    154.3    +11.4
  q7           44.7     43.3     -1.4

==============================================================================
  FINAL RESULT
==============================================================================
  p_d              = [    512.0,      -6.0,    -210.0] mm
  p_EE             = [    514.2,       2.8,      19.3] mm
  e_p              = [     -2.3,      -8.7,    -229.3] mm
  e_R              = [     8.22,     -1.78,      0.06] deg
------------------------------------------------------------------------------
  position error     229.49 mm
  rotation error     8.41 deg
  csv                logs/surface_grinding_controller_log.csv
------------------------------------------------------------------------------
archived to /home/hm-panda/Desktop/Thesis_Final_Control/experiments/results/P2_t1_pos_p090/r02
== P2_t1_pos_p090 r03 ==
applied 106 overrides

==============================================================================
  SURFACE GRINDING CONTROLLER
==============================================================================
  robot              172.16.0.2
  parameters         /home/hm-panda/Desktop/Thesis_Final_Control/surface_grinding_controller/params
------------------------------------------------------------------------------

==============================================================================
  SURFACE GRINDING CONTROLLER - STARTUP MENU
==============================================================================

-- RUN MODES -----------------------------------------------------------------
  s      Run orientation, approach, contact establishment, and grinding
  h      Cartesian pose hold at the initial posture
  t      Cartesian pose hold with the contact establishment impedance
  g      Start manual guidance from the current robot pose

-- ROBOT PREPARATION ---------------------------------------------------------
  i      Move to the configured initial joint posture

-- GRIPPER AND TOOL ----------------------------------------------------------
  o      Open the gripper
  c      Grasp the tool
  r      Recalibrate the gripper with empty fingers
  f      Pick up the tool from the holder
  b      Return the tool to the holder

-- PROGRAM -------------------------------------------------------------------
  e      Exit
------------------------------------------------------------------------------
  During control: e = stop | m = startup menu | g = guidance
------------------------------------------------------------------------------
Selection [s/h/t/g/i/o/c/r/f/b/e]: 
-- SELECTED MODE: STATE SEQUENCE ---------------------------------------------

-- moving to q_init ----------------------------------------------------------
  case               saved_qinit
  q1..q7 [deg]     = [0.8, 12.1, -0.5, -130.9, -0.2, 142.9, 44.7] deg
  saved_qinit = [0.014777, 0.210911, -0.009320, -2.284835, -0.002725, 2.493410, 0.780694] rad
  q_init reached.

-- start pose ----------------------------------------------------------------
  q_start          = [0.9, 12.1, -0.5, -130.9, -0.1, 142.9, 44.7] deg
  p_start          = [    531.4,       2.5,     156.8] mm

==============================================================================
  RUN
==============================================================================

-- state: tool_orientation ---------------------------------------------------
  Kp [t1,t2,n]     = [    150.0,     150.0,     150.0] N/m
  Dp [t1,t2,n]     = [    133.7,      94.2,     128.3] Ns/m     auto (factor 1.90)
  KR [t1,t2,n]     = [    180.0,     180.0,      90.0] Nm/rad
  DR [t1,t2,n]     = [     15.3,      25.0,       2.0] Nms/rad  auto (factor 1.90)
orient:     t=  0.0 s | axis_err=  8.5 deg | spin_err=  0.5 deg
orient:     t=  0.2 s | axis_err=  7.2 deg | spin_err=  0.2 deg
orient:     t=  0.4 s | axis_err=  3.3 deg | spin_err=  0.2 deg
orient:     t=  0.6 s | axis_err=  1.0 deg | spin_err=  0.2 deg
orient:     t=  0.8 s | axis_err=  0.8 deg | spin_err=  0.2 deg

Orientation reached: axis_err=0.8 deg | spin_err=0.2 deg

-- state: surface_approach ---------------------------------------------------
  Kp [t1,t2,n]     = [    150.0,     150.0,     150.0] N/m
  Dp [t1,t2,n]     = [    133.7,      94.2,     128.3] Ns/m     auto (factor 1.90)
  KR [t1,t2,n]     = [    180.0,     180.0,      90.0] Nm/rad
  DR [t1,t2,n]     = [     15.3,      25.0,       2.0] Nms/rad  auto (factor 1.90)
  descend to         20 mm clearance at 0.100 m/s
descend:    t=  0.0 s | distance=   0.1 mm | height=+121.8 mm (target 20.0) | force=  0.0 N
descend:    t=  0.2 s | distance=  20.2 mm | height=+111.1 mm (target 20.0) | force=  1.2 N
descend:    t=  0.4 s | distance=  40.3 mm | height= +96.1 mm (target 20.0) | force=  3.1 N
descend:    t=  0.6 s | distance=  60.4 mm | height= +79.7 mm (target 20.0) | force=  2.0 N
descend:    t=  0.8 s | distance=  80.5 mm | height= +62.6 mm (target 20.0) | force=  2.9 N
descend:    t=  1.0 s | distance= 100.6 mm | height= +45.6 mm (target 20.0) | force=  2.9 N
descend:    t=  1.2 s | distance= 120.7 mm | height= +28.3 mm (target 20.0) | force=  2.6 N

Clearance reached: distance=130.5 mm | height=20.0 mm | target=20.0 mm | force=1.9 N
  offset_ee        = [     20.0,      60.0,      20.0] mm
  p_EE_at_contact  = [    516.4,       1.2,      49.9] mm
  contact_point    = [    534.9,     -56.2,       1.4] mm
  edge_offset      = [     18.5,     -57.4,     -48.5] mm

-- state: contact_establishment ----------------------------------------------

-- contact establishment impedance -------------------------------------------
  law                wrench = K_TCP*dx + D_TCP*dv
                     K_TCP  = Ad(r_c)^T * blkdiag(Kp,KR) * Ad(r_c)
  Kp [t1,t2,n]     = [   2000.0,    2000.0,     350.0] N/m
  Dp [t1,t2,n]     = [    231.1,     178.1,     112.1] Ns/m     auto
  KR [t1,t2,n]     = [      5.0,       5.0,      50.0] Nm/rad
  DR [t1,t2,n]     = [      1.5,       1.9,       1.2] Nms/rad  auto
  p_c [EE]         = [      0.0,     -90.0,       0.0] mm       commanded in the tool frame
  r_c [t1,t2,n]    = [     -0.1,      88.9,      14.1] mm       p_c - p_TCP, in the plane
contact establishment:     t=  0.0 s | ee=  0.0 deg | F=  0.1 N | M=  0.0 Nm | contact= 19.9 mm
contact establishment:     t=  0.2 s | ee=  0.8 deg | F=  0.5 N | M=  0.7 Nm | contact=  7.5 mm
contact establishment:     t=  0.4 s | ee=  1.5 deg | F= 15.3 N | M=  0.2 Nm | contact=  4.0 mm
contact establishment:     t=  0.6 s | ee=  1.6 deg | F= 16.0 N | M=  0.6 Nm | contact=  4.1 mm
contact establishment:     t=  0.8 s | ee=  1.6 deg | F= 21.4 N | M=  0.7 Nm | contact=  4.3 mm
contact establishment:     t=  1.0 s | ee=  1.7 deg | F= 27.0 N | M=  0.7 Nm | contact=  4.4 mm
contact establishment:     t=  1.2 s | ee=  2.1 deg | F= 30.8 N | M=  0.9 Nm | contact=  4.5 mm
contact establishment:     t=  1.4 s | ee=  2.8 deg | F= 36.3 N | M=  0.9 Nm | contact=  4.5 mm
contact establishment:     t=  1.6 s | ee=  5.3 deg | F= 37.1 N | M=  1.1 Nm | contact=  4.3 mm
contact establishment:     t=  1.8 s | ee=  8.2 deg | F= 44.1 N | M=  3.2 Nm | contact=  3.6 mm
contact establishment:     t=  2.0 s | ee=  8.3 deg | F= 48.3 N | M=  4.8 Nm | contact=  3.6 mm
contact establishment:     t=  2.2 s | ee=  8.3 deg | F= 53.9 N | M=  5.2 Nm | contact=  3.7 mm
contact establishment:     t=  2.4 s | ee=  8.3 deg | F= 59.6 N | M=  5.5 Nm | contact=  3.8 mm
contact establishment:     t=  2.6 s | ee=  8.4 deg | F= 65.2 N | M=  5.9 Nm | contact=  3.9 mm
contact establishment:     t=  2.8 s | ee=  8.4 deg | F= 70.5 N | M=  6.2 Nm | contact=  4.1 mm
contact establishment:     t=  3.0 s | ee=  8.4 deg | F= 76.3 N | M=  6.5 Nm | contact=  4.2 mm
contact establishment:     t=  3.2 s | ee=  8.4 deg | F= 81.6 N | M=  6.9 Nm | contact=  4.2 mm
contact establishment:     t=  3.4 s | ee=  8.4 deg | F= 76.4 N | M=  6.7 Nm | contact=  4.1 mm
contact establishment:     t=  3.6 s | ee=  8.4 deg | F= 76.2 N | M=  6.7 Nm | contact=  4.1 mm
contact establishment:     t=  3.8 s | ee=  8.4 deg | F= 76.2 N | M=  6.7 Nm | contact=  4.1 mm
contact establishment:     t=  4.0 s | ee=  8.4 deg | F= 76.2 N | M=  6.7 Nm | contact=  4.1 mm
contact establishment:     t=  4.2 s | ee=  8.4 deg | F= 76.1 N | M=  6.7 Nm | contact=  4.1 mm
contact establishment:     t=  4.4 s | ee=  8.4 deg | F= 76.2 N | M=  6.7 Nm | contact=  4.1 mm
contact establishment:     t=  4.6 s | ee=  8.4 deg | F= 76.1 N | M=  6.7 Nm | contact=  4.1 mm
contact establishment:     t=  4.8 s | ee=  8.5 deg | F= 76.1 N | M=  6.7 Nm | contact=  4.1 mm

==============================================================================
  CONTACT-ESTABLISHMENT RESULT
==============================================================================
  stop: time | t=5.0 s | ee=8.5 deg | F=76.1 N | M_TCP=6.7 Nm
  contact_from_start = [-2.7, -1.5, -2.7] mm | norm=4.1 mm
  tcp_from_contact  = [-20.7, +58.9, +18.0] mm | norm=65.0 mm
  deviation: before=9.39 deg | after=2.52 deg | gain=+6.86 deg
  t_align: not reached | tolerance=2.00 deg | hold=0.30 s
  t_align_fraction: 1.63 s | fraction=0.50 of the deviation at contact
  deviation_min: 2.51 deg at t=1.86 s
  align_status: not_aligned
  deviation components [t1,t2,n] deg: before=[-9.38,-0.43,-0.00] | after=[-1.14,-2.25,+0.00]

-- contact establishment surface-frame breakdown -----------------------------
  frame              alignment-target [tangent1, tangent2, normal]
  force        [N]      = [    +2.77,     -5.22,    -75.91]
  tcp_disp     [mm]     = [    -1.69,     +2.37,    -30.52]
  contact_disp [mm]     = [    -2.69,     -1.42,     -2.79]
  Kp_eff=F/tcp [N/m]    = [  -1636.3,   -2205.2,    2487.4]
  M_contact    [Nm]     = [   -11.11,     -0.70,     -0.13]
  ee_angle     [deg]    = [    +8.25,     -1.84,     +0.16]
  KR_eff=M/ang [Nm/rad] = [    -77.2,      21.6,     -44.2]
  frame              tool face [length, width, tool axis]
  M_contact    [Nm]     = [    +0.76,    +11.10,     +0.55]

-- center of compliance ------------------------------------------------------
  definition         r_c = p_c - p_TCP
  p_TCP [x,y,z]    = [    514.1,       2.7,      19.4] mm
  p_c [EE]         = [      0.0,     -90.0,       0.0] mm
  r_c [t1,t2,n]    = [      0.4,      90.0,       1.2] mm
                     p_c resolved at end of contact establishment

-- effective TCP impedance ---------------------------------------------------
  K_TCP translation = [   1999.5,    1998.7,     351.8] N/m
  K_TCP rotation   = [      7.9,       5.0,      66.1] Nm/rad
  commanded KR was = [      5.0,       5.0,      50.0] Nm/rad   including lever contribution
  D_TCP translation = [    231.1,     178.1,     112.2] Ns/m
  D_TCP rotation   = [      2.4,       1.9,       3.1] Nms/rad
  coupling           max |moment per unit translation| = 179.9 Nm/m (K), 20.8 Nms/m (D)
  eigenvalues        K_TCP 4.96 .. 2017 | D_TCP 1.20 .. 233  (both positive: valid springs)

  K_TCP [N/m, Nm/rad | rows fx..mz, cols tx..rz]:
           tx        ty        tz    |    rx        ry        rz
  fx [    2000  -0.7871   -28.44 |    -2.56    -2.65   -179.9 ]
  fy [ -0.7871     1999   -45.62 |   -1.443  0.02148   0.9661 ]
  fz [  -28.44   -45.62    351.8 |    31.59  -0.1197    2.539 ]
     ---------------------------+---------------------------
  mx [   -2.56   -1.443    31.59 |    7.854  0.01073    1.005 ]
  my [   -2.65  0.02148  -0.1197 |  0.01073    5.038    1.483 ]
  mz [  -179.9   0.9661    2.539 |    1.005    1.483    66.14 ]

  D_TCP [Ns/m, Nms/rad]:
           tx        ty        tz    |    rx        ry        rz
  fx [   231.1 -0.05675    -2.05 |  -0.1846  -0.3068   -20.79 ]
  fy [-0.05675    178.1   -1.824 |  0.07303 0.0008926  0.08488 ]
  fz [   -2.05   -1.824    112.2 |     10.1 -0.04754   0.1837 ]
     ---------------------------+---------------------------
  mx [ -0.1846  0.07303     10.1 |    2.402 -0.004413  0.01174 ]
  my [ -0.3068 0.0008926 -0.04754 | -0.004413    1.894 0.008661 ]
  mz [  -20.79  0.08488   0.1837 |  0.01174 0.008661     3.08 ]

[STATE] Pre-grinding hold active. Press Enter to start grinding (e+Enter stops).

-- state: pre_grinding_hold --------------------------------------------------
  motion             established contact command
  impedance          inherited from contact establishment
  keys               Enter continue | e stop

Stop requested with e + Enter. Finishing control loop...

-- joint motion [deg] --------------------------------------------------------
  joint       start    final    delta
  q1            0.9      5.7     +4.9
  q2           12.1     30.1    +18.0
  q3           -0.5     -4.7     -4.2
  q4         -130.9   -129.0     +1.9
  q5           -0.1      3.8     +4.0
  q6          142.9    154.2    +11.3
  q7           44.7     43.3     -1.4

==============================================================================
  FINAL RESULT
==============================================================================
  p_d              = [    511.9,      -6.0,    -210.0] mm
  p_EE             = [    514.1,       2.7,      19.4] mm
  e_p              = [     -2.3,      -8.7,    -229.3] mm
  e_R              = [     8.25,     -1.84,      0.07] deg
------------------------------------------------------------------------------
  position error     229.48 mm
  rotation error     8.45 deg
  csv                logs/surface_grinding_controller_log.csv
------------------------------------------------------------------------------
archived to /home/hm-panda/Desktop/Thesis_Final_Control/experiments/results/P2_t1_pos_p090/r03
== P2_t1_neg_p090 r01 ==
applied 106 overrides

==============================================================================
  SURFACE GRINDING CONTROLLER
==============================================================================
  robot              172.16.0.2
  parameters         /home/hm-panda/Desktop/Thesis_Final_Control/surface_grinding_controller/params
------------------------------------------------------------------------------

==============================================================================
  SURFACE GRINDING CONTROLLER - STARTUP MENU
==============================================================================

-- RUN MODES -----------------------------------------------------------------
  s      Run orientation, approach, contact establishment, and grinding
  h      Cartesian pose hold at the initial posture
  t      Cartesian pose hold with the contact establishment impedance
  g      Start manual guidance from the current robot pose

-- ROBOT PREPARATION ---------------------------------------------------------
  i      Move to the configured initial joint posture

-- GRIPPER AND TOOL ----------------------------------------------------------
  o      Open the gripper
  c      Grasp the tool
  r      Recalibrate the gripper with empty fingers
  f      Pick up the tool from the holder
  b      Return the tool to the holder

-- PROGRAM -------------------------------------------------------------------
  e      Exit
------------------------------------------------------------------------------
  During control: e = stop | m = startup menu | g = guidance
------------------------------------------------------------------------------
Selection [s/h/t/g/i/o/c/r/f/b/e]: 
-- SELECTED MODE: STATE SEQUENCE ---------------------------------------------

-- moving to q_init ----------------------------------------------------------
  case               saved_qinit
  q1..q7 [deg]     = [0.8, 12.1, -0.5, -130.9, -0.2, 142.9, 44.7] deg
  saved_qinit = [0.014777, 0.210911, -0.009320, -2.284835, -0.002725, 2.493410, 0.780694] rad
  q_init reached.

-- start pose ----------------------------------------------------------------
  q_start          = [0.9, 12.1, -0.5, -130.9, -0.1, 142.9, 44.7] deg
  p_start          = [    531.4,       2.5,     156.8] mm

==============================================================================
  RUN
==============================================================================

-- state: tool_orientation ---------------------------------------------------
  Kp [t1,t2,n]     = [    150.0,     150.0,     150.0] N/m
  Dp [t1,t2,n]     = [    133.7,      94.2,     128.3] Ns/m     auto (factor 1.90)
  KR [t1,t2,n]     = [    180.0,     180.0,      90.0] Nm/rad
  DR [t1,t2,n]     = [     15.3,      25.0,       2.0] Nms/rad  auto (factor 1.90)
orient:     t=  0.0 s | axis_err= 12.0 deg | spin_err=  0.9 deg
orient:     t=  0.2 s | axis_err= 10.5 deg | spin_err=  0.9 deg
orient:     t=  0.4 s | axis_err=  6.7 deg | spin_err=  0.6 deg
orient:     t=  0.6 s | axis_err=  2.8 deg | spin_err=  0.3 deg
orient:     t=  0.8 s | axis_err=  1.0 deg | spin_err=  0.2 deg

Orientation reached: axis_err=0.9 deg | spin_err=0.2 deg

-- state: surface_approach ---------------------------------------------------
  Kp [t1,t2,n]     = [    150.0,     150.0,     150.0] N/m
  Dp [t1,t2,n]     = [    133.7,      94.2,     128.3] Ns/m     auto (factor 1.90)
  KR [t1,t2,n]     = [    180.0,     180.0,      90.0] Nm/rad
  DR [t1,t2,n]     = [     15.3,      25.0,       2.0] Nms/rad  auto (factor 1.90)
  descend to         20 mm clearance at 0.100 m/s
descend:    t=  0.0 s | distance=   0.1 mm | height=+120.7 mm (target 20.0) | force=  0.0 N
descend:    t=  0.2 s | distance=  20.2 mm | height=+110.6 mm (target 20.0) | force=  2.1 N
descend:    t=  0.4 s | distance=  40.3 mm | height= +95.8 mm (target 20.0) | force=  2.8 N
descend:    t=  0.6 s | distance=  60.4 mm | height= +79.7 mm (target 20.0) | force=  2.4 N
descend:    t=  0.8 s | distance=  80.6 mm | height= +63.0 mm (target 20.0) | force=  1.2 N
descend:    t=  1.0 s | distance= 100.7 mm | height= +46.2 mm (target 20.0) | force=  2.9 N
descend:    t=  1.2 s | distance= 120.8 mm | height= +29.4 mm (target 20.0) | force=  1.7 N

Clearance reached: distance=132.4 mm | height=19.9 mm | target=20.0 mm | force=3.2 N
  offset_ee        = [     20.0,     -60.0,      20.0] mm
  p_EE_at_contact  = [    514.7,      -0.4,      50.7] mm
  contact_point    = [    533.1,      53.8,      -1.7] mm
  edge_offset      = [     18.4,      54.2,     -52.3] mm

-- state: contact_establishment ----------------------------------------------

-- contact establishment impedance -------------------------------------------
  law                wrench = K_TCP*dx + D_TCP*dv
                     K_TCP  = Ad(r_c)^T * blkdiag(Kp,KR) * Ad(r_c)
  Kp [t1,t2,n]     = [   2000.0,    2000.0,     350.0] N/m
  Dp [t1,t2,n]     = [    234.2,     174.6,     111.5] Ns/m     auto
  KR [t1,t2,n]     = [      5.0,       5.0,      50.0] Nm/rad
  DR [t1,t2,n]     = [      1.3,       2.0,       1.3] Nms/rad  auto
  p_c [EE]         = [      0.0,     -90.0,       0.0] mm       commanded in the tool frame
  r_c [t1,t2,n]    = [      0.1,      88.7,     -15.3] mm       p_c - p_TCP, in the plane
contact establishment:     t=  0.0 s | ee=  0.0 deg | F=  0.1 N | M=  0.0 Nm | contact= 19.8 mm
contact establishment:     t=  0.2 s | ee=  1.0 deg | F=  0.6 N | M=  0.5 Nm | contact=  7.5 mm
contact establishment:     t=  0.4 s | ee=  1.4 deg | F= 12.0 N | M=  0.9 Nm | contact=  2.1 mm
contact establishment:     t=  0.6 s | ee=  1.4 deg | F= 14.6 N | M=  0.9 Nm | contact=  2.1 mm
contact establishment:     t=  0.8 s | ee=  1.4 deg | F= 20.0 N | M=  1.1 Nm | contact=  2.1 mm
contact establishment:     t=  1.0 s | ee=  1.4 deg | F= 25.7 N | M=  1.3 Nm | contact=  2.2 mm
contact establishment:     t=  1.2 s | ee=  1.4 deg | F= 31.6 N | M=  1.7 Nm | contact=  2.2 mm
contact establishment:     t=  1.4 s | ee=  1.5 deg | F= 37.0 N | M=  2.1 Nm | contact=  2.3 mm
contact establishment:     t=  1.6 s | ee=  1.5 deg | F= 42.5 N | M=  2.5 Nm | contact=  2.3 mm
contact establishment:     t=  1.8 s | ee=  1.5 deg | F= 47.7 N | M=  2.9 Nm | contact=  2.4 mm
contact establishment:     t=  2.0 s | ee=  1.5 deg | F= 53.5 N | M=  3.2 Nm | contact=  2.5 mm
contact establishment:     t=  2.2 s | ee=  1.5 deg | F= 59.0 N | M=  3.6 Nm | contact=  2.6 mm
contact establishment:     t=  2.4 s | ee=  1.5 deg | F= 64.7 N | M=  3.9 Nm | contact=  2.7 mm
contact establishment:     t=  2.6 s | ee=  1.5 deg | F= 70.7 N | M=  4.3 Nm | contact=  2.8 mm
contact establishment:     t=  2.8 s | ee=  1.4 deg | F= 76.3 N | M=  4.7 Nm | contact=  2.8 mm
contact establishment:     t=  3.0 s | ee=  1.5 deg | F= 81.9 N | M=  5.2 Nm | contact=  2.9 mm
contact establishment:     t=  3.2 s | ee=  1.7 deg | F= 89.2 N | M=  5.5 Nm | contact=  2.9 mm
contact establishment:     t=  3.4 s | ee=  2.0 deg | F= 82.3 N | M=  5.3 Nm | contact=  2.7 mm
contact establishment:     t=  3.6 s | ee=  2.1 deg | F= 82.3 N | M=  5.3 Nm | contact=  2.8 mm
contact establishment:     t=  3.8 s | ee=  2.1 deg | F= 82.3 N | M=  5.3 Nm | contact=  2.8 mm
contact establishment:     t=  4.0 s | ee=  2.1 deg | F= 82.3 N | M=  5.3 Nm | contact=  2.8 mm
contact establishment:     t=  4.2 s | ee=  2.1 deg | F= 82.3 N | M=  5.3 Nm | contact=  2.8 mm
contact establishment:     t=  4.4 s | ee=  2.1 deg | F= 82.3 N | M=  5.3 Nm | contact=  2.8 mm
contact establishment:     t=  4.6 s | ee=  2.1 deg | F= 82.3 N | M=  5.3 Nm | contact=  2.8 mm
contact establishment:     t=  4.8 s | ee=  2.1 deg | F= 82.3 N | M=  5.3 Nm | contact=  2.8 mm

==============================================================================
  CONTACT-ESTABLISHMENT RESULT
==============================================================================
  stop: time | t=5.0 s | ee=2.1 deg | F=82.3 N | M_TCP=5.3 Nm
  contact_from_start = [-2.4, +0.1, -1.4] mm | norm=2.8 mm
  tcp_from_contact  = [-20.9, -53.5, +33.1] mm | norm=66.3 mm
  deviation: before=9.40 deg | after=11.35 deg | gain=-1.95 deg
  t_align: not reached | tolerance=2.00 deg | hold=0.30 s
  t_align_fraction: not reached | fraction=0.50 of the deviation at contact
  deviation_min: 9.38 deg at t=0.05 s
  align_status: not_aligned
  deviation components [t1,t2,n] deg: before=[+9.39,-0.51,-0.00] | after=[+11.26,-1.40,+0.00]

-- contact establishment surface-frame breakdown -----------------------------
  frame              alignment-target [tangent1, tangent2, normal]
  force        [N]      = [    +3.75,     -1.85,    -82.23]
  tcp_disp     [mm]     = [    -2.08,     +1.23,    -19.24]
  contact_disp [mm]     = [    -2.37,     +0.13,     -1.41]
  Kp_eff=F/tcp [N/m]    = [  -1802.0,   -1505.9,    4274.6]
  M_contact    [Nm]     = [    -0.69,     -0.54,     -0.14]
  ee_angle     [deg]    = [    +1.88,     -0.86,     +0.19]
  KR_eff=M/ang [Nm/rad] = [    -21.0,      35.8,     -42.5]
  frame              tool face [length, width, tool axis]
  M_contact    [Nm]     = [    +0.50,     +0.68,     +0.26]

-- center of compliance ------------------------------------------------------
  definition         r_c = p_c - p_TCP
  p_TCP [x,y,z]    = [    512.3,       0.3,      31.5] mm
  p_c [EE]         = [      0.0,     -90.0,       0.0] mm
  r_c [t1,t2,n]    = [      0.1,      88.1,     -18.2] mm
                     p_c resolved at end of contact establishment

-- effective TCP impedance ---------------------------------------------------
  K_TCP translation = [   1999.5,    1998.7,     351.8] N/m
  K_TCP rotation   = [      8.4,       5.9,      65.3] Nm/rad
  commanded KR was = [      5.0,       5.0,      50.0] Nm/rad   including lever contribution
  D_TCP translation = [    234.2,     174.5,     111.6] Ns/m
  D_TCP rotation   = [      2.2,       2.1,       3.1] Nms/rad
  coupling           max |moment per unit translation| = 175.2 Nm/m (K), 20.5 Nms/m (D)
  eigenvalues        K_TCP 4.96 .. 2017 | D_TCP 1.26 .. 236  (both positive: valid springs)

  K_TCP [N/m, Nm/rad | rows fx..mz, cols tx..rz]:
           tx        ty        tz    |    rx        ry        rz
  fx [    2000  -0.7871   -28.44 |   -2.508    -41.2   -175.2 ]
  fy [ -0.7871     1999   -45.62 |    37.18 0.006498  -0.3569 ]
  fz [  -28.44   -45.62    351.8 |    29.88   0.6609    2.501 ]
     ---------------------------+---------------------------
  mx [  -2.508    37.18    29.88 |    8.397   0.0795   0.9874 ]
  my [   -41.2 0.006498   0.6609 |   0.0795    5.883    4.854 ]
  mz [  -175.2  -0.3569    2.501 |   0.9874    4.854     65.3 ]

  D_TCP [Ns/m, Nms/rad]:
           tx        ty        tz    |    rx        ry        rz
  fx [   234.2 -0.05853   -2.115 |  -0.1865   -4.825   -20.51 ]
  fy [-0.05853    174.5   -1.743 |    3.443 0.0008346 -0.03205 ]
  fz [  -2.115   -1.743    111.6 |    9.739  0.06734   0.1856 ]
     ---------------------------+---------------------------
  mx [ -0.1865    3.443    9.739 |    2.193 0.005943  0.01654 ]
  my [  -4.825 0.0008346  0.06734 | 0.005943    2.146   0.4027 ]
  mz [  -20.51 -0.03205   0.1856 |  0.01654   0.4027    3.121 ]

[STATE] Pre-grinding hold active. Press Enter to start grinding (e+Enter stops).

-- state: pre_grinding_hold --------------------------------------------------
  motion             established contact command
  impedance          inherited from contact establishment
  keys               Enter continue | e stop

Stop requested with e + Enter. Finishing control loop...

-- joint motion [deg] --------------------------------------------------------
  joint       start    final    delta
  q1            0.9      1.0     +0.1
  q2           12.1     28.4    +16.3
  q3           -0.5      0.5     +1.0
  q4         -130.9   -128.7     +2.2
  q5           -0.1    -27.4    -27.3
  q6          142.9    150.0     +7.1
  q7           44.7     71.4    +26.7

==============================================================================
  FINAL RESULT
==============================================================================
  p_d              = [    510.2,      -7.6,    -209.1] mm
  p_EE             = [    512.3,       0.3,      31.5] mm
  e_p              = [     -2.1,      -7.9,    -240.6] mm
  e_R              = [     1.88,     -0.86,      0.18] deg
------------------------------------------------------------------------------
  position error     240.70 mm
  rotation error     2.08 deg
  csv                logs/surface_grinding_controller_log.csv
------------------------------------------------------------------------------
archived to /home/hm-panda/Desktop/Thesis_Final_Control/experiments/results/P2_t1_neg_p090/r01
== P2_t1_neg_p090 r02 ==
applied 106 overrides

==============================================================================
  SURFACE GRINDING CONTROLLER
==============================================================================
  robot              172.16.0.2
  parameters         /home/hm-panda/Desktop/Thesis_Final_Control/surface_grinding_controller/params
------------------------------------------------------------------------------

==============================================================================
  SURFACE GRINDING CONTROLLER - STARTUP MENU
==============================================================================

-- RUN MODES -----------------------------------------------------------------
  s      Run orientation, approach, contact establishment, and grinding
  h      Cartesian pose hold at the initial posture
  t      Cartesian pose hold with the contact establishment impedance
  g      Start manual guidance from the current robot pose

-- ROBOT PREPARATION ---------------------------------------------------------
  i      Move to the configured initial joint posture

-- GRIPPER AND TOOL ----------------------------------------------------------
  o      Open the gripper
  c      Grasp the tool
  r      Recalibrate the gripper with empty fingers
  f      Pick up the tool from the holder
  b      Return the tool to the holder

-- PROGRAM -------------------------------------------------------------------
  e      Exit
------------------------------------------------------------------------------
  During control: e = stop | m = startup menu | g = guidance
------------------------------------------------------------------------------
Selection [s/h/t/g/i/o/c/r/f/b/e]: 
-- SELECTED MODE: STATE SEQUENCE ---------------------------------------------

-- moving to q_init ----------------------------------------------------------
  case               saved_qinit
  q1..q7 [deg]     = [0.8, 12.1, -0.5, -130.9, -0.2, 142.9, 44.7] deg
  saved_qinit = [0.014777, 0.210911, -0.009320, -2.284835, -0.002725, 2.493410, 0.780694] rad
  q_init reached.

-- start pose ----------------------------------------------------------------
  q_start          = [0.9, 12.1, -0.5, -130.9, -0.2, 142.9, 44.7] deg
  p_start          = [    531.3,       2.7,     156.8] mm

==============================================================================
  RUN
==============================================================================

-- state: tool_orientation ---------------------------------------------------
  Kp [t1,t2,n]     = [    150.0,     150.0,     150.0] N/m
  Dp [t1,t2,n]     = [    133.7,      94.2,     128.3] Ns/m     auto (factor 1.90)
  KR [t1,t2,n]     = [    180.0,     180.0,      90.0] Nm/rad
  DR [t1,t2,n]     = [     15.3,      25.0,       2.0] Nms/rad  auto (factor 1.90)
orient:     t=  0.0 s | axis_err= 12.0 deg | spin_err=  0.9 deg
orient:     t=  0.2 s | axis_err= 10.3 deg | spin_err=  0.9 deg
orient:     t=  0.4 s | axis_err=  6.6 deg | spin_err=  0.6 deg
orient:     t=  0.6 s | axis_err=  2.7 deg | spin_err=  0.3 deg
orient:     t=  0.8 s | axis_err=  1.0 deg | spin_err=  0.2 deg

Orientation reached: axis_err=0.8 deg | spin_err=0.2 deg

-- state: surface_approach ---------------------------------------------------
  Kp [t1,t2,n]     = [    150.0,     150.0,     150.0] N/m
  Dp [t1,t2,n]     = [    133.7,      94.2,     128.3] Ns/m     auto (factor 1.90)
  KR [t1,t2,n]     = [    180.0,     180.0,      90.0] Nm/rad
  DR [t1,t2,n]     = [     15.3,      25.0,       2.0] Nms/rad  auto (factor 1.90)
  descend to         20 mm clearance at 0.100 m/s
descend:    t=  0.0 s | distance=   0.1 mm | height=+120.9 mm (target 20.0) | force=  0.0 N
descend:    t=  0.2 s | distance=  20.2 mm | height=+110.7 mm (target 20.0) | force=  1.6 N
descend:    t=  0.4 s | distance=  40.3 mm | height= +96.0 mm (target 20.0) | force=  2.9 N
descend:    t=  0.6 s | distance=  60.4 mm | height= +80.0 mm (target 20.0) | force=  2.6 N
descend:    t=  0.8 s | distance=  80.5 mm | height= +63.3 mm (target 20.0) | force=  1.4 N
descend:    t=  1.0 s | distance= 100.6 mm | height= +46.4 mm (target 20.0) | force=  2.9 N
descend:    t=  1.2 s | distance= 120.7 mm | height= +29.5 mm (target 20.0) | force=  2.0 N

Clearance reached: distance=132.2 mm | height=19.9 mm | target=20.0 mm | force=2.8 N
  offset_ee        = [     20.0,     -60.0,      20.0] mm
  p_EE_at_contact  = [    514.5,       0.8,      50.7] mm
  contact_point    = [    532.9,      54.9,      -1.7] mm
  edge_offset      = [     18.5,      54.1,     -52.4] mm

-- state: contact_establishment ----------------------------------------------

-- contact establishment impedance -------------------------------------------
  law                wrench = K_TCP*dx + D_TCP*dv
                     K_TCP  = Ad(r_c)^T * blkdiag(Kp,KR) * Ad(r_c)
  Kp [t1,t2,n]     = [   2000.0,    2000.0,     350.0] N/m
  Dp [t1,t2,n]     = [    234.1,     174.7,     111.5] Ns/m     auto
  KR [t1,t2,n]     = [      5.0,       5.0,      50.0] Nm/rad
  DR [t1,t2,n]     = [      1.3,       2.0,       1.3] Nms/rad  auto
  p_c [EE]         = [      0.0,     -90.0,       0.0] mm       commanded in the tool frame
  r_c [t1,t2,n]    = [      0.1,      88.7,     -15.4] mm       p_c - p_TCP, in the plane
contact establishment:     t=  0.0 s | ee=  0.0 deg | F=  0.1 N | M=  0.0 Nm | contact= 19.8 mm
contact establishment:     t=  0.2 s | ee=  1.0 deg | F=  0.7 N | M=  0.4 Nm | contact=  7.3 mm
contact establishment:     t=  0.4 s | ee=  1.4 deg | F= 12.6 N | M=  0.9 Nm | contact=  2.3 mm
contact establishment:     t=  0.6 s | ee=  1.4 deg | F= 15.2 N | M=  0.9 Nm | contact=  2.3 mm
contact establishment:     t=  0.8 s | ee=  1.4 deg | F= 20.8 N | M=  1.2 Nm | contact=  2.4 mm
contact establishment:     t=  1.0 s | ee=  1.5 deg | F= 26.1 N | M=  1.6 Nm | contact=  2.4 mm
contact establishment:     t=  1.2 s | ee=  1.5 deg | F= 31.8 N | M=  2.0 Nm | contact=  2.5 mm
contact establishment:     t=  1.4 s | ee=  1.5 deg | F= 37.3 N | M=  2.3 Nm | contact=  2.5 mm
contact establishment:     t=  1.6 s | ee=  1.5 deg | F= 42.9 N | M=  2.8 Nm | contact=  2.6 mm
contact establishment:     t=  1.8 s | ee=  1.5 deg | F= 48.5 N | M=  3.2 Nm | contact=  2.7 mm
contact establishment:     t=  2.0 s | ee=  1.5 deg | F= 54.0 N | M=  3.4 Nm | contact=  2.8 mm
contact establishment:     t=  2.2 s | ee=  1.5 deg | F= 59.6 N | M=  3.8 Nm | contact=  2.9 mm
contact establishment:     t=  2.4 s | ee=  1.4 deg | F= 65.2 N | M=  4.2 Nm | contact=  2.9 mm
contact establishment:     t=  2.6 s | ee=  1.4 deg | F= 70.7 N | M=  4.5 Nm | contact=  3.0 mm
contact establishment:     t=  2.8 s | ee=  1.4 deg | F= 76.3 N | M=  4.9 Nm | contact=  3.1 mm
contact establishment:     t=  3.0 s | ee=  1.5 deg | F= 83.2 N | M=  5.3 Nm | contact=  3.1 mm
contact establishment:     t=  3.2 s | ee=  1.9 deg | F= 89.2 N | M=  5.6 Nm | contact=  3.1 mm
contact establishment:     t=  3.4 s | ee=  2.6 deg | F= 83.5 N | M=  5.5 Nm | contact=  2.9 mm
contact establishment:     t=  3.6 s | ee=  2.8 deg | F= 82.6 N | M=  5.3 Nm | contact=  3.0 mm
contact establishment:     t=  3.8 s | ee=  2.9 deg | F= 82.6 N | M=  5.3 Nm | contact=  3.0 mm
contact establishment:     t=  4.0 s | ee=  2.9 deg | F= 82.7 N | M=  5.4 Nm | contact=  3.0 mm
contact establishment:     t=  4.2 s | ee=  2.9 deg | F= 82.7 N | M=  5.4 Nm | contact=  3.0 mm
contact establishment:     t=  4.4 s | ee=  2.9 deg | F= 82.7 N | M=  5.4 Nm | contact=  3.0 mm
contact establishment:     t=  4.6 s | ee=  2.9 deg | F= 82.7 N | M=  5.3 Nm | contact=  3.0 mm
contact establishment:     t=  4.8 s | ee=  2.9 deg | F= 82.7 N | M=  5.4 Nm | contact=  3.0 mm

==============================================================================
  CONTACT-ESTABLISHMENT RESULT
==============================================================================
  stop: time | t=5.0 s | ee=2.9 deg | F=82.7 N | M_TCP=5.4 Nm
  contact_from_start = [-2.6, +0.4, -1.3] mm | norm=3.0 mm
  tcp_from_contact  = [-21.1, -52.5, +34.1] mm | norm=66.1 mm
  deviation: before=9.49 deg | after=12.36 deg | gain=-2.88 deg
  t_align: not reached | tolerance=2.00 deg | hold=0.30 s
  t_align_fraction: not reached | fraction=0.50 of the deviation at contact
  deviation_min: 9.45 deg at t=0.05 s
  align_status: not_aligned
  deviation components [t1,t2,n] deg: before=[+9.47,-0.50,-0.00] | after=[+12.31,-1.16,+0.00]

-- contact establishment surface-frame breakdown -----------------------------
  frame              alignment-target [tangent1, tangent2, normal]
  force        [N]      = [    +4.37,     -2.75,    -82.59]
  tcp_disp     [mm]     = [    -2.36,     +2.11,    -18.36]
  contact_disp [mm]     = [    -2.61,     +0.48,     -1.36]
  Kp_eff=F/tcp [N/m]    = [  -1847.0,   -1306.9,    4498.0]
  M_contact    [Nm]     = [    -0.77,     -0.71,     -0.21]
  ee_angle     [deg]    = [    +2.84,     -0.64,     +0.12]
  KR_eff=M/ang [Nm/rad] = [    -15.5,      63.6,    -100.5]
  frame              tool face [length, width, tool axis]
  M_contact    [Nm]     = [    +0.65,     +0.76,     +0.37]

-- center of compliance ------------------------------------------------------
  definition         r_c = p_c - p_TCP
  p_TCP [x,y,z]    = [    511.8,       2.3,      32.4] mm
  p_c [EE]         = [      0.0,     -90.0,       0.0] mm
  r_c [t1,t2,n]    = [      0.1,      87.8,     -19.8] mm
                     p_c resolved at end of contact establishment

-- effective TCP impedance ---------------------------------------------------
  K_TCP translation = [   1999.5,    1998.7,     351.8] N/m
  K_TCP rotation   = [      8.5,       6.0,      65.2] Nm/rad
  commanded KR was = [      5.0,       5.0,      50.0] Nm/rad   including lever contribution
  D_TCP translation = [    234.1,     174.7,     111.6] Ns/m
  D_TCP rotation   = [      2.2,       2.2,       3.1] Nms/rad
  coupling           max |moment per unit translation| = 174.4 Nm/m (K), 20.4 Nms/m (D)
  eigenvalues        K_TCP 4.96 .. 2017 | D_TCP 1.26 .. 236  (both positive: valid springs)

  K_TCP [N/m, Nm/rad | rows fx..mz, cols tx..rz]:
           tx        ty        tz    |    rx        ry        rz
  fx [    2000  -0.7871   -28.44 |   -2.498   -44.38   -174.4 ]
  fy [ -0.7871     1999   -45.62 |    40.38 0.004742  -0.4889 ]
  fz [  -28.44   -45.62    351.8 |    29.67   0.7292    2.493 ]
     ---------------------------+---------------------------
  mx [  -2.498    40.38    29.67 |    8.497  0.08518   0.9822 ]
  my [  -44.38 0.004742   0.7292 |  0.08518     6.02    5.115 ]
  mz [  -174.4  -0.4889    2.493 |   0.9822    5.115    65.16 ]

  D_TCP [Ns/m, Nms/rad]:
           tx        ty        tz    |    rx        ry        rz
  fx [   234.1 -0.05851   -2.114 |  -0.1857   -5.196   -20.42 ]
  fy [-0.05851    174.7   -1.748 |    3.724 0.0008109 -0.04362 ]
  fz [  -2.114   -1.748    111.6 |    9.691  0.07804   0.1849 ]
     ---------------------------+---------------------------
  mx [ -0.1857    3.724    9.691 |      2.2 0.006852  0.01616 ]
  my [  -5.196 0.0008109  0.07804 | 0.006852    2.161   0.4333 ]
  mz [  -20.42 -0.04362   0.1849 |  0.01616   0.4333    3.111 ]

[STATE] Pre-grinding hold active. Press Enter to start grinding (e+Enter stops).

-- state: pre_grinding_hold --------------------------------------------------
  motion             established contact command
  impedance          inherited from contact establishment
  keys               Enter continue | e stop

Stop requested with e + Enter. Finishing control loop...

-- joint motion [deg] --------------------------------------------------------
  joint       start    final    delta
  q1            0.9      1.0     +0.1
  q2           12.1     28.3    +16.1
  q3           -0.5      0.9     +1.4
  q4         -130.9   -128.7     +2.2
  q5           -0.2    -29.6    -29.4
  q6          142.9    149.4     +6.5
  q7           44.7     73.6    +28.9

==============================================================================
  FINAL RESULT
==============================================================================
  p_d              = [    510.0,      -6.4,    -209.0] mm
  p_EE             = [    511.8,       2.4,      32.4] mm
  e_p              = [     -1.8,      -8.8,    -241.4] mm
  e_R              = [     2.84,     -0.64,      0.09] deg
------------------------------------------------------------------------------
  position error     241.59 mm
  rotation error     2.91 deg
  csv                logs/surface_grinding_controller_log.csv
------------------------------------------------------------------------------
archived to /home/hm-panda/Desktop/Thesis_Final_Control/experiments/results/P2_t1_neg_p090/r02
== P2_t1_neg_p090 r03 ==
applied 106 overrides

==============================================================================
  SURFACE GRINDING CONTROLLER
==============================================================================
  robot              172.16.0.2
  parameters         /home/hm-panda/Desktop/Thesis_Final_Control/surface_grinding_controller/params
------------------------------------------------------------------------------

==============================================================================
  SURFACE GRINDING CONTROLLER - STARTUP MENU
==============================================================================

-- RUN MODES -----------------------------------------------------------------
  s      Run orientation, approach, contact establishment, and grinding
  h      Cartesian pose hold at the initial posture
  t      Cartesian pose hold with the contact establishment impedance
  g      Start manual guidance from the current robot pose

-- ROBOT PREPARATION ---------------------------------------------------------
  i      Move to the configured initial joint posture

-- GRIPPER AND TOOL ----------------------------------------------------------
  o      Open the gripper
  c      Grasp the tool
  r      Recalibrate the gripper with empty fingers
  f      Pick up the tool from the holder
  b      Return the tool to the holder

-- PROGRAM -------------------------------------------------------------------
  e      Exit
------------------------------------------------------------------------------
  During control: e = stop | m = startup menu | g = guidance
------------------------------------------------------------------------------
Selection [s/h/t/g/i/o/c/r/f/b/e]: 
-- SELECTED MODE: STATE SEQUENCE ---------------------------------------------

-- moving to q_init ----------------------------------------------------------
  case               saved_qinit
  q1..q7 [deg]     = [0.8, 12.1, -0.5, -130.9, -0.2, 142.9, 44.7] deg
  saved_qinit = [0.014777, 0.210911, -0.009320, -2.284835, -0.002725, 2.493410, 0.780694] rad
  q_init reached.

-- start pose ----------------------------------------------------------------
  q_start          = [0.9, 12.1, -0.5, -130.9, -0.2, 142.9, 44.7] deg
  p_start          = [    531.4,       2.7,     156.8] mm

==============================================================================
  RUN
==============================================================================

-- state: tool_orientation ---------------------------------------------------
  Kp [t1,t2,n]     = [    150.0,     150.0,     150.0] N/m
  Dp [t1,t2,n]     = [    133.7,      94.2,     128.3] Ns/m     auto (factor 1.90)
  KR [t1,t2,n]     = [    180.0,     180.0,      90.0] Nm/rad
  DR [t1,t2,n]     = [     15.3,      25.0,       2.0] Nms/rad  auto (factor 1.90)
orient:     t=  0.0 s | axis_err= 12.0 deg | spin_err=  0.9 deg
orient:     t=  0.2 s | axis_err= 10.3 deg | spin_err=  0.9 deg
orient:     t=  0.4 s | axis_err=  6.6 deg | spin_err=  0.6 deg
orient:     t=  0.6 s | axis_err=  2.7 deg | spin_err=  0.3 deg
orient:     t=  0.8 s | axis_err=  1.0 deg | spin_err=  0.2 deg

Orientation reached: axis_err=0.8 deg | spin_err=0.2 deg

-- state: surface_approach ---------------------------------------------------
  Kp [t1,t2,n]     = [    150.0,     150.0,     150.0] N/m
  Dp [t1,t2,n]     = [    133.7,      94.2,     128.3] Ns/m     auto (factor 1.90)
  KR [t1,t2,n]     = [    180.0,     180.0,      90.0] Nm/rad
  DR [t1,t2,n]     = [     15.3,      25.0,       2.0] Nms/rad  auto (factor 1.90)
  descend to         20 mm clearance at 0.100 m/s
descend:    t=  0.0 s | distance=   0.1 mm | height=+120.8 mm (target 20.0) | force= -0.0 N
descend:    t=  0.2 s | distance=  20.2 mm | height=+110.7 mm (target 20.0) | force=  2.0 N
descend:    t=  0.4 s | distance=  40.3 mm | height= +96.0 mm (target 20.0) | force=  2.9 N
descend:    t=  0.6 s | distance=  60.4 mm | height= +79.8 mm (target 20.0) | force=  1.7 N
descend:    t=  0.8 s | distance=  80.5 mm | height= +63.1 mm (target 20.0) | force=  1.6 N
descend:    t=  1.0 s | distance= 100.6 mm | height= +46.1 mm (target 20.0) | force=  2.0 N
descend:    t=  1.2 s | distance= 120.7 mm | height= +29.1 mm (target 20.0) | force=  1.8 N

Clearance reached: distance=131.6 mm | height=20.0 mm | target=20.0 mm | force=2.4 N
  offset_ee        = [     20.0,     -60.0,      20.0] mm
  p_EE_at_contact  = [    514.9,       0.5,      50.8] mm
  contact_point    = [    533.3,      54.7,      -1.7] mm
  edge_offset      = [     18.5,      54.1,     -52.4] mm

-- state: contact_establishment ----------------------------------------------

-- contact establishment impedance -------------------------------------------
  law                wrench = K_TCP*dx + D_TCP*dv
                     K_TCP  = Ad(r_c)^T * blkdiag(Kp,KR) * Ad(r_c)
  Kp [t1,t2,n]     = [   2000.0,    2000.0,     350.0] N/m
  Dp [t1,t2,n]     = [    234.2,     174.7,     111.4] Ns/m     auto
  KR [t1,t2,n]     = [      5.0,       5.0,      50.0] Nm/rad
  DR [t1,t2,n]     = [      1.3,       2.0,       1.3] Nms/rad  auto
  p_c [EE]         = [      0.0,     -90.0,       0.0] mm       commanded in the tool frame
  r_c [t1,t2,n]    = [      0.0,      88.7,     -15.4] mm       p_c - p_TCP, in the plane
contact establishment:     t=  0.0 s | ee=  0.0 deg | F=  0.1 N | M=  0.0 Nm | contact= 19.9 mm
contact establishment:     t=  0.2 s | ee=  1.0 deg | F=  0.2 N | M=  0.3 Nm | contact=  7.2 mm
contact establishment:     t=  0.4 s | ee=  1.4 deg | F= 12.4 N | M=  0.8 Nm | contact=  2.3 mm
contact establishment:     t=  0.6 s | ee=  1.4 deg | F= 15.7 N | M=  0.9 Nm | contact=  2.4 mm
contact establishment:     t=  0.8 s | ee=  1.4 deg | F= 21.3 N | M=  1.2 Nm | contact=  2.4 mm
contact establishment:     t=  1.0 s | ee=  1.4 deg | F= 26.9 N | M=  1.6 Nm | contact=  2.5 mm
contact establishment:     t=  1.2 s | ee=  1.4 deg | F= 32.4 N | M=  2.0 Nm | contact=  2.5 mm
contact establishment:     t=  1.4 s | ee=  1.4 deg | F= 38.2 N | M=  2.3 Nm | contact=  2.6 mm
contact establishment:     t=  1.6 s | ee=  1.5 deg | F= 43.6 N | M=  2.8 Nm | contact=  2.7 mm
contact establishment:     t=  1.8 s | ee=  1.5 deg | F= 48.8 N | M=  3.2 Nm | contact=  2.8 mm
contact establishment:     t=  2.0 s | ee=  1.4 deg | F= 54.5 N | M=  3.4 Nm | contact=  2.8 mm
contact establishment:     t=  2.2 s | ee=  1.4 deg | F= 60.1 N | M=  3.8 Nm | contact=  2.9 mm
contact establishment:     t=  2.4 s | ee=  1.4 deg | F= 65.6 N | M=  4.2 Nm | contact=  3.0 mm
contact establishment:     t=  2.6 s | ee=  1.4 deg | F= 71.7 N | M=  4.6 Nm | contact=  3.1 mm
contact establishment:     t=  2.8 s | ee=  1.4 deg | F= 76.8 N | M=  4.9 Nm | contact=  3.2 mm
contact establishment:     t=  3.0 s | ee=  1.4 deg | F= 82.6 N | M=  5.3 Nm | contact=  3.2 mm
contact establishment:     t=  3.2 s | ee=  1.7 deg | F= 90.1 N | M=  5.6 Nm | contact=  3.2 mm
contact establishment:     t=  3.4 s | ee=  2.3 deg | F= 83.8 N | M=  5.3 Nm | contact=  3.0 mm
contact establishment:     t=  3.6 s | ee=  2.7 deg | F= 83.5 N | M=  5.3 Nm | contact=  3.0 mm
contact establishment:     t=  3.8 s | ee=  2.7 deg | F= 83.7 N | M=  5.3 Nm | contact=  3.0 mm
contact establishment:     t=  4.0 s | ee=  2.7 deg | F= 83.6 N | M=  5.3 Nm | contact=  3.0 mm
contact establishment:     t=  4.2 s | ee=  2.7 deg | F= 83.6 N | M=  5.4 Nm | contact=  3.0 mm
contact establishment:     t=  4.4 s | ee=  2.8 deg | F= 83.6 N | M=  5.4 Nm | contact=  3.0 mm
contact establishment:     t=  4.6 s | ee=  2.8 deg | F= 83.6 N | M=  5.4 Nm | contact=  3.0 mm
contact establishment:     t=  4.8 s | ee=  2.8 deg | F= 83.6 N | M=  5.3 Nm | contact=  3.0 mm

==============================================================================
  CONTACT-ESTABLISHMENT RESULT
==============================================================================
  stop: time | t=5.0 s | ee=2.8 deg | F=83.6 N | M_TCP=5.3 Nm
  contact_from_start = [-2.7, +0.5, -1.3] mm | norm=3.0 mm
  tcp_from_contact  = [-21.2, -52.5, +33.9] mm | norm=66.0 mm
  deviation: before=9.46 deg | after=12.19 deg | gain=-2.73 deg
  t_align: not reached | tolerance=2.00 deg | hold=0.30 s
  t_align_fraction: not reached | fraction=0.50 of the deviation at contact
  deviation_min: 9.42 deg at t=0.05 s
  align_status: not_aligned
  deviation components [t1,t2,n] deg: before=[+9.45,-0.48,+0.00] | after=[+12.15,-1.06,-0.00]

-- contact establishment surface-frame breakdown -----------------------------
  frame              alignment-target [tangent1, tangent2, normal]
  force        [N]      = [    +4.55,     -3.02,    -83.38]
  tcp_disp     [mm]     = [    -2.46,     +2.13,    -18.52]
  contact_disp [mm]     = [    -2.67,     +0.58,     -1.31]
  Kp_eff=F/tcp [N/m]    = [  -1847.1,   -1420.6,    4501.5]
  M_contact    [Nm]     = [    -0.67,     -0.75,     -0.16]
  ee_angle     [deg]    = [    +2.70,     -0.57,     +0.12]
  KR_eff=M/ang [Nm/rad] = [    -14.3,      75.8,     -79.3]
  frame              tool face [length, width, tool axis]
  M_contact    [Nm]     = [    +0.70,     +0.67,     +0.33]

-- center of compliance ------------------------------------------------------
  definition         r_c = p_c - p_TCP
  p_TCP [x,y,z]    = [    512.1,       2.1,      32.2] mm
  p_c [EE]         = [      0.0,     -90.0,       0.0] mm
  r_c [t1,t2,n]    = [      0.1,      87.9,     -19.5] mm
                     p_c resolved at end of contact establishment

-- effective TCP impedance ---------------------------------------------------
  K_TCP translation = [   1999.5,    1998.7,     351.8] N/m
  K_TCP rotation   = [      8.5,       6.0,      65.2] Nm/rad
  commanded KR was = [      5.0,       5.0,      50.0] Nm/rad   including lever contribution
  D_TCP translation = [    234.1,     174.6,     111.5] Ns/m
  D_TCP rotation   = [      2.2,       2.2,       3.1] Nms/rad
  coupling           max |moment per unit translation| = 174.5 Nm/m (K), 20.4 Nms/m (D)
  eigenvalues        K_TCP 4.96 .. 2017 | D_TCP 1.26 .. 236  (both positive: valid springs)

  K_TCP [N/m, Nm/rad | rows fx..mz, cols tx..rz]:
           tx        ty        tz    |    rx        ry        rz
  fx [    2000  -0.7871   -28.44 |   -2.499    -43.9   -174.5 ]
  fy [ -0.7871     1999   -45.62 |    39.89 0.004451  -0.4932 ]
  fz [  -28.44   -45.62    351.8 |     29.7   0.7231    2.495 ]
     ---------------------------+---------------------------
  mx [  -2.499    39.89     29.7 |    8.481  0.08468   0.9825 ]
  my [   -43.9 0.004451   0.7231 |  0.08468    5.998    5.076 ]
  mz [  -174.5  -0.4932    2.495 |   0.9825    5.076    65.18 ]

  D_TCP [Ns/m, Nms/rad]:
           tx        ty        tz    |    rx        ry        rz
  fx [   234.1 -0.05854   -2.115 |  -0.1859   -5.139   -20.43 ]
  fy [-0.05854    174.6   -1.748 |    3.681 0.0007934 -0.04399 ]
  fz [  -2.115   -1.748    111.5 |    9.696  0.07778   0.1851 ]
     ---------------------------+---------------------------
  mx [ -0.1859    3.681    9.696 |    2.198 0.006833  0.01616 ]
  my [  -5.139 0.0007934  0.07778 | 0.006833    2.159   0.4287 ]
  mz [  -20.43 -0.04399   0.1851 |  0.01616   0.4287    3.112 ]

[STATE] Pre-grinding hold active. Press Enter to start grinding (e+Enter stops).

-- state: pre_grinding_hold --------------------------------------------------
  motion             established contact command
  impedance          inherited from contact establishment
  keys               Enter continue | e stop

Stop requested with e + Enter. Finishing control loop...

-- joint motion [deg] --------------------------------------------------------
  joint       start    final    delta
  q1            0.9      0.9     +0.1
  q2           12.1     28.3    +16.2
  q3           -0.5      0.9     +1.4
  q4         -130.9   -128.8     +2.1
  q5           -0.2    -29.5    -29.3
  q6          142.9    149.6     +6.8
  q7           44.7     73.4    +28.7

==============================================================================
  FINAL RESULT
==============================================================================
  p_d              = [    510.4,      -6.7,    -209.1] mm
  p_EE             = [    512.1,       2.1,      32.2] mm
  e_p              = [     -1.7,      -8.8,    -241.3] mm
  e_R              = [     2.70,     -0.56,      0.09] deg
------------------------------------------------------------------------------
  position error     241.48 mm
  rotation error     2.76 deg
  csv                logs/surface_grinding_controller_log.csv
------------------------------------------------------------------------------
archived to /home/hm-panda/Desktop/Thesis_Final_Control/experiments/results/P2_t1_neg_p090/r03
== P2_t1_pos_m100 r01 ==
applied 106 overrides

==============================================================================
  SURFACE GRINDING CONTROLLER
==============================================================================
  robot              172.16.0.2
  parameters         /home/hm-panda/Desktop/Thesis_Final_Control/surface_grinding_controller/params
------------------------------------------------------------------------------

==============================================================================
  SURFACE GRINDING CONTROLLER - STARTUP MENU
==============================================================================

-- RUN MODES -----------------------------------------------------------------
  s      Run orientation, approach, contact establishment, and grinding
  h      Cartesian pose hold at the initial posture
  t      Cartesian pose hold with the contact establishment impedance
  g      Start manual guidance from the current robot pose

-- ROBOT PREPARATION ---------------------------------------------------------
  i      Move to the configured initial joint posture

-- GRIPPER AND TOOL ----------------------------------------------------------
  o      Open the gripper
  c      Grasp the tool
  r      Recalibrate the gripper with empty fingers
  f      Pick up the tool from the holder
  b      Return the tool to the holder

-- PROGRAM -------------------------------------------------------------------
  e      Exit
------------------------------------------------------------------------------
  During control: e = stop | m = startup menu | g = guidance
------------------------------------------------------------------------------
Selection [s/h/t/g/i/o/c/r/f/b/e]: 
-- SELECTED MODE: STATE SEQUENCE ---------------------------------------------

-- moving to q_init ----------------------------------------------------------
  case               saved_qinit
  q1..q7 [deg]     = [0.8, 12.1, -0.5, -130.9, -0.2, 142.9, 44.7] deg
  saved_qinit = [0.014777, 0.210911, -0.009320, -2.284835, -0.002725, 2.493410, 0.780694] rad
  q_init reached.

-- start pose ----------------------------------------------------------------
  q_start          = [0.9, 12.1, -0.5, -130.9, -0.2, 142.9, 44.7] deg
  p_start          = [    531.4,       2.7,     156.8] mm

==============================================================================
  RUN
==============================================================================

-- state: tool_orientation ---------------------------------------------------
  Kp [t1,t2,n]     = [    150.0,     150.0,     150.0] N/m
  Dp [t1,t2,n]     = [    133.7,      94.2,     128.3] Ns/m     auto (factor 1.90)
  KR [t1,t2,n]     = [    180.0,     180.0,      90.0] Nm/rad
  DR [t1,t2,n]     = [     15.3,      25.0,       2.0] Nms/rad  auto (factor 1.90)
orient:     t=  0.0 s | axis_err=  8.6 deg | spin_err=  0.5 deg
orient:     t=  0.2 s | axis_err=  7.3 deg | spin_err=  0.2 deg
orient:     t=  0.4 s | axis_err=  3.4 deg | spin_err=  0.2 deg
orient:     t=  0.6 s | axis_err=  1.1 deg | spin_err=  0.2 deg
orient:     t=  0.8 s | axis_err=  0.9 deg | spin_err=  0.2 deg

Orientation reached: axis_err=0.9 deg | spin_err=0.2 deg

-- state: surface_approach ---------------------------------------------------
  Kp [t1,t2,n]     = [    150.0,     150.0,     150.0] N/m
  Dp [t1,t2,n]     = [    133.7,      94.2,     128.3] Ns/m     auto (factor 1.90)
  KR [t1,t2,n]     = [    180.0,     180.0,      90.0] Nm/rad
  DR [t1,t2,n]     = [     15.3,      25.0,       2.0] Nms/rad  auto (factor 1.90)
  descend to         20 mm clearance at 0.100 m/s
descend:    t=  0.0 s | distance=   0.1 mm | height=+121.9 mm (target 20.0) | force=  0.0 N
descend:    t=  0.2 s | distance=  20.2 mm | height=+111.2 mm (target 20.0) | force=  1.2 N
descend:    t=  0.4 s | distance=  40.3 mm | height= +96.1 mm (target 20.0) | force=  2.3 N
descend:    t=  0.6 s | distance=  60.4 mm | height= +79.9 mm (target 20.0) | force=  2.8 N
descend:    t=  0.8 s | distance=  80.5 mm | height= +62.6 mm (target 20.0) | force=  2.2 N
descend:    t=  1.0 s | distance= 100.6 mm | height= +45.5 mm (target 20.0) | force=  2.8 N
descend:    t=  1.2 s | distance= 120.7 mm | height= +28.2 mm (target 20.0) | force=  2.4 N

Clearance reached: distance=130.5 mm | height=19.9 mm | target=20.0 mm | force=2.0 N
  offset_ee        = [     20.0,      60.0,      20.0] mm
  p_EE_at_contact  = [    516.7,       1.7,      49.8] mm
  contact_point    = [    535.2,     -55.7,       1.3] mm
  edge_offset      = [     18.5,     -57.4,     -48.4] mm

-- state: contact_establishment ----------------------------------------------

-- contact establishment impedance -------------------------------------------
  law                wrench = K_TCP*dx + D_TCP*dv
                     K_TCP  = Ad(r_c)^T * blkdiag(Kp,KR) * Ad(r_c)
  Kp [t1,t2,n]     = [   2000.0,    2000.0,     350.0] N/m
  Dp [t1,t2,n]     = [    231.1,     178.0,     112.1] Ns/m     auto
  KR [t1,t2,n]     = [      5.0,       5.0,      50.0] Nm/rad
  DR [t1,t2,n]     = [      1.5,       1.9,       1.2] Nms/rad  auto
  p_c [EE]         = [      0.0,     100.0,       0.0] mm       commanded in the tool frame
  r_c [t1,t2,n]    = [      0.0,     -98.8,     -15.6] mm       p_c - p_TCP, in the plane
contact establishment:     t=  0.0 s | ee=  0.0 deg | F=  0.1 N | M=  0.0 Nm | contact= 19.9 mm
contact establishment:     t=  0.2 s | ee=  1.0 deg | F=  0.9 N | M=  0.6 Nm | contact=  7.2 mm
contact establishment:     t=  0.4 s | ee=  1.6 deg | F= 19.1 N | M=  0.8 Nm | contact=  3.7 mm
contact establishment:     t=  0.6 s | ee=  1.6 deg | F= 15.6 N | M=  0.7 Nm | contact=  3.7 mm
contact establishment:     t=  0.8 s | ee=  1.7 deg | F= 21.2 N | M=  0.9 Nm | contact=  3.9 mm
contact establishment:     t=  1.0 s | ee=  1.7 deg | F= 26.8 N | M=  1.2 Nm | contact=  4.1 mm
contact establishment:     t=  1.2 s | ee=  1.7 deg | F= 32.3 N | M=  1.6 Nm | contact=  4.2 mm
contact establishment:     t=  1.4 s | ee=  1.7 deg | F= 37.6 N | M=  2.0 Nm | contact=  4.4 mm
contact establishment:     t=  1.6 s | ee=  1.7 deg | F= 43.2 N | M=  2.4 Nm | contact=  4.5 mm
contact establishment:     t=  1.8 s | ee=  1.7 deg | F= 48.6 N | M=  2.7 Nm | contact=  4.7 mm
contact establishment:     t=  2.0 s | ee=  1.7 deg | F= 54.3 N | M=  3.0 Nm | contact=  4.9 mm
contact establishment:     t=  2.2 s | ee=  1.7 deg | F= 60.0 N | M=  3.3 Nm | contact=  5.0 mm
contact establishment:     t=  2.4 s | ee=  1.7 deg | F= 66.0 N | M=  3.5 Nm | contact=  5.2 mm
contact establishment:     t=  2.6 s | ee=  2.0 deg | F= 72.6 N | M=  4.0 Nm | contact=  5.4 mm
contact establishment:     t=  2.8 s | ee=  2.7 deg | F= 77.7 N | M=  4.4 Nm | contact=  5.6 mm
contact establishment:     t=  3.0 s | ee=  3.8 deg | F= 81.9 N | M=  4.6 Nm | contact=  5.9 mm
contact establishment:     t=  3.2 s | ee=  5.6 deg | F= 86.9 N | M=  4.8 Nm | contact=  6.2 mm
contact establishment:     t=  3.4 s | ee=  8.0 deg | F= 78.7 N | M=  3.9 Nm | contact=  6.6 mm
contact establishment:     t=  3.6 s | ee= 10.3 deg | F= 78.6 N | M=  4.5 Nm | contact=  7.0 mm
contact establishment:     t=  3.8 s | ee= 12.7 deg | F= 74.0 N | M=  3.5 Nm | contact=  7.9 mm
contact establishment:     t=  4.0 s | ee= 14.8 deg | F= 75.7 N | M=  3.5 Nm | contact=  8.1 mm
contact establishment:     t=  4.2 s | ee= 16.4 deg | F= 78.1 N | M=  3.7 Nm | contact=  8.0 mm
contact establishment:     t=  4.4 s | ee= 17.9 deg | F= 78.2 N | M=  3.9 Nm | contact=  8.4 mm
contact establishment:     t=  4.6 s | ee= 19.1 deg | F= 75.7 N | M=  3.4 Nm | contact=  9.0 mm
contact establishment:     t=  4.8 s | ee= 20.3 deg | F= 74.9 N | M=  2.8 Nm | contact=  9.5 mm

==============================================================================
  CONTACT-ESTABLISHMENT RESULT
==============================================================================
  stop: time | t=5.0 s | ee=21.0 deg | F=75.1 N | M_TCP=2.9 Nm
  contact_from_start = [-5.4, -3.0, -7.3] mm | norm=9.6 mm
  tcp_from_contact  = [-23.5, +39.6, +40.1] mm | norm=61.1 mm
  deviation: before=9.34 deg | after=30.35 deg | gain=-21.01 deg
  t_align: not reached | tolerance=2.00 deg | hold=0.30 s
  t_align_fraction: not reached | fraction=0.50 of the deviation at contact
  deviation_min: 9.31 deg at t=0.06 s
  align_status: not_aligned
  deviation components [t1,t2,n] deg: before=[-9.33,-0.42,-0.00] | after=[-30.28,-2.16,-0.00]

-- contact establishment surface-frame breakdown -----------------------------
  frame              alignment-target [tangent1, tangent2, normal]
  force        [N]      = [   +10.21,     -0.19,    -74.40]
  tcp_disp     [mm]     = [    -4.90,    -17.52,     -8.89]
  contact_disp [mm]     = [    -5.26,     -2.83,     -7.46]
  Kp_eff=F/tcp [N/m]    = [  -2082.9,      11.0,    8367.0]
  M_contact    [Nm]     = [    -0.32,     -0.25,     -0.01]
  ee_angle     [deg]    = [   -20.96,     -1.48,     -0.77]
  KR_eff=M/ang [Nm/rad] = [      0.9,       9.5,       0.9]
  frame              tool face [length, width, tool axis]
  M_contact    [Nm]     = [    +0.22,     +0.33,     -0.10]

-- center of compliance ------------------------------------------------------
  definition         r_c = p_c - p_TCP
  p_TCP [x,y,z]    = [    511.6,     -16.0,      41.5] mm
  p_c [EE]         = [      0.0,     100.0,       0.0] mm
  r_c [t1,t2,n]    = [      0.5,     -86.7,     -49.9] mm
                     p_c resolved at end of contact establishment

-- effective TCP impedance ---------------------------------------------------
  K_TCP translation = [   1999.5,    1998.7,     351.8] N/m
  K_TCP rotation   = [     12.6,       9.5,      65.4] Nm/rad
  commanded KR was = [      5.0,       5.0,      50.0] Nm/rad   including lever contribution
  D_TCP translation = [    231.1,     178.0,     112.2] Ns/m
  D_TCP rotation   = [      2.8,       2.4,       3.0] Nms/rad
  coupling           max |moment per unit translation| = 176.0 Nm/m (K), 20.3 Nms/m (D)
  eigenvalues        K_TCP 4.95 .. 2020 | D_TCP 1.20 .. 233  (both positive: valid springs)

  K_TCP [N/m, Nm/rad | rows fx..mz, cols tx..rz]:
           tx        ty        tz    |    rx        ry        rz
  fx [    2000  -0.7871   -28.44 |    2.466    -94.9      176 ]
  fy [ -0.7871     1999   -45.62 |    98.87  0.01869  -0.8868 ]
  fz [  -28.44   -45.62    351.8 |   -33.13    1.493   -2.485 ]
     ---------------------------+---------------------------
  mx [   2.466    98.87   -33.13 |    12.62  -0.1091   0.9522 ]
  my [   -94.9  0.01869    1.493 |  -0.1091    9.539   -7.109 ]
  mz [     176  -0.8868   -2.485 |   0.9522   -7.109    65.44 ]

  D_TCP [Ns/m, Nms/rad]:
           tx        ty        tz    |    rx        ry        rz
  fx [   231.1 -0.05677   -2.051 |   0.1778   -10.97    20.34 ]
  fy [-0.05677      178   -1.821 |    8.606 0.001949 -0.07779 ]
  fz [  -2.051   -1.821    112.2 |   -9.964   0.1432  -0.1798 ]
     ---------------------------+---------------------------
  mx [  0.1778    8.606   -9.964 |    2.776 -0.01265 0.007231 ]
  my [  -10.97 0.001949   0.1432 | -0.01265    2.415  -0.9844 ]
  mz [   20.34 -0.07779  -0.1798 | 0.007231  -0.9844    2.997 ]

[STATE] Pre-grinding hold active. Press Enter to start grinding (e+Enter stops).

-- state: pre_grinding_hold --------------------------------------------------
  motion             established contact command
  impedance          inherited from contact establishment
  keys               Enter continue | e stop

Stop requested with e + Enter. Finishing control loop...

-- joint motion [deg] --------------------------------------------------------
  joint       start    final    delta
  q1            0.9     -3.7     -4.6
  q2           12.1     29.4    +17.3
  q3           -0.5     -4.1     -3.6
  q4         -130.9   -124.4     +6.5
  q5           -0.2     44.3    +44.4
  q6          142.9    135.3     -7.5
  q7           44.7     -0.4    -45.2

==============================================================================
  FINAL RESULT
==============================================================================
  p_d              = [    512.2,      -5.5,    -210.0] mm
  p_EE             = [    511.6,     -16.0,      41.5] mm
  e_p              = [      0.6,      10.6,    -251.5] mm
  e_R              = [   -20.97,     -1.49,     -0.37] deg
------------------------------------------------------------------------------
  position error     251.71 mm
  rotation error     21.03 deg
  csv                logs/surface_grinding_controller_log.csv
------------------------------------------------------------------------------
archived to /home/hm-panda/Desktop/Thesis_Final_Control/experiments/results/P2_t1_pos_m100/r01
== P2_t1_pos_m100 r02 ==
applied 106 overrides

==============================================================================
  SURFACE GRINDING CONTROLLER
==============================================================================
  robot              172.16.0.2
  parameters         /home/hm-panda/Desktop/Thesis_Final_Control/surface_grinding_controller/params
------------------------------------------------------------------------------

==============================================================================
  SURFACE GRINDING CONTROLLER - STARTUP MENU
==============================================================================

-- RUN MODES -----------------------------------------------------------------
  s      Run orientation, approach, contact establishment, and grinding
  h      Cartesian pose hold at the initial posture
  t      Cartesian pose hold with the contact establishment impedance
  g      Start manual guidance from the current robot pose

-- ROBOT PREPARATION ---------------------------------------------------------
  i      Move to the configured initial joint posture

-- GRIPPER AND TOOL ----------------------------------------------------------
  o      Open the gripper
  c      Grasp the tool
  r      Recalibrate the gripper with empty fingers
  f      Pick up the tool from the holder
  b      Return the tool to the holder

-- PROGRAM -------------------------------------------------------------------
  e      Exit
------------------------------------------------------------------------------
  During control: e = stop | m = startup menu | g = guidance
------------------------------------------------------------------------------
Selection [s/h/t/g/i/o/c/r/f/b/e]: 
-- SELECTED MODE: STATE SEQUENCE ---------------------------------------------

-- moving to q_init ----------------------------------------------------------
  case               saved_qinit
  q1..q7 [deg]     = [0.8, 12.1, -0.5, -130.9, -0.2, 142.9, 44.7] deg
  saved_qinit = [0.014777, 0.210911, -0.009320, -2.284835, -0.002725, 2.493410, 0.780694] rad
  q_init reached.

-- start pose ----------------------------------------------------------------
  q_start          = [0.8, 12.1, -0.5, -130.9, -0.1, 142.8, 44.7] deg
  p_start          = [    531.2,       2.3,     156.8] mm

==============================================================================
  RUN
==============================================================================

-- state: tool_orientation ---------------------------------------------------
  Kp [t1,t2,n]     = [    150.0,     150.0,     150.0] N/m
  Dp [t1,t2,n]     = [    133.7,      94.2,     128.3] Ns/m     auto (factor 1.90)
  KR [t1,t2,n]     = [    180.0,     180.0,      90.0] Nm/rad
  DR [t1,t2,n]     = [     15.3,      25.0,       2.0] Nms/rad  auto (factor 1.90)
orient:     t=  0.0 s | axis_err=  8.5 deg | spin_err=  0.5 deg
orient:     t=  0.2 s | axis_err=  7.1 deg | spin_err=  0.2 deg
orient:     t=  0.4 s | axis_err=  3.2 deg | spin_err=  0.2 deg
orient:     t=  0.6 s | axis_err=  1.0 deg | spin_err=  0.2 deg
orient:     t=  0.8 s | axis_err=  0.8 deg | spin_err=  0.2 deg

Orientation reached: axis_err=0.7 deg | spin_err=0.2 deg

-- state: surface_approach ---------------------------------------------------
  Kp [t1,t2,n]     = [    150.0,     150.0,     150.0] N/m
  Dp [t1,t2,n]     = [    133.7,      94.2,     128.3] Ns/m     auto (factor 1.90)
  KR [t1,t2,n]     = [    180.0,     180.0,      90.0] Nm/rad
  DR [t1,t2,n]     = [     15.3,      25.0,       2.0] Nms/rad  auto (factor 1.90)
  descend to         20 mm clearance at 0.100 m/s
descend:    t=  0.0 s | distance=   0.1 mm | height=+122.0 mm (target 20.0) | force=  0.0 N
descend:    t=  0.2 s | distance=  20.2 mm | height=+111.2 mm (target 20.0) | force=  1.2 N
descend:    t=  0.4 s | distance=  40.3 mm | height= +95.7 mm (target 20.0) | force=  2.1 N
descend:    t=  0.6 s | distance=  60.4 mm | height= +79.4 mm (target 20.0) | force=  2.6 N
descend:    t=  0.8 s | distance=  80.5 mm | height= +62.4 mm (target 20.0) | force=  2.5 N
descend:    t=  1.0 s | distance= 100.6 mm | height= +45.5 mm (target 20.0) | force=  3.2 N
descend:    t=  1.2 s | distance= 120.7 mm | height= +28.1 mm (target 20.0) | force=  2.6 N

Clearance reached: distance=130.3 mm | height=19.9 mm | target=20.0 mm | force=1.3 N
  offset_ee        = [     20.0,      60.0,      20.0] mm
  p_EE_at_contact  = [    516.9,       0.8,      49.9] mm
  contact_point    = [    535.4,     -56.6,       1.4] mm
  edge_offset      = [     18.5,     -57.4,     -48.5] mm

-- state: contact_establishment ----------------------------------------------

-- contact establishment impedance -------------------------------------------
  law                wrench = K_TCP*dx + D_TCP*dv
                     K_TCP  = Ad(r_c)^T * blkdiag(Kp,KR) * Ad(r_c)
  Kp [t1,t2,n]     = [   2000.0,    2000.0,     350.0] N/m
  Dp [t1,t2,n]     = [    231.2,     178.1,     112.1] Ns/m     auto
  KR [t1,t2,n]     = [      5.0,       5.0,      50.0] Nm/rad
  DR [t1,t2,n]     = [      1.5,       1.9,       1.2] Nms/rad  auto
  p_c [EE]         = [      0.0,     100.0,       0.0] mm       commanded in the tool frame
  r_c [t1,t2,n]    = [      0.1,     -98.8,     -15.6] mm       p_c - p_TCP, in the plane
contact establishment:     t=  0.0 s | ee=  0.0 deg | F=  0.2 N | M=  0.0 Nm | contact= 19.9 mm
contact establishment:     t=  0.2 s | ee=  1.0 deg | F=  1.6 N | M=  0.5 Nm | contact=  7.0 mm
contact establishment:     t=  0.4 s | ee=  1.6 deg | F= 20.3 N | M=  0.9 Nm | contact=  3.5 mm
contact establishment:     t=  0.6 s | ee=  1.6 deg | F= 15.9 N | M=  0.8 Nm | contact=  3.7 mm
contact establishment:     t=  0.8 s | ee=  1.6 deg | F= 21.6 N | M=  1.0 Nm | contact=  3.8 mm
contact establishment:     t=  1.0 s | ee=  1.7 deg | F= 27.0 N | M=  1.3 Nm | contact=  4.0 mm
contact establishment:     t=  1.2 s | ee=  1.7 deg | F= 32.7 N | M=  1.6 Nm | contact=  4.1 mm
contact establishment:     t=  1.4 s | ee=  1.7 deg | F= 38.3 N | M=  2.0 Nm | contact=  4.3 mm
contact establishment:     t=  1.6 s | ee=  1.7 deg | F= 43.8 N | M=  2.3 Nm | contact=  4.5 mm
contact establishment:     t=  1.8 s | ee=  1.7 deg | F= 49.5 N | M=  2.7 Nm | contact=  4.6 mm
contact establishment:     t=  2.0 s | ee=  1.7 deg | F= 55.0 N | M=  3.1 Nm | contact=  4.8 mm
contact establishment:     t=  2.2 s | ee=  1.7 deg | F= 60.6 N | M=  3.4 Nm | contact=  5.0 mm
contact establishment:     t=  2.4 s | ee=  1.7 deg | F= 67.4 N | M=  3.6 Nm | contact=  5.1 mm
contact establishment:     t=  2.6 s | ee=  2.0 deg | F= 73.2 N | M=  4.1 Nm | contact=  5.3 mm
contact establishment:     t=  2.8 s | ee=  2.8 deg | F= 78.2 N | M=  4.4 Nm | contact=  5.6 mm
contact establishment:     t=  3.0 s | ee=  4.2 deg | F= 83.0 N | M=  4.7 Nm | contact=  6.0 mm
contact establishment:     t=  3.2 s | ee=  6.3 deg | F= 86.4 N | M=  4.8 Nm | contact=  6.3 mm
contact establishment:     t=  3.4 s | ee=  8.8 deg | F= 78.9 N | M=  3.8 Nm | contact=  6.7 mm
contact establishment:     t=  3.6 s | ee= 11.3 deg | F= 78.4 N | M=  4.2 Nm | contact=  7.2 mm
contact establishment:     t=  3.8 s | ee= 14.0 deg | F= 74.4 N | M=  3.2 Nm | contact=  8.3 mm
contact establishment:     t=  4.0 s | ee= 16.2 deg | F= 75.7 N | M=  3.1 Nm | contact=  8.4 mm
contact establishment:     t=  4.2 s | ee= 18.2 deg | F= 77.9 N | M=  3.3 Nm | contact=  8.5 mm
contact establishment:     t=  4.4 s | ee= 19.9 deg | F= 78.5 N | M=  3.3 Nm | contact=  8.8 mm
contact establishment:     t=  4.6 s | ee= 21.0 deg | F= 77.6 N | M=  3.1 Nm | contact=  9.3 mm
contact establishment:     t=  4.8 s | ee= 22.2 deg | F= 77.2 N | M=  2.8 Nm | contact=  9.5 mm

==============================================================================
  CONTACT-ESTABLISHMENT RESULT
==============================================================================
  stop: time | t=5.0 s | ee=22.9 deg | F=77.4 N | M_TCP=2.6 Nm
  contact_from_start = [-5.2, -3.5, -7.4] mm | norm=9.7 mm
  tcp_from_contact  = [-23.4, +37.6, +41.3] mm | norm=60.6 mm
  deviation: before=9.38 deg | after=32.24 deg | gain=-22.86 deg
  t_align: not reached | tolerance=2.00 deg | hold=0.30 s
  t_align_fraction: not reached | fraction=0.50 of the deviation at contact
  deviation_min: 9.34 deg at t=0.05 s
  align_status: not_aligned
  deviation components [t1,t2,n] deg: before=[-9.37,-0.46,+0.00] | after=[-32.17,-2.13,-0.00]

-- contact establishment surface-frame breakdown -----------------------------
  frame              alignment-target [tangent1, tangent2, normal]
  force        [N]      = [    +9.51,     -2.69,    -76.75]
  tcp_disp     [mm]     = [    -4.81,    -19.55,     -7.78]
  contact_disp [mm]     = [    -5.05,     -3.24,     -7.62]
  Kp_eff=F/tcp [N/m]    = [  -1979.7,     137.5,    9866.7]
  M_contact    [Nm]     = [    -0.38,     -0.39,     +0.03]
  ee_angle     [deg]    = [   -22.82,     -1.36,     -0.84]
  KR_eff=M/ang [Nm/rad] = [      1.0,      16.4,      -1.8]
  frame              tool face [length, width, tool axis]
  M_contact    [Nm]     = [    +0.31,     +0.39,     -0.22]

-- center of compliance ------------------------------------------------------
  definition         r_c = p_c - p_TCP
  p_TCP [x,y,z]    = [    511.9,     -18.9,      42.7] mm
  p_c [EE]         = [      0.0,     100.0,       0.0] mm
  r_c [t1,t2,n]    = [      0.6,     -85.0,     -52.7] mm
                     p_c resolved at end of contact establishment

-- effective TCP impedance ---------------------------------------------------
  K_TCP translation = [   1999.5,    1998.7,     351.8] N/m
  K_TCP rotation   = [     13.1,      10.1,      64.9] Nm/rad
  commanded KR was = [      5.0,       5.0,      50.0] Nm/rad   including lever contribution
  D_TCP translation = [    231.1,     178.1,     112.2] Ns/m
  D_TCP rotation   = [      2.8,       2.5,       2.9] Nms/rad
  coupling           max |moment per unit translation| = 172.8 Nm/m (K), 20.0 Nms/m (D)
  eigenvalues        K_TCP 4.95 .. 2020 | D_TCP 1.20 .. 233  (both positive: valid springs)

  K_TCP [N/m, Nm/rad | rows fx..mz, cols tx..rz]:
           tx        ty        tz    |    rx        ry        rz
  fx [    2000  -0.7871   -28.44 |    2.418   -100.7    172.8 ]
  fy [ -0.7871     1999   -45.62 |    104.6  0.02548  -0.6878 ]
  fz [  -28.44   -45.62    351.8 |   -32.69    1.541   -2.443 ]
     ---------------------------+---------------------------
  mx [   2.418    104.6   -32.69 |     13.1  -0.1104   0.9521 ]
  my [  -100.7  0.02548    1.541 |  -0.1104     10.1   -7.454 ]
  mz [   172.8  -0.6878   -2.443 |   0.9521   -7.454    64.88 ]

  D_TCP [Ns/m, Nms/rad]:
           tx        ty        tz    |    rx        ry        rz
  fx [   231.1  -0.0568   -2.052 |   0.1745   -11.64    19.97 ]
  fy [ -0.0568    178.1   -1.826 |    9.123 0.002293 -0.06012 ]
  fz [  -2.052   -1.826    112.2 |   -9.783   0.1381  -0.1767 ]
     ---------------------------+---------------------------
  mx [  0.1745    9.123   -9.783 |    2.797 -0.01195 0.007345 ]
  my [  -11.64 0.002293   0.1381 | -0.01195     2.48   -1.024 ]
  mz [   19.97 -0.06012  -0.1767 | 0.007345   -1.024    2.934 ]

[STATE] Pre-grinding hold active. Press Enter to start grinding (e+Enter stops).

-- state: pre_grinding_hold --------------------------------------------------
  motion             established contact command
  impedance          inherited from contact establishment
  keys               Enter continue | e stop

Stop requested with e + Enter. Finishing control loop...

-- joint motion [deg] --------------------------------------------------------
  joint       start    final    delta
  q1            0.8     -4.2     -5.1
  q2           12.1     29.7    +17.6
  q3           -0.5     -4.6     -4.1
  q4         -130.9   -123.7     +7.2
  q5           -0.1     45.6    +45.7
  q6          142.8    133.3     -9.5
  q7           44.7     -2.3    -47.0

==============================================================================
  FINAL RESULT
==============================================================================
  p_d              = [    512.4,      -6.4,    -210.0] mm
  p_EE             = [    511.9,     -18.9,      42.7] mm
  e_p              = [      0.5,      12.6,    -252.6] mm
  e_R              = [   -22.84,     -1.37,     -0.41] deg
------------------------------------------------------------------------------
  position error     252.96 mm
  rotation error     22.88 deg
  csv                logs/surface_grinding_controller_log.csv
------------------------------------------------------------------------------
archived to /home/hm-panda/Desktop/Thesis_Final_Control/experiments/results/P2_t1_pos_m100/r02
== P2_t1_pos_m100 r03 ==
applied 106 overrides

==============================================================================
  SURFACE GRINDING CONTROLLER
==============================================================================
  robot              172.16.0.2
  parameters         /home/hm-panda/Desktop/Thesis_Final_Control/surface_grinding_controller/params
------------------------------------------------------------------------------

==============================================================================
  SURFACE GRINDING CONTROLLER - STARTUP MENU
==============================================================================

-- RUN MODES -----------------------------------------------------------------
  s      Run orientation, approach, contact establishment, and grinding
  h      Cartesian pose hold at the initial posture
  t      Cartesian pose hold with the contact establishment impedance
  g      Start manual guidance from the current robot pose

-- ROBOT PREPARATION ---------------------------------------------------------
  i      Move to the configured initial joint posture

-- GRIPPER AND TOOL ----------------------------------------------------------
  o      Open the gripper
  c      Grasp the tool
  r      Recalibrate the gripper with empty fingers
  f      Pick up the tool from the holder
  b      Return the tool to the holder

-- PROGRAM -------------------------------------------------------------------
  e      Exit
------------------------------------------------------------------------------
  During control: e = stop | m = startup menu | g = guidance
------------------------------------------------------------------------------
Selection [s/h/t/g/i/o/c/r/f/b/e]: 
-- SELECTED MODE: STATE SEQUENCE ---------------------------------------------

-- moving to q_init ----------------------------------------------------------
  case               saved_qinit
  q1..q7 [deg]     = [0.8, 12.1, -0.5, -130.9, -0.2, 142.9, 44.7] deg
  saved_qinit = [0.014777, 0.210911, -0.009320, -2.284835, -0.002725, 2.493410, 0.780694] rad
  q_init reached.

-- start pose ----------------------------------------------------------------
  q_start          = [0.8, 12.1, -0.5, -130.9, -0.1, 142.8, 44.7] deg
  p_start          = [    531.2,       2.3,     156.8] mm

==============================================================================
  RUN
==============================================================================

-- state: tool_orientation ---------------------------------------------------
  Kp [t1,t2,n]     = [    150.0,     150.0,     150.0] N/m
  Dp [t1,t2,n]     = [    133.7,      94.2,     128.3] Ns/m     auto (factor 1.90)
  KR [t1,t2,n]     = [    180.0,     180.0,      90.0] Nm/rad
  DR [t1,t2,n]     = [     15.3,      25.0,       2.0] Nms/rad  auto (factor 1.90)
orient:     t=  0.0 s | axis_err=  8.5 deg | spin_err=  0.5 deg
orient:     t=  0.2 s | axis_err=  7.1 deg | spin_err=  0.2 deg
orient:     t=  0.4 s | axis_err=  3.2 deg | spin_err=  0.2 deg
orient:     t=  0.6 s | axis_err=  1.0 deg | spin_err=  0.2 deg
orient:     t=  0.8 s | axis_err=  0.8 deg | spin_err=  0.2 deg

Orientation reached: axis_err=0.7 deg | spin_err=0.2 deg

-- state: surface_approach ---------------------------------------------------
  Kp [t1,t2,n]     = [    150.0,     150.0,     150.0] N/m
  Dp [t1,t2,n]     = [    133.7,      94.2,     128.3] Ns/m     auto (factor 1.90)
  KR [t1,t2,n]     = [    180.0,     180.0,      90.0] Nm/rad
  DR [t1,t2,n]     = [     15.3,      25.0,       2.0] Nms/rad  auto (factor 1.90)
  descend to         20 mm clearance at 0.100 m/s
descend:    t=  0.0 s | distance=   0.1 mm | height=+122.2 mm (target 20.0) | force= -0.0 N
descend:    t=  0.2 s | distance=  20.2 mm | height=+111.3 mm (target 20.0) | force=  1.2 N
descend:    t=  0.4 s | distance=  40.3 mm | height= +95.8 mm (target 20.0) | force=  2.0 N
descend:    t=  0.6 s | distance=  60.4 mm | height= +79.7 mm (target 20.0) | force=  2.0 N
descend:    t=  0.8 s | distance=  80.5 mm | height= +62.8 mm (target 20.0) | force=  2.5 N
descend:    t=  1.0 s | distance= 100.6 mm | height= +45.8 mm (target 20.0) | force=  2.8 N
descend:    t=  1.2 s | distance= 120.7 mm | height= +28.3 mm (target 20.0) | force=  2.3 N

Clearance reached: distance=130.5 mm | height=20.0 mm | target=20.0 mm | force=1.6 N
  offset_ee        = [     20.0,      60.0,      20.0] mm
  p_EE_at_contact  = [    517.1,       0.8,      49.9] mm
  contact_point    = [    535.5,     -56.6,       1.4] mm
  edge_offset      = [     18.5,     -57.4,     -48.5] mm

-- state: contact_establishment ----------------------------------------------

-- contact establishment impedance -------------------------------------------
  law                wrench = K_TCP*dx + D_TCP*dv
                     K_TCP  = Ad(r_c)^T * blkdiag(Kp,KR) * Ad(r_c)
  Kp [t1,t2,n]     = [   2000.0,    2000.0,     350.0] N/m
  Dp [t1,t2,n]     = [    231.2,     178.1,     112.1] Ns/m     auto
  KR [t1,t2,n]     = [      5.0,       5.0,      50.0] Nm/rad
  DR [t1,t2,n]     = [      1.5,       1.9,       1.2] Nms/rad  auto
  p_c [EE]         = [      0.0,     100.0,       0.0] mm       commanded in the tool frame
  r_c [t1,t2,n]    = [      0.1,     -98.8,     -15.6] mm       p_c - p_TCP, in the plane
contact establishment:     t=  0.0 s | ee=  0.0 deg | F=  0.0 N | M=  0.0 Nm | contact= 19.9 mm
contact establishment:     t=  0.2 s | ee=  1.0 deg | F=  1.3 N | M=  0.5 Nm | contact=  7.2 mm
contact establishment:     t=  0.4 s | ee=  1.6 deg | F= 20.1 N | M=  0.8 Nm | contact=  3.5 mm
contact establishment:     t=  0.6 s | ee=  1.6 deg | F= 15.1 N | M=  0.8 Nm | contact=  3.7 mm
contact establishment:     t=  0.8 s | ee=  1.6 deg | F= 21.1 N | M=  1.0 Nm | contact=  3.8 mm
contact establishment:     t=  1.0 s | ee=  1.7 deg | F= 26.4 N | M=  1.2 Nm | contact=  4.0 mm
contact establishment:     t=  1.2 s | ee=  1.7 deg | F= 32.2 N | M=  1.6 Nm | contact=  4.1 mm
contact establishment:     t=  1.4 s | ee=  1.7 deg | F= 37.6 N | M=  1.9 Nm | contact=  4.3 mm
contact establishment:     t=  1.6 s | ee=  1.7 deg | F= 43.1 N | M=  2.3 Nm | contact=  4.5 mm
contact establishment:     t=  1.8 s | ee=  1.7 deg | F= 48.8 N | M=  2.7 Nm | contact=  4.6 mm
contact establishment:     t=  2.0 s | ee=  1.7 deg | F= 54.2 N | M=  3.0 Nm | contact=  4.8 mm
contact establishment:     t=  2.2 s | ee=  1.7 deg | F= 59.8 N | M=  3.4 Nm | contact=  5.0 mm
contact establishment:     t=  2.4 s | ee=  1.6 deg | F= 66.7 N | M=  3.6 Nm | contact=  5.2 mm
contact establishment:     t=  2.6 s | ee=  2.0 deg | F= 73.1 N | M=  4.0 Nm | contact=  5.3 mm
contact establishment:     t=  2.8 s | ee=  2.9 deg | F= 77.4 N | M=  4.3 Nm | contact=  5.6 mm
contact establishment:     t=  3.0 s | ee=  4.3 deg | F= 81.9 N | M=  4.5 Nm | contact=  6.0 mm
contact establishment:     t=  3.2 s | ee=  6.5 deg | F= 85.8 N | M=  4.5 Nm | contact=  6.5 mm
contact establishment:     t=  3.4 s | ee=  9.1 deg | F= 77.4 N | M=  3.8 Nm | contact=  7.1 mm
contact establishment:     t=  3.6 s | ee= 11.8 deg | F= 79.5 N | M=  4.0 Nm | contact=  7.0 mm
contact establishment:     t=  3.8 s | ee= 14.4 deg | F= 76.3 N | M=  3.8 Nm | contact=  7.9 mm
contact establishment:     t=  4.0 s | ee= 16.6 deg | F= 73.4 N | M=  3.0 Nm | contact=  8.6 mm
contact establishment:     t=  4.2 s | ee= 18.7 deg | F= 73.0 N | M=  2.7 Nm | contact=  9.1 mm
contact establishment:     t=  4.4 s | ee= 20.3 deg | F= 74.2 N | M=  2.5 Nm | contact=  9.4 mm
contact establishment:     t=  4.6 s | ee= 21.5 deg | F= 75.9 N | M=  2.7 Nm | contact=  9.3 mm
contact establishment:     t=  4.8 s | ee= 22.7 deg | F= 77.7 N | M=  2.7 Nm | contact=  9.5 mm

==============================================================================
  CONTACT-ESTABLISHMENT RESULT
==============================================================================
  stop: time | t=5.0 s | ee=23.6 deg | F=75.1 N | M_TCP=2.3 Nm
  contact_from_start = [-5.3, -3.7, -7.6] mm | norm=10.0 mm
  tcp_from_contact  = [-23.4, +36.8, +41.7] mm | norm=60.3 mm
  deviation: before=9.37 deg | after=32.93 deg | gain=-23.56 deg
  t_align: not reached | tolerance=2.00 deg | hold=0.30 s
  t_align_fraction: not reached | fraction=0.50 of the deviation at contact
  deviation_min: 9.33 deg at t=0.05 s
  align_status: not_aligned
  deviation components [t1,t2,n] deg: before=[-9.36,-0.45,+0.00] | after=[-32.85,-2.19,+0.00]

-- contact establishment surface-frame breakdown -----------------------------
  frame              alignment-target [tangent1, tangent2, normal]
  force        [N]      = [    +9.43,     -1.96,    -74.50]
  tcp_disp     [mm]     = [    -4.82,    -20.42,     -7.50]
  contact_disp [mm]     = [    -5.14,     -3.52,     -7.82]
  Kp_eff=F/tcp [N/m]    = [  -1956.6,      95.7,    9930.6]
  M_contact    [Nm]     = [    -0.55,     -0.39,     -0.05]
  ee_angle     [deg]    = [   -23.51,     -1.44,     -0.82]
  KR_eff=M/ang [Nm/rad] = [      1.3,      15.6,       3.5]
  frame              tool face [length, width, tool axis]
  M_contact    [Nm]     = [    +0.35,     +0.56,     -0.15]

-- center of compliance ------------------------------------------------------
  definition         r_c = p_c - p_TCP
  p_TCP [x,y,z]    = [    512.1,     -19.8,      43.0] mm
  p_c [EE]         = [      0.0,     100.0,       0.0] mm
  r_c [t1,t2,n]    = [      0.5,     -84.3,     -53.7] mm
                     p_c resolved at end of contact establishment

-- effective TCP impedance ---------------------------------------------------
  K_TCP translation = [   1999.5,    1998.7,     351.8] N/m
  K_TCP rotation   = [     13.3,      10.3,      64.7] Nm/rad
  commanded KR was = [      5.0,       5.0,      50.0] Nm/rad   including lever contribution
  D_TCP translation = [    231.1,     178.1,     112.2] Ns/m
  D_TCP rotation   = [      2.8,       2.5,       2.9] Nms/rad
  coupling           max |moment per unit translation| = 171.5 Nm/m (K), 19.8 Nms/m (D)
  eigenvalues        K_TCP 4.95 .. 2020 | D_TCP 1.20 .. 233  (both positive: valid springs)

  K_TCP [N/m, Nm/rad | rows fx..mz, cols tx..rz]:
           tx        ty        tz    |    rx        ry        rz
  fx [    2000  -0.7871   -28.44 |    2.399   -102.7    171.5 ]
  fy [ -0.7871     1999   -45.62 |    106.6  0.02157   -0.894 ]
  fz [  -28.44   -45.62    351.8 |   -32.52    1.606   -2.421 ]
     ---------------------------+---------------------------
  mx [   2.399    106.6   -32.52 |    13.28  -0.1152   0.9374 ]
  my [  -102.7  0.02157    1.606 |  -0.1152    10.31   -7.569 ]
  mz [   171.5   -0.894   -2.421 |   0.9374   -7.569    64.67 ]

  D_TCP [Ns/m, Nms/rad]:
           tx        ty        tz    |    rx        ry        rz
  fx [   231.1 -0.05681   -2.053 |   0.1732   -11.87    19.83 ]
  fy [-0.05681    178.1   -1.826 |    9.304 0.002164 -0.07851 ]
  fz [  -2.053   -1.826    112.2 |   -9.716   0.1518  -0.1754 ]
     ---------------------------+---------------------------
  mx [  0.1732    9.304   -9.716 |    2.804 -0.01305 0.006111 ]
  my [  -11.87 0.002164   0.1518 | -0.01305    2.505   -1.038 ]
  mz [   19.83 -0.07851  -0.1754 | 0.006111   -1.038     2.91 ]

[STATE] Pre-grinding hold active. Press Enter to start grinding (e+Enter stops).

-- state: pre_grinding_hold --------------------------------------------------
  motion             established contact command
  impedance          inherited from contact establishment
  keys               Enter continue | e stop

Stop requested with e + Enter. Finishing control loop...

-- joint motion [deg] --------------------------------------------------------
  joint       start    final    delta
  q1            0.8     -4.5     -5.3
  q2           12.1     29.9    +17.8
  q3           -0.5     -4.7     -4.2
  q4         -130.9   -123.4     +7.5
  q5           -0.1     46.0    +46.1
  q6          142.8    132.5    -10.3
  q7           44.7     -2.7    -47.5

==============================================================================
  FINAL RESULT
==============================================================================
  p_d              = [    512.6,      -6.4,    -210.0] mm
  p_EE             = [    512.1,     -19.8,      43.0] mm
  e_p              = [      0.4,      13.4,    -253.0] mm
  e_R              = [   -23.53,     -1.44,     -0.38] deg
------------------------------------------------------------------------------
  position error     253.36 mm
  rotation error     23.57 deg
  csv                logs/surface_grinding_controller_log.csv
------------------------------------------------------------------------------
archived to /home/hm-panda/Desktop/Thesis_Final_Control/experiments/results/P2_t1_pos_m100/r03
== P2_t1_neg_m100 r01 ==
applied 106 overrides

==============================================================================
  SURFACE GRINDING CONTROLLER
==============================================================================
  robot              172.16.0.2
  parameters         /home/hm-panda/Desktop/Thesis_Final_Control/surface_grinding_controller/params
------------------------------------------------------------------------------

==============================================================================
  SURFACE GRINDING CONTROLLER - STARTUP MENU
==============================================================================

-- RUN MODES -----------------------------------------------------------------
  s      Run orientation, approach, contact establishment, and grinding
  h      Cartesian pose hold at the initial posture
  t      Cartesian pose hold with the contact establishment impedance
  g      Start manual guidance from the current robot pose

-- ROBOT PREPARATION ---------------------------------------------------------
  i      Move to the configured initial joint posture

-- GRIPPER AND TOOL ----------------------------------------------------------
  o      Open the gripper
  c      Grasp the tool
  r      Recalibrate the gripper with empty fingers
  f      Pick up the tool from the holder
  b      Return the tool to the holder

-- PROGRAM -------------------------------------------------------------------
  e      Exit
------------------------------------------------------------------------------
  During control: e = stop | m = startup menu | g = guidance
------------------------------------------------------------------------------
Selection [s/h/t/g/i/o/c/r/f/b/e]: 
-- SELECTED MODE: STATE SEQUENCE ---------------------------------------------

-- moving to q_init ----------------------------------------------------------
  case               saved_qinit
  q1..q7 [deg]     = [0.8, 12.1, -0.5, -130.9, -0.2, 142.9, 44.7] deg
  saved_qinit = [0.014777, 0.210911, -0.009320, -2.284835, -0.002725, 2.493410, 0.780694] rad
  q_init reached.

-- start pose ----------------------------------------------------------------
  q_start          = [0.8, 12.1, -0.5, -130.9, -0.1, 142.8, 44.7] deg
  p_start          = [    531.2,       2.3,     156.8] mm

==============================================================================
  RUN
==============================================================================

-- state: tool_orientation ---------------------------------------------------
  Kp [t1,t2,n]     = [    150.0,     150.0,     150.0] N/m
  Dp [t1,t2,n]     = [    133.7,      94.2,     128.3] Ns/m     auto (factor 1.90)
  KR [t1,t2,n]     = [    180.0,     180.0,      90.0] Nm/rad
  DR [t1,t2,n]     = [     15.3,      25.0,       2.0] Nms/rad  auto (factor 1.90)
orient:     t=  0.0 s | axis_err= 12.0 deg | spin_err=  0.9 deg
orient:     t=  0.2 s | axis_err= 10.5 deg | spin_err=  0.9 deg
orient:     t=  0.4 s | axis_err=  6.7 deg | spin_err=  0.5 deg
orient:     t=  0.6 s | axis_err=  2.7 deg | spin_err=  0.3 deg
orient:     t=  0.8 s | axis_err=  1.0 deg | spin_err=  0.2 deg

Orientation reached: axis_err=0.9 deg | spin_err=0.2 deg

-- state: surface_approach ---------------------------------------------------
  Kp [t1,t2,n]     = [    150.0,     150.0,     150.0] N/m
  Dp [t1,t2,n]     = [    133.7,      94.2,     128.3] Ns/m     auto (factor 1.90)
  KR [t1,t2,n]     = [    180.0,     180.0,      90.0] Nm/rad
  DR [t1,t2,n]     = [     15.3,      25.0,       2.0] Nms/rad  auto (factor 1.90)
  descend to         20 mm clearance at 0.100 m/s
descend:    t=  0.0 s | distance=   0.1 mm | height=+121.9 mm (target 20.0) | force=  0.0 N
descend:    t=  0.2 s | distance=  20.2 mm | height=+111.1 mm (target 20.0) | force=  0.7 N
descend:    t=  0.4 s | distance=  40.3 mm | height= +95.9 mm (target 20.0) | force=  2.5 N
descend:    t=  0.6 s | distance=  60.4 mm | height= +79.8 mm (target 20.0) | force=  2.0 N
descend:    t=  0.8 s | distance=  80.5 mm | height= +63.3 mm (target 20.0) | force=  1.1 N
descend:    t=  1.0 s | distance= 100.6 mm | height= +46.5 mm (target 20.0) | force=  1.8 N
descend:    t=  1.2 s | distance= 120.7 mm | height= +29.6 mm (target 20.0) | force=  1.3 N

Clearance reached: distance=132.1 mm | height=20.0 mm | target=20.0 mm | force=1.8 N
  offset_ee        = [     20.0,     -60.0,      20.0] mm
  p_EE_at_contact  = [    515.2,      -0.9,      50.8] mm
  contact_point    = [    533.6,      53.2,      -1.6] mm
  edge_offset      = [     18.4,      54.2,     -52.4] mm

-- state: contact_establishment ----------------------------------------------

-- contact establishment impedance -------------------------------------------
  law                wrench = K_TCP*dx + D_TCP*dv
                     K_TCP  = Ad(r_c)^T * blkdiag(Kp,KR) * Ad(r_c)
  Kp [t1,t2,n]     = [   2000.0,    2000.0,     350.0] N/m
  Dp [t1,t2,n]     = [    234.2,     174.6,     111.4] Ns/m     auto
  KR [t1,t2,n]     = [      5.0,       5.0,      50.0] Nm/rad
  DR [t1,t2,n]     = [      1.3,       2.0,       1.3] Nms/rad  auto
  p_c [EE]         = [      0.0,     100.0,       0.0] mm       commanded in the tool frame
  r_c [t1,t2,n]    = [     -0.1,     -98.5,      17.0] mm       p_c - p_TCP, in the plane
contact establishment:     t=  0.0 s | ee=  0.0 deg | F=  0.1 N | M=  0.0 Nm | contact= 19.9 mm
contact establishment:     t=  0.2 s | ee=  0.9 deg | F=  0.8 N | M=  0.7 Nm | contact=  7.1 mm
contact establishment:     t=  0.4 s | ee=  1.3 deg | F= 12.4 N | M=  0.5 Nm | contact=  2.6 mm
contact establishment:     t=  0.6 s | ee=  1.3 deg | F= 16.3 N | M=  0.5 Nm | contact=  2.6 mm
contact establishment:     t=  0.8 s | ee=  1.4 deg | F= 21.7 N | M=  0.6 Nm | contact=  2.6 mm
contact establishment:     t=  1.0 s | ee=  1.6 deg | F= 25.9 N | M=  0.5 Nm | contact=  2.7 mm
contact establishment:     t=  1.2 s | ee=  2.3 deg | F= 31.4 N | M=  0.6 Nm | contact=  2.4 mm
contact establishment:     t=  1.4 s | ee=  3.5 deg | F= 35.5 N | M=  0.6 Nm | contact=  2.3 mm
contact establishment:     t=  1.6 s | ee=  5.0 deg | F= 40.3 N | M=  0.8 Nm | contact=  2.2 mm
contact establishment:     t=  1.8 s | ee=  8.7 deg | F= 38.2 N | M=  0.4 Nm | contact=  2.5 mm
contact establishment:     t=  2.0 s | ee= 12.0 deg | F= 47.4 N | M=  3.9 Nm | contact=  2.9 mm
contact establishment:     t=  2.2 s | ee= 12.1 deg | F= 50.6 N | M=  4.7 Nm | contact=  3.0 mm
contact establishment:     t=  2.4 s | ee= 12.1 deg | F= 55.9 N | M=  5.1 Nm | contact=  3.0 mm
contact establishment:     t=  2.6 s | ee= 12.1 deg | F= 61.4 N | M=  5.5 Nm | contact=  3.0 mm
contact establishment:     t=  2.8 s | ee= 12.1 deg | F= 67.3 N | M=  5.9 Nm | contact=  3.0 mm
contact establishment:     t=  3.0 s | ee= 12.2 deg | F= 73.2 N | M=  6.2 Nm | contact=  3.0 mm
contact establishment:     t=  3.2 s | ee= 12.3 deg | F= 79.2 N | M=  6.5 Nm | contact=  3.1 mm
contact establishment:     t=  3.4 s | ee= 12.3 deg | F= 73.6 N | M=  6.2 Nm | contact=  3.1 mm
contact establishment:     t=  3.6 s | ee= 12.3 deg | F= 73.5 N | M=  6.1 Nm | contact=  3.1 mm
contact establishment:     t=  3.8 s | ee= 12.3 deg | F= 73.5 N | M=  6.1 Nm | contact=  3.1 mm
contact establishment:     t=  4.0 s | ee= 12.3 deg | F= 73.4 N | M=  6.2 Nm | contact=  3.1 mm
contact establishment:     t=  4.2 s | ee= 12.3 deg | F= 73.4 N | M=  6.1 Nm | contact=  3.1 mm
contact establishment:     t=  4.4 s | ee= 12.3 deg | F= 73.3 N | M=  6.1 Nm | contact=  3.1 mm
contact establishment:     t=  4.6 s | ee= 12.3 deg | F= 73.3 N | M=  6.1 Nm | contact=  3.1 mm
contact establishment:     t=  4.8 s | ee= 12.3 deg | F= 73.2 N | M=  6.1 Nm | contact=  3.1 mm

==============================================================================
  CONTACT-ESTABLISHMENT RESULT
==============================================================================
  stop: time | t=5.0 s | ee=12.3 deg | F=73.2 N | M_TCP=6.1 Nm
  contact_from_start = [-2.1, +1.9, +1.1] mm | norm=3.1 mm
  tcp_from_contact  = [-20.7, -58.4, +21.4] mm | norm=65.6 mm
  deviation: before=9.44 deg | after=3.17 deg | gain=+6.27 deg
  t_align: not reached | tolerance=2.00 deg | hold=0.30 s
  t_align_fraction: 1.58 s | fraction=0.50 of the deviation at contact
  deviation_min: 0.83 deg at t=1.85 s
  align_status: not_aligned
  deviation components [t1,t2,n] deg: before=[+9.43,-0.52,-0.00] | after=[-2.89,-1.30,+0.00]

-- contact establishment surface-frame breakdown -----------------------------
  frame              alignment-target [tangent1, tangent2, normal]
  force        [N]      = [    +3.92,     +5.98,    -72.88]
  tcp_disp     [mm]     = [    -1.72,     -3.40,    -31.21]
  contact_disp [mm]     = [    -2.15,     +1.91,     +1.08]
  Kp_eff=F/tcp [N/m]    = [  -2276.9,   -1757.8,    2335.2]
  M_contact    [Nm]     = [   +10.35,     -0.43,     +0.17]
  ee_angle     [deg]    = [   -12.32,     -0.79,     -0.09]
  KR_eff=M/ang [Nm/rad] = [    -48.1,      31.2,    -109.5]
  frame              tool face [length, width, tool axis]
  M_contact    [Nm]     = [    +0.44,    -10.35,     -0.42]

-- center of compliance ------------------------------------------------------
  definition         r_c = p_c - p_TCP
  p_TCP [x,y,z]    = [    512.9,      -5.2,      19.7] mm
  p_c [EE]         = [      0.0,     100.0,       0.0] mm
  r_c [t1,t2,n]    = [      0.2,     -99.9,      -4.4] mm
                     p_c resolved at end of contact establishment

-- effective TCP impedance ---------------------------------------------------
  K_TCP translation = [   1999.5,    1998.7,     351.8] N/m
  K_TCP rotation   = [      8.5,       5.0,      69.9] Nm/rad
  commanded KR was = [      5.0,       5.0,      50.0] Nm/rad   including lever contribution
  D_TCP translation = [    234.2,     174.6,     111.5] Ns/m
  D_TCP rotation   = [      2.4,       2.0,       3.7] Nms/rad
  coupling           max |moment per unit translation| = 199.9 Nm/m (K), 23.4 Nms/m (D)
  eigenvalues        K_TCP 4.95 .. 2021 | D_TCP 1.26 .. 237  (both positive: valid springs)

  K_TCP [N/m, Nm/rad | rows fx..mz, cols tx..rz]:
           tx        ty        tz    |    rx        ry        rz
  fx [    2000  -0.7871   -28.44 |    2.842   -3.236    199.9 ]
  fy [ -0.7871     1999   -45.62 |    7.798 0.005585   0.1101 ]
  fz [  -28.44   -45.62    351.8 |   -35.24  0.01282   -2.848 ]
     ---------------------------+---------------------------
  mx [   2.842    7.798   -35.24 |     8.55  0.02019    1.061 ]
  my [  -3.236 0.005585  0.01282 |  0.02019     5.04   0.9207 ]
  mz [   199.9   0.1101   -2.848 |    1.061   0.9207    69.94 ]

  D_TCP [Ns/m, Nms/rad]:
           tx        ty        tz    |    rx        ry        rz
  fx [   234.2 -0.05859   -2.117 |   0.2116  -0.3791    23.42 ]
  fy [-0.05859    174.6   -1.746 |   0.4573 0.0002599  0.01063 ]
  fz [  -2.117   -1.746    111.5 |   -11.15 -0.007107  -0.2118 ]
     ---------------------------+---------------------------
  mx [  0.2116   0.4573   -11.15 |    2.386 0.0007383  0.02218 ]
  my [ -0.3791 0.0002599 -0.007107 | 0.0007383    2.048 -0.05784 ]
  mz [   23.42  0.01063  -0.2118 |  0.02218 -0.05784    3.669 ]

[STATE] Pre-grinding hold active. Press Enter to start grinding (e+Enter stops).

-- state: pre_grinding_hold --------------------------------------------------
  motion             established contact command
  impedance          inherited from contact establishment
  keys               Enter continue | e stop

Stop requested with e + Enter. Finishing control loop...

-- joint motion [deg] --------------------------------------------------------
  joint       start    final    delta
  q1            0.8     -9.8    -10.7
  q2           12.1     30.0    +17.9
  q3           -0.5      8.0     +8.5
  q4         -130.9   -129.9     +1.0
  q5           -0.1     -7.9     -7.7
  q6          142.8    155.6    +12.7
  q7           44.7     49.4     +4.7

==============================================================================
  FINAL RESULT
==============================================================================
  p_d              = [    510.7,      -8.1,    -209.0] mm
  p_EE             = [    512.9,      -5.2,      19.7] mm
  e_p              = [     -2.2,      -2.9,    -228.8] mm
  e_R              = [   -12.32,     -0.79,      0.15] deg
------------------------------------------------------------------------------
  position error     228.81 mm
  rotation error     12.35 deg
  csv                logs/surface_grinding_controller_log.csv
------------------------------------------------------------------------------
archived to /home/hm-panda/Desktop/Thesis_Final_Control/experiments/results/P2_t1_neg_m100/r01
== P2_t1_neg_m100 r02 ==
applied 106 overrides

==============================================================================
  SURFACE GRINDING CONTROLLER
==============================================================================
  robot              172.16.0.2
  parameters         /home/hm-panda/Desktop/Thesis_Final_Control/surface_grinding_controller/params
------------------------------------------------------------------------------

==============================================================================
  SURFACE GRINDING CONTROLLER - STARTUP MENU
==============================================================================

-- RUN MODES -----------------------------------------------------------------
  s      Run orientation, approach, contact establishment, and grinding
  h      Cartesian pose hold at the initial posture
  t      Cartesian pose hold with the contact establishment impedance
  g      Start manual guidance from the current robot pose

-- ROBOT PREPARATION ---------------------------------------------------------
  i      Move to the configured initial joint posture

-- GRIPPER AND TOOL ----------------------------------------------------------
  o      Open the gripper
  c      Grasp the tool
  r      Recalibrate the gripper with empty fingers
  f      Pick up the tool from the holder
  b      Return the tool to the holder

-- PROGRAM -------------------------------------------------------------------
  e      Exit
------------------------------------------------------------------------------
  During control: e = stop | m = startup menu | g = guidance
------------------------------------------------------------------------------
Selection [s/h/t/g/i/o/c/r/f/b/e]: 
-- SELECTED MODE: STATE SEQUENCE ---------------------------------------------

-- moving to q_init ----------------------------------------------------------
  case               saved_qinit
  q1..q7 [deg]     = [0.8, 12.1, -0.5, -130.9, -0.2, 142.9, 44.7] deg
  saved_qinit = [0.014777, 0.210911, -0.009320, -2.284835, -0.002725, 2.493410, 0.780694] rad
  q_init reached.

-- start pose ----------------------------------------------------------------
  q_start          = [0.8, 12.1, -0.5, -130.9, -0.2, 142.9, 44.7] deg
  p_start          = [    531.4,       2.4,     156.9] mm

==============================================================================
  RUN
==============================================================================

-- state: tool_orientation ---------------------------------------------------
  Kp [t1,t2,n]     = [    150.0,     150.0,     150.0] N/m
  Dp [t1,t2,n]     = [    133.7,      94.2,     128.3] Ns/m     auto (factor 1.90)
  KR [t1,t2,n]     = [    180.0,     180.0,      90.0] Nm/rad
  DR [t1,t2,n]     = [     15.3,      25.0,       2.0] Nms/rad  auto (factor 1.90)
orient:     t=  0.0 s | axis_err= 12.0 deg | spin_err=  0.9 deg
orient:     t=  0.2 s | axis_err= 10.3 deg | spin_err=  0.9 deg
orient:     t=  0.4 s | axis_err=  6.6 deg | spin_err=  0.6 deg
orient:     t=  0.6 s | axis_err=  2.7 deg | spin_err=  0.3 deg
orient:     t=  0.8 s | axis_err=  1.0 deg | spin_err=  0.2 deg

Orientation reached: axis_err=0.8 deg | spin_err=0.2 deg

-- state: surface_approach ---------------------------------------------------
  Kp [t1,t2,n]     = [    150.0,     150.0,     150.0] N/m
  Dp [t1,t2,n]     = [    133.7,      94.2,     128.3] Ns/m     auto (factor 1.90)
  KR [t1,t2,n]     = [    180.0,     180.0,      90.0] Nm/rad
  DR [t1,t2,n]     = [     15.3,      25.0,       2.0] Nms/rad  auto (factor 1.90)
  descend to         20 mm clearance at 0.100 m/s
descend:    t=  0.0 s | distance=   0.1 mm | height=+120.6 mm (target 20.0) | force= -0.0 N
descend:    t=  0.2 s | distance=  20.2 mm | height=+110.3 mm (target 20.0) | force=  1.2 N
descend:    t=  0.4 s | distance=  40.3 mm | height= +95.1 mm (target 20.0) | force=  2.9 N
descend:    t=  0.6 s | distance=  60.4 mm | height= +78.9 mm (target 20.0) | force=  2.2 N
descend:    t=  0.8 s | distance=  80.5 mm | height= +62.2 mm (target 20.0) | force=  1.8 N
descend:    t=  1.0 s | distance= 100.6 mm | height= +45.3 mm (target 20.0) | force=  2.3 N
descend:    t=  1.2 s | distance= 120.7 mm | height= +28.4 mm (target 20.0) | force=  1.6 N

Clearance reached: distance=130.7 mm | height=19.9 mm | target=20.0 mm | force=2.3 N
  offset_ee        = [     20.0,     -60.0,      20.0] mm
  p_EE_at_contact  = [    514.9,       0.2,      50.8] mm
  contact_point    = [    533.4,      54.3,      -1.7] mm
  edge_offset      = [     18.5,      54.1,     -52.4] mm

-- state: contact_establishment ----------------------------------------------

-- contact establishment impedance -------------------------------------------
  law                wrench = K_TCP*dx + D_TCP*dv
                     K_TCP  = Ad(r_c)^T * blkdiag(Kp,KR) * Ad(r_c)
  Kp [t1,t2,n]     = [   2000.0,    2000.0,     350.0] N/m
  Dp [t1,t2,n]     = [    234.2,     174.7,     111.4] Ns/m     auto
  KR [t1,t2,n]     = [      5.0,       5.0,      50.0] Nm/rad
  DR [t1,t2,n]     = [      1.3,       2.0,       1.3] Nms/rad  auto
  p_c [EE]         = [      0.0,     100.0,       0.0] mm       commanded in the tool frame
  r_c [t1,t2,n]    = [     -0.1,     -98.5,      17.2] mm       p_c - p_TCP, in the plane
contact establishment:     t=  0.0 s | ee=  0.0 deg | F=  0.1 N | M=  0.0 Nm | contact= 19.8 mm
contact establishment:     t=  0.2 s | ee=  0.9 deg | F=  0.4 N | M=  0.5 Nm | contact=  7.3 mm
contact establishment:     t=  0.4 s | ee=  1.3 deg | F= 11.9 N | M=  0.5 Nm | contact=  2.8 mm
contact establishment:     t=  0.6 s | ee=  1.3 deg | F= 15.8 N | M=  0.4 Nm | contact=  2.8 mm
contact establishment:     t=  0.8 s | ee=  1.3 deg | F= 20.9 N | M=  0.5 Nm | contact=  2.8 mm
contact establishment:     t=  1.0 s | ee=  1.6 deg | F= 25.7 N | M=  0.5 Nm | contact=  2.8 mm
contact establishment:     t=  1.2 s | ee=  2.3 deg | F= 30.2 N | M=  0.4 Nm | contact=  2.5 mm
contact establishment:     t=  1.4 s | ee=  3.6 deg | F= 34.9 N | M=  0.4 Nm | contact=  2.3 mm
contact establishment:     t=  1.6 s | ee=  5.3 deg | F= 39.3 N | M=  0.6 Nm | contact=  2.2 mm
contact establishment:     t=  1.8 s | ee=  9.0 deg | F= 39.5 N | M=  0.3 Nm | contact=  2.5 mm
contact establishment:     t=  2.0 s | ee= 12.0 deg | F= 46.7 N | M=  3.7 Nm | contact=  2.8 mm
contact establishment:     t=  2.2 s | ee= 12.1 deg | F= 50.9 N | M=  4.8 Nm | contact=  2.9 mm
contact establishment:     t=  2.4 s | ee= 12.1 deg | F= 56.0 N | M=  5.1 Nm | contact=  2.8 mm
contact establishment:     t=  2.6 s | ee= 12.1 deg | F= 61.7 N | M=  5.5 Nm | contact=  2.8 mm
contact establishment:     t=  2.8 s | ee= 12.1 deg | F= 67.0 N | M=  5.9 Nm | contact=  2.8 mm
contact establishment:     t=  3.0 s | ee= 12.2 deg | F= 72.7 N | M=  6.3 Nm | contact=  2.9 mm
contact establishment:     t=  3.2 s | ee= 12.3 deg | F= 78.4 N | M=  6.6 Nm | contact=  2.9 mm
contact establishment:     t=  3.4 s | ee= 12.3 deg | F= 73.2 N | M=  6.2 Nm | contact=  2.9 mm
contact establishment:     t=  3.6 s | ee= 12.3 deg | F= 73.1 N | M=  6.2 Nm | contact=  2.9 mm
contact establishment:     t=  3.8 s | ee= 12.3 deg | F= 73.0 N | M=  6.2 Nm | contact=  2.9 mm
contact establishment:     t=  4.0 s | ee= 12.3 deg | F= 73.0 N | M=  6.2 Nm | contact=  2.9 mm
contact establishment:     t=  4.2 s | ee= 12.3 deg | F= 72.9 N | M=  6.2 Nm | contact=  2.9 mm
contact establishment:     t=  4.4 s | ee= 12.3 deg | F= 72.8 N | M=  6.2 Nm | contact=  2.9 mm
contact establishment:     t=  4.6 s | ee= 12.3 deg | F= 72.8 N | M=  6.2 Nm | contact=  2.9 mm
contact establishment:     t=  4.8 s | ee= 12.3 deg | F= 72.8 N | M=  6.2 Nm | contact=  2.9 mm

==============================================================================
  CONTACT-ESTABLISHMENT RESULT
==============================================================================
  stop: time | t=5.0 s | ee=12.3 deg | F=72.8 N | M_TCP=6.2 Nm
  contact_from_start = [-1.9, +2.0, +1.1] mm | norm=2.9 mm
  tcp_from_contact  = [-20.6, -58.3, +21.4] mm | norm=65.4 mm
  deviation: before=9.51 deg | after=2.94 deg | gain=+6.57 deg
  t_align: not reached | tolerance=2.00 deg | hold=0.30 s
  t_align_fraction: 1.57 s | fraction=0.50 of the deviation at contact
  deviation_min: 0.59 deg at t=1.83 s
  align_status: not_aligned
  deviation components [t1,t2,n] deg: before=[+9.49,-0.49,+0.00] | after=[-2.79,-0.91,+0.00]

-- contact establishment surface-frame breakdown -----------------------------
  frame              alignment-target [tangent1, tangent2, normal]
  force        [N]      = [    +2.18,     +5.99,    -72.50]
  tcp_disp     [mm]     = [    -1.63,     -3.35,    -31.21]
  contact_disp [mm]     = [    -1.89,     +1.95,     +1.10]
  Kp_eff=F/tcp [N/m]    = [  -1340.1,   -1791.3,    2323.1]
  M_contact    [Nm]     = [   +10.47,     -1.04,     +0.12]
  ee_angle     [deg]    = [   -12.29,     -0.43,     -0.07]
  KR_eff=M/ang [Nm/rad] = [    -48.8,     139.9,     -93.0]
  frame              tool face [length, width, tool axis]
  M_contact    [Nm]     = [    +1.04,    -10.46,     -0.33]

-- center of compliance ------------------------------------------------------
  definition         r_c = p_c - p_TCP
  p_TCP [x,y,z]    = [    512.7,      -4.0,      19.7] mm
  p_c [EE]         = [      0.0,     100.0,       0.0] mm
  r_c [t1,t2,n]    = [      0.1,     -99.9,      -4.2] mm
                     p_c resolved at end of contact establishment

-- effective TCP impedance ---------------------------------------------------
  K_TCP translation = [   1999.5,    1998.7,     351.8] N/m
  K_TCP rotation   = [      8.5,       5.0,      69.9] Nm/rad
  commanded KR was = [      5.0,       5.0,      50.0] Nm/rad   including lever contribution
  D_TCP translation = [    234.1,     174.7,     111.5] Ns/m
  D_TCP rotation   = [      2.4,       2.0,       3.7] Nms/rad
  coupling           max |moment per unit translation| = 199.9 Nm/m (K), 23.4 Nms/m (D)
  eigenvalues        K_TCP 4.95 .. 2021 | D_TCP 1.26 .. 237  (both positive: valid springs)

  K_TCP [N/m, Nm/rad | rows fx..mz, cols tx..rz]:
           tx        ty        tz    |    rx        ry        rz
  fx [    2000  -0.7871   -28.44 |    2.842   -2.885    199.9 ]
  fy [ -0.7871     1999   -45.62 |    7.446 0.001932 -0.04382 ]
  fz [  -28.44   -45.62    351.8 |   -35.24   0.0349   -2.844 ]
     ---------------------------+---------------------------
  mx [   2.842    7.446   -35.24 |    8.547  0.01798     1.06 ]
  my [  -2.885 0.001932   0.0349 |  0.01798    5.039   0.9557 ]
  mz [   199.9 -0.04382   -2.844 |     1.06   0.9557    69.94 ]

  D_TCP [Ns/m, Nms/rad]:
           tx        ty        tz    |    rx        ry        rz
  fx [   234.1 -0.05854   -2.115 |   0.2114  -0.3378    23.41 ]
  fy [-0.05854    174.7   -1.749 |    0.427 0.000115 -0.002805 ]
  fz [  -2.115   -1.749    111.5 |   -11.15 0.001106  -0.2115 ]
     ---------------------------+---------------------------
  mx [  0.2114    0.427   -11.15 |    2.388 -8.185e-05  0.02218 ]
  my [ -0.3378 0.000115 0.001106 | -8.185e-05    2.046 -0.05355 ]
  mz [   23.41 -0.002805  -0.2115 |  0.02218 -0.05355    3.673 ]

[STATE] Pre-grinding hold active. Press Enter to start grinding (e+Enter stops).

-- state: pre_grinding_hold --------------------------------------------------
  motion             established contact command
  impedance          inherited from contact establishment
  keys               Enter continue | e stop

Stop requested with e + Enter. Finishing control loop...

-- joint motion [deg] --------------------------------------------------------
  joint       start    final    delta
  q1            0.8     -9.4    -10.2
  q2           12.1     29.9    +17.8
  q3           -0.5      7.7     +8.2
  q4         -130.9   -130.2     +0.7
  q5           -0.2     -7.8     -7.6
  q6          142.9    156.2    +13.3
  q7           44.7     49.6     +4.9

==============================================================================
  FINAL RESULT
==============================================================================
  p_d              = [    510.4,      -7.0,    -209.0] mm
  p_EE             = [    512.7,      -4.0,      19.7] mm
  e_p              = [     -2.3,      -3.0,    -228.7] mm
  e_R              = [   -12.29,     -0.42,      0.15] deg
------------------------------------------------------------------------------
  position error     228.74 mm
  rotation error     12.30 deg
  csv                logs/surface_grinding_controller_log.csv
------------------------------------------------------------------------------
archived to /home/hm-panda/Desktop/Thesis_Final_Control/experiments/results/P2_t1_neg_m100/r02
== P2_t1_neg_m100 r03 ==
applied 106 overrides

==============================================================================
  SURFACE GRINDING CONTROLLER
==============================================================================
  robot              172.16.0.2
  parameters         /home/hm-panda/Desktop/Thesis_Final_Control/surface_grinding_controller/params
------------------------------------------------------------------------------

==============================================================================
  SURFACE GRINDING CONTROLLER - STARTUP MENU
==============================================================================

-- RUN MODES -----------------------------------------------------------------
  s      Run orientation, approach, contact establishment, and grinding
  h      Cartesian pose hold at the initial posture
  t      Cartesian pose hold with the contact establishment impedance
  g      Start manual guidance from the current robot pose

-- ROBOT PREPARATION ---------------------------------------------------------
  i      Move to the configured initial joint posture

-- GRIPPER AND TOOL ----------------------------------------------------------
  o      Open the gripper
  c      Grasp the tool
  r      Recalibrate the gripper with empty fingers
  f      Pick up the tool from the holder
  b      Return the tool to the holder

-- PROGRAM -------------------------------------------------------------------
  e      Exit
------------------------------------------------------------------------------
  During control: e = stop | m = startup menu | g = guidance
------------------------------------------------------------------------------
Selection [s/h/t/g/i/o/c/r/f/b/e]: 
-- SELECTED MODE: STATE SEQUENCE ---------------------------------------------

-- moving to q_init ----------------------------------------------------------
  case               saved_qinit
  q1..q7 [deg]     = [0.8, 12.1, -0.5, -130.9, -0.2, 142.9, 44.7] deg
  saved_qinit = [0.014777, 0.210911, -0.009320, -2.284835, -0.002725, 2.493410, 0.780694] rad
  q_init reached.

-- start pose ----------------------------------------------------------------
  q_start          = [0.8, 12.1, -0.5, -130.9, -0.2, 142.9, 44.7] deg
  p_start          = [    531.4,       2.4,     156.9] mm

==============================================================================
  RUN
==============================================================================

-- state: tool_orientation ---------------------------------------------------
  Kp [t1,t2,n]     = [    150.0,     150.0,     150.0] N/m
  Dp [t1,t2,n]     = [    133.7,      94.2,     128.3] Ns/m     auto (factor 1.90)
  KR [t1,t2,n]     = [    180.0,     180.0,      90.0] Nm/rad
  DR [t1,t2,n]     = [     15.3,      25.0,       2.0] Nms/rad  auto (factor 1.90)
orient:     t=  0.0 s | axis_err= 12.0 deg | spin_err=  0.9 deg
orient:     t=  0.2 s | axis_err= 10.3 deg | spin_err=  0.9 deg
orient:     t=  0.4 s | axis_err=  6.6 deg | spin_err=  0.6 deg
orient:     t=  0.6 s | axis_err=  2.7 deg | spin_err=  0.3 deg
orient:     t=  0.8 s | axis_err=  1.0 deg | spin_err=  0.2 deg

Orientation reached: axis_err=0.8 deg | spin_err=0.2 deg

-- state: surface_approach ---------------------------------------------------
  Kp [t1,t2,n]     = [    150.0,     150.0,     150.0] N/m
  Dp [t1,t2,n]     = [    133.7,      94.2,     128.3] Ns/m     auto (factor 1.90)
  KR [t1,t2,n]     = [    180.0,     180.0,      90.0] Nm/rad
  DR [t1,t2,n]     = [     15.3,      25.0,       2.0] Nms/rad  auto (factor 1.90)
  descend to         20 mm clearance at 0.100 m/s
descend:    t=  0.0 s | distance=   0.1 mm | height=+120.6 mm (target 20.0) | force=  0.0 N
descend:    t=  0.2 s | distance=  20.2 mm | height=+110.3 mm (target 20.0) | force=  1.5 N
descend:    t=  0.4 s | distance=  40.3 mm | height= +95.2 mm (target 20.0) | force=  2.5 N
descend:    t=  0.6 s | distance=  60.4 mm | height= +79.0 mm (target 20.0) | force=  2.5 N
descend:    t=  0.8 s | distance=  80.5 mm | height= +62.3 mm (target 20.0) | force=  2.2 N
descend:    t=  1.0 s | distance= 100.6 mm | height= +45.3 mm (target 20.0) | force=  3.0 N
descend:    t=  1.2 s | distance= 120.7 mm | height= +28.4 mm (target 20.0) | force=  1.7 N

Clearance reached: distance=130.7 mm | height=19.9 mm | target=20.0 mm | force=2.6 N
  offset_ee        = [     20.0,     -60.0,      20.0] mm
  p_EE_at_contact  = [    515.0,      -0.1,      50.7] mm
  contact_point    = [    533.5,      54.1,      -1.7] mm
  edge_offset      = [     18.5,      54.1,     -52.4] mm

-- state: contact_establishment ----------------------------------------------

-- contact establishment impedance -------------------------------------------
  law                wrench = K_TCP*dx + D_TCP*dv
                     K_TCP  = Ad(r_c)^T * blkdiag(Kp,KR) * Ad(r_c)
  Kp [t1,t2,n]     = [   2000.0,    2000.0,     350.0] N/m
  Dp [t1,t2,n]     = [    234.2,     174.7,     111.4] Ns/m     auto
  KR [t1,t2,n]     = [      5.0,       5.0,      50.0] Nm/rad
  DR [t1,t2,n]     = [      1.3,       2.0,       1.3] Nms/rad  auto
  p_c [EE]         = [      0.0,     100.0,       0.0] mm       commanded in the tool frame
  r_c [t1,t2,n]    = [     -0.1,     -98.5,      17.1] mm       p_c - p_TCP, in the plane
contact establishment:     t=  0.0 s | ee=  0.0 deg | F=  0.1 N | M=  0.0 Nm | contact= 19.8 mm
contact establishment:     t=  0.2 s | ee=  0.9 deg | F=  0.4 N | M=  0.5 Nm | contact=  7.3 mm
contact establishment:     t=  0.4 s | ee=  1.3 deg | F= 11.8 N | M=  0.5 Nm | contact=  2.8 mm
contact establishment:     t=  0.6 s | ee=  1.3 deg | F= 15.6 N | M=  0.5 Nm | contact=  2.7 mm
contact establishment:     t=  0.8 s | ee=  1.3 deg | F= 20.9 N | M=  0.6 Nm | contact=  2.7 mm
contact establishment:     t=  1.0 s | ee=  1.5 deg | F= 25.5 N | M=  0.6 Nm | contact=  2.8 mm
contact establishment:     t=  1.2 s | ee=  2.3 deg | F= 30.4 N | M=  0.5 Nm | contact=  2.5 mm
contact establishment:     t=  1.4 s | ee=  3.6 deg | F= 35.7 N | M=  0.4 Nm | contact=  2.4 mm
contact establishment:     t=  1.6 s | ee=  5.6 deg | F= 37.0 N | M=  0.5 Nm | contact=  2.3 mm
contact establishment:     t=  1.8 s | ee=  9.2 deg | F= 38.1 N | M=  0.4 Nm | contact=  2.6 mm
contact establishment:     t=  2.0 s | ee= 12.0 deg | F= 46.3 N | M=  3.9 Nm | contact=  2.8 mm
contact establishment:     t=  2.2 s | ee= 12.0 deg | F= 50.8 N | M=  4.8 Nm | contact=  2.8 mm
contact establishment:     t=  2.4 s | ee= 12.0 deg | F= 56.3 N | M=  5.1 Nm | contact=  2.8 mm
contact establishment:     t=  2.6 s | ee= 12.0 deg | F= 62.0 N | M=  5.5 Nm | contact=  2.8 mm
contact establishment:     t=  2.8 s | ee= 12.1 deg | F= 67.4 N | M=  5.9 Nm | contact=  2.8 mm
contact establishment:     t=  3.0 s | ee= 12.1 deg | F= 73.1 N | M=  6.2 Nm | contact=  2.8 mm
contact establishment:     t=  3.2 s | ee= 12.1 deg | F= 78.4 N | M=  6.6 Nm | contact=  2.8 mm
contact establishment:     t=  3.4 s | ee= 12.1 deg | F= 73.1 N | M=  6.1 Nm | contact=  2.8 mm
contact establishment:     t=  3.6 s | ee= 12.1 deg | F= 73.0 N | M=  6.1 Nm | contact=  2.8 mm
contact establishment:     t=  3.8 s | ee= 12.1 deg | F= 73.0 N | M=  6.1 Nm | contact=  2.8 mm
contact establishment:     t=  4.0 s | ee= 12.1 deg | F= 73.0 N | M=  6.1 Nm | contact=  2.8 mm
contact establishment:     t=  4.2 s | ee= 12.1 deg | F= 72.9 N | M=  6.1 Nm | contact=  2.8 mm
contact establishment:     t=  4.4 s | ee= 12.1 deg | F= 72.9 N | M=  6.1 Nm | contact=  2.8 mm
contact establishment:     t=  4.6 s | ee= 12.1 deg | F= 72.8 N | M=  6.1 Nm | contact=  2.8 mm
contact establishment:     t=  4.8 s | ee= 12.1 deg | F= 72.8 N | M=  6.1 Nm | contact=  2.8 mm

==============================================================================
  CONTACT-ESTABLISHMENT RESULT
==============================================================================
  stop: time | t=5.0 s | ee=12.1 deg | F=72.8 N | M_TCP=6.1 Nm
  contact_from_start = [-1.8, +2.0, +0.8] mm | norm=2.8 mm
  tcp_from_contact  = [-20.6, -58.2, +21.2] mm | norm=65.3 mm
  deviation: before=9.49 deg | after=2.72 deg | gain=+6.77 deg
  t_align: not reached | tolerance=2.00 deg | hold=0.30 s
  t_align_fraction: 1.56 s | fraction=0.50 of the deviation at contact
  deviation_min: 0.49 deg at t=1.82 s
  align_status: not_aligned
  deviation components [t1,t2,n] deg: before=[+9.48,-0.47,+0.00] | after=[-2.61,-0.75,-0.00]

-- contact establishment surface-frame breakdown -----------------------------
  frame              alignment-target [tangent1, tangent2, normal]
  force        [N]      = [    +1.93,     +5.66,    -72.52]
  tcp_disp     [mm]     = [    -1.63,     -3.22,    -31.33]
  contact_disp [mm]     = [    -1.83,     +2.00,     +0.80]
  Kp_eff=F/tcp [N/m]    = [  -1179.7,   -1760.1,    2314.6]
  M_contact    [Nm]     = [   +10.38,     -1.10,     +0.12]
  ee_angle     [deg]    = [   -12.08,     -0.29,     -0.07]
  KR_eff=M/ang [Nm/rad] = [    -49.2,     217.0,     -99.6]
  frame              tool face [length, width, tool axis]
  M_contact    [Nm]     = [    +1.10,    -10.37,     -0.31]

-- center of compliance ------------------------------------------------------
  definition         r_c = p_c - p_TCP
  p_TCP [x,y,z]    = [    512.8,      -4.2,      19.5] mm
  p_c [EE]         = [      0.0,     100.0,       0.0] mm
  r_c [t1,t2,n]    = [      0.1,     -99.9,      -3.9] mm
                     p_c resolved at end of contact establishment

-- effective TCP impedance ---------------------------------------------------
  K_TCP translation = [   1999.5,    1998.7,     351.8] N/m
  K_TCP rotation   = [      8.5,       5.0,      69.9] Nm/rad
  commanded KR was = [      5.0,       5.0,      50.0] Nm/rad   including lever contribution
  D_TCP translation = [    234.1,     174.6,     111.5] Ns/m
  D_TCP rotation   = [      2.4,       2.0,       3.7] Nms/rad
  coupling           max |moment per unit translation| = 199.9 Nm/m (K), 23.4 Nms/m (D)
  eigenvalues        K_TCP 4.95 .. 2021 | D_TCP 1.26 .. 237  (both positive: valid springs)

  K_TCP [N/m, Nm/rad | rows fx..mz, cols tx..rz]:
           tx        ty        tz    |    rx        ry        rz
  fx [    2000  -0.7871   -28.44 |    2.843   -2.238    199.9 ]
  fy [ -0.7871     1999   -45.62 |    6.799 0.0007846 -0.08292 ]
  fz [  -28.44   -45.62    351.8 |   -35.22  0.03257   -2.844 ]
     ---------------------------+---------------------------
  mx [   2.843    6.799   -35.22 |    8.543  0.01821     1.06 ]
  my [  -2.238 0.0007846  0.03257 |  0.01821    5.037     1.02 ]
  mz [   199.9 -0.08292   -2.844 |     1.06     1.02    69.94 ]

  D_TCP [Ns/m, Nms/rad]:
           tx        ty        tz    |    rx        ry        rz
  fx [   234.1 -0.05854   -2.115 |   0.2114   -0.262    23.41 ]
  fy [-0.05854    174.6   -1.748 |   0.3702 6.183e-05 -0.006222 ]
  fz [  -2.115   -1.748    111.5 |   -11.15 0.002602  -0.2115 ]
     ---------------------------+---------------------------
  mx [  0.2114   0.3702   -11.15 |    2.387 -0.0002322  0.02215 ]
  my [  -0.262 6.183e-05 0.002602 | -0.0002322    2.046 -0.04601 ]
  mz [   23.41 -0.006222  -0.2115 |  0.02215 -0.04601    3.671 ]

[STATE] Pre-grinding hold active. Press Enter to start grinding (e+Enter stops).

-- state: pre_grinding_hold --------------------------------------------------
  motion             established contact command
  impedance          inherited from contact establishment
  keys               Enter continue | e stop

Stop requested with e + Enter. Finishing control loop...

-- joint motion [deg] --------------------------------------------------------
  joint       start    final    delta
  q1            0.8     -8.9     -9.7
  q2           12.1     29.9    +17.8
  q3           -0.5      7.2     +7.7
  q4         -130.9   -130.3     +0.6
  q5           -0.2     -7.7     -7.6
  q6          142.9    156.5    +13.6
  q7           44.7     49.7     +4.9

==============================================================================
  FINAL RESULT
==============================================================================
  p_d              = [    510.5,      -7.3,    -209.0] mm
  p_EE             = [    512.8,      -4.2,      19.5] mm
  e_p              = [     -2.3,      -3.1,    -228.6] mm
  e_R              = [   -12.08,     -0.29,      0.15] deg
------------------------------------------------------------------------------
  position error     228.61 mm
  rotation error     12.09 deg
  csv                logs/surface_grinding_controller_log.csv
------------------------------------------------------------------------------
archived to /home/hm-panda/Desktop/Thesis_Final_Control/experiments/results/P2_t1_neg_m100/r03
== P2_t1_pos_p100 r01 ==
applied 106 overrides

==============================================================================
  SURFACE GRINDING CONTROLLER
==============================================================================
  robot              172.16.0.2
  parameters         /home/hm-panda/Desktop/Thesis_Final_Control/surface_grinding_controller/params
------------------------------------------------------------------------------

==============================================================================
  SURFACE GRINDING CONTROLLER - STARTUP MENU
==============================================================================

-- RUN MODES -----------------------------------------------------------------
  s      Run orientation, approach, contact establishment, and grinding
  h      Cartesian pose hold at the initial posture
  t      Cartesian pose hold with the contact establishment impedance
  g      Start manual guidance from the current robot pose

-- ROBOT PREPARATION ---------------------------------------------------------
  i      Move to the configured initial joint posture

-- GRIPPER AND TOOL ----------------------------------------------------------
  o      Open the gripper
  c      Grasp the tool
  r      Recalibrate the gripper with empty fingers
  f      Pick up the tool from the holder
  b      Return the tool to the holder

-- PROGRAM -------------------------------------------------------------------
  e      Exit
------------------------------------------------------------------------------
  During control: e = stop | m = startup menu | g = guidance
------------------------------------------------------------------------------
Selection [s/h/t/g/i/o/c/r/f/b/e]: 
-- SELECTED MODE: STATE SEQUENCE ---------------------------------------------

-- moving to q_init ----------------------------------------------------------
  case               saved_qinit
  q1..q7 [deg]     = [0.8, 12.1, -0.5, -130.9, -0.2, 142.9, 44.7] deg
  saved_qinit = [0.014777, 0.210911, -0.009320, -2.284835, -0.002725, 2.493410, 0.780694] rad
  q_init reached.

-- start pose ----------------------------------------------------------------
  q_start          = [0.8, 12.1, -0.5, -130.9, -0.2, 142.9, 44.7] deg
  p_start          = [    531.4,       2.4,     156.9] mm

==============================================================================
  RUN
==============================================================================

-- state: tool_orientation ---------------------------------------------------
  Kp [t1,t2,n]     = [    150.0,     150.0,     150.0] N/m
  Dp [t1,t2,n]     = [    133.7,      94.2,     128.3] Ns/m     auto (factor 1.90)
  KR [t1,t2,n]     = [    180.0,     180.0,      90.0] Nm/rad
  DR [t1,t2,n]     = [     15.3,      25.0,       2.0] Nms/rad  auto (factor 1.90)
orient:     t=  0.0 s | axis_err=  8.6 deg | spin_err=  0.5 deg
orient:     t=  0.2 s | axis_err=  7.3 deg | spin_err=  0.2 deg
orient:     t=  0.4 s | axis_err=  3.3 deg | spin_err=  0.2 deg
orient:     t=  0.6 s | axis_err=  1.0 deg | spin_err=  0.2 deg
orient:     t=  0.8 s | axis_err=  0.8 deg | spin_err=  0.2 deg

Orientation reached: axis_err=0.8 deg | spin_err=0.2 deg

-- state: surface_approach ---------------------------------------------------
  Kp [t1,t2,n]     = [    150.0,     150.0,     150.0] N/m
  Dp [t1,t2,n]     = [    133.7,      94.2,     128.3] Ns/m     auto (factor 1.90)
  KR [t1,t2,n]     = [    180.0,     180.0,      90.0] Nm/rad
  DR [t1,t2,n]     = [     15.3,      25.0,       2.0] Nms/rad  auto (factor 1.90)
  descend to         20 mm clearance at 0.100 m/s
descend:    t=  0.0 s | distance=   0.1 mm | height=+121.6 mm (target 20.0) | force=  0.0 N
descend:    t=  0.2 s | distance=  20.2 mm | height=+110.7 mm (target 20.0) | force=  2.1 N
descend:    t=  0.4 s | distance=  40.3 mm | height= +95.5 mm (target 20.0) | force=  2.1 N
descend:    t=  0.6 s | distance=  60.4 mm | height= +79.3 mm (target 20.0) | force=  2.6 N
descend:    t=  0.8 s | distance=  80.5 mm | height= +61.9 mm (target 20.0) | force=  2.1 N
descend:    t=  1.0 s | distance= 100.6 mm | height= +44.8 mm (target 20.0) | force=  2.9 N
descend:    t=  1.2 s | distance= 120.7 mm | height= +27.5 mm (target 20.0) | force=  2.6 N

Clearance reached: distance=129.6 mm | height=20.0 mm | target=20.0 mm | force=1.9 N
  offset_ee        = [     20.0,      60.0,      20.0] mm
  p_EE_at_contact  = [    517.0,       1.5,      49.8] mm
  contact_point    = [    535.5,     -55.9,       1.3] mm
  edge_offset      = [     18.5,     -57.4,     -48.5] mm

-- state: contact_establishment ----------------------------------------------

-- contact establishment impedance -------------------------------------------
  law                wrench = K_TCP*dx + D_TCP*dv
                     K_TCP  = Ad(r_c)^T * blkdiag(Kp,KR) * Ad(r_c)
  Kp [t1,t2,n]     = [   2000.0,    2000.0,     350.0] N/m
  Dp [t1,t2,n]     = [    231.2,     178.0,     112.1] Ns/m     auto
  KR [t1,t2,n]     = [      5.0,       5.0,      50.0] Nm/rad
  DR [t1,t2,n]     = [      1.5,       1.9,       1.2] Nms/rad  auto
  p_c [EE]         = [      0.0,    -100.0,       0.0] mm       commanded in the tool frame
  r_c [t1,t2,n]    = [      0.0,      98.8,      15.5] mm       p_c - p_TCP, in the plane
contact establishment:     t=  0.0 s | ee=  0.0 deg | F=  0.0 N | M=  0.0 Nm | contact= 19.9 mm
contact establishment:     t=  0.2 s | ee=  0.9 deg | F=  0.7 N | M=  0.8 Nm | contact=  7.4 mm
contact establishment:     t=  0.4 s | ee=  1.5 deg | F= 20.0 N | M=  0.4 Nm | contact=  3.9 mm
contact establishment:     t=  0.6 s | ee=  1.6 deg | F= 15.9 N | M=  0.9 Nm | contact=  4.0 mm
contact establishment:     t=  0.8 s | ee=  1.6 deg | F= 21.3 N | M=  0.8 Nm | contact=  4.1 mm
contact establishment:     t=  1.0 s | ee=  1.7 deg | F= 27.0 N | M=  0.9 Nm | contact=  4.3 mm
contact establishment:     t=  1.2 s | ee=  1.9 deg | F= 31.0 N | M=  1.1 Nm | contact=  4.3 mm
contact establishment:     t=  1.4 s | ee=  2.7 deg | F= 34.5 N | M=  0.8 Nm | contact=  4.4 mm
contact establishment:     t=  1.6 s | ee=  5.1 deg | F= 35.8 N | M=  1.2 Nm | contact=  4.1 mm
contact establishment:     t=  1.8 s | ee=  8.2 deg | F= 44.3 N | M=  3.6 Nm | contact=  3.3 mm
contact establishment:     t=  2.0 s | ee=  8.4 deg | F= 48.0 N | M=  5.2 Nm | contact=  3.3 mm
contact establishment:     t=  2.2 s | ee=  8.4 deg | F= 53.7 N | M=  5.5 Nm | contact=  3.4 mm
contact establishment:     t=  2.4 s | ee=  8.4 deg | F= 59.2 N | M=  5.9 Nm | contact=  3.5 mm
contact establishment:     t=  2.6 s | ee=  8.4 deg | F= 64.7 N | M=  6.3 Nm | contact=  3.6 mm
contact establishment:     t=  2.8 s | ee=  8.4 deg | F= 70.2 N | M=  6.7 Nm | contact=  3.7 mm
contact establishment:     t=  3.0 s | ee=  8.5 deg | F= 76.0 N | M=  7.1 Nm | contact=  3.7 mm
contact establishment:     t=  3.2 s | ee=  8.7 deg | F= 81.5 N | M=  7.4 Nm | contact=  3.5 mm
contact establishment:     t=  3.4 s | ee=  8.7 deg | F= 76.1 N | M=  7.0 Nm | contact=  3.3 mm
contact establishment:     t=  3.6 s | ee=  8.7 deg | F= 75.9 N | M=  7.0 Nm | contact=  3.3 mm
contact establishment:     t=  3.8 s | ee=  8.7 deg | F= 75.9 N | M=  7.0 Nm | contact=  3.3 mm
contact establishment:     t=  4.0 s | ee=  8.7 deg | F= 75.8 N | M=  7.0 Nm | contact=  3.3 mm
contact establishment:     t=  4.2 s | ee=  8.7 deg | F= 75.8 N | M=  7.0 Nm | contact=  3.4 mm
contact establishment:     t=  4.4 s | ee=  8.7 deg | F= 75.7 N | M=  7.0 Nm | contact=  3.4 mm
contact establishment:     t=  4.6 s | ee=  8.7 deg | F= 75.7 N | M=  6.9 Nm | contact=  3.4 mm
contact establishment:     t=  4.8 s | ee=  8.7 deg | F= 75.5 N | M=  7.0 Nm | contact=  3.4 mm

==============================================================================
  CONTACT-ESTABLISHMENT RESULT
==============================================================================
  stop: time | t=5.0 s | ee=8.7 deg | F=75.6 N | M_TCP=7.0 Nm
  contact_from_start = [-2.3, -1.6, -1.9] mm | norm=3.4 mm
  tcp_from_contact  = [-20.5, +58.9, +18.4] mm | norm=65.0 mm
  deviation: before=9.34 deg | after=2.12 deg | gain=+7.22 deg
  t_align: not reached | tolerance=2.00 deg | hold=0.30 s
  t_align_fraction: 1.62 s | fraction=0.50 of the deviation at contact
  deviation_min: 2.12 deg at t=3.28 s
  align_status: not_aligned
  deviation components [t1,t2,n] deg: before=[-9.33,-0.44,-0.00] | after=[-0.76,-1.98,+0.00]

-- contact establishment surface-frame breakdown -----------------------------
  frame              alignment-target [tangent1, tangent2, normal]
  force        [N]      = [    +2.98,     -5.59,    -75.34]
  tcp_disp     [mm]     = [    -1.50,     +2.32,    -30.11]
  contact_disp [mm]     = [    -2.26,     -1.55,     -1.94]
  Kp_eff=F/tcp [N/m]    = [  -1984.8,   -2415.5,    2502.3]
  M_contact    [Nm]     = [   -11.31,     -0.64,     -0.12]
  ee_angle     [deg]    = [    +8.57,     -1.56,     +0.06]
  KR_eff=M/ang [Nm/rad] = [    -75.6,      23.6,    -126.1]
  frame              tool face [length, width, tool axis]
  M_contact    [Nm]     = [    +0.68,    +11.30,     +0.51]

-- center of compliance ------------------------------------------------------
  definition         r_c = p_c - p_TCP
  p_TCP [x,y,z]    = [    515.0,       3.0,      19.7] mm
  p_c [EE]         = [      0.0,    -100.0,       0.0] mm
  r_c [t1,t2,n]    = [      0.3,     100.0,       0.6] mm
                     p_c resolved at end of contact establishment

-- effective TCP impedance ---------------------------------------------------
  K_TCP translation = [   1999.5,    1998.7,     351.8] N/m
  K_TCP rotation   = [      8.5,       5.0,      69.9] Nm/rad
  commanded KR was = [      5.0,       5.0,      50.0] Nm/rad   including lever contribution
  D_TCP translation = [    231.1,     178.0,     112.2] Ns/m
  D_TCP rotation   = [      2.6,       1.9,       3.5] Nms/rad
  coupling           max |moment per unit translation| = 199.9 Nm/m (K), 23.1 Nms/m (D)
  eigenvalues        K_TCP 4.95 .. 2021 | D_TCP 1.19 .. 234  (both positive: valid springs)

  K_TCP [N/m, Nm/rad | rows fx..mz, cols tx..rz]:
           tx        ty        tz    |    rx        ry        rz
  fx [    2000  -0.7871   -28.44 |   -2.845    -4.24   -199.9 ]
  fy [ -0.7871     1999   -45.62 |  -0.3141  0.01497   0.6614 ]
  fz [  -28.44   -45.62    351.8 |    35.07 -0.04213     2.83 ]
     ---------------------------+---------------------------
  mx [  -2.845  -0.3141    35.07 |    8.519  0.01729     1.06 ]
  my [   -4.24  0.01497 -0.04213 |  0.01729    5.043    1.668 ]
  mz [  -199.9   0.6614     2.83 |     1.06    1.668    69.94 ]

  D_TCP [Ns/m, Nms/rad]:
           tx        ty        tz    |    rx        ry        rz
  fx [   231.1 -0.05682   -2.053 |  -0.2053  -0.4905   -23.11 ]
  fy [-0.05682      178   -1.823 |   0.1959 0.0006521  0.05757 ]
  fz [  -2.053   -1.823    112.2 |    11.21 -0.02834   0.2047 ]
     ---------------------------+---------------------------
  mx [ -0.2053   0.1959    11.21 |    2.611 -0.002968  0.01569 ]
  my [ -0.4905 0.0006521 -0.02834 | -0.002968    1.897  0.02995 ]
  mz [  -23.11  0.05757   0.2047 |  0.01569  0.02995    3.517 ]

[STATE] Pre-grinding hold active. Press Enter to start grinding (e+Enter stops).

-- state: pre_grinding_hold --------------------------------------------------
  motion             established contact command
  impedance          inherited from contact establishment
  keys               Enter continue | e stop

Stop requested with e + Enter. Finishing control loop...

-- joint motion [deg] --------------------------------------------------------
  joint       start    final    delta
  q1            0.8      5.9     +5.0
  q2           12.1     30.1    +18.0
  q3           -0.5     -4.8     -4.3
  q4         -130.9   -129.0     +1.9
  q5           -0.2      3.1     +3.3
  q6          142.9    154.5    +11.6
  q7           44.7     44.0     -0.7

==============================================================================
  FINAL RESULT
==============================================================================
  p_d              = [    512.6,      -5.7,    -210.0] mm
  p_EE             = [    515.0,       3.0,      19.7] mm
  e_p              = [     -2.5,      -8.7,    -229.7] mm
  e_R              = [     8.57,     -1.56,     -0.05] deg
------------------------------------------------------------------------------
  position error     229.90 mm
  rotation error     8.71 deg
  csv                logs/surface_grinding_controller_log.csv
------------------------------------------------------------------------------
archived to /home/hm-panda/Desktop/Thesis_Final_Control/experiments/results/P2_t1_pos_p100/r01
== P2_t1_pos_p100 r02 ==
applied 106 overrides

==============================================================================
  SURFACE GRINDING CONTROLLER
==============================================================================
  robot              172.16.0.2
  parameters         /home/hm-panda/Desktop/Thesis_Final_Control/surface_grinding_controller/params
------------------------------------------------------------------------------

==============================================================================
  SURFACE GRINDING CONTROLLER - STARTUP MENU
==============================================================================

-- RUN MODES -----------------------------------------------------------------
  s      Run orientation, approach, contact establishment, and grinding
  h      Cartesian pose hold at the initial posture
  t      Cartesian pose hold with the contact establishment impedance
  g      Start manual guidance from the current robot pose

-- ROBOT PREPARATION ---------------------------------------------------------
  i      Move to the configured initial joint posture

-- GRIPPER AND TOOL ----------------------------------------------------------
  o      Open the gripper
  c      Grasp the tool
  r      Recalibrate the gripper with empty fingers
  f      Pick up the tool from the holder
  b      Return the tool to the holder

-- PROGRAM -------------------------------------------------------------------
  e      Exit
------------------------------------------------------------------------------
  During control: e = stop | m = startup menu | g = guidance
------------------------------------------------------------------------------
Selection [s/h/t/g/i/o/c/r/f/b/e]: 
-- SELECTED MODE: STATE SEQUENCE ---------------------------------------------

-- moving to q_init ----------------------------------------------------------
  case               saved_qinit
  q1..q7 [deg]     = [0.8, 12.1, -0.5, -130.9, -0.2, 142.9, 44.7] deg
  saved_qinit = [0.014777, 0.210911, -0.009320, -2.284835, -0.002725, 2.493410, 0.780694] rad
  q_init reached.

-- start pose ----------------------------------------------------------------
  q_start          = [0.9, 12.1, -0.5, -130.9, -0.1, 142.9, 44.7] deg
  p_start          = [    531.4,       2.5,     156.9] mm

==============================================================================
  RUN
==============================================================================

-- state: tool_orientation ---------------------------------------------------
  Kp [t1,t2,n]     = [    150.0,     150.0,     150.0] N/m
  Dp [t1,t2,n]     = [    133.7,      94.2,     128.3] Ns/m     auto (factor 1.90)
  KR [t1,t2,n]     = [    180.0,     180.0,      90.0] Nm/rad
  DR [t1,t2,n]     = [     15.3,      25.0,       2.0] Nms/rad  auto (factor 1.90)
orient:     t=  0.0 s | axis_err=  8.5 deg | spin_err=  0.5 deg
orient:     t=  0.2 s | axis_err=  7.2 deg | spin_err=  0.2 deg
orient:     t=  0.4 s | axis_err=  3.3 deg | spin_err=  0.2 deg
orient:     t=  0.6 s | axis_err=  1.0 deg | spin_err=  0.2 deg
orient:     t=  0.8 s | axis_err=  0.8 deg | spin_err=  0.2 deg

Orientation reached: axis_err=0.8 deg | spin_err=0.2 deg

-- state: surface_approach ---------------------------------------------------
  Kp [t1,t2,n]     = [    150.0,     150.0,     150.0] N/m
  Dp [t1,t2,n]     = [    133.7,      94.2,     128.3] Ns/m     auto (factor 1.90)
  KR [t1,t2,n]     = [    180.0,     180.0,      90.0] Nm/rad
  DR [t1,t2,n]     = [     15.3,      25.0,       2.0] Nms/rad  auto (factor 1.90)
  descend to         20 mm clearance at 0.100 m/s
descend:    t=  0.0 s | distance=   0.1 mm | height=+121.1 mm (target 20.0) | force=  0.0 N
descend:    t=  0.2 s | distance=  20.2 mm | height=+110.4 mm (target 20.0) | force=  2.8 N
descend:    t=  0.4 s | distance=  40.3 mm | height= +95.4 mm (target 20.0) | force=  2.1 N
descend:    t=  0.6 s | distance=  60.4 mm | height= +79.1 mm (target 20.0) | force=  2.1 N
descend:    t=  0.8 s | distance=  80.5 mm | height= +62.0 mm (target 20.0) | force=  3.0 N
descend:    t=  1.0 s | distance= 100.6 mm | height= +44.9 mm (target 20.0) | force=  3.3 N
descend:    t=  1.2 s | distance= 120.7 mm | height= +27.6 mm (target 20.0) | force=  3.1 N

Clearance reached: distance=129.8 mm | height=20.0 mm | target=20.0 mm | force=2.3 N
  offset_ee        = [     20.0,      60.0,      20.0] mm
  p_EE_at_contact  = [    516.6,       1.1,      49.9] mm
  contact_point    = [    535.2,     -56.3,       1.4] mm
  edge_offset      = [     18.5,     -57.4,     -48.5] mm

-- state: contact_establishment ----------------------------------------------

-- contact establishment impedance -------------------------------------------
  law                wrench = K_TCP*dx + D_TCP*dv
                     K_TCP  = Ad(r_c)^T * blkdiag(Kp,KR) * Ad(r_c)
  Kp [t1,t2,n]     = [   2000.0,    2000.0,     350.0] N/m
  Dp [t1,t2,n]     = [    231.1,     178.1,     112.1] Ns/m     auto
  KR [t1,t2,n]     = [      5.0,       5.0,      50.0] Nm/rad
  DR [t1,t2,n]     = [      1.5,       1.9,       1.2] Nms/rad  auto
  p_c [EE]         = [      0.0,    -100.0,       0.0] mm       commanded in the tool frame
  r_c [t1,t2,n]    = [     -0.1,      98.8,      15.6] mm       p_c - p_TCP, in the plane
contact establishment:     t=  0.0 s | ee=  0.0 deg | F=  0.3 N | M=  0.0 Nm | contact= 19.9 mm
contact establishment:     t=  0.2 s | ee=  0.9 deg | F=  1.0 N | M=  0.6 Nm | contact=  7.3 mm
contact establishment:     t=  0.4 s | ee=  1.6 deg | F= 19.3 N | M=  0.3 Nm | contact=  4.1 mm
contact establishment:     t=  0.6 s | ee=  1.6 deg | F= 16.1 N | M=  0.9 Nm | contact=  4.2 mm
contact establishment:     t=  0.8 s | ee=  1.7 deg | F= 21.3 N | M=  0.8 Nm | contact=  4.3 mm
contact establishment:     t=  1.0 s | ee=  1.9 deg | F= 25.5 N | M=  1.0 Nm | contact=  4.5 mm
contact establishment:     t=  1.2 s | ee=  2.3 deg | F= 30.4 N | M=  0.8 Nm | contact=  4.5 mm
contact establishment:     t=  1.4 s | ee=  3.7 deg | F= 33.3 N | M=  1.2 Nm | contact=  4.4 mm
contact establishment:     t=  1.6 s | ee=  6.7 deg | F= 33.1 N | M=  1.2 Nm | contact=  4.1 mm
contact establishment:     t=  1.8 s | ee=  8.4 deg | F= 42.6 N | M=  4.9 Nm | contact=  3.5 mm
contact establishment:     t=  2.0 s | ee=  8.4 deg | F= 47.8 N | M=  5.1 Nm | contact=  3.6 mm
contact establishment:     t=  2.2 s | ee=  8.4 deg | F= 53.2 N | M=  5.5 Nm | contact=  3.7 mm
contact establishment:     t=  2.4 s | ee=  8.4 deg | F= 58.9 N | M=  5.9 Nm | contact=  3.8 mm
contact establishment:     t=  2.6 s | ee=  8.4 deg | F= 64.5 N | M=  6.3 Nm | contact=  4.0 mm
contact establishment:     t=  2.8 s | ee=  8.4 deg | F= 69.7 N | M=  6.7 Nm | contact=  4.1 mm
contact establishment:     t=  3.0 s | ee=  8.4 deg | F= 75.3 N | M=  7.2 Nm | contact=  4.2 mm
contact establishment:     t=  3.2 s | ee=  8.5 deg | F= 81.1 N | M=  7.5 Nm | contact=  4.2 mm
contact establishment:     t=  3.4 s | ee=  8.6 deg | F= 76.3 N | M=  7.3 Nm | contact=  3.9 mm
contact establishment:     t=  3.6 s | ee=  8.6 deg | F= 76.5 N | M=  7.3 Nm | contact=  3.8 mm
contact establishment:     t=  3.8 s | ee=  8.7 deg | F= 76.6 N | M=  7.3 Nm | contact=  3.8 mm
contact establishment:     t=  4.0 s | ee=  8.7 deg | F= 76.5 N | M=  7.3 Nm | contact=  3.8 mm
contact establishment:     t=  4.2 s | ee=  8.7 deg | F= 76.5 N | M=  7.4 Nm | contact=  3.8 mm
contact establishment:     t=  4.4 s | ee=  8.7 deg | F= 76.5 N | M=  7.3 Nm | contact=  3.8 mm
contact establishment:     t=  4.6 s | ee=  8.7 deg | F= 76.4 N | M=  7.3 Nm | contact=  3.8 mm
contact establishment:     t=  4.8 s | ee=  8.7 deg | F= 76.4 N | M=  7.3 Nm | contact=  3.8 mm

==============================================================================
  CONTACT-ESTABLISHMENT RESULT
==============================================================================
  stop: time | t=5.0 s | ee=8.7 deg | F=76.3 N | M_TCP=7.3 Nm
  contact_from_start = [-2.5, -1.6, -2.3] mm | norm=3.8 mm
  tcp_from_contact  = [-20.6, +58.9, +18.2] mm | norm=65.0 mm
  deviation: before=9.36 deg | after=2.44 deg | gain=+6.92 deg
  t_align: not reached | tolerance=2.00 deg | hold=0.30 s
  t_align_fraction: 1.54 s | fraction=0.50 of the deviation at contact
  deviation_min: 2.44 deg at t=4.90 s
  align_status: not_aligned
  deviation components [t1,t2,n] deg: before=[-9.35,-0.43,+0.00] | after=[-0.87,-2.28,+0.00]

-- contact establishment surface-frame breakdown -----------------------------
  frame              alignment-target [tangent1, tangent2, normal]
  force        [N]      = [    +2.83,     -5.44,    -76.05]
  tcp_disp     [mm]     = [    -1.53,     +2.32,    -30.30]
  contact_disp [mm]     = [    -2.51,     -1.54,     -2.34]
  Kp_eff=F/tcp [N/m]    = [  -1848.3,   -2340.7,    2509.7]
  M_contact    [Nm]     = [   -11.76,     -0.75,     -0.09]
  ee_angle     [deg]    = [    +8.48,     -1.87,     +0.13]
  KR_eff=M/ang [Nm/rad] = [    -79.4,      22.9,     -40.1]
  frame              tool face [length, width, tool axis]
  M_contact    [Nm]     = [    +0.80,    +11.74,     +0.55]

-- center of compliance ------------------------------------------------------
  definition         r_c = p_c - p_TCP
  p_TCP [x,y,z]    = [    514.6,       2.6,      19.5] mm
  p_c [EE]         = [      0.0,    -100.0,       0.0] mm
  r_c [t1,t2,n]    = [      0.4,     100.0,       0.8] mm
                     p_c resolved at end of contact establishment

-- effective TCP impedance ---------------------------------------------------
  K_TCP translation = [   1999.5,    1998.7,     351.8] N/m
  K_TCP rotation   = [      8.5,       5.0,      69.9] Nm/rad
  commanded KR was = [      5.0,       5.0,      50.0] Nm/rad   including lever contribution
  D_TCP translation = [    231.1,     178.1,     112.2] Ns/m
  D_TCP rotation   = [      2.6,       1.9,       3.5] Nms/rad
  coupling           max |moment per unit translation| = 199.9 Nm/m (K), 23.1 Nms/m (D)
  eigenvalues        K_TCP 4.95 .. 2021 | D_TCP 1.19 .. 233  (both positive: valid springs)

  K_TCP [N/m, Nm/rad | rows fx..mz, cols tx..rz]:
           tx        ty        tz    |    rx        ry        rz
  fx [    2000  -0.7871   -28.44 |   -2.845   -3.849   -199.9 ]
  fy [ -0.7871     1999   -45.62 |  -0.7014  0.02095   0.9298 ]
  fz [  -28.44   -45.62    351.8 |    35.08 -0.09488    2.824 ]
     ---------------------------+---------------------------
  mx [  -2.845  -0.7014    35.08 |    8.519  0.01202     1.06 ]
  my [  -3.849  0.02095 -0.09488 |  0.01202    5.042    1.629 ]
  mz [  -199.9   0.9298    2.824 |     1.06    1.629    69.94 ]

  D_TCP [Ns/m, Nms/rad]:
           tx        ty        tz    |    rx        ry        rz
  fx [   231.1 -0.05677   -2.051 |  -0.2052  -0.4454    -23.1 ]
  fy [-0.05677    178.1   -1.824 |   0.1615 0.0008864   0.0815 ]
  fz [  -2.051   -1.824    112.2 |    11.21 -0.04382   0.2043 ]
     ---------------------------+---------------------------
  mx [ -0.2052   0.1615    11.21 |    2.614 -0.004516  0.01566 ]
  my [ -0.4454 0.0008864 -0.04382 | -0.004516    1.895  0.02552 ]
  mz [   -23.1   0.0815   0.2043 |  0.01566  0.02552    3.518 ]

[STATE] Pre-grinding hold active. Press Enter to start grinding (e+Enter stops).

-- state: pre_grinding_hold --------------------------------------------------
  motion             established contact command
  impedance          inherited from contact establishment
  keys               Enter continue | e stop

Stop requested with e + Enter. Finishing control loop...

-- joint motion [deg] --------------------------------------------------------
  joint       start    final    delta
  q1            0.9      5.9     +5.1
  q2           12.1     30.2    +18.0
  q3           -0.5     -4.9     -4.3
  q4         -130.9   -128.9     +2.0
  q5           -0.1      3.4     +3.5
  q6          142.9    154.1    +11.2
  q7           44.7     43.7     -1.0

==============================================================================
  FINAL RESULT
==============================================================================
  p_d              = [    512.2,      -6.1,    -210.0] mm
  p_EE             = [    514.6,       2.6,      19.5] mm
  e_p              = [     -2.4,      -8.7,    -229.5] mm
  e_R              = [     8.48,     -1.87,      0.04] deg
------------------------------------------------------------------------------
  position error     229.70 mm
  rotation error     8.69 deg
  csv                logs/surface_grinding_controller_log.csv
------------------------------------------------------------------------------
archived to /home/hm-panda/Desktop/Thesis_Final_Control/experiments/results/P2_t1_pos_p100/r02
== P2_t1_pos_p100 r03 ==
applied 106 overrides

==============================================================================
  SURFACE GRINDING CONTROLLER
==============================================================================
  robot              172.16.0.2
  parameters         /home/hm-panda/Desktop/Thesis_Final_Control/surface_grinding_controller/params
------------------------------------------------------------------------------

==============================================================================
  SURFACE GRINDING CONTROLLER - STARTUP MENU
==============================================================================

-- RUN MODES -----------------------------------------------------------------
  s      Run orientation, approach, contact establishment, and grinding
  h      Cartesian pose hold at the initial posture
  t      Cartesian pose hold with the contact establishment impedance
  g      Start manual guidance from the current robot pose

-- ROBOT PREPARATION ---------------------------------------------------------
  i      Move to the configured initial joint posture

-- GRIPPER AND TOOL ----------------------------------------------------------
  o      Open the gripper
  c      Grasp the tool
  r      Recalibrate the gripper with empty fingers
  f      Pick up the tool from the holder
  b      Return the tool to the holder

-- PROGRAM -------------------------------------------------------------------
  e      Exit
------------------------------------------------------------------------------
  During control: e = stop | m = startup menu | g = guidance
------------------------------------------------------------------------------
Selection [s/h/t/g/i/o/c/r/f/b/e]: 
-- SELECTED MODE: STATE SEQUENCE ---------------------------------------------

-- moving to q_init ----------------------------------------------------------
  case               saved_qinit
  q1..q7 [deg]     = [0.8, 12.1, -0.5, -130.9, -0.2, 142.9, 44.7] deg
  saved_qinit = [0.014777, 0.210911, -0.009320, -2.284835, -0.002725, 2.493410, 0.780694] rad
  q_init reached.

-- start pose ----------------------------------------------------------------
  q_start          = [0.9, 12.1, -0.5, -130.9, -0.1, 142.9, 44.7] deg
  p_start          = [    531.4,       2.5,     156.9] mm

==============================================================================
  RUN
==============================================================================

-- state: tool_orientation ---------------------------------------------------
  Kp [t1,t2,n]     = [    150.0,     150.0,     150.0] N/m
  Dp [t1,t2,n]     = [    133.7,      94.2,     128.3] Ns/m     auto (factor 1.90)
  KR [t1,t2,n]     = [    180.0,     180.0,      90.0] Nm/rad
  DR [t1,t2,n]     = [     15.3,      25.0,       2.0] Nms/rad  auto (factor 1.90)
orient:     t=  0.0 s | axis_err=  8.5 deg | spin_err=  0.5 deg
orient:     t=  0.2 s | axis_err=  7.2 deg | spin_err=  0.2 deg
orient:     t=  0.4 s | axis_err=  3.2 deg | spin_err=  0.2 deg
orient:     t=  0.6 s | axis_err=  1.0 deg | spin_err=  0.2 deg
orient:     t=  0.8 s | axis_err=  0.8 deg | spin_err=  0.2 deg

Orientation reached: axis_err=0.8 deg | spin_err=0.2 deg

-- state: surface_approach ---------------------------------------------------
  Kp [t1,t2,n]     = [    150.0,     150.0,     150.0] N/m
  Dp [t1,t2,n]     = [    133.7,      94.2,     128.3] Ns/m     auto (factor 1.90)
  KR [t1,t2,n]     = [    180.0,     180.0,      90.0] Nm/rad
  DR [t1,t2,n]     = [     15.3,      25.0,       2.0] Nms/rad  auto (factor 1.90)
  descend to         20 mm clearance at 0.100 m/s
descend:    t=  0.0 s | distance=   0.1 mm | height=+121.0 mm (target 20.0) | force= -0.0 N
descend:    t=  0.2 s | distance=  20.2 mm | height=+110.2 mm (target 20.0) | force=  2.2 N
descend:    t=  0.4 s | distance=  40.3 mm | height= +95.3 mm (target 20.0) | force=  2.2 N
descend:    t=  0.6 s | distance=  60.4 mm | height= +79.1 mm (target 20.0) | force=  2.3 N
descend:    t=  0.8 s | distance=  80.5 mm | height= +62.1 mm (target 20.0) | force=  2.9 N
descend:    t=  1.0 s | distance= 100.6 mm | height= +45.1 mm (target 20.0) | force=  3.6 N
descend:    t=  1.2 s | distance= 120.7 mm | height= +27.9 mm (target 20.0) | force=  3.0 N

Clearance reached: distance=130.1 mm | height=20.0 mm | target=20.0 mm | force=2.3 N
  offset_ee        = [     20.0,      60.0,      20.0] mm
  p_EE_at_contact  = [    517.3,       1.4,      49.8] mm
  contact_point    = [    535.8,     -56.0,       1.3] mm
  edge_offset      = [     18.5,     -57.4,     -48.5] mm

-- state: contact_establishment ----------------------------------------------

-- contact establishment impedance -------------------------------------------
  law                wrench = K_TCP*dx + D_TCP*dv
                     K_TCP  = Ad(r_c)^T * blkdiag(Kp,KR) * Ad(r_c)
  Kp [t1,t2,n]     = [   2000.0,    2000.0,     350.0] N/m
  Dp [t1,t2,n]     = [    231.2,     178.1,     112.0] Ns/m     auto
  KR [t1,t2,n]     = [      5.0,       5.0,      50.0] Nm/rad
  DR [t1,t2,n]     = [      1.5,       1.9,       1.2] Nms/rad  auto
  p_c [EE]         = [      0.0,    -100.0,       0.0] mm       commanded in the tool frame
  r_c [t1,t2,n]    = [      0.0,      98.8,      15.6] mm       p_c - p_TCP, in the plane
contact establishment:     t=  0.0 s | ee=  0.0 deg | F=  0.1 N | M=  0.0 Nm | contact= 19.9 mm
contact establishment:     t=  0.2 s | ee=  0.9 deg | F=  1.3 N | M=  0.8 Nm | contact=  7.2 mm
contact establishment:     t=  0.4 s | ee=  1.6 deg | F= 19.7 N | M=  0.5 Nm | contact=  4.1 mm
contact establishment:     t=  0.6 s | ee=  1.7 deg | F= 15.8 N | M=  1.0 Nm | contact=  4.2 mm
contact establishment:     t=  0.8 s | ee=  1.7 deg | F= 21.1 N | M=  1.0 Nm | contact=  4.3 mm
contact establishment:     t=  1.0 s | ee=  1.9 deg | F= 25.1 N | M=  1.1 Nm | contact=  4.5 mm
contact establishment:     t=  1.2 s | ee=  2.3 deg | F= 31.1 N | M=  1.0 Nm | contact=  4.5 mm
contact establishment:     t=  1.4 s | ee=  3.7 deg | F= 32.3 N | M=  1.5 Nm | contact=  4.4 mm
contact establishment:     t=  1.6 s | ee=  6.7 deg | F= 33.5 N | M=  1.4 Nm | contact=  4.4 mm
contact establishment:     t=  1.8 s | ee=  8.4 deg | F= 42.9 N | M=  4.9 Nm | contact=  3.8 mm
contact establishment:     t=  2.0 s | ee=  8.4 deg | F= 47.6 N | M=  5.2 Nm | contact=  4.0 mm
contact establishment:     t=  2.2 s | ee=  8.4 deg | F= 53.3 N | M=  5.5 Nm | contact=  4.1 mm
contact establishment:     t=  2.4 s | ee=  8.4 deg | F= 58.8 N | M=  5.9 Nm | contact=  4.2 mm
contact establishment:     t=  2.6 s | ee=  8.4 deg | F= 64.7 N | M=  6.3 Nm | contact=  4.3 mm
contact establishment:     t=  2.8 s | ee=  8.5 deg | F= 70.1 N | M=  6.7 Nm | contact=  4.4 mm
contact establishment:     t=  3.0 s | ee=  8.5 deg | F= 76.1 N | M=  7.2 Nm | contact=  4.4 mm
contact establishment:     t=  3.2 s | ee=  8.7 deg | F= 81.7 N | M=  7.6 Nm | contact=  4.1 mm
contact establishment:     t=  3.4 s | ee=  8.8 deg | F= 75.7 N | M=  7.2 Nm | contact=  4.0 mm
contact establishment:     t=  3.6 s | ee=  8.8 deg | F= 75.6 N | M=  7.1 Nm | contact=  4.0 mm
contact establishment:     t=  3.8 s | ee=  8.8 deg | F= 75.6 N | M=  7.2 Nm | contact=  4.0 mm
contact establishment:     t=  4.0 s | ee=  8.8 deg | F= 75.5 N | M=  7.2 Nm | contact=  4.0 mm
contact establishment:     t=  4.2 s | ee=  8.8 deg | F= 75.5 N | M=  7.2 Nm | contact=  4.0 mm
contact establishment:     t=  4.4 s | ee=  8.8 deg | F= 75.4 N | M=  7.1 Nm | contact=  4.0 mm
contact establishment:     t=  4.6 s | ee=  8.8 deg | F= 75.4 N | M=  7.1 Nm | contact=  4.0 mm
contact establishment:     t=  4.8 s | ee=  8.8 deg | F= 75.4 N | M=  7.1 Nm | contact=  4.0 mm

==============================================================================
  CONTACT-ESTABLISHMENT RESULT
==============================================================================
  stop: time | t=5.0 s | ee=8.8 deg | F=75.3 N | M_TCP=7.1 Nm
  contact_from_start = [-2.9, -1.4, -2.3] mm | norm=4.0 mm
  tcp_from_contact  = [-20.8, +59.1, +18.2] mm | norm=65.2 mm
  deviation: before=9.35 deg | after=2.77 deg | gain=+6.58 deg
  t_align: not reached | tolerance=2.00 deg | hold=0.30 s
  t_align_fraction: 1.55 s | fraction=0.50 of the deviation at contact
  deviation_min: 2.77 deg at t=4.30 s
  align_status: not_aligned
  deviation components [t1,t2,n] deg: before=[-9.33,-0.47,-0.00] | after=[-0.86,-2.63,+0.00]

-- contact establishment surface-frame breakdown -----------------------------
  frame              alignment-target [tangent1, tangent2, normal]
  force        [N]      = [    +3.92,     -5.94,    -74.98]
  tcp_disp     [mm]     = [    -1.77,     +2.49,    -30.22]
  contact_disp [mm]     = [    -2.86,     -1.37,     -2.37]
  Kp_eff=F/tcp [N/m]    = [  -2215.2,   -2385.6,    2480.8]
  M_contact    [Nm]     = [   -11.43,     -0.31,     -0.15]
  ee_angle     [deg]    = [    +8.48,     -2.19,     +0.11]
  KR_eff=M/ang [Nm/rad] = [    -77.2,       8.1,     -78.1]
  frame              tool face [length, width, tool axis]
  M_contact    [Nm]     = [    +0.37,    +11.41,     +0.67]

-- center of compliance ------------------------------------------------------
  definition         r_c = p_c - p_TCP
  p_TCP [x,y,z]    = [    515.0,       3.0,      19.6] mm
  p_c [EE]         = [      0.0,    -100.0,       0.0] mm
  r_c [t1,t2,n]    = [      0.5,     100.0,       0.8] mm
                     p_c resolved at end of contact establishment

-- effective TCP impedance ---------------------------------------------------
  K_TCP translation = [   1999.5,    1998.7,     351.8] N/m
  K_TCP rotation   = [      8.5,       5.0,      69.9] Nm/rad
  commanded KR was = [      5.0,       5.0,      50.0] Nm/rad   including lever contribution
  D_TCP translation = [    231.2,     178.0,     112.1] Ns/m
  D_TCP rotation   = [      2.6,       1.9,       3.5] Nms/rad
  coupling           max |moment per unit translation| = 199.9 Nm/m (K), 23.1 Nms/m (D)
  eigenvalues        K_TCP 4.95 .. 2021 | D_TCP 1.19 .. 234  (both positive: valid springs)

  K_TCP [N/m, Nm/rad | rows fx..mz, cols tx..rz]:
           tx        ty        tz    |    rx        ry        rz
  fx [    2000  -0.7871   -28.44 |   -2.845   -3.917   -199.9 ]
  fy [ -0.7871     1999   -45.62 |  -0.6322  0.02309    1.022 ]
  fz [  -28.44   -45.62    351.8 |    35.08  -0.1102    2.822 ]
     ---------------------------+---------------------------
  mx [  -2.845  -0.6322    35.08 |    8.519   0.0105     1.06 ]
  my [  -3.917  0.02309  -0.1102 |   0.0105    5.042    1.636 ]
  mz [  -199.9    1.022    2.822 |     1.06    1.636    69.94 ]

  D_TCP [Ns/m, Nms/rad]:
           tx        ty        tz    |    rx        ry        rz
  fx [   231.2 -0.05685   -2.054 |  -0.2055  -0.4535   -23.11 ]
  fy [-0.05685      178   -1.825 |   0.1675 0.0009734  0.08974 ]
  fz [  -2.054   -1.825    112.1 |    11.21 -0.04891   0.2045 ]
     ---------------------------+---------------------------
  mx [ -0.2055   0.1675    11.21 |    2.611 -0.005023  0.01572 ]
  my [ -0.4535 0.0009734 -0.04891 | -0.005023    1.897  0.02624 ]
  mz [  -23.11  0.08974   0.2045 |  0.01572  0.02624    3.518 ]

[STATE] Pre-grinding hold active. Press Enter to start grinding (e+Enter stops).

-- state: pre_grinding_hold --------------------------------------------------
  motion             established contact command
  impedance          inherited from contact establishment
  keys               Enter continue | e stop

Stop requested with e + Enter. Finishing control loop...

-- joint motion [deg] --------------------------------------------------------
  joint       start    final    delta
  q1            0.9      5.7     +4.9
  q2           12.1     30.2    +18.1
  q3           -0.5     -4.7     -4.1
  q4         -130.9   -128.6     +2.3
  q5           -0.1      3.1     +3.3
  q6          142.9    153.5    +10.6
  q7           44.7     44.0     -0.7

==============================================================================
  FINAL RESULT
==============================================================================
  p_d              = [    512.8,      -5.8,    -210.0] mm
  p_EE             = [    515.0,       3.0,      19.6] mm
  e_p              = [     -2.2,      -8.8,    -229.6] mm
  e_R              = [     8.48,     -2.19,      0.02] deg
------------------------------------------------------------------------------
  position error     229.77 mm
  rotation error     8.76 deg
  csv                logs/surface_grinding_controller_log.csv
------------------------------------------------------------------------------
archived to /home/hm-panda/Desktop/Thesis_Final_Control/experiments/results/P2_t1_pos_p100/r03
== P2_t1_neg_p100 r01 ==
applied 106 overrides

==============================================================================
  SURFACE GRINDING CONTROLLER
==============================================================================
  robot              172.16.0.2
  parameters         /home/hm-panda/Desktop/Thesis_Final_Control/surface_grinding_controller/params
------------------------------------------------------------------------------

==============================================================================
  SURFACE GRINDING CONTROLLER - STARTUP MENU
==============================================================================

-- RUN MODES -----------------------------------------------------------------
  s      Run orientation, approach, contact establishment, and grinding
  h      Cartesian pose hold at the initial posture
  t      Cartesian pose hold with the contact establishment impedance
  g      Start manual guidance from the current robot pose

-- ROBOT PREPARATION ---------------------------------------------------------
  i      Move to the configured initial joint posture

-- GRIPPER AND TOOL ----------------------------------------------------------
  o      Open the gripper
  c      Grasp the tool
  r      Recalibrate the gripper with empty fingers
  f      Pick up the tool from the holder
  b      Return the tool to the holder

-- PROGRAM -------------------------------------------------------------------
  e      Exit
------------------------------------------------------------------------------
  During control: e = stop | m = startup menu | g = guidance
------------------------------------------------------------------------------
Selection [s/h/t/g/i/o/c/r/f/b/e]: 
-- SELECTED MODE: STATE SEQUENCE ---------------------------------------------

-- moving to q_init ----------------------------------------------------------
  case               saved_qinit
  q1..q7 [deg]     = [0.8, 12.1, -0.5, -130.9, -0.2, 142.9, 44.7] deg
  saved_qinit = [0.014777, 0.210911, -0.009320, -2.284835, -0.002725, 2.493410, 0.780694] rad
  q_init reached.

-- start pose ----------------------------------------------------------------
  q_start          = [0.9, 12.1, -0.5, -130.9, -0.1, 142.9, 44.7] deg
  p_start          = [    531.4,       2.5,     156.9] mm

==============================================================================
  RUN
==============================================================================

-- state: tool_orientation ---------------------------------------------------
  Kp [t1,t2,n]     = [    150.0,     150.0,     150.0] N/m
  Dp [t1,t2,n]     = [    133.7,      94.2,     128.3] Ns/m     auto (factor 1.90)
  KR [t1,t2,n]     = [    180.0,     180.0,      90.0] Nm/rad
  DR [t1,t2,n]     = [     15.3,      25.0,       2.0] Nms/rad  auto (factor 1.90)
orient:     t=  0.0 s | axis_err= 12.0 deg | spin_err=  0.9 deg
orient:     t=  0.2 s | axis_err= 10.6 deg | spin_err=  0.9 deg
orient:     t=  0.4 s | axis_err=  6.8 deg | spin_err=  0.6 deg
orient:     t=  0.6 s | axis_err=  2.8 deg | spin_err=  0.3 deg
orient:     t=  0.8 s | axis_err=  1.1 deg | spin_err=  0.2 deg
orient:     t=  1.0 s | axis_err=  0.9 deg | spin_err=  0.2 deg

Orientation reached: axis_err=0.9 deg | spin_err=0.2 deg

-- state: surface_approach ---------------------------------------------------
  Kp [t1,t2,n]     = [    150.0,     150.0,     150.0] N/m
  Dp [t1,t2,n]     = [    133.7,      94.2,     128.3] Ns/m     auto (factor 1.90)
  KR [t1,t2,n]     = [    180.0,     180.0,      90.0] Nm/rad
  DR [t1,t2,n]     = [     15.3,      25.0,       2.0] Nms/rad  auto (factor 1.90)
  descend to         20 mm clearance at 0.100 m/s
descend:    t=  0.0 s | distance=   0.1 mm | height=+120.1 mm (target 20.0) | force=  0.0 N
descend:    t=  0.2 s | distance=  20.2 mm | height=+109.9 mm (target 20.0) | force=  2.5 N
descend:    t=  0.4 s | distance=  40.3 mm | height= +95.0 mm (target 20.0) | force=  2.8 N
descend:    t=  0.6 s | distance=  60.4 mm | height= +79.3 mm (target 20.0) | force=  2.9 N
descend:    t=  0.8 s | distance=  80.5 mm | height= +62.7 mm (target 20.0) | force=  1.9 N
descend:    t=  1.0 s | distance= 100.6 mm | height= +45.9 mm (target 20.0) | force=  3.3 N
descend:    t=  1.2 s | distance= 120.7 mm | height= +28.9 mm (target 20.0) | force=  1.9 N

Clearance reached: distance=131.6 mm | height=20.0 mm | target=20.0 mm | force=2.6 N
  offset_ee        = [     20.0,     -60.0,      20.0] mm
  p_EE_at_contact  = [    515.2,      -0.7,      50.7] mm
  contact_point    = [    533.6,      53.5,      -1.7] mm
  edge_offset      = [     18.4,      54.2,     -52.3] mm

-- state: contact_establishment ----------------------------------------------

-- contact establishment impedance -------------------------------------------
  law                wrench = K_TCP*dx + D_TCP*dv
                     K_TCP  = Ad(r_c)^T * blkdiag(Kp,KR) * Ad(r_c)
  Kp [t1,t2,n]     = [   2000.0,    2000.0,     350.0] N/m
  Dp [t1,t2,n]     = [    234.3,     174.5,     111.4] Ns/m     auto
  KR [t1,t2,n]     = [      5.0,       5.0,      50.0] Nm/rad
  DR [t1,t2,n]     = [      1.3,       2.0,       1.3] Nms/rad  auto
  p_c [EE]         = [      0.0,    -100.0,       0.0] mm       commanded in the tool frame
  r_c [t1,t2,n]    = [      0.1,      98.6,     -16.8] mm       p_c - p_TCP, in the plane
contact establishment:     t=  0.0 s | ee=  0.0 deg | F=  0.1 N | M=  0.0 Nm | contact= 19.9 mm
contact establishment:     t=  0.2 s | ee=  1.0 deg | F=  0.5 N | M=  0.7 Nm | contact=  7.2 mm
contact establishment:     t=  0.4 s | ee=  1.4 deg | F= 11.9 N | M=  1.0 Nm | contact=  2.0 mm
contact establishment:     t=  0.6 s | ee=  1.4 deg | F= 15.3 N | M=  1.0 Nm | contact=  2.0 mm
contact establishment:     t=  0.8 s | ee=  1.4 deg | F= 20.9 N | M=  1.2 Nm | contact=  2.0 mm
contact establishment:     t=  1.0 s | ee=  1.5 deg | F= 26.5 N | M=  1.5 Nm | contact=  2.1 mm
contact establishment:     t=  1.2 s | ee=  1.5 deg | F= 31.8 N | M=  1.8 Nm | contact=  2.1 mm
contact establishment:     t=  1.4 s | ee=  1.5 deg | F= 37.0 N | M=  2.2 Nm | contact=  2.2 mm
contact establishment:     t=  1.6 s | ee=  1.5 deg | F= 43.1 N | M=  2.6 Nm | contact=  2.2 mm
contact establishment:     t=  1.8 s | ee=  1.5 deg | F= 48.6 N | M=  3.0 Nm | contact=  2.3 mm
contact establishment:     t=  2.0 s | ee=  1.5 deg | F= 54.6 N | M=  3.4 Nm | contact=  2.4 mm
contact establishment:     t=  2.2 s | ee=  1.5 deg | F= 60.1 N | M=  3.7 Nm | contact=  2.5 mm
contact establishment:     t=  2.4 s | ee=  1.5 deg | F= 66.1 N | M=  4.1 Nm | contact=  2.5 mm
contact establishment:     t=  2.6 s | ee=  1.6 deg | F= 73.0 N | M=  4.6 Nm | contact=  2.6 mm
contact establishment:     t=  2.8 s | ee=  2.1 deg | F= 78.2 N | M=  4.9 Nm | contact=  2.5 mm
contact establishment:     t=  3.0 s | ee=  3.2 deg | F= 83.2 N | M=  5.1 Nm | contact=  2.6 mm
contact establishment:     t=  3.2 s | ee=  4.6 deg | F= 87.1 N | M=  5.2 Nm | contact=  2.9 mm
contact establishment:     t=  3.4 s | ee=  7.3 deg | F= 76.6 N | M=  4.2 Nm | contact=  2.9 mm
contact establishment:     t=  3.6 s | ee= 10.3 deg | F= 74.3 N | M=  3.6 Nm | contact=  3.4 mm
contact establishment:     t=  3.8 s | ee= 13.1 deg | F= 78.2 N | M=  4.0 Nm | contact=  3.6 mm
contact establishment:     t=  4.0 s | ee= 15.7 deg | F= 78.6 N | M=  3.8 Nm | contact=  3.9 mm
contact establishment:     t=  4.2 s | ee= 17.7 deg | F= 71.3 N | M=  2.7 Nm | contact=  3.9 mm
contact establishment:     t=  4.4 s | ee= 19.5 deg | F= 79.9 N | M=  3.5 Nm | contact=  3.7 mm
contact establishment:     t=  4.6 s | ee= 21.0 deg | F= 78.4 N | M=  2.9 Nm | contact=  3.8 mm
contact establishment:     t=  4.8 s | ee= 22.2 deg | F= 75.3 N | M=  2.5 Nm | contact=  4.0 mm

==============================================================================
  CONTACT-ESTABLISHMENT RESULT
==============================================================================
  stop: time | t=5.0 s | ee=23.4 deg | F=80.0 N | M_TCP=2.8 Nm
  contact_from_start = [-0.3, -0.6, -3.8] mm | norm=3.9 mm
  tcp_from_contact  = [-18.2, -38.0, +47.9] mm | norm=63.8 mm
  deviation: before=9.32 deg | after=32.70 deg | gain=-23.38 deg
  t_align: not reached | tolerance=2.00 deg | hold=0.30 s
  t_align_fraction: not reached | fraction=0.50 of the deviation at contact
  deviation_min: 9.30 deg at t=0.05 s
  align_status: not_aligned
  deviation components [t1,t2,n] deg: before=[+9.30,-0.55,+0.00] | after=[+32.65,-1.77,-0.00]

-- contact establishment surface-frame breakdown -----------------------------
  frame              alignment-target [tangent1, tangent2, normal]
  force        [N]      = [    +1.76,    +12.74,    -78.94]
  tcp_disp     [mm]     = [    +0.31,    +16.32,     -3.96]
  contact_disp [mm]     = [    -0.23,     -0.50,     -3.87]
  Kp_eff=F/tcp [N/m]    = [   5669.8,     780.4,   19948.7]
  M_contact    [Nm]     = [    -0.12,     -0.18,     -0.31]
  ee_angle     [deg]    = [   +23.36,     -1.10,     +0.30]
  KR_eff=M/ang [Nm/rad] = [     -0.3,       9.2,     -59.1]
  frame              tool face [length, width, tool axis]
  M_contact    [Nm]     = [    -0.02,     +0.11,     +0.36]

-- center of compliance ------------------------------------------------------
  definition         r_c = p_c - p_TCP
  p_TCP [x,y,z]    = [    515.4,      15.5,      46.3] mm
  p_c [EE]         = [      0.0,    -100.0,       0.0] mm
  r_c [t1,t2,n]    = [     -0.2,      83.8,     -54.5] mm
                     p_c resolved at end of contact establishment

-- effective TCP impedance ---------------------------------------------------
  K_TCP translation = [   1999.5,    1998.7,     351.8] N/m
  K_TCP rotation   = [     13.4,      11.5,      63.5] Nm/rad
  commanded KR was = [      5.0,       5.0,      50.0] Nm/rad   including lever contribution
  D_TCP translation = [    234.2,     174.4,     111.5] Ns/m
  D_TCP rotation   = [      2.6,       2.8,       2.9] Nms/rad
  coupling           max |moment per unit translation| = 164.5 Nm/m (K), 19.3 Nms/m (D)
  eigenvalues        K_TCP 4.95 .. 2020 | D_TCP 1.26 .. 237  (both positive: valid springs)

  K_TCP [N/m, Nm/rad | rows fx..mz, cols tx..rz]:
           tx        ty        tz    |    rx        ry        rz
  fx [    2000  -0.7871   -28.44 |   -2.385   -113.6   -164.5 ]
  fy [ -0.7871     1999   -45.62 |    109.8 -0.005108   -2.118 ]
  fz [  -28.44   -45.62    351.8 |    26.35        2     2.39 ]
     ---------------------------+---------------------------
  mx [  -2.385    109.8    26.35 |    13.42   0.1857   0.8519 ]
  my [  -113.6 -0.005108        2 |   0.1857    11.49    10.59 ]
  mz [  -164.5   -2.118     2.39 |   0.8519    10.59    63.49 ]

  D_TCP [Ns/m, Nms/rad]:
           tx        ty        tz    |    rx        ry        rz
  fx [   234.2  -0.0586   -2.117 |  -0.1775   -13.31   -19.27 ]
  fy [ -0.0586    174.4   -1.742 |    9.765 0.001426  -0.1857 ]
  fz [  -2.117   -1.742    111.5 |    9.079   0.2421   0.1761 ]
     ---------------------------+---------------------------
  mx [ -0.1775    9.765    9.079 |     2.57  0.02002  0.00479 ]
  my [  -13.31 0.001426   0.2421 |  0.02002    2.805    1.075 ]
  mz [  -19.27  -0.1857   0.1761 |  0.00479    1.075    2.904 ]

[STATE] Pre-grinding hold active. Press Enter to start grinding (e+Enter stops).

-- state: pre_grinding_hold --------------------------------------------------
  motion             established contact command
  impedance          inherited from contact establishment
  keys               Enter continue | e stop

Stop requested with e + Enter. Finishing control loop...

-- joint motion [deg] --------------------------------------------------------
  joint       start    final    delta
  q1            0.9      4.9     +4.0
  q2           12.1     30.5    +18.4
  q3           -0.5      5.1     +5.7
  q4         -130.9   -122.1     +8.8
  q5           -0.1    -49.0    -48.9
  q6          142.9    129.2    -13.7
  q7           44.7     94.9    +50.2

==============================================================================
  FINAL RESULT
==============================================================================
  p_d              = [    510.7,      -7.9,    -209.2] mm
  p_EE             = [    515.4,      15.5,      46.3] mm
  e_p              = [     -4.7,     -23.4,    -255.4] mm
  e_R              = [    23.36,     -1.11,     -0.07] deg
------------------------------------------------------------------------------
  position error     256.55 mm
  rotation error     23.38 deg
  csv                logs/surface_grinding_controller_log.csv
------------------------------------------------------------------------------
archived to /home/hm-panda/Desktop/Thesis_Final_Control/experiments/results/P2_t1_neg_p100/r01
== P2_t1_neg_p100 r02 ==
applied 106 overrides

==============================================================================
  SURFACE GRINDING CONTROLLER
==============================================================================
  robot              172.16.0.2
  parameters         /home/hm-panda/Desktop/Thesis_Final_Control/surface_grinding_controller/params
------------------------------------------------------------------------------

==============================================================================
  SURFACE GRINDING CONTROLLER - STARTUP MENU
==============================================================================

-- RUN MODES -----------------------------------------------------------------
  s      Run orientation, approach, contact establishment, and grinding
  h      Cartesian pose hold at the initial posture
  t      Cartesian pose hold with the contact establishment impedance
  g      Start manual guidance from the current robot pose

-- ROBOT PREPARATION ---------------------------------------------------------
  i      Move to the configured initial joint posture

-- GRIPPER AND TOOL ----------------------------------------------------------
  o      Open the gripper
  c      Grasp the tool
  r      Recalibrate the gripper with empty fingers
  f      Pick up the tool from the holder
  b      Return the tool to the holder

-- PROGRAM -------------------------------------------------------------------
  e      Exit
------------------------------------------------------------------------------
  During control: e = stop | m = startup menu | g = guidance
------------------------------------------------------------------------------
Selection [s/h/t/g/i/o/c/r/f/b/e]: 
-- SELECTED MODE: STATE SEQUENCE ---------------------------------------------

-- moving to q_init ----------------------------------------------------------
  case               saved_qinit
  q1..q7 [deg]     = [0.8, 12.1, -0.5, -130.9, -0.2, 142.9, 44.7] deg
  saved_qinit = [0.014777, 0.210911, -0.009320, -2.284835, -0.002725, 2.493410, 0.780694] rad
  q_init reached.

-- start pose ----------------------------------------------------------------
  q_start          = [0.9, 12.1, -0.5, -130.9, -0.2, 142.8, 44.7] deg
  p_start          = [    531.2,       2.6,     156.8] mm

==============================================================================
  RUN
==============================================================================

-- state: tool_orientation ---------------------------------------------------
  Kp [t1,t2,n]     = [    150.0,     150.0,     150.0] N/m
  Dp [t1,t2,n]     = [    133.7,      94.2,     128.3] Ns/m     auto (factor 1.90)
  KR [t1,t2,n]     = [    180.0,     180.0,      90.0] Nm/rad
  DR [t1,t2,n]     = [     15.3,      25.0,       2.0] Nms/rad  auto (factor 1.90)
orient:     t=  0.0 s | axis_err= 12.0 deg | spin_err=  0.9 deg
orient:     t=  0.2 s | axis_err= 10.3 deg | spin_err=  0.9 deg
orient:     t=  0.4 s | axis_err=  6.5 deg | spin_err=  0.5 deg
orient:     t=  0.6 s | axis_err=  2.6 deg | spin_err=  0.3 deg
orient:     t=  0.8 s | axis_err=  0.9 deg | spin_err=  0.2 deg

Orientation reached: axis_err=0.7 deg | spin_err=0.1 deg

-- state: surface_approach ---------------------------------------------------
  Kp [t1,t2,n]     = [    150.0,     150.0,     150.0] N/m
  Dp [t1,t2,n]     = [    133.7,      94.2,     128.3] Ns/m     auto (factor 1.90)
  KR [t1,t2,n]     = [    180.0,     180.0,      90.0] Nm/rad
  DR [t1,t2,n]     = [     15.3,      25.0,       2.0] Nms/rad  auto (factor 1.90)
  descend to         20 mm clearance at 0.100 m/s
descend:    t=  0.0 s | distance=   0.1 mm | height=+121.2 mm (target 20.0) | force= -0.0 N
descend:    t=  0.2 s | distance=  20.2 mm | height=+110.9 mm (target 20.0) | force=  1.5 N
descend:    t=  0.4 s | distance=  40.3 mm | height= +95.9 mm (target 20.0) | force=  2.7 N
descend:    t=  0.6 s | distance=  60.4 mm | height= +79.9 mm (target 20.0) | force=  2.2 N
descend:    t=  0.8 s | distance=  80.5 mm | height= +63.6 mm (target 20.0) | force=  1.8 N
descend:    t=  1.0 s | distance= 100.6 mm | height= +46.9 mm (target 20.0) | force=  2.1 N
descend:    t=  1.2 s | distance= 120.7 mm | height= +30.0 mm (target 20.0) | force=  1.5 N

Clearance reached: distance=132.6 mm | height=19.9 mm | target=20.0 mm | force=1.9 N
  offset_ee        = [     20.0,     -60.0,      20.0] mm
  p_EE_at_contact  = [    515.3,       1.1,      50.7] mm
  contact_point    = [    533.7,      55.3,      -1.7] mm
  edge_offset      = [     18.4,      54.1,     -52.4] mm

-- state: contact_establishment ----------------------------------------------

-- contact establishment impedance -------------------------------------------
  law                wrench = K_TCP*dx + D_TCP*dv
                     K_TCP  = Ad(r_c)^T * blkdiag(Kp,KR) * Ad(r_c)
  Kp [t1,t2,n]     = [   2000.0,    2000.0,     350.0] N/m
  Dp [t1,t2,n]     = [    234.2,     174.7,     111.4] Ns/m     auto
  KR [t1,t2,n]     = [      5.0,       5.0,      50.0] Nm/rad
  DR [t1,t2,n]     = [      1.3,       2.0,       1.3] Nms/rad  auto
  p_c [EE]         = [      0.0,    -100.0,       0.0] mm       commanded in the tool frame
  r_c [t1,t2,n]    = [      0.0,      98.5,     -17.1] mm       p_c - p_TCP, in the plane
contact establishment:     t=  0.0 s | ee=  0.0 deg | F=  0.1 N | M=  0.0 Nm | contact= 19.8 mm
contact establishment:     t=  0.2 s | ee=  1.1 deg | F=  0.4 N | M=  0.4 Nm | contact=  7.1 mm
contact establishment:     t=  0.4 s | ee=  1.4 deg | F= 12.1 N | M=  0.8 Nm | contact=  2.4 mm
contact establishment:     t=  0.6 s | ee=  1.4 deg | F= 15.2 N | M=  1.0 Nm | contact=  2.4 mm
contact establishment:     t=  0.8 s | ee=  1.4 deg | F= 21.0 N | M=  1.3 Nm | contact=  2.5 mm
contact establishment:     t=  1.0 s | ee=  1.4 deg | F= 26.8 N | M=  1.7 Nm | contact=  2.5 mm
contact establishment:     t=  1.2 s | ee=  1.4 deg | F= 32.3 N | M=  2.1 Nm | contact=  2.6 mm
contact establishment:     t=  1.4 s | ee=  1.4 deg | F= 37.8 N | M=  2.4 Nm | contact=  2.6 mm
contact establishment:     t=  1.6 s | ee=  1.4 deg | F= 43.0 N | M=  2.8 Nm | contact=  2.7 mm
contact establishment:     t=  1.8 s | ee=  1.4 deg | F= 48.6 N | M=  3.2 Nm | contact=  2.8 mm
contact establishment:     t=  2.0 s | ee=  1.4 deg | F= 54.3 N | M=  3.5 Nm | contact=  2.8 mm
contact establishment:     t=  2.2 s | ee=  1.4 deg | F= 60.6 N | M=  4.0 Nm | contact=  2.9 mm
contact establishment:     t=  2.4 s | ee=  1.7 deg | F= 67.4 N | M=  4.4 Nm | contact=  2.8 mm
contact establishment:     t=  2.6 s | ee=  2.3 deg | F= 73.3 N | M=  4.8 Nm | contact=  2.8 mm
contact establishment:     t=  2.8 s | ee=  3.2 deg | F= 78.4 N | M=  5.1 Nm | contact=  2.8 mm
contact establishment:     t=  3.0 s | ee=  4.4 deg | F= 82.5 N | M=  5.4 Nm | contact=  2.9 mm
contact establishment:     t=  3.2 s | ee=  6.8 deg | F= 86.7 N | M=  5.8 Nm | contact=  2.7 mm
contact establishment:     t=  3.4 s | ee= 10.3 deg | F= 80.5 N | M=  5.0 Nm | contact=  3.3 mm
contact establishment:     t=  3.6 s | ee= 13.6 deg | F= 78.9 N | M=  4.0 Nm | contact=  4.1 mm
contact establishment:     t=  3.8 s | ee= 16.6 deg | F= 71.6 N | M=  3.0 Nm | contact=  4.2 mm
contact establishment:     t=  4.0 s | ee= 18.9 deg | F= 79.0 N | M=  3.5 Nm | contact=  3.9 mm
contact establishment:     t=  4.2 s | ee= 20.9 deg | F= 77.4 N | M=  3.0 Nm | contact=  4.0 mm
contact establishment:     t=  4.4 s | ee= 22.4 deg | F= 74.4 N | M=  2.4 Nm | contact=  4.2 mm
contact establishment:     t=  4.6 s | ee= 23.7 deg | F= 81.6 N | M=  2.9 Nm | contact=  3.9 mm
contact establishment:     t=  4.8 s | ee= 24.9 deg | F= 77.5 N | M=  2.2 Nm | contact=  4.1 mm

==============================================================================
  CONTACT-ESTABLISHMENT RESULT
==============================================================================
  stop: time | t=5.0 s | ee=25.3 deg | F=77.1 N | M_TCP=2.0 Nm
  contact_from_start = [-0.5, -0.6, -4.2] mm | norm=4.2 mm
  tcp_from_contact  = [-18.5, -36.2, +48.8] mm | norm=63.5 mm
  deviation: before=9.48 deg | after=34.74 deg | gain=-25.26 deg
  t_align: not reached | tolerance=2.00 deg | hold=0.30 s
  t_align_fraction: not reached | fraction=0.50 of the deviation at contact
  deviation_min: 9.44 deg at t=0.05 s
  align_status: not_aligned
  deviation components [t1,t2,n] deg: before=[+9.47,-0.53,+0.00] | after=[+34.72,-1.29,+0.00]

-- contact establishment surface-frame breakdown -----------------------------
  frame              alignment-target [tangent1, tangent2, normal]
  force        [N]      = [    +0.61,    +14.50,    -75.77]
  tcp_disp     [mm]     = [    -0.05,    +18.01,     -3.10]
  contact_disp [mm]     = [    -0.45,     -0.48,     -4.18]
  Kp_eff=F/tcp [N/m]    = [ -11380.5,     805.5,   24429.2]
  M_contact    [Nm]     = [    +0.18,     -0.65,     -0.29]
  ee_angle     [deg]    = [   +25.25,     -0.69,     +0.13]
  KR_eff=M/ang [Nm/rad] = [      0.4,      53.6,    -128.2]
  frame              tool face [length, width, tool axis]
  M_contact    [Nm]     = [    +0.37,     -0.19,     +0.61]

-- center of compliance ------------------------------------------------------
  definition         r_c = p_c - p_TCP
  p_TCP [x,y,z]    = [    515.2,      19.1,      47.1] mm
  p_c [EE]         = [      0.0,    -100.0,       0.0] mm
  r_c [t1,t2,n]    = [     -0.2,      81.8,     -57.5] mm
                     p_c resolved at end of contact establishment

-- effective TCP impedance ---------------------------------------------------
  K_TCP translation = [   1999.5,    1998.7,     351.8] N/m
  K_TCP rotation   = [     14.0,      12.2,      62.8] Nm/rad
  commanded KR was = [      5.0,       5.0,      50.0] Nm/rad   including lever contribution
  D_TCP translation = [    234.2,     174.7,     111.5] Ns/m
  D_TCP rotation   = [      2.6,       2.9,       2.8] Nms/rad
  coupling           max |moment per unit translation| = 160.3 Nm/m (K), 18.8 Nms/m (D)
  eigenvalues        K_TCP 4.95 .. 2020 | D_TCP 1.26 .. 237  (both positive: valid springs)

  K_TCP [N/m, Nm/rad | rows fx..mz, cols tx..rz]:
           tx        ty        tz    |    rx        ry        rz
  fx [    2000  -0.7871   -28.44 |   -2.327   -119.5   -160.3 ]
  fy [ -0.7871     1999   -45.62 |    115.7 -0.007958   -2.346 ]
  fz [  -28.44   -45.62    351.8 |    25.48    2.123    2.335 ]
     ---------------------------+---------------------------
  mx [  -2.327    115.7    25.48 |    13.97   0.1912   0.8227 ]
  my [  -119.5 -0.007958    2.123 |   0.1912    12.17    10.82 ]
  mz [  -160.3   -2.346    2.335 |   0.8227    10.82    62.81 ]

  D_TCP [Ns/m, Nms/rad]:
           tx        ty        tz    |    rx        ry        rz
  fx [   234.2 -0.05859   -2.117 |  -0.1732   -13.99   -18.78 ]
  fy [-0.05859    174.7   -1.751 |    10.29  0.00139  -0.2058 ]
  fz [  -2.117   -1.751    111.5 |    8.834   0.2608   0.1719 ]
     ---------------------------+---------------------------
  mx [ -0.1732    10.29    8.834 |    2.595  0.02102 0.002487 ]
  my [  -13.99  0.00139   0.2608 |  0.02102    2.883    1.102 ]
  mz [  -18.78  -0.2058   0.1719 | 0.002487    1.102    2.836 ]

[STATE] Pre-grinding hold active. Press Enter to start grinding (e+Enter stops).

-- state: pre_grinding_hold --------------------------------------------------
  motion             established contact command
  impedance          inherited from contact establishment
  keys               Enter continue | e stop

Stop requested with e + Enter. Finishing control loop...

-- joint motion [deg] --------------------------------------------------------
  joint       start    final    delta
  q1            0.9      5.3     +4.4
  q2           12.1     30.9    +18.8
  q3           -0.5      5.9     +6.4
  q4         -130.9   -121.7     +9.2
  q5           -0.2    -50.8    -50.6
  q6          142.8    127.2    -15.7
  q7           44.7     96.9    +52.1

==============================================================================
  FINAL RESULT
==============================================================================
  p_d              = [    510.8,      -6.0,    -209.1] mm
  p_EE             = [    515.2,      19.1,      47.1] mm
  e_p              = [     -4.4,     -25.1,    -256.2] mm
  e_R              = [    25.25,     -0.70,     -0.29] deg
------------------------------------------------------------------------------
  position error     257.44 mm
  rotation error     25.27 deg
  csv                logs/surface_grinding_controller_log.csv
------------------------------------------------------------------------------
archived to /home/hm-panda/Desktop/Thesis_Final_Control/experiments/results/P2_t1_neg_p100/r02
== P2_t1_neg_p100 r03 ==
applied 106 overrides

==============================================================================
  SURFACE GRINDING CONTROLLER
==============================================================================
  robot              172.16.0.2
  parameters         /home/hm-panda/Desktop/Thesis_Final_Control/surface_grinding_controller/params
------------------------------------------------------------------------------

==============================================================================
  SURFACE GRINDING CONTROLLER - STARTUP MENU
==============================================================================

-- RUN MODES -----------------------------------------------------------------
  s      Run orientation, approach, contact establishment, and grinding
  h      Cartesian pose hold at the initial posture
  t      Cartesian pose hold with the contact establishment impedance
  g      Start manual guidance from the current robot pose

-- ROBOT PREPARATION ---------------------------------------------------------
  i      Move to the configured initial joint posture

-- GRIPPER AND TOOL ----------------------------------------------------------
  o      Open the gripper
  c      Grasp the tool
  r      Recalibrate the gripper with empty fingers
  f      Pick up the tool from the holder
  b      Return the tool to the holder

-- PROGRAM -------------------------------------------------------------------
  e      Exit
------------------------------------------------------------------------------
  During control: e = stop | m = startup menu | g = guidance
------------------------------------------------------------------------------
Selection [s/h/t/g/i/o/c/r/f/b/e]: 
-- SELECTED MODE: STATE SEQUENCE ---------------------------------------------

-- moving to q_init ----------------------------------------------------------
  case               saved_qinit
  q1..q7 [deg]     = [0.8, 12.1, -0.5, -130.9, -0.2, 142.9, 44.7] deg
  saved_qinit = [0.014777, 0.210911, -0.009320, -2.284835, -0.002725, 2.493410, 0.780694] rad
  q_init reached.

-- start pose ----------------------------------------------------------------
  q_start          = [0.9, 12.1, -0.5, -130.9, -0.2, 142.8, 44.7] deg
  p_start          = [    531.2,       2.6,     156.8] mm

==============================================================================
  RUN
==============================================================================

-- state: tool_orientation ---------------------------------------------------
  Kp [t1,t2,n]     = [    150.0,     150.0,     150.0] N/m
  Dp [t1,t2,n]     = [    133.7,      94.2,     128.3] Ns/m     auto (factor 1.90)
  KR [t1,t2,n]     = [    180.0,     180.0,      90.0] Nm/rad
  DR [t1,t2,n]     = [     15.3,      25.0,       2.0] Nms/rad  auto (factor 1.90)
orient:     t=  0.0 s | axis_err= 12.0 deg | spin_err=  0.9 deg
orient:     t=  0.2 s | axis_err= 10.3 deg | spin_err=  0.9 deg
orient:     t=  0.4 s | axis_err=  6.5 deg | spin_err=  0.5 deg
orient:     t=  0.6 s | axis_err=  2.6 deg | spin_err=  0.3 deg
orient:     t=  0.8 s | axis_err=  0.9 deg | spin_err=  0.2 deg

Orientation reached: axis_err=0.7 deg | spin_err=0.1 deg

-- state: surface_approach ---------------------------------------------------
  Kp [t1,t2,n]     = [    150.0,     150.0,     150.0] N/m
  Dp [t1,t2,n]     = [    133.7,      94.2,     128.3] Ns/m     auto (factor 1.90)
  KR [t1,t2,n]     = [    180.0,     180.0,      90.0] Nm/rad
  DR [t1,t2,n]     = [     15.3,      25.0,       2.0] Nms/rad  auto (factor 1.90)
  descend to         20 mm clearance at 0.100 m/s
descend:    t=  0.0 s | distance=   0.1 mm | height=+121.3 mm (target 20.0) | force=  0.0 N
descend:    t=  0.2 s | distance=  20.2 mm | height=+110.8 mm (target 20.0) | force=  1.0 N
descend:    t=  0.4 s | distance=  40.3 mm | height= +96.0 mm (target 20.0) | force=  2.0 N
descend:    t=  0.6 s | distance=  60.4 mm | height= +80.1 mm (target 20.0) | force=  2.2 N
descend:    t=  0.8 s | distance=  80.5 mm | height= +63.8 mm (target 20.0) | force=  2.0 N
descend:    t=  1.0 s | distance= 100.6 mm | height= +46.9 mm (target 20.0) | force=  2.2 N
descend:    t=  1.2 s | distance= 120.7 mm | height= +30.0 mm (target 20.0) | force=  1.5 N

Clearance reached: distance=132.6 mm | height=20.0 mm | target=20.0 mm | force=2.0 N
  offset_ee        = [     20.0,     -60.0,      20.0] mm
  p_EE_at_contact  = [    514.7,       1.1,      50.8] mm
  contact_point    = [    533.1,      55.2,      -1.7] mm
  edge_offset      = [     18.4,      54.1,     -52.5] mm

-- state: contact_establishment ----------------------------------------------

-- contact establishment impedance -------------------------------------------
  law                wrench = K_TCP*dx + D_TCP*dv
                     K_TCP  = Ad(r_c)^T * blkdiag(Kp,KR) * Ad(r_c)
  Kp [t1,t2,n]     = [   2000.0,    2000.0,     350.0] N/m
  Dp [t1,t2,n]     = [    234.2,     174.7,     111.4] Ns/m     auto
  KR [t1,t2,n]     = [      5.0,       5.0,      50.0] Nm/rad
  DR [t1,t2,n]     = [      1.3,       2.0,       1.3] Nms/rad  auto
  p_c [EE]         = [      0.0,    -100.0,       0.0] mm       commanded in the tool frame
  r_c [t1,t2,n]    = [      0.0,      98.5,     -17.1] mm       p_c - p_TCP, in the plane
contact establishment:     t=  0.0 s | ee=  0.0 deg | F=  0.1 N | M=  0.0 Nm | contact= 19.9 mm
contact establishment:     t=  0.2 s | ee=  1.1 deg | F=  0.2 N | M=  0.4 Nm | contact=  7.3 mm
contact establishment:     t=  0.4 s | ee=  1.4 deg | F= 12.4 N | M=  0.9 Nm | contact=  2.3 mm
contact establishment:     t=  0.6 s | ee=  1.4 deg | F= 15.4 N | M=  1.0 Nm | contact=  2.3 mm
contact establishment:     t=  0.8 s | ee=  1.5 deg | F= 20.7 N | M=  1.4 Nm | contact=  2.4 mm
contact establishment:     t=  1.0 s | ee=  1.5 deg | F= 26.7 N | M=  1.8 Nm | contact=  2.5 mm
contact establishment:     t=  1.2 s | ee=  1.5 deg | F= 32.3 N | M=  2.1 Nm | contact=  2.6 mm
contact establishment:     t=  1.4 s | ee=  1.5 deg | F= 37.6 N | M=  2.5 Nm | contact=  2.7 mm
contact establishment:     t=  1.6 s | ee=  1.4 deg | F= 43.1 N | M=  2.8 Nm | contact=  2.7 mm
contact establishment:     t=  1.8 s | ee=  1.4 deg | F= 48.8 N | M=  3.2 Nm | contact=  2.8 mm
contact establishment:     t=  2.0 s | ee=  1.4 deg | F= 54.4 N | M=  3.6 Nm | contact=  2.9 mm
contact establishment:     t=  2.2 s | ee=  1.4 deg | F= 60.0 N | M=  4.0 Nm | contact=  2.9 mm
contact establishment:     t=  2.4 s | ee=  1.5 deg | F= 67.4 N | M=  4.3 Nm | contact=  2.8 mm
contact establishment:     t=  2.6 s | ee=  2.1 deg | F= 73.3 N | M=  4.9 Nm | contact=  2.8 mm
contact establishment:     t=  2.8 s | ee=  3.0 deg | F= 77.7 N | M=  5.1 Nm | contact=  2.9 mm
contact establishment:     t=  3.0 s | ee=  4.4 deg | F= 82.1 N | M=  5.4 Nm | contact=  2.7 mm
contact establishment:     t=  3.2 s | ee=  7.3 deg | F= 85.5 N | M=  5.6 Nm | contact=  2.8 mm
contact establishment:     t=  3.4 s | ee= 11.0 deg | F= 82.3 N | M=  4.8 Nm | contact=  3.4 mm
contact establishment:     t=  3.6 s | ee= 14.3 deg | F= 72.9 N | M=  3.3 Nm | contact=  3.9 mm
contact establishment:     t=  3.8 s | ee= 17.1 deg | F= 72.4 N | M=  3.0 Nm | contact=  4.0 mm
contact establishment:     t=  4.0 s | ee= 19.2 deg | F= 79.2 N | M=  3.5 Nm | contact=  3.8 mm
contact establishment:     t=  4.2 s | ee= 21.0 deg | F= 79.0 N | M=  3.2 Nm | contact=  3.8 mm
contact establishment:     t=  4.4 s | ee= 22.4 deg | F= 73.1 N | M=  2.3 Nm | contact=  4.1 mm
contact establishment:     t=  4.6 s | ee= 23.6 deg | F= 74.9 N | M=  2.3 Nm | contact=  4.2 mm
contact establishment:     t=  4.8 s | ee= 24.7 deg | F= 79.9 N | M=  2.7 Nm | contact=  4.0 mm

==============================================================================
  CONTACT-ESTABLISHMENT RESULT
==============================================================================
  stop: time | t=5.0 s | ee=25.1 deg | F=76.9 N | M_TCP=2.0 Nm
  contact_from_start = [-0.0, -0.4, -4.1] mm | norm=4.2 mm
  tcp_from_contact  = [-18.0, -36.2, +48.8] mm | norm=63.3 mm
  deviation: before=9.49 deg | after=34.61 deg | gain=-25.12 deg
  t_align: not reached | tolerance=2.00 deg | hold=0.30 s
  t_align_fraction: not reached | fraction=0.50 of the deviation at contact
  deviation_min: 9.45 deg at t=0.05 s
  align_status: not_aligned
  deviation components [t1,t2,n] deg: before=[+9.48,-0.50,+0.00] | after=[+34.58,-1.32,-0.00]

-- contact establishment surface-frame breakdown -----------------------------
  frame              alignment-target [tangent1, tangent2, normal]
  force        [N]      = [    -0.20,    +13.49,    -75.67]
  tcp_disp     [mm]     = [    +0.53,    +18.03,     -3.22]
  contact_disp [mm]     = [    +0.04,     -0.31,     -4.14]
  Kp_eff=F/tcp [N/m]    = [   -377.6,     748.0,   23498.4]
  M_contact    [Nm]     = [    +0.26,     -0.59,     -0.25]
  ee_angle     [deg]    = [   +25.10,     -0.78,     +0.09]
  KR_eff=M/ang [Nm/rad] = [      0.6,      43.3,    -160.2]
  frame              tool face [length, width, tool axis]
  M_contact    [Nm]     = [    +0.34,     -0.27,     +0.53]

-- center of compliance ------------------------------------------------------
  definition         r_c = p_c - p_TCP
  p_TCP [x,y,z]    = [    515.2,      19.0,      47.1] mm
  p_c [EE]         = [      0.0,    -100.0,       0.0] mm
  r_c [t1,t2,n]    = [     -0.3,      81.9,     -57.3] mm
                     p_c resolved at end of contact establishment

-- effective TCP impedance ---------------------------------------------------
  K_TCP translation = [   1999.5,    1998.7,     351.8] N/m
  K_TCP rotation   = [     13.9,      12.1,      62.9] Nm/rad
  commanded KR was = [      5.0,       5.0,      50.0] Nm/rad   including lever contribution
  D_TCP translation = [    234.1,     174.7,     111.5] Ns/m
  D_TCP rotation   = [      2.6,       2.9,       2.8] Nms/rad
  coupling           max |moment per unit translation| = 160.6 Nm/m (K), 18.8 Nms/m (D)
  eigenvalues        K_TCP 4.95 .. 2020 | D_TCP 1.26 .. 237  (both positive: valid springs)

  K_TCP [N/m, Nm/rad | rows fx..mz, cols tx..rz]:
           tx        ty        tz    |    rx        ry        rz
  fx [    2000  -0.7871   -28.44 |   -2.331   -119.1   -160.6 ]
  fy [ -0.7871     1999   -45.62 |    115.3 -0.01286   -2.553 ]
  fz [  -28.44   -45.62    351.8 |    25.54    2.154    2.344 ]
     ---------------------------+---------------------------
  mx [  -2.331    115.3    25.54 |    13.93   0.1937   0.8119 ]
  my [  -119.1 -0.01286    2.154 |   0.1937    12.13    10.81 ]
  mz [  -160.6   -2.553    2.344 |   0.8119    10.81    62.86 ]

  D_TCP [Ns/m, Nms/rad]:
           tx        ty        tz    |    rx        ry        rz
  fx [   234.1 -0.05854   -2.115 |  -0.1734   -13.94   -18.81 ]
  fy [-0.05854    174.7   -1.749 |    10.26 0.001195   -0.224 ]
  fz [  -2.115   -1.749    111.5 |    8.855   0.2719   0.1722 ]
     ---------------------------+---------------------------
  mx [ -0.1734    10.26    8.855 |    2.594  0.02194 0.001504 ]
  my [  -13.94 0.001195   0.2719 |  0.02194    2.877      1.1 ]
  mz [  -18.81   -0.224   0.1722 | 0.001504      1.1    2.842 ]

[STATE] Pre-grinding hold active. Press Enter to start grinding (e+Enter stops).

-- state: pre_grinding_hold --------------------------------------------------
  motion             established contact command
  impedance          inherited from contact establishment
  keys               Enter continue | e stop

Stop requested with e + Enter. Finishing control loop...

-- joint motion [deg] --------------------------------------------------------
  joint       start    final    delta
  q1            0.9      5.2     +4.4
  q2           12.1     30.9    +18.8
  q3           -0.5      5.9     +6.4
  q4         -130.9   -121.7     +9.2
  q5           -0.2    -50.7    -50.5
  q6          142.8    127.3    -15.6
  q7           44.7     96.7    +52.0

==============================================================================
  FINAL RESULT
==============================================================================
  p_d              = [    510.2,      -6.1,    -209.1] mm
  p_EE             = [    515.2,      19.0,      47.1] mm
  e_p              = [     -5.0,     -25.1,    -256.2] mm
  e_R              = [    25.10,     -0.78,     -0.31] deg
------------------------------------------------------------------------------
  position error     257.44 mm
  rotation error     25.12 deg
  csv                logs/surface_grinding_controller_log.csv
------------------------------------------------------------------------------
archived to /home/hm-panda/Desktop/Thesis_Final_Control/experiments/results/P2_t1_neg_p100/r03
