run_time_s,segment_id,phase_time_s,event,sigma_min,sigma_rate_per_s,sigma_plus,sigma_minus,probe_difference,probe_confidence,gradient_abs_per_rad,direction_valid,push_active,k_sigma_Nm,alpha_rad,tau_sigma_norm_Nm,sigma_power_W,nullspace_speed_rad_s,speed_toward_better_rad_s,peak_nullspace_speed_rad_s,peak_abs_speed_toward_better_rad_s,min_speed_toward_better_rad_s,max_speed_toward_better_rad_s,raw_joint_speed_rad_s,nullspace_speed_fraction,raw_velocity_dominant_joint,raw_velocity_dominant_share_pct,sigma_dominant_joint,sigma_dominant_share_pct,position_error_mm,rotation_error_deg,peak_position_error_mm,peak_rotation_error_deg,cartesian_speed_mm_s,angular_speed_deg_s,command_force_norm_N,command_moment_norm_Nm,tau_task_norm_Nm,tau_nullspace_norm_Nm,tau_cmd_norm_Nm,nullspace_damping_Nms_rad,disturbance_scale,disturbance_force_norm_N,disturbance_tau_norm_Nm,disturbance_torque_scale,external_force_delta_norm_N,external_moment_delta_norm_Nm,external_joint_torque_delta_norm_Nm,external_joint_torque_along_nbest_Nm,peak_external_force_delta_norm_N,peak_external_moment_delta_norm_Nm,peak_external_joint_torque_delta_norm_Nm,external_joint_torque_baseline_valid,joint_contact,cartesian_contact,Jn_norm,e_p_x_mm,e_p_y_mm,e_p_z_mm,e_R_x_deg,e_R_y_deg,e_R_z_deg,q1_deg,q2_deg,q3_deg,q4_deg,q5_deg,q6_deg,q7_deg,dq1_rad_s,dq2_rad_s,dq3_rad_s,dq4_rad_s,dq5_rad_s,dq6_rad_s,dq7_rad_s,n_best_1,n_best_2,n_best_3,n_best_4,n_best_5,n_best_6,n_best_7,dqN_1_rad_s,dqN_2_rad_s,dqN_3_rad_s,dqN_4_rad_s,dqN_5_rad_s,dqN_6_rad_s,dqN_7_rad_s,tau_sigma_1_Nm,tau_sigma_2_Nm,tau_sigma_3_Nm,tau_sigma_4_Nm,tau_sigma_5_Nm,tau_sigma_6_Nm,tau_sigma_7_Nm,tau_ext_delta_1_Nm,tau_ext_delta_2_Nm,tau_ext_delta_3_Nm,tau_ext_delta_4_Nm,tau_ext_delta_5_Nm,tau_ext_delta_6_Nm,tau_ext_delta_7_Nm
0.000000000,0,0.000000000,hold_start,0.000000000,,0.000000000,0.000000000,0.000000000,0.000000000,0.000000000,0,0,0.000000000,0.000000000,0.000000000,0.000000000,0.000000000,0.000000000,0.000000000,0.000000000,0.000000000,0.000000000,0.000000000,0.000000000,0,0.000000000,0,0.000000000,0.000000000,0.000000000,0.000000000,0.000000000,0.000000000,0.000000000,0.000000000,0.000000000,0.000000000,0.000000000,0.000000000,0.000000000,0.000000000,0.000000000,0.000000000,1.000000000,0.000000000,0.000000000,0.000000000,0.000000000,0.000000000,0.000000000,0.000000000,0,0,0,0.000000000,0.000000000,0.000000000,0.000000000,0.000000000,0.000000000,0.000000000,0.857941791,12.101580544,-0.545013351,-130.909746465,-0.126524429,142.885414457,44.734389862,0.000000000,0.000000000,0.000000000,0.000000000,0.000000000,0.000000000,0.000000000,0.000000000,0.000000000,0.000000000,0.000000000,0.000000000,0.000000000,0.000000000,0.000000000,0.000000000,0.000000000,0.000000000,0.000000000,0.000000000,0.000000000,0.000000000,0.000000000,0.000000000,0.000000000,0.000000000,0.000000000,0.000000000,0.000000000,0.000000000,0.000000000,0.000000000,0.000000000,0.000000000,0.000000000
0.000000000,0,0.000000000,sample,0.216505733,,0.000000000,0.000000000,0.000000000,0.000000000,0.000000000,0,0,2.000000000,0.080000000,0.000000000,0.000000000,0.000507474,0.000000000,0.000507474,0.000000000,0.000000000,0.000000000,0.001276811,0.397454166,2,61.790291243,0,0.000000000,0.040812040,0.004332442,0.040812040,0.004332442,0.772008143,0.093520305,0.100697218,0.014750971,0.101224922,0.000000000,0.101224582,2.000000000,0.000000000,0.000000000,0.000000000,1.000000000,0.669904308,0.399049224,0.000000000,0.000000000,0.669904308,0.399049224,0.000000000,1,0,0,0.000000000,0.018466479,0.031008413,0.019054923,0.000960645,-0.003045518,0.002927804,0.854799660,12.102273451,-0.545031957,-130.911489020,-0.128069853,142.884798062,44.735386273,-0.000012115,0.001003660,0.000552242,-0.000238163,-0.000451657,-0.000196351,0.000136106,0.000000000,0.000000000,0.000000000,0.000000000,0.000000000,0.000000000,0.000000000,-0.000345488,-0.000000678,0.000342040,0.000000050,-0.000118887,-0.000000152,0.000083915,0.000000000,0.000000000,0.000000000,0.000000000,0.000000000,0.000000000,0.000000000,0.000000000,0.000000000,0.000000000,0.000000000,0.000000000,0.000000000,0.000000000
0.050000000,0,0.050000000,sample,0.216508363,0.000052590,0.000000000,0.000000000,0.000000000,0.000000000,0.000000000,0,0,2.000000000,0.080000000,0.000000000,0.000000000,0.003324389,0.000000000,0.004238021,0.000000000,0.000000000,0.000000000,0.008643955,0.384591229,5,89.073138044,0,0.000000000,0.172988154,0.020338997,0.172988154,0.020338997,1.474435845,0.568315713,0.415575536,0.092924241,0.421588966,0.000000000,0.421584831,2.000000000,0.000000000,0.000000000,0.000000000,1.000000000,0.581189377,0.127134553,0.359918662,0.000000000,0.654647017,0.390009727,0.397303530,1,0,0,0.000000000,0.073574714,-0.008120215,0.156351287,-0.004594524,-0.017749966,0.008803628,0.858581273,12.115754911,-0.545536571,-130.913497270,-0.118308707,142.885593346,44.736751536,0.000252384,0.002022215,-0.001898844,-0.000364548,0.008158040,-0.000453373,0.000259276,0.000000000,0.000000000,0.000000000,0.000000000,0.000000000,0.000000000,0.000000000,0.002263078,0.000004456,-0.002240399,-0.000000302,0.000779624,0.000000921,-0.000550289,0.000000000,0.000000000,0.000000000,0.000000000,0.000000000,0.000000000,0.000000000,0.064466133,-0.195352023,-0.100288732,0.104736339,0.155804757,0.204666906,0.005652729
0.100000000,0,0.100000000,sample,0.216508136,-0.000004525,0.000000000,0.000000000,0.000000000,0.000000000,0.000000000,0,0,2.000000000,0.080000000,0.000000000,0.000000000,0.000267393,0.000000000,0.006646644,0.000000000,0.000000000,0.000000000,0.001207304,0.221479306,2,36.372502162,0,0.000000000,0.193014806,0.023813974,0.193014806,0.023888228,0.729446663,0.101263379,0.417206479,0.026390468,0.370703708,0.000000000,0.370703362,2.000000000,0.000000000,0.000000000,0.000000000,1.000000000,1.040035860,0.501086244,0.555915516,0.000000000,1.148502091,0.519153425,0.555915516,1,0,0,0.000000000,0.077400781,-0.040645931,0.172080628,-0.008362093,-0.019382338,0.011022964,0.861132106,12.117637531,-0.545249319,-130.913236185,-0.112099752,142.885594471,44.736843016,0.000559227,0.000728121,0.000378374,-0.000177650,0.000147743,-0.000087232,-0.000640722,0.000000000,0.000000000,0.000000000,0.000000000,0.000000000,0.000000000,0.000000000,0.000182026,0.000000359,-0.000180201,-0.000000023,0.000062717,0.000000070,-0.000044268,0.000000000,0.000000000,0.000000000,0.000000000,0.000000000,0.000000000,0.000000000,0.041153364,-0.101591042,-0.193835016,0.152716236,0.374415157,0.309613980,0.009269988
0.150000000,0,0.150000000,sample,0.216507972,-0.000003281,0.000000000,0.000000000,0.000000000,0.000000000,0.000000000,0,0,2.000000000,0.080000000,0.000000000,0.000000000,0.000153440,0.000000000,0.002106701,0.000000000,0.000000000,0.000000000,0.001382360,0.110998389,7,36.052519063,0,0.000000000,0.182030772,0.024513788,0.192054165,0.025173851,0.750441113,0.136293568,0.340864751,0.033364431,0.292939005,0.000000000,0.292938677,2.000000000,0.000000000,0.000000000,0.000000000,1.000000000,1.238048038,0.568513126,0.610943648,0.000000000,1.238048038,0.568513126,0.611599938,1,0,0,0.000000000,0.074205417,-0.023049074,0.164613178,-0.008394051,-0.018512620,0.013702139,0.860319129,12.116901163,-0.546331191,-130.913154701,-0.111687677,142.885642054,44.737322632,-0.000667338,-0.000484012,-0.000528607,0.000318157,0.000352788,-0.000193048,0.000830021,0.000000000,0.000000000,0.000000000,0.000000000,0.000000000,0.000000000,0.000000000,-0.000104453,-0.000000206,0.000103406,0.000000013,-0.000035987,-0.000000040,0.000025401,0.000000000,0.000000000,0.000000000,0.000000000,0.000000000,0.000000000,0.000000000,0.156642117,-0.062682896,-0.123215977,0.172834448,0.432006896,0.336158772,0.009982036
0.200000000,0,0.200000000,sample,0.216507865,-0.000002154,0.000000000,0.000000000,0.000000000,0.000000000,0.000000000,0,0,2.000000000,0.080000000,0.000000000,0.000000000,0.000019053,0.000000000,0.001751052,0.000000000,0.000000000,0.000000000,0.001777348,0.010720130,4,77.693287466,0,0.000000000,0.192570590,0.024639941,0.196111099,0.025112426,0.779859629,0.080552132,0.359269606,0.015381590,0.285349185,0.000000000,0.285349208,2.000000000,0.000000000,0.000000000,0.000000000,1.000000000,1.239245306,0.597417936,0.624300123,0.000000000,1.323722555,0.616965915,0.631293741,1,0,0,0.000000000,0.075440881,-0.034376078,0.173811366,-0.008639300,-0.019174833,0.012838028,0.861354658,12.118042015,-0.546189066,-130.913028816,-0.111306046,142.885995904,44.737329462,0.000022205,0.000660575,0.000041404,0.001566622,0.000142878,0.000495422,0.000015437,0.000000000,0.000000000,0.000000000,0.000000000,0.000000000,0.000000000,0.000000000,0.000012970,0.000000026,-0.000012840,-0.000000002,0.000004469,0.000000005,-0.000003154,0.000000000,0.000000000,0.000000000,0.000000000,0.000000000,0.000000000,0.000000000,0.126833440,-0.064028885,-0.145658924,0.173214076,0.447188063,0.343922896,0.009190382
0.250000000,0,0.250000000,sample,0.216508230,0.000007307,0.000000000,0.000000000,0.000000000,0.000000000,0.000000000,0,0,2.000000000,0.080000000,0.000000000,0.000000000,0.000394780,0.000000000,0.001759806,0.000000000,0.000000000,0.000000000,0.001738189,0.227121395,2,30.575426627,0,0.000000000,0.188159083,0.024343068,0.197109687,0.025126054,0.505500289,0.086803401,0.376814244,0.015752154,0.321698508,0.000000000,0.321697735,2.000000000,0.000000000,0.000000000,0.000000000,1.000000000,1.175628113,0.596507791,0.630314680,0.000000000,1.238189336,0.597402711,0.630314680,1,0,0,0.000000000,0.075716960,-0.032030596,0.169247816,-0.008630787,-0.018767174,0.012879739,0.861200015,12.117330829,-0.546284775,-130.913331894,-0.111302655,142.885995902,44.737119666,0.000023874,-0.000961133,0.000756366,-0.000959902,-0.000038669,0.000411702,-0.000657617,0.000000000,0.000000000,0.000000000,0.000000000,0.000000000,0.000000000,0.000000000,-0.000268744,-0.000000530,0.000266050,0.000000034,-0.000092594,-0.000000103,0.000065357,0.000000000,0.000000000,0.000000000,0.000000000,0.000000000,0.000000000,0.000000000,0.096375114,-0.086327432,-0.161781138,0.171078830,0.451829392,0.347709763,0.007938931
0.300000000,0,0.300000000,sample,0.216507976,-0.000005088,0.000000000,0.000000000,0.000000000,0.000000000,0.000000000,0,0,2.000000000,0.080000000,0.000000000,0.000000000,0.000020861,0.000000000,0.005212268,0.000000000,0.000000000,0.000000000,0.001262755,0.016520511,3,41.920054715,0,0.000000000,0.190181146,0.025180170,0.193257202,0.025180170,0.890332773,0.109782959,0.369800128,0.030996700,0.316598414,0.000000000,0.316597645,2.000000000,0.000000000,0.000000000,0.000000000,1.000000000,1.278285056,0.606020347,0.631412162,0.000000000,1.325300113,0.632542432,0.636770586,1,0,0,0.000000000,0.075868409,-0.027394577,0.172227727,-0.008760854,-0.019120057,0.013846003,0.860886524,12.117774248,-0.546492145,-130.913140476,-0.111002832,142.885894133,44.737330212,-0.000790493,0.000211911,-0.000817580,0.000402463,0.000148350,0.000213424,0.000163689,0.000000000,0.000000000,0.000000000,0.000000000,0.000000000,0.000000000,0.000000000,0.000014201,0.000000028,-0.000014059,-0.000000002,0.000004893,0.000000005,-0.000003454,0.000000000,0.000000000,0.000000000,0.000000000,0.000000000,0.000000000,0.000000000,0.137798264,-0.052506764,-0.149442260,0.171467592,0.451456888,0.348291467,0.009033494
0.350000000,0,0.350000000,sample,0.216507856,-0.000002398,0.000000000,0.000000000,0.000000000,0.000000000,0.000000000,0,0,2.000000000,0.080000000,0.000000000,0.000000000,0.000249802,0.000000000,0.004433176,0.000000000,0.000000000,0.000000000,0.001916313,0.130355422,4,38.953654651,0,0.000000000,0.192584747,0.024882136,0.196076613,0.025602797,0.682154205,0.140478949,0.379819781,0.017301122,0.322886660,0.000000000,0.322885378,2.000000000,0.000000000,0.000000000,0.000000000,1.000000000,1.152855908,0.607248918,0.646515770,0.000000000,1.277792207,0.607248918,0.646673812,1,0,0,0.000000000,0.075773805,-0.034884436,0.173580792,-0.008818938,-0.019257538,0.013057344,0.861391427,12.117995963,-0.546202632,-130.913028816,-0.111002254,142.885867666,44.737329187,0.000755320,0.000641978,0.000342209,0.001196026,-0.000689622,-0.000274098,-0.000768974,0.000000000,0.000000000,0.000000000,0.000000000,0.000000000,0.000000000,0.000000000,0.000170050,0.000000336,-0.000168345,-0.000000021,0.000058593,0.000000065,-0.000041357,0.000000000,0.000000000,0.000000000,0.000000000,0.000000000,0.000000000,0.000000000,0.058837233,-0.092158734,-0.221952523,0.167259008,0.454690191,0.349272936,0.007371375
0.401000000,0,0.401000000,sample,0.216507850,-0.000000104,0.000000000,0.000000000,0.000000000,0.000000000,0.000000000,0,0,2.000000000,0.080000000,0.000000000,0.000000000,0.001017481,0.000000000,0.001579943,0.000000000,0.000000000,0.000000000,0.002064205,0.492916513,1,34.829734455,0,0.000000000,0.190410680,0.025006823,0.195570559,0.025323588,0.470027206,0.053131045,0.378027439,0.025408572,0.317665457,0.000000000,0.317664572,2.000000000,0.000000000,0.000000000,0.000000000,1.000000000,1.224810446,0.601127815,0.632708514,0.000000000,1.224810446,0.606892121,0.645539997,1,0,0,0.000000000,0.075083276,-0.029912194,0.172406465,-0.008808686,-0.019057823,0.013584832,0.861062918,12.117884134,-0.546406866,-130.913028816,-0.110952221,142.885955105,44.737288805,-0.001218226,0.000975508,0.000574698,0.000950348,0.000578550,0.000341215,-0.000375053,0.000000000,0.000000000,0.000000000,0.000000000,0.000000000,0.000000000,0.000000000,-0.000692641,-0.000001368,0.000685697,0.000000087,-0.000238656,-0.000000264,0.000168452,0.000000000,0.000000000,0.000000000,0.000000000,0.000000000,0.000000000,0.000000000,0.114768042,-0.068946528,-0.158863854,0.163334994,0.454949102,0.351342917,0.007626344
0.450000000,0,0.450000000,sample,0.216508098,0.000005052,0.000000000,0.000000000,0.000000000,0.000000000,0.000000000,0,0,2.000000000,0.080000000,0.000000000,0.000000000,0.000695241,0.000000000,0.001462519,0.000000000,0.000000000,0.000000000,0.001288448,0.539595757,1,55.172945404,0,0.000000000,0.192889580,0.025309305,0.195218978,0.025978393,0.673602721,0.091593684,0.397513602,0.021553245,0.344985631,0.000000000,0.344985116,2.000000000,0.000000000,0.000000000,0.000000000,1.000000000,1.180910286,0.567342676,0.638236771,0.000000000,1.239392103,0.600226064,0.640191060,1,0,0,0.000000000,0.077133236,-0.031607688,0.173947716,-0.008925918,-0.019360179,0.013640834,0.861241478,12.117884804,-0.546421964,-130.913236185,-0.110748615,142.885860932,44.737345218,0.000957040,0.000207368,0.000242683,0.000066931,0.000404203,-0.000121568,-0.000677966,0.000000000,0.000000000,0.000000000,0.000000000,0.000000000,0.000000000,0.000000000,0.000473280,0.000000935,-0.000468534,-0.000000059,0.000163073,0.000000180,-0.000115103,0.000000000,0.000000000,0.000000000,0.000000000,0.000000000,0.000000000,0.000000000,0.138338469,-0.088300685,-0.152049351,0.167258186,0.453439877,0.351594072,0.009550552
0.500000000,0,0.500000000,sample,0.216507974,-0.000002488,0.000000000,0.000000000,0.000000000,0.000000000,0.000000000,0,0,2.000000000,0.080000000,0.000000000,0.000000000,0.001134428,0.000000000,0.001269684,0.000000000,0.000000000,0.000000000,0.001555559,0.729273727,1,65.352863487,0,0.000000000,0.191368043,0.025101782,0.194041776,0.025502553,0.448492782,0.023025642,0.373225255,0.018797414,0.315189017,0.000000000,0.315189040,2.000000000,0.000000000,0.000000000,0.000000000,1.000000000,1.185706284,0.576517556,0.632818823,0.000000000,1.212994803,0.576517556,0.640061390,1,0,0,0.000000000,0.076039565,-0.033429094,0.172401300,-0.008877433,-0.019160654,0.013570556,0.861548479,12.117788594,-0.546523745,-130.913140476,-0.110796395,142.885867586,44.737520822,0.001257531,-0.000362066,-0.000556267,0.000179671,-0.000003253,-0.000187004,0.000574970,0.000000000,0.000000000,0.000000000,0.000000000,0.000000000,0.000000000,0.000000000,0.000772253,0.000001525,-0.000764510,-0.000000096,0.000266084,0.000000294,-0.000187813,0.000000000,0.000000000,0.000000000,0.000000000,0.000000000,0.000000000,0.000000000,0.126460613,-0.084781070,-0.145018464,0.164100594,0.453808597,0.351092128,0.010595316
0.550000000,0,0.550000000,sample,0.216508044,0.000001400,0.000000000,0.000000000,0.000000000,0.000000000,0.000000000,0,0,2.000000000,0.080000000,0.000000000,0.000000000,0.000044545,0.000000000,0.001488860,0.000000000,0.000000000,0.000000000,0.001381331,0.032247796,7,36.318247319,0,0.000000000,0.194372301,0.025539882,0.195258528,0.025539882,0.763780145,0.041598734,0.390112445,0.027158315,0.341321404,0.000000000,0.341320745,2.000000000,0.000000000,0.000000000,0.000000000,1.000000000,1.200316490,0.591501213,0.631958289,0.000000000,1.269337441,0.615411069,0.632435242,1,0,0,0.000000000,0.077514726,-0.029124247,0.175851747,-0.008876045,-0.019549704,0.013831504,0.861135274,12.118117935,-0.546572853,-130.913199757,-0.110773678,142.885867678,44.737302253,-0.000784188,0.000335427,-0.000617919,0.000216353,0.000101258,-0.000220790,-0.000832454,0.000000000,0.000000000,0.000000000,0.000000000,0.000000000,0.000000000,0.000000000,0.000030324,0.000000060,-0.000030019,-0.000000004,0.000010448,0.000000012,-0.000007375,0.000000000,0.000000000,0.000000000,0.000000000,0.000000000,0.000000000,0.000000000,0.110322851,-0.077918684,-0.153353605,0.162560036,0.455627965,0.351371321,0.011273215
0.601000000,0,0.601000000,sample,0.216507970,-0.000001440,0.000000000,0.000000000,0.000000000,0.000000000,0.000000000,0,0,2.000000000,0.080000000,0.000000000,0.000000000,0.000010214,0.000000000,0.001574115,0.000000000,0.000000000,0.000000000,0.001036605,0.009853592,1,32.593807487,0,0.000000000,0.187740301,0.025058855,0.196029358,0.025866058,0.571111550,0.053243458,0.356992701,0.023548455,0.302663315,0.000000000,0.302662995,2.000000000,0.000000000,0.000000000,0.000000000,1.000000000,1.204514248,0.580988570,0.637387261,0.000000000,1.221257637,0.590113771,0.637387261,1,0,0,0.000000000,0.075098842,-0.028838554,0.169631725,-0.008896716,-0.018862585,0.013892357,0.861105813,12.117490033,-0.546579570,-130.913140476,-0.110753332,142.885867678,44.737310998,-0.000591808,-0.000480752,-0.000334812,0.000089115,0.000375254,-0.000027872,-0.000481205,0.000000000,0.000000000,0.000000000,0.000000000,0.000000000,0.000000000,0.000000000,-0.000006953,-0.000000014,0.000006884,0.000000001,-0.000002396,-0.000000003,0.000001691,0.000000000,0.000000000,0.000000000,0.000000000,0.000000000,0.000000000,0.000000000,0.132015194,-0.078661995,-0.152719381,0.164957872,0.456317145,0.351817117,0.010576856
0.650000000,0,0.650000000,sample,0.216508066,0.000001964,0.000000000,0.000000000,0.000000000,0.000000000,0.000000000,0,0,2.000000000,0.080000000,0.000000000,0.000000000,0.000533458,0.000000000,0.002180642,0.000000000,0.000000000,0.000000000,0.001736657,0.307175305,2,43.562901922,0,0.000000000,0.192942804,0.025165220,0.198366177,0.026083367,0.526316513,0.044911037,0.364596638,0.016131578,0.309399572,0.000000000,0.309398406,2.000000000,0.000000000,0.000000000,0.000000000,1.000000000,1.255753976,0.602916161,0.629206836,0.000000000,1.255753976,0.602916161,0.676682585,1,0,0,0.000000000,0.077136959,-0.032224257,0.173891956,-0.008868969,-0.019378733,0.013382614,0.861463616,12.117884302,-0.546566005,-130.913221261,-0.110793294,142.885826879,44.737203908,-0.000025613,-0.001146232,-0.000519198,-0.000428842,0.000081628,-0.000119835,-0.001107690,0.000000000,0.000000000,0.000000000,0.000000000,0.000000000,0.000000000,0.000000000,0.000363147,0.000000717,-0.000359506,-0.000000045,0.000125125,0.000000138,-0.000088318,0.000000000,0.000000000,0.000000000,0.000000000,0.000000000,0.000000000,0.000000000,0.117002892,-0.055087032,-0.155889339,0.151598034,0.455174794,0.353001549,0.009967408
0.700000000,0,0.700000000,sample,0.216507968,-0.000001971,0.000000000,0.000000000,0.000000000,0.000000000,0.000000000,0,0,2.000000000,0.080000000,0.000000000,0.000000000,0.000110370,0.000000000,0.001363746,0.000000000,0.000000000,0.000000000,0.002136783,0.051652475,2,37.318529870,0,0.000000000,0.192980395,0.025326961,0.196289500,0.025680263,1.328571896,0.114977233,0.439436765,0.032980890,0.396013927,0.000000000,0.396012307,2.000000000,0.000000000,0.000000000,0.000000000,1.000000000,1.232303024,0.597469651,0.634390862,0.000000000,1.266003932,0.608108029,0.635332720,1,0,0,0.000000000,0.076841483,-0.033309283,0.173860033,-0.008891622,-0.019402482,0.013635897,0.861477159,12.117929416,-0.546467910,-130.913140026,-0.110787349,142.885766166,44.737561871,0.001118773,0.001305337,0.000742803,-0.000150163,0.000025279,-0.000348918,0.000955822,0.000000000,0.000000000,0.000000000,0.000000000,0.000000000,0.000000000,0.000000000,0.000075134,0.000000148,-0.000074380,-0.000000009,0.000025888,0.000000029,-0.000018273,0.000000000,0.000000000,0.000000000,0.000000000,0.000000000,0.000000000,0.000000000,0.122877772,-0.068458027,-0.150035666,0.162736131,0.456510879,0.353817220,0.009152120
0.750000000,0,0.750000000,sample,0.216507834,-0.000002684,0.000000000,0.000000000,0.000000000,0.000000000,0.000000000,0,0,2.000000000,0.080000000,0.000000000,0.000000000,0.000035004,0.000000000,0.001860373,0.000000000,0.000000000,0.000000000,0.001809256,0.019347202,2,61.641646967,0,0.000000000,0.187975806,0.025128349,0.195126098,0.025867275,1.322478584,0.129084279,0.316218079,0.020663416,0.250800092,0.000000000,0.250799697,2.000000000,0.000000000,0.000000000,0.000000000,1.000000000,1.231507154,0.588839339,0.637415691,0.000000000,1.254944902,0.601877580,0.638512378,1,0,0,0.000000000,0.074521631,-0.030434547,0.169868091,-0.008921065,-0.018856437,0.014010114,0.861273124,12.117596281,-0.546579568,-130.913028816,-0.110710239,142.885867678,44.737561871,-0.000626689,-0.001420486,-0.000661138,0.000588691,-0.000105701,0.000034504,-0.000258575,0.000000000,0.000000000,0.000000000,0.000000000,0.000000000,0.000000000,0.000000000,0.000023829,0.000000047,-0.000023590,-0.000000003,0.000008210,0.000000009,-0.000005795,0.000000000,0.000000000,0.000000000,0.000000000,0.000000000,0.000000000,0.000000000,0.130028081,-0.070107225,-0.153571032,0.162311620,0.456049881,0.355631019,0.009612403
0.800000000,0,0.800000000,sample,0.216508205,0.000007419,0.000000000,0.000000000,0.000000000,0.000000000,0.000000000,0,0,2.000000000,0.080000000,0.000000000,0.000000000,0.000553700,0.000000000,0.001356823,0.000000000,0.000000000,0.000000000,0.001496236,0.370061879,1,60.418779721,0,0.000000000,0.193344646,0.025710419,0.197014292,0.025802778,0.827758147,0.101428481,0.386603169,0.033444117,0.341196416,0.000000000,0.341195575,2.000000000,0.000000000,0.000000000,0.000000000,1.000000000,1.203627716,0.591275496,0.637031495,0.000000000,1.243553426,0.594773931,0.639468583,1,0,0,0.000000000,0.077910879,-0.030722691,0.174264636,-0.009027933,-0.019448608,0.014187097,0.861287441,12.117844403,-0.546579515,-130.913331894,-0.110522745,142.885826879,44.737602660,-0.001163017,-0.000527374,-0.000330556,-0.000666849,0.000163877,-0.000093204,0.000135988,0.000000000,0.000000000,0.000000000,0.000000000,0.000000000,0.000000000,0.000000000,-0.000376927,-0.000000745,0.000373148,0.000000047,-0.000129873,-0.000000143,0.000091669,0.000000000,0.000000000,0.000000000,0.000000000,0.000000000,0.000000000,0.000000000,0.113974582,-0.080519304,-0.153667003,0.164934261,0.456949196,0.355836603,0.009820819
0.850000000,0,0.850000000,sample,0.216508093,-0.000002237,0.000000000,0.000000000,0.000000000,0.000000000,0.000000000,0,0,2.000000000,0.080000000,0.000000000,0.000000000,0.000211085,0.000000000,0.001528029,0.000000000,0.000000000,0.000000000,0.001131782,0.186506529,6,42.818658837,0,0.000000000,0.193203536,0.025454571,0.194273137,0.025566582,0.472922629,0.050486582,0.394929803,0.026434440,0.338679299,0.000000000,0.338679245,2.000000000,0.000000000,0.000000000,0.000000000,1.000000000,1.236213153,0.604367462,0.635272006,0.000000000,1.253698664,0.610451956,0.637377334,1,0,0,0.000000000,0.077157721,-0.030439289,0.174492814,-0.008940040,-0.019379039,0.013873130,0.861272194,12.117951727,-0.546579570,-130.913236185,-0.110668897,142.885908477,44.737390598,-0.000615083,0.000197549,-0.000184225,-0.000442698,0.000259507,0.000740593,-0.000133556,0.000000000,0.000000000,0.000000000,0.000000000,0.000000000,0.000000000,0.000000000,-0.000143694,-0.000000284,0.000142253,0.000000018,-0.000049511,-0.000000055,0.000034947,0.000000000,0.000000000,0.000000000,0.000000000,0.000000000,0.000000000,0.000000000,0.118206452,-0.066344997,-0.154598557,0.164132394,0.458209920,0.352576298,0.009463839
0.900000000,0,0.900000000,sample,0.216508087,-0.000000121,0.000000000,0.000000000,0.000000000,0.000000000,0.000000000,0,0,2.000000000,0.080000000,0.000000000,0.000000000,0.002035090,0.000000000,0.004732432,0.000000000,0.000000000,0.000000000,0.003590137,0.566855783,3,92.725275392,0,0.000000000,0.193353757,0.025571443,0.197182442,0.026031369,2.276587951,0.243449511,0.446736187,0.035227554,0.404407137,0.000000000,0.404406846,2.000000000,0.000000000,0.000000000,0.000000000,1.000000000,1.204504453,0.596932190,0.638341701,0.000000000,1.239900076,0.604791326,0.640914915,1,0,0,0.000000000,0.077248518,-0.031919657,0.174354459,-0.008996387,-0.019397643,0.014024805,0.861477333,12.117930167,-0.546634583,-130.913236185,-0.110555202,142.885867669,44.737602670,0.000537863,0.000586792,0.003457086,-0.000476059,-0.000258311,-0.000075474,0.000070501,0.000000000,0.000000000,0.000000000,0.000000000,0.000000000,0.000000000,0.000000000,-0.001385370,-0.000002737,0.001371480,0.000000173,-0.000477343,-0.000000527,0.000336927,0.000000000,0.000000000,0.000000000,0.000000000,0.000000000,0.000000000,0.000000000,0.103677406,-0.076487643,-0.173542785,0.163267469,0.457845845,0.352662123,0.010677402
0.950000000,0,0.950000000,sample,0.216507973,-0.000002279,0.000000000,0.000000000,0.000000000,0.000000000,0.000000000,0,0,2.000000000,0.080000000,0.000000000,0.000000000,0.001547094,0.000000000,0.004825151,0.000000000,0.000000000,0.000000000,0.002364810,0.654215109,3,96.273705703,0,0.000000000,0.193806883,0.025619489,0.195932454,0.025709153,1.312578730,0.160303794,0.378188723,0.037815443,0.329679029,0.000000000,0.329678680,2.000000000,0.000000000,0.000000000,0.000000000,1.000000000,1.220428325,0.600113915,0.638679901,0.000000000,1.241066696,0.631882801,0.646914683,1,0,0,0.000000000,0.076901656,-0.031840096,0.175024145,-0.009045175,-0.019443777,0.014017223,0.861419572,12.118071514,-0.546594632,-130.913140476,-0.110485722,142.885867678,44.737521072,-0.000058055,0.000115148,-0.002320331,0.000219155,0.000260704,0.000148040,0.000232047,0.000000000,0.000000000,0.000000000,0.000000000,0.000000000,0.000000000,0.000000000,0.001053170,0.000002080,-0.001042611,-0.000000131,0.000362885,0.000000400,-0.000256138,0.000000000,0.000000000,0.000000000,0.000000000,0.000000000,0.000000000,0.000000000,0.113468038,-0.073527249,-0.159699360,0.165274437,0.459229068,0.354710608,0.010014321
1.000000000,0,1.000000000,sample,0.216507976,0.000000075,0.000000000,0.000000000,0.000000000,0.000000000,0.000000000,0,0,2.000000000,0.080000000,0.000000000,0.000000000,0.000116688,0.000000000,0.001453496,0.000000000,0.000000000,0.000000000,0.001470691,0.079342319,7,64.522564026,0,0.000000000,0.191616569,0.025394831,0.195422932,0.025893304,0.616306083,0.030753543,0.375398496,0.017899072,0.318518005,0.000000000,0.318517706,2.000000000,0.000000000,0.000000000,0.000000000,1.000000000,1.231507852,0.594271174,0.638988337,0.000000000,1.247364355,0.599043892,0.641386486,1,0,0,0.000000000,0.076143517,-0.030656244,0.173145225,-0.009010588,-0.019207412,0.013956435,0.861282360,12.117875592,-0.546579570,-130.913140476,-0.110554447,142.885908477,44.737392846,-0.000562618,-0.000003141,-0.000531155,0.000045666,-0.000229920,0.000337237,-0.001181346,0.000000000,0.000000000,0.000000000,0.000000000,0.000000000,0.000000000,0.000000000,0.000079434,0.000000157,-0.000078638,-0.000000010,0.000027370,0.000000030,-0.000019319,0.000000000,0.000000000,0.000000000,0.000000000,0.000000000,0.000000000,0.000000000,0.126880241,-0.067305445,-0.163761930,0.159931746,0.458518234,0.353496315,0.009095454
1.051000000,0,1.051000000,sample,0.216507987,0.000000204,0.000000000,0.000000000,0.000000000,0.000000000,0.000000000,0,0,2.000000000,0.080000000,0.000000000,0.000000000,0.000266702,0.000000000,0.001601133,0.000000000,0.000000000,0.000000000,0.001025135,0.260162796,1,56.080312890,0,0.000000000,0.192397128,0.025234286,0.195981276,0.025827191,0.683150228,0.089831234,0.386047012,0.018616536,0.331557452,0.000000000,0.331557007,2.000000000,0.000000000,0.000000000,0.000000000,1.000000000,1.219859493,0.595200492,0.641915000,0.000000000,1.237427520,0.602651537,0.644648253,1,0,0,0.000000000,0.076313521,-0.034505332,0.173211672,-0.009062544,-0.019248927,0.013569020,0.861478840,12.117875592,-0.546372201,-130.913140476,-0.110539821,142.885867678,44.737392846,0.000767690,-0.000151958,0.000470491,0.000163029,0.000015924,-0.000262096,-0.000348673,0.000000000,0.000000000,0.000000000,0.000000000,0.000000000,0.000000000,0.000000000,0.000181555,0.000000358,-0.000179735,-0.000000023,0.000062556,0.000000069,-0.000044155,0.000000000,0.000000000,0.000000000,0.000000000,0.000000000,0.000000000,0.000000000,0.127296499,-0.072907381,-0.163161758,0.163881809,0.460450337,0.353517617,0.008170487
1.101000000,0,1.101000000,sample,0.216508210,0.000004453,0.000000000,0.000000000,0.000000000,0.000000000,0.000000000,0,0,2.000000000,0.080000000,0.000000000,0.000000000,0.000022556,0.000000000,0.002656688,0.000000000,0.000000000,0.000000000,0.000792163,0.028474030,4,67.966764822,0,0.000000000,0.196279154,0.025748717,0.196748939,0.025868833,0.311505074,0.022042121,0.406703907,0.025406465,0.353292627,0.000000000,0.353292810,2.000000000,0.000000000,0.000000000,0.000000000,1.000000000,1.217124722,0.604037477,0.643956738,0.000000000,1.245253526,0.607635709,0.644434358,1,0,0,0.000000000,0.078942935,-0.034501497,0.176360897,-0.009069437,-0.019758888,0.013795944,0.861478858,12.118053476,-0.546372201,-130.913331894,-0.110519476,142.885726339,44.737602670,0.000100327,-0.000049874,0.000000563,-0.000653074,0.000027897,0.000298576,0.000313905,0.000000000,0.000000000,0.000000000,0.000000000,0.000000000,0.000000000,0.000000000,0.000015355,0.000000030,-0.000015201,-0.000000002,0.000005291,0.000000006,-0.000003734,0.000000000,0.000000000,0.000000000,0.000000000,0.000000000,0.000000000,0.000000000,0.109891836,-0.075483759,-0.174969728,0.170486749,0.460127964,0.354166815,0.008617013
1.151000000,0,1.151000000,sample,0.216507983,-0.000004534,0.000000000,0.000000000,0.000000000,0.000000000,0.000000000,0,0,2.000000000,0.080000000,0.000000000,0.000000000,0.000390903,0.000000000,0.002260974,0.000000000,0.000000000,0.000000000,0.002295807,0.170268064,2,89.890392546,0,0.000000000,0.194689385,0.025583868,0.195002859,0.025840630,1.138643661,0.130442431,0.337544423,0.012353964,0.265813244,0.000000000,0.265810322,2.000000000,0.000000000,0.000000000,0.000000000,1.000000000,1.275512080,0.607976837,0.637002880,0.000000000,1.399875927,0.660576333,0.665696459,1,0,0,0.000000000,0.077024772,-0.032606911,0.175806514,-0.009075276,-0.019493995,0.013862100,0.861369075,12.118163633,-0.546467910,-130.913138677,-0.110478417,142.885908477,44.737433645,0.000407687,-0.002176667,-0.000007244,-0.000301202,0.000252790,0.000336562,-0.000314149,0.000000000,0.000000000,0.000000000,0.000000000,0.000000000,0.000000000,0.000000000,0.000266103,0.000000526,-0.000263435,-0.000000033,0.000091690,0.000000101,-0.000064719,0.000000000,0.000000000,0.000000000,0.000000000,0.000000000,0.000000000,0.000000000,0.131160371,-0.046136894,-0.168411553,0.148916516,0.460762783,0.351449021,0.009147516
1.201000000,0,1.201000000,sample,0.216507999,0.000000319,0.000000000,0.000000000,0.000000000,0.000000000,0.000000000,0,0,2.000000000,0.080000000,0.000000000,0.000000000,0.001316999,0.000000000,0.004681225,0.000000000,0.000000000,0.000000000,0.001805939,0.729260156,1,33.325213228,0,0.000000000,0.192490106,0.025518294,0.196007478,0.025722439,0.307945996,0.066456609,0.391722373,0.028280847,0.332323081,0.000000000,0.332322766,2.000000000,0.000000000,0.000000000,0.000000000,1.000000000,1.210000738,0.577525693,0.643434582,0.000000000,1.375271232,0.645843080,0.658232791,1,0,0,0.000000000,0.076123655,-0.031862757,0.173903406,-0.009073731,-0.019215577,0.014128423,0.861191732,12.117971295,-0.546372201,-130.913140476,-0.110519467,142.885995904,44.737649297,-0.001042532,0.000786326,0.000735454,0.000361315,0.000061862,0.000537880,0.000769189,0.000000000,0.000000000,0.000000000,0.000000000,0.000000000,0.000000000,0.000000000,-0.000896536,-0.000001770,0.000887547,0.000000112,-0.000308912,-0.000000341,0.000218042,0.000000000,0.000000000,0.000000000,0.000000000,0.000000000,0.000000000,0.000000000,0.144511446,-0.079673655,-0.149849142,0.166032174,0.459317043,0.354506089,0.010413944
1.251000000,0,1.251000000,sample,0.216507928,-0.000001409,0.000000000,0.000000000,0.000000000,0.000000000,0.000000000,0,0,2.000000000,0.080000000,0.000000000,0.000000000,0.000881174,0.000000000,0.004237802,0.000000000,0.000000000,0.000000000,0.001879605,0.468807821,2,69.309060998,0,0.000000000,0.190634227,0.025344006,0.196582115,0.025878147,1.023571071,0.113893000,0.335448460,0.010298161,0.266472177,0.000000000,0.266471364,2.000000000,0.000000000,0.000000000,0.000000000,1.000000000,1.221224010,0.592515256,0.643855956,0.000000000,1.233080654,0.604909131,0.647883896,1,0,0,0.000000000,0.075661866,-0.032519095,0.171927889,-0.009032704,-0.019099532,0.013997742,0.861478858,12.117763932,-0.546579570,-130.913104048,-0.110519476,142.885867678,44.737602670,0.000924044,-0.001564810,-0.000410249,0.000169131,-0.000093398,0.000157450,0.000002121,0.000000000,0.000000000,0.000000000,0.000000000,0.000000000,0.000000000,0.000000000,0.000599852,0.000001185,-0.000593838,-0.000000075,0.000206682,0.000000228,-0.000145884,0.000000000,0.000000000,0.000000000,0.000000000,0.000000000,0.000000000,0.000000000,0.124859617,-0.073131948,-0.170249248,0.164031217,0.460046071,0.354952905,0.009342768
1.301000000,0,1.301000000,sample,0.216507839,-0.000001794,0.000000000,0.000000000,0.000000000,0.000000000,0.000000000,0,0,2.000000000,0.080000000,0.000000000,0.000000000,0.000036264,0.000000000,0.001553892,0.000000000,0.000000000,0.000000000,0.002225159,0.016297108,2,53.203185846,0,0.000000000,0.193649999,0.025722067,0.195753592,0.025834567,0.835897936,0.057217145,0.404027794,0.029773440,0.355110457,0.000000000,0.355107508,2.000000000,0.000000000,0.000000000,0.000000000,1.000000000,1.257870331,0.606348926,0.641488692,0.000000000,1.393313990,0.651998785,0.678876665,1,0,0,0.000000000,0.076315835,-0.030931025,0.175269755,-0.009149753,-0.019440115,0.014141736,0.861287441,12.118178670,-0.546579570,-130.913028816,-0.110316033,142.885867595,44.737392846,-0.000675954,0.001623043,-0.000535362,0.000988590,0.000048976,-0.000223565,-0.000737461,0.000000000,0.000000000,0.000000000,0.000000000,0.000000000,0.000000000,0.000000000,0.000024686,0.000000049,-0.000024439,-0.000000003,0.000008506,0.000000009,-0.000006004,0.000000000,0.000000000,0.000000000,0.000000000,0.000000000,0.000000000,0.000000000,0.122109192,-0.057631312,-0.174256140,0.159135333,0.460029967,0.354799994,0.008709556
1.351000000,0,1.351000000,sample,0.216507988,0.000002990,0.000000000,0.000000000,0.000000000,0.000000000,0.000000000,0,0,2.000000000,0.080000000,0.000000000,0.000000000,0.000733671,0.000000000,0.005802398,0.000000000,0.000000000,0.000000000,0.001393127,0.526636152,2,56.002088891,0,0.000000000,0.191719115,0.025377962,0.196611321,0.025912885,0.440200016,0.044512664,0.402391252,0.022498394,0.347270798,0.000000000,0.347269787,2.000000000,0.000000000,0.000000000,0.000000000,1.000000000,1.288071275,0.621848239,0.633715514,0.000000000,1.288071275,0.649403810,0.678064003,1,0,0,0.000000000,0.075865848,-0.034284274,0.172699683,-0.009163207,-0.019120314,0.013945975,0.861574558,12.117834990,-0.546508620,-130.913140476,-0.110326318,142.885955105,44.737561871,0.000678051,0.001042540,-0.000309950,0.000346705,0.000042958,0.000280271,-0.000312233,0.000000000,0.000000000,0.000000000,0.000000000,0.000000000,0.000000000,0.000000000,0.000499441,0.000000986,-0.000494433,-0.000000062,0.000172086,0.000000190,-0.000121465,0.000000000,0.000000000,0.000000000,0.000000000,0.000000000,0.000000000,0.000000000,0.118651403,-0.039971874,-0.174124450,0.154797736,0.459677681,0.346718535,0.010975882
1.401000000,0,1.401000000,sample,0.216507980,-0.000000157,0.000000000,0.000000000,0.000000000,0.000000000,0.000000000,0,0,2.000000000,0.080000000,0.000000000,0.000000000,0.000064947,0.000000000,0.001220678,0.000000000,0.000000000,0.000000000,0.000827099,0.078523726,6,40.897076222,0,0.000000000,0.191563234,0.025490184,0.196798952,0.025826154,0.408667857,0.059217984,0.367037866,0.019319699,0.303563406,0.000000000,0.303563455,2.000000000,0.000000000,0.000000000,0.000000000,1.000000000,1.075426870,0.553497160,0.663178381,0.000000000,1.302526153,0.625618717,0.672141431,1,0,0,0.000000000,0.075974460,-0.031141031,0.173073944,-0.009024544,-0.019159973,0.014184586,0.861342453,12.117875594,-0.546589964,-130.913140476,-0.110527179,142.885955105,44.737649300,-0.000156538,-0.000128842,-0.000267442,0.000239153,-0.000371476,0.000528937,0.000310646,0.000000000,0.000000000,0.000000000,0.000000000,0.000000000,0.000000000,0.000000000,-0.000044212,-0.000000087,0.000043769,0.000000006,-0.000015234,-0.000000017,0.000010753,0.000000000,0.000000000,0.000000000,0.000000000,0.000000000,0.000000000,0.000000000,0.124858123,-0.136452125,-0.172246339,0.192632827,0.461178821,0.355001804,0.010413394
1.451000000,0,1.451000000,sample,0.216507856,-0.000002481,0.000000000,0.000000000,0.000000000,0.000000000,0.000000000,0,0,2.000000000,0.080000000,0.000000000,0.000000000,0.000727911,0.000000000,0.001310814,0.000000000,0.000000000,0.000000000,0.001684710,0.432068931,3,41.266861630,0,0.000000000,0.193199077,0.025556606,0.197059364,0.025939690,0.748030046,0.043774550,0.385263220,0.018785265,0.322354904,0.000000000,0.322354086,2.000000000,0.000000000,0.000000000,0.000000000,1.000000000,1.266951949,0.610156422,0.639280577,0.000000000,1.291934046,0.620117003,0.658581171,1,0,0,0.000000000,0.075991092,-0.034522696,0.174239550,-0.009091299,-0.019327558,0.014033314,0.861383149,12.118067012,-0.546281013,-130.913028816,-0.110518387,142.885867678,44.737833712,0.000105966,0.000630586,0.001082246,0.001009022,0.000037496,-0.000060575,0.000484689,0.000000000,0.000000000,0.000000000,0.000000000,0.000000000,0.000000000,0.000000000,-0.000495519,-0.000000978,0.000490551,0.000000062,-0.000170738,-0.000000188,0.000120513,0.000000000,0.000000000,0.000000000,0.000000000,0.000000000,0.000000000,0.000000000,0.126954729,-0.052383449,-0.170003569,0.161205174,0.460983322,0.349719425,0.010977515
1.501000000,0,1.501000000,sample,0.216507987,0.000002618,0.000000000,0.000000000,0.000000000,0.000000000,0.000000000,0,0,2.000000000,0.080000000,0.000000000,0.000000000,0.000283969,0.000000000,0.001354225,0.000000000,0.000000000,0.000000000,0.002014422,0.140967962,2,74.997090875,0,0.000000000,0.192016159,0.025584989,0.197041304,0.025859119,1.082005810,0.133267668,0.435912692,0.039704133,0.398020864,0.000000000,0.398019554,2.000000000,0.000000000,0.000000000,0.000000000,1.000000000,1.060761142,0.548967908,0.665892151,0.000000000,1.262331383,0.609526647,0.665892151,1,0,0,0.000000000,0.076160590,-0.032932606,0.173162390,-0.009198346,-0.019209123,0.014177154,0.861383143,12.117877114,-0.546469423,-130.913140476,-0.110279830,142.885908477,44.737602670,0.000213564,0.001744507,-0.000442433,-0.000105805,-0.000107954,-0.000264972,0.000824728,0.000000000,0.000000000,0.000000000,0.000000000,0.000000000,0.000000000,0.000000000,0.000193309,0.000000382,-0.000191371,-0.000000024,0.000066606,0.000000073,-0.000047013,0.000000000,0.000000000,0.000000000,0.000000000,0.000000000,0.000000000,0.000000000,0.131981555,-0.143317577,-0.168070857,0.195257122,0.461297174,0.355263713,0.008529551
1.551000000,0,1.551000000,sample,0.216508103,0.000002321,0.000000000,0.000000000,0.000000000,0.000000000,0.000000000,0,0,2.000000000,0.080000000,0.000000000,0.000000000,0.000668066,0.000000000,0.001069938,0.000000000,0.000000000,0.000000000,0.001178081,0.567079726,1,51.706630388,0,0.000000000,0.192571462,0.025703339,0.195515363,0.026095616,0.363401198,0.084150008,0.385510035,0.030545461,0.332087628,0.000000000,0.332087458,2.000000000,0.000000000,0.000000000,0.000000000,1.000000000,1.247092296,0.603754972,0.641219921,0.000000000,1.260869581,0.609357607,0.670454096,1,0,0,0.000000000,0.076927848,-0.031031612,0.173789853,-0.009117068,-0.019302867,0.014315727,0.861191730,12.117875592,-0.546468086,-130.913236185,-0.110414365,142.885908477,44.737658413,-0.000847127,-0.000214916,0.000143306,-0.000419768,0.000347788,0.000307292,0.000460366,0.000000000,0.000000000,0.000000000,0.000000000,0.000000000,0.000000000,0.000000000,-0.000454780,-0.000000898,0.000450221,0.000000057,-0.000156699,-0.000000173,0.000110604,0.000000000,0.000000000,0.000000000,0.000000000,0.000000000,0.000000000,0.000000000,0.130199359,-0.058150656,-0.173742785,0.157581168,0.461957058,0.349760674,0.008624575
1.601000000,0,1.601000000,sample,0.216508089,-0.000000277,0.000000000,0.000000000,0.000000000,0.000000000,0.000000000,0,0,2.000000000,0.080000000,0.000000000,0.000000000,0.000486377,0.000000000,0.001640260,0.000000000,0.000000000,0.000000000,0.001026043,0.474032008,1,38.513015161,0,0.000000000,0.193987452,0.025484396,0.197782065,0.025913548,0.579337887,0.083354203,0.411639637,0.025100818,0.364500019,0.000000000,0.364500258,2.000000000,0.000000000,0.000000000,0.000000000,1.000000000,1.220037332,0.589529841,0.645359230,0.000000000,1.248705270,0.604402262,0.646790034,1,0,0,0.000000000,0.076900647,-0.031439246,0.175296879,-0.009006711,-0.019343881,0.013933696,0.861383131,12.118071521,-0.546594491,-130.913222611,-0.110551422,142.886049817,44.737454145,0.000636750,0.000127914,0.000054113,-0.000592403,0.000019184,-0.000122611,-0.000511547,0.000000000,0.000000000,0.000000000,0.000000000,0.000000000,0.000000000,0.000000000,0.000331097,0.000000654,-0.000327777,-0.000000041,0.000114084,0.000000126,-0.000080525,0.000000000,0.000000000,0.000000000,0.000000000,0.000000000,0.000000000,0.000000000,0.136846003,-0.072043242,-0.168231887,0.166033087,0.462578939,0.350137354,0.011273130
1.651000000,0,1.651000000,sample,0.216507981,-0.000002165,0.000000000,0.000000000,0.000000000,0.000000000,0.000000000,0,0,2.000000000,0.080000000,0.000000000,0.000000000,0.000229884,0.000000000,0.001281458,0.000000000,0.000000000,0.000000000,0.002182381,0.105336156,7,71.985822884,0,0.000000000,0.191143223,0.025589420,0.196358915,0.025926232,0.699734575,0.119325474,0.350845982,0.029505959,0.288069386,0.000000000,0.288069571,2.000000000,0.000000000,0.000000000,0.000000000,1.000000000,1.220852608,0.599290433,0.646845347,0.000000000,1.220852608,0.599290433,0.648402086,1,0,0,0.000000000,0.075965677,-0.033469193,0.172176540,-0.009207679,-0.019136464,0.014277002,0.861478852,12.117764154,-0.546508762,-130.913140476,-0.110252394,142.885867678,44.737737725,0.000492772,-0.000805105,-0.000195183,0.000498936,0.000301153,-0.000255950,0.001851629,0.000000000,0.000000000,0.000000000,0.000000000,0.000000000,0.000000000,0.000000000,0.000156491,0.000000309,-0.000154922,-0.000000019,0.000053920,0.000000059,-0.000038059,0.000000000,0.000000000,0.000000000,0.000000000,0.000000000,0.000000000,0.000000000,0.133965884,-0.071559736,-0.172024932,0.167482830,0.463800210,0.350048099,0.007339364
1.701000000,0,1.701000000,sample,0.216508115,0.000002681,0.000000000,0.000000000,0.000000000,0.000000000,0.000000000,0,0,2.000000000,0.080000000,0.000000000,0.000000000,0.000484376,0.000000000,0.003677781,0.000000000,0.000000000,0.000000000,0.001295607,0.373860365,3,56.154760643,0,0.000000000,0.195571718,0.025683859,0.198076401,0.026251617,0.834597866,0.102374670,0.424520851,0.026449720,0.375563874,0.000000000,0.375563853,2.000000000,0.000000000,0.000000000,0.000000000,1.000000000,1.260068077,0.601492966,0.633813344,0.000000000,1.263562535,0.646911562,0.673359407,1,0,0,0.000000000,0.077714737,-0.034543358,0.176112103,-0.009110752,-0.019553221,0.013940099,0.861383149,12.118125657,-0.546281013,-130.913236184,-0.110483530,142.885908477,44.737712345,0.000170846,0.000690290,0.000970882,-0.000316400,-0.000026887,0.000051698,-0.000356078,0.000000000,0.000000000,0.000000000,0.000000000,0.000000000,0.000000000,0.000000000,-0.000329734,-0.000000651,0.000326428,0.000000041,-0.000113615,-0.000000125,0.000080194,0.000000000,0.000000000,0.000000000,0.000000000,0.000000000,0.000000000,0.000000000,0.140170579,-0.042879978,-0.171037128,0.132856844,0.462446955,0.345579737,0.006759499
1.752000000,0,1.752000000,sample,0.216507972,-0.000002805,0.000000000,0.000000000,0.000000000,0.000000000,0.000000000,0,0,2.000000000,0.080000000,0.000000000,0.000000000,0.000413999,0.000000000,0.001259092,0.000000000,0.000000000,0.000000000,0.000626629,0.660677547,1,35.742522581,0,0.000000000,0.192952686,0.025701403,0.195451162,0.025901960,0.116732708,0.011852555,0.383950475,0.024080700,0.331588122,0.000000000,0.331588141,2.000000000,0.000000000,0.000000000,0.000000000,1.000000000,1.200775116,0.596491601,0.646561377,0.000000000,1.252136411,0.601461832,0.649670112,1,0,0,0.000000000,0.076743849,-0.031782067,0.174158034,-0.009190986,-0.019385111,0.014152928,0.861383149,12.117971303,-0.546590522,-130.913140476,-0.110247125,142.885826879,44.737433646,0.000374630,-0.000107995,-0.000204705,0.000103326,0.000192400,-0.000360944,0.000144131,0.000000000,0.000000000,0.000000000,0.000000000,0.000000000,0.000000000,0.000000000,0.000281826,0.000000557,-0.000279001,-0.000000035,0.000097106,0.000000107,-0.000068541,0.000000000,0.000000000,0.000000000,0.000000000,0.000000000,0.000000000,0.000000000,0.128951111,-0.079177309,-0.168236585,0.168002203,0.464509545,0.350409694,0.007734303
1.801000000,0,1.801000000,sample,0.216508105,0.000002718,0.000000000,0.000000000,0.000000000,0.000000000,0.000000000,0,0,2.000000000,0.080000000,0.000000000,0.000000000,0.000178939,0.000000000,0.001505346,0.000000000,0.000000000,0.000000000,0.001389297,0.128798456,2,29.671205868,0,0.000000000,0.193142805,0.025761909,0.196968412,0.025975542,0.837002071,0.130681657,0.357918545,0.031373961,0.300744007,0.000000000,0.300743371,2.000000000,0.000000000,0.000000000,0.000000000,1.000000000,1.194059844,0.588382790,0.646024697,0.000000000,1.269772182,0.604890898,0.656342925,1,0,0,0.000000000,0.077060300,-0.032086341,0.174173247,-0.009218555,-0.019344653,0.014299602,0.861287434,12.117916881,-0.546467966,-130.913236185,-0.110244838,142.885908477,44.737602679,-0.000699859,-0.000756768,-0.000574194,0.000072805,0.000121648,0.000135149,0.000706812,0.000000000,0.000000000,0.000000000,0.000000000,0.000000000,0.000000000,0.000000000,-0.000121811,-0.000000241,0.000120590,0.000000015,-0.000041971,-0.000000046,0.000029625,0.000000000,0.000000000,0.000000000,0.000000000,0.000000000,0.000000000,0.000000000,0.123544192,-0.080005470,-0.175639602,0.164537099,0.463773005,0.350053244,0.011809581
1.851000000,0,1.851000000,sample,0.216507863,-0.000004849,0.000000000,0.000000000,0.000000000,0.000000000,0.000000000,0,0,2.000000000,0.080000000,0.000000000,0.000000000,0.000695797,0.000000000,0.004041099,0.000000000,0.000000000,0.000000000,0.001597528,0.435546145,4,45.375799443,0,0.000000000,0.192968975,0.025570130,0.196817259,0.025994283,0.517413508,0.053761296,0.375653847,0.017415735,0.311110416,0.000000000,0.311110300,2.000000000,0.000000000,0.000000000,0.000000000,1.000000000,1.201037532,0.592160774,0.646417731,0.000000000,1.213773585,0.632470673,0.664510528,1,0,0,0.000000000,0.075839938,-0.033848394,0.174182707,-0.009221009,-0.019288551,0.014026986,0.861282919,12.118067517,-0.546276556,-130.913028816,-0.110305874,142.885908477,44.737561874,-0.000381077,0.000589860,0.000823699,0.001076120,0.000227622,0.000135637,-0.000390151,0.000000000,0.000000000,0.000000000,0.000000000,0.000000000,0.000000000,0.000000000,-0.000473657,-0.000000935,0.000468908,0.000000059,-0.000163205,-0.000000180,0.000115197,0.000000000,0.000000000,0.000000000,0.000000000,0.000000000,0.000000000,0.000000000,0.124534227,-0.078467895,-0.175438397,0.167105989,0.463304845,0.350322455,0.010471589
1.901000000,0,1.901000000,sample,0.216508089,0.000004523,0.000000000,0.000000000,0.000000000,0.000000000,0.000000000,0,0,2.000000000,0.080000000,0.000000000,0.000000000,0.001056349,0.000000000,0.004115755,0.000000000,0.000000000,0.000000000,0.001337894,0.789561158,7,37.488566457,0,0.000000000,0.193554057,0.025637589,0.197361423,0.026078345,0.143518414,0.057604398,0.390258067,0.019628483,0.337881882,0.000000000,0.337882005,2.000000000,0.000000000,0.000000000,0.000000000,1.000000000,1.213356894,0.597784246,0.646675070,0.000000000,1.238778544,0.597784246,0.649478327,1,0,0,0.000000000,0.077224931,-0.031407592,0.174679839,-0.009143741,-0.019399850,0.014047199,0.861465293,12.117972032,-0.546703131,-130.913236185,-0.110286831,142.885908477,44.737331739,0.000762955,-0.000251652,-0.000591827,-0.000350757,0.000012037,-0.000008195,-0.000819165,0.000000000,0.000000000,0.000000000,0.000000000,0.000000000,0.000000000,0.000000000,0.000719101,0.000001421,-0.000711891,-0.000000089,0.000247774,0.000000273,-0.000174889,0.000000000,0.000000000,0.000000000,0.000000000,0.000000000,0.000000000,0.000000000,0.117714626,-0.072847791,-0.184048721,0.163586422,0.463456745,0.351409962,0.010466452
1.951000000,0,1.951000000,sample,0.216507975,-0.000002270,0.000000000,0.000000000,0.000000000,0.000000000,0.000000000,0,0,2.000000000,0.080000000,0.000000000,0.000000000,0.000730990,0.000000000,0.003957941,0.000000000,0.000000000,0.000000000,0.000958089,0.762966720,3,73.538974399,0,0.000000000,0.192071284,0.025705921,0.195792301,0.025988003,0.273586724,0.047353645,0.381879798,0.026230933,0.328693703,0.000000000,0.328693849,2.000000000,0.000000000,0.000000000,0.000000000,1.000000000,1.225678928,0.601421778,0.645818151,0.000000000,1.231002349,0.614647975,0.652167157,1,0,0,0.000000000,0.076342528,-0.031855340,0.173344841,-0.009174073,-0.019262454,0.014338362,0.861383156,12.117890636,-0.546580091,-130.913140026,-0.110280552,142.885867678,44.737656130,0.000345619,0.000002602,-0.000821608,0.000015365,0.000000063,-0.000022270,0.000350291,0.000000000,0.000000000,0.000000000,0.000000000,0.000000000,0.000000000,0.000000000,0.000497615,0.000000983,-0.000492626,-0.000000062,0.000171458,0.000000189,-0.000121021,0.000000000,0.000000000,0.000000000,0.000000000,0.000000000,0.000000000,0.000000000,0.123757706,-0.065621069,-0.185259657,0.158030177,0.464295728,0.350029364,0.008557622
2.001000000,0,2.001000000,sample,0.216507991,0.000000306,0.000000000,0.000000000,0.000000000,0.000000000,0.000000000,0,0,2.000000000,0.080000000,0.000000000,0.000000000,0.001415779,0.000000000,0.004919896,0.000000000,0.000000000,0.000000000,0.002262414,0.625782438,1,88.897669472,0,0.000000000,0.194612524,0.025810375,0.196463228,0.025966901,1.142967447,0.115315817,0.393705651,0.034468776,0.342676811,0.000000000,0.342675078,2.000000000,0.000000000,0.000000000,0.000000000,1.000000000,1.196579630,0.558608091,0.650885518,0.000000000,1.386082972,0.660334291,0.653031095,1,0,0,0.000000000,0.076956718,-0.031026668,0.176037053,-0.009191302,-0.019480641,0.014219707,0.861191732,12.118194832,-0.546481471,-130.913140476,-0.110280581,142.885955105,44.737442755,-0.002133130,0.000597354,0.000017826,0.000146824,0.000082873,0.000392525,-0.000169185,0.000000000,0.000000000,0.000000000,0.000000000,0.000000000,0.000000000,0.000000000,-0.000963778,-0.000001903,0.000954114,0.000000120,-0.000332087,-0.000000366,0.000234400,0.000000000,0.000000000,0.000000000,0.000000000,0.000000000,0.000000000,0.000000000,0.191251944,-0.088826809,-0.115652347,0.168495188,0.462343089,0.351539866,0.008771918
2.051000000,0,2.051000000,sample,0.216507992,0.000000015,0.000000000,0.000000000,0.000000000,0.000000000,0.000000000,0,0,2.000000000,0.080000000,0.000000000,0.000000000,0.000365125,0.000000000,0.004789472,0.000000000,0.000000000,0.000000000,0.001622385,0.225054678,7,47.916045322,0,0.000000000,0.192649346,0.025738677,0.198170247,0.026145303,0.588653023,0.156070248,0.364331636,0.036288322,0.307160599,0.000000000,0.307160183,2.000000000,0.000000000,0.000000000,0.000000000,1.000000000,1.203726459,0.577618831,0.647710694,0.000000000,1.218659808,0.603889610,0.651467276,1,0,0,0.000000000,0.076279233,-0.032041646,0.173978682,-0.009239821,-0.019258219,0.014360577,0.861291980,12.117972824,-0.546481471,-130.913140476,-0.110204782,142.885955105,44.737623342,-0.000711268,-0.000573885,-0.000229967,-0.000012429,0.000642562,0.000264099,0.001123038,0.000000000,0.000000000,0.000000000,0.000000000,0.000000000,0.000000000,0.000000000,-0.000248556,-0.000000491,0.000246064,0.000000031,-0.000085643,-0.000000094,0.000060450,0.000000000,0.000000000,0.000000000,0.000000000,0.000000000,0.000000000,0.000000000,0.158155286,-0.079670473,-0.152265290,0.164269483,0.463324590,0.351096257,0.007824653
2.101000000,0,2.101000000,sample,0.216507985,-0.000000128,0.000000000,0.000000000,0.000000000,0.000000000,0.000000000,0,0,2.000000000,0.080000000,0.000000000,0.000000000,0.000517240,0.000000000,0.003887266,0.000000000,0.000000000,0.000000000,0.001065952,0.485237525,3,35.784783052,0,0.000000000,0.194021571,0.025874627,0.196620956,0.026072493,0.396218663,0.069803277,0.374112160,0.023241711,0.309760497,0.000000000,0.309760651,2.000000000,0.000000000,0.000000000,0.000000000,1.000000000,1.213703426,0.592833219,0.649824003,0.000000000,1.219201538,0.605303493,0.652366734,1,0,0,0.000000000,0.076675820,-0.030570241,0.175586585,-0.009163045,-0.019397166,0.014466683,0.861287441,12.118153266,-0.546620255,-130.913140476,-0.110279882,142.885995904,44.737649326,0.000229330,0.000108532,-0.000637656,0.000412722,0.000030934,0.000531674,0.000459675,0.000000000,0.000000000,0.000000000,0.000000000,0.000000000,0.000000000,0.000000000,0.000352106,0.000000696,-0.000348576,-0.000000044,0.000121324,0.000000134,-0.000085635,0.000000000,0.000000000,0.000000000,0.000000000,0.000000000,0.000000000,0.000000000,0.132079820,-0.073883881,-0.179172507,0.162940642,0.465241447,0.352398325,0.008983556
2.151000000,0,2.151000000,sample,0.216507988,0.000000050,0.000000000,0.000000000,0.000000000,0.000000000,0.000000000,0,0,2.000000000,0.080000000,0.000000000,0.000000000,0.000112479,0.000000000,0.001135522,0.000000000,0.000000000,0.000000000,0.001202303,0.093552976,7,60.149943504,0,0.000000000,0.195572041,0.025804740,0.196849114,0.026019170,0.319771139,0.012499115,0.391587016,0.022002626,0.334898712,0.000000000,0.334898495,2.000000000,0.000000000,0.000000000,0.000000000,1.000000000,1.217492987,0.604545630,0.648236810,0.000000000,1.239819838,0.613956681,0.651536803,1,0,0,0.000000000,0.077249349,-0.033956618,0.176431032,-0.009200723,-0.019561562,0.014091722,0.861492420,12.118229611,-0.546467910,-130.913140476,-0.110267433,142.885908477,44.737618060,-0.000524201,0.000387448,-0.000050056,0.000243806,0.000237484,0.000181098,-0.000932462,0.000000000,0.000000000,0.000000000,0.000000000,0.000000000,0.000000000,0.000000000,-0.000076569,-0.000000151,0.000075801,0.000000010,-0.000026383,-0.000000029,0.000018622,0.000000000,0.000000000,0.000000000,0.000000000,0.000000000,0.000000000,0.000000000,0.116224845,-0.073175177,-0.179801255,0.164276515,0.465485629,0.353949648,0.008697794
2.201000000,0,2.201000000,sample,0.216508083,0.000001909,0.000000000,0.000000000,0.000000000,0.000000000,0.000000000,0,0,2.000000000,0.080000000,0.000000000,0.000000000,0.000775613,0.000000000,0.001393180,0.000000000,0.000000000,0.000000000,0.001019143,0.761044081,3,45.171465925,0,0.000000000,0.193393061,0.025856725,0.197875679,0.026211554,0.220241819,0.040463903,0.394919762,0.022826286,0.344923892,0.000000000,0.344924025,2.000000000,0.000000000,0.000000000,0.000000000,1.000000000,1.205519813,0.593806825,0.645190160,0.000000000,1.226473591,0.610344642,0.648212336,1,0,0,0.000000000,0.077414787,-0.028574051,0.174903832,-0.009117102,-0.019457780,0.014382055,0.861191732,12.117989540,-0.546730028,-130.913236185,-0.110320635,142.885867678,44.737393609,0.000528856,0.000235397,-0.000684963,-0.000055600,-0.000382189,-0.000129086,-0.000261830,0.000000000,0.000000000,0.000000000,0.000000000,0.000000000,0.000000000,0.000000000,0.000527992,0.000001043,-0.000522698,-0.000000066,0.000181926,0.000000200,-0.000128410,0.000000000,0.000000000,0.000000000,0.000000000,0.000000000,0.000000000,0.000000000,0.131494551,-0.077001660,-0.163474362,0.162727643,0.464622719,0.352000405,0.008219584
2.251000000,0,2.251000000,sample,0.216507980,-0.000002055,0.000000000,0.000000000,0.000000000,0.000000000,0.000000000,0,0,2.000000000,0.080000000,0.000000000,0.000000000,0.000483311,0.000000000,0.004366010,0.000000000,0.000000000,0.000000000,0.001857264,0.260227327,7,42.893738589,0,0.000000000,0.197189133,0.025882405,0.198688253,0.026145870,0.484080701,0.047188450,0.402789247,0.027396281,0.355318436,0.000000000,0.355317854,2.000000000,0.000000000,0.000000000,0.000000000,1.000000000,1.251963529,0.576094707,0.651747695,0.000000000,1.313185910,0.623236358,0.651747695,1,0,0,0.000000000,0.077995086,-0.033938854,0.177900182,-0.009211033,-0.019788839,0.013908904,0.861493908,12.118374619,-0.546472512,-130.913140476,-0.110244828,142.885826879,44.737413894,-0.000953685,0.000700501,0.000136996,0.000457632,0.000239034,-0.000533190,-0.001216384,0.000000000,0.000000000,0.000000000,0.000000000,0.000000000,0.000000000,0.000000000,-0.000329009,-0.000000650,0.000325710,0.000000041,-0.000113367,-0.000000125,0.000080019,0.000000000,0.000000000,0.000000000,0.000000000,0.000000000,0.000000000,0.000000000,0.200308901,-0.073354899,-0.099802541,0.173685815,0.462620635,0.353617144,0.008956282
2.301000000,0,2.301000000,sample,0.216507854,-0.000002518,0.000000000,0.000000000,0.000000000,0.000000000,0.000000000,0,0,2.000000000,0.080000000,0.000000000,0.000000000,0.000218495,0.000000000,0.001331796,0.000000000,0.000000000,0.000000000,0.001477081,0.147923695,1,28.804636487,0,0.000000000,0.193077852,0.025308934,0.204098954,0.026297625,0.711544089,0.045886767,0.368591056,0.019221613,0.305502842,0.000000000,0.305502541,2.000000000,0.000000000,0.000000000,0.000000000,1.000000000,1.134510164,0.603815572,0.642015999,0.000000000,1.239912481,0.615829392,0.651884827,1,0,0,0.000000000,0.075635083,-0.035905127,0.173980496,-0.009197330,-0.019228205,0.013646515,0.861702636,12.118053788,-0.546468412,-130.913028816,-0.110279798,142.885955105,44.737392849,-0.000792749,0.000371805,-0.000303198,0.000781649,-0.000048828,0.000338038,-0.000771701,0.000000000,0.000000000,0.000000000,0.000000000,0.000000000,0.000000000,0.000000000,-0.000148739,-0.000000294,0.000147247,0.000000018,-0.000051250,-0.000000056,0.000036174,0.000000000,0.000000000,0.000000000,0.000000000,0.000000000,0.000000000,0.000000000,0.078567259,-0.099616769,-0.177655829,0.163091060,0.463716379,0.350453653,0.008791894
2.351000000,0,2.351000000,sample,0.216508096,0.000004837,0.000000000,0.000000000,0.000000000,0.000000000,0.000000000,0,0,2.000000000,0.080000000,0.000000000,0.000000000,0.000150904,0.000000000,0.001451469,0.000000000,0.000000000,0.000000000,0.001242855,0.121417468,7,78.105119104,0,0.000000000,0.196240856,0.025844435,0.198393615,0.026227392,0.229563640,0.053284117,0.381907679,0.017143534,0.324076255,0.000000000,0.324076126,2.000000000,0.000000000,0.000000000,0.000000000,1.000000000,1.208775743,0.598062387,0.642786805,0.000000000,1.211876235,0.621107443,0.644817839,1,0,0,0.000000000,0.078079849,-0.031528876,0.177256709,-0.009165496,-0.019677898,0.014025293,0.861368616,12.118249717,-0.546597652,-130.913236168,-0.110280552,142.885908477,44.737311248,-0.000369956,-0.000399396,0.000135881,-0.000085637,0.000047563,0.000117321,-0.001098400,0.000000000,0.000000000,0.000000000,0.000000000,0.000000000,0.000000000,0.000000000,-0.000102727,-0.000000203,0.000101697,0.000000013,-0.000035396,-0.000000039,0.000024984,0.000000000,0.000000000,0.000000000,0.000000000,0.000000000,0.000000000,0.000000000,0.122250056,-0.073723476,-0.167599716,0.159697665,0.464515072,0.351195558,0.009437583
2.401000000,0,2.401000000,sample,0.216507984,-0.000002240,0.000000000,0.000000000,0.000000000,0.000000000,0.000000000,0,0,2.000000000,0.080000000,0.000000000,0.000000000,0.000780282,0.000000000,0.001327409,0.000000000,0.000000000,0.000000000,0.001686221,0.462739642,2,68.131172303,0,0.000000000,0.195708540,0.025807222,0.197716150,0.026297132,0.852430521,0.085028102,0.433255682,0.029248934,0.384218587,0.000000000,0.384217535,2.000000000,0.000000000,0.000000000,0.000000000,1.000000000,1.201198838,0.588685425,0.645590389,0.000000000,1.227314576,0.598502891,0.646473726,1,0,0,0.000000000,0.077099723,-0.035181464,0.176407851,-0.009189685,-0.019519392,0.014161771,0.861743843,12.118235034,-0.546584286,-130.913140476,-0.110244831,142.885955135,44.737807843,0.000755369,0.001391834,-0.000201689,-0.000101733,0.000257585,0.000224762,-0.000409464,0.000000000,0.000000000,0.000000000,0.000000000,0.000000000,0.000000000,0.000000000,0.000531169,0.000001049,-0.000525843,-0.000000066,0.000183024,0.000000201,-0.000129186,0.000000000,0.000000000,0.000000000,0.000000000,0.000000000,0.000000000,0.000000000,0.137100446,-0.079979616,-0.155199734,0.164421921,0.465256401,0.352007441,0.009969727
2.451000000,0,2.451000000,sample,0.216507835,-0.000002987,0.000000000,0.000000000,0.000000000,0.000000000,0.000000000,0,0,2.000000000,0.080000000,0.000000000,0.000000000,0.000667954,0.000000000,0.001299533,0.000000000,0.000000000,0.000000000,0.002102087,0.317757554,2,38.744516258,0,0.000000000,0.193483685,0.025726441,0.201256818,0.026097593,1.012749121,0.158341444,0.408879283,0.042325591,0.368003606,0.000000000,0.368001356,2.000000000,0.000000000,0.000000000,0.000000000,1.000000000,1.191995446,0.606967518,0.640472564,0.000000000,1.199707548,0.607507744,0.648296694,1,0,0,0.000000000,0.076199987,-0.032181387,0.174910997,-0.009137462,-0.019400501,0.014211866,0.861470522,12.118140419,-0.546625353,-130.913028366,-0.110320597,142.885867678,44.737604946,-0.001163595,0.001308446,-0.000410262,0.000456355,0.000004526,-0.000315204,0.000936396,0.000000000,0.000000000,0.000000000,0.000000000,0.000000000,0.000000000,0.000000000,-0.000454703,-0.000000898,0.000450144,0.000000057,-0.000156675,-0.000000173,0.000110587,0.000000000,0.000000000,0.000000000,0.000000000,0.000000000,0.000000000,0.000000000,0.108824362,-0.078275510,-0.165110818,0.158985934,0.465864016,0.350153446,0.007776969
2.501000000,0,2.501000000,sample,0.216507971,0.000002720,0.000000000,0.000000000,0.000000000,0.000000000,0.000000000,0,0,2.000000000,0.080000000,0.000000000,0.000000000,0.000381833,0.000000000,0.001530367,0.000000000,0.000000000,0.000000000,0.001650029,0.231410096,1,43.103012559,0,0.000000000,0.190412159,0.025760781,0.196763909,0.026310988,0.860107360,0.046176265,0.371113769,0.017718193,0.314784200,0.000000000,0.314783304,2.000000000,0.000000000,0.000000000,0.000000000,1.000000000,1.227109844,0.593112698,0.645623623,0.000000000,1.296597691,0.626088816,0.646560237,1,0,0,0.000000000,0.075780390,-0.028970293,0.172263882,-0.009143798,-0.019094999,0.014676165,0.861234649,12.117784065,-0.546736138,-130.913140476,-0.110279798,142.885928391,44.737692458,0.001083292,-0.000859347,0.000345514,-0.000085459,-0.000015746,-0.000421062,0.000711600,0.000000000,0.000000000,0.000000000,0.000000000,0.000000000,0.000000000,0.000000000,0.000259930,0.000000514,-0.000257324,-0.000000032,0.000089561,0.000000099,-0.000063215,0.000000000,0.000000000,0.000000000,0.000000000,0.000000000,0.000000000,0.000000000,0.152215041,-0.071477938,-0.144101357,0.164950358,0.465974263,0.351233180,0.008986973
2.551000000,0,2.551000000,sample,0.216508361,0.000007792,0.000000000,0.000000000,0.000000000,0.000000000,0.000000000,0,0,2.000000000,0.080000000,0.000000000,0.000000000,0.001414248,0.000000000,0.001632794,0.000000000,0.000000000,0.000000000,0.009028174,0.156648323,2,94.979619471,0,0.000000000,0.202840324,0.026221284,0.202840324,0.026605150,5.381435659,0.557768322,0.673675014,0.097112159,0.684607789,0.000000000,0.684575838,2.000000000,0.000000000,0.000000000,0.000000000,1.000000000,1.195447581,0.591433351,0.641159043,0.000000000,1.502442406,0.687976650,0.651382004,1,0,0,0.000000000,0.081023952,-0.036447553,0.182348271,-0.009186780,-0.020283366,0.013847161,0.861757686,12.118648505,-0.546459573,-130.913443554,-0.110279798,142.885908486,44.737656127,-0.000500581,0.008798631,0.001255931,-0.000809540,-0.000132316,-0.000118639,0.001255837,0.000000000,0.000000000,0.000000000,0.000000000,0.000000000,0.000000000,0.000000000,-0.000962734,-0.000001901,0.000953079,0.000000120,-0.000331739,-0.000000365,0.000234154,0.000000000,0.000000000,0.000000000,0.000000000,0.000000000,0.000000000,0.000000000,0.134946459,-0.081763926,-0.145790372,0.170918721,0.463563070,0.347429620,0.011087334
2.601000000,0,2.601000000,sample,0.216508221,-0.000002784,0.000000000,0.000000000,0.000000000,0.000000000,0.000000000,0,0,2.000000000,0.080000000,0.000000000,0.000000000,0.000358834,0.000000000,0.002484374,0.000000000,0.000000000,0.000000000,0.001447781,0.247850839,2,67.768354092,0,0.000000000,0.199183428,0.025838185,0.200701082,0.026087152,0.492564169,0.060576787,0.377008684,0.021746462,0.314040903,0.000000000,0.314039750,2.000000000,0.000000000,0.000000000,0.000000000,1.000000000,1.117788890,0.603048299,0.642733985,0.000000000,1.403747888,0.677798296,0.679638666,1,0,0,0.000000000,0.079094477,-0.037285972,0.178963287,-0.009172937,-0.019848387,0.013766284,0.861940783,12.118372092,-0.546550234,-130.913331894,-0.110279715,142.885955105,44.737670042,-0.000139493,-0.001191835,0.000279563,-0.000408456,0.000125096,0.000080270,0.000623743,0.000000000,0.000000000,0.000000000,0.000000000,0.000000000,0.000000000,0.000000000,-0.000244272,-0.000000483,0.000241823,0.000000030,-0.000084170,-0.000000093,0.000059410,0.000000000,0.000000000,0.000000000,0.000000000,0.000000000,0.000000000,0.000000000,0.083245708,-0.107247412,-0.170714248,0.177262621,0.463587020,0.345116912,0.009545752
2.651000000,0,2.651000000,sample,0.216507867,-0.000007078,0.000000000,0.000000000,0.000000000,0.000000000,0.000000000,0,0,2.000000000,0.080000000,0.000000000,0.000000000,0.000362493,0.000000000,0.002295523,0.000000000,0.000000000,0.000000000,0.001309904,0.276732448,7,40.424889843,0,0.000000000,0.188275118,0.026005231,0.200965453,0.026686245,0.562452027,0.105127452,0.357714568,0.028194265,0.299348848,0.000000000,0.299348779,2.000000000,0.000000000,0.000000000,0.000000000,1.000000000,1.148943213,0.574294747,0.635744005,0.000000000,1.332418811,0.673043639,0.653878533,1,0,0,0.000000000,0.074694695,-0.022458439,0.171358808,-0.009069797,-0.018887216,0.015404022,0.860974463,12.117755223,-0.547161438,-130.913071314,-0.110257192,142.886036703,44.737726736,-0.000017238,-0.000431861,-0.000781619,0.000033394,-0.000060423,0.000468747,0.000832845,0.000000000,0.000000000,0.000000000,0.000000000,0.000000000,0.000000000,0.000000000,0.000246764,0.000000488,-0.000244290,-0.000000031,0.000085024,0.000000094,-0.000060013,0.000000000,0.000000000,0.000000000,0.000000000,0.000000000,0.000000000,0.000000000,0.147091315,-0.087207687,-0.144717711,0.149090546,0.464901008,0.339947066,0.007825774
2.701000000,0,2.701000000,sample,0.216507833,-0.000000691,0.000000000,0.000000000,0.000000000,0.000000000,0.000000000,0,0,2.000000000,0.080000000,0.000000000,0.000000000,0.000122535,0.000000000,0.001689006,0.000000000,0.000000000,0.000000000,0.000983273,0.124619883,7,51.386279673,0,0.000000000,0.195722261,0.025556727,0.198211970,0.026128288,0.534629043,0.091958802,0.374772168,0.013114747,0.311112616,0.000000000,0.311112570,2.000000000,0.000000000,0.000000000,0.000000000,1.000000000,1.264483453,0.605725308,0.636324830,0.000000000,1.302383071,0.610413945,0.646211445,1,0,0,0.000000000,0.076570889,-0.034301261,0.176826259,-0.009125155,-0.019534961,0.013720902,0.861869306,12.118361378,-0.546791243,-130.913028816,-0.110279715,142.885955105,44.737318166,0.000316157,-0.000404237,0.000295830,0.000285450,-0.000040504,0.000189761,-0.000704852,0.000000000,0.000000000,0.000000000,0.000000000,0.000000000,0.000000000,0.000000000,0.000083415,0.000000165,-0.000082578,-0.000000010,0.000028742,0.000000032,-0.000020288,0.000000000,0.000000000,0.000000000,0.000000000,0.000000000,0.000000000,0.000000000,0.166945379,-0.051028537,-0.126035100,0.156295985,0.465449222,0.342647707,0.008420609
2.751000000,0,2.751000000,sample,0.216507994,0.000003212,0.000000000,0.000000000,0.000000000,0.000000000,0.000000000,0,0,2.000000000,0.080000000,0.000000000,0.000000000,0.000548904,0.000000000,0.004062164,0.000000000,0.000000000,0.000000000,0.001933659,0.283867954,7,81.639787757,0,0.000000000,0.197528483,0.025593429,0.204161485,0.026081837,0.563451700,0.162746087,0.392685414,0.039924662,0.341629621,0.000000000,0.341629325,2.000000000,0.000000000,0.000000000,0.000000000,1.000000000,1.099503450,0.600713683,0.635193803,0.000000000,1.259842793,0.640800244,0.639900218,1,0,0,0.000000000,0.077306017,-0.041624970,0.176942486,-0.009251327,-0.019576336,0.013645644,0.862301857,12.118292523,-0.546459573,-130.913140476,-0.110183791,142.885955863,44.737922900,-0.000720672,-0.000121484,-0.000318408,-0.000196869,0.000070514,-0.000085178,0.001747152,0.000000000,0.000000000,0.000000000,0.000000000,0.000000000,0.000000000,0.000000000,-0.000373661,-0.000000738,0.000369914,0.000000046,-0.000128753,-0.000000142,0.000090879,0.000000000,0.000000000,0.000000000,0.000000000,0.000000000,0.000000000,0.000000000,0.073830770,-0.103526997,-0.175971359,0.151965156,0.464842383,0.342165421,0.009348875
2.801000000,0,2.801000000,sample,0.216507805,-0.000003767,0.000000000,0.000000000,0.000000000,0.000000000,0.000000000,0,0,2.000000000,0.080000000,0.000000000,0.000000000,0.000252383,0.000000000,0.002437784,0.000000000,0.000000000,0.000000000,0.001488931,0.169506169,3,49.640060611,0,0.000000000,0.187280389,0.025773623,0.200568169,0.026402802,0.927822963,0.122055986,0.357335705,0.032703366,0.305932708,0.000000000,0.305932161,2.000000000,0.000000000,0.000000000,0.000000000,1.000000000,1.269478405,0.586152601,0.629496660,0.000000000,1.273197612,0.599349675,0.640879257,1,0,0,0.000000000,0.074211562,-0.024123881,0.170248720,-0.009073419,-0.018790209,0.015128805,0.861254869,12.117659736,-0.547262196,-130.913028815,-0.110218762,142.885995904,44.737602670,-0.000518358,0.000167417,-0.001049037,0.000714897,-0.000045588,-0.000057394,0.000550694,0.000000000,0.000000000,0.000000000,0.000000000,0.000000000,0.000000000,0.000000000,0.000171808,0.000000340,-0.000170085,-0.000000021,0.000059197,0.000000065,-0.000041783,0.000000000,0.000000000,0.000000000,0.000000000,0.000000000,0.000000000,0.000000000,0.186423895,-0.039412942,-0.120597759,0.128986376,0.462368894,0.338994719,0.008664756
2.851000000,0,2.851000000,sample,0.216507954,0.000002968,0.000000000,0.000000000,0.000000000,0.000000000,0.000000000,0,0,2.000000000,0.080000000,0.000000000,0.000000000,0.002637669,0.000000000,0.003827179,0.000000000,0.000000000,0.000000000,0.003599320,0.732824394,1,92.075416128,0,0.000000000,0.202776375,0.026398407,0.204996365,0.026529752,1.538977255,0.146738060,0.424794993,0.019634740,0.362691110,0.000000000,0.362687335,2.000000000,0.000000000,0.000000000,0.000000000,1.000000000,1.210816004,0.604194282,0.635903011,0.000000000,1.295854335,0.610157020,0.674253588,1,0,0,0.000000000,0.079494922,-0.032622210,0.183669832,-0.009061149,-0.020302364,0.014233254,0.861954344,12.119019232,-0.547041495,-130.913140409,-0.110279798,142.885955106,44.737670659,0.003453761,0.000527849,-0.000546571,0.000497698,-0.000058735,0.000161021,0.000414961,0.000000000,0.000000000,0.000000000,0.000000000,0.000000000,0.000000000,0.000000000,0.001795560,0.000003550,-0.001777552,-0.000000223,0.000618734,0.000000681,-0.000436726,0.000000000,0.000000000,0.000000000,0.000000000,0.000000000,0.000000000,0.000000000,0.129880996,-0.068347822,-0.151396481,0.157714127,0.465621480,0.343731529,0.009098070
2.901000000,0,2.901000000,sample,0.216508008,0.000001079,0.000000000,0.000000000,0.000000000,0.000000000,0.000000000,0,0,2.000000000,0.080000000,0.000000000,0.000000000,0.000917951,0.000000000,0.001389153,0.000000000,0.000000000,0.000000000,0.001300830,0.705666067,3,43.029711925,0,0.000000000,0.192476844,0.024934058,0.206568756,0.026588005,0.366143178,0.030523112,0.391919052,0.022763747,0.340654965,0.000000000,0.340654870,2.000000000,0.000000000,0.000000000,0.000000000,1.000000000,1.172533901,0.611807562,0.627934047,0.000000000,1.210897404,0.629354048,0.641337672,1,0,0,0.000000000,0.075323598,-0.041229617,0.172260877,-0.009193941,-0.018959571,0.013330918,0.862210728,12.117809855,-0.546402739,-130.913140326,-0.110313816,142.886090616,44.737676957,-0.000362105,-0.000527655,0.000853306,-0.000596359,-0.000226453,-0.000285517,0.000256986,0.000000000,0.000000000,0.000000000,0.000000000,0.000000000,0.000000000,0.000000000,-0.000624888,-0.000001234,0.000618623,0.000000078,-0.000215310,-0.000000237,0.000151974,0.000000000,0.000000000,0.000000000,0.000000000,0.000000000,0.000000000,0.000000000,0.091931541,-0.077947115,-0.155114984,0.150892038,0.463595687,0.343429702,0.008945391
2.951000000,0,2.951000000,sample,0.216507947,-0.000001207,0.000000000,0.000000000,0.000000000,0.000000000,0.000000000,0,0,2.000000000,0.080000000,0.000000000,0.000000000,0.000213555,0.000000000,0.001317788,0.000000000,0.000000000,0.000000000,0.001603947,0.133143410,7,71.219806012,0,0.000000000,0.196102570,0.026226706,0.198392579,0.026639487,0.454620418,0.107471183,0.405420079,0.021787704,0.351584745,0.000000000,0.351584746,2.000000000,0.000000000,0.000000000,0.000000000,1.000000000,1.222924763,0.591185911,0.640165337,0.000000000,1.244801247,0.625526342,0.640165337,1,0,0,0.000000000,0.077658343,-0.025652840,0.178233923,-0.009075901,-0.019717056,0.014720931,0.861295554,12.118433252,-0.547137142,-130.913140324,-0.110238046,142.885955105,44.737372724,-0.000017961,0.000319493,0.000721687,-0.000105985,0.000257611,0.000198960,-0.001353600,0.000000000,0.000000000,0.000000000,0.000000000,0.000000000,0.000000000,0.000000000,-0.000145375,-0.000000287,0.000143917,0.000000018,-0.000050093,-0.000000055,0.000035357,0.000000000,0.000000000,0.000000000,0.000000000,0.000000000,0.000000000,0.000000000,0.155875146,-0.066682716,-0.145149747,0.156811107,0.464538318,0.345765304,0.007768336
3.001000000,0,3.001000000,sample,0.216507976,0.000000570,0.000000000,0.000000000,0.000000000,0.000000000,0.000000000,0,0,2.000000000,0.080000000,0.000000000,0.000000000,0.000649533,0.000000000,0.001542080,0.000000000,0.000000000,0.000000000,0.001123017,0.578382025,1,85.361898643,0,0.000000000,0.199525963,0.025674102,0.200963708,0.026571212,0.653050328,0.069988711,0.407713720,0.020993386,0.350938757,0.000000000,0.350938195,2.000000000,0.000000000,0.000000000,0.000000000,1.000000000,1.155854014,0.576604273,0.639535959,0.000000000,1.227258749,0.589053030,0.645544197,1,0,0,0.000000000,0.077997905,-0.039970630,0.179246438,-0.009131798,-0.019808054,0.013542924,0.862426942,12.118544939,-0.546738416,-130.913140476,-0.110279798,142.885976019,44.737749363,0.001037572,0.000147287,0.000166733,0.000195822,0.000151589,-0.000243597,-0.000120219,0.000000000,0.000000000,0.000000000,0.000000000,0.000000000,0.000000000,0.000000000,0.000442162,0.000000874,-0.000437728,-0.000000055,0.000152359,0.000000168,-0.000107541,0.000000000,0.000000000,0.000000000,0.000000000,0.000000000,0.000000000,0.000000000,0.147886781,-0.090093424,-0.139884916,0.156420582,0.465200051,0.344259584,0.007614533
3.051000000,0,3.051000000,sample,0.216507826,-0.000002987,0.000000000,0.000000000,0.000000000,0.000000000,0.000000000,0,0,2.000000000,0.080000000,0.000000000,0.000000000,0.000219658,0.000000000,0.004276259,0.000000000,0.000000000,0.000000000,0.001697062,0.129434389,1,38.607194671,0,0.000000000,0.192340188,0.025307071,0.200744327,0.025869030,1.116939298,0.075499861,0.389569486,0.029754394,0.345932433,0.000000000,0.345931340,2.000000000,0.000000000,0.000000000,0.000000000,1.000000000,1.217584067,0.633664003,0.631774367,0.000000000,1.228539132,0.633664003,0.639117267,1,0,0,0.000000000,0.075629032,-0.035310065,0.173286459,-0.009069880,-0.019209151,0.013754766,0.862019818,12.117966952,-0.546823668,-130.913031192,-0.110368486,142.885887925,44.737541565,-0.001054464,0.000344545,-0.000884362,0.000066427,-0.000714459,-0.000420369,-0.000419216,0.000000000,0.000000000,0.000000000,0.000000000,0.000000000,0.000000000,0.000000000,-0.000149530,-0.000000296,0.000148031,0.000000019,-0.000051522,-0.000000057,0.000036366,0.000000000,0.000000000,0.000000000,0.000000000,0.000000000,0.000000000,0.000000000,0.097904352,-0.066622999,-0.152107579,0.161025042,0.465027275,0.346095482,0.004090863
3.101000000,0,3.101000000,sample,0.216508031,0.000004093,0.000000000,0.000000000,0.000000000,0.000000000,0.000000000,0,0,2.000000000,0.080000000,0.000000000,0.000000000,0.000586133,0.000000000,0.001915313,0.000000000,0.000000000,0.000000000,0.001556134,0.376659851,7,39.275143243,0,0.000000000,0.197300065,0.026218346,0.200074054,0.026617875,0.581493590,0.109000606,0.413719540,0.025042931,0.366764613,0.000000000,0.366764920,2.000000000,0.000000000,0.000000000,0.000000000,1.000000000,1.190957993,0.585533312,0.641540219,0.000000000,1.233207086,0.644824733,0.642149318,1,0,0,0.000000000,0.078261157,-0.029614869,0.178676990,-0.009130609,-0.019802857,0.014556115,0.861520097,12.118433279,-0.546945786,-130.913199757,-0.110211977,142.885928715,44.737598515,-0.000162138,-0.000186167,0.000937695,-0.000693122,-0.000021525,-0.000222226,-0.000975227,0.000000000,0.000000000,0.000000000,0.000000000,0.000000000,0.000000000,0.000000000,-0.000399004,-0.000000789,0.000395003,0.000000050,-0.000137487,-0.000000151,0.000097043,0.000000000,0.000000000,0.000000000,0.000000000,0.000000000,0.000000000,0.000000000,0.146832916,-0.076660071,-0.154767046,0.155566612,0.465596230,0.345170201,0.007813727
3.151000000,0,3.151000000,sample,0.216508208,0.000003535,0.000000000,0.000000000,0.000000000,0.000000000,0.000000000,0,0,2.000000000,0.080000000,0.000000000,0.000000000,0.001163005,0.000000000,0.004090294,0.000000000,0.000000000,0.000000000,0.002144721,0.542264249,3,48.815426840,0,0.000000000,0.195724565,0.025137615,0.199326585,0.026310465,0.650845243,0.094775386,0.398719999,0.018176523,0.340187775,0.000000000,0.340187717,2.000000000,0.000000000,0.000000000,0.000000000,1.000000000,1.204055257,0.575545563,0.642111371,0.000000000,1.235327676,0.584535449,0.648630567,1,0,0,0.000000000,0.077540222,-0.039849462,0.175235954,-0.009162246,-0.019376021,0.013134790,0.862306936,12.117992525,-0.546638130,-130.913319751,-0.110278790,142.886036703,44.737318335,-0.000430581,-0.000771646,0.001498474,-0.000935550,0.000143937,0.000509662,-0.000646403,0.000000000,0.000000000,0.000000000,0.000000000,0.000000000,0.000000000,0.000000000,-0.000791706,-0.000001564,0.000783767,0.000000098,-0.000272792,-0.000000300,0.000192547,0.000000000,0.000000000,0.000000000,0.000000000,0.000000000,0.000000000,0.000000000,0.171175087,-0.078024749,-0.119374817,0.160834563,0.465985003,0.345702698,0.012155572
3.201000000,0,3.201000000,sample,0.216507970,-0.000004753,0.000000000,0.000000000,0.000000000,0.000000000,0.000000000,0,0,2.000000000,0.080000000,0.000000000,0.000000000,0.000884419,0.000000000,0.002744630,0.000000000,0.000000000,0.000000000,0.001641752,0.538704371,2,57.192055635,0,0.000000000,0.199810789,0.025802552,0.200383713,0.025903151,0.647099306,0.066235098,0.430360493,0.025353589,0.375202260,0.000000000,0.375201131,2.000000000,0.000000000,0.000000000,0.000000000,1.000000000,1.188247415,0.609495201,0.634679873,0.000000000,1.227671035,0.642031331,0.642145096,1,0,0,0.000000000,0.078130791,-0.037354450,0.180068254,-0.009225743,-0.019864479,0.013640375,0.862306424,12.118640480,-0.546914654,-130.913140470,-0.110061720,142.886016141,44.737379887,0.000814337,0.001241582,-0.000321048,0.000110032,0.000142832,0.000361362,-0.000473832,0.000000000,0.000000000,0.000000000,0.000000000,0.000000000,0.000000000,0.000000000,0.000602058,0.000001190,-0.000596021,-0.000000075,0.000207458,0.000000228,-0.000146432,0.000000000,0.000000000,0.000000000,0.000000000,0.000000000,0.000000000,0.000000000,0.103752479,-0.075462600,-0.157066788,0.155799956,0.467185843,0.344989450,0.011637281
3.251000000,0,3.251000000,sample,0.216507703,-0.000005341,0.000000000,0.000000000,0.000000000,0.000000000,0.000000000,0,0,2.000000000,0.080000000,0.000000000,0.000000000,0.000835830,0.000000000,0.001468261,0.000000000,0.000000000,0.000000000,0.001422926,0.587402523,1,45.384235799,0,0.000000000,0.190049907,0.025519070,0.200733720,0.026436272,0.666639886,0.078814091,0.349659259,0.016976009,0.283948028,0.000000000,0.283947792,2.000000000,0.000000000,0.000000000,0.000000000,1.000000000,1.193933394,0.581938203,0.639022137,0.000000000,1.194180044,0.608280158,0.641094522,1,0,0,0.000000000,0.073826544,-0.028938800,0.172716977,-0.009094304,-0.018874257,0.014569797,0.861533659,12.118034473,-0.547027929,-130.912919532,-0.110259561,142.886178042,44.737584882,-0.000958594,-0.000770088,0.000312743,0.000109522,-0.000145531,0.000488979,-0.000377751,0.000000000,0.000000000,0.000000000,0.000000000,0.000000000,0.000000000,0.000000000,-0.000568983,-0.000001125,0.000563279,0.000000071,-0.000196052,-0.000000216,0.000138381,0.000000000,0.000000000,0.000000000,0.000000000,0.000000000,0.000000000,0.000000000,0.153498586,-0.074142620,-0.142592795,0.150259351,0.467040540,0.343725545,0.010278801
3.301000000,0,3.301000000,sample,0.216508084,0.000007616,0.000000000,0.000000000,0.000000000,0.000000000,0.000000000,0,0,2.000000000,0.080000000,0.000000000,0.000000000,0.000135085,0.000000000,0.001489602,0.000000000,0.000000000,0.000000000,0.001301526,0.103789630,7,37.351864342,0,0.000000000,0.200642281,0.025590936,0.200642281,0.026095018,0.769614307,0.116131004,0.438833967,0.031904698,0.397827843,0.000000000,0.397828092,2.000000000,0.000000000,0.000000000,0.000000000,1.000000000,1.234045193,0.617621275,0.638736304,0.000000000,1.254746269,0.617621275,0.643551981,1,0,0,0.000000000,0.079161563,-0.039851782,0.180007242,-0.009109900,-0.020008401,0.013098458,0.862405037,12.118539903,-0.546724664,-130.913236185,-0.110320513,142.885867678,44.737328407,0.000118120,0.000760012,0.000052608,-0.000457087,-0.000181218,-0.000474483,-0.000795443,0.000000000,0.000000000,0.000000000,0.000000000,0.000000000,0.000000000,0.000000000,0.000091958,0.000000182,-0.000091035,-0.000000011,0.000031686,0.000000035,-0.000022366,0.000000000,0.000000000,0.000000000,0.000000000,0.000000000,0.000000000,0.000000000,0.120891751,-0.060797268,-0.161133328,0.158256474,0.467739433,0.346123119,0.009082494
3.352000000,0,3.352000000,sample,0.216507848,-0.000004621,0.000000000,0.000000000,0.000000000,0.000000000,0.000000000,0,0,2.000000000,0.080000000,0.000000000,0.000000000,0.000797157,0.000000000,0.001130800,0.000000000,0.000000000,0.000000000,0.001822947,0.437290411,7,36.166394138,0,0.000000000,0.195354382,0.025319095,0.202157192,0.026213406,0.881816807,0.118448698,0.378545322,0.015633579,0.312518120,0.000000000,0.312517538,2.000000000,0.000000000,0.000000000,0.000000000,1.000000000,1.179397481,0.601856783,0.635807975,0.000000000,1.237538494,0.616930175,0.639535724,1,0,0,0.000000000,0.075837605,-0.036343885,0.176326725,-0.009169691,-0.019329146,0.013540955,0.862114020,12.118337570,-0.546823696,-130.913028766,-0.110197247,142.886137243,44.737285912,0.000959789,-0.000078681,0.000325664,0.000667152,0.000775317,0.000204026,-0.001096293,0.000000000,0.000000000,0.000000000,0.000000000,0.000000000,0.000000000,0.000000000,0.000542657,0.000001072,-0.000537215,-0.000000067,0.000186985,0.000000206,-0.000131981,0.000000000,0.000000000,0.000000000,0.000000000,0.000000000,0.000000000,0.000000000,0.115169345,-0.079707670,-0.150301728,0.154377538,0.467208605,0.346170904,0.009658200
3.401000000,0,3.401000000,sample,0.216507947,0.000002007,0.000000000,0.000000000,0.000000000,0.000000000,0.000000000,0,0,2.000000000,0.080000000,0.000000000,0.000000000,0.000688073,0.000000000,0.001572068,0.000000000,0.000000000,0.000000000,0.002021820,0.340323522,2,78.469231261,0,0.000000000,0.196030636,0.025989318,0.199661492,0.026293966,1.178681249,0.137321705,0.450244629,0.036686858,0.412741849,0.000000000,0.412740788,2.000000000,0.000000000,0.000000000,0.000000000,1.000000000,1.262073307,0.610483874,0.637993690,0.000000000,1.262073307,0.610483874,0.642884196,1,0,0,0.000000000,0.077545689,-0.031488263,0.177265805,-0.009023360,-0.019659175,0.014406265,0.861837239,12.118319440,-0.547041495,-130.913140026,-0.110359136,142.885897660,44.737789820,0.000553855,0.001790986,-0.000503704,-0.000261771,-0.000333132,-0.000241511,-0.000286048,0.000000000,0.000000000,0.000000000,0.000000000,0.000000000,0.000000000,0.000000000,0.000468399,0.000000926,-0.000463702,-0.000000058,0.000161397,0.000000178,-0.000113920,0.000000000,0.000000000,0.000000000,0.000000000,0.000000000,0.000000000,0.000000000,0.150408187,-0.051657729,-0.141316300,0.154578972,0.466934552,0.346086178,0.008736717
3.451000000,0,3.451000000,sample,0.216508205,0.000005164,0.000000000,0.000000000,0.000000000,0.000000000,0.000000000,0,0,2.000000000,0.080000000,0.000000000,0.000000000,0.000672845,0.000000000,0.001043395,0.000000000,0.000000000,0.000000000,0.001185750,0.567442502,7,35.493571528,0,0.000000000,0.199535706,0.025932688,0.202259371,0.026211251,0.322854542,0.056052250,0.395137858,0.027182845,0.340725539,0.000000000,0.340725185,2.000000000,0.000000000,0.000000000,0.000000000,1.000000000,1.171896394,0.602245693,0.641258726,0.000000000,1.256799236,0.609578840,0.644528226,1,0,0,0.000000000,0.079150937,-0.036596658,0.179472315,-0.009075308,-0.019873537,0.013970886,0.862170495,12.118433279,-0.546834107,-130.913331877,-0.110341050,142.885989428,44.737875907,-0.000606577,-0.000493233,0.000102663,-0.000429543,-0.000311790,-0.000059058,0.000706428,0.000000000,0.000000000,0.000000000,0.000000000,0.000000000,0.000000000,0.000000000,-0.000458032,-0.000000905,0.000453439,0.000000057,-0.000157826,-0.000000174,0.000111400,0.000000000,0.000000000,0.000000000,0.000000000,0.000000000,0.000000000,0.000000000,0.115882559,-0.086323435,-0.150755477,0.162144540,0.469102199,0.348086015,0.009666293
3.501000000,0,3.501000000,sample,0.216508063,-0.000002839,0.000000000,0.000000000,0.000000000,0.000000000,0.000000000,0,0,2.000000000,0.080000000,0.000000000,0.000000000,0.000665800,0.000000000,0.001308971,0.000000000,0.000000000,0.000000000,0.001874268,0.355232200,3,77.735441766,0,0.000000000,0.195708191,0.025912423,0.200436032,0.025970740,1.249008973,0.142548351,0.393079647,0.037350715,0.347978467,0.000000000,0.347977828,2.000000000,0.000000000,0.000000000,0.000000000,1.000000000,1.202912530,0.614589668,0.640124086,0.000000000,1.217328767,0.621906222,0.642346794,1,0,0,0.000000000,0.077836254,-0.029748586,0.177082566,-0.009028274,-0.019612909,0.014327517,0.861745741,12.118241861,-0.547137185,-130.913234836,-0.110320597,142.885961878,44.737495239,-0.000592722,-0.000249874,-0.001652499,-0.000534128,-0.000007464,0.000132694,0.000255763,0.000000000,0.000000000,0.000000000,0.000000000,0.000000000,0.000000000,0.000000000,0.000453237,0.000000896,-0.000448692,-0.000000056,0.000156172,0.000000172,-0.000110232,0.000000000,0.000000000,0.000000000,0.000000000,0.000000000,0.000000000,0.000000000,0.112127779,-0.073769177,-0.157237016,0.160903418,0.469255885,0.347624785,0.009319330
3.551000000,0,3.551000000,sample,0.216507958,-0.000002085,0.000000000,0.000000000,0.000000000,0.000000000,0.000000000,0,0,2.000000000,0.080000000,0.000000000,0.000000000,0.000063570,0.000000000,0.001640178,0.000000000,0.000000000,0.000000000,0.000573429,0.110859843,7,86.294967297,0,0.000000000,0.197232207,0.026088424,0.199003442,0.026475230,0.100354967,0.022628912,0.392463394,0.024101191,0.334650669,0.000000000,0.334650661,2.000000000,0.000000000,0.000000000,0.000000000,1.000000000,1.186261075,0.582686600,0.647954882,0.000000000,1.223956848,0.611550493,0.647954882,1,0,0,0.000000000,0.077791726,-0.032640769,0.178279475,-0.009104579,-0.019742799,0.014419930,0.861836905,12.118433279,-0.546932220,-130.913140476,-0.110259561,142.885928719,44.737830539,0.000087452,0.000066684,0.000044842,0.000173621,-0.000020284,-0.000020097,0.000532687,0.000000000,0.000000000,0.000000000,0.000000000,0.000000000,0.000000000,0.000000000,-0.000043275,-0.000000086,0.000042841,0.000000005,-0.000014911,-0.000000016,0.000010525,0.000000000,0.000000000,0.000000000,0.000000000,0.000000000,0.000000000,0.000000000,0.150349233,-0.082638382,-0.152064879,0.161436236,0.469325787,0.347635100,0.010454341
3.601000000,0,3.601000000,sample,0.216508110,0.000003023,0.000000000,0.000000000,0.000000000,0.000000000,0.000000000,0,0,2.000000000,0.080000000,0.000000000,0.000000000,0.000955708,0.000000000,0.001352682,0.000000000,0.000000000,0.000000000,0.001411038,0.677308481,3,63.115920901,0,0.000000000,0.197820187,0.025505264,0.201958878,0.026221411,0.457108146,0.071312476,0.396139664,0.019521360,0.340870371,0.000000000,0.340870346,2.000000000,0.000000000,0.000000000,0.000000000,1.000000000,1.193597006,0.606953194,0.642882648,0.000000000,1.213466229,0.607895210,0.648125774,1,0,0,0.000000000,0.077714026,-0.038512338,0.177792453,-0.009144925,-0.019582567,0.013542966,0.862170551,12.118337570,-0.546642707,-130.913236185,-0.110297702,142.886090616,44.737601085,-0.000365200,-0.000523844,0.001121007,-0.000318927,-0.000092315,-0.000183858,-0.000427256,0.000000000,0.000000000,0.000000000,0.000000000,0.000000000,0.000000000,0.000000000,-0.000650588,-0.000001285,0.000644065,0.000000081,-0.000224175,-0.000000247,0.000158231,0.000000000,0.000000000,0.000000000,0.000000000,0.000000000,0.000000000,0.000000000,0.125491104,-0.077535730,-0.155459426,0.161885504,0.470011162,0.346682999,0.008009253
3.651000000,0,3.651000000,sample,0.216507965,-0.000002895,0.000000000,0.000000000,0.000000000,0.000000000,0.000000000,0,0,2.000000000,0.080000000,0.000000000,0.000000000,0.000351978,0.000000000,0.004542497,0.000000000,0.000000000,0.000000000,0.001620055,0.217262782,7,51.542465470,0,0.000000000,0.193469803,0.025790447,0.199696871,0.025922566,0.370469891,0.057110029,0.370381365,0.017265420,0.316279387,0.000000000,0.316278736,2.000000000,0.000000000,0.000000000,0.000000000,1.000000000,1.233427973,0.613403049,0.637189842,0.000000000,1.233427973,0.650273723,0.655618860,1,0,0,0.000000000,0.076616012,-0.032980153,0.174564776,-0.009207490,-0.019357950,0.014340120,0.861743263,12.118029773,-0.546822189,-130.913140010,-0.110137462,142.885910754,44.737667104,-0.000511457,-0.000886783,0.000296662,-0.000236711,0.000020471,-0.000281733,-0.001163087,0.000000000,0.000000000,0.000000000,0.000000000,0.000000000,0.000000000,0.000000000,-0.000239606,-0.000000474,0.000237203,0.000000030,-0.000082559,-0.000000091,0.000058273,0.000000000,0.000000000,0.000000000,0.000000000,0.000000000,0.000000000,0.000000000,0.132913004,-0.062566735,-0.141917321,0.158595434,0.468153536,0.346246348,0.009117418
3.701000000,0,3.701000000,sample,0.216507830,-0.000002707,0.000000000,0.000000000,0.000000000,0.000000000,0.000000000,0,0,2.000000000,0.080000000,0.000000000,0.000000000,0.000488071,0.000000000,0.001949520,0.000000000,0.000000000,0.000000000,0.001676963,0.291044805,2,65.190708471,0,0.000000000,0.193580029,0.025548755,0.201506617,0.026526150,1.205590747,0.128910718,0.327431736,0.019622508,0.255650025,0.000000000,0.255650495,2.000000000,0.000000000,0.000000000,0.000000000,1.000000000,1.181595895,0.587899437,0.646189693,0.000000000,1.261831002,0.620067825,0.647032994,1,0,0,0.000000000,0.075861311,-0.034708220,0.174681506,-0.009099767,-0.019302197,0.014048428,0.861960317,12.118130201,-0.546834125,-130.913028816,-0.110311211,142.885955220,44.737719960,-0.000539205,-0.001353992,0.000112851,0.000779353,0.000000388,0.000007852,0.000260726,0.000000000,0.000000000,0.000000000,0.000000000,0.000000000,0.000000000,0.000000000,-0.000332250,-0.000000657,0.000328919,0.000000041,-0.000114482,-0.000000126,0.000080806,0.000000000,0.000000000,0.000000000,0.000000000,0.000000000,0.000000000,0.000000000,0.145132478,-0.084515893,-0.147366201,0.164435067,0.469403181,0.346638678,0.010066741
3.751000000,0,3.751000000,sample,0.216507836,0.000000136,0.000000000,0.000000000,0.000000000,0.000000000,0.000000000,0,0,2.000000000,0.080000000,0.000000000,0.000000000,0.000562164,0.000000000,0.001367152,0.000000000,0.000000000,0.000000000,0.001825715,0.307914317,3,48.747181612,0,0.000000000,0.196256570,0.025462267,0.200069167,0.026146970,1.199902816,0.108849276,0.384496018,0.011983176,0.315106252,0.000000000,0.315105062,2.000000000,0.000000000,0.000000000,0.000000000,1.000000000,1.207695816,0.612953096,0.639545839,0.000000000,1.210877723,0.613831126,0.647532051,1,0,0,0.000000000,0.076517388,-0.038365545,0.176606385,-0.009124158,-0.019510227,0.013580421,0.862252699,12.118337570,-0.546736909,-130.913028816,-0.110299597,142.885955188,44.737630088,0.000736343,-0.000131204,0.001274699,0.000664999,-0.000372353,0.000264076,0.000705943,0.000000000,0.000000000,0.000000000,0.000000000,0.000000000,0.000000000,0.000000000,-0.000382687,-0.000000756,0.000378850,0.000000048,-0.000131863,-0.000000145,0.000093074,0.000000000,0.000000000,0.000000000,0.000000000,0.000000000,0.000000000,0.000000000,0.120775568,-0.071568683,-0.153049560,0.161715188,0.469269539,0.345589063,0.009401863
3.801000000,0,3.801000000,sample,0.216507953,0.000002328,0.000000000,0.000000000,0.000000000,0.000000000,0.000000000,0,0,2.000000000,0.080000000,0.000000000,0.000000000,0.000026825,0.000000000,0.001249523,0.000000000,0.000000000,0.000000000,0.000958492,0.027987149,4,52.388664150,0,0.000000000,0.195169869,0.025766720,0.200674962,0.026266668,0.651091317,0.072886868,0.362156250,0.015818638,0.293417422,0.000000000,0.293417819,2.000000000,0.000000000,0.000000000,0.000000000,1.000000000,1.182103217,0.601949318,0.642899197,0.000000000,1.387014581,0.675686510,0.659220322,1,0,0,0.000000000,0.076984340,-0.033543319,0.176180404,-0.009082352,-0.019493164,0.014193354,0.861951282,12.118215196,-0.546945730,-130.913135079,-0.110298013,142.885955105,44.737735959,0.000198706,-0.000341081,0.000062871,0.000693757,-0.000208625,0.000231653,0.000424792,0.000000000,0.000000000,0.000000000,0.000000000,0.000000000,0.000000000,0.000000000,-0.000018261,-0.000000036,0.000018078,0.000000002,-0.000006292,-0.000000007,0.000004441,0.000000000,0.000000000,0.000000000,0.000000000,0.000000000,0.000000000,0.000000000,0.125318282,-0.081534289,-0.156041630,0.161049817,0.469389084,0.346829901,0.007983720
3.851000000,0,3.851000000,sample,0.216507838,-0.000002299,0.000000000,0.000000000,0.000000000,0.000000000,0.000000000,0,0,2.000000000,0.080000000,0.000000000,0.000000000,0.000061286,0.000000000,0.001234450,0.000000000,0.000000000,0.000000000,0.001053508,0.058172895,2,46.906425235,0,0.000000000,0.194809003,0.025661611,0.199220142,0.026262392,0.381422608,0.039563530,0.406323761,0.025499790,0.354517206,0.000000000,0.354516865,2.000000000,0.000000000,0.000000000,0.000000000,1.000000000,1.129534807,0.577941832,0.653878835,0.000000000,1.218231905,0.610604967,0.673886718,1,0,0,0.000000000,0.076004397,-0.032524500,0.176397382,-0.009097590,-0.019375135,0.014154727,0.861838265,12.118336058,-0.546945786,-130.913031193,-0.110272979,142.886090699,44.737564908,-0.000197227,0.000721529,-0.000044250,0.000071252,0.000203096,0.000041978,-0.000707341,0.000000000,0.000000000,0.000000000,0.000000000,0.000000000,0.000000000,0.000000000,0.000041720,0.000000082,-0.000041301,-0.000000005,0.000014375,0.000000016,-0.000010147,0.000000000,0.000000000,0.000000000,0.000000000,0.000000000,0.000000000,0.000000000,0.143978209,-0.111120701,-0.142253097,0.181163371,0.468268190,0.349417873,0.007479161
3.901000000,0,3.901000000,sample,0.216507821,-0.000000329,0.000000000,0.000000000,0.000000000,0.000000000,0.000000000,0,0,2.000000000,0.080000000,0.000000000,0.000000000,0.000026983,0.000000000,0.001526891,0.000000000,0.000000000,0.000000000,0.001869193,0.014435870,2,72.380241092,0,0.000000000,0.198286299,0.025883326,0.200142322,0.026161463,0.633573418,0.039909451,0.415970963,0.026335969,0.360310945,0.000000000,0.360308598,2.000000000,0.000000000,0.000000000,0.000000000,1.000000000,1.307894035,0.637614859,0.631956582,0.000000000,1.423720698,0.685395807,0.652079846,1,0,0,0.000000000,0.077425200,-0.033674760,0.179412389,-0.009017541,-0.019812400,0.014003547,0.861977459,12.118640647,-0.546945786,-130.913028815,-0.110396366,142.885955105,44.737651030,-0.000213337,0.001590245,-0.000344011,0.000779899,-0.000365818,0.000194833,-0.000145333,0.000000000,0.000000000,0.000000000,0.000000000,0.000000000,0.000000000,0.000000000,0.000018369,0.000000036,-0.000018184,-0.000000002,0.000006329,0.000000007,-0.000004468,0.000000000,0.000000000,0.000000000,0.000000000,0.000000000,0.000000000,0.000000000,0.130697400,-0.026401309,-0.152903289,0.138306418,0.469609996,0.344184337,0.009262548
3.951000000,0,3.951000000,sample,0.216507958,0.000002725,0.000000000,0.000000000,0.000000000,0.000000000,0.000000000,0,0,2.000000000,0.080000000,0.000000000,0.000000000,0.000271335,0.000000000,0.001549525,0.000000000,0.000000000,0.000000000,0.003116772,0.087056423,2,91.173358773,0,0.000000000,0.197408949,0.025857093,0.199361181,0.026183957,1.411985153,0.160524958,0.464176125,0.039395450,0.425362234,0.000000000,0.425355837,2.000000000,0.000000000,0.000000000,0.000000000,1.000000000,1.036070330,0.550860663,0.669998868,0.000000000,1.334263279,0.644662487,0.669998868,1,0,0,0.000000000,0.077795784,-0.033686326,0.178278828,-0.009102608,-0.019743524,0.013997323,0.861963834,12.118433279,-0.546945785,-130.913140476,-0.110259279,142.885928968,44.737521366,0.000295108,0.002976042,0.000021895,0.000610313,-0.000051092,-0.000277872,-0.000563534,0.000000000,0.000000000,0.000000000,0.000000000,0.000000000,0.000000000,0.000000000,0.000184708,0.000000365,-0.000182856,-0.000000023,0.000063646,0.000000070,-0.000044924,0.000000000,0.000000000,0.000000000,0.000000000,0.000000000,0.000000000,0.000000000,0.143660444,-0.152243100,-0.149224739,0.195689839,0.469474226,0.352179575,0.009119287
4.001000000,0,4.001000000,sample,0.216507968,0.000000215,0.000000000,0.000000000,0.000000000,0.000000000,0.000000000,0,0,2.000000000,0.080000000,0.000000000,0.000000000,0.000375687,0.000000000,0.001388675,0.000000000,0.000000000,0.000000000,0.001944944,0.193160848,1,66.751577883,0,0.000000000,0.196101126,0.025502665,0.199434946,0.026147795,1.410460585,0.137434773,0.390920152,0.014790239,0.326435915,0.000000000,0.326433904,2.000000000,0.000000000,0.000000000,0.000000000,1.000000000,1.240142696,0.610249113,0.640033649,0.000000000,1.258184326,0.614567135,0.680357280,1,0,0,0.000000000,0.077220377,-0.037602474,0.176291573,-0.009087489,-0.019545951,0.013629353,0.862178863,12.118215196,-0.546738416,-130.913140476,-0.110361395,142.885908562,44.737652708,0.001589051,-0.000336940,0.000907363,0.000396612,-0.000149476,0.000118628,0.000356608,0.000000000,0.000000000,0.000000000,0.000000000,0.000000000,0.000000000,0.000000000,0.000255745,0.000000505,-0.000253181,-0.000000032,0.000088122,0.000000097,-0.000062200,0.000000000,0.000000000,0.000000000,0.000000000,0.000000000,0.000000000,0.000000000,0.138000209,-0.059930326,-0.146855276,0.154813103,0.469516504,0.347759219,0.009569720
4.051000000,0,4.051000000,sample,0.216507954,-0.000000288,0.000000000,0.000000000,0.000000000,0.000000000,0.000000000,0,0,2.000000000,0.080000000,0.000000000,0.000000000,0.000111586,0.000000000,0.001708351,0.000000000,0.000000000,0.000000000,0.001560784,0.071493663,7,64.187122093,0,0.000000000,0.198871425,0.026048789,0.200754634,0.026275600,0.428417260,0.137515948,0.406140636,0.039556350,0.360198318,0.000000000,0.360198184,2.000000000,0.000000000,0.000000000,0.000000000,1.000000000,1.159724622,0.592690955,0.646225791,0.000000000,1.418864039,0.676419388,0.647871577,1,0,0,0.000000000,0.078327231,-0.034708877,0.179471397,-0.009099980,-0.019905896,0.014123920,0.862074836,12.118555084,-0.546945786,-130.913140475,-0.110259114,142.885887620,44.737758692,-0.000183577,0.000329421,-0.000514649,0.000085161,0.000411231,-0.000537562,0.001250451,0.000000000,0.000000000,0.000000000,0.000000000,0.000000000,0.000000000,0.000000000,0.000075961,0.000000150,-0.000075199,-0.000000009,0.000026174,0.000000029,-0.000018475,0.000000000,0.000000000,0.000000000,0.000000000,0.000000000,0.000000000,0.000000000,0.122524655,-0.092097868,-0.157797066,0.165542823,0.469661295,0.348013850,0.010665496
4.101000000,0,4.101000000,sample,0.216507828,-0.000002510,0.000000000,0.000000000,0.000000000,0.000000000,0.000000000,0,0,2.000000000,0.080000000,0.000000000,0.000000000,0.000433529,0.000000000,0.001726664,0.000000000,0.000000000,0.000000000,0.001351126,0.320865181,4,50.573635156,0,0.000000000,0.195253153,0.025734271,0.198822589,0.026153872,0.589586617,0.087924264,0.366673496,0.023760277,0.297090833,0.000000000,0.297091242,2.000000000,0.000000000,0.000000000,0.000000000,1.000000000,1.204716912,0.602759356,0.643211716,0.000000000,1.206574216,0.606826710,0.646286812,1,0,0,0.000000000,0.076270904,-0.033932894,0.176508078,-0.009113601,-0.019448461,0.014175765,0.861987382,12.118337394,-0.546945786,-130.913028816,-0.110244818,142.886015910,44.737712330,0.000296382,0.000145347,-0.000341049,0.000960855,0.000438715,0.000333341,0.000611089,0.000000000,0.000000000,0.000000000,0.000000000,0.000000000,0.000000000,0.000000000,0.000295121,0.000000583,-0.000292161,-0.000000037,0.000101690,0.000000112,-0.000071777,0.000000000,0.000000000,0.000000000,0.000000000,0.000000000,0.000000000,0.000000000,0.127790826,-0.075311438,-0.153040709,0.161441562,0.469340653,0.349061472,0.010469370
4.151000000,0,4.151000000,sample,0.216507966,0.000002741,0.000000000,0.000000000,0.000000000,0.000000000,0.000000000,0,0,2.000000000,0.080000000,0.000000000,0.000000000,0.000149070,0.000000000,0.001164671,0.000000000,0.000000000,0.000000000,0.002448213,0.060889456,2,83.997343515,0,0.000000000,0.199012316,0.026091083,0.200617871,0.026203727,1.354566570,0.163785827,0.462139184,0.044869159,0.423798744,0.000000000,0.423796379,2.000000000,0.000000000,0.000000000,0.000000000,1.000000000,1.220550236,0.612156292,0.641253514,0.000000000,1.342029649,0.643682246,0.680863763,1,0,0,0.000000000,0.078228432,-0.036337409,0.179348284,-0.009233639,-0.019875483,0.014158026,0.862113844,12.118544939,-0.546834125,-130.913140476,-0.110076202,142.885908477,44.737794931,-0.000236555,0.002243788,-0.000183762,-0.000124103,0.000149760,-0.000103482,0.000906032,0.000000000,0.000000000,0.000000000,0.000000000,0.000000000,0.000000000,0.000000000,-0.000101478,-0.000000201,0.000100460,0.000000013,-0.000034967,-0.000000038,0.000024681,0.000000000,0.000000000,0.000000000,0.000000000,0.000000000,0.000000000,0.000000000,0.127360863,-0.064835914,-0.159540564,0.154208580,0.470630143,0.346385131,0.008527306
4.201000000,0,4.201000000,sample,0.216507573,-0.000007848,0.000000000,0.000000000,0.000000000,0.000000000,0.000000000,0,0,2.000000000,0.080000000,0.000000000,0.000000000,0.000261204,0.000000000,0.001388661,0.000000000,0.000000000,0.000000000,0.001643250,0.158955616,4,81.043052912,0,0.000000000,0.193464753,0.025448253,0.199740370,0.026238592,0.845994669,0.094895547,0.353610872,0.011415451,0.279933771,0.000000000,0.279934484,2.000000000,0.000000000,0.000000000,0.000000000,1.000000000,1.198895938,0.601735313,0.644586310,0.000000000,1.210812053,0.608728487,0.647537291,1,0,0,0.000000000,0.074745698,-0.033881207,0.175196333,-0.009119203,-0.019285002,0.013875966,0.861979911,12.118337576,-0.546945786,-130.912823822,-0.110238211,142.885975592,44.737400073,0.000145131,0.000284782,-0.000144722,0.001479318,-0.000081006,0.000357342,-0.000504505,0.000000000,0.000000000,0.000000000,0.000000000,0.000000000,0.000000000,0.000000000,0.000177812,0.000000351,-0.000176029,-0.000000022,0.000061269,0.000000067,-0.000043246,0.000000000,0.000000000,0.000000000,0.000000000,0.000000000,0.000000000,0.000000000,0.131350973,-0.075881299,-0.156835146,0.159195880,0.470528152,0.347937531,0.009088600
4.251000000,0,4.251000000,sample,0.216507839,0.000005316,0.000000000,0.000000000,0.000000000,0.000000000,0.000000000,0,0,2.000000000,0.080000000,0.000000000,0.000000000,0.000169484,0.000000000,0.001776982,0.000000000,0.000000000,0.000000000,0.001762588,0.096156127,4,42.818448683,0,0.000000000,0.197265771,0.025672896,0.200233439,0.026186168,0.673251012,0.097137419,0.394100414,0.016882202,0.330583762,0.000000000,0.330582358,2.000000000,0.000000000,0.000000000,0.000000000,1.000000000,1.178898195,0.591143619,0.649392498,0.000000000,1.236113302,0.611621079,0.678285112,1,0,0,0.000000000,0.076782973,-0.034622620,0.178380026,-0.009130083,-0.019622129,0.013809824,0.861946575,12.118544933,-0.546834125,-130.913028616,-0.110252695,142.886050853,44.737421140,0.000300529,0.000894691,0.000690526,0.001153364,-0.000060321,0.000091110,-0.000630010,0.000000000,0.000000000,0.000000000,0.000000000,0.000000000,0.000000000,0.000000000,-0.000115374,-0.000000228,0.000114217,0.000000014,-0.000039755,-0.000000044,0.000028061,0.000000000,0.000000000,0.000000000,0.000000000,0.000000000,0.000000000,0.000000000,0.134394825,-0.089933451,-0.152522071,0.172398627,0.468599149,0.350552950,0.010189180
4.301000000,0,4.301000000,sample,0.216508081,0.000004837,0.000000000,0.000000000,0.000000000,0.000000000,0.000000000,0,0,2.000000000,0.080000000,0.000000000,0.000000000,0.000592768,0.000000000,0.001544957,0.000000000,0.000000000,0.000000000,0.001497901,0.395732746,2,45.603701692,0,0.000000000,0.195832338,0.025735033,0.199897639,0.026244337,0.341548248,0.028810165,0.386719998,0.024916129,0.332980692,0.000000000,0.332979709,2.000000000,0.000000000,0.000000000,0.000000000,1.000000000,1.221184521,0.609172947,0.642558793,0.000000000,1.266064772,0.618990677,0.647718636,1,0,0,0.000000000,0.077731676,-0.035796326,0.176144016,-0.009123372,-0.019556221,0.014021777,0.862070097,12.118130201,-0.546829604,-130.913236185,-0.110270716,142.885908477,44.737774577,-0.000379947,-0.001011540,0.000554462,-0.000729813,0.000350671,-0.000225174,0.000249809,0.000000000,0.000000000,0.000000000,0.000000000,0.000000000,0.000000000,0.000000000,-0.000403522,-0.000000797,0.000399475,0.000000050,-0.000139040,-0.000000153,0.000098140,0.000000000,0.000000000,0.000000000,0.000000000,0.000000000,0.000000000,0.000000000,0.131316577,-0.067116753,-0.153221011,0.155917815,0.470921231,0.348564796,0.009046238
4.351000000,0,4.351000000,sample,0.216507707,-0.000007466,0.000000000,0.000000000,0.000000000,0.000000000,0.000000000,0,0,2.000000000,0.080000000,0.000000000,0.000000000,0.000083481,0.000000000,0.001910142,0.000000000,0.000000000,0.000000000,0.002528262,0.033019088,7,41.394231019,0,0.000000000,0.193979069,0.025167268,0.202024222,0.026179082,1.481605038,0.251083282,0.360696985,0.022182048,0.298727773,0.000000000,0.298726437,2.000000000,0.000000000,0.000000000,0.000000000,1.000000000,1.200814810,0.605941462,0.643384315,0.000000000,1.252004042,0.621990441,0.647831323,1,0,0,0.000000000,0.075075269,-0.037524873,0.174881294,-0.009091523,-0.019237337,0.013440998,0.862168480,12.118241861,-0.546738416,-130.912919533,-0.110358351,142.886023563,44.737452363,0.000986063,-0.000817237,0.001155075,0.000797223,-0.000330560,0.000164056,-0.001626642,0.000000000,0.000000000,0.000000000,0.000000000,0.000000000,0.000000000,0.000000000,0.000056829,0.000000112,-0.000056259,-0.000000007,0.000019581,0.000000022,-0.000013821,0.000000000,0.000000000,0.000000000,0.000000000,0.000000000,0.000000000,0.000000000,0.131629734,-0.073665229,-0.153306511,0.155423845,0.471915376,0.347513378,0.007829140
4.401000000,0,4.401000000,sample,0.216507932,0.000004492,0.000000000,0.000000000,0.000000000,0.000000000,0.000000000,0,0,2.000000000,0.080000000,0.000000000,0.000000000,0.000873352,0.000000000,0.001644379,0.000000000,0.000000000,0.000000000,0.002645490,0.330128467,7,58.075804566,0,0.000000000,0.194259041,0.025820318,0.199302991,0.026171933,0.545949016,0.153916025,0.368189701,0.035617448,0.312924464,0.000000000,0.312924079,2.000000000,0.000000000,0.000000000,0.000000000,1.000000000,1.120877315,0.578268690,0.658766389,0.000000000,1.405835698,0.674357011,0.668163003,1,0,0,0.000000000,0.076789603,-0.032824764,0.175392322,-0.009029450,-0.019436471,0.014400745,0.861979679,12.118130201,-0.547041495,-130.913126852,-0.110353600,142.885917564,44.737922426,0.000574283,-0.000955725,-0.001247010,-0.000351539,-0.000097798,0.000052204,0.002016062,0.000000000,0.000000000,0.000000000,0.000000000,0.000000000,0.000000000,0.000000000,0.000594526,0.000001175,-0.000588565,-0.000000074,0.000204853,0.000000226,-0.000144593,0.000000000,0.000000000,0.000000000,0.000000000,0.000000000,0.000000000,0.000000000,0.137043218,-0.115161873,-0.154578898,0.181081943,0.470187738,0.352296129,0.007461707
4.451000000,0,4.451000000,sample,0.216507960,0.000000566,0.000000000,0.000000000,0.000000000,0.000000000,0.000000000,0,0,2.000000000,0.080000000,0.000000000,0.000000000,0.000164379,0.000000000,0.001382576,0.000000000,0.000000000,0.000000000,0.000736413,0.223216461,6,64.217940373,0,0.000000000,0.196940615,0.025760436,0.200059212,0.026184159,0.062500218,0.031553859,0.395749530,0.024557802,0.345576083,0.000000000,0.345576093,2.000000000,0.000000000,0.000000000,0.000000000,1.000000000,1.178931793,0.598258913,0.649429718,0.000000000,1.400035981,0.676175490,0.656262059,1,0,0,0.000000000,0.077655014,-0.035577179,0.177453005,-0.009069561,-0.019686480,0.013920691,0.862060549,12.118337570,-0.546834070,-130.913140476,-0.110354280,142.885889842,44.737726454,-0.000065024,0.000116554,0.000035750,0.000218196,-0.000345050,-0.000590133,0.000091038,0.000000000,0.000000000,0.000000000,0.000000000,0.000000000,0.000000000,0.000000000,-0.000111900,-0.000000221,0.000110778,0.000000014,-0.000038557,-0.000000042,0.000027215,0.000000000,0.000000000,0.000000000,0.000000000,0.000000000,0.000000000,0.000000000,0.128132762,-0.086755866,-0.160528748,0.168500338,0.470988135,0.348898139,0.009633063
4.501000000,0,4.501000000,sample,0.216507985,0.000000496,0.000000000,0.000000000,0.000000000,0.000000000,0.000000000,0,0,2.000000000,0.080000000,0.000000000,0.000000000,0.000970795,0.000000000,0.001716902,0.000000000,0.000000000,0.000000000,0.001872868,0.518346732,7,44.356816823,0,0.000000000,0.196435931,0.025522389,0.198690475,0.026131902,0.727246674,0.016291683,0.402080178,0.020788941,0.338836923,0.000000000,0.338836330,2.000000000,0.000000000,0.000000000,0.000000000,1.000000000,1.221165350,0.603439645,0.644666489,0.000000000,1.222467410,0.605066755,0.650426750,1,0,0,0.000000000,0.076918745,-0.035903781,0.177148244,-0.009099513,-0.019486455,0.013742973,0.861993465,12.118337570,-0.546738398,-130.913140470,-0.110340954,142.886090727,44.737565197,0.000131390,0.000512441,0.001171184,0.000433615,-0.000277726,0.000187284,0.001247347,0.000000000,0.000000000,0.000000000,0.000000000,0.000000000,0.000000000,0.000000000,-0.000660859,-0.000001306,0.000654232,0.000000082,-0.000227714,-0.000000251,0.000160729,0.000000000,0.000000000,0.000000000,0.000000000,0.000000000,0.000000000,0.000000000,0.135205691,-0.067174099,-0.159216964,0.158082728,0.470977154,0.347142746,0.011583940
4.551000000,0,4.551000000,sample,0.216507958,-0.000000544,0.000000000,0.000000000,0.000000000,0.000000000,0.000000000,0,0,2.000000000,0.080000000,0.000000000,0.000000000,0.000502993,0.000000000,0.001513309,0.000000000,0.000000000,0.000000000,0.001183515,0.424999280,4,54.826276629,0,0.000000000,0.196832487,0.025845915,0.200786454,0.026182401,0.607708586,0.061110862,0.365107365,0.020738475,0.301208797,0.000000000,0.301209453,2.000000000,0.000000000,0.000000000,0.000000000,1.000000000,1.197701595,0.592431103,0.647539263,0.000000000,1.229562281,0.603816608,0.647783088,1,0,0,0.000000000,0.077584005,-0.035283118,0.177422805,-0.009217913,-0.019668369,0.014007021,0.862115360,12.118337570,-0.546945786,-130.913140476,-0.110069672,142.885908755,44.737531063,0.000321121,-0.000214696,-0.000533334,0.000876331,-0.000037641,-0.000199504,0.000397335,0.000000000,0.000000000,0.000000000,0.000000000,0.000000000,0.000000000,0.000000000,0.000342407,0.000000677,-0.000338974,-0.000000042,0.000117984,0.000000130,-0.000083278,0.000000000,0.000000000,0.000000000,0.000000000,0.000000000,0.000000000,0.000000000,0.133043638,-0.081225072,-0.155582046,0.170035247,0.469215767,0.348585899,0.014685094
4.601000000,0,4.601000000,sample,0.216507969,0.000000227,0.000000000,0.000000000,0.000000000,0.000000000,0.000000000,0,0,2.000000000,0.080000000,0.000000000,0.000000000,0.000281223,0.000000000,0.001336211,0.000000000,0.000000000,0.000000000,0.001582172,0.177745021,7,62.427931710,0,0.000000000,0.196971301,0.025859033,0.199334616,0.026324021,0.607594042,0.153936810,0.404506338,0.041088603,0.358453122,0.000000000,0.358452776,2.000000000,0.000000000,0.000000000,0.000000000,1.000000000,1.211664150,0.608886491,0.643312599,0.000000000,1.229654331,0.612178941,0.647282893,1,0,0,0.000000000,0.077310824,-0.033881507,0.177968462,-0.009141591,-0.019608779,0.014163922,0.861977600,12.118419682,-0.546945767,-130.913140476,-0.110195790,142.886049817,44.737651426,-0.000637559,0.000402515,-0.000391157,-0.000050523,0.000407848,-0.000223906,0.001250095,0.000000000,0.000000000,0.000000000,0.000000000,0.000000000,0.000000000,0.000000000,-0.000191440,-0.000000378,0.000189520,0.000000024,-0.000065965,-0.000000073,0.000046561,0.000000000,0.000000000,0.000000000,0.000000000,0.000000000,0.000000000,0.000000000,0.127999793,-0.072311737,-0.153996503,0.164050570,0.470189991,0.347028537,0.010159710
4.651000000,0,4.651000000,sample,0.216508087,0.000002347,0.000000000,0.000000000,0.000000000,0.000000000,0.000000000,0,0,2.000000000,0.080000000,0.000000000,0.000000000,0.001174721,0.000000000,0.001536348,0.000000000,0.000000000,0.000000000,0.001534443,0.765568684,3,61.216182552,0,0.000000000,0.198585156,0.025997523,0.200014656,0.026145299,0.610329266,0.050679188,0.416362651,0.024446579,0.363722477,0.000000000,0.363722771,2.000000000,0.000000000,0.000000000,0.000000000,1.000000000,1.186873769,0.596910950,0.643528626,0.000000000,1.221533241,0.609553634,0.646157118,1,0,0,0.000000000,0.078651925,-0.035012965,0.178952595,-0.009104660,-0.019857087,0.014095122,0.861897521,12.118433285,-0.546738416,-130.913236183,-0.110325922,142.885910727,44.737808592,-0.000198714,0.000162974,0.001200560,-0.000306423,-0.000481768,-0.000129505,0.000710180,0.000000000,0.000000000,0.000000000,0.000000000,0.000000000,0.000000000,0.000000000,-0.000799679,-0.000001580,0.000791660,0.000000099,-0.000275549,-0.000000304,0.000194493,0.000000000,0.000000000,0.000000000,0.000000000,0.000000000,0.000000000,0.000000000,0.132834396,-0.081311948,-0.150216261,0.163968239,0.469476820,0.346269305,0.010538478
4.701000000,0,4.701000000,sample,0.216507835,-0.000005037,0.000000000,0.000000000,0.000000000,0.000000000,0.000000000,0,0,2.000000000,0.080000000,0.000000000,0.000000000,0.000722761,0.000000000,0.001315458,0.000000000,0.000000000,0.000000000,0.001618762,0.446489906,4,43.079981791,0,0.000000000,0.193359525,0.025522157,0.200834977,0.026071280,0.474149408,0.049285862,0.371934757,0.023279056,0.308198704,0.000000000,0.308198742,2.000000000,0.000000000,0.000000000,0.000000000,1.000000000,1.053593844,0.559242677,0.667290294,0.000000000,1.342246292,0.644572599,0.677532428,1,0,0,0.000000000,0.075366528,-0.035579477,0.174476054,-0.009112305,-0.019166068,0.014177738,0.862164465,12.118130708,-0.546945786,-130.913028666,-0.110252336,142.886090893,44.737897654,0.000719539,0.000368286,-0.000426152,0.001062480,0.000289350,-0.000159769,0.000739799,0.000000000,0.000000000,0.000000000,0.000000000,0.000000000,0.000000000,0.000000000,0.000492013,0.000000973,-0.000487079,-0.000000061,0.000169531,0.000000187,-0.000119662,0.000000000,0.000000000,0.000000000,0.000000000,0.000000000,0.000000000,0.000000000,0.132468977,-0.144076768,-0.156689342,0.194697898,0.469941085,0.351484397,0.011201148
4.751000000,0,4.751000000,sample,0.216507983,0.000002955,0.000000000,0.000000000,0.000000000,0.000000000,0.000000000,0,0,2.000000000,0.080000000,0.000000000,0.000000000,0.000657327,0.000000000,0.001385703,0.000000000,0.000000000,0.000000000,0.001521055,0.432151972,7,75.193928985,0,0.000000000,0.196902194,0.025934683,0.200261108,0.026418217,0.450258703,0.115389562,0.375266458,0.030905736,0.313057743,0.000000000,0.313057835,2.000000000,0.000000000,0.000000000,0.000000000,1.000000000,1.229012707,0.612889029,0.643468262,0.000000000,1.255963036,0.622920024,0.670149760,1,0,0,0.000000000,0.077228025,-0.036628045,0.177382897,-0.009242240,-0.019571366,0.014288121,0.862019593,12.118351105,-0.546712036,-130.913140021,-0.110110027,142.886018066,44.737977544,-0.000595378,-0.000146685,0.000061987,0.000409045,0.000035430,0.000159714,0.001318974,0.000000000,0.000000000,0.000000000,0.000000000,0.000000000,0.000000000,0.000000000,-0.000447468,-0.000000884,0.000442981,0.000000056,-0.000154185,-0.000000170,0.000108830,0.000000000,0.000000000,0.000000000,0.000000000,0.000000000,0.000000000,0.000000000,0.130024799,-0.064902720,-0.160313215,0.162028124,0.469742922,0.346748441,0.009287569
4.801000000,0,4.801000000,sample,0.216508104,0.000002428,0.000000000,0.000000000,0.000000000,0.000000000,0.000000000,0,0,2.000000000,0.080000000,0.000000000,0.000000000,0.000774602,0.000000000,0.002044536,0.000000000,0.000000000,0.000000000,0.001281915,0.604253803,3,38.499184764,0,0.000000000,0.196134144,0.025726806,0.199256578,0.026289295,0.617700948,0.056954711,0.417703964,0.027944935,0.369809512,0.000000000,0.369809960,2.000000000,0.000000000,0.000000000,0.000000000,1.000000000,1.254173383,0.613351266,0.640076851,0.000000000,1.265790827,0.619137928,0.670046779,1,0,0,0.000000000,0.077370941,-0.034523501,0.176891118,-0.009130065,-0.019478240,0.014110587,0.861838917,12.118241861,-0.546737914,-130.913236185,-0.110291277,142.886098472,44.737738889,-0.000107443,0.000054539,0.000795399,-0.000697505,-0.000260828,-0.000210968,0.000630140,0.000000000,0.000000000,0.000000000,0.000000000,0.000000000,0.000000000,0.000000000,-0.000527303,-0.000001042,0.000522015,0.000000066,-0.000181693,-0.000000200,0.000128246,0.000000000,0.000000000,0.000000000,0.000000000,0.000000000,0.000000000,0.000000000,0.133978870,-0.052631389,-0.157563573,0.150783184,0.469709011,0.347377618,0.010879443
4.851000000,0,4.851000000,sample,0.216507721,-0.000007666,0.000000000,0.000000000,0.000000000,0.000000000,0.000000000,0,0,2.000000000,0.080000000,0.000000000,0.000000000,0.000670059,0.000000000,0.004037261,0.000000000,0.000000000,0.000000000,0.001472983,0.454899550,4,64.618597812,0,0.000000000,0.195076602,0.025611212,0.199412979,0.026202278,0.916158350,0.091301708,0.357797137,0.013632071,0.284983631,0.000000000,0.284984443,2.000000000,0.000000000,0.000000000,0.000000000,1.000000000,1.221466961,0.604223704,0.642111607,0.000000000,1.251069607,0.643659265,0.655261220,1,0,0,0.000000000,0.075728791,-0.036830024,0.175964714,-0.009227551,-0.019414781,0.013923101,0.862069737,12.118337570,-0.546738416,-130.912933057,-0.110128080,142.885955105,44.737651519,-0.000153176,-0.000183633,0.000820811,0.001184068,0.000038686,0.000136220,0.000129211,0.000000000,0.000000000,0.000000000,0.000000000,0.000000000,0.000000000,0.000000000,-0.000456136,-0.000000901,0.000451562,0.000000057,-0.000157172,-0.000000173,0.000110938,0.000000000,0.000000000,0.000000000,0.000000000,0.000000000,0.000000000,0.000000000,0.137546642,-0.067033951,-0.148465596,0.157450208,0.470971577,0.346574704,0.011568599
4.901000000,0,4.901000000,sample,0.216507956,0.000004711,0.000000000,0.000000000,0.000000000,0.000000000,0.000000000,0,0,2.000000000,0.080000000,0.000000000,0.000000000,0.000339084,0.000000000,0.002042016,0.000000000,0.000000000,0.000000000,0.000632370,0.536210501,2,53.165825665,0,0.000000000,0.196817060,0.025847608,0.200573689,0.026262769,0.186924100,0.020087867,0.401082465,0.023817789,0.346736875,0.000000000,0.346736712,2.000000000,0.000000000,0.000000000,0.000000000,1.000000000,1.227770516,0.611661749,0.643315012,0.000000000,1.236331646,0.615716368,0.645774623,1,0,0,0.000000000,0.077584164,-0.035196622,0.177422801,-0.009087047,-0.019667371,0.014096771,0.862115465,12.118337570,-0.546932220,-130.913140475,-0.110290870,142.885908477,44.737810890,0.000199748,0.000461092,-0.000294442,0.000187716,-0.000076889,-0.000041121,-0.000133608,0.000000000,0.000000000,0.000000000,0.000000000,0.000000000,0.000000000,0.000000000,0.000230828,0.000000456,-0.000228513,-0.000000029,0.000079537,0.000000088,-0.000056140,0.000000000,0.000000000,0.000000000,0.000000000,0.000000000,0.000000000,0.000000000,0.131662682,-0.067451814,-0.151170310,0.165294798,0.470182809,0.347282471,0.010843181
4.951000000,0,4.951000000,sample,0.216507817,-0.000002786,0.000000000,0.000000000,0.000000000,0.000000000,0.000000000,0,0,2.000000000,0.080000000,0.000000000,0.000000000,0.000114998,0.000000000,0.002051874,0.000000000,0.000000000,0.000000000,0.001785688,0.064399755,4,56.762953292,0,0.000000000,0.196226502,0.025928322,0.199955227,0.026291413,0.904492528,0.091278095,0.350100258,0.021349683,0.283015512,0.000000000,0.283016853,2.000000000,0.000000000,0.000000000,0.000000000,1.000000000,1.213668056,0.608561403,0.647485365,0.000000000,1.249621827,0.620509079,0.647606747,1,0,0,0.000000000,0.076946027,-0.034858919,0.177112972,-0.009202532,-0.019637749,0.014210914,0.862070322,12.118378172,-0.546944278,-130.913028814,-0.110094634,142.885867678,44.737711433,0.000132025,-0.000307133,-0.000391696,0.001345358,-0.000365137,-0.000361801,0.000921563,0.000000000,0.000000000,0.000000000,0.000000000,0.000000000,0.000000000,0.000000000,0.000078284,0.000000155,-0.000077499,-0.000000010,0.000026974,0.000000030,-0.000019040,0.000000000,0.000000000,0.000000000,0.000000000,0.000000000,0.000000000,0.000000000,0.126391744,-0.076441083,-0.154367597,0.173574806,0.470651644,0.348986381,0.012536110
5.000000000,0,5.000000000,disturb_auto_push,0.000000000,,0.000000000,0.000000000,0.000000000,0.000000000,0.000000000,0,0,0.000000000,0.000000000,0.000000000,0.000000000,0.000000000,0.000000000,0.000000000,0.000000000,0.000000000,0.000000000,0.001383083,0.000000000,2,68.076251027,0,0.000000000,0.000000000,0.000000000,0.000000000,0.000000000,0.806771526,0.104097074,0.000000000,0.000000000,0.000000000,0.000000000,0.000000000,0.000000000,0.000000000,0.000000000,0.000000000,1.000000000,0.000000000,0.000000000,0.000000000,0.000000000,0.000000000,0.000000000,0.000000000,0,0,0,0.000000000,0.000000000,0.000000000,0.000000000,0.000000000,0.000000000,0.000000000,0.861978947,12.118170821,-0.546834125,-130.913140476,-0.110055992,142.886056616,44.737509984,-0.000546769,-0.001141159,-0.000066248,0.000084629,-0.000117598,0.000325099,0.000425029,0.000000000,0.000000000,0.000000000,0.000000000,0.000000000,0.000000000,0.000000000,0.000000000,0.000000000,0.000000000,0.000000000,0.000000000,0.000000000,0.000000000,0.000000000,0.000000000,0.000000000,0.000000000,0.000000000,0.000000000,0.000000000,0.000000000,0.000000000,0.000000000,0.000000000,0.000000000,0.000000000,0.000000000
5.000000000,0,5.000000000,sample,0.216507979,0.000003306,0.000000000,0.000000000,0.000000000,0.000000000,0.000000000,0,0,2.000000000,0.080000000,0.000000000,0.000000000,0.000426974,0.000000000,0.001820122,0.000000000,0.000000000,0.000000000,0.001383083,0.308711581,2,68.076251027,0,0.000000000,0.194793585,0.025629489,0.200413655,0.026419688,0.806771526,0.104097074,0.350551183,0.021628551,0.283348351,0.000000000,0.283347690,2.000000000,0.000000000,0.000000000,0.000000000,1.000000000,1.214120120,0.606501682,0.643060378,0.000000000,1.242550890,0.616666237,0.646535433,1,0,0,0.000000000,0.076527794,-0.035128506,0.175653140,-0.009253252,-0.019354233,0.014023612,0.861978947,12.118170821,-0.546834125,-130.913140476,-0.110055992,142.886056616,44.737509984,-0.000546769,-0.001141159,-0.000066248,0.000084629,-0.000117598,0.000325099,0.000425029,0.000000000,0.000000000,0.000000000,0.000000000,0.000000000,0.000000000,0.000000000,-0.000290658,-0.000000574,0.000287744,0.000000036,-0.000100152,-0.000000110,0.000070691,0.000000000,0.000000000,0.000000000,0.000000000,0.000000000,0.000000000,0.000000000,0.129310007,-0.070032351,-0.156243907,0.159717136,0.470458912,0.347177455,0.010749274
5.050000000,0,5.050000000,sample,0.216508091,0.000002240,0.000000000,0.000000000,0.000000000,0.000000000,0.000000000,0,0,2.000000000,0.080000000,0.000000000,0.000000000,0.001508336,0.000000000,0.001514486,0.000000000,0.000000000,0.000000000,0.002188352,0.689256460,7,46.850102019,0,0.000000000,0.196942163,0.025996417,0.200243956,0.026127111,0.461512241,0.029246963,0.394574532,0.024829854,0.336714216,0.000000000,0.336293743,2.000000000,0.001541333,0.030826663,0.003342482,1.000000000,1.211971023,0.605004564,0.645909010,0.000000000,1.225229764,0.609892915,0.646855797,1,0,0,0.000000000,0.077995708,-0.036355653,0.177147260,-0.009236999,-0.019645269,0.014302272,0.862018255,12.118241861,-0.546738416,-130.913236185,-0.110110346,142.885931048,44.737964345,-0.000491646,-0.000621687,0.001258251,-0.000471103,-0.000327824,-0.000066903,0.001497864,0.000000000,0.000000000,0.000000000,0.000000000,0.000000000,0.000000000,0.000000000,-0.001026785,-0.000002029,0.001016489,0.000000127,-0.000353798,-0.000000389,0.000249725,0.000000000,0.000000000,0.000000000,0.000000000,0.000000000,0.000000000,0.000000000,0.132388579,-0.072308557,-0.157163001,0.161864005,0.471424097,0.348124858,0.010555869
5.100000000,0,5.100000000,sample,0.216507835,-0.000005112,0.000000000,0.000000000,0.000000000,0.000000000,0.000000000,0,0,2.000000000,0.080000000,0.000000000,0.000000000,0.000860104,0.000000000,0.001169020,0.000000000,0.000000000,0.000000000,0.001463248,0.587804429,7,57.521125473,0,0.000000000,0.197021072,0.025646345,0.199863317,0.026218233,0.458175584,0.064291771,0.380975191,0.022819502,0.313219321,0.000000000,0.311760761,2.000000000,0.006155830,0.123116594,0.013349532,1.000000000,1.194985751,0.601019399,0.648980329,0.000000000,1.230383129,0.609916668,0.649552175,1,0,0,0.000000000,0.076657444,-0.038344205,0.177399722,-0.009190657,-0.019575753,0.013786107,0.862115339,12.118433280,-0.546614820,-130.913019050,-0.110229076,142.885975685,44.737761534,-0.000270106,-0.000238187,0.000768361,0.000279943,0.000109045,0.000314938,0.001109767,0.000000000,0.000000000,0.000000000,0.000000000,0.000000000,0.000000000,0.000000000,-0.000585506,-0.000001157,0.000579635,0.000000073,-0.000201751,-0.000000222,0.000142403,0.000000000,0.000000000,0.000000000,0.000000000,0.000000000,0.000000000,0.000000000,0.123812551,-0.078424055,-0.168353751,0.162692000,0.472453331,0.348587834,0.012581230
5.150000000,0,5.150000000,sample,0.216507835,0.000000003,0.000000000,0.000000000,0.000000000,0.000000000,0.000000000,0,0,2.000000000,0.080000000,0.000000000,0.000000000,0.000577599,0.000000000,0.001151084,0.000000000,0.000000000,0.000000000,0.001048705,0.550773858,7,36.622922669,0,0.000000000,0.194750938,0.025711095,0.200016940,0.026149825,0.411624720,0.037713611,0.370263510,0.020779886,0.310247613,0.000000000,0.308356299,2.000000000,0.013815040,0.276300796,0.029958820,1.000000000,1.217798933,0.606276448,0.646751440,0.000000000,1.221016489,0.606276448,0.649625661,1,0,0,0.000000000,0.076173311,-0.035373647,0.175710727,-0.009178448,-0.019401520,0.014156183,0.862018309,12.118241861,-0.546834125,-130.913031193,-0.110177503,142.885969980,44.737778931,-0.000239838,-0.000582663,0.000375484,0.000221755,-0.000235979,-0.000232684,0.000634643,0.000000000,0.000000000,0.000000000,0.000000000,0.000000000,0.000000000,0.000000000,-0.000393195,-0.000000777,0.000389252,0.000000049,-0.000135483,-0.000000149,0.000095629,0.000000000,0.000000000,0.000000000,0.000000000,0.000000000,0.000000000,0.000000000,0.131634705,-0.070794494,-0.159145133,0.162631787,0.471610702,0.348757499,0.011097308
5.200000000,0,5.200000000,sample,0.216508078,0.000004854,0.000000000,0.000000000,0.000000000,0.000000000,0.000000000,0,0,2.000000000,0.080000000,0.000000000,0.000000000,0.000022978,0.000000000,0.001846614,0.000000000,0.000000000,0.000000000,0.001250841,0.018369836,4,33.997973569,0,0.000000000,0.198849106,0.025884240,0.201433688,0.026315296,0.745725265,0.118630502,0.432720692,0.030923355,0.392777187,0.000000000,0.389139305,2.000000000,0.024471742,0.489434837,0.053069416,1.000000000,1.219822919,0.605771197,0.648279472,0.000000000,1.231230128,0.612044456,0.651572025,1,0,0,0.000000000,0.078815297,-0.035742219,0.179029634,-0.009175432,-0.019902073,0.013773627,0.862060503,12.118434783,-0.546834125,-130.913236185,-0.110175740,142.885868429,44.737436380,0.000170647,0.000353410,0.000189348,-0.000729338,-0.000336174,-0.000514846,-0.000681703,0.000000000,0.000000000,0.000000000,0.000000000,0.000000000,0.000000000,0.000000000,0.000015642,0.000000031,-0.000015485,-0.000000002,0.000005390,0.000000006,-0.000003804,0.000000000,0.000000000,0.000000000,0.000000000,0.000000000,0.000000000,0.000000000,0.141289913,-0.072240389,-0.154130030,0.167386796,0.470782373,0.348713307,0.008563932
5.250000000,0,5.250000000,sample,0.216507827,-0.000005033,0.000000000,0.000000000,0.000000000,0.000000000,0.000000000,0,0,2.000000000,0.080000000,0.000000000,0.000000000,0.000050615,0.000000000,0.004540441,0.000000000,0.000000000,0.000000000,0.005011231,0.010100311,2,95.531338533,0,0.000000000,0.194315405,0.025760885,0.200704957,0.026150505,3.085481511,0.315292704,0.234496614,0.035936076,0.147901959,0.000000000,0.167440636,2.000000000,0.038060234,0.761204675,0.082535814,1.000000000,1.257963135,0.632276581,0.643049999,0.000000000,1.257963135,0.642033466,0.657169815,1,0,0,0.000000000,0.076222107,-0.034409090,0.175398636,-0.009122920,-0.019411880,0.014267952,0.861924128,12.118201063,-0.546834125,-130.913028816,-0.110269878,142.885915973,44.737870148,-0.000546856,-0.004897984,-0.000507316,0.000623080,0.000376369,-0.000189406,0.000003599,0.000000000,0.000000000,0.000000000,0.000000000,0.000000000,0.000000000,0.000000000,0.000034456,0.000000068,-0.000034110,-0.000000004,0.000011872,0.000000013,-0.000008380,0.000000000,0.000000000,0.000000000,0.000000000,0.000000000,0.000000000,0.000000000,0.114653294,-0.048282770,-0.179451704,0.149632281,0.472705402,0.346303598,0.008208839
5.300000000,0,5.300000000,sample,0.216507983,0.000003129,0.000000000,0.000000000,0.000000000,0.000000000,0.000000000,0,0,2.000000000,0.080000000,0.000000000,0.000000000,0.000676647,0.000000000,0.001849586,0.000000000,0.000000000,0.000000000,0.001178869,0.573979450,7,57.768093568,0,0.000000000,0.196300714,0.025711343,0.199420425,0.026371015,0.348422478,0.091030886,0.382477894,0.029320698,0.323355639,0.000000000,0.338830140,2.000000000,0.054496738,1.089934758,0.118180695,1.000000000,1.225164660,0.598375916,0.650355125,0.000000000,1.338468561,0.652002030,0.659708823,1,0,0,0.000000000,0.076742231,-0.035938556,0.177067842,-0.009109384,-0.019437565,0.014151797,0.862091892,12.118337066,-0.546834125,-130.913140026,-0.110290272,142.886137243,44.737938522,-0.000695343,-0.000223578,0.000096367,-0.000010777,0.000043642,0.000205218,0.000896003,0.000000000,0.000000000,0.000000000,0.000000000,0.000000000,0.000000000,0.000000000,-0.000460620,-0.000000910,0.000456001,0.000000057,-0.000158717,-0.000000175,0.000112029,0.000000000,0.000000000,0.000000000,0.000000000,0.000000000,0.000000000,0.000000000,0.148940285,-0.069315770,-0.158192521,0.163079690,0.471820271,0.348743157,0.010857595
5.350000000,0,5.350000000,sample,0.216507969,-0.000000276,0.000000000,0.000000000,0.000000000,0.000000000,0.000000000,0,0,2.000000000,0.080000000,0.000000000,0.000000000,0.000726714,0.000000000,0.001792015,0.000000000,0.000000000,0.000000000,0.001997777,0.363761110,1,71.134189836,0,0.000000000,0.196972752,0.025970116,0.201560517,0.026153285,1.371050997,0.131991488,0.395791036,0.037043492,0.351673616,0.000000000,0.394420531,2.000000000,0.073679918,1.473598356,0.159782151,1.000000000,1.211013892,0.586499608,0.655044761,0.000000000,1.241284699,0.600947969,0.655177608,1,0,0,0.000000000,0.077346274,-0.033144781,0.178093353,-0.009132186,-0.019621185,0.014354763,0.861899821,12.118433279,-0.546945786,-130.913140476,-0.110210622,142.886050566,44.737776323,-0.001684947,0.000422381,-0.000794048,0.000246011,-0.000426822,-0.000303400,0.000091652,0.000000000,0.000000000,0.000000000,0.000000000,0.000000000,0.000000000,0.000000000,-0.000494703,-0.000000978,0.000489742,0.000000061,-0.000170462,-0.000000188,0.000120319,0.000000000,0.000000000,0.000000000,0.000000000,0.000000000,0.000000000,0.000000000,0.156314043,-0.075440661,-0.163233275,0.163440854,0.472641260,0.349381670,0.011955658
5.400000000,0,5.400000000,sample,0.216507966,-0.000000064,0.000000000,0.000000000,0.000000000,0.000000000,0.000000000,0,0,2.000000000,0.080000000,0.000000000,0.000000000,0.000437413,0.000000000,0.001940428,0.000000000,0.000000000,0.000000000,0.001342833,0.325739059,2,68.863679677,0,0.000000000,0.195161440,0.025519733,0.199962922,0.026125090,0.663924821,0.062714547,0.357394259,0.015235638,0.295589898,0.000000000,0.338383316,2.000000000,0.095491503,1.909830056,0.207077859,1.000000000,1.228081781,0.587370324,0.659762087,0.000000000,1.245454584,0.593372883,0.663236562,1,0,0,0.000000000,0.076882184,-0.037242280,0.175471166,-0.009183931,-0.019440914,0.013746383,0.862219355,12.118130219,-0.546834125,-130.913140476,-0.110170417,142.885928966,44.737564159,-0.000441957,-0.001114339,0.000300228,0.000132791,-0.000039287,-0.000207405,-0.000462378,0.000000000,0.000000000,0.000000000,0.000000000,0.000000000,0.000000000,0.000000000,-0.000297765,-0.000000588,0.000294779,0.000000037,-0.000102600,-0.000000113,0.000072419,0.000000000,0.000000000,0.000000000,0.000000000,0.000000000,0.000000000,0.000000000,0.175683972,-0.071641316,-0.157954540,0.167013087,0.473763056,0.349146242,0.009546472
5.450000000,0,5.450000000,sample,0.216507825,-0.000002821,0.000000000,0.000000000,0.000000000,0.000000000,0.000000000,0,0,2.000000000,0.080000000,0.000000000,0.000000000,0.000328281,0.000000000,0.001418125,0.000000000,0.000000000,0.000000000,0.001196991,0.274254921,4,35.665837357,0,0.000000000,0.197816168,0.025296326,0.201420659,0.026057404,0.499146247,0.097104309,0.378098882,0.012615088,0.314424141,0.000000000,0.367858023,2.000000000,0.119797017,2.395940344,0.259792328,1.000000000,1.172280841,0.562911783,0.665259219,0.000000000,1.429440327,0.660782134,0.666264412,1,0,0,0.000000000,0.076912572,-0.041226222,0.177527719,-0.009056881,-0.019631332,0.013133462,0.862671622,12.118433780,-0.546834125,-130.913027469,-0.110374932,142.885928715,44.737567086,-0.000027638,-0.000042647,0.000442986,0.000714854,-0.000520544,0.000014334,-0.000672147,0.000000000,0.000000000,0.000000000,0.000000000,0.000000000,0.000000000,0.000000000,-0.000223474,-0.000000442,0.000221233,0.000000028,-0.000077003,-0.000000085,0.000054352,0.000000000,0.000000000,0.000000000,0.000000000,0.000000000,0.000000000,0.000000000,0.187882130,-0.093411107,-0.156721952,0.169040354,0.473001260,0.348740914,0.007594097
5.500000000,0,5.500000000,sample,0.216508074,0.000004983,0.000000000,0.000000000,0.000000000,0.000000000,0.000000000,0,0,2.000000000,0.080000000,0.000000000,0.000000000,0.000038598,0.000000000,0.001142223,0.000000000,0.000000000,0.000000000,0.001709689,0.022576021,7,43.371809997,0,0.000000000,0.200689782,0.025512300,0.201246561,0.025852861,0.923844217,0.062805504,0.414185376,0.028969353,0.370624173,0.000000000,0.471419065,2.000000000,0.146446609,2.928932188,0.317585858,1.000000000,1.206688521,0.560735575,0.663728936,0.000000000,1.218089976,0.570109618,0.665428458,1,0,0,0.000000000,0.078835133,-0.044063972,0.179219912,-0.009204359,-0.019900361,0.013043499,0.863065498,12.118459883,-0.546945786,-130.913236135,-0.110087743,142.885894757,44.737531851,-0.000782454,0.000036089,-0.000668840,-0.000558630,-0.000280919,-0.000450996,-0.001125955,0.000000000,0.000000000,0.000000000,0.000000000,0.000000000,0.000000000,0.000000000,0.000026275,0.000000052,-0.000026012,-0.000000003,0.000009054,0.000000010,-0.000006390,0.000000000,0.000000000,0.000000000,0.000000000,0.000000000,0.000000000,0.000000000,0.199528024,-0.078411428,-0.157953604,0.161135116,0.472019380,0.347508304,0.009906197
5.550000000,0,5.550000000,sample,0.216508091,0.000000337,0.000000000,0.000000000,0.000000000,0.000000000,0.000000000,0,0,2.000000000,0.080000000,0.000000000,0.000000000,0.000263057,0.000000000,0.002079504,0.000000000,0.000000000,0.000000000,0.001224279,0.214866481,7,44.852497913,0,0.000000000,0.202602187,0.024777280,0.203094271,0.025431288,0.405699123,0.045815650,0.415037512,0.020831146,0.358916393,0.000000000,0.481151121,2.000000000,0.175275976,3.505519517,0.380107564,1.000000000,1.214223909,0.557118107,0.664977335,0.000000000,1.242626177,0.572445762,0.665333183,1,0,0,0.000000000,0.078402492,-0.052621500,0.179253098,-0.009101282,-0.019778218,0.011828032,0.863893637,12.118489085,-0.546834125,-130.913234686,-0.110299346,142.886045050,44.737423217,-0.000457581,0.000060761,-0.000027996,-0.000544780,-0.000453582,0.000331970,-0.000819924,0.000000000,0.000000000,0.000000000,0.000000000,0.000000000,0.000000000,0.000000000,-0.000179073,-0.000000354,0.000177277,0.000000022,-0.000061704,-0.000000068,0.000043553,0.000000000,0.000000000,0.000000000,0.000000000,0.000000000,0.000000000,0.000000000,0.210291264,-0.078136115,-0.153650393,0.165716823,0.469124470,0.347338315,0.008660580
5.600000000,0,5.600000000,sample,0.216507836,-0.000005097,0.000000000,0.000000000,0.000000000,0.000000000,0.000000000,0,0,2.000000000,0.080000000,0.000000000,0.000000000,0.002493065,0.000000000,0.002493065,0.000000000,0.000000000,0.000000000,0.003784888,0.658689254,1,94.008665321,0,0.000000000,0.200811027,0.024339693,0.204996074,0.025241927,2.120008917,0.230478697,0.423070547,0.025219840,0.362298912,0.000000000,0.444076643,2.000000000,0.206107374,4.122147477,0.446961520,1.000000000,1.168479953,0.534858150,0.672625812,0.000000000,1.391134900,0.618762969,0.673787054,1,0,0,0.000000000,0.076324122,-0.060173982,0.175723615,-0.009245303,-0.019410624,0.011409325,0.864680900,12.118241880,-0.546834125,-130.913031193,-0.110066182,142.885961879,44.737605680,0.003669754,-0.000808523,0.000173753,0.000027454,0.000279843,0.000115086,-0.000286481,0.000000000,0.000000000,0.000000000,0.000000000,0.000000000,0.000000000,0.000000000,0.001697129,0.000003354,-0.001680112,-0.000000211,0.000584779,0.000000643,-0.000412759,0.000000000,0.000000000,0.000000000,0.000000000,0.000000000,0.000000000,0.000000000,0.213154307,-0.095234874,-0.169708745,0.168406475,0.469558728,0.346651989,0.010307465
5.650000000,0,5.650000000,sample,0.216508095,0.000005179,0.000000000,0.000000000,0.000000000,0.000000000,0.000000000,0,0,2.000000000,0.080000000,0.000000000,0.000000000,0.002415963,0.000000000,0.002597539,0.000000000,0.000000000,0.000000000,0.002879280,0.839085798,1,68.020413495,0,0.000000000,0.207102728,0.023846578,0.208725260,0.024889101,0.508941300,0.038062424,0.427502047,0.018644609,0.362331817,0.000000000,0.547785143,2.000000000,0.238750718,4.775014353,0.517759877,1.000000000,1.207125658,0.542919559,0.675905130,0.000000000,1.221807587,0.548293059,0.675905130,1,0,0,0.000000000,0.077578257,-0.072069882,0.177986196,-0.009149214,-0.019507011,0.010218986,0.866191083,12.118378174,-0.547041495,-130.913236185,-0.110150032,142.886205451,44.737790092,0.002374672,-0.000274237,-0.001381684,-0.000512091,-0.000143062,0.000186546,0.000591124,0.000000000,0.000000000,0.000000000,0.000000000,0.000000000,0.000000000,0.000000000,0.001644641,0.000003252,-0.001628149,-0.000000204,0.000566702,0.000000623,-0.000400000,0.000000000,0.000000000,0.000000000,0.000000000,0.000000000,0.000000000,0.000000000,0.216422980,-0.078619741,-0.186632391,0.164253508,0.471293604,0.346063134,0.011813430
5.700000000,0,5.700000000,sample,0.216508045,-0.000001002,0.000000000,0.000000000,0.000000000,0.000000000,0.000000000,0,0,2.000000000,0.080000000,0.000000000,0.000000000,0.000090246,0.000000000,0.005472483,0.000000000,0.000000000,0.000000000,0.001132580,0.079681438,5,22.810430733,0,0.000000000,0.240931491,0.021963514,0.240931491,0.024164577,0.641029555,0.110957590,0.512361557,0.026164976,0.442275024,0.000000000,0.570362518,2.000000000,0.273004750,5.460095003,0.592063971,1.000000000,1.272766337,0.507441314,0.704021281,0.000000000,1.272766337,0.549420270,0.704021281,1,0,0,0.000000000,0.079049481,-0.140453695,0.179086355,-0.009067811,-0.019833616,0.002607381,0.873917604,12.118459431,-0.547375139,-130.913232137,-0.110162505,142.885956191,44.737587871,0.000458866,0.000260029,0.000514795,-0.000495329,-0.000540923,0.000137493,-0.000427431,0.000000000,0.000000000,0.000000000,0.000000000,0.000000000,0.000000000,0.000000000,-0.000061434,-0.000000122,0.000060818,0.000000008,-0.000021169,-0.000000023,0.000014942,0.000000000,0.000000000,0.000000000,0.000000000,0.000000000,0.000000000,0.000000000,0.327039521,-0.067383818,-0.138861996,0.155432431,0.469742212,0.346332196,0.010242350
5.750000000,0,5.750000000,sample,0.216507887,-0.000003166,0.000000000,0.000000000,0.000000000,0.000000000,0.000000000,0,0,2.000000000,0.080000000,0.000000000,0.000000000,0.001125575,0.000000000,0.004140497,0.000000000,0.000000000,0.000000000,0.002465349,0.456558309,1,87.815982008,0,0.000000000,0.281903008,0.021943690,0.281903008,0.022083314,1.474968902,0.148306580,0.617861476,0.031138796,0.526172146,0.000000000,0.576811302,2.000000000,0.308658284,6.173165676,0.669390607,1.000000000,1.247181502,0.552519876,0.691281338,0.000000000,1.279898142,0.552519876,0.706399671,1,0,0,0.000000000,0.077763074,-0.205812533,0.176248154,-0.009099849,-0.019514427,-0.004231481,0.880933710,12.118241861,-0.547350348,-130.913103599,-0.110121705,142.885929468,44.737756895,0.002310283,0.000165078,0.000468594,0.000382625,-0.000275657,-0.000329580,0.000403353,0.000000000,0.000000000,0.000000000,0.000000000,0.000000000,0.000000000,0.000000000,0.000766224,0.000001516,-0.000758541,-0.000000095,0.000264017,0.000000290,-0.000186354,0.000000000,0.000000000,0.000000000,0.000000000,0.000000000,0.000000000,0.000000000,0.212482840,-0.057552477,-0.248191869,0.157143657,0.472861402,0.345538864,0.010968046
5.800000000,0,5.800000000,sample,0.216507953,0.000001319,0.000000000,0.000000000,0.000000000,0.000000000,0.000000000,0,0,2.000000000,0.080000000,0.000000000,0.000000000,0.000924961,0.000000000,0.003663603,0.000000000,0.000000000,0.000000000,0.005479252,0.168811525,7,94.136969935,0,0.000000000,0.303887239,0.022497364,0.304221939,0.023034354,0.799456271,0.368825561,0.604267580,0.057555485,0.544581868,0.000000000,0.605935820,2.000000000,0.345491503,6.909830056,0.749280168,1.000000000,1.222487608,0.500893579,0.711570277,0.000000000,1.265420430,0.553106272,0.711570277,1,0,0,0.000000000,0.077160042,-0.235359767,0.176066925,-0.009103428,-0.019263497,-0.007223341,0.884207669,12.118243365,-0.547438276,-130.913140476,-0.110086736,142.886218277,44.737925920,0.000475221,-0.001157394,0.000331029,0.000003273,-0.000230698,0.000178892,-0.005316201,0.000000000,0.000000000,0.000000000,0.000000000,0.000000000,0.000000000,0.000000000,0.000629658,0.000001246,-0.000623344,-0.000000078,0.000216962,0.000000239,-0.000153140,0.000000000,0.000000000,0.000000000,0.000000000,0.000000000,0.000000000,0.000000000,0.285838967,-0.076112401,-0.224096409,0.160319541,0.472061741,0.346379311,0.009632096
5.850000000,0,5.850000000,sample,0.216508126,0.000003467,0.000000000,0.000000000,0.000000000,0.000000000,0.000000000,0,0,2.000000000,0.080000000,0.000000000,0.000000000,0.002122721,0.000000000,0.004276338,0.000000000,0.000000000,0.000000000,0.004617511,0.459711190,1,77.138421446,0,0.000000000,0.328136046,0.024099712,0.328136046,0.024099712,3.110807309,0.327175791,0.807742709,0.062824823,0.722290023,0.000000000,0.717243406,2.000000000,0.383277318,7.665546361,0.831251188,1.000000000,1.207605531,0.511134368,0.721896686,0.000000000,1.257470497,0.511134368,0.727227920,1,0,0,0.000000000,0.079345664,-0.263275325,0.179063212,-0.008999579,-0.019663268,-0.010637650,0.887422954,12.118448317,-0.547621356,-130.913295464,-0.110188499,142.886178832,44.737628679,0.004055490,0.000743992,0.001185050,-0.001591428,0.000396733,0.000256752,-0.000400725,0.000000000,0.000000000,0.000000000,0.000000000,0.000000000,0.000000000,0.000000000,0.001445020,0.000002860,-0.001430529,-0.000000179,0.000497920,0.000000548,-0.000351451,0.000000000,0.000000000,0.000000000,0.000000000,0.000000000,0.000000000,0.000000000,0.245358165,-0.070896058,-0.296973091,0.155926259,0.474188534,0.344147320,0.010477870
5.900000000,0,5.900000000,sample,0.216507727,-0.000007975,0.000000000,0.000000000,0.000000000,0.000000000,0.000000000,0,0,2.000000000,0.080000000,0.000000000,0.000000000,0.000947037,0.000000000,0.004643723,0.000000000,0.000000000,0.000000000,0.002240084,0.422768456,1,53.453286084,0,0.000000000,0.359239021,0.026220633,0.359239021,0.026220633,1.216114549,0.205821743,0.772823470,0.046914585,0.667696425,0.000000000,0.735092514,2.000000000,0.421782767,8.435655350,0.914781904,1.000000000,1.260811834,0.474022674,0.733826094,0.000000000,1.261661361,0.516477045,0.740402281,1,0,0,0.000000000,0.078507673,-0.301917156,0.178143905,-0.008902828,-0.019714809,-0.014818488,0.892298959,12.118500144,-0.548307101,-130.913027461,-0.110106972,142.885909507,44.737587871,0.001637765,-0.000006370,0.000604842,-0.000151860,0.000046759,-0.000185254,-0.001382122,0.000000000,0.000000000,0.000000000,0.000000000,0.000000000,0.000000000,0.000000000,0.000644685,0.000001278,-0.000638220,-0.000000080,0.000222143,0.000000244,-0.000156797,0.000000000,0.000000000,0.000000000,0.000000000,0.000000000,0.000000000,0.000000000,0.338236880,-0.063494166,-0.238218314,0.152245311,0.471041535,0.343567167,0.014829489
5.950000000,0,5.950000000,sample,0.216507965,0.000004756,0.000000000,0.000000000,0.000000000,0.000000000,0.000000000,0,0,2.000000000,0.080000000,0.000000000,0.000000000,0.000085971,0.000000000,0.004653785,0.000000000,0.000000000,0.000000000,0.001020461,0.084247563,2,51.613417522,0,0.000000000,0.403150813,0.029414620,0.403150813,0.029487249,0.595608969,0.038543486,0.802693750,0.027622331,0.660911304,0.000000000,0.807089970,2.000000000,0.460770452,9.215409043,0.999367637,1.000000000,1.284115233,0.457746370,0.748143458,0.000000000,1.288528995,0.512375975,0.750281706,1,0,0,0.000000000,0.079603461,-0.352019780,0.179655062,-0.008762068,-0.019693127,-0.020015664,0.898397073,12.118561100,-0.548970030,-130.913236185,-0.110107080,142.886198308,44.737841165,-0.000241874,0.000733125,-0.000389066,-0.000236928,-0.000215420,0.000373076,-0.000228623,0.000000000,0.000000000,0.000000000,0.000000000,0.000000000,0.000000000,0.000000000,0.000058524,0.000000116,-0.000057937,-0.000000007,0.000020166,0.000000022,-0.000014234,0.000000000,0.000000000,0.000000000,0.000000000,0.000000000,0.000000000,0.000000000,0.386927385,-0.061989633,-0.214360471,0.146389590,0.469112742,0.344288438,0.013472254
6.000000000,0,6.000000000,sample,0.216507668,-0.000005933,0.000000000,0.000000000,0.000000000,0.000000000,0.000000000,0,0,2.000000000,0.080000000,0.000000000,0.000000000,0.003211625,0.000000000,0.006577515,0.000000000,0.000000000,0.000000000,0.004829192,0.665043889,3,89.439328064,0,0.000000000,0.440891354,0.032476477,0.440891354,0.032476477,2.337220802,0.329109809,0.790558770,0.034608312,0.612699394,0.000000000,0.892163122,2.000000000,0.500000000,10.000000000,1.084463655,1.000000000,1.305904323,0.445570616,0.769869977,0.000000000,1.305904323,0.495277780,0.769869977,1,0,0,0.000000000,0.079383094,-0.395711947,0.177469898,-0.008337092,-0.019647506,-0.024478358,0.905517596,12.118356348,-0.551280863,-130.913140476,-0.110007481,142.885935470,44.738159330,0.000433252,0.000352410,-0.004567082,-0.000267697,0.000261166,-0.000447953,0.001345523,0.000000000,0.000000000,0.000000000,0.000000000,0.000000000,0.000000000,0.000000000,0.002186280,0.000004357,-0.002164358,-0.000000271,0.000753333,0.000000828,-0.000531731,0.000000000,0.000000000,0.000000000,0.000000000,0.000000000,0.000000000,0.000000000,0.431797339,-0.064977359,-0.201665835,0.151541198,0.468056553,0.345126015,0.014353990
6.050000000,0,6.050000000,sample,0.216506904,-0.000015278,0.000000000,0.000000000,0.000000000,0.000000000,0.000000000,0,0,2.000000000,0.080000000,0.000000000,0.000000000,0.004441996,0.000000000,0.012669510,0.000000000,0.000000000,0.000000000,0.004907690,0.905109242,3,61.494111054,0,0.000000000,0.445375325,0.033059233,0.452481864,0.033738593,0.810437824,0.093236691,0.853756692,0.017709340,0.683797046,0.000000000,0.911826715,2.000000000,0.539229548,10.784590957,1.169627864,1.000000000,1.204023860,0.460208769,0.769719502,0.000000000,1.308213820,0.498642964,0.775044458,1,0,0,0.000000000,0.080218757,-0.399544260,0.179690052,-0.005962819,-0.019895154,-0.025720430,0.917583977,12.118615967,-0.562400020,-130.913140476,-0.110067036,142.885910735,44.738159331,0.002751886,0.000524563,-0.003848521,0.001153043,0.000081927,-0.000131012,0.000269961,0.000000000,0.000000000,0.000000000,0.000000000,0.000000000,0.000000000,0.000000000,0.003023838,0.000006149,-0.002993515,-0.000000375,0.001041955,0.000001145,-0.000735452,0.000000000,0.000000000,0.000000000,0.000000000,0.000000000,0.000000000,0.000000000,0.297935003,-0.079255822,-0.356119223,0.166891979,0.471871351,0.346218038,0.014765693
6.100000000,0,6.100000000,sample,0.216506316,-0.000011760,0.000000000,0.000000000,0.000000000,0.000000000,0.000000000,0,0,2.000000000,0.080000000,0.000000000,0.000000000,0.000148169,0.000000000,0.010317097,0.000000000,0.000000000,0.000000000,0.001132413,0.130843372,7,49.225411659,0,0.000000000,0.464460050,0.034784566,0.465859113,0.035248308,0.482768175,0.081813311,0.916014687,0.019230913,0.735162678,0.000000000,0.964062049,2.000000000,0.578217233,11.564344650,1.254230033,1.000000000,1.251849641,0.428275792,0.780377204,0.000000000,1.268230625,0.457462196,0.780377204,1,0,0,0.000000000,0.078925517,-0.421738393,0.177850016,-0.004624259,-0.019620525,-0.028348144,0.926835237,12.118520222,-0.568955512,-130.913028815,-0.110007513,142.885955855,44.738326051,0.000086134,0.000006389,-0.000278147,0.000706716,0.000143358,0.000215145,0.000794510,0.000000000,0.000000000,0.000000000,0.000000000,0.000000000,0.000000000,0.000000000,0.000100864,0.000000208,-0.000099853,-0.000000013,0.000034756,0.000000038,-0.000024532,0.000000000,0.000000000,0.000000000,0.000000000,0.000000000,0.000000000,0.000000000,0.399746393,-0.075897158,-0.278110110,0.158865227,0.470261478,0.345689585,0.014159204
6.150000000,0,6.150000000,sample,0.216505721,-0.000011904,0.000000000,0.000000000,0.000000000,0.000000000,0.000000000,0,0,2.000000000,0.080000000,0.000000000,0.000000000,0.007146673,0.000000000,0.009985015,0.000000000,0.000000000,0.000000000,0.008062369,0.886423465,1,84.482529893,0,0.000000000,0.514122428,0.040468003,0.514122428,0.040468003,2.190302773,0.266927844,1.125421962,0.068938700,0.966224460,0.000000000,1.003418130,2.000000000,0.616722682,12.334453639,1.337839649,1.000000000,1.255097596,0.446317439,0.789809324,0.000000000,1.283800602,0.450557719,0.790723906,1,0,0,0.000000000,0.080125846,-0.475511227,0.178299725,-0.002289892,-0.019711207,-0.035268739,0.943454435,12.118506725,-0.579257261,-130.913140476,-0.110290972,142.885928743,44.738178153,0.007410476,-0.000295035,-0.003150099,0.000175957,-0.000167243,-0.000067436,-0.000113949,0.000000000,0.000000000,0.000000000,0.000000000,0.000000000,0.000000000,0.000000000,0.004865017,0.000010193,-0.004816232,-0.000000605,0.001676381,0.000001846,-0.001183254,0.000000000,0.000000000,0.000000000,0.000000000,0.000000000,0.000000000,0.000000000,0.362416330,-0.066119729,-0.344016552,0.164040855,0.472527484,0.345428813,0.014875349
6.200000000,0,6.200000000,sample,0.216504481,-0.000024802,0.000000000,0.000000000,0.000000000,0.000000000,0.000000000,0,0,2.000000000,0.080000000,0.000000000,0.000000000,0.006220965,0.000000000,0.012714386,0.000000000,0.000000000,0.000000000,0.006886941,0.903298763,3,62.305008418,0,0.000000000,0.567592133,0.046777006,0.569256677,0.046989798,0.953248009,0.140915922,1.092305130,0.030958673,0.882243494,0.000000000,1.078402873,2.000000000,0.654508497,13.090169944,1.419947729,1.000000000,1.206240450,0.455825412,0.809177449,0.000000000,1.357136233,0.461614414,0.842023973,1,0,0,0.000000000,0.080851756,-0.532933959,0.177778566,0.001540743,-0.019660275,-0.042416836,0.969346338,12.118424513,-0.598087275,-130.913236185,-0.110086828,142.885928420,44.738347525,0.003990051,-0.000716685,-0.005436105,-0.000504806,-0.000079044,-0.000692259,0.000839209,0.000000000,0.000000000,0.000000000,0.000000000,0.000000000,0.000000000,0.000000000,0.004234853,0.000009165,-0.004192387,-0.000000526,0.001459235,0.000001604,-0.001029984,0.000000000,0.000000000,0.000000000,0.000000000,0.000000000,0.000000000,0.000000000,0.305299409,-0.073054420,-0.428814940,0.163286661,0.475824924,0.345116437,0.012804936
6.250000000,0,6.250000000,sample,0.216502079,-0.000048047,0.000000000,0.000000000,0.000000000,0.000000000,0.000000000,0,0,2.000000000,0.080000000,0.000000000,0.000000000,0.016435274,0.000000000,0.020583344,0.000000000,0.000000000,0.000000000,0.018300233,0.898090980,1,81.373787437,0,0.000000000,0.608674750,0.053625081,0.608674750,0.053625081,4.439579349,0.506312585,1.435781633,0.116496477,1.270409148,0.000000000,1.140508616,2.000000000,0.691341716,13.826834324,1.500129159,1.000000000,1.218194371,0.427871565,0.825331181,0.000000000,1.440575177,0.515753225,0.825331181,1,0,0,0.000000000,0.080967205,-0.575990689,0.179343216,0.007936742,-0.019745217,-0.049221782,1.005867240,12.118739871,-0.628523524,-130.913140476,-0.110089749,142.885955358,44.738306975,0.016508168,0.000882102,-0.007837183,-0.000212467,-0.000124817,0.000060860,0.000339022,0.000000000,0.000000000,0.000000000,0.000000000,0.000000000,0.000000000,0.000000000,0.011188102,0.000025462,-0.011075906,-0.000001388,0.003855290,0.000004238,-0.002721211,0.000000000,0.000000000,0.000000000,0.000000000,0.000000000,0.000000000,0.000000000,0.360473975,-0.076016783,-0.414849440,0.167424046,0.474791971,0.346026771,0.012597959
6.300000000,0,6.300000000,sample,0.216497442,-0.000092739,0.000000000,0.000000000,0.000000000,0.000000000,0.000000000,0,0,2.000000000,0.080000000,0.000000000,0.000000000,0.033633863,0.000000000,0.035837958,0.000000000,0.000000000,0.000000000,0.035429529,0.949317238,1,50.696098188,0,0.000000000,0.591373131,0.058159895,0.609301922,0.058492575,0.467160076,0.307702395,1.159607576,0.075609183,0.951660957,0.000000000,1.175321333,2.000000000,0.726995250,14.539904997,1.577891644,1.000000000,1.246154032,0.407150477,0.850551992,0.000000000,1.272894235,0.435531153,0.862655834,1,0,0,0.000000000,0.080034372,-0.558752826,0.176385824,0.020050109,-0.019398467,-0.051032009,1.064362730,12.118561075,-0.686148925,-130.913140476,-0.110121705,142.885908486,44.738674260,0.025226247,0.000024399,-0.024838085,0.000315111,-0.000241129,-0.000153474,0.001332649,0.000000000,0.000000000,0.000000000,0.000000000,0.000000000,0.000000000,0.000000000,0.022895817,0.000056940,-0.022666228,-0.000002842,0.007889600,0.000008676,-0.005568782,0.000000000,0.000000000,0.000000000,0.000000000,0.000000000,0.000000000,0.000000000,0.409272252,-0.064398803,-0.428915546,0.154652008,0.474209122,0.344776124,0.012532064
6.350000000,0,6.350000000,sample,0.216490649,-0.000135862,0.000000000,0.000000000,0.000000000,0.000000000,0.000000000,0,0,2.000000000,0.080000000,0.000000000,0.000000000,0.042970799,0.000000000,0.044568872,0.000000000,0.000000000,0.000000000,0.045201732,0.950644977,3,58.666739953,0,0.000000000,0.546101498,0.066069183,0.589869537,0.066069183,3.902280847,0.519653232,0.926697915,0.095185377,0.732324994,0.000000000,1.320357213,2.000000000,0.761249282,15.224985647,1.652881299,1.000000000,1.331924982,0.397399047,0.881951231,0.000000000,1.331924982,0.414247427,0.882549478,1,0,0,0.000000000,0.080534757,-0.510803079,0.175559713,0.036739385,-0.019250747,-0.051427261,1.142372135,12.118562617,-0.765567104,-130.913331894,-0.110152679,142.885935461,44.738661531,0.029040526,0.000161819,-0.034621912,-0.000903001,-0.000234374,-0.000251170,0.000456024,0.000000000,0.000000000,0.000000000,0.000000000,0.000000000,0.000000000,0.000000000,0.029251766,0.000081260,-0.028958431,-0.000003632,0.010079958,0.000011088,-0.007114825,0.000000000,0.000000000,0.000000000,0.000000000,0.000000000,0.000000000,0.000000000,0.529237307,-0.052945546,-0.357743723,0.146863789,0.475686642,0.344884127,0.013047209
6.400000000,0,6.400000000,sample,0.216484348,-0.000126022,0.000000000,0.000000000,0.000000000,0.000000000,0.000000000,0,0,2.000000000,0.080000000,0.000000000,0.000000000,0.024146360,0.000000000,0.040402272,0.000000000,0.000000000,0.000000000,0.025849376,0.934117704,1,63.929189315,0,0.000000000,0.573118560,0.079025317,0.573118560,0.079025317,2.470571054,0.321826211,1.253207407,0.111953378,1.080053529,0.000000000,1.262803408,2.000000000,0.793892626,15.877852523,1.724423179,1.000000000,1.266492225,0.375791524,0.894641998,0.000000000,1.373180976,0.405977063,0.897615471,1,0,0,0.000000000,0.078551240,-0.540374967,0.174038734,0.049538493,-0.018971160,-0.058575025,1.209629199,12.118799548,-0.826749750,-130.913028815,-0.110073464,142.885887917,44.738886746,0.020668057,0.000373064,-0.015395370,0.001303958,-0.000268716,-0.000257537,0.001423444,0.000000000,0.000000000,0.000000000,0.000000000,0.000000000,0.000000000,0.000000000,0.016437241,0.000049349,-0.016272417,-0.000002040,0.005664348,0.000006226,-0.003998113,0.000000000,0.000000000,0.000000000,0.000000000,0.000000000,0.000000000,0.000000000,0.502606335,-0.071250362,-0.409419873,0.156062742,0.481557607,0.344434169,0.013480529
6.450000000,0,6.450000000,sample,0.216478935,-0.000108260,0.000000000,0.000000000,0.000000000,0.000000000,0.000000000,0,0,2.000000000,0.080000000,0.000000000,0.000000000,0.030951977,0.000000000,0.032854945,0.000000000,0.000000000,0.000000000,0.032572588,0.950246180,1,59.699872442,0,0.000000000,0.616014920,0.092117286,0.616014920,0.092117286,2.017449428,0.385757453,1.311612142,0.131925238,1.138246552,0.000000000,1.302758337,2.000000000,0.824724024,16.494480483,1.792000308,1.000000000,1.344249293,0.384892726,0.928021669,0.000000000,1.408406755,0.475014517,0.931032301,1,0,0,0.000000000,0.077618422,-0.586638260,0.171187950,0.060412576,-0.018533739,-0.067025484,1.269422595,12.118679010,-0.879098672,-130.913028815,-0.109887849,142.885969284,44.738897355,0.025167436,-0.000503681,-0.020649696,0.000851653,-0.000225681,-0.000262763,0.000254470,0.000000000,0.000000000,0.000000000,0.000000000,0.000000000,0.000000000,0.000000000,0.021070035,0.000067300,-0.020858766,-0.000002610,0.007260869,0.000007967,-0.005124998,0.000000000,0.000000000,0.000000000,0.000000000,0.000000000,0.000000000,0.000000000,0.612415448,-0.076597571,-0.321606493,0.165899248,0.479420992,0.345408211,0.014132646
6.500000000,0,6.500000000,sample,0.216470670,-0.000165300,0.000000000,0.000000000,0.000000000,0.000000000,0.000000000,0,0,2.000000000,0.080000000,0.000000000,0.000000000,0.041527331,0.000000000,0.046163990,0.000000000,0.000000000,0.000000000,0.043608856,0.952268304,1,54.791605509,0,0.000000000,0.651332418,0.108747721,0.652956885,0.108747721,1.115060660,0.381805022,1.334868864,0.143125107,1.134232252,0.000000000,1.348507284,2.000000000,0.853553391,17.071067812,1.855651527,1.000000000,1.301567861,0.387000093,0.925825005,0.000000000,1.340222573,0.427135354,0.925825005,1,0,0,0.000000000,0.078204485,-0.623261421,0.172230016,0.075895877,-0.018563342,-0.075639175,1.351288723,12.119054970,-0.953518164,-130.913028816,-0.109643582,142.885961851,44.739191039,0.032279864,-0.000435244,-0.029284676,0.000715376,0.000078378,-0.000012490,0.001201201,0.000000000,0.000000000,0.000000000,0.000000000,0.000000000,0.000000000,0.000000000,0.028268907,0.000098009,-0.027985433,-0.000003494,0.009742143,0.000010666,-0.006876376,0.000000000,0.000000000,0.000000000,0.000000000,0.000000000,0.000000000,0.000000000,0.522095161,-0.059514544,-0.445037303,0.160625809,0.486985619,0.346140851,0.014116282
6.550000000,0,6.550000000,sample,0.216460710,-0.000199195,0.000000000,0.000000000,0.000000000,0.000000000,0.000000000,0,0,2.000000000,0.080000000,0.000000000,0.000000000,0.035637845,0.000000000,0.046117002,0.000000000,0.000000000,0.000000000,0.037271791,0.956161339,3,50.698087017,0,0.000000000,0.632005520,0.123803159,0.652998416,0.123803159,1.128187995,0.325469388,1.212142755,0.144256147,1.017756441,0.000000000,1.416765034,2.000000000,0.880202983,17.604059656,1.914674961,1.000000000,1.267745266,0.367577675,0.943543671,0.000000000,1.311789131,0.409954413,0.945160119,1,0,0,0.000000000,0.076993519,-0.604213531,0.168608967,0.093247348,-0.018106240,-0.079399737,1.435807133,12.118978265,-1.036180480,-130.913028816,-0.109648912,142.885929469,44.739129763,0.026149328,-0.000546001,-0.026538480,0.000763897,-0.000054907,-0.000429610,0.000197181,0.000000000,0.000000000,0.000000000,0.000000000,0.000000000,0.000000000,0.000000000,0.024259702,0.000091459,-0.024016445,-0.000002999,0.008360625,0.000009154,-0.005901248,0.000000000,0.000000000,0.000000000,0.000000000,0.000000000,0.000000000,0.000000000,0.521988490,-0.069898086,-0.472036942,0.159619805,0.494220911,0.346576068,0.015820749
6.600000000,0,6.600000000,sample,0.216451451,-0.000185185,0.000000000,0.000000000,0.000000000,0.000000000,0.000000000,0,0,2.000000000,0.080000000,0.000000000,0.000000000,0.033049837,0.000000000,0.038683541,0.000000000,0.000000000,0.000000000,0.034331828,0.962658815,1,51.368771997,0,0.000000000,0.634935457,0.138801839,0.635644825,0.138801839,0.492947998,0.327952475,1.252844103,0.164723051,1.084344336,0.000000000,1.448313887,2.000000000,0.904508497,18.090169944,1.968670385,1.000000000,1.426186578,0.405235197,1.001587244,0.000000000,1.426186578,0.405235197,1.002333939,1,0,0,0.000000000,0.076559471,-0.607554139,0.167808375,0.108345301,-0.017743933,-0.084925845,1.512270884,12.119157608,-1.108872992,-130.913140459,-0.109380376,142.886198244,44.738778601,0.024606312,-0.000429549,-0.023902956,0.000161914,-0.000058433,0.000293682,-0.001245851,0.000000000,0.000000000,0.000000000,0.000000000,0.000000000,0.000000000,0.000000000,0.022497887,0.000090814,-0.022272278,-0.000002775,0.007753787,0.000008469,-0.005472919,0.000000000,0.000000000,0.000000000,0.000000000,0.000000000,0.000000000,0.000000000,0.716462537,-0.065606724,-0.316762768,0.157514270,0.490971258,0.345140702,0.015163160
6.650000000,0,6.650000000,sample,0.216440940,-0.000210214,0.000000000,0.000000000,0.000000000,0.000000000,0.000000000,0,0,2.000000000,0.080000000,0.000000000,0.000000000,0.048613834,0.000000000,0.048719709,0.000000000,0.000000000,0.000000000,0.050962992,0.953904628,1,62.056536605,0,0.000000000,0.729080769,0.160813231,0.729080769,0.160813231,4.114031575,0.708370365,1.663003369,0.236042201,1.518847692,0.000000000,1.470700434,2.000000000,0.926320082,18.526401644,2.017662165,1.000000000,1.278303745,0.381570115,0.973408414,0.000000000,1.424955278,0.405144657,0.998908427,1,0,0,0.000000000,0.080389728,-0.704165641,0.171017570,0.124482394,-0.018316929,-0.100147486,1.603713934,12.119654850,-1.186251682,-130.913331894,-0.109175365,142.885867681,44.739177459,0.040146592,0.001209720,-0.031334823,-0.001153946,0.000148578,-0.000412442,-0.000786987,0.000000000,0.000000000,0.000000000,0.000000000,0.000000000,0.000000000,0.000000000,0.033092541,0.000142974,-0.032760647,-0.000004074,0.011405876,0.000012435,-0.008050710,0.000000000,0.000000000,0.000000000,0.000000000,0.000000000,0.000000000,0.000000000,0.516908534,-0.058353836,-0.528941756,0.159942207,0.502050673,0.345348373,0.015590735
6.700000000,0,6.700000000,sample,0.216426078,-0.000297240,0.000000000,0.000000000,0.000000000,0.000000000,0.000000000,0,0,2.000000000,0.080000000,0.000000000,0.000000000,0.051783327,0.000000000,0.054898986,0.000000000,0.000000000,0.000000000,0.053731046,0.963750588,3,51.263749924,0,0.000000000,0.781573955,0.184166696,0.782916126,0.184166696,1.497465825,0.465057135,1.489273822,0.220548545,1.287038677,0.000000000,1.484856013,2.000000000,0.945503262,18.910065242,2.061334623,1.000000000,1.277974887,0.388026690,0.985322121,0.000000000,1.395210914,0.427625131,1.003570602,1,0,0,0.000000000,0.077061279,-0.760031003,0.165143216,0.144866441,-0.017351865,-0.112383269,1.712685466,12.119660546,-1.284595667,-130.913140476,-0.108751115,142.886053176,44.739419728,0.037460045,0.000051746,-0.038470735,0.000161036,0.000188142,-0.000332042,-0.001896997,0.000000000,0.000000000,0.000000000,0.000000000,0.000000000,0.000000000,0.000000000,0.035249929,0.000165008,-0.034896427,-0.000004323,0.012149952,0.000013194,-0.008575901,0.000000000,0.000000000,0.000000000,0.000000000,0.000000000,0.000000000,0.000000000,0.515039432,-0.058040012,-0.543832831,0.163318224,0.510120759,0.345375574,0.017057440
6.750000000,0,6.750000000,sample,0.216407448,-0.000372601,0.000000000,0.000000000,0.000000000,0.000000000,0.000000000,0,0,2.000000000,0.080000000,0.000000000,0.000000000,0.067189360,0.000000000,0.068597261,0.000000000,0.000000000,0.000000000,0.070184485,0.957324975,1,56.435726199,0,0.000000000,0.839631375,0.211391134,0.839631375,0.211391134,2.256451029,0.700175493,1.788624045,0.281893234,1.600382495,0.000000000,1.506610498,2.000000000,0.961939766,19.238795325,2.099670099,1.000000000,1.331444922,0.375742151,1.008796836,0.000000000,1.380202067,0.392616985,1.037120802,1,0,0,0.000000000,0.076931928,-0.819987484,0.163348865,0.168877589,-0.017033289,-0.126001740,1.839839526,12.120060928,-1.399863529,-130.913140476,-0.108427194,142.886024923,44.739993587,0.052725193,0.000571616,-0.046317233,0.000455157,0.000188575,0.000054478,-0.000239772,0.000000000,0.000000000,0.000000000,0.000000000,0.000000000,0.000000000,0.000000000,0.045736787,0.000233438,-0.045278097,-0.000005592,0.015765808,0.000017070,-0.011128111,0.000000000,0.000000000,0.000000000,0.000000000,0.000000000,0.000000000,0.000000000,0.622360918,-0.063394092,-0.461901374,0.163970577,0.516020089,0.345670160,0.017757026
6.800000000,0,6.800000000,sample,0.216380399,-0.000540987,0.000000000,0.000000000,0.000000000,0.000000000,0.000000000,0,0,2.000000000,0.080000000,0.000000000,0.000000000,0.084439367,0.000000000,0.084439367,0.000000000,0.000000000,0.000000000,0.088072142,0.958752288,1,54.070303288,0,0.000000000,0.863272714,0.244687685,0.865757907,0.244687685,1.468420766,0.846360610,1.778438907,0.330612219,1.605809612,0.000000000,1.523427652,2.000000000,0.975528258,19.510565163,2.132777712,1.000000000,1.318469875,0.400445383,1.005461216,0.000000000,1.411836146,0.404026977,1.033218708,1,0,0,0.000000000,0.074110249,-0.845960581,0.155235774,0.200550517,-0.016038350,-0.139263509,2.001347439,12.120112334,-1.551428657,-130.913028816,-0.108200409,142.885909338,44.739865375,0.064761658,-0.000073141,-0.059666488,0.001130645,-0.000131162,-0.000279861,-0.001077401,0.000000000,0.000000000,0.000000000,0.000000000,0.000000000,0.000000000,0.000000000,0.057478681,0.000325318,-0.056902298,-0.000007014,0.019814709,0.000021409,-0.013985977,0.000000000,0.000000000,0.000000000,0.000000000,0.000000000,0.000000000,0.000000000,0.560206554,-0.044075001,-0.527286255,0.153632846,0.524698122,0.343508649,0.015430823
6.850000000,0,6.850000000,sample,0.216343731,-0.000733351,0.000000000,0.000000000,0.000000000,0.000000000,0.000000000,0,0,2.000000000,0.080000000,0.000000000,0.000000000,0.097593068,0.000000000,0.102403418,0.000000000,0.000000000,0.000000000,0.101753493,0.959112704,1,53.000637077,0,0.000000000,0.888433682,0.284676445,0.897314287,0.284676445,0.939805912,0.713199528,1.818214141,0.335423273,1.556635836,0.000000000,1.529992299,2.000000000,0.986184960,19.723699204,2.160865841,1.000000000,1.247635937,0.440282531,1.026603682,0.000000000,1.455748538,0.440282531,1.046529339,1,0,0,0.000000000,0.071192799,-0.873107023,0.148088212,0.239109837,-0.014844139,-0.153775211,2.198787705,12.120558991,-1.737233316,-130.913028816,-0.107459084,142.886137244,44.740532821,0.074078106,0.001364712,-0.069553820,0.001184955,0.003664470,-0.000095580,0.003430690,0.000000000,0.000000000,0.000000000,0.000000000,0.000000000,0.000000000,0.000000000,0.066431681,0.000421287,-0.065765501,-0.000008052,0.022904146,0.000024578,-0.016166616,0.000000000,0.000000000,0.000000000,0.000000000,0.000000000,0.000000000,0.000000000,0.442790239,-0.050771117,-0.647469514,0.160482741,0.540464387,0.343388387,0.016893775
6.900000000,0,6.900000000,sample,0.216295887,-0.000956882,0.000000000,0.000000000,0.000000000,0.000000000,0.000000000,0,0,2.000000000,0.080000000,0.000000000,0.000000000,0.112281188,0.000000000,0.113544411,0.000000000,0.000000000,0.000000000,0.117522751,0.955399589,1,50.492839044,0,0.000000000,0.876630912,0.330256678,0.911257245,0.330256678,1.691748497,1.013667737,1.673273333,0.421122564,1.492255268,0.000000000,1.549567745,2.000000000,0.993844170,19.876883406,2.183761608,1.000000000,1.244268082,0.436837539,1.040302625,0.000000000,1.301411608,0.466663419,1.040302625,1,0,0,0.000000000,0.070193071,-0.862926250,0.137524458,0.284458729,-0.013688553,-0.167228370,2.425725448,12.120699286,-1.955032879,-130.913363682,-0.106862410,142.885955105,44.740584229,0.083509685,0.000091516,-0.082677690,-0.000826806,-0.000386215,-0.000135699,0.001126715,0.000000000,0.000000000,0.000000000,0.000000000,0.000000000,0.000000000,0.000000000,0.076428874,0.000545769,-0.075662464,-0.000009213,0.026354374,0.000028123,-0.018601940,0.000000000,0.000000000,0.000000000,0.000000000,0.000000000,0.000000000,0.000000000,0.467891097,-0.046844120,-0.644138038,0.147862207,0.555239416,0.340258377,0.016416012
6.950000000,0,6.950000000,sample,0.216234025,-0.001237243,0.000000000,0.000000000,0.000000000,0.000000000,0.000000000,0,0,2.000000000,0.080000000,0.000000000,0.000000000,0.114626815,0.000000000,0.121825923,0.000000000,0.000000000,0.000000000,0.119334412,0.960551222,3,51.879884563,0,0.000000000,0.776280580,0.377877452,0.868801709,0.377877452,3.769427768,0.990159303,1.367861231,0.449030724,1.216869805,0.000000000,1.594547827,2.000000000,0.998458667,19.969173337,2.201425210,1.000000000,1.280129629,0.406701731,1.044532951,0.000000000,1.313736190,0.435344215,1.045348658,1,0,0,0.000000000,0.063511005,-0.764144810,0.121080964,0.335830380,-0.011650209,-0.172839801,2.674368982,12.120996140,-2.202731689,-130.913236204,-0.105859782,142.885908490,44.740627697,0.082763015,0.000357589,-0.085953823,-0.000362223,0.001614071,-0.000240865,0.000056875,0.000000000,0.000000000,0.000000000,0.000000000,0.000000000,0.000000000,0.000000000,0.078024061,0.000628113,-0.077241776,-0.000009319,0.026909266,0.000028446,-0.018993598,0.000000000,0.000000000,0.000000000,0.000000000,0.000000000,0.000000000,0.000000000,0.577308746,-0.051025627,-0.544041480,0.143182467,0.568864818,0.338837569,0.016113750
7.000000000,0,7.000000000,disturb_auto_hold,0.000000000,,0.000000000,0.000000000,0.000000000,0.000000000,0.000000000,0,0,0.000000000,0.000000000,0.000000000,0.000000000,0.000000000,0.000000000,0.000000000,0.000000000,0.000000000,0.000000000,0.123792325,0.000000000,1,54.228230280,0,0.000000000,0.000000000,0.000000000,0.000000000,0.000000000,2.043520452,1.053752319,0.000000000,0.000000000,0.000000000,0.000000000,0.000000000,0.000000000,0.000000000,0.000000000,0.000000000,1.000000000,0.000000000,0.000000000,0.000000000,0.000000000,0.000000000,0.000000000,0.000000000,0,0,0,0.000000000,0.000000000,0.000000000,0.000000000,0.000000000,0.000000000,0.000000000,2.929158872,12.121224511,-2.440083825,-130.913243200,-0.104529023,142.885957353,44.741464469,0.091160445,-0.000745958,-0.083733358,-0.000256671,0.001398116,-0.000460692,0.000498450,0.000000000,0.000000000,0.000000000,0.000000000,0.000000000,0.000000000,0.000000000,0.000000000,0.000000000,0.000000000,0.000000000,0.000000000,0.000000000,0.000000000,0.000000000,0.000000000,0.000000000,0.000000000,0.000000000,0.000000000,0.000000000,0.000000000,0.000000000,0.000000000,0.000000000,0.000000000,0.000000000,0.000000000
7.000000000,0,7.000000000,sample,0.216168079,-0.001318904,0.000000000,0.000000000,0.000000000,0.000000000,0.000000000,0,0,2.000000000,0.080000000,0.000000000,0.000000000,0.118713892,0.000000000,0.120040254,0.000000000,0.000000000,0.000000000,0.123792325,0.958976185,1,54.228230280,0,0.000000000,0.831705622,0.430910154,0.832774172,0.430910154,2.043520452,1.053752319,1.755126474,0.522827058,1.661056601,0.000000000,1.592691568,2.000000000,1.000000000,20.000000000,2.213360417,1.000000000,1.171352746,0.534973739,1.083446085,0.000000000,1.293198339,0.587532362,1.101659623,1,0,0,0.000000000,0.057937845,-0.823206055,0.103485455,0.384826928,-0.009403504,-0.193657870,2.929158872,12.121224511,-2.440083825,-130.913243200,-0.104529023,142.885957353,44.741464469,0.091160445,-0.000745958,-0.083733358,-0.000256671,0.001398116,-0.000460692,0.000498450,0.000000000,0.000000000,0.000000000,0.000000000,0.000000000,0.000000000,0.000000000,0.080804472,0.000720939,-0.079994421,-0.000009532,0.027873398,0.000029094,-0.019674119,0.000000000,0.000000000,0.000000000,0.000000000,0.000000000,0.000000000,0.000000000,0.338911990,-0.062766441,-0.752230503,0.147787735,0.593810980,0.338279620,0.017830603
7.050000000,0,7.050000000,sample,0.216091632,-0.001528959,0.000000000,0.000000000,0.000000000,0.000000000,0.000000000,0,0,2.000000000,0.080000000,0.000000000,0.000000000,0.115644656,0.000000000,0.124100310,0.000000000,0.000000000,0.000000000,0.120674112,0.958321995,3,52.485890541,0,0.000000000,0.830267728,0.483940288,0.851966970,0.483940288,4.440585859,1.047516366,1.440665656,0.550497995,1.324568229,0.000000000,1.604636020,2.000000000,1.000000000,20.000000000,2.222978951,1.000000000,1.183810926,0.474335187,1.073215259,0.000000000,1.249700003,0.590329373,1.117670283,1,0,0,0.000000000,0.051559437,-0.824415017,0.083821263,0.436285339,-0.006970499,-0.209295765,3.190172256,12.121546138,-2.689344501,-130.913274512,-0.103147492,142.885975343,44.742020227,0.083177197,0.000199285,-0.087424951,-0.000651712,0.000378200,-0.000177761,-0.000184461,0.000000000,0.000000000,0.000000000,0.000000000,0.000000000,0.000000000,0.000000000,0.078713547,0.000774379,-0.077924569,-0.000009164,0.027158135,0.000027973,-0.019169261,0.000000000,0.000000000,0.000000000,0.000000000,0.000000000,0.000000000,0.000000000,0.471209156,-0.065050345,-0.643979480,0.142258419,0.613984405,0.336583286,0.017583799
7.100000000,0,7.100000000,sample,0.216005687,-0.001718890,0.000000000,0.000000000,0.000000000,0.000000000,0.000000000,0,0,2.000000000,0.080000000,0.000000000,0.000000000,0.121349868,0.000000000,0.127033166,0.000000000,0.000000000,0.000000000,0.126369040,0.960281634,1,50.602958114,0,0.000000000,0.700081756,0.532564182,0.827875473,0.532564182,1.662356078,1.042303976,1.318988764,0.606440482,1.311653867,0.000000000,1.643332389,2.000000000,1.000000000,20.000000000,2.233080418,1.000000000,1.451337099,0.456571646,1.122992231,0.000000000,1.558456147,0.488558754,1.174697273,1,0,0,0.000000000,0.042172138,-0.696343421,0.058666994,0.488705160,-0.004008643,-0.211602942,3.443145219,12.121633136,-2.944285607,-130.913220061,-0.101427507,142.885955105,44.742040681,0.089893572,0.000006542,-0.088807064,-0.000015983,0.001058586,-0.000496785,-0.000466493,0.000000000,0.000000000,0.000000000,0.000000000,0.000000000,0.000000000,0.000000000,0.082594795,0.000889963,-0.081767130,-0.000009458,0.028503682,0.000028870,-0.020118997,0.000000000,0.000000000,0.000000000,0.000000000,0.000000000,0.000000000,0.000000000,0.796500019,-0.050737483,-0.327346224,0.121225521,0.625104157,0.333456686,0.018034192
7.150000000,0,7.150000000,sample,0.215915945,-0.001794843,0.000000000,0.000000000,0.000000000,0.000000000,0.000000000,0,0,2.000000000,0.080000000,0.000000000,0.000000000,0.120152011,0.000000000,0.126449859,0.000000000,0.000000000,0.000000000,0.123778741,0.970699897,1,56.186492855,0,0.000000000,0.719655591,0.572774469,0.719655591,0.572774469,4.253987888,1.072822049,1.647372944,0.642142627,1.685154295,0.000000000,1.669851329,2.000000000,1.000000000,20.000000000,2.244272971,1.000000000,1.341319903,0.564938930,1.127996802,0.000000000,1.447650867,0.564938930,1.134032972,1,0,0,0.000000000,0.032750063,-0.718147316,0.033106447,0.530488308,-0.000871578,-0.215990712,3.702102588,12.121903186,-3.191025488,-130.913033916,-0.084889170,142.885955105,44.742148457,0.092781636,0.000334720,-0.081631142,0.000718055,0.005581026,-0.000412494,-0.004141971,0.000000000,0.000000000,0.000000000,0.000000000,0.000000000,0.000000000,0.000000000,0.081777293,0.000955674,-0.080958035,-0.000007839,0.028228722,0.000023929,-0.019924912,0.000000000,0.000000000,0.000000000,0.000000000,0.000000000,0.000000000,0.000000000,0.659244414,-0.037027861,-0.446989300,0.106263468,0.718952157,0.328970427,0.014050675
7.200000000,0,7.200000000,sample,0.215820306,-0.001912783,0.000000000,0.000000000,0.000000000,0.000000000,0.000000000,0,0,2.000000000,0.080000000,0.000000000,0.000000000,0.116061340,0.000000000,0.124520407,0.000000000,0.000000000,0.000000000,0.121088004,0.958487513,1,55.686967564,0,0.000000000,0.800110197,0.625960432,0.800110197,0.625960432,3.374190766,1.180947480,1.760974989,0.706671518,1.792535929,0.000000000,1.717726806,2.000000000,1.000000000,20.000000000,2.256436040,1.000000000,1.271666674,0.666677929,1.185747676,0.000000000,1.336389561,0.727939339,1.190441622,1,0,0,0.000000000,0.026266550,-0.799649609,0.006848295,0.579213932,0.002350102,-0.237343972,3.965149608,12.121919826,-3.434219627,-130.913411125,-0.081166487,142.886124129,44.743079342,0.090360350,-0.001203506,-0.080585860,-0.000620601,0.000488402,0.000470540,-0.000968236,0.000000000,0.000000000,0.000000000,0.000000000,0.000000000,0.000000000,0.000000000,0.078991025,0.000993828,-0.078199813,-0.000007242,0.027273750,0.000022106,-0.019250874,0.000000000,0.000000000,0.000000000,0.000000000,0.000000000,0.000000000,0.000000000,0.643325639,-0.065183464,-0.463206473,0.106456767,0.808678211,0.328313705,0.015400352
7.250000000,0,7.250000000,sample,0.215717952,-0.002047075,0.000000000,0.000000000,0.000000000,0.000000000,0.000000000,0,0,2.000000000,0.080000000,0.000000000,0.000000000,0.106629921,0.000000000,0.124131788,0.000000000,0.000000000,0.000000000,0.114406976,0.932022896,1,54.947041254,0,0.000000000,0.859095539,0.654026974,0.859095539,0.654026974,2.933409018,0.932644164,1.861776497,0.693939307,1.598268870,0.000000000,1.660620802,2.000000000,1.000000000,20.000000000,2.269323389,1.000000000,1.207425643,0.728031567,1.178191291,0.000000000,1.361564867,0.776873228,1.192563925,1,0,0,0.000000000,0.019159634,-0.858721738,-0.016584054,0.629116777,0.005850145,-0.178687266,4.223720539,12.122671609,-3.675200803,-130.913411306,-0.079831444,142.886036703,44.823622195,0.084805625,0.000579483,-0.075774643,-0.001252720,-0.000400026,-0.000410266,0.012366566,0.000000000,0.000000000,0.000000000,0.000000000,0.000000000,0.000000000,0.000000000,0.072569672,0.000977463,-0.071842872,-0.000006546,0.025064637,0.000019981,-0.017691598,0.000000000,0.000000000,0.000000000,0.000000000,0.000000000,0.000000000,0.000000000,0.485297909,-0.055553196,-0.605543496,0.107240871,0.815111947,0.325550320,0.030991493
7.300000000,0,7.300000000,sample,0.215624409,-0.001870852,0.000000000,0.000000000,0.000000000,0.000000000,0.000000000,0,0,2.000000000,0.080000000,0.000000000,0.000000000,0.090696848,0.000000000,0.113936555,0.000000000,0.000000000,0.000000000,0.098671354,0.919181144,1,53.551673788,0,0.000000000,1.022927932,0.694790830,1.022927932,0.694790830,2.011571937,0.890939863,2.145525065,0.701255097,1.718025793,0.000000000,1.693980185,2.000000000,1.000000000,20.000000000,2.281613121,1.000000000,1.222006353,0.711990805,1.185691143,0.000000000,1.309722606,0.743916412,1.192017100,1,0,0,0.000000000,0.012219666,-1.021992220,-0.042001615,0.672382202,0.009291838,-0.174785965,4.458207411,12.122890276,-3.882367185,-130.913479965,-0.079482201,142.886036703,44.859170870,0.072206719,0.000167888,-0.065406047,-0.000715462,0.000327337,-0.000438277,0.015602420,0.000000000,0.000000000,0.000000000,0.000000000,0.000000000,0.000000000,0.000000000,0.061724346,0.000878478,-0.061106296,-0.000005545,0.021324263,0.000016925,-0.015051499,0.000000000,0.000000000,0.000000000,0.000000000,0.000000000,0.000000000,0.000000000,0.397556720,-0.025732251,-0.706112004,0.069262092,0.798658776,0.320197577,0.058105617
7.350000000,0,7.350000000,sample,0.215531126,-0.001865672,0.000000000,0.000000000,0.000000000,0.000000000,0.000000000,0,0,2.000000000,0.080000000,0.000000000,0.000000000,0.097380187,0.000000000,0.097395074,0.000000000,0.000000000,0.000000000,0.102016189,0.954556207,3,52.010357450,0,0.000000000,1.012256548,0.734149972,1.057788207,0.734149972,3.463884946,0.914761866,1.851415144,0.761821621,1.578866692,0.000000000,1.720761937,2.000000000,1.000000000,20.000000000,2.292929457,1.000000000,1.261955872,0.505764761,1.188337164,0.000000000,1.297657756,0.811526854,1.238713301,1,0,0,0.000000000,0.004137494,-1.010366083,-0.061697475,0.713225311,0.011987599,-0.173614905,4.661675847,12.123910811,-4.077909451,-130.913301764,-0.079147788,142.886170756,44.872355575,0.070634455,0.001948925,-0.073572246,0.000257869,-0.000516538,0.000449293,0.000931499,0.000000000,0.000000000,0.000000000,0.000000000,0.000000000,0.000000000,0.000000000,0.066270625,0.000990997,-0.065607092,-0.000005930,0.022902283,0.000018101,-0.016165317,0.000000000,0.000000000,0.000000000,0.000000000,0.000000000,0.000000000,0.000000000,0.672350699,-0.083165194,-0.471416788,0.067840182,0.787303156,0.319481793,0.066500735
7.400000000,0,7.400000000,sample,0.215425352,-0.002115469,0.000000000,0.000000000,0.000000000,0.000000000,0.000000000,0,0,2.000000000,0.080000000,0.000000000,0.000000000,0.094997448,0.000000000,0.100526067,0.000000000,0.000000000,0.000000000,0.099826380,0.951626700,3,53.847143469,0,0.000000000,0.870900320,0.776124251,1.010316448,0.776124251,6.511533015,1.058115346,1.532905941,0.799732507,1.349625724,0.000000000,1.656816437,2.000000000,1.000000000,20.000000000,2.308376874,1.000000000,2.385761555,1.087418209,1.264060066,0.000000000,2.385761555,1.087418209,1.264060066,1,0,0,0.000000000,0.036612910,-0.862679090,0.113629445,0.757245487,-0.005142925,-0.170063740,4.860224272,12.149047601,-4.282305677,-130.909458469,-0.077793718,142.886741127,44.873724925,0.067296895,0.008315396,-0.073253209,-0.000052180,-0.000173186,-0.000169682,0.001092729,0.000000000,0.000000000,0.000000000,0.000000000,0.000000000,0.000000000,0.000000000,0.064637899,0.001017364,-0.063987294,-0.000005698,0.022389763,0.000017393,-0.015803376,0.000000000,0.000000000,0.000000000,0.000000000,0.000000000,0.000000000,0.000000000,0.767407820,0.362557210,-0.382929009,0.045481531,0.797965426,0.295959816,0.066641803
7.450000000,0,7.450000000,sample,0.215326172,-0.001983597,0.000000000,0.000000000,0.000000000,0.000000000,0.000000000,0,0,2.000000000,0.080000000,0.000000000,0.000000000,0.088618476,0.000000000,0.096887079,0.000000000,0.000000000,0.000000000,0.094188231,0.940865710,1,54.456412549,0,0.000000000,0.933923588,0.818784072,0.933923588,0.818784072,8.611125686,1.290088816,2.229102048,0.857026987,2.138956323,0.000000000,1.871913712,2.000000000,1.000000000,20.000000000,2.327513593,1.000000000,1.455669810,0.644230058,1.265453059,0.000000000,2.586673521,1.211311882,1.295941618,1,0,0,0.000000000,0.152798297,-0.753601981,0.530047170,0.799295932,-0.048846123,-0.170726172,5.044088640,12.199851430,-4.468006803,-130.905850479,-0.075723175,142.886704933,44.874091815,0.069505817,0.016767675,-0.061291820,0.001267801,0.000028194,-0.000627590,0.000721192,0.000000000,0.000000000,0.000000000,0.000000000,0.000000000,0.000000000,0.000000000,0.060278634,0.000994218,-0.059664539,-0.000005195,0.020970969,0.000015857,-0.014801796,0.000000000,0.000000000,0.000000000,0.000000000,0.000000000,0.000000000,0.000000000,0.703179618,-0.122159204,-0.443339300,0.293555636,0.827013693,0.347229910,0.068862867
7.500000000,0,7.500000000,sample,0.215236562,-0.001792218,0.000000000,0.000000000,0.000000000,0.000000000,0.000000000,0,0,2.000000000,0.080000000,0.000000000,0.000000000,0.072503935,0.000000000,0.091865268,0.000000000,0.000000000,0.000000000,0.077833053,0.931531426,1,58.478223003,0,0.000000000,1.209585041,0.859213240,1.209585041,0.859213240,4.876664293,0.641564877,2.654177258,0.837431171,2.321047165,0.000000000,1.880792965,2.000000000,1.000000000,20.000000000,2.344158219,1.000000000,1.871510686,0.869108254,1.307663792,0.000000000,2.016862532,0.914451108,1.340076077,1,0,0,0.000000000,0.225473738,-0.886464331,0.791478714,0.835128886,-0.075437473,-0.187393500,5.230095597,12.232729240,-4.631276079,-130.903652082,-0.073262536,142.887349374,44.882112063,0.059519757,0.006506450,-0.049055729,0.001691770,0.001079557,0.000341608,0.007901897,0.000000000,0.000000000,0.000000000,0.000000000,0.000000000,0.000000000,0.000000000,0.049307028,0.000845403,-0.048800779,-0.000004123,0.017203596,0.000012585,-0.012142611,0.000000000,0.000000000,0.000000000,0.000000000,0.000000000,0.000000000,0.000000000,0.542240918,-0.018645370,-0.596775967,0.352926375,0.854208122,0.447701298,0.069319408
7.550000000,0,7.550000000,sample,0.215140006,-0.001931102,0.000000000,0.000000000,0.000000000,0.000000000,0.000000000,0,0,2.000000000,0.080000000,0.000000000,0.000000000,0.081989606,0.000000000,0.090301905,0.000000000,0.000000000,0.000000000,0.086157878,0.951620537,1,54.144998213,0,0.000000000,1.303800636,0.894375586,1.303800636,0.894375586,1.313756357,0.795326505,2.641070459,0.888686810,2.308640190,0.000000000,1.818479113,2.000000000,1.000000000,20.000000000,2.356709893,1.000000000,2.007684556,0.875021353,1.332771758,0.000000000,2.417721887,1.113451479,1.351641517,1,0,0,0.000000000,0.202399583,-1.018926074,0.787857957,0.869624457,-0.073407307,-0.195633229,5.416446237,12.238113582,-4.795578696,-130.899849016,-0.072110863,142.887393330,44.898764003,0.063397797,0.001056338,-0.058306252,0.000841669,-0.000557750,0.000120638,0.001459593,0.000000000,0.000000000,0.000000000,0.000000000,0.000000000,0.000000000,0.000000000,0.055754433,0.000990499,-0.055181981,-0.000004592,0.019466218,0.000014017,-0.013739461,0.000000000,0.000000000,0.000000000,0.000000000,0.000000000,0.000000000,0.000000000,0.581651293,0.013606278,-0.597586945,0.355412333,0.852124724,0.471777840,0.075221297
7.600000000,0,7.600000000,sample,0.215029336,-0.002213402,0.000000000,0.000000000,0.000000000,0.000000000,0.000000000,0,0,2.000000000,0.080000000,0.000000000,0.000000000,0.090687049,0.000000000,0.093732336,0.000000000,0.000000000,0.000000000,0.094315849,0.961525019,3,51.723910218,0,0.000000000,1.176915020,0.928935674,1.304034517,0.928935674,2.939294148,0.776271138,2.221502338,0.913552382,1.918858524,0.000000000,1.722066053,2.000000000,1.000000000,20.000000000,2.367890614,1.000000000,2.337084013,1.038426982,1.340453604,0.000000000,2.499371715,1.154275397,1.351070625,1,0,0,0.000000000,0.137248821,-0.934280285,0.702432967,0.905976468,-0.062144254,-0.195617528,5.593226918,12.236613937,-4.973414216,-130.893862605,-0.070495358,142.887581236,44.900476939,0.065507847,0.000393429,-0.067831334,0.000324723,0.001499502,-0.000136770,-0.000764307,0.000000000,0.000000000,0.000000000,0.000000000,0.000000000,0.000000000,0.000000000,0.061667046,0.001136296,-0.061035447,-0.000004966,0.021533793,0.000015158,-0.015198514,0.000000000,0.000000000,0.000000000,0.000000000,0.000000000,0.000000000,0.000000000,0.589881672,0.126033349,-0.598950030,0.355369672,0.855580190,0.458260551,0.076955421
7.650000000,0,7.650000000,sample,0.214931610,-0.001954527,0.000000000,0.000000000,0.000000000,0.000000000,0.000000000,0,0,2.000000000,0.080000000,0.000000000,0.000000000,0.064706358,0.000000000,0.092843406,0.000000000,0.000000000,0.000000000,0.067820135,0.954087720,1,54.777005563,0,0.000000000,1.108552780,0.961314057,1.175238892,0.961314057,1.776554909,0.647344816,2.234657155,0.922955150,1.991129831,0.000000000,1.721594720,2.000000000,1.000000000,20.000000000,2.378926466,1.000000000,1.998013872,0.922251417,1.346225424,0.000000000,2.328289723,1.032304333,1.349675958,1,0,0,0.000000000,0.131078738,-0.857177934,0.690618288,0.939048739,-0.060608023,-0.196567670,5.754401002,12.238735094,-5.135390786,-130.893556474,-0.068326778,142.887557568,44.900646343,0.050194692,-0.000105420,-0.045590930,0.001151927,-0.000158426,-0.000026448,0.000408456,0.000000000,0.000000000,0.000000000,0.000000000,0.000000000,0.000000000,0.000000000,0.043998458,0.000837465,-0.043547749,-0.000003436,0.015370480,0.000010487,-0.010848449,0.000000000,0.000000000,0.000000000,0.000000000,0.000000000,0.000000000,0.000000000,0.557200575,0.019545404,-0.638275155,0.358485710,0.871775581,0.447210014,0.074644167
7.700000000,0,7.700000000,sample,0.214848490,-0.001662400,0.000000000,0.000000000,0.000000000,0.000000000,0.000000000,0,0,2.000000000,0.080000000,0.000000000,0.000000000,0.061400527,0.000000000,0.070657882,0.000000000,0.000000000,0.000000000,0.064166727,0.956890439,1,50.708001879,0,0.000000000,1.058977512,0.987815230,1.108216920,0.987815230,0.795568386,0.549286671,2.085921028,0.938432129,1.864224260,0.000000000,1.735467927,2.000000000,1.000000000,20.000000000,2.388164818,1.000000000,2.129669326,0.951713361,1.351502690,0.000000000,2.129669326,0.977984589,1.351502690,1,0,0,0.000000000,0.123604407,-0.812857656,0.667396250,0.965927744,-0.057988992,-0.198493827,5.890117862,12.238885878,-5.269774166,-130.893611237,-0.065854846,142.887493810,44.901093790,0.045692838,0.000895487,-0.045040453,0.000111210,0.000166311,-0.000115216,0.000189148,0.000000000,0.000000000,0.000000000,0.000000000,0.000000000,0.000000000,0.000000000,0.041749568,0.000815625,-0.041321986,-0.000003143,0.014588125,0.000009593,-0.010296267,0.000000000,0.000000000,0.000000000,0.000000000,0.000000000,0.000000000,0.000000000,0.645426127,0.067094644,-0.559457208,0.333737886,0.883370102,0.441685575,0.075370522
7.750000000,0,7.750000000,sample,0.214774302,-0.001483753,0.000000000,0.000000000,0.000000000,0.000000000,0.000000000,0,0,2.000000000,0.080000000,0.000000000,0.000000000,0.055663759,0.000000000,0.061307788,0.000000000,0.000000000,0.000000000,0.058079629,0.958404170,3,56.185339471,0,0.000000000,1.036146595,1.011781287,1.056002107,1.011781287,3.928192548,0.600125753,1.957579550,0.944290862,1.726871127,0.000000000,1.766942351,2.000000000,1.000000000,20.000000000,2.396625474,1.000000000,2.166979820,0.942240434,1.363508224,0.000000000,2.200187208,0.997200245,1.363508224,1,0,0,0.000000000,0.118608686,-0.796639748,0.651841129,0.989625532,-0.056205887,-0.202937373,6.010738373,12.239609360,-5.386762040,-130.893611235,-0.064103960,142.887406383,44.901513585,0.038313694,0.002708594,-0.043534678,0.000518119,0.001365927,-0.000699722,0.000275011,0.000000000,0.000000000,0.000000000,0.000000000,0.000000000,0.000000000,0.000000000,0.037847875,0.000755986,-0.037460271,-0.000002774,0.013228063,0.000008467,-0.009336339,0.000000000,0.000000000,0.000000000,0.000000000,0.000000000,0.000000000,0.000000000,0.706432207,0.067949938,-0.508276240,0.334824422,0.885043637,0.443029229,0.073903681
7.800000000,0,7.800000000,sample,0.214686453,-0.001756991,0.000000000,0.000000000,0.000000000,0.000000000,0.000000000,0,0,2.000000000,0.080000000,0.000000000,0.000000000,0.066346199,0.000000000,0.070172775,0.000000000,0.000000000,0.000000000,0.069717839,0.951638775,1,55.001122338,0,0.000000000,1.015153971,1.040034112,1.042665727,1.040034112,1.592631365,0.715127625,2.062418695,1.000258419,1.917706788,0.000000000,1.733360872,2.000000000,1.000000000,20.000000000,2.406624838,1.000000000,2.023580813,0.947934203,1.376728426,0.000000000,2.167944168,1.025646357,1.378404158,1,0,0,0.000000000,0.111313449,-0.787468311,0.630904556,1.017322826,-0.053658929,-0.209394224,6.151201002,12.240223018,-5.521946415,-130.893611235,-0.062648322,142.887494072,44.902210811,0.051704661,-0.000308998,-0.046754988,0.000049598,-0.001028501,-0.000001252,0.000142952,0.000000000,0.000000000,0.000000000,0.000000000,0.000000000,0.000000000,0.000000000,0.045109975,0.000923874,-0.044648049,-0.000003232,0.015770569,0.000009865,-0.011130834,0.000000000,0.000000000,0.000000000,0.000000000,0.000000000,0.000000000,0.000000000,0.562994894,0.013748833,-0.659038452,0.377765195,0.892091542,0.446764905,0.075924006
7.850000000,0,7.850000000,sample,0.214596407,-0.001800919,0.000000000,0.000000000,0.000000000,0.000000000,0.000000000,0,0,2.000000000,0.080000000,0.000000000,0.000000000,0.072141224,0.000000000,0.072141224,0.000000000,0.000000000,0.000000000,0.075761459,0.952215346,1,54.848954490,0,0.000000000,0.987978988,1.067416210,1.019071684,1.067416210,2.119819625,0.749865033,2.079901103,1.031212415,1.960368606,0.000000000,1.766412195,2.000000000,1.000000000,20.000000000,2.416853855,1.000000000,2.192669129,0.989295459,1.362258870,0.000000000,2.242628993,1.011922613,1.375435722,1,0,0,0.000000000,0.107200881,-0.763828737,0.617394617,1.044891840,-0.051967861,-0.211843695,6.290437841,12.241631713,-5.657471095,-130.893721110,-0.060714365,142.887534525,44.904980028,0.056108997,0.003536446,-0.050775358,-0.000301432,-0.000367639,-0.000171118,0.000824848,0.000000000,0.000000000,0.000000000,0.000000000,0.000000000,0.000000000,0.000000000,0.049048471,0.001029509,-0.048546151,-0.000003407,0.017153406,0.000010399,-0.012106841,0.000000000,0.000000000,0.000000000,0.000000000,0.000000000,0.000000000,0.000000000,0.652518614,0.095857391,-0.568745351,0.322535782,0.892687737,0.436673967,0.075524124
7.900000000,0,7.900000000,sample,0.214496326,-0.002001614,0.000000000,0.000000000,0.000000000,0.000000000,0.000000000,0,0,2.000000000,0.080000000,0.000000000,0.000000000,0.068522502,0.000000000,0.076641930,0.000000000,0.000000000,0.000000000,0.071126217,0.963393034,1,57.096385614,0,0.000000000,1.015176564,1.097674108,1.015176564,1.097674108,3.009711862,0.454779165,2.154818425,1.019810708,1.971110982,0.000000000,1.736632262,2.000000000,1.000000000,20.000000000,2.428781436,1.000000000,2.234521690,0.990106635,1.374980439,0.000000000,2.318598493,1.036233958,1.406775725,1,0,0,0.000000000,0.102996743,-0.807766748,0.606207892,1.074331702,-0.050345727,-0.219465603,6.448569606,12.243770055,-5.804156174,-130.893617706,-0.057836958,142.887581236,44.909817150,0.053744499,0.000723539,-0.046340936,-0.000574675,0.004430110,-0.000182559,0.001572332,0.000000000,0.000000000,0.000000000,0.000000000,0.000000000,0.000000000,0.000000000,0.046586218,0.001003576,-0.046109008,-0.000003084,0.016299306,0.000009413,-0.011504015,0.000000000,0.000000000,0.000000000,0.000000000,0.000000000,0.000000000,0.000000000,0.710175297,0.097109241,-0.510237066,0.323786696,0.903348538,0.435238045,0.078368511
7.950000000,0,7.950000000,sample,0.214399855,-0.001929412,0.000000000,0.000000000,0.000000000,0.000000000,0.000000000,0,0,2.000000000,0.080000000,0.000000000,0.000000000,0.068083914,0.000000000,0.076215631,0.000000000,0.000000000,0.000000000,0.071960209,0.946132806,1,55.336362200,0,0.000000000,1.116419538,1.126685134,1.116419538,1.126685134,1.943127038,0.555593831,2.294681105,1.059788919,2.047319115,0.000000000,1.739196683,2.000000000,1.000000000,20.000000000,2.441471288,1.000000000,2.390011159,1.038114586,1.394695595,0.000000000,2.486062365,1.090271072,1.413706941,1,0,0,0.000000000,0.112523131,-0.909052500,0.638243435,1.103030597,-0.053216452,-0.223407483,6.604028090,12.250626106,-5.942127077,-130.893294582,-0.055846034,142.887534609,44.924935547,0.053530058,0.000453887,-0.047861959,0.000409351,0.001027474,-0.000160526,0.004536771,0.000000000,0.000000000,0.000000000,0.000000000,0.000000000,0.000000000,0.000000000,0.046284960,0.001021559,-0.045810171,-0.000002961,0.016206836,0.000009037,-0.011438740,0.000000000,0.000000000,0.000000000,0.000000000,0.000000000,0.000000000,0.000000000,0.784175299,0.148598858,-0.441505094,0.300747480,0.909525584,0.434921104,0.079964578
8.000000000,0,8.000000000,disturb_auto_release,0.000000000,,0.000000000,0.000000000,0.000000000,0.000000000,0.000000000,0,0,0.000000000,0.000000000,0.000000000,0.000000000,0.000000000,0.000000000,0.000000000,0.000000000,0.000000000,0.000000000,0.049951173,0.000000000,1,52.623350760,0,0.000000000,0.000000000,0.000000000,0.000000000,0.000000000,1.532054227,0.465282380,0.000000000,0.000000000,0.000000000,0.000000000,0.000000000,0.000000000,0.000000000,0.000000000,0.000000000,1.000000000,0.000000000,0.000000000,0.000000000,0.000000000,0.000000000,0.000000000,0.000000000,0,0,0,0.000000000,0.000000000,0.000000000,0.000000000,0.000000000,0.000000000,0.000000000,6.726180241,12.258268458,-6.049082958,-130.893404805,-0.052739350,142.887748803,44.933567264,0.036235557,0.003313902,-0.034207834,-0.000222353,0.000244665,-0.000081552,0.000911206,0.000000000,0.000000000,0.000000000,0.000000000,0.000000000,0.000000000,0.000000000,0.000000000,0.000000000,0.000000000,0.000000000,0.000000000,0.000000000,0.000000000,0.000000000,0.000000000,0.000000000,0.000000000,0.000000000,0.000000000,0.000000000,0.000000000,0.000000000,0.000000000,0.000000000,0.000000000,0.000000000,0.000000000
8.000000000,0,8.000000000,sample,0.214324289,-0.001511333,0.000000000,0.000000000,0.000000000,0.000000000,0.000000000,0,0,2.000000000,0.080000000,0.000000000,0.000000000,0.047602637,0.000000000,0.068865138,0.000000000,0.000000000,0.000000000,0.049951173,0.952983374,1,52.623350760,0,0.000000000,1.222347645,1.149344670,1.222347645,1.149344670,1.532054227,0.465282380,2.494613774,1.065370334,2.233317462,0.000000000,1.796642111,2.000000000,1.000000000,20.000000000,2.451940518,1.000000000,2.110889953,0.970363518,1.387747779,0.000000000,2.377614225,1.060910692,1.402717262,1,0,0,0.000000000,0.129036515,-1.003365098,0.686106278,1.124618119,-0.057821937,-0.229964955,6.726180241,12.258268458,-6.049082958,-130.893404805,-0.052739350,142.887748803,44.933567264,0.036235557,0.003313902,-0.034207834,-0.000222353,0.000244665,-0.000081552,0.000911206,0.000000000,0.000000000,0.000000000,0.000000000,0.000000000,0.000000000,0.000000000,0.032359231,0.000727634,-0.032026687,-0.000001956,0.011339929,0.000005972,-0.008003691,0.000000000,0.000000000,0.000000000,0.000000000,0.000000000,0.000000000,0.000000000,0.644935199,0.056887265,-0.582207134,0.330519652,0.923648203,0.445824329,0.081071585
8.050000000,0,8.050000000,sample,0.214265386,-0.001178058,0.000000000,0.000000000,0.000000000,0.000000000,0.000000000,0,0,2.000000000,0.080000000,0.000000000,0.000000000,0.045439241,0.000000000,0.048355398,0.000000000,0.000000000,0.000000000,0.047746925,0.951668415,1,53.790460137,0,0.000000000,1.272647851,1.165181386,1.273689669,1.165181386,2.289019169,0.484725077,2.634878837,1.077864931,2.358441765,0.000000000,1.825957293,2.000000000,0.993844170,19.876883406,2.444296618,1.000000000,2.205904332,1.012403853,1.402033421,0.000000000,2.446627010,1.129645707,1.404628502,1,0,0,0.000000000,0.132374501,-1.056624777,0.696888530,1.139477885,-0.058927004,-0.236147035,6.817034031,12.261507369,-6.130694740,-130.893144579,-0.048184407,142.887453011,44.934850345,0.035018540,0.004773086,-0.032087553,0.000169535,0.000492152,-0.000282886,0.000852253,0.000000000,0.000000000,0.000000000,0.000000000,0.000000000,0.000000000,0.000000000,0.030887514,0.000704207,-0.030569915,-0.000001707,0.010828588,0.000005210,-0.007642785,0.000000000,0.000000000,0.000000000,0.000000000,0.000000000,0.000000000,0.000000000,0.681606852,0.095387201,-0.553386998,0.307045892,0.941472075,0.445577569,0.081164705
8.100000000,0,8.100000000,sample,0.214188383,-0.001540051,0.000000000,0.000000000,0.000000000,0.000000000,0.000000000,0,0,2.000000000,0.080000000,0.000000000,0.000000000,0.047071320,0.000000000,0.052769085,0.000000000,0.000000000,0.000000000,0.049078158,0.959109348,3,61.390101936,0,0.000000000,1.159705709,1.183374051,1.274754896,1.183374051,5.158159122,0.612883203,2.118737792,1.079692165,1.852684026,0.000000000,1.727145104,2.000000000,0.975528258,19.510565163,2.406707467,1.000000000,2.234429340,1.069397753,1.417620274,0.000000000,2.234429340,1.074565680,1.421098916,1,0,0,0.000000000,0.128340312,-0.926030672,0.686231223,1.160017366,-0.057744726,-0.226714364,6.912588199,12.262829979,-6.235624441,-130.893208303,-0.045283058,142.887453798,44.934957662,0.030421832,0.001081390,-0.038453638,0.000242835,0.001691215,-0.000180102,-0.000611907,0.000000000,0.000000000,0.000000000,0.000000000,0.000000000,0.000000000,0.000000000,0.031995979,0.000742172,-0.031666942,-0.000001662,0.011220616,0.000005074,-0.007919479,0.000000000,0.000000000,0.000000000,0.000000000,0.000000000,0.000000000,0.000000000,0.615978657,0.107265286,-0.634427886,0.319066849,0.953137751,0.446633160,0.080352631
8.150000000,0,8.150000000,sample,0.214121546,-0.001336738,0.000000000,0.000000000,0.000000000,0.000000000,0.000000000,0,0,2.000000000,0.080000000,0.000000000,0.000000000,0.037247335,0.000000000,0.048005408,0.000000000,0.000000000,0.000000000,0.038839717,0.959001189,3,50.441452123,0,0.000000000,1.034671225,1.198294896,1.157889486,1.198294896,0.832392575,0.316586404,2.032183044,1.088700645,1.859432721,0.000000000,1.695169624,2.000000000,0.945503262,18.910065242,2.338507134,1.000000000,2.375117353,1.061468572,1.429994839,0.000000000,2.431348051,1.189422674,1.434110128,1,0,0,0.000000000,0.122573147,-0.775387848,0.674013393,1.177605765,-0.056337217,-0.214432828,6.989746831,12.263761877,-6.325010562,-130.893128391,-0.043009742,142.887538796,44.935214113,0.027328297,0.000380095,-0.027584800,0.000228562,0.000580235,-0.000449764,0.000175864,0.000000000,0.000000000,0.000000000,0.000000000,0.000000000,0.000000000,0.000000000,0.025317657,0.000595813,-0.025057292,-0.000001250,0.008880813,0.000003814,-0.006268050,0.000000000,0.000000000,0.000000000,0.000000000,0.000000000,0.000000000,0.000000000,0.759914361,0.119143976,-0.491931998,0.337476462,0.944553547,0.445953966,0.079223229
8.200000000,0,8.200000000,sample,0.214070408,-0.001022760,0.000000000,0.000000000,0.000000000,0.000000000,0.000000000,0,0,2.000000000,0.080000000,0.000000000,0.000000000,0.021930094,0.000000000,0.035716827,0.000000000,0.000000000,0.000000000,0.023117554,0.948633858,3,50.401100730,0,0.000000000,0.992249430,1.210980113,1.035882937,1.210980113,1.049641061,0.216780528,1.934684127,1.082112091,1.778825304,0.000000000,1.626418020,2.000000000,0.904508497,18.090169944,2.241889475,1.000000000,2.304256813,1.054363546,1.412966588,0.000000000,2.369247047,1.076699430,1.430247062,1,0,0,0.000000000,0.118479844,-0.729102015,0.662519214,1.190883501,-0.054871707,-0.212740257,7.055571429,12.264138639,-6.392793382,-130.893255537,-0.041248583,142.887772481,44.935068324,0.016179858,-0.001655359,-0.016412014,-0.000559709,-0.000088481,0.000299695,0.000357969,0.000000000,0.000000000,0.000000000,0.000000000,0.000000000,0.000000000,0.000000000,0.014906010,0.000354600,-0.014752718,-0.000000706,0.005229535,0.000002154,-0.003690990,0.000000000,0.000000000,0.000000000,0.000000000,0.000000000,0.000000000,0.000000000,0.707157608,0.112915394,-0.533870244,0.325916600,0.943603469,0.442514978,0.078782799
8.250000000,0,8.250000000,sample,0.214034260,-0.000722974,0.000000000,0.000000000,0.000000000,0.000000000,0.000000000,0,0,2.000000000,0.080000000,0.000000000,0.000000000,0.017622240,0.000000000,0.028810281,0.000000000,0.000000000,0.000000000,0.017844901,0.987522426,3,50.029250988,0,0.000000000,0.992658212,1.219655580,0.999063501,1.219655580,0.784647273,0.114006459,1.950590237,1.070168136,1.778444089,0.000000000,1.545398218,2.000000000,0.853553391,17.071067812,2.119077183,1.000000000,2.259092477,1.053755827,1.410649178,0.000000000,2.315016714,1.109459059,1.420688540,1,0,0,0.000000000,0.115363351,-0.735884713,0.656151896,1.199464156,-0.054198381,-0.214261542,7.105430421,12.264802653,-6.439928084,-130.892953218,-0.038852685,142.887534609,44.935422478,0.012272959,-0.000537867,-0.012621941,0.000459590,0.002649042,-0.000072378,-0.000989131,0.000000000,0.000000000,0.000000000,0.000000000,0.000000000,0.000000000,0.000000000,0.011977766,0.000287082,-0.011854594,-0.000000534,0.004202802,0.000001630,-0.002966323,0.000000000,0.000000000,0.000000000,0.000000000,0.000000000,0.000000000,0.000000000,0.684207274,0.100847980,-0.547534121,0.323968527,0.951114530,0.443038457,0.077266089
8.300000000,0,8.300000000,sample,0.214016923,-0.000346740,0.000000000,0.000000000,0.000000000,0.000000000,0.000000000,0,0,2.000000000,0.080000000,0.000000000,0.000000000,0.003339499,0.000000000,0.018675914,0.000000000,0.000000000,0.000000000,0.004271960,0.781725314,3,75.313362128,0,0.000000000,0.982010131,1.223168440,1.000954048,1.223247236,1.641572764,0.208887671,1.883660817,1.063755033,1.709768341,0.000000000,1.458309081,2.000000000,0.793892626,15.877852523,1.972392256,1.000000000,2.183819444,1.069869508,1.405436803,0.000000000,2.277059056,1.138830364,1.419865300,1,0,0,0.000000000,0.114056013,-0.727226709,0.649981875,1.203272895,-0.053558244,-0.213088918,7.128283238,12.264616444,-6.462814004,-130.893065519,-0.037194820,142.887493810,44.935747049,0.001090929,-0.001617774,-0.003707346,-0.000154750,0.000735917,-0.000246835,0.000267306,0.000000000,0.000000000,0.000000000,0.000000000,0.000000000,0.000000000,0.000000000,0.002269835,0.000054598,-0.002246496,-0.000000097,0.000796472,0.000000296,-0.000562147,0.000000000,0.000000000,0.000000000,0.000000000,0.000000000,0.000000000,0.000000000,0.587628808,0.086421679,-0.631685090,0.327199803,0.955929286,0.442850765,0.080454461
8.350000000,0,8.350000000,sample,0.214011622,-0.000106009,0.000000000,0.000000000,0.000000000,0.000000000,0.000000000,0,0,2.000000000,0.080000000,0.000000000,0.000000000,0.000182124,0.000000000,0.005012031,0.000000000,0.000000000,0.000000000,0.001284338,0.141803766,4,27.529248212,0,0.000000000,0.937763230,1.222799582,0.982992798,1.223364085,0.941388421,0.115332501,1.881212073,1.068141176,1.750812495,0.000000000,1.420813925,2.000000000,0.726995250,14.539904997,1.806259304,1.000000000,2.241961275,1.074614236,1.379902056,0.000000000,2.273637603,1.086772809,1.404940732,1,0,0,0.000000000,0.114777777,-0.664743874,0.651415013,1.204156506,-0.053766462,-0.205803529,7.129024349,12.264866469,-6.470057156,-130.893192491,-0.036076736,142.887534609,44.935801327,-0.000513482,0.000659331,-0.000417267,-0.000673871,-0.000158515,-0.000178708,0.000515622,0.000000000,0.000000000,0.000000000,0.000000000,0.000000000,0.000000000,0.000000000,-0.000123788,-0.000002981,0.000122515,0.000000005,-0.000043438,-0.000000016,0.000030658,0.000000000,0.000000000,0.000000000,0.000000000,0.000000000,0.000000000,0.000000000,0.633310490,0.096619941,-0.534075956,0.324935401,0.949997473,0.440479855,0.079838909
8.400000000,0,8.400000000,sample,0.214007948,-0.000073483,0.000000000,0.000000000,0.000000000,0.000000000,0.000000000,0,0,2.000000000,0.080000000,0.000000000,0.000000000,0.000421397,0.000000000,0.004439961,0.000000000,0.000000000,0.000000000,0.001366296,0.308422627,2,42.950609389,0,0.000000000,0.904588698,1.222551636,0.936567855,1.222952903,0.924787319,0.105768175,1.773208332,1.065376085,1.645577582,0.000000000,1.300927027,2.000000000,0.654508497,13.090169944,1.626149311,1.000000000,2.387004083,1.180712596,1.353194734,0.000000000,2.387004083,1.180712596,1.378820394,1,0,0,0.000000000,0.112952598,-0.621008890,0.647974059,1.204756629,-0.053413315,-0.200850651,7.129168976,12.264661162,-6.474771213,-130.893123155,-0.035468578,142.887536970,44.935803688,-0.000373311,-0.000895426,0.000004577,0.000721728,-0.000204688,0.000047558,0.000600455,0.000000000,0.000000000,0.000000000,0.000000000,0.000000000,0.000000000,0.000000000,-0.000286420,-0.000006903,0.000283475,0.000000012,-0.000100506,-0.000000036,0.000070937,0.000000000,0.000000000,0.000000000,0.000000000,0.000000000,0.000000000,0.000000000,0.563482469,0.181936987,-0.559932500,0.278997167,0.945835230,0.434113618,0.078100501
8.450000000,0,8.450000000,sample,0.214006741,-0.000024139,0.000000000,0.000000000,0.000000000,0.000000000,0.000000000,0,0,2.000000000,0.080000000,0.000000000,0.000000000,0.003424508,0.000000000,0.003424508,0.000000000,0.000000000,0.000000000,0.004437506,0.771718975,3,96.342482831,0,0.000000000,0.895115779,1.222074805,0.904324478,1.222477628,2.025122675,0.225392328,1.718576600,1.068366760,1.598868503,0.000000000,1.250077992,2.000000000,0.578217233,11.564344650,1.436617756,1.000000000,2.168889653,1.098923266,1.341879317,0.000000000,2.389853600,1.182307403,1.357598656,1,0,0,0.000000000,0.113032949,-0.606149648,0.648874730,1.204614168,-0.053502323,-0.198768799,7.129248293,12.264810918,-6.476459149,-130.893112041,-0.034611894,142.887557558,44.935632312,0.000738155,-0.000187730,-0.004355599,-0.000012172,0.000134544,-0.000274887,0.000215151,0.000000000,0.000000000,0.000000000,0.000000000,0.000000000,0.000000000,0.000000000,0.002327606,0.000056110,-0.002303671,-0.000000092,0.000816779,0.000000282,-0.000576480,0.000000000,0.000000000,0.000000000,0.000000000,0.000000000,0.000000000,0.000000000,0.532075110,0.076043250,-0.558824098,0.331611802,0.943424344,0.439965037,0.076707990
8.500000000,0,8.500000000,sample,0.214006352,-0.000007782,0.000000000,0.000000000,0.000000000,0.000000000,0.000000000,0,0,2.000000000,0.080000000,0.000000000,0.000000000,0.000517078,0.000000000,0.002613667,0.000000000,0.000000000,0.000000000,0.001104674,0.468082138,3,46.422606747,0,0.000000000,0.886264100,1.221512288,0.899856091,1.222139709,0.502459831,0.011882731,1.791095693,1.064699632,1.677852253,0.000000000,1.236958274,2.000000000,0.500000000,10.000000000,1.242238218,1.000000000,2.178917213,1.101158648,1.324267179,0.000000000,2.181369580,1.101158648,1.341643686,1,0,0,0.000000000,0.111833629,-0.596059875,0.646273873,1.204333692,-0.053216938,-0.197080153,7.128603683,12.264573480,-6.476953543,-130.893064820,-0.034021787,142.887555858,44.935719729,0.000146254,0.000173969,0.000752660,0.000088719,0.000057269,0.000156856,0.000752594,0.000000000,0.000000000,0.000000000,0.000000000,0.000000000,0.000000000,0.000000000,-0.000351454,-0.000008473,0.000347840,0.000000014,-0.000123326,-0.000000042,0.000087043,0.000000000,0.000000000,0.000000000,0.000000000,0.000000000,0.000000000,0.000000000,0.534008765,0.079969156,-0.522982830,0.326129775,0.939743214,0.439460639,0.077514527
8.550000000,0,8.550000000,sample,0.214006002,-0.000006999,0.000000000,0.000000000,0.000000000,0.000000000,0.000000000,0,0,2.000000000,0.080000000,0.000000000,0.000000000,0.002305931,0.000000000,0.002399278,0.000000000,0.000000000,0.000000000,0.002874728,0.802138752,1,42.755421169,0,0.000000000,0.879789988,1.221072553,0.886319429,1.221518870,0.620991412,0.113311180,1.738000081,1.062388675,1.612750382,0.000000000,1.190892058,2.000000000,0.421782767,8.435655350,1.047889406,1.000000000,2.163254444,1.113532425,1.307922186,0.000000000,2.268125844,1.151668257,1.324066717,1,0,0,0.000000000,0.111106856,-0.587159723,0.645700511,1.204146440,-0.053151222,-0.195510812,7.127995411,12.264583712,-6.477336848,-130.892972048,-0.033575049,142.887534609,44.935950253,-0.001879717,0.000497874,0.001159040,0.001218158,-0.000177224,-0.000030776,0.001274053,0.000000000,0.000000000,0.000000000,0.000000000,0.000000000,0.000000000,0.000000000,-0.001567321,-0.000037787,0.001551206,0.000000060,-0.000549979,-0.000000184,0.000388173,0.000000000,0.000000000,0.000000000,0.000000000,0.000000000,0.000000000,0.000000000,0.499822952,0.071524172,-0.518809380,0.332535697,0.936097452,0.440349659,0.076107358
8.600000000,0,8.600000000,sample,0.214005869,-0.000002673,0.000000000,0.000000000,0.000000000,0.000000000,0.000000000,0,0,2.000000000,0.080000000,0.000000000,0.000000000,0.000104833,0.000000000,0.002575624,0.000000000,0.000000000,0.000000000,0.001454876,0.072056258,4,97.022904850,0,0.000000000,0.869958336,1.220589952,0.880214750,1.221124351,0.957925657,0.093536479,1.714813199,1.063647526,1.604992067,0.000000000,1.202837600,2.000000000,0.345491503,6.909830056,0.858305828,1.000000000,2.129142862,1.125971028,1.291986390,0.000000000,2.179517818,1.132490805,1.307419976,1,0,0,0.000000000,0.110303661,-0.574564969,0.643844473,1.203914286,-0.052960561,-0.193972685,7.126779496,12.264399502,-6.477522570,-130.892953159,-0.033163595,142.887534638,44.935760528,0.000097128,-0.000173725,-0.000008993,0.001433056,0.000151310,0.000020457,0.000002611,0.000000000,0.000000000,0.000000000,0.000000000,0.000000000,0.000000000,0.000000000,0.000071254,0.000001718,-0.000070521,-0.000000003,0.000025003,0.000000008,-0.000017647,0.000000000,0.000000000,0.000000000,0.000000000,0.000000000,0.000000000,0.000000000,0.453719650,0.063024589,-0.528356028,0.331801282,0.932968113,0.440674174,0.074295357
8.650000000,0,8.650000000,sample,0.214005989,0.000002400,0.000000000,0.000000000,0.000000000,0.000000000,0.000000000,0,0,2.000000000,0.080000000,0.000000000,0.000000000,0.001733213,0.000000000,0.002845437,0.000000000,0.000000000,0.000000000,0.002794832,0.620149267,1,56.444241725,0,0.000000000,0.853948997,1.220042760,0.871156746,1.220664788,0.695997127,0.038752384,1.683798866,1.063982184,1.599768323,0.000000000,1.256661404,2.000000000,0.273004750,5.460095003,0.678165780,1.000000000,2.238988281,1.179835577,1.267403655,0.000000000,2.238988281,1.179835577,1.291374240,1,0,0,0.000000000,0.111216904,-0.550154863,0.643575417,1.203771958,-0.052955098,-0.191397924,7.124344564,12.264215418,-6.477740667,-130.893192491,-0.032888211,142.887622035,44.935463278,-0.002099740,0.000134886,0.000807077,0.000180022,-0.000092291,0.000605934,-0.001524641,0.000000000,0.000000000,0.000000000,0.000000000,0.000000000,0.000000000,0.000000000,-0.001178052,-0.000028403,0.001165940,0.000000044,-0.000413372,-0.000000136,0.000291757,0.000000000,0.000000000,0.000000000,0.000000000,0.000000000,0.000000000,0.000000000,0.427285476,0.113536853,-0.503016996,0.307909907,0.929924321,0.437874927,0.080747910
8.700000000,0,8.700000000,sample,0.214005627,-0.000007237,0.000000000,0.000000000,0.000000000,0.000000000,0.000000000,0,0,2.000000000,0.080000000,0.000000000,0.000000000,0.001853618,0.000000000,0.004148964,0.000000000,0.000000000,0.000000000,0.002337606,0.792955923,3,44.878798267,0,0.000000000,0.833310238,1.219337277,0.852197673,1.220039560,0.224640415,0.067892257,1.661822172,1.065216675,1.571647065,0.000000000,1.293275532,2.000000000,0.206107374,4.122147477,0.511934059,1.000000000,2.114869672,1.163240654,1.249643070,0.000000000,2.242451352,1.180158795,1.266563069,1,0,0,0.000000000,0.109747105,-0.520900513,0.641111676,1.203647249,-0.052754394,-0.187706340,7.121467206,12.264033212,-6.478043746,-130.893064822,-0.032613515,142.887534638,44.935760528,0.001355345,0.000420427,-0.001566000,0.000426569,0.000088039,0.000160202,0.000884844,0.000000000,0.000000000,0.000000000,0.000000000,0.000000000,0.000000000,0.000000000,0.001259892,0.000030377,-0.001246939,-0.000000047,0.000442082,0.000000144,-0.000312020,0.000000000,0.000000000,0.000000000,0.000000000,0.000000000,0.000000000,0.000000000,0.370919763,0.057908408,-0.496632329,0.329845855,0.929606709,0.441026367,0.080982094
8.750000000,0,8.750000000,sample,0.214005741,0.000002293,0.000000000,0.000000000,0.000000000,0.000000000,0.000000000,0,0,2.000000000,0.080000000,0.000000000,0.000000000,0.000691062,0.000000000,0.006916424,0.000000000,0.000000000,0.000000000,0.003346940,0.206475769,5,91.014282282,0,0.000000000,0.804786458,1.218418669,0.832629563,1.219298474,0.546048603,0.254418459,1.630357650,1.082793748,1.606608841,0.000000000,1.397504710,2.000000000,0.146446609,2.928932188,0.363684974,1.000000000,2.108197435,1.233584663,1.250347921,0.000000000,2.142093141,1.233584663,1.251147780,1,0,0,0.000000000,0.109337057,-0.476364456,0.639377475,1.203471582,-0.052606817,-0.182846188,7.116630294,12.263782307,-6.478043244,-130.893160535,-0.032376090,142.887581236,44.935591503,0.000679217,0.000093182,0.000635487,-0.000208157,-0.003193028,0.000216331,-0.000206374,0.000000000,0.000000000,0.000000000,0.000000000,0.000000000,0.000000000,0.000000000,-0.000469711,-0.000011325,0.000464882,0.000000017,-0.000164813,-0.000000053,0.000116325,0.000000000,0.000000000,0.000000000,0.000000000,0.000000000,0.000000000,0.000000000,0.250834592,0.057963850,-0.565408778,0.330298345,0.931156206,0.441519405,0.079478139
8.800000000,0,8.800000000,sample,0.214005560,-0.000003621,0.000000000,0.000000000,0.000000000,0.000000000,0.000000000,0,0,2.000000000,0.080000000,0.000000000,0.000000000,0.000301600,0.000000000,0.004693266,0.000000000,0.000000000,0.000000000,0.001444847,0.208741487,4,44.687925994,0,0.000000000,0.764061958,1.217099814,0.804363296,1.218354348,0.929537944,0.088785331,1.491228339,1.062289368,1.444248688,0.000000000,1.309710145,2.000000000,0.095491503,1.909830056,0.237084488,1.000000000,2.109590178,1.195503291,1.219097365,0.000000000,2.222011022,1.260017713,1.252482820,1,0,0,0.000000000,0.107725200,-0.408985153,0.636330969,1.203284126,-0.052341567,-0.175213099,7.109517324,12.263482528,-6.478234585,-130.893123330,-0.032064204,142.887581236,44.935673101,-0.000835992,0.000066165,-0.000391631,0.000965866,-0.000184561,0.000434760,-0.000273811,0.000000000,0.000000000,0.000000000,0.000000000,0.000000000,0.000000000,0.000000000,-0.000204996,-0.000004943,0.000202889,0.000000008,-0.000071928,-0.000000023,0.000050766,0.000000000,0.000000000,0.000000000,0.000000000,0.000000000,0.000000000,0.000000000,0.332216504,0.048488814,-0.446928310,0.335724726,0.927675825,0.440993539,0.077237753
8.850000000,0,8.850000000,sample,0.214005771,0.000004213,0.000000000,0.000000000,0.000000000,0.000000000,0.000000000,0,0,2.000000000,0.080000000,0.000000000,0.000000000,0.000530623,0.000000000,0.004351105,0.000000000,0.000000000,0.000000000,0.001515775,0.350066871,1,77.380921197,0,0.000000000,0.737574314,1.216035243,0.761630802,1.217091896,0.843577331,0.089150108,1.455151736,1.057945532,1.429325377,0.000000000,1.353065943,2.000000000,0.054496738,1.089934758,0.135277678,1.000000000,2.115877429,1.213330808,1.201207243,0.000000000,2.144076318,1.234801553,1.220466798,1,0,0,0.000000000,0.107308837,-0.359570155,0.634988178,1.203010766,-0.052283882,-0.169626657,7.103953761,12.263299820,-6.478052456,-130.893160710,-0.031713771,142.887556121,44.935591503,-0.001333373,0.000138486,-0.000285319,0.000157199,0.000456781,-0.000008344,-0.000430900,0.000000000,0.000000000,0.000000000,0.000000000,0.000000000,0.000000000,0.000000000,-0.000360662,-0.000008696,0.000356955,0.000000013,-0.000126545,-0.000000040,0.000089315,0.000000000,0.000000000,0.000000000,0.000000000,0.000000000,0.000000000,0.000000000,0.317133624,0.046576442,-0.409254420,0.336930616,0.926553502,0.441506032,0.075599927
8.900000000,0,8.900000000,sample,0.214005859,0.000001763,0.000000000,0.000000000,0.000000000,0.000000000,0.000000000,0,0,2.000000000,0.080000000,0.000000000,0.000000000,0.001488681,0.000000000,0.003690792,0.000000000,0.000000000,0.000000000,0.002300590,0.647086400,1,70.524191404,0,0.000000000,0.714667737,1.215180409,0.739189757,1.216039006,0.868210665,0.071445467,1.427898661,1.060087396,1.433908559,0.000000000,1.399913965,2.000000000,0.024471742,0.489434837,0.060735650,1.000000000,2.099491317,1.246491086,1.193639403,0.000000000,2.138292273,1.278318060,1.212309072,1,0,0,0.000000000,0.106742987,-0.314252002,0.632930951,1.202839496,-0.052202325,-0.164667814,7.098935879,12.263051947,-6.477956746,-130.893166825,-0.031514923,142.887453011,44.935463278,-0.001932005,0.000317145,0.000480680,-0.000173394,-0.000045315,-0.000603783,-0.000912011,0.000000000,0.000000000,0.000000000,0.000000000,0.000000000,0.000000000,0.000000000,-0.001011852,-0.000024395,0.001001452,0.000000037,-0.000355019,-0.000000112,0.000250571,0.000000000,0.000000000,0.000000000,0.000000000,0.000000000,0.000000000,0.000000000,0.252920878,0.045521403,-0.434391270,0.332537255,0.927078096,0.440750599,0.075645006
8.950000000,0,8.950000000,sample,0.214005560,-0.000005989,0.000000000,0.000000000,0.000000000,0.000000000,0.000000000,0,0,2.000000000,0.080000000,0.000000000,0.000000000,0.000927149,0.000000000,0.004968005,0.000000000,0.000000000,0.000000000,0.001932356,0.479802447,1,59.029524939,0,0.000000000,0.696685188,1.214555605,0.716695316,1.215341497,1.110107250,0.134999669,1.358055199,1.058701754,1.346763054,0.000000000,1.338322139,2.000000000,0.006155830,0.123116594,0.015275938,1.000000000,2.199446653,1.251439875,1.180085105,0.000000000,2.206354473,1.262466213,1.193190659,1,0,0,0.000000000,0.104294030,-0.275771098,0.631223659,1.202816660,-0.051892168,-0.160264165,7.094840804,12.263044692,-6.478021681,-130.892953159,-0.031464790,142.887581236,44.935673101,-0.001484642,0.000244527,-0.000277084,0.001039149,-0.000132712,0.000296081,0.000456248,0.000000000,0.000000000,0.000000000,0.000000000,0.000000000,0.000000000,0.000000000,-0.000630180,-0.000015193,0.000623703,0.000000023,-0.000221106,-0.000000069,0.000156056,0.000000000,0.000000000,0.000000000,0.000000000,0.000000000,0.000000000,0.000000000,0.311088862,0.089616945,-0.374205031,0.309399489,0.923788553,0.439257308,0.075522551
9.000000000,0,9.000000000,sample,0.214005391,-0.000003367,0.000000000,0.000000000,0.000000000,0.000000000,0.000000000,0,0,2.000000000,0.080000000,0.000000000,0.000000000,0.000349005,0.000000000,0.003168117,0.000000000,0.000000000,0.000000000,0.002025718,0.172286896,4,34.921257484,0,0.000000000,0.685210520,1.214082229,0.698155770,1.214594198,1.535887953,0.158492518,1.300785132,1.059064817,1.301204811,0.000000000,1.301206833,2.000000000,0.000000000,0.000000000,0.000000000,1.000000000,2.102732594,1.235833664,1.180366924,0.000000000,2.189838829,1.264038169,1.197116149,1,0,0,0.000000000,0.102033281,-0.258895137,0.626159704,1.202632491,-0.051359064,-0.158218195,7.093032034,12.262560954,-6.478076690,-130.892857450,-0.031240225,142.887555858,44.935673101,-0.000345211,-0.001196625,-0.001019255,0.001197082,-0.000232658,0.000029720,0.000159854,0.000000000,0.000000000,0.000000000,0.000000000,0.000000000,0.000000000,0.000000000,0.000237218,0.000005719,-0.000234780,-0.000000009,0.000083227,0.000000026,-0.000058742,0.000000000,0.000000000,0.000000000,0.000000000,0.000000000,0.000000000,0.000000000,0.273227938,0.047619284,-0.392307785,0.327634891,0.925053518,0.439759684,0.077345737
9.050000000,0,9.050000000,sample,0.214006102,0.000014209,0.000000000,0.000000000,0.000000000,0.000000000,0.000000000,0,0,2.000000000,0.080000000,0.000000000,0.000000000,0.000004962,0.000000000,0.001952081,0.000000000,0.000000000,0.000000000,0.001899271,0.002612468,2,64.699055575,0,0.000000000,0.687282583,1.213773416,0.691033806,1.214158280,0.795732719,0.075421163,1.348220661,1.057477296,1.355398530,0.000000000,1.355397692,2.000000000,0.000000000,0.000000000,0.000000000,1.000000000,2.135618521,1.270051567,1.176386300,0.000000000,2.135618521,1.270051567,1.185418996,1,0,0,0.000000000,0.106191663,-0.251123298,0.630886495,1.202456326,-0.052009596,-0.156970348,7.091968607,12.262750844,-6.477869321,-130.893289599,-0.030972349,142.887536970,44.935842126,0.000472474,-0.001527692,0.000146434,-0.000282593,-0.000126528,0.000032508,0.000965291,0.000000000,0.000000000,0.000000000,0.000000000,0.000000000,0.000000000,0.000000000,0.000003373,0.000000081,-0.000003338,-0.000000000,0.000001183,0.000000000,-0.000000835,0.000000000,0.000000000,0.000000000,0.000000000,0.000000000,0.000000000,0.000000000,0.238728838,0.069718070,-0.412624700,0.312406840,0.925795578,0.437202855,0.077017485
9.100000000,0,9.100000000,sample,0.214005768,-0.000006683,0.000000000,0.000000000,0.000000000,0.000000000,0.000000000,0,0,2.000000000,0.080000000,0.000000000,0.000000000,0.000859001,0.000000000,0.003759418,0.000000000,0.000000000,0.000000000,0.001405616,0.611120563,3,56.553498644,0,0.000000000,0.682299605,1.213604786,0.688695066,1.213879945,0.612184767,0.020400101,1.351717722,1.059582368,1.371522271,0.000000000,1.371522244,2.000000000,0.000000000,0.000000000,0.000000000,1.000000000,2.116340135,1.222110028,1.174506163,0.000000000,2.175393280,1.285700861,1.180181704,1,0,0,0.000000000,0.104159179,-0.244313118,0.628486052,1.202364015,-0.051736513,-0.156463052,7.091323044,12.262648924,-6.477980981,-130.893064820,-0.030806144,142.887493810,44.935463278,-0.000062295,-0.000092647,-0.001057052,-0.000009576,0.000171355,-0.000112039,-0.000896619,0.000000000,0.000000000,0.000000000,0.000000000,0.000000000,0.000000000,0.000000000,0.000583862,0.000014076,-0.000577861,-0.000000021,0.000204848,0.000000063,-0.000144581,0.000000000,0.000000000,0.000000000,0.000000000,0.000000000,0.000000000,0.000000000,0.314236500,0.048373410,-0.344425975,0.328076792,0.923978773,0.438836382,0.076173385
9.150000000,0,9.150000000,sample,0.214005852,0.000001689,0.000000000,0.000000000,0.000000000,0.000000000,0.000000000,0,0,2.000000000,0.080000000,0.000000000,0.000000000,0.000373198,0.000000000,0.001255673,0.000000000,0.000000000,0.000000000,0.001359325,0.274546198,7,39.325279451,0,0.000000000,0.681669251,1.213468900,0.686544912,1.213712378,0.638108124,0.083871710,1.337097815,1.059849043,1.342044548,0.000000000,1.342044965,2.000000000,0.000000000,0.000000000,0.000000000,1.000000000,2.102001232,1.251989758,1.177461416,0.000000000,2.120880571,1.260592732,1.184311603,1,0,0,0.000000000,0.104274023,-0.242031116,0.628665917,1.202299611,-0.051697573,-0.155915930,7.091052482,12.262640002,-6.477967416,-130.893123157,-0.030705533,142.887582023,44.935673073,0.000411540,-0.000424485,-0.000481494,0.000605141,-0.000335493,0.000246952,0.000852431,0.000000000,0.000000000,0.000000000,0.000000000,0.000000000,0.000000000,0.000000000,0.000253662,0.000006115,-0.000251055,-0.000000009,0.000088997,0.000000027,-0.000062814,0.000000000,0.000000000,0.000000000,0.000000000,0.000000000,0.000000000,0.000000000,0.252474850,0.050361674,-0.399149012,0.324358873,0.926524359,0.437311220,0.076931358
9.200000000,0,9.200000000,sample,0.214005999,0.000002933,0.000000000,0.000000000,0.000000000,0.000000000,0.000000000,0,0,2.000000000,0.080000000,0.000000000,0.000000000,0.000327063,0.000000000,0.002414694,0.000000000,0.000000000,0.000000000,0.001290008,0.253535221,1,30.170194060,0,0.000000000,0.680438241,1.213215001,0.683826691,1.213489046,0.612191424,0.095047764,1.369633017,1.059395848,1.396398038,0.000000000,1.396398086,2.000000000,0.000000000,0.000000000,0.000000000,1.000000000,2.101607244,1.245538314,1.179999635,0.000000000,2.124295288,1.252889256,1.180823311,1,0,0,0.000000000,0.104516281,-0.240418557,0.627910395,1.202090773,-0.051701902,-0.155548466,7.090741653,12.262512931,-6.477869321,-130.893160529,-0.030416361,142.887493810,44.935591503,0.000708568,-0.000562577,0.000365739,-0.000591659,-0.000000845,0.000049234,-0.000599425,0.000000000,0.000000000,0.000000000,0.000000000,0.000000000,0.000000000,0.000000000,0.000222304,0.000005359,-0.000220020,-0.000000008,0.000077994,0.000000024,-0.000055048,0.000000000,0.000000000,0.000000000,0.000000000,0.000000000,0.000000000,0.000000000,0.261574492,0.046665457,-0.393263749,0.327669650,0.927388791,0.440169256,0.077314551
9.250000000,0,9.250000000,sample,0.214005903,-0.000001921,0.000000000,0.000000000,0.000000000,0.000000000,0.000000000,0,0,2.000000000,0.080000000,0.000000000,0.000000000,0.000520704,0.000000000,0.002107991,0.000000000,0.000000000,0.000000000,0.001397778,0.372522646,7,42.220274853,0,0.000000000,0.679766554,1.213135891,0.685434698,1.213288952,0.635437871,0.132428208,1.357420400,1.055554402,1.363258157,0.000000000,1.363257810,2.000000000,0.000000000,0.000000000,0.000000000,1.000000000,2.107054125,1.250952839,1.176618312,0.000000000,2.123440999,1.258851921,1.181553483,1,0,0,0.000000000,0.103873585,-0.236584784,0.628745167,1.202085566,-0.051680244,-0.154977851,7.090327353,12.262690409,-6.477869321,-130.893064820,-0.030375450,142.887598357,44.935719729,-0.000894699,0.000035961,-0.000245946,-0.000379913,0.000311268,0.000159372,0.000908236,0.000000000,0.000000000,0.000000000,0.000000000,0.000000000,0.000000000,0.000000000,-0.000353922,-0.000008532,0.000350284,0.000000012,-0.000124174,-0.000000038,0.000087641,0.000000000,0.000000000,0.000000000,0.000000000,0.000000000,0.000000000,0.000000000,0.257620825,0.052410854,-0.394297964,0.321966463,0.925803185,0.439766170,0.075340262
9.300000000,0,9.300000000,sample,0.214005793,-0.000002188,0.000000000,0.000000000,0.000000000,0.000000000,0.000000000,0,0,2.000000000,0.080000000,0.000000000,0.000000000,0.000694798,0.000000000,0.001437068,0.000000000,0.000000000,0.000000000,0.001279756,0.542914664,7,62.413096169,0,0.000000000,0.677823868,1.212925013,0.683386545,1.213218093,0.363116984,0.097778093,1.346457913,1.056516546,1.351669613,0.000000000,1.351669676,2.000000000,0.000000000,0.000000000,0.000000000,1.000000000,2.110504168,1.247394999,1.178081062,0.000000000,2.110504168,1.250470250,1.180749591,1,0,0,0.000000000,0.102768018,-0.235405606,0.627270381,1.201939479,-0.051503129,-0.154518618,7.090169715,12.262608055,-6.477869321,-130.892953159,-0.030150644,142.887581236,44.935842126,-0.000719870,0.000105066,0.000071355,0.000278786,0.000045912,0.000037641,0.001011032,0.000000000,0.000000000,0.000000000,0.000000000,0.000000000,0.000000000,0.000000000,-0.000472253,-0.000011385,0.000467400,0.000000016,-0.000165690,-0.000000050,0.000116943,0.000000000,0.000000000,0.000000000,0.000000000,0.000000000,0.000000000,0.000000000,0.263066907,0.056658396,-0.396787890,0.318173801,0.926644290,0.438344165,0.077266896
9.350000000,0,9.350000000,sample,0.214005841,0.000000958,0.000000000,0.000000000,0.000000000,0.000000000,0.000000000,0,0,2.000000000,0.080000000,0.000000000,0.000000000,0.000485580,0.000000000,0.002337117,0.000000000,0.000000000,0.000000000,0.001127062,0.430836815,3,76.217939072,0,0.000000000,0.678283718,1.212940595,0.682598793,1.213108390,0.649407818,0.094750333,1.341387423,1.058044683,1.353438197,0.000000000,1.353438260,2.000000000,0.000000000,0.000000000,0.000000000,1.000000000,2.099126560,1.235701630,1.172697820,0.000000000,2.110120023,1.250311004,1.180576942,1,0,0,0.000000000,0.103880939,-0.234836127,0.627797376,1.201942889,-0.051665996,-0.154560028,7.090224662,12.262572339,-6.477980981,-130.893064820,-0.030120996,142.887493810,44.935719729,-0.000190505,-0.000015685,-0.000983958,0.000208689,0.000098123,-0.000198777,0.000415772,0.000000000,0.000000000,0.000000000,0.000000000,0.000000000,0.000000000,0.000000000,0.000330048,0.000007957,-0.000326656,-0.000000011,0.000115797,0.000000035,-0.000081729,0.000000000,0.000000000,0.000000000,0.000000000,0.000000000,0.000000000,0.000000000,0.278458232,0.050213856,-0.371332756,0.319359856,0.925444726,0.439270119,0.076647549
9.400000000,0,9.400000000,sample,0.214006034,0.000003861,0.000000000,0.000000000,0.000000000,0.000000000,0.000000000,0,0,2.000000000,0.080000000,0.000000000,0.000000000,0.000396674,0.000000000,0.001429126,0.000000000,0.000000000,0.000000000,0.001337670,0.296541072,2,73.033741004,0,0.000000000,0.679414855,1.212879210,0.680859277,1.213003693,0.751458982,0.079489743,1.395511774,1.059925294,1.414654822,0.000000000,1.414654428,2.000000000,0.000000000,0.000000000,0.000000000,1.000000000,2.115375489,1.257557085,1.174701199,0.000000000,2.120418727,1.261517816,1.178904388,1,0,0,0.000000000,0.104078726,-0.235409401,0.628772278,1.201881413,-0.051735887,-0.154532992,7.090041268,12.262678943,-6.477747231,-130.893064826,-0.030079678,142.887534609,44.935760528,0.000017912,0.001143170,0.000485997,-0.000079956,-0.000104069,-0.000160870,0.000450452,0.000000000,0.000000000,0.000000000,0.000000000,0.000000000,0.000000000,0.000000000,-0.000269619,-0.000006500,0.000266848,0.000000009,-0.000094596,-0.000000028,0.000066765,0.000000000,0.000000000,0.000000000,0.000000000,0.000000000,0.000000000,0.000000000,0.259678940,0.053044118,-0.384288433,0.324647639,0.926888334,0.438079393,0.074611316
9.450000000,0,9.450000000,sample,0.214005958,-0.000001522,0.000000000,0.000000000,0.000000000,0.000000000,0.000000000,0,0,2.000000000,0.080000000,0.000000000,0.000000000,0.000018216,0.000000000,0.001440398,0.000000000,0.000000000,0.000000000,0.001711949,0.010640278,7,35.994937431,0,0.000000000,0.678541634,1.212748750,0.681907910,1.212834767,0.870797090,0.044108792,1.357349487,1.058555841,1.374666005,0.000000000,1.374665768,2.000000000,0.000000000,0.000000000,0.000000000,1.000000000,2.107863615,1.252409119,1.177367981,0.000000000,2.123264556,1.259982370,1.179005501,1,0,0,0.000000000,0.103878129,-0.235052868,0.627995408,1.201768808,-0.051668393,-0.154407388,7.090104640,12.262594004,-6.477869320,-130.893064820,-0.029866934,142.887515846,44.935659016,0.000920671,-0.000732676,0.000586670,-0.000120834,-0.000270224,-0.000244106,0.001027097,0.000000000,0.000000000,0.000000000,0.000000000,0.000000000,0.000000000,0.000000000,-0.000012381,-0.000000298,0.000012254,0.000000000,-0.000004344,-0.000000001,0.000003066,0.000000000,0.000000000,0.000000000,0.000000000,0.000000000,0.000000000,0.000000000,0.268087466,0.047805290,-0.382811494,0.329280328,0.927661000,0.437116828,0.073776014
9.500000000,0,9.500000000,sample,0.214005994,0.000000707,0.000000000,0.000000000,0.000000000,0.000000000,0.000000000,0,0,2.000000000,0.080000000,0.000000000,0.000000000,0.000043308,0.000000000,0.001730443,0.000000000,0.000000000,0.000000000,0.000831016,0.052114094,3,44.910267473,0,0.000000000,0.678041994,1.212502351,0.681586480,1.212763454,0.613164985,0.065826786,1.378117690,1.057722557,1.400838471,0.000000000,1.400838639,2.000000000,0.000000000,0.000000000,0.000000000,1.000000000,2.124625812,1.256665135,1.175450596,0.000000000,2.130677599,1.261908942,1.178524246,1,0,0,0.000000000,0.103739202,-0.234356547,0.627738905,1.201576242,-0.051623858,-0.153985265,7.089994704,12.262567282,-6.477869321,-130.893066394,-0.029552256,142.887534609,44.935719729,0.000382533,0.000151433,0.000556907,-0.000380551,0.000179021,-0.000100867,-0.000155365,0.000000000,0.000000000,0.000000000,0.000000000,0.000000000,0.000000000,0.000000000,-0.000029436,-0.000000710,0.000029134,0.000000001,-0.000010328,-0.000000003,0.000007289,0.000000000,0.000000000,0.000000000,0.000000000,0.000000000,0.000000000,0.000000000,0.265045253,0.052862337,-0.380421664,0.329582715,0.926322320,0.437671137,0.075274272
9.550000000,0,9.550000000,sample,0.214005884,-0.000002189,0.000000000,0.000000000,0.000000000,0.000000000,0.000000000,0,0,2.000000000,0.080000000,0.000000000,0.000000000,0.000104887,0.000000000,0.002192388,0.000000000,0.000000000,0.000000000,0.007528261,0.013932430,2,93.233594154,0,0.000000000,0.676516221,1.212526531,0.680895347,1.212653739,5.002737469,0.518421039,1.150428698,1.052442041,1.160625520,0.000000000,1.160627494,2.000000000,0.000000000,0.000000000,0.000000000,1.000000000,2.116170779,1.252887744,1.179123111,0.000000000,2.140229157,1.264637690,1.179909557,1,0,0,0.000000000,0.102928242,-0.233960511,0.626372456,1.201609266,-0.051488368,-0.153963332,7.089954100,12.262471580,-6.477869321,-130.892984947,-0.029627244,142.887493810,44.935760528,0.000668456,-0.007269104,0.000422979,0.001707415,-0.000382787,0.000039312,0.000381785,0.000000000,0.000000000,0.000000000,0.000000000,0.000000000,0.000000000,0.000000000,-0.000071292,-0.000001719,0.000070559,0.000000002,-0.000025012,-0.000000007,0.000017654,0.000000000,0.000000000,0.000000000,0.000000000,0.000000000,0.000000000,0.000000000,0.261621614,0.050757739,-0.391545953,0.329320686,0.927037066,0.438528623,0.076443906
9.600000000,0,9.600000000,sample,0.214006020,0.000002725,0.000000000,0.000000000,0.000000000,0.000000000,0.000000000,0,0,2.000000000,0.080000000,0.000000000,0.000000000,0.000136821,0.000000000,0.002909929,0.000000000,0.000000000,0.000000000,0.000770843,0.177495834,6,57.370579211,0,0.000000000,0.676352719,1.212353883,0.682890333,1.212614559,0.069396969,0.018158453,1.354381461,1.058496517,1.369285728,0.000000000,1.369285748,2.000000000,0.000000000,0.000000000,0.000000000,1.000000000,2.089869098,1.241224611,1.180640738,0.000000000,2.316545994,1.328493771,1.183246287,1,0,0,0.000000000,0.103866280,-0.230474210,0.627332794,1.201500066,-0.051536672,-0.153438911,7.089675259,12.262471580,-6.477980925,-130.893160548,-0.029406115,142.887622035,44.935719729,0.000119368,-0.000125010,-0.000156791,-0.000413608,-0.000115851,0.000583863,0.000119797,0.000000000,0.000000000,0.000000000,0.000000000,0.000000000,0.000000000,0.000000000,0.000092997,0.000002242,-0.000092042,-0.000000003,0.000032628,0.000000010,-0.000023029,0.000000000,0.000000000,0.000000000,0.000000000,0.000000000,0.000000000,0.000000000,0.269442149,0.038393767,-0.382819157,0.333266568,0.928947696,0.439823249,0.076380458
9.650000000,0,9.650000000,sample,0.214006018,-0.000000053,0.000000000,0.000000000,0.000000000,0.000000000,0.000000000,0,0,2.000000000,0.080000000,0.000000000,0.000000000,0.000544852,0.000000000,0.001336834,0.000000000,0.000000000,0.000000000,0.001196035,0.455548419,2,56.574320550,0,0.000000000,0.676251247,1.212247503,0.679908730,1.212457571,0.520055891,0.051095914,1.329934428,1.055935205,1.344493897,0.000000000,1.344493759,2.000000000,0.000000000,0.000000000,0.000000000,1.000000000,2.129424451,1.256982718,1.182249537,0.000000000,2.135244288,1.265395587,1.183414577,1,0,0,0.000000000,0.103570494,-0.231441977,0.626915874,1.201399382,-0.051570166,-0.153375529,7.089647368,12.262471573,-6.477869321,-130.893064820,-0.029276818,142.887493810,44.935760528,0.000473911,-0.000899608,-0.000370886,0.000089938,0.000216581,-0.000247054,0.000378186,0.000000000,0.000000000,0.000000000,0.000000000,0.000000000,0.000000000,0.000000000,0.000370335,0.000008928,-0.000366530,-0.000000012,0.000129930,0.000000038,-0.000091704,0.000000000,0.000000000,0.000000000,0.000000000,0.000000000,0.000000000,0.000000000,0.268472730,0.049989836,-0.387783904,0.336944487,0.928514559,0.437388946,0.076033267
9.700000000,0,9.700000000,sample,0.214005880,-0.000002763,0.000000000,0.000000000,0.000000000,0.000000000,0.000000000,0,0,2.000000000,0.080000000,0.000000000,0.000000000,0.000040768,0.000000000,0.001324253,0.000000000,0.000000000,0.000000000,0.002202089,0.018513391,7,32.256589289,0,0.000000000,0.675695404,1.212300884,0.680102297,1.212482869,1.336286051,0.091103398,1.341447489,1.057833405,1.350998018,0.000000000,1.350997246,2.000000000,0.000000000,0.000000000,0.000000000,1.000000000,1.938235273,1.184229972,1.194617165,0.000000000,2.146929383,1.263054890,1.195419235,1,0,0,0.000000000,0.102636660,-0.232290134,0.626155962,1.201443403,-0.051450232,-0.153492852,7.089743076,12.262471592,-6.477868818,-130.892953218,-0.029352309,142.887500893,44.935801327,0.001176396,-0.000439709,0.000838660,0.000961641,-0.000245090,-0.000139947,0.001250674,0.000000000,0.000000000,0.000000000,0.000000000,0.000000000,0.000000000,0.000000000,-0.000027710,-0.000000668,0.000027425,0.000000001,-0.000009722,-0.000000003,0.000006862,0.000000000,0.000000000,0.000000000,0.000000000,0.000000000,0.000000000,0.000000000,0.272733799,-0.033819733,-0.385868306,0.366482343,0.929840844,0.444877840,0.076542327
9.750000000,0,9.750000000,sample,0.214006082,0.000004048,0.000000000,0.000000000,0.000000000,0.000000000,0.000000000,0,0,2.000000000,0.080000000,0.000000000,0.000000000,0.000753779,0.000000000,0.001249697,0.000000000,0.000000000,0.000000000,0.001276550,0.590480996,3,29.222484536,0,0.000000000,0.677882535,1.212136661,0.680923989,1.212341635,0.512946079,0.058366489,1.375541222,1.060708705,1.395610702,0.000000000,1.395611192,2.000000000,0.000000000,0.000000000,0.000000000,1.000000000,2.114593990,1.252659759,1.181369206,0.000000000,2.147393743,1.261795653,1.192689255,1,0,0,0.000000000,0.104120718,-0.230050444,0.629094905,1.201324163,-0.051638028,-0.153065518,7.089587908,12.262678943,-6.477967414,-130.893160531,-0.029078181,142.887725854,44.935760528,0.000635092,0.000404329,-0.000690075,-0.000515614,-0.000273964,-0.000001695,0.000495617,0.000000000,0.000000000,0.000000000,0.000000000,0.000000000,0.000000000,0.000000000,0.000512342,0.000012352,-0.000507076,-0.000000017,0.000179756,0.000000052,-0.000126871,0.000000000,0.000000000,0.000000000,0.000000000,0.000000000,0.000000000,0.000000000,0.265216066,0.051109683,-0.391262784,0.326899557,0.929382251,0.439520857,0.076168241
9.801000000,0,9.801000000,sample,0.214006445,0.000007126,0.000000000,0.000000000,0.000000000,0.000000000,0.000000000,0,0,2.000000000,0.080000000,0.000000000,0.000000000,0.003485563,0.000000000,0.004919311,0.000000000,0.000000000,0.000000000,0.005499341,0.633814729,1,87.112552664,0,0.000000000,0.679092164,1.211963744,0.680663573,1.212210735,2.880397791,0.287432729,1.366337686,1.053219737,1.384004587,0.000000000,1.383999126,2.000000000,0.000000000,0.000000000,0.000000000,1.000000000,2.110886834,1.254307503,1.178911625,0.000000000,2.131603877,1.262555325,1.183045269,1,0,0,0.000000000,0.105524012,-0.229550730,0.630346978,1.201160235,-0.051788590,-0.152931842,7.089355719,12.262678943,-6.477814864,-130.893351946,-0.028856807,142.887772481,44.935632302,-0.005132761,0.000287021,0.000207722,-0.001837264,0.000240364,0.000328836,-0.000480150,0.000000000,0.000000000,0.000000000,0.000000000,0.000000000,0.000000000,0.000000000,-0.002369132,-0.000057116,0.002344782,0.000000078,-0.000831215,-0.000000240,0.000586669,0.000000000,0.000000000,0.000000000,0.000000000,0.000000000,0.000000000,0.000000000,0.266475875,0.048943462,-0.380403874,0.327002041,0.930692479,0.439138543,0.075889214
9.851000000,0,9.851000000,sample,0.214006077,-0.000007372,0.000000000,0.000000000,0.000000000,0.000000000,0.000000000,0,0,2.000000000,0.080000000,0.000000000,0.000000000,0.002354882,0.000000000,0.002954209,0.000000000,0.000000000,0.000000000,0.004453437,0.528778470,1,94.459721702,0,0.000000000,0.677071953,1.211972527,0.679438522,1.212116139,2.684824628,0.255057604,1.327201512,1.054600637,1.339383531,0.000000000,1.339378375,2.000000000,0.000000000,0.000000000,0.000000000,1.000000000,2.169817373,1.279609930,1.178014449,0.000000000,2.294753038,1.337521063,1.184932349,1,0,0,0.000000000,0.104645759,-0.228903618,0.628552963,1.201169788,-0.051715562,-0.152951127,7.089547134,12.262567282,-6.478076522,-130.893203034,-0.028803271,142.887581236,44.935504077,-0.004328313,0.000176112,-0.000661727,-0.000407004,0.000124781,0.000165384,-0.000649104,0.000000000,0.000000000,0.000000000,0.000000000,0.000000000,0.000000000,0.000000000,-0.001600610,-0.000038590,0.001584161,0.000000053,-0.000561571,-0.000000162,0.000396355,0.000000000,0.000000000,0.000000000,0.000000000,0.000000000,0.000000000,0.000000000,0.272152906,0.075090346,-0.378599668,0.316237274,0.931685562,0.437482761,0.072383708
9.901000000,0,9.901000000,sample,0.214006152,0.000001506,0.000000000,0.000000000,0.000000000,0.000000000,0.000000000,0,0,2.000000000,0.080000000,0.000000000,0.000000000,0.000878469,0.000000000,0.002457300,0.000000000,0.000000000,0.000000000,0.001303963,0.673691682,3,32.023214370,0,0.000000000,0.676731454,1.211910921,0.679431392,1.211995315,0.713493910,0.065153555,1.327635741,1.056296634,1.340997889,0.000000000,1.340998542,2.000000000,0.000000000,0.000000000,0.000000000,1.000000000,2.083455549,1.253864270,1.185605390,0.000000000,2.157720970,1.268606593,1.186208923,1,0,0,0.000000000,0.103718656,-0.230467557,0.627767956,1.201112977,-0.051627768,-0.152938782,7.089396357,12.262567282,-6.477773612,-130.893064820,-0.028815926,142.887534871,44.935673101,-0.000442815,-0.000622014,0.000737901,0.000688891,-0.000152208,-0.000181382,0.000205421,0.000000000,0.000000000,0.000000000,0.000000000,0.000000000,0.000000000,0.000000000,-0.000597095,-0.000014395,0.000590958,0.000000020,-0.000209489,-0.000000060,0.000147857,0.000000000,0.000000000,0.000000000,0.000000000,0.000000000,0.000000000,0.000000000,0.261243292,0.032577290,-0.390213171,0.339236605,0.933476755,0.438418410,0.073576182
9.951000000,0,9.951000000,sample,0.214005926,-0.000004520,0.000000000,0.000000000,0.000000000,0.000000000,0.000000000,0,0,2.000000000,0.080000000,0.000000000,0.000000000,0.000974803,0.000000000,0.001505128,0.000000000,0.000000000,0.000000000,0.003102676,0.314181401,5,87.672742554,0,0.000000000,0.676688177,1.211729159,0.679071864,1.212004707,0.405193372,0.213298133,1.341488351,1.041669548,1.326992020,0.000000000,1.326992203,2.000000000,0.000000000,0.000000000,0.000000000,1.000000000,2.100861072,1.258570432,1.189470258,0.000000000,2.118090380,1.267100215,1.189987709,1,0,0,0.000000000,0.103244475,-0.229642609,0.628101695,1.200975337,-0.051635166,-0.152576552,7.089491882,12.262678943,-6.477980981,-130.892967332,-0.028493641,142.887535396,44.935673101,-0.000136485,0.000336118,-0.000621465,0.000764444,0.002905151,-0.000022179,0.000289841,0.000000000,0.000000000,0.000000000,0.000000000,0.000000000,0.000000000,0.000000000,0.000662572,0.000015974,-0.000655763,-0.000000022,0.000232464,0.000000066,-0.000164072,0.000000000,0.000000000,0.000000000,0.000000000,0.000000000,0.000000000,0.000000000,0.261206423,0.039861665,-0.397754395,0.337024064,0.935451597,0.438709068,0.075449534
10.001000000,0,10.001000000,sample,0.214006068,0.000002831,0.000000000,0.000000000,0.000000000,0.000000000,0.000000000,0,0,2.000000000,0.080000000,0.000000000,0.000000000,0.000637592,0.000000000,0.001279355,0.000000000,0.000000000,0.000000000,0.001835167,0.347429806,2,52.195620404,0,0.000000000,0.677026000,1.211538507,0.679516759,1.211799882,0.738590761,0.103692531,1.381719449,1.056953323,1.387302686,0.000000000,1.387302165,2.000000000,0.000000000,0.000000000,0.000000000,1.000000000,2.139688635,1.267974152,1.186199041,0.000000000,2.139688635,1.268266666,1.188757783,1,0,0,0.000000000,0.103721323,-0.228976710,0.628630065,1.200830129,-0.051645108,-0.152201633,7.089389632,12.262678943,-6.477974448,-130.893064820,-0.028253956,142.887622035,44.935760528,-0.000607015,0.001325845,0.000123811,0.000003015,0.000049327,0.000373970,0.001041096,0.000000000,0.000000000,0.000000000,0.000000000,0.000000000,0.000000000,0.000000000,-0.000433370,-0.000010448,0.000428916,0.000000014,-0.000152048,-0.000000043,0.000107315,0.000000000,0.000000000,0.000000000,0.000000000,0.000000000,0.000000000,0.000000000,0.268974523,0.058687794,-0.387928651,0.326766792,0.936213715,0.437674778,0.077175830
10.051000000,0,10.051000000,sample,0.214006063,-0.000000096,0.000000000,0.000000000,0.000000000,0.000000000,0.000000000,0,0,2.000000000,0.080000000,0.000000000,0.000000000,0.000684466,0.000000000,0.001403072,0.000000000,0.000000000,0.000000000,0.001471973,0.464999259,1,33.159761190,0,0.000000000,0.673912087,1.211321034,0.680219378,1.211616050,0.673948058,0.116610861,1.317571526,1.054296730,1.323080258,0.000000000,1.323079727,2.000000000,0.000000000,0.000000000,0.000000000,1.000000000,2.119969692,1.261644689,1.189862467,0.000000000,2.139286083,1.268019131,1.192540723,1,0,0,0.000000000,0.102941918,-0.227593929,0.625908512,1.200671394,-0.051386062,-0.151810156,7.089213336,12.262375864,-6.477980973,-130.893065344,-0.028048324,142.887581236,44.935801327,-0.000847629,-0.000845396,-0.000045408,-0.000064704,0.000015157,0.000377679,0.000764472,0.000000000,0.000000000,0.000000000,0.000000000,0.000000000,0.000000000,0.000000000,-0.000465232,-0.000011216,0.000460451,0.000000015,-0.000163223,-0.000000046,0.000115202,0.000000000,0.000000000,0.000000000,0.000000000,0.000000000,0.000000000,0.000000000,0.272387778,0.050022707,-0.387373018,0.328705470,0.939161200,0.439351122,0.076922096
10.101000000,0,10.101000000,sample,0.214006092,0.000000587,0.000000000,0.000000000,0.000000000,0.000000000,0.000000000,0,0,2.000000000,0.080000000,0.000000000,0.000000000,0.000483140,0.000000000,0.004131220,0.000000000,0.000000000,0.000000000,0.001813308,0.266441468,2,82.365687796,0,0.000000000,0.676912161,1.211378999,0.680183428,1.211555551,1.127972998,0.123707470,1.302304070,1.056685292,1.317365622,0.000000000,1.317365474,2.000000000,0.000000000,0.000000000,0.000000000,1.000000000,2.264627605,1.325785983,1.184623168,0.000000000,2.264627605,1.325785983,1.192451198,1,0,0,0.000000000,0.103867222,-0.228393740,0.628695454,1.200691121,-0.051686244,-0.152014615,7.089308990,12.262678943,-6.477980972,-130.893064878,-0.028020095,142.887582052,44.935673101,0.000292388,-0.001645678,-0.000414014,0.000346148,-0.000146523,0.000139218,-0.000402820,0.000000000,0.000000000,0.000000000,0.000000000,0.000000000,0.000000000,0.000000000,0.000328390,0.000007917,-0.000325015,-0.000000011,0.000115216,0.000000032,-0.000081319,0.000000000,0.000000000,0.000000000,0.000000000,0.000000000,0.000000000,0.000000000,0.261028457,0.120189391,-0.397541806,0.296124961,0.938801826,0.433512603,0.075757373
10.151000000,0,10.151000000,sample,0.214006157,0.000001298,0.000000000,0.000000000,0.000000000,0.000000000,0.000000000,0,0,2.000000000,0.080000000,0.000000000,-0.000000000,0.000496619,0.000000000,0.001367853,0.000000000,0.000000000,0.000000000,0.001304702,0.380638005,3,38.019037268,0,0.000000000,0.675712299,1.211296216,0.678923241,1.211436141,0.538751955,0.044642948,1.336140385,1.056921715,1.357070839,0.000000000,1.357069910,2.000000000,0.000000000,0.000000000,0.000000000,1.000000000,2.096284451,1.254464641,1.191369429,0.000000000,2.305283170,1.344651295,1.194263757,1,0,0,0.000000000,0.104182945,-0.228014859,0.627488843,1.200617534,-0.051623411,-0.151957510,7.089308989,12.262471573,-6.478035429,-130.893160529,-0.027918258,142.887534609,44.935591503,-0.000069801,-0.000802655,-0.000804474,-0.000620758,-0.000003971,-0.000102048,-0.000100856,0.000000000,0.000000000,0.000000000,0.000000000,0.000000000,0.000000000,0.000000000,0.000337552,0.000008138,-0.000334083,-0.000000011,0.000118428,0.000000033,-0.000083586,0.000000000,0.000000000,0.000000000,0.000000000,0.000000000,0.000000000,0.000000000,0.271016826,0.041075621,-0.393841499,0.333091038,0.939021940,0.436407827,0.077129947
10.201000000,0,10.201000000,sample,0.214006598,0.000008811,0.000000000,0.000000000,0.000000000,0.000000000,0.000000000,0,0,2.000000000,0.080000000,0.000000000,0.000000000,0.000793615,0.000000000,0.001221371,0.000000000,0.000000000,0.000000000,0.001426309,0.556411238,2,37.018500204,0,0.000000000,0.679577313,1.211188348,0.679577313,1.211411411,0.757958350,0.066144211,1.395648332,1.058906167,1.413163661,0.000000000,1.413163979,2.000000000,0.000000000,0.000000000,0.000000000,1.000000000,2.119330047,1.263727081,1.191219204,0.000000000,2.119330047,1.265530014,1.191446716,1,0,0,0.000000000,0.105478169,-0.231785453,0.630059667,1.200479953,-0.051881891,-0.152096569,7.089308990,12.262678776,-6.477650850,-130.893256238,-0.027780407,142.887581236,44.935719729,-0.000192474,0.000867807,0.000834675,-0.000481508,-0.000310943,0.000398130,0.000245962,0.000000000,0.000000000,0.000000000,0.000000000,0.000000000,0.000000000,0.000000000,-0.000539419,-0.000013004,0.000533875,0.000000017,-0.000189255,-0.000000052,0.000133576,0.000000000,0.000000000,0.000000000,0.000000000,0.000000000,0.000000000,0.000000000,0.270461331,0.048286690,-0.392441316,0.332869334,0.939066167,0.437026927,0.076630781
10.251000000,0,10.251000000,sample,0.214006566,-0.000000633,0.000000000,0.000000000,0.000000000,0.000000000,0.000000000,0,0,2.000000000,0.080000000,0.000000000,0.000000000,0.001493346,0.000000000,0.001493346,0.000000000,0.000000000,0.000000000,0.002349890,0.635495861,3,74.602443963,0,0.000000000,0.676867423,1.210935342,0.679505784,1.211232625,1.142597061,0.118735767,1.368170548,1.056283911,1.388717988,0.000000000,1.388718640,2.000000000,0.000000000,0.000000000,0.000000000,1.000000000,2.104589763,1.264311807,1.190127706,0.000000000,2.119113278,1.270442838,1.192002660,1,0,0,0.000000000,0.103687837,-0.231933546,0.627379607,1.200281531,-0.051476751,-0.151785356,7.089186373,12.262471573,-6.477555813,-130.893160529,-0.027529485,142.887685793,44.935801327,0.000015352,-0.000775651,0.002029664,-0.000691200,-0.000345464,0.000370350,0.000257521,0.000000000,0.000000000,0.000000000,0.000000000,0.000000000,0.000000000,0.000000000,-0.001015026,-0.000024470,0.001004594,0.000000032,-0.000356117,-0.000000098,0.000251347,0.000000000,0.000000000,0.000000000,0.000000000,0.000000000,0.000000000,0.000000000,0.271005455,0.042775432,-0.389482210,0.333989398,0.939378072,0.435979250,0.073320408
10.301000000,0,10.301000000,sample,0.214006104,-0.000009231,0.000000000,0.000000000,0.000000000,0.000000000,0.000000000,0,0,2.000000000,0.080000000,0.000000000,0.000000000,0.001012830,0.000000000,0.001261835,0.000000000,0.000000000,0.000000000,0.001749734,0.578848051,7,29.637576957,0,0.000000000,0.675868882,1.210945129,0.679794824,1.211193140,0.601303853,0.026674502,1.327924802,1.055599004,1.345654219,0.000000000,1.345654895,2.000000000,0.000000000,0.000000000,0.000000000,1.000000000,2.107894548,1.263509843,1.186646312,0.000000000,2.134379452,1.276117546,1.190411518,1,0,0,0.000000000,0.103971464,-0.227443874,0.627899645,1.200322704,-0.051678048,-0.151469112,7.089236700,12.262567227,-6.478076671,-130.893080656,-0.027395018,142.887493810,44.935550704,0.000155690,-0.000023921,-0.000938697,0.000876774,0.000484960,-0.000494278,-0.000952562,0.000000000,0.000000000,0.000000000,0.000000000,0.000000000,0.000000000,0.000000000,0.000688419,0.000016598,-0.000681345,-0.000000022,0.000241530,0.000000066,-0.000170471,0.000000000,0.000000000,0.000000000,0.000000000,0.000000000,0.000000000,0.000000000,0.268535074,0.049020652,-0.386262070,0.324978013,0.939042580,0.437445054,0.075147330
10.351000000,0,10.351000000,sample,0.214006278,0.000003471,0.000000000,0.000000000,0.000000000,0.000000000,0.000000000,0,0,2.000000000,0.080000000,0.000000000,0.000000000,0.000765409,0.000000000,0.002161464,0.000000000,0.000000000,0.000000000,0.001223881,0.625394476,4,39.155877696,0,0.000000000,0.675685737,1.210901268,0.679147276,1.211096008,0.562219088,0.055216821,1.336373143,1.055361620,1.342770057,0.000000000,1.342770417,2.000000000,0.000000000,0.000000000,0.000000000,1.000000000,2.105972191,1.257126694,1.190294507,0.000000000,2.120494154,1.264767166,1.192666420,1,0,0,0.000000000,0.102836752,-0.229633246,0.627092011,1.200272940,-0.051518171,-0.151567235,7.089030147,12.262567282,-6.477650789,-130.892954733,-0.027463988,142.887534609,44.935719729,-0.000295853,-0.000096549,0.000655025,0.000765840,-0.000081402,0.000082189,0.000609988,0.000000000,0.000000000,0.000000000,0.000000000,0.000000000,0.000000000,0.000000000,-0.000520247,-0.000012542,0.000514901,0.000000016,-0.000182527,-0.000000050,0.000128827,0.000000000,0.000000000,0.000000000,0.000000000,0.000000000,0.000000000,0.000000000,0.274078815,0.042538918,-0.385863437,0.334218032,0.939233759,0.437266991,0.076925262
10.401000000,0,10.401000000,sample,0.214006520,0.000004848,0.000000000,0.000000000,0.000000000,0.000000000,0.000000000,0,0,2.000000000,0.080000000,0.000000000,0.000000000,0.001011490,0.000000000,0.001316850,0.000000000,0.000000000,0.000000000,0.001174357,0.861313901,1,49.893521598,0,0.000000000,0.677290288,1.210908649,0.678875933,1.211015483,0.338072945,0.036132093,1.359104562,1.058597516,1.382591569,0.000000000,1.382591588,2.000000000,0.000000000,0.000000000,0.000000000,1.000000000,2.108956242,1.267257907,1.190604040,0.000000000,2.128363748,1.270790810,1.192004686,1,0,0,0.000000000,0.104668331,-0.229591511,0.628533541,1.200270887,-0.051764774,-0.151558438,7.089030146,12.262567282,-6.477649841,-130.893160589,-0.027456000,142.887493810,44.935719729,-0.000829511,-0.000051879,0.000461071,-0.000360575,-0.000519618,-0.000264594,0.000075634,0.000000000,0.000000000,0.000000000,0.000000000,0.000000000,0.000000000,0.000000000,-0.000687509,-0.000016575,0.000680443,0.000000022,-0.000241211,-0.000000066,0.000170246,0.000000000,0.000000000,0.000000000,0.000000000,0.000000000,0.000000000,0.000000000,0.264753883,0.044234888,-0.390723502,0.333337576,0.940843877,0.436744087,0.075995024
10.451000000,0,10.451000000,sample,0.214006267,-0.000005068,0.000000000,0.000000000,0.000000000,0.000000000,0.000000000,0,0,2.000000000,0.080000000,0.000000000,0.000000000,0.000073748,0.000000000,0.003525999,0.000000000,0.000000000,0.000000000,0.001183267,0.062326119,2,63.890520484,0,0.000000000,0.675371856,1.210699240,0.679640027,1.210930866,0.553393686,0.065597809,1.324215226,1.053829297,1.336266663,0.000000000,1.336266479,2.000000000,0.000000000,0.000000000,0.000000000,1.000000000,2.091069136,1.262741040,1.190743309,0.000000000,2.134503758,1.273934317,1.192003873,1,0,0,0.000000000,0.103575451,-0.228714110,0.626968201,1.200123566,-0.051567550,-0.151118706,7.089125855,12.262471573,-6.477868651,-130.893064995,-0.027155321,142.887493810,44.935801327,0.000018347,-0.000945803,-0.000167763,0.000151951,0.000217065,-0.000366972,0.000521747,0.000000000,0.000000000,0.000000000,0.000000000,0.000000000,0.000000000,0.000000000,0.000050127,0.000001208,-0.000049612,-0.000000002,0.000017587,0.000000005,-0.000012413,0.000000000,0.000000000,0.000000000,0.000000000,0.000000000,0.000000000,0.000000000,0.259603775,0.042249141,-0.398882166,0.328234312,0.940781048,0.437032773,0.076020693
10.501000000,0,10.501000000,sample,0.214006199,-0.000001367,0.000000000,0.000000000,0.000000000,0.000000000,0.000000000,0,0,2.000000000,0.080000000,0.000000000,0.000000000,0.000304870,0.000000000,0.005076439,0.000000000,0.000000000,0.000000000,0.001463009,0.208385578,7,61.243321260,0,0.000000000,0.675137338,1.210635458,0.678510650,1.210807317,0.421793511,0.110630919,1.333007904,1.059614704,1.359905670,0.000000000,1.359905538,2.000000000,0.000000000,0.000000000,0.000000000,1.000000000,2.114430001,1.269429249,1.189535900,0.000000000,2.132647857,1.298269692,1.198555451,1,0,0,0.000000000,0.103413924,-0.228328115,0.626882969,1.200055803,-0.051526411,-0.151159882,7.089180777,12.262471573,-6.477976383,-130.893064820,-0.027006637,142.887534871,44.935591503,0.000269876,-0.000696708,-0.000075503,-0.000022490,-0.000464030,0.000223118,-0.001144924,0.000000000,0.000000000,0.000000000,0.000000000,0.000000000,0.000000000,0.000000000,0.000207220,0.000004996,-0.000205090,-0.000000006,0.000072702,0.000000020,-0.000051313,0.000000000,0.000000000,0.000000000,0.000000000,0.000000000,0.000000000,0.000000000,0.265875335,0.048728138,-0.392918972,0.330006414,0.939693217,0.435977637,0.074445538
10.551000000,0,10.551000000,sample,0.214006466,0.000005341,0.000000000,0.000000000,0.000000000,0.000000000,0.000000000,0,0,2.000000000,0.080000000,0.000000000,0.000000000,0.000970762,0.000000000,0.004571514,0.000000000,0.000000000,0.000000000,0.001212949,0.800332499,1,64.048737411,0,0.000000000,0.674873257,1.210487048,0.678671200,1.210735539,0.339153036,0.026180247,1.336792557,1.055306599,1.355442809,0.000000000,1.355442554,2.000000000,0.000000000,0.000000000,0.000000000,1.000000000,2.100890137,1.273374530,1.189054981,0.000000000,2.129240333,1.281923807,1.189886933,1,0,0,0.000000000,0.103460431,-0.226765734,0.627157998,1.199959136,-0.051422918,-0.150773503,7.088790666,12.262458039,-6.477773045,-130.893160529,-0.026921490,142.887725854,44.935719729,-0.000970729,-0.000512583,0.000416027,-0.000163372,-0.000122017,-0.000223788,-0.000038117,0.000000000,0.000000000,0.000000000,0.000000000,0.000000000,0.000000000,0.000000000,-0.000659826,-0.000015907,0.000653045,0.000000020,-0.000231497,-0.000000062,0.000163390,0.000000000,0.000000000,0.000000000,0.000000000,0.000000000,0.000000000,0.000000000,0.252705227,0.045646617,-0.398324620,0.327549611,0.941026185,0.436888267,0.074533964
10.601000000,0,10.601000000,sample,0.214006429,-0.000000733,0.000000000,0.000000000,0.000000000,0.000000000,0.000000000,0,0,2.000000000,0.080000000,0.000000000,0.000000000,0.000333384,0.000000000,0.002158310,0.000000000,0.000000000,0.000000000,0.001758617,0.189571925,7,82.351862280,0,0.000000000,0.677778985,1.210473453,0.678342670,1.210725790,0.331612792,0.086623329,1.366673935,1.058695745,1.395307327,0.000000000,1.395307166,2.000000000,0.000000000,0.000000000,0.000000000,1.000000000,2.105558824,1.264476517,1.192822504,0.000000000,2.122057359,1.273166000,1.192859944,1,0,0,0.000000000,0.104203642,-0.230228651,0.628904381,1.199871191,-0.051771214,-0.151244326,7.089123794,12.262678943,-6.477745203,-130.893064820,-0.026738263,142.887500893,44.935463278,-0.000096341,0.000627790,-0.000167886,0.000186507,0.000029563,-0.000280293,-0.001595909,0.000000000,0.000000000,0.000000000,0.000000000,0.000000000,0.000000000,0.000000000,0.000226601,0.000005463,-0.000224272,-0.000000007,0.000079503,0.000000021,-0.000056113,0.000000000,0.000000000,0.000000000,0.000000000,0.000000000,0.000000000,0.000000000,0.266194006,0.045816371,-0.396548072,0.328678838,0.941478909,0.438749903,0.075518023
10.651000000,0,10.651000000,sample,0.214006555,0.000002529,0.000000000,0.000000000,0.000000000,0.000000000,0.000000000,0,0,2.000000000,0.080000000,0.000000000,0.000000000,0.000734415,0.000000000,0.001397158,0.000000000,0.000000000,0.000000000,0.001569922,0.467803777,7,28.286206330,0,0.000000000,0.675872420,1.210311470,0.680339773,1.210585987,0.479338793,0.011740848,1.356345171,1.055108545,1.371018579,0.000000000,1.371018538,2.000000000,0.000000000,0.000000000,0.000000000,1.000000000,2.086854336,1.252007951,1.191812285,0.000000000,2.114314041,1.270323971,1.193208473,1,0,0,0.000000000,0.103958733,-0.229278355,0.627238029,1.199779785,-0.051547692,-0.150748656,7.088963217,12.262440409,-6.477706478,-130.893160529,-0.026646804,142.887581236,44.935760528,-0.000011671,-0.000713887,0.000790682,-0.000752267,-0.000177702,0.000187254,0.000834959,0.000000000,0.000000000,0.000000000,0.000000000,0.000000000,0.000000000,0.000000000,-0.000499182,-0.000012034,0.000494052,0.000000015,-0.000175135,-0.000000047,0.000123610,0.000000000,0.000000000,0.000000000,0.000000000,0.000000000,0.000000000,0.000000000,0.279297976,0.035475217,-0.382897849,0.334574444,0.940947139,0.437719069,0.074968986
10.701000000,0,10.701000000,sample,0.214006166,-0.000007778,0.000000000,0.000000000,0.000000000,0.000000000,0.000000000,0,0,2.000000000,0.080000000,0.000000000,0.000000000,0.001493671,0.000000000,0.001508082,0.000000000,0.000000000,0.000000000,0.002395090,0.623638813,7,39.534363048,0,0.000000000,0.674537102,1.210326519,0.679668647,1.210474158,0.433587757,0.095618685,1.333866786,1.054399022,1.335465795,0.000000000,1.335466231,2.000000000,0.000000000,0.000000000,0.000000000,1.000000000,2.116666907,1.266696262,1.190500976,0.000000000,2.123738928,1.269780059,1.193713887,1,0,0,0.000000000,0.103113024,-0.227944980,0.626425648,1.199829877,-0.051433172,-0.150509728,7.089193269,12.262430914,-6.478070640,-130.893064820,-0.026606005,142.887581236,44.935842126,0.001369460,-0.000415924,-0.001104322,0.000295652,0.000336501,-0.000001032,0.001505945,0.000000000,0.000000000,0.000000000,0.000000000,0.000000000,0.000000000,0.000000000,0.001015247,0.000024477,-0.001004814,-0.000000031,0.000356194,0.000000095,-0.000251400,0.000000000,0.000000000,0.000000000,0.000000000,0.000000000,0.000000000,0.000000000,0.273499734,0.050180613,-0.389215769,0.327451888,0.940337224,0.437727744,0.073614183
10.751000000,0,10.751000000,sample,0.214006360,0.000003865,0.000000000,0.000000000,0.000000000,0.000000000,0.000000000,0,0,2.000000000,0.080000000,0.000000000,0.000000000,0.000039030,0.000000000,0.001900119,0.000000000,0.000000000,0.000000000,0.000955407,0.040852062,6,25.103632783,0,0.000000000,0.674871539,1.210108595,0.679264820,1.210450603,0.393107362,0.081490609,1.341161052,1.053506614,1.342805878,0.000000000,1.342805947,2.000000000,0.000000000,0.000000000,0.000000000,1.000000000,2.127942666,1.268806823,1.192254320,0.000000000,2.129436483,1.269695956,1.193876138,1,0,0,0.000000000,0.102784270,-0.229108746,0.626415333,1.199616315,-0.051343981,-0.150490205,7.089064972,12.262440964,-6.477857378,-130.893064820,-0.026326140,142.887685784,44.935719729,-0.000369333,0.000271578,-0.000275780,0.000340533,0.000364433,0.000478693,0.000385572,0.000000000,0.000000000,0.000000000,0.000000000,0.000000000,0.000000000,0.000000000,-0.000026529,-0.000000640,0.000026256,0.000000001,-0.000009308,-0.000000002,0.000006569,0.000000000,0.000000000,0.000000000,0.000000000,0.000000000,0.000000000,0.000000000,0.274063650,0.052479390,-0.389698863,0.329486324,0.941222553,0.437704147,0.075459506
10.801000000,0,10.801000000,sample,0.214006277,-0.000001658,0.000000000,0.000000000,0.000000000,0.000000000,0.000000000,0,0,2.000000000,0.080000000,0.000000000,0.000000000,0.001310105,0.000000000,0.003862001,0.000000000,0.000000000,0.000000000,0.001791636,0.731234059,3,47.411152480,0,0.000000000,0.673595668,1.210126825,0.678480647,1.210342187,0.510252354,0.013393927,1.330838817,1.056894757,1.355353670,0.000000000,1.355353734,2.000000000,0.000000000,0.000000000,0.000000000,1.000000000,2.127489246,1.265415528,1.191846880,0.000000000,2.137433031,1.301929696,1.202577269,1,0,0,0.000000000,0.103031905,-0.227828399,0.625467642,1.199628246,-0.051389485,-0.150526155,7.089039024,12.262309160,-6.477967415,-130.893069541,-0.026331430,142.887515059,44.935550704,0.000359922,-0.000376470,-0.001233645,-0.000051863,0.000195505,-0.000178180,-0.001159373,0.000000000,0.000000000,0.000000000,0.000000000,0.000000000,0.000000000,0.000000000,0.000890478,0.000021469,-0.000881328,-0.000000027,0.000312416,0.000000082,-0.000220502,0.000000000,0.000000000,0.000000000,0.000000000,0.000000000,0.000000000,0.000000000,0.280119049,0.051237890,-0.385147078,0.331643710,0.940798951,0.436169436,0.075727917
10.851000000,0,10.851000000,sample,0.214006272,-0.000000100,0.000000000,0.000000000,0.000000000,0.000000000,0.000000000,0,0,2.000000000,0.080000000,0.000000000,0.000000000,0.000213599,0.000000000,0.001614400,0.000000000,0.000000000,0.000000000,0.001250404,0.170823723,3,43.014797754,0,0.000000000,0.674108562,1.210097501,0.680958292,1.210255147,0.842424665,0.119746046,1.318374710,1.053410308,1.321373813,0.000000000,1.321373720,2.000000000,0.000000000,0.000000000,0.000000000,1.000000000,2.125790829,1.275524736,1.190179570,0.000000000,2.143843623,1.275983192,1.193394426,1,0,0,0.000000000,0.103001922,-0.225921852,0.626715465,1.199648480,-0.051414632,-0.150120021,7.088847940,12.262469565,-6.477976291,-130.893064820,-0.026331345,142.887643372,44.935760528,-0.000555071,-0.000419186,-0.000820086,0.000183080,0.000312896,0.000496887,0.000169792,0.000000000,0.000000000,0.000000000,0.000000000,0.000000000,0.000000000,0.000000000,0.000145183,0.000003500,-0.000143691,-0.000000004,0.000050937,0.000000013,-0.000035951,0.000000000,0.000000000,0.000000000,0.000000000,0.000000000,0.000000000,0.000000000,0.259925980,0.052178036,-0.392652449,0.328675235,0.941370973,0.438233721,0.076235743
10.901000000,0,10.901000000,sample,0.214006641,0.000007391,0.000000000,0.000000000,0.000000000,0.000000000,0.000000000,0,0,2.000000000,0.080000000,0.000000000,0.000000000,0.000444317,0.000000000,0.004261531,0.000000000,0.000000000,0.000000000,0.001263887,0.351548116,7,42.454295968,0,0.000000000,0.677813562,1.210122160,0.678887505,1.210212668,0.671730438,0.098739925,1.380806073,1.058297179,1.412786410,0.000000000,1.412786905,2.000000000,0.000000000,0.000000000,0.000000000,1.000000000,2.118398737,1.275503116,1.194320278,0.000000000,2.142827815,1.279741691,1.195569865,1,0,0,0.000000000,0.105350595,-0.229234747,0.629113589,1.199600613,-0.051828802,-0.150558248,7.089038857,12.262565778,-6.477812110,-130.893256238,-0.026283704,142.887518236,44.935632302,0.000210707,0.000343592,-0.000236172,-0.000650523,-0.000008361,-0.000527030,-0.000823510,0.000000000,0.000000000,0.000000000,0.000000000,0.000000000,0.000000000,0.000000000,0.000302002,0.000007281,-0.000298898,-0.000000009,0.000105957,0.000000028,-0.000074784,0.000000000,0.000000000,0.000000000,0.000000000,0.000000000,0.000000000,0.000000000,0.259494258,0.047897726,-0.402012918,0.332256098,0.941795167,0.438537521,0.073943706
10.951000000,0,10.951000000,sample,0.214006497,-0.000002891,0.000000000,0.000000000,0.000000000,0.000000000,0.000000000,0,0,2.000000000,0.080000000,0.000000000,0.000000000,0.001147887,0.000000000,0.001161534,0.000000000,0.000000000,0.000000000,0.001929434,0.594934491,1,58.207786359,0,0.000000000,0.676185816,1.210065405,0.679114760,1.210233474,0.864480065,0.157141071,1.375990605,1.058940984,1.410118409,0.000000000,1.410118532,2.000000000,0.000000000,0.000000000,0.000000000,1.000000000,2.111476906,1.267533050,1.189015583,0.000000000,2.126326911,1.282842593,1.194625527,1,0,0,0.000000000,0.104139575,-0.229874699,0.627327530,1.199539359,-0.051596625,-0.150669838,7.089134572,12.262444973,-6.477854248,-130.893160529,-0.026194330,142.887534609,44.935504077,0.001472043,-0.000044031,0.000068655,-0.000421784,0.000004863,-0.000234645,-0.001147244,0.000000000,0.000000000,0.000000000,0.000000000,0.000000000,0.000000000,0.000000000,0.000780218,0.000018810,-0.000772200,-0.000000023,0.000273735,0.000000072,-0.000193201,0.000000000,0.000000000,0.000000000,0.000000000,0.000000000,0.000000000,0.000000000,0.263895169,0.047795029,-0.387684570,0.327525996,0.941164841,0.438891390,0.076442911
11.001000000,0,11.001000000,sample,0.214006418,-0.000001583,0.000000000,0.000000000,0.000000000,0.000000000,0.000000000,0,0,2.000000000,0.080000000,0.000000000,0.000000000,0.000518773,0.000000000,0.003851078,0.000000000,0.000000000,0.000000000,0.001512659,0.342953956,5,62.517976487,0,0.000000000,0.674465733,1.209810836,0.678700751,1.210066407,0.102356481,0.079621677,1.350234201,1.063312302,1.377877305,0.000000000,1.377877389,2.000000000,0.000000000,0.000000000,0.000000000,1.000000000,2.128761287,1.270367066,1.190665342,0.000000000,2.131074684,1.286402890,1.196451497,1,0,0,0.000000000,0.103066971,-0.229418084,0.625818318,1.199356754,-0.051403561,-0.150144290,7.089038856,12.262349712,-6.477844817,-130.893064839,-0.025914299,142.887534609,44.935719700,0.000761061,-0.000134566,-0.000461913,-0.000158922,-0.001196034,-0.000069764,0.000129736,0.000000000,0.000000000,0.000000000,0.000000000,0.000000000,0.000000000,0.000000000,0.000352610,0.000008501,-0.000348986,-0.000000010,0.000123710,0.000000032,-0.000087314,0.000000000,0.000000000,0.000000000,0.000000000,0.000000000,0.000000000,0.000000000,0.270299660,0.053324538,-0.388311955,0.328006457,0.940933920,0.438521670,0.075803935
11.051000000,0,11.051000000,sample,0.214006426,0.000000169,0.000000000,0.000000000,0.000000000,0.000000000,0.000000000,0,0,2.000000000,0.080000000,0.000000000,0.000000000,0.001633344,0.000000000,0.001633344,0.000000000,0.000000000,0.000000000,0.009581319,0.170471692,7,98.679320336,0,0.000000000,0.674257989,1.209840911,0.678231546,1.210052010,0.564332016,0.564459680,1.320939964,1.050013582,1.275746580,0.000000000,1.275746241,2.000000000,0.000000000,0.000000000,0.000000000,1.000000000,2.134724919,1.276493930,1.189878901,0.000000000,2.147324753,1.277764920,1.192726696,1,0,0,0.000000000,0.103776932,-0.227222471,0.626278000,1.199413307,-0.051481448,-0.149908004,7.088938105,12.262333255,-6.477967360,-130.893160529,-0.025966765,142.887534609,44.935775918,-0.000226048,-0.000961827,-0.000316665,-0.000068509,-0.000314573,-0.000179642,0.009517840,0.000000000,0.000000000,0.000000000,0.000000000,0.000000000,0.000000000,0.000000000,-0.001110183,-0.000026766,0.001098775,0.000000033,-0.000389498,-0.000000101,0.000274906,0.000000000,0.000000000,0.000000000,0.000000000,0.000000000,0.000000000,0.000000000,0.269915339,0.054370991,-0.385804396,0.329923377,0.941351364,0.436562013,0.074686375
11.101000000,0,11.101000000,sample,0.214006445,0.000000379,0.000000000,0.000000000,0.000000000,0.000000000,0.000000000,0,0,2.000000000,0.080000000,0.000000000,0.000000000,0.000557959,0.000000000,0.001898092,0.000000000,0.000000000,0.000000000,0.001489523,0.374589428,7,41.808992398,0,0.000000000,0.677190030,1.209818132,0.678054010,1.210006016,0.648561502,0.123880562,1.365063384,1.057536203,1.383023909,0.000000000,1.383023252,2.000000000,0.000000000,0.000000000,0.000000000,1.000000000,2.108647523,1.262415850,1.190572143,0.000000000,2.142276460,1.277650219,1.193195893,1,0,0,0.000000000,0.103743783,-0.229257145,0.628700823,1.199342888,-0.051642226,-0.150231921,7.089034335,12.262677420,-6.477854245,-130.893064820,-0.025823922,142.887623084,44.935550704,0.000860485,0.000349361,0.000294668,0.000309213,0.000014507,0.000495913,-0.000963123,0.000000000,0.000000000,0.000000000,0.000000000,0.000000000,0.000000000,0.000000000,0.000379244,0.000009143,-0.000375347,-0.000000011,0.000133058,0.000000034,-0.000093912,0.000000000,0.000000000,0.000000000,0.000000000,0.000000000,0.000000000,0.000000000,0.274951068,0.045996191,-0.383878175,0.328636833,0.941471822,0.438611939,0.075060258
11.151000000,0,11.151000000,sample,0.214006315,-0.000002595,0.000000000,0.000000000,0.000000000,0.000000000,0.000000000,0,0,2.000000000,0.080000000,0.000000000,0.000000000,0.000532255,0.000000000,0.001565266,0.000000000,0.000000000,0.000000000,0.001823957,0.291813378,4,53.185828147,0,0.000000000,0.675530540,1.209778043,0.680185704,1.209931586,0.929616172,0.065889793,1.344550673,1.055882325,1.355661356,0.000000000,1.355660402,2.000000000,0.000000000,0.000000000,0.000000000,1.000000000,2.085386013,1.253566527,1.191934478,0.000000000,2.121225892,1.266941513,1.193050507,1,0,0,0.000000000,0.103047678,-0.229390917,0.626978863,1.199326434,-0.051565289,-0.150066782,7.089038346,12.262543434,-6.477851227,-130.892953159,-0.025822830,142.887453040,44.935719729,0.001067562,0.000242998,0.000240123,0.001330186,0.000074812,-0.000440469,0.000318460,0.000000000,0.000000000,0.000000000,0.000000000,0.000000000,0.000000000,0.000000000,0.000361773,0.000008722,-0.000358055,-0.000000011,0.000126927,0.000000033,-0.000089584,0.000000000,0.000000000,0.000000000,0.000000000,0.000000000,0.000000000,0.000000000,0.275953241,0.036916928,-0.384548704,0.331496390,0.942363691,0.437709602,0.076079998
11.201000000,0,11.201000000,sample,0.214006526,0.000004208,0.000000000,0.000000000,0.000000000,0.000000000,0.000000000,0,0,2.000000000,0.080000000,0.000000000,0.000000000,0.000933849,0.000000000,0.001649020,0.000000000,0.000000000,0.000000000,0.001103163,0.846519695,3,53.248053988,0,0.000000000,0.675888666,1.209723093,0.678370615,1.209896514,0.208323902,0.019968754,1.361533455,1.053400426,1.373434172,0.000000000,1.373434376,2.000000000,0.000000000,0.000000000,0.000000000,1.000000000,2.119408884,1.269150010,1.191460384,0.000000000,2.127671179,1.270169382,1.194263726,1,0,0,0.000000000,0.103550713,-0.228146774,0.627735445,1.199281637,-0.051573291,-0.149979035,7.088793006,12.262562697,-6.477746542,-130.893064995,-0.025782003,142.887581265,44.935632302,-0.000641839,0.000173495,0.000804992,-0.000182739,0.000223031,0.000196436,0.000071939,0.000000000,0.000000000,0.000000000,0.000000000,0.000000000,0.000000000,0.000000000,-0.000634736,-0.000015303,0.000628213,0.000000019,-0.000222696,-0.000000057,0.000157178,0.000000000,0.000000000,0.000000000,0.000000000,0.000000000,0.000000000,0.000000000,0.271594169,0.049176867,-0.387292040,0.329200314,0.941751348,0.438859955,0.074393921
11.251000000,0,11.251000000,sample,0.214006573,0.000000950,0.000000000,0.000000000,0.000000000,0.000000000,0.000000000,0,0,2.000000000,0.080000000,0.000000000,0.000000000,0.000051961,0.000000000,0.001680662,0.000000000,0.000000000,0.000000000,0.001001564,0.051880038,7,46.196940978,0,0.000000000,0.676124646,1.209624222,0.677992605,1.209848441,0.542987363,0.028232809,1.357084522,1.056832750,1.377231208,0.000000000,1.377231114,2.000000000,0.000000000,0.000000000,0.000000000,1.000000000,2.140664753,1.283893224,1.187694661,0.000000000,2.140664753,1.285265875,1.208170705,1,0,0,0.000000000,0.104497877,-0.226408393,0.628461590,1.199201683,-0.051719496,-0.149770407,7.088707261,12.262566754,-6.477858331,-130.893160529,-0.025606872,142.887534875,44.935504077,-0.000529441,0.000317124,-0.000305321,-0.000228221,-0.000072458,0.000091011,-0.000680746,0.000000000,0.000000000,0.000000000,0.000000000,0.000000000,0.000000000,0.000000000,-0.000035318,-0.000000851,0.000034955,0.000000001,-0.000012391,-0.000000003,0.000008746,0.000000000,0.000000000,0.000000000,0.000000000,0.000000000,0.000000000,0.000000000,0.265403547,0.059442739,-0.385800091,0.324207060,0.941176927,0.437772539,0.072356034
11.301000000,0,11.301000000,sample,0.214006691,0.000002362,0.000000000,0.000000000,0.000000000,0.000000000,0.000000000,0,0,2.000000000,0.080000000,0.000000000,0.000000000,0.000205336,0.000000000,0.002440503,0.000000000,0.000000000,0.000000000,0.001572628,0.130568947,4,36.001997940,0,0.000000000,0.677907214,1.209622935,0.677982816,1.209789103,1.107363270,0.135807566,1.401398942,1.057892530,1.429421493,0.000000000,1.429422578,2.000000000,0.000000000,0.000000000,0.000000000,1.000000000,2.150827686,1.279993585,1.191618337,0.000000000,2.162348422,1.288670458,1.191857537,1,0,0,0.000000000,0.105245969,-0.228171139,0.629618463,1.199195906,-0.051809782,-0.149775065,7.088896943,12.262633823,-6.477855675,-130.893256238,-0.025583178,142.887602495,44.935673101,0.000553703,0.000464218,0.000923616,-0.000943603,-0.000155297,0.000123460,-0.000410196,0.000000000,0.000000000,0.000000000,0.000000000,0.000000000,0.000000000,0.000000000,-0.000139567,-0.000003365,0.000138132,0.000000004,-0.000048967,-0.000000013,0.000034561,0.000000000,0.000000000,0.000000000,0.000000000,0.000000000,0.000000000,0.000000000,0.274112630,0.057185731,-0.383529113,0.332085448,0.941340352,0.438888732,0.073661501
11.351000000,0,11.351000000,sample,0.214006418,-0.000005454,0.000000000,0.000000000,0.000000000,0.000000000,0.000000000,0,0,2.000000000,0.080000000,0.000000000,0.000000000,0.000570884,0.000000000,0.001669699,0.000000000,0.000000000,0.000000000,0.002788143,0.204754281,4,72.936806221,0,0.000000000,0.676739164,1.209583193,0.679099352,1.209764187,1.937098657,0.207964470,1.427249860,1.055859777,1.452699022,0.000000000,1.452703788,2.000000000,0.000000000,0.000000000,0.000000000,1.000000000,2.101943334,1.257651244,1.207163314,0.000000000,2.163435573,1.291237609,1.207163314,1,0,0,0.000000000,0.104538350,-0.227307017,0.628791817,1.199193906,-0.051729597,-0.149497583,7.089023781,12.262611741,-6.478076626,-130.893160529,-0.025507371,142.887558219,44.935801327,0.000243425,0.000993815,-0.000604594,-0.002381159,0.000428860,0.000005205,0.000712332,0.000000000,0.000000000,0.000000000,0.000000000,0.000000000,0.000000000,0.000000000,0.000388029,0.000009356,-0.000384041,-0.000000011,0.000136140,0.000000035,-0.000096087,0.000000000,0.000000000,0.000000000,0.000000000,0.000000000,0.000000000,0.000000000,0.271307482,0.008121402,-0.383487929,0.378440845,0.942860384,0.445493495,0.076412938
11.401000000,0,11.401000000,sample,0.214006390,-0.000000573,0.000000000,0.000000000,0.000000000,0.000000000,0.000000000,0,0,2.000000000,0.080000000,0.000000000,0.000000000,0.000215295,0.000000000,0.002367418,0.000000000,0.000000000,0.000000000,0.001967882,0.109404547,2,44.980346948,0,0.000000000,0.672915678,1.209581717,0.679579092,1.209656137,1.379819887,0.116191397,1.283743980,1.056321988,1.298424200,0.000000000,1.298424441,2.000000000,0.000000000,0.000000000,0.000000000,1.000000000,2.129270435,1.275813903,1.190286263,0.000000000,2.159139240,1.286029100,1.210467095,1,0,0,0.000000000,0.102425112,-0.225572572,0.625652955,1.199195398,-0.051241424,-0.149641717,7.088664305,12.262362330,-6.477913904,-130.893064820,-0.025623856,142.887713391,44.935550704,-0.000598582,-0.001319807,-0.001011700,0.000669015,-0.000383799,-0.000219447,-0.000325255,0.000000000,0.000000000,0.000000000,0.000000000,0.000000000,0.000000000,0.000000000,0.000146336,0.000003528,-0.000144832,-0.000000004,0.000051341,0.000000013,-0.000036236,0.000000000,0.000000000,0.000000000,0.000000000,0.000000000,0.000000000,0.000000000,0.264518589,0.051367343,-0.383911849,0.329938843,0.943021698,0.439019155,0.076791993
11.451000000,0,11.451000000,sample,0.214006384,-0.000000125,0.000000000,0.000000000,0.000000000,0.000000000,0.000000000,0,0,2.000000000,0.080000000,0.000000000,0.000000000,0.000384400,0.000000000,0.001300503,0.000000000,0.000000000,0.000000000,0.001196396,0.321298461,3,55.431981690,0,0.000000000,0.674484105,1.209425748,0.678301571,1.209675923,0.822613342,0.098901942,1.319389925,1.055125475,1.323063777,0.000000000,1.323064243,2.000000000,0.000000000,0.000000000,0.000000000,1.000000000,2.113579935,1.271726022,1.191623905,0.000000000,2.143224239,1.277174158,1.192367782,1,0,0,0.000000000,0.103165241,-0.227307779,0.626591505,1.199061219,-0.051446657,-0.149385659,7.088897232,12.262443389,-6.477980479,-130.893064820,-0.025357155,142.887581236,44.935760528,-0.000282131,-0.000145894,-0.000890749,0.000580423,-0.000001224,0.000430678,0.000121125,0.000000000,0.000000000,0.000000000,0.000000000,0.000000000,0.000000000,0.000000000,0.000261277,0.000006299,-0.000258592,-0.000000008,0.000091667,0.000000023,-0.000064699,0.000000000,0.000000000,0.000000000,0.000000000,0.000000000,0.000000000,0.000000000,0.260330990,0.045511586,-0.390165505,0.331566856,0.942794966,0.439582470,0.076571571
11.501000000,0,11.501000000,sample,0.214006357,-0.000000526,0.000000000,0.000000000,0.000000000,0.000000000,0.000000000,0,0,2.000000000,0.080000000,0.000000000,0.000000000,0.000169046,0.000000000,0.001213938,0.000000000,0.000000000,0.000000000,0.001110935,0.152165970,2,70.301081404,0,0.000000000,0.673405106,1.209523164,0.677944245,1.209580145,0.654927030,0.070165015,1.315784273,1.053495938,1.328279742,0.000000000,1.328279243,2.000000000,0.000000000,0.000000000,0.000000000,1.000000000,2.110582742,1.270683909,1.189290973,0.000000000,2.121469013,1.272699596,1.192796354,1,0,0,0.000000000,0.102769955,-0.227103612,0.625569119,1.199144738,-0.051323825,-0.149546140,7.088883784,12.262335508,-6.477976439,-130.893064820,-0.025519924,142.887598360,44.935719729,-0.000525952,-0.000931471,-0.000230429,-0.000000968,0.000103767,0.000076193,-0.000142267,0.000000000,0.000000000,0.000000000,0.000000000,0.000000000,0.000000000,0.000000000,-0.000114901,-0.000002770,0.000113720,0.000000003,-0.000040312,-0.000000010,0.000028452,0.000000000,0.000000000,0.000000000,0.000000000,0.000000000,0.000000000,0.000000000,0.261806192,0.047246237,-0.388498007,0.327836600,0.941810825,0.438771436,0.075516804
11.551000000,0,11.551000000,sample,0.214006491,0.000002683,0.000000000,0.000000000,0.000000000,0.000000000,0.000000000,0,0,2.000000000,0.080000000,0.000000000,0.000000000,0.000550261,0.000000000,0.001464647,0.000000000,0.000000000,0.000000000,0.001066937,0.515739005,1,46.409798315,0,0.000000000,0.673331129,1.209343550,0.677519804,1.209536062,0.492081853,0.058642968,1.342484812,1.055309508,1.362128363,0.000000000,1.362127848,2.000000000,0.000000000,0.000000000,0.000000000,1.000000000,2.115944542,1.274348712,1.188764217,0.000000000,2.119197418,1.277676541,1.191375290,1,0,0,0.000000000,0.103804135,-0.225214582,0.626001520,1.199016162,-0.051484287,-0.149068556,7.088664304,12.262295107,-6.477980962,-130.893160529,-0.025308484,142.887493810,44.935801327,-0.000726848,-0.000381564,-0.000065477,-0.000537270,-0.000190211,-0.000227510,0.000289083,0.000000000,0.000000000,0.000000000,0.000000000,0.000000000,0.000000000,0.000000000,-0.000374012,-0.000009017,0.000370169,0.000000011,-0.000131218,-0.000000033,0.000092614,0.000000000,0.000000000,0.000000000,0.000000000,0.000000000,0.000000000,0.000000000,0.261763582,0.050479877,-0.388469258,0.325996341,0.942203715,0.437625751,0.075138904
11.601000000,0,11.601000000,sample,0.214006698,0.000004135,0.000000000,0.000000000,0.000000000,0.000000000,0.000000000,0,0,2.000000000,0.080000000,0.000000000,0.000000000,0.000341122,0.000000000,0.001641330,0.000000000,0.000000000,0.000000000,0.001932656,0.176504114,1,32.720739607,0,0.000000000,0.676412557,1.209393674,0.678843911,1.209481113,0.773062836,0.031203393,1.363592375,1.055928152,1.380148067,0.000000000,1.380148111,2.000000000,0.000000000,0.000000000,0.000000000,1.000000000,2.096815858,1.265534801,1.191384196,0.000000000,2.121845542,1.277694256,1.191866046,1,0,0,0.000000000,0.104864342,-0.228889733,0.627811203,1.199009411,-0.051667795,-0.149465478,7.088951433,12.262425928,-6.477869263,-130.893256257,-0.025308484,142.887534609,44.935801327,0.001105519,-0.000793507,0.000262052,-0.000883093,-0.000231903,0.000106923,0.000984682,0.000000000,0.000000000,0.000000000,0.000000000,0.000000000,0.000000000,0.000000000,0.000231860,0.000005590,-0.000229477,-0.000000007,0.000081347,0.000000021,-0.000057414,0.000000000,0.000000000,0.000000000,0.000000000,0.000000000,0.000000000,0.000000000,0.270214656,0.039191949,-0.385188332,0.333006265,0.942291453,0.438605290,0.072755253
11.651000000,0,11.651000000,sample,0.214006469,-0.000004578,0.000000000,0.000000000,0.000000000,0.000000000,0.000000000,0,0,2.000000000,0.080000000,0.000000000,0.000000000,0.000813040,0.000000000,0.001692023,0.000000000,0.000000000,0.000000000,0.001304937,0.623049164,3,33.521123713,0,0.000000000,0.672939389,1.209331734,0.678834844,1.209434849,0.472172701,0.059861175,1.327431594,1.053092496,1.344260351,0.000000000,1.344260502,2.000000000,0.000000000,0.000000000,0.000000000,1.000000000,2.100757469,1.261680803,1.189492304,0.000000000,2.118343504,1.273071112,1.191549984,1,0,0,0.000000000,0.102883212,-0.226368965,0.625315566,1.198968456,-0.051351629,-0.149401789,7.088664304,12.262294101,-6.477868818,-130.893064820,-0.025272397,142.887534872,44.935550704,-0.000595708,-0.000705923,0.000755525,0.000129611,0.000117242,0.000028973,-0.000497457,0.000000000,0.000000000,0.000000000,0.000000000,0.000000000,0.000000000,0.000000000,-0.000552623,-0.000013323,0.000546944,0.000000016,-0.000193882,-0.000000049,0.000136841,0.000000000,0.000000000,0.000000000,0.000000000,0.000000000,0.000000000,0.000000000,0.273724652,0.039927616,-0.378342736,0.332974645,0.941137258,0.439458893,0.074119806
11.701000000,0,11.701000000,sample,0.214006600,0.000002607,0.000000000,0.000000000,0.000000000,0.000000000,0.000000000,0,0,2.000000000,0.080000000,0.000000000,0.000000000,0.000225068,0.000000000,0.001062960,0.000000000,0.000000000,0.000000000,0.000719507,0.312808503,3,62.244688858,0,0.000000000,0.675471611,1.209300524,0.677653920,1.209417679,0.426215026,0.051289863,1.362580878,1.054972731,1.380758054,0.000000000,1.380758159,2.000000000,0.000000000,0.000000000,0.000000000,1.000000000,2.127170697,1.272727031,1.190431587,0.000000000,2.130810116,1.274884504,1.192076707,1,0,0,0.000000000,0.103891176,-0.228191699,0.627213735,1.198934816,-0.051524841,-0.149359485,7.088860246,12.262440908,-6.477869302,-130.893160529,-0.025184979,142.887598357,44.935719729,0.000161996,-0.000066863,0.000567657,-0.000318925,0.000056845,0.000135870,-0.000203316,0.000000000,0.000000000,0.000000000,0.000000000,0.000000000,0.000000000,0.000000000,-0.000152978,-0.000003688,0.000151406,0.000000004,-0.000053672,-0.000000013,0.000037881,0.000000000,0.000000000,0.000000000,0.000000000,0.000000000,0.000000000,0.000000000,0.268178204,0.048612644,-0.384208983,0.333702772,0.941086213,0.438836649,0.075164337
11.751000000,0,11.751000000,sample,0.214006290,-0.000006192,0.000000000,0.000000000,0.000000000,0.000000000,0.000000000,0,0,2.000000000,0.080000000,0.000000000,0.000000000,0.000676606,0.000000000,0.004709337,0.000000000,0.000000000,0.000000000,0.002381136,0.284152601,4,63.070990474,0,0.000000000,0.675776435,1.209268699,0.677730449,1.209361276,0.810991157,0.104135699,1.341897337,1.058562148,1.352746693,0.000000000,1.352745252,2.000000000,0.000000000,0.000000000,0.000000000,1.000000000,2.147015536,1.272632786,1.195307704,0.000000000,2.147015536,1.311407505,1.203819355,1,0,0,0.000000000,0.102369783,-0.229175463,0.627433522,1.198868849,-0.051519597,-0.149632885,7.088951431,12.262674375,-6.477869153,-130.892857450,-0.025033824,142.887534871,44.935422479,0.000725154,0.000983894,-0.000141502,0.001891033,-0.000211468,0.000047503,-0.000730008,0.000000000,0.000000000,0.000000000,0.000000000,0.000000000,0.000000000,0.000000000,0.000459888,0.000011088,-0.000455162,-0.000000013,0.000161352,0.000000040,-0.000113882,0.000000000,0.000000000,0.000000000,0.000000000,0.000000000,0.000000000,0.000000000,0.284013008,0.051074676,-0.378276240,0.338764657,0.943055416,0.438860186,0.075381096
11.801000000,0,11.801000000,sample,0.214006506,0.000004329,0.000000000,0.000000000,0.000000000,0.000000000,0.000000000,0,0,2.000000000,0.080000000,0.000000000,0.000000000,0.000877556,0.000000000,0.001700053,0.000000000,0.000000000,0.000000000,0.001586493,0.553142381,1,54.545895041,0,0.000000000,0.674609979,1.209182110,0.678639652,1.209266068,0.576012310,0.019529349,1.338261828,1.055862738,1.351572045,0.000000000,1.351572200,2.000000000,0.000000000,0.000000000,0.000000000,1.000000000,2.132844155,1.275478048,1.196234250,0.000000000,2.153567271,1.279626787,1.196234250,1,0,0,0.000000000,0.102854127,-0.226538233,0.627056681,1.198849767,-0.051376214,-0.149134491,7.088664304,12.262514339,-6.477868812,-130.893064820,-0.025033824,142.887726903,44.935632302,-0.001171707,0.000489713,0.000206474,0.000710604,-0.000190751,0.000013037,-0.000565771,0.000000000,0.000000000,0.000000000,0.000000000,0.000000000,0.000000000,0.000000000,-0.000596474,-0.000014381,0.000590344,0.000000017,-0.000209271,-0.000000052,0.000147703,0.000000000,0.000000000,0.000000000,0.000000000,0.000000000,0.000000000,0.000000000,0.267029451,0.046632345,-0.392983951,0.340346423,0.943002056,0.438371130,0.076176633
11.851000000,0,11.851000000,sample,0.214006619,0.000002242,0.000000000,0.000000000,0.000000000,0.000000000,0.000000000,0,0,2.000000000,0.080000000,0.000000000,0.000000000,0.000474206,0.000000000,0.001754742,0.000000000,0.000000000,0.000000000,0.000961330,0.493281152,3,51.362000022,0,0.000000000,0.676785649,1.209002301,0.678167358,1.209251562,0.670721213,0.075373422,1.368347816,1.055886439,1.386886279,0.000000000,1.386886476,2.000000000,0.000000000,0.000000000,0.000000000,1.000000000,2.129812567,1.278082605,1.196748927,0.000000000,2.173632406,1.294150047,1.198428952,1,0,0,0.000000000,0.104468948,-0.226983559,0.628970204,1.198696985,-0.051712444,-0.148788185,7.088758500,12.262632158,-6.477935762,-130.893160529,-0.024727221,142.887598357,44.935760528,-0.000045313,0.000417409,-0.000688959,-0.000463041,0.000100063,-0.000211293,-0.000064368,0.000000000,0.000000000,0.000000000,0.000000000,0.000000000,0.000000000,0.000000000,0.000322317,0.000007771,-0.000319005,-0.000000009,0.000113085,0.000000028,-0.000079815,0.000000000,0.000000000,0.000000000,0.000000000,0.000000000,0.000000000,0.000000000,0.269680079,0.041524790,-0.385742223,0.345514074,0.944532165,0.438038028,0.074571975
11.901000000,0,11.901000000,sample,0.214006791,0.000003447,0.000000000,0.000000000,0.000000000,0.000000000,0.000000000,0,0,2.000000000,0.080000000,0.000000000,0.000000000,0.000303180,0.000000000,0.004681739,0.000000000,0.000000000,0.000000000,0.001779353,0.170387973,4,49.899637700,0,0.000000000,0.678111921,1.209169264,0.679954557,1.209251205,1.078928999,0.123993728,1.403299273,1.056933432,1.432001099,0.000000000,1.432002709,2.000000000,0.000000000,0.000000000,0.000000000,1.000000000,2.121186596,1.280456665,1.193293216,0.000000000,2.130497012,1.313794498,1.205077268,1,0,0,0.000000000,0.105174725,-0.228292275,0.629806868,1.198787326,-0.051793941,-0.149387561,7.088810377,12.262658874,-6.477828622,-130.893256238,-0.024909841,142.887644985,44.935463278,0.000277680,0.000670468,0.000149278,-0.001256929,0.000157201,0.000189137,-0.000988344,0.000000000,0.000000000,0.000000000,0.000000000,0.000000000,0.000000000,0.000000000,0.000206071,0.000004968,-0.000203953,-0.000000006,0.000072300,0.000000018,-0.000051029,0.000000000,0.000000000,0.000000000,0.000000000,0.000000000,0.000000000,0.000000000,0.266419737,0.047460152,-0.389163665,0.333281737,0.944662858,0.436484943,0.072695680
11.951000000,0,11.951000000,sample,0.214006718,-0.000001456,0.000000000,0.000000000,0.000000000,0.000000000,0.000000000,0,0,2.000000000,0.080000000,0.000000000,0.000000000,0.000369495,0.000000000,0.001606765,0.000000000,0.000000000,0.000000000,0.001422684,0.259716813,3,55.241851262,0,0.000000000,0.676486366,1.208999159,0.677711663,1.209186026,0.842402866,0.128170444,1.350172667,1.054511443,1.361104196,0.000000000,1.361103817,2.000000000,0.000000000,0.000000000,0.000000000,1.000000000,2.125675263,1.278708753,1.194006965,0.000000000,2.134087736,1.278708753,1.194834238,1,0,0,0.000000000,0.105099790,-0.226965799,0.628549412,1.198682606,-0.051748168,-0.148866061,7.088759930,12.262506407,-6.477940973,-130.893256238,-0.024724206,142.887534612,44.935673101,-0.000372240,-0.000059760,-0.001057408,-0.000546429,0.000105797,-0.000050860,0.000671878,0.000000000,0.000000000,0.000000000,0.000000000,0.000000000,0.000000000,0.000000000,0.000251145,0.000006055,-0.000248564,-0.000000007,0.000088113,0.000000022,-0.000062190,0.000000000,0.000000000,0.000000000,0.000000000,0.000000000,0.000000000,0.000000000,0.268519505,0.044273611,-0.387027466,0.340274818,0.943318260,0.436849788,0.072975800
12.001000000,0,12.001000000,sample,0.214006245,-0.000009463,0.000000000,0.000000000,0.000000000,0.000000000,0.000000000,0,0,2.000000000,0.080000000,0.000000000,0.000000000,0.000397612,0.000000000,0.001326633,0.000000000,0.000000000,0.000000000,0.001850574,0.214858679,4,75.568088281,0,0.000000000,0.671525885,1.208965223,0.678635801,1.209112916,1.295374022,0.120747840,1.288256795,1.055095089,1.295309016,0.000000000,1.295311430,2.000000000,0.000000000,0.000000000,0.000000000,1.000000000,2.127705126,1.277833376,1.194534254,0.000000000,2.139100397,1.281240630,1.194821585,1,0,0,0.000000000,0.101177076,-0.226896403,0.623881588,1.198668898,-0.051135266,-0.148912625,7.088719035,12.262289389,-6.477925038,-130.892857288,-0.024759168,142.887534610,44.935632302,-0.000035786,-0.000594769,-0.000636588,0.001608702,-0.000131539,-0.000127516,-0.000207034,0.000000000,0.000000000,0.000000000,0.000000000,0.000000000,0.000000000,0.000000000,0.000270257,0.000006516,-0.000267480,-0.000000008,0.000094817,0.000000023,-0.000066921,0.000000000,0.000000000,0.000000000,0.000000000,0.000000000,0.000000000,0.000000000,0.266763193,0.045101847,-0.388505130,0.339782797,0.943512919,0.437665419,0.074559202
12.051000000,0,12.051000000,sample,0.214007055,0.000016201,0.000000000,0.000000000,0.000000000,0.000000000,0.000000000,0,0,2.000000000,0.080000000,0.000000000,0.000000000,0.000009518,0.000000000,0.001295489,0.000000000,0.000000000,0.000000000,0.002457958,0.003872315,2,53.726479400,0,0.000000000,0.680099307,1.209013325,0.680099307,1.209066082,1.665127403,0.173712188,1.425542807,1.056704840,1.438273893,0.000000000,1.438275705,2.000000000,0.000000000,0.000000000,0.000000000,1.000000000,2.114677202,1.273874658,1.196202908,0.000000000,2.146043326,1.283040837,1.196202908,1,0,0,0.000000000,0.106720825,-0.227707104,0.631898099,1.198692760,-0.051951759,-0.148828437,7.088758275,12.262748306,-6.477849724,-130.893479443,-0.024724197,142.887793993,44.935801327,-0.000265594,0.001801643,-0.000387343,-0.001277447,0.000098469,0.000464199,0.000847360,0.000000000,0.000000000,0.000000000,0.000000000,0.000000000,0.000000000,0.000000000,-0.000006469,-0.000000156,0.000006403,0.000000000,-0.000002270,-0.000000001,0.000001602,0.000000000,0.000000000,0.000000000,0.000000000,0.000000000,0.000000000,0.000000000,0.263644204,0.043109780,-0.395765359,0.336292599,0.944124390,0.439167154,0.074653168
12.101000000,0,12.101000000,sample,0.214006551,-0.000010088,0.000000000,0.000000000,0.000000000,0.000000000,0.000000000,0,0,2.000000000,0.080000000,0.000000000,0.000000000,0.000131739,0.000000000,0.001482822,0.000000000,0.000000000,0.000000000,0.001102044,0.119540176,7,40.838271222,0,0.000000000,0.673812109,1.209015560,0.678458317,1.209073077,0.472107360,0.023567954,1.334653502,1.057854955,1.358915764,0.000000000,1.358915761,2.000000000,0.000000000,0.000000000,0.000000000,1.000000000,2.128991858,1.273448321,1.193818491,0.000000000,2.131035867,1.274956715,1.197708890,1,0,0,0.000000000,0.103298138,-0.225283256,0.626577775,1.198717144,-0.051485743,-0.148812140,7.088481415,12.262429405,-6.477845307,-130.893064820,-0.024834937,142.887534609,44.935632302,-0.000505792,-0.000086728,-0.000298200,0.000230624,-0.000443008,-0.000341768,-0.000704259,0.000000000,0.000000000,0.000000000,0.000000000,0.000000000,0.000000000,0.000000000,-0.000089543,-0.000002159,0.000088622,0.000000003,-0.000031415,-0.000000008,0.000022173,0.000000000,0.000000000,0.000000000,0.000000000,0.000000000,0.000000000,0.000000000,0.274590829,0.051901670,-0.387547737,0.329433952,0.943608675,0.438753073,0.074075062
12.151000000,0,12.151000000,sample,0.214006620,0.000001387,0.000000000,0.000000000,0.000000000,0.000000000,0.000000000,0,0,2.000000000,0.080000000,0.000000000,0.000000000,0.000650520,0.000000000,0.001841285,0.000000000,0.000000000,0.000000000,0.001289920,0.504309982,3,52.115477512,0,0.000000000,0.674576803,1.208962953,0.677700409,1.209119793,0.433216886,0.076007248,1.348998016,1.053649209,1.369624312,0.000000000,1.369624427,2.000000000,0.000000000,0.000000000,0.000000000,1.000000000,2.125364422,1.275890510,1.190678399,0.000000000,2.137162586,1.284538113,1.196455069,1,0,0,0.000000000,0.103078213,-0.228188625,0.626385422,1.198626335,-0.051417916,-0.149139294,7.088700511,12.262415191,-6.477768586,-130.893064820,-0.024715123,142.887588585,44.935504077,-0.000241216,-0.000449372,0.000931207,-0.000181767,0.000124389,0.000013575,-0.000698521,0.000000000,0.000000000,0.000000000,0.000000000,0.000000000,0.000000000,0.000000000,-0.000442158,-0.000010660,0.000437614,0.000000013,-0.000155128,-0.000000038,0.000109489,0.000000000,0.000000000,0.000000000,0.000000000,0.000000000,0.000000000,0.000000000,0.267462508,0.052365276,-0.386127253,0.327713245,0.943598855,0.436863579,0.075616949
12.201000000,0,12.201000000,sample,0.214006605,-0.000000305,0.000000000,0.000000000,0.000000000,0.000000000,0.000000000,0,0,2.000000000,0.080000000,0.000000000,0.000000000,0.000156974,0.000000000,0.001632029,0.000000000,0.000000000,0.000000000,0.001080675,0.145255474,1,41.624657362,0,0.000000000,0.674732391,1.208822936,0.680107693,1.209036104,0.696725105,0.070703747,1.346446975,1.054881092,1.366559084,0.000000000,1.366558922,2.000000000,0.000000000,0.000000000,0.000000000,1.000000000,2.119961847,1.271454134,1.191891049,0.000000000,2.137849244,1.283539102,1.193414485,1,0,0,0.000000000,0.103300066,-0.228105797,0.626546600,1.198517056,-0.051477484,-0.148861765,7.088728583,12.262424764,-6.477823935,-130.893064820,-0.024510577,142.887535396,44.935591503,0.000697221,-0.000625165,0.000447286,-0.000002693,-0.000042336,-0.000297296,-0.000025705,0.000000000,0.000000000,0.000000000,0.000000000,0.000000000,0.000000000,0.000000000,0.000106695,0.000002572,-0.000105599,-0.000000003,0.000037433,0.000000009,-0.000026420,0.000000000,0.000000000,0.000000000,0.000000000,0.000000000,0.000000000,0.000000000,0.270270226,0.046998351,-0.385465125,0.333356752,0.942851230,0.437007411,0.075468054
12.251000000,0,12.251000000,sample,0.214006322,-0.000005658,0.000000000,0.000000000,0.000000000,0.000000000,0.000000000,0,0,2.000000000,0.080000000,0.000000000,0.000000000,0.001992865,0.000000000,0.002053125,0.000000000,0.000000000,0.000000000,0.006855880,0.290679737,7,91.506981833,0,0.000000000,0.671606170,1.208752677,0.679081244,1.208958960,1.315425909,0.409185816,1.289683971,1.048382224,1.246528188,0.000000000,1.246530938,2.000000000,0.000000000,0.000000000,0.000000000,1.000000000,2.118368163,1.269206739,1.189389777,0.000000000,2.136720754,1.273991294,1.192638489,1,0,0,0.000000000,0.101110821,-0.226008012,0.624301072,1.198497754,-0.051126921,-0.148567182,7.088537148,12.262343249,-6.477869315,-130.892857450,-0.024484509,142.887598361,44.935632302,-0.000785944,-0.000662126,0.000447914,0.001643724,-0.000178800,-0.000037927,0.006558285,0.000000000,0.000000000,0.000000000,0.000000000,0.000000000,0.000000000,0.000000000,-0.001354549,-0.000032657,0.001340631,0.000000038,-0.000475233,-0.000000116,0.000335417,0.000000000,0.000000000,0.000000000,0.000000000,0.000000000,0.000000000,0.000000000,0.269995788,0.046354095,-0.382486118,0.334524289,0.941324306,0.435270997,0.076466943
12.301000000,0,12.301000000,sample,0.214006749,0.000008541,0.000000000,0.000000000,0.000000000,0.000000000,0.000000000,0,0,2.000000000,0.080000000,0.000000000,0.000000000,0.000525175,0.000000000,0.002718050,0.000000000,0.000000000,0.000000000,0.001805150,0.290931495,7,55.995544699,0,0.000000000,0.675472973,1.208761613,0.678072653,1.208939028,0.439044633,0.111726757,1.361720476,1.054936466,1.381051281,0.000000000,1.381051027,2.000000000,0.000000000,0.000000000,0.000000000,1.000000000,2.123426687,1.275427557,1.190105328,0.000000000,2.133123353,1.279657673,1.191176033,1,0,0,0.000000000,0.103381533,-0.228398232,0.627224237,1.198456895,-0.051511852,-0.148836273,7.088576460,12.262501440,-6.477651501,-130.893064820,-0.024456321,142.887581237,44.935591503,-0.000238545,0.000494639,0.000941097,0.000367412,0.000145021,0.000301092,-0.001350797,0.000000000,0.000000000,0.000000000,0.000000000,0.000000000,0.000000000,0.000000000,-0.000356961,-0.000008606,0.000353293,0.000000010,-0.000125238,-0.000000031,0.000088393,0.000000000,0.000000000,0.000000000,0.000000000,0.000000000,0.000000000,0.000000000,0.266736768,0.045373446,-0.380222829,0.337360594,0.942748489,0.436135496,0.075980164
12.351000000,0,12.351000000,sample,0.214006480,-0.000005373,0.000000000,0.000000000,0.000000000,0.000000000,0.000000000,0,0,2.000000000,0.080000000,0.000000000,0.000000000,0.000791760,0.000000000,0.001359736,0.000000000,0.000000000,0.000000000,0.001182549,0.669536322,3,35.847721927,0,0.000000000,0.673297307,1.208803132,0.678616018,1.208872419,0.544301579,0.044720632,1.320992999,1.055999148,1.338528583,0.000000000,1.338528919,2.000000000,0.000000000,0.000000000,0.000000000,1.000000000,2.107940640,1.271141205,1.190171587,0.000000000,2.126166618,1.278131187,1.191992828,1,0,0,0.000000000,0.103031201,-0.226133666,0.625761456,1.198524022,-0.051395934,-0.148672922,7.088672664,12.262343233,-6.477979474,-130.893064820,-0.024484509,142.887534638,44.935550704,0.000457466,-0.000566816,-0.000708027,0.000452512,-0.000129381,-0.000273071,-0.000265500,0.000000000,0.000000000,0.000000000,0.000000000,0.000000000,0.000000000,0.000000000,0.000538159,0.000012975,-0.000532629,-0.000000015,0.000188808,0.000000046,-0.000133260,0.000000000,0.000000000,0.000000000,0.000000000,0.000000000,0.000000000,0.000000000,0.264986309,0.042673168,-0.384954101,0.334824003,0.942843609,0.435274170,0.075863148
12.401000000,0,12.401000000,sample,0.214006857,0.000007543,0.000000000,0.000000000,0.000000000,0.000000000,0.000000000,0,0,2.000000000,0.080000000,0.000000000,0.000000000,0.001506896,0.000000000,0.001506896,0.000000000,0.000000000,0.000000000,0.001568432,0.960766016,3,58.287405997,0,0.000000000,0.675887093,1.208636815,0.677936420,1.208838092,0.200487249,0.012108708,1.352983959,1.053050661,1.365496684,0.000000000,1.365497061,2.000000000,0.000000000,0.000000000,0.000000000,1.000000000,2.122655937,1.276106077,1.191413903,0.000000000,2.124145854,1.279008276,1.193494118,1,0,0,0.000000000,0.104119863,-0.229131926,0.627280620,1.198361884,-0.051578714,-0.148564401,7.088662038,12.262430408,-6.477673195,-130.893160529,-0.024301320,142.887534871,44.935801243,-0.000887200,-0.000220461,0.001197438,-0.000120062,-0.000114412,-0.000048540,0.000400666,0.000000000,0.000000000,0.000000000,0.000000000,0.000000000,0.000000000,0.000000000,-0.001024236,-0.000024693,0.001013711,0.000000029,-0.000359347,-0.000000087,0.000253626,0.000000000,0.000000000,0.000000000,0.000000000,0.000000000,0.000000000,0.000000000,0.269401272,0.047959371,-0.385390869,0.334483192,0.943420831,0.434185343,0.075000254
12.451000000,0,12.451000000,sample,0.214006674,-0.000003673,0.000000000,0.000000000,0.000000000,0.000000000,0.000000000,0,0,2.000000000,0.080000000,0.000000000,0.000000000,0.000043165,0.000000000,0.001671868,0.000000000,0.000000000,0.000000000,0.001276848,0.033805956,7,29.834678375,0,0.000000000,0.674745113,1.208609115,0.678561818,1.208844520,0.792164919,0.115764653,1.340798724,1.054423868,1.360333034,0.000000000,1.360332955,2.000000000,0.000000000,0.000000000,0.000000000,1.000000000,2.108804992,1.275891501,1.194240892,0.000000000,2.127148248,1.279593361,1.194758758,1,0,0,0.000000000,0.103138118,-0.228365624,0.626492328,1.198341267,-0.051430594,-0.148556713,7.088673672,12.262424453,-6.477773106,-130.893064820,-0.024236670,142.887581236,44.935673101,0.000461748,-0.000638135,0.000696959,0.000189963,0.000020605,0.000035287,-0.000697429,0.000000000,0.000000000,0.000000000,0.000000000,0.000000000,0.000000000,0.000000000,-0.000029339,-0.000000707,0.000029038,0.000000001,-0.000010294,-0.000000002,0.000007265,0.000000000,0.000000000,0.000000000,0.000000000,0.000000000,0.000000000,0.000000000,0.262478148,0.041656716,-0.391561766,0.336627580,0.945184532,0.435813828,0.075066706
12.501000000,0,12.501000000,sample,0.214006538,-0.000002724,0.000000000,0.000000000,0.000000000,0.000000000,0.000000000,0,0,2.000000000,0.080000000,0.000000000,0.000000000,0.000418863,0.000000000,0.003305884,0.000000000,0.000000000,0.000000000,0.001018881,0.411101089,1,67.002894992,0,0.000000000,0.675112444,1.208632945,0.678408385,1.208828998,0.533498874,0.064237912,1.361027513,1.056781562,1.376227784,0.000000000,1.376227187,2.000000000,0.000000000,0.000000000,0.000000000,1.000000000,2.112186422,1.277160705,1.190468496,0.000000000,2.129441950,1.284449313,1.193945886,1,0,0,0.000000000,0.103464159,-0.226459289,0.627525434,1.198381263,-0.051542212,-0.148389166,7.088672161,12.262541856,-6.477965902,-130.893064820,-0.024212121,142.887583597,44.935632302,0.000834008,0.000384727,0.000156650,0.000356372,-0.000183237,0.000091921,0.000031115,0.000000000,0.000000000,0.000000000,0.000000000,0.000000000,0.000000000,0.000000000,0.000284701,0.000006864,-0.000281775,-0.000000008,0.000099886,0.000000024,-0.000070500,0.000000000,0.000000000,0.000000000,0.000000000,0.000000000,0.000000000,0.000000000,0.270533283,0.046663456,-0.382330306,0.330780958,0.944918018,0.433660886,0.072973796
12.551000000,0,12.551000000,sample,0.214006850,0.000006251,0.000000000,0.000000000,0.000000000,0.000000000,0.000000000,0,0,2.000000000,0.080000000,0.000000000,0.000000000,0.000563172,0.000000000,0.001630038,0.000000000,0.000000000,0.000000000,0.001382220,0.407440399,1,51.548291036,0,0.000000000,0.676422426,1.208549156,0.678850918,1.208781420,0.710860809,0.103240514,1.346348161,1.052701240,1.358714778,0.000000000,1.358713840,2.000000000,0.000000000,0.000000000,0.000000000,1.000000000,2.100597761,1.264616290,1.193838985,0.000000000,2.120652310,1.284671657,1.194116683,1,0,0,0.000000000,0.104784123,-0.223776415,0.629675871,1.198350909,-0.051691124,-0.147899250,7.088273374,12.262660334,-6.477856714,-130.893256238,-0.024174881,142.887747103,44.935801327,-0.000992395,-0.000434039,-0.000244361,-0.000684476,0.000109728,-0.000116603,0.000428298,0.000000000,0.000000000,0.000000000,0.000000000,0.000000000,0.000000000,0.000000000,-0.000382787,-0.000009229,0.000378853,0.000000011,-0.000134302,-0.000000032,0.000094790,0.000000000,0.000000000,0.000000000,0.000000000,0.000000000,0.000000000,0.000000000,0.280922273,0.040162842,-0.385802282,0.336087419,0.943314731,0.433389399,0.072484039
12.601000000,0,12.601000000,sample,0.214006849,-0.000000027,0.000000000,0.000000000,0.000000000,0.000000000,0.000000000,0,0,2.000000000,0.080000000,0.000000000,0.000000000,0.000647459,0.000000000,0.004496623,0.000000000,0.000000000,0.000000000,0.001366798,0.473704523,7,36.615776694,0,0.000000000,0.674836727,1.208606226,0.677338056,1.208761650,0.145783880,0.060839969,1.344354661,1.055143532,1.365030966,0.000000000,1.365030805,2.000000000,0.000000000,0.000000000,0.000000000,1.000000000,2.155913266,1.282789909,1.194479440,0.000000000,2.167937824,1.293760600,1.221952108,1,0,0,0.000000000,0.102805263,-0.229411683,0.626263495,1.198317822,-0.051214279,-0.148796858,7.088672161,12.262370607,-6.477664319,-130.893160529,-0.024250650,142.887843313,44.935550704,-0.000523879,-0.000538597,0.000553899,-0.000439052,-0.000206166,0.000278376,-0.000827063,0.000000000,0.000000000,0.000000000,0.000000000,0.000000000,0.000000000,0.000000000,-0.000440077,-0.000010610,0.000435555,0.000000012,-0.000154399,-0.000000037,0.000108974,0.000000000,0.000000000,0.000000000,0.000000000,0.000000000,0.000000000,0.000000000,0.279189130,0.057765077,-0.385130288,0.334754478,0.942974852,0.436559607,0.072979424
12.651000000,0,12.651000000,sample,0.214006802,-0.000000929,0.000000000,0.000000000,0.000000000,0.000000000,0.000000000,0,0,2.000000000,0.080000000,0.000000000,0.000000000,0.001539093,0.000000000,0.004331633,0.000000000,0.000000000,0.000000000,0.007100924,0.216745430,5,94.104929017,0,0.000000000,0.674391232,1.208573782,0.682824836,1.208678985,0.827706611,0.460353141,1.323538794,1.014916392,1.271207356,0.000000000,1.271206259,2.000000000,0.000000000,0.000000000,0.000000000,1.000000000,2.073718332,1.280939640,1.196125434,0.000000000,2.161070560,1.288891357,1.198893805,1,0,0,0.000000000,0.102793344,-0.230138754,0.625518358,1.198298403,-0.051314843,-0.148655008,7.088672161,12.262315708,-6.477591987,-130.893064820,-0.024250650,142.887590768,44.935760528,0.000088192,-0.001274001,-0.000075527,-0.000011698,0.006888443,0.000121169,0.001149391,0.000000000,0.000000000,0.000000000,0.000000000,0.000000000,0.000000000,0.000000000,0.001046121,0.000025220,-0.001035371,-0.000000029,0.000367022,0.000000089,-0.000259043,0.000000000,0.000000000,0.000000000,0.000000000,0.000000000,0.000000000,0.000000000,0.237457881,0.039918859,-0.425575629,0.325655493,0.944376218,0.434395952,0.070879427
12.701000000,0,12.701000000,sample,0.214006275,-0.000010553,0.000000000,0.000000000,0.000000000,0.000000000,0.000000000,0,0,2.000000000,0.080000000,0.000000000,0.000000000,0.000156986,0.000000000,0.003888734,0.000000000,0.000000000,0.000000000,0.001195172,0.131350361,7,81.983162165,0,0.000000000,0.672106107,1.208465753,0.674592508,1.208567527,0.191393854,0.060092063,1.344040537,1.052429925,1.349388849,0.000000000,1.349388801,2.000000000,0.000000000,0.000000000,0.000000000,1.000000000,2.016211563,1.218113948,1.197617324,0.000000000,2.100374903,1.281070010,1.198618716,1,0,0,0.000000000,0.103180031,-0.214963969,0.628387613,1.198398233,-0.051653586,-0.146843658,7.087644459,12.262713997,-6.478172230,-130.892952670,-0.024134082,142.887534609,44.935888753,0.000336555,0.000088109,-0.000063450,0.000234781,0.000277810,-0.000000204,0.001082163,0.000000000,0.000000000,0.000000000,0.000000000,0.000000000,0.000000000,0.000000000,0.000106703,0.000002573,-0.000105607,-0.000000003,0.000037437,0.000000009,-0.000026423,0.000000000,0.000000000,0.000000000,0.000000000,0.000000000,0.000000000,0.000000000,0.302432893,0.038145005,-0.407164422,0.297711697,0.944671769,0.435206362,0.071708490
12.751000000,0,12.751000000,sample,0.214006718,0.000008869,0.000000000,0.000000000,0.000000000,0.000000000,0.000000000,0,0,2.000000000,0.080000000,0.000000000,0.000000000,0.000708474,0.000000000,0.001992544,0.000000000,0.000000000,0.000000000,0.001238719,0.571940939,3,37.226166264,0,0.000000000,0.674592662,1.208366677,0.676752871,1.208536724,0.477237013,0.026843532,1.334921038,1.055081737,1.345209491,0.000000000,1.345209774,2.000000000,0.000000000,0.000000000,0.000000000,1.000000000,2.062221462,1.261954725,1.188304107,0.000000000,2.088500098,1.265105718,1.196685593,1,0,0,0.000000000,0.100254402,-0.236069153,0.623935630,1.198043240,-0.051049399,-0.149118676,7.088896097,12.262386301,-6.477233137,-130.892715782,-0.023944584,142.887581246,44.935632302,0.000086973,0.000276211,-0.000755783,0.000683041,0.000128162,0.000028912,-0.000628930,0.000000000,0.000000000,0.000000000,0.000000000,0.000000000,0.000000000,0.000000000,0.000481549,0.000011609,-0.000476601,-0.000000013,0.000168948,0.000000040,-0.000119243,0.000000000,0.000000000,0.000000000,0.000000000,0.000000000,0.000000000,0.000000000,0.246270873,0.059619898,-0.420861452,0.287715611,0.944721166,0.435429610,0.076557915
12.801000000,0,12.801000000,sample,0.214006230,-0.000009762,0.000000000,0.000000000,0.000000000,0.000000000,0.000000000,0,0,2.000000000,0.080000000,0.000000000,0.000000000,0.001536865,0.000000000,0.005439685,0.000000000,0.000000000,0.000000000,0.003332882,0.461121907,1,76.119824474,0,0.000000000,0.664067521,1.208155154,0.684586937,1.208614489,2.207344127,0.223246946,1.252976536,1.052128602,1.257769384,0.000000000,1.257767757,2.000000000,0.000000000,0.000000000,0.000000000,1.000000000,1.965878552,1.227842476,1.192915231,0.000000000,2.062653413,1.270579992,1.194839130,1,0,0,0.000000000,0.099308582,-0.214097585,0.620713865,1.198140457,-0.050676245,-0.146731863,7.087258533,12.262005562,-6.477946307,-130.892802865,-0.023935196,142.887668925,44.935673101,-0.002907829,-0.001187466,-0.000720725,0.000570216,-0.000265118,0.000527533,-0.000222238,0.000000000,0.000000000,0.000000000,0.000000000,0.000000000,0.000000000,0.000000000,-0.001044608,-0.000025184,0.001033875,0.000000029,-0.000366483,-0.000000088,0.000258662,0.000000000,0.000000000,0.000000000,0.000000000,0.000000000,0.000000000,0.000000000,0.250269764,0.036353191,-0.442197044,0.278297439,0.945149420,0.432733871,0.074407801
12.851000000,0,12.851000000,sample,0.214006581,0.000007029,0.000000000,0.000000000,0.000000000,0.000000000,0.000000000,0,0,2.000000000,0.080000000,0.000000000,0.000000000,0.000010902,0.000000000,0.004918239,0.000000000,0.000000000,0.000000000,0.001349937,0.008076019,7,40.785296069,0,0.000000000,0.669935404,1.208214816,0.672560420,1.208351379,0.326365598,0.033105428,1.330106793,1.053447292,1.346438625,0.000000000,1.346438205,2.000000000,0.000000000,0.000000000,0.000000000,1.000000000,2.117591105,1.226872445,1.190787782,0.000000000,2.118013555,1.236473798,1.202927415,1,0,0,0.000000000,0.101139005,-0.219393873,0.624860525,1.198124578,-0.051096683,-0.147206204,7.087573781,12.262384575,-6.477686187,-130.892904834,-0.023921349,142.887726146,44.935760528,0.000249496,-0.000858277,0.000001454,-0.000377692,-0.000085233,-0.000360947,0.000862115,0.000000000,0.000000000,0.000000000,0.000000000,0.000000000,0.000000000,0.000000000,-0.000007410,-0.000000179,0.000007334,0.000000000,-0.000002600,-0.000000001,0.000001835,0.000000000,0.000000000,0.000000000,0.000000000,0.000000000,0.000000000,0.000000000,0.348461309,0.069721966,-0.354523681,0.294060544,0.940967890,0.434584684,0.072429585
12.901000000,0,12.901000000,sample,0.214007010,0.000008581,0.000000000,0.000000000,0.000000000,0.000000000,0.000000000,0,0,2.000000000,0.080000000,0.000000000,0.000000000,0.000381709,0.000000000,0.004912004,0.000000000,0.000000000,0.000000000,0.003778119,0.101031542,7,88.220903125,0,0.000000000,0.676971610,1.208286549,0.676971610,1.208371433,0.976175545,0.278523832,1.393869910,1.058683591,1.442491352,0.000000000,1.442492265,2.000000000,0.000000000,0.000000000,0.000000000,1.000000000,1.970549110,1.239428863,1.184115807,0.000000000,2.121239906,1.273039709,1.190378572,1,0,0,0.000000000,0.103412869,-0.227014285,0.629333658,1.198070979,-0.051737331,-0.148005274,7.087937234,12.262810015,-6.477231629,-130.892928382,-0.023900222,142.887534609,44.935753782,0.000430986,0.000378334,0.000804320,-0.000828817,0.000110483,-0.000080067,-0.003548636,0.000000000,0.000000000,0.000000000,0.000000000,0.000000000,0.000000000,0.000000000,0.000259447,0.000006255,-0.000256781,-0.000000007,0.000091028,0.000000022,-0.000064247,0.000000000,0.000000000,0.000000000,0.000000000,0.000000000,0.000000000,0.000000000,0.233550672,0.029288522,-0.423154446,0.289821670,0.943309725,0.433717131,0.075673236
12.951000000,0,12.951000000,sample,0.214006295,-0.000014318,0.000000000,0.000000000,0.000000000,0.000000000,0.000000000,0,0,2.000000000,0.080000000,0.000000000,0.000000000,0.002554571,0.000000000,0.002554571,0.000000000,0.000000000,0.000000000,0.003876783,0.658940959,1,92.703060696,0,0.000000000,0.665058028,1.208138517,0.675264395,1.208382042,2.209208015,0.260702399,1.301244569,1.053517462,1.309284226,0.000000000,1.309281229,2.000000000,0.000000000,0.000000000,0.000000000,1.000000000,2.047916691,1.238436297,1.193737512,0.000000000,2.047916691,1.249091067,1.194031781,1,0,0,0.000000000,0.099683389,-0.209481647,0.623283918,1.198181539,-0.050865009,-0.146193115,7.086678150,12.262315137,-6.477852683,-130.892781441,-0.023975992,142.887772485,44.935760528,-0.003732661,0.000102216,-0.000353542,-0.000002455,-0.000481766,0.000127268,0.000844362,0.000000000,0.000000000,0.000000000,0.000000000,0.000000000,0.000000000,0.000000000,-0.001736340,-0.000041862,0.001718499,0.000000048,-0.000609181,-0.000000146,0.000429958,0.000000000,0.000000000,0.000000000,0.000000000,0.000000000,0.000000000,0.000000000,0.277841635,0.051131706,-0.414240254,0.294012169,0.944367996,0.435483635,0.075390776
13.001000000,0,13.001000000,sample,0.214006741,0.000008928,0.000000000,0.000000000,0.000000000,0.000000000,0.000000000,0,0,2.000000000,0.080000000,0.000000000,0.000000000,0.000374396,0.000000000,0.002547098,0.000000000,0.000000000,0.000000000,0.001223776,0.305935133,2,62.250849102,0,0.000000000,0.669973859,1.208045001,0.672373132,1.208293694,0.689002277,0.080230823,1.315627963,1.050990911,1.322717316,0.000000000,1.322717278,2.000000000,0.000000000,0.000000000,0.000000000,1.000000000,2.055955154,1.232542027,1.192509435,0.000000000,2.087479962,1.235976545,1.198488917,1,0,0,0.000000000,0.101782832,-0.217937786,0.625306604,1.197989124,-0.051224355,-0.146870171,7.087284078,12.262386078,-6.477576912,-130.892946607,-0.023731742,142.887645775,44.935760528,-0.000030548,-0.000965550,0.000441363,0.000122849,0.000184657,0.000256308,0.000504701,0.000000000,0.000000000,0.000000000,0.000000000,0.000000000,0.000000000,0.000000000,-0.000254477,-0.000006135,0.000251862,0.000000007,-0.000089281,-0.000000021,0.000063015,0.000000000,0.000000000,0.000000000,0.000000000,0.000000000,0.000000000,0.000000000,0.290518390,0.052967321,-0.403283934,0.295350375,0.943872447,0.433784202,0.077062150
13.051000000,0,13.051000000,sample,0.214006643,-0.000001963,0.000000000,0.000000000,0.000000000,0.000000000,0.000000000,0,0,2.000000000,0.080000000,0.000000000,0.000000000,0.001197433,0.000000000,0.001415934,0.000000000,0.000000000,0.000000000,0.001473712,0.812528526,3,59.812333415,0,0.000000000,0.669957968,1.208161517,0.675106987,1.208298718,0.415304407,0.013916106,1.344365531,1.053201145,1.354810622,0.000000000,1.354810676,2.000000000,0.000000000,0.000000000,0.000000000,1.000000000,2.016985236,1.263842834,1.183325274,0.000000000,2.063712208,1.266661352,1.192013978,1,0,0,0.000000000,0.099958883,-0.220763247,0.624592259,1.198060658,-0.051065958,-0.147299624,7.087303316,12.262496316,-6.477286671,-130.892680516,-0.023935081,142.887652068,44.935801327,-0.000459162,0.000265047,0.001139746,0.000471796,-0.000095104,-0.000072045,0.000595735,0.000000000,0.000000000,0.000000000,0.000000000,0.000000000,0.000000000,0.000000000,-0.000813894,-0.000019621,0.000805531,0.000000022,-0.000285551,-0.000000068,0.000201541,0.000000000,0.000000000,0.000000000,0.000000000,0.000000000,0.000000000,0.000000000,0.222265227,0.039961966,-0.419785550,0.295801695,0.944048703,0.434230373,0.075877488
13.101000000,0,13.101000000,sample,0.214006449,-0.000003868,0.000000000,0.000000000,0.000000000,0.000000000,0.000000000,0,0,2.000000000,0.080000000,0.000000000,0.000000000,0.001019011,0.000000000,0.001104391,0.000000000,0.000000000,0.000000000,0.001374904,0.741151035,3,79.310176867,0,0.000000000,0.665408548,1.208003590,0.671375224,1.208224408,0.548028758,0.071725352,1.337244892,1.054556683,1.361544557,0.000000000,1.361544590,2.000000000,0.000000000,0.000000000,0.000000000,1.000000000,2.063135345,1.237438594,1.195428504,0.000000000,2.063135345,1.274963163,1.195709364,1,0,0,0.000000000,0.100638272,-0.207238796,0.624253598,1.198078473,-0.051148917,-0.145823304,7.086252573,12.262384742,-6.477686186,-130.892775575,-0.023844767,142.887558345,44.935760528,-0.000245687,0.000140698,0.001224438,0.000394147,-0.000213123,-0.000309427,-0.000120149,0.000000000,0.000000000,0.000000000,0.000000000,0.000000000,0.000000000,0.000000000,-0.000692621,-0.000016698,0.000685504,0.000000019,-0.000243001,-0.000000058,0.000171509,0.000000000,0.000000000,0.000000000,0.000000000,0.000000000,0.000000000,0.000000000,0.292109243,0.056077893,-0.411449045,0.294820835,0.943644681,0.434151373,0.073582798
13.151000000,0,13.151000000,sample,0.214006927,0.000009544,0.000000000,0.000000000,0.000000000,0.000000000,0.000000000,0,0,2.000000000,0.080000000,0.000000000,0.000000000,0.000418059,0.000000000,0.001938866,0.000000000,0.000000000,0.000000000,0.001774106,0.235645048,7,67.768455535,0,0.000000000,0.670230785,1.208099461,0.670339550,1.208180738,0.500012587,0.125202733,1.356750476,1.054780806,1.388217340,0.000000000,1.388217650,2.000000000,0.000000000,0.000000000,0.000000000,1.000000000,2.029688158,1.239641613,1.190518700,0.000000000,2.083934157,1.239921151,1.196731622,1,0,0,0.000000000,0.101363905,-0.216877233,0.626018314,1.198015107,-0.051189470,-0.147118149,7.086854070,12.262507048,-6.477259337,-130.892904828,-0.023866339,142.887772481,44.935504077,-0.000134807,-0.000055883,0.000876179,-0.000465217,0.000075829,-0.000057531,-0.001460472,0.000000000,0.000000000,0.000000000,0.000000000,0.000000000,0.000000000,0.000000000,-0.000284154,-0.000006850,0.000281234,0.000000008,-0.000099695,-0.000000024,0.000070364,0.000000000,0.000000000,0.000000000,0.000000000,0.000000000,0.000000000,0.000000000,0.278945698,0.041052799,-0.401923683,0.299967237,0.944910310,0.433854695,0.072321236
13.201000000,0,13.201000000,sample,0.214006800,-0.000002531,0.000000000,0.000000000,0.000000000,0.000000000,0.000000000,0,0,2.000000000,0.080000000,0.000000000,0.000000000,0.000108499,0.000000000,0.002046235,0.000000000,0.000000000,0.000000000,0.000762285,0.142333799,3,46.441563341,0,0.000000000,0.669784532,1.207967057,0.672572263,1.208141145,0.542797406,0.069057231,1.357336504,1.055189868,1.381753205,0.000000000,1.381753355,2.000000000,0.000000000,0.000000000,0.000000000,1.000000000,2.047228305,1.267514916,1.187372058,0.000000000,2.065505250,1.271457355,1.191256786,1,0,0,0.000000000,0.102078138,-0.214721824,0.626167638,1.197933204,-0.051400537,-0.146623444,7.086800042,12.262497795,-6.477449299,-130.892891620,-0.023660619,142.887534610,44.935591503,0.000360624,0.000046064,0.000519482,-0.000372978,-0.000113860,-0.000097475,-0.000132160,0.000000000,0.000000000,0.000000000,0.000000000,0.000000000,0.000000000,0.000000000,-0.000073747,-0.000001778,0.000072989,0.000000002,-0.000025874,-0.000000006,0.000018262,0.000000000,0.000000000,0.000000000,0.000000000,0.000000000,0.000000000,0.000000000,0.234277511,0.049705601,-0.421662553,0.296428464,0.944816473,0.434103349,0.075516742
13.251000000,0,13.251000000,sample,0.214006493,-0.000006150,0.000000000,0.000000000,0.000000000,0.000000000,0.000000000,0,0,2.000000000,0.080000000,0.000000000,0.000000000,0.000215332,0.000000000,0.002435684,0.000000000,0.000000000,0.000000000,0.002220791,0.096961645,7,63.305369188,0,0.000000000,0.662314438,1.207793225,0.673582446,1.208148451,0.753780571,0.164832996,1.306469286,1.053306490,1.320278550,0.000000000,1.320277427,2.000000000,0.000000000,0.000000000,0.000000000,1.000000000,2.046160226,1.237821901,1.200163238,0.000000000,2.054429172,1.267290869,1.200163238,1,0,0,0.000000000,0.100086550,-0.203966262,0.622126081,1.197954258,-0.050814064,-0.145217084,7.085980487,12.262097448,-6.477791644,-130.892893964,-0.023660534,142.887725854,44.935842126,-0.000531607,-0.000748738,-0.000764142,-0.000520789,-0.000244838,-0.000226829,0.001766965,0.000000000,0.000000000,0.000000000,0.000000000,0.000000000,0.000000000,0.000000000,-0.000146361,-0.000003529,0.000144857,0.000000004,-0.000051349,-0.000000012,0.000036242,0.000000000,0.000000000,0.000000000,0.000000000,0.000000000,0.000000000,0.000000000,0.278315776,0.048630168,-0.426660642,0.298745678,0.945722514,0.434952324,0.075527152
13.301000000,0,13.301000000,sample,0.214007018,0.000010503,0.000000000,0.000000000,0.000000000,0.000000000,0.000000000,0,0,2.000000000,0.080000000,0.000000000,0.000000000,0.000019603,0.000000000,0.001557273,0.000000000,0.000000000,0.000000000,0.001268569,0.015452832,2,53.201335089,0,0.000000000,0.669842579,1.207909778,0.671234727,1.208019035,0.443761014,0.079300924,1.319956782,1.051717519,1.330589290,0.000000000,1.330588388,2.000000000,0.000000000,0.000000000,0.000000000,1.000000000,2.053025275,1.252489720,1.194901569,0.000000000,2.088015550,1.257872710,1.204317921,1,0,0,0.000000000,0.102509287,-0.214631731,0.626190184,1.197900238,-0.051360113,-0.146434934,7.086666392,12.262425680,-6.477331303,-130.893010064,-0.023660534,142.887622822,44.935760528,-0.000245849,-0.000925285,-0.000356938,-0.000508602,0.000162660,0.000265515,0.000457862,0.000000000,0.000000000,0.000000000,0.000000000,0.000000000,0.000000000,0.000000000,0.000013324,0.000000321,-0.000013187,-0.000000000,0.000004675,0.000000001,-0.000003299,0.000000000,0.000000000,0.000000000,0.000000000,0.000000000,0.000000000,0.000000000,0.268747019,0.051899419,-0.421134309,0.297199200,0.945743907,0.432951127,0.072880466
13.351000000,0,13.351000000,sample,0.214006800,-0.000004356,0.000000000,0.000000000,0.000000000,0.000000000,0.000000000,0,0,2.000000000,0.080000000,0.000000000,0.000000000,0.000148444,0.000000000,0.006477775,0.000000000,0.000000000,0.000000000,0.001259006,0.117905563,7,51.763933992,0,0.000000000,0.667706292,1.207810351,0.670108143,1.207996693,0.332091135,0.115820093,1.330941810,1.049773964,1.341757126,0.000000000,1.341756855,2.000000000,0.000000000,0.000000000,0.000000000,1.000000000,2.018691953,1.247891665,1.190334987,0.000000000,2.062084072,1.337634225,1.220765568,1,0,0,0.000000000,0.101996566,-0.208326883,0.626121635,1.197888474,-0.051396889,-0.145696293,7.086107130,12.262496263,-6.477454133,-130.892887291,-0.023584765,142.887536970,44.935760528,-0.000399920,-0.000287791,-0.000217280,-0.000287008,0.000563591,-0.000273146,0.000905819,0.000000000,0.000000000,0.000000000,0.000000000,0.000000000,0.000000000,0.000000000,-0.000100897,-0.000002432,0.000099860,0.000000003,-0.000035399,-0.000000008,0.000024985,0.000000000,0.000000000,0.000000000,0.000000000,0.000000000,0.000000000,0.000000000,0.257795951,0.036425181,-0.410782680,0.302521979,0.946395734,0.433169229,0.074494356
13.401000000,0,13.401000000,sample,0.214006803,0.000000065,0.000000000,0.000000000,0.000000000,0.000000000,0.000000000,0,0,2.000000000,0.080000000,0.000000000,0.000000000,0.000198263,0.000000000,0.001676293,0.000000000,0.000000000,0.000000000,0.001825266,0.108621606,4,62.491482244,0,0.000000000,0.663410187,1.207668716,0.671232334,1.207941303,1.100325225,0.126668125,1.371684266,1.049718489,1.394363382,0.000000000,1.394364966,2.000000000,0.000000000,0.000000000,0.000000000,1.000000000,2.096616801,1.242896262,1.200122802,0.000000000,2.096616801,1.248090886,1.201695928,1,0,0,0.000000000,0.100662070,-0.205454494,0.622710748,1.197811003,-0.050860467,-0.145346967,7.085866783,12.262097634,-6.477543243,-130.892982950,-0.023508991,142.887774844,44.935719729,-0.000137566,0.000408714,0.000338302,-0.001442901,0.000836335,-0.000067832,0.000495132,0.000000000,0.000000000,0.000000000,0.000000000,0.000000000,0.000000000,0.000000000,-0.000134760,-0.000003249,0.000133375,0.000000004,-0.000047279,-0.000000011,0.000033369,0.000000000,0.000000000,0.000000000,0.000000000,0.000000000,0.000000000,0.000000000,0.302827388,0.067775631,-0.412388397,0.294488561,0.945829451,0.432260751,0.075936599
13.451000000,0,13.451000000,sample,0.214006645,-0.000003160,0.000000000,0.000000000,0.000000000,0.000000000,0.000000000,0,0,2.000000000,0.080000000,0.000000000,0.000000000,0.000835575,0.000000000,0.001514257,0.000000000,0.000000000,0.000000000,0.001766138,0.473108471,1,77.093589587,0,0.000000000,0.669600084,1.207764919,0.671019227,1.207931076,1.072694175,0.084788779,1.336985453,1.053149318,1.347682918,0.000000000,1.347682322,2.000000000,0.000000000,0.000000000,0.000000000,1.000000000,2.018297245,1.229539905,1.196678169,0.000000000,2.097533222,1.250489493,1.203992554,1,0,0,0.000000000,0.101596228,-0.211056768,0.627293806,1.197826660,-0.051450504,-0.145808913,7.086472587,12.262713749,-6.477534534,-130.892775574,-0.023412317,142.887581236,44.935801327,0.001550722,-0.000428000,0.000233358,0.000300221,0.000163447,0.000227706,0.000555130,0.000000000,0.000000000,0.000000000,0.000000000,0.000000000,0.000000000,0.000000000,0.000567939,0.000013692,-0.000562102,-0.000000015,0.000199262,0.000000047,-0.000140639,0.000000000,0.000000000,0.000000000,0.000000000,0.000000000,0.000000000,0.000000000,0.279140534,0.034308229,-0.412887490,0.305129699,0.945410356,0.435807247,0.075054904
13.501000000,0,13.501000000,sample,0.214006695,0.000000999,0.000000000,0.000000000,0.000000000,0.000000000,0.000000000,0,0,2.000000000,0.080000000,0.000000000,-0.000000000,0.000128045,0.000000000,0.001713137,0.000000000,0.000000000,0.000000000,0.000645896,0.198243661,6,72.640511947,0,0.000000000,0.665531105,1.207747446,0.671824884,1.207988087,0.279594304,0.041007097,1.333808603,1.054490380,1.360236758,0.000000000,1.360236728,2.000000000,0.000000000,0.000000000,0.000000000,1.000000000,2.036077841,1.256781875,1.190020267,0.000000000,2.041246603,1.262833663,1.196086470,1,0,0,0.000000000,0.100624749,-0.209725490,0.623555556,1.197807946,-0.051125923,-0.145932029,7.086196131,12.262290370,-6.477413598,-130.892775737,-0.023508821,142.887493810,44.935591503,-0.000255798,-0.000045917,-0.000075858,-0.000174056,-0.000070972,-0.000550493,-0.000074236,0.000000000,0.000000000,0.000000000,0.000000000,0.000000000,0.000000000,0.000000000,-0.000087032,-0.000002098,0.000086138,0.000000002,-0.000030534,-0.000000007,0.000021551,0.000000000,0.000000000,0.000000000,0.000000000,0.000000000,0.000000000,0.000000000,0.245810820,0.042625502,-0.418265442,0.301381678,0.945077723,0.435081868,0.075254989
13.551000000,0,13.551000000,sample,0.214006675,-0.000000407,0.000000000,0.000000000,0.000000000,0.000000000,0.000000000,0,0,2.000000000,0.080000000,0.000000000,0.000000000,0.000055798,0.000000000,0.001669227,0.000000000,0.000000000,0.000000000,0.001391898,0.040087382,7,65.860578298,0,0.000000000,0.664054859,1.207680068,0.667881694,1.207877267,0.456671933,0.132650181,1.345174721,1.058298557,1.385032728,0.000000000,1.385032876,2.000000000,0.000000000,0.000000000,0.000000000,1.000000000,2.089454437,1.242746830,1.195529351,0.000000000,2.091201464,1.267159808,1.196986893,1,0,0,0.000000000,0.101447860,-0.202362571,0.624280848,1.197830142,-0.051213321,-0.145159544,7.085629640,12.262289553,-6.477631921,-130.892901851,-0.023468456,142.887534609,44.935550701,0.000319158,0.000137148,0.000353181,-0.000297782,-0.000486019,-0.000301849,-0.001129588,0.000000000,0.000000000,0.000000000,0.000000000,0.000000000,0.000000000,0.000000000,0.000037926,0.000000914,-0.000037536,-0.000000001,0.000013306,0.000000003,-0.000009391,0.000000000,0.000000000,0.000000000,0.000000000,0.000000000,0.000000000,0.000000000,0.299015357,0.073728387,-0.412395497,0.281318921,0.945099835,0.431722485,0.075073200
13.601000000,0,13.601000000,sample,0.214006559,-0.000002309,0.000000000,0.000000000,0.000000000,0.000000000,0.000000000,0,0,2.000000000,0.080000000,0.000000000,0.000000000,0.000217174,0.000000000,0.001407838,0.000000000,0.000000000,0.000000000,0.001182002,0.183734181,7,33.417943237,0,0.000000000,0.664641777,1.207698718,0.669542587,1.207850769,0.680285129,0.098208581,1.308262890,1.055403523,1.332273912,0.000000000,1.332274189,2.000000000,0.000000000,0.000000000,0.000000000,1.000000000,2.071178951,1.255377853,1.190248417,0.000000000,2.089281008,1.256735748,1.204972534,1,0,0,0.000000000,0.099680388,-0.209516438,0.622828527,1.197765625,-0.050987144,-0.145924675,7.086204840,12.262288874,-6.477454822,-130.892679865,-0.023427429,142.887535425,44.935504077,0.000386186,-0.000468858,0.000142670,0.000679711,-0.000237521,-0.000149973,-0.000683295,0.000000000,0.000000000,0.000000000,0.000000000,0.000000000,0.000000000,0.000000000,0.000147613,0.000003559,-0.000146097,-0.000000004,0.000051789,0.000000012,-0.000036552,0.000000000,0.000000000,0.000000000,0.000000000,0.000000000,0.000000000,0.000000000,0.276834356,0.051622598,-0.397150572,0.304012198,0.945335547,0.433796940,0.073471532
13.651000000,0,13.651000000,sample,0.214006716,0.000003143,0.000000000,0.000000000,0.000000000,0.000000000,0.000000000,0,0,2.000000000,0.080000000,0.000000000,0.000000000,0.001201511,0.000000000,0.004178039,0.000000000,0.000000000,0.000000000,0.002274904,0.528159026,2,56.916177704,0,0.000000000,0.668263761,1.207699311,0.668263761,1.207885446,1.076139113,0.129968729,1.386952869,1.055226221,1.414732403,0.000000000,1.414731839,2.000000000,0.000000000,0.000000000,0.000000000,1.000000000,1.982836188,1.236307129,1.195225739,0.000000000,2.139167734,1.303783732,1.202204862,1,0,0,0.000000000,0.101898162,-0.206164215,0.627446838,1.197793622,-0.051548793,-0.145501840,7.085856921,12.262713805,-6.477452395,-130.892775574,-0.023385876,142.887494076,44.935550704,-0.000910556,0.001716252,0.001025181,-0.000088135,0.000019493,-0.000382861,-0.000441395,0.000000000,0.000000000,0.000000000,0.000000000,0.000000000,0.000000000,0.000000000,-0.000816665,-0.000019689,0.000808273,0.000000022,-0.000286528,-0.000000067,0.000202230,0.000000000,0.000000000,0.000000000,0.000000000,0.000000000,0.000000000,0.000000000,0.259420730,0.009141349,-0.402006796,0.323695286,0.947571031,0.437525674,0.073987911
13.701000000,0,13.701000000,sample,0.214006737,0.000000413,0.000000000,0.000000000,0.000000000,0.000000000,0.000000000,0,0,2.000000000,0.080000000,0.000000000,0.000000000,0.000830313,0.000000000,0.001303850,0.000000000,0.000000000,0.000000000,0.001288283,0.644511676,3,82.944465063,0,0.000000000,0.664098649,1.207564497,0.667345817,1.207708941,0.638540590,0.070400960,1.327037970,1.051503284,1.344364893,0.000000000,1.344365025,2.000000000,0.000000000,0.000000000,0.000000000,1.000000000,2.057330520,1.240175920,1.193607807,0.000000000,2.084425051,1.267201017,1.194210151,1,0,0,0.000000000,0.100049443,-0.206111958,0.623325746,1.197702330,-0.050977274,-0.145335686,7.085745177,12.262289089,-6.477372617,-130.892775574,-0.023350906,142.887644985,44.935652864,-0.000186343,-0.000109450,0.001173289,0.000357877,0.000211760,0.000123703,-0.000219414,0.000000000,0.000000000,0.000000000,0.000000000,0.000000000,0.000000000,0.000000000,-0.000564364,-0.000013605,0.000558565,0.000000015,-0.000198002,-0.000000046,0.000139749,0.000000000,0.000000000,0.000000000,0.000000000,0.000000000,0.000000000,0.000000000,0.289807786,0.051098876,-0.400157021,0.297133080,0.945915096,0.435266437,0.073986500
13.751000000,0,13.751000000,sample,0.214006519,-0.000004358,0.000000000,0.000000000,0.000000000,0.000000000,0.000000000,0,0,2.000000000,0.080000000,0.000000000,0.000000000,0.001253206,0.000000000,0.002624069,0.000000000,0.000000000,0.000000000,0.002254265,0.555926818,2,48.890144910,0,0.000000000,0.664762301,1.207675822,0.667547084,1.207737745,0.833928463,0.082846983,1.361286727,1.061043160,1.386436412,0.000000000,1.386435975,2.000000000,0.000000000,0.000000000,0.000000000,1.000000000,2.102234025,1.265841974,1.196576285,0.000000000,2.103406838,1.265897754,1.197375261,1,0,0,0.000000000,0.100370987,-0.205816199,0.624078741,1.197794825,-0.051079052,-0.145462634,7.086021707,12.262374430,-6.477659934,-130.892775574,-0.023386661,142.887622035,44.935550704,0.000744269,0.001576216,-0.001176443,0.000079991,-0.000588302,0.000363384,-0.000418036,0.000000000,0.000000000,0.000000000,0.000000000,0.000000000,0.000000000,0.000000000,0.000851803,0.000020536,-0.000843051,-0.000000023,0.000298849,0.000000070,-0.000210927,0.000000000,0.000000000,0.000000000,0.000000000,0.000000000,0.000000000,0.000000000,0.271001516,0.063093281,-0.415384341,0.302718476,0.946008797,0.435549021,0.074525175
13.801000000,0,13.801000000,sample,0.214006544,0.000000492,0.000000000,0.000000000,0.000000000,0.000000000,0.000000000,0,0,2.000000000,0.080000000,0.000000000,0.000000000,0.000752682,0.000000000,0.001102257,0.000000000,0.000000000,0.000000000,0.001583677,0.475274774,1,65.162928026,0,0.000000000,0.666179551,1.207732936,0.670737929,1.207738691,0.835981684,0.121767802,1.328421178,1.057231178,1.356728090,0.000000000,1.356727647,2.000000000,0.000000000,0.000000000,0.000000000,1.000000000,2.049183570,1.252664146,1.191794253,0.000000000,2.112567439,1.268549030,1.196178380,1,0,0,0.000000000,0.100521722,-0.207184892,0.625111989,1.197827076,-0.051136419,-0.145650978,7.086148399,12.262496460,-6.477631673,-130.892775574,-0.023426591,142.887685055,44.935550704,0.001278400,-0.000230191,0.000133062,0.000587632,-0.000365330,-0.000422834,-0.000381400,0.000000000,0.000000000,0.000000000,0.000000000,0.000000000,0.000000000,0.000000000,0.000511597,0.000012334,-0.000506340,-0.000000014,0.000179492,0.000000042,-0.000126685,0.000000000,0.000000000,0.000000000,0.000000000,0.000000000,0.000000000,0.000000000,0.260967121,0.045584980,-0.407983564,0.301550616,0.946923766,0.436242795,0.076393428
13.851000000,0,13.851000000,sample,0.214006506,-0.000000751,0.000000000,0.000000000,0.000000000,0.000000000,0.000000000,0,0,2.000000000,0.080000000,0.000000000,0.000000000,0.000161174,0.000000000,0.001868725,0.000000000,0.000000000,0.000000000,0.001382684,0.116566303,7,65.750461518,0,0.000000000,0.663542488,1.207541902,0.667506456,1.207740605,0.582798327,0.128226764,1.315087584,1.052325052,1.323476277,0.000000000,1.323476267,2.000000000,0.000000000,0.000000000,0.000000000,1.000000000,2.044101263,1.252145040,1.198360314,0.000000000,2.252559995,1.328221535,1.198360314,1,0,0,0.000000000,0.100211262,-0.203879004,0.623441808,1.197729507,-0.051024917,-0.144906627,7.085825756,12.262302400,-6.477685603,-130.892775574,-0.023282334,142.887602486,44.935801327,-0.000522549,0.000098984,-0.000536780,0.000274815,0.000083826,-0.000035345,0.001121172,0.000000000,0.000000000,0.000000000,0.000000000,0.000000000,0.000000000,0.000000000,-0.000109550,-0.000002641,0.000108424,0.000000003,-0.000038435,-0.000000009,0.000027127,0.000000000,0.000000000,0.000000000,0.000000000,0.000000000,0.000000000,0.000000000,0.267027421,0.033979880,-0.412630996,0.318388362,0.947074593,0.435508544,0.073182667
13.901000000,0,13.901000000,sample,0.214006752,0.000004923,0.000000000,0.000000000,0.000000000,0.000000000,0.000000000,0,0,2.000000000,0.080000000,0.000000000,0.000000000,0.000048510,0.000000000,0.001931337,0.000000000,0.000000000,0.000000000,0.000725059,0.066905240,2,64.121485625,0,0.000000000,0.667256614,1.207485501,0.669332342,1.207726108,0.381513352,0.045825471,1.323280489,1.051774040,1.337208896,0.000000000,1.337208800,2.000000000,0.000000000,0.000000000,0.000000000,1.000000000,2.029526275,1.249526673,1.193770203,0.000000000,2.052213280,1.253735631,1.197723884,1,0,0,0.000000000,0.101942888,-0.205789646,0.626489950,1.197639513,-0.051394452,-0.145049789,7.085925998,12.262546981,-6.477588887,-130.892887235,-0.023114605,142.887588319,44.935719729,0.000189863,-0.000580597,0.000162156,-0.000088802,0.000205135,0.000268576,0.000064616,0.000000000,0.000000000,0.000000000,0.000000000,0.000000000,0.000000000,0.000000000,0.000032972,0.000000795,-0.000032634,-0.000000001,0.000011568,0.000000003,-0.000008165,0.000000000,0.000000000,0.000000000,0.000000000,0.000000000,0.000000000,0.000000000,0.263935342,0.033998335,-0.407868873,0.310424193,0.946981819,0.435205880,0.073284560
13.951000000,0,13.951000000,sample,0.214006531,-0.000004419,0.000000000,0.000000000,0.000000000,0.000000000,0.000000000,0,0,2.000000000,0.080000000,0.000000000,0.000000000,0.000084755,0.000000000,0.001511527,0.000000000,0.000000000,0.000000000,0.000899963,0.094175793,7,70.535191554,0,0.000000000,0.662459138,1.207359070,0.666853176,1.207704695,0.241643044,0.055064813,1.324393654,1.052773777,1.351705664,0.000000000,1.351705644,2.000000000,0.000000000,0.000000000,0.000000000,1.000000000,2.080328563,1.251940233,1.193036176,0.000000000,2.083332972,1.265132251,1.194180193,1,0,0,0.000000000,0.100166616,-0.200703614,0.623327216,1.197591220,-0.051019895,-0.144527387,7.085459026,12.262288866,-6.477686018,-130.892775574,-0.023055881,142.887599406,44.935632302,0.000117853,-0.000252605,0.000258281,-0.000063122,0.000232047,-0.000190807,-0.000755836,0.000000000,0.000000000,0.000000000,0.000000000,0.000000000,0.000000000,0.000000000,0.000057608,0.000001389,-0.000057016,-0.000000002,0.000020211,0.000000005,-0.000014265,0.000000000,0.000000000,0.000000000,0.000000000,0.000000000,0.000000000,0.000000000,0.283829436,0.053481161,-0.396589616,0.305265555,0.945987527,0.434627924,0.075177915
14.001000000,0,14.001000000,sample,0.214006607,0.000001517,0.000000000,0.000000000,0.000000000,0.000000000,0.000000000,0,0,2.000000000,0.080000000,0.000000000,0.000000000,0.000121258,0.000000000,0.002028317,0.000000000,0.000000000,0.000000000,0.001191522,0.101767442,2,57.886832146,0,0.000000000,0.661337808,1.207425341,0.669894321,1.207659904,0.492097359,0.056200611,1.316766749,1.053399686,1.342150794,0.000000000,1.342150440,2.000000000,0.000000000,0.000000000,0.000000000,1.000000000,2.069405924,1.248873860,1.191456494,0.000000000,2.078808848,1.251346427,1.196957626,1,0,0,0.000000000,0.099194203,-0.206070310,0.620534636,1.197592227,-0.050694897,-0.145185534,7.085878933,12.261985794,-6.477534522,-130.892775574,-0.023172253,142.887622035,44.935632302,0.000297792,-0.000906551,0.000427784,-0.000541822,-0.000123416,0.000122193,-0.000049779,0.000000000,0.000000000,0.000000000,0.000000000,0.000000000,0.000000000,0.000000000,-0.000082419,-0.000001987,0.000081572,0.000000002,-0.000028915,-0.000000007,0.000020408,0.000000000,0.000000000,0.000000000,0.000000000,0.000000000,0.000000000,0.000000000,0.283934857,0.055806906,-0.400999706,0.298059715,0.945529176,0.431960697,0.074694973
14.051000000,0,14.051000000,sample,0.214006935,0.000006561,0.000000000,0.000000000,0.000000000,0.000000000,0.000000000,0,0,2.000000000,0.080000000,0.000000000,0.000000000,0.000955644,0.000000000,0.001416938,0.000000000,0.000000000,0.000000000,0.002320161,0.411887134,4,59.385618570,0,0.000000000,0.668959641,1.207485310,0.670435874,1.207651879,1.123882419,0.110132206,1.299953035,1.051008613,1.310784965,0.000000000,1.310787043,2.000000000,0.000000000,0.000000000,0.000000000,1.000000000,2.069411340,1.278174901,1.190372744,0.000000000,2.090952195,1.278174901,1.208189304,1,0,0,0.000000000,0.102489259,-0.208819599,0.627213941,1.197578235,-0.051549989,-0.145498265,7.086021688,12.262605478,-6.477369037,-130.892885661,-0.023076498,142.887493897,44.935550704,-0.000729193,-0.000191195,0.000953437,0.001787964,0.000228692,-0.000244890,-0.000772490,0.000000000,0.000000000,0.000000000,0.000000000,0.000000000,0.000000000,0.000000000,-0.000649550,-0.000015660,0.000642875,0.000000017,-0.000227894,-0.000000053,0.000160846,0.000000000,0.000000000,0.000000000,0.000000000,0.000000000,0.000000000,0.000000000,0.243087697,0.055904116,-0.419866174,0.297306801,0.946890239,0.434022620,0.071516952
14.101000000,0,14.101000000,sample,0.214006063,-0.000017447,0.000000000,0.000000000,0.000000000,0.000000000,0.000000000,0,0,2.000000000,0.080000000,0.000000000,0.000000000,0.000457822,0.000000000,0.003897098,0.000000000,0.000000000,0.000000000,0.002425455,0.188757140,3,36.023668619,0,0.000000000,0.659795920,1.207399296,0.670858755,1.207613697,1.342936077,0.085357429,1.291936449,1.056794411,1.313638633,0.000000000,1.313639232,2.000000000,0.000000000,0.000000000,0.000000000,1.000000000,2.042117639,1.239164026,1.190623014,0.000000000,2.103467686,1.294588723,1.190623014,1,0,0,0.000000000,0.099218955,-0.193251628,0.623008879,1.197703690,-0.051030373,-0.143926484,7.085004370,12.262384575,-6.478014225,-130.892584156,-0.023111218,142.887494075,44.935504077,-0.000827620,0.000653648,-0.001455751,0.001373855,-0.000309417,-0.000533930,-0.000618959,0.000000000,0.000000000,0.000000000,0.000000000,0.000000000,0.000000000,0.000000000,0.000311181,0.000007503,-0.000307984,-0.000000008,0.000109176,0.000000025,-0.000077056,0.000000000,0.000000000,0.000000000,0.000000000,0.000000000,0.000000000,0.000000000,0.283415190,0.037844279,-0.391286653,0.309649225,0.944350205,0.435437338,0.073728746
14.151000000,0,14.151000000,sample,0.214006682,0.000012378,0.000000000,0.000000000,0.000000000,0.000000000,0.000000000,0,0,2.000000000,0.080000000,0.000000000,0.000000000,0.000656910,0.000000000,0.002545446,0.000000000,0.000000000,0.000000000,0.001355319,0.484690424,3,51.324729546,0,0.000000000,0.663154339,1.207340935,0.665151294,1.207482598,0.714557629,0.058332397,1.355438067,1.054500643,1.375018833,0.000000000,1.375018331,2.000000000,0.000000000,0.000000000,0.000000000,1.000000000,2.095731259,1.245289852,1.195335667,0.000000000,2.106967721,1.251746631,1.200280496,1,0,0,0.000000000,0.100218021,-0.200425953,0.624146988,1.197573974,-0.051051039,-0.144507786,7.085234250,12.262384575,-6.477494768,-130.892775574,-0.023076250,142.887668692,44.935632302,0.000108817,0.000828446,0.000970968,0.000027824,-0.000146473,0.000248268,0.000334787,0.000000000,0.000000000,0.000000000,0.000000000,0.000000000,0.000000000,0.000000000,-0.000446501,-0.000010764,0.000441913,0.000000012,-0.000156652,-0.000000036,0.000110564,0.000000000,0.000000000,0.000000000,0.000000000,0.000000000,0.000000000,0.000000000,0.305860365,0.058613133,-0.388894278,0.305032898,0.945569197,0.433474927,0.074537548
14.201000000,0,14.201000000,sample,0.214007190,0.000010169,0.000000000,0.000000000,0.000000000,0.000000000,0.000000000,0,0,2.000000000,0.080000000,0.000000000,0.000000000,0.000132549,0.000000000,0.001594785,0.000000000,0.000000000,0.000000000,0.001695817,0.078162165,4,36.831420877,0,0.000000000,0.666954145,1.207345178,0.671088542,1.207546389,0.390216109,0.019250731,1.326953772,1.051120428,1.349661315,0.000000000,1.349660183,2.000000000,0.000000000,0.000000000,0.000000000,1.000000000,2.038597975,1.274811336,1.189317988,0.000000000,2.096279613,1.274811336,1.195275198,1,0,0,0.000000000,0.102144850,-0.207146967,0.625687138,1.197481658,-0.051306884,-0.145215914,7.085608229,12.262384631,-6.477157770,-130.892982944,-0.023035448,142.887622035,44.935591503,-0.000510515,-0.000903297,-0.000036385,-0.001029172,0.000334506,0.000274767,-0.000742504,0.000000000,0.000000000,0.000000000,0.000000000,0.000000000,0.000000000,0.000000000,-0.000090093,-0.000002172,0.000089167,0.000000002,-0.000031609,-0.000000007,0.000022309,0.000000000,0.000000000,0.000000000,0.000000000,0.000000000,0.000000000,0.000000000,0.220611519,0.044975707,-0.432271635,0.301256345,0.945401862,0.432126828,0.075183733
14.251000000,0,14.251000000,sample,0.214006500,-0.000013796,0.000000000,0.000000000,0.000000000,0.000000000,0.000000000,0,0,2.000000000,0.080000000,0.000000000,0.000000000,0.000103910,0.000000000,0.001484263,0.000000000,0.000000000,0.000000000,0.001314435,0.079052884,4,35.756217704,0,0.000000000,0.659677425,1.207255455,0.669162484,1.207471951,0.675521221,0.091610187,1.317240538,1.054569257,1.347193675,0.000000000,1.347193293,2.000000000,0.000000000,0.000000000,0.000000000,1.000000000,2.056239409,1.231597038,1.201344730,0.000000000,2.056239409,1.280290138,1.202112398,1,0,0,0.000000000,0.100496749,-0.190662617,0.623476122,1.197613623,-0.051134404,-0.143431570,7.084425389,12.262288866,-6.477730016,-130.892775574,-0.023076247,142.887494597,44.935666355,0.000579497,0.000089813,0.000521286,0.000785986,-0.000065664,-0.000540194,-0.000445219,0.000000000,0.000000000,0.000000000,0.000000000,0.000000000,0.000000000,0.000000000,0.000070627,0.000001703,-0.000069902,-0.000000002,0.000024779,0.000000006,-0.000017489,0.000000000,0.000000000,0.000000000,0.000000000,0.000000000,0.000000000,0.000000000,0.295760292,0.048232818,-0.416806184,0.304871701,0.945117217,0.433345679,0.075626877
14.301000000,0,14.301000000,sample,0.214006564,0.000001275,0.000000000,0.000000000,0.000000000,0.000000000,0.000000000,0,0,2.000000000,0.080000000,0.000000000,0.000000000,0.000413679,0.000000000,0.002253381,0.000000000,0.000000000,0.000000000,0.001302393,0.317629649,4,79.190995877,0,0.000000000,0.663139065,1.207399087,0.666202320,1.207449408,0.805961673,0.088519153,1.296728093,1.053967768,1.305725243,0.000000000,1.305726109,2.000000000,0.000000000,0.000000000,0.000000000,1.000000000,2.076385126,1.244098972,1.191772563,0.000000000,2.094737083,1.245847587,1.203607375,1,0,0,0.000000000,0.100060037,-0.198881324,0.624650004,1.197656420,-0.051144891,-0.144277009,7.085092468,12.262496254,-6.477504727,-130.892679865,-0.023186866,142.887589370,44.935801327,-0.000298257,-0.000079472,0.000145739,0.001158990,-0.000287234,0.000297235,0.000256131,0.000000000,0.000000000,0.000000000,0.000000000,0.000000000,0.000000000,0.000000000,-0.000281177,-0.000006779,0.000278288,0.000000007,-0.000098650,-0.000000023,0.000069627,0.000000000,0.000000000,0.000000000,0.000000000,0.000000000,0.000000000,0.000000000,0.297226198,0.049864538,-0.379862453,0.307410775,0.947014644,0.433583084,0.076577164
14.351000000,0,14.351000000,sample,0.214006753,0.000003779,0.000000000,0.000000000,0.000000000,0.000000000,0.000000000,0,0,2.000000000,0.080000000,0.000000000,0.000000000,0.000788997,0.000000000,0.004234123,0.000000000,0.000000000,0.000000000,0.001744209,0.452352292,1,59.881421607,0,0.000000000,0.660984618,1.207149208,0.669396148,1.207469106,1.119520657,0.146985856,1.281499487,1.051307271,1.289944227,0.000000000,1.289944584,2.000000000,0.000000000,0.000000000,0.000000000,1.000000000,2.018171998,1.262940494,1.186246657,0.000000000,2.075759429,1.295524954,1.199377283,1,0,0,0.000000000,0.099873541,-0.198515525,0.622509058,1.197444241,-0.050929630,-0.144023172,7.084914133,12.262193157,-6.477407845,-130.892775574,-0.022928099,142.887602515,44.935760528,-0.001349723,-0.000456698,-0.000365605,0.000708811,-0.000029290,-0.000008257,0.000612319,0.000000000,0.000000000,0.000000000,0.000000000,0.000000000,0.000000000,0.000000000,-0.000536281,-0.000012928,0.000530771,0.000000014,-0.000188147,-0.000000043,0.000132794,0.000000000,0.000000000,0.000000000,0.000000000,0.000000000,0.000000000,0.000000000,0.239227167,0.036668166,-0.406284809,0.299891144,0.948640692,0.433711094,0.074702200
14.401000000,0,14.401000000,sample,0.214006657,-0.000001927,0.000000000,0.000000000,0.000000000,0.000000000,0.000000000,0,0,2.000000000,0.080000000,0.000000000,0.000000000,0.000229029,0.000000000,0.004430080,0.000000000,0.000000000,0.000000000,0.001299731,0.176212497,7,32.189799419,0,0.000000000,0.661426047,1.207223730,0.663948057,1.207344698,0.694572688,0.058041311,1.353537939,1.055707713,1.378671073,0.000000000,1.378671559,2.000000000,0.000000000,0.000000000,0.000000000,1.000000000,2.034815513,1.226719856,1.201187922,0.000000000,2.265173130,1.339066332,1.201389558,1,0,0,0.000000000,0.101477313,-0.188216806,0.625908304,1.197627029,-0.051301546,-0.142992262,7.084150072,12.262496235,-6.477710423,-130.892887235,-0.023063594,142.887645646,44.935842126,0.000654992,0.000472720,0.000055846,-0.000638631,-0.000261036,0.000118029,0.000737416,0.000000000,0.000000000,0.000000000,0.000000000,0.000000000,0.000000000,0.000000000,0.000155671,0.000003753,-0.000154071,-0.000000004,0.000054616,0.000000013,-0.000038548,0.000000000,0.000000000,0.000000000,0.000000000,0.000000000,0.000000000,0.000000000,0.297151487,0.034270387,-0.406162652,0.313846348,0.946395699,0.434290769,0.075086865
14.451000000,0,14.451000000,sample,0.214006968,0.000006220,0.000000000,0.000000000,0.000000000,0.000000000,0.000000000,0,0,2.000000000,0.080000000,0.000000000,0.000000000,0.000516195,0.000000000,0.001639063,0.000000000,0.000000000,0.000000000,0.001343986,0.384077536,2,47.175309651,0,0.000000000,0.663867136,1.207164000,0.665269433,1.207372082,0.484595083,0.046729262,1.311345794,1.052961291,1.328487419,0.000000000,1.328487111,2.000000000,0.000000000,0.000000000,0.000000000,1.000000000,2.038669295,1.248211995,1.190727990,0.000000000,2.054155050,1.248211995,1.201901943,1,0,0,0.000000000,0.101535602,-0.198483151,0.625311550,1.197449666,-0.051279835,-0.143977771,7.084835475,12.262410672,-6.477325200,-130.892887235,-0.022919112,142.887581353,44.935801327,-0.000003384,-0.000923107,0.000433795,-0.000198135,-0.000310701,0.000083864,0.000789403,0.000000000,0.000000000,0.000000000,0.000000000,0.000000000,0.000000000,0.000000000,-0.000350857,-0.000008458,0.000347252,0.000000009,-0.000123096,-0.000000028,0.000086881,0.000000000,0.000000000,0.000000000,0.000000000,0.000000000,0.000000000,0.000000000,0.279357981,0.036209294,-0.389627676,0.310637188,0.947187748,0.433371849,0.072112227
14.501000000,0,14.501000000,sample,0.214006582,-0.000007719,0.000000000,0.000000000,0.000000000,0.000000000,0.000000000,0,0,2.000000000,0.080000000,0.000000000,0.000000000,0.000031012,0.000000000,0.004160762,0.000000000,0.000000000,0.000000000,0.001068970,0.029011566,7,32.804430445,0,0.000000000,0.659807161,1.207089117,0.667167953,1.207387411,0.650771318,0.094148456,1.292836686,1.052926734,1.306191249,0.000000000,1.306191261,2.000000000,0.000000000,0.000000000,0.000000000,1.000000000,2.016886977,1.278951950,1.193243896,0.000000000,2.239049242,1.346686624,1.200831745,1,0,0,0.000000000,0.099283986,-0.194254399,0.622698490,1.197443906,-0.050911529,-0.143527852,7.084549855,12.262288866,-6.477503052,-130.892679865,-0.022877360,142.887622038,44.935760528,-0.000297904,-0.000508157,-0.000560360,0.000254408,-0.000134588,0.000155020,0.000612254,0.000000000,0.000000000,0.000000000,0.000000000,0.000000000,0.000000000,0.000000000,0.000021079,0.000000508,-0.000020863,-0.000000001,0.000007395,0.000000002,-0.000005220,0.000000000,0.000000000,0.000000000,0.000000000,0.000000000,0.000000000,0.000000000,0.210331201,0.031128581,-0.433434716,0.309446860,0.949031032,0.434530367,0.074318495
14.551000000,0,14.551000000,sample,0.214006819,0.000004752,0.000000000,0.000000000,0.000000000,0.000000000,0.000000000,0,0,2.000000000,0.080000000,0.000000000,0.000000000,0.000572684,0.000000000,0.001392707,0.000000000,0.000000000,0.000000000,0.001102077,0.519640717,7,43.482947704,0,0.000000000,0.662782399,1.207066494,0.664054000,1.207217331,0.414431835,0.022004190,1.340139363,1.053074407,1.361086489,0.000000000,1.361086733,2.000000000,0.000000000,0.000000000,0.000000000,1.000000000,2.083486714,1.238720065,1.200082971,0.000000000,2.092028311,1.274503762,1.212347723,1,0,0,0.000000000,0.102039079,-0.188619270,0.627129417,1.197471167,-0.051479471,-0.142906228,7.084001676,12.262618040,-6.477545263,-130.892882512,-0.022836811,142.887588320,44.935760528,-0.000031223,-0.000051996,0.000589472,-0.000549460,-0.000133197,0.000125057,0.000726727,0.000000000,0.000000000,0.000000000,0.000000000,0.000000000,0.000000000,0.000000000,-0.000389253,-0.000009384,0.000385253,0.000000010,-0.000136569,-0.000000031,0.000096390,0.000000000,0.000000000,0.000000000,0.000000000,0.000000000,0.000000000,0.000000000,0.312209868,0.056865072,-0.396720328,0.302055014,0.947387976,0.433438894,0.073844411
14.601000000,0,14.601000000,sample,0.214006614,-0.000004114,0.000000000,0.000000000,0.000000000,0.000000000,0.000000000,0,0,2.000000000,0.080000000,0.000000000,0.000000000,0.000447618,0.000000000,0.001517947,0.000000000,0.000000000,0.000000000,0.002857643,0.156638975,4,88.658296086,0,0.000000000,0.659241064,1.207013921,0.663761668,1.207180795,1.749422376,0.183497674,1.261092115,1.050311626,1.253728774,0.000000000,1.253732029,2.000000000,0.000000000,0.000000000,0.000000000,1.000000000,2.132437383,1.282214016,1.184696751,0.000000000,2.133966365,1.282214016,1.201441439,1,0,0,0.000000000,0.097839554,-0.198286922,0.621054345,1.197344128,-0.050610375,-0.143834052,7.084768522,12.262193157,-6.477311690,-130.892584156,-0.022801589,142.887732411,44.935801327,0.000466809,-0.000065060,-0.000226069,0.002690714,0.000357235,0.000360295,0.000628886,0.000000000,0.000000000,0.000000000,0.000000000,0.000000000,0.000000000,0.000000000,0.000304246,0.000007335,-0.000301120,-0.000000008,0.000106741,0.000000024,-0.000075337,0.000000000,0.000000000,0.000000000,0.000000000,0.000000000,0.000000000,0.000000000,0.272313395,0.093134543,-0.400869124,0.272172532,0.947066747,0.428229847,0.074750226
14.651000000,0,14.651000000,sample,0.214006691,0.000001553,0.000000000,0.000000000,0.000000000,0.000000000,0.000000000,0,0,2.000000000,0.080000000,0.000000000,0.000000000,0.002025731,0.000000000,0.003664098,0.000000000,0.000000000,0.000000000,0.005667587,0.357423924,5,90.015285617,0,0.000000000,0.663203261,1.207100211,0.668393178,1.207288516,0.670839421,0.259346704,1.306787980,1.081329723,1.347030903,0.000000000,1.347030113,2.000000000,0.000000000,0.000000000,0.000000000,1.000000000,1.997399385,1.247482853,1.193751844,0.000000000,2.143696534,1.315315122,1.210175084,1,0,0,0.000000000,0.100351805,-0.193469899,0.626368485,1.197460312,-0.051267764,-0.143357378,7.084378781,12.262692722,-6.477407175,-130.892679807,-0.022856905,142.887668664,44.935842126,-0.000489078,0.000334550,0.000319333,0.000861066,-0.005377202,0.000759605,0.001198213,0.000000000,0.000000000,0.000000000,0.000000000,0.000000000,0.000000000,0.000000000,-0.001376885,-0.000033195,0.001362736,0.000000036,-0.000483083,-0.000000110,0.000340958,0.000000000,0.000000000,0.000000000,0.000000000,0.000000000,0.000000000,0.000000000,0.250089478,0.024386484,-0.414175729,0.310327786,0.948997381,0.433330198,0.075419225
14.701000000,0,14.701000000,sample,0.214006700,0.000000166,0.000000000,0.000000000,0.000000000,0.000000000,0.000000000,0,0,2.000000000,0.080000000,0.000000000,0.000000000,0.000260116,0.000000000,0.002606597,0.000000000,0.000000000,0.000000000,0.001027450,0.253166445,7,56.558044844,0,0.000000000,0.659207474,1.206996727,0.665256494,1.207124234,0.214874851,0.015975575,1.322161649,1.054959153,1.340460414,0.000000000,1.340460212,2.000000000,0.000000000,0.000000000,0.000000000,1.000000000,2.048865876,1.232317704,1.201871946,0.000000000,2.215963626,1.311159657,1.202941997,1,0,0,0.000000000,0.100190146,-0.189436263,0.623402222,1.197420968,-0.051051837,-0.142890983,7.084029027,12.262288866,-6.477503052,-130.892775574,-0.022836532,142.887581586,44.935842126,0.000146370,0.000342342,0.000212611,0.000328057,-0.000386375,0.000133659,0.000772695,0.000000000,0.000000000,0.000000000,0.000000000,0.000000000,0.000000000,0.000000000,-0.000176801,-0.000004262,0.000174984,0.000000005,-0.000062029,-0.000000014,0.000043780,0.000000000,0.000000000,0.000000000,0.000000000,0.000000000,0.000000000,0.000000000,0.296039302,0.034050168,-0.405061409,0.321687094,0.945705243,0.433764553,0.075033771
14.751000000,0,14.751000000,sample,0.214006786,0.000001732,0.000000000,0.000000000,0.000000000,0.000000000,0.000000000,0,0,2.000000000,0.080000000,0.000000000,0.000000000,0.000796683,0.000000000,0.002816168,0.000000000,0.000000000,0.000000000,0.001048920,0.759527279,1,73.285503026,0,0.000000000,0.661626431,1.207048277,0.664610874,1.207115127,0.460168788,0.044055045,1.319424595,1.052852785,1.343693081,0.000000000,1.343693012,2.000000000,0.000000000,0.000000000,0.000000000,1.000000000,2.031577038,1.238390420,1.194843482,0.000000000,2.277162406,1.311840428,1.203759535,1,0,0,0.000000000,0.100514610,-0.194612817,0.624317386,1.197391556,-0.051144583,-0.143538277,7.084487293,12.262386078,-6.477407343,-130.892775574,-0.022801586,142.887583597,44.935719729,0.000897949,-0.000328290,-0.000160932,0.000127832,0.000228849,-0.000249066,-0.000171761,0.000000000,0.000000000,0.000000000,0.000000000,0.000000000,0.000000000,0.000000000,0.000541505,0.000013055,-0.000535941,-0.000000014,0.000189983,0.000000043,-0.000134089,0.000000000,0.000000000,0.000000000,0.000000000,0.000000000,0.000000000,0.000000000,0.275864829,0.030653324,-0.406277871,0.319149472,0.943881556,0.432680525,0.074612282
14.801000000,0,14.801000000,sample,0.214006872,0.000001717,0.000000000,0.000000000,0.000000000,0.000000000,0.000000000,0,0,2.000000000,0.080000000,0.000000000,0.000000000,0.000104377,0.000000000,0.001081983,0.000000000,0.000000000,0.000000000,0.001571386,0.066423790,2,46.345759226,0,0.000000000,0.662453584,1.207025807,0.665935913,1.207179150,0.703705011,0.048810565,1.347638104,1.052295042,1.364487266,0.000000000,1.364485584,2.000000000,0.000000000,0.000000000,0.000000000,1.000000000,2.039827909,1.268249187,1.190992817,0.000000000,2.039827909,1.268249187,1.195001110,1,0,0,0.000000000,0.101033224,-0.193555467,0.625438502,1.197385596,-0.051306158,-0.143341246,7.084278019,12.262497739,-6.477311634,-130.892775049,-0.022801310,142.887534874,44.935801327,0.000422666,0.001069764,0.000699584,0.000715511,0.000352009,-0.000055295,0.000133679,0.000000000,0.000000000,0.000000000,0.000000000,0.000000000,0.000000000,0.000000000,-0.000070945,-0.000001710,0.000070216,0.000000002,-0.000024891,-0.000000006,0.000017568,0.000000000,0.000000000,0.000000000,0.000000000,0.000000000,0.000000000,0.000000000,0.243795197,0.035568833,-0.412385009,0.314179960,0.946489680,0.433552871,0.071981948
14.851000000,0,14.851000000,sample,0.214006709,-0.000003269,0.000000000,0.000000000,0.000000000,0.000000000,0.000000000,0,0,2.000000000,0.080000000,0.000000000,0.000000000,0.000066096,0.000000000,0.001145460,0.000000000,0.000000000,0.000000000,0.000904610,0.073065354,7,32.114528964,0,0.000000000,0.660568216,1.207047847,0.660601384,1.207121783,0.271767059,0.040991640,1.332856446,1.056397137,1.360090052,0.000000000,1.360090016,2.000000000,0.000000000,0.000000000,0.000000000,1.000000000,2.067607798,1.246567422,1.199892778,0.000000000,2.261812801,1.342916327,1.202278219,1,0,0,0.000000000,0.100654038,-0.190800572,0.624351083,1.197441988,-0.051190452,-0.143096915,7.084182077,12.262384575,-6.477503060,-130.892775574,-0.022851211,142.887536970,44.935801327,0.000386534,0.000286077,0.000001520,0.000001599,-0.000478042,-0.000309423,0.000512640,0.000000000,0.000000000,0.000000000,0.000000000,0.000000000,0.000000000,0.000000000,0.000044925,0.000001083,-0.000044464,-0.000000001,0.000015762,0.000000004,-0.000011125,0.000000000,0.000000000,0.000000000,0.000000000,0.000000000,0.000000000,0.000000000,0.288037712,0.045257582,-0.408238346,0.313877562,0.946758807,0.433244760,0.074146989
14.901000000,0,14.901000000,sample,0.214007060,0.000007025,0.000000000,0.000000000,0.000000000,0.000000000,0.000000000,0,0,2.000000000,0.080000000,0.000000000,0.000000000,0.000931502,0.000000000,0.001604792,0.000000000,0.000000000,0.000000000,0.001374490,0.677707551,3,78.509031347,0,0.000000000,0.661823291,1.207027863,0.665208619,1.207163732,0.692727221,0.068982102,1.336338473,1.054202611,1.360501182,0.000000000,1.360501371,2.000000000,0.000000000,0.000000000,0.000000000,1.000000000,2.032832315,1.249593584,1.191295780,0.000000000,2.068175087,1.250232457,1.200515150,1,0,0,0.000000000,0.101008105,-0.195533242,0.624158780,1.197366496,-0.051124777,-0.143582704,7.084373497,12.262288866,-6.477199974,-130.892887235,-0.022850502,142.887622074,44.935801327,0.000061467,-0.000133903,0.001217871,-0.000272604,-0.000386074,0.000186777,0.000355039,0.000000000,0.000000000,0.000000000,0.000000000,0.000000000,0.000000000,0.000000000,-0.000633142,-0.000015263,0.000626636,0.000000017,-0.000222132,-0.000000051,0.000156780,0.000000000,0.000000000,0.000000000,0.000000000,0.000000000,0.000000000,0.000000000,0.269476942,0.041400960,-0.405893412,0.301722963,0.946980906,0.432460267,0.072614374
14.951000000,0,14.951000000,sample,0.214006896,-0.000003269,0.000000000,0.000000000,0.000000000,0.000000000,0.000000000,0,0,2.000000000,0.080000000,0.000000000,0.000000000,0.000195252,0.000000000,0.003816670,0.000000000,0.000000000,0.000000000,0.001386736,0.140799735,7,62.680275908,0,0.000000000,0.660947260,1.206838459,0.664068772,1.207111084,0.452430008,0.031399119,1.322596503,1.052371559,1.353318835,0.000000000,1.353318633,2.000000000,0.000000000,0.000000000,0.000000000,1.000000000,2.113504843,1.280363899,1.192695515,0.000000000,2.113504843,1.297634005,1.205872907,1,0,0,0.000000000,0.101353265,-0.189686377,0.624978299,1.197249721,-0.051267970,-0.142911743,7.083974710,12.262384575,-6.477448040,-130.892871494,-0.022550323,142.887560185,44.935591503,-0.000709556,-0.000044996,-0.000065264,-0.000276411,0.000247792,-0.000264791,-0.001097891,0.000000000,0.000000000,0.000000000,0.000000000,0.000000000,0.000000000,0.000000000,-0.000132713,-0.000003199,0.000131349,0.000000003,-0.000046561,-0.000000010,0.000032863,0.000000000,0.000000000,0.000000000,0.000000000,0.000000000,0.000000000,0.000000000,0.261681080,0.063954169,-0.405176632,0.305694066,0.947463005,0.434928532,0.074091361
15.001000000,0,15.001000000,sample,0.214006756,-0.000002811,0.000000000,0.000000000,0.000000000,0.000000000,0.000000000,0,0,2.000000000,0.080000000,0.000000000,0.000000000,0.000364598,0.000000000,0.001392424,0.000000000,0.000000000,0.000000000,0.000816922,0.446306450,4,34.909870672,0,0.000000000,0.660705617,1.207012427,0.663869964,1.207099463,0.239173291,0.028669775,1.316985262,1.052119132,1.340687730,0.000000000,1.340687461,2.000000000,0.000000000,0.000000000,0.000000000,1.000000000,2.033702093,1.230277767,1.201886473,0.000000000,2.308153494,1.345963303,1.205029970,1,0,0,0.000000000,0.101384572,-0.188731012,0.625006948,1.197430462,-0.051257550,-0.142870398,7.084072802,12.262384575,-6.477615215,-130.892887235,-0.022791752,142.887581246,44.935760528,0.000062114,-0.000466227,-0.000407124,-0.000482675,0.000215004,-0.000018704,-0.000028883,0.000000000,0.000000000,0.000000000,0.000000000,0.000000000,0.000000000,0.000000000,0.000247817,0.000005975,-0.000245270,-0.000000006,0.000086945,0.000000020,-0.000061365,0.000000000,0.000000000,0.000000000,0.000000000,0.000000000,0.000000000,0.000000000,0.295203743,0.032776069,-0.404612982,0.315008153,0.948248855,0.434231218,0.075080824
15.051000000,0,15.051000000,sample,0.214006559,-0.000003946,0.000000000,0.000000000,0.000000000,0.000000000,0.000000000,0,0,2.000000000,0.080000000,0.000000000,0.000000000,0.000310915,0.000000000,0.001204087,0.000000000,0.000000000,0.000000000,0.001417661,0.219315315,4,34.581255382,0,0.000000000,0.658095078,1.206853640,0.666005825,1.207100641,0.868870707,0.118687443,1.277225467,1.049667472,1.287254642,0.000000000,1.287255467,2.000000000,0.000000000,0.000000000,0.000000000,1.000000000,2.075616929,1.266648021,1.194765603,0.000000000,2.075616929,1.267142666,1.203799295,1,0,0,0.000000000,0.098876528,-0.192036723,0.621638529,1.197272553,-0.050841341,-0.143001051,7.084277732,12.262193157,-6.477503052,-130.892637192,-0.022611326,142.887555868,44.935801327,-0.000121053,-0.000638394,-0.000594142,0.000833667,0.000419700,-0.000193500,0.000570934,0.000000000,0.000000000,0.000000000,0.000000000,0.000000000,0.000000000,0.000000000,0.000211329,0.000005095,-0.000209157,-0.000000005,0.000074142,0.000000017,-0.000052329,0.000000000,0.000000000,0.000000000,0.000000000,0.000000000,0.000000000,0.000000000,0.264353018,0.049325966,-0.406591754,0.310334113,0.948732204,0.433407666,0.074767376
15.101000000,0,15.101000000,sample,0.214006592,0.000000671,0.000000000,0.000000000,0.000000000,0.000000000,0.000000000,0,0,2.000000000,0.080000000,0.000000000,0.000000000,0.000107626,0.000000000,0.001649924,0.000000000,0.000000000,0.000000000,0.001185889,0.090755593,6,19.112539073,0,0.000000000,0.658656296,1.206807015,0.664898154,1.207042871,0.685796325,0.080503788,1.288610367,1.052314895,1.308427698,0.000000000,1.308427922,2.000000000,0.000000000,0.000000000,0.000000000,1.000000000,2.074135787,1.269050147,1.193214891,0.000000000,2.094367274,1.280747075,1.196079673,1,0,0,0.000000000,0.099595417,-0.188950511,0.623062255,1.197260689,-0.051052844,-0.142631062,7.083946187,12.262329468,-6.477503052,-130.892648077,-0.022562689,142.887493811,44.935801327,-0.000469333,-0.000505435,-0.000453443,0.000515955,-0.000052464,-0.000518446,0.000432708,0.000000000,0.000000000,0.000000000,0.000000000,0.000000000,0.000000000,0.000000000,-0.000073153,-0.000001764,0.000072402,0.000000002,-0.000025665,-0.000000006,0.000018114,0.000000000,0.000000000,0.000000000,0.000000000,0.000000000,0.000000000,0.000000000,0.257299679,0.051682127,-0.412516480,0.306881293,0.947378957,0.433006498,0.074297495
15.151000000,0,15.151000000,sample,0.214006634,0.000000830,0.000000000,0.000000000,0.000000000,0.000000000,0.000000000,0,0,2.000000000,0.080000000,0.000000000,0.000000000,0.000208240,0.000000000,0.001324573,0.000000000,0.000000000,0.000000000,0.002462671,0.084558438,2,71.897478525,0,0.000000000,0.659546587,1.206815604,0.663543290,1.207006408,1.609859992,0.163802313,1.242194871,1.048070200,1.256846270,0.000000000,1.256846349,2.000000000,0.000000000,0.000000000,0.000000000,1.000000000,2.205999729,1.308930845,1.195306549,0.000000000,2.205999729,1.308930845,1.199413763,1,0,0,0.000000000,0.100109475,-0.188589527,0.624030275,1.197249493,-0.051065608,-0.142793058,7.084031604,12.262380063,-6.477625142,-130.892761406,-0.022492928,142.887644986,44.935550704,-0.000812361,-0.002088158,-0.000280255,0.000701331,0.000407634,-0.000079657,-0.000549089,0.000000000,0.000000000,0.000000000,0.000000000,0.000000000,0.000000000,0.000000000,-0.000141540,-0.000003412,0.000140086,0.000000004,-0.000049658,-0.000000011,0.000035049,0.000000000,0.000000000,0.000000000,0.000000000,0.000000000,0.000000000,0.000000000,0.271987803,0.111815043,-0.418677931,0.282278520,0.947496152,0.429041741,0.074024538
15.201000000,0,15.201000000,sample,0.214007036,0.000008039,0.000000000,0.000000000,0.000000000,0.000000000,0.000000000,0,0,2.000000000,0.080000000,0.000000000,0.000000000,0.000033170,0.000000000,0.001208105,0.000000000,0.000000000,0.000000000,0.001417819,0.023395045,4,71.863408023,0,0.000000000,0.662123845,1.206884089,0.664341487,1.207081963,0.580267767,0.066524550,1.342180839,1.054181011,1.376517875,0.000000000,1.376518149,2.000000000,0.000000000,0.000000000,0.000000000,1.000000000,2.099025919,1.276513327,1.193656852,0.000000000,2.223710182,1.315460272,1.205003574,1,0,0,0.000000000,0.101227811,-0.192833783,0.625280776,1.197245822,-0.051097807,-0.143389891,7.084273266,12.262384575,-6.477407343,-130.892978047,-0.022561903,142.887836259,44.935463278,-0.000011167,-0.000331701,0.000078427,-0.001201918,-0.000056532,0.000004618,-0.000667898,0.000000000,0.000000000,0.000000000,0.000000000,0.000000000,0.000000000,0.000000000,0.000022546,0.000000544,-0.000022314,-0.000000001,0.000007910,0.000000002,-0.000005583,0.000000000,0.000000000,0.000000000,0.000000000,0.000000000,0.000000000,0.000000000,0.262477729,0.056924294,-0.408051252,0.310448293,0.946716099,0.433911159,0.072439730
15.251000000,0,15.251000000,sample,0.214006864,-0.000003438,0.000000000,0.000000000,0.000000000,0.000000000,0.000000000,0,0,2.000000000,0.080000000,0.000000000,0.000000000,0.000104720,0.000000000,0.002527975,0.000000000,0.000000000,0.000000000,0.006546709,0.015995834,2,99.668939201,0,0.000000000,0.660630290,1.206857682,0.664657539,1.207008431,3.696256784,0.380596422,1.155335442,1.045856366,1.174580902,0.000000000,1.174570482,2.000000000,0.000000000,0.000000000,0.000000000,1.000000000,2.080308141,1.267126593,1.197619334,0.000000000,2.097633909,1.280715761,1.197734269,1,0,0,0.000000000,0.101282709,-0.191088382,0.624227060,1.197257260,-0.051209920,-0.143031685,7.084181519,12.262288866,-6.477503052,-130.892887228,-0.022561903,142.887535428,44.935632302,0.000354537,-0.006535863,0.000042074,0.000088690,0.000044113,0.000006751,0.000067577,0.000000000,0.000000000,0.000000000,0.000000000,0.000000000,0.000000000,0.000000000,0.000071178,0.000001716,-0.000070447,-0.000000002,0.000024972,0.000000006,-0.000017625,0.000000000,0.000000000,0.000000000,0.000000000,0.000000000,0.000000000,0.000000000,0.263723557,0.047797009,-0.412085837,0.314887995,0.947945964,0.435220644,0.073957105
15.301000000,0,15.301000000,sample,0.214006913,0.000000985,0.000000000,0.000000000,0.000000000,0.000000000,0.000000000,0,0,2.000000000,0.080000000,0.000000000,0.000000000,0.000498313,0.000000000,0.001445395,0.000000000,0.000000000,0.000000000,0.001213693,0.410575579,2,49.332439680,0,0.000000000,0.661714777,1.206770672,0.663052498,1.206945189,0.659400607,0.078129424,1.353984392,1.051564254,1.373169052,0.000000000,1.373169158,2.000000000,0.000000000,0.000000000,0.000000000,1.000000000,2.081414348,1.255403514,1.201107256,0.000000000,2.268335799,1.336506968,1.204360497,1,0,0,0.000000000,0.101398056,-0.189616800,0.625803763,1.197216242,-0.051327533,-0.142598068,7.083921326,12.262496235,-6.477407343,-130.892844561,-0.022486133,142.887582023,44.935842126,-0.000339443,0.000852462,0.000407000,-0.000337567,0.000319543,0.000022216,0.000498934,0.000000000,0.000000000,0.000000000,0.000000000,0.000000000,0.000000000,0.000000000,-0.000338703,-0.000008166,0.000335222,0.000000009,-0.000118832,-0.000000027,0.000083871,0.000000000,0.000000000,0.000000000,0.000000000,0.000000000,0.000000000,0.000000000,0.281718348,0.044542612,-0.406527316,0.321013351,0.948132865,0.433988028,0.075457274
15.351000000,0,15.351000000,sample,0.214006795,-0.000002355,0.000000000,0.000000000,0.000000000,0.000000000,0.000000000,0,0,2.000000000,0.080000000,0.000000000,0.000000000,0.000489824,0.000000000,0.003974867,0.000000000,0.000000000,0.000000000,0.001455575,0.336515604,3,36.977223294,0,0.000000000,0.659468740,1.206862151,0.664018356,1.206981667,0.609360018,0.086786209,1.291924558,1.053454747,1.311095829,0.000000000,1.311095647,2.000000000,0.000000000,0.000000000,0.000000000,1.000000000,2.051768493,1.229152873,1.190935373,0.000000000,2.241549897,1.321513780,1.202647676,1,0,0,0.000000000,0.100096822,-0.192933974,0.622620371,1.197248806,-0.051004119,-0.143213575,7.084277540,12.262193182,-6.477407343,-130.892775555,-0.022602701,142.887534696,44.935673101,0.000125694,-0.000761266,-0.000885119,0.000090296,-0.000195278,-0.000280496,0.000784203,0.000000000,0.000000000,0.000000000,0.000000000,0.000000000,0.000000000,0.000000000,0.000332933,0.000008026,-0.000329512,-0.000000009,0.000116805,0.000000026,-0.000082441,0.000000000,0.000000000,0.000000000,0.000000000,0.000000000,0.000000000,0.000000000,0.319919471,0.033842198,-0.357188804,0.318014605,0.945443513,0.432474507,0.072239417
15.401000000,0,15.401000000,sample,0.214006903,0.000002163,0.000000000,0.000000000,0.000000000,0.000000000,0.000000000,0,0,2.000000000,0.080000000,0.000000000,0.000000000,0.000344393,0.000000000,0.001338279,0.000000000,0.000000000,0.000000000,0.001683231,0.204602609,7,43.015955269,0,0.000000000,0.662746504,1.206815376,0.663033856,1.206932910,0.342903926,0.046166527,1.311838365,1.050981088,1.343752775,0.000000000,1.343751988,2.000000000,0.000000000,0.000000000,0.000000000,1.000000000,2.214253539,1.325079771,1.190005290,0.000000000,2.214253539,1.325079771,1.199858092,1,0,0,0.000000000,0.102325065,-0.188526980,0.627072633,1.197236729,-0.051548320,-0.142724687,7.083907776,12.262591944,-6.477503052,-130.892887233,-0.022465897,142.887500896,44.935591503,0.000037995,-0.001021430,-0.000073343,-0.000496451,0.000420038,-0.000376128,-0.001103973,0.000000000,0.000000000,0.000000000,0.000000000,0.000000000,0.000000000,0.000000000,0.000234084,0.000005643,-0.000231678,-0.000000006,0.000082128,0.000000018,-0.000057966,0.000000000,0.000000000,0.000000000,0.000000000,0.000000000,0.000000000,0.000000000,0.259974502,0.114973475,-0.410249219,0.280605167,0.948762466,0.427576913,0.072739494
15.451000000,0,15.451000000,sample,0.214006932,0.000000572,0.000000000,0.000000000,0.000000000,0.000000000,0.000000000,0,0,2.000000000,0.080000000,0.000000000,0.000000000,0.000705756,0.000000000,0.001309648,0.000000000,0.000000000,0.000000000,0.001122502,0.628734372,1,55.097451710,0,0.000000000,0.661052530,1.206837674,0.663944121,1.206896934,0.518859775,0.072969889,1.302591182,1.052394844,1.318383379,0.000000000,1.318383056,2.000000000,0.000000000,0.000000000,0.000000000,1.000000000,2.041047920,1.250668593,1.201134658,0.000000000,2.232419289,1.332076362,1.202346481,1,0,0,0.000000000,0.101256002,-0.189746283,0.625087208,1.197274317,-0.051227743,-0.142713347,7.083944434,12.262398109,-6.477407349,-130.892881986,-0.022602702,142.887622035,44.935842126,-0.000833207,-0.000520254,0.000021427,-0.000087709,-0.000204283,0.000288120,0.000402761,0.000000000,0.000000000,0.000000000,0.000000000,0.000000000,0.000000000,0.000000000,-0.000479702,-0.000011565,0.000474772,0.000000012,-0.000168300,-0.000000038,0.000118786,0.000000000,0.000000000,0.000000000,0.000000000,0.000000000,0.000000000,0.000000000,0.267971446,0.032222632,-0.418370461,0.320645383,0.947462604,0.434733672,0.073153366
15.501000000,0,15.501000000,sample,0.214006934,0.000000047,0.000000000,0.000000000,0.000000000,0.000000000,0.000000000,0,0,2.000000000,0.080000000,0.000000000,0.000000000,0.000012897,0.000000000,0.001548373,0.000000000,0.000000000,0.000000000,0.001420821,0.009077002,4,63.419850970,0,0.000000000,0.660490470,1.206824083,0.662983981,1.206912687,0.622604931,0.065242647,1.339935082,1.053445698,1.374649912,0.000000000,1.374650193,2.000000000,0.000000000,0.000000000,0.000000000,1.000000000,2.081299181,1.274297426,1.195801199,0.000000000,2.081299181,1.274297426,1.200294920,1,0,0,0.000000000,0.100879909,-0.191300285,0.624079407,1.197223386,-0.051100861,-0.143070728,7.084100924,12.262288866,-6.477407343,-130.892887234,-0.022541558,142.887647346,44.935591503,-0.000216858,-0.000172029,0.000031803,-0.001131493,0.000096253,-0.000032989,-0.000806517,0.000000000,0.000000000,0.000000000,0.000000000,0.000000000,0.000000000,0.000000000,-0.000008766,-0.000000211,0.000008676,0.000000000,-0.000003075,-0.000000001,0.000002171,0.000000000,0.000000000,0.000000000,0.000000000,0.000000000,0.000000000,0.000000000,0.259226644,0.052978937,-0.415712824,0.308861386,0.948405499,0.432441995,0.072413463
15.551000000,0,15.551000000,sample,0.214006730,-0.000004091,0.000000000,0.000000000,0.000000000,0.000000000,0.000000000,0,0,2.000000000,0.080000000,0.000000000,0.000000000,0.001081891,0.000000000,0.001149774,0.000000000,0.000000000,0.000000000,0.001504631,0.719040653,1,51.716145162,0,0.000000000,0.658790413,1.206820329,0.664739628,1.206951044,0.698808982,0.076298728,1.286359005,1.050302582,1.302462455,0.000000000,1.302463208,2.000000000,0.000000000,0.000000000,0.000000000,1.000000000,2.088294582,1.271982970,1.196942358,0.000000000,2.101948700,1.281870328,1.198179136,1,0,0,0.000000000,0.100359450,-0.187588077,0.623492985,1.197280367,-0.051102799,-0.142560632,7.083805149,12.262290370,-6.477503052,-130.892775555,-0.022601948,142.887534696,44.935760528,-0.001082039,-0.000506048,0.000484585,0.000716474,0.000083608,-0.000213503,0.000190495,0.000000000,0.000000000,0.000000000,0.000000000,0.000000000,0.000000000,0.000000000,-0.000735361,-0.000017728,0.000727805,0.000000019,-0.000257994,-0.000000058,0.000182091,0.000000000,0.000000000,0.000000000,0.000000000,0.000000000,0.000000000,0.000000000,0.270279342,0.049632008,-0.405147644,0.316215525,0.948802788,0.433152284,0.071918322
15.601000000,0,15.601000000,sample,0.214006934,0.000004078,0.000000000,0.000000000,0.000000000,0.000000000,0.000000000,0,0,2.000000000,0.080000000,0.000000000,0.000000000,0.001103206,0.000000000,0.001318967,0.000000000,0.000000000,0.000000000,0.001967617,0.560681377,7,51.089702161,0,0.000000000,0.660455889,1.206823368,0.664525491,1.206913092,0.326293472,0.081607026,1.306710377,1.050442101,1.323714782,0.000000000,1.323714258,2.000000000,0.000000000,0.000000000,0.000000000,1.000000000,2.160798586,1.296806408,1.194237156,0.000000000,2.276207792,1.336427060,1.198354248,1,0,0,0.000000000,0.101277024,-0.190444797,0.624240118,1.197249718,-0.051210225,-0.142804999,7.084014017,12.262288921,-6.477407343,-130.892885661,-0.022582240,142.887534609,44.935801327,-0.000622225,-0.000955269,0.000600211,-0.000415945,-0.000101244,-0.000224397,0.001406395,0.000000000,0.000000000,0.000000000,0.000000000,0.000000000,0.000000000,0.000000000,-0.000749849,-0.000018077,0.000742144,0.000000019,-0.000263077,-0.000000059,0.000185679,0.000000000,0.000000000,0.000000000,0.000000000,0.000000000,0.000000000,0.000000000,0.263220063,0.084071500,-0.409686260,0.300863855,0.948750572,0.430734358,0.076340952
15.651000000,0,15.651000000,sample,0.214006792,-0.000002830,0.000000000,0.000000000,0.000000000,0.000000000,0.000000000,0,0,2.000000000,0.080000000,0.000000000,0.000000000,0.000818759,0.000000000,0.003903920,0.000000000,0.000000000,0.000000000,0.001707900,0.479394986,2,49.406414841,0,0.000000000,0.661327222,1.206764616,0.665230281,1.206917572,0.577339618,0.033340499,1.335899053,1.055319606,1.355935877,0.000000000,1.355935115,2.000000000,0.000000000,0.000000000,0.000000000,1.000000000,2.077984248,1.278031440,1.193529573,0.000000000,2.149574915,1.291487931,1.206979169,1,0,0,0.000000000,0.100494586,-0.191204180,0.625056393,1.197168130,-0.051218382,-0.142989459,7.084081095,12.262496241,-6.477407343,-130.892732531,-0.022409454,142.887581236,44.935550704,-0.000946623,0.001200477,0.000251431,0.000552369,-0.000315097,0.000162378,-0.000292742,0.000000000,0.000000000,0.000000000,0.000000000,0.000000000,0.000000000,0.000000000,-0.000556509,-0.000013417,0.000550791,0.000000014,-0.000195249,-0.000000044,0.000137806,0.000000000,0.000000000,0.000000000,0.000000000,0.000000000,0.000000000,0.000000000,0.243468502,0.050309668,-0.415344904,0.311422431,0.949095482,0.431828941,0.077143241
15.701000000,0,15.701000000,sample,0.214006723,-0.000001377,0.000000000,0.000000000,0.000000000,0.000000000,0.000000000,0,0,2.000000000,0.080000000,0.000000000,0.000000000,0.002117384,0.000000000,0.004393892,0.000000000,0.000000000,0.000000000,0.004051626,0.522600980,3,88.296398350,0,0.000000000,0.659190320,1.206687903,0.662685359,1.206869205,2.272175094,0.304222230,1.285031683,1.055727859,1.297827131,0.000000000,1.297827031,2.000000000,0.000000000,0.000000000,0.000000000,1.000000000,2.114987996,1.263707257,1.195971501,0.000000000,2.248331676,1.336319412,1.211441152,1,0,0,0.000000000,0.100070067,-0.189716819,0.623318047,1.197154944,-0.051035931,-0.142516910,7.084025325,12.262290425,-6.477516617,-130.892759680,-0.022389329,142.887581338,44.935842126,-0.000276164,-0.000171528,-0.003807157,-0.000054767,-0.000120403,-0.000136568,0.001333937,0.000000000,0.000000000,0.000000000,0.000000000,0.000000000,0.000000000,0.000000000,0.001439185,0.000034696,-0.001424397,-0.000000037,0.000504924,0.000000113,-0.000356373,0.000000000,0.000000000,0.000000000,0.000000000,0.000000000,0.000000000,0.000000000,0.291648367,0.057238720,-0.386845380,0.316301285,0.948117621,0.433181648,0.075786375
15.751000000,0,15.751000000,sample,0.214006723,-0.000000003,0.000000000,0.000000000,0.000000000,0.000000000,0.000000000,0,0,2.000000000,0.080000000,0.000000000,0.000000000,0.001280498,0.000000000,0.005679721,0.000000000,0.000000000,0.000000000,0.002272993,0.563353301,1,84.310738036,0,0.000000000,0.660359908,1.206674090,0.663143889,1.206844875,1.318879542,0.133256137,1.276715654,1.049854769,1.288480594,0.000000000,1.288480537,2.000000000,0.000000000,0.000000000,0.000000000,1.000000000,2.143940244,1.255239609,1.196144829,0.000000000,2.307303335,1.342932885,1.209734953,1,0,0,0.000000000,0.100151615,-0.191451309,0.624012227,1.197101434,-0.051103775,-0.142824786,7.084190362,12.262384575,-6.477503052,-130.892733056,-0.022287271,142.887581324,44.935632302,-0.002087082,-0.000569066,-0.000096018,0.000586323,0.000121251,0.000128277,-0.000320310,0.000000000,0.000000000,0.000000000,0.000000000,0.000000000,0.000000000,0.000000000,-0.000870353,-0.000020983,0.000861410,0.000000022,-0.000305357,-0.000000068,0.000215520,0.000000000,0.000000000,0.000000000,0.000000000,0.000000000,0.000000000,0.000000000,0.328794882,0.065882188,-0.360565547,0.315012420,0.947053064,0.431972795,0.074602775
15.801000000,0,15.801000000,sample,0.214006642,-0.000001629,0.000000000,0.000000000,0.000000000,0.000000000,0.000000000,0,0,2.000000000,0.080000000,0.000000000,0.000000000,0.000550441,0.000000000,0.004174133,0.000000000,0.000000000,0.000000000,0.001812833,0.303635679,7,61.128789793,0,0.000000000,0.657902492,1.206678059,0.663790692,1.206875130,0.640649424,0.095196674,1.288105673,1.053491167,1.301374847,0.000000000,1.301375508,2.000000000,0.000000000,0.000000000,0.000000000,1.000000000,2.076705589,1.284184502,1.192851695,0.000000000,2.133354781,1.284184502,1.200045617,1,0,0,0.000000000,0.099291588,-0.190105459,0.621962044,1.197122631,-0.050908291,-0.142750454,7.084039643,12.262193157,-6.477498530,-130.892679865,-0.022363273,142.887535746,44.935619188,-0.000325149,-0.000295450,-0.000038668,0.000871157,-0.000469775,-0.000321464,0.001417362,0.000000000,0.000000000,0.000000000,0.000000000,0.000000000,0.000000000,0.000000000,-0.000374135,-0.000009020,0.000370291,0.000000010,-0.000131260,-0.000000029,0.000092643,0.000000000,0.000000000,0.000000000,0.000000000,0.000000000,0.000000000,0.000000000,0.239025853,0.054544715,-0.423299054,0.305402289,0.948426139,0.430575569,0.073665267
15.851000000,0,15.851000000,sample,0.214006679,0.000000751,0.000000000,0.000000000,0.000000000,0.000000000,0.000000000,0,0,2.000000000,0.080000000,0.000000000,0.000000000,0.004892551,0.000000000,0.005051250,0.000000000,0.000000000,0.000000000,0.007381603,0.662803277,1,96.072116346,0,0.000000000,0.660918247,1.206686838,0.663069337,1.206793842,3.856020339,0.383185226,1.380703160,1.060661904,1.417832931,0.000000000,1.417817001,2.000000000,0.000000000,0.000000000,0.000000000,1.000000000,2.121181727,1.288793742,1.196784667,0.000000000,2.127686999,1.288793742,1.209831011,1,0,0,0.000000000,0.100435688,-0.189557756,0.625134753,1.197152759,-0.051149417,-0.142485555,7.084121034,12.262496235,-6.477625142,-130.892775050,-0.022307839,142.887685055,44.935801326,0.007235181,0.000583230,-0.000032071,0.001208901,0.000094782,-0.000330050,0.000468705,0.000000000,0.000000000,0.000000000,0.000000000,0.000000000,0.000000000,0.000000000,0.003325461,0.000080174,-0.003291289,-0.000000085,0.001166727,0.000000260,-0.000823471,0.000000000,0.000000000,0.000000000,0.000000000,0.000000000,0.000000000,0.000000000,0.251069094,0.065606649,-0.418948449,0.308853840,0.948875531,0.433565829,0.075505074
15.901000000,0,15.901000000,sample,0.214006971,0.000005840,0.000000000,0.000000000,0.000000000,0.000000000,0.000000000,0,0,2.000000000,0.080000000,0.000000000,0.000000000,0.000314756,0.000000000,0.003773116,0.000000000,0.000000000,0.000000000,0.001443859,0.217996535,2,69.819415446,0,0.000000000,0.662116899,1.206633605,0.663731485,1.206842260,0.932481523,0.092441519,1.364364678,1.052487034,1.386344804,0.000000000,1.386345016,2.000000000,0.000000000,0.000000000,0.000000000,1.000000000,2.103677608,1.266946789,1.192596192,0.000000000,2.134047687,1.326772867,1.219163504,1,0,0,0.000000000,0.101490044,-0.190521987,0.625939239,1.197075146,-0.051316284,-0.142626750,7.083994420,12.262496235,-6.477407349,-130.892873066,-0.022252272,142.887622123,44.935699815,-0.000435702,0.001206460,0.000178856,-0.000517617,0.000323540,0.000184258,-0.000028317,0.000000000,0.000000000,0.000000000,0.000000000,0.000000000,0.000000000,0.000000000,-0.000213940,-0.000005158,0.000211741,0.000000005,-0.000075060,-0.000000017,0.000052977,0.000000000,0.000000000,0.000000000,0.000000000,0.000000000,0.000000000,0.000000000,0.281057427,0.056920898,-0.387718474,0.310980904,0.948539266,0.433076167,0.075736181
15.951000000,0,15.951000000,sample,0.214006881,-0.000001796,0.000000000,0.000000000,0.000000000,0.000000000,0.000000000,0,0,2.000000000,0.080000000,0.000000000,0.000000000,0.000442936,0.000000000,0.005337853,0.000000000,0.000000000,0.000000000,0.000721856,0.613607809,6,44.264556332,0,0.000000000,0.661639234,1.206660437,0.663792835,1.206785476,0.162107981,0.007086527,1.331382679,1.053264995,1.349722935,0.000000000,1.349722995,2.000000000,0.000000000,0.000000000,0.000000000,1.000000000,2.052928065,1.276989016,1.200490034,0.000000000,2.102242782,1.295771947,1.204324429,1,0,0,0.000000000,0.101396204,-0.189099397,0.625880742,1.197119086,-0.051293635,-0.142493042,7.083958998,12.262496235,-6.477516617,-130.892873068,-0.022287494,142.887643285,44.935719729,0.000350200,0.000252325,-0.000249109,-0.000170723,0.000094130,0.000480262,-0.000063669,0.000000000,0.000000000,0.000000000,0.000000000,0.000000000,0.000000000,0.000000000,0.000301063,0.000007258,-0.000297970,-0.000000008,0.000105627,0.000000024,-0.000074551,0.000000000,0.000000000,0.000000000,0.000000000,0.000000000,0.000000000,0.000000000,0.229327332,0.039900169,-0.436762723,0.315141276,0.949921492,0.434517869,0.075900946
16.001000000,0,16.001000000,sample,0.214006854,-0.000000547,0.000000000,0.000000000,0.000000000,0.000000000,0.000000000,0,0,2.000000000,0.080000000,0.000000000,0.000000000,0.000033287,0.000000000,0.001497994,0.000000000,0.000000000,0.000000000,0.000900350,0.036971223,4,42.992289902,0,0.000000000,0.660673488,1.206620367,0.663413321,1.206769049,0.319987938,0.036366947,1.323529293,1.052176981,1.344964710,0.000000000,1.344964433,2.000000000,0.000000000,0.000000000,0.000000000,1.000000000,2.135519092,1.278486243,1.195846611,0.000000000,2.137702584,1.282678942,1.208806045,1,0,0,0.000000000,0.100703907,-0.190614965,0.624511101,1.197062967,-0.051206091,-0.142656579,7.083998386,12.262398109,-6.477407343,-130.892775568,-0.022252272,142.887537758,44.935673101,0.000120230,0.000373947,0.000344690,0.000590346,0.000232766,-0.000164505,-0.000328294,0.000000000,0.000000000,0.000000000,0.000000000,0.000000000,0.000000000,0.000000000,-0.000022625,-0.000000545,0.000022393,0.000000001,-0.000007938,-0.000000002,0.000005603,0.000000000,0.000000000,0.000000000,0.000000000,0.000000000,0.000000000,0.000000000,0.275713305,0.066768145,-0.396770776,0.311191674,0.948474726,0.435806391,0.075990019
16.051000000,0,16.051000000,sample,0.214006811,-0.000000867,0.000000000,0.000000000,0.000000000,0.000000000,0.000000000,0,0,2.000000000,0.080000000,0.000000000,0.000000000,0.000157804,0.000000000,0.001766383,0.000000000,0.000000000,0.000000000,0.001731643,0.091129450,3,29.670875772,0,0.000000000,0.659691122,1.206645738,0.663435867,1.206738951,1.013656145,0.091920066,1.286674119,1.051650690,1.314121272,0.000000000,1.314120300,2.000000000,0.000000000,0.000000000,0.000000000,1.000000000,2.111744671,1.274964866,1.195965589,0.000000000,2.146123397,1.284667128,1.198038006,1,0,0,0.000000000,0.101515038,-0.187424884,0.624306804,1.197116359,-0.051283159,-0.142395221,7.083874659,12.262288866,-6.477614712,-130.892884961,-0.022287243,142.887460356,44.935632302,-0.000790025,-0.000868138,-0.000943243,0.000061093,0.000140419,-0.000805101,-0.000243804,0.000000000,0.000000000,0.000000000,0.000000000,0.000000000,0.000000000,0.000000000,0.000107259,0.000002586,-0.000106157,-0.000000003,0.000037631,0.000000008,-0.000026560,0.000000000,0.000000000,0.000000000,0.000000000,0.000000000,0.000000000,0.000000000,0.265739520,0.057459447,-0.406089841,0.315498777,0.947200817,0.434834188,0.075471938
16.101000000,0,16.101000000,sample,0.214006825,0.000000293,0.000000000,0.000000000,0.000000000,0.000000000,0.000000000,0,0,2.000000000,0.080000000,0.000000000,0.000000000,0.000570003,0.000000000,0.002385942,0.000000000,0.000000000,0.000000000,0.002014974,0.282883812,2,33.076308900,0,0.000000000,0.660067427,1.206541010,0.664789038,1.206762512,1.156869545,0.185265183,1.359471870,1.050494462,1.379617791,0.000000000,1.379618371,2.000000000,0.000000000,0.000000000,0.000000000,1.000000000,1.925963748,1.213368839,1.209438008,0.000000000,2.116991286,1.285588508,1.209438008,1,0,0,0.000000000,0.101563669,-0.186256295,0.625045936,1.197060694,-0.051314109,-0.141963956,7.083739947,12.262380063,-6.477614712,-130.892881988,-0.022176503,142.887515062,44.935842126,-0.000076180,0.001158852,-0.000846883,-0.000635826,0.000790308,-0.000336314,0.000923146,0.000000000,0.000000000,0.000000000,0.000000000,0.000000000,0.000000000,0.000000000,0.000387431,0.000009341,-0.000383450,-0.000000010,0.000135927,0.000000030,-0.000095937,0.000000000,0.000000000,0.000000000,0.000000000,0.000000000,0.000000000,0.000000000,0.265701149,-0.031219774,-0.406500507,0.357174932,0.948599707,0.439364463,0.073955332
16.151000000,0,16.151000000,sample,0.214006808,-0.000000343,0.000000000,0.000000000,0.000000000,0.000000000,0.000000000,0,0,2.000000000,0.080000000,0.000000000,0.000000000,0.000257375,0.000000000,0.004567508,0.000000000,0.000000000,0.000000000,0.001444942,0.178121509,1,55.366660901,0,0.000000000,0.660254010,1.206616695,0.662691923,1.206734225,1.002031121,0.079314163,1.347528538,1.052726399,1.372586289,0.000000000,1.372586414,2.000000000,0.000000000,0.000000000,0.000000000,1.000000000,2.064330156,1.258394723,1.198316271,0.000000000,2.417306728,1.400115879,1.209311846,1,0,0,0.000000000,0.100220908,-0.190613680,0.624145458,1.197073169,-0.051090682,-0.142581268,7.084025371,12.262384575,-6.477433724,-130.892759710,-0.022264383,142.887622035,44.935760528,0.001075164,0.000022999,0.000670344,-0.000578645,0.000131980,0.000159814,0.000322801,0.000000000,0.000000000,0.000000000,0.000000000,0.000000000,0.000000000,0.000000000,0.000174938,0.000004217,-0.000173140,-0.000000004,0.000061376,0.000000014,-0.000043319,0.000000000,0.000000000,0.000000000,0.000000000,0.000000000,0.000000000,0.000000000,0.275565692,0.036648603,-0.400563130,0.324337741,0.948878130,0.432678160,0.073867638
16.201000000,0,16.201000000,sample,0.214006925,0.000002330,0.000000000,0.000000000,0.000000000,0.000000000,0.000000000,0,0,2.000000000,0.080000000,0.000000000,0.000000000,0.001079647,0.000000000,0.001623182,0.000000000,0.000000000,0.000000000,0.002534274,0.426018486,7,58.065026775,0,0.000000000,0.660611936,1.206562492,0.664469508,1.206756622,0.993962332,0.153243022,1.285726519,1.046304684,1.282693560,0.000000000,1.282694081,2.000000000,0.000000000,0.000000000,0.000000000,1.000000000,2.238140971,1.330212840,1.189204804,0.000000000,2.268869678,1.342391327,1.200394501,1,0,0,0.000000000,0.100311702,-0.190371244,0.624583446,1.197039450,-0.051101902,-0.142401533,7.083870768,12.262425171,-6.477311634,-130.892775574,-0.022242966,142.887668663,44.935888753,-0.000350491,-0.001144557,0.000880596,0.000443949,0.000397295,0.000360630,0.001931127,0.000000000,0.000000000,0.000000000,0.000000000,0.000000000,0.000000000,0.000000000,-0.000733835,-0.000017691,0.000726295,0.000000019,-0.000257462,-0.000000057,0.000181716,0.000000000,0.000000000,0.000000000,0.000000000,0.000000000,0.000000000,0.000000000,0.268210542,0.121636891,-0.397696412,0.280960648,0.949815977,0.427492537,0.073986866
16.251000000,0,16.251000000,sample,0.214006609,-0.000006323,0.000000000,0.000000000,0.000000000,0.000000000,0.000000000,0,0,2.000000000,0.080000000,0.000000000,0.000000000,0.001405982,0.000000000,0.001422382,0.000000000,0.000000000,0.000000000,0.002135887,0.658266336,3,57.494336432,0,0.000000000,0.658974269,1.206669378,0.662721276,1.206754866,0.966313485,0.064000405,1.289117496,1.053901541,1.307983662,0.000000000,1.307984545,2.000000000,0.000000000,0.000000000,0.000000000,1.000000000,2.051555189,1.264878991,1.197166550,0.000000000,2.270989574,1.343454729,1.207163178,1,0,0,0.000000000,0.100224680,-0.186104665,0.624153150,1.197144160,-0.051086361,-0.142432550,7.083831562,12.262384575,-6.477710421,-130.892775568,-0.022287215,142.887644072,44.935463278,0.000120929,0.000066355,-0.001619536,0.000794887,0.000206435,0.000225075,-0.001093146,0.000000000,0.000000000,0.000000000,0.000000000,0.000000000,0.000000000,0.000000000,0.000955645,0.000023040,-0.000945825,-0.000000024,0.000335282,0.000000075,-0.000236640,0.000000000,0.000000000,0.000000000,0.000000000,0.000000000,0.000000000,0.000000000,0.257021971,0.033376764,-0.406977462,0.322349103,0.949989908,0.434123345,0.074497938
16.301000000,0,16.301000000,sample,0.214006751,0.000002840,0.000000000,0.000000000,0.000000000,0.000000000,0.000000000,0,0,2.000000000,0.080000000,0.000000000,0.000000000,0.000362483,0.000000000,0.004237561,0.000000000,0.000000000,0.000000000,0.000932334,0.388790845,7,39.135167176,0,0.000000000,0.659772697,1.206591024,0.663729069,1.206702336,0.362902407,0.037382145,1.337424112,1.051941262,1.354140642,0.000000000,1.354140545,2.000000000,0.000000000,0.000000000,0.000000000,1.000000000,2.068139015,1.236280550,1.201040269,0.000000000,2.068139015,1.287686464,1.210267520,1,0,0,0.000000000,0.099968826,-0.186498711,0.624919576,1.197108679,-0.051049493,-0.142079759,7.083663579,12.262496235,-6.477507630,-130.892759213,-0.022277945,142.887775115,44.935842126,-0.000100987,0.000578693,0.000358504,-0.000062712,0.000150976,0.000169498,0.000583251,0.000000000,0.000000000,0.000000000,0.000000000,0.000000000,0.000000000,0.000000000,-0.000246379,-0.000005940,0.000243847,0.000000006,-0.000086441,-0.000000019,0.000061010,0.000000000,0.000000000,0.000000000,0.000000000,0.000000000,0.000000000,0.000000000,0.308230059,0.041704396,-0.386924090,0.317119164,0.950073948,0.432218211,0.077619558
16.351000000,0,16.351000000,sample,0.214007123,0.000007450,0.000000000,0.000000000,0.000000000,0.000000000,0.000000000,0,0,2.000000000,0.080000000,0.000000000,0.000000000,0.000436795,0.000000000,0.004335453,0.000000000,0.000000000,0.000000000,0.001171349,0.372899223,3,40.302881831,0,0.000000000,0.663220827,1.206483032,0.663809535,1.206735534,0.586064764,0.050837940,1.327482528,1.052082283,1.342536730,0.000000000,1.342536703,2.000000000,0.000000000,0.000000000,0.000000000,1.000000000,2.078922276,1.284967086,1.198585937,0.000000000,2.095535319,1.284967086,1.201073818,1,0,0,0.000000000,0.102266417,-0.191769525,0.626600267,1.196914578,-0.051396364,-0.142671700,7.084103106,12.262494731,-6.477407343,-130.892978201,-0.021984495,142.887645646,44.935548456,-0.000286430,0.000236960,-0.000743625,-0.000303259,0.000285675,0.000619392,-0.000351659,0.000000000,0.000000000,0.000000000,0.000000000,0.000000000,0.000000000,0.000000000,0.000296889,0.000007158,-0.000293838,-0.000000007,0.000104162,0.000000023,-0.000073517,0.000000000,0.000000000,0.000000000,0.000000000,0.000000000,0.000000000,0.000000000,0.238080992,0.041731373,-0.420333566,0.323750417,0.949911836,0.434553360,0.074299556
16.401000000,0,16.401000000,sample,0.214006724,-0.000007976,0.000000000,0.000000000,0.000000000,0.000000000,0.000000000,0,0,2.000000000,0.080000000,0.000000000,0.000000000,0.000219340,0.000000000,0.005198917,0.000000000,0.000000000,0.000000000,0.001740210,0.126042206,7,58.142962434,0,0.000000000,0.659508425,1.206445919,0.664268551,1.206683767,0.807278919,0.128260176,1.284311460,1.052693478,1.296217860,0.000000000,1.296218134,2.000000000,0.000000000,0.000000000,0.000000000,1.000000000,2.049516626,1.239314238,1.197636803,0.000000000,2.101896593,1.301611235,1.198589962,1,0,0,0.000000000,0.101024247,-0.182710736,0.625589523,1.197018948,-0.051328295,-0.141501946,7.083349883,12.262519914,-6.477614711,-130.892775555,-0.022081518,142.887536999,44.935841376,-0.000390683,-0.000635448,-0.000538434,0.000530062,-0.000344856,-0.000146084,0.001326937,0.000000000,0.000000000,0.000000000,0.000000000,0.000000000,0.000000000,0.000000000,-0.000149085,-0.000003594,0.000147553,0.000000004,-0.000052306,-0.000000012,0.000036917,0.000000000,0.000000000,0.000000000,0.000000000,0.000000000,0.000000000,0.000000000,0.291727475,0.034067268,-0.389292037,0.318523902,0.948681756,0.435096348,0.075873195
16.451000000,0,16.451000000,sample,0.214006895,0.000003425,0.000000000,0.000000000,0.000000000,0.000000000,0.000000000,0,0,2.000000000,0.080000000,0.000000000,0.000000000,0.000106540,0.000000000,0.001517086,0.000000000,0.000000000,0.000000000,0.001107716,0.096179768,2,62.982397123,0,0.000000000,0.658816651,1.206552919,0.661677789,1.206634886,0.802605490,0.087233440,1.354178061,1.052562575,1.380442942,0.000000000,1.380443297,2.000000000,0.000000000,0.000000000,0.000000000,1.000000000,2.074178037,1.241219249,1.206748076,0.000000000,2.204717576,1.291726832,1.208266132,1,0,0,0.000000000,0.101019983,-0.185033867,0.624176907,1.197077664,-0.051151349,-0.141980814,7.083496270,12.262293860,-6.477503052,-130.892887235,-0.022263520,142.887603273,44.935760528,-0.000025161,0.000879100,0.000185763,-0.000530518,0.000262573,-0.000088866,0.000246550,0.000000000,0.000000000,0.000000000,0.000000000,0.000000000,0.000000000,0.000000000,-0.000072415,-0.000001746,0.000071671,0.000000002,-0.000025406,-0.000000006,0.000017932,0.000000000,0.000000000,0.000000000,0.000000000,0.000000000,0.000000000,0.000000000,0.303809450,0.043018644,-0.404957666,0.319730357,0.949941216,0.433359318,0.075387726
16.501000000,0,16.501000000,sample,0.214006907,0.000000232,0.000000000,0.000000000,0.000000000,0.000000000,0.000000000,0,0,2.000000000,0.080000000,0.000000000,0.000000000,0.002701300,0.000000000,0.005458082,0.000000000,0.000000000,0.000000000,0.003078496,0.877473949,3,36.670265073,0,0.000000000,0.663153668,1.206552721,0.665286325,1.206682939,0.636987257,0.092842674,1.349041447,1.056102337,1.385183810,0.000000000,1.385185316,2.000000000,0.000000000,0.000000000,0.000000000,1.000000000,2.072701424,1.277447534,1.193782754,0.000000000,2.108214826,1.281269234,1.221149501,1,0,0,0.000000000,0.102062612,-0.188373987,0.627591628,1.197002207,-0.051544375,-0.142472322,7.083849972,12.262687653,-6.477503052,-130.892844734,-0.022059006,142.887558229,44.935463278,0.001553916,0.000553495,-0.001864213,-0.000518751,0.000417695,-0.000152540,-0.001677496,0.000000000,0.000000000,0.000000000,0.000000000,0.000000000,0.000000000,0.000000000,0.001836068,0.000044266,-0.001817200,-0.000000046,0.000644187,0.000000142,-0.000454665,0.000000000,0.000000000,0.000000000,0.000000000,0.000000000,0.000000000,0.000000000,0.252628677,0.043853607,-0.402902428,0.316090212,0.950580026,0.433659230,0.073937627
16.551000000,0,16.551000000,sample,0.214006745,-0.000003246,0.000000000,0.000000000,0.000000000,0.000000000,0.000000000,0,0,2.000000000,0.080000000,0.000000000,0.000000000,0.000232571,0.000000000,0.002220361,0.000000000,0.000000000,0.000000000,0.000843351,0.275770302,4,63.591609591,0,0.000000000,0.657465897,1.206366075,0.663602176,1.206676145,0.561981119,0.065861986,1.296926296,1.050827852,1.311293537,0.000000000,1.311293813,2.000000000,0.000000000,0.000000000,0.000000000,1.000000000,2.049647561,1.254801643,1.199776222,0.000000000,2.294996498,1.371670396,1.199776222,1,0,0,0.000000000,0.099676546,-0.184669210,0.623075657,1.196923982,-0.050973872,-0.141752431,7.083425305,12.262288866,-6.477503052,-130.892733075,-0.022012586,142.887622046,44.935719729,0.000217118,-0.000146696,-0.000003659,0.000672525,0.000297296,0.000308115,-0.000083415,0.000000000,0.000000000,0.000000000,0.000000000,0.000000000,0.000000000,0.000000000,0.000158078,0.000003811,-0.000156454,-0.000000004,0.000055460,0.000000012,-0.000039144,0.000000000,0.000000000,0.000000000,0.000000000,0.000000000,0.000000000,0.000000000,0.272781972,0.034909101,-0.405423786,0.319553632,0.950865625,0.433094594,0.075066644
16.601000000,0,16.601000000,sample,0.214006884,0.000002779,0.000000000,0.000000000,0.000000000,0.000000000,0.000000000,0,0,2.000000000,0.080000000,0.000000000,0.000000000,0.001990773,0.000000000,0.004914315,0.000000000,0.000000000,0.000000000,0.003607148,0.551896674,3,64.629931282,0,0.000000000,0.661250692,1.206447843,0.662869576,1.206501680,1.400781376,0.237151142,1.306372029,1.055031798,1.313016464,0.000000000,1.313017877,2.000000000,0.000000000,0.000000000,0.000000000,1.000000000,2.104210872,1.242962317,1.204411346,0.000000000,2.132375263,1.268247756,1.208799725,1,0,0,0.000000000,0.101277622,-0.186404788,0.626297514,1.196970041,-0.051401082,-0.141905059,7.083545250,12.262591944,-6.477420908,-130.892775399,-0.022053385,142.887536999,44.935801327,0.000446857,0.000806753,-0.002899885,0.000898759,0.000027680,-0.000324464,0.001684589,0.000000000,0.000000000,0.000000000,0.000000000,0.000000000,0.000000000,0.000000000,0.001353125,0.000032622,-0.001339221,-0.000000034,0.000474742,0.000000105,-0.000335071,0.000000000,0.000000000,0.000000000,0.000000000,0.000000000,0.000000000,0.000000000,0.324169015,0.046502024,-0.373969320,0.324842799,0.950599003,0.434281951,0.075786074
16.651000000,0,16.651000000,sample,0.214006639,-0.000004888,0.000000000,0.000000000,0.000000000,0.000000000,0.000000000,0,0,2.000000000,0.080000000,0.000000000,0.000000000,0.001168904,0.000000000,0.002382165,0.000000000,0.000000000,0.000000000,0.001668211,0.700693144,1,38.922267325,0,0.000000000,0.657547481,1.206363782,0.665680037,1.206649116,0.749491552,0.105182157,1.285424968,1.048870936,1.290998314,0.000000000,1.290999357,2.000000000,0.000000000,0.000000000,0.000000000,1.000000000,2.039888113,1.270156991,1.193308400,0.000000000,2.124343493,1.277591161,1.203298589,1,0,0,0.000000000,0.097944588,-0.188097139,0.622410647,1.196892171,-0.050782820,-0.142069733,7.083591414,12.262384742,-6.477311634,-130.892509861,-0.022012586,142.887685794,44.935760528,-0.001040758,-0.000236512,0.000636528,0.000921115,0.000224098,0.000312375,0.000492333,0.000000000,0.000000000,0.000000000,0.000000000,0.000000000,0.000000000,0.000000000,-0.000794503,-0.000019154,0.000786339,0.000000020,-0.000278746,-0.000000061,0.000196738,0.000000000,0.000000000,0.000000000,0.000000000,0.000000000,0.000000000,0.000000000,0.240669905,0.034689621,-0.408813784,0.315014528,0.951669164,0.432216185,0.077534985
16.701000000,0,16.701000000,sample,0.214006916,0.000005529,0.000000000,0.000000000,0.000000000,0.000000000,0.000000000,0,0,2.000000000,0.080000000,0.000000000,0.000000000,0.000230042,0.000000000,0.005898259,0.000000000,0.000000000,0.000000000,0.001766633,0.130215194,2,41.224731263,0,0.000000000,0.659776439,1.206396982,0.661913053,1.206468085,1.099489927,0.128950148,1.368853579,1.054322263,1.396012969,0.000000000,1.396013791,2.000000000,0.000000000,0.000000000,0.000000000,1.000000000,2.031069581,1.268560544,1.209148183,0.000000000,2.255886235,1.344171309,1.209148183,1,0,0,0.000000000,0.102279167,-0.179935092,0.626472093,1.197000943,-0.051472087,-0.141184439,7.083051312,12.262496235,-6.477614713,-130.892939745,-0.022053385,142.887536970,44.935835380,0.000067917,0.001134293,0.000135880,-0.000773242,-0.000092237,-0.000208339,0.001077719,0.000000000,0.000000000,0.000000000,0.000000000,0.000000000,0.000000000,0.000000000,-0.000156360,-0.000003770,0.000154753,0.000000004,-0.000054858,-0.000000012,0.000038719,0.000000000,0.000000000,0.000000000,0.000000000,0.000000000,0.000000000,0.000000000,0.238556984,0.022303206,-0.441319264,0.332365629,0.951797676,0.433580497,0.074107983
16.751000000,0,16.751000000,sample,0.214006980,0.000001290,0.000000000,0.000000000,0.000000000,0.000000000,0.000000000,0,0,2.000000000,0.080000000,0.000000000,0.000000000,0.000443246,0.000000000,0.003346894,0.000000000,0.000000000,0.000000000,0.002192200,0.202192348,2,81.617058295,0,0.000000000,0.657759417,1.206385587,0.662191004,1.206503171,0.827700897,0.083332518,1.275398641,1.051296464,1.298883997,0.000000000,1.298881670,2.000000000,0.000000000,0.000000000,0.000000000,1.000000000,2.171645165,1.292519887,1.196941340,0.000000000,2.249873186,1.322976826,1.213877251,1,0,0,0.000000000,0.100648442,-0.184608558,0.623247159,1.196939612,-0.051035007,-0.141764521,7.083327154,12.262193156,-6.477407343,-130.892887235,-0.022088356,142.887622301,44.935760528,-0.000228323,-0.001980481,0.000111607,-0.000560066,-0.000306506,-0.000061161,0.000638348,0.000000000,0.000000000,0.000000000,0.000000000,0.000000000,0.000000000,0.000000000,-0.000301274,-0.000007263,0.000298179,0.000000008,-0.000105698,-0.000000023,0.000074602,0.000000000,0.000000000,0.000000000,0.000000000,0.000000000,0.000000000,0.000000000,0.287700785,0.091795896,-0.401294407,0.294519948,0.951208682,0.428080050,0.075104301
16.801000000,0,16.801000000,sample,0.214006938,-0.000000847,0.000000000,0.000000000,0.000000000,0.000000000,0.000000000,0,0,2.000000000,0.080000000,0.000000000,0.000000000,0.000102890,0.000000000,0.001630184,0.000000000,0.000000000,0.000000000,0.002531256,0.040647743,2,96.633937868,0,0.000000000,0.660841745,1.206427856,0.662101700,1.206488289,1.494030410,0.154438435,1.394118909,1.055707599,1.420297688,0.000000000,1.420295791,2.000000000,0.000000000,0.000000000,0.000000000,1.000000000,1.909027508,1.226771445,1.213019970,0.000000000,2.157636366,1.287480478,1.213019970,1,0,0,0.000000000,0.100389558,-0.189333831,0.625129146,1.196908493,-0.051160752,-0.142340460,7.083736668,12.262496235,-6.477311634,-130.892758157,-0.022012251,142.887667021,44.935632302,0.000141897,0.002488290,0.000316982,-0.000164104,0.000062801,-0.000048630,0.000248639,0.000000000,0.000000000,0.000000000,0.000000000,0.000000000,0.000000000,0.000000000,-0.000069934,-0.000001686,0.000069215,0.000000002,-0.000024536,-0.000000005,0.000017318,0.000000000,0.000000000,0.000000000,0.000000000,0.000000000,0.000000000,0.000000000,0.240739122,-0.040065614,-0.419515627,0.362539681,0.951855692,0.439147706,0.074488398
16.851000000,0,16.851000000,sample,0.214006886,-0.000001047,0.000000000,0.000000000,0.000000000,0.000000000,0.000000000,0,0,2.000000000,0.080000000,0.000000000,0.000000000,0.000955161,0.000000000,0.004091019,0.000000000,0.000000000,0.000000000,0.001616392,0.590921735,2,40.844592173,0,0.000000000,0.658190517,1.206208712,0.661728202,1.206454100,0.806593588,0.074838533,1.280638440,1.048671695,1.299661442,0.000000000,1.299662036,2.000000000,0.000000000,0.000000000,0.000000000,1.000000000,2.085459738,1.274378631,1.199228621,0.000000000,2.154807322,1.319949680,1.213423590,1,0,0,0.000000000,0.100516521,-0.182638911,0.624302983,1.196806787,-0.051187797,-0.141325087,7.083092096,12.262384575,-6.477407343,-130.892760883,-0.021829470,142.887534651,44.935760528,-0.000720287,-0.001033033,0.000730575,0.000556240,0.000228258,-0.000356045,0.000068865,0.000000000,0.000000000,0.000000000,0.000000000,0.000000000,0.000000000,0.000000000,-0.000649222,-0.000015652,0.000642551,0.000000016,-0.000227775,-0.000000050,0.000160763,0.000000000,0.000000000,0.000000000,0.000000000,0.000000000,0.000000000,0.000000000,0.267448305,0.050462610,-0.411787380,0.313832340,0.950462225,0.433015187,0.071652199
16.901000000,0,16.901000000,sample,0.214006976,0.000001813,0.000000000,0.000000000,0.000000000,0.000000000,0.000000000,0,0,2.000000000,0.080000000,0.000000000,0.000000000,0.000255462,0.000000000,0.001820936,0.000000000,0.000000000,0.000000000,0.000474072,0.538867313,1,67.743650961,0,0.000000000,0.658406401,1.206322178,0.660987853,1.206451135,0.229442620,0.010326264,1.320149321,1.052015851,1.341107838,0.000000000,1.341107816,2.000000000,0.000000000,0.000000000,0.000000000,1.000000000,2.120299689,1.280338867,1.203159264,0.000000000,2.120299689,1.280338867,1.205390740,1,0,0,0.000000000,0.100632267,-0.187149061,0.623175228,1.196857505,-0.051046623,-0.141913891,7.083586241,12.262193151,-6.477407324,-130.892868346,-0.021951299,142.887588582,44.935760528,0.000390192,-0.000008861,0.000023885,-0.000043504,0.000151896,0.000124893,0.000176867,0.000000000,0.000000000,0.000000000,0.000000000,0.000000000,0.000000000,0.000000000,0.000173638,0.000004186,-0.000171853,-0.000000004,0.000060919,0.000000013,-0.000042996,0.000000000,0.000000000,0.000000000,0.000000000,0.000000000,0.000000000,0.000000000,0.278238884,0.057714303,-0.406622005,0.318747439,0.951876455,0.434254548,0.072506645
16.951000000,0,16.951000000,sample,0.214006953,-0.000000468,0.000000000,0.000000000,0.000000000,0.000000000,0.000000000,0,0,2.000000000,0.080000000,0.000000000,0.000000000,0.000301246,0.000000000,0.001386921,0.000000000,0.000000000,0.000000000,0.001113404,0.270562623,2,51.960620676,0,0.000000000,0.662076779,1.206426818,0.664954418,1.206529060,0.566415007,0.090534781,1.341155296,1.051877289,1.360257416,0.000000000,1.360257189,2.000000000,0.000000000,0.000000000,0.000000000,1.000000000,2.070684513,1.273057779,1.195774448,0.000000000,2.135618749,1.291913668,1.202941466,1,0,0,0.000000000,0.101768685,-0.184668460,0.627603661,1.196973193,-0.051416679,-0.141693917,7.083444974,12.262685648,-6.477503052,-130.892887233,-0.022012555,142.887725854,44.935801327,-0.000531046,0.000802583,-0.000084302,0.000057991,0.000243631,-0.000281623,0.000405441,0.000000000,0.000000000,0.000000000,0.000000000,0.000000000,0.000000000,0.000000000,-0.000204756,-0.000004936,0.000202652,0.000000005,-0.000071839,-0.000000016,0.000050704,0.000000000,0.000000000,0.000000000,0.000000000,0.000000000,0.000000000,0.000000000,0.257445250,0.040374994,-0.403644530,0.321298176,0.950224587,0.432849594,0.074305937
17.001000000,0,17.001000000,sample,0.214006659,-0.000005880,0.000000000,0.000000000,0.000000000,0.000000000,0.000000000,0,0,2.000000000,0.080000000,0.000000000,0.000000000,0.000282758,0.000000000,0.001362732,0.000000000,0.000000000,0.000000000,0.001592947,0.177505918,2,85.329751385,0,0.000000000,0.657754411,1.206329001,0.661446419,1.206493074,0.681338139,0.080353681,1.344646923,1.053158036,1.363876029,0.000000000,1.363874987,2.000000000,0.000000000,0.000000000,0.000000000,1.000000000,2.091363398,1.269273348,1.201850466,0.000000000,2.091363398,1.276510816,1.202826939,1,0,0,0.000000000,0.099039088,-0.182305881,0.624176810,1.196925402,-0.050944663,-0.141435075,7.083171299,12.262496235,-6.477503052,-130.892646503,-0.021977616,142.887772491,44.935760528,0.000026029,0.001471471,-0.000330217,0.000341628,0.000265965,-0.000069699,0.000265007,0.000000000,0.000000000,0.000000000,0.000000000,0.000000000,0.000000000,0.000000000,0.000192190,0.000004633,-0.000190215,-0.000000005,0.000067429,0.000000015,-0.000047591,0.000000000,0.000000000,0.000000000,0.000000000,0.000000000,0.000000000,0.000000000,0.268943038,0.046145907,-0.409192119,0.323437667,0.951032999,0.433102459,0.076766654
17.051000000,0,17.051000000,sample,0.214006724,0.000001312,0.000000000,0.000000000,0.000000000,0.000000000,0.000000000,0,0,2.000000000,0.080000000,0.000000000,0.000000000,0.000827071,0.000000000,0.004304656,0.000000000,0.000000000,0.000000000,0.001543550,0.535823877,4,57.136955745,0,0.000000000,0.657693900,1.206275775,0.662922450,1.206469298,0.842173359,0.086906034,1.281557182,1.052846923,1.294155862,0.000000000,1.294156990,2.000000000,0.000000000,0.000000000,0.000000000,1.000000000,2.094123258,1.272290079,1.205081737,0.000000000,2.172646865,1.311667477,1.212037910,1,0,0,0.000000000,0.098932133,-0.185367486,0.623227563,1.196848726,-0.050901667,-0.141645300,7.083389309,12.262384575,-6.477407343,-130.892636667,-0.021904495,142.887693217,44.935801327,-0.000755886,-0.000184594,0.000205899,0.001166754,-0.000385788,-0.000010223,0.000473773,0.000000000,0.000000000,0.000000000,0.000000000,0.000000000,0.000000000,0.000000000,-0.000562159,-0.000013553,0.000556383,0.000000014,-0.000197230,-0.000000043,0.000139204,0.000000000,0.000000000,0.000000000,0.000000000,0.000000000,0.000000000,0.000000000,0.267341784,0.044048507,-0.413491502,0.327490560,0.951846425,0.434543019,0.075799413
17.101000000,0,17.101000000,sample,0.214006807,0.000001642,0.000000000,0.000000000,0.000000000,0.000000000,0.000000000,0,0,2.000000000,0.080000000,0.000000000,0.000000000,0.000148798,0.000000000,0.001957267,0.000000000,0.000000000,0.000000000,0.001245844,0.119435542,7,68.688285334,0,0.000000000,0.657456918,1.206179284,0.662812532,1.206500133,0.114160165,0.067535915,1.309873495,1.052161731,1.330876914,0.000000000,1.330876974,2.000000000,0.000000000,0.000000000,0.000000000,1.000000000,2.091639561,1.277710641,1.197298071,0.000000000,2.095789112,1.277710641,1.204051732,1,0,0,0.000000000,0.100034464,-0.183599602,0.623324868,1.196785913,-0.051036479,-0.141305414,7.083286389,12.262288866,-6.477503052,-130.892761408,-0.021781247,142.887586678,44.935842126,0.000177132,-0.000107744,-0.000307740,0.000190716,-0.000012739,-0.000558368,0.001032536,0.000000000,0.000000000,0.000000000,0.000000000,0.000000000,0.000000000,0.000000000,0.000101138,0.000002438,-0.000100099,-0.000000003,0.000035483,0.000000008,-0.000025044,0.000000000,0.000000000,0.000000000,0.000000000,0.000000000,0.000000000,0.000000000,0.261276542,0.051784188,-0.407942083,0.314815138,0.951124812,0.432192875,0.074974884
17.151000000,0,17.151000000,sample,0.214006827,0.000000419,0.000000000,0.000000000,0.000000000,0.000000000,0.000000000,0,0,2.000000000,0.080000000,0.000000000,0.000000000,0.000273570,0.000000000,0.001602381,0.000000000,0.000000000,0.000000000,0.000848029,0.322595571,1,46.657587651,0,0.000000000,0.658600326,1.206238127,0.661395313,1.206464155,0.519412525,0.069257938,1.314395824,1.053116236,1.340827342,0.000000000,1.340827178,2.000000000,0.000000000,0.000000000,0.000000000,1.000000000,2.123053675,1.279748289,1.199394193,0.000000000,2.131063787,1.288179081,1.200912755,1,0,0,0.000000000,0.100405403,-0.184409592,0.624232526,1.196786662,-0.051143478,-0.141761945,7.083376076,12.262380063,-6.477503052,-130.892770852,-0.021765304,142.887583860,44.935463278,0.000579258,-0.000071958,0.000263288,0.000406058,0.000006807,-0.000177032,-0.000335925,0.000000000,0.000000000,0.000000000,0.000000000,0.000000000,0.000000000,0.000000000,0.000185946,0.000004483,-0.000184035,-0.000000005,0.000065238,0.000000014,-0.000046044,0.000000000,0.000000000,0.000000000,0.000000000,0.000000000,0.000000000,0.000000000,0.276763159,0.060442990,-0.401364567,0.316185069,0.950827842,0.433165218,0.074317046
17.201000000,0,17.201000000,sample,0.214006946,0.000002379,0.000000000,0.000000000,0.000000000,0.000000000,0.000000000,0,0,2.000000000,0.080000000,0.000000000,0.000000000,0.000317125,0.000000000,0.001408394,0.000000000,0.000000000,0.000000000,0.001040138,0.304887513,7,65.373005281,0,0.000000000,0.659413055,1.206285259,0.663498491,1.206473666,0.180135778,0.047593523,1.326767765,1.053851366,1.347721128,0.000000000,1.347721022,2.000000000,0.000000000,0.000000000,0.000000000,1.000000000,2.087476005,1.270537929,1.199249628,0.000000000,2.123109739,1.281607277,1.200993060,1,0,0,0.000000000,0.101314056,-0.184120905,0.625028425,1.196869376,-0.051244586,-0.141427772,7.083362542,12.262384575,-6.477503052,-130.892887235,-0.021898119,142.887598358,44.935888753,-0.000102735,0.000428852,0.000072191,0.000198288,-0.000269203,-0.000251309,0.000840989,0.000000000,0.000000000,0.000000000,0.000000000,0.000000000,0.000000000,0.000000000,-0.000215550,-0.000005197,0.000213335,0.000000005,-0.000075624,-0.000000017,0.000053375,0.000000000,0.000000000,0.000000000,0.000000000,0.000000000,0.000000000,0.000000000,0.269658799,0.047754061,-0.406228911,0.318407790,0.950461159,0.433492837,0.074198714
17.251000000,0,17.251000000,sample,0.214006871,-0.000001506,0.000000000,0.000000000,0.000000000,0.000000000,0.000000000,0,0,2.000000000,0.080000000,0.000000000,0.000000000,0.000827303,0.000000000,0.002024929,0.000000000,0.000000000,0.000000000,0.001027517,0.805147526,3,63.590626361,0,0.000000000,0.658162982,1.206201572,0.661030306,1.206383598,0.296417706,0.042404871,1.320096455,1.053795712,1.346234448,0.000000000,1.346234593,2.000000000,0.000000000,0.000000000,0.000000000,1.000000000,2.122009635,1.287129253,1.198274480,0.000000000,2.122269256,1.287191907,1.201655088,1,0,0,0.000000000,0.101192989,-0.183616144,0.623877874,1.196780425,-0.051193327,-0.141485302,7.083403144,12.262248263,-6.477614712,-130.892887215,-0.021738181,142.887515069,44.935632302,0.000391958,0.000312908,-0.000819380,0.000112441,0.000050232,-0.000340236,0.000044015,0.000000000,0.000000000,0.000000000,0.000000000,0.000000000,0.000000000,0.000000000,0.000562318,0.000013557,-0.000556540,-0.000000014,0.000197283,0.000000043,-0.000139241,0.000000000,0.000000000,0.000000000,0.000000000,0.000000000,0.000000000,0.000000000,0.260908513,0.060142818,-0.409245937,0.316528667,0.950154631,0.433768940,0.074494078
17.301000000,0,17.301000000,sample,0.214007162,0.000005824,0.000000000,0.000000000,0.000000000,0.000000000,0.000000000,0,0,2.000000000,0.080000000,0.000000000,0.000000000,0.000127422,0.000000000,0.001207408,0.000000000,0.000000000,0.000000000,0.000761550,0.167319973,3,35.082664562,0,0.000000000,0.661597244,1.206197827,0.662969386,1.206446020,0.448950082,0.032965046,1.337935105,1.050529946,1.359627086,0.000000000,1.359627147,2.000000000,0.000000000,0.000000000,0.000000000,1.000000000,2.108062578,1.289545329,1.197198115,0.000000000,2.143681618,1.296690405,1.212635469,1,0,0,0.000000000,0.102673122,-0.185142585,0.626810470,1.196764133,-0.051515332,-0.141474305,7.083362543,12.262496235,-6.477407343,-130.892981367,-0.021731115,142.887534639,44.935801327,0.000215504,0.000095499,0.000451071,-0.000259071,0.000351278,-0.000143340,0.000331467,0.000000000,0.000000000,0.000000000,0.000000000,0.000000000,0.000000000,0.000000000,-0.000086609,-0.000002088,0.000085719,0.000000002,-0.000030386,-0.000000007,0.000021447,0.000000000,0.000000000,0.000000000,0.000000000,0.000000000,0.000000000,0.000000000,0.253091483,0.057607371,-0.410018341,0.313526958,0.952227024,0.432571506,0.075105331
17.351000000,0,17.351000000,sample,0.214006938,-0.000004493,0.000000000,0.000000000,0.000000000,0.000000000,0.000000000,0,0,2.000000000,0.080000000,0.000000000,0.000000000,0.000772872,0.000000000,0.004183706,0.000000000,0.000000000,0.000000000,0.002148539,0.359719666,2,66.069985456,0,0.000000000,0.656864273,1.206173530,0.661985451,1.206424048,1.229939229,0.135559677,1.256778649,1.051109032,1.274646871,0.000000000,1.274645174,2.000000000,0.000000000,0.000000000,0.000000000,1.000000000,2.274654407,1.357869196,1.199583886,0.000000000,2.274654407,1.361566066,1.209184948,1,0,0,0.000000000,0.100626551,-0.181462635,0.623230521,1.196794591,-0.051035340,-0.141183161,7.083059298,12.262193157,-6.477503554,-130.892887060,-0.021813696,142.887622074,44.935760528,-0.001136182,-0.001746407,-0.000221236,-0.000009632,-0.000337645,0.000234420,0.000239539,0.000000000,0.000000000,0.000000000,0.000000000,0.000000000,0.000000000,0.000000000,-0.000525321,-0.000012665,0.000519923,0.000000013,-0.000184302,-0.000000040,0.000130080,0.000000000,0.000000000,0.000000000,0.000000000,0.000000000,0.000000000,0.000000000,0.239174321,0.136039767,-0.436238742,0.279630425,0.951923321,0.427772040,0.075139759
17.401000000,0,17.401000000,sample,0.214007020,0.000001645,0.000000000,0.000000000,0.000000000,0.000000000,0.000000000,0,0,2.000000000,0.080000000,0.000000000,0.000000000,0.000677286,0.000000000,0.003654920,0.000000000,0.000000000,0.000000000,0.002454511,0.275935279,3,63.199607185,0,0.000000000,0.660538013,1.206233430,0.663036107,1.206419161,1.646195803,0.150024885,1.354471499,1.053108019,1.379066343,0.000000000,1.379063651,2.000000000,0.000000000,0.000000000,0.000000000,1.000000000,2.106974865,1.298347604,1.202287832,0.000000000,2.270922357,1.352825128,1.220032931,1,0,0,0.000000000,0.100636490,-0.188030265,0.625161885,1.196767221,-0.051264943,-0.141842213,7.083458313,12.262496235,-6.477199974,-130.892728347,-0.021813733,142.887534609,44.935801327,0.001050516,0.000707528,0.001951291,0.000606544,-0.000066857,-0.000213845,0.000441372,0.000000000,0.000000000,0.000000000,0.000000000,0.000000000,0.000000000,0.000000000,-0.000460351,-0.000011098,0.000455620,0.000000012,-0.000161512,-0.000000035,0.000113994,0.000000000,0.000000000,0.000000000,0.000000000,0.000000000,0.000000000,0.000000000,0.226643798,0.061757884,-0.442233603,0.309779609,0.951971700,0.431852074,0.077680660
17.451000000,0,17.451000000,sample,0.214006996,-0.000000489,0.000000000,0.000000000,0.000000000,0.000000000,0.000000000,0,0,2.000000000,0.080000000,0.000000000,0.000000000,0.000695895,0.000000000,0.004728150,0.000000000,0.000000000,0.000000000,0.001614441,0.431044166,4,38.474121101,0,0.000000000,0.658886574,1.206301674,0.662177175,1.206392387,0.451872255,0.053121086,1.334384906,1.051180935,1.353380464,0.000000000,1.353380965,2.000000000,0.000000000,0.000000000,0.000000000,1.000000000,2.091224649,1.272900670,1.197793620,0.000000000,2.190042523,1.302610523,1.210178823,1,0,0,0.000000000,0.101363968,-0.184122341,0.624464432,1.196871517,-0.051179987,-0.141572987,7.083362536,12.262288866,-6.477503054,-130.892940241,-0.021921117,142.887622822,44.935760528,0.000677123,-0.000166602,-0.000441052,-0.001001397,0.000324234,0.000409766,0.000806107,0.000000000,0.000000000,0.000000000,0.000000000,0.000000000,0.000000000,0.000000000,0.000473000,0.000011403,-0.000468139,-0.000000012,0.000165947,0.000000036,-0.000117125,0.000000000,0.000000000,0.000000000,0.000000000,0.000000000,0.000000000,0.000000000,0.265848562,0.048952706,-0.401596979,0.317735990,0.951689629,0.433351503,0.076777356
17.501000000,0,17.501000000,sample,0.214006967,-0.000000575,0.000000000,0.000000000,0.000000000,0.000000000,0.000000000,0,0,2.000000000,0.080000000,0.000000000,0.000000000,0.000853270,0.000000000,0.004820811,0.000000000,0.000000000,0.000000000,0.001495986,0.570372779,1,38.984027648,0,0.000000000,0.658976188,1.206150794,0.662684580,1.206318782,0.390335581,0.098355931,1.306310722,1.048406447,1.324162941,0.000000000,1.324162308,2.000000000,0.000000000,0.000000000,0.000000000,1.000000000,2.068491871,1.272327965,1.196499456,0.000000000,2.130362010,1.287021226,1.199059857,1,0,0,0.000000000,0.101526567,-0.182122206,0.625118769,1.196773714,-0.051308559,-0.141066821,7.083130428,12.262384575,-6.477503052,-130.892885660,-0.021737926,142.887534638,44.935888744,-0.000934052,-0.000681107,0.000251936,-0.000446778,0.000340832,-0.000149051,0.000707213,0.000000000,0.000000000,0.000000000,0.000000000,0.000000000,0.000000000,0.000000000,-0.000579967,-0.000013982,0.000574007,0.000000014,-0.000203477,-0.000000044,0.000143613,0.000000000,0.000000000,0.000000000,0.000000000,0.000000000,0.000000000,0.000000000,0.259419283,0.045779343,-0.408213707,0.311828881,0.951509857,0.433036894,0.073818660
17.551000000,0,17.551000000,sample,0.214006746,-0.000004406,0.000000000,0.000000000,0.000000000,0.000000000,0.000000000,0,0,2.000000000,0.080000000,0.000000000,0.000000000,0.000089289,0.000000000,0.003096118,0.000000000,0.000000000,0.000000000,0.000600875,0.148598196,1,57.331066998,0,0.000000000,0.657568285,1.206142237,0.661424216,1.206283277,0.395366730,0.060501291,1.308175390,1.051071752,1.326710217,0.000000000,1.326710112,2.000000000,0.000000000,0.000000000,0.000000000,1.000000000,2.015078978,1.245057505,1.206689939,0.000000000,2.092005746,1.278747663,1.212727344,1,0,0,0.000000000,0.099319979,-0.183487635,0.623589512,1.196747780,-0.050933222,-0.141349401,7.083266827,12.262384575,-6.477503052,-130.892700731,-0.021702956,142.887725883,44.935719729,-0.000454967,-0.000059416,-0.000295763,-0.000018602,0.000197113,0.000041299,0.000148814,0.000000000,0.000000000,0.000000000,0.000000000,0.000000000,0.000000000,0.000000000,-0.000060690,-0.000001463,0.000060066,0.000000002,-0.000021293,-0.000000005,0.000015028,0.000000000,0.000000000,0.000000000,0.000000000,0.000000000,0.000000000,0.000000000,0.263120013,0.010096160,-0.413135598,0.338875324,0.950648444,0.438010564,0.075254963
17.601000000,0,17.601000000,sample,0.214007035,0.000005763,0.000000000,0.000000000,0.000000000,0.000000000,0.000000000,0,0,2.000000000,0.080000000,0.000000000,0.000000000,0.000709147,0.000000000,0.001806718,0.000000000,0.000000000,0.000000000,0.001092567,0.649064835,4,50.221336199,0,0.000000000,0.659498755,1.206212856,0.661891442,1.206361872,0.531458537,0.061418971,1.337390217,1.052166881,1.365040671,0.000000000,1.365040987,2.000000000,0.000000000,0.000000000,0.000000000,1.000000000,2.106216606,1.290014239,1.195929680,0.000000000,2.337311089,1.376835318,1.205263014,1,0,0,0.000000000,0.101376605,-0.184280362,0.625061709,1.196776764,-0.051265196,-0.141586407,7.083266833,12.262383071,-6.477407343,-130.892886626,-0.021778725,142.887581247,44.935632302,-0.000534604,0.000039245,0.000425639,-0.000774270,-0.000031366,-0.000164336,0.000312584,0.000000000,0.000000000,0.000000000,0.000000000,0.000000000,0.000000000,0.000000000,-0.000482007,-0.000011620,0.000477054,0.000000012,-0.000169109,-0.000000037,0.000119356,0.000000000,0.000000000,0.000000000,0.000000000,0.000000000,0.000000000,0.000000000,0.254360842,0.055547174,-0.405089092,0.315292631,0.952042595,0.432523217,0.074127067
17.651000000,0,17.651000000,sample,0.214006800,-0.000004682,0.000000000,0.000000000,0.000000000,0.000000000,0.000000000,0,0,2.000000000,0.080000000,0.000000000,0.000000000,0.000264081,0.000000000,0.004034454,0.000000000,0.000000000,0.000000000,0.001760547,0.149999561,7,50.791929280,0,0.000000000,0.659073203,1.206225451,0.660723982,1.206280966,0.952452742,0.091484879,1.345949847,1.053901679,1.381140290,0.000000000,1.381140495,2.000000000,0.000000000,0.000000000,0.000000000,1.000000000,2.090122807,1.272077581,1.195635626,0.000000000,2.104872011,1.288462802,1.201554238,1,0,0,0.000000000,0.100988487,-0.181442988,0.625505599,1.196807092,-0.051281691,-0.141431293,7.083171124,12.262496235,-6.477610190,-130.892808204,-0.021737926,142.887598649,44.935463278,-0.000483636,0.000823025,-0.000466321,-0.000547295,0.000228287,-0.000211755,-0.001254714,0.000000000,0.000000000,0.000000000,0.000000000,0.000000000,0.000000000,0.000000000,0.000179496,0.000004328,-0.000177651,-0.000000004,0.000062975,0.000000014,-0.000044448,0.000000000,0.000000000,0.000000000,0.000000000,0.000000000,0.000000000,0.000000000,0.280427991,0.048714789,-0.388771763,0.316878827,0.951439923,0.431891572,0.072163908
17.701000000,0,17.701000000,sample,0.214007051,0.000005019,0.000000000,0.000000000,0.000000000,0.000000000,0.000000000,0,0,2.000000000,0.080000000,0.000000000,0.000000000,0.000029736,0.000000000,0.004501976,0.000000000,0.000000000,0.000000000,0.001102910,0.026960990,4,59.867072231,0,0.000000000,0.659205105,1.206213964,0.662069306,1.206262098,0.444828112,0.057925125,1.326480254,1.052548221,1.355902386,0.000000000,1.355902255,2.000000000,0.000000000,0.000000000,0.000000000,1.000000000,2.115949704,1.288143582,1.197550434,0.000000000,2.115949704,1.324210597,1.211987677,1,0,0,0.000000000,0.101900083,-0.183896746,0.624779746,1.196786065,-0.051293927,-0.141506803,7.083319833,12.262288808,-6.477498530,-130.892967203,-0.021778725,142.887536971,44.935673101,-0.000032958,-0.000400232,-0.000203268,-0.000853363,-0.000033557,-0.000333598,0.000416146,0.000000000,0.000000000,0.000000000,0.000000000,0.000000000,0.000000000,0.000000000,0.000020211,0.000000487,-0.000020004,-0.000000001,0.000007091,0.000000002,-0.000005005,0.000000000,0.000000000,0.000000000,0.000000000,0.000000000,0.000000000,0.000000000,0.261253658,0.059815436,-0.406463223,0.313792299,0.951737352,0.432799137,0.074152850
17.751000000,0,17.751000000,sample,0.214006903,-0.000002960,0.000000000,0.000000000,0.000000000,0.000000000,0.000000000,0,0,2.000000000,0.080000000,0.000000000,0.000000000,0.000772668,0.000000000,0.001650834,0.000000000,0.000000000,0.000000000,0.003867149,0.199803076,2,89.016953768,0,0.000000000,0.659559954,1.206242606,0.662971941,1.206329954,1.629668416,0.159355506,1.399272280,1.058231786,1.423446700,0.000000000,1.423438996,2.000000000,0.000000000,0.000000000,0.000000000,1.000000000,1.975091287,1.238235594,1.203755886,0.000000000,2.193254291,1.309543723,1.209633439,1,0,0,0.000000000,0.100621026,-0.184237409,0.625261001,1.196809828,-0.051219643,-0.141576861,7.083266833,12.262496235,-6.477407343,-130.892770308,-0.021813696,142.887622385,44.935673101,-0.000379210,0.003648609,0.000800705,0.000791604,-0.000317089,0.000274159,-0.000234999,0.000000000,0.000000000,0.000000000,0.000000000,0.000000000,0.000000000,0.000000000,-0.000525182,-0.000012661,0.000519785,0.000000013,-0.000184258,-0.000000040,0.000130049,0.000000000,0.000000000,0.000000000,0.000000000,0.000000000,0.000000000,0.000000000,0.264293576,-0.001190327,-0.402827266,0.335289057,0.953069953,0.436669889,0.073920471
17.801000000,0,17.801000000,sample,0.214007111,0.000004147,0.000000000,0.000000000,0.000000000,0.000000000,0.000000000,0,0,2.000000000,0.080000000,0.000000000,0.000000000,0.000608688,0.000000000,0.001260758,0.000000000,0.000000000,0.000000000,0.001205746,0.504822392,2,25.605804161,0,0.000000000,0.659725817,1.206250683,0.659854638,1.206255084,0.635122072,0.080200178,1.348982034,1.055981429,1.380369991,0.000000000,1.380370409,2.000000000,0.000000000,0.000000000,0.000000000,1.000000000,2.028562891,1.253026578,1.205084597,0.000000000,2.313010944,1.364330662,1.213536939,1,0,0,0.000000000,0.101837623,-0.183301519,0.625514032,1.196822454,-0.051301335,-0.141509346,7.083171122,12.262384575,-6.477407343,-130.892961704,-0.021853658,142.887622385,44.935673101,-0.000230885,0.000610134,0.000577499,-0.000565945,-0.000495506,0.000240476,-0.000266644,0.000000000,0.000000000,0.000000000,0.000000000,0.000000000,0.000000000,0.000000000,-0.000413725,-0.000009974,0.000409473,0.000000010,-0.000145152,-0.000000032,0.000102448,0.000000000,0.000000000,0.000000000,0.000000000,0.000000000,0.000000000,0.000000000,0.267551531,0.014975842,-0.403580383,0.337077243,0.952672742,0.436859002,0.074104342
17.851000000,0,17.851000000,sample,0.214007153,0.000000834,0.000000000,0.000000000,0.000000000,0.000000000,0.000000000,0,0,2.000000000,0.080000000,0.000000000,0.000000000,0.001223117,0.000000000,0.001308560,0.000000000,0.000000000,0.000000000,0.001318874,0.927395346,1,49.207517542,0,0.000000000,0.660171777,1.206237552,0.662360398,1.206264626,0.192612682,0.018546737,1.323779778,1.053215417,1.351310528,0.000000000,1.351310668,2.000000000,0.000000000,0.000000000,0.000000000,1.000000000,2.105192864,1.279238100,1.200298290,0.000000000,2.157498883,1.300579066,1.203776846,1,0,0,0.000000000,0.101883819,-0.185158501,0.625430085,1.196778767,-0.051354606,-0.141747380,7.083266666,12.262384575,-6.477311634,-130.892925751,-0.021813696,142.887534639,44.935591503,-0.000925165,-0.000155129,0.000767384,-0.000368449,-0.000360168,-0.000035809,-0.000061629,0.000000000,0.000000000,0.000000000,0.000000000,0.000000000,0.000000000,0.000000000,-0.000831352,-0.000020042,0.000822809,0.000000021,-0.000291674,-0.000000064,0.000205862,0.000000000,0.000000000,0.000000000,0.000000000,0.000000000,0.000000000,0.000000000,0.268947507,0.053108863,-0.405756325,0.318745045,0.951945418,0.433125325,0.074353532
17.901000000,0,17.901000000,sample,0.214006845,-0.000006146,0.000000000,0.000000000,0.000000000,0.000000000,0.000000000,0,0,2.000000000,0.080000000,0.000000000,0.000000000,0.000247115,0.000000000,0.001035427,0.000000000,0.000000000,0.000000000,0.001476281,0.167390315,4,39.079056622,0,0.000000000,0.659362921,1.206242962,0.661161425,1.206270372,0.610543292,0.084707867,1.327668516,1.055372149,1.352765614,0.000000000,1.352764345,2.000000000,0.000000000,0.000000000,0.000000000,1.000000000,2.109214764,1.285580183,1.200997441,0.000000000,2.122833416,1.294949692,1.201416936,1,0,0,0.000000000,0.100289724,-0.184761464,0.624951705,1.196808240,-0.051190875,-0.141603718,7.083321840,12.262496235,-6.477407343,-130.892718725,-0.021811435,142.887598623,44.935699815,0.000718006,0.000739598,0.000338691,0.000922871,-0.000249454,-0.000215983,-0.000203933,0.000000000,0.000000000,0.000000000,0.000000000,0.000000000,0.000000000,0.000000000,0.000167964,0.000004049,-0.000166238,-0.000000004,0.000058929,0.000000013,-0.000041592,0.000000000,0.000000000,0.000000000,0.000000000,0.000000000,0.000000000,0.000000000,0.260784829,0.053344048,-0.410015187,0.320196932,0.952458551,0.433806720,0.074407312
17.951000000,0,17.951000000,sample,0.214006934,0.000001781,0.000000000,0.000000000,0.000000000,0.000000000,0.000000000,0,0,2.000000000,0.080000000,0.000000000,0.000000000,0.000224622,0.000000000,0.001514917,0.000000000,0.000000000,0.000000000,0.000875629,0.256526661,2,61.479759705,0,0.000000000,0.659709235,1.206136319,0.660958620,1.206311003,0.422298756,0.057274662,1.329552065,1.052349802,1.349931797,0.000000000,1.349931616,2.000000000,0.000000000,0.000000000,0.000000000,1.000000000,2.098023552,1.280417476,1.202445187,0.000000000,2.111776490,1.285080648,1.202557092,1,0,0,0.000000000,0.101492887,-0.182318415,0.625839808,1.196728305,-0.051376814,-0.141303244,7.083144576,12.262496235,-6.477503052,-130.892839469,-0.021641921,142.887534618,44.935591503,-0.000140050,0.000686572,-0.000408669,0.000198009,0.000213961,-0.000114387,0.000103194,0.000000000,0.000000000,0.000000000,0.000000000,0.000000000,0.000000000,0.000000000,0.000152675,0.000003681,-0.000151107,-0.000000004,0.000053566,0.000000012,-0.000037806,0.000000000,0.000000000,0.000000000,0.000000000,0.000000000,0.000000000,0.000000000,0.266355725,0.046533246,-0.407516323,0.325509130,0.952950211,0.432618039,0.073928970
18.001000000,0,18.001000000,sample,0.214007005,0.000001421,0.000000000,0.000000000,0.000000000,0.000000000,0.000000000,0,0,2.000000000,0.080000000,0.000000000,0.000000000,0.000966967,0.000000000,0.001254552,0.000000000,0.000000000,0.000000000,0.001477416,0.654498585,1,62.143209021,0,0.000000000,0.659965981,1.206136810,0.662194843,1.206263394,0.552440798,0.074381532,1.332471554,1.050418763,1.350699188,0.000000000,1.350698984,2.000000000,0.000000000,0.000000000,0.000000000,1.000000000,2.101498059,1.280585972,1.201585145,0.000000000,2.122168757,1.286604970,1.203054455,1,0,0,0.000000000,0.101358636,-0.183420398,0.625810259,1.196728842,-0.051332824,-0.141318876,7.083166546,12.262496235,-6.477407343,-130.892842455,-0.021676612,142.887581236,44.935719729,-0.001164661,0.000755099,0.000377589,0.000110700,0.000312569,-0.000034920,0.000048992,0.000000000,0.000000000,0.000000000,0.000000000,0.000000000,0.000000000,0.000000000,-0.000657246,-0.000015845,0.000650492,0.000000016,-0.000230592,-0.000000050,0.000162751,0.000000000,0.000000000,0.000000000,0.000000000,0.000000000,0.000000000,0.000000000,0.260233926,0.048908439,-0.411116037,0.323802238,0.951977982,0.433363565,0.075913006
18.001000000,0,18.001000000,stop,0.214007005,,0.000000000,0.000000000,0.000000000,0.000000000,0.000000000,0,0,2.000000000,0.080000000,0.000000000,0.000000000,0.000966967,0.000000000,0.000966967,0.000000000,0.000000000,0.000000000,0.001477416,0.654498585,1,62.143209021,0,0.000000000,0.659965981,1.206136810,0.659965981,1.206136810,0.552440798,0.074381532,1.332471554,1.050418763,1.350699188,0.000000000,1.350698984,2.000000000,0.000000000,0.000000000,0.000000000,1.000000000,2.101498059,1.280585972,1.201585145,0.000000000,2.101498059,1.280585972,1.201585145,1,0,0,0.000000000,0.101358636,-0.183420398,0.625810259,1.196728842,-0.051332824,-0.141318876,7.083166546,12.262496235,-6.477407343,-130.892842455,-0.021676612,142.887581236,44.935719729,-0.001164661,0.000755099,0.000377589,0.000110700,0.000312569,-0.000034920,0.000048992,0.000000000,0.000000000,0.000000000,0.000000000,0.000000000,0.000000000,0.000000000,-0.000657246,-0.000015845,0.000650492,0.000000016,-0.000230592,-0.000000050,0.000162751,0.000000000,0.000000000,0.000000000,0.000000000,0.000000000,0.000000000,0.000000000,0.260233926,0.048908439,-0.411116037,0.323802238,0.951977982,0.433363565,0.075913006
