run_time_s,segment_id,phase_time_s,event,sigma_min,sigma_rate_per_s,sigma_plus,sigma_minus,probe_difference,probe_confidence,gradient_abs_per_rad,direction_valid,push_active,k_sigma_Nm,alpha_rad,tau_sigma_norm_Nm,sigma_power_W,nullspace_speed_rad_s,speed_toward_better_rad_s,peak_nullspace_speed_rad_s,peak_abs_speed_toward_better_rad_s,min_speed_toward_better_rad_s,max_speed_toward_better_rad_s,raw_joint_speed_rad_s,nullspace_speed_fraction,raw_velocity_dominant_joint,raw_velocity_dominant_share_pct,sigma_dominant_joint,sigma_dominant_share_pct,position_error_mm,rotation_error_deg,peak_position_error_mm,peak_rotation_error_deg,cartesian_speed_mm_s,angular_speed_deg_s,command_force_norm_N,command_moment_norm_Nm,tau_task_norm_Nm,tau_nullspace_norm_Nm,tau_cmd_norm_Nm,nullspace_damping_Nms_rad,disturbance_scale,disturbance_force_norm_N,disturbance_tau_norm_Nm,disturbance_torque_scale,external_force_delta_norm_N,external_moment_delta_norm_Nm,external_joint_torque_delta_norm_Nm,external_joint_torque_along_nbest_Nm,peak_external_force_delta_norm_N,peak_external_moment_delta_norm_Nm,peak_external_joint_torque_delta_norm_Nm,external_joint_torque_baseline_valid,joint_contact,cartesian_contact,Jn_norm,e_p_x_mm,e_p_y_mm,e_p_z_mm,e_R_x_deg,e_R_y_deg,e_R_z_deg,q1_deg,q2_deg,q3_deg,q4_deg,q5_deg,q6_deg,q7_deg,dq1_rad_s,dq2_rad_s,dq3_rad_s,dq4_rad_s,dq5_rad_s,dq6_rad_s,dq7_rad_s,n_best_1,n_best_2,n_best_3,n_best_4,n_best_5,n_best_6,n_best_7,dqN_1_rad_s,dqN_2_rad_s,dqN_3_rad_s,dqN_4_rad_s,dqN_5_rad_s,dqN_6_rad_s,dqN_7_rad_s,tau_sigma_1_Nm,tau_sigma_2_Nm,tau_sigma_3_Nm,tau_sigma_4_Nm,tau_sigma_5_Nm,tau_sigma_6_Nm,tau_sigma_7_Nm,tau_ext_delta_1_Nm,tau_ext_delta_2_Nm,tau_ext_delta_3_Nm,tau_ext_delta_4_Nm,tau_ext_delta_5_Nm,tau_ext_delta_6_Nm,tau_ext_delta_7_Nm
0.000000000,0,0.000000000,hold_start,0.000000000,,0.000000000,0.000000000,0.000000000,0.000000000,0.000000000,0,0,0.000000000,0.000000000,0.000000000,0.000000000,0.000000000,0.000000000,0.000000000,0.000000000,0.000000000,0.000000000,0.000000000,0.000000000,0,0.000000000,0,0.000000000,0.000000000,0.000000000,0.000000000,0.000000000,0.000000000,0.000000000,0.000000000,0.000000000,0.000000000,0.000000000,0.000000000,0.000000000,0.000000000,0.000000000,0.000000000,1.000000000,0.000000000,0.000000000,0.000000000,0.000000000,0.000000000,0.000000000,0.000000000,0,0,0,0.000000000,0.000000000,0.000000000,0.000000000,0.000000000,0.000000000,0.000000000,0.862232963,12.103505977,-0.541127268,-130.911909067,-0.126806918,142.885893735,44.739483153,0.000000000,0.000000000,0.000000000,0.000000000,0.000000000,0.000000000,0.000000000,0.000000000,0.000000000,0.000000000,0.000000000,0.000000000,0.000000000,0.000000000,0.000000000,0.000000000,0.000000000,0.000000000,0.000000000,0.000000000,0.000000000,0.000000000,0.000000000,0.000000000,0.000000000,0.000000000,0.000000000,0.000000000,0.000000000,0.000000000,0.000000000,0.000000000,0.000000000,0.000000000,0.000000000
0.000000000,0,0.000000000,sample,0.216507862,,0.000000000,0.000000000,0.000000000,0.000000000,0.000000000,0,0,2.000000000,0.080000000,0.000000000,0.000000000,0.000269930,0.000000000,0.000269930,0.000000000,0.000000000,0.000000000,0.003304856,0.081676703,2,51.471824341,0,0.000000000,0.118238275,0.006837721,0.118238275,0.006837721,2.161168743,0.248084240,0.181757904,0.031864144,0.152340881,0.000539860,0.152338605,2.000000000,0.000000000,0.000000000,0.000000000,1.000000000,0.257634290,0.174607371,0.000000000,0.000000000,0.257634290,0.174607371,0.000000000,1,0,0,0.000000000,0.012313434,0.116561488,0.015559197,0.000965109,-0.002304098,0.006365071,0.850947576,12.104327519,-0.542217671,-130.913012519,-0.128014514,142.885525602,44.734457914,0.001662303,0.002371032,0.001458026,0.000109709,0.000186657,-0.000403851,-0.000448574,0.000000000,0.000000000,0.000000000,0.000000000,0.000000000,0.000000000,0.000000000,0.000183766,0.000000359,-0.000181930,-0.000000026,0.000063248,0.000000081,-0.000044643,0.000000000,0.000000000,0.000000000,0.000000000,0.000000000,0.000000000,0.000000000,0.000000000,0.000000000,0.000000000,0.000000000,0.000000000,0.000000000,0.000000000
0.050000000,0,0.050000000,sample,0.216509859,0.000039951,0.000000000,0.000000000,0.000000000,0.000000000,0.000000000,0,0,2.000000000,0.080000000,0.000000000,0.000000000,0.000005442,0.000000000,0.007478646,0.000000000,0.000000000,0.000000000,0.008105883,0.000671418,5,73.863364707,0,0.000000000,0.151993666,0.016086219,0.152245973,0.016086219,2.546953878,0.468209997,0.406263042,0.076816762,0.412806564,0.000010885,0.412799174,2.000000000,0.000000000,0.000000000,0.000000000,1.000000000,0.712143543,0.201060161,0.273741253,0.000000000,0.712143543,0.201060161,0.295065369,1,0,0,0.000000000,0.059269315,0.043145652,0.133145317,-0.002524788,-0.015053070,0.005079070,0.857850330,12.115983061,-0.541794533,-130.914521206,-0.122055716,142.885947577,44.735726599,-0.000410176,0.003528570,0.001759543,-0.000497160,0.006966504,-0.000207398,0.001080714,0.000000000,0.000000000,0.000000000,0.000000000,0.000000000,0.000000000,0.000000000,-0.000003705,-0.000000007,0.000003668,0.000000001,-0.000001276,-0.000000002,0.000000901,0.000000000,0.000000000,0.000000000,0.000000000,0.000000000,0.000000000,0.000000000,0.143669155,0.033248647,0.040477297,0.028028080,0.138939028,0.177266258,0.006050652
0.100000000,0,0.100000000,sample,0.216509632,-0.000004548,0.000000000,0.000000000,0.000000000,0.000000000,0.000000000,0,0,2.000000000,0.080000000,0.000000000,0.000000000,0.000616117,0.000000000,0.004035169,0.000000000,0.000000000,0.000000000,0.001551946,0.396996466,1,40.491236779,0,0.000000000,0.180193080,0.023781458,0.184372883,0.024417175,0.591484858,0.037400568,0.341185772,0.015736843,0.285751963,0.001232234,0.285754830,2.000000000,0.000000000,0.000000000,0.000000000,1.000000000,0.929297378,0.402172551,0.497168593,0.000000000,0.933946379,0.402172551,0.497168593,1,0,0,0.000000000,0.067761470,0.023795940,0.165262465,-0.008598226,-0.018294049,0.012528211,0.859252580,12.119677689,-0.542178925,-130.914241680,-0.111735525,142.886138637,44.735958643,0.000987546,0.000174776,-0.000175009,0.000864771,-0.000210183,-0.000105280,0.000754339,0.000000000,0.000000000,0.000000000,0.000000000,0.000000000,0.000000000,0.000000000,0.000419413,0.000000822,-0.000415204,-0.000000053,0.000144534,0.000000161,-0.000102018,0.000000000,0.000000000,0.000000000,0.000000000,0.000000000,0.000000000,0.000000000,0.186676446,0.017779488,-0.024391602,0.086523499,0.346500570,0.289473720,0.008570788
0.150000000,0,0.150000000,sample,0.216509776,0.000002876,0.000000000,0.000000000,0.000000000,0.000000000,0.000000000,0,0,2.000000000,0.080000000,0.000000000,0.000000000,0.000006344,0.000000000,0.002260748,0.000000000,0.000000000,0.000000000,0.001362694,0.004655521,7,43.894414784,0,0.000000000,0.177467300,0.023706121,0.183430611,0.024074554,0.662177094,0.029049998,0.355332840,0.021728205,0.305601567,0.000012688,0.305600884,2.000000000,0.000000000,0.000000000,0.000000000,1.000000000,0.993244265,0.519255182,0.575980622,0.000000000,0.993244265,0.519255182,0.575980622,1,0,0,0.000000000,0.067405947,0.022882820,0.162565240,-0.008864572,-0.017999789,0.012625655,0.859360654,12.119312241,-0.542235506,-130.914354509,-0.111282390,142.886181685,44.735746771,-0.000750092,0.000225385,-0.000454875,0.000423023,0.000204487,0.000027058,-0.000902824,0.000000000,0.000000000,0.000000000,0.000000000,0.000000000,0.000000000,0.000000000,-0.000004319,-0.000000008,0.000004275,0.000000001,-0.000001488,-0.000000002,0.000001050,0.000000000,0.000000000,0.000000000,0.000000000,0.000000000,0.000000000,0.000000000,0.183608988,0.013666297,-0.032715218,0.119911809,0.425238762,0.318481160,0.012135413
0.200000000,0,0.200000000,sample,0.216509830,0.000001095,0.000000000,0.000000000,0.000000000,0.000000000,0.000000000,0,0,2.000000000,0.080000000,0.000000000,0.000000000,0.000254803,0.000000000,0.001875910,0.000000000,0.000000000,0.000000000,0.000924849,0.275508195,4,44.126866704,0,0.000000000,0.185523301,0.024845294,0.188116285,0.024860635,0.371377989,0.045051099,0.385549243,0.025626387,0.342651819,0.000509607,0.342652369,2.000000000,0.000000000,0.000000000,0.000000000,1.000000000,1.034492266,0.529606467,0.611241796,0.000000000,1.079076498,0.549564039,0.611241796,1,0,0,0.000000000,0.070199473,0.027158255,0.169568153,-0.008977814,-0.018805426,0.013529355,0.859193240,12.120017206,-0.542544225,-130.914415490,-0.110966958,142.886140886,44.735928909,-0.000239786,-0.000096358,0.000338924,-0.000614359,0.000269355,-0.000159044,-0.000445431,0.000000000,0.000000000,0.000000000,0.000000000,0.000000000,0.000000000,0.000000000,-0.000173454,-0.000000340,0.000171713,0.000000022,-0.000059776,-0.000000066,0.000042192,0.000000000,0.000000000,0.000000000,0.000000000,0.000000000,0.000000000,0.000000000,0.226144183,0.018193934,-0.021324016,0.129436177,0.443937595,0.328273193,0.009592022
0.250000000,0,0.250000000,sample,0.216509795,-0.000000709,0.000000000,0.000000000,0.000000000,0.000000000,0.000000000,0,0,2.000000000,0.080000000,0.000000000,0.000000000,0.000691947,0.000000000,0.001829021,0.000000000,0.000000000,0.000000000,0.002244469,0.308289979,4,36.218809395,0,0.000000000,0.175516948,0.023875188,0.187453432,0.024842480,0.530765963,0.116548410,0.363952409,0.034078383,0.329023076,0.001383894,0.329025557,2.000000000,0.000000000,0.000000000,0.000000000,1.000000000,1.008321785,0.552397713,0.601306314,0.000000000,1.037974415,0.552397713,0.614766122,1,0,0,0.000000000,0.067043182,0.019704756,0.161006626,-0.009132818,-0.017837956,0.012977810,0.859885927,12.119127672,-0.542463827,-130.914377716,-0.110760114,142.886181685,44.735983692,0.000341803,-0.000880739,-0.000844453,-0.001350768,0.000386194,0.000091706,0.001204109,0.000000000,0.000000000,0.000000000,0.000000000,0.000000000,0.000000000,0.000000000,0.000471035,0.000000923,-0.000466309,-0.000000059,0.000162316,0.000000180,-0.000114569,0.000000000,0.000000000,0.000000000,0.000000000,0.000000000,0.000000000,0.000000000,0.185652326,0.009648259,-0.031907580,0.122011736,0.449420056,0.330171736,0.010615501
0.300000000,0,0.300000000,sample,0.216509671,-0.000002483,0.000000000,0.000000000,0.000000000,0.000000000,0.000000000,0,0,2.000000000,0.080000000,0.000000000,0.000000000,0.000744552,0.000000000,0.002328491,0.000000000,0.000000000,0.000000000,0.002105128,0.353684962,7,60.993686544,0,0.000000000,0.184725258,0.024974234,0.186106395,0.024987772,0.471959469,0.108750111,0.347654182,0.029625171,0.298782026,0.001489104,0.298786379,2.000000000,0.000000000,0.000000000,0.000000000,1.000000000,1.024245495,0.548686291,0.610054481,0.000000000,1.063294992,0.568072292,0.610054481,1,0,0,0.000000000,0.069593695,0.023466482,0.169497678,-0.009073017,-0.018796797,0.013713978,0.859685991,12.120091940,-0.542655245,-130.914292613,-0.110767005,142.886100087,44.736338113,0.000717161,-0.000150561,-0.000713258,0.000752187,0.000205730,-0.000273414,0.001644072,0.000000000,0.000000000,0.000000000,0.000000000,0.000000000,0.000000000,0.000000000,0.000506842,0.000000994,-0.000501756,-0.000000063,0.000174669,0.000000193,-0.000123288,0.000000000,0.000000000,0.000000000,0.000000000,0.000000000,0.000000000,0.000000000,0.201439031,0.010054799,-0.017133204,0.130336244,0.449693869,0.334485781,0.010064357
0.350000000,0,0.350000000,sample,0.216509595,-0.000001514,0.000000000,0.000000000,0.000000000,0.000000000,0.000000000,0,0,2.000000000,0.080000000,0.000000000,0.000000000,0.000048331,0.000000000,0.001626105,0.000000000,0.000000000,0.000000000,0.000692894,0.069752202,3,32.783865608,0,0.000000000,0.180749861,0.024537128,0.185686241,0.025014467,0.461081433,0.061000624,0.346496854,0.015806225,0.293082562,0.000096662,0.293082607,2.000000000,0.000000000,0.000000000,0.000000000,1.000000000,0.987075214,0.525496989,0.617550789,0.000000000,1.038607288,0.554637752,0.617771650,1,0,0,0.000000000,0.068071333,0.019671926,0.166282355,-0.009287635,-0.018429052,0.013273302,0.859766074,12.119802144,-0.542368118,-130.914213070,-0.110519476,142.886100836,44.736060694,0.000278430,-0.000189704,0.000396731,0.000347107,-0.000060118,-0.000121578,-0.000265172,0.000000000,0.000000000,0.000000000,0.000000000,0.000000000,0.000000000,0.000000000,-0.000032901,-0.000000064,0.000032570,0.000000004,-0.000011338,-0.000000013,0.000008003,0.000000000,0.000000000,0.000000000,0.000000000,0.000000000,0.000000000,0.000000000,0.223983765,-0.005439842,-0.023114439,0.127286533,0.449406095,0.335299609,0.006546279
0.400000000,0,0.400000000,sample,0.216509425,-0.000003410,0.000000000,0.000000000,0.000000000,0.000000000,0.000000000,0,0,2.000000000,0.080000000,0.000000000,0.000000000,0.000047346,0.000000000,0.001087261,0.000000000,0.000000000,0.000000000,0.000783713,0.060412167,4,37.394034402,0,0.000000000,0.179112299,0.024277918,0.183077254,0.024792069,0.149029956,0.012233803,0.357020345,0.022619594,0.310104156,0.000094692,0.310104077,2.000000000,0.000000000,0.000000000,0.000000000,1.000000000,1.055238010,0.564623685,0.609111747,0.000000000,1.061248802,0.564623685,0.616615491,1,0,0,0.000000000,0.066915073,0.017356729,0.165234175,-0.009267512,-0.018278237,0.013016780,0.860018524,12.119789111,-0.542368118,-130.914074657,-0.110554437,142.886100087,44.736084835,0.000130263,0.000330092,0.000089708,0.000479246,-0.000074803,-0.000347668,0.000352257,0.000000000,0.000000000,0.000000000,0.000000000,0.000000000,0.000000000,0.000000000,-0.000032230,-0.000000063,0.000031907,0.000000004,-0.000011107,-0.000000012,0.000007840,0.000000000,0.000000000,0.000000000,0.000000000,0.000000000,0.000000000,0.000000000,0.189182654,0.022400080,-0.034560277,0.127937172,0.451985261,0.335812787,0.010101687
0.450000000,0,0.450000000,sample,0.216509856,0.000008635,0.000000000,0.000000000,0.000000000,0.000000000,0.000000000,0,0,2.000000000,0.080000000,0.000000000,0.000000000,0.000453306,0.000000000,0.001110538,0.000000000,0.000000000,0.000000000,0.004550019,0.099627310,2,98.571318437,0,0.000000000,0.185033409,0.024842639,0.187399298,0.025146302,2.619518433,0.264495635,0.500166516,0.055058051,0.480109265,0.000906612,0.480100378,2.000000000,0.000000000,0.000000000,0.000000000,1.000000000,0.915950308,0.523271267,0.617941035,0.000000000,1.053538630,0.564485248,0.628156720,1,0,0,0.000000000,0.069780142,0.021063815,0.170071779,-0.009299246,-0.018706108,0.013444786,0.859615209,12.120105705,-0.542368118,-130.914409001,-0.110493410,142.886323274,44.736060777,-0.000316724,0.004517399,0.000373334,-0.000207759,0.000017193,0.000110012,-0.000022836,0.000000000,0.000000000,0.000000000,0.000000000,0.000000000,0.000000000,0.000000000,-0.000308581,-0.000000605,0.000305484,0.000000038,-0.000106344,-0.000000117,0.000075062,0.000000000,0.000000000,0.000000000,0.000000000,0.000000000,0.000000000,0.000000000,0.199044373,-0.037721160,-0.038141513,0.141139200,0.452858329,0.337934217,0.012422724
0.500000000,0,0.500000000,sample,0.216509619,-0.000004738,0.000000000,0.000000000,0.000000000,0.000000000,0.000000000,0,0,2.000000000,0.080000000,0.000000000,0.000000000,0.001619473,0.000000000,0.003919895,0.000000000,0.000000000,0.000000000,0.002184504,0.741345949,1,72.654296105,0,0.000000000,0.178854382,0.024396327,0.183739516,0.024916602,1.019502052,0.112933400,0.326051185,0.022933741,0.267828191,0.003238947,0.267847634,2.000000000,0.000000000,0.000000000,0.000000000,1.000000000,0.998706133,0.512649025,0.637210103,0.000000000,1.123164340,0.563705959,0.637210103,1,0,0,0.000000000,0.067051200,0.018536934,0.164770776,-0.009355354,-0.018128497,0.013379677,0.859726367,12.119666335,-0.542220259,-130.914212334,-0.110463245,142.886264912,44.736227553,-0.001862017,-0.000726464,0.000574732,0.000544805,0.000023325,0.000338886,-0.000186242,0.000000000,0.000000000,0.000000000,0.000000000,0.000000000,0.000000000,0.000000000,-0.001102433,-0.000002160,0.001091371,0.000000137,-0.000379911,-0.000000419,0.000268156,0.000000000,0.000000000,0.000000000,0.000000000,0.000000000,0.000000000,0.000000000,0.251625234,-0.011335203,-0.007731211,0.148261296,0.452511869,0.340115723,0.010299991
0.550000000,0,0.550000000,sample,0.216509552,-0.000001353,0.000000000,0.000000000,0.000000000,0.000000000,0.000000000,0,0,2.000000000,0.080000000,0.000000000,0.000000000,0.000281015,0.000000000,0.001714658,0.000000000,0.000000000,0.000000000,0.000684590,0.410487034,1,52.674341407,0,0.000000000,0.179859778,0.024322807,0.184866467,0.024940973,0.436994631,0.046486974,0.344978359,0.021688792,0.293605107,0.000562030,0.293605629,2.000000000,0.000000000,0.000000000,0.000000000,1.000000000,1.016437061,0.546267877,0.610578647,0.000000000,1.142076925,0.571407512,0.640196924,1,0,0,0.000000000,0.067358927,0.017520925,0.165847315,-0.009322500,-0.018285614,0.013050910,0.859991413,12.119803202,-0.542368118,-130.914169822,-0.110463260,142.886202348,44.736019145,-0.000496855,-0.000301827,-0.000037871,0.000328630,0.000115671,-0.000083501,-0.000030239,0.000000000,0.000000000,0.000000000,0.000000000,0.000000000,0.000000000,0.000000000,-0.000191297,-0.000000375,0.000189377,0.000000024,-0.000065924,-0.000000073,0.000046532,0.000000000,0.000000000,0.000000000,0.000000000,0.000000000,0.000000000,0.000000000,0.193371003,0.008989545,-0.052945532,0.118431262,0.453446481,0.335825652,0.010552497
0.600000000,0,0.600000000,sample,0.216509336,-0.000004324,0.000000000,0.000000000,0.000000000,0.000000000,0.000000000,0,0,2.000000000,0.080000000,0.000000000,0.000000000,0.000534913,0.000000000,0.001288737,0.000000000,0.000000000,0.000000000,0.001518231,0.352326066,4,82.148846968,0,0.000000000,0.176671938,0.024389806,0.184226889,0.024929963,0.805035875,0.070504923,0.318341376,0.013267541,0.258064741,0.001069825,0.258068086,2.000000000,0.000000000,0.000000000,0.000000000,1.000000000,1.056643592,0.543667021,0.617414118,0.000000000,1.065043879,0.556939157,0.617414118,1,0,0,0.000000000,0.065655671,0.018868957,0.162930258,-0.009387604,-0.017991347,0.013529485,0.859945254,12.119595276,-0.542479086,-130.914004462,-0.110321351,142.886122573,44.736229802,0.000559261,0.000001367,-0.000231041,0.001376064,-0.000027174,-0.000208930,-0.000030481,0.000000000,0.000000000,0.000000000,0.000000000,0.000000000,0.000000000,0.000000000,0.000364134,0.000000714,-0.000360481,-0.000000045,0.000125484,0.000000138,-0.000088571,0.000000000,0.000000000,0.000000000,0.000000000,0.000000000,0.000000000,0.000000000,0.213968084,0.024380847,-0.037921402,0.118788758,0.454590480,0.335359147,0.012504497
0.650000000,0,0.650000000,sample,0.216509542,0.000004136,0.000000000,0.000000000,0.000000000,0.000000000,0.000000000,0,0,2.000000000,0.080000000,0.000000000,0.000000000,0.000293692,0.000000000,0.002642685,0.000000000,0.000000000,0.000000000,0.001255455,0.233932273,2,61.841840466,0,0.000000000,0.180979068,0.024615443,0.185310158,0.025196570,0.497269559,0.033794242,0.337894904,0.016797090,0.288718802,0.000587383,0.288718857,2.000000000,0.000000000,0.000000000,0.000000000,1.000000000,1.006543186,0.538073743,0.619464706,0.000000000,1.063577448,0.550481340,0.620184778,1,0,0,0.000000000,0.067978370,0.016995187,0.166863801,-0.009395880,-0.018468515,0.013287265,0.860083160,12.119898354,-0.542415402,-130.914169835,-0.110320597,142.886114174,44.736186754,0.000318597,-0.000987285,-0.000251766,0.000041067,-0.000336158,-0.000562257,0.000075662,0.000000000,0.000000000,0.000000000,0.000000000,0.000000000,0.000000000,0.000000000,0.000199926,0.000000392,-0.000197920,-0.000000025,0.000068898,0.000000076,-0.000048631,0.000000000,0.000000000,0.000000000,0.000000000,0.000000000,0.000000000,0.000000000,0.211301132,0.002868131,-0.045461186,0.125235081,0.456254530,0.336233901,0.010399567
0.700000000,0,0.700000000,sample,0.216509607,0.000001294,0.000000000,0.000000000,0.000000000,0.000000000,0.000000000,0,0,2.000000000,0.080000000,0.000000000,0.000000000,0.000174027,0.000000000,0.001642477,0.000000000,0.000000000,0.000000000,0.001555580,0.111872690,7,51.149276012,0,0.000000000,0.180050029,0.024650631,0.186563479,0.025088169,0.768992588,0.121605846,0.398039627,0.037637987,0.365721465,0.000348054,0.365721494,2.000000000,0.000000000,0.000000000,0.000000000,1.000000000,1.036308824,0.548223130,0.615464470,0.000000000,1.036308824,0.548223130,0.620315167,1,0,0,0.000000000,0.067849050,0.017337483,0.165873238,-0.009465791,-0.018352724,0.013462167,0.860001166,12.119761072,-0.542383192,-130.914217873,-0.110218762,142.886140887,44.736229802,-0.000149376,0.000982582,-0.000153483,-0.000277639,0.000030632,-0.000304539,0.001112531,0.000000000,0.000000000,0.000000000,0.000000000,0.000000000,0.000000000,0.000000000,-0.000118466,-0.000000232,0.000117278,0.000000015,-0.000040825,-0.000000045,0.000028816,0.000000000,0.000000000,0.000000000,0.000000000,0.000000000,0.000000000,0.000000000,0.201822571,0.015355936,-0.047539960,0.118335865,0.455620455,0.337436122,0.010573489
0.750000000,0,0.750000000,sample,0.216509602,-0.000000099,0.000000000,0.000000000,0.000000000,0.000000000,0.000000000,0,0,2.000000000,0.080000000,0.000000000,0.000000000,0.000339689,0.000000000,0.003128103,0.000000000,0.000000000,0.000000000,0.001109856,0.306065599,2,41.305796412,0,0.000000000,0.181609500,0.024779153,0.185098030,0.025207842,0.298945870,0.055165821,0.350877987,0.024844015,0.304217300,0.000679377,0.304217694,2.000000000,0.000000000,0.000000000,0.000000000,1.000000000,1.038835526,0.545149591,0.618036766,0.000000000,1.078908277,0.555520393,0.629858508,1,0,0,0.000000000,0.068448887,0.018148760,0.167234514,-0.009409862,-0.018534490,0.013488276,0.860005713,12.119898542,-0.542464057,-130.914221765,-0.110279547,142.886100087,44.736229802,0.000224838,-0.000713300,-0.000393735,-0.000201393,0.000126310,-0.000201456,0.000648310,0.000000000,0.000000000,0.000000000,0.000000000,0.000000000,0.000000000,0.000000000,0.000231238,0.000000453,-0.000228918,-0.000000029,0.000079688,0.000000088,-0.000056247,0.000000000,0.000000000,0.000000000,0.000000000,0.000000000,0.000000000,0.000000000,0.211219768,0.017047903,-0.046459395,0.120828613,0.455495142,0.335757657,0.009897715
0.800000000,0,0.800000000,sample,0.216509569,-0.000000671,0.000000000,0.000000000,0.000000000,0.000000000,0.000000000,0,0,2.000000000,0.080000000,0.000000000,0.000000000,0.000842313,0.000000000,0.001514427,0.000000000,0.000000000,0.000000000,0.001170793,0.719437419,2,27.349386617,0,0.000000000,0.180771281,0.024805822,0.186210174,0.025118717,0.242872806,0.045075896,0.372930224,0.027426840,0.327347035,0.001684625,0.327351112,2.000000000,0.000000000,0.000000000,0.000000000,1.000000000,1.006166843,0.539297439,0.617338474,0.000000000,1.046885799,0.550377276,0.618766414,1,0,0,0.000000000,0.067878331,0.018191432,0.166552875,-0.009511552,-0.018416467,0.013626919,0.859910004,12.119857514,-0.542392115,-130.914186098,-0.110137490,142.886141916,44.736229802,-0.000591678,0.000612286,0.000515016,0.000222949,0.000008323,-0.000011029,0.000575015,0.000000000,0.000000000,0.000000000,0.000000000,0.000000000,0.000000000,0.000000000,-0.000573392,-0.000001124,0.000567638,0.000000071,-0.000197600,-0.000000217,0.000139474,0.000000000,0.000000000,0.000000000,0.000000000,0.000000000,0.000000000,0.000000000,0.207600477,0.002727702,-0.044615284,0.119507937,0.455824146,0.337438263,0.009406886
0.850000000,0,0.850000000,sample,0.216509600,0.000000622,0.000000000,0.000000000,0.000000000,0.000000000,0.000000000,0,0,2.000000000,0.080000000,0.000000000,0.000000000,0.000221938,0.000000000,0.001393758,0.000000000,0.000000000,0.000000000,0.000983968,0.225554346,1,33.653811474,0,0.000000000,0.182811701,0.024818958,0.184143481,0.025062863,0.534929391,0.024238358,0.376668263,0.023361271,0.326611977,0.000443877,0.326611924,2.000000000,0.000000000,0.000000000,0.000000000,1.000000000,1.072720585,0.552082951,0.622756824,0.000000000,1.088229446,0.561000686,0.622756824,1,0,0,0.000000000,0.068494875,0.017741309,0.168563982,-0.009432622,-0.018588894,0.013470685,0.860005657,12.120067448,-0.542424397,-130.914209695,-0.110252671,142.886202681,44.736229802,0.000570819,0.000528051,0.000266465,0.000014036,0.000314859,0.000233173,0.000372580,0.000000000,0.000000000,0.000000000,0.000000000,0.000000000,0.000000000,0.000000000,0.000151081,0.000000296,-0.000149565,-0.000000019,0.000052066,0.000000057,-0.000036750,0.000000000,0.000000000,0.000000000,0.000000000,0.000000000,0.000000000,0.000000000,0.215583967,0.027679860,-0.045760664,0.128061734,0.456551188,0.336920357,0.011630974
0.900000000,0,0.900000000,sample,0.216509736,0.000002721,0.000000000,0.000000000,0.000000000,0.000000000,0.000000000,0,0,2.000000000,0.080000000,0.000000000,0.000000000,0.000237826,0.000000000,0.001024604,0.000000000,0.000000000,0.000000000,0.001231319,0.193147805,7,49.607954303,0,0.000000000,0.181918481,0.024697121,0.187328446,0.025349231,0.411519901,0.032866617,0.359222102,0.019472592,0.304201044,0.000475653,0.304201243,2.000000000,0.000000000,0.000000000,0.000000000,1.000000000,0.952389851,0.523459841,0.623013591,0.000000000,1.210088765,0.586139970,0.625892495,1,0,0,0.000000000,0.068663809,0.017489198,0.167552210,-0.009479939,-0.018481528,0.013360826,0.859909836,12.119889644,-0.542310801,-130.914311673,-0.110218008,142.886235067,44.736107405,-0.000697600,-0.000169778,-0.000050470,-0.000042858,0.000253851,0.000423937,-0.000867254,0.000000000,0.000000000,0.000000000,0.000000000,0.000000000,0.000000000,0.000000000,-0.000161897,-0.000000317,0.000160272,0.000000020,-0.000055792,-0.000000061,0.000039381,0.000000000,0.000000000,0.000000000,0.000000000,0.000000000,0.000000000,0.000000000,0.214708863,-0.019903379,-0.052788019,0.129859068,0.456945293,0.336287028,0.010581828
0.950000000,0,0.950000000,sample,0.216509435,-0.000006015,0.000000000,0.000000000,0.000000000,0.000000000,0.000000000,0,0,2.000000000,0.080000000,0.000000000,0.000000000,0.001393765,0.000000000,0.005127462,0.000000000,0.000000000,0.000000000,0.003204169,0.434984822,1,74.930201397,0,0.000000000,0.183278213,0.024917572,0.184181003,0.024917572,1.933192952,0.209199404,0.389041394,0.031553039,0.349607052,0.002787530,0.349612425,2.000000000,0.000000000,0.000000000,0.000000000,1.000000000,1.050373060,0.574531426,0.613907215,0.000000000,1.056217069,0.587619178,0.623332339,1,0,0,0.000000000,0.068388017,0.017771240,0.169109921,-0.009497172,-0.018732473,0.013408339,0.860005713,12.120192724,-0.542439025,-130.914085654,-0.110137237,142.886061038,44.736060777,0.002773600,0.001098032,0.000747559,0.000617799,0.000039211,-0.000652744,0.000005920,0.000000000,0.000000000,0.000000000,0.000000000,0.000000000,0.000000000,0.000000000,0.000948783,0.000001860,-0.000939261,-0.000000118,0.000326974,0.000000360,-0.000230791,0.000000000,0.000000000,0.000000000,0.000000000,0.000000000,0.000000000,0.000000000,0.173333423,0.020742788,-0.082936427,0.125665624,0.458281666,0.337067394,0.010025752
1.000000000,0,1.000000000,sample,0.216509449,0.000000284,0.000000000,0.000000000,0.000000000,0.000000000,0.000000000,0,0,2.000000000,0.080000000,0.000000000,0.000000000,0.001197590,0.000000000,0.004441194,0.000000000,0.000000000,0.000000000,0.001401009,0.854805363,3,54.795015539,0,0.000000000,0.180181333,0.024622869,0.187248010,0.025426111,0.520042866,0.052267696,0.337231824,0.017950864,0.280469046,0.002395179,0.280479784,2.000000000,0.000000000,0.000000000,0.000000000,1.000000000,1.016399657,0.529693242,0.625202060,0.000000000,1.052097385,0.591133343,0.648139924,1,0,0,0.000000000,0.067184972,0.018137062,0.166200298,-0.009459542,-0.018351877,0.013416830,0.859911511,12.119889700,-0.542379053,-130.914089035,-0.110229141,142.886141894,44.736107405,-0.000630960,-0.000391327,0.001037078,0.000398577,-0.000003414,0.000096262,0.000409762,0.000000000,0.000000000,0.000000000,0.000000000,0.000000000,0.000000000,0.000000000,-0.000815241,-0.000001598,0.000807060,0.000000101,-0.000280945,-0.000000309,0.000198303,0.000000000,0.000000000,0.000000000,0.000000000,0.000000000,0.000000000,0.000000000,0.232812346,0.006011855,-0.022790577,0.119282013,0.456691002,0.336515517,0.009105551
1.051000000,0,1.051000000,sample,0.216509581,0.000002576,0.000000000,0.000000000,0.000000000,0.000000000,0.000000000,0,0,2.000000000,0.080000000,0.000000000,0.000000000,0.000935823,0.000000000,0.003488618,0.000000000,0.000000000,0.000000000,0.001254647,0.745885434,1,32.657981634,0,0.000000000,0.182153761,0.024895224,0.184565874,0.025173958,0.376542123,0.049085691,0.381187200,0.027389986,0.335904223,0.001871646,0.335909292,2.000000000,0.000000000,0.000000000,0.000000000,1.000000000,1.055490031,0.547173137,0.623656829,0.000000000,1.055490031,0.590768550,0.624097106,1,0,0,0.000000000,0.068364259,0.018558646,0.167815068,-0.009531347,-0.018556384,0.013586250,0.859910004,12.119985353,-0.542434401,-130.914197598,-0.110086986,142.886141675,44.736107405,-0.000716995,0.000567373,0.000366688,-0.000039992,-0.000397728,0.000132549,0.000652939,0.000000000,0.000000000,0.000000000,0.000000000,0.000000000,0.000000000,0.000000000,-0.000637047,-0.000001249,0.000630654,0.000000079,-0.000219539,-0.000000241,0.000154959,0.000000000,0.000000000,0.000000000,0.000000000,0.000000000,0.000000000,0.000000000,0.220151477,0.022609414,-0.037965948,0.119571854,0.459147510,0.336588731,0.011078376
1.101000000,0,1.101000000,sample,0.216509756,0.000003513,0.000000000,0.000000000,0.000000000,0.000000000,0.000000000,0,0,2.000000000,0.080000000,0.000000000,0.000000000,0.000132904,0.000000000,0.004116248,0.000000000,0.000000000,0.000000000,0.001230166,0.108037407,7,74.393278635,0,0.000000000,0.184017211,0.024784593,0.186292121,0.025359135,0.421080244,0.095873846,0.360098833,0.018517220,0.308780033,0.000265808,0.308780073,2.000000000,0.000000000,0.000000000,0.000000000,1.000000000,1.069025636,0.556967088,0.622508327,0.000000000,1.080594369,0.592815456,0.633890259,1,0,0,0.000000000,0.069429678,0.017872076,0.169476968,-0.009443415,-0.018693268,0.013253668,0.860005734,12.120081062,-0.542439592,-130.914335096,-0.110229296,142.886238127,44.735979179,0.000302769,-0.000129031,0.000415464,0.000183411,0.000133568,-0.000234735,-0.001061037,0.000000000,0.000000000,0.000000000,0.000000000,0.000000000,0.000000000,0.000000000,0.000090472,0.000000177,-0.000089564,-0.000000011,0.000031179,0.000000034,-0.000022007,0.000000000,0.000000000,0.000000000,0.000000000,0.000000000,0.000000000,0.000000000,0.217928352,0.028403266,-0.036763407,0.118669202,0.458715681,0.336598662,0.008027635
1.151000000,0,1.151000000,sample,0.216509638,-0.000002364,0.000000000,0.000000000,0.000000000,0.000000000,0.000000000,0,0,2.000000000,0.080000000,0.000000000,0.000000000,0.000545775,0.000000000,0.002451555,0.000000000,0.000000000,0.000000000,0.001443519,0.378086561,3,69.291472413,0,0.000000000,0.180267876,0.024784689,0.186754501,0.025388557,0.997311286,0.094548321,0.353446018,0.028148026,0.306533769,0.001091550,0.306535056,2.000000000,0.000000000,0.000000000,0.000000000,1.000000000,1.059608321,0.555534416,0.623392285,0.000000000,1.069975642,0.556868522,0.624236076,1,0,0,0.000000000,0.067484480,0.020173242,0.165937918,-0.009523998,-0.018231329,0.013827253,0.859910004,12.119777984,-0.542606079,-130.914241542,-0.110045936,142.886302722,44.736148204,-0.000544668,-0.000331129,-0.001201607,0.000261005,0.000219567,-0.000062226,-0.000336709,0.000000000,0.000000000,0.000000000,0.000000000,0.000000000,0.000000000,0.000000000,0.000371528,0.000000729,-0.000367800,-0.000000046,0.000128034,0.000000141,-0.000090372,0.000000000,0.000000000,0.000000000,0.000000000,0.000000000,0.000000000,0.000000000,0.208429991,0.022474922,-0.050624676,0.123758858,0.460414611,0.338636024,0.011604898
1.201000000,0,1.201000000,sample,0.216509347,-0.000005812,0.000000000,0.000000000,0.000000000,0.000000000,0.000000000,0,0,2.000000000,0.080000000,0.000000000,0.000000000,0.000656784,0.000000000,0.003479786,0.000000000,0.000000000,0.000000000,0.001701994,0.385890712,4,65.481028465,0,0.000000000,0.181120405,0.024779779,0.185822431,0.025240676,0.823895241,0.076461169,0.336533341,0.018833208,0.273868659,0.001313567,0.273871697,2.000000000,0.000000000,0.000000000,0.000000000,1.000000000,1.055950191,0.563153105,0.618670944,0.000000000,1.092692763,0.565351481,0.648586540,1,0,0,0.000000000,0.067018462,0.017200734,0.167383576,-0.009555970,-0.018438489,0.013518248,0.860050140,12.120081233,-0.542433377,-130.914005648,-0.110045936,142.886163455,44.736148204,-0.000876736,0.000324852,0.000152162,0.001377259,0.000001313,0.000196316,-0.000253081,0.000000000,0.000000000,0.000000000,0.000000000,0.000000000,0.000000000,0.000000000,-0.000447095,-0.000000877,0.000442608,0.000000055,-0.000154079,-0.000000169,0.000108755,0.000000000,0.000000000,0.000000000,0.000000000,0.000000000,0.000000000,0.000000000,0.190519805,0.022436389,-0.063515573,0.114187827,0.461822554,0.339793525,0.011821607
1.251000000,0,1.251000000,sample,0.216509812,0.000009298,0.000000000,0.000000000,0.000000000,0.000000000,0.000000000,0,0,2.000000000,0.080000000,0.000000000,0.000000000,0.000194664,0.000000000,0.002292861,0.000000000,0.000000000,0.000000000,0.001718595,0.113269439,5,43.730998615,0,0.000000000,0.182977213,0.024963717,0.186669124,0.025206447,0.458653676,0.070598344,0.385677031,0.030827078,0.346937742,0.000389329,0.346938218,2.000000000,0.000000000,0.000000000,0.000000000,1.000000000,1.050061704,0.552864871,0.620286383,0.000000000,1.059251774,0.563747774,0.623007625,1,0,0,0.000000000,0.069588188,0.018337686,0.168231608,-0.009556765,-0.018638762,0.013581310,0.860046453,12.119894183,-0.542549559,-130.914390416,-0.110005360,142.886160893,44.736060777,-0.000494232,0.000002990,0.000398442,-0.000643052,0.001136497,-0.000303846,-0.000867799,0.000000000,0.000000000,0.000000000,0.000000000,0.000000000,0.000000000,0.000000000,-0.000132515,-0.000000260,0.000131185,0.000000016,-0.000045667,-0.000000050,0.000032233,0.000000000,0.000000000,0.000000000,0.000000000,0.000000000,0.000000000,0.000000000,0.205322927,0.020387318,-0.051333803,0.112939987,0.460148074,0.339041273,0.010306076
1.301000000,0,1.301000000,sample,0.216509586,-0.000004522,0.000000000,0.000000000,0.000000000,0.000000000,0.000000000,0,0,2.000000000,0.080000000,0.000000000,0.000000000,0.000145455,0.000000000,0.002363489,0.000000000,0.000000000,0.000000000,0.001195492,0.121669374,7,51.638025776,0,0.000000000,0.181974396,0.024764621,0.185366370,0.025252841,0.484402753,0.077919343,0.344732588,0.014908052,0.287273890,0.000290909,0.287274338,2.000000000,0.000000000,0.000000000,0.000000000,1.000000000,1.072402320,0.561734463,0.625841131,0.000000000,1.072402320,0.571065638,0.626879468,1,0,0,0.000000000,0.068307859,0.017159280,0.167792360,-0.009563913,-0.018538656,0.013346769,0.860019281,12.119985353,-0.542398894,-130.914198460,-0.110045936,142.886160884,44.735979179,-0.000016671,-0.000031156,0.000457810,0.000676991,0.000137581,-0.000055727,-0.000859076,0.000000000,0.000000000,0.000000000,0.000000000,0.000000000,0.000000000,0.000000000,-0.000099016,-0.000000194,0.000098022,0.000000012,-0.000034123,-0.000000037,0.000024085,0.000000000,0.000000000,0.000000000,0.000000000,0.000000000,0.000000000,0.000000000,0.209360988,0.026317167,-0.051471218,0.125902592,0.461745606,0.339599249,0.010728547
1.351000000,0,1.351000000,sample,0.216509603,0.000000329,0.000000000,0.000000000,0.000000000,0.000000000,0.000000000,0,0,2.000000000,0.080000000,0.000000000,0.000000000,0.000171213,0.000000000,0.001406582,0.000000000,0.000000000,0.000000000,0.001396524,0.122599376,3,27.194210892,0,0.000000000,0.183076479,0.024773588,0.187500371,0.025520959,0.607663830,0.100368075,0.368445612,0.021802646,0.320481152,0.000342426,0.320480737,2.000000000,0.000000000,0.000000000,0.000000000,1.000000000,1.011076591,0.538712890,0.625559482,0.000000000,1.081374618,0.565051114,0.628388862,1,0,0,0.000000000,0.068911007,0.015624010,0.168890973,-0.009548947,-0.018699852,0.013147768,0.860132345,12.120085843,-0.542343883,-130.914212620,-0.110086735,142.886114435,44.735979432,0.000355162,0.000598162,0.000728260,0.000632934,-0.000074263,-0.000451185,-0.000571218,0.000000000,0.000000000,0.000000000,0.000000000,0.000000000,0.000000000,0.000000000,-0.000116551,-0.000000228,0.000115381,0.000000014,-0.000040166,-0.000000044,0.000028351,0.000000000,0.000000000,0.000000000,0.000000000,0.000000000,0.000000000,0.000000000,0.219187775,0.004007085,-0.049215774,0.119829883,0.460682565,0.337895235,0.009072993
1.401000000,0,1.401000000,sample,0.216509463,-0.000002799,0.000000000,0.000000000,0.000000000,0.000000000,0.000000000,0,0,2.000000000,0.080000000,0.000000000,0.000000000,0.000726861,0.000000000,0.001638586,0.000000000,0.000000000,0.000000000,0.001552660,0.468138928,3,53.855873582,0,0.000000000,0.180051671,0.024351516,0.184537904,0.025090621,0.899843252,0.133962961,0.330228447,0.011779912,0.267982127,0.001453721,0.267986445,2.000000000,0.000000000,0.000000000,0.000000000,1.000000000,1.048377404,0.550487241,0.628046219,0.000000000,1.076502882,0.556328854,0.628046219,1,0,0,0.000000000,0.066502196,0.014967718,0.166649421,-0.009544818,-0.018194630,0.013070892,0.860141347,12.119987367,-0.542283529,-130.914075859,-0.110121705,142.886384514,44.735999670,0.000070447,-0.000285547,0.001139444,0.000757202,-0.000400739,0.000113291,-0.000528337,0.000000000,0.000000000,0.000000000,0.000000000,0.000000000,0.000000000,0.000000000,-0.000494799,-0.000000970,0.000489834,0.000000061,-0.000170518,-0.000000188,0.000120358,0.000000000,0.000000000,0.000000000,0.000000000,0.000000000,0.000000000,0.000000000,0.211915073,0.015351779,-0.056274496,0.129255088,0.461811430,0.340600078,0.012102558
1.451000000,0,1.451000000,sample,0.216509782,0.000006387,0.000000000,0.000000000,0.000000000,0.000000000,0.000000000,0,0,2.000000000,0.080000000,0.000000000,0.000000000,0.000714670,0.000000000,0.002145134,0.000000000,0.000000000,0.000000000,0.001115161,0.640867215,1,53.518627848,0,0.000000000,0.183824987,0.024829484,0.187917032,0.025473487,0.407978606,0.073357900,0.362382298,0.019603880,0.314053806,0.001429340,0.314056934,2.000000000,0.000000000,0.000000000,0.000000000,1.000000000,1.001400448,0.540886590,0.625372610,0.000000000,1.080344714,0.554993071,0.628332907,1,0,0,0.000000000,0.069170299,0.017410608,0.169422449,-0.009552992,-0.018604200,0.013383847,0.860101422,12.120081740,-0.542504471,-130.914349978,-0.110025587,142.886342938,44.735979179,0.000815812,-0.000118632,-0.000069258,0.000156742,0.000072137,-0.000439573,-0.000579800,0.000000000,0.000000000,0.000000000,0.000000000,0.000000000,0.000000000,0.000000000,0.000486500,0.000000954,-0.000481618,-0.000000060,0.000167659,0.000000184,-0.000118341,0.000000000,0.000000000,0.000000000,0.000000000,0.000000000,0.000000000,0.000000000,0.213934128,-0.000615351,-0.046616268,0.121260676,0.462364586,0.338458478,0.010503899
1.501000000,0,1.501000000,sample,0.216509644,-0.000002755,0.000000000,0.000000000,0.000000000,0.000000000,0.000000000,0,0,2.000000000,0.080000000,0.000000000,0.000000000,0.000671792,0.000000000,0.001654080,0.000000000,0.000000000,0.000000000,0.001543696,0.435184064,3,45.173250599,0,0.000000000,0.180591830,0.024848398,0.186623285,0.025223363,0.917225606,0.123738731,0.329207080,0.025318419,0.272790865,0.001343584,0.272794508,2.000000000,0.000000000,0.000000000,0.000000000,1.000000000,1.053602023,0.555722044,0.626228882,0.000000000,1.054123837,0.558362554,0.626726720,1,0,0,0.000000000,0.067843861,0.020190602,0.166141383,-0.009494691,-0.018308052,0.013860337,0.860051439,12.119778009,-0.542742609,-130.914258525,-0.110045936,142.886242438,44.736189003,0.000126797,-0.000563783,-0.001037534,0.000697991,-0.000026049,0.000261126,0.000645394,0.000000000,0.000000000,0.000000000,0.000000000,0.000000000,0.000000000,0.000000000,0.000457312,0.000000897,-0.000452723,-0.000000057,0.000157596,0.000000173,-0.000111238,0.000000000,0.000000000,0.000000000,0.000000000,0.000000000,0.000000000,0.000000000,0.213104318,0.019430492,-0.046095564,0.125430952,0.462192925,0.338787404,0.010709259
1.551000000,0,1.551000000,sample,0.216509827,0.000003646,0.000000000,0.000000000,0.000000000,0.000000000,0.000000000,0,0,2.000000000,0.080000000,0.000000000,0.000000000,0.000172550,0.000000000,0.001506113,0.000000000,0.000000000,0.000000000,0.001163501,0.148302731,7,72.166369963,0,0.000000000,0.187244838,0.025298915,0.188562461,0.025380147,0.219807391,0.054854308,0.385137626,0.027517208,0.337337896,0.000345101,0.337338201,2.000000000,0.000000000,0.000000000,0.000000000,1.000000000,1.008398760,0.541419346,0.626899852,0.000000000,1.075514643,0.562121781,0.627882222,1,0,0,0.000000000,0.070678255,0.018448870,0.172408970,-0.009500762,-0.019004695,0.013732888,0.860046398,12.120358079,-0.542550748,-130.914395117,-0.110086735,142.886262648,44.736276429,0.000248862,0.000115255,-0.000286963,-0.000358671,-0.000114357,0.000278401,0.000988403,0.000000000,0.000000000,0.000000000,0.000000000,0.000000000,0.000000000,0.000000000,0.000117461,0.000000230,-0.000116282,-0.000000015,0.000040481,0.000000045,-0.000028573,0.000000000,0.000000000,0.000000000,0.000000000,0.000000000,0.000000000,0.000000000,0.214380811,0.001464278,-0.047328272,0.129534482,0.462445609,0.337641576,0.012854017
1.601000000,0,1.601000000,sample,0.216509611,-0.000004315,0.000000000,0.000000000,0.000000000,0.000000000,0.000000000,0,0,2.000000000,0.080000000,0.000000000,0.000000000,0.001302917,0.000000000,0.001302917,0.000000000,0.000000000,0.000000000,0.001515941,0.859477243,1,82.237900739,0,0.000000000,0.180184231,0.024820587,0.188985600,0.025535707,0.503852506,0.065580296,0.353300844,0.024627193,0.302125710,0.002605834,0.302136875,2.000000000,0.000000000,0.000000000,0.000000000,1.000000000,1.048733647,0.560122848,0.626206048,0.000000000,1.048733647,0.560122848,0.629649983,1,0,0,0.000000000,0.067690451,0.018405818,0.165968629,-0.009559123,-0.018321258,0.013748317,0.859802864,12.119783026,-0.542317441,-130.914212490,-0.110086484,142.886189217,44.736276429,-0.001374733,-0.000242018,0.000493794,0.000044499,-0.000049317,0.000287943,0.000135859,0.000000000,0.000000000,0.000000000,0.000000000,0.000000000,0.000000000,0.000000000,-0.000886941,-0.000001738,0.000878041,0.000000110,-0.000305652,-0.000000336,0.000215742,0.000000000,0.000000000,0.000000000,0.000000000,0.000000000,0.000000000,0.000000000,0.208152986,0.017902870,-0.057339167,0.125104630,0.463218216,0.338961287,0.009001045
1.651000000,0,1.651000000,sample,0.216509545,-0.000001317,0.000000000,0.000000000,0.000000000,0.000000000,0.000000000,0,0,2.000000000,0.080000000,0.000000000,0.000000000,0.000202777,0.000000000,0.001442577,0.000000000,0.000000000,0.000000000,0.001579217,0.128403295,7,75.810073850,0,0.000000000,0.182764079,0.025150575,0.189442654,0.025641994,0.328305485,0.113337724,0.349522772,0.031444612,0.302055910,0.000405553,0.302056181,2.000000000,0.000000000,0.000000000,0.000000000,1.000000000,1.036312231,0.555351877,0.629721910,0.000000000,1.090710716,0.573824225,0.631639536,1,0,0,0.000000000,0.068572293,0.016923514,0.168564954,-0.009647290,-0.018662848,0.013826760,0.860019293,12.120081145,-0.542388386,-130.914167371,-0.109906620,142.886100448,44.736358027,0.000172925,-0.000454031,-0.000290074,0.000157404,0.000502572,-0.000075722,0.001375008,0.000000000,0.000000000,0.000000000,0.000000000,0.000000000,0.000000000,0.000000000,0.000138037,0.000000271,-0.000136652,-0.000000017,0.000047571,0.000000052,-0.000033577,0.000000000,0.000000000,0.000000000,0.000000000,0.000000000,0.000000000,0.000000000,0.219163804,0.011979486,-0.051082980,0.127783473,0.462980136,0.339190922,0.005850477
1.701000000,0,1.701000000,sample,0.216509617,0.000001443,0.000000000,0.000000000,0.000000000,0.000000000,0.000000000,0,0,2.000000000,0.080000000,0.000000000,0.000000000,0.000257926,0.000000000,0.002444324,0.000000000,0.000000000,0.000000000,0.003597131,0.071703167,5,85.809222757,0,0.000000000,0.180823841,0.024560789,0.188347268,0.025426872,0.598013736,0.239254860,0.348670048,0.022537575,0.296234278,0.000515851,0.296233457,2.000000000,0.000000000,0.000000000,0.000000000,1.000000000,1.016447567,0.549877665,0.625491029,0.000000000,1.041955014,0.558060109,0.628838733,1,0,0,0.000000000,0.067583741,0.016782651,0.166877327,-0.009516362,-0.018307690,0.013322903,0.860107450,12.119902093,-0.542438085,-130.914214419,-0.110114924,142.886324052,44.736060777,0.001116059,-0.000572884,0.000258529,-0.000207545,-0.003332140,0.000129059,0.000368570,0.000000000,0.000000000,0.000000000,0.000000000,0.000000000,0.000000000,0.000000000,-0.000175579,-0.000000344,0.000173817,0.000000022,-0.000060508,-0.000000067,0.000042709,0.000000000,0.000000000,0.000000000,0.000000000,0.000000000,0.000000000,0.000000000,0.212554086,0.006369111,-0.052666984,0.119965689,0.463117097,0.338103542,0.007886354
1.751000000,0,1.751000000,sample,0.216509446,-0.000003418,0.000000000,0.000000000,0.000000000,0.000000000,0.000000000,0,0,2.000000000,0.080000000,0.000000000,0.000000000,0.000086744,0.000000000,0.002486849,0.000000000,0.000000000,0.000000000,0.001871155,0.046358705,7,52.563345774,0,0.000000000,0.183526135,0.024946834,0.187138474,0.025315034,0.506367720,0.115714624,0.350516600,0.030261164,0.295658005,0.000173489,0.295658042,2.000000000,0.000000000,0.000000000,0.000000000,1.000000000,1.049966174,0.557287076,0.627938138,0.000000000,1.075210552,0.561550107,0.628833920,1,0,0,0.000000000,0.067456668,0.018572525,0.169665852,-0.009531749,-0.018512861,0.013739150,0.860011761,12.120315099,-0.542537185,-130.914074810,-0.110045936,142.886391483,44.736229805,0.000067713,0.000451476,-0.000252116,0.001100341,0.000404294,0.000121159,0.001356598,0.000000000,0.000000000,0.000000000,0.000000000,0.000000000,0.000000000,0.000000000,0.000059050,0.000000116,-0.000058457,-0.000000007,0.000020350,0.000000022,-0.000014364,0.000000000,0.000000000,0.000000000,0.000000000,0.000000000,0.000000000,0.000000000,0.210760609,0.016942183,-0.052842464,0.129634000,0.463432904,0.339273940,0.011183520
1.801000000,0,1.801000000,sample,0.216509839,0.000007864,0.000000000,0.000000000,0.000000000,0.000000000,0.000000000,0,0,2.000000000,0.080000000,0.000000000,0.000000000,0.000898248,0.000000000,0.001495503,0.000000000,0.000000000,0.000000000,0.001348396,0.666160504,3,78.137116943,0,0.000000000,0.185061980,0.025078625,0.188085292,0.025379413,0.691645748,0.082591515,0.388796197,0.031927079,0.350617165,0.001796497,0.350622120,2.000000000,0.000000000,0.000000000,0.000000000,1.000000000,0.987755593,0.540964720,0.625633324,0.000000000,1.062193410,0.561807315,0.627363867,1,0,0,0.000000000,0.069699556,0.019223676,0.170353628,-0.009484618,-0.018695661,0.013764146,0.860062192,12.120148584,-0.542646906,-130.914402994,-0.110086734,142.886369932,44.736229811,0.000119931,-0.000055440,-0.001191918,-0.000510667,0.000106484,-0.000321106,0.000069421,0.000000000,0.000000000,0.000000000,0.000000000,0.000000000,0.000000000,0.000000000,0.000611468,0.000001199,-0.000605331,-0.000000076,0.000210727,0.000000232,-0.000148740,0.000000000,0.000000000,0.000000000,0.000000000,0.000000000,0.000000000,0.000000000,0.209021533,-0.005813543,-0.058716135,0.120596110,0.463638772,0.338575026,0.010406363
1.851000000,0,1.851000000,sample,0.216509845,0.000000103,0.000000000,0.000000000,0.000000000,0.000000000,0.000000000,0,0,2.000000000,0.080000000,0.000000000,0.000000000,0.000616787,0.000000000,0.001533098,0.000000000,0.000000000,0.000000000,0.001325564,0.465301934,7,62.088290652,0,0.000000000,0.184407447,0.025072940,0.185647473,0.025321762,0.389328680,0.054264204,0.387368634,0.028466705,0.341920162,0.001233575,0.341922655,2.000000000,0.000000000,0.000000000,0.000000000,1.000000000,1.069057390,0.558630086,0.630576096,0.000000000,1.077772180,0.565105671,0.630829097,1,0,0,0.000000000,0.070060920,0.017434143,0.169686843,-0.009554588,-0.018775665,0.013595462,0.859910011,12.120046289,-0.542317335,-130.914402724,-0.110085730,142.886188432,44.736229802,-0.000250010,0.000288540,0.000357642,-0.000506651,-0.000141275,0.000340342,0.001044493,0.000000000,0.000000000,0.000000000,0.000000000,0.000000000,0.000000000,0.000000000,-0.000419868,-0.000000823,0.000415655,0.000000052,-0.000144696,-0.000000159,0.000102132,0.000000000,0.000000000,0.000000000,0.000000000,0.000000000,0.000000000,0.000000000,0.218094289,0.022982486,-0.048522350,0.127751815,0.462881616,0.341344662,0.009076688
1.901000000,0,1.901000000,sample,0.216509649,-0.000003909,0.000000000,0.000000000,0.000000000,0.000000000,0.000000000,0,0,2.000000000,0.080000000,0.000000000,0.000000000,0.001253099,0.000000000,0.001609728,0.000000000,0.000000000,0.000000000,0.002180373,0.574717884,7,68.062485619,0,0.000000000,0.185096580,0.024911503,0.189176188,0.025487643,0.255039471,0.133286689,0.360205173,0.015159085,0.301678394,0.002506198,0.301689053,2.000000000,0.000000000,0.000000000,0.000000000,1.000000000,1.019018274,0.542821477,0.626961084,0.000000000,1.079626316,0.560825437,0.632438225,1,0,0,0.000000000,0.069668120,0.016620737,0.170677615,-0.009519126,-0.018877655,0.013175862,0.860238607,12.120250970,-0.542549671,-130.914258871,-0.110060667,142.886147660,44.735891753,0.000842645,0.000100564,-0.000685885,0.000423397,-0.000344174,0.000173195,-0.001798807,0.000000000,0.000000000,0.000000000,0.000000000,0.000000000,0.000000000,0.000000000,0.000853027,0.000001673,-0.000844466,-0.000000106,0.000293976,0.000000323,-0.000207500,0.000000000,0.000000000,0.000000000,0.000000000,0.000000000,0.000000000,0.000000000,0.216028794,0.006174828,-0.056797158,0.119071078,0.462100411,0.339639479,0.008833335
1.951000000,0,1.951000000,sample,0.216509619,-0.000000597,0.000000000,0.000000000,0.000000000,0.000000000,0.000000000,0,0,2.000000000,0.080000000,0.000000000,0.000000000,0.000098877,0.000000000,0.001645145,0.000000000,0.000000000,0.000000000,0.000843379,0.117239011,1,40.595762404,0,0.000000000,0.180694075,0.024858422,0.186943915,0.025181898,0.562731016,0.081153062,0.366398075,0.021368029,0.320835276,0.000197754,0.320835091,2.000000000,0.000000000,0.000000000,0.000000000,1.000000000,1.078611876,0.565916577,0.626032922,0.000000000,1.079004984,0.565916577,0.629258551,1,0,0,0.000000000,0.068146947,0.016597443,0.166525875,-0.009662791,-0.018436941,0.013588629,0.860005937,12.119824877,-0.542343319,-130.914223583,-0.109903631,142.886127163,44.736148204,0.000537357,-0.000032766,0.000461248,-0.000201738,-0.000045716,-0.000238077,-0.000330519,0.000000000,0.000000000,0.000000000,0.000000000,0.000000000,0.000000000,0.000000000,0.000067309,0.000000132,-0.000066634,-0.000000008,0.000023196,0.000000025,-0.000016372,0.000000000,0.000000000,0.000000000,0.000000000,0.000000000,0.000000000,0.000000000,0.207394574,0.030010713,-0.062577052,0.120369719,0.462572699,0.339933483,0.008428324
2.001000000,0,2.001000000,sample,0.216509570,-0.000000977,0.000000000,0.000000000,0.000000000,0.000000000,0.000000000,0,0,2.000000000,0.080000000,0.000000000,0.000000000,0.000281654,0.000000000,0.001389751,0.000000000,0.000000000,0.000000000,0.000910441,0.309359866,2,82.622957779,0,0.000000000,0.183150726,0.024960705,0.188859907,0.025551537,0.447062312,0.042355292,0.344086036,0.017385174,0.289964274,0.000563308,0.289964427,2.000000000,0.000000000,0.000000000,0.000000000,1.000000000,1.030827024,0.548169446,0.631497464,0.000000000,1.089952684,0.566795974,0.631842995,1,0,0,0.000000000,0.068212238,0.018692362,0.168943407,-0.009547058,-0.018556250,0.013695111,0.860010260,12.120139990,-0.542550732,-130.914184513,-0.110018081,142.886282975,44.736148204,0.000292925,-0.000827565,-0.000177623,-0.000016978,-0.000064440,-0.000076391,0.000128091,0.000000000,0.000000000,0.000000000,0.000000000,0.000000000,0.000000000,0.000000000,0.000191731,0.000000376,-0.000189807,-0.000000024,0.000066075,0.000000073,-0.000046639,0.000000000,0.000000000,0.000000000,0.000000000,0.000000000,0.000000000,0.000000000,0.219956707,0.008743585,-0.055001395,0.126780722,0.463836548,0.340611403,0.008524538
2.051000000,0,2.051000000,sample,0.216509484,-0.000001722,0.000000000,0.000000000,0.000000000,0.000000000,0.000000000,0,0,2.000000000,0.080000000,0.000000000,0.000000000,0.001684050,0.000000000,0.001684050,0.000000000,0.000000000,0.000000000,0.002093983,0.804233092,1,70.163492404,0,0.000000000,0.179496383,0.024625900,0.186792909,0.025370721,0.576054412,0.032310043,0.351361445,0.018529198,0.294896571,0.003368101,0.294915829,2.000000000,0.000000000,0.000000000,0.000000000,1.000000000,1.076896696,0.565126122,0.629734678,0.000000000,1.076896696,0.565332468,0.631697324,1,0,0,0.000000000,0.066914085,0.015660607,0.165819788,-0.009561946,-0.018233526,0.013510835,0.860319689,12.119845635,-0.542537017,-130.914116631,-0.110005096,142.886243178,44.736276429,0.001753997,0.000006186,-0.000727849,0.000113168,0.000435461,0.000437227,0.000620369,0.000000000,0.000000000,0.000000000,0.000000000,0.000000000,0.000000000,0.000000000,0.001146392,0.000002248,-0.001134888,-0.000000142,0.000395065,0.000000434,-0.000278853,0.000000000,0.000000000,0.000000000,0.000000000,0.000000000,0.000000000,0.000000000,0.214820903,0.028130879,-0.057253558,0.123252167,0.463939719,0.340384446,0.007463160
2.101000000,0,2.101000000,sample,0.216509676,0.000003826,0.000000000,0.000000000,0.000000000,0.000000000,0.000000000,0,0,2.000000000,0.080000000,0.000000000,0.000000000,0.000706538,0.000000000,0.001325933,0.000000000,0.000000000,0.000000000,0.001271124,0.555837040,3,82.999147460,0,0.000000000,0.187005565,0.025394205,0.187098134,0.025394205,0.711405066,0.086792658,0.381905533,0.031749950,0.341885890,0.001413076,0.341888735,2.000000000,0.000000000,0.000000000,0.000000000,1.000000000,1.044513687,0.552329851,0.631440283,0.000000000,1.103002980,0.573077535,0.634056936,1,0,0,0.000000000,0.070608647,0.019556213,0.172055383,-0.009461069,-0.019106477,0.013794795,0.860127786,12.120358145,-0.542742670,-130.914297370,-0.110084445,142.886062716,44.736229802,-0.000121579,-0.000082470,-0.001158043,-0.000044965,0.000107562,-0.000479638,0.000097289,0.000000000,0.000000000,0.000000000,0.000000000,0.000000000,0.000000000,0.000000000,0.000480964,0.000000944,-0.000476137,-0.000000060,0.000165754,0.000000182,-0.000116996,0.000000000,0.000000000,0.000000000,0.000000000,0.000000000,0.000000000,0.000000000,0.218105251,0.014226925,-0.054775774,0.124572681,0.464748671,0.341099940,0.009235296
2.151000000,0,2.151000000,sample,0.216509722,0.000000938,0.000000000,0.000000000,0.000000000,0.000000000,0.000000000,0,0,2.000000000,0.080000000,0.000000000,0.000000000,0.000416093,0.000000000,0.001366802,0.000000000,0.000000000,0.000000000,0.002135933,0.194806306,7,62.875582189,0,0.000000000,0.184510660,0.024853142,0.189716029,0.025491645,0.917458260,0.199191168,0.387342166,0.028519614,0.342733310,0.000832186,0.342733504,2.000000000,0.000000000,0.000000000,0.000000000,1.000000000,1.019944702,0.548152739,0.630076403,0.000000000,1.047503823,0.553924510,0.631343589,1,0,0,0.000000000,0.069777873,0.015327160,0.170118518,-0.009563562,-0.018830906,0.013100149,0.860162384,12.120155074,-0.542343883,-130.914307475,-0.110060324,142.886147635,44.735940657,0.000910189,0.000631949,0.000648537,-0.000053850,-0.000203517,-0.000031168,-0.001693669,0.000000000,0.000000000,0.000000000,0.000000000,0.000000000,0.000000000,0.000000000,0.000283249,0.000000555,-0.000280406,-0.000000035,0.000097614,0.000000107,-0.000068900,0.000000000,0.000000000,0.000000000,0.000000000,0.000000000,0.000000000,0.000000000,0.216754303,0.005524684,-0.052968769,0.126643488,0.464719042,0.339233509,0.009792810
2.201000000,0,2.201000000,sample,0.216509649,-0.000001466,0.000000000,0.000000000,0.000000000,0.000000000,0.000000000,0,0,2.000000000,0.080000000,0.000000000,0.000000000,0.001761269,0.000000000,0.001761269,0.000000000,0.000000000,0.000000000,0.002049132,0.859519630,3,34.422058542,0,0.000000000,0.183732870,0.025006078,0.186601175,0.025242655,0.577910833,0.053414663,0.339444760,0.014819286,0.284082092,0.003522538,0.284104807,2.000000000,0.000000000,0.000000000,0.000000000,1.000000000,1.072912104,0.557906722,0.633168676,0.000000000,1.092495752,0.564928607,0.634493122,1,0,0,0.000000000,0.068896192,0.018079149,0.169364183,-0.009620258,-0.018653861,0.013593677,0.860160412,12.120128102,-0.542646292,-130.914255176,-0.109862820,142.886244679,44.735979179,0.001132820,-0.000571811,-0.001202232,0.000588716,0.000233342,-0.000402852,-0.000761582,0.000000000,0.000000000,0.000000000,0.000000000,0.000000000,0.000000000,0.000000000,0.001198956,0.000002352,-0.001186923,-0.000000149,0.000413189,0.000000453,-0.000291645,0.000000000,0.000000000,0.000000000,0.000000000,0.000000000,0.000000000,0.000000000,0.224905722,0.027598081,-0.055383993,0.123423716,0.465415244,0.338471484,0.009123598
2.251000000,0,2.251000000,sample,0.216509444,-0.000004098,0.000000000,0.000000000,0.000000000,0.000000000,0.000000000,0,0,2.000000000,0.080000000,0.000000000,0.000000000,0.000389206,0.000000000,0.001657592,0.000000000,0.000000000,0.000000000,0.001207944,0.322205638,2,52.616626708,0,0.000000000,0.178594999,0.024554463,0.187933624,0.025527511,0.793840826,0.087954768,0.318798134,0.012507676,0.256801797,0.000778413,0.256803088,2.000000000,0.000000000,0.000000000,0.000000000,1.000000000,1.011899978,0.537419749,0.631916122,0.000000000,1.077694684,0.560057003,0.633846178,1,0,0,0.000000000,0.065833831,0.018104511,0.165028201,-0.009605763,-0.017995296,0.013668221,0.860047913,12.119821041,-0.542537160,-130.914070956,-0.109936080,142.886411805,44.736107405,0.000571032,-0.000876210,-0.000140414,0.000443127,-0.000197983,0.000176231,0.000281025,0.000000000,0.000000000,0.000000000,0.000000000,0.000000000,0.000000000,0.000000000,0.000264946,0.000000520,-0.000262288,-0.000000033,0.000091305,0.000000100,-0.000064447,0.000000000,0.000000000,0.000000000,0.000000000,0.000000000,0.000000000,0.000000000,0.225744802,0.002386852,-0.047608510,0.118275437,0.465232286,0.339927977,0.010188910
2.301000000,0,2.301000000,sample,0.216509841,0.000007928,0.000000000,0.000000000,0.000000000,0.000000000,0.000000000,0,0,2.000000000,0.080000000,0.000000000,0.000000000,0.000348200,0.000000000,0.001485297,0.000000000,0.000000000,0.000000000,0.001247675,0.279079334,4,35.558252722,0,0.000000000,0.184684793,0.025188604,0.184827600,0.025346042,0.628903811,0.042375710,0.389002667,0.027189505,0.345414877,0.000696401,0.345415642,2.000000000,0.000000000,0.000000000,0.000000000,1.000000000,1.075470749,0.560520479,0.632107900,0.000000000,1.098477807,0.565203749,0.632556133,1,0,0,0.000000000,0.069706898,0.017291183,0.170148277,-0.009667818,-0.018703874,0.013826213,0.860024038,12.120126555,-0.542435068,-130.914393214,-0.109856021,142.886330881,44.736276429,0.000691783,0.000059225,0.000086712,-0.000743998,0.000206506,0.000078252,0.000681764,0.000000000,0.000000000,0.000000000,0.000000000,0.000000000,0.000000000,0.000000000,0.000237032,0.000000465,-0.000234653,-0.000000029,0.000081687,0.000000090,-0.000057658,0.000000000,0.000000000,0.000000000,0.000000000,0.000000000,0.000000000,0.000000000,0.219391886,0.027026687,-0.053345621,0.126477790,0.465120302,0.339719226,0.010426918
2.351000000,0,2.351000000,sample,0.216509596,-0.000004886,0.000000000,0.000000000,0.000000000,0.000000000,0.000000000,0,0,2.000000000,0.080000000,0.000000000,0.000000000,0.000060150,0.000000000,0.001384580,0.000000000,0.000000000,0.000000000,0.001405049,0.042809737,7,81.775966390,0,0.000000000,0.184823587,0.025116129,0.188732296,0.025383752,0.317585783,0.062397216,0.383739328,0.022981366,0.336844123,0.000120300,0.336844294,2.000000000,0.000000000,0.000000000,0.000000000,1.000000000,1.022906155,0.541265153,0.629868749,0.000000000,1.091206596,0.565069567,0.633248691,1,0,0,0.000000000,0.069017461,0.019446078,0.170347287,-0.009566514,-0.018766108,0.013679727,0.859925128,12.120263106,-0.542549745,-130.914209696,-0.109982516,142.886221876,44.736019978,-0.000324417,0.000043118,0.000126794,-0.000461857,0.000151958,-0.000013673,-0.001270587,0.000000000,0.000000000,0.000000000,0.000000000,0.000000000,0.000000000,0.000000000,-0.000040946,-0.000000080,0.000040535,0.000000005,-0.000014111,-0.000000015,0.000009960,0.000000000,0.000000000,0.000000000,0.000000000,0.000000000,0.000000000,0.000000000,0.223193381,0.008403228,-0.049177886,0.117803358,0.464649863,0.338442176,0.010490181
2.401000000,0,2.401000000,sample,0.216509656,0.000001191,0.000000000,0.000000000,0.000000000,0.000000000,0.000000000,0,0,2.000000000,0.080000000,0.000000000,-0.000000000,0.001104511,0.000000000,0.001393382,0.000000000,0.000000000,0.000000000,0.002581535,0.427850324,3,50.042873062,0,0.000000000,0.180386662,0.024764414,0.185548029,0.025336819,1.289343107,0.092757430,0.383068866,0.032210392,0.351010845,0.002209022,0.351017697,2.000000000,0.000000000,0.000000000,0.000000000,1.000000000,1.073157912,0.556381189,0.633974594,0.000000000,1.079094756,0.560423833,0.634939572,1,0,0,0.000000000,0.068129331,0.020936476,0.165708799,-0.009459732,-0.018354719,0.013670916,0.859950859,12.119701999,-0.542716290,-130.914275051,-0.110114551,142.886136922,44.735979179,-0.000278466,-0.000958994,-0.001826204,-0.001214904,-0.000185227,-0.000628468,-0.000653314,0.000000000,0.000000000,0.000000000,0.000000000,0.000000000,0.000000000,0.000000000,0.000751880,0.000001475,-0.000744335,-0.000000093,0.000259106,0.000000285,-0.000182888,0.000000000,0.000000000,0.000000000,0.000000000,0.000000000,0.000000000,0.000000000,0.226862918,0.026947481,-0.053746903,0.124402669,0.465134220,0.339018156,0.009106556
2.451000000,0,2.451000000,sample,0.216509561,-0.000001896,0.000000000,0.000000000,0.000000000,0.000000000,0.000000000,0,0,2.000000000,0.080000000,0.000000000,0.000000000,0.000352142,0.000000000,0.001386613,0.000000000,0.000000000,0.000000000,0.001879348,0.187374709,7,58.768694092,0,0.000000000,0.183509526,0.025138440,0.188565156,0.025528842,0.872856079,0.046288402,0.346411767,0.018578772,0.289528447,0.000704285,0.289528622,2.000000000,0.000000000,0.000000000,0.000000000,1.000000000,1.035043568,0.543942534,0.634776626,0.000000000,1.078836112,0.562120693,0.635335917,1,0,0,0.000000000,0.068771892,0.015945367,0.169386890,-0.009655643,-0.018715477,0.013727367,0.860175000,12.120168914,-0.542439405,-130.914179452,-0.109873230,142.886147635,44.736337901,0.000629509,-0.000631787,0.000802553,0.000028581,-0.000001909,0.000126175,0.001440722,0.000000000,0.000000000,0.000000000,0.000000000,0.000000000,0.000000000,0.000000000,-0.000239715,-0.000000470,0.000237310,0.000000030,-0.000082612,-0.000000091,0.000058311,0.000000000,0.000000000,0.000000000,0.000000000,0.000000000,0.000000000,0.000000000,0.228753447,0.011035375,-0.049706773,0.122880406,0.466054569,0.340024692,0.009870948
2.501000000,0,2.501000000,sample,0.216509472,-0.000001786,0.000000000,0.000000000,0.000000000,0.000000000,0.000000000,0,0,2.000000000,0.080000000,0.000000000,0.000000000,0.000632217,0.000000000,0.001370714,0.000000000,0.000000000,0.000000000,0.001311629,0.482009196,1,53.817203352,0,0.000000000,0.182233890,0.025043425,0.187390916,0.025405586,0.529724833,0.032409531,0.357188939,0.020269172,0.301850185,0.001264434,0.301852443,2.000000000,0.000000000,0.000000000,0.000000000,1.000000000,1.046047903,0.549602297,0.634826469,0.000000000,1.046047903,0.555386007,0.635945422,1,0,0,0.000000000,0.067856485,0.019367143,0.168016672,-0.009633030,-0.018538473,0.013809522,0.859922484,12.120072478,-0.542551253,-130.914111888,-0.109876241,142.886161161,44.736060777,-0.000962213,0.000209499,0.000120508,0.000567975,0.000003073,0.000162787,-0.000622092,0.000000000,0.000000000,0.000000000,0.000000000,0.000000000,0.000000000,0.000000000,-0.000430372,-0.000000844,0.000426053,0.000000053,-0.000148315,-0.000000163,0.000104687,0.000000000,0.000000000,0.000000000,0.000000000,0.000000000,0.000000000,0.000000000,0.225251235,0.014586084,-0.047771521,0.127078937,0.466708259,0.340113239,0.011357107
2.551000000,0,2.551000000,sample,0.216509593,0.000002431,0.000000000,0.000000000,0.000000000,0.000000000,0.000000000,0,0,2.000000000,0.080000000,0.000000000,0.000000000,0.000564975,0.000000000,0.001739925,0.000000000,0.000000000,0.000000000,0.001232531,0.458386081,4,45.414558017,0,0.000000000,0.183687692,0.024950467,0.187724818,0.025554284,0.463850285,0.063791217,0.350614895,0.021135021,0.291192415,0.001129950,0.291194853,2.000000000,0.000000000,0.000000000,0.000000000,1.000000000,1.055281409,0.556189293,0.632890457,0.000000000,1.096128152,0.564610114,0.634744748,1,0,0,0.000000000,0.068235163,0.018333921,0.169555295,-0.009554681,-0.018558180,0.013668497,0.860048147,12.120210210,-0.542551253,-130.914197063,-0.110004322,142.886363837,44.736148204,0.000407950,0.000256551,-0.000496763,0.000830607,0.000136276,0.000315051,0.000482059,0.000000000,0.000000000,0.000000000,0.000000000,0.000000000,0.000000000,0.000000000,0.000384597,0.000000754,-0.000380738,-0.000000048,0.000132543,0.000000146,-0.000093554,0.000000000,0.000000000,0.000000000,0.000000000,0.000000000,0.000000000,0.000000000,0.215024389,0.017952656,-0.059421776,0.128043310,0.466512455,0.341016794,0.011839943
2.601000000,0,2.601000000,sample,0.216509716,0.000002454,0.000000000,0.000000000,0.000000000,0.000000000,0.000000000,0,0,2.000000000,0.080000000,0.000000000,0.000000000,0.000631947,0.000000000,0.001638075,0.000000000,0.000000000,0.000000000,0.001643046,0.384619399,3,45.364580244,0,0.000000000,0.183080956,0.024766967,0.187489221,0.025376677,0.844203660,0.134328589,0.388660303,0.024683363,0.344648702,0.001263895,0.344651386,2.000000000,0.000000000,0.000000000,0.000000000,1.000000000,0.992941985,0.545207362,0.629988856,0.000000000,1.231019358,0.601201909,0.633145447,1,0,0,0.000000000,0.068937135,0.014373945,0.168996147,-0.009662191,-0.018618065,0.013168613,0.860025379,12.120068673,-0.542124391,-130.914282021,-0.109976290,142.886249240,44.736019978,0.000134900,0.000027437,0.001106645,-0.000895963,-0.000392141,0.000163955,-0.000687446,0.000000000,0.000000000,0.000000000,0.000000000,0.000000000,0.000000000,0.000000000,-0.000430188,-0.000000843,0.000425871,0.000000053,-0.000148252,-0.000000163,0.000104643,0.000000000,0.000000000,0.000000000,0.000000000,0.000000000,0.000000000,0.000000000,0.212117145,-0.004560781,-0.063494231,0.127163179,0.465744483,0.338609182,0.009766382
2.651000000,0,2.651000000,sample,0.216509551,-0.000003304,0.000000000,0.000000000,0.000000000,0.000000000,0.000000000,0,0,2.000000000,0.080000000,0.000000000,0.000000000,0.000512022,0.000000000,0.001459210,0.000000000,0.000000000,0.000000000,0.001715339,0.298495768,7,68.425617710,0,0.000000000,0.183369436,0.025014520,0.186402105,0.025469854,0.269377595,0.119974794,0.354841469,0.029715114,0.299781571,0.001024043,0.299783282,2.000000000,0.000000000,0.000000000,0.000000000,1.000000000,1.045578676,0.552517540,0.631173782,0.000000000,1.059430036,0.556398390,0.633071203,1,0,0,0.000000000,0.068367875,0.017965509,0.169196407,-0.009530864,-0.018617075,0.013722003,0.860091577,12.120168896,-0.542550750,-130.914172087,-0.110043309,142.886238168,44.736276429,-0.000342812,-0.000321188,0.000169852,-0.000101458,0.000302591,0.000760036,0.001418925,0.000000000,0.000000000,0.000000000,0.000000000,0.000000000,0.000000000,0.000000000,-0.000348550,-0.000000684,0.000345052,0.000000043,-0.000120119,-0.000000132,0.000084785,0.000000000,0.000000000,0.000000000,0.000000000,0.000000000,0.000000000,0.000000000,0.217478324,0.014936106,-0.049381223,0.128060702,0.465362898,0.339581450,0.012008280
2.701000000,0,2.701000000,sample,0.216509615,0.000001289,0.000000000,0.000000000,0.000000000,0.000000000,0.000000000,0,0,2.000000000,0.080000000,0.000000000,0.000000000,0.000129776,0.000000000,0.001332057,0.000000000,0.000000000,0.000000000,0.001036534,0.125201857,2,34.693556269,0,0.000000000,0.182875540,0.025010782,0.187304573,0.025515053,0.576034140,0.060279460,0.372709265,0.022246523,0.323978790,0.000259552,0.323978350,2.000000000,0.000000000,0.000000000,0.000000000,1.000000000,1.015392474,0.546547756,0.632520645,0.000000000,1.051377929,0.555612452,0.632599151,1,0,0,0.000000000,0.068313886,0.017114638,0.168771340,-0.009659886,-0.018540691,0.013728388,0.860048130,12.120101439,-0.542439592,-130.914213145,-0.109869768,142.886289064,44.736209493,0.000382885,0.000610532,0.000603559,0.000385665,0.000052444,-0.000197203,-0.000019846,0.000000000,0.000000000,0.000000000,0.000000000,0.000000000,0.000000000,0.000000000,-0.000088343,-0.000000173,0.000087456,0.000000011,-0.000030445,-0.000000033,0.000021489,0.000000000,0.000000000,0.000000000,0.000000000,0.000000000,0.000000000,0.000000000,0.224039755,0.004296984,-0.046958680,0.121039434,0.466818437,0.339154083,0.008335649
2.751000000,0,2.751000000,sample,0.216509747,0.000002632,0.000000000,0.000000000,0.000000000,0.000000000,0.000000000,0,0,2.000000000,0.080000000,0.000000000,0.000000000,0.000843169,0.000000000,0.001045136,0.000000000,0.000000000,0.000000000,0.001916146,0.440034010,7,73.792974082,0,0.000000000,0.183499281,0.024967521,0.186458330,0.025461883,0.186166452,0.077378626,0.365284669,0.020832928,0.318157864,0.001686339,0.318162124,2.000000000,0.000000000,0.000000000,0.000000000,1.000000000,1.067321174,0.563302327,0.633701684,0.000000000,1.069011387,0.563986009,0.635538927,1,0,0,0.000000000,0.069018207,0.016892576,0.169183670,-0.009721883,-0.018600883,0.013522916,0.860051111,12.120073131,-0.542429161,-130.914317550,-0.109771309,142.886306068,44.735938380,0.000368375,-0.000482283,-0.000294425,-0.000344186,0.000520605,-0.000343139,-0.001646024,0.000000000,0.000000000,0.000000000,0.000000000,0.000000000,0.000000000,0.000000000,0.000573974,0.000001125,-0.000568214,-0.000000071,0.000197805,0.000000217,-0.000139618,0.000000000,0.000000000,0.000000000,0.000000000,0.000000000,0.000000000,0.000000000,0.219244278,0.024262313,-0.055457297,0.120302273,0.468043565,0.340947397,0.007940763
2.801000000,0,2.801000000,sample,0.216509545,-0.000004035,0.000000000,0.000000000,0.000000000,0.000000000,0.000000000,0,0,2.000000000,0.080000000,0.000000000,0.000000000,0.000358522,0.000000000,0.001639994,0.000000000,0.000000000,0.000000000,0.000520132,0.689290238,3,50.278044153,0,0.000000000,0.184245079,0.025089283,0.187826785,0.025532246,0.213774961,0.027618479,0.362450032,0.020442091,0.307695926,0.000717044,0.307696803,2.000000000,0.000000000,0.000000000,0.000000000,1.000000000,1.048646363,0.554317876,0.632707149,0.000000000,1.075264467,0.565701779,0.649711312,1,0,0,0.000000000,0.068759592,0.016908998,0.170095425,-0.009654948,-0.018744222,0.013598097,0.860170544,12.120263112,-0.542537613,-130.914167425,-0.109839569,142.886201628,44.736081450,0.000142656,0.000045141,-0.000368810,0.000227528,0.000036810,0.000241623,-0.000024945,0.000000000,0.000000000,0.000000000,0.000000000,0.000000000,0.000000000,0.000000000,0.000244058,0.000000479,-0.000241609,-0.000000030,0.000084109,0.000000092,-0.000059368,0.000000000,0.000000000,0.000000000,0.000000000,0.000000000,0.000000000,0.000000000,0.214496120,0.016046126,-0.058999847,0.117226423,0.468407832,0.342491813,0.011077829
2.851000000,0,2.851000000,sample,0.216509821,0.000005511,0.000000000,0.000000000,0.000000000,0.000000000,0.000000000,0,0,2.000000000,0.080000000,0.000000000,0.000000000,0.000181762,0.000000000,0.001640401,0.000000000,0.000000000,0.000000000,0.001397191,0.130090875,7,55.428943506,0,0.000000000,0.184730289,0.025241783,0.186554473,0.025307629,0.525965428,0.097318214,0.384008570,0.032815430,0.344487249,0.000363524,0.344487570,2.000000000,0.000000000,0.000000000,0.000000000,1.000000000,1.087751052,0.559874450,0.633253764,0.000000000,1.093436319,0.562327710,0.634721275,1,0,0,0.000000000,0.070368242,0.016632286,0.169991051,-0.009659961,-0.018874162,0.013696671,0.860090889,12.120072681,-0.542429163,-130.914393273,-0.109869908,142.886106925,44.736229886,-0.000341599,-0.000244641,-0.000398957,-0.000704475,-0.000194220,-0.000019458,0.001040217,0.000000000,0.000000000,0.000000000,0.000000000,0.000000000,0.000000000,0.000000000,-0.000123732,-0.000000243,0.000122490,0.000000015,-0.000042641,-0.000000047,0.000030097,0.000000000,0.000000000,0.000000000,0.000000000,0.000000000,0.000000000,0.000000000,0.218100186,0.032015868,-0.058639980,0.119802054,0.466853222,0.341349161,0.012460456
2.901000000,0,2.901000000,sample,0.216509602,-0.000004366,0.000000000,0.000000000,0.000000000,0.000000000,0.000000000,0,0,2.000000000,0.080000000,0.000000000,0.000000000,0.000065958,0.000000000,0.001353664,0.000000000,0.000000000,0.000000000,0.000982960,0.067101173,1,58.394827280,0,0.000000000,0.184855032,0.025104831,0.189102617,0.025432958,0.710394302,0.086111606,0.373161863,0.029573563,0.326258153,0.000131916,0.326257715,2.000000000,0.000000000,0.000000000,0.000000000,1.000000000,1.025751837,0.557583333,0.630509257,0.000000000,1.089078851,0.563703308,0.635536250,1,0,0,0.000000000,0.069135397,0.018656051,0.170421923,-0.009565287,-0.018791956,0.013624251,0.859971012,12.120264623,-0.542510556,-130.914214070,-0.109997723,142.886201889,44.736060777,-0.000751144,-0.000036451,-0.000581033,-0.000005664,0.000226800,0.000107616,-0.000003776,0.000000000,0.000000000,0.000000000,0.000000000,0.000000000,0.000000000,0.000000000,-0.000044900,-0.000000088,0.000044449,0.000000006,-0.000015474,-0.000000017,0.000010922,0.000000000,0.000000000,0.000000000,0.000000000,0.000000000,0.000000000,0.000000000,0.212687264,0.007376849,-0.059896589,0.124063414,0.465865740,0.340889803,0.005962811
2.951000000,0,2.951000000,sample,0.216509698,0.000001921,0.000000000,0.000000000,0.000000000,0.000000000,0.000000000,0,0,2.000000000,0.080000000,0.000000000,0.000000000,0.000600844,0.000000000,0.001503459,0.000000000,0.000000000,0.000000000,0.001709434,0.351487145,2,67.070594384,0,0.000000000,0.185590576,0.025107234,0.187930578,0.025502559,0.952017402,0.104450158,0.418341581,0.030762072,0.377569806,0.001201688,0.377571311,2.000000000,0.000000000,0.000000000,0.000000000,1.000000000,1.070695117,0.568304479,0.629891383,0.000000000,1.070695117,0.568304479,0.633754194,1,0,0,0.000000000,0.069967800,0.017175848,0.171036134,-0.009557116,-0.018914548,0.013463826,0.860173223,12.120264113,-0.542550750,-130.914297387,-0.109995940,142.886161987,44.736061536,0.000404835,0.001399969,-0.000294597,-0.000364787,0.000006791,0.000157923,-0.000743988,0.000000000,0.000000000,0.000000000,0.000000000,0.000000000,0.000000000,0.000000000,0.000409015,0.000000802,-0.000404910,-0.000000051,0.000140958,0.000000155,-0.000099494,0.000000000,0.000000000,0.000000000,0.000000000,0.000000000,0.000000000,0.000000000,0.210918493,0.025719219,-0.059134404,0.121020471,0.465925087,0.341082716,0.006973305
3.001000000,0,3.001000000,sample,0.216509596,-0.000002041,0.000000000,0.000000000,0.000000000,0.000000000,0.000000000,0,0,2.000000000,0.080000000,0.000000000,0.000000000,0.000492302,0.000000000,0.001410369,0.000000000,0.000000000,0.000000000,0.000882814,0.557651181,7,37.051919744,0,0.000000000,0.184055774,0.025156365,0.187458236,0.025457636,0.163391878,0.058144624,0.360250952,0.025802290,0.308743878,0.000984604,0.308745500,2.000000000,0.000000000,0.000000000,0.000000000,1.000000000,1.044945757,0.555334616,0.632840571,0.000000000,1.078095811,0.568045456,0.634613642,1,0,0,0.000000000,0.068828943,0.016644096,0.169888429,-0.009705517,-0.018713684,0.013727479,0.860086552,12.120219279,-0.542435070,-130.914201609,-0.109791878,142.886222589,44.736189003,-0.000374982,-0.000152247,0.000363374,0.000097608,0.000413484,0.000119435,0.000537371,0.000000000,0.000000000,0.000000000,0.000000000,0.000000000,0.000000000,0.000000000,-0.000335127,-0.000000657,0.000331763,0.000000041,-0.000115493,-0.000000127,0.000081520,0.000000000,0.000000000,0.000000000,0.000000000,0.000000000,0.000000000,0.000000000,0.220225814,0.015379500,-0.050921007,0.118568348,0.467716023,0.340983599,0.008470855
3.051000000,0,3.051000000,sample,0.216509599,0.000000057,0.000000000,0.000000000,0.000000000,0.000000000,0.000000000,0,0,2.000000000,0.080000000,0.000000000,0.000000000,0.000159489,0.000000000,0.000998573,0.000000000,0.000000000,0.000000000,0.001740221,0.091648742,7,52.574770043,0,0.000000000,0.183937977,0.024896429,0.186211100,0.025420632,0.391801437,0.078745087,0.380319667,0.018449416,0.325254964,0.000318978,0.325254325,2.000000000,0.000000000,0.000000000,0.000000000,1.000000000,1.008543352,0.552392620,0.632408243,0.000000000,1.225980337,0.600722605,0.637339592,1,0,0,0.000000000,0.068296201,0.017290306,0.169911312,-0.009624722,-0.018578426,0.013492182,0.860147864,12.120251005,-0.542550750,-130.914198977,-0.109887933,142.886387073,44.735979179,-0.000143528,0.000883159,-0.000262055,0.000430104,-0.000552270,0.000277448,-0.001261807,0.000000000,0.000000000,0.000000000,0.000000000,0.000000000,0.000000000,0.000000000,0.000108570,0.000000213,-0.000107480,-0.000000013,0.000037416,0.000000041,-0.000026410,0.000000000,0.000000000,0.000000000,0.000000000,0.000000000,0.000000000,0.000000000,0.213764786,-0.000085703,-0.055479833,0.121803606,0.468644947,0.341515346,0.008357469
3.101000000,0,3.101000000,sample,0.216509477,-0.000002437,0.000000000,0.000000000,0.000000000,0.000000000,0.000000000,0,0,2.000000000,0.080000000,0.000000000,0.000000000,0.000239073,0.000000000,0.001974048,0.000000000,0.000000000,0.000000000,0.001424553,0.167823257,2,50.894227413,0,0.000000000,0.183817756,0.025123721,0.185481691,0.025301265,0.523450591,0.035781202,0.379423691,0.026112796,0.330542374,0.000478146,0.330541363,2.000000000,0.000000000,0.000000000,0.000000000,1.000000000,1.056671591,0.564604544,0.630295547,0.000000000,1.057854204,0.564604544,0.634424415,1,0,0,0.000000000,0.068573438,0.016580727,0.169740185,-0.009672489,-0.018758276,0.013629798,0.860093083,12.120251026,-0.542429142,-130.914112412,-0.109847836,142.886120588,44.736148204,-0.000259378,0.001016279,-0.000524294,0.000745056,0.000047896,-0.000080534,-0.000300799,0.000000000,0.000000000,0.000000000,0.000000000,0.000000000,0.000000000,0.000000000,0.000162745,0.000000319,-0.000161112,-0.000000020,0.000056086,0.000000062,-0.000039588,0.000000000,0.000000000,0.000000000,0.000000000,0.000000000,0.000000000,0.000000000,0.213768683,0.021430453,-0.055221285,0.118647444,0.467407004,0.339801834,0.007413721
3.151000000,0,3.151000000,sample,0.216509832,0.000007102,0.000000000,0.000000000,0.000000000,0.000000000,0.000000000,0,0,2.000000000,0.080000000,0.000000000,0.000000000,0.000292200,0.000000000,0.001228423,0.000000000,0.000000000,0.000000000,0.001887926,0.154773141,7,58.185561589,0,0.000000000,0.185572930,0.025155658,0.188009070,0.025456667,0.970240993,0.162408865,0.414884882,0.033316714,0.381314155,0.000584400,0.381315314,2.000000000,0.000000000,0.000000000,0.000000000,1.000000000,1.025046559,0.552209066,0.631801928,0.000000000,1.052341664,0.563748033,0.634081153,1,0,0,0.000000000,0.070882999,0.015835991,0.170769243,-0.009653719,-0.019007338,0.013354174,0.860188773,12.120137659,-0.542439518,-130.914407362,-0.109875219,142.886053583,44.735979179,0.000327307,0.000671571,0.000199070,-0.000837527,-0.000152515,-0.000409754,-0.001440099,0.000000000,0.000000000,0.000000000,0.000000000,0.000000000,0.000000000,0.000000000,0.000198911,0.000000390,-0.000196914,-0.000000025,0.000068549,0.000000075,-0.000048385,0.000000000,0.000000000,0.000000000,0.000000000,0.000000000,0.000000000,0.000000000,0.216331223,0.007995902,-0.055357340,0.118499147,0.468257227,0.340373430,0.009228090
3.201000000,0,3.201000000,sample,0.216509822,-0.000000212,0.000000000,0.000000000,0.000000000,0.000000000,0.000000000,0,0,2.000000000,0.080000000,0.000000000,-0.000000000,0.000173675,0.000000000,0.001679770,0.000000000,0.000000000,0.000000000,0.001306580,0.132923658,4,34.411240869,0,0.000000000,0.183348593,0.024899749,0.186495127,0.025289874,0.436957340,0.026819968,0.370844688,0.022738380,0.327886466,0.000347351,0.327886119,2.000000000,0.000000000,0.000000000,0.000000000,1.000000000,1.056935087,0.553208521,0.634223473,0.000000000,1.056935087,0.557055195,0.634563134,1,0,0,0.000000000,0.069500636,0.017755666,0.168733827,-0.009523718,-0.018624722,0.013506148,0.860074984,12.119961526,-0.542509886,-130.914390648,-0.110073254,142.886242356,44.736107433,-0.000117900,-0.000756125,-0.000411440,-0.000766454,-0.000347921,-0.000339741,-0.000358217,0.000000000,0.000000000,0.000000000,0.000000000,0.000000000,0.000000000,0.000000000,0.000118227,0.000000232,-0.000117040,-0.000000015,0.000040743,0.000000045,-0.000028758,0.000000000,0.000000000,0.000000000,0.000000000,0.000000000,0.000000000,0.000000000,0.221069214,0.019774214,-0.053606153,0.120797306,0.468177196,0.340849255,0.011961873
3.251000000,0,3.251000000,sample,0.216509763,-0.000001175,0.000000000,0.000000000,0.000000000,0.000000000,0.000000000,0,0,2.000000000,0.080000000,0.000000000,0.000000000,0.000415039,0.000000000,0.001645640,0.000000000,0.000000000,0.000000000,0.000769403,0.539430019,1,73.950705231,0,0.000000000,0.184292806,0.025136600,0.187868871,0.025406860,0.438755227,0.051426076,0.373672568,0.026365672,0.326357937,0.000830078,0.326358890,2.000000000,0.000000000,0.000000000,0.000000000,1.000000000,1.056550837,0.554507694,0.632378352,0.000000000,1.086800860,0.565159325,0.636514639,1,0,0,0.000000000,0.069265940,0.018350279,0.169792035,-0.009611990,-0.018653890,0.013838016,0.860036821,12.120128123,-0.542551252,-130.914337212,-0.109908950,142.886326106,44.736229802,-0.000661645,-0.000117497,-0.000134780,-0.000249284,-0.000106056,0.000122332,0.000184065,0.000000000,0.000000000,0.000000000,0.000000000,0.000000000,0.000000000,0.000000000,-0.000282531,-0.000000554,0.000279696,0.000000035,-0.000097367,-0.000000107,0.000068726,0.000000000,0.000000000,0.000000000,0.000000000,0.000000000,0.000000000,0.000000000,0.217740545,0.020734165,-0.055402120,0.118737993,0.468042028,0.340120264,0.012177422
3.301000000,0,3.301000000,sample,0.216509574,-0.000003773,0.000000000,0.000000000,0.000000000,0.000000000,0.000000000,0,0,2.000000000,0.080000000,0.000000000,0.000000000,0.000436312,0.000000000,0.001028123,0.000000000,0.000000000,0.000000000,0.002357430,0.185079369,2,80.843791538,0,0.000000000,0.184573202,0.024987959,0.188520395,0.025374800,1.329410691,0.129711372,0.429369886,0.036660906,0.392906427,0.000872623,0.392905075,2.000000000,0.000000000,0.000000000,0.000000000,1.000000000,1.052347461,0.553986057,0.635018767,0.000000000,1.058244055,0.556553988,0.636267763,1,0,0,0.000000000,0.068331720,0.014850562,0.170814238,-0.009686490,-0.018645976,0.013523962,0.860188793,12.120376228,-0.542341703,-130.914165295,-0.109854613,142.886410983,44.736229802,0.000245177,0.002119640,0.000697388,-0.000058572,-0.000078912,-0.000067818,0.000709847,0.000000000,0.000000000,0.000000000,0.000000000,0.000000000,0.000000000,0.000000000,-0.000297012,-0.000000582,0.000294031,0.000000037,-0.000102360,-0.000000112,0.000072250,0.000000000,0.000000000,0.000000000,0.000000000,0.000000000,0.000000000,0.000000000,0.220372730,0.017777442,-0.059452735,0.122910832,0.468429027,0.340849926,0.011069331
3.351000000,0,3.351000000,sample,0.216509600,0.000000512,0.000000000,0.000000000,0.000000000,0.000000000,0.000000000,0,0,2.000000000,0.080000000,0.000000000,0.000000000,0.001151554,0.000000000,0.001701848,0.000000000,0.000000000,0.000000000,0.001530656,0.752327316,7,54.986120667,0,0.000000000,0.185591409,0.025018714,0.188182821,0.025574574,0.111781036,0.058982242,0.375782287,0.019723472,0.323530105,0.002303109,0.323538402,2.000000000,0.000000000,0.000000000,0.000000000,1.000000000,1.038701567,0.556554431,0.633574712,0.000000000,1.078438031,0.564312290,0.636337924,1,0,0,0.000000000,0.069096917,0.018283564,0.171276088,-0.009552402,-0.018807390,0.013452500,0.860053116,12.120376284,-0.542549725,-130.914207674,-0.110004312,142.886291973,44.735938390,0.000700652,0.000290663,-0.000638189,0.000110447,0.000239470,0.000049050,-0.001135022,0.000000000,0.000000000,0.000000000,0.000000000,0.000000000,0.000000000,0.000000000,0.000783901,0.000001537,-0.000776033,-0.000000097,0.000270157,0.000000297,-0.000190687,0.000000000,0.000000000,0.000000000,0.000000000,0.000000000,0.000000000,0.000000000,0.212414450,0.011554844,-0.061836670,0.127275761,0.468630467,0.341166026,0.011482035
3.401000000,0,3.401000000,sample,0.216509584,-0.000000330,0.000000000,0.000000000,0.000000000,0.000000000,0.000000000,0,0,2.000000000,0.080000000,0.000000000,0.000000000,0.000022611,0.000000000,0.001636564,0.000000000,0.000000000,0.000000000,0.001395212,0.016206184,1,36.256796283,0,0.000000000,0.182395073,0.024808464,0.186975655,0.025526181,0.937481412,0.061007497,0.351985355,0.017726449,0.299808013,0.000045222,0.299807174,2.000000000,0.000000000,0.000000000,0.000000000,1.000000000,0.988804664,0.538298901,0.637072878,0.000000000,1.222036314,0.598490879,0.638476638,1,0,0,0.000000000,0.068452677,0.013736491,0.168503716,-0.009596237,-0.018604717,0.013313024,0.860160941,12.120073205,-0.542179422,-130.914184006,-0.110065373,142.886167805,44.736317256,0.000840108,-0.000512879,0.000804175,-0.000015899,0.000147283,-0.000192326,0.000521690,0.000000000,0.000000000,0.000000000,0.000000000,0.000000000,0.000000000,0.000000000,-0.000015392,-0.000000030,0.000015238,0.000000002,-0.000005304,-0.000000006,0.000003744,0.000000000,0.000000000,0.000000000,0.000000000,0.000000000,0.000000000,0.000000000,0.223715579,-0.010222201,-0.049348024,0.132443431,0.468101396,0.341286792,0.011688353
3.451000000,0,3.451000000,sample,0.216509530,-0.000001067,0.000000000,0.000000000,0.000000000,0.000000000,0.000000000,0,0,2.000000000,0.080000000,0.000000000,0.000000000,0.000025922,0.000000000,0.002144618,0.000000000,0.000000000,0.000000000,0.001196880,0.021657595,7,77.546155244,0,0.000000000,0.183179573,0.024793497,0.186250547,0.025338654,0.174117266,0.052202425,0.366662034,0.018158760,0.312425604,0.000051843,0.312425440,2.000000000,0.000000000,0.000000000,0.000000000,1.000000000,1.030685979,0.563954900,0.629508610,0.000000000,1.055834426,0.564446625,0.636880521,1,0,0,0.000000000,0.067606513,0.015804428,0.169512051,-0.009671143,-0.018472412,0.013414787,0.860187119,12.120264623,-0.542439592,-130.914132430,-0.109850316,142.886440464,44.736019978,-0.000200770,0.000360913,-0.000008849,0.000378166,-0.000078260,0.000043317,-0.001053976,0.000000000,0.000000000,0.000000000,0.000000000,0.000000000,0.000000000,0.000000000,0.000017646,0.000000035,-0.000017469,-0.000000002,0.000006081,0.000000007,-0.000004292,0.000000000,0.000000000,0.000000000,0.000000000,0.000000000,0.000000000,0.000000000,0.211330511,0.014165778,-0.062392578,0.124883904,0.468803494,0.334787250,0.008473127
3.501000000,0,3.501000000,sample,0.216509628,0.000001954,0.000000000,0.000000000,0.000000000,0.000000000,0.000000000,0,0,2.000000000,0.080000000,0.000000000,0.000000000,0.000290388,0.000000000,0.001370803,0.000000000,0.000000000,0.000000000,0.000978334,0.296818530,1,53.497635336,0,0.000000000,0.183789806,0.024849635,0.187051965,0.025442469,0.568153203,0.060014510,0.380059933,0.019926767,0.328109723,0.000580775,0.328110081,2.000000000,0.000000000,0.000000000,0.000000000,1.000000000,0.994064987,0.549054192,0.626771963,0.000000000,1.043534484,0.565996515,0.630105021,1,0,0,0.000000000,0.068112300,0.015722105,0.169977124,-0.009638740,-0.018515494,0.013482416,0.860188292,12.120264623,-0.542425971,-130.914209348,-0.109908089,142.886473819,44.736148204,0.000715574,0.000266074,0.000226629,-0.000359211,-0.000159900,0.000408115,0.000042151,0.000000000,0.000000000,0.000000000,0.000000000,0.000000000,0.000000000,0.000000000,0.000197677,0.000000388,-0.000195693,-0.000000024,0.000068125,0.000000075,-0.000048085,0.000000000,0.000000000,0.000000000,0.000000000,0.000000000,0.000000000,0.000000000,0.218052883,0.004347864,-0.059484117,0.117131892,0.467908146,0.330159072,0.008708762
3.551000000,0,3.551000000,sample,0.216509462,-0.000003317,0.000000000,0.000000000,0.000000000,0.000000000,0.000000000,0,0,2.000000000,0.080000000,0.000000000,0.000000000,0.000388489,0.000000000,0.001253115,0.000000000,0.000000000,0.000000000,0.001612654,0.240900419,2,43.667384024,0,0.000000000,0.182518674,0.024566374,0.186408840,0.025335941,0.632098207,0.086531261,0.386799880,0.022300247,0.334201609,0.000776978,0.334201772,2.000000000,0.000000000,0.000000000,0.000000000,1.000000000,1.041522699,0.564715360,0.627063413,0.000000000,1.044243345,0.564715360,0.629598339,1,0,0,0.000000000,0.067034455,0.015306857,0.169071429,-0.009569384,-0.018390440,0.013180491,0.860148109,12.120264455,-0.542330318,-130.914071481,-0.110058479,142.886461284,44.736020006,-0.000040653,0.001065663,0.000770384,0.000124470,0.000110934,0.000467139,-0.000789844,0.000000000,0.000000000,0.000000000,0.000000000,0.000000000,0.000000000,0.000000000,-0.000264457,-0.000000518,0.000261803,0.000000033,-0.000091140,-0.000000100,0.000064330,0.000000000,0.000000000,0.000000000,0.000000000,0.000000000,0.000000000,0.000000000,0.218068222,0.023969436,-0.056893129,0.119892812,0.468324845,0.328736294,0.008568238
3.601000000,0,3.601000000,sample,0.216509462,0.000000003,0.000000000,0.000000000,0.000000000,0.000000000,0.000000000,0,0,2.000000000,0.080000000,0.000000000,0.000000000,0.000536250,0.000000000,0.001443252,0.000000000,0.000000000,0.000000000,0.001214057,0.441700458,1,53.906882444,0,0.000000000,0.184152739,0.024996177,0.188415968,0.025466379,0.628139526,0.066576144,0.367915340,0.027361008,0.319339476,0.001072499,0.319340479,2.000000000,0.000000000,0.000000000,0.000000000,1.000000000,0.991949773,0.555734996,0.623949903,0.000000000,1.048060105,0.565555807,0.629045230,1,0,0,0.000000000,0.067854210,0.016875643,0.170362115,-0.009647493,-0.018612719,0.013612547,0.860188713,12.120376284,-0.542551252,-130.914088452,-0.109847060,142.886367182,44.736107405,-0.000891377,0.000374274,-0.000210602,0.000622651,-0.000171043,-0.000203614,0.000191152,0.000000000,0.000000000,0.000000000,0.000000000,0.000000000,0.000000000,0.000000000,-0.000365043,-0.000000716,0.000361379,0.000000045,-0.000125805,-0.000000138,0.000088798,0.000000000,0.000000000,0.000000000,0.000000000,0.000000000,0.000000000,0.000000000,0.207922304,0.003749567,-0.062893469,0.120686992,0.467777074,0.329613234,0.009301838
3.651000000,0,3.651000000,sample,0.216509628,0.000003318,0.000000000,0.000000000,0.000000000,0.000000000,0.000000000,0,0,2.000000000,0.080000000,0.000000000,0.000000000,0.000600169,0.000000000,0.001686118,0.000000000,0.000000000,0.000000000,0.001422295,0.421972148,7,41.457114217,0,0.000000000,0.182132462,0.024648969,0.187882925,0.025441454,0.399308851,0.033067326,0.373485960,0.020213019,0.321681364,0.001200338,0.321683140,2.000000000,0.000000000,0.000000000,0.000000000,1.000000000,1.018797982,0.547865797,0.624041727,0.000000000,1.018797982,0.555083949,0.625076375,1,0,0,0.000000000,0.067504008,0.017953528,0.168205569,-0.009524802,-0.018318918,0.013463546,0.859981254,12.120073205,-0.542439592,-130.914211648,-0.110098058,142.886481167,44.736060777,-0.000819341,0.000542540,0.000177609,0.000274509,-0.000320091,0.000096181,-0.000915776,0.000000000,0.000000000,0.000000000,0.000000000,0.000000000,0.000000000,0.000000000,-0.000408555,-0.000000801,0.000404455,0.000000051,-0.000140798,-0.000000155,0.000099381,0.000000000,0.000000000,0.000000000,0.000000000,0.000000000,0.000000000,0.000000000,0.215428510,0.014589953,-0.058339897,0.115897898,0.465756675,0.329978686,0.012437318
3.701000000,0,3.701000000,sample,0.216509676,0.000000948,0.000000000,0.000000000,0.000000000,0.000000000,0.000000000,0,0,2.000000000,0.080000000,0.000000000,0.000000000,0.000328359,0.000000000,0.001425926,0.000000000,0.000000000,0.000000000,0.001848933,0.177593719,2,43.222017094,0,0.000000000,0.182899191,0.024925469,0.188300431,0.025411123,0.410274664,0.047321062,0.360443279,0.017556018,0.309017501,0.000656718,0.309016522,2.000000000,0.000000000,0.000000000,0.000000000,1.000000000,1.014706006,0.546837957,0.622544859,0.000000000,1.041446528,0.552134178,0.626469700,1,0,0,0.000000000,0.068591183,0.015755973,0.168816803,-0.009695017,-0.018551682,0.013532212,0.860188627,12.120073205,-0.542439592,-130.914260994,-0.109812081,142.886298141,44.736107659,0.000330932,-0.001215552,0.000047914,-0.001184856,0.000212651,0.000323274,-0.000524942,0.000000000,0.000000000,0.000000000,0.000000000,0.000000000,0.000000000,0.000000000,0.000223525,0.000000438,-0.000221282,-0.000000028,0.000077032,0.000000084,-0.000054372,0.000000000,0.000000000,0.000000000,0.000000000,0.000000000,0.000000000,0.000000000,0.213991746,0.014395200,-0.057797320,0.106753776,0.466770637,0.329849885,0.012236788
3.751000000,0,3.751000000,sample,0.216509683,0.000000152,0.000000000,0.000000000,0.000000000,0.000000000,0.000000000,0,0,2.000000000,0.080000000,0.000000000,0.000000000,0.000085414,0.000000000,0.002331057,0.000000000,0.000000000,0.000000000,0.001583295,0.053946890,7,40.790249999,0,0.000000000,0.182867761,0.024933050,0.187425508,0.025454243,0.898527468,0.116302642,0.408532232,0.037033799,0.376308112,0.000170828,0.376308273,2.000000000,0.000000000,0.000000000,0.000000000,1.000000000,1.035601354,0.556571158,0.628941499,0.000000000,1.035601354,0.567878148,0.628941499,1,0,0,0.000000000,0.068238800,0.018072465,0.168693421,-0.009561822,-0.018450410,0.013777189,0.860075003,12.120073205,-0.542551253,-130.914267180,-0.109995192,142.886404339,44.736276457,0.000316219,0.000993831,-0.000030360,-0.000466031,0.000067685,-0.000417016,0.001011207,0.000000000,0.000000000,0.000000000,0.000000000,0.000000000,0.000000000,0.000000000,0.000058144,0.000000114,-0.000057561,-0.000000007,0.000020038,0.000000022,-0.000014144,0.000000000,0.000000000,0.000000000,0.000000000,0.000000000,0.000000000,0.000000000,0.226032734,0.018773521,-0.040668002,0.124200154,0.466766599,0.330277079,0.009518204
3.801000000,0,3.801000000,sample,0.216509791,0.000002154,0.000000000,0.000000000,0.000000000,0.000000000,0.000000000,0,0,2.000000000,0.080000000,0.000000000,0.000000000,0.000642908,0.000000000,0.001470224,0.000000000,0.000000000,0.000000000,0.001170046,0.549472189,1,36.395719967,0,0.000000000,0.185429122,0.025165170,0.187915854,0.025297808,0.242688451,0.007828912,0.370172221,0.021622520,0.319855566,0.001285816,0.319857852,2.000000000,0.000000000,0.000000000,0.000000000,1.000000000,1.026710083,0.560027056,0.628092346,0.000000000,1.065392651,0.573495054,0.631405172,1,0,0,0.000000000,0.069676677,0.015853354,0.171107542,-0.009669752,-0.018763180,0.013701269,0.860282419,12.120264623,-0.542537687,-130.914354761,-0.109814341,142.886370940,44.736276429,0.000705876,-0.000483332,-0.000336438,-0.000554632,0.000033667,0.000166879,0.000432838,0.000000000,0.000000000,0.000000000,0.000000000,0.000000000,0.000000000,0.000000000,0.000437649,0.000000858,-0.000433256,-0.000000054,0.000150826,0.000000165,-0.000106459,0.000000000,0.000000000,0.000000000,0.000000000,0.000000000,0.000000000,0.000000000,0.218032633,0.015073707,-0.050689184,0.125930724,0.467752916,0.330795515,0.009388612
3.851000000,0,3.851000000,sample,0.216509621,-0.000003405,0.000000000,0.000000000,0.000000000,0.000000000,0.000000000,0,0,2.000000000,0.080000000,0.000000000,0.000000000,0.000675886,0.000000000,0.001245135,0.000000000,0.000000000,0.000000000,0.001770978,0.381645480,7,56.604143538,0,0.000000000,0.182356257,0.024727273,0.186762902,0.025332854,0.460458034,0.138918194,0.370601851,0.020252134,0.317855936,0.001351771,0.317858850,2.000000000,0.000000000,0.000000000,0.000000000,1.000000000,0.996249242,0.547468065,0.626959327,0.000000000,1.036561267,0.562739112,0.628460897,1,0,0,0.000000000,0.067585751,0.015781274,0.168632506,-0.009670468,-0.018363709,0.013442258,0.860093011,12.120128123,-0.542343883,-130.914198453,-0.109887877,142.886478755,44.736076927,-0.000193632,0.000349917,0.001004343,0.000037209,-0.000376803,0.000221462,-0.001332408,0.000000000,0.000000000,0.000000000,0.000000000,0.000000000,0.000000000,0.000000000,-0.000460098,-0.000000902,0.000455481,0.000000057,-0.000158562,-0.000000174,0.000111919,0.000000000,0.000000000,0.000000000,0.000000000,0.000000000,0.000000000,0.000000000,0.220538846,0.005531393,-0.057137579,0.118825921,0.467439673,0.329299679,0.009358949
3.901000000,0,3.901000000,sample,0.216509748,0.000002543,0.000000000,0.000000000,0.000000000,0.000000000,0.000000000,0,0,2.000000000,0.080000000,0.000000000,0.000000000,0.000306205,0.000000000,0.001665633,0.000000000,0.000000000,0.000000000,0.003032126,0.100986775,2,97.778315447,0,0.000000000,0.185228876,0.025004770,0.187783764,0.025339951,1.755246131,0.186119092,0.458111912,0.044527100,0.429705298,0.000612409,0.429701361,2.000000000,0.000000000,0.000000000,0.000000000,1.000000000,1.180893682,0.602639660,0.626417804,0.000000000,1.393200732,0.672226564,0.638187619,1,0,0,0.000000000,0.069327916,0.016832648,0.170938698,-0.009659154,-0.018722828,0.013468295,0.860079521,12.120278151,-0.542439592,-130.914313834,-0.109867646,142.886385061,44.735979179,-0.000318190,0.002998255,0.000177104,-0.000102235,-0.000029469,-0.000146137,-0.000197408,0.000000000,0.000000000,0.000000000,0.000000000,0.000000000,0.000000000,0.000000000,-0.000208444,-0.000000409,0.000206352,0.000000026,-0.000071836,-0.000000079,0.000050705,0.000000000,0.000000000,0.000000000,0.000000000,0.000000000,0.000000000,0.000000000,0.215953378,0.086440537,-0.059242671,0.092196693,0.468751621,0.326313008,0.008558734
3.951000000,0,3.951000000,sample,0.216509482,-0.000005322,0.000000000,0.000000000,0.000000000,0.000000000,0.000000000,0,0,2.000000000,0.080000000,0.000000000,0.000000000,0.000480030,0.000000000,0.001232447,0.000000000,0.000000000,0.000000000,0.001227069,0.391200099,1,51.406874481,0,0.000000000,0.182940352,0.025038703,0.188987261,0.025522396,0.464706936,0.018368178,0.363226301,0.022964734,0.312909565,0.000960059,0.312910678,2.000000000,0.000000000,0.000000000,0.000000000,1.000000000,0.981496522,0.556044630,0.625293044,0.000000000,1.095786045,0.579009113,0.640451260,1,0,0,0.000000000,0.068049947,0.017893069,0.168867449,-0.009623497,-0.018604438,0.013718594,0.859970473,12.120168914,-0.542439592,-130.914112064,-0.109928541,142.886191717,44.736168886,-0.000879791,0.000182446,0.000038102,0.000449996,0.000144548,-0.000168526,-0.000667186,0.000000000,0.000000000,0.000000000,0.000000000,0.000000000,0.000000000,0.000000000,-0.000326772,-0.000000641,0.000323493,0.000000040,-0.000112614,-0.000000124,0.000079487,0.000000000,0.000000000,0.000000000,0.000000000,0.000000000,0.000000000,0.000000000,0.209462719,-0.001204632,-0.059036382,0.120018305,0.468974903,0.330491972,0.007950959
4.001000000,0,4.001000000,sample,0.216509469,-0.000000263,0.000000000,0.000000000,0.000000000,0.000000000,0.000000000,0,0,2.000000000,0.080000000,0.000000000,0.000000000,0.000579021,0.000000000,0.001158449,0.000000000,0.000000000,0.000000000,0.001416771,0.408690906,4,67.858977548,0,0.000000000,0.181824092,0.024887235,0.184424893,0.025120060,0.594986797,0.070065394,0.342321445,0.022777395,0.284076275,0.001158043,0.284078956,2.000000000,0.000000000,0.000000000,0.000000000,1.000000000,1.090188442,0.582096738,0.629843366,0.000000000,1.102909709,0.587355231,0.645589184,1,0,0,0.000000000,0.066873793,0.016796206,0.168243228,-0.009691059,-0.018312724,0.013787747,0.860188794,12.120162871,-0.542551234,-130.914086820,-0.109780574,142.886451891,44.736229886,0.000228148,0.000302925,-0.000529383,0.001167087,0.000425030,0.000023843,0.000199667,0.000000000,0.000000000,0.000000000,0.000000000,0.000000000,0.000000000,0.000000000,0.000394159,0.000000773,-0.000390204,-0.000000049,0.000135838,0.000000149,-0.000095880,0.000000000,0.000000000,0.000000000,0.000000000,0.000000000,0.000000000,0.000000000,0.213460823,0.039324628,-0.055249325,0.121955122,0.469881998,0.332866956,0.008699071
4.051000000,0,4.051000000,sample,0.216509766,0.000005943,0.000000000,0.000000000,0.000000000,0.000000000,0.000000000,0,0,2.000000000,0.080000000,0.000000000,0.000000000,0.000313630,0.000000000,0.001166507,0.000000000,0.000000000,0.000000000,0.001410588,0.222339612,7,64.744062251,0,0.000000000,0.186690465,0.025402615,0.188633467,0.025482215,0.587936216,0.118858188,0.386896718,0.035176451,0.344795731,0.000627259,0.344795886,2.000000000,0.000000000,0.000000000,0.000000000,1.000000000,0.996787608,0.553323683,0.627054145,0.000000000,1.094548943,0.581129410,0.632017676,1,0,0,0.000000000,0.069916570,0.018155240,0.172149325,-0.009645248,-0.018874901,0.014000005,0.860052400,12.120389824,-0.542551253,-130.914335689,-0.109847050,142.886364944,44.736358027,-0.000572419,0.000411527,-0.000432109,0.000059307,-0.000118309,-0.000016058,0.001135011,0.000000000,0.000000000,0.000000000,0.000000000,0.000000000,0.000000000,0.000000000,-0.000213498,-0.000000419,0.000211355,0.000000026,-0.000073578,-0.000000081,0.000051934,0.000000000,0.000000000,0.000000000,0.000000000,0.000000000,0.000000000,0.000000000,0.212007986,0.003831097,-0.060170043,0.118421902,0.469325345,0.332001466,0.009970154
4.101000000,0,4.101000000,sample,0.216509652,-0.000002282,0.000000000,0.000000000,0.000000000,0.000000000,0.000000000,0,0,2.000000000,0.080000000,0.000000000,0.000000000,0.000148575,0.000000000,0.001693322,0.000000000,0.000000000,0.000000000,0.000741708,0.200315011,2,35.715775921,0,0.000000000,0.182486143,0.024824615,0.185848180,0.025263519,0.171288978,0.034434463,0.372011040,0.022208496,0.324460480,0.000297151,0.324460425,2.000000000,0.000000000,0.000000000,0.000000000,1.000000000,1.064218169,0.572782110,0.627334209,0.000000000,1.064218169,0.572782110,0.629767982,1,0,0,0.000000000,0.067994677,0.016909052,0.168499259,-0.009626987,-0.018416448,0.013580025,0.860188794,12.120073181,-0.542551253,-130.914239905,-0.109887849,142.886411761,44.736107405,0.000066984,0.000443265,-0.000195137,0.000292581,-0.000306521,-0.000253896,-0.000258960,0.000000000,0.000000000,0.000000000,0.000000000,0.000000000,0.000000000,0.000000000,0.000101140,0.000000198,-0.000100125,-0.000000013,0.000034855,0.000000038,-0.000024602,0.000000000,0.000000000,0.000000000,0.000000000,0.000000000,0.000000000,0.000000000,0.216806689,0.032716095,-0.058578726,0.114165706,0.468635824,0.330680151,0.006209137
4.151000000,0,4.151000000,sample,0.216509742,0.000001799,0.000000000,0.000000000,0.000000000,0.000000000,0.000000000,0,0,2.000000000,0.080000000,0.000000000,0.000000000,0.000181484,0.000000000,0.001871309,0.000000000,0.000000000,0.000000000,0.001128891,0.160763303,7,71.786975281,0,0.000000000,0.184925898,0.025130481,0.188338505,0.025428020,0.160926023,0.059207115,0.369636243,0.028432953,0.324335202,0.000362969,0.324335310,2.000000000,0.000000000,0.000000000,0.000000000,1.000000000,1.005667378,0.562935770,0.625310257,0.000000000,1.064926209,0.575415687,0.629259488,1,0,0,0.000000000,0.069172738,0.015959882,0.170757144,-0.009668579,-0.018678060,0.013754625,0.860284503,12.120264623,-0.542551253,-130.914312204,-0.109812334,142.886413335,44.736317228,0.000294406,-0.000268442,-0.000100879,-0.000224401,0.000306344,-0.000215477,0.000956478,0.000000000,0.000000000,0.000000000,0.000000000,0.000000000,0.000000000,0.000000000,0.000123542,0.000000242,-0.000122302,-0.000000015,0.000042576,0.000000047,-0.000030052,0.000000000,0.000000000,0.000000000,0.000000000,0.000000000,0.000000000,0.000000000,0.212713233,0.010002565,-0.055138368,0.113095958,0.470008322,0.329983968,0.006145661
4.201000000,0,4.201000000,sample,0.216509484,-0.000005143,0.000000000,0.000000000,0.000000000,0.000000000,0.000000000,0,0,2.000000000,0.080000000,0.000000000,0.000000000,0.000369718,0.000000000,0.005776726,0.000000000,0.000000000,0.000000000,0.001760797,0.209971996,4,36.715935608,0,0.000000000,0.179445728,0.024640622,0.187075514,0.025255047,0.972223073,0.081871097,0.313504547,0.014074897,0.254043314,0.000739436,0.254045445,2.000000000,0.000000000,0.000000000,0.000000000,1.000000000,1.024097659,0.578631811,0.620917806,0.000000000,1.024097659,0.621095956,0.647637021,1,0,0,0.000000000,0.066439377,0.017662355,0.165754697,-0.009676939,-0.018123977,0.013602887,0.860093066,12.119865836,-0.542546731,-130.914106439,-0.109812843,142.886364013,44.735979179,-0.000064856,-0.000802438,-0.000271141,0.001066931,0.000323410,-0.000491782,-0.000945509,0.000000000,0.000000000,0.000000000,0.000000000,0.000000000,0.000000000,0.000000000,0.000251680,0.000000494,-0.000249154,-0.000000031,0.000086733,0.000000095,-0.000061220,0.000000000,0.000000000,0.000000000,0.000000000,0.000000000,0.000000000,0.000000000,0.190683907,0.018566530,-0.076299583,0.114059105,0.470631822,0.329305085,0.008160710
4.251000000,0,4.251000000,sample,0.216509878,0.000007877,0.000000000,0.000000000,0.000000000,0.000000000,0.000000000,0,0,2.000000000,0.080000000,0.000000000,0.000000000,0.000617120,0.000000000,0.001420192,0.000000000,0.000000000,0.000000000,0.001029913,0.599195525,4,25.200157145,0,0.000000000,0.187779187,0.025417517,0.187779187,0.025417517,0.608250401,0.072905126,0.404602079,0.030498447,0.365675267,0.001234239,0.365677717,2.000000000,0.000000000,0.000000000,0.000000000,1.000000000,1.026066213,0.559496711,0.630011795,0.000000000,1.053756639,0.574818623,0.632565892,1,0,0,0.000000000,0.071377734,0.015822476,0.172962110,-0.009658529,-0.019151341,0.013637783,0.860093085,12.120376284,-0.542343883,-130.914430863,-0.109894631,142.886170983,44.736276429,-0.000325819,0.000467001,0.000383896,-0.000517014,-0.000320814,-0.000280933,0.000374098,0.000000000,0.000000000,0.000000000,0.000000000,0.000000000,0.000000000,0.000000000,-0.000420094,-0.000000824,0.000415877,0.000000052,-0.000144777,-0.000000159,0.000102190,0.000000000,0.000000000,0.000000000,0.000000000,0.000000000,0.000000000,0.000000000,0.215981582,0.014839913,-0.058807578,0.120629484,0.470645854,0.332290420,0.010599427
4.301000000,0,4.301000000,sample,0.216509318,-0.000011214,0.000000000,0.000000000,0.000000000,0.000000000,0.000000000,0,0,2.000000000,0.080000000,0.000000000,0.000000000,0.000698196,0.000000000,0.001842587,0.000000000,0.000000000,0.000000000,0.002344553,0.297794759,1,46.171083055,0,0.000000000,0.178150793,0.024501225,0.188638911,0.025354030,1.629713359,0.143270963,0.298489492,0.009642479,0.232291938,0.001396391,0.232295820,2.000000000,0.000000000,0.000000000,0.000000000,1.000000000,0.999085128,0.548734433,0.627555374,0.000000000,1.030777163,0.559994546,0.632447112,1,0,0,0.000000000,0.065698675,0.014050462,0.164996889,-0.009641483,-0.018080440,0.013433151,0.860379989,12.119865836,-0.542439592,-130.913972415,-0.109908085,142.886272754,44.736277191,0.001593108,-0.001156071,0.000470506,0.001052766,0.000054548,-0.000233449,0.000485048,0.000000000,0.000000000,0.000000000,0.000000000,0.000000000,0.000000000,0.000000000,0.000475286,0.000000932,-0.000470517,-0.000000059,0.000163791,0.000000180,-0.000115611,0.000000000,0.000000000,0.000000000,0.000000000,0.000000000,0.000000000,0.000000000,0.217989595,0.006433320,-0.052934971,0.113020595,0.470538701,0.330366609,0.011847538
4.351000000,0,4.351000000,sample,0.216509746,0.000008569,0.000000000,0.000000000,0.000000000,0.000000000,0.000000000,0,0,2.000000000,0.080000000,0.000000000,0.000000000,0.000131602,0.000000000,0.001334121,0.000000000,0.000000000,0.000000000,0.001487122,0.088494405,7,64.236895354,0,0.000000000,0.185929396,0.025221932,0.185929396,0.025221932,0.552096340,0.052429149,0.392705060,0.028841247,0.347320025,0.000263204,0.347319897,2.000000000,0.000000000,0.000000000,0.000000000,1.000000000,1.053445074,0.568659318,0.631603419,0.000000000,1.064847344,0.573563783,0.632776277,1,0,0,0.000000000,0.069318227,0.016887151,0.171696091,-0.009670780,-0.018743850,0.013830762,0.860066740,12.120376277,-0.542434903,-130.914306780,-0.109847060,142.886454058,44.736317238,0.000564849,0.000663644,0.000067779,-0.000146588,-0.000045937,0.000056950,0.001191898,0.000000000,0.000000000,0.000000000,0.000000000,0.000000000,0.000000000,0.000000000,0.000089586,0.000000176,-0.000088687,-0.000000011,0.000030874,0.000000034,-0.000021792,0.000000000,0.000000000,0.000000000,0.000000000,0.000000000,0.000000000,0.000000000,0.218698754,0.026114477,-0.058870038,0.119282010,0.471544846,0.332088324,0.008982856
4.401000000,0,4.401000000,sample,0.216509431,-0.000006295,0.000000000,0.000000000,0.000000000,0.000000000,0.000000000,0,0,2.000000000,0.080000000,0.000000000,0.000000000,0.000733032,0.000000000,0.003755666,0.000000000,0.000000000,0.000000000,0.001668689,0.439286053,1,75.314532218,0,0.000000000,0.182393665,0.024896763,0.190321181,0.025509885,0.979853745,0.088026807,0.358441585,0.020500238,0.311499680,0.001466064,0.311502192,2.000000000,0.000000000,0.000000000,0.000000000,1.000000000,0.985461197,0.595721628,0.617812906,0.000000000,1.056465375,0.596173408,0.631465940,1,0,0,0.000000000,0.067811259,0.015271177,0.168629396,-0.009672794,-0.018585606,0.013448462,0.860243799,12.120168914,-0.542439089,-130.914071723,-0.109847060,142.886170585,44.736107489,0.001448154,-0.000115925,0.000356266,0.000283883,0.000094434,-0.000643507,0.000208327,0.000000000,0.000000000,0.000000000,0.000000000,0.000000000,0.000000000,0.000000000,0.000498999,0.000000978,-0.000493992,-0.000000062,0.000171967,0.000000189,-0.000121382,0.000000000,0.000000000,0.000000000,0.000000000,0.000000000,0.000000000,0.000000000,0.145212312,0.000643345,-0.117652103,0.114382416,0.473062715,0.331332757,0.010520224
4.451000000,0,4.451000000,sample,0.216509694,0.000005265,0.000000000,0.000000000,0.000000000,0.000000000,0.000000000,0,0,2.000000000,0.080000000,0.000000000,0.000000000,0.001775227,0.000000000,0.001775227,0.000000000,0.000000000,0.000000000,0.002466360,0.719775862,1,38.314330293,0,0.000000000,0.182635913,0.024788300,0.184780783,0.025147102,1.222715727,0.156476372,0.422017353,0.034736970,0.389261905,0.003550453,0.389278962,2.000000000,0.000000000,0.000000000,0.000000000,1.000000000,0.883832773,0.536164186,0.647666026,0.000000000,1.049863343,0.594529987,0.647666026,1,0,0,0.000000000,0.068304716,0.015095808,0.168708206,-0.009651242,-0.018454888,0.013443603,0.860380212,12.120069118,-0.542551253,-130.914274966,-0.109847050,142.886404340,44.736129710,0.001526642,0.001212193,-0.000846576,-0.000839127,0.000057432,-0.000184856,-0.000908069,0.000000000,0.000000000,0.000000000,0.000000000,0.000000000,0.000000000,0.000000000,0.001208457,0.000002370,-0.001196329,-0.000000150,0.000416462,0.000000457,-0.000293956,0.000000000,0.000000000,0.000000000,0.000000000,0.000000000,0.000000000,0.000000000,0.220613208,-0.055845773,-0.054038255,0.164165016,0.471863796,0.339203647,0.009874331
4.501000000,0,4.501000000,sample,0.216509630,-0.000001290,0.000000000,0.000000000,0.000000000,0.000000000,0.000000000,0,0,2.000000000,0.080000000,0.000000000,0.000000000,0.000373290,0.000000000,0.001461844,0.000000000,0.000000000,0.000000000,0.000944809,0.395095893,2,61.330096663,0,0.000000000,0.185262688,0.025033259,0.189219984,0.025435062,0.496570083,0.059930766,0.392841934,0.029290154,0.349945340,0.000746580,0.349945853,2.000000000,0.000000000,0.000000000,0.000000000,1.000000000,1.025960523,0.557623487,0.628304404,0.000000000,1.084496756,0.573319506,0.648531894,1,0,0,0.000000000,0.068773019,0.016922652,0.171190418,-0.009622062,-0.018699728,0.013579403,0.860188795,12.120376785,-0.542551253,-130.914221950,-0.109888603,142.886414093,44.736107405,0.000070091,0.000739913,-0.000530738,0.000043567,-0.000057478,-0.000198689,0.000117975,0.000000000,0.000000000,0.000000000,0.000000000,0.000000000,0.000000000,0.000000000,0.000254111,0.000000498,-0.000251560,-0.000000031,0.000087575,0.000000096,-0.000061814,0.000000000,0.000000000,0.000000000,0.000000000,0.000000000,0.000000000,0.000000000,0.213114388,0.015686559,-0.059804256,0.115637551,0.470724420,0.332308656,0.011979105
4.551000000,0,4.551000000,sample,0.216509511,-0.000002386,0.000000000,0.000000000,0.000000000,0.000000000,0.000000000,0,0,2.000000000,0.080000000,0.000000000,0.000000000,0.000959104,0.000000000,0.004460825,0.000000000,0.000000000,0.000000000,0.002528051,0.379384783,1,62.406693125,0,0.000000000,0.181198894,0.024640113,0.187122398,0.025404866,1.371027728,0.079326011,0.365000140,0.024256128,0.308611480,0.001918208,0.308614178,2.000000000,0.000000000,0.000000000,0.000000000,1.000000000,1.058902996,0.531428106,0.651863308,0.000000000,1.058902996,0.563918912,0.652241560,1,0,0,0.000000000,0.066704031,0.017645398,0.167547759,-0.009648837,-0.018221441,0.013491264,0.859981425,12.120073205,-0.542429161,-130.914113474,-0.109896920,142.886481281,44.735938380,-0.001997108,0.000505283,-0.000434351,0.000787644,-0.000276485,0.000430138,-0.001037684,0.000000000,0.000000000,0.000000000,0.000000000,0.000000000,0.000000000,0.000000000,-0.000652895,-0.000001280,0.000646343,0.000000081,-0.000225003,-0.000000247,0.000158816,0.000000000,0.000000000,0.000000000,0.000000000,0.000000000,0.000000000,0.000000000,0.280377811,0.020620490,-0.001509509,0.120302979,0.468422279,0.334549008,0.008443641
4.601000000,0,4.601000000,sample,0.216509827,0.000006320,0.000000000,0.000000000,0.000000000,0.000000000,0.000000000,0,0,2.000000000,0.080000000,0.000000000,0.000000000,0.000149110,0.000000000,0.001492650,0.000000000,0.000000000,0.000000000,0.001196325,0.124639832,4,78.199315524,0,0.000000000,0.187018688,0.025339698,0.188466176,0.025521946,0.507112971,0.044187453,0.394356156,0.027940136,0.351743500,0.000298220,0.351743862,2.000000000,0.000000000,0.000000000,0.000000000,1.000000000,1.000861735,0.565727792,0.628662896,0.000000000,1.068073861,0.585652390,0.650478982,1,0,0,0.000000000,0.070431864,0.016777309,0.172435101,-0.009690383,-0.018949071,0.013752437,0.860193316,12.120377787,-0.542551197,-130.914387153,-0.109772034,142.886330894,44.736191279,-0.000080344,-0.000289326,-0.000108944,-0.001057915,0.000356941,0.000047376,-0.000283417,0.000000000,0.000000000,0.000000000,0.000000000,0.000000000,0.000000000,0.000000000,0.000101504,0.000000199,-0.000100485,-0.000000013,0.000034981,0.000000038,-0.000024691,0.000000000,0.000000000,0.000000000,0.000000000,0.000000000,0.000000000,0.000000000,0.201425660,0.002985318,-0.070446755,0.119994319,0.472029830,0.335251872,0.008274555
4.651000000,0,4.651000000,sample,0.216509777,-0.000000989,0.000000000,0.000000000,0.000000000,0.000000000,0.000000000,0,0,2.000000000,0.080000000,0.000000000,0.000000000,0.000227909,0.000000000,0.001698355,0.000000000,0.000000000,0.000000000,0.003041246,0.074939241,2,80.795661090,0,0.000000000,0.183982425,0.024937603,0.187975747,0.025612223,1.709060422,0.181151142,0.453304569,0.040403840,0.421329603,0.000455817,0.421326931,2.000000000,0.000000000,0.000000000,0.000000000,1.000000000,1.004360873,0.554114689,0.630473683,0.000000000,1.191998606,0.599731907,0.630473683,1,0,0,0.000000000,0.069356125,0.017841932,0.169472494,-0.009604755,-0.018653100,0.013479413,0.860093085,12.120077717,-0.542551253,-130.914351413,-0.109922829,142.886291619,44.735938408,-0.000115779,0.002733667,-0.000299381,-0.000346305,-0.000397098,0.000130731,-0.001174097,0.000000000,0.000000000,0.000000000,0.000000000,0.000000000,0.000000000,0.000000000,0.000155145,0.000000304,-0.000153588,-0.000000019,0.000053467,0.000000059,-0.000037739,0.000000000,0.000000000,0.000000000,0.000000000,0.000000000,0.000000000,0.000000000,0.219582274,0.006403843,-0.055837665,0.116902109,0.470957932,0.332534466,0.008671059
4.701000000,0,4.701000000,sample,0.216509782,0.000000088,0.000000000,0.000000000,0.000000000,0.000000000,0.000000000,0,0,2.000000000,0.080000000,0.000000000,0.000000000,0.002621331,0.000000000,0.004677005,0.000000000,0.000000000,0.000000000,0.003357124,0.780826404,1,68.491280009,0,0.000000000,0.185521339,0.025028262,0.188536574,0.025431621,1.116478532,0.110678640,0.334011158,0.025942075,0.279132510,0.005242663,0.279182221,2.000000000,0.000000000,0.000000000,0.000000000,1.000000000,1.024132266,0.532097214,0.644975013,0.000000000,1.046205864,0.564852597,0.644975013,1,0,0,0.000000000,0.069697194,0.015018817,0.171274352,-0.009621331,-0.018796468,0.013436394,0.860088567,12.120292223,-0.542248119,-130.914335093,-0.109995211,142.886346271,44.736245277,-0.002778338,-0.000966176,0.001321048,0.000665153,0.000352200,-0.000279730,-0.000477217,0.000000000,0.000000000,0.000000000,0.000000000,0.000000000,0.000000000,0.000000000,-0.001784427,-0.000003497,0.001766518,0.000000221,-0.000614966,-0.000000675,0.000434068,0.000000000,0.000000000,0.000000000,0.000000000,0.000000000,0.000000000,0.000000000,0.264392719,0.009674099,-0.013781189,0.124734501,0.469124826,0.331760356,0.010198860
4.751000000,0,4.751000000,sample,0.216509833,0.000001023,0.000000000,0.000000000,0.000000000,0.000000000,0.000000000,0,0,2.000000000,0.080000000,0.000000000,0.000000000,0.000531472,0.000000000,0.001456624,0.000000000,0.000000000,0.000000000,0.002115313,0.251249691,3,36.648571215,0,0.000000000,0.183911607,0.025140980,0.188728514,0.025552187,1.004946912,0.175153815,0.390171964,0.042449614,0.357633568,0.001062944,0.357635562,2.000000000,0.000000000,0.000000000,0.000000000,1.000000000,1.031202528,0.565462717,0.629351342,0.000000000,1.036068752,0.567419789,0.651599242,1,0,0,0.000000000,0.069074015,0.018481617,0.169442289,-0.009655267,-0.018530195,0.013981293,0.860093253,12.120073205,-0.542628874,-130.914388434,-0.109812080,142.886445897,44.736276514,-0.000405620,-0.000483373,-0.001280570,-0.001114059,0.000461464,0.000109524,0.000985110,0.000000000,0.000000000,0.000000000,0.000000000,0.000000000,0.000000000,0.000000000,0.000361791,0.000000710,-0.000358160,-0.000000045,0.000124682,0.000000137,-0.000088005,0.000000000,0.000000000,0.000000000,0.000000000,0.000000000,0.000000000,0.000000000,0.212048449,0.018034335,-0.071127562,0.120979401,0.470351832,0.331353970,0.008478490
4.801000000,0,4.801000000,sample,0.216509627,-0.000004110,0.000000000,0.000000000,0.000000000,0.000000000,0.000000000,0,0,2.000000000,0.080000000,0.000000000,0.000000000,0.001282854,0.000000000,0.001330751,0.000000000,0.000000000,0.000000000,0.003749916,0.342102044,2,70.140180599,0,0.000000000,0.184023487,0.024875293,0.185491012,0.025388996,1.793244919,0.204717324,0.280776876,0.011471441,0.206784075,0.002565708,0.206795081,2.000000000,0.000000000,0.000000000,0.000000000,1.000000000,1.141756943,0.587855447,0.629740307,0.000000000,1.141756943,0.587855447,0.634243443,1,0,0,0.000000000,0.068245094,0.017844655,0.169967112,-0.009604823,-0.018536709,0.013524717,0.860188794,12.120251026,-0.542646960,-130.914222303,-0.109888100,142.886451894,44.735958871,0.000624737,-0.003140545,-0.000910779,0.000045329,-0.000155751,0.000014360,-0.001718288,0.000000000,0.000000000,0.000000000,0.000000000,0.000000000,0.000000000,0.000000000,0.000873281,0.000001713,-0.000864517,-0.000000108,0.000300958,0.000000330,-0.000212428,0.000000000,0.000000000,0.000000000,0.000000000,0.000000000,0.000000000,0.000000000,0.218344237,0.065396421,-0.062060356,0.103786826,0.469838365,0.330390166,0.009644270
4.851000000,0,4.851000000,sample,0.216509803,0.000003506,0.000000000,0.000000000,0.000000000,0.000000000,0.000000000,0,0,2.000000000,0.080000000,0.000000000,0.000000000,0.000148049,0.000000000,0.004381557,0.000000000,0.000000000,0.000000000,0.001213728,0.121979163,2,33.997212294,0,0.000000000,0.183419508,0.024877005,0.189195688,0.025398984,0.614602970,0.107428907,0.349363748,0.012495785,0.291908770,0.000296099,0.291908278,2.000000000,0.000000000,0.000000000,0.000000000,1.000000000,0.989159345,0.561725087,0.630757582,0.000000000,1.231864546,0.611815435,0.656746115,1,0,0,0.000000000,0.068868640,0.015864389,0.169257636,-0.009628608,-0.018511618,0.013545304,0.860188852,12.120074709,-0.542439518,-130.914355549,-0.109922820,142.886433728,44.736209760,0.000439918,-0.000707690,0.000564261,-0.000208073,-0.000505293,0.000250235,-0.000314895,0.000000000,0.000000000,0.000000000,0.000000000,0.000000000,0.000000000,0.000000000,-0.000100782,-0.000000198,0.000099771,0.000000012,-0.000034732,-0.000000038,0.000024515,0.000000000,0.000000000,0.000000000,0.000000000,0.000000000,0.000000000,0.000000000,0.209464151,-0.001042156,-0.064751084,0.129326511,0.471801388,0.332251513,0.008552407
4.901000000,0,4.901000000,sample,0.216509783,-0.000000389,0.000000000,0.000000000,0.000000000,0.000000000,0.000000000,0,0,2.000000000,0.080000000,0.000000000,0.000000000,0.000429197,0.000000000,0.002681632,0.000000000,0.000000000,0.000000000,0.001704300,0.251831938,2,39.723798552,0,0.000000000,0.185671439,0.025155953,0.187047660,0.025536230,1.009209183,0.118622066,0.407462645,0.036379764,0.365017029,0.000858394,0.365016851,2.000000000,0.000000000,0.000000000,0.000000000,1.000000000,0.995748895,0.554291507,0.632699109,0.000000000,1.216640291,0.623536190,0.633321559,1,0,0,0.000000000,0.069667315,0.018637034,0.171093569,-0.009545589,-0.018770030,0.013761892,0.859976904,12.120264623,-0.542510556,-130.914350014,-0.110030405,142.886359149,44.736230648,-0.001066696,0.001074166,-0.000434274,-0.000182633,0.000208298,0.000519510,0.000278815,0.000000000,0.000000000,0.000000000,0.000000000,0.000000000,0.000000000,0.000000000,-0.000292169,-0.000000573,0.000289237,0.000000036,-0.000100690,-0.000000111,0.000071071,0.000000000,0.000000000,0.000000000,0.000000000,0.000000000,0.000000000,0.000000000,0.219270488,0.000622364,-0.052363758,0.126712667,0.471478626,0.333229966,0.009790869
4.951000000,0,4.951000000,sample,0.216509831,0.000000955,0.000000000,0.000000000,0.000000000,0.000000000,0.000000000,0,0,2.000000000,0.080000000,0.000000000,0.000000000,0.000216307,0.000000000,0.004335301,0.000000000,0.000000000,0.000000000,0.001977507,0.109383890,4,50.511577187,0,0.000000000,0.184094752,0.025085400,0.186952363,0.025245039,1.002968433,0.108119988,0.391935522,0.034199274,0.355594349,0.000432615,0.355594818,2.000000000,0.000000000,0.000000000,0.000000000,1.000000000,1.003152434,0.564167931,0.627856442,0.000000000,1.027870135,0.597722141,0.659251615,1,0,0,0.000000000,0.069358439,0.017806397,0.169597220,-0.009625485,-0.018607216,0.013798508,0.860093142,12.120077717,-0.542551253,-130.914388727,-0.109887852,142.886373941,44.736229811,-0.000819127,-0.000708212,-0.000705505,-0.001405444,-0.000255365,0.000056418,0.000443393,0.000000000,0.000000000,0.000000000,0.000000000,0.000000000,0.000000000,0.000000000,-0.000147248,-0.000000289,0.000145770,0.000000018,-0.000050745,-0.000000056,0.000035818,0.000000000,0.000000000,0.000000000,0.000000000,0.000000000,0.000000000,0.000000000,0.206237298,0.006637022,-0.065512991,0.121099156,0.471859308,0.331557226,0.009353132
5.000000000,0,5.000000000,disturb_auto_push,0.000000000,,0.000000000,0.000000000,0.000000000,0.000000000,0.000000000,0,0,0.000000000,0.000000000,0.000000000,0.000000000,0.000000000,0.000000000,0.000000000,0.000000000,0.000000000,0.000000000,0.001398880,0.000000000,4,43.940468561,0,0.000000000,0.000000000,0.000000000,0.000000000,0.000000000,0.698779032,0.085230930,0.000000000,0.000000000,0.000000000,0.000000000,0.000000000,0.000000000,0.000000000,0.000000000,0.000000000,1.000000000,0.000000000,0.000000000,0.000000000,0.000000000,0.000000000,0.000000000,0.000000000,0,0,0,0.000000000,0.000000000,0.000000000,0.000000000,0.000000000,0.000000000,0.000000000,0.860093588,12.120170474,-0.542551246,-130.914132517,-0.110030237,142.886366520,44.736317228,-0.000335357,-0.000029695,-0.000631810,0.000927284,-0.000040328,-0.000571368,0.000506350,0.000000000,0.000000000,0.000000000,0.000000000,0.000000000,0.000000000,0.000000000,0.000000000,0.000000000,0.000000000,0.000000000,0.000000000,0.000000000,0.000000000,0.000000000,0.000000000,0.000000000,0.000000000,0.000000000,0.000000000,0.000000000,0.000000000,0.000000000,0.000000000,0.000000000,0.000000000,0.000000000,0.000000000
5.000000000,0,5.000000000,sample,0.216509514,-0.000006468,0.000000000,0.000000000,0.000000000,0.000000000,0.000000000,0,0,2.000000000,0.080000000,0.000000000,0.000000000,0.000103917,0.000000000,0.003762581,0.000000000,0.000000000,0.000000000,0.001398880,0.074286156,4,43.940468561,0,0.000000000,0.182660428,0.024921433,0.187644596,0.025349169,0.698779032,0.085230930,0.348335284,0.027710605,0.300828672,0.000207835,0.300828669,2.000000000,0.000000000,0.000000000,0.000000000,1.000000000,1.011356586,0.564240605,0.628224424,0.000000000,1.042358068,0.564240605,0.650014186,1,0,0,0.000000000,0.067577981,0.017932360,0.168749752,-0.009539683,-0.018450629,0.013771223,0.860093588,12.120170474,-0.542551246,-130.914132517,-0.110030237,142.886366520,44.736317228,-0.000335357,-0.000029695,-0.000631810,0.000927284,-0.000040328,-0.000571368,0.000506350,0.000000000,0.000000000,0.000000000,0.000000000,0.000000000,0.000000000,0.000000000,0.000070740,0.000000139,-0.000070030,-0.000000009,0.000024379,0.000000027,-0.000017208,0.000000000,0.000000000,0.000000000,0.000000000,0.000000000,0.000000000,0.000000000,0.203369154,0.008574126,-0.070905873,0.124637814,0.471117631,0.332567610,0.010868929
5.050000000,0,5.050000000,sample,0.216509595,0.000001627,0.000000000,0.000000000,0.000000000,0.000000000,0.000000000,0,0,2.000000000,0.080000000,0.000000000,0.000000000,0.000901236,0.000000000,0.001611454,0.000000000,0.000000000,0.000000000,0.001921045,0.469138703,7,48.485749885,0,0.000000000,0.183101652,0.024751318,0.186235975,0.025324189,0.278132050,0.072289401,0.352952187,0.017150033,0.296113401,0.001802473,0.296245336,2.000000000,0.001541333,0.030826663,0.003342898,1.000000000,1.066936825,0.568831986,0.632931712,0.000000000,1.085240981,0.575813814,0.647020277,1,0,0,0.000000000,0.067864294,0.015634887,0.169340493,-0.009609873,-0.018473828,0.013378930,0.860093085,12.120209516,-0.542317503,-130.914180851,-0.109995183,142.886432143,44.736125072,-0.000870624,-0.000263231,0.000928593,0.000185435,0.000409406,0.000097611,-0.001337656,0.000000000,0.000000000,0.000000000,0.000000000,0.000000000,0.000000000,0.000000000,-0.000613502,-0.000001203,0.000607345,0.000000076,-0.000211429,-0.000000232,0.000149235,0.000000000,0.000000000,0.000000000,0.000000000,0.000000000,0.000000000,0.000000000,0.222104718,0.031235834,-0.057499610,0.115389416,0.471807587,0.333159499,0.008820207
5.100000000,0,5.100000000,sample,0.216509633,0.000000756,0.000000000,0.000000000,0.000000000,0.000000000,0.000000000,0,0,2.000000000,0.080000000,0.000000000,0.000000000,0.002065497,0.000000000,0.002415806,0.000000000,0.000000000,0.000000000,0.004156558,0.496924917,5,86.934860038,0,0.000000000,0.182113069,0.024671462,0.187024684,0.025392475,0.774870402,0.205724302,0.338271199,0.014721301,0.275388907,0.004130994,0.276508732,2.000000000,0.006155830,0.123116594,0.013350828,1.000000000,0.992029630,0.560012603,0.631785850,0.000000000,1.251302111,0.625495773,0.632613760,1,0,0,0.000000000,0.067614986,0.016878792,0.168251271,-0.009606635,-0.018348092,0.013406757,0.859986022,12.120073205,-0.542343883,-130.914211635,-0.109995192,142.886452616,44.736020063,-0.001134918,-0.000703421,0.000585856,0.000347022,-0.003875527,0.000074139,-0.000072622,0.000000000,0.000000000,0.000000000,0.000000000,0.000000000,0.000000000,0.000000000,-0.001406054,-0.000002756,0.001391943,0.000000174,-0.000484559,-0.000000532,0.000342021,0.000000000,0.000000000,0.000000000,0.000000000,0.000000000,0.000000000,0.000000000,0.210988881,-0.001629481,-0.061371664,0.127301070,0.471790744,0.334671812,0.008403910
5.150000000,0,5.150000000,sample,0.216509660,0.000000538,0.000000000,0.000000000,0.000000000,0.000000000,0.000000000,0,0,2.000000000,0.080000000,0.000000000,0.000000000,0.000236812,0.000000000,0.001416161,0.000000000,0.000000000,0.000000000,0.001891352,0.125207754,7,48.767192794,0,0.000000000,0.184182888,0.025069857,0.186772535,0.025369785,0.804992820,0.018290856,0.369132914,0.022950839,0.318451149,0.000473624,0.319408338,2.000000000,0.013815040,0.276300796,0.029962703,1.000000000,0.989511312,0.539783953,0.638000614,0.000000000,1.222280045,0.605253944,0.638000614,1,0,0,0.000000000,0.068620212,0.014687515,0.170290574,-0.009646496,-0.018612522,0.013748340,0.860312394,12.120264623,-0.542439586,-130.914240959,-0.109887849,142.886407233,44.736508473,0.000725945,0.000547717,0.000736399,0.000605957,-0.000070833,-0.000302047,0.001320798,0.000000000,0.000000000,0.000000000,0.000000000,0.000000000,0.000000000,0.000000000,-0.000161206,-0.000000316,0.000159588,0.000000020,-0.000055556,-0.000000061,0.000039214,0.000000000,0.000000000,0.000000000,0.000000000,0.000000000,0.000000000,0.000000000,0.231498882,-0.004667842,-0.052424330,0.129603661,0.470465331,0.335303697,0.010938278
5.200000000,0,5.200000000,sample,0.216509781,0.000002421,0.000000000,0.000000000,0.000000000,0.000000000,0.000000000,0,0,2.000000000,0.080000000,0.000000000,0.000000000,0.000130463,0.000000000,0.004296017,0.000000000,0.000000000,0.000000000,0.001097748,0.118846387,7,75.464114536,0,0.000000000,0.184302043,0.025094685,0.187559603,0.025387898,0.306129353,0.039627245,0.380620823,0.026666719,0.334201605,0.000260927,0.341225119,2.000000000,0.024471742,0.489434837,0.053075022,1.000000000,1.012164706,0.552228109,0.633824843,0.000000000,1.012164706,0.552228109,0.654545525,1,0,0,0.000000000,0.069191504,0.015737364,0.170094427,-0.009672158,-0.018632835,0.013748092,0.860195047,12.120168914,-0.542439592,-130.914340355,-0.109847050,142.886391171,44.736358027,0.000386554,0.000204187,-0.000067082,-0.000288833,-0.000086518,0.000095623,0.000953615,0.000000000,0.000000000,0.000000000,0.000000000,0.000000000,0.000000000,0.000000000,0.000088811,0.000000174,-0.000087919,-0.000000011,0.000030607,0.000000034,-0.000021603,0.000000000,0.000000000,0.000000000,0.000000000,0.000000000,0.000000000,0.000000000,0.221756074,0.006386084,-0.060387859,0.123265246,0.470398606,0.335137222,0.009196348
5.250000000,0,5.250000000,sample,0.216509614,-0.000003349,0.000000000,0.000000000,0.000000000,0.000000000,0.000000000,0,0,2.000000000,0.080000000,0.000000000,0.000000000,0.000088059,0.000000000,0.001323275,0.000000000,0.000000000,0.000000000,0.000443342,0.198625261,4,83.976171517,0,0.000000000,0.183314625,0.024887070,0.187267634,0.025359682,0.317899857,0.034656083,0.352446761,0.018379923,0.296343002,0.000176118,0.312291129,2.000000000,0.038060234,0.761204675,0.082546198,1.000000000,1.047471713,0.567783864,0.630077945,0.000000000,1.076710384,0.567843423,0.634865966,1,0,0,0.000000000,0.068623204,0.013701763,0.169432492,-0.009672647,-0.018631393,0.013367025,0.860412591,12.120168914,-0.542438085,-130.914213166,-0.109847050,142.886265971,44.736195833,0.000025918,-0.000101202,-0.000087856,0.000406272,0.000007516,0.000097221,-0.000057917,0.000000000,0.000000000,0.000000000,0.000000000,0.000000000,0.000000000,0.000000000,0.000059945,0.000000118,-0.000059343,-0.000000007,0.000020658,0.000000023,-0.000014582,0.000000000,0.000000000,0.000000000,0.000000000,0.000000000,0.000000000,0.000000000,0.211051155,0.023758285,-0.068515462,0.116967382,0.471666805,0.333081553,0.010126079
5.300000000,0,5.300000000,sample,0.216509790,0.000003519,0.000000000,0.000000000,0.000000000,0.000000000,0.000000000,0,0,2.000000000,0.080000000,0.000000000,0.000000000,0.002118829,0.000000000,0.004157543,0.000000000,0.000000000,0.000000000,0.002983277,0.710235589,1,93.316512592,0,0.000000000,0.184231205,0.024831579,0.186569805,0.025247899,1.544180272,0.191537524,0.380664031,0.027694965,0.338473570,0.004237659,0.339578484,2.000000000,0.054496738,1.089934758,0.118194346,1.000000000,1.051223472,0.564134492,0.633995975,0.000000000,1.073360220,0.567296518,0.656221563,1,0,0,0.000000000,0.069330268,0.012032377,0.170263539,-0.009718908,-0.018667325,0.013178813,0.860463137,12.120183005,-0.542317503,-130.914341625,-0.109812080,142.886373207,44.736148204,0.002881860,0.000123220,-0.000020552,-0.000081995,0.000202085,-0.000444306,-0.000578145,0.000000000,0.000000000,0.000000000,0.000000000,0.000000000,0.000000000,0.000000000,0.001442359,0.000002827,-0.001427883,-0.000000179,0.000497075,0.000000545,-0.000350855,0.000000000,0.000000000,0.000000000,0.000000000,0.000000000,0.000000000,0.000000000,0.219548121,0.024073575,-0.072559570,0.120489181,0.471197749,0.333589572,0.008838903
5.350000000,0,5.350000000,sample,0.216509620,-0.000003389,0.000000000,0.000000000,0.000000000,0.000000000,0.000000000,0,0,2.000000000,0.080000000,0.000000000,0.000000000,0.000601394,0.000000000,0.002144701,0.000000000,0.000000000,0.000000000,0.001202198,0.500245552,4,59.110441916,0,0.000000000,0.183535388,0.025015369,0.186884107,0.025131613,0.683141756,0.067965342,0.398592167,0.026835990,0.356499054,0.001202788,0.393887879,2.000000000,0.073679918,1.473598356,0.159799299,1.000000000,1.050150976,0.550426339,0.637265007,0.000000000,1.054581882,0.585340892,0.639790776,1,0,0,0.000000000,0.068935927,0.013057148,0.169595364,-0.009646734,-0.018702188,0.013525434,0.860487795,12.120168970,-0.542439088,-130.914223415,-0.109887849,142.886204545,44.736460844,-0.000269254,0.000309502,0.000501202,-0.000924289,-0.000367332,0.000188469,-0.000031966,0.000000000,0.000000000,0.000000000,0.000000000,0.000000000,0.000000000,0.000000000,-0.000409389,-0.000000803,0.000405281,0.000000051,-0.000141086,-0.000000155,0.000099584,0.000000000,0.000000000,0.000000000,0.000000000,0.000000000,0.000000000,0.000000000,0.239221956,0.025699312,-0.057944437,0.110883092,0.471472281,0.331968708,0.008782756
5.400000000,0,5.400000000,sample,0.216509639,0.000000370,0.000000000,0.000000000,0.000000000,0.000000000,0.000000000,0,0,2.000000000,0.080000000,0.000000000,0.000000000,0.001146704,0.000000000,0.002082288,0.000000000,0.000000000,0.000000000,0.001971659,0.581593508,1,75.837147682,0,0.000000000,0.181451862,0.024626988,0.184673728,0.025088771,1.128574028,0.138112128,0.351453285,0.033006510,0.308004115,0.002293408,0.404872591,2.000000000,0.095491503,1.909830056,0.207102226,1.000000000,1.054117890,0.546036909,0.645200349,0.000000000,1.060575938,0.575457923,0.645583775,1,0,0,0.000000000,0.067912874,0.011838133,0.167846592,-0.009652777,-0.018391084,0.013231798,0.860607550,12.120002147,-0.542429161,-130.914227089,-0.109887877,142.886353100,44.736297173,-0.001717010,-0.000712082,-0.000247182,0.000009263,-0.000223212,-0.000136194,0.000550180,0.000000000,0.000000000,0.000000000,0.000000000,0.000000000,0.000000000,0.000000000,-0.000780601,-0.000001530,0.000772767,0.000000097,-0.000269011,-0.000000295,0.000189879,0.000000000,0.000000000,0.000000000,0.000000000,0.000000000,0.000000000,0.000000000,0.255383818,0.023372078,-0.049921171,0.117588730,0.471598896,0.334291750,0.006373112
5.450000000,0,5.450000000,sample,0.216509773,0.000002683,0.000000000,0.000000000,0.000000000,0.000000000,0.000000000,0,0,2.000000000,0.080000000,0.000000000,0.000000000,0.001091505,0.000000000,0.002324516,0.000000000,0.000000000,0.000000000,0.001851214,0.589615739,3,51.589446492,0,0.000000000,0.183158546,0.024333969,0.188312245,0.025019148,0.833084964,0.080896344,0.344169626,0.018088252,0.285526448,0.002183010,0.405731203,2.000000000,0.119797017,2.395940344,0.259818280,1.000000000,1.061724712,0.533244729,0.645591749,0.000000000,1.089250779,0.568460896,0.656901549,1,0,0,0.000000000,0.069322067,0.006767898,0.169398050,-0.009593356,-0.018628126,0.012373459,0.861385912,12.120073214,-0.542646962,-130.914351360,-0.109908085,142.886311599,44.736019978,0.000132450,-0.000984262,-0.001329649,-0.000250056,0.000039598,0.000514137,-0.000586753,0.000000000,0.000000000,0.000000000,0.000000000,0.000000000,0.000000000,0.000000000,0.000743025,0.000001457,-0.000735568,-0.000000092,0.000256063,0.000000281,-0.000180740,0.000000000,0.000000000,0.000000000,0.000000000,0.000000000,0.000000000,0.000000000,0.262409413,0.028685969,-0.056721241,0.110072576,0.470126505,0.332663736,0.009474130
5.500000000,0,5.500000000,sample,0.216509523,-0.000005002,0.000000000,0.000000000,0.000000000,0.000000000,0.000000000,0,0,2.000000000,0.080000000,0.000000000,0.000000000,0.000547545,0.000000000,0.001961191,0.000000000,0.000000000,0.000000000,0.002020902,0.270940917,7,55.263928613,0,0.000000000,0.181778345,0.023690719,0.184953520,0.024463921,0.757566625,0.162314427,0.379590056,0.026478286,0.334337396,0.001095090,0.428018919,2.000000000,0.146446609,2.928932188,0.317619859,1.000000000,1.060662022,0.532696287,0.647428010,0.000000000,1.077511306,0.534536428,0.648677206,1,0,0,0.000000000,0.067609605,-0.004072357,0.168688244,-0.009693940,-0.018439085,0.011281748,0.862229280,12.120168914,-0.542343381,-130.914126115,-0.109847050,142.886372267,44.736020342,0.000854795,0.000795496,0.000439209,0.000418638,0.000050828,-0.000304643,-0.001502333,0.000000000,0.000000000,0.000000000,0.000000000,0.000000000,0.000000000,0.000000000,0.000372732,0.000000731,-0.000368992,-0.000000046,0.000128453,0.000000141,-0.000090667,0.000000000,0.000000000,0.000000000,0.000000000,0.000000000,0.000000000,0.000000000,0.258868509,0.025473116,-0.059521530,0.119314582,0.471206972,0.333934303,0.013203474
5.550000000,0,5.550000000,sample,0.216509991,0.000009358,0.000000000,0.000000000,0.000000000,0.000000000,0.000000000,0,0,2.000000000,0.080000000,0.000000000,0.000000000,0.000205998,0.000000000,0.002207720,0.000000000,0.000000000,0.000000000,0.001634921,0.125998524,4,50.065043440,0,0.000000000,0.187753412,0.024338726,0.187753412,0.024338726,1.204559209,0.113825784,0.426366973,0.031933038,0.386867510,0.000411995,0.517798342,2.000000000,0.175275976,3.505519517,0.380152955,1.000000000,1.025845611,0.534507604,0.644992741,0.000000000,1.065893267,0.542828770,0.652376988,1,0,0,0.000000000,0.071801833,-0.006104733,0.173374083,-0.009707691,-0.019135563,0.011487583,0.862449170,12.120376788,-0.542343883,-130.914514201,-0.109812080,142.886270505,44.736416494,0.000390114,0.000673838,0.000799505,-0.001156815,0.000235741,0.000171465,-0.000065701,0.000000000,0.000000000,0.000000000,0.000000000,0.000000000,0.000000000,0.000000000,-0.000140229,-0.000000275,0.000138822,0.000000017,-0.000048327,-0.000000053,0.000034111,0.000000000,0.000000000,0.000000000,0.000000000,0.000000000,0.000000000,0.000000000,0.240355967,0.012935043,-0.091630663,0.123628098,0.472144424,0.333636771,0.012782522
5.600000000,0,5.600000000,sample,0.216509528,-0.000009258,0.000000000,0.000000000,0.000000000,0.000000000,0.000000000,0,0,2.000000000,0.080000000,0.000000000,0.000000000,0.000153348,0.000000000,0.002322776,0.000000000,0.000000000,0.000000000,0.000873625,0.175530548,4,28.689541189,0,0.000000000,0.180911254,0.023250512,0.187218964,0.024153870,0.481593047,0.048529257,0.347208924,0.015597337,0.285913301,0.000306696,0.527162023,2.000000000,0.206107374,4.122147477,0.447012876,1.000000000,1.063411042,0.512512740,0.664573075,0.000000000,1.063411042,0.533293093,0.666217281,1,0,0,0.000000000,0.066890920,-0.012766276,0.167605218,-0.009675040,-0.018214916,0.010732974,0.863266705,12.120073212,-0.542439592,-130.914126131,-0.109847050,142.886499259,44.736415340,-0.000211275,0.000067180,-0.000385326,0.000467937,-0.000115150,0.000427013,-0.000388626,0.000000000,0.000000000,0.000000000,0.000000000,0.000000000,0.000000000,0.000000000,0.000104389,0.000000205,-0.000103342,-0.000000013,0.000035975,0.000000039,-0.000025393,0.000000000,0.000000000,0.000000000,0.000000000,0.000000000,0.000000000,0.000000000,0.300007241,0.024862987,-0.057945436,0.120361014,0.471485199,0.332878275,0.009174638
5.650000000,0,5.650000000,sample,0.216510087,0.000011176,0.000000000,0.000000000,0.000000000,0.000000000,0.000000000,0,0,2.000000000,0.080000000,0.000000000,0.000000000,0.002717670,0.000000000,0.003215284,0.000000000,0.000000000,0.000000000,0.004491252,0.605103074,1,86.040978372,0,0.000000000,0.189970403,0.023084012,0.189970403,0.023498996,2.335349839,0.230721966,0.438944183,0.035068116,0.399461366,0.005435341,0.541195947,2.000000000,0.238750718,4.775014353,0.517822819,1.000000000,1.018096346,0.505047111,0.660251223,0.000000000,1.067213504,0.526777460,0.667251609,1,0,0,0.000000000,0.072354516,-0.030572488,0.172970810,-0.009618209,-0.019117131,0.008654301,0.865438308,12.120264700,-0.542674869,-130.914610532,-0.109847050,142.886272751,44.736276457,0.004166008,-0.000463936,0.000032525,-0.001554713,-0.000128117,0.000088493,0.000397556,0.000000000,0.000000000,0.000000000,0.000000000,0.000000000,0.000000000,0.000000000,0.001850010,0.000003629,-0.001831441,-0.000000229,0.000637565,0.000000699,-0.000450019,0.000000000,0.000000000,0.000000000,0.000000000,0.000000000,0.000000000,0.000000000,0.276925108,0.007842764,-0.093929909,0.122138868,0.472757036,0.334339834,0.012632595
5.700000000,0,5.700000000,sample,0.216509685,-0.000008031,0.000000000,0.000000000,0.000000000,0.000000000,0.000000000,0,0,2.000000000,0.080000000,0.000000000,0.000000000,0.001346808,0.000000000,0.006376602,0.000000000,0.000000000,0.000000000,0.003425977,0.393116598,1,48.800352844,0,0.000000000,0.206133650,0.020605093,0.206273721,0.022698748,1.763642270,0.307534417,0.452835334,0.045347068,0.413404991,0.002693617,0.527293288,2.000000000,0.273004750,5.460095003,0.592113231,1.000000000,1.055527814,0.490137251,0.680596916,0.000000000,1.066971220,0.522768062,0.709881394,1,0,0,0.000000000,0.068454156,-0.099590891,0.166993307,-0.009488835,-0.018272409,0.000806817,0.873446740,12.119866337,-0.543214765,-130.914303300,-0.109887849,142.886411844,44.735943161,0.002393293,-0.000947287,0.000853007,-0.000568923,-0.000163118,-0.000121952,-0.002004829,0.000000000,0.000000000,0.000000000,0.000000000,0.000000000,0.000000000,0.000000000,0.000916819,0.000001800,-0.000907619,-0.000000114,0.000315952,0.000000347,-0.000223012,0.000000000,0.000000000,0.000000000,0.000000000,0.000000000,0.000000000,0.000000000,0.324545477,0.021001768,-0.086835540,0.121217030,0.473641420,0.332836606,0.009536220
5.750000000,0,5.750000000,sample,0.216509926,0.000004828,0.000000000,0.000000000,0.000000000,0.000000000,0.000000000,0,0,2.000000000,0.080000000,0.000000000,0.000000000,0.000419140,0.000000000,0.004995206,0.000000000,0.000000000,0.000000000,0.002079855,0.201523719,4,54.450084544,0,0.000000000,0.240371711,0.021673837,0.240371711,0.021777967,1.099348721,0.098100057,0.529753166,0.030831624,0.460553293,0.000838280,0.616110748,2.000000000,0.308658284,6.173165676,0.669471218,1.000000000,1.075472000,0.453965854,0.703912163,0.000000000,1.085295269,0.509813884,0.703912163,1,0,0,0.000000000,0.071862167,-0.152405367,0.171426347,-0.009565721,-0.018928536,-0.004467966,0.879056273,12.120173927,-0.543141135,-130.914505381,-0.109771271,142.886265259,44.736255802,0.000316309,-0.000426602,0.001169641,-0.001534732,0.000482581,0.000162059,-0.000247283,0.000000000,0.000000000,0.000000000,0.000000000,0.000000000,0.000000000,0.000000000,-0.000285323,-0.000000560,0.000282459,0.000000035,-0.000098329,-0.000000108,0.000069405,0.000000000,0.000000000,0.000000000,0.000000000,0.000000000,0.000000000,0.000000000,0.380472181,0.020299997,-0.054614774,0.119816035,0.470493753,0.333889941,0.011646544
5.800000000,0,5.800000000,sample,0.216509267,-0.000013193,0.000000000,0.000000000,0.000000000,0.000000000,0.000000000,0,0,2.000000000,0.080000000,0.000000000,0.000000000,0.000981714,0.000000000,0.003898854,0.000000000,0.000000000,0.000000000,0.002001433,0.490505890,4,40.076019835,0,0.000000000,0.261158989,0.022050765,0.263643006,0.022531273,1.183513566,0.124015307,0.485384571,0.008480149,0.376384804,0.001963429,0.623664812,2.000000000,0.345491503,6.909830056,0.749360320,1.000000000,1.082118483,0.438017764,0.720561546,0.000000000,1.100231629,0.477351046,0.720561546,1,0,0,0.000000000,0.066551779,-0.190593665,0.165677195,-0.009443696,-0.018042560,-0.008456884,0.883472079,12.119962047,-0.543418242,-130.913974164,-0.109887849,142.886406595,44.736506424,-0.000584590,-0.000883414,0.000566672,0.001267019,-0.000185480,-0.000152471,0.000948399,0.000000000,0.000000000,0.000000000,0.000000000,0.000000000,0.000000000,0.000000000,-0.000668287,-0.000001313,0.000661581,0.000000083,-0.000230305,-0.000000253,0.000162559,0.000000000,0.000000000,0.000000000,0.000000000,0.000000000,0.000000000,0.000000000,0.410059726,0.018864685,-0.051904827,0.120119595,0.471169895,0.333840477,0.011433444
5.850000000,0,5.850000000,sample,0.216509617,0.000006998,0.000000000,0.000000000,0.000000000,0.000000000,0.000000000,0,0,2.000000000,0.080000000,0.000000000,0.000000000,0.003410050,0.000000000,0.004406849,0.000000000,0.000000000,0.000000000,0.005396268,0.631927539,1,86.128533092,0,0.000000000,0.290680280,0.023965134,0.293893462,0.024606434,2.563436989,0.230346977,0.676335140,0.044617425,0.587324103,0.006820100,0.654230355,2.000000000,0.383277318,7.665546361,0.831323806,1.000000000,1.066688708,0.476777020,0.693573802,0.000000000,1.096198781,0.499640747,0.728911936,1,0,0,0.000000000,0.068786918,-0.227905455,0.166800746,-0.009348936,-0.018207877,-0.012465884,0.887965848,12.119870911,-0.543865579,-130.914279922,-0.109887849,142.886454642,44.736553302,0.005008031,-0.001502089,-0.000245395,-0.000979120,-0.000083307,0.000105887,0.000863721,0.000000000,0.000000000,0.000000000,0.000000000,0.000000000,0.000000000,0.000000000,0.002321339,0.000004563,-0.002298044,-0.000000288,0.000799976,0.000000878,-0.000564655,0.000000000,0.000000000,0.000000000,0.000000000,0.000000000,0.000000000,0.000000000,0.324398579,0.027108670,-0.154908529,0.119074110,0.474011625,0.334765366,0.012047152
5.900000000,0,5.900000000,sample,0.216509604,-0.000000263,0.000000000,0.000000000,0.000000000,0.000000000,0.000000000,0,0,2.000000000,0.080000000,0.000000000,0.000000000,0.000250393,0.000000000,0.004269760,0.000000000,0.000000000,0.000000000,0.001346619,0.185941920,2,43.684695249,0,0.000000000,0.320609987,0.026425708,0.321817837,0.026550323,0.390485781,0.014756301,0.650849476,0.024722670,0.540633118,0.000500786,0.749650408,2.000000000,0.421782767,8.435655350,0.914881582,1.000000000,1.043031198,0.426886115,0.718190317,0.000000000,1.087896609,0.482801119,0.734456719,1,0,0,0.000000000,0.070645972,-0.262269042,0.170337489,-0.009255391,-0.018682309,-0.016236598,0.892326790,12.120215082,-0.544496540,-130.914310187,-0.109812080,142.886353297,44.736465625,0.000349847,-0.000890040,0.000053423,-0.000870314,0.000300030,-0.000180134,0.000126694,0.000000000,0.000000000,0.000000000,0.000000000,0.000000000,0.000000000,0.000000000,0.000170451,0.000000335,-0.000168740,-0.000000021,0.000058742,0.000000064,-0.000041462,0.000000000,0.000000000,0.000000000,0.000000000,0.000000000,0.000000000,0.000000000,0.382624787,0.013621702,-0.143908445,0.120879060,0.472488476,0.332369270,0.013189931
5.950000000,0,5.950000000,sample,0.216509294,-0.000006188,0.000000000,0.000000000,0.000000000,0.000000000,0.000000000,0,0,2.000000000,0.080000000,0.000000000,0.000000000,0.000156673,0.000000000,0.005738218,0.000000000,0.000000000,0.000000000,0.001764688,0.088782240,3,34.564196432,0,0.000000000,0.369293951,0.030363584,0.369293951,0.030458119,1.134672963,0.062855116,0.780706925,0.031880972,0.647890911,0.000313346,0.777811898,2.000000000,0.460770452,9.215409043,0.999470669,1.000000000,1.053910025,0.423591471,0.726526485,0.000000000,1.066551533,0.466193946,0.744709192,1,0,0,0.000000000,0.069332454,-0.321164060,0.168596203,-0.009139706,-0.018499442,-0.022275180,0.899149847,12.120174955,-0.544944706,-130.914089031,-0.109847047,142.886272657,44.736839990,0.000955059,0.000022185,0.001037484,0.000564491,0.000157847,-0.000136725,0.000873421,0.000000000,0.000000000,0.000000000,0.000000000,0.000000000,0.000000000,0.000000000,-0.000106653,-0.000000210,0.000105582,0.000000013,-0.000036755,-0.000000040,0.000025943,0.000000000,0.000000000,0.000000000,0.000000000,0.000000000,0.000000000,0.000000000,0.389524501,0.015678036,-0.158250449,0.125065587,0.472283354,0.334613203,0.012783918
6.000000000,0,6.000000000,sample,0.216509284,-0.000000198,0.000000000,0.000000000,0.000000000,0.000000000,0.000000000,0,0,2.000000000,0.080000000,0.000000000,0.000000000,0.002805490,0.000000000,0.005476288,0.000000000,0.000000000,0.000000000,0.003847812,0.729113263,1,89.943599227,0,0.000000000,0.418846333,0.035198821,0.418846333,0.035198821,1.722631085,0.196951874,0.922452149,0.057003315,0.795942132,0.005610981,0.840858541,2.000000000,0.500000000,10.000000000,1.084626258,1.000000000,1.042614400,0.398818943,0.740725902,0.000000000,1.109344637,0.431498021,0.773371959,1,0,0,0.000000000,0.071725401,-0.374819172,0.172621858,-0.008807091,-0.019026041,-0.028273696,0.906560671,12.120538753,-0.546493113,-130.914171642,-0.109847050,142.886188157,44.736737824,0.003649211,0.001021878,-0.000496582,0.000286654,-0.000085602,-0.000327834,-0.000033367,0.000000000,0.000000000,0.000000000,0.000000000,0.000000000,0.000000000,0.000000000,0.001909788,0.000003773,-0.001890620,-0.000000237,0.000658180,0.000000722,-0.000464570,0.000000000,0.000000000,0.000000000,0.000000000,0.000000000,0.000000000,0.000000000,0.415880856,0.008864350,-0.160647396,0.121634086,0.472022172,0.334780337,0.012415997
6.050000000,0,6.050000000,sample,0.216508481,-0.000016056,0.000000000,0.000000000,0.000000000,0.000000000,0.000000000,0,0,2.000000000,0.080000000,0.000000000,0.000000000,0.006285103,0.000000000,0.008816224,0.000000000,0.000000000,0.000000000,0.007075941,0.888235758,1,62.354527479,0,0.000000000,0.426132654,0.035843940,0.431572414,0.036599627,0.681238864,0.079196424,0.880376037,0.035459875,0.729608527,0.012570207,0.884530161,2.000000000,0.539229548,10.784590957,1.169744067,1.000000000,1.033406070,0.437361295,0.734062618,0.000000000,1.050227278,0.447148985,0.747567462,1,0,0,0.000000000,0.069155132,-0.385397157,0.168153613,-0.006547338,-0.018336754,-0.030094582,0.918788398,12.120173948,-0.557074443,-130.914088292,-0.109922820,142.886394096,44.736860229,0.005587508,0.000368818,-0.004115372,0.000508212,-0.000433930,0.000075836,0.001150672,0.000000000,0.000000000,0.000000000,0.000000000,0.000000000,0.000000000,0.000000000,0.004278479,0.000008618,-0.004235543,-0.000000530,0.001474479,0.000001618,-0.001040746,0.000000000,0.000000000,0.000000000,0.000000000,0.000000000,0.000000000,0.000000000,0.340735387,0.016056288,-0.266202116,0.122413581,0.473707703,0.334747542,0.013636777
6.100000000,0,6.100000000,sample,0.216507903,-0.000011577,0.000000000,0.000000000,0.000000000,0.000000000,0.000000000,0,0,2.000000000,0.080000000,0.000000000,0.000000000,0.003509475,0.000000000,0.010223586,0.000000000,0.000000000,0.000000000,0.007332658,0.478608860,5,51.380347888,0,0.000000000,0.428549694,0.036452207,0.431152625,0.036801447,1.461467482,0.287070083,0.784990692,0.058312106,0.674323171,0.007018950,0.962774376,2.000000000,0.578217233,11.564344650,1.254377405,1.000000000,1.058199335,0.357278345,0.774133482,0.000000000,1.134813625,0.459478544,0.808236718,1,0,0,0.000000000,0.069695901,-0.387421108,0.169417256,-0.004813945,-0.018497383,-0.031039268,0.927685441,12.120324020,-0.565361618,-130.914085124,-0.109908194,142.886353377,44.736698034,0.002523594,-0.000444200,-0.004389354,0.000351006,-0.005256056,-0.000144290,-0.000406773,0.000000000,0.000000000,0.000000000,0.000000000,0.000000000,0.000000000,0.000000000,0.002389014,0.000004885,-0.002365039,-0.000000296,0.000823329,0.000000904,-0.000581139,0.000000000,0.000000000,0.000000000,0.000000000,0.000000000,0.000000000,0.000000000,0.477337281,0.007770657,-0.157521379,0.118275569,0.470083724,0.333791034,0.013195761
6.150000000,0,6.150000000,sample,0.216507495,-0.000008158,0.000000000,0.000000000,0.000000000,0.000000000,0.000000000,0,0,2.000000000,0.080000000,0.000000000,0.000000000,0.007311915,0.000000000,0.009727131,0.000000000,0.000000000,0.000000000,0.009920877,0.737023034,1,96.962273484,0,0.000000000,0.481184667,0.042396403,0.481184667,0.042396403,4.744657544,0.613856062,1.185476580,0.119670348,1.085284327,0.014623829,0.997221615,2.000000000,0.616722682,12.334453639,1.337991715,1.000000000,1.058444903,0.363558334,0.776808927,0.000000000,1.152695324,0.408975661,0.850171634,1,0,0,0.000000000,0.070727885,-0.444472264,0.170237059,-0.003044962,-0.018509584,-0.038020765,0.942718761,12.120350118,-0.573842449,-130.914226500,-0.109887849,142.886481241,44.736441583,0.009769030,0.000369658,-0.000767024,0.000223073,-0.000366548,0.000382520,-0.001390839,0.000000000,0.000000000,0.000000000,0.000000000,0.000000000,0.000000000,0.000000000,0.004977458,0.000010332,-0.004927502,-0.000000617,0.001715398,0.000001882,-0.001210797,0.000000000,0.000000000,0.000000000,0.000000000,0.000000000,0.000000000,0.000000000,0.462934501,0.013339301,-0.199386882,0.118417852,0.472591681,0.334142346,0.013187089
6.200000000,0,6.200000000,sample,0.216506314,-0.000023624,0.000000000,0.000000000,0.000000000,0.000000000,0.000000000,0,0,2.000000000,0.080000000,0.000000000,0.000000000,0.010198681,0.000000000,0.015922371,0.000000000,0.000000000,0.000000000,0.011088822,0.919726245,3,52.147245659,0,0.000000000,0.535057814,0.048362146,0.535057814,0.048805312,0.637205369,0.169961146,1.053328242,0.031554572,0.849675749,0.020397361,1.065410367,2.000000000,0.654508497,13.090169944,1.420127576,1.000000000,1.009898342,0.417588120,0.766752559,0.000000000,1.082696780,0.495059633,0.803039124,1,0,0,0.000000000,0.071811432,-0.501463379,0.172233742,0.000231242,-0.018783419,-0.044564861,0.965290581,12.120614092,-0.589528533,-130.914183999,-0.109847050,142.886373180,44.737099435,0.007407506,0.000762200,-0.008007577,0.000052541,0.000257566,0.000026880,0.001821753,0.000000000,0.000000000,0.000000000,0.000000000,0.000000000,0.000000000,0.000000000,0.006942562,0.000014810,-0.006872880,-0.000000860,0.002392692,0.000002625,-0.001688858,0.000000000,0.000000000,0.000000000,0.000000000,0.000000000,0.000000000,0.000000000,0.355753376,0.007775722,-0.327101696,0.125806864,0.476153524,0.334001866,0.013647336
6.250000000,0,6.250000000,sample,0.216504488,-0.000036503,0.000000000,0.000000000,0.000000000,0.000000000,0.000000000,0,0,2.000000000,0.080000000,0.000000000,0.000000000,0.014704907,0.000000000,0.016596361,0.000000000,0.000000000,0.000000000,0.015578921,0.943897647,1,53.976908143,0,0.000000000,0.555305777,0.052531260,0.555907244,0.052601253,0.253452934,0.129870925,1.122792236,0.053043261,0.931728005,0.029409814,1.096969036,2.000000000,0.691341716,13.826834324,1.500203946,1.000000000,1.100273826,0.326693691,0.823651014,0.000000000,1.155578480,0.429061131,0.867872063,1,0,0,0.000000000,0.071758177,-0.523776759,0.169921089,0.005798495,-0.018516140,-0.048816629,0.995485796,12.120351678,-0.616062280,-130.914293178,-0.109847050,142.886394095,44.737099495,0.011445674,-0.000007163,-0.010520623,-0.000210749,-0.000057712,-0.000032309,0.000983352,0.000000000,0.000000000,0.000000000,0.000000000,0.000000000,0.000000000,0.000000000,0.010010101,0.000022327,-0.009909636,-0.000001240,0.003449836,0.000003784,-0.002435033,0.000000000,0.000000000,0.000000000,0.000000000,0.000000000,0.000000000,0.000000000,0.539450857,0.021241335,-0.204006827,0.116569523,0.470064329,0.332558549,0.013404109
6.300000000,0,6.300000000,sample,0.216501098,-0.000067815,0.000000000,0.000000000,0.000000000,0.000000000,0.000000000,0,0,2.000000000,0.080000000,0.000000000,0.000000000,0.023868835,0.000000000,0.027928009,0.000000000,0.000000000,0.000000000,0.025195769,0.947335055,1,64.361267171,0,0.000000000,0.575802319,0.058528078,0.575802319,0.058528078,2.456367907,0.344647883,1.270894607,0.097479939,1.103783772,0.047737671,1.121155938,2.000000000,0.726995250,14.539904997,1.577923332,1.000000000,0.987111351,0.374165156,0.817211494,0.000000000,1.183946591,0.394150906,0.842151555,1,0,0,0.000000000,0.070738207,-0.545363218,0.170655727,0.014181031,-0.018469857,-0.053696356,1.039764964,12.120695492,-0.656123135,-130.914069468,-0.109791731,142.886413842,44.737286102,0.020213425,0.001276382,-0.014961088,0.000823835,0.000244023,0.000063310,0.000196600,0.000000000,0.000000000,0.000000000,0.000000000,0.000000000,0.000000000,0.000000000,0.016248232,0.000038628,-0.016085155,-0.000002011,0.005599920,0.000006139,-0.003952646,0.000000000,0.000000000,0.000000000,0.000000000,0.000000000,0.000000000,0.000000000,0.397903543,-0.007045313,-0.384724421,0.143972594,0.476446111,0.336820554,0.016364303
6.350000000,0,6.350000000,sample,0.216496232,-0.000097319,0.000000000,0.000000000,0.000000000,0.000000000,0.000000000,0,0,2.000000000,0.080000000,0.000000000,0.000000000,0.037662192,0.000000000,0.037662192,0.000000000,0.000000000,0.000000000,0.039760831,0.947218447,1,61.605133304,0,0.000000000,0.560448919,0.064888291,0.575259199,0.064888291,2.870786421,0.481807598,1.258539935,0.121912197,1.109258727,0.075324385,1.143981845,2.000000000,0.761249282,15.224985647,1.652731217,1.000000000,1.095548252,0.309882144,0.859126188,0.000000000,1.256992785,0.391625981,0.917254996,1,0,0,0.000000000,0.070967713,-0.529668186,0.168873288,0.026843785,-0.018270459,-0.056179105,1.100970855,12.120559162,-0.716169106,-130.914207830,-0.109887849,142.886384857,44.737376089,0.031207854,0.000406529,-0.024620212,0.000210942,-0.000200642,0.000004164,0.000767230,0.000000000,0.000000000,0.000000000,0.000000000,0.000000000,0.000000000,0.000000000,0.025637773,0.000066592,-0.025380462,-0.000003176,0.008836012,0.000009696,-0.006236812,0.000000000,0.000000000,0.000000000,0.000000000,0.000000000,0.000000000,0.000000000,0.550513229,0.025379815,-0.292953852,0.121611032,0.472544909,0.332053792,0.014806837
6.400000000,0,6.400000000,sample,0.216490743,-0.000109767,0.000000000,0.000000000,0.000000000,0.000000000,0.000000000,0,0,2.000000000,0.080000000,0.000000000,0.000000000,0.025158741,0.000000000,0.040608214,0.000000000,0.000000000,0.000000000,0.027237679,0.923674204,1,75.633532432,0,0.000000000,0.579272585,0.076272583,0.579272585,0.076272583,5.133555200,0.630451258,1.400492920,0.151078921,1.273149844,0.050317482,1.212533963,2.000000000,0.793892626,15.877852523,1.724187468,1.000000000,1.025593521,0.327992552,0.857646465,0.000000000,1.184959821,0.410135303,0.927457360,1,0,0,0.000000000,0.070648940,-0.550065780,0.167311365,0.039663991,-0.017955874,-0.062624766,1.167504002,12.120534680,-0.777608627,-130.914281852,-0.109758859,142.886499012,44.737288663,0.023687939,-0.000811143,-0.013410254,-0.000424865,-0.000021042,0.000313906,-0.000017716,0.000000000,0.000000000,0.000000000,0.000000000,0.000000000,0.000000000,0.000000000,0.017126279,0.000048341,-0.016954390,-0.000002119,0.005902624,0.000006469,-0.004166309,0.000000000,0.000000000,0.000000000,0.000000000,0.000000000,0.000000000,0.000000000,0.477054290,0.011080445,-0.389469718,0.126117000,0.478967696,0.332540644,0.016382732
6.450000000,0,6.450000000,sample,0.216486459,-0.000085681,0.000000000,0.000000000,0.000000000,0.000000000,0.000000000,0,0,2.000000000,0.080000000,0.000000000,0.000000000,0.021712898,0.000000000,0.027467607,0.000000000,0.000000000,0.000000000,0.023394157,0.928133382,1,64.545839313,0,0.000000000,0.620491313,0.087046831,0.620491313,0.087046831,3.327846085,0.384535146,1.395714236,0.126923514,1.227074358,0.043425797,1.296543462,2.000000000,0.824724024,16.494480483,1.791655265,1.000000000,1.001138241,0.251428813,0.888132499,0.000000000,1.120446072,0.364477573,0.909160674,1,0,0,0.000000000,0.070667993,-0.593453427,0.166818867,0.048666679,-0.017904528,-0.069915184,1.217491660,12.120644426,-0.820883968,-130.914223397,-0.109615449,142.886414090,44.737559009,0.018794966,0.003873280,-0.013351065,0.000078236,0.000223048,-0.000158398,0.000837666,0.000000000,0.000000000,0.000000000,0.000000000,0.000000000,0.000000000,0.000000000,0.014780569,0.000044066,-0.014632225,-0.000001827,0.005094258,0.000005576,-0.003595732,0.000000000,0.000000000,0.000000000,0.000000000,0.000000000,0.000000000,0.000000000,0.580564897,-0.022693165,-0.306948229,0.140849762,0.474752747,0.333987303,0.014669573
6.500000000,0,6.500000000,sample,0.216482001,-0.000089160,0.000000000,0.000000000,0.000000000,0.000000000,0.000000000,0,0,2.000000000,0.080000000,0.000000000,0.000000000,0.029940768,0.000000000,0.029940768,0.000000000,0.000000000,0.000000000,0.031506498,0.950304529,1,63.710066397,0,0.000000000,0.657404415,0.097990298,0.657404415,0.097990298,2.983609055,0.436368226,1.442319648,0.142995385,1.266651810,0.059881536,1.282443386,2.000000000,0.853553391,17.071067812,1.854809343,1.000000000,1.033465128,0.356097334,0.872840655,0.000000000,1.231223396,0.356097334,0.944116146,1,0,0,0.000000000,0.070062039,-0.632542584,0.164808239,0.057746451,-0.017622550,-0.077180902,1.266994805,12.120589375,-0.864125482,-130.914197053,-0.109620081,142.886420458,44.737521072,0.025148041,-0.000398537,-0.018943156,0.000999988,0.000287257,0.000383376,0.000063049,0.000000000,0.000000000,0.000000000,0.000000000,0.000000000,0.000000000,0.000000000,0.020381488,0.000063994,-0.020176938,-0.000002519,0.007024713,0.000007690,-0.004958324,0.000000000,0.000000000,0.000000000,0.000000000,0.000000000,0.000000000,0.000000000,0.444877229,0.019874828,-0.452092181,0.122644835,0.482845301,0.332704227,0.016711324
6.550000000,0,6.550000000,sample,0.216475029,-0.000139455,0.000000000,0.000000000,0.000000000,0.000000000,0.000000000,0,0,2.000000000,0.080000000,0.000000000,0.000000000,0.037620945,0.000000000,0.037620945,0.000000000,0.000000000,0.000000000,0.039291309,0.957487684,1,50.614603637,0,0.000000000,0.670409893,0.110765052,0.672121828,0.110804631,0.549318356,0.325782646,1.318183916,0.132913704,1.114319078,0.075241889,1.335290954,2.000000000,0.880202983,17.604059656,1.913561270,1.000000000,1.136881766,0.264551540,0.930613167,0.000000000,1.142860194,0.362029200,0.932938574,1,0,0,0.000000000,0.070455880,-0.646102985,0.164427269,0.071401833,-0.017511170,-0.082849465,1.336583520,12.120717891,-0.929172837,-130.914279885,-0.109613188,142.886437808,44.737836018,0.027953386,-0.000624866,-0.027584559,-0.000953121,0.000205025,0.000312010,0.000262690,0.000000000,0.000000000,0.000000000,0.000000000,0.000000000,0.000000000,0.000000000,0.025609526,0.000086516,-0.025352497,-0.000003165,0.008826867,0.000009662,-0.006230358,0.000000000,0.000000000,0.000000000,0.000000000,0.000000000,0.000000000,0.000000000,0.661053707,0.023731670,-0.280226329,0.111905609,0.476462232,0.331918726,0.015802251
6.600000000,0,6.600000000,sample,0.216466341,-0.000173743,0.000000000,0.000000000,0.000000000,0.000000000,0.000000000,0,0,2.000000000,0.080000000,0.000000000,0.000000000,0.030731388,0.000000000,0.041872615,0.000000000,0.000000000,0.000000000,0.032619666,0.942112283,3,58.497088074,0,0.000000000,0.656959211,0.124138951,0.679529193,0.124138951,2.788258110,0.420986902,1.185467529,0.125808327,0.956006272,0.061462776,1.435254103,2.000000000,0.904508497,18.090169944,1.967439684,1.000000000,1.111292245,0.256021240,0.937466948,0.000000000,1.132561115,0.305451984,0.937466948,1,0,0,0.000000000,0.070510718,-0.632109765,0.164501939,0.087067928,-0.017440859,-0.086749475,1.412985996,12.120991740,-1.003554291,-130.914297571,-0.109688957,142.886434395,44.737673202,0.020938001,0.000478260,-0.024948626,-0.000168256,-0.000228856,0.000072956,0.001701184,0.000000000,0.000000000,0.000000000,0.000000000,0.000000000,0.000000000,0.000000000,0.020919551,0.000076377,-0.020709582,-0.000002587,0.007210684,0.000007898,-0.005089591,0.000000000,0.000000000,0.000000000,0.000000000,0.000000000,0.000000000,0.000000000,0.657855113,0.015735615,-0.302597816,0.118361812,0.479773677,0.331375950,0.015986260
6.650000000,0,6.650000000,sample,0.216458102,-0.000164780,0.000000000,0.000000000,0.000000000,0.000000000,0.000000000,0,0,2.000000000,0.080000000,0.000000000,0.000000000,0.031058582,0.000000000,0.033906003,0.000000000,0.000000000,0.000000000,0.032719025,0.949251458,3,62.298893716,0,0.000000000,0.651231464,0.135949108,0.664455704,0.136011577,3.740701985,0.414117686,1.124083657,0.139391344,0.912347262,0.062117164,1.483081743,2.000000000,0.926320082,18.526401644,2.015780612,1.000000000,1.119399952,0.271959871,0.940673029,0.000000000,1.143065982,0.314951213,0.954356325,1,0,0,0.000000000,0.067058021,-0.628048576,0.158621020,0.100077352,-0.016757641,-0.090475771,1.478087623,12.120818543,-1.066158209,-130.913976785,-0.109477680,142.886299440,44.737669469,0.020055140,0.000828130,-0.025825011,0.000586490,-0.000281429,0.000348105,-0.000405707,0.000000000,0.000000000,0.000000000,0.000000000,0.000000000,0.000000000,0.000000000,0.021142249,0.000082042,-0.020930082,-0.000002610,0.007287467,0.000007967,-0.005143783,0.000000000,0.000000000,0.000000000,0.000000000,0.000000000,0.000000000,0.000000000,0.639545043,0.031511967,-0.345294947,0.111105658,0.483920311,0.330022842,0.013706587
6.700000000,0,6.700000000,sample,0.216450077,-0.000160499,0.000000000,0.000000000,0.000000000,0.000000000,0.000000000,0,0,2.000000000,0.080000000,0.000000000,0.000000000,0.029726694,0.000000000,0.036405503,0.000000000,0.000000000,0.000000000,0.031114826,0.955386781,3,51.307640927,0,0.000000000,0.710257357,0.153143359,0.712102687,0.153143359,1.345261323,0.286717518,1.390631684,0.163420300,1.185230118,0.059453387,1.460321608,2.000000000,0.945503262,18.910065242,2.058747770,1.000000000,1.092574158,0.276304305,0.949704949,0.000000000,1.159031205,0.325639158,0.969409204,1,0,0,0.000000000,0.071087099,-0.687581518,0.163229267,0.113676788,-0.017145554,-0.101175621,1.552372021,12.121291528,-1.130952089,-130.914432901,-0.109449266,142.886481032,44.737879292,0.021665735,0.001012574,-0.022287348,-0.000931583,0.000019846,0.000154264,0.000291698,0.000000000,0.000000000,0.000000000,0.000000000,0.000000000,0.000000000,0.000000000,0.020235512,0.000083334,-0.020032393,-0.000002498,0.006975368,0.000007624,-0.004923497,0.000000000,0.000000000,0.000000000,0.000000000,0.000000000,0.000000000,0.000000000,0.614239607,0.029346367,-0.402691703,0.114461954,0.488402852,0.331441991,0.011606026
6.750000000,0,6.750000000,sample,0.216438406,-0.000233436,0.000000000,0.000000000,0.000000000,0.000000000,0.000000000,0,0,2.000000000,0.080000000,0.000000000,0.000000000,0.040675783,0.000000000,0.044209753,0.000000000,0.000000000,0.000000000,0.042595012,0.954942398,1,57.297810610,0,0.000000000,0.790613978,0.174809583,0.790613978,0.174809583,1.673156034,0.443536689,1.664822776,0.214425493,1.468114994,0.081351566,1.428425573,2.000000000,0.961939766,19.238795325,2.096085929,1.000000000,1.095752558,0.264697859,0.967028402,0.000000000,1.126893297,0.313438114,0.971704407,1,0,0,0.000000000,0.068071278,-0.771741510,0.157644550,0.130351772,-0.016385432,-0.115318357,1.645122717,12.121266867,-1.210866780,-130.914126307,-0.109283227,142.886440804,44.738219290,0.032242429,0.000429963,-0.027827288,-0.000374469,-0.000059239,0.000262573,0.000072625,0.000000000,0.000000000,0.000000000,0.000000000,0.000000000,0.000000000,0.000000000,0.027688669,0.000122141,-0.027410775,-0.000003412,0.009544785,0.000010416,-0.006737090,0.000000000,0.000000000,0.000000000,0.000000000,0.000000000,0.000000000,0.000000000,0.635543752,0.030175334,-0.408773955,0.110162424,0.492181880,0.329637840,0.013472301
6.800000000,0,6.800000000,sample,0.216424958,-0.000268954,0.000000000,0.000000000,0.000000000,0.000000000,0.000000000,0,0,2.000000000,0.080000000,0.000000000,0.000000000,0.045286787,0.000000000,0.050645247,0.000000000,0.000000000,0.000000000,0.047215907,0.959142587,1,53.142990232,0,0.000000000,0.839294785,0.196378018,0.841058482,0.196378018,0.498416399,0.451632280,1.697061790,0.233435252,1.491198533,0.090573574,1.439082796,2.000000000,0.975528258,19.510565163,2.127537449,1.000000000,1.155155161,0.265687958,0.991743980,0.000000000,1.159573755,0.297795345,0.991743980,1,0,0,0.000000000,0.068573129,-0.821805798,0.156040672,0.149120386,-0.016153013,-0.126753764,1.744390136,12.121450429,-1.300501349,-130.914228307,-0.109194311,142.886407337,44.738340368,0.034420037,0.000397161,-0.032305400,-0.000416172,-0.000174640,-0.000145078,-0.000762618,0.000000000,0.000000000,0.000000000,0.000000000,0.000000000,0.000000000,0.000000000,0.030827315,0.000146121,-0.030517910,-0.000003796,0.010627246,0.000011588,-0.007501137,0.000000000,0.000000000,0.000000000,0.000000000,0.000000000,0.000000000,0.000000000,0.702293070,0.033639800,-0.349564117,0.117208418,0.493809240,0.330324562,0.017724655
6.850000000,0,6.850000000,sample,0.216408502,-0.000329118,0.000000000,0.000000000,0.000000000,0.000000000,0.000000000,0,0,2.000000000,0.080000000,0.000000000,0.000000000,0.060146151,0.000000000,0.061439556,0.000000000,0.000000000,0.000000000,0.062749970,0.958504851,1,56.021549762,0,0.000000000,0.917921001,0.222012966,0.917921001,0.222012966,1.840253769,0.624081593,1.926969058,0.280755992,1.716289205,0.120292301,1.440226909,2.000000000,0.986184960,19.723699204,2.153087259,1.000000000,1.117398913,0.279079231,0.977768016,0.000000000,1.173849972,0.298512553,1.011558881,1,0,0,0.000000000,0.068254558,-0.902428348,0.153438449,0.170058794,-0.015843016,-0.141840624,1.858317306,12.121727335,-1.401007094,-130.914148435,-0.108913680,142.886252513,44.738687531,0.046966812,0.001093929,-0.041590751,0.000585000,0.000234589,0.000025462,-0.000540526,0.000000000,0.000000000,0.000000000,0.000000000,0.000000000,0.000000000,0.000000000,0.040942038,0.000209161,-0.040531121,-0.000005029,0.014114999,0.000015351,-0.009962932,0.000000000,0.000000000,0.000000000,0.000000000,0.000000000,0.000000000,0.000000000,0.641062650,0.039179266,-0.413617405,0.111252269,0.501475625,0.329081794,0.017461496
6.900000000,0,6.900000000,sample,0.216386634,-0.000437356,0.000000000,0.000000000,0.000000000,0.000000000,0.000000000,0,0,2.000000000,0.080000000,0.000000000,0.000000000,0.061850922,0.000000000,0.066882757,0.000000000,0.000000000,0.000000000,0.064498729,0.958947910,1,52.052339264,0,0.000000000,0.929888306,0.248067933,0.932471168,0.248067933,1.058356215,0.572291505,1.846921612,0.291567578,1.619421283,0.123701843,1.431735580,2.000000000,0.993844170,19.876883406,2.172634051,1.000000000,1.071872389,0.345407064,0.971584493,0.000000000,1.185195492,0.369746863,1.012856916,1,0,0,0.000000000,0.064790805,-0.916170947,0.145345140,0.196026736,-0.014600393,-0.151321005,1.989902854,12.121608397,-1.525255767,-130.914134606,-0.108738598,142.886501519,44.739170562,0.046534096,-0.000373165,-0.044641170,0.001230517,0.000117639,-0.000049324,-0.000400301,0.000000000,0.000000000,0.000000000,0.000000000,0.000000000,0.000000000,0.000000000,0.042102254,0.000234272,-0.041679726,-0.000005164,0.014515720,0.000015762,-0.010245774,0.000000000,0.000000000,0.000000000,0.000000000,0.000000000,0.000000000,0.000000000,0.521590041,0.039873880,-0.536746802,0.121205470,0.508210595,0.329967504,0.019643636
6.950000000,0,6.950000000,sample,0.216360721,-0.000518267,0.000000000,0.000000000,0.000000000,0.000000000,0.000000000,0,0,2.000000000,0.080000000,0.000000000,0.000000000,0.073768010,0.000000000,0.073768010,0.000000000,0.000000000,0.000000000,0.077467011,0.952250630,1,58.651544604,0,0.000000000,0.959207934,0.278264833,0.959207934,0.278264833,3.805319074,0.820069213,2.105591992,0.356660918,1.913617017,0.147536020,1.473333171,2.000000000,0.998458667,19.969173337,2.186236915,1.000000000,1.070473239,0.276029416,0.985847709,0.000000000,1.196124749,0.332752824,1.031586175,1,0,0,0.000000000,0.065698071,-0.946251940,0.142726630,0.224588320,-0.014289040,-0.163668038,2.136182596,12.121999397,-1.661846512,-130.914342111,-0.108535935,142.886393732,44.739389845,0.059327565,0.000176776,-0.049803143,0.000102355,-0.000071798,-0.000190323,0.000970377,0.000000000,0.000000000,0.000000000,0.000000000,0.000000000,0.000000000,0.000000000,0.050213832,0.000304577,-0.049709860,-0.000006148,0.017314029,0.000018765,-0.012220941,0.000000000,0.000000000,0.000000000,0.000000000,0.000000000,0.000000000,0.000000000,0.620656291,0.027092481,-0.452678814,0.117354339,0.509078893,0.328274095,0.018224224
7.000000000,0,7.000000000,disturb_auto_hold,0.000000000,,0.000000000,0.000000000,0.000000000,0.000000000,0.000000000,0,0,0.000000000,0.000000000,0.000000000,0.000000000,0.000000000,0.000000000,0.000000000,0.000000000,0.000000000,0.000000000,0.073250445,0.000000000,1,51.500386591,0,0.000000000,0.000000000,0.000000000,0.000000000,0.000000000,0.459537995,0.648047567,0.000000000,0.000000000,0.000000000,0.000000000,0.000000000,0.000000000,0.000000000,0.000000000,0.000000000,1.000000000,0.000000000,0.000000000,0.000000000,0.000000000,0.000000000,0.000000000,0.000000000,0,0,0,0.000000000,0.000000000,0.000000000,0.000000000,0.000000000,0.000000000,0.000000000,2.286531232,12.122086212,-1.807837031,-130.914356141,-0.108028960,142.886291645,44.739460527,0.052567281,-0.000010066,-0.050997842,-0.000418506,0.000078252,0.000105226,-0.001156030,0.000000000,0.000000000,0.000000000,0.000000000,0.000000000,0.000000000,0.000000000,0.000000000,0.000000000,0.000000000,0.000000000,0.000000000,0.000000000,0.000000000,0.000000000,0.000000000,0.000000000,0.000000000,0.000000000,0.000000000,0.000000000,0.000000000,0.000000000,0.000000000,0.000000000,0.000000000,0.000000000,0.000000000
7.000000000,0,7.000000000,sample,0.216330328,-0.000607851,0.000000000,0.000000000,0.000000000,0.000000000,0.000000000,0,0,2.000000000,0.080000000,0.000000000,0.000000000,0.070357627,0.000000000,0.076527195,0.000000000,0.000000000,0.000000000,0.073250445,0.960507842,1,51.500386591,0,0.000000000,0.935068661,0.307142847,0.963592383,0.307142847,0.459537995,0.648047567,1.848232540,0.356348630,1.653816945,0.140715254,1.432439414,2.000000000,1.000000000,20.000000000,2.193469846,1.000000000,1.060615146,0.328786488,0.984362448,0.000000000,1.116652621,0.463050961,1.000965595,1,0,0,0.000000000,0.063294523,-0.923146459,0.134713844,0.254924529,-0.013337948,-0.170799039,2.286531232,12.122086212,-1.807837031,-130.914356141,-0.108028960,142.886291645,44.739460527,0.052567281,-0.000010066,-0.050997842,-0.000418506,0.000078252,0.000105226,-0.001156030,0.000000000,0.000000000,0.000000000,0.000000000,0.000000000,0.000000000,0.000000000,0.047891971,0.000316150,-0.047411339,-0.000005836,0.016514790,0.000017815,-0.011656808,0.000000000,0.000000000,0.000000000,0.000000000,0.000000000,0.000000000,0.000000000,0.555695375,0.036436100,-0.516464022,0.114434084,0.520742244,0.327857038,0.018748920
7.050000000,0,7.050000000,sample,0.216295067,-0.000705232,0.000000000,0.000000000,0.000000000,0.000000000,0.000000000,0,0,2.000000000,0.080000000,0.000000000,0.000000000,0.072504715,0.000000000,0.080084439,0.000000000,0.000000000,0.000000000,0.075793370,0.956610264,3,55.039175313,0,0.000000000,0.875843019,0.336545836,0.935872581,0.336545836,4.275780491,0.720378291,1.541901250,0.362509403,1.321461149,0.145009431,1.433352470,2.000000000,1.000000000,20.000000000,2.197846509,1.000000000,1.089838483,0.287902443,1.004477055,0.000000000,1.160998253,0.379634869,1.031471124,1,0,0,0.000000000,0.059426238,-0.864562172,0.126892740,0.287398492,-0.012210579,-0.174688604,2.442899366,12.122461383,-1.963200951,-130.914255896,-0.107794762,142.886384082,44.739847480,0.050814330,0.000556089,-0.056229882,0.000080032,0.000340424,-0.000434484,0.000344650,0.000000000,0.000000000,0.000000000,0.000000000,0.000000000,0.000000000,0.000000000,0.049352889,0.000353941,-0.048857611,-0.000006002,0.017020629,0.000018321,-0.012013845,0.000000000,0.000000000,0.000000000,0.000000000,0.000000000,0.000000000,0.000000000,0.637698441,0.036801136,-0.456102078,0.110752941,0.522860841,0.327066266,0.017590036
7.100000000,0,7.100000000,sample,0.216257215,-0.000757044,0.000000000,0.000000000,0.000000000,0.000000000,0.000000000,0,0,2.000000000,0.080000000,0.000000000,0.000000000,0.070813190,0.000000000,0.080262544,0.000000000,0.000000000,0.000000000,0.073929546,0.957846957,1,53.241214553,0,0.000000000,0.832602069,0.367407940,0.872864341,0.367407940,0.593091174,0.619396548,1.692402163,0.405597940,1.542454950,0.141626381,1.435132175,2.000000000,1.000000000,20.000000000,2.202526200,1.000000000,1.112887985,0.298417863,1.011582700,0.000000000,1.193542163,0.322231338,1.036752291,1,0,0,0.000000000,0.055527990,-0.822563739,0.116326019,0.319680629,-0.010856095,-0.180762372,2.600401054,12.122544458,-2.117951565,-130.914260626,-0.107479307,142.886431447,44.739716979,0.053943859,0.000384483,-0.050542862,0.000135693,0.000609538,0.000299774,0.000655180,0.000000000,0.000000000,0.000000000,0.000000000,0.000000000,0.000000000,0.000000000,0.048200967,0.000373060,-0.047717291,-0.000005846,0.016625080,0.000017843,-0.011734650,0.000000000,0.000000000,0.000000000,0.000000000,0.000000000,0.000000000,0.000000000,0.642209538,0.049023461,-0.458201015,0.096922506,0.530752687,0.327343978,0.016386906
7.150000000,0,7.150000000,sample,0.216221085,-0.000722597,0.000000000,0.000000000,0.000000000,0.000000000,0.000000000,0,0,2.000000000,0.080000000,0.000000000,0.000000000,0.061709295,0.000000000,0.072568153,0.000000000,0.000000000,0.000000000,0.064582550,0.955510355,1,52.687043166,0,0.000000000,0.825176447,0.396340480,0.844718530,0.396340480,1.059553083,0.556086622,1.654978802,0.420177728,1.511470396,0.123418590,1.461838476,2.000000000,1.000000000,20.000000000,2.207065724,1.000000000,1.049298672,0.341208450,0.999322625,0.000000000,1.095654694,0.506634511,1.027063770,1,0,0,0.000000000,0.051936081,-0.816738433,0.105627388,0.348318697,-0.009531104,-0.188862434,2.744127738,12.122553768,-2.255843782,-130.914260627,-0.106993374,142.886434030,44.740131582,0.046877787,-0.000405327,-0.044399111,0.001038255,0.000154875,0.000031600,0.000911317,0.000000000,0.000000000,0.000000000,0.000000000,0.000000000,0.000000000,0.000000000,0.042003727,0.000346361,-0.041582284,-0.000005071,0.014488919,0.000015480,-0.010226861,0.000000000,0.000000000,0.000000000,0.000000000,0.000000000,0.000000000,0.000000000,0.564321991,0.035785784,-0.517511801,0.107266971,0.541313616,0.325956323,0.017696158
7.200000000,0,7.200000000,sample,0.216186951,-0.000682664,0.000000000,0.000000000,0.000000000,0.000000000,0.000000000,0,0,2.000000000,0.080000000,0.000000000,0.000000000,0.057977509,0.000000000,0.063611156,0.000000000,0.000000000,0.000000000,0.060814663,0.953347533,3,58.599767909,0,0.000000000,0.808703350,0.421841440,0.827191150,0.421841440,5.140323419,0.687708196,1.360581441,0.418530918,1.179992900,0.115955018,1.503543776,2.000000000,1.000000000,20.000000000,2.211337247,1.000000000,1.088461036,0.272275439,1.029215092,0.000000000,1.088461036,0.434891691,1.029215092,1,0,0,0.000000000,0.048566465,-0.801312841,0.097673621,0.373814585,-0.008505296,-0.195295972,2.870716887,12.122869639,-2.378345296,-130.914148967,-0.106634178,142.886424795,44.740226009,0.039116077,0.000061927,-0.046553920,0.000825264,0.000292380,-0.000222119,0.000518257,0.000000000,0.000000000,0.000000000,0.000000000,0.000000000,0.000000000,0.000000000,0.039463164,0.000343171,-0.039067234,-0.000004749,0.013614090,0.000014497,-0.009609369,0.000000000,0.000000000,0.000000000,0.000000000,0.000000000,0.000000000,0.000000000,0.695819732,0.025051150,-0.403879286,0.103622979,0.542966404,0.324905169,0.016092259
7.250000000,0,7.250000000,sample,0.216149254,-0.000753939,0.000000000,0.000000000,0.000000000,0.000000000,0.000000000,0,0,2.000000000,0.080000000,0.000000000,0.000000000,0.065092848,0.000000000,0.069205025,0.000000000,0.000000000,0.000000000,0.068106426,0.955751924,1,51.305214528,0,0.000000000,0.798786596,0.449244876,0.816952149,0.449244876,0.772578286,0.600875988,1.574582049,0.473627701,1.473044602,0.130185696,1.464140415,2.000000000,1.000000000,20.000000000,2.216067465,1.000000000,1.039074763,0.414641706,1.012773225,0.000000000,1.125083519,0.421061494,1.044424116,1,0,0,0.000000000,0.045433055,-0.792543426,0.088717426,0.400701342,-0.007356424,-0.202990828,3.004700411,12.123122873,-2.507213008,-130.914148967,-0.106374170,142.886459087,44.740307607,0.048783039,0.001679886,-0.047493153,0.000205953,-0.000286730,0.000190654,0.000343360,0.000000000,0.000000000,0.000000000,0.000000000,0.000000000,0.000000000,0.000000000,0.044305791,0.000406259,-0.043861295,-0.000005320,0.015286497,0.000016238,-0.010789821,0.000000000,0.000000000,0.000000000,0.000000000,0.000000000,0.000000000,0.000000000,0.484977685,0.045117822,-0.606549331,0.098273581,0.554250559,0.321564381,0.017706259
7.300000000,0,7.300000000,sample,0.216110271,-0.000779668,0.000000000,0.000000000,0.000000000,0.000000000,0.000000000,0,0,2.000000000,0.080000000,0.000000000,0.000000000,0.058903656,0.000000000,0.070368279,0.000000000,0.000000000,0.000000000,0.061795477,0.953203353,3,56.207988383,0,0.000000000,0.774501020,0.475567730,0.796176215,0.475567730,4.076970913,0.636917142,1.345428589,0.470129075,1.209560396,0.117807312,1.515133950,2.000000000,1.000000000,20.000000000,2.220848345,1.000000000,1.111886984,0.279970970,1.047310928,0.000000000,1.111886984,0.403792945,1.047310928,1,0,0,0.000000000,0.042607187,-0.769461742,0.077233964,0.427205375,-0.006000807,-0.208864128,3.135662551,12.123002335,-2.634685920,-130.914356336,-0.105997638,142.886492061,44.740457376,0.040870688,-0.000757079,-0.046329297,-0.000498819,0.000160968,0.000141109,0.000998133,0.000000000,0.000000000,0.000000000,0.000000000,0.000000000,0.000000000,0.000000000,0.040092686,0.000386398,-0.039690494,-0.000004797,0.013834132,0.000014643,-0.009764689,0.000000000,0.000000000,0.000000000,0.000000000,0.000000000,0.000000000,0.000000000,0.726183317,0.031891215,-0.385939025,0.097187973,0.553943542,0.320934182,0.015946481
7.350000000,0,7.350000000,sample,0.216074670,-0.000712022,0.000000000,0.000000000,0.000000000,0.000000000,0.000000000,0,0,2.000000000,0.080000000,0.000000000,0.000000000,0.054600911,0.000000000,0.062974991,0.000000000,0.000000000,0.000000000,0.057415086,0.950985444,1,63.282598949,0,0.000000000,0.822488066,0.501772165,0.822488066,0.501772165,5.007396695,0.839476667,1.894129504,0.539443592,1.870253335,0.109201822,1.547080847,2.000000000,1.000000000,20.000000000,2.225531572,1.000000000,1.033048805,0.335074031,1.033540351,0.000000000,1.192542943,0.357759133,1.077469035,1,0,0,0.000000000,0.041034373,-0.818493067,0.069798984,0.450174136,-0.005196237,-0.221566135,3.256684987,12.123316295,-2.745237998,-130.914356336,-0.105608856,142.886310263,44.740374322,0.045673908,0.001138133,-0.034751368,-0.000946738,-0.000122395,-0.000110447,-0.000713996,0.000000000,0.000000000,0.000000000,0.000000000,0.000000000,0.000000000,0.000000000,0.037163607,0.000373274,-0.036790815,-0.000004431,0.012824884,0.000013525,-0.009052323,0.000000000,0.000000000,0.000000000,0.000000000,0.000000000,0.000000000,0.000000000,0.615472591,0.018768192,-0.496395706,0.131685723,0.564264615,0.326463004,0.018011878
7.400000000,0,7.400000000,sample,0.216033752,-0.000818359,0.000000000,0.000000000,0.000000000,0.000000000,0.000000000,0,0,2.000000000,0.080000000,0.000000000,0.000000000,0.061645458,0.000000000,0.064620879,0.000000000,0.000000000,0.000000000,0.064725021,0.952420831,1,60.067329341,0,0.000000000,0.862342552,0.529164317,0.862342552,0.529164317,3.929210971,0.737148085,1.918725644,0.558189156,1.861957083,0.123290916,1.548472948,2.000000000,1.000000000,20.000000000,2.230808593,1.000000000,1.133624168,0.279283669,1.062079091,0.000000000,1.203652675,0.396174990,1.077070854,1,0,0,0.000000000,0.036645559,-0.859536167,0.059070783,0.475352405,-0.003836105,-0.232465588,3.387900338,12.123610947,-2.866352415,-130.914150316,-0.105214459,142.886271398,44.741957093,0.050163908,0.000721099,-0.040884314,0.000757450,0.000130119,0.000177692,0.000491260,0.000000000,0.000000000,0.000000000,0.000000000,0.000000000,0.000000000,0.000000000,0.041957864,0.000440114,-0.041537028,-0.000004984,0.014481180,0.000015215,-0.010221398,0.000000000,0.000000000,0.000000000,0.000000000,0.000000000,0.000000000,0.000000000,0.750954200,0.032562042,-0.362878393,0.089397376,0.565922864,0.320389907,0.020700219
7.450000000,0,7.450000000,sample,0.215988776,-0.000899516,0.000000000,0.000000000,0.000000000,0.000000000,0.000000000,0,0,2.000000000,0.080000000,0.000000000,0.000000000,0.062792723,0.000000000,0.066834041,0.000000000,0.000000000,0.000000000,0.069986039,0.897217848,1,59.701266513,0,0.000000000,0.978665819,0.532155710,0.978665819,0.535648854,5.406860764,0.502786146,2.226741094,0.525207957,1.857807399,0.125585447,1.523267728,2.000000000,1.000000000,20.000000000,2.236960505,1.000000000,1.075336894,0.269905139,1.025237563,0.000000000,1.241084399,0.333415873,1.102617101,1,0,0,0.000000000,0.035536860,-0.976870650,0.047409374,0.502618003,-0.001801470,-0.174818756,3.536092941,12.123560189,-2.995790866,-130.914515744,-0.105130751,142.886333073,44.821171041,0.054075829,0.000079851,-0.041975188,-0.000158638,0.000494772,0.000216612,0.014546844,0.000000000,0.000000000,0.000000000,0.000000000,0.000000000,0.000000000,0.000000000,0.042738222,0.000468629,-0.042309576,-0.000005074,0.014752167,0.000015487,-0.010412682,0.000000000,0.000000000,0.000000000,0.000000000,0.000000000,0.000000000,0.000000000,0.657402891,0.034378107,-0.444484451,0.092051393,0.555393798,0.319219091,0.036724121
7.500000000,0,7.500000000,sample,0.215946493,-0.000845657,0.000000000,0.000000000,0.000000000,0.000000000,0.000000000,0,0,2.000000000,0.080000000,0.000000000,0.000000000,0.049883109,0.000000000,0.065416257,0.000000000,0.000000000,0.000000000,0.054788419,0.910468119,1,55.745670444,0,0.000000000,1.159840100,0.551266957,1.159840100,0.551266957,1.681306724,0.597009259,2.402781014,0.564399565,2.032657947,0.099766218,1.600495211,2.000000000,1.000000000,20.000000000,2.243112369,1.000000000,1.105151533,0.224338413,1.020870103,0.000000000,1.149238667,0.425958423,1.035242459,1,0,0,0.000000000,0.033497957,-1.158748538,0.037533577,0.527019844,-0.000147268,-0.161695146,3.676842126,12.123855353,-3.111458741,-130.914520260,-0.105206507,142.886350062,44.862011844,0.040906690,0.000270259,-0.035668191,-0.000680192,-0.004073747,0.000097265,0.006249250,0.000000000,0.000000000,0.000000000,0.000000000,0.000000000,0.000000000,0.000000000,0.033951179,0.000386723,-0.033610680,-0.000004034,0.011720643,0.000012313,-0.008272908,0.000000000,0.000000000,0.000000000,0.000000000,0.000000000,0.000000000,0.000000000,0.674346666,0.038628408,-0.423261122,0.082404303,0.544636447,0.316092187,0.058792955
7.550000000,0,7.550000000,sample,0.215900327,-0.000923321,0.000000000,0.000000000,0.000000000,0.000000000,0.000000000,0,0,2.000000000,0.080000000,0.000000000,0.000000000,0.068947035,0.000000000,0.069583268,0.000000000,0.000000000,0.000000000,0.072168377,0.955363524,3,53.735132394,0,0.000000000,1.110804725,0.574937440,1.169948050,0.574937440,3.396721601,0.662082257,2.053283966,0.582545013,1.689805471,0.137894069,1.508726927,2.000000000,1.000000000,20.000000000,2.248578320,1.000000000,0.895757644,0.324097356,1.012380937,0.000000000,1.121444362,0.324608999,1.034110229,1,0,0,0.000000000,0.028294999,-1.110212576,0.022684043,0.552538800,0.001645946,-0.158906341,3.798869253,12.123735022,-3.232986232,-130.914520260,-0.105275485,142.886331147,44.868057779,0.049079138,-0.000613382,-0.052902488,-0.000486581,-0.000101642,0.000157986,0.000437327,0.000000000,0.000000000,0.000000000,0.000000000,0.000000000,0.000000000,0.000000000,0.046925800,0.000555473,-0.046455262,-0.000005580,0.016201484,0.000017032,-0.011435669,0.000000000,0.000000000,0.000000000,0.000000000,0.000000000,0.000000000,0.000000000,0.453335096,-0.007007426,-0.633271042,0.091477928,0.552473838,0.316668277,0.066684204
7.600000000,0,7.600000000,sample,0.215843825,-0.001130040,0.000000000,0.000000000,0.000000000,0.000000000,0.000000000,0,0,2.000000000,0.080000000,0.000000000,0.000000000,0.064098012,0.000000000,0.069127913,0.000000000,0.000000000,0.000000000,0.067378742,0.951309119,3,52.897301805,0,0.000000000,0.929449591,0.600576965,1.108711306,0.600576965,2.932747482,0.638375682,1.723513482,0.597523168,1.417725563,0.128196024,1.541367159,2.000000000,1.000000000,20.000000000,2.254595039,1.000000000,1.006445586,0.315723435,1.010766389,0.000000000,1.101237086,0.345970405,1.023910651,1,0,0,0.000000000,0.018897201,-0.929243883,0.005024327,0.582183872,0.003774292,-0.147446211,3.927655110,12.123917523,-3.374624421,-130.914121473,-0.105193014,142.886312242,44.869753485,0.046178478,-0.000519795,-0.049004917,0.000838385,0.000108290,0.000040086,0.002230414,0.000000000,0.000000000,0.000000000,0.000000000,0.000000000,0.000000000,0.000000000,0.043624782,0.000539131,-0.043187451,-0.000005184,0.015064148,0.000015824,-0.010632879,0.000000000,0.000000000,0.000000000,0.000000000,0.000000000,0.000000000,0.000000000,0.500558989,0.041993376,-0.591410747,0.067509290,0.559185042,0.312626874,0.067663115
7.650000000,0,7.650000000,sample,0.215787953,-0.001117442,0.000000000,0.000000000,0.000000000,0.000000000,0.000000000,0,0,2.000000000,0.080000000,0.000000000,0.000000000,0.064660287,0.000000000,0.067687844,0.000000000,0.000000000,0.000000000,0.067380152,0.959634028,1,50.074994593,0,0.000000000,0.765923183,0.626238361,0.921701841,0.626238361,1.148110986,0.565907444,1.475216191,0.625116827,1.294769031,0.129320574,1.565327435,2.000000000,1.000000000,20.000000000,2.260625275,1.000000000,1.015245003,0.286683351,1.008561921,0.000000000,1.170102509,0.301305840,1.039798556,1,0,0,0.000000000,0.014138154,-0.765747257,-0.008341028,0.610582455,0.005259866,-0.139053530,4.052299385,12.124197018,-3.510506471,-130.914222137,-0.105035803,142.886269373,44.869804987,0.047680680,0.000815218,-0.047596068,0.000541434,0.000362690,-0.000275087,-0.000295016,0.000000000,0.000000000,0.000000000,0.000000000,0.000000000,0.000000000,0.000000000,0.044006721,0.000565865,-0.043565594,-0.000005222,0.015198531,0.000015941,-0.010727736,0.000000000,0.000000000,0.000000000,0.000000000,0.000000000,0.000000000,0.000000000,0.536099782,0.042409613,-0.552621148,0.051345032,0.565649958,0.308847456,0.067989157
7.700000000,0,7.700000000,sample,0.215741346,-0.000932153,0.000000000,0.000000000,0.000000000,0.000000000,0.000000000,0,0,2.000000000,0.080000000,0.000000000,0.000000000,0.045447697,0.000000000,0.063217607,0.000000000,0.000000000,0.000000000,0.047788510,0.951017239,1,61.271217239,0,0.000000000,0.797645266,0.650258509,0.797645266,0.650258509,3.350425212,0.642951654,1.760903188,0.637719468,1.617350957,0.090895394,1.597250321,2.000000000,1.000000000,20.000000000,2.266488290,1.000000000,1.038313644,0.286450050,1.015320939,0.000000000,1.174314384,0.286450050,1.051818488,1,0,0,0.000000000,0.009933931,-0.797330186,-0.020096312,0.633228155,0.006789728,-0.147689312,4.169931601,12.124474925,-3.619631876,-130.914169453,-0.104638054,142.886332396,44.871787114,0.037406902,0.001568144,-0.029689308,0.000474032,-0.000383350,-0.000195764,-0.000375897,0.000000000,0.000000000,0.000000000,0.000000000,0.000000000,0.000000000,0.000000000,0.030930500,0.000410156,-0.030620475,-0.000003657,0.010683938,0.000011164,-0.007541152,0.000000000,0.000000000,0.000000000,0.000000000,0.000000000,0.000000000,0.000000000,0.551502129,0.050184471,-0.542556384,0.046332850,0.572338379,0.308778714,0.069093067
7.750000000,0,7.750000000,sample,0.215701252,-0.000801872,0.000000000,0.000000000,0.000000000,0.000000000,0.000000000,0,0,2.000000000,0.080000000,0.000000000,0.000000000,0.039977203,0.000000000,0.050273487,0.000000000,0.000000000,0.000000000,0.041673026,0.959306454,1,56.398912060,0,0.000000000,0.859541796,0.670289985,0.859541796,0.670289985,1.376484673,0.421901527,1.786022911,0.637892742,1.586760643,0.079954405,1.614884198,2.000000000,1.000000000,20.000000000,2.271747877,1.000000000,1.213656835,0.313352049,1.025411771,0.000000000,1.228662371,0.313352049,1.030828452,1,0,0,0.000000000,0.008084464,-0.859007943,-0.029190657,0.652316340,0.008107459,-0.153968589,4.272977104,12.124654407,-3.711724738,-130.914407902,-0.104255722,142.886538676,44.878203706,0.031296113,-0.000080133,-0.027497015,-0.000849207,0.000253639,0.000030159,-0.000561903,0.000000000,0.000000000,0.000000000,0.000000000,0.000000000,0.000000000,0.000000000,0.027207096,0.000370012,-0.026934389,-0.000003206,0.009398949,0.000009785,-0.006634158,0.000000000,0.000000000,0.000000000,0.000000000,0.000000000,0.000000000,0.000000000,0.597723696,0.128397975,-0.500535758,-0.008119279,0.575972715,0.300766353,0.070019339
7.800000000,0,7.800000000,sample,0.215658746,-0.000850124,0.000000000,0.000000000,0.000000000,0.000000000,0.000000000,0,0,2.000000000,0.080000000,0.000000000,0.000000000,0.035523338,0.000000000,0.054026606,0.000000000,0.000000000,0.000000000,0.037152297,0.956154553,3,50.235606920,0,0.000000000,0.874398080,0.690432141,0.874398080,0.690432141,0.890164504,0.326091701,1.710767608,0.647301925,1.481499895,0.071046676,1.626351593,2.000000000,1.000000000,20.000000000,2.276999263,1.000000000,1.026855075,0.233520077,1.029033243,0.000000000,1.196020324,0.332787000,1.041635976,1,0,0,0.000000000,0.005808612,-0.873471724,-0.039817210,0.672163374,0.009266365,-0.157502618,4.373673562,12.124778356,-3.806400554,-130.914504136,-0.104246726,142.886356538,44.882786325,0.026189318,0.000165184,-0.026332464,-0.000977622,-0.000155026,0.000074923,0.000038150,0.000000000,0.000000000,0.000000000,0.000000000,0.000000000,0.000000000,0.000000000,0.024175657,0.000337215,-0.023933356,-0.000002849,0.008352669,0.000008695,-0.005895654,0.000000000,0.000000000,0.000000000,0.000000000,0.000000000,0.000000000,0.000000000,0.603603501,0.031128829,-0.506664014,0.036382812,0.580119927,0.306478242,0.071435633
7.850000000,0,7.850000000,sample,0.215627335,-0.000628206,0.000000000,0.000000000,0.000000000,0.000000000,0.000000000,0,0,2.000000000,0.080000000,0.000000000,0.000000000,0.031859027,0.000000000,0.043281704,0.000000000,0.000000000,0.000000000,0.032683683,0.974768583,3,51.687338060,0,0.000000000,0.845258961,0.704091311,0.879679702,0.704091311,1.424163345,0.243906138,1.644830376,0.644415991,1.426630811,0.063718054,1.675085447,2.000000000,1.000000000,20.000000000,2.280628899,1.000000000,1.134124980,0.176985447,1.055051266,0.000000000,1.201974136,0.307330274,1.058755257,1,0,0,0.000000000,0.000580887,-0.843902352,-0.047866419,0.686172740,0.010338708,-0.157494938,4.440952388,12.125194055,-3.873719288,-130.914105351,-0.104046957,142.886356538,44.884096837,0.022550882,-0.000067335,-0.023497576,0.001355371,0.001761889,0.000047224,-0.001611425,0.000000000,0.000000000,0.000000000,0.000000000,0.000000000,0.000000000,0.000000000,0.021681637,0.000307813,-0.021464356,-0.000002550,0.007491831,0.000007784,-0.005288034,0.000000000,0.000000000,0.000000000,0.000000000,0.000000000,0.000000000,0.000000000,0.727884709,0.030262741,-0.386111677,0.029628752,0.577001584,0.306674561,0.073898489
7.900000000,0,7.900000000,sample,0.215597401,-0.000598697,0.000000000,0.000000000,0.000000000,0.000000000,0.000000000,0,0,2.000000000,0.080000000,0.000000000,0.000000000,0.033960227,0.000000000,0.033967991,0.000000000,0.000000000,0.000000000,0.035579562,0.954486934,1,57.013496362,0,0.000000000,0.807925731,0.717139839,0.848037028,0.717139839,1.365316446,0.360888258,1.681427869,0.671084195,1.506417104,0.067920454,1.658341692,2.000000000,1.000000000,20.000000000,2.284095522,1.000000000,1.033844464,0.213371198,1.031878997,0.000000000,1.121291365,0.280901019,1.050005909,1,0,0,0.000000000,0.000587678,-0.806214926,-0.052546493,0.699589546,0.010835328,-0.157310561,4.504756644,12.125444483,-3.938557477,-130.914408427,-0.103739033,142.886356538,44.884441719,0.026865160,-0.000525052,-0.023295161,-0.001104062,-0.000003231,-0.000067916,0.000068021,0.000000000,0.000000000,0.000000000,0.000000000,0.000000000,0.000000000,0.000000000,0.023111390,0.000333639,-0.022879766,-0.000002710,0.007986643,0.000008273,-0.005637297,0.000000000,0.000000000,0.000000000,0.000000000,0.000000000,0.000000000,0.000000000,0.621107558,0.024661886,-0.489888671,0.023086759,0.582392231,0.305847752,0.071721610
7.950000000,0,7.950000000,sample,0.215557892,-0.000790175,0.000000000,0.000000000,0.000000000,0.000000000,0.000000000,0,0,2.000000000,0.080000000,0.000000000,0.000000000,0.039457231,0.000000000,0.041393421,0.000000000,0.000000000,0.000000000,0.041853967,0.942735762,3,49.934450669,0,0.000000000,0.799499607,0.734731907,0.805197747,0.734731907,5.278474920,0.652233113,1.592069651,0.700066900,1.449268604,0.078914462,1.565408617,2.000000000,1.000000000,20.000000000,2.292000409,1.000000000,1.900872523,0.799499033,1.109932455,0.000000000,1.900872523,0.799499033,1.139184231,1,0,0,0.000000000,0.031903900,-0.790326706,0.116470857,0.716870119,-0.005548662,-0.160926753,4.582414768,12.147688480,-4.013914302,-130.910720179,-0.103407499,142.887200198,44.884714927,0.028739825,0.006155252,-0.029575818,-0.003599438,-0.000383614,0.000236105,-0.000044451,0.000000000,0.000000000,0.000000000,0.000000000,0.000000000,0.000000000,0.000000000,0.026848615,0.000395760,-0.026578247,-0.000003145,0.009295900,0.000009599,-0.006561348,0.000000000,0.000000000,0.000000000,0.000000000,0.000000000,0.000000000,0.000000000,0.573410489,0.410220481,-0.550350541,0.010724373,0.584082148,0.293082646,0.069422624
8.000000000,0,8.000000000,disturb_auto_release,0.000000000,,0.000000000,0.000000000,0.000000000,0.000000000,0.000000000,0,0,0.000000000,0.000000000,0.000000000,0.000000000,0.000000000,0.000000000,0.000000000,0.000000000,0.000000000,0.000000000,0.049182270,0.000000000,1,45.530333785,0,0.000000000,0.000000000,0.000000000,0.000000000,0.000000000,7.900172800,0.726150822,0.000000000,0.000000000,0.000000000,0.000000000,0.000000000,0.000000000,0.000000000,0.000000000,0.000000000,1.000000000,0.000000000,0.000000000,0.000000000,0.000000000,0.000000000,0.000000000,0.000000000,0,0,0,0.000000000,0.000000000,0.000000000,0.000000000,0.000000000,0.000000000,0.000000000,4.671854302,12.193627760,-4.094617855,-130.906502874,-0.103127105,142.887297001,44.885004016,0.033186311,0.016365050,-0.032014406,0.000716399,0.002114622,0.004371530,-0.000855682,0.000000000,0.000000000,0.000000000,0.000000000,0.000000000,0.000000000,0.000000000,0.000000000,0.000000000,0.000000000,0.000000000,0.000000000,0.000000000,0.000000000,0.000000000,0.000000000,0.000000000,0.000000000,0.000000000,0.000000000,0.000000000,0.000000000,0.000000000,0.000000000,0.000000000,0.000000000,0.000000000,0.000000000
8.000000000,0,8.000000000,sample,0.215515320,-0.000851436,0.000000000,0.000000000,0.000000000,0.000000000,0.000000000,0,0,2.000000000,0.080000000,0.000000000,0.000000000,0.044943834,0.000000000,0.044943834,0.000000000,0.000000000,0.000000000,0.049182270,0.913821868,1,45.530333785,0,0.000000000,0.975158710,0.758267813,0.975158710,0.758267813,7.900172800,0.726150822,2.175388489,0.725938382,1.957323787,0.089887667,1.715826754,2.000000000,1.000000000,20.000000000,2.304517366,1.000000000,1.151175205,0.389776677,1.077845902,0.000000000,2.312665975,0.995116170,1.220810004,1,0,0,0.000000000,0.134442304,-0.825658793,0.501146019,0.737260947,-0.045610897,-0.171277609,4.671854302,12.193627760,-4.094617855,-130.906502874,-0.103127105,142.887297001,44.885004016,0.033186311,0.016365050,-0.032014406,0.000716399,0.002114622,0.004371530,-0.000855682,0.000000000,0.000000000,0.000000000,0.000000000,0.000000000,0.000000000,0.000000000,0.030573683,0.000461491,-0.030262461,-0.000003585,0.010626166,0.000010943,-0.007500202,0.000000000,0.000000000,0.000000000,0.000000000,0.000000000,0.000000000,0.000000000,0.585428259,0.027679722,-0.549494703,0.220728728,0.592052645,0.334977182,0.069697396
8.050000000,0,8.050000000,sample,0.215473347,-0.000839456,0.000000000,0.000000000,0.000000000,0.000000000,0.000000000,0,0,2.000000000,0.080000000,0.000000000,0.000000000,0.045915222,0.000000000,0.049411514,0.000000000,0.000000000,0.000000000,0.048500172,0.946702249,3,50.123196783,0,0.000000000,1.202949054,0.782469997,1.202949054,0.782469997,3.416833597,0.538403610,2.470282467,0.741992434,2.152913394,0.091830444,1.823119459,2.000000000,0.993844170,19.876883406,2.300944188,1.000000000,1.485302708,0.514230436,1.134812699,0.000000000,1.819915023,0.734054900,1.134812699,1,0,0,0.000000000,0.218907515,-0.893098658,0.775590558,0.757367503,-0.074463068,-0.181958821,4.768731262,12.225501176,-4.179408459,-130.905427047,-0.102557419,142.887567628,44.888070584,0.033716622,0.005653038,-0.034337025,-0.000759972,0.000512553,0.000391556,0.001863978,0.000000000,0.000000000,0.000000000,0.000000000,0.000000000,0.000000000,0.000000000,0.031228537,0.000482431,-0.030908106,-0.000003651,0.010882932,0.000011145,-0.007681407,0.000000000,0.000000000,0.000000000,0.000000000,0.000000000,0.000000000,0.000000000,0.546319769,0.067456947,-0.589809103,0.287809702,0.605903881,0.426467475,0.071280484
8.100000000,0,8.100000000,sample,0.215415655,-0.001153850,0.000000000,0.000000000,0.000000000,0.000000000,0.000000000,0,0,2.000000000,0.080000000,0.000000000,0.000000000,0.047780121,0.000000000,0.058789454,0.000000000,0.000000000,0.000000000,0.051702110,0.924142572,1,50.822463297,0,0.000000000,1.211108193,0.804032036,1.225814827,0.804032036,0.253579358,0.521042694,2.410455765,0.752818856,2.015901303,0.095560241,1.676525145,2.000000000,0.975528258,19.510565163,2.265563400,1.000000000,1.507079075,0.386505197,1.171259836,0.000000000,1.875700583,0.693637170,1.171259836,1,0,0,0.000000000,0.206877329,-0.906946676,0.775520826,0.780505604,-0.073500335,-0.178539119,4.885265873,12.228749267,-4.289237407,-130.903458197,-0.102008772,142.887693251,44.900261691,0.036858370,0.000095945,-0.035532474,-0.000294273,-0.000003466,-0.000013290,0.007205281,0.000000000,0.000000000,0.000000000,0.000000000,0.000000000,0.000000000,0.000000000,0.032495733,0.000515409,-0.032162261,-0.000003781,0.011329145,0.000011540,-0.007996307,0.000000000,0.000000000,0.000000000,0.000000000,0.000000000,0.000000000,0.000000000,0.740640268,0.033673454,-0.409677898,0.281018812,0.606763935,0.449001186,0.074803775
8.150000000,0,8.150000000,sample,0.215371136,-0.000890375,0.000000000,0.000000000,0.000000000,0.000000000,0.000000000,0,0,2.000000000,0.080000000,0.000000000,0.000000000,0.037482107,0.000000000,0.051517353,0.000000000,0.000000000,0.000000000,0.039132678,0.957821148,1,57.131509717,0,0.000000000,1.219508488,0.822363324,1.222306980,0.822363324,2.106897407,0.445765852,2.460536167,0.766728441,2.138285231,0.074964214,1.628178227,2.000000000,0.945503262,18.910065242,2.200611184,1.000000000,1.797156731,0.567642364,1.165819601,0.000000000,1.844771669,0.597421195,1.203863964,1,0,0,0.000000000,0.184273210,-0.954433616,0.736410762,0.797619007,-0.068585832,-0.188099280,4.976482526,12.227091856,-4.371522499,-130.901838156,-0.101835443,142.887780678,44.901344528,0.029578587,-0.000477370,-0.025554225,0.001636186,0.000213957,0.000034110,-0.000709469,0.000000000,0.000000000,0.000000000,0.000000000,0.000000000,0.000000000,0.000000000,0.025491822,0.000412066,-0.025230496,-0.000002961,0.008887136,0.000009037,-0.006272666,0.000000000,0.000000000,0.000000000,0.000000000,0.000000000,0.000000000,0.000000000,0.709384006,0.159287749,-0.430860594,0.250660346,0.612874621,0.447537699,0.078487788
8.200000000,0,8.200000000,sample,0.215331071,-0.000801292,0.000000000,0.000000000,0.000000000,0.000000000,0.000000000,0,0,2.000000000,0.080000000,0.000000000,0.000000000,0.033709138,0.000000000,0.043552219,0.000000000,0.000000000,0.000000000,0.035572317,0.947622792,1,60.411219250,0,0.000000000,1.237748325,0.838412502,1.245533148,0.838412502,2.254981389,0.380431770,2.562951894,0.776723216,2.230659568,0.067418277,1.647083718,2.000000000,0.904508497,18.090169944,2.109860491,1.000000000,1.674219416,0.572674416,1.147928281,0.000000000,1.850909325,0.632496666,1.164457525,1,0,0,0.000000000,0.184500587,-0.974212907,0.740870881,0.813470950,-0.068850725,-0.190945317,5.057992100,12.229052354,-4.447302676,-130.901582404,-0.101300608,142.887739962,44.905515973,0.027648460,0.000397112,-0.022351232,0.000062455,0.000119179,0.000376369,0.001028275,0.000000000,0.000000000,0.000000000,0.000000000,0.000000000,0.000000000,0.000000000,0.022925286,0.000377101,-0.022690197,-0.000002649,0.007994443,0.000008087,-0.005642587,0.000000000,0.000000000,0.000000000,0.000000000,0.000000000,0.000000000,0.000000000,0.596263002,0.125918017,-0.532608141,0.273862669,0.623575087,0.438602804,0.080398514
8.250000000,0,8.250000000,sample,0.215297678,-0.000667867,0.000000000,0.000000000,0.000000000,0.000000000,0.000000000,0,0,2.000000000,0.080000000,0.000000000,0.000000000,0.022880842,0.000000000,0.037800282,0.000000000,0.000000000,0.000000000,0.023806077,0.961134499,3,56.551445694,0,0.000000000,1.197332432,0.850315517,1.236380482,0.850315517,1.628361159,0.222379088,2.331370530,0.767867710,1.998630769,0.045761684,1.544952151,2.000000000,0.853553391,17.071067812,1.993942085,1.000000000,1.762335565,0.569014777,1.173812018,0.000000000,1.765754961,0.583148412,1.201004018,1,0,0,0.000000000,0.174206806,-0.944664387,0.714749002,0.826099577,-0.065853064,-0.190418853,5.119588975,12.227465927,-4.509249888,-130.901367959,-0.100792750,142.887780678,44.906667018,0.015671383,0.000063475,-0.017902336,-0.000354957,0.000265825,0.000146851,-0.000648990,0.000000000,0.000000000,0.000000000,0.000000000,0.000000000,0.000000000,0.000000000,0.015561044,0.000259520,-0.015401565,-0.000001789,0.005426176,0.000005461,-0.003829866,0.000000000,0.000000000,0.000000000,0.000000000,0.000000000,0.000000000,0.000000000,0.717610622,0.131174772,-0.420590789,0.284694352,0.624292201,0.438193486,0.077207885
8.300000000,0,8.300000000,sample,0.215281167,-0.000330211,0.000000000,0.000000000,0.000000000,0.000000000,0.000000000,0,0,2.000000000,0.080000000,0.000000000,0.000000000,0.005209983,0.000000000,0.019678395,0.000000000,0.000000000,0.000000000,0.005763299,0.903993140,3,53.267768812,0,0.000000000,1.174119724,0.856142732,1.196116253,0.856142732,0.862349467,0.124549004,2.355867940,0.753959610,2.030161584,0.010419966,1.553386402,2.000000000,0.793892626,15.877852523,1.856109256,1.000000000,1.752112867,0.666935363,1.152518753,0.000000000,1.843502933,0.696372105,1.174026838,1,0,0,0.000000000,0.176882551,-0.908897836,0.721924105,0.832600179,-0.066558118,-0.187955678,5.148234813,12.228702888,-4.540268242,-130.901507106,-0.100537494,142.887875400,44.907258028,0.003715666,0.000736222,-0.004206331,-0.000637061,-0.000065800,-0.000231556,0.000842860,0.000000000,0.000000000,0.000000000,0.000000000,0.000000000,0.000000000,0.000000000,0.003543219,0.000059507,-0.003506894,-0.000000406,0.001235708,0.000001241,-0.000872179,0.000000000,0.000000000,0.000000000,0.000000000,0.000000000,0.000000000,0.000000000,0.524361662,0.160599961,-0.594315745,0.270060835,0.635875831,0.437355474,0.076092275
8.350000000,0,8.350000000,sample,0.215274759,-0.000128179,0.000000000,0.000000000,0.000000000,0.000000000,0.000000000,0,0,2.000000000,0.080000000,0.000000000,0.000000000,0.000092797,0.000000000,0.009632358,0.000000000,0.000000000,0.000000000,0.001973434,0.047023087,7,63.814717085,0,0.000000000,1.102373698,0.855644032,1.173255842,0.856543631,0.524329778,0.155227014,2.182442311,0.741518375,1.864287689,0.000185594,1.441217416,2.000000000,0.726995250,14.539904997,1.699712994,1.000000000,1.595347804,0.558102092,1.133796871,0.000000000,1.750399875,0.660498415,1.151906195,1,0,0,0.000000000,0.170694071,-0.826739745,0.708937726,0.834230355,-0.065097423,-0.178742134,5.151255283,12.227647217,-4.551764501,-130.901315688,-0.099381498,142.887936189,44.907324902,-0.000360680,-0.000754535,-0.000524629,-0.000466427,0.000303324,-0.000353561,0.001576460,0.000000000,0.000000000,0.000000000,0.000000000,0.000000000,0.000000000,0.000000000,-0.000063110,-0.000001063,0.000062463,0.000000007,-0.000022008,-0.000000022,0.000015534,0.000000000,0.000000000,0.000000000,0.000000000,0.000000000,0.000000000,0.000000000,0.592339017,0.099328102,-0.493402145,0.268863225,0.643860255,0.434439509,0.075742557
8.400000000,0,8.400000000,sample,0.215272578,-0.000043606,0.000000000,0.000000000,0.000000000,0.000000000,0.000000000,0,0,2.000000000,0.080000000,0.000000000,0.000000000,0.001722488,0.000000000,0.008814447,0.000000000,0.000000000,0.000000000,0.002848670,0.604663765,3,69.123487707,0,0.000000000,1.069103388,0.843661396,1.100430203,0.855611474,1.492261160,0.106868398,2.075807905,0.734151344,1.769069587,0.003444976,1.360415704,2.000000000,0.654508497,13.090169944,1.530268989,1.000000000,1.787999135,0.769796559,1.174011085,0.000000000,1.835000535,0.784234710,1.174011085,1,0,0,0.000000000,0.169500523,-0.781016782,0.710115775,0.825753664,-0.065264215,-0.160112524,5.150941962,12.228045234,-4.557828111,-130.901012785,-0.083103999,142.887781427,44.906709418,-0.000352759,-0.000320036,-0.002368400,0.000104969,0.000597358,0.000143083,-0.001374924,0.000000000,0.000000000,0.000000000,0.000000000,0.000000000,0.000000000,0.000000000,0.001171434,0.000019754,-0.001159429,-0.000000111,0.000408530,0.000000339,-0.000288345,0.000000000,0.000000000,0.000000000,0.000000000,0.000000000,0.000000000,0.000000000,0.569586816,0.161454770,-0.458795125,0.253205507,0.748309847,0.433394800,0.073488558
8.450000000,0,8.450000000,sample,0.215271378,-0.000024010,0.000000000,0.000000000,0.000000000,0.000000000,0.000000000,0,0,2.000000000,0.080000000,0.000000000,0.000000000,0.000820907,0.000000000,0.003365069,0.000000000,0.000000000,0.000000000,0.001801179,0.455760804,5,46.362131812,0,0.000000000,1.053992807,0.842883066,1.069803378,0.843815199,0.630457423,0.120556139,2.091928288,0.726995543,1.771991306,0.001641814,1.320247167,2.000000000,0.578217233,11.564344650,1.351915265,1.000000000,1.621291749,0.766305259,1.186363011,0.000000000,1.805748339,0.785271210,1.194069800,1,0,0,0.000000000,0.170000640,-0.758655210,0.711648010,0.825618957,-0.065471961,-0.156584235,5.150936177,12.228244765,-4.560231081,-130.901012782,-0.082007203,142.887739882,44.907007399,0.000535808,-0.000762931,-0.000443940,0.000348633,0.001226418,0.000006092,0.000743186,0.000000000,0.000000000,0.000000000,0.000000000,0.000000000,0.000000000,0.000000000,0.000558284,0.000009420,-0.000552562,-0.000000052,0.000194701,0.000000159,-0.000137423,0.000000000,0.000000000,0.000000000,0.000000000,0.000000000,0.000000000,0.000000000,0.554311075,0.102994193,-0.445261083,0.246990305,0.798716940,0.432257136,0.074377401
8.500000000,0,8.500000000,sample,0.215271479,0.000002025,0.000000000,0.000000000,0.000000000,0.000000000,0.000000000,0,0,2.000000000,0.080000000,0.000000000,0.000000000,0.000209853,0.000000000,0.002682403,0.000000000,0.000000000,0.000000000,0.002916957,0.071942388,2,62.024933909,0,0.000000000,1.046581154,0.842117792,1.057719694,0.843002571,1.030848503,0.063052802,2.045985435,0.732717856,1.755295917,0.000419706,1.307347301,2.000000000,0.500000000,10.000000000,1.168966585,1.000000000,1.815914491,0.887609866,1.187562050,0.000000000,1.815914491,0.887609866,1.189153191,1,0,0,0.000000000,0.168618845,-0.754532915,0.705393420,0.825114446,-0.064739703,-0.155426179,5.150716611,12.227453386,-4.560550528,-130.901206997,-0.081172121,142.887875390,44.906960164,-0.000600856,-0.002297276,-0.000763990,-0.001344638,0.000079452,-0.000163808,-0.000667275,0.000000000,0.000000000,0.000000000,0.000000000,0.000000000,0.000000000,0.000000000,0.000142718,0.000002408,-0.000141255,-0.000000013,0.000049770,0.000000040,-0.000035128,0.000000000,0.000000000,0.000000000,0.000000000,0.000000000,0.000000000,0.000000000,0.501953566,0.160961397,-0.469719065,0.264251830,0.805155167,0.433907716,0.073633485
8.550000000,0,8.550000000,sample,0.215271253,-0.000004527,0.000000000,0.000000000,0.000000000,0.000000000,0.000000000,0,0,2.000000000,0.080000000,0.000000000,0.000000000,0.001642587,0.000000000,0.003187966,0.000000000,0.000000000,0.000000000,0.002538735,0.647010051,1,84.168928775,0,0.000000000,1.039156073,0.841440465,1.048860009,0.842074501,1.332136310,0.162104810,2.015495019,0.729015331,1.706106662,0.003285175,1.288729084,2.000000000,0.421782767,8.435655350,0.986114109,1.000000000,1.625075138,0.826811485,1.166668562,0.000000000,1.915368688,0.932302347,1.187889908,1,0,0,0.000000000,0.170392384,-0.737654595,0.711812811,0.824841015,-0.065479865,-0.152878198,5.149270301,12.228201820,-4.560959857,-130.901124387,-0.080464590,142.887801341,44.907101659,-0.002329128,-0.000969529,0.000041695,0.000057810,0.000080428,0.000126218,0.000229942,0.000000000,0.000000000,0.000000000,0.000000000,0.000000000,0.000000000,0.000000000,-0.001117094,-0.000018852,0.001105645,0.000000103,-0.000389586,-0.000000313,0.000274974,0.000000000,0.000000000,0.000000000,0.000000000,0.000000000,0.000000000,0.000000000,0.482661810,0.099577686,-0.458164591,0.258268873,0.804511152,0.434871324,0.072584642
8.600000000,0,8.600000000,sample,0.215270579,-0.000013467,0.000000000,0.000000000,0.000000000,0.000000000,0.000000000,0,0,2.000000000,0.080000000,0.000000000,0.000000000,0.000170778,0.000000000,0.003213150,0.000000000,0.000000000,0.000000000,0.001084176,0.157519137,2,50.860611168,0,0.000000000,1.018886088,0.840663024,1.041288735,0.841503900,0.236795220,0.031905028,2.043020846,0.736249282,1.760658172,0.000341557,1.365296687,2.000000000,0.345491503,6.909830056,0.807665207,1.000000000,1.728124825,0.894313451,1.151043977,0.000000000,1.728124825,0.894313451,1.166609087,1,0,0,0.000000000,0.163976004,-0.721138055,0.700857073,0.824536660,-0.064227164,-0.150759703,5.147600026,12.227356994,-4.561144750,-130.900644015,-0.080027184,142.887742405,44.907017626,-0.000036251,0.000773198,0.000138134,0.000654860,-0.000340039,0.000017579,-0.000111493,0.000000000,0.000000000,0.000000000,0.000000000,0.000000000,0.000000000,0.000000000,-0.000116144,-0.000001960,0.000114954,0.000000011,-0.000040502,-0.000000032,0.000028587,0.000000000,0.000000000,0.000000000,0.000000000,0.000000000,0.000000000,0.000000000,0.434234822,0.137015981,-0.464109893,0.255558433,0.802248081,0.433390990,0.073696259
8.650000000,0,8.650000000,sample,0.215271242,0.000013251,0.000000000,0.000000000,0.000000000,0.000000000,0.000000000,0,0,2.000000000,0.080000000,0.000000000,0.000000000,0.000288967,0.000000000,0.002887177,0.000000000,0.000000000,0.000000000,0.002448486,0.118018832,4,68.297127535,0,0.000000000,1.004285192,0.839908423,1.017638703,0.840576763,1.396734972,0.180712200,2.025272663,0.732670490,1.753353687,0.000577935,1.431720134,2.000000000,0.273004750,5.460095003,0.638180933,1.000000000,1.724118113,0.906479702,1.127244425,0.000000000,1.779256072,0.931738195,1.150650685,1,0,0,0.000000000,0.169426472,-0.690873103,0.708927199,0.824368597,-0.065136461,-0.147036785,5.144517802,12.227834040,-4.561336671,-130.901233985,-0.079605551,142.887916375,44.907133369,-0.000200795,-0.000039734,-0.000836200,-0.002023480,0.000141741,-0.000318264,0.001018874,0.000000000,0.000000000,0.000000000,0.000000000,0.000000000,0.000000000,0.000000000,0.000196522,0.000003317,-0.000194508,-0.000000018,0.000068535,0.000000054,-0.000048373,0.000000000,0.000000000,0.000000000,0.000000000,0.000000000,0.000000000,0.000000000,0.410557763,0.138186788,-0.432066699,0.245771397,0.800546040,0.435421822,0.073995886
8.700000000,0,8.700000000,sample,0.215271176,-0.000001323,0.000000000,0.000000000,0.000000000,0.000000000,0.000000000,0,0,2.000000000,0.080000000,0.000000000,0.000000000,0.000837157,0.000000000,0.004685278,0.000000000,0.000000000,0.000000000,0.001507712,0.555250054,4,54.390563492,0,0.000000000,0.970605376,0.838816987,1.002272662,0.839890140,0.454961162,0.039353878,1.955312149,0.732710909,1.700762688,0.001674314,1.437940437,2.000000000,0.206107374,4.122147477,0.481719930,1.000000000,1.694056679,0.938920568,1.110810009,0.000000000,1.855517010,0.956451677,1.127343519,1,0,0,0.000000000,0.166155910,-0.649331131,0.702022858,0.824119177,-0.064360472,-0.142475436,5.139884767,12.227161590,-4.561240962,-130.901138276,-0.079330896,142.887963066,44.906932491,-0.000451817,-0.000474927,0.000712430,-0.001111937,-0.000243518,0.000185533,-0.000076269,0.000000000,0.000000000,0.000000000,0.000000000,0.000000000,0.000000000,0.000000000,-0.000569339,-0.000009608,0.000563505,0.000000052,-0.000198540,-0.000000157,0.000140132,0.000000000,0.000000000,0.000000000,0.000000000,0.000000000,0.000000000,0.000000000,0.341730623,0.118485391,-0.450224009,0.263762442,0.796994806,0.436027541,0.074075965
8.750000000,0,8.750000000,sample,0.215270898,-0.000005563,0.000000000,0.000000000,0.000000000,0.000000000,0.000000000,0,0,2.000000000,0.080000000,0.000000000,0.000000000,0.002299551,0.000000000,0.005919463,0.000000000,0.000000000,0.000000000,0.003894553,0.590453101,1,88.539855537,0,0.000000000,0.925568840,0.837264262,0.968355026,0.838783002,2.095655272,0.190772737,1.804196687,0.729069744,1.557954986,0.004599101,1.378371356,2.000000000,0.146446609,2.928932188,0.342216484,1.000000000,1.728794121,0.979657180,1.094829493,0.000000000,1.797840309,1.007024419,1.110657186,1,0,0,0.000000000,0.164905270,-0.579786765,0.702375425,0.823830165,-0.064594300,-0.134695511,5.132263565,12.227372916,-4.561173878,-130.900835198,-0.078850522,142.887693252,44.906774692,-0.003664603,0.001021408,-0.000168238,0.000463943,-0.000104024,-0.000367795,-0.000552546,0.000000000,0.000000000,0.000000000,0.000000000,0.000000000,0.000000000,0.000000000,-0.001563890,-0.000026392,0.001547866,0.000000141,-0.000545368,-0.000000429,0.000384927,0.000000000,0.000000000,0.000000000,0.000000000,0.000000000,0.000000000,0.000000000,0.306895245,0.121404153,-0.430684587,0.276919419,0.795832151,0.434658838,0.072644772
8.800000000,0,8.800000000,sample,0.215271041,0.000002863,0.000000000,0.000000000,0.000000000,0.000000000,0.000000000,0,0,2.000000000,0.080000000,0.000000000,0.000000000,0.003569654,0.000000000,0.005442358,0.000000000,0.000000000,0.000000000,0.004779759,0.746827144,1,96.017040846,0,0.000000000,0.884773364,0.836033185,0.925247522,0.837377607,2.357325921,0.264486691,1.698614569,0.725986888,1.458585233,0.007139307,1.342023923,2.000000000,0.095491503,1.909830056,0.223099309,1.000000000,1.674345179,0.943765950,1.079008954,0.000000000,1.785546275,0.995584591,1.097265582,1,0,0,0.000000000,0.164317241,-0.515293222,0.700211857,0.823756562,-0.064400122,-0.127394022,5.125261175,12.227064802,-4.561143030,-130.900946858,-0.078788361,142.887739879,44.907051695,-0.004683604,-0.000464187,0.000278118,-0.000336791,-0.000432054,0.000177300,0.000534413,0.000000000,0.000000000,0.000000000,0.000000000,0.000000000,0.000000000,0.000000000,-0.002427672,-0.000040968,0.002402800,0.000000218,-0.000846570,-0.000000666,0.000597520,0.000000000,0.000000000,0.000000000,0.000000000,0.000000000,0.000000000,0.000000000,0.334530262,0.112357621,-0.383237108,0.258718254,0.794943955,0.434397735,0.072680757
8.850000000,0,8.850000000,sample,0.215271210,0.000003388,0.000000000,0.000000000,0.000000000,0.000000000,0.000000000,0,0,2.000000000,0.080000000,0.000000000,0.000000000,0.001510912,0.000000000,0.005660537,0.000000000,0.000000000,0.000000000,0.002142796,0.705112546,7,32.635609862,0,0.000000000,0.854809070,0.834921763,0.882917654,0.835950514,0.809699833,0.138553723,1.734939485,0.725920939,1.524856704,0.003021824,1.455070380,2.000000000,0.054496738,1.089934758,0.127301567,1.000000000,1.755359918,0.976433123,1.063535774,0.000000000,1.810910766,1.014165940,1.080231841,1,0,0,0.000000000,0.163416889,-0.465668591,0.697958616,0.823499306,-0.064109160,-0.121791864,5.119798905,12.226772103,-4.561082062,-130.901042565,-0.078431148,142.887875390,44.906964268,-0.001167143,0.000498493,0.000843150,-0.000748274,0.000209142,-0.000409647,0.001224128,0.000000000,0.000000000,0.000000000,0.000000000,0.000000000,0.000000000,0.000000000,-0.001027552,-0.000017340,0.001017025,0.000000092,-0.000358317,-0.000000281,0.000252905,0.000000000,0.000000000,0.000000000,0.000000000,0.000000000,0.000000000,0.000000000,0.332524329,0.134741296,-0.336381901,0.263398358,0.791274198,0.434355274,0.071202935
8.900000000,0,8.900000000,sample,0.215270930,-0.000005601,0.000000000,0.000000000,0.000000000,0.000000000,0.000000000,0,0,2.000000000,0.080000000,0.000000000,0.000000000,0.002087156,0.000000000,0.004256912,0.000000000,0.000000000,0.000000000,0.002740374,0.761631751,1,44.231343938,0,0.000000000,0.829175780,0.834058998,0.853602772,0.834977870,1.149894097,0.111228347,1.604183960,0.723518949,1.394262626,0.004174311,1.362007533,2.000000000,0.024471742,0.489434837,0.057157166,1.000000000,1.641439240,0.928510459,1.058027098,0.000000000,1.740273787,0.995323604,1.068871642,1,0,0,0.000000000,0.161557198,-0.421908595,0.695287626,0.823354642,-0.063932127,-0.116851306,5.115128839,12.226607673,-4.561162065,-130.900835133,-0.078191457,142.887713489,44.906964268,-0.001822531,-0.001500609,0.001151061,0.000645859,-0.000099085,-0.000384275,0.000191424,0.000000000,0.000000000,0.000000000,0.000000000,0.000000000,0.000000000,0.000000000,-0.001419449,-0.000023953,0.001404909,0.000000127,-0.000494968,-0.000000386,0.000349354,0.000000000,0.000000000,0.000000000,0.000000000,0.000000000,0.000000000,0.000000000,0.350226384,0.093933053,-0.309458817,0.266896689,0.792129058,0.433873526,0.072291892
8.950000000,0,8.950000000,sample,0.215271360,0.000008592,0.000000000,0.000000000,0.000000000,0.000000000,0.000000000,0,0,2.000000000,0.080000000,0.000000000,0.000000000,0.000007158,0.000000000,0.002912724,0.000000000,0.000000000,0.000000000,0.002436261,0.002937951,7,32.277510958,0,0.000000000,0.816924221,0.833467049,0.833062372,0.834182474,1.554748216,0.123072209,1.653519175,0.729908087,1.482699421,0.000014315,1.475041198,2.000000000,0.006155830,0.123116594,0.014376630,1.000000000,1.725029299,0.993453239,1.058539511,0.000000000,1.729147087,1.027411796,1.064312568,1,0,0,0.000000000,0.163131637,-0.393472331,0.697088787,0.823169119,-0.064060061,-0.113825445,5.111963727,12.226615698,-4.561092282,-130.901138092,-0.077909155,142.887922767,44.906667018,-0.001159196,0.000754397,-0.000791146,-0.001213983,0.000034850,-0.000076472,-0.001384120,0.000000000,0.000000000,0.000000000,0.000000000,0.000000000,0.000000000,0.000000000,-0.000004868,-0.000000082,0.000004818,0.000000000,-0.000001697,-0.000000001,0.000001198,0.000000000,0.000000000,0.000000000,0.000000000,0.000000000,0.000000000,0.000000000,0.300061262,0.118276549,-0.338542379,0.272620374,0.795686032,0.435099592,0.071547636
9.000000000,0,9.000000000,sample,0.215271186,-0.000003482,0.000000000,0.000000000,0.000000000,0.000000000,0.000000000,0,0,2.000000000,0.080000000,0.000000000,-0.000000000,0.001397069,0.000000000,0.002907197,0.000000000,0.000000000,0.000000000,0.002300071,0.607402500,1,90.077635967,0,0.000000000,0.804076770,0.832947025,0.814729583,0.833439072,1.328486563,0.124351703,1.585587370,0.727367866,1.406187359,0.002794138,1.406188271,2.000000000,0.000000000,0.000000000,0.000000000,1.000000000,1.659115576,1.007112762,1.059869091,0.000000000,1.731919239,1.026039168,1.061525817,1,0,0,0.000000000,0.163509233,-0.363882184,0.698136047,0.823091203,-0.064388838,-0.110343531,5.108871152,12.226766771,-4.561202433,-130.901026819,-0.077717901,142.887652480,44.906795244,-0.002182980,-0.000092950,-0.000229091,-0.000245294,-0.000345359,-0.000524184,-0.000097941,0.000000000,0.000000000,0.000000000,0.000000000,0.000000000,0.000000000,0.000000000,-0.000950129,-0.000016034,0.000940395,0.000000084,-0.000331318,-0.000000257,0.000233848,0.000000000,0.000000000,0.000000000,0.000000000,0.000000000,0.000000000,0.000000000,0.246599764,0.091108691,-0.377532676,0.280580189,0.798419886,0.436134572,0.072570022
9.050000000,0,9.050000000,sample,0.215271380,0.000003884,0.000000000,0.000000000,0.000000000,0.000000000,0.000000000,0,0,2.000000000,0.080000000,0.000000000,0.000000000,0.000359159,0.000000000,0.002104117,0.000000000,0.000000000,0.000000000,0.001699317,0.211354890,4,55.829497679,0,0.000000000,0.797139461,0.832466078,0.803401278,0.832794380,0.973898498,0.102949316,1.634474282,0.729144215,1.470201664,0.000718318,1.470203285,2.000000000,0.000000000,0.000000000,0.000000000,1.000000000,1.696178233,1.008377858,1.053305649,0.000000000,1.706816393,1.008802821,1.058583930,1,0,0,0.000000000,0.162715502,-0.353888834,0.695498152,0.822812659,-0.064030679,-0.108991611,5.107623011,12.226433010,-4.561086251,-130.901118688,-0.077346496,142.887780678,44.906713899,0.000210480,0.000555275,-0.000088220,-0.001269715,0.000003209,0.000344732,-0.000892321,0.000000000,0.000000000,0.000000000,0.000000000,0.000000000,0.000000000,0.000000000,0.000244260,0.000004122,-0.000241758,-0.000000022,0.000085173,0.000000066,-0.000060116,0.000000000,0.000000000,0.000000000,0.000000000,0.000000000,0.000000000,0.000000000,0.265104218,0.106414032,-0.347944924,0.275133021,0.797654658,0.435418507,0.072405243
9.100000000,0,9.100000000,sample,0.215271307,-0.000001452,0.000000000,0.000000000,0.000000000,0.000000000,0.000000000,0,0,2.000000000,0.080000000,0.000000000,0.000000000,0.000902954,0.000000000,0.002509270,0.000000000,0.000000000,0.000000000,0.001983320,0.455273978,3,46.547618160,0,0.000000000,0.793897516,0.832179638,0.796940635,0.832463128,1.090146887,0.133731359,1.567431441,0.724377269,1.388314814,0.001805908,1.388316124,2.000000000,0.000000000,0.000000000,0.000000000,1.000000000,1.662312538,0.990168459,1.054171597,0.000000000,1.815166902,1.043659491,1.054171597,1,0,0,0.000000000,0.160549056,-0.350653604,0.693930339,0.822615732,-0.063718110,-0.108472618,5.106921977,12.226433176,-4.560777246,-130.900899572,-0.077133629,142.887883135,44.906667018,-0.000143779,-0.001169498,0.001353136,0.000437139,0.000014937,-0.000214260,-0.000690624,0.000000000,0.000000000,0.000000000,0.000000000,0.000000000,0.000000000,0.000000000,-0.000614089,-0.000010362,0.000607798,0.000000054,-0.000214133,-0.000000165,0.000151137,0.000000000,0.000000000,0.000000000,0.000000000,0.000000000,0.000000000,0.000000000,0.281606491,0.089804233,-0.328841035,0.283401771,0.799857429,0.436254915,0.073263173
9.150000000,0,9.150000000,sample,0.215271057,-0.000005012,0.000000000,0.000000000,0.000000000,0.000000000,0.000000000,0,0,2.000000000,0.080000000,0.000000000,0.000000000,0.000331179,0.000000000,0.002020610,0.000000000,0.000000000,0.000000000,0.001082705,0.305881444,4,69.996611265,0,0.000000000,0.789459695,0.831841782,0.796748702,0.832257478,0.555562875,0.054987771,1.565909493,0.724024773,1.373087232,0.000662359,1.373087541,2.000000000,0.000000000,0.000000000,0.000000000,1.000000000,1.703658280,1.010456636,1.050897099,0.000000000,1.703658280,1.010456636,1.054135469,1,0,0,0.000000000,0.158227082,-0.347846998,0.690806244,0.822423657,-0.063292924,-0.107582918,5.106655931,12.226241591,-4.560854214,-130.900707519,-0.076818169,142.887922878,44.906964268,-0.000063411,0.000109756,0.000368217,0.000905834,0.000115753,0.000131618,0.000411512,0.000000000,0.000000000,0.000000000,0.000000000,0.000000000,0.000000000,0.000000000,-0.000225231,-0.000003801,0.000222925,0.000000020,-0.000078537,-0.000000060,0.000055432,0.000000000,0.000000000,0.000000000,0.000000000,0.000000000,0.000000000,0.000000000,0.275867822,0.108773000,-0.329299885,0.274803545,0.799180368,0.434512509,0.070741139
9.200000000,0,9.200000000,sample,0.215271265,0.000004164,0.000000000,0.000000000,0.000000000,0.000000000,0.000000000,0,0,2.000000000,0.080000000,0.000000000,0.000000000,0.000696105,0.000000000,0.001346888,0.000000000,0.000000000,0.000000000,0.001393068,0.499691827,7,42.532227452,0,0.000000000,0.793258465,0.831816060,0.794237925,0.832016491,0.206720810,0.025460367,1.583872599,0.727406177,1.399185840,0.001392209,1.399186501,2.000000000,0.000000000,0.000000000,0.000000000,1.000000000,1.570340905,0.961944358,1.059141483,0.000000000,1.923675634,1.084415805,1.061555313,1,0,0,0.000000000,0.161840650,-0.344226768,0.696113875,0.822398493,-0.064112346,-0.107090076,5.106358493,12.226640378,-4.560940050,-130.900899455,-0.076680428,142.887693501,44.906964268,-0.000245192,0.000345045,0.000393377,0.000673959,-0.000490657,-0.000293863,0.000908513,0.000000000,0.000000000,0.000000000,0.000000000,0.000000000,0.000000000,0.000000000,-0.000473412,-0.000007989,0.000468563,0.000000041,-0.000165081,-0.000000126,0.000116516,0.000000000,0.000000000,0.000000000,0.000000000,0.000000000,0.000000000,0.000000000,0.286817906,0.045274012,-0.325042478,0.306089161,0.800050492,0.439235107,0.071519069
9.250000000,0,9.250000000,sample,0.215271239,-0.000000505,0.000000000,0.000000000,0.000000000,0.000000000,0.000000000,0,0,2.000000000,0.080000000,0.000000000,0.000000000,0.001107541,0.000000000,0.001501442,0.000000000,0.000000000,0.000000000,0.001549661,0.714698913,3,51.681030705,0,0.000000000,0.787953845,0.831667538,0.794507840,0.832008155,0.480430342,0.066961565,1.573198401,0.725324093,1.399628859,0.002215082,1.399630444,2.000000000,0.000000000,0.000000000,0.000000000,1.000000000,1.631323644,0.981850497,1.051592033,0.000000000,1.888136820,1.065423899,1.062132253,1,0,0,0.000000000,0.160342271,-0.342428512,0.691306251,0.822315160,-0.063504596,-0.106938482,5.106380737,12.226079017,-4.561175354,-130.900993529,-0.076543514,142.887834841,44.906795244,0.000460239,-0.000469637,-0.001114044,-0.000692301,0.000302356,-0.000374922,0.000129269,0.000000000,0.000000000,0.000000000,0.000000000,0.000000000,0.000000000,0.000000000,0.000753227,0.000012711,-0.000745512,-0.000000066,0.000262643,0.000000201,-0.000185377,0.000000000,0.000000000,0.000000000,0.000000000,0.000000000,0.000000000,0.000000000,0.280963697,0.080571363,-0.328134778,0.282287849,0.798903406,0.435441802,0.072099816
9.300000000,0,9.300000000,sample,0.215271070,-0.000003391,0.000000000,0.000000000,0.000000000,0.000000000,0.000000000,0,0,2.000000000,0.080000000,0.000000000,0.000000000,0.000472187,0.000000000,0.001543340,0.000000000,0.000000000,0.000000000,0.001332752,0.354294343,2,45.825307071,0,0.000000000,0.788541532,0.831477042,0.793540639,0.831632432,0.798554658,0.066064971,1.539421155,0.723963678,1.354623403,0.000944373,1.354624275,2.000000000,0.000000000,0.000000000,0.000000000,1.000000000,1.736147081,1.008132705,1.056141368,0.000000000,1.766815802,1.017938792,1.056274804,1,0,0,0.000000000,0.159904553,-0.341700115,0.692437227,0.822166699,-0.063710867,-0.106474953,5.106128721,12.226337237,-4.561029895,-130.900761101,-0.076309651,142.887654730,44.906964268,-0.000503041,-0.000902198,0.000133195,0.000661680,-0.000055541,-0.000490447,0.000100159,0.000000000,0.000000000,0.000000000,0.000000000,0.000000000,0.000000000,0.000000000,-0.000321129,-0.000005419,0.000317840,0.000000028,-0.000111976,-0.000000085,0.000079034,0.000000000,0.000000000,0.000000000,0.000000000,0.000000000,0.000000000,0.000000000,0.290069223,0.114345011,-0.321726897,0.282888378,0.799378352,0.436200138,0.073548028
9.350000000,0,9.350000000,sample,0.215271241,0.000003420,0.000000000,0.000000000,0.000000000,0.000000000,0.000000000,0,0,2.000000000,0.080000000,0.000000000,0.000000000,0.001470137,0.000000000,0.001536072,0.000000000,0.000000000,0.000000000,0.001869203,0.786504616,3,58.264041120,0,0.000000000,0.789599248,0.831242165,0.794111653,0.831614789,0.614411474,0.040915208,1.608010925,0.724465741,1.426716590,0.002940274,1.426719544,2.000000000,0.000000000,0.000000000,0.000000000,1.000000000,1.680062401,0.995391701,1.051630524,0.000000000,1.747833899,1.018131196,1.055782510,1,0,0,0.000000000,0.159601733,-0.343346016,0.692898096,0.821951503,-0.063636466,-0.106346903,5.106006073,12.226406411,-4.560770485,-130.900760587,-0.076035027,142.887800591,44.907005817,-0.000635994,0.000882637,0.001426779,0.000119856,-0.000028493,0.000166169,0.000481555,0.000000000,0.000000000,0.000000000,0.000000000,0.000000000,0.000000000,0.000000000,-0.000999823,-0.000016871,0.000989582,0.000000087,-0.000348637,-0.000000265,0.000246072,0.000000000,0.000000000,0.000000000,0.000000000,0.000000000,0.000000000,0.000000000,0.290293863,0.101546092,-0.318793190,0.272451254,0.800454866,0.435680685,0.070286475
9.400000000,0,9.400000000,sample,0.215271194,-0.000000945,0.000000000,0.000000000,0.000000000,0.000000000,0.000000000,0,0,2.000000000,0.080000000,0.000000000,0.000000000,0.000206977,0.000000000,0.001843848,0.000000000,0.000000000,0.000000000,0.002151699,0.096192373,2,88.346688461,0,0.000000000,0.785493469,0.831190512,0.791325354,0.831459423,0.899599941,0.100993135,1.532728000,0.722791828,1.346486090,0.000413954,1.346483882,2.000000000,0.000000000,0.000000000,0.000000000,1.000000000,1.713036088,1.003703173,1.053733364,0.000000000,1.717162736,1.006550319,1.055015032,1,0,0,0.000000000,0.159300505,-0.340148358,0.689871317,0.821945681,-0.063387720,-0.106136522,5.105918704,12.226007956,-4.561029728,-130.900851324,-0.075991176,142.887742488,44.906836043,0.000248780,-0.002022445,-0.000136073,-0.000557234,0.000055203,0.000277782,0.000261532,0.000000000,0.000000000,0.000000000,0.000000000,0.000000000,0.000000000,0.000000000,0.000140763,0.000002375,-0.000139321,-0.000000012,0.000049082,0.000000037,-0.000034643,0.000000000,0.000000000,0.000000000,0.000000000,0.000000000,0.000000000,0.000000000,0.285688688,0.111261764,-0.325155826,0.275900645,0.799957661,0.434899565,0.073752483
9.450000000,0,9.450000000,sample,0.215271111,-0.000001656,0.000000000,0.000000000,0.000000000,0.000000000,0.000000000,0,0,2.000000000,0.080000000,0.000000000,0.000000000,0.000704505,0.000000000,0.001182760,0.000000000,0.000000000,0.000000000,0.001502408,0.468917314,7,41.977247287,0,0.000000000,0.788441494,0.831094451,0.792396988,0.831329125,0.730017093,0.133418323,1.572280794,0.726947318,1.394004543,0.001409010,1.394004838,2.000000000,0.000000000,0.000000000,0.000000000,1.000000000,1.676775178,0.985237663,1.053895727,0.000000000,1.726938811,1.003262554,1.054570513,1,0,0,0.000000000,0.158847886,-0.342364563,0.692238286,0.821812350,-0.063515792,-0.106339979,5.106012384,12.226392351,-4.560907638,-130.900693449,-0.075761088,142.887841640,44.906667018,0.000934589,-0.000175741,0.000110963,0.000496961,-0.000073190,0.000375135,-0.000973408,0.000000000,0.000000000,0.000000000,0.000000000,0.000000000,0.000000000,0.000000000,0.000479126,0.000008085,-0.000474218,-0.000000041,0.000167071,0.000000126,-0.000117920,0.000000000,0.000000000,0.000000000,0.000000000,0.000000000,0.000000000,0.000000000,0.294072564,0.100540172,-0.321940713,0.274213097,0.800586048,0.434368268,0.075211344
9.500000000,0,9.500000000,sample,0.215271174,0.000001254,0.000000000,0.000000000,0.000000000,0.000000000,0.000000000,0,0,2.000000000,0.080000000,0.000000000,0.000000000,0.000603919,0.000000000,0.001401586,0.000000000,0.000000000,0.000000000,0.001049131,0.575637280,1,45.488467285,0,0.000000000,0.785961956,0.831049509,0.790576285,0.831130340,0.286228873,0.037315567,1.568970006,0.727286900,1.397993119,0.001207837,1.397993645,2.000000000,0.000000000,0.000000000,0.000000000,1.000000000,1.742060883,1.006571809,1.054478344,0.000000000,1.742535082,1.014022393,1.054538848,1,0,0,0.000000000,0.159503124,-0.339650686,0.690602897,0.821834793,-0.063505548,-0.105820150,5.105835825,12.226104739,-4.561019466,-130.900812472,-0.075795305,142.887681712,44.906923469,0.000707588,-0.000499932,-0.000280483,-0.000113717,-0.000253545,-0.000440652,0.000001007,0.000000000,0.000000000,0.000000000,0.000000000,0.000000000,0.000000000,0.000000000,0.000410719,0.000006931,-0.000406512,-0.000000036,0.000143213,0.000000108,-0.000101082,0.000000000,0.000000000,0.000000000,0.000000000,0.000000000,0.000000000,0.000000000,0.297534779,0.117840566,-0.313370725,0.280190559,0.798546597,0.435751438,0.072438188
9.550000000,0,9.550000000,sample,0.215271313,0.000002793,0.000000000,0.000000000,0.000000000,0.000000000,0.000000000,0,0,2.000000000,0.080000000,0.000000000,0.000000000,0.005311590,0.000000000,0.005311590,0.000000000,0.000000000,0.000000000,0.006823880,0.778382658,1,88.936356812,0,0.000000000,0.787382867,0.830937481,0.792137431,0.831110778,2.610950680,0.294081491,1.620421301,0.734107213,1.465789330,0.010623179,1.465830096,2.000000000,0.000000000,0.000000000,0.000000000,1.000000000,1.693109534,0.983722930,1.051997864,0.000000000,1.746723704,1.014757683,1.054461603,1,0,0,0.000000000,0.160998321,-0.337919423,0.692720567,0.821751586,-0.063763474,-0.105430771,5.105735401,12.226235075,-4.561115007,-130.900953327,-0.075602040,142.887693344,44.906964268,0.006435333,-0.001385551,-0.001512100,-0.000920125,-0.000257878,-0.000176890,0.000034698,0.000000000,0.000000000,0.000000000,0.000000000,0.000000000,0.000000000,0.000000000,0.003612355,0.000060959,-0.003575353,-0.000000312,0.001259605,0.000000951,-0.000889045,0.000000000,0.000000000,0.000000000,0.000000000,0.000000000,0.000000000,0.000000000,0.308920573,0.104993138,-0.304946529,0.273854025,0.798188375,0.435955112,0.071372764
9.600000000,0,9.600000000,sample,0.215271398,0.000001695,0.000000000,0.000000000,0.000000000,0.000000000,0.000000000,0,0,2.000000000,0.080000000,0.000000000,0.000000000,0.000356177,0.000000000,0.003867839,0.000000000,0.000000000,0.000000000,0.001425175,0.249917993,2,38.797353276,0,0.000000000,0.786228139,0.830796924,0.791209019,0.830978857,0.926590663,0.080323719,1.565521164,0.724227888,1.383955016,0.000712354,1.383954905,2.000000000,0.000000000,0.000000000,0.000000000,1.000000000,1.718885469,1.016963419,1.055396441,0.000000000,1.737036036,1.030729264,1.057192070,1,0,0,0.000000000,0.159714244,-0.339859300,0.690754444,0.821623616,-0.063469359,-0.105497880,5.105611804,12.226078602,-4.560811985,-130.900884712,-0.075520650,142.887766863,44.907005067,0.000508846,-0.000887706,0.000861022,0.000108591,-0.000153956,-0.000037401,0.000453789,0.000000000,0.000000000,0.000000000,0.000000000,0.000000000,0.000000000,0.000000000,-0.000242232,-0.000004087,0.000239751,0.000000021,-0.000084464,-0.000000064,0.000059616,0.000000000,0.000000000,0.000000000,0.000000000,0.000000000,0.000000000,0.000000000,0.277994154,0.109124370,-0.330235290,0.281849593,0.800861206,0.435775303,0.069996029
9.650000000,0,9.650000000,sample,0.215271370,-0.000000553,0.000000000,0.000000000,0.000000000,0.000000000,0.000000000,0,0,2.000000000,0.080000000,0.000000000,0.000000000,0.000100742,0.000000000,0.004278725,0.000000000,0.000000000,0.000000000,0.001509999,0.066716820,1,46.258215384,0,0.000000000,0.787923978,0.830655972,0.790311095,0.830909906,0.929327356,0.124432954,1.584704321,0.727848817,1.409226377,0.000201485,1.409226069,2.000000000,0.000000000,0.000000000,0.000000000,1.000000000,1.692005848,1.026047181,1.055838597,0.000000000,1.743620386,1.059101883,1.061150069,1,0,0,0.000000000,0.159783932,-0.339812999,0.692690707,0.821512684,-0.063568006,-0.105192023,5.105630266,12.226332207,-4.560852626,-130.900851322,-0.075287067,142.887885438,44.907106357,0.001027002,-0.000568134,0.000671790,-0.000217056,-0.000546985,0.000319158,0.000055847,0.000000000,0.000000000,0.000000000,0.000000000,0.000000000,0.000000000,0.000000000,0.000068514,0.000001156,-0.000067812,-0.000000006,0.000023891,0.000000018,-0.000016862,0.000000000,0.000000000,0.000000000,0.000000000,0.000000000,0.000000000,0.000000000,0.243855004,0.104131561,-0.364730492,0.276164160,0.800741162,0.434638406,0.071376254
9.700000000,0,9.700000000,sample,0.215271332,-0.000000759,0.000000000,0.000000000,0.000000000,0.000000000,0.000000000,0,0,2.000000000,0.080000000,0.000000000,0.000000000,0.000767822,0.000000000,0.001758988,0.000000000,0.000000000,0.000000000,0.002017617,0.380558764,1,45.874548531,0,0.000000000,0.786016469,0.830622016,0.790698597,0.830808108,0.956944788,0.097776108,1.562296020,0.725410189,1.380542662,0.001535643,1.380542995,2.000000000,0.000000000,0.000000000,0.000000000,1.000000000,1.728403284,0.996792471,1.054779912,0.000000000,1.730342281,1.025349228,1.055024655,1,0,0,0.000000000,0.159636401,-0.338988939,0.690959194,0.821482299,-0.063497432,-0.105203815,5.105589494,12.226123183,-4.560907638,-130.900851324,-0.075245988,142.887748873,44.906964268,0.001366547,-0.001315448,0.000037818,-0.000378366,-0.000212326,0.000323546,0.000422572,0.000000000,0.000000000,0.000000000,0.000000000,0.000000000,0.000000000,0.000000000,0.000522188,0.000008812,-0.000516839,-0.000000045,0.000182082,0.000000137,-0.000128516,0.000000000,0.000000000,0.000000000,0.000000000,0.000000000,0.000000000,0.000000000,0.306640998,0.113022143,-0.308516894,0.281316448,0.798137059,0.434981031,0.072146210
9.750000000,0,9.750000000,sample,0.215271481,0.000002969,0.000000000,0.000000000,0.000000000,0.000000000,0.000000000,0,0,2.000000000,0.080000000,0.000000000,0.000000000,0.001695504,0.000000000,0.003773188,0.000000000,0.000000000,0.000000000,0.003017678,0.561857305,1,87.200643585,0,0.000000000,0.790838391,0.830561997,0.791003995,0.830751834,1.840350766,0.219197669,1.649343252,0.730437471,1.494343465,0.003391009,1.494347715,2.000000000,0.000000000,0.000000000,0.000000000,1.000000000,1.700385044,1.032241132,1.058572785,0.000000000,1.750797058,1.032241132,1.058572785,1,0,0,0.000000000,0.162196876,-0.337761019,0.696444562,0.821399340,-0.064162150,-0.104974153,5.105465493,12.226638297,-4.560921197,-130.900947089,-0.075025560,142.887694261,44.906882670,0.002817946,0.000431044,0.000342771,-0.000827764,-0.000143132,-0.000320772,-0.000231717,0.000000000,0.000000000,0.000000000,0.000000000,0.000000000,0.000000000,0.000000000,0.001153092,0.000019459,-0.001141279,-0.000000099,0.000402089,0.000000301,-0.000283799,0.000000000,0.000000000,0.000000000,0.000000000,0.000000000,0.000000000,0.000000000,0.237273127,0.103725028,-0.371466140,0.281425648,0.801206009,0.434956872,0.072200300
9.800000000,0,9.800000000,sample,0.215271298,-0.000003646,0.000000000,0.000000000,0.000000000,0.000000000,0.000000000,0,0,2.000000000,0.080000000,0.000000000,0.000000000,0.000292881,0.000000000,0.001778244,0.000000000,0.000000000,0.000000000,0.000754467,0.388195451,2,38.183145692,0,0.000000000,0.785300542,0.830414587,0.790579317,0.830676814,0.220685517,0.040206785,1.577746697,0.726178265,1.400998913,0.000585761,1.400998676,2.000000000,0.000000000,0.000000000,0.000000000,1.000000000,1.705888030,0.994772863,1.053153554,0.000000000,1.706773179,1.038846051,1.059485570,1,0,0,0.000000000,0.159368317,-0.337254588,0.691055731,0.821299654,-0.063502906,-0.104988792,5.105369727,12.226170305,-4.560907638,-130.900798118,-0.074937369,142.887740881,44.906713646,0.000359813,0.000466204,-0.000025527,0.000364371,-0.000089380,0.000051515,-0.000279907,0.000000000,0.000000000,0.000000000,0.000000000,0.000000000,0.000000000,0.000000000,0.000199185,0.000003361,-0.000197145,-0.000000017,0.000069454,0.000000052,-0.000049022,0.000000000,0.000000000,0.000000000,0.000000000,0.000000000,0.000000000,0.000000000,0.301880383,0.106631917,-0.312815202,0.280164633,0.797957321,0.434281649,0.070343932
9.851000000,0,9.851000000,sample,0.215271432,0.000002622,0.000000000,0.000000000,0.000000000,0.000000000,0.000000000,0,0,2.000000000,0.080000000,0.000000000,0.000000000,0.000070610,0.000000000,0.004188974,0.000000000,0.000000000,0.000000000,0.000745646,0.094696699,4,35.397932509,0,0.000000000,0.787917333,0.830428349,0.789749306,0.830583417,0.406203969,0.048909995,1.592652987,0.723897992,1.419999079,0.000141220,1.419999298,2.000000000,0.000000000,0.000000000,0.000000000,1.000000000,1.731140188,1.014649081,1.053032081,0.000000000,1.752880506,1.022123399,1.056432157,1,0,0,0.000000000,0.160789776,-0.337216654,0.693718459,0.821294589,-0.063801641,-0.104956143,5.105369709,12.226388784,-4.560907638,-130.900898562,-0.074895564,142.887760144,44.906713646,0.000102071,0.000032000,0.000387783,-0.000443630,0.000250954,-0.000033733,-0.000365028,0.000000000,0.000000000,0.000000000,0.000000000,0.000000000,0.000000000,0.000000000,-0.000048021,-0.000000810,0.000047529,0.000000004,-0.000016745,-0.000000013,0.000011819,0.000000000,0.000000000,0.000000000,0.000000000,0.000000000,0.000000000,0.000000000,0.283749460,0.115669599,-0.324964784,0.280141363,0.799071137,0.432715915,0.071723856
9.901000000,0,9.901000000,sample,0.215271325,-0.000002135,0.000000000,0.000000000,0.000000000,0.000000000,0.000000000,0,0,2.000000000,0.080000000,0.000000000,0.000000000,0.000534079,0.000000000,0.001458471,0.000000000,0.000000000,0.000000000,0.001435386,0.372080768,7,69.565323610,0,0.000000000,0.786053399,0.830300817,0.791119072,0.830532428,0.221105730,0.054688509,1.568684746,0.726153922,1.392830155,0.001068159,1.392830585,2.000000000,0.000000000,0.000000000,0.000000000,1.000000000,1.687670553,0.991769507,1.053110642,0.000000000,1.727665981,1.014415816,1.053983438,1,0,0,0.000000000,0.159807066,-0.336325057,0.692262308,0.821217552,-0.063574513,-0.104687444,5.105369727,12.226277959,-4.561019298,-130.900851853,-0.074746472,142.887828232,44.906754445,0.000064954,0.000031918,-0.000444583,-0.000197184,-0.000043127,0.000619210,-0.001197195,0.000000000,0.000000000,0.000000000,0.000000000,0.000000000,0.000000000,0.000000000,0.000363221,0.000006129,-0.000359501,-0.000000031,0.000126654,0.000000095,-0.000089394,0.000000000,0.000000000,0.000000000,0.000000000,0.000000000,0.000000000,0.000000000,0.295133614,0.100805111,-0.318158939,0.279352415,0.798815276,0.435093145,0.071426409
9.951000000,0,9.951000000,sample,0.215271088,-0.000004744,0.000000000,0.000000000,0.000000000,0.000000000,0.000000000,0,0,2.000000000,0.080000000,0.000000000,0.000000000,0.000085795,0.000000000,0.001575147,0.000000000,0.000000000,0.000000000,0.001857337,0.046192666,3,31.493070204,0,0.000000000,0.784422498,0.830318894,0.789135420,0.830441266,1.168440406,0.169828644,1.531287294,0.723323761,1.334609605,0.000171591,1.334610163,2.000000000,0.000000000,0.000000000,0.000000000,1.000000000,1.717606739,1.001450553,1.054437806,0.000000000,1.750594777,1.015432130,1.055691215,1,0,0,0.000000000,0.158663415,-0.333302878,0.692137102,0.821298992,-0.063524669,-0.104221152,5.105056052,12.226401651,-4.561019298,-130.900658121,-0.074865909,142.887807365,44.907005067,-0.000947452,0.000119612,-0.001042313,0.000812538,0.000018131,0.000041462,0.000888281,0.000000000,0.000000000,0.000000000,0.000000000,0.000000000,0.000000000,0.000000000,-0.000058348,-0.000000985,0.000057751,0.000000005,-0.000020346,-0.000000015,0.000014360,0.000000000,0.000000000,0.000000000,0.000000000,0.000000000,0.000000000,0.000000000,0.292269367,0.109289243,-0.320733527,0.281791088,0.798377228,0.435386533,0.072316804
10.001000000,0,10.001000000,sample,0.215271149,0.000001209,0.000000000,0.000000000,0.000000000,0.000000000,0.000000000,0,0,2.000000000,0.080000000,0.000000000,0.000000000,0.000674282,0.000000000,0.001468396,0.000000000,0.000000000,0.000000000,0.002278056,0.295990273,7,61.864453236,0,0.000000000,0.785840319,0.830244636,0.790915142,0.830448854,0.443969431,0.130245641,1.573832512,0.726811729,1.404578574,0.001348565,1.404578200,2.000000000,0.000000000,0.000000000,0.000000000,1.000000000,1.685433271,0.985139766,1.052339983,0.000000000,1.722989117,0.999971440,1.053984609,1,0,0,0.000000000,0.158917524,-0.336361848,0.692207292,0.821152745,-0.063607931,-0.104729919,5.105247630,12.226401668,-4.560907638,-130.900643972,-0.074661701,142.887713489,44.906632965,0.000525583,0.000691359,0.000022944,0.001074031,0.000103506,-0.000245073,-0.001791781,0.000000000,0.000000000,0.000000000,0.000000000,0.000000000,0.000000000,0.000000000,0.000458572,0.000007738,-0.000453875,-0.000000039,0.000159903,0.000000119,-0.000112862,0.000000000,0.000000000,0.000000000,0.000000000,0.000000000,0.000000000,0.000000000,0.297443033,0.102899772,-0.319945928,0.275558333,0.797555496,0.434295352,0.073169022
10.051000000,0,10.051000000,sample,0.215271246,0.000001944,0.000000000,0.000000000,0.000000000,0.000000000,0.000000000,0,0,2.000000000,0.080000000,0.000000000,0.000000000,0.000370245,0.000000000,0.001687918,0.000000000,0.000000000,0.000000000,0.001578195,0.234600520,2,53.432613143,0,0.000000000,0.786418111,0.830114154,0.787616608,0.830292297,0.681965988,0.087633108,1.591503578,0.728675535,1.416717066,0.000740491,1.416716787,2.000000000,0.000000000,0.000000000,0.000000000,1.000000000,1.744106482,1.017712755,1.054664767,0.000000000,1.747199782,1.020126779,1.055619707,1,0,0,0.000000000,0.159496069,-0.334860801,0.693457060,0.821100904,-0.063634507,-0.104083924,5.105191645,12.226481349,-4.561019298,-130.900760335,-0.074524140,142.887877641,44.907005068,0.000132633,0.001153623,-0.000698843,0.000196536,-0.000457753,-0.000289285,0.000567478,0.000000000,0.000000000,0.000000000,0.000000000,0.000000000,0.000000000,0.000000000,0.000251800,0.000004249,-0.000249220,-0.000000021,0.000087803,0.000000065,-0.000061972,0.000000000,0.000000000,0.000000000,0.000000000,0.000000000,0.000000000,0.000000000,0.290821230,0.117026910,-0.316015899,0.283158719,0.800172841,0.434480039,0.070364024
10.101000000,0,10.101000000,sample,0.215271351,0.000002099,0.000000000,0.000000000,0.000000000,0.000000000,0.000000000,0,0,2.000000000,0.080000000,0.000000000,-0.000000000,0.000260990,0.000000000,0.001436254,0.000000000,0.000000000,0.000000000,0.001604219,0.162689522,7,45.528964166,0,0.000000000,0.785220833,0.830070428,0.789279129,0.830250749,0.802442576,0.035101971,1.560571450,0.726136228,1.393961042,0.000521979,1.393960381,2.000000000,0.000000000,0.000000000,0.000000000,1.000000000,1.711271130,1.006427669,1.052611478,0.000000000,1.748464306,1.020430283,1.055356502,1,0,0,0.000000000,0.160219904,-0.333561808,0.692558921,0.821036968,-0.063696124,-0.104201804,5.105040452,12.226292574,-4.561019298,-130.900851380,-0.074442644,142.887723514,44.906667018,-0.000993552,-0.000086566,-0.000416697,-0.000302694,-0.000193638,-0.000323152,-0.001082450,0.000000000,0.000000000,0.000000000,0.000000000,0.000000000,0.000000000,0.000000000,-0.000177496,-0.000002995,0.000175678,0.000000015,-0.000061892,-0.000000046,0.000043684,0.000000000,0.000000000,0.000000000,0.000000000,0.000000000,0.000000000,0.000000000,0.289402228,0.112202891,-0.321890987,0.273808351,0.800080658,0.433541197,0.070540315
10.151000000,0,10.151000000,sample,0.215271345,-0.000000128,0.000000000,0.000000000,0.000000000,0.000000000,0.000000000,0,0,2.000000000,0.080000000,0.000000000,0.000000000,0.000870773,0.000000000,0.002718100,0.000000000,0.000000000,0.000000000,0.004936347,0.176400240,5,98.793336271,0,0.000000000,0.783867777,0.829976956,0.788418375,0.830113268,0.246849463,0.282773489,1.572861040,0.697460028,1.360849433,0.001741545,1.360850015,2.000000000,0.000000000,0.000000000,0.000000000,1.000000000,1.762221621,1.016874387,1.055643799,0.000000000,1.762221621,1.017283740,1.055975764,1,0,0,0.000000000,0.159219760,-0.335237086,0.690444680,0.820962957,-0.063453548,-0.104188382,5.105091387,12.226099726,-4.560907638,-130.900798118,-0.074387077,142.887720247,44.906795244,-0.000269235,0.000216345,0.000183392,0.000317475,0.004906474,-0.000188957,-0.000067923,0.000000000,0.000000000,0.000000000,0.000000000,0.000000000,0.000000000,0.000000000,0.000592204,0.000009993,-0.000586138,-0.000000050,0.000206495,0.000000153,-0.000145747,0.000000000,0.000000000,0.000000000,0.000000000,0.000000000,0.000000000,0.000000000,0.296352057,0.125522007,-0.317765377,0.279642485,0.798784839,0.434179693,0.071130407
10.201000000,0,10.201000000,sample,0.215271469,0.000002492,0.000000000,0.000000000,0.000000000,0.000000000,0.000000000,0,0,2.000000000,0.080000000,0.000000000,0.000000000,0.000071026,0.000000000,0.004002764,0.000000000,0.000000000,0.000000000,0.000735132,0.096616140,2,38.902714455,0,0.000000000,0.787650871,0.829848567,0.789981843,0.830112451,0.267943512,0.026650836,1.588229956,0.724856016,1.408723071,0.000142051,1.408723052,2.000000000,0.000000000,0.000000000,0.000000000,1.000000000,1.725395009,1.008914847,1.057356879,0.000000000,1.770224457,1.021085561,1.059949761,1,0,0,0.000000000,0.160104774,-0.335877744,0.694223665,0.820849693,-0.063672524,-0.103924186,5.105145822,12.226499795,-4.560907638,-130.900865488,-0.074142875,142.887965065,44.906923469,0.000051230,0.000458517,0.000045759,-0.000137530,0.000016343,0.000432647,-0.000345106,0.000000000,0.000000000,0.000000000,0.000000000,0.000000000,0.000000000,0.000000000,0.000048304,0.000000815,-0.000047809,-0.000000004,0.000016844,0.000000012,-0.000011888,0.000000000,0.000000000,0.000000000,0.000000000,0.000000000,0.000000000,0.000000000,0.284879440,0.108091641,-0.331255619,0.288708727,0.798291661,0.435478772,0.071896589
10.251000000,0,10.251000000,sample,0.215271351,-0.000002368,0.000000000,0.000000000,0.000000000,0.000000000,0.000000000,0,0,2.000000000,0.080000000,0.000000000,0.000000000,0.000572174,0.000000000,0.001973263,0.000000000,0.000000000,0.000000000,0.001473814,0.388226513,7,32.677457936,0,0.000000000,0.783983931,0.829936800,0.788824128,0.830158729,0.229946411,0.054998100,1.561912342,0.724046704,1.385668847,0.001144347,1.385669201,2.000000000,0.000000000,0.000000000,0.000000000,1.000000000,1.710171641,1.001680314,1.057687427,0.000000000,1.722684469,1.012298451,1.058112852,1,0,0,0.000000000,0.159773465,-0.335101226,0.690514600,0.820941811,-0.063530922,-0.103987776,5.105186595,12.226059394,-4.561019298,-130.900851322,-0.074315839,142.887652452,44.906923469,0.000511521,-0.000602705,-0.000542745,-0.000263275,0.000029495,-0.000687508,0.000842494,0.000000000,0.000000000,0.000000000,0.000000000,0.000000000,0.000000000,0.000000000,0.000389129,0.000006567,-0.000385144,-0.000000033,0.000135685,0.000000101,-0.000095768,0.000000000,0.000000000,0.000000000,0.000000000,0.000000000,0.000000000,0.000000000,0.295717594,0.104253460,-0.322108226,0.285410446,0.799968709,0.436262581,0.069980044
10.301000000,0,10.301000000,sample,0.215271383,0.000000636,0.000000000,0.000000000,0.000000000,0.000000000,0.000000000,0,0,2.000000000,0.080000000,0.000000000,0.000000000,0.000150706,0.000000000,0.001421664,0.000000000,0.000000000,0.000000000,0.001173293,0.128447183,4,57.656235600,0,0.000000000,0.786625589,0.829806068,0.790378378,0.829986564,0.873103680,0.082502398,1.555234363,0.723023237,1.366115686,0.000301412,1.366115833,2.000000000,0.000000000,0.000000000,0.000000000,1.000000000,1.726458064,1.006322379,1.056954464,0.000000000,1.760914617,1.019934760,1.059361938,1,0,0,0.000000000,0.159529202,-0.337273831,0.692514703,0.820801524,-0.063624542,-0.103994649,5.105188100,12.226359565,-4.560811911,-130.900755613,-0.074114645,142.887763819,44.906964268,0.000349203,-0.000393552,0.000507375,0.000890901,-0.000022697,-0.000003910,0.000219373,0.000000000,0.000000000,0.000000000,0.000000000,0.000000000,0.000000000,0.000000000,-0.000102494,-0.000001730,0.000101444,0.000000009,-0.000035739,-0.000000026,0.000025225,0.000000000,0.000000000,0.000000000,0.000000000,0.000000000,0.000000000,0.000000000,0.291014248,0.105521245,-0.318609997,0.291584789,0.798961502,0.437346958,0.071992014
10.351000000,0,10.351000000,sample,0.215271474,0.000001839,0.000000000,0.000000000,0.000000000,0.000000000,0.000000000,0,0,2.000000000,0.080000000,0.000000000,0.000000000,0.001201560,0.000000000,0.001521753,0.000000000,0.000000000,0.000000000,0.001884740,0.637520423,5,59.896712744,0,0.000000000,0.785953373,0.829814739,0.789121401,0.829922828,0.606331179,0.054924518,1.575484690,0.717319589,1.387379658,0.002403120,1.387381303,2.000000000,0.000000000,0.000000000,0.000000000,1.000000000,1.718511997,1.000952482,1.054716418,0.000000000,1.735005994,1.009326149,1.056513780,1,0,0,0.000000000,0.160069186,-0.337246132,0.691639796,0.820803691,-0.063585744,-0.104070432,5.105282302,12.226170298,-4.560907638,-130.900883110,-0.074110124,142.887740633,44.906882670,0.001019988,0.000030438,-0.000135175,0.000432149,0.001458656,0.000007310,-0.000422121,0.000000000,0.000000000,0.000000000,0.000000000,0.000000000,0.000000000,0.000000000,0.000817168,0.000013789,-0.000808798,-0.000000069,0.000284940,0.000000211,-0.000201114,0.000000000,0.000000000,0.000000000,0.000000000,0.000000000,0.000000000,0.000000000,0.293143857,0.108059447,-0.318882137,0.283530573,0.798130988,0.436514490,0.071994300
10.401000000,0,10.401000000,sample,0.215271446,-0.000000568,0.000000000,0.000000000,0.000000000,0.000000000,0.000000000,0,0,2.000000000,0.080000000,0.000000000,0.000000000,0.000155557,0.000000000,0.004923369,0.000000000,0.000000000,0.000000000,0.001383628,0.112426771,7,92.614599540,0,0.000000000,0.786485149,0.829839488,0.788818797,0.829876335,0.214656042,0.075752149,1.581668084,0.725878986,1.412605546,0.000311114,1.412605615,2.000000000,0.000000000,0.000000000,0.000000000,1.000000000,1.751061914,1.010841126,1.056979791,0.000000000,1.756487596,1.062823496,1.063779891,1,0,0,0.000000000,0.160356489,-0.335422263,0.693063195,0.820819647,-0.063734651,-0.104050846,5.105090362,12.226346017,-4.560907638,-130.900853077,-0.074112385,142.887739879,44.906713646,-0.000074115,0.000256549,0.000024946,-0.000185666,-0.000013114,0.000186578,-0.001331555,0.000000000,0.000000000,0.000000000,0.000000000,0.000000000,0.000000000,0.000000000,0.000105792,0.000001785,-0.000104709,-0.000000009,0.000036890,0.000000027,-0.000026037,0.000000000,0.000000000,0.000000000,0.000000000,0.000000000,0.000000000,0.000000000,0.300030459,0.117663678,-0.315092797,0.286132509,0.798600895,0.435195415,0.070919251
10.451000000,0,10.451000000,sample,0.215271077,-0.000007380,0.000000000,0.000000000,0.000000000,0.000000000,0.000000000,0,0,2.000000000,0.080000000,0.000000000,0.000000000,0.000029255,0.000000000,0.001503722,0.000000000,0.000000000,0.000000000,0.001251247,0.023380482,2,39.705132227,0,0.000000000,0.781458366,0.829732850,0.790320653,0.829924273,0.970565676,0.105829494,1.517988790,0.723569957,1.326179937,0.000058510,1.326180816,2.000000000,0.000000000,0.000000000,0.000000000,1.000000000,1.684558735,0.991605148,1.054309687,0.000000000,1.745705044,1.011916744,1.058009914,1,0,0,0.000000000,0.157521798,-0.333594797,0.688896634,0.820801749,-0.063175532,-0.103681934,5.105090890,12.226060406,-4.561115007,-130.900643952,-0.074056093,142.887801619,44.906836043,-0.000271310,-0.000788436,-0.000379682,0.000777233,-0.000223041,0.000140993,0.000229137,0.000000000,0.000000000,0.000000000,0.000000000,0.000000000,0.000000000,0.000000000,-0.000019896,-0.000000336,0.000019692,0.000000002,-0.000006937,-0.000000005,0.000004897,0.000000000,0.000000000,0.000000000,0.000000000,0.000000000,0.000000000,0.000000000,0.299936366,0.096729527,-0.319037236,0.285659931,0.797310744,0.434219993,0.067916950
10.501000000,0,10.501000000,sample,0.215271522,0.000008896,0.000000000,0.000000000,0.000000000,0.000000000,0.000000000,0,0,2.000000000,0.080000000,0.000000000,0.000000000,0.000476631,0.000000000,0.001417594,0.000000000,0.000000000,0.000000000,0.001861547,0.256040374,2,43.288122609,0,0.000000000,0.784214721,0.829533363,0.789781703,0.829807374,1.126194847,0.081917182,1.559103376,0.721079759,1.374020364,0.000953262,1.374020218,2.000000000,0.000000000,0.000000000,0.000000000,1.000000000,1.735581906,1.003172709,1.055426671,0.000000000,1.735581906,1.012183377,1.055434813,1,0,0,0.000000000,0.158756802,-0.336897648,0.690136930,0.820604130,-0.063248912,-0.103605201,5.105090883,12.226060443,-4.560793800,-130.900851380,-0.073837752,142.887936852,44.907051694,0.000532561,-0.001224781,0.001084720,0.000023609,0.000089003,-0.000136967,0.000691224,0.000000000,0.000000000,0.000000000,0.000000000,0.000000000,0.000000000,0.000000000,-0.000324152,-0.000005470,0.000320832,0.000000027,-0.000113029,-0.000000083,0.000079777,0.000000000,0.000000000,0.000000000,0.000000000,0.000000000,0.000000000,0.000000000,0.302639611,0.111580934,-0.309389081,0.286751864,0.797796573,0.436429175,0.070614358
10.551000000,0,10.551000000,sample,0.215271368,-0.000003071,0.000000000,0.000000000,0.000000000,0.000000000,0.000000000,0,0,2.000000000,0.080000000,0.000000000,0.000000000,0.000550997,0.000000000,0.001637049,0.000000000,0.000000000,0.000000000,0.001581100,0.348489592,7,47.668341499,0,0.000000000,0.786509939,0.829617020,0.789888912,0.829813787,0.496536723,0.090904691,1.585015895,0.724410184,1.397857333,0.001101994,1.397857337,2.000000000,0.000000000,0.000000000,0.000000000,1.000000000,1.680248800,0.980651561,1.051808036,0.000000000,1.751750395,1.013451105,1.057904290,1,0,0,0.000000000,0.159712877,-0.334931671,0.693477078,0.820661953,-0.063697060,-0.103542468,5.104994988,12.226471093,-4.560894039,-130.900755615,-0.073838476,142.887802840,44.906923552,-0.000504273,0.000973150,-0.000001016,0.000268626,-0.000156796,0.000100846,0.001091628,0.000000000,0.000000000,0.000000000,0.000000000,0.000000000,0.000000000,0.000000000,-0.000374727,-0.000006324,0.000370888,0.000000032,-0.000130667,-0.000000096,0.000092227,0.000000000,0.000000000,0.000000000,0.000000000,0.000000000,0.000000000,0.000000000,0.298464979,0.099052156,-0.317730268,0.278347361,0.796078315,0.435786724,0.072985910
10.601000000,0,10.601000000,sample,0.215271219,-0.000002985,0.000000000,0.000000000,0.000000000,0.000000000,0.000000000,0,0,2.000000000,0.080000000,0.000000000,0.000000000,0.000894641,0.000000000,0.002309510,0.000000000,0.000000000,0.000000000,0.004109194,0.217716937,5,85.850040393,0,0.000000000,0.783978959,0.829583515,0.789605292,0.829687921,0.671303573,0.262241018,1.563247965,0.701776325,1.340189830,0.001789282,1.340190868,2.000000000,0.000000000,0.000000000,0.000000000,1.000000000,1.707818089,0.988255460,1.056465669,0.000000000,1.718327790,0.991823047,1.057485669,1,0,0,0.000000000,0.157433592,-0.336211457,0.690506719,0.820664121,-0.063176334,-0.103575865,5.105140765,12.226263837,-4.560907638,-130.900643959,-0.073872693,142.888003005,44.907051694,0.000426429,-0.000098318,0.000107341,0.000601551,0.003807386,0.000139163,0.001343513,0.000000000,0.000000000,0.000000000,0.000000000,0.000000000,0.000000000,0.000000000,0.000608435,0.000010267,-0.000602203,-0.000000051,0.000212159,0.000000156,-0.000149744,0.000000000,0.000000000,0.000000000,0.000000000,0.000000000,0.000000000,0.000000000,0.300140913,0.106606633,-0.321951733,0.280601256,0.797592575,0.436638973,0.073977529
10.651000000,0,10.651000000,sample,0.215271224,0.000000093,0.000000000,0.000000000,0.000000000,0.000000000,0.000000000,0,0,2.000000000,0.080000000,0.000000000,0.000000000,0.000496059,0.000000000,0.002526647,0.000000000,0.000000000,0.000000000,0.001200118,0.413341690,4,45.779608058,0,0.000000000,0.783943598,0.829525700,0.788435432,0.829731714,0.650617154,0.089936504,1.543512306,0.721373425,1.345966322,0.000992118,1.345967310,2.000000000,0.000000000,0.000000000,0.000000000,1.000000000,1.695398548,0.988625425,1.053083168,0.000000000,1.730640174,1.000218579,1.057627875,1,0,0,0.000000000,0.158288759,-0.334542044,0.691081655,0.820619204,-0.063416789,-0.103321439,5.104954334,12.226290928,-4.560907638,-130.900643952,-0.073790142,142.887790713,44.907051694,-0.000340081,-0.000180827,0.000251736,0.000812008,0.000077976,0.000342549,0.000667670,0.000000000,0.000000000,0.000000000,0.000000000,0.000000000,0.000000000,0.000000000,-0.000337364,-0.000005693,0.000333909,0.000000028,-0.000117637,-0.000000087,0.000083030,0.000000000,0.000000000,0.000000000,0.000000000,0.000000000,0.000000000,0.000000000,0.298759875,0.105394195,-0.320219061,0.276480902,0.797050525,0.434981648,0.071681580
10.701000000,0,10.701000000,sample,0.215271491,0.000005347,0.000000000,0.000000000,0.000000000,0.000000000,0.000000000,0,0,2.000000000,0.080000000,0.000000000,0.000000000,0.000471964,0.000000000,0.001066597,0.000000000,0.000000000,0.000000000,0.001143712,0.412659721,7,49.479821484,0,0.000000000,0.783909880,0.829430471,0.789200705,0.829680708,0.266596459,0.056975088,1.567344182,0.723593181,1.386087302,0.000943928,1.386087328,2.000000000,0.000000000,0.000000000,0.000000000,1.000000000,1.720882595,0.999801590,1.056083908,0.000000000,1.725150866,1.002144005,1.056251495,1,0,0,0.000000000,0.159272890,-0.335453502,0.690375111,0.820518970,-0.063374973,-0.103378616,5.105035933,12.226058902,-4.560907638,-130.900865507,-0.073654512,142.887823078,44.906964268,-0.000372502,-0.000354261,0.000051709,-0.000590580,-0.000190402,0.000094199,0.000804509,0.000000000,0.000000000,0.000000000,0.000000000,0.000000000,0.000000000,0.000000000,-0.000320978,-0.000005416,0.000317690,0.000000027,-0.000111922,-0.000000082,0.000078996,0.000000000,0.000000000,0.000000000,0.000000000,0.000000000,0.000000000,0.000000000,0.297570384,0.109542233,-0.323074485,0.283871543,0.797140471,0.435187417,0.070600233
10.751000000,0,10.751000000,sample,0.215271366,-0.000002509,0.000000000,0.000000000,0.000000000,0.000000000,0.000000000,0,0,2.000000000,0.080000000,0.000000000,0.000000000,0.000056683,0.000000000,0.001524338,0.000000000,0.000000000,0.000000000,0.001167233,0.048561710,7,41.460027109,0,0.000000000,0.786699671,0.829610292,0.788092363,0.829672202,0.308230419,0.062468196,1.583354591,0.723899527,1.408785606,0.000113366,1.408785113,2.000000000,0.000000000,0.000000000,0.000000000,1.000000000,1.709435018,0.998585688,1.056817412,0.000000000,1.750717808,1.012940127,1.059696961,1,0,0,0.000000000,0.160021362,-0.334940829,0.693616736,0.820623705,-0.063783628,-0.103738232,5.105003537,12.226472708,-4.560907638,-130.900755613,-0.073769462,142.887720236,44.906667021,0.000140651,0.000538793,0.000336590,0.000509643,0.000234802,-0.000243570,-0.000751575,0.000000000,0.000000000,0.000000000,0.000000000,0.000000000,0.000000000,0.000000000,0.000038549,0.000000651,-0.000038154,-0.000000003,0.000013442,0.000000010,-0.000009488,0.000000000,0.000000000,0.000000000,0.000000000,0.000000000,0.000000000,0.000000000,0.295655010,0.104042617,-0.323822277,0.286222763,0.798092129,0.435817095,0.070387265
10.801000000,0,10.801000000,sample,0.215271708,0.000006849,0.000000000,0.000000000,0.000000000,0.000000000,0.000000000,0,0,2.000000000,0.080000000,0.000000000,0.000000000,0.000381752,0.000000000,0.001051644,0.000000000,0.000000000,0.000000000,0.001737503,0.219712962,4,80.239181522,0,0.000000000,0.785593811,0.829402919,0.788950192,0.829639657,0.840072817,0.091719623,1.597077698,0.723522074,1.427580463,0.000763504,1.427581142,2.000000000,0.000000000,0.000000000,0.000000000,1.000000000,1.712231633,0.998365489,1.057258590,0.000000000,1.712231633,0.999317066,1.057844171,1,0,0,0.000000000,0.160952641,-0.335948204,0.691657927,0.820478940,-0.063613385,-0.103328829,5.105086102,12.226058883,-4.560907638,-130.901042740,-0.073583447,142.887760960,44.907005067,-0.000271015,-0.000290126,0.000140115,-0.001556391,0.000028258,-0.000114729,0.000636669,0.000000000,0.000000000,0.000000000,0.000000000,0.000000000,0.000000000,0.000000000,-0.000259626,-0.000004381,0.000256966,0.000000022,-0.000090529,-0.000000067,0.000063896,0.000000000,0.000000000,0.000000000,0.000000000,0.000000000,0.000000000,0.000000000,0.297232942,0.109665870,-0.326955453,0.278382545,0.799008817,0.435450911,0.070656969
10.851000000,0,10.851000000,sample,0.215271246,-0.000009237,0.000000000,0.000000000,0.000000000,0.000000000,0.000000000,0,0,2.000000000,0.080000000,0.000000000,0.000000000,0.000063055,0.000000000,0.001575828,0.000000000,0.000000000,0.000000000,0.001495653,0.042158760,4,86.615840970,0,0.000000000,0.784371215,0.829379976,0.789814613,0.829555636,1.078394700,0.112591132,1.527860500,0.721830448,1.332648240,0.000126110,1.332649791,2.000000000,0.000000000,0.000000000,0.000000000,1.000000000,1.732674546,1.007710226,1.056297378,0.000000000,1.750600524,1.017868351,1.058707018,1,0,0,0.000000000,0.158136674,-0.336410265,0.690694670,0.820453997,-0.063366244,-0.103494455,5.105125936,12.226250301,-4.560907638,-130.900643952,-0.073522304,142.887801425,44.906836043,-0.000030882,-0.000417272,-0.000012116,0.001391969,0.000137626,0.000150453,-0.000287415,0.000000000,0.000000000,0.000000000,0.000000000,0.000000000,0.000000000,0.000000000,0.000042883,0.000000724,-0.000042444,-0.000000004,0.000014953,0.000000011,-0.000010554,0.000000000,0.000000000,0.000000000,0.000000000,0.000000000,0.000000000,0.000000000,0.290515692,0.112905475,-0.325706590,0.284083794,0.797972115,0.435847403,0.071458366
10.901000000,0,10.901000000,sample,0.215271655,0.000008181,0.000000000,0.000000000,0.000000000,0.000000000,0.000000000,0,0,2.000000000,0.080000000,0.000000000,0.000000000,0.000180607,0.000000000,0.001497141,0.000000000,0.000000000,0.000000000,0.001854783,0.097373636,7,35.457938004,0,0.000000000,0.785897947,0.829393527,0.790354752,0.829587138,0.885782926,0.144412102,1.597416327,0.724758651,1.435938902,0.000361214,1.435939538,2.000000000,0.000000000,0.000000000,0.000000000,1.000000000,1.675547050,0.977696206,1.054001836,0.000000000,1.734767761,1.008133936,1.055747735,1,0,0,0.000000000,0.160562958,-0.336158776,0.691991616,0.820429120,-0.063643757,-0.103629886,5.105003038,12.226159104,-4.560811929,-130.900947031,-0.073522276,142.887739879,44.906667018,0.000715541,-0.000505405,0.000757296,-0.000931876,0.000103809,-0.000017009,-0.001104460,0.000000000,0.000000000,0.000000000,0.000000000,0.000000000,0.000000000,0.000000000,0.000122829,0.000002073,-0.000121571,-0.000000010,0.000042829,0.000000031,-0.000030230,0.000000000,0.000000000,0.000000000,0.000000000,0.000000000,0.000000000,0.000000000,0.303795439,0.095611931,-0.314281596,0.280927649,0.797568483,0.436291146,0.072992097
10.951000000,0,10.951000000,sample,0.215271317,-0.000006766,0.000000000,0.000000000,0.000000000,0.000000000,0.000000000,0,0,2.000000000,0.080000000,0.000000000,0.000000000,0.000097995,0.000000000,0.003229187,0.000000000,0.000000000,0.000000000,0.001092520,0.089695976,1,52.187188477,0,0.000000000,0.783742765,0.829385383,0.786705399,0.829457885,0.681929181,0.078919534,1.556907071,0.722053921,1.374281249,0.000195989,1.374281118,2.000000000,0.000000000,0.000000000,0.000000000,1.000000000,1.774750939,1.011847614,1.055327814,0.000000000,1.783683154,1.017582606,1.068976492,1,0,0,0.000000000,0.159386141,-0.332521745,0.691576510,0.820479272,-0.063579293,-0.103206355,5.104826722,12.226250469,-4.561019298,-130.900755559,-0.073522276,142.887702250,44.906713636,-0.000789244,0.000347690,-0.000487894,0.000258667,0.000333145,-0.000084273,-0.000163612,0.000000000,0.000000000,0.000000000,0.000000000,0.000000000,0.000000000,0.000000000,-0.000066645,-0.000001125,0.000065962,0.000000006,-0.000023239,-0.000000017,0.000016402,0.000000000,0.000000000,0.000000000,0.000000000,0.000000000,0.000000000,0.000000000,0.299852392,0.130654335,-0.318481370,0.277330887,0.795626054,0.436090301,0.072086132
11.001000000,0,11.001000000,sample,0.215271434,0.000002348,0.000000000,0.000000000,0.000000000,0.000000000,0.000000000,0,0,2.000000000,0.080000000,0.000000000,0.000000000,0.000173089,0.000000000,0.003078888,0.000000000,0.000000000,0.000000000,0.001151100,0.150368435,7,38.341963850,0,0.000000000,0.785001186,0.829314212,0.789058139,0.829513435,0.637539383,0.043522093,1.565486165,0.723129718,1.376994088,0.000346178,1.376993846,2.000000000,0.000000000,0.000000000,0.000000000,1.000000000,1.691135407,0.979505140,1.056798406,0.000000000,1.771484893,1.045885978,1.060650899,1,0,0,0.000000000,0.159115188,-0.336231915,0.691272246,0.820403035,-0.063490934,-0.103294842,5.105003031,12.226223636,-4.560811929,-130.900755613,-0.073471783,142.887762393,44.906964268,0.000417499,-0.000059757,0.000467644,0.000641478,-0.000093704,0.000012101,0.000712771,0.000000000,0.000000000,0.000000000,0.000000000,0.000000000,0.000000000,0.000000000,-0.000117716,-0.000001986,0.000116510,0.000000010,-0.000041047,-0.000000030,0.000028971,0.000000000,0.000000000,0.000000000,0.000000000,0.000000000,0.000000000,0.000000000,0.313378594,0.097650303,-0.308051035,0.285607515,0.797936399,0.436786090,0.071620301
11.051000000,0,11.051000000,sample,0.215271447,0.000000249,0.000000000,0.000000000,0.000000000,0.000000000,0.000000000,0,0,2.000000000,0.080000000,0.000000000,0.000000000,0.000063958,0.000000000,0.001452831,0.000000000,0.000000000,0.000000000,0.000678395,0.094279006,7,70.329902370,0,0.000000000,0.783825072,0.829211947,0.786881527,0.829390421,0.192552550,0.045651889,1.566967020,0.724291681,1.385846473,0.000127917,1.385846483,2.000000000,0.000000000,0.000000000,0.000000000,1.000000000,1.740081572,0.999038300,1.059005738,0.000000000,1.745504202,1.005161302,1.059005738,1,0,0,0.000000000,0.159507863,-0.333477778,0.691181276,0.820353214,-0.063474707,-0.102878658,5.104907323,12.226154592,-4.561019298,-130.900851322,-0.073325653,142.887803599,44.906964268,-0.000010504,0.000131646,-0.000294246,0.000032661,-0.000140116,-0.000108751,0.000568922,0.000000000,0.000000000,0.000000000,0.000000000,0.000000000,0.000000000,0.000000000,0.000043497,0.000000734,-0.000043052,-0.000000004,0.000015167,0.000000011,-0.000010705,0.000000000,0.000000000,0.000000000,0.000000000,0.000000000,0.000000000,0.000000000,0.308633896,0.111879118,-0.312632574,0.289489406,0.797974979,0.436181232,0.071832849
11.101000000,0,11.101000000,sample,0.215271570,0.000002462,0.000000000,0.000000000,0.000000000,0.000000000,0.000000000,0,0,2.000000000,0.080000000,0.000000000,0.000000000,0.000710634,0.000000000,0.001728042,0.000000000,0.000000000,0.000000000,0.001107822,0.641469677,4,41.239760966,0,0.000000000,0.787210796,0.829294679,0.788153290,0.829437486,0.247175146,0.018889008,1.580677689,0.725114531,1.405181137,0.001421269,1.405182029,2.000000000,0.000000000,0.000000000,0.000000000,1.000000000,1.712867130,1.000508401,1.054108100,0.000000000,1.759589691,1.013291265,1.060327211,1,0,0,0.000000000,0.161024500,-0.335166639,0.693855368,0.820376589,-0.063801986,-0.103156307,5.105098722,12.226372106,-4.561019296,-130.900947031,-0.073330919,142.887788174,44.906882670,0.000527830,-0.000287432,-0.000513269,-0.000711423,-0.000078630,0.000249499,-0.000167472,0.000000000,0.000000000,0.000000000,0.000000000,0.000000000,0.000000000,0.000000000,0.000483294,0.000008156,-0.000478344,-0.000000040,0.000168524,0.000000123,-0.000118946,0.000000000,0.000000000,0.000000000,0.000000000,0.000000000,0.000000000,0.000000000,0.294517968,0.113040638,-0.321739798,0.273747431,0.800030602,0.433425967,0.072551240
11.151000000,0,11.151000000,sample,0.215271148,-0.000008444,0.000000000,0.000000000,0.000000000,0.000000000,0.000000000,0,0,2.000000000,0.080000000,0.000000000,0.000000000,0.001062360,0.000000000,0.004336963,0.000000000,0.000000000,0.000000000,0.001806396,0.588110180,3,53.017270658,0,0.000000000,0.781276731,0.829167111,0.787551385,0.829310201,0.949064708,0.066484543,1.520877557,0.722862395,1.338656879,0.002124720,1.338659462,2.000000000,0.000000000,0.000000000,0.000000000,1.000000000,1.736045621,1.001004119,1.056906240,0.000000000,1.736045621,1.034613939,1.072624277,1,0,0,0.000000000,0.157912972,-0.332644577,0.689060527,0.820316522,-0.063282598,-0.102928207,5.104902800,12.226058883,-4.561115007,-130.900643952,-0.073247614,142.887694013,44.906754445,-0.000004800,-0.000512693,-0.001315290,0.000720864,0.000268679,-0.000377231,-0.000732164,0.000000000,0.000000000,0.000000000,0.000000000,0.000000000,0.000000000,0.000000000,0.000722500,0.000012193,-0.000715100,-0.000000060,0.000251928,0.000000184,-0.000177813,0.000000000,0.000000000,0.000000000,0.000000000,0.000000000,0.000000000,0.000000000,0.303470953,0.118458729,-0.318673001,0.277195088,0.799105009,0.434400764,0.072534627
11.201000000,0,11.201000000,sample,0.215271462,0.000006291,0.000000000,0.000000000,0.000000000,0.000000000,0.000000000,0,0,2.000000000,0.080000000,0.000000000,0.000000000,0.000681002,0.000000000,0.001155590,0.000000000,0.000000000,0.000000000,0.001379012,0.493833104,7,64.183395843,0,0.000000000,0.785508141,0.829225173,0.787014377,0.829270464,0.385020937,0.019905371,1.570898529,0.724393289,1.394788421,0.001362003,1.394789113,2.000000000,0.000000000,0.000000000,0.000000000,1.000000000,1.729413105,0.992037484,1.058423751,0.000000000,1.752287526,1.001402124,1.058423751,1,0,0,0.000000000,0.160081803,-0.333502927,0.692944914,0.820322241,-0.063664284,-0.103114827,5.104907322,12.226346010,-4.561019298,-130.900851322,-0.073247530,142.887807692,44.906667046,0.000014527,0.000282533,-0.000654170,-0.000117107,0.000179447,0.000356687,-0.001104789,0.000000000,0.000000000,0.000000000,0.000000000,0.000000000,0.000000000,0.000000000,0.000463141,0.000007816,-0.000458397,-0.000000039,0.000161496,0.000000118,-0.000113986,0.000000000,0.000000000,0.000000000,0.000000000,0.000000000,0.000000000,0.000000000,0.312822904,0.112835868,-0.314173093,0.282065801,0.797558245,0.436151071,0.071259922
11.251000000,0,11.251000000,sample,0.215271685,0.000004454,0.000000000,0.000000000,0.000000000,0.000000000,0.000000000,0,0,2.000000000,0.080000000,0.000000000,0.000000000,0.000321051,0.000000000,0.001107170,0.000000000,0.000000000,0.000000000,0.001848238,0.173706520,4,61.350105620,0,0.000000000,0.784905571,0.829145175,0.787965961,0.829301297,1.124456091,0.139319363,1.536813815,0.720117728,1.336144090,0.000642102,1.336145429,2.000000000,0.000000000,0.000000000,0.000000000,1.000000000,1.748950041,1.007529263,1.045161372,0.000000000,1.748950041,1.007529263,1.059179017,1,0,0,0.000000000,0.159309606,-0.335576517,0.691437348,0.820255460,-0.063303743,-0.103224696,5.104907320,12.226154592,-4.560811929,-130.900945569,-0.073240074,142.888073323,44.906754445,-0.000186644,-0.000124920,0.000537513,0.001447657,0.000353062,0.000772157,-0.000509934,0.000000000,0.000000000,0.000000000,0.000000000,0.000000000,0.000000000,0.000000000,-0.000218343,-0.000003684,0.000216107,0.000000018,-0.000076135,-0.000000056,0.000053737,0.000000000,0.000000000,0.000000000,0.000000000,0.000000000,0.000000000,0.000000000,0.296320057,0.143589484,-0.317824497,0.242317731,0.796115358,0.430563809,0.070877545
11.301000000,0,11.301000000,sample,0.215271470,-0.000004295,0.000000000,0.000000000,0.000000000,0.000000000,0.000000000,0,0,2.000000000,0.080000000,0.000000000,0.000000000,0.000140300,0.000000000,0.003332603,0.000000000,0.000000000,0.000000000,0.000806735,0.173910921,3,41.661961867,0,0.000000000,0.785317134,0.829054390,0.787348429,0.829284463,0.481634049,0.076324425,1.578846794,0.725382080,1.401131180,0.000280600,1.401130859,2.000000000,0.000000000,0.000000000,0.000000000,1.000000000,1.735090108,0.999426077,1.058107338,0.000000000,1.758528848,1.043180595,1.065619220,1,0,0,0.000000000,0.159100786,-0.336541852,0.691483567,0.820176811,-0.063489829,-0.103005937,5.104996473,12.226250301,-4.560811929,-130.900755613,-0.073092154,142.887789755,44.906943707,0.000363331,0.000175178,0.000520716,0.000268540,-0.000300781,0.000129931,-0.000193687,0.000000000,0.000000000,0.000000000,0.000000000,0.000000000,0.000000000,0.000000000,-0.000095416,-0.000001610,0.000094439,0.000000008,-0.000033271,-0.000000024,0.000023483,0.000000000,0.000000000,0.000000000,0.000000000,0.000000000,0.000000000,0.000000000,0.305800611,0.112653176,-0.313577254,0.284688097,0.798781742,0.436803998,0.071821834
11.351000000,0,11.351000000,sample,0.215271686,0.000004306,0.000000000,0.000000000,0.000000000,0.000000000,0.000000000,0,0,2.000000000,0.080000000,0.000000000,0.000000000,0.000199438,0.000000000,0.001333252,0.000000000,0.000000000,0.000000000,0.001020029,0.195522138,3,43.068095327,0,0.000000000,0.786426901,0.829160077,0.787716387,0.829311828,0.660726449,0.063917374,1.590181770,0.724998078,1.415533537,0.000398876,1.415533624,2.000000000,0.000000000,0.000000000,0.000000000,1.000000000,1.703869328,0.991314850,1.049753081,0.000000000,1.751863444,1.006244188,1.071196236,1,0,0,0.000000000,0.160761781,-0.335623275,0.692805844,0.820265055,-0.063709819,-0.103018111,5.104917120,12.226250302,-4.560811929,-130.900947013,-0.073235095,142.887761710,44.906964268,0.000549230,-0.000144244,0.000669407,-0.000288925,-0.000279729,-0.000050857,0.000324932,0.000000000,0.000000000,0.000000000,0.000000000,0.000000000,0.000000000,0.000000000,-0.000135636,-0.000002289,0.000134246,0.000000011,-0.000047295,-0.000000035,0.000033382,0.000000000,0.000000000,0.000000000,0.000000000,0.000000000,0.000000000,0.000000000,0.297660308,0.125113933,-0.326679148,0.248669583,0.798666879,0.431302692,0.072661904
11.401000000,0,11.401000000,sample,0.215271575,-0.000002209,0.000000000,0.000000000,0.000000000,0.000000000,0.000000000,0,0,2.000000000,0.080000000,0.000000000,0.000000000,0.000083129,0.000000000,0.001395346,0.000000000,0.000000000,0.000000000,0.001354859,0.061356041,7,38.884682036,0,0.000000000,0.783230038,0.829082084,0.786135891,0.829229035,0.479979998,0.109729999,1.549883823,0.720862066,1.360196616,0.000166258,1.360195828,2.000000000,0.000000000,0.000000000,0.000000000,1.000000000,1.763851445,1.008629641,1.059941978,0.000000000,1.764151514,1.014063916,1.066882135,1,0,0,0.000000000,0.159757934,-0.331063453,0.691609488,0.820277107,-0.063430517,-0.102465303,5.104634517,12.226154592,-4.561019298,-130.900947030,-0.073200134,142.887944841,44.907005067,-0.000410522,-0.000626060,-0.000437075,-0.000483076,0.000212417,0.000303087,0.000844857,0.000000000,0.000000000,0.000000000,0.000000000,0.000000000,0.000000000,0.000000000,-0.000056535,-0.000000954,0.000055956,0.000000005,-0.000019713,-0.000000014,0.000013914,0.000000000,0.000000000,0.000000000,0.000000000,0.000000000,0.000000000,0.000000000,0.304058149,0.125103639,-0.321042366,0.280039789,0.798695256,0.436776262,0.072087575
11.451000000,0,11.451000000,sample,0.215271366,-0.000004185,0.000000000,0.000000000,0.000000000,0.000000000,0.000000000,0,0,2.000000000,0.080000000,0.000000000,0.000000000,0.000752787,0.000000000,0.001595671,0.000000000,0.000000000,0.000000000,0.001754271,0.429116524,3,35.741117171,0,0.000000000,0.784636881,0.829035086,0.788621587,0.829186751,0.780446577,0.108689138,1.540246786,0.724112776,1.340246610,0.001505573,1.340248285,2.000000000,0.000000000,0.000000000,0.000000000,1.000000000,1.716173456,0.997022044,1.058754050,0.000000000,1.781531388,1.019955695,1.061052379,1,0,0,0.000000000,0.159296511,-0.333154307,0.692306192,0.820202526,-0.063564883,-0.102598712,5.104846353,12.226346010,-4.561019298,-130.900755613,-0.073048722,142.887808414,44.906964268,0.000285094,0.000236364,-0.001048771,0.001016032,-0.000164845,0.000585963,0.000661479,0.000000000,0.000000000,0.000000000,0.000000000,0.000000000,0.000000000,0.000000000,0.000511962,0.000008640,-0.000506718,-0.000000043,0.000178520,0.000000130,-0.000126001,0.000000000,0.000000000,0.000000000,0.000000000,0.000000000,0.000000000,0.000000000,0.300887619,0.105884672,-0.320872950,0.285909988,0.799105119,0.436895933,0.071163170
11.501000000,0,11.501000000,sample,0.215271536,0.000003408,0.000000000,0.000000000,0.000000000,0.000000000,0.000000000,0,0,2.000000000,0.080000000,0.000000000,0.000000000,0.000461233,0.000000000,0.001128065,0.000000000,0.000000000,0.000000000,0.000877422,0.525668502,7,42.181449661,0,0.000000000,0.784741415,0.828992322,0.787198069,0.829216324,0.361261009,0.017243040,1.571073611,0.722174005,1.385445570,0.000922466,1.385445786,2.000000000,0.000000000,0.000000000,0.000000000,1.000000000,1.737865812,1.000975530,1.060187475,0.000000000,1.758045773,1.013509273,1.061250389,1,0,0,0.000000000,0.159876835,-0.334429347,0.691675862,0.820146500,-0.063579051,-0.102692222,5.104861359,12.226195219,-4.560907638,-130.900851322,-0.073013751,142.887740878,44.906964268,0.000003947,0.000079610,0.000560869,0.000350731,0.000034181,-0.000004357,0.000569861,0.000000000,0.000000000,0.000000000,0.000000000,0.000000000,0.000000000,0.000000000,-0.000313680,-0.000005293,0.000310467,0.000000026,-0.000109378,-0.000000080,0.000077200,0.000000000,0.000000000,0.000000000,0.000000000,0.000000000,0.000000000,0.000000000,0.303130690,0.107034275,-0.318210222,0.298395426,0.797850670,0.434052124,0.073405841
11.551000000,0,11.551000000,sample,0.215271345,-0.000003816,0.000000000,0.000000000,0.000000000,0.000000000,0.000000000,0,0,2.000000000,0.080000000,0.000000000,0.000000000,0.000171530,0.000000000,0.001518726,0.000000000,0.000000000,0.000000000,0.001334316,0.128552643,4,55.357358928,0,0.000000000,0.784198362,0.828970562,0.787793159,0.829152003,0.964823380,0.090981378,1.551077957,0.721661110,1.357438560,0.000343060,1.357438593,2.000000000,0.000000000,0.000000000,0.000000000,1.000000000,1.693279500,0.991291238,1.054947139,0.000000000,1.924863689,1.075724067,1.059949158,1,0,0,0.000000000,0.157933315,-0.336157498,0.690667992,0.820128237,-0.063309572,-0.102828815,5.104943736,12.226254815,-4.560811929,-130.900643952,-0.073013751,142.887862461,44.907007315,0.000411247,-0.000314568,0.000584820,0.000992765,0.000049813,0.000167365,0.000392726,0.000000000,0.000000000,0.000000000,0.000000000,0.000000000,0.000000000,0.000000000,-0.000116656,-0.000001969,0.000115461,0.000000010,-0.000040677,-0.000000030,0.000028710,0.000000000,0.000000000,0.000000000,0.000000000,0.000000000,0.000000000,0.000000000,0.297431933,0.095991029,-0.317340267,0.293817070,0.797776117,0.431712032,0.073335576
11.601000000,0,11.601000000,sample,0.215271217,-0.000002566,0.000000000,0.000000000,0.000000000,0.000000000,0.000000000,0,0,2.000000000,0.080000000,0.000000000,0.000000000,0.000175556,0.000000000,0.001732176,0.000000000,0.000000000,0.000000000,0.007100397,0.024724785,4,95.576435526,0,0.000000000,0.780408304,0.828949279,0.788644035,0.829077755,4.735229630,0.455203146,1.378534466,0.721002174,1.134056426,0.000351112,1.134092605,2.000000000,0.000000000,0.000000000,0.000000000,1.000000000,1.697051394,0.991496506,1.055589145,0.000000000,1.726099061,1.004841156,1.055935394,1,0,0,0.000000000,0.157018849,-0.331802027,0.688686879,0.820153007,-0.063049459,-0.102619289,5.104684752,12.226058883,-4.561019298,-130.900637223,-0.073013751,142.887922776,44.906754445,-0.000827427,-0.001014165,-0.000534879,0.006941575,-0.000154987,-0.000033793,-0.000453589,0.000000000,0.000000000,0.000000000,0.000000000,0.000000000,0.000000000,0.000000000,-0.000119394,-0.000002015,0.000118171,0.000000010,-0.000041631,-0.000000030,0.000029384,0.000000000,0.000000000,0.000000000,0.000000000,0.000000000,0.000000000,0.000000000,0.301867407,0.098934396,-0.315566237,0.290132227,0.798342239,0.432497697,0.072063503
11.651000000,0,11.651000000,sample,0.215271425,0.000004167,0.000000000,0.000000000,0.000000000,0.000000000,0.000000000,0,0,2.000000000,0.080000000,0.000000000,0.000000000,0.000472064,0.000000000,0.001278414,0.000000000,0.000000000,0.000000000,0.006512476,0.072486051,2,86.123726309,0,0.000000000,0.785722768,0.829076707,0.787409036,0.829076707,3.533267007,0.381911430,1.720118288,0.735365171,1.560240165,0.000944127,1.560228360,2.000000000,0.000000000,0.000000000,0.000000000,1.000000000,1.701706328,0.995917567,1.056754380,0.000000000,1.923714668,1.074818826,1.064854243,1,0,0,0.000000000,0.160182559,-0.333464509,0.693183409,0.820251227,-0.063689809,-0.102468139,5.104987373,12.226372106,-4.561115007,-130.900851322,-0.073089518,142.887800915,44.907174091,0.000294928,0.006043764,-0.001009771,-0.000293099,-0.000534883,0.000121924,0.002095653,0.000000000,0.000000000,0.000000000,0.000000000,0.000000000,0.000000000,0.000000000,0.000321045,0.000005418,-0.000317757,-0.000000027,0.000111948,0.000000082,-0.000079014,0.000000000,0.000000000,0.000000000,0.000000000,0.000000000,0.000000000,0.000000000,0.300134524,0.097312183,-0.317318364,0.295203435,0.798070818,0.432948296,0.070584386
11.701000000,0,11.701000000,sample,0.215271592,0.000003332,0.000000000,0.000000000,0.000000000,0.000000000,0.000000000,0,0,2.000000000,0.080000000,0.000000000,0.000000000,0.000804913,0.000000000,0.001555910,0.000000000,0.000000000,0.000000000,0.004861722,0.165561314,4,93.411975865,0,0.000000000,0.785025495,0.828963567,0.788133415,0.829062168,2.465025228,0.218194895,1.658534381,0.725542327,1.516962620,0.001609826,1.516970896,2.000000000,0.000000000,0.000000000,0.000000000,1.000000000,1.883865994,1.063849806,1.056358318,0.000000000,1.884098986,1.064143889,1.070293272,1,0,0,0.000000000,0.159900002,-0.334130315,0.692137234,0.820126699,-0.063594800,-0.102608456,5.104729436,12.226250134,-4.560811929,-130.900851322,-0.073006966,142.887781455,44.907005067,-0.000257672,-0.000847220,0.000798515,-0.004698848,-0.000103512,0.000061834,0.000347601,0.000000000,0.000000000,0.000000000,0.000000000,0.000000000,0.000000000,0.000000000,-0.000547413,-0.000009237,0.000541805,0.000000046,-0.000190880,-0.000000139,0.000134725,0.000000000,0.000000000,0.000000000,0.000000000,0.000000000,0.000000000,0.000000000,0.292665125,0.178948289,-0.323622333,0.259829342,0.797879273,0.429510308,0.069888417
11.751000000,0,11.751000000,sample,0.215271657,0.000001308,0.000000000,0.000000000,0.000000000,0.000000000,0.000000000,0,0,2.000000000,0.080000000,0.000000000,0.000000000,0.000121212,0.000000000,0.001274117,0.000000000,0.000000000,0.000000000,0.002539486,0.047730910,7,85.743004167,0,0.000000000,0.785202349,0.828989263,0.787461852,0.829068979,0.492523907,0.106383811,1.576025160,0.724653183,1.421109595,0.000242424,1.421109359,2.000000000,0.000000000,0.000000000,0.000000000,1.000000000,1.732553734,1.004486033,1.058922472,0.000000000,1.871045862,1.058734655,1.066487066,1,0,0,0.000000000,0.161067577,-0.332335618,0.692930733,0.820113675,-0.063803269,-0.102790572,5.104633001,12.226250301,-4.560907638,-130.900947031,-0.072950092,142.887672730,44.906585420,-0.000533671,-0.000097642,-0.000051527,-0.000508820,0.000240650,-0.000552837,-0.002351501,0.000000000,0.000000000,0.000000000,0.000000000,0.000000000,0.000000000,0.000000000,0.000082435,0.000001391,-0.000081591,-0.000000007,0.000028745,0.000000021,-0.000020288,0.000000000,0.000000000,0.000000000,0.000000000,0.000000000,0.000000000,0.000000000,0.299684849,0.107859422,-0.319936581,0.293633132,0.798479257,0.434302887,0.071443584
11.801000000,0,11.801000000,sample,0.215271784,0.000002540,0.000000000,0.000000000,0.000000000,0.000000000,0.000000000,0,0,2.000000000,0.080000000,0.000000000,0.000000000,0.000211050,0.000000000,0.001322434,0.000000000,0.000000000,0.000000000,0.001612276,0.130901913,4,73.146787678,0,0.000000000,0.786605967,0.828963929,0.788594531,0.829057264,0.769644340,0.077629523,1.602191867,0.723141846,1.436725151,0.000422100,1.436726097,2.000000000,0.000000000,0.000000000,0.000000000,1.000000000,1.718668305,0.992619343,1.057888096,0.000000000,1.762607693,1.012254126,1.067882568,1,0,0,0.000000000,0.161222519,-0.333194380,0.694073305,0.820095572,-0.063740871,-0.102769398,5.104724188,12.226346016,-4.560907638,-130.901042739,-0.072908612,142.887924628,44.906667018,0.000093278,-0.000108822,0.000080481,-0.001378913,0.000332028,0.000100807,-0.000742028,0.000000000,0.000000000,0.000000000,0.000000000,0.000000000,0.000000000,0.000000000,0.000143533,0.000002422,-0.000142062,-0.000000012,0.000050050,0.000000036,-0.000035326,0.000000000,0.000000000,0.000000000,0.000000000,0.000000000,0.000000000,0.000000000,0.302939665,0.108332862,-0.320298239,0.285596719,0.798447166,0.434045071,0.074493803
11.851000000,0,11.851000000,sample,0.215271619,-0.000003304,0.000000000,0.000000000,0.000000000,0.000000000,0.000000000,0,0,2.000000000,0.080000000,0.000000000,0.000000000,0.001607282,0.000000000,0.003759607,0.000000000,0.000000000,0.000000000,0.002494131,0.644425843,3,45.635269290,0,0.000000000,0.784811594,0.828801888,0.787138712,0.828977742,1.055459604,0.071819368,1.617262030,0.721008971,1.436447487,0.003214565,1.436452512,2.000000000,0.000000000,0.000000000,0.000000000,1.000000000,1.742409702,1.044554355,1.061723654,0.000000000,1.754898326,1.044554355,1.061723654,1,0,0,0.000000000,0.160408357,-0.332326612,0.692645234,0.820013291,-0.063618657,-0.102193147,5.104724207,12.226250301,-4.561017788,-130.900947030,-0.072745888,142.887850718,44.907005067,-0.000380450,0.000593626,0.001684882,-0.000826400,0.000096601,0.000252012,0.001459092,0.000000000,0.000000000,0.000000000,0.000000000,0.000000000,0.000000000,0.000000000,-0.001093095,-0.000018447,0.001081898,0.000000091,-0.000381157,-0.000000277,0.000269025,0.000000000,0.000000000,0.000000000,0.000000000,0.000000000,0.000000000,0.000000000,0.238147710,0.111561865,-0.370657296,0.292697036,0.800846739,0.433926984,0.073418144
11.901000000,0,11.901000000,sample,0.215271617,-0.000000050,0.000000000,0.000000000,0.000000000,0.000000000,0.000000000,0,0,2.000000000,0.080000000,0.000000000,0.000000000,0.001459946,0.000000000,0.005286433,0.000000000,0.000000000,0.000000000,0.002474467,0.590004183,1,73.980323811,0,0.000000000,0.785247415,0.828832557,0.787803664,0.829015482,1.221219561,0.150574709,1.543014579,0.720883785,1.358831771,0.002919891,1.358831464,2.000000000,0.000000000,0.000000000,0.000000000,1.000000000,1.876474768,1.018115193,1.055606753,0.000000000,1.910516777,1.064664714,1.062564938,1,0,0,0.000000000,0.160715591,-0.332269122,0.693095399,0.820034691,-0.063708891,-0.102213938,5.104724188,12.226290903,-4.561019298,-130.900947031,-0.072774067,142.887800946,44.907005067,-0.002128334,-0.000822947,-0.000116752,-0.000845749,-0.000052575,0.000114746,0.000413625,0.000000000,0.000000000,0.000000000,0.000000000,0.000000000,0.000000000,0.000000000,-0.000992893,-0.000016756,0.000982722,0.000000082,-0.000346218,-0.000000252,0.000244365,0.000000000,0.000000000,0.000000000,0.000000000,0.000000000,0.000000000,0.000000000,0.364063904,0.175739250,-0.249939587,0.257969441,0.796193824,0.427302018,0.073137941
11.951000000,0,11.951000000,sample,0.215271645,0.000000575,0.000000000,0.000000000,0.000000000,0.000000000,0.000000000,0,0,2.000000000,0.080000000,0.000000000,0.000000000,0.000504013,0.000000000,0.001437427,0.000000000,0.000000000,0.000000000,0.001521110,0.331345599,7,68.383607311,0,0.000000000,0.785302695,0.828792884,0.788935712,0.828944445,0.493633686,0.082008617,1.588383065,0.722990956,1.407153376,0.001008026,1.407154057,2.000000000,0.000000000,0.000000000,0.000000000,1.000000000,1.660676438,0.987934860,1.059869355,0.000000000,1.859709471,1.055347278,1.080181174,1,0,0,0.000000000,0.160379089,-0.333802175,0.692499082,0.819977880,-0.063664445,-0.102375579,5.104724209,12.226250301,-4.560866847,-130.900901159,-0.072739096,142.887761231,44.906964268,-0.000214709,0.000061752,0.000179896,-0.000793108,-0.000114388,0.000084568,0.001257872,0.000000000,0.000000000,0.000000000,0.000000000,0.000000000,0.000000000,0.000000000,-0.000342774,-0.000005784,0.000339263,0.000000028,-0.000119523,-0.000000087,0.000084361,0.000000000,0.000000000,0.000000000,0.000000000,0.000000000,0.000000000,0.000000000,0.291798584,0.075222509,-0.321234702,0.308098620,0.799876688,0.435236584,0.071889615
12.001000000,0,12.001000000,sample,0.215271373,-0.000005444,0.000000000,0.000000000,0.000000000,0.000000000,0.000000000,0,0,2.000000000,0.080000000,0.000000000,0.000000000,0.003873645,0.000000000,0.004436918,0.000000000,0.000000000,0.000000000,0.006132994,0.631607503,1,97.070384763,0,0.000000000,0.783435009,0.828822144,0.787659170,0.828904240,3.534178378,0.387035869,1.471304090,0.718875112,1.267533134,0.007747290,1.267549998,2.000000000,0.000000000,0.000000000,0.000000000,1.000000000,1.780791727,1.028032412,1.057390620,0.000000000,1.780791727,1.028032412,1.068226503,1,0,0,0.000000000,0.158377005,-0.333220280,0.691123275,0.820027006,-0.063315624,-0.102435286,5.104819897,12.226250301,-4.561019298,-130.900742457,-0.072774067,142.887949834,44.906882670,-0.006042490,-0.000428127,-0.000459120,0.000773332,-0.000125709,0.000202546,0.000230173,0.000000000,0.000000000,0.000000000,0.000000000,0.000000000,0.000000000,0.000000000,-0.002634423,-0.000044457,0.002607439,0.000000219,-0.000918612,-0.000000668,0.000648367,0.000000000,0.000000000,0.000000000,0.000000000,0.000000000,0.000000000,0.000000000,0.293482779,0.131233593,-0.320186237,0.280287056,0.800307439,0.433791849,0.070520223
12.051000000,0,12.051000000,sample,0.215271386,0.000000251,0.000000000,0.000000000,0.000000000,0.000000000,0.000000000,0,0,2.000000000,0.080000000,0.000000000,0.000000000,0.000647481,0.000000000,0.004339991,0.000000000,0.000000000,0.000000000,0.001749806,0.370030348,7,60.731278047,0,0.000000000,0.782565388,0.828728168,0.788041928,0.828923766,0.647463878,0.132499953,1.534492944,0.720075314,1.339602115,0.001294962,1.339603078,2.000000000,0.000000000,0.000000000,0.000000000,1.000000000,1.710121552,0.999044613,1.056577375,0.000000000,1.794822823,1.048956285,1.058562215,1,0,0,0.000000000,0.158000634,-0.333500406,0.690088303,0.819962564,-0.063244768,-0.102234382,5.104724021,12.226154592,-4.560907638,-130.900702453,-0.072718751,142.887885480,44.907051694,-0.000700018,-0.000527642,-0.000056362,0.000528045,0.000105615,-0.000375158,0.001363628,0.000000000,0.000000000,0.000000000,0.000000000,0.000000000,0.000000000,0.000000000,-0.000440345,-0.000007431,0.000435835,0.000000037,-0.000153545,-0.000000111,0.000108374,0.000000000,0.000000000,0.000000000,0.000000000,0.000000000,0.000000000,0.000000000,0.296967286,0.104547937,-0.318395276,0.285877829,0.799912908,0.434829262,0.072090765
12.101000000,0,12.101000000,sample,0.215271807,0.000008421,0.000000000,0.000000000,0.000000000,0.000000000,0.000000000,0,0,2.000000000,0.080000000,0.000000000,0.000000000,0.001842687,0.000000000,0.004646150,0.000000000,0.000000000,0.000000000,0.003387878,0.543905977,3,45.472340528,0,0.000000000,0.786267102,0.828900840,0.786833966,0.828900840,1.317691316,0.238555198,1.626588436,0.729305238,1.478954901,0.003685374,1.478962852,2.000000000,0.000000000,0.000000000,0.000000000,1.000000000,1.728513164,0.986080317,1.058064822,0.000000000,1.731550591,1.065220976,1.066838529,1,0,0,0.000000000,0.160710232,-0.334703453,0.693081362,0.820063602,-0.063588118,-0.102610145,5.104819878,12.226250283,-4.560848736,-130.901036010,-0.072889626,142.887972153,44.906964268,-0.000509629,-0.000055074,0.002284554,-0.001664257,-0.000895595,0.000333162,-0.001520834,0.000000000,0.000000000,0.000000000,0.000000000,0.000000000,0.000000000,0.000000000,-0.001253191,-0.000021147,0.001240354,0.000000104,-0.000436983,-0.000000318,0.000308428,0.000000000,0.000000000,0.000000000,0.000000000,0.000000000,0.000000000,0.000000000,0.327606978,0.110334016,-0.290670493,0.284005109,0.799763934,0.435887442,0.072338031
12.151000000,0,12.151000000,sample,0.215271533,-0.000005474,0.000000000,0.000000000,0.000000000,0.000000000,0.000000000,0,0,2.000000000,0.080000000,0.000000000,0.000000000,0.001128569,0.000000000,0.002930706,0.000000000,0.000000000,0.000000000,0.002079292,0.542765897,7,46.634301899,0,0.000000000,0.785554778,0.828899534,0.787746056,0.828899534,0.683427911,0.173422097,1.589055577,0.728462289,1.425964289,0.002257138,1.425966240,2.000000000,0.000000000,0.000000000,0.000000000,1.000000000,1.685912931,0.986489876,1.058094512,0.000000000,1.735283655,1.015672391,1.059578480,1,0,0,0.000000000,0.159080423,-0.335100733,0.692457383,0.820035357,-0.063421854,-0.102927737,5.104914098,12.226346010,-4.560907638,-130.900823762,-0.072814112,142.888023622,44.906626219,0.001374461,-0.000177426,-0.000066901,-0.000430678,-0.000366522,0.000249641,-0.001419934,0.000000000,0.000000000,0.000000000,0.000000000,0.000000000,0.000000000,0.000000000,0.000767527,0.000012952,-0.000759665,-0.000000064,0.000267636,0.000000195,-0.000188900,0.000000000,0.000000000,0.000000000,0.000000000,0.000000000,0.000000000,0.000000000,0.301913469,0.093986191,-0.317895785,0.290206839,0.799612377,0.435482242,0.072638639
12.201000000,0,12.201000000,sample,0.215271257,-0.000005525,0.000000000,0.000000000,0.000000000,0.000000000,0.000000000,0,0,2.000000000,0.080000000,0.000000000,0.000000000,0.001253987,0.000000000,0.003965186,0.000000000,0.000000000,0.000000000,0.001666721,0.752368014,1,32.243751677,0,0.000000000,0.781160313,0.828665568,0.787358899,0.828870828,0.680910123,0.090658752,1.539124906,0.724586768,1.354980928,0.002507975,1.354983731,2.000000000,0.000000000,0.000000000,0.000000000,1.000000000,1.726353450,0.999834306,1.058073354,0.000000000,1.737762067,1.048752532,1.061119218,1,0,0,0.000000000,0.156724861,-0.334393269,0.688353030,0.819883510,-0.062958726,-0.102537077,5.104915606,12.226032218,-4.561019298,-130.900637151,-0.072570488,142.887984992,44.906713729,0.000946424,-0.000207255,-0.000750244,0.000875657,-0.000033887,0.000173660,-0.000691619,0.000000000,0.000000000,0.000000000,0.000000000,0.000000000,0.000000000,0.000000000,0.000852824,0.000014392,-0.000844089,-0.000000071,0.000297371,0.000000215,-0.000209888,0.000000000,0.000000000,0.000000000,0.000000000,0.000000000,0.000000000,0.000000000,0.306235626,0.107942858,-0.311671476,0.288804041,0.799487522,0.435091942,0.071099401
12.251000000,0,12.251000000,sample,0.215271477,0.000004401,0.000000000,0.000000000,0.000000000,0.000000000,0.000000000,0,0,2.000000000,0.080000000,0.000000000,0.000000000,0.000228852,0.000000000,0.002090829,0.000000000,0.000000000,0.000000000,0.000981274,0.233219067,4,72.714817681,0,0.000000000,0.784927203,0.828623519,0.787157985,0.828834123,0.517256392,0.046709245,1.556730774,0.722984255,1.367076835,0.000457704,1.367076955,2.000000000,0.000000000,0.000000000,0.000000000,1.000000000,1.656294213,0.987910637,1.058040193,0.000000000,1.935549835,1.084219585,1.059205684,1,0,0,0.000000000,0.159114389,-0.334035504,0.692252560,0.819848793,-0.063511858,-0.102132943,5.104765405,12.226346010,-4.560907638,-130.900755607,-0.072500172,142.887861909,44.907020430,0.000377393,0.000051211,-0.000058420,0.000836762,-0.000049872,0.000021068,0.000333672,0.000000000,0.000000000,0.000000000,0.000000000,0.000000000,0.000000000,0.000000000,0.000155640,0.000002626,-0.000154045,-0.000000013,0.000054271,0.000000039,-0.000038305,0.000000000,0.000000000,0.000000000,0.000000000,0.000000000,0.000000000,0.000000000,0.293074892,0.080126831,-0.321407905,0.296160265,0.800418197,0.436564111,0.069745197
12.301000000,0,12.301000000,sample,0.215271435,-0.000000831,0.000000000,0.000000000,0.000000000,0.000000000,0.000000000,0,0,2.000000000,0.080000000,0.000000000,0.000000000,0.001440356,0.000000000,0.001765412,0.000000000,0.000000000,0.000000000,0.001993274,0.722608059,3,66.568728701,0,0.000000000,0.783333285,0.828572308,0.788181545,0.828773947,0.912755502,0.072860394,1.559909125,0.720219632,1.370804297,0.002880711,1.370807642,2.000000000,0.000000000,0.000000000,0.000000000,1.000000000,1.702537055,1.001492223,1.057326080,0.000000000,1.707127140,1.002484241,1.057599056,1,0,0,0.000000000,0.158057179,-0.335580019,0.689938414,0.819791306,-0.063329419,-0.102292071,5.104724161,12.226154592,-4.560716219,-130.900642491,-0.072499405,142.887743247,44.907005067,-0.000437314,-0.000085785,0.001626305,0.000992566,0.000053327,-0.000117849,0.000357420,0.000000000,0.000000000,0.000000000,0.000000000,0.000000000,0.000000000,0.000000000,-0.000979571,-0.000016530,0.000969538,0.000000081,-0.000341568,-0.000000247,0.000241083,0.000000000,0.000000000,0.000000000,0.000000000,0.000000000,0.000000000,0.000000000,0.296530419,0.100036778,-0.319661413,0.289713467,0.800360104,0.434101457,0.069736006
12.351000000,0,12.351000000,sample,0.215271473,0.000000745,0.000000000,0.000000000,0.000000000,0.000000000,0.000000000,0,0,2.000000000,0.080000000,0.000000000,0.000000000,0.000418266,0.000000000,0.001851367,0.000000000,0.000000000,0.000000000,0.001014535,0.412273364,7,48.310548187,0,0.000000000,0.784361316,0.828650303,0.786443074,0.828773447,0.392945415,0.090157094,1.563835056,0.725214352,1.388373008,0.000836531,1.388373194,2.000000000,0.000000000,0.000000000,0.000000000,1.000000000,1.718284515,1.006791434,1.054040854,0.000000000,1.737654538,1.012111128,1.058343096,1,0,0,0.000000000,0.158340979,-0.335333843,0.691159911,0.819837799,-0.063289066,-0.102575834,5.104901519,12.226250301,-4.560907638,-130.900753501,-0.072499656,142.887989516,44.906713895,0.000552402,-0.000385711,0.000018410,0.000044112,-0.000247299,0.000121107,-0.000705160,0.000000000,0.000000000,0.000000000,0.000000000,0.000000000,0.000000000,0.000000000,0.000284458,0.000004800,-0.000281544,-0.000000024,0.000099189,0.000000072,-0.000070009,0.000000000,0.000000000,0.000000000,0.000000000,0.000000000,0.000000000,0.000000000,0.290212149,0.110713053,-0.319866752,0.279913153,0.800041432,0.434340635,0.071676059
12.401000000,0,12.401000000,sample,0.215271473,0.000000012,0.000000000,0.000000000,0.000000000,0.000000000,0.000000000,0,0,2.000000000,0.080000000,0.000000000,0.000000000,0.000012873,0.000000000,0.001535741,0.000000000,0.000000000,0.000000000,0.001832978,0.007023026,7,41.037450839,0,0.000000000,0.784812474,0.828653489,0.787591472,0.828859465,0.424267429,0.050063315,1.589939482,0.726349082,1.406318394,0.000025746,1.406317155,2.000000000,0.000000000,0.000000000,0.000000000,1.000000000,1.752807735,1.016011159,1.055997346,0.000000000,1.753211313,1.016011159,1.064717526,1,0,0,0.000000000,0.158717791,-0.334382567,0.692045938,0.819871154,-0.063405013,-0.102262890,5.104806164,12.226341478,-4.560907638,-130.900754124,-0.072540204,142.887963126,44.906964269,0.000414952,0.001121942,-0.000044934,0.000545609,-0.000488576,-0.000108054,0.001174215,0.000000000,0.000000000,0.000000000,0.000000000,0.000000000,0.000000000,0.000000000,0.000008755,0.000000148,-0.000008665,-0.000000001,0.000003053,0.000000002,-0.000002155,0.000000000,0.000000000,0.000000000,0.000000000,0.000000000,0.000000000,0.000000000,0.291635536,0.124027287,-0.321866967,0.276142836,0.800253772,0.435015459,0.072101189
12.451000000,0,12.451000000,sample,0.215271446,-0.000000551,0.000000000,0.000000000,0.000000000,0.000000000,0.000000000,0,0,2.000000000,0.080000000,0.000000000,0.000000000,0.000183101,0.000000000,0.001227008,0.000000000,0.000000000,0.000000000,0.001098599,0.166667982,7,44.687293168,0,0.000000000,0.783837241,0.828633152,0.787295264,0.828706806,0.553867784,0.079711879,1.561500196,0.725075209,1.378742499,0.000366203,1.378742393,2.000000000,0.000000000,0.000000000,0.000000000,1.000000000,1.743576406,1.009093757,1.057537603,0.000000000,1.769542508,1.014689407,1.058153735,1,0,0,0.000000000,0.159002512,-0.333364045,0.691366354,0.819862961,-0.063495835,-0.102107317,5.104683473,12.226249798,-4.560896924,-130.900732715,-0.072540204,142.887760127,44.907005067,-0.000439332,0.000176195,-0.000504065,-0.000042020,-0.000433134,-0.000008403,0.000734398,0.000000000,0.000000000,0.000000000,0.000000000,0.000000000,0.000000000,0.000000000,-0.000124525,-0.000002101,0.000123250,0.000000010,-0.000043421,-0.000000031,0.000030647,0.000000000,0.000000000,0.000000000,0.000000000,0.000000000,0.000000000,0.000000000,0.295491546,0.115400083,-0.317953199,0.285043198,0.799883221,0.436211508,0.072909808
12.501000000,0,12.501000000,sample,0.215271222,-0.000004469,0.000000000,0.000000000,0.000000000,0.000000000,0.000000000,0,0,2.000000000,0.080000000,0.000000000,0.000000000,0.000326916,0.000000000,0.003351560,0.000000000,0.000000000,0.000000000,0.001228267,0.266160705,2,60.894380434,0,0.000000000,0.781245784,0.828580309,0.787662647,0.828735939,0.748214235,0.074616179,1.532640687,0.721847461,1.344019700,0.000653833,1.344020004,2.000000000,0.000000000,0.000000000,0.000000000,1.000000000,1.707337591,0.997778436,1.053447701,0.000000000,1.901250080,1.068331342,1.061417146,1,0,0,0.000000000,0.157415290,-0.333466746,0.688741846,0.819824927,-0.063192503,-0.102172031,5.104806257,12.226058883,-4.561019298,-130.900603009,-0.072464435,142.887742461,44.906882670,0.000400367,-0.000958476,-0.000215175,0.000407695,-0.000012237,-0.000096819,0.000455664,0.000000000,0.000000000,0.000000000,0.000000000,0.000000000,0.000000000,0.000000000,0.000222332,0.000003752,-0.000220055,-0.000000018,0.000077525,0.000000056,-0.000054718,0.000000000,0.000000000,0.000000000,0.000000000,0.000000000,0.000000000,0.000000000,0.298023310,0.109298655,-0.317210173,0.277260912,0.799250232,0.433094024,0.071559026
12.551000000,0,12.551000000,sample,0.215271511,0.000005773,0.000000000,0.000000000,0.000000000,0.000000000,0.000000000,0,0,2.000000000,0.080000000,0.000000000,0.000000000,0.000366315,0.000000000,0.001530308,0.000000000,0.000000000,0.000000000,0.001329524,0.275523874,7,65.639764558,0,0.000000000,0.783605989,0.828559577,0.787591644,0.828799001,0.443705949,0.120881306,1.557471047,0.720340892,1.363149608,0.000732631,1.363149803,2.000000000,0.000000000,0.000000000,0.000000000,1.000000000,1.731517765,1.001592603,1.058711782,0.000000000,1.742569838,1.012288251,1.058711782,1,0,0,0.000000000,0.159656376,-0.331259843,0.691964670,0.819819078,-0.063554875,-0.101825486,5.104574160,12.226250301,-4.561019298,-130.900833560,-0.072423636,142.887802035,44.906964268,-0.000594041,0.000202898,-0.000230969,0.000201332,0.000253645,0.000234721,0.001077158,0.000000000,0.000000000,0.000000000,0.000000000,0.000000000,0.000000000,0.000000000,-0.000249127,-0.000004204,0.000246575,0.000000021,-0.000086869,-0.000000063,0.000061313,0.000000000,0.000000000,0.000000000,0.000000000,0.000000000,0.000000000,0.000000000,0.306047867,0.110692299,-0.314516980,0.286921508,0.799442475,0.435443849,0.070626164
12.601000000,0,12.601000000,sample,0.215271364,-0.000002948,0.000000000,0.000000000,0.000000000,0.000000000,0.000000000,0,0,2.000000000,0.080000000,0.000000000,0.000000000,0.000051436,0.000000000,0.001211084,0.000000000,0.000000000,0.000000000,0.001064902,0.048301323,7,71.100963223,0,0.000000000,0.783390492,0.828593926,0.787730992,0.828695342,0.374074005,0.065965591,1.555674430,0.722312991,1.377145069,0.000102872,1.377145203,2.000000000,0.000000000,0.000000000,0.000000000,1.000000000,1.709769386,1.002770593,1.057373882,0.000000000,1.740828707,1.012052344,1.059893258,1,0,0,0.000000000,0.158088225,-0.334278985,0.690627495,0.819797700,-0.063386377,-0.102380630,5.104682540,12.226250301,-4.560811929,-130.900619501,-0.072464435,142.887760395,44.906754445,-0.000068544,-0.000232548,0.000282913,0.000401630,0.000160316,-0.000043540,-0.000897940,0.000000000,0.000000000,0.000000000,0.000000000,0.000000000,0.000000000,0.000000000,-0.000034981,-0.000000590,0.000034623,0.000000003,-0.000012198,-0.000000009,0.000008609,0.000000000,0.000000000,0.000000000,0.000000000,0.000000000,0.000000000,0.000000000,0.291677351,0.102850837,-0.324200512,0.288356087,0.799645988,0.435477150,0.071107641
12.651000000,0,12.651000000,sample,0.215271526,0.000003247,0.000000000,0.000000000,0.000000000,0.000000000,0.000000000,0,0,2.000000000,0.080000000,0.000000000,0.000000000,0.000040155,0.000000000,0.001255128,0.000000000,0.000000000,0.000000000,0.001892067,0.021222752,2,51.850037865,0,0.000000000,0.785777943,0.828623490,0.787767218,0.828712157,0.852159191,0.124411180,1.609575034,0.726693863,1.447546161,0.000080310,1.447545697,2.000000000,0.000000000,0.000000000,0.000000000,1.000000000,1.712530474,0.998685567,1.058759837,0.000000000,1.730885986,1.009966570,1.058759837,1,0,0,0.000000000,0.159388036,-0.333973490,0.693184057,0.819806297,-0.063641660,-0.102392686,5.104614681,12.226457671,-4.560771138,-130.900728059,-0.072462164,142.887821611,44.906713646,-0.000164461,0.001362420,0.000202506,-0.000114581,-0.000081262,-0.000191796,-0.001264577,0.000000000,0.000000000,0.000000000,0.000000000,0.000000000,0.000000000,0.000000000,-0.000027309,-0.000000461,0.000027029,0.000000002,-0.000009523,-0.000000007,0.000006721,0.000000000,0.000000000,0.000000000,0.000000000,0.000000000,0.000000000,0.000000000,0.300561140,0.101277753,-0.315579110,0.291605236,0.800176374,0.436332507,0.071317144
12.701000000,0,12.701000000,sample,0.215271419,-0.000002138,0.000000000,0.000000000,0.000000000,0.000000000,0.000000000,0,0,2.000000000,0.080000000,0.000000000,0.000000000,0.000159798,0.000000000,0.001251799,0.000000000,0.000000000,0.000000000,0.001119502,0.142740094,1,41.004029647,0,0.000000000,0.783806953,0.828466644,0.785411377,0.828643661,0.628172168,0.026011759,1.561112608,0.724323928,1.382563462,0.000319596,1.382563333,2.000000000,0.000000000,0.000000000,0.000000000,1.000000000,1.740048439,1.011186453,1.057459904,0.000000000,1.750295122,1.015455170,1.061063251,1,0,0,0.000000000,0.159315314,-0.331237937,0.692281301,0.819725337,-0.063591639,-0.101801057,5.104554845,12.226346010,-4.561019298,-130.900740916,-0.072255254,142.887769197,44.906836043,-0.000716866,0.000421787,-0.000388731,0.000161768,-0.000154871,0.000133454,-0.000585156,0.000000000,0.000000000,0.000000000,0.000000000,0.000000000,0.000000000,0.000000000,-0.000108677,-0.000001834,0.000107563,0.000000009,-0.000037895,-0.000000027,0.000026747,0.000000000,0.000000000,0.000000000,0.000000000,0.000000000,0.000000000,0.000000000,0.295095787,0.116461460,-0.321758413,0.282364891,0.800160185,0.434722494,0.071262031
12.751000000,0,12.751000000,sample,0.215271462,0.000000858,0.000000000,0.000000000,0.000000000,0.000000000,0.000000000,0,0,2.000000000,0.080000000,0.000000000,0.000000000,0.000794445,0.000000000,0.001181232,0.000000000,0.000000000,0.000000000,0.001185364,0.670211731,3,30.427911187,0,0.000000000,0.782462773,0.828356463,0.788517204,0.828696365,0.171251094,0.016282800,1.571825297,0.721306070,1.390874218,0.001588889,1.390875275,2.000000000,0.000000000,0.000000000,0.000000000,1.000000000,1.731872679,1.006238543,1.056552957,0.000000000,1.910942245,1.070025981,1.062046815,1,0,0,0.000000000,0.157488008,-0.332476113,0.690583198,0.819648408,-0.063152482,-0.101797259,5.104460945,12.226250301,-4.560811873,-130.900678774,-0.072220043,142.888053040,44.906923469,-0.000621174,-0.000104329,0.000653864,-0.000521512,0.000114672,0.000482310,-0.000251116,0.000000000,0.000000000,0.000000000,0.000000000,0.000000000,0.000000000,0.000000000,-0.000540293,-0.000009117,0.000534759,0.000000045,-0.000188398,-0.000000136,0.000132974,0.000000000,0.000000000,0.000000000,0.000000000,0.000000000,0.000000000,0.000000000,0.294871843,0.108854172,-0.315283335,0.290286220,0.799417375,0.435247216,0.072990186
12.801000000,0,12.801000000,sample,0.215271630,0.000003353,0.000000000,0.000000000,0.000000000,0.000000000,0.000000000,0,0,2.000000000,0.080000000,0.000000000,0.000000000,0.000851920,0.000000000,0.001510519,0.000000000,0.000000000,0.000000000,0.001610173,0.529085691,1,57.736171984,0,0.000000000,0.783431356,0.828490898,0.785852732,0.828660753,0.738835787,0.063612974,1.595020938,0.724999933,1.425556637,0.001703839,1.425558525,2.000000000,0.000000000,0.000000000,0.000000000,1.000000000,1.743475117,1.008570923,1.060502863,0.000000000,1.753714873,1.016395994,1.060822183,1,0,0,0.000000000,0.160016155,-0.333297596,0.690704156,0.819735442,-0.063491288,-0.101979555,5.104778381,12.226032218,-4.561019292,-130.900933380,-0.072313693,142.887746998,44.906923469,0.001223479,-0.000143221,-0.000181874,-0.000887028,-0.000096738,-0.000169475,0.000466120,0.000000000,0.000000000,0.000000000,0.000000000,0.000000000,0.000000000,0.000000000,0.000579382,0.000009777,-0.000573448,-0.000000048,0.000202024,0.000000146,-0.000142591,0.000000000,0.000000000,0.000000000,0.000000000,0.000000000,0.000000000,0.000000000,0.305699884,0.116210568,-0.316558705,0.284220201,0.801583693,0.434977381,0.070545956
12.851000000,0,12.851000000,sample,0.215271725,0.000001903,0.000000000,0.000000000,0.000000000,0.000000000,0.000000000,0,0,2.000000000,0.080000000,0.000000000,0.000000000,0.000456101,0.000000000,0.001667687,0.000000000,0.000000000,0.000000000,0.001701338,0.268083753,7,44.539437656,0,0.000000000,0.785695708,0.828427753,0.786760999,0.828664557,0.493311073,0.029611965,1.579989599,0.721115594,1.393292553,0.000912202,1.393292946,2.000000000,0.000000000,0.000000000,0.000000000,1.000000000,1.715558825,1.005264112,1.061638496,0.000000000,1.745787232,1.014373212,1.061969549,1,0,0,0.000000000,0.160586716,-0.334141075,0.692733278,0.819668656,-0.063663982,-0.101895702,5.104747627,12.226250301,-4.560907638,-130.900945507,-0.072210236,142.887804177,44.907005067,0.000863900,-0.000574263,-0.000023798,-0.000662134,0.000207122,0.000217591,0.001135437,0.000000000,0.000000000,0.000000000,0.000000000,0.000000000,0.000000000,0.000000000,0.000310189,0.000005235,-0.000307012,-0.000000026,0.000108161,0.000000078,-0.000076342,0.000000000,0.000000000,0.000000000,0.000000000,0.000000000,0.000000000,0.000000000,0.297013370,0.103402957,-0.323808067,0.289912162,0.802621308,0.435960377,0.070739249
12.901000000,0,12.901000000,sample,0.215271035,-0.000013784,0.000000000,0.000000000,0.000000000,0.000000000,0.000000000,0,0,2.000000000,0.080000000,0.000000000,0.000000000,0.000081660,0.000000000,0.001648761,0.000000000,0.000000000,0.000000000,0.002340411,0.034891394,4,69.549293494,0,0.000000000,0.781299551,0.828400433,0.785968318,0.828595074,1.050113121,0.092632108,1.529348591,0.722370766,1.329666204,0.000163320,1.329667306,2.000000000,0.000000000,0.000000000,0.000000000,1.000000000,1.712046795,1.000581951,1.057972633,0.000000000,1.729660509,1.011416968,1.062035408,1,0,0,0.000000000,0.156414835,-0.331684385,0.689890467,0.819680577,-0.063199121,-0.101867076,5.104587965,12.226332413,-4.561019292,-130.900414690,-0.072189780,142.887822505,44.906754445,-0.000500351,0.000885013,-0.000471437,0.001951814,0.000081013,0.000450888,-0.000449700,0.000000000,0.000000000,0.000000000,0.000000000,0.000000000,0.000000000,0.000000000,0.000055536,0.000000937,-0.000054967,-0.000000005,0.000019365,0.000000014,-0.000013668,0.000000000,0.000000000,0.000000000,0.000000000,0.000000000,0.000000000,0.000000000,0.298648073,0.105027393,-0.318928323,0.285943387,0.800842992,0.434919788,0.071421646
12.951000000,0,12.951000000,sample,0.215271317,0.000005629,0.000000000,0.000000000,0.000000000,0.000000000,0.000000000,0,0,2.000000000,0.080000000,0.000000000,0.000000000,0.000223362,0.000000000,0.001843303,0.000000000,0.000000000,0.000000000,0.001870991,0.119381449,2,49.253343817,0,0.000000000,0.784459171,0.828416097,0.786638591,0.828625699,0.859306621,0.078656406,1.593847586,0.723848556,1.423221818,0.000446723,1.423221339,2.000000000,0.000000000,0.000000000,0.000000000,1.000000000,1.686134820,1.004776607,1.056361106,0.000000000,1.918515016,1.084117147,1.057795849,1,0,0,0.000000000,0.158459828,-0.331193941,0.693236790,0.819676298,-0.063520143,-0.101829208,5.104541221,12.226553380,-4.561019296,-130.900637169,-0.072148985,142.887944756,44.906713646,-0.000439177,0.001313075,-0.000346159,-0.000025326,0.000335073,-0.000022938,-0.001162023,0.000000000,0.000000000,0.000000000,0.000000000,0.000000000,0.000000000,0.000000000,0.000151905,0.000002564,-0.000150349,-0.000000013,0.000052970,0.000000038,-0.000037387,0.000000000,0.000000000,0.000000000,0.000000000,0.000000000,0.000000000,0.000000000,0.289964676,0.095765163,-0.322909504,0.286566620,0.801534755,0.435072008,0.067169303
13.001000000,0,13.001000000,sample,0.215271367,0.000001004,0.000000000,0.000000000,0.000000000,0.000000000,0.000000000,0,0,2.000000000,0.080000000,0.000000000,0.000000000,0.000537458,0.000000000,0.001604022,0.000000000,0.000000000,0.000000000,0.000980580,0.548101740,1,45.344865831,0,0.000000000,0.781909444,0.828377859,0.787594990,0.828536077,0.476996498,0.081448874,1.544321716,0.720875777,1.351463273,0.001074915,1.351463964,2.000000000,0.000000000,0.000000000,0.000000000,1.000000000,1.714231642,1.004219134,1.054925736,0.000000000,1.729880819,1.013964833,1.069035178,1,0,0,0.000000000,0.157623016,-0.332515831,0.689906215,0.819666535,-0.063151644,-0.101825917,5.104677454,12.226154592,-4.561019298,-130.900696427,-0.072189780,142.887972599,44.906882670,-0.000660309,-0.000078569,0.000022756,0.000426784,0.000067970,0.000231828,0.000527570,0.000000000,0.000000000,0.000000000,0.000000000,0.000000000,0.000000000,0.000000000,-0.000365519,-0.000006168,0.000361775,0.000000030,-0.000127454,-0.000000092,0.000089959,0.000000000,0.000000000,0.000000000,0.000000000,0.000000000,0.000000000,0.000000000,0.296746866,0.108476038,-0.317751254,0.281695293,0.799677823,0.434061553,0.069501121
13.051000000,0,13.051000000,sample,0.215271301,-0.000001322,0.000000000,0.000000000,0.000000000,0.000000000,0.000000000,0,0,2.000000000,0.080000000,0.000000000,0.000000000,0.000446387,0.000000000,0.001382894,0.000000000,0.000000000,0.000000000,0.001567447,0.284786398,3,46.416051138,0,0.000000000,0.780932010,0.828323237,0.785974477,0.828521935,1.111133011,0.126703710,1.511698757,0.720503193,1.318715401,0.000892775,1.318715912,2.000000000,0.000000000,0.000000000,0.000000000,1.000000000,1.744738837,1.019225708,1.060730545,0.000000000,1.758019276,1.021541227,1.060730545,1,0,0,0.000000000,0.157061906,-0.331364262,0.689481027,0.819642258,-0.063073532,-0.101625212,5.104546085,12.226154592,-4.561017788,-130.900637220,-0.072151244,142.887991984,44.906923469,-0.000449258,-0.000892377,-0.001067891,0.000500709,0.000238523,-0.000067255,0.000078754,0.000000000,0.000000000,0.000000000,0.000000000,0.000000000,0.000000000,0.000000000,0.000303583,0.000005123,-0.000300474,-0.000000025,0.000105857,0.000000076,-0.000074715,0.000000000,0.000000000,0.000000000,0.000000000,0.000000000,0.000000000,0.000000000,0.287085023,0.113523920,-0.327898080,0.289547928,0.802419928,0.435180140,0.072312865
13.101000000,0,13.101000000,sample,0.215271481,0.000003592,0.000000000,0.000000000,0.000000000,0.000000000,0.000000000,0,0,2.000000000,0.080000000,0.000000000,0.000000000,0.000167929,0.000000000,0.001096459,0.000000000,0.000000000,0.000000000,0.001904072,0.088194667,2,85.205930864,0,0.000000000,0.782958437,0.828361846,0.786164067,0.828533166,1.211892913,0.114610542,1.523307129,0.720086166,1.336849278,0.000335858,1.336849030,2.000000000,0.000000000,0.000000000,0.000000000,1.000000000,1.877451514,1.061733991,1.058264935,0.000000000,1.883014230,1.064467663,1.060882711,1,0,0,0.000000000,0.157969123,-0.334526547,0.690044679,0.819623628,-0.063238305,-0.101987117,5.104677702,12.226150004,-4.560811929,-130.900698548,-0.072189780,142.887885467,44.906923469,0.000167268,-0.001757593,0.000454998,0.000426660,0.000099413,-0.000305462,-0.000126993,0.000000000,0.000000000,0.000000000,0.000000000,0.000000000,0.000000000,0.000000000,-0.000114207,-0.000001927,0.000113037,0.000000009,-0.000039823,-0.000000029,0.000028108,0.000000000,0.000000000,0.000000000,0.000000000,0.000000000,0.000000000,0.000000000,0.295945075,0.185546422,-0.324485999,0.244610254,0.802561316,0.428431710,0.071623839
13.151000000,0,13.151000000,sample,0.215271279,-0.000004029,0.000000000,0.000000000,0.000000000,0.000000000,0.000000000,0,0,2.000000000,0.080000000,0.000000000,0.000000000,0.000349342,0.000000000,0.002479816,0.000000000,0.000000000,0.000000000,0.000838528,0.416614017,1,41.144573804,0,0.000000000,0.781735830,0.828415589,0.785207803,0.828490609,0.577810490,0.061445471,1.548719346,0.722793421,1.364822923,0.000698685,1.364823123,2.000000000,0.000000000,0.000000000,0.000000000,1.000000000,1.692725555,0.994179198,1.060717930,0.000000000,1.870225404,1.057494686,1.060717930,1,0,0,0.000000000,0.157369576,-0.333251706,0.689412086,0.819687194,-0.063225115,-0.101920932,5.104641805,12.226153082,-4.560903105,-130.900578542,-0.072263289,142.887781020,44.906923469,0.000537866,-0.000531254,-0.000002537,0.000359303,-0.000044668,0.000020552,0.000008698,0.000000000,0.000000000,0.000000000,0.000000000,0.000000000,0.000000000,0.000000000,0.000237584,0.000004009,-0.000235151,-0.000000020,0.000082844,0.000000060,-0.000058472,0.000000000,0.000000000,0.000000000,0.000000000,0.000000000,0.000000000,0.000000000,0.295688323,0.092397861,-0.323120678,0.297139823,0.801192971,0.434913514,0.073447862
13.201000000,0,13.201000000,sample,0.215271454,0.000003495,0.000000000,0.000000000,0.000000000,0.000000000,0.000000000,0,0,2.000000000,0.080000000,0.000000000,0.000000000,0.000402780,0.000000000,0.001957044,0.000000000,0.000000000,0.000000000,0.000971240,0.414706877,7,73.040544392,0,0.000000000,0.782770883,0.828309511,0.788097859,0.828606797,0.170394723,0.055659894,1.558268140,0.720834786,1.369484395,0.000805560,1.369484550,2.000000000,0.000000000,0.000000000,0.000000000,1.000000000,1.689629783,0.995747052,1.056841403,0.000000000,1.705022345,1.005929498,1.061504696,1,0,0,0.000000000,0.157956187,-0.332389004,0.690867316,0.819614849,-0.063240810,-0.101630434,5.104542729,12.226250301,-4.560907134,-130.900709597,-0.072128744,142.887992835,44.907005067,-0.000200950,-0.000378358,0.000208164,-0.000108625,0.000072770,0.000101726,0.000830059,0.000000000,0.000000000,0.000000000,0.000000000,0.000000000,0.000000000,0.000000000,-0.000273926,-0.000004623,0.000271120,0.000000023,-0.000095517,-0.000000069,0.000067417,0.000000000,0.000000000,0.000000000,0.000000000,0.000000000,0.000000000,0.000000000,0.295968932,0.098918158,-0.321063952,0.284202267,0.801231358,0.434305613,0.071311268
13.251000000,0,13.251000000,sample,0.215271438,-0.000000310,0.000000000,0.000000000,0.000000000,0.000000000,0.000000000,0,0,2.000000000,0.080000000,0.000000000,0.000000000,0.000592672,0.000000000,0.001608145,0.000000000,0.000000000,0.000000000,0.000823251,0.719917202,1,41.536938765,0,0.000000000,0.783654171,0.828449053,0.785526410,0.828482907,0.251327667,0.049103711,1.559005314,0.724538954,1.380281611,0.001185345,1.380282142,2.000000000,0.000000000,0.000000000,0.000000000,1.000000000,1.726065600,1.010229734,1.059250127,0.000000000,1.934460396,1.084980321,1.068030110,1,0,0,0.000000000,0.158316102,-0.335571676,0.690247435,0.819665697,-0.063318078,-0.102307374,5.104895316,12.226154592,-4.560907638,-130.900710303,-0.072224750,142.887821162,44.906754445,0.000530578,-0.000357612,-0.000331747,0.000028394,-0.000184782,0.000098267,-0.000337163,0.000000000,0.000000000,0.000000000,0.000000000,0.000000000,0.000000000,0.000000000,0.000403070,0.000006802,-0.000398942,-0.000000033,0.000140547,0.000000101,-0.000099200,0.000000000,0.000000000,0.000000000,0.000000000,0.000000000,0.000000000,0.000000000,0.291905245,0.111737470,-0.327830876,0.282482467,0.801784614,0.434896003,0.071094087
13.301000000,0,13.301000000,sample,0.215271558,0.000002384,0.000000000,0.000000000,0.000000000,0.000000000,0.000000000,0,0,2.000000000,0.080000000,0.000000000,0.000000000,0.000719332,0.000000000,0.001617980,0.000000000,0.000000000,0.000000000,0.001369282,0.525334952,1,61.243745912,0,0.000000000,0.783671973,0.828213678,0.786649164,0.828475904,0.691415762,0.080622355,1.558179237,0.722478185,1.373675431,0.001438664,1.373675332,2.000000000,0.000000000,0.000000000,0.000000000,1.000000000,1.678906085,0.993868496,1.060223211,0.000000000,1.718489250,1.008283751,1.061061987,1,0,0,0.000000000,0.159056409,-0.331611904,0.692008935,0.819519872,-0.063460870,-0.101478048,5.104445364,12.226305219,-4.560907638,-130.900783313,-0.071959998,142.887902468,44.906923469,-0.001071578,-0.000209158,-0.000163213,-0.000582407,-0.000189474,0.000424451,0.000317823,0.000000000,0.000000000,0.000000000,0.000000000,0.000000000,0.000000000,0.000000000,-0.000489209,-0.000008256,0.000484198,0.000000040,-0.000170586,-0.000000123,0.000120402,0.000000000,0.000000000,0.000000000,0.000000000,0.000000000,0.000000000,0.000000000,0.295607284,0.092829522,-0.327110941,0.288075860,0.802198047,0.435416905,0.070522437
13.351000000,0,13.351000000,sample,0.215271585,0.000000540,0.000000000,0.000000000,0.000000000,0.000000000,0.000000000,0,0,2.000000000,0.080000000,0.000000000,0.000000000,0.000514378,0.000000000,0.001553455,0.000000000,0.000000000,0.000000000,0.001493015,0.344522733,7,53.100680698,0,0.000000000,0.782053047,0.828287678,0.786708632,0.828491223,0.288337062,0.056764057,1.568901687,0.721851726,1.401100835,0.001028755,1.401101056,2.000000000,0.000000000,0.000000000,0.000000000,1.000000000,1.720190224,1.005791287,1.060915536,0.000000000,1.720190224,1.007554458,1.060915536,1,0,0,0.000000000,0.158416084,-0.332501455,0.689894264,0.819560285,-0.063200636,-0.101917100,5.104545631,12.226057373,-4.560907638,-130.900822070,-0.072065001,142.887956715,44.906667018,0.000241605,-0.000530779,-0.000112535,-0.000690192,0.000414539,-0.000210850,-0.001087963,0.000000000,0.000000000,0.000000000,0.000000000,0.000000000,0.000000000,0.000000000,0.000349823,0.000005903,-0.000346240,-0.000000029,0.000121980,0.000000088,-0.000086095,0.000000000,0.000000000,0.000000000,0.000000000,0.000000000,0.000000000,0.000000000,0.298136100,0.107222521,-0.324081944,0.286970371,0.802343595,0.434721508,0.070998841
13.401000000,0,13.401000000,sample,0.215271506,-0.000001578,0.000000000,0.000000000,0.000000000,0.000000000,0.000000000,0,0,2.000000000,0.080000000,0.000000000,0.000000000,0.000087290,0.000000000,0.001340206,0.000000000,0.000000000,0.000000000,0.001279276,0.068234108,2,25.558664474,0,0.000000000,0.783391169,0.828389354,0.786620633,0.828458480,0.643567201,0.102473736,1.574107415,0.723860713,1.401724026,0.000174580,1.401723993,2.000000000,0.000000000,0.000000000,0.000000000,1.000000000,1.730975449,1.006809523,1.058716343,0.000000000,1.744726184,1.016000881,1.061995662,1,0,0,0.000000000,0.158012907,-0.335265129,0.690167326,0.819630355,-0.063224468,-0.102164919,5.104758859,12.226154592,-4.560811929,-130.900719612,-0.072201018,142.887925294,44.906836043,0.000589518,-0.000646745,0.000548081,-0.000487597,-0.000123121,0.000127363,-0.000548828,0.000000000,0.000000000,0.000000000,0.000000000,0.000000000,0.000000000,0.000000000,0.000059365,0.000001002,-0.000058757,-0.000000005,0.000020700,0.000000015,-0.000014610,0.000000000,0.000000000,0.000000000,0.000000000,0.000000000,0.000000000,0.000000000,0.297849295,0.113443227,-0.323028116,0.283158885,0.800831227,0.433921079,0.071780586
13.451000000,0,13.451000000,sample,0.215271706,0.000004010,0.000000000,0.000000000,0.000000000,0.000000000,0.000000000,0,0,2.000000000,0.080000000,0.000000000,0.000000000,0.000566128,0.000000000,0.001161003,0.000000000,0.000000000,0.000000000,0.001218204,0.464723833,4,45.331000651,0,0.000000000,0.783037970,0.828209288,0.787203338,0.828453613,0.526537313,0.064673212,1.584884997,0.722159310,1.412587995,0.001132256,1.412588760,2.000000000,0.000000000,0.000000000,0.000000000,1.000000000,1.530108683,0.948569668,1.070308663,0.000000000,1.899334822,1.070328550,1.073486052,1,0,0,0.000000000,0.159443590,-0.333447003,0.690318260,0.819498631,-0.063402213,-0.101650279,5.104541109,12.226032220,-4.560811426,-130.900878316,-0.071994184,142.887784236,44.906964268,-0.000234055,-0.000171762,0.000460624,-0.000820196,0.000022522,-0.000394533,0.000598897,0.000000000,0.000000000,0.000000000,0.000000000,0.000000000,0.000000000,0.000000000,-0.000385018,-0.000006497,0.000381075,0.000000032,-0.000134251,-0.000000097,0.000094756,0.000000000,0.000000000,0.000000000,0.000000000,0.000000000,0.000000000,0.000000000,0.296715565,0.020118320,-0.330786839,0.327142403,0.801961920,0.438859693,0.070234787
13.501000000,0,13.501000000,sample,0.215271492,-0.000004286,0.000000000,0.000000000,0.000000000,0.000000000,0.000000000,0,0,2.000000000,0.080000000,0.000000000,0.000000000,0.001825678,0.000000000,0.002144668,0.000000000,0.000000000,0.000000000,0.002151370,0.848611853,1,71.433427838,0,0.000000000,0.784021785,0.828270890,0.784661950,0.828468179,0.663609918,0.109069629,1.584121237,0.724511807,1.412655154,0.003651356,1.412660191,2.000000000,0.000000000,0.000000000,0.000000000,1.000000000,1.762320546,1.026597827,1.063477218,0.000000000,1.765416039,1.026879824,1.068805968,1,0,0,0.000000000,0.158897225,-0.335185370,0.690718900,0.819507667,-0.063387688,-0.102087473,5.104939847,12.226154592,-4.561019298,-130.900783087,-0.071921913,142.887823170,44.906667018,0.001818301,-0.000193078,-0.000581518,-0.000365531,0.000242455,0.000177403,-0.000850213,0.000000000,0.000000000,0.000000000,0.000000000,0.000000000,0.000000000,0.000000000,0.001241624,0.000020953,-0.001228907,-0.000000102,0.000432945,0.000000311,-0.000305578,0.000000000,0.000000000,0.000000000,0.000000000,0.000000000,0.000000000,0.000000000,0.292524661,0.118837860,-0.328397537,0.290208462,0.803187583,0.435078902,0.069432279
13.551000000,0,13.551000000,sample,0.215271655,0.000003259,0.000000000,0.000000000,0.000000000,0.000000000,0.000000000,0,0,2.000000000,0.080000000,0.000000000,0.000000000,0.000416784,0.000000000,0.001604492,0.000000000,0.000000000,0.000000000,0.001559547,0.267247157,7,45.573597699,0,0.000000000,0.784792244,0.828339381,0.787226271,0.828504056,0.667755026,0.019723453,1.594106788,0.720338637,1.404276348,0.000833569,1.404276698,2.000000000,0.000000000,0.000000000,0.000000000,1.000000000,1.731682550,1.015573459,1.056543762,0.000000000,1.764871770,1.026497250,1.063920975,1,0,0,0.000000000,0.159525513,-0.334158314,0.691945589,0.819592084,-0.063510284,-0.101889113,5.104636762,12.226250301,-4.560811929,-130.900835976,-0.072119613,142.887850989,44.906923478,0.000326239,0.000271597,0.000785091,-0.000343241,0.000264780,0.000582465,0.001052822,0.000000000,0.000000000,0.000000000,0.000000000,0.000000000,0.000000000,0.000000000,-0.000283451,-0.000004783,0.000280547,0.000000023,-0.000098838,-0.000000071,0.000069761,0.000000000,0.000000000,0.000000000,0.000000000,0.000000000,0.000000000,0.000000000,0.290169978,0.112533649,-0.318746499,0.284122970,0.802310081,0.433957099,0.071252088
13.601000000,0,13.601000000,sample,0.215271629,-0.000000523,0.000000000,0.000000000,0.000000000,0.000000000,0.000000000,0,0,2.000000000,0.080000000,0.000000000,0.000000000,0.000598765,0.000000000,0.001502942,0.000000000,0.000000000,0.000000000,0.000966095,0.619779203,3,53.266367300,0,0.000000000,0.782767372,0.828170670,0.786873978,0.828475763,0.248940611,0.054891750,1.558180011,0.722477878,1.370918308,0.001197531,1.370918886,2.000000000,0.000000000,0.000000000,0.000000000,1.000000000,1.738651028,1.014329382,1.060268190,0.000000000,1.741404202,1.021983502,1.060268190,1,0,0,0.000000000,0.158933563,-0.331482336,0.691074773,0.819507008,-0.063265953,-0.101352564,5.104541072,12.226150060,-4.561019298,-130.900894226,-0.071922681,142.888050855,44.907005067,0.000270525,-0.000140387,-0.000705093,-0.000173450,0.000056514,0.000355747,0.000428318,0.000000000,0.000000000,0.000000000,0.000000000,0.000000000,0.000000000,0.000000000,0.000407214,0.000006872,-0.000403043,-0.000000033,0.000141993,0.000000102,-0.000100220,0.000000000,0.000000000,0.000000000,0.000000000,0.000000000,0.000000000,0.000000000,0.297621461,0.109961824,-0.317713057,0.292032580,0.802058584,0.434812583,0.070099429
13.651000000,0,13.651000000,sample,0.215271516,-0.000002263,0.000000000,0.000000000,0.000000000,0.000000000,0.000000000,0,0,2.000000000,0.080000000,0.000000000,0.000000000,0.002698003,0.000000000,0.004006352,0.000000000,0.000000000,0.000000000,0.003492543,0.772503964,1,79.532690095,0,0.000000000,0.785450886,0.828264810,0.787618713,0.828411273,1.555340915,0.174352326,1.638343856,0.727925835,1.473295338,0.005396006,1.473304701,2.000000000,0.000000000,0.000000000,0.000000000,1.000000000,1.692585668,1.030900037,1.059947099,0.000000000,1.745537960,1.030900037,1.060525003,1,0,0,0.000000000,0.159722123,-0.332484034,0.693452453,0.819526785,-0.063663095,-0.101712607,5.104641954,12.226453138,-4.561005478,-130.900784718,-0.071915121,142.887848139,44.906754445,0.003114688,0.001213935,-0.000690124,-0.000545415,0.000167593,0.000293829,-0.000367102,0.000000000,0.000000000,0.000000000,0.000000000,0.000000000,0.000000000,0.000000000,0.001834880,0.000030965,-0.001816085,-0.000000151,0.000639824,0.000000459,-0.000451595,0.000000000,0.000000000,0.000000000,0.000000000,0.000000000,0.000000000,0.000000000,0.248748732,0.099877182,-0.363192628,0.284784786,0.803947838,0.432875286,0.070086161
13.701000000,0,13.701000000,sample,0.215271383,-0.000002650,0.000000000,0.000000000,0.000000000,0.000000000,0.000000000,0,0,2.000000000,0.080000000,0.000000000,0.000000000,0.000309741,0.000000000,0.004393915,0.000000000,0.000000000,0.000000000,0.001526301,0.202935714,2,76.812989417,0,0.000000000,0.784383360,0.828218113,0.785901616,0.828297469,0.657589795,0.050137132,1.591904035,0.724399758,1.407928891,0.000619482,1.407928258,2.000000000,0.000000000,0.000000000,0.000000000,1.000000000,1.733795770,0.986450035,1.060223834,0.000000000,1.743707837,1.045100930,1.063746791,1,0,0,0.000000000,0.159002342,-0.331612755,0.692826451,0.819527163,-0.063602422,-0.101366679,5.104545743,12.226457671,-4.561005198,-130.900674278,-0.071915128,142.887800956,44.907005067,-0.000362570,0.001337696,-0.000013383,0.000123877,-0.000167190,0.000532106,0.000286517,0.000000000,0.000000000,0.000000000,0.000000000,0.000000000,0.000000000,0.000000000,-0.000210651,-0.000003555,0.000208493,0.000000017,-0.000073454,-0.000000053,0.000051845,0.000000000,0.000000000,0.000000000,0.000000000,0.000000000,0.000000000,0.000000000,0.339283221,0.105456420,-0.277472738,0.294435879,0.799727693,0.435588431,0.069678884
13.751000000,0,13.751000000,sample,0.215271363,-0.000000395,0.000000000,0.000000000,0.000000000,0.000000000,0.000000000,0,0,2.000000000,0.080000000,0.000000000,0.000000000,0.000667393,0.000000000,0.001769389,0.000000000,0.000000000,0.000000000,0.001747082,0.382004259,3,38.766584869,0,0.000000000,0.780990899,0.828116231,0.787616390,0.828462057,0.649766133,0.102060605,1.556780211,0.720423214,1.377380690,0.001334786,1.377381482,2.000000000,0.000000000,0.000000000,0.000000000,1.000000000,1.744284985,1.015534427,1.062995286,0.000000000,1.751530098,1.023828763,1.072942835,1,0,0,0.000000000,0.156572548,-0.333618390,0.688571413,0.819426097,-0.062998358,-0.101727922,5.104541054,12.226086968,-4.560811929,-130.900578028,-0.071874319,142.887943973,44.906795244,-0.000284122,-0.000037749,0.001087783,0.000728836,0.000336956,-0.000056650,-0.001067204,0.000000000,0.000000000,0.000000000,0.000000000,0.000000000,0.000000000,0.000000000,-0.000453887,-0.000007659,0.000449238,0.000000037,-0.000158266,-0.000000114,0.000111706,0.000000000,0.000000000,0.000000000,0.000000000,0.000000000,0.000000000,0.000000000,0.297047616,0.114404959,-0.326073343,0.287123646,0.802987556,0.436071077,0.070159705
13.801000000,0,13.801000000,sample,0.215271495,0.000002633,0.000000000,0.000000000,0.000000000,0.000000000,0.000000000,0,0,2.000000000,0.080000000,0.000000000,0.000000000,0.001773486,0.000000000,0.004920979,0.000000000,0.000000000,0.000000000,0.006586796,0.269248688,5,96.119324505,0,0.000000000,0.784583213,0.828201282,0.786852436,0.828297541,0.906128690,0.377493589,1.596233077,0.760858666,1.467902504,0.003546972,1.467906052,2.000000000,0.000000000,0.000000000,0.000000000,1.000000000,1.781098333,1.021747510,1.061094577,0.000000000,1.781098333,1.066700352,1.065370971,1,0,0,0.000000000,0.159089920,-0.333438839,0.692155876,0.819488382,-0.063541266,-0.101580816,5.104636762,12.226346008,-4.560907637,-130.900726435,-0.071900384,142.887803932,44.906964268,-0.000225469,0.001243292,0.000149174,-0.000239948,-0.006457725,0.000083558,0.000015612,0.000000000,0.000000000,0.000000000,0.000000000,0.000000000,0.000000000,0.000000000,-0.001206128,-0.000020354,0.001193774,0.000000099,-0.000420574,-0.000000302,0.000296846,0.000000000,0.000000000,0.000000000,0.000000000,0.000000000,0.000000000,0.000000000,0.308453137,0.128216327,-0.310693917,0.283969568,0.801739960,0.435382836,0.069457429
13.851000000,0,13.851000000,sample,0.215271684,0.000003785,0.000000000,0.000000000,0.000000000,0.000000000,0.000000000,0,0,2.000000000,0.080000000,0.000000000,0.000000000,0.000173743,0.000000000,0.001318808,0.000000000,0.000000000,0.000000000,0.001023721,0.169716739,4,24.759212242,0,0.000000000,0.784849490,0.828262431,0.787033144,0.828282153,0.475214266,0.076567109,1.581410094,0.725326312,1.413319955,0.000347485,1.413320134,2.000000000,0.000000000,0.000000000,0.000000000,1.000000000,1.699149032,0.996671841,1.060216928,0.000000000,1.782849189,1.024379089,1.061663006,1,0,0,0.000000000,0.159949710,-0.333345342,0.692304626,0.819535264,-0.063555537,-0.101692181,5.104636762,12.226250301,-4.560907638,-130.900894242,-0.071990804,142.887862689,44.906923469,0.000326963,-0.000409786,0.000474275,-0.000509390,-0.000413702,-0.000305832,-0.000155171,0.000000000,0.000000000,0.000000000,0.000000000,0.000000000,0.000000000,0.000000000,-0.000118160,-0.000001994,0.000116950,0.000000010,-0.000041202,-0.000000030,0.000029081,0.000000000,0.000000000,0.000000000,0.000000000,0.000000000,0.000000000,0.000000000,0.298564481,0.097479258,-0.321134760,0.291429764,0.801649914,0.435369996,0.071892417
13.901000000,0,13.901000000,sample,0.215271281,-0.000008058,0.000000000,0.000000000,0.000000000,0.000000000,0.000000000,0,0,2.000000000,0.080000000,0.000000000,0.000000000,0.000811771,0.000000000,0.004285614,0.000000000,0.000000000,0.000000000,0.001906798,0.425724771,1,69.177028383,0,0.000000000,0.782966009,0.828198650,0.785451878,0.828277488,1.179983249,0.112716040,1.575308075,0.723181452,1.389915528,0.001623543,1.389914192,2.000000000,0.000000000,0.000000000,0.000000000,1.000000000,1.702146440,0.999652619,1.060840959,0.000000000,1.907309238,1.070343530,1.063943142,1,0,0,0.000000000,0.156354137,-0.336347001,0.689535967,0.819463824,-0.063047230,-0.102064158,5.104842626,12.226250301,-4.560811929,-130.900505837,-0.071914866,142.887983519,44.906795244,0.001585936,0.000212861,0.000405319,0.000942934,0.000093817,0.000028127,0.000111243,0.000000000,0.000000000,0.000000000,0.000000000,0.000000000,0.000000000,0.000000000,0.000552076,0.000009316,-0.000546422,-0.000000045,0.000192507,0.000000138,-0.000135873,0.000000000,0.000000000,0.000000000,0.000000000,0.000000000,0.000000000,0.000000000,0.301996811,0.098582359,-0.318168272,0.290889120,0.802686200,0.435194175,0.070116697
13.951000000,0,13.951000000,sample,0.215271335,0.000001072,0.000000000,0.000000000,0.000000000,0.000000000,0.000000000,0,0,2.000000000,0.080000000,0.000000000,0.000000000,0.002385776,0.000000000,0.004170211,0.000000000,0.000000000,0.000000000,0.003098523,0.769972032,1,91.494264382,0,0.000000000,0.782271649,0.828243222,0.786392112,0.828300149,1.151469460,0.126697243,1.590374917,0.727716663,1.414115179,0.004771553,1.414122208,2.000000000,0.000000000,0.000000000,0.000000000,1.000000000,1.708303594,1.028213258,1.062916037,0.000000000,1.723501274,1.028213258,1.062916037,1,0,0,0.000000000,0.157877361,-0.331511330,0.690741565,0.819573025,-0.063245875,-0.101424115,5.104636595,12.226250301,-4.561101410,-130.900688570,-0.071990888,142.887963598,44.907005067,0.002963819,0.000147203,-0.000731233,0.000057985,-0.000298381,0.000259517,0.000317032,0.000000000,0.000000000,0.000000000,0.000000000,0.000000000,0.000000000,0.000000000,0.001622540,0.000027382,-0.001605921,-0.000000133,0.000565773,0.000000407,-0.000399329,0.000000000,0.000000000,0.000000000,0.000000000,0.000000000,0.000000000,0.000000000,0.254892473,0.102740909,-0.361873252,0.288145164,0.803881336,0.434605089,0.071958057
14.001000000,0,14.001000000,sample,0.215271324,-0.000000211,0.000000000,0.000000000,0.000000000,0.000000000,0.000000000,0,0,2.000000000,0.080000000,0.000000000,0.000000000,0.000173244,0.000000000,0.004449164,0.000000000,0.000000000,0.000000000,0.001186629,0.145996707,7,35.895039208,0,0.000000000,0.781022625,0.828136901,0.785379241,0.828291148,0.692813628,0.057454786,1.533287418,0.721856549,1.346538135,0.000346488,1.346538718,2.000000000,0.000000000,0.000000000,0.000000000,1.000000000,1.750130013,1.022892810,1.062506905,0.000000000,1.750130013,1.046687596,1.065121726,1,0,0,0.000000000,0.157052016,-0.331598042,0.689473526,0.819463249,-0.063073903,-0.101549959,5.104541053,12.226154592,-4.561019298,-130.900635102,-0.071853720,142.887990839,44.906754445,-0.000432726,-0.000134900,-0.000474300,0.000649381,0.000130013,0.000183426,-0.000710939,0.000000000,0.000000000,0.000000000,0.000000000,0.000000000,0.000000000,0.000000000,0.000117821,0.000001988,-0.000116615,-0.000000010,0.000041083,0.000000029,-0.000028997,0.000000000,0.000000000,0.000000000,0.000000000,0.000000000,0.000000000,0.000000000,0.292819060,0.113365084,-0.323910531,0.293205377,0.803831920,0.433942487,0.070618817
14.051000000,0,14.051000000,sample,0.215271548,0.000004466,0.000000000,0.000000000,0.000000000,0.000000000,0.000000000,0,0,2.000000000,0.080000000,0.000000000,0.000000000,0.000257155,0.000000000,0.001629543,0.000000000,0.000000000,0.000000000,0.001183232,0.217332413,7,54.105786791,0,0.000000000,0.783462650,0.828183079,0.786251868,0.828275774,0.498038499,0.025006533,1.580380470,0.723255809,1.402670421,0.000514309,1.402670582,2.000000000,0.000000000,0.000000000,0.000000000,1.000000000,1.734441942,1.009501308,1.061048503,0.000000000,1.762292703,1.023656449,1.062650553,1,0,0,0.000000000,0.158894351,-0.332309978,0.691474069,0.819492608,-0.063416664,-0.101476126,5.104514957,12.226250301,-4.560907638,-130.900774498,-0.071922205,142.887882173,44.906964268,0.000395553,-0.000173969,0.000489650,-0.000255050,-0.000206016,-0.000329482,0.000870345,0.000000000,0.000000000,0.000000000,0.000000000,0.000000000,0.000000000,0.000000000,-0.000174888,-0.000002951,0.000173097,0.000000014,-0.000060983,-0.000000044,0.000043042,0.000000000,0.000000000,0.000000000,0.000000000,0.000000000,0.000000000,0.000000000,0.301898472,0.108380659,-0.314695389,0.292222296,0.802684561,0.434893986,0.071221683
14.101000000,0,14.101000000,sample,0.215271458,-0.000001787,0.000000000,0.000000000,0.000000000,0.000000000,0.000000000,0,0,2.000000000,0.080000000,0.000000000,0.000000000,0.000416384,0.000000000,0.001981999,0.000000000,0.000000000,0.000000000,0.001416181,0.294018726,3,69.652759600,0,0.000000000,0.782458927,0.828036774,0.785694813,0.828291856,0.978762148,0.102268219,1.555015587,0.723548147,1.375506783,0.000832767,1.375506214,2.000000000,0.000000000,0.000000000,0.000000000,1.000000000,1.727918487,1.012188941,1.060692707,0.000000000,1.747539500,1.017312012,1.061825721,1,0,0,0.000000000,0.158400037,-0.330904074,0.691125093,0.819396832,-0.063287454,-0.101135695,5.104541054,12.226236704,-4.561101354,-130.900769939,-0.071699169,142.887990512,44.906964268,-0.000513464,-0.000083957,-0.001181920,-0.000567531,-0.000060039,0.000066260,0.000088621,0.000000000,0.000000000,0.000000000,0.000000000,0.000000000,0.000000000,0.000000000,0.000283178,0.000004779,-0.000280277,-0.000000023,0.000098743,0.000000071,-0.000069694,0.000000000,0.000000000,0.000000000,0.000000000,0.000000000,0.000000000,0.000000000,0.293627383,0.104349552,-0.318707557,0.295117578,0.802883410,0.435373144,0.071573142
14.151000000,0,14.151000000,sample,0.215271673,0.000004296,0.000000000,0.000000000,0.000000000,0.000000000,0.000000000,0,0,2.000000000,0.080000000,0.000000000,0.000000000,0.001917585,0.000000000,0.002110065,0.000000000,0.000000000,0.000000000,0.002442579,0.785065688,1,42.356175196,0,0.000000000,0.783552746,0.827957419,0.787016501,0.828262722,0.390709873,0.048162042,1.579551824,0.717951014,1.403539828,0.003835169,1.403545548,2.000000000,0.000000000,0.000000000,0.000000000,1.000000000,1.732290152,1.014948343,1.058258171,0.000000000,1.765528866,1.026179812,1.061950273,1,0,0,0.000000000,0.158623335,-0.332932175,0.691339071,0.819275004,-0.063348797,-0.101434144,5.104349611,12.226245769,-4.560716220,-130.900769500,-0.071630085,142.887945284,44.906795244,-0.001589670,-0.000252316,0.001511767,-0.000824531,0.000469661,0.000038109,-0.000433765,0.000000000,0.000000000,0.000000000,0.000000000,0.000000000,0.000000000,0.000000000,-0.001304128,-0.000022007,0.001290770,0.000000107,-0.000454744,-0.000000325,0.000320963,0.000000000,0.000000000,0.000000000,0.000000000,0.000000000,0.000000000,0.000000000,0.289916060,0.110333356,-0.320494311,0.287737970,0.802437519,0.434888123,0.071709074
14.201000000,0,14.201000000,sample,0.215271694,0.000000419,0.000000000,0.000000000,0.000000000,0.000000000,0.000000000,0,0,2.000000000,0.080000000,0.000000000,0.000000000,0.000413524,0.000000000,0.001703958,0.000000000,0.000000000,0.000000000,0.001555426,0.265859022,3,70.276571567,0,0.000000000,0.784474577,0.828128361,0.787534868,0.828274225,1.113173489,0.128145510,1.591414267,0.723988528,1.419276966,0.000827048,1.419276444,2.000000000,0.000000000,0.000000000,0.000000000,1.000000000,1.718550920,1.008000632,1.059487329,0.000000000,1.736390691,1.013938386,1.059487329,1,0,0,0.000000000,0.159533235,-0.335125676,0.691115251,0.819408133,-0.063523740,-0.101644617,5.104610609,12.226154089,-4.560716220,-130.900811182,-0.071858634,142.887716738,44.907024981,0.000748229,-0.000018506,0.001303931,0.000182814,-0.000213797,-0.000279969,-0.000037581,0.000000000,0.000000000,0.000000000,0.000000000,0.000000000,0.000000000,0.000000000,-0.000281233,-0.000004746,0.000278353,0.000000023,-0.000098064,-0.000000070,0.000069214,0.000000000,0.000000000,0.000000000,0.000000000,0.000000000,0.000000000,0.000000000,0.293344269,0.105590959,-0.321435375,0.288042922,0.802744518,0.435285203,0.071775323
14.251000000,0,14.251000000,sample,0.215271410,-0.000005684,0.000000000,0.000000000,0.000000000,0.000000000,0.000000000,0,0,2.000000000,0.080000000,0.000000000,0.000000000,0.001665032,0.000000000,0.005251264,0.000000000,0.000000000,0.000000000,0.002257528,0.737546537,1,91.458490294,0,0.000000000,0.782617875,0.827960847,0.786590710,0.828237554,1.097310983,0.090596014,1.581406962,0.722326273,1.401585088,0.003330064,1.401587634,2.000000000,0.000000000,0.000000000,0.000000000,1.000000000,1.701940764,1.028758404,1.063733587,0.000000000,1.937368659,1.085627392,1.063733587,1,0,0,0.000000000,0.158238109,-0.332136673,0.690750802,0.819302527,-0.063406547,-0.101203473,5.104458910,12.226250301,-4.560906127,-130.900636709,-0.071606697,142.887754801,44.906930215,0.002158963,0.000007319,-0.000171828,0.000417909,0.000417779,-0.000212046,0.000107625,0.000000000,0.000000000,0.000000000,0.000000000,0.000000000,0.000000000,0.000000000,0.001132370,0.000019109,-0.001120772,-0.000000092,0.000394851,0.000000282,-0.000278690,0.000000000,0.000000000,0.000000000,0.000000000,0.000000000,0.000000000,0.000000000,0.258699522,0.097055308,-0.357855155,0.293402575,0.804246767,0.435279739,0.068972981
14.301000000,0,14.301000000,sample,0.215271401,-0.000000172,0.000000000,0.000000000,0.000000000,0.000000000,0.000000000,0,0,2.000000000,0.080000000,0.000000000,0.000000000,0.001067673,0.000000000,0.002365632,0.000000000,0.000000000,0.000000000,0.001327766,0.804112281,1,33.945791206,0,0.000000000,0.782581579,0.828032304,0.786126346,0.828208658,0.271748106,0.045290427,1.558308426,0.722067599,1.382182495,0.002135346,1.382184192,2.000000000,0.000000000,0.000000000,0.000000000,1.000000000,1.697591689,0.997826361,1.062719818,0.000000000,1.705666093,1.045695147,1.074165789,1,0,0,0.000000000,0.158349151,-0.333178336,0.690182346,0.819338367,-0.063358953,-0.101527234,5.104691684,12.226154592,-4.561019292,-130.900687054,-0.071640491,142.887756309,44.906754445,0.000773597,-0.000478665,-0.000511194,-0.000056133,0.000340386,-0.000146734,-0.000730430,0.000000000,0.000000000,0.000000000,0.000000000,0.000000000,0.000000000,0.000000000,0.000726113,0.000012254,-0.000718676,-0.000000059,0.000253190,0.000000181,-0.000178704,0.000000000,0.000000000,0.000000000,0.000000000,0.000000000,0.000000000,0.000000000,0.303568478,0.091650599,-0.315964316,0.298842463,0.802478674,0.436930137,0.069278613
14.351000000,0,14.351000000,sample,0.215271590,0.000003782,0.000000000,0.000000000,0.000000000,0.000000000,0.000000000,0,0,2.000000000,0.080000000,0.000000000,0.000000000,0.000680521,0.000000000,0.001370521,0.000000000,0.000000000,0.000000000,0.001066841,0.637884136,1,73.606209521,0,0.000000000,0.784673110,0.828075036,0.785898218,0.828202601,0.471417903,0.077234150,1.585367617,0.725127276,1.410196066,0.001361042,1.410196289,2.000000000,0.000000000,0.000000000,0.000000000,1.000000000,1.769088025,1.025755041,1.061549754,0.000000000,1.780288253,1.029023614,1.063696784,1,0,0,0.000000000,0.159245569,-0.334568553,0.691676674,0.819344374,-0.063487376,-0.101746814,5.104732471,12.226250301,-4.560907134,-130.900792199,-0.071675443,142.887829861,44.906713646,0.000915286,0.000377042,-0.000045692,0.000125070,-0.000143242,0.000065739,-0.000340103,0.000000000,0.000000000,0.000000000,0.000000000,0.000000000,0.000000000,0.000000000,0.000462815,0.000007810,-0.000458074,-0.000000038,0.000161381,0.000000116,-0.000113905,0.000000000,0.000000000,0.000000000,0.000000000,0.000000000,0.000000000,0.000000000,0.295866312,0.123286465,-0.320986025,0.285380395,0.802942632,0.435999152,0.069751870
14.401000000,0,14.401000000,sample,0.215271392,-0.000003960,0.000000000,0.000000000,0.000000000,0.000000000,0.000000000,0,0,2.000000000,0.080000000,0.000000000,0.000000000,0.000103536,0.000000000,0.001593724,0.000000000,0.000000000,0.000000000,0.000358503,0.288801155,3,53.837557623,0,0.000000000,0.782224828,0.828025923,0.786899163,0.828197426,0.185181897,0.018280040,1.560270238,0.723091989,1.378929873,0.000207072,1.378929838,2.000000000,0.000000000,0.000000000,0.000000000,1.000000000,1.730826479,1.014062509,1.058635046,0.000000000,1.768863846,1.026623490,1.062829436,1,0,0,0.000000000,0.157673378,-0.331732715,0.690628838,0.819377272,-0.063205861,-0.101256281,5.104540831,12.226250077,-4.561017786,-130.900675866,-0.071695778,142.887992762,44.906923469,-0.000059998,-0.000103366,-0.000263048,-0.000142650,-0.000097049,0.000112557,0.000051081,0.000000000,0.000000000,0.000000000,0.000000000,0.000000000,0.000000000,0.000000000,0.000070414,0.000001188,-0.000069693,-0.000000006,0.000024553,0.000000018,-0.000017330,0.000000000,0.000000000,0.000000000,0.000000000,0.000000000,0.000000000,0.000000000,0.292819282,0.108980173,-0.316322761,0.289350987,0.803440573,0.434248980,0.072217288
14.451000000,0,14.451000000,sample,0.215271323,-0.000001387,0.000000000,0.000000000,0.000000000,0.000000000,0.000000000,0,0,2.000000000,0.080000000,0.000000000,0.000000000,0.000357370,0.000000000,0.005479081,0.000000000,0.000000000,0.000000000,0.000963665,0.370844535,2,51.887340259,0,0.000000000,0.780260303,0.828030446,0.785909970,0.828197902,0.489993282,0.069397377,1.541164714,0.724148266,1.357829750,0.000714740,1.357829842,2.000000000,0.000000000,0.000000000,0.000000000,1.000000000,1.746089782,1.010138308,1.059306612,0.000000000,1.746089782,1.053936730,1.067020557,1,0,0,0.000000000,0.156457337,-0.332530180,0.688295665,0.819369814,-0.062962478,-0.101504945,5.104509942,12.226058883,-4.560907638,-130.900579508,-0.071751464,142.887952281,44.906795244,-0.000071848,-0.000694155,0.000241741,0.000094694,-0.000535317,0.000288811,0.000065225,0.000000000,0.000000000,0.000000000,0.000000000,0.000000000,0.000000000,0.000000000,-0.000243043,-0.000004101,0.000240554,0.000000020,-0.000084747,-0.000000061,0.000059815,0.000000000,0.000000000,0.000000000,0.000000000,0.000000000,0.000000000,0.000000000,0.304109448,0.114024685,-0.310216278,0.288430248,0.801435325,0.435732270,0.071126471
14.501000000,0,14.501000000,sample,0.215271388,0.000001296,0.000000000,0.000000000,0.000000000,0.000000000,0.000000000,0,0,2.000000000,0.080000000,0.000000000,0.000000000,0.000435912,0.000000000,0.004633454,0.000000000,0.000000000,0.000000000,0.001369288,0.318349427,2,46.190387233,0,0.000000000,0.784757821,0.828090475,0.786892889,0.828180182,0.380080461,0.024177288,1.573864871,0.724094566,1.394209634,0.000871824,1.394209388,2.000000000,0.000000000,0.000000000,0.000000000,1.000000000,1.725788755,0.966929435,1.059400486,0.000000000,1.754022914,1.014057056,1.060454925,1,0,0,0.000000000,0.157972913,-0.334159360,0.692262175,0.819367463,-0.063372933,-0.101757885,5.104731741,12.226457670,-4.560947303,-130.900630880,-0.071675434,142.887989601,44.906667268,0.000000322,0.000930616,-0.000460524,0.000644680,0.000056614,-0.000095914,-0.000607292,0.000000000,0.000000000,0.000000000,0.000000000,0.000000000,0.000000000,0.000000000,0.000296458,0.000005003,-0.000293422,-0.000000024,0.000103376,0.000000074,-0.000072964,0.000000000,0.000000000,0.000000000,0.000000000,0.000000000,0.000000000,0.000000000,0.364662932,0.104273597,-0.246890129,0.288935000,0.799526300,0.435524959,0.071518457
14.551000000,0,14.551000000,sample,0.215271322,-0.000001316,0.000000000,0.000000000,0.000000000,0.000000000,0.000000000,0,0,2.000000000,0.080000000,0.000000000,0.000000000,0.001151326,0.000000000,0.003684489,0.000000000,0.000000000,0.000000000,0.001834326,0.627656341,2,55.699595730,0,0.000000000,0.780108865,0.828019019,0.786528256,0.828169217,0.760745016,0.082079241,1.527108728,0.722896833,1.345347059,0.002302653,1.345348683,2.000000000,0.000000000,0.000000000,0.000000000,1.000000000,1.781625989,1.025845678,1.061107674,0.000000000,1.786402825,1.055922541,1.070627116,1,0,0,0.000000000,0.157417993,-0.332148642,0.688089163,0.819360670,-0.063090355,-0.101406085,5.104677815,12.225947223,-4.561115007,-130.900673791,-0.071675434,142.887803701,44.906795244,0.000884162,-0.001368997,-0.000792050,-0.000029660,-0.000058303,0.000019452,-0.000277229,0.000000000,0.000000000,0.000000000,0.000000000,0.000000000,0.000000000,0.000000000,0.000783006,0.000013214,-0.000774986,-0.000000064,0.000273023,0.000000195,-0.000192703,0.000000000,0.000000000,0.000000000,0.000000000,0.000000000,0.000000000,0.000000000,0.299560383,0.127094082,-0.313786198,0.285715343,0.803020700,0.435872172,0.071682195
14.601000000,0,14.601000000,sample,0.215271518,0.000003919,0.000000000,0.000000000,0.000000000,0.000000000,0.000000000,0,0,2.000000000,0.080000000,0.000000000,0.000000000,0.005010845,0.000000000,0.005010845,0.000000000,0.000000000,0.000000000,0.006860349,0.730406663,1,95.333183957,0,0.000000000,0.784648909,0.828028698,0.785718703,0.828123860,3.003579635,0.286727988,1.524642892,0.716530541,1.338428667,0.010021689,1.338460235,2.000000000,0.000000000,0.000000000,0.000000000,1.000000000,1.722822014,1.007390551,1.058798533,0.000000000,1.791929697,1.032616431,1.061989658,1,0,0,0.000000000,0.159145546,-0.332632274,0.692605499,0.819316622,-0.063630150,-0.101503697,5.104418499,12.226416879,-4.560807397,-130.900678827,-0.071640379,142.887742998,44.906713646,-0.006698356,0.000483263,0.001006397,-0.000003962,0.000248957,0.000055028,-0.000940748,0.000000000,0.000000000,0.000000000,0.000000000,0.000000000,0.000000000,0.000000000,-0.003407817,-0.000057508,0.003372911,0.000000278,-0.001188302,-0.000000850,0.000838718,0.000000000,0.000000000,0.000000000,0.000000000,0.000000000,0.000000000,0.000000000,0.298559499,0.107962486,-0.315966391,0.286743296,0.802742076,0.434400505,0.071453091
14.651000000,0,14.651000000,sample,0.215271527,0.000000174,0.000000000,0.000000000,0.000000000,0.000000000,0.000000000,0,0,2.000000000,0.080000000,0.000000000,0.000000000,0.001232618,0.000000000,0.002823891,0.000000000,0.000000000,0.000000000,0.002037267,0.605034914,7,39.259053564,0,0.000000000,0.781757189,0.828014274,0.787174653,0.828107033,0.709605283,0.121936034,1.543974231,0.721633739,1.364189267,0.002465235,1.364191380,2.000000000,0.000000000,0.000000000,0.000000000,1.000000000,1.715293630,1.012689888,1.060623237,0.000000000,1.727884091,1.016928366,1.060709572,1,0,0,0.000000000,0.157733703,-0.333596628,0.689186239,0.819323534,-0.063041526,-0.101697345,5.104732298,12.226017862,-4.561018795,-130.900792289,-0.071640212,142.888043859,44.906626219,0.001001854,-0.001030501,-0.000389543,-0.000049932,0.000367533,0.000407512,-0.001276491,0.000000000,0.000000000,0.000000000,0.000000000,0.000000000,0.000000000,0.000000000,0.000838290,0.000014147,-0.000829704,-0.000000069,0.000292303,0.000000209,-0.000206311,0.000000000,0.000000000,0.000000000,0.000000000,0.000000000,0.000000000,0.000000000,0.288483951,0.102914590,-0.326155563,0.290844905,0.803633138,0.435091827,0.070766655
14.701000000,0,14.701000000,sample,0.215271567,0.000000796,0.000000000,0.000000000,0.000000000,0.000000000,0.000000000,0,0,2.000000000,0.080000000,0.000000000,0.000000000,0.000326649,0.000000000,0.001579459,0.000000000,0.000000000,0.000000000,0.000915033,0.356980931,4,27.388592779,0,0.000000000,0.783332727,0.828013915,0.786446370,0.828106965,0.365327256,0.052009288,1.581023014,0.721699201,1.410258536,0.000653299,1.410258869,2.000000000,0.000000000,0.000000000,0.000000000,1.000000000,1.731108274,1.010510107,1.062421359,0.000000000,1.751089246,1.023915656,1.063775646,1,0,0,0.000000000,0.159292640,-0.331555548,0.691597379,0.819323427,-0.063532043,-0.101389569,5.104404202,12.226245769,-4.560907638,-130.900771070,-0.071640463,142.887761833,44.906713646,-0.000207468,-0.000047917,0.000473180,-0.000478874,0.000230099,-0.000251525,-0.000471716,0.000000000,0.000000000,0.000000000,0.000000000,0.000000000,0.000000000,0.000000000,-0.000222151,-0.000003749,0.000219875,0.000000018,-0.000077463,-0.000000055,0.000054674,0.000000000,0.000000000,0.000000000,0.000000000,0.000000000,0.000000000,0.000000000,0.304037064,0.109964563,-0.317827204,0.286952824,0.803908146,0.435697009,0.068935894
14.751000000,0,14.751000000,sample,0.215271458,-0.000002161,0.000000000,0.000000000,0.000000000,0.000000000,0.000000000,0,0,2.000000000,0.080000000,0.000000000,0.000000000,0.000160496,0.000000000,0.001535839,0.000000000,0.000000000,0.000000000,0.000714110,0.224749296,5,45.448237236,0,0.000000000,0.782342623,0.827949152,0.786112809,0.828104283,0.172574212,0.035414994,1.567844642,0.719881967,1.388188118,0.000320991,1.388188107,2.000000000,0.000000000,0.000000000,0.000000000,1.000000000,1.720396088,1.008233868,1.061251925,0.000000000,1.729702089,1.019346677,1.063645960,1,0,0,0.000000000,0.158159376,-0.332917782,0.690080678,0.819287283,-0.063322091,-0.101284051,5.104527517,12.226154592,-4.560894041,-130.900674389,-0.071599412,142.887781312,44.906923469,0.000135019,-0.000238477,0.000016914,-0.000217847,0.000481419,-0.000346866,0.000187155,0.000000000,0.000000000,0.000000000,0.000000000,0.000000000,0.000000000,0.000000000,0.000109151,0.000001842,-0.000108033,-0.000000009,0.000038060,0.000000027,-0.000026863,0.000000000,0.000000000,0.000000000,0.000000000,0.000000000,0.000000000,0.000000000,0.300846821,0.106304088,-0.317379698,0.287572311,0.804248648,0.435052433,0.070228677
14.801000000,0,14.801000000,sample,0.215271618,0.000003186,0.000000000,0.000000000,0.000000000,0.000000000,0.000000000,0,0,2.000000000,0.080000000,0.000000000,0.000000000,0.000304104,0.000000000,0.001360496,0.000000000,0.000000000,0.000000000,0.001321781,0.230071494,7,70.386223769,0,0.000000000,0.784824269,0.828038068,0.786015784,0.828074317,0.312288959,0.060772393,1.577107501,0.724010609,1.409053314,0.000608208,1.409053363,2.000000000,0.000000000,0.000000000,0.000000000,1.000000000,1.732339903,1.020603927,1.062155333,0.000000000,1.752036334,1.023879902,1.063440788,1,0,0,0.000000000,0.159932114,-0.332399178,0.692734898,0.819323937,-0.063694293,-0.101480855,5.104456137,12.226346010,-4.560866840,-130.900792289,-0.071639710,142.887720747,44.906713646,-0.000097620,0.000454260,-0.000228695,0.000134034,0.000108864,-0.000468384,-0.001108928,0.000000000,0.000000000,0.000000000,0.000000000,0.000000000,0.000000000,0.000000000,0.000206818,0.000003490,-0.000204699,-0.000000017,0.000072117,0.000000052,-0.000050901,0.000000000,0.000000000,0.000000000,0.000000000,0.000000000,0.000000000,0.000000000,0.288247835,0.105306739,-0.325148281,0.295305829,0.803796325,0.436095002,0.069305906
14.851000000,0,14.851000000,sample,0.215271585,-0.000000648,0.000000000,0.000000000,0.000000000,0.000000000,0.000000000,0,0,2.000000000,0.080000000,0.000000000,0.000000000,0.000502728,0.000000000,0.001675775,0.000000000,0.000000000,0.000000000,0.001185939,0.423907144,1,49.332006718,0,0.000000000,0.782577751,0.828010841,0.786032328,0.828094932,0.679097608,0.067978882,1.533466558,0.721076486,1.347750271,0.001005456,1.347750068,2.000000000,0.000000000,0.000000000,0.000000000,1.000000000,1.717379175,1.010963763,1.060975748,0.000000000,1.756166713,1.025170379,1.062642514,1,0,0,0.000000000,0.159009097,-0.331548390,0.690810906,0.819336147,-0.063413623,-0.101335798,5.104404501,12.226153082,-4.560907619,-130.900792127,-0.071675350,142.887808184,44.906795244,-0.000832965,-0.000818304,-0.000084042,0.000015388,-0.000037683,0.000105188,-0.000152366,0.000000000,0.000000000,0.000000000,0.000000000,0.000000000,0.000000000,0.000000000,-0.000341900,-0.000005770,0.000338398,0.000000028,-0.000119218,-0.000000085,0.000084145,0.000000000,0.000000000,0.000000000,0.000000000,0.000000000,0.000000000,0.000000000,0.294063498,0.101976362,-0.320996796,0.293143613,0.803282757,0.435531267,0.069815656
14.901000000,0,14.901000000,sample,0.215271624,0.000000778,0.000000000,0.000000000,0.000000000,0.000000000,0.000000000,0,0,2.000000000,0.080000000,0.000000000,0.000000000,0.000795807,0.000000000,0.001596490,0.000000000,0.000000000,0.000000000,0.001631568,0.487755839,7,62.622039488,0,0.000000000,0.783884965,0.828101618,0.785120418,0.828112476,0.364592497,0.121254304,1.560789322,0.726603946,1.394088327,0.001591614,1.394089258,2.000000000,0.000000000,0.000000000,0.000000000,1.000000000,1.748686464,1.022219622,1.063204306,0.000000000,1.752469953,1.023457662,1.063204306,1,0,0,0.000000000,0.159765375,-0.333328149,0.691261896,0.819379360,-0.063567782,-0.101631147,5.104605645,12.226154592,-4.560907638,-130.900831616,-0.071744169,142.887694093,44.906754445,0.000741178,-0.000365439,-0.000249029,0.000206958,-0.000370000,-0.000265272,-0.001291127,0.000000000,0.000000000,0.000000000,0.000000000,0.000000000,0.000000000,0.000000000,0.000541220,0.000009133,-0.000535677,-0.000000044,0.000188719,0.000000135,-0.000133200,0.000000000,0.000000000,0.000000000,0.000000000,0.000000000,0.000000000,0.000000000,0.291125153,0.112050432,-0.324411664,0.293365640,0.804308239,0.435669950,0.071188949
14.951000000,0,14.951000000,sample,0.215271331,-0.000005876,0.000000000,0.000000000,0.000000000,0.000000000,0.000000000,0,0,2.000000000,0.080000000,0.000000000,-0.000000000,0.000167343,0.000000000,0.001346302,0.000000000,0.000000000,0.000000000,0.001478110,0.113214204,2,43.990128544,0,0.000000000,0.780564010,0.828036586,0.786988064,0.828095095,0.822830623,0.052127566,1.528346605,0.723465022,1.350753793,0.000334686,1.350752426,2.000000000,0.000000000,0.000000000,0.000000000,1.000000000,1.724383960,1.013294278,1.057784746,0.000000000,1.767575569,1.026729014,1.063635731,1,0,0,0.000000000,0.157443603,-0.329738370,0.689756691,0.819401472,-0.063136144,-0.101191124,5.104427077,12.226154592,-4.561115007,-130.900673791,-0.071716232,142.887966343,44.906795244,-0.000525117,-0.000980357,-0.000784860,-0.000290912,-0.000250013,-0.000161106,-0.000398580,0.000000000,0.000000000,0.000000000,0.000000000,0.000000000,0.000000000,0.000000000,0.000113808,0.000001921,-0.000112643,-0.000000009,0.000039684,0.000000028,-0.000028010,0.000000000,0.000000000,0.000000000,0.000000000,0.000000000,0.000000000,0.000000000,0.296747911,0.109941947,-0.314305277,0.283698801,0.803764974,0.434300167,0.069530060
15.001000000,0,15.001000000,sample,0.215271446,0.000002303,0.000000000,0.000000000,0.000000000,0.000000000,0.000000000,0,0,2.000000000,0.080000000,0.000000000,0.000000000,0.000126379,0.000000000,0.001395104,0.000000000,0.000000000,0.000000000,0.001832661,0.068959352,7,47.259430584,0,0.000000000,0.783171327,0.827954577,0.785204871,0.828099654,0.588416527,0.086350086,1.595087827,0.722512442,1.423111577,0.000252758,1.423110951,2.000000000,0.000000000,0.000000000,0.000000000,1.000000000,1.734851118,1.012514451,1.061995481,0.000000000,1.738340624,1.018952163,1.063262132,1,0,0,0.000000000,0.157877307,-0.330692188,0.692152266,0.819299424,-0.063344939,-0.101215883,5.104264197,12.226443906,-4.560866845,-130.900636547,-0.071592796,142.888012796,44.906754445,-0.000223490,0.001162796,0.000432865,0.000128473,0.000391099,0.000111764,-0.001259872,0.000000000,0.000000000,0.000000000,0.000000000,0.000000000,0.000000000,0.000000000,-0.000085949,-0.000001450,0.000085069,0.000000007,-0.000029971,-0.000000021,0.000021154,0.000000000,0.000000000,0.000000000,0.000000000,0.000000000,0.000000000,0.000000000,0.305784044,0.110992565,-0.313152326,0.287610041,0.804689153,0.434645807,0.069178353
15.051000000,0,15.051000000,sample,0.215271516,0.000001407,0.000000000,0.000000000,0.000000000,0.000000000,0.000000000,0,0,2.000000000,0.080000000,0.000000000,0.000000000,0.000593941,0.000000000,0.001281883,0.000000000,0.000000000,0.000000000,0.001355304,0.438234408,1,56.358898205,0,0.000000000,0.783089313,0.827980089,0.786372057,0.828115396,0.907141142,0.097432694,1.571475232,0.724258515,1.393500601,0.001187882,1.393500664,2.000000000,0.000000000,0.000000000,0.000000000,1.000000000,1.723340066,1.007974277,1.061252625,0.000000000,1.752891775,1.029343365,1.063201157,1,0,0,0.000000000,0.159427425,-0.329147386,0.692440443,0.819348254,-0.063582875,-0.100879558,5.104262714,12.226344499,-4.561019298,-130.900774326,-0.071628035,142.887809670,44.906964268,-0.001017462,0.000451058,-0.000346740,-0.000469197,-0.000332500,0.000105623,0.000368893,0.000000000,0.000000000,0.000000000,0.000000000,0.000000000,0.000000000,0.000000000,-0.000403932,-0.000006817,0.000399795,0.000000033,-0.000140850,-0.000000101,0.000099414,0.000000000,0.000000000,0.000000000,0.000000000,0.000000000,0.000000000,0.000000000,0.300181806,0.106819168,-0.317090842,0.288363104,0.804126003,0.435124340,0.071316048
15.101000000,0,15.101000000,sample,0.215271637,0.000002425,0.000000000,0.000000000,0.000000000,0.000000000,0.000000000,0,0,2.000000000,0.080000000,0.000000000,0.000000000,0.000910322,0.000000000,0.004524368,0.000000000,0.000000000,0.000000000,0.002869681,0.317220764,3,48.783945795,0,0.000000000,0.783496489,0.827835164,0.784609520,0.828050165,1.666024174,0.099699650,1.601141582,0.720338687,1.413349249,0.001820645,1.413350466,2.000000000,0.000000000,0.000000000,0.000000000,1.000000000,1.719343617,0.991052716,1.062277314,0.000000000,1.726382716,1.050310742,1.066541657,1,0,0,0.000000000,0.157844068,-0.335361320,0.690278773,0.819182234,-0.063111772,-0.101333262,5.104689615,12.226154592,-4.560811929,-130.900771094,-0.071456993,142.888087093,44.907005067,0.001026221,-0.000572025,0.002004343,-0.000637799,-0.000054922,0.000614774,0.001431636,0.000000000,0.000000000,0.000000000,0.000000000,0.000000000,0.000000000,0.000000000,-0.000619100,-0.000010447,0.000612759,0.000000050,-0.000215877,-0.000000154,0.000152368,0.000000000,0.000000000,0.000000000,0.000000000,0.000000000,0.000000000,0.000000000,0.327958837,0.105030540,-0.293875421,0.287908805,0.803862196,0.435223692,0.070543204
15.151000000,0,15.151000000,sample,0.215271211,-0.000008526,0.000000000,0.000000000,0.000000000,0.000000000,0.000000000,0,0,2.000000000,0.080000000,0.000000000,0.000000000,0.000152517,0.000000000,0.002235776,0.000000000,0.000000000,0.000000000,0.001779216,0.085721494,7,54.168130600,0,0.000000000,0.781797602,0.827921030,0.785178657,0.828075342,0.685723029,0.114881784,1.541022169,0.717581053,1.337454234,0.000305034,1.337454851,2.000000000,0.000000000,0.000000000,0.000000000,1.000000000,1.721871249,1.005049768,1.062426434,0.000000000,1.758015080,1.022835119,1.063690824,1,0,0,0.000000000,0.157161473,-0.331226213,0.690504857,0.819301203,-0.063337618,-0.100931252,5.104359850,12.226346010,-4.560907638,-130.900466368,-0.071592090,142.887747709,44.907092493,0.000010157,-0.000082730,0.000097213,0.001072160,0.000532201,-0.000041162,0.001309485,0.000000000,0.000000000,0.000000000,0.000000000,0.000000000,0.000000000,0.000000000,-0.000103725,-0.000001750,0.000102663,0.000000008,-0.000036169,-0.000000026,0.000025528,0.000000000,0.000000000,0.000000000,0.000000000,0.000000000,0.000000000,0.000000000,0.306910326,0.105078018,-0.313473225,0.290993163,0.804330215,0.434296553,0.070792063
15.201000000,0,15.201000000,sample,0.215271429,0.000004352,0.000000000,0.000000000,0.000000000,0.000000000,0.000000000,0,0,2.000000000,0.080000000,0.000000000,0.000000000,0.000283161,0.000000000,0.001322962,0.000000000,0.000000000,0.000000000,0.001352066,0.209428408,7,88.318943940,0,0.000000000,0.781585283,0.827776381,0.786423988,0.828135903,0.108994290,0.057748079,1.563606265,0.721915921,1.377787237,0.000566322,1.377787359,2.000000000,0.000000000,0.000000000,0.000000000,1.000000000,1.670676174,0.989394988,1.057785187,0.000000000,1.912203604,1.073164785,1.063104117,1,0,0,0.000000000,0.157380224,-0.332800024,0.689457152,0.819167662,-0.063086405,-0.100986060,5.104618529,12.226113297,-4.561019292,-130.900687078,-0.071365809,142.887985259,44.907005067,0.000065115,-0.000001720,0.000131195,0.000186334,-0.000111168,-0.000380796,0.001270647,0.000000000,0.000000000,0.000000000,0.000000000,0.000000000,0.000000000,0.000000000,-0.000192575,-0.000003250,0.000190602,0.000000016,-0.000067149,-0.000000048,0.000047395,0.000000000,0.000000000,0.000000000,0.000000000,0.000000000,0.000000000,0.000000000,0.301864165,0.087795211,-0.311130055,0.294424721,0.803501736,0.430773062,0.073561064
15.251000000,0,15.251000000,sample,0.215271537,0.000002167,0.000000000,0.000000000,0.000000000,0.000000000,0.000000000,0,0,2.000000000,0.080000000,0.000000000,0.000000000,0.000499022,0.000000000,0.001650275,0.000000000,0.000000000,0.000000000,0.001776919,0.280835578,7,49.827382642,0,0.000000000,0.781937242,0.827807402,0.784617853,0.828005054,0.367911392,0.095038792,1.554888869,0.723121212,1.389895382,0.000998044,1.389895542,2.000000000,0.000000000,0.000000000,0.000000000,1.000000000,1.730827173,1.012398134,1.057009789,0.000000000,1.748949693,1.023450459,1.057789111,1,0,0,0.000000000,0.157689992,-0.332629706,0.689867520,0.819143616,-0.063198080,-0.101364856,5.104360409,12.226150060,-4.560785263,-130.900673905,-0.071403042,142.887905625,44.906626219,-0.000332665,-0.000790119,0.000658800,-0.000125911,-0.000126942,-0.000619057,-0.001254301,0.000000000,0.000000000,0.000000000,0.000000000,0.000000000,0.000000000,0.000000000,-0.000339380,-0.000005727,0.000335904,0.000000028,-0.000118339,-0.000000084,0.000083525,0.000000000,0.000000000,0.000000000,0.000000000,0.000000000,0.000000000,0.000000000,0.302148735,0.108534032,-0.307943675,0.293821133,0.802635075,0.428584207,0.071613878
15.301000000,0,15.301000000,sample,0.215271674,0.000002737,0.000000000,0.000000000,0.000000000,0.000000000,0.000000000,0,0,2.000000000,0.080000000,0.000000000,0.000000000,0.000236314,0.000000000,0.001580238,0.000000000,0.000000000,0.000000000,0.001711871,0.138044425,7,77.240636721,0,0.000000000,0.783574683,0.827812113,0.786962810,0.828017813,0.476265731,0.118407677,1.577740784,0.722171591,1.391902992,0.000472629,1.391903265,2.000000000,0.000000000,0.000000000,0.000000000,1.000000000,1.715166764,1.014670476,1.054483037,0.000000000,1.740863019,1.023107902,1.056930122,1,0,0,0.000000000,0.159263876,-0.331305078,0.691998011,0.819202071,-0.063377398,-0.100817492,5.104467589,12.226250133,-4.561017788,-130.900888486,-0.071400862,142.888032620,44.907051694,0.000142620,0.000165031,-0.000570738,-0.000541264,0.000021277,-0.000015095,0.001504506,0.000000000,0.000000000,0.000000000,0.000000000,0.000000000,0.000000000,0.000000000,0.000160715,0.000002712,-0.000159068,-0.000000013,0.000056041,0.000000040,-0.000039554,0.000000000,0.000000000,0.000000000,0.000000000,0.000000000,0.000000000,0.000000000,0.291468120,0.107078217,-0.315091210,0.287775013,0.802999879,0.428447938,0.071004906
15.351000000,0,15.351000000,sample,0.215271529,-0.000002892,0.000000000,0.000000000,0.000000000,0.000000000,0.000000000,0,0,2.000000000,0.080000000,0.000000000,0.000000000,0.000172012,0.000000000,0.001400224,0.000000000,0.000000000,0.000000000,0.001636856,0.105087042,1,37.776044599,0,0.000000000,0.781275931,0.827764749,0.786041928,0.827958209,0.925634542,0.083048917,1.550549750,0.721177822,1.376297685,0.000344025,1.376295827,2.000000000,0.000000000,0.000000000,0.000000000,1.000000000,1.744363622,1.024092784,1.058908285,0.000000000,1.748888996,1.024531083,1.059430046,1,0,0,0.000000000,0.158088928,-0.329855264,0.690358948,0.819171412,-0.063193055,-0.100793431,5.104303797,12.226154536,-4.561019298,-130.900769446,-0.071365817,142.888005581,44.906882670,-0.001006048,-0.000561761,-0.000600723,-0.000868993,0.000196833,-0.000183844,-0.000403772,0.000000000,0.000000000,0.000000000,0.000000000,0.000000000,0.000000000,0.000000000,-0.000116984,-0.000001974,0.000115786,0.000000010,-0.000040791,-0.000000029,0.000028791,0.000000000,0.000000000,0.000000000,0.000000000,0.000000000,0.000000000,0.000000000,0.292977924,0.112207946,-0.318163684,0.295803551,0.803733065,0.427815663,0.071548010
15.401000000,0,15.401000000,sample,0.215271448,-0.000001617,0.000000000,0.000000000,0.000000000,0.000000000,0.000000000,0,0,2.000000000,0.080000000,0.000000000,0.000000000,0.001215976,0.000000000,0.001239726,0.000000000,0.000000000,0.000000000,0.002464741,0.493348250,3,51.151677117,0,0.000000000,0.781110206,0.827860283,0.786716813,0.827961579,0.937825148,0.136513166,1.520004268,0.724434809,1.328553303,0.002431952,1.328555490,2.000000000,0.000000000,0.000000000,0.000000000,1.000000000,1.703481648,1.007565358,1.059529725,0.000000000,1.753185938,1.025983109,1.060315115,1,0,0,0.000000000,0.158118362,-0.329292130,0.690433510,0.819278405,-0.063167432,-0.100724475,5.104455621,12.226154536,-4.561210716,-130.900796518,-0.071476548,142.888053845,44.907005067,0.000514220,-0.001020326,-0.001762793,0.000044123,-0.000449613,-0.000042807,0.001206687,0.000000000,0.000000000,0.000000000,0.000000000,0.000000000,0.000000000,0.000000000,0.000826972,0.000013956,-0.000818501,-0.000000067,0.000288360,0.000000206,-0.000203528,0.000000000,0.000000000,0.000000000,0.000000000,0.000000000,0.000000000,0.000000000,0.301296251,0.098313296,-0.314880868,0.296068716,0.804179021,0.428664898,0.069958313
15.451000000,0,15.451000000,sample,0.215271518,0.000001395,0.000000000,0.000000000,0.000000000,0.000000000,0.000000000,0,0,2.000000000,0.080000000,0.000000000,0.000000000,0.000876207,0.000000000,0.001528627,0.000000000,0.000000000,0.000000000,0.001741989,0.502992068,7,55.340901797,0,0.000000000,0.783119970,0.827882523,0.785269720,0.827904165,0.539211693,0.053185517,1.547519770,0.725562255,1.371047635,0.001752413,1.371049151,2.000000000,0.000000000,0.000000000,0.000000000,1.000000000,1.713504909,1.011767245,1.060858694,0.000000000,1.717945188,1.011767245,1.061185105,1,0,0,0.000000000,0.158555365,-0.332461828,0.691090599,0.819200024,-0.063405109,-0.101393212,5.104467610,12.226245769,-4.560896924,-130.900709578,-0.071441578,142.887827578,44.906626219,0.000144007,0.000198136,-0.000908803,0.000648050,-0.000221857,0.000009071,-0.001295891,0.000000000,0.000000000,0.000000000,0.000000000,0.000000000,0.000000000,0.000000000,0.000595898,0.000010056,-0.000589795,-0.000000049,0.000207787,0.000000148,-0.000146658,0.000000000,0.000000000,0.000000000,0.000000000,0.000000000,0.000000000,0.000000000,0.294493888,0.102542342,-0.323220744,0.293632065,0.804416376,0.430505578,0.071185601
15.501000000,0,15.501000000,sample,0.215271605,0.000001732,0.000000000,0.000000000,0.000000000,0.000000000,0.000000000,0,0,2.000000000,0.080000000,0.000000000,0.000000000,0.000626834,0.000000000,0.001214807,0.000000000,0.000000000,0.000000000,0.001603822,0.390837832,7,44.778472839,0,0.000000000,0.785490258,0.827849821,0.785490258,0.827896970,0.751642402,0.104460768,1.607218653,0.724820230,1.439136050,0.001253669,1.439136631,2.000000000,0.000000000,0.000000000,0.000000000,1.000000000,1.720025476,1.014603008,1.062416501,0.000000000,1.747787312,1.021629334,1.062416501,1,0,0,0.000000000,0.159112068,-0.333382312,0.693205979,0.819174667,-0.063511296,-0.101264532,5.104576369,12.226457167,-4.560907638,-130.900770907,-0.071365808,142.887990516,44.906795244,0.000495370,0.000992506,-0.000096293,-0.000368848,0.000143567,0.000155051,-0.001073225,0.000000000,0.000000000,0.000000000,0.000000000,0.000000000,0.000000000,0.000000000,0.000426303,0.000007194,-0.000421936,-0.000000035,0.000148652,0.000000106,-0.000104921,0.000000000,0.000000000,0.000000000,0.000000000,0.000000000,0.000000000,0.000000000,0.295923345,0.101502737,-0.322743095,0.299185618,0.804507241,0.430076559,0.070586856
15.551000000,0,15.551000000,sample,0.215271464,-0.000002817,0.000000000,0.000000000,0.000000000,0.000000000,0.000000000,0,0,2.000000000,0.080000000,0.000000000,0.000000000,0.000200063,0.000000000,0.001401629,0.000000000,0.000000000,0.000000000,0.001256976,0.159162393,3,39.923140176,0,0.000000000,0.781600301,0.827885405,0.785809597,0.827885405,0.870467037,0.101273186,1.552080365,0.720309058,1.368529387,0.000400127,1.368529358,2.000000000,0.000000000,0.000000000,0.000000000,1.000000000,1.720147888,1.014209265,1.064888210,0.000000000,1.740133029,1.023163641,1.064888210,1,0,0,0.000000000,0.156613033,-0.334051883,0.689043342,0.819213864,-0.063000667,-0.101556903,5.104454058,12.226136456,-4.560716220,-130.900591188,-0.071548911,142.888006229,44.906713646,0.000315178,-0.000659099,0.000794217,0.000415481,0.000233420,0.000033694,-0.000432683,0.000000000,0.000000000,0.000000000,0.000000000,0.000000000,0.000000000,0.000000000,-0.000136061,-0.000002296,0.000134667,0.000000011,-0.000047443,-0.000000034,0.000033486,0.000000000,0.000000000,0.000000000,0.000000000,0.000000000,0.000000000,0.000000000,0.301647963,0.101733487,-0.324698462,0.298903460,0.805077313,0.430157619,0.068471005
15.601000000,0,15.601000000,sample,0.215271417,-0.000000929,0.000000000,0.000000000,0.000000000,0.000000000,0.000000000,0,0,2.000000000,0.080000000,0.000000000,0.000000000,0.000133495,0.000000000,0.001451667,0.000000000,0.000000000,0.000000000,0.000942624,0.141620629,4,25.961230457,0,0.000000000,0.781825559,0.827812197,0.786106787,0.828012247,0.340609582,0.020485715,1.554150033,0.721889922,1.373483239,0.000266990,1.373482803,2.000000000,0.000000000,0.000000000,0.000000000,1.000000000,1.718111687,1.012640774,1.060521883,0.000000000,1.739613867,1.021524266,1.064894453,1,0,0,0.000000000,0.157357183,-0.331212430,0.690498550,0.819199238,-0.063123437,-0.101000360,5.104454074,12.226250301,-4.561019243,-130.900673918,-0.071401030,142.888074332,44.906856530,-0.000263053,-0.000444933,-0.000338777,-0.000480287,0.000079382,0.000303188,-0.000421553,0.000000000,0.000000000,0.000000000,0.000000000,0.000000000,0.000000000,0.000000000,0.000090788,0.000001532,-0.000089859,-0.000000007,0.000031658,0.000000023,-0.000022344,0.000000000,0.000000000,0.000000000,0.000000000,0.000000000,0.000000000,0.000000000,0.297951406,0.110478722,-0.323557106,0.282185455,0.805486667,0.430905343,0.070143140
15.651000000,0,15.651000000,sample,0.215271345,-0.000001454,0.000000000,0.000000000,0.000000000,0.000000000,0.000000000,0,0,2.000000000,0.080000000,0.000000000,0.000000000,0.000615119,0.000000000,0.004563724,0.000000000,0.000000000,0.000000000,0.001710844,0.359541437,3,47.523327762,0,0.000000000,0.781481896,0.827770990,0.784914612,0.827977756,1.093205174,0.079630554,1.556797709,0.720239623,1.367541773,0.001230239,1.367541870,2.000000000,0.000000000,0.000000000,0.000000000,1.000000000,1.705447760,1.000420384,1.060007959,0.000000000,1.717846932,1.060305431,1.067772498,1,0,0,0.000000000,0.155774960,-0.335345607,0.688470362,0.819125817,-0.062906848,-0.101392483,5.104575860,12.226154592,-4.560716220,-130.900479686,-0.071400769,142.888003758,44.906882670,0.000375758,-0.000285281,0.001179407,0.000970872,0.000070061,-0.000276842,0.000537833,0.000000000,0.000000000,0.000000000,0.000000000,0.000000000,0.000000000,0.000000000,-0.000418336,-0.000007059,0.000414051,0.000000034,-0.000145871,-0.000000104,0.000102957,0.000000000,0.000000000,0.000000000,0.000000000,0.000000000,0.000000000,0.000000000,0.312222050,0.105765073,-0.308824082,0.284083132,0.806195879,0.428672953,0.071834372
15.701000000,0,15.701000000,sample,0.215271462,0.000002353,0.000000000,0.000000000,0.000000000,0.000000000,0.000000000,0,0,2.000000000,0.080000000,0.000000000,-0.000000000,0.000502165,0.000000000,0.004340999,0.000000000,0.000000000,0.000000000,0.001527955,0.328651848,1,50.385986178,0,0.000000000,0.781192442,0.827853944,0.785518182,0.827890370,0.789549941,0.025551521,1.536672993,0.724180105,1.362016565,0.001004330,1.362016207,2.000000000,0.000000000,0.000000000,0.000000000,1.000000000,1.737116879,1.017414942,1.060113509,0.000000000,1.738499391,1.048285561,1.067064776,1,0,0,0.000000000,0.157958031,-0.330469340,0.690000658,0.819214987,-0.063275550,-0.101119539,5.104264141,12.226154592,-4.560907638,-130.900673739,-0.071476548,142.887830948,44.906713646,-0.001084589,-0.000450554,-0.000296507,-0.000039451,-0.000410292,-0.000119355,-0.000826592,0.000000000,0.000000000,0.000000000,0.000000000,0.000000000,0.000000000,0.000000000,-0.000341517,-0.000005763,0.000338019,0.000000028,-0.000119084,-0.000000085,0.000084051,0.000000000,0.000000000,0.000000000,0.000000000,0.000000000,0.000000000,0.000000000,0.302678134,0.112041831,-0.309877625,0.291158328,0.806374207,0.428219249,0.072559116
15.751000000,0,15.751000000,sample,0.215271470,0.000000150,0.000000000,0.000000000,0.000000000,0.000000000,0.000000000,0,0,2.000000000,0.080000000,0.000000000,0.000000000,0.000627508,0.000000000,0.001342713,0.000000000,0.000000000,0.000000000,0.001343807,0.466963172,3,61.105430626,0,0.000000000,0.780598307,0.827746337,0.785466736,0.827923302,0.674186228,0.043896398,1.564536461,0.718158651,1.381445182,0.001255017,1.381445718,2.000000000,0.000000000,0.000000000,0.000000000,1.000000000,1.711361594,1.010088252,1.060059575,0.000000000,1.748771571,1.020529257,1.061978163,1,0,0,0.000000000,0.157005592,-0.332400678,0.688616548,0.819136276,-0.062990290,-0.101054359,5.104455726,12.226030707,-4.560907638,-130.900673737,-0.071365808,142.887989517,44.906882698,0.000023283,-0.000611193,0.001050453,-0.000174463,0.000474736,-0.000100211,0.000249824,0.000000000,0.000000000,0.000000000,0.000000000,0.000000000,0.000000000,0.000000000,-0.000426762,-0.000007202,0.000422391,0.000000035,-0.000148808,-0.000000106,0.000105030,0.000000000,0.000000000,0.000000000,0.000000000,0.000000000,0.000000000,0.000000000,0.303126770,0.103655131,-0.309586784,0.289877357,0.807143756,0.429684221,0.071509765
15.801000000,0,15.801000000,sample,0.215271429,-0.000000820,0.000000000,0.000000000,0.000000000,0.000000000,0.000000000,0,0,2.000000000,0.080000000,0.000000000,0.000000000,0.000320317,0.000000000,0.001756902,0.000000000,0.000000000,0.000000000,0.001785138,0.179435150,7,50.719992120,0,0.000000000,0.782340951,0.827793742,0.784598772,0.827888802,0.610333472,0.054486895,1.587277765,0.722041717,1.412120795,0.000640633,1.412120679,2.000000000,0.000000000,0.000000000,0.000000000,1.000000000,1.748165635,1.024168718,1.059758716,0.000000000,1.748634652,1.024168718,1.061590201,1,0,0,0.000000000,0.157681371,-0.330398709,0.691397601,0.819171620,-0.063230328,-0.101006244,5.104358340,12.226345954,-4.561014766,-130.900673755,-0.071343202,142.888064703,44.906713646,-0.000194465,0.001044607,-0.000166169,-0.000116520,0.000488546,0.000401907,-0.001271339,0.000000000,0.000000000,0.000000000,0.000000000,0.000000000,0.000000000,0.000000000,0.000217844,0.000003676,-0.000215612,-0.000000018,0.000075962,0.000000054,-0.000053615,0.000000000,0.000000000,0.000000000,0.000000000,0.000000000,0.000000000,0.000000000,0.300807681,0.116076460,-0.310249907,0.289615805,0.806104321,0.429200101,0.070571296
15.851000000,0,15.851000000,sample,0.215271389,-0.000000803,0.000000000,0.000000000,0.000000000,0.000000000,0.000000000,0,0,2.000000000,0.080000000,0.000000000,0.000000000,0.000446855,0.000000000,0.001635098,0.000000000,0.000000000,0.000000000,0.001566052,0.285338521,3,52.044336294,0,0.000000000,0.782566407,0.827817022,0.785037087,0.827906042,0.997837838,0.123851842,1.567604567,0.722416786,1.382901396,0.000893710,1.382901331,2.000000000,0.000000000,0.000000000,0.000000000,1.000000000,1.698321660,1.014203244,1.057839091,0.000000000,1.743796660,1.028750048,1.061008168,1,0,0,0.000000000,0.158676498,-0.329786361,0.691717360,0.819200452,-0.063498627,-0.100794673,5.104358847,12.226335296,-4.561074216,-130.900673737,-0.071365808,142.887783301,44.906882670,-0.000492968,0.000883701,-0.001129777,0.000013274,0.000234894,0.000164255,0.000264281,0.000000000,0.000000000,0.000000000,0.000000000,0.000000000,0.000000000,0.000000000,0.000303901,0.000005129,-0.000300788,-0.000000025,0.000105969,0.000000076,-0.000074794,0.000000000,0.000000000,0.000000000,0.000000000,0.000000000,0.000000000,0.000000000,0.290153522,0.101038353,-0.317829550,0.287724157,0.807287900,0.428940550,0.071562313
15.901000000,0,15.901000000,sample,0.215271364,-0.000000484,0.000000000,0.000000000,0.000000000,0.000000000,0.000000000,0,0,2.000000000,0.080000000,0.000000000,0.000000000,0.002038186,0.000000000,0.004961636,0.000000000,0.000000000,0.000000000,0.003776353,0.539723301,1,85.443418420,0,0.000000000,0.781996037,0.827828696,0.785038822,0.827877854,2.217356853,0.306927784,1.614440955,0.729168886,1.452303972,0.004076372,1.452303254,2.000000000,0.000000000,0.000000000,0.000000000,1.000000000,1.714616369,1.010061028,1.059943782,0.000000000,1.726491368,1.015572028,1.062373356,1,0,0,0.000000000,0.157196374,-0.330868715,0.690892897,0.819194499,-0.063214997,-0.101116698,5.104303408,12.226346010,-4.560907635,-130.900578048,-0.071418972,142.887986140,44.906713646,0.003490695,0.000507310,0.000666086,0.000542866,-0.000254472,0.000137170,-0.000998290,0.000000000,0.000000000,0.000000000,0.000000000,0.000000000,0.000000000,0.000000000,0.001386146,0.000023392,-0.001371949,-0.000000113,0.000483347,0.000000345,-0.000341152,0.000000000,0.000000000,0.000000000,0.000000000,0.000000000,0.000000000,0.000000000,0.297222823,0.104909273,-0.316383798,0.289748243,0.805914916,0.430396534,0.073079954
15.951000000,0,15.951000000,sample,0.215271415,0.000001005,0.000000000,0.000000000,0.000000000,0.000000000,0.000000000,0,0,2.000000000,0.080000000,0.000000000,0.000000000,0.000053780,0.000000000,0.004054010,0.000000000,0.000000000,0.000000000,0.001766016,0.030452641,4,33.364963881,0,0.000000000,0.783413625,0.827837852,0.785401520,0.827940036,1.100628924,0.098941586,1.573090029,0.723277458,1.391768144,0.000107560,1.391766558,2.000000000,0.000000000,0.000000000,0.000000000,1.000000000,1.694807282,1.003859622,1.059490255,0.000000000,1.740563653,1.070422600,1.065751531,1,0,0,0.000000000,0.157291760,-0.334066643,0.690938266,0.819184818,-0.063231920,-0.101259400,5.104549931,12.226346009,-4.560811929,-130.900578030,-0.071434796,142.887966375,44.906923469,0.000946672,0.000103995,0.000903185,0.001020093,-0.000170258,-0.000485888,0.000300665,0.000000000,0.000000000,0.000000000,0.000000000,0.000000000,0.000000000,0.000000000,-0.000036575,-0.000000617,0.000036200,0.000000003,-0.000012754,-0.000000009,0.000009002,0.000000000,0.000000000,0.000000000,0.000000000,0.000000000,0.000000000,0.000000000,0.300367075,0.096716685,-0.313494859,0.292685542,0.805513679,0.430155477,0.071520828
16.001000000,0,16.001000000,sample,0.215271456,0.000000820,0.000000000,0.000000000,0.000000000,0.000000000,0.000000000,0,0,2.000000000,0.080000000,0.000000000,-0.000000000,0.000145401,0.000000000,0.004376702,0.000000000,0.000000000,0.000000000,0.001421807,0.102265185,7,73.041847115,0,0.000000000,0.780851260,0.827814730,0.785135824,0.827917142,0.531075421,0.023937690,1.543242589,0.723074024,1.369221634,0.000290803,1.369221373,2.000000000,0.000000000,0.000000000,0.000000000,1.000000000,1.725485245,1.016234336,1.061093077,0.000000000,1.725485245,1.022444097,1.062405379,1,0,0,0.000000000,0.158102547,-0.329446039,0.690070708,0.819191442,-0.063266591,-0.100994792,5.104262637,12.226140995,-4.561019131,-130.900713200,-0.071400524,142.887864908,44.906667018,-0.000499761,-0.000330623,-0.000429921,-0.000018319,-0.000015587,-0.000022007,-0.001215140,0.000000000,0.000000000,0.000000000,0.000000000,0.000000000,0.000000000,0.000000000,0.000098886,0.000001669,-0.000097873,-0.000000008,0.000034481,0.000000025,-0.000024337,0.000000000,0.000000000,0.000000000,0.000000000,0.000000000,0.000000000,0.000000000,0.295632005,0.110076834,-0.325999984,0.289168875,0.804973457,0.428302243,0.071299514
16.051000000,0,16.051000000,sample,0.215271734,0.000005559,0.000000000,0.000000000,0.000000000,0.000000000,0.000000000,0,0,2.000000000,0.080000000,0.000000000,0.000000000,0.000036582,0.000000000,0.001415472,0.000000000,0.000000000,0.000000000,0.001325174,0.027605331,4,49.587813796,0,0.000000000,0.784631225,0.827672145,0.786388344,0.827925386,0.881851225,0.068544562,1.609542583,0.722544805,1.434595097,0.000073164,1.434596134,2.000000000,0.000000000,0.000000000,0.000000000,1.000000000,1.704791383,1.016126063,1.055521760,0.000000000,1.728352339,1.022153434,1.062729311,1,0,0,0.000000000,0.159735154,-0.332347835,0.692586281,0.819036134,-0.063536944,-0.100916041,5.104440489,12.226305163,-4.560907638,-130.900869774,-0.071154373,142.887912533,44.906836043,0.000515026,0.000431334,0.000475642,-0.000933169,0.000131299,0.000398715,0.000177573,0.000000000,0.000000000,0.000000000,0.000000000,0.000000000,0.000000000,0.000000000,0.000024879,0.000000420,-0.000024624,-0.000000002,0.000008675,0.000000006,-0.000006123,0.000000000,0.000000000,0.000000000,0.000000000,0.000000000,0.000000000,0.000000000,0.287584687,0.102185972,-0.315429355,0.289744642,0.805451706,0.428523567,0.071740692
16.101000000,0,16.101000000,sample,0.215271709,-0.000000501,0.000000000,0.000000000,0.000000000,0.000000000,0.000000000,0,0,2.000000000,0.080000000,0.000000000,0.000000000,0.000253961,0.000000000,0.001574304,0.000000000,0.000000000,0.000000000,0.001492616,0.170144764,4,67.298136556,0,0.000000000,0.784524245,0.827817249,0.785369116,0.827874910,1.025844953,0.088882317,1.614869702,0.723323276,1.443804342,0.000507921,1.443805997,2.000000000,0.000000000,0.000000000,0.000000000,1.000000000,1.721692876,1.016914867,1.058684003,0.000000000,1.725623579,1.023763289,1.059848585,1,0,0,0.000000000,0.159816077,-0.331341112,0.692928698,0.819182525,-0.063572690,-0.100895502,5.104358347,12.226346008,-4.560907638,-130.900865155,-0.071391482,142.887912453,44.906964268,0.000025311,0.000655763,0.000389375,-0.001224474,0.000044979,0.000342745,0.000163676,0.000000000,0.000000000,0.000000000,0.000000000,0.000000000,0.000000000,0.000000000,-0.000172716,-0.000002915,0.000170947,0.000000014,-0.000060226,-0.000000043,0.000042508,0.000000000,0.000000000,0.000000000,0.000000000,0.000000000,0.000000000,0.000000000,0.297146814,0.104892377,-0.309669733,0.293589553,0.806135537,0.429510710,0.071337615
16.151000000,0,16.151000000,sample,0.215271339,-0.000007395,0.000000000,0.000000000,0.000000000,0.000000000,0.000000000,0,0,2.000000000,0.080000000,0.000000000,0.000000000,0.001071857,0.000000000,0.004595397,0.000000000,0.000000000,0.000000000,0.001843933,0.581288407,7,35.459761170,0,0.000000000,0.782017207,0.827734106,0.785319272,0.827885391,0.818813868,0.101251750,1.539291557,0.721244177,1.354417340,0.002143714,1.354419515,2.000000000,0.000000000,0.000000000,0.000000000,1.000000000,1.726661777,1.026923842,1.058423309,0.000000000,1.741623738,1.030227103,1.075483858,1,0,0,0.000000000,0.156810898,-0.333052742,0.689954437,0.819089198,-0.063089957,-0.101273359,5.104590365,12.226249798,-4.560978507,-130.900578028,-0.071233738,142.888013086,44.906626219,0.000789327,-0.000292175,-0.000383017,0.001079625,0.000408473,-0.000082947,-0.001098027,0.000000000,0.000000000,0.000000000,0.000000000,0.000000000,0.000000000,0.000000000,0.000728958,0.000012302,-0.000721492,-0.000000059,0.000254185,0.000000181,-0.000179407,0.000000000,0.000000000,0.000000000,0.000000000,0.000000000,0.000000000,0.000000000,0.285768177,0.110161860,-0.322495306,0.287587193,0.806384357,0.429687161,0.069745321
16.201000000,0,16.201000000,sample,0.215271639,0.000006000,0.000000000,0.000000000,0.000000000,0.000000000,0.000000000,0,0,2.000000000,0.080000000,0.000000000,0.000000000,0.000152320,0.000000000,0.001340012,0.000000000,0.000000000,0.000000000,0.001748748,0.087102281,4,61.533941736,0,0.000000000,0.783085980,0.827854032,0.785528569,0.827854032,0.931576298,0.095271320,1.579139752,0.725782897,1.408639290,0.000304640,1.408639091,2.000000000,0.000000000,0.000000000,0.000000000,1.000000000,1.731583126,1.025379156,1.060918883,0.000000000,1.752824609,1.037965924,1.060918883,1,0,0,0.000000000,0.159241825,-0.330339071,0.691911693,0.819242499,-0.063402024,-0.100817700,5.104371882,12.226249798,-4.561019243,-130.900865697,-0.071467464,142.887986100,44.907007316,-0.000218991,-0.000190836,-0.000755524,-0.001371780,-0.000493494,0.000012437,0.000526740,0.000000000,0.000000000,0.000000000,0.000000000,0.000000000,0.000000000,0.000000000,0.000103591,0.000001748,-0.000102530,-0.000000008,0.000036122,0.000000026,-0.000025495,0.000000000,0.000000000,0.000000000,0.000000000,0.000000000,0.000000000,0.000000000,0.287698296,0.106947601,-0.319690457,0.294744784,0.807048577,0.431056410,0.071604935
16.251000000,0,16.251000000,sample,0.215271490,-0.000002978,0.000000000,0.000000000,0.000000000,0.000000000,0.000000000,0,0,2.000000000,0.080000000,0.000000000,0.000000000,0.000509079,0.000000000,0.004186608,0.000000000,0.000000000,0.000000000,0.001050594,0.484563616,3,43.346948347,0,0.000000000,0.782282677,0.827693005,0.785544191,0.827870589,0.362097515,0.088503714,1.564638022,0.723799592,1.387651922,0.001018159,1.387652315,2.000000000,0.000000000,0.000000000,0.000000000,1.000000000,1.720065381,1.021256732,1.062208188,0.000000000,1.756285731,1.075174483,1.067079124,1,0,0,0.000000000,0.158181796,-0.331594834,0.690644316,0.819056550,-0.063344669,-0.101042225,5.104358354,12.226223580,-4.560907638,-130.900673737,-0.071202975,142.887829948,44.906667018,-0.000109650,-0.000080903,0.000691694,0.000155983,-0.000318826,0.000259965,-0.000642787,0.000000000,0.000000000,0.000000000,0.000000000,0.000000000,0.000000000,0.000000000,-0.000346219,-0.000005843,0.000342673,0.000000028,-0.000120725,-0.000000086,0.000085209,0.000000000,0.000000000,0.000000000,0.000000000,0.000000000,0.000000000,0.000000000,0.285208222,0.102516394,-0.325522102,0.295717874,0.807026376,0.431871336,0.072213368
16.301000000,0,16.301000000,sample,0.215271424,-0.000001315,0.000000000,0.000000000,0.000000000,0.000000000,0.000000000,0,0,2.000000000,0.080000000,0.000000000,0.000000000,0.000127200,0.000000000,0.004747960,0.000000000,0.000000000,0.000000000,0.001881359,0.067610864,2,73.662118654,0,0.000000000,0.779364382,0.827613213,0.786335145,0.827816487,1.233088716,0.117994351,1.498222532,0.721230271,1.309878530,0.000254401,1.309877859,2.000000000,0.000000000,0.000000000,0.000000000,1.000000000,1.741119046,1.020097708,1.064023112,0.000000000,1.743670898,1.070744159,1.069349110,1,0,0,0.000000000,0.157172989,-0.330668994,0.688014177,0.819032960,-0.063025719,-0.100778961,5.104358346,12.225947223,-4.561014747,-130.900674226,-0.071166926,142.887871469,44.906795244,-0.000472635,-0.001614707,-0.000640498,0.000318335,-0.000142768,0.000049985,-0.000417603,0.000000000,0.000000000,0.000000000,0.000000000,0.000000000,0.000000000,0.000000000,0.000086508,0.000001460,-0.000085622,-0.000000007,0.000030164,0.000000021,-0.000021290,0.000000000,0.000000000,0.000000000,0.000000000,0.000000000,0.000000000,0.000000000,0.298855575,0.109990992,-0.317176028,0.294570275,0.807235824,0.431882646,0.072166017
16.351000000,0,16.351000000,sample,0.215271728,0.000006083,0.000000000,0.000000000,0.000000000,0.000000000,0.000000000,0,0,2.000000000,0.080000000,0.000000000,0.000000000,0.000284874,0.000000000,0.001229527,0.000000000,0.000000000,0.000000000,0.006739420,0.042269862,4,99.135602842,0,0.000000000,0.782551127,0.827793347,0.784510122,0.827825572,4.157650930,0.388218583,1.721553155,0.731220198,1.605133623,0.000569749,1.605157826,2.000000000,0.000000000,0.000000000,0.000000000,1.000000000,1.638037995,0.990020193,1.064277397,0.000000000,1.746426401,1.028333152,1.069761395,1,0,0,0.000000000,0.158887761,-0.331404785,0.690877569,0.819161840,-0.063259177,-0.101064242,5.104358344,12.226127365,-4.560907638,-130.900887836,-0.071391780,142.888032644,44.906795244,-0.000101896,0.000319112,0.000153769,-0.006710229,-0.000420596,0.000265021,0.000098030,0.000000000,0.000000000,0.000000000,0.000000000,0.000000000,0.000000000,0.000000000,-0.000193740,-0.000003269,0.000191756,0.000000016,-0.000067556,-0.000000048,0.000047682,0.000000000,0.000000000,0.000000000,0.000000000,0.000000000,0.000000000,0.000000000,0.296608581,0.065055374,-0.313551629,0.311603862,0.807121561,0.434241798,0.071096980
16.401000000,0,16.401000000,sample,0.215271386,-0.000006837,0.000000000,0.000000000,0.000000000,0.000000000,0.000000000,0,0,2.000000000,0.080000000,0.000000000,0.000000000,0.000637265,0.000000000,0.001712910,0.000000000,0.000000000,0.000000000,0.001558196,0.408976375,3,42.085483554,0,0.000000000,0.781618330,0.827633166,0.785719496,0.827843492,0.640062719,0.104713209,1.560792184,0.720847540,1.375121861,0.001274531,1.375122397,2.000000000,0.000000000,0.000000000,0.000000000,1.000000000,1.753284757,1.026843448,1.059773147,0.000000000,1.783026803,1.039702742,1.075714405,1,0,0,0.000000000,0.156501153,-0.332568229,0.689806478,0.819021231,-0.063005372,-0.101050508,5.104453887,12.226245769,-4.560907638,-130.900578028,-0.071147327,142.888094425,44.906713646,-0.000192503,0.000132761,0.001010853,0.000633627,0.000149165,0.000506432,-0.000819305,0.000000000,0.000000000,0.000000000,0.000000000,0.000000000,0.000000000,0.000000000,-0.000433397,-0.000007314,0.000428958,0.000000035,-0.000151124,-0.000000107,0.000106665,0.000000000,0.000000000,0.000000000,0.000000000,0.000000000,0.000000000,0.000000000,0.296276576,0.118333137,-0.309390700,0.285614952,0.807172446,0.432940874,0.071224431
16.451000000,0,16.451000000,sample,0.215271554,0.000003345,0.000000000,0.000000000,0.000000000,0.000000000,0.000000000,0,0,2.000000000,0.080000000,0.000000000,0.000000000,0.000084893,0.000000000,0.005372420,0.000000000,0.000000000,0.000000000,0.001908856,0.044473222,3,40.965793273,0,0.000000000,0.783307466,0.827600604,0.786142554,0.827795622,1.326371009,0.155750909,1.587050529,0.721515420,1.414917165,0.000169786,1.414916786,2.000000000,0.000000000,0.000000000,0.000000000,1.000000000,1.709485762,0.999235848,1.059281268,0.000000000,1.763342919,1.066204314,1.066047038,1,0,0,0.000000000,0.158027625,-0.334413812,0.690481903,0.818969600,-0.063290155,-0.101024307,5.104549764,12.226209510,-4.560811929,-130.900675204,-0.071093435,142.887869244,44.906882670,0.001148685,-0.000658639,0.001221754,-0.000315418,0.000209554,-0.000053934,-0.000501452,0.000000000,0.000000000,0.000000000,0.000000000,0.000000000,0.000000000,0.000000000,0.000057735,0.000000974,-0.000057143,-0.000000005,0.000020132,0.000000014,-0.000014209,0.000000000,0.000000000,0.000000000,0.000000000,0.000000000,0.000000000,0.000000000,0.312235981,0.100450978,-0.296856317,0.291667726,0.805408310,0.432860151,0.072463142
16.501000000,0,16.501000000,sample,0.215271437,-0.000002343,0.000000000,0.000000000,0.000000000,0.000000000,0.000000000,0,0,2.000000000,0.080000000,0.000000000,0.000000000,0.000390862,0.000000000,0.004561572,0.000000000,0.000000000,0.000000000,0.000917359,0.426073744,6,36.108123170,0,0.000000000,0.780790486,0.827591014,0.785640010,0.827794309,0.185612380,0.018368518,1.569890368,0.721981741,1.381869122,0.000781725,1.381869318,2.000000000,0.000000000,0.000000000,0.000000000,1.000000000,1.727578105,1.021030758,1.061418219,0.000000000,1.733119831,1.021030758,1.062078492,1,0,0,0.000000000,0.156889714,-0.331520792,0.689284677,0.819022635,-0.062973877,-0.100712959,5.104454055,12.226121884,-4.561019298,-130.900673737,-0.071126117,142.888094684,44.906923469,0.000445880,0.000297608,-0.000206460,-0.000072846,0.000080981,0.000551241,0.000442504,0.000000000,0.000000000,0.000000000,0.000000000,0.000000000,0.000000000,0.000000000,0.000265821,0.000004486,-0.000263099,-0.000000022,0.000092690,0.000000066,-0.000065422,0.000000000,0.000000000,0.000000000,0.000000000,0.000000000,0.000000000,0.000000000,0.286897334,0.106402858,-0.325326067,0.293924243,0.805865699,0.431382826,0.072372719
16.551000000,0,16.551000000,sample,0.215271508,0.000001424,0.000000000,0.000000000,0.000000000,0.000000000,0.000000000,0,0,2.000000000,0.080000000,0.000000000,0.000000000,0.000688963,0.000000000,0.003753014,0.000000000,0.000000000,0.000000000,0.001080857,0.637423185,1,76.116961407,0,0.000000000,0.783030180,0.827635797,0.784636659,0.827709012,0.585329006,0.070606718,1.564865008,0.722620751,1.382857230,0.001377926,1.382857744,2.000000000,0.000000000,0.000000000,0.000000000,1.000000000,1.743371188,0.986361338,1.064068434,0.000000000,1.743371188,1.024498845,1.065467115,1,0,0,0.000000000,0.157889796,-0.331714032,0.691500453,0.819042157,-0.063281464,-0.100729409,5.104358346,12.226346004,-4.560896924,-130.900673737,-0.071166916,142.888012077,44.906964268,-0.000942994,0.000409746,-0.000045495,0.000037097,-0.000157813,-0.000093734,0.000272002,0.000000000,0.000000000,0.000000000,0.000000000,0.000000000,0.000000000,0.000000000,-0.000468556,-0.000007907,0.000463756,0.000000038,-0.000163385,-0.000000116,0.000115319,0.000000000,0.000000000,0.000000000,0.000000000,0.000000000,0.000000000,0.000000000,0.356359020,0.110521786,-0.263964401,0.292011144,0.804339441,0.431375934,0.070992740
16.601000000,0,16.601000000,sample,0.215271597,0.000001780,0.000000000,0.000000000,0.000000000,0.000000000,0.000000000,0,0,2.000000000,0.080000000,0.000000000,0.000000000,0.000768895,0.000000000,0.004454639,0.000000000,0.000000000,0.000000000,0.001104969,0.695852012,2,39.556381943,0,0.000000000,0.782872696,0.827632373,0.785217476,0.827839359,0.396411817,0.047838451,1.585383138,0.723664502,1.408855960,0.001537789,1.408856664,2.000000000,0.000000000,0.000000000,0.000000000,1.000000000,1.729882182,1.024770132,1.062531317,0.000000000,1.740566606,1.040864318,1.064439293,1,0,0,0.000000000,0.157949456,-0.332556454,0.690903634,0.819016418,-0.063233927,-0.100940193,5.104358346,12.226250301,-4.560811929,-130.900713200,-0.071167670,142.888006080,44.906836043,-0.000355123,0.000694958,0.000626451,0.000103868,-0.000266424,-0.000216343,0.000301432,0.000000000,0.000000000,0.000000000,0.000000000,0.000000000,0.000000000,0.000000000,-0.000522917,-0.000008824,0.000517561,0.000000042,-0.000182339,-0.000000130,0.000128697,0.000000000,0.000000000,0.000000000,0.000000000,0.000000000,0.000000000,0.000000000,0.287201422,0.108374487,-0.326760367,0.291406671,0.807275426,0.431632285,0.071083654
16.651000000,0,16.651000000,sample,0.215271350,-0.000004928,0.000000000,0.000000000,0.000000000,0.000000000,0.000000000,0,0,2.000000000,0.080000000,0.000000000,0.000000000,0.000395048,0.000000000,0.005047315,0.000000000,0.000000000,0.000000000,0.001449501,0.272540674,4,59.006354800,0,0.000000000,0.782521258,0.827661235,0.785432315,0.827789597,0.417140223,0.043761667,1.562523493,0.724847916,1.379512274,0.000790096,1.379511727,2.000000000,0.000000000,0.000000000,0.000000000,1.000000000,1.699318253,1.010325495,1.063804731,0.000000000,1.930361901,1.090669660,1.064086537,1,0,0,0.000000000,0.157217249,-0.332766098,0.690571488,0.819054475,-0.063204855,-0.100886243,5.104549706,12.226305217,-4.560973973,-130.900579543,-0.071166919,142.887952028,44.906923469,0.000541915,0.000633625,-0.000135523,0.001113443,-0.000306300,-0.000232251,-0.000004422,0.000000000,0.000000000,0.000000000,0.000000000,0.000000000,0.000000000,0.000000000,0.000268668,0.000004534,-0.000265916,-0.000000022,0.000093684,0.000000067,-0.000066123,0.000000000,0.000000000,0.000000000,0.000000000,0.000000000,0.000000000,0.000000000,0.302361391,0.088773694,-0.308012725,0.306414176,0.807649696,0.431853845,0.069426695
16.701000000,0,16.701000000,sample,0.215271428,0.000001552,0.000000000,0.000000000,0.000000000,0.000000000,0.000000000,0,0,2.000000000,0.080000000,0.000000000,0.000000000,0.003808096,0.000000000,0.004491213,0.000000000,0.000000000,0.000000000,0.005404647,0.704596542,1,97.581786346,0,0.000000000,0.780527686,0.827588091,0.786293452,0.827850214,2.748823441,0.295807004,1.608961824,0.727727139,1.447700706,0.007616192,1.447716660,2.000000000,0.000000000,0.000000000,0.000000000,1.000000000,1.698659463,1.020500181,1.061709365,0.000000000,1.704770089,1.025039640,1.063304806,1,0,0,0.000000000,0.157533423,-0.331527418,0.688836889,0.819017809,-0.063133655,-0.100628121,5.104454055,12.226032218,-4.561019298,-130.900673737,-0.071126117,142.887844706,44.907005067,0.005338900,-0.000682328,-0.000220315,0.000033842,0.000082447,-0.000416809,-0.000102870,0.000000000,0.000000000,0.000000000,0.000000000,0.000000000,0.000000000,0.000000000,0.002589847,0.000043705,-0.002563322,-0.000000210,0.000903051,0.000000641,-0.000637384,0.000000000,0.000000000,0.000000000,0.000000000,0.000000000,0.000000000,0.000000000,0.278279592,0.094093386,-0.330834089,0.298465581,0.807021080,0.431339289,0.071163016
16.751000000,0,16.751000000,sample,0.215271504,0.000001529,0.000000000,0.000000000,0.000000000,0.000000000,0.000000000,0,0,2.000000000,0.080000000,0.000000000,0.000000000,0.000988262,0.000000000,0.004186596,0.000000000,0.000000000,0.000000000,0.001880807,0.525445769,3,43.823086525,0,0.000000000,0.780967150,0.827571620,0.783800052,0.827818222,0.862247028,0.055090177,1.556307927,0.721411424,1.383621909,0.001976524,1.383622884,2.000000000,0.000000000,0.000000000,0.000000000,1.000000000,1.727020725,1.027026230,1.064949992,0.000000000,1.741759334,1.062858315,1.067638401,1,0,0,0.000000000,0.157975785,-0.329737880,0.690091495,0.818999160,-0.063158419,-0.100628906,5.104356832,12.226127927,-4.561115005,-130.900769446,-0.071050347,142.888013086,44.906754445,-0.000260372,0.000026869,-0.001245076,-0.000457961,0.000545032,-0.000130221,-0.001181085,0.000000000,0.000000000,0.000000000,0.000000000,0.000000000,0.000000000,0.000000000,0.000672106,0.000011343,-0.000665222,-0.000000054,0.000234359,0.000000166,-0.000165413,0.000000000,0.000000000,0.000000000,0.000000000,0.000000000,0.000000000,0.000000000,0.291644511,0.102524821,-0.323389387,0.298814712,0.808261664,0.432160381,0.068045464
16.801000000,0,16.801000000,sample,0.215271500,-0.000000088,0.000000000,0.000000000,0.000000000,0.000000000,0.000000000,0,0,2.000000000,0.080000000,0.000000000,0.000000000,0.000355520,0.000000000,0.003848585,0.000000000,0.000000000,0.000000000,0.001220537,0.291281576,7,53.573397439,0,0.000000000,0.782527101,0.827614633,0.785680752,0.827725122,0.436120597,0.058081218,1.545147164,0.720491815,1.363336356,0.000711040,1.363336693,2.000000000,0.000000000,0.000000000,0.000000000,1.000000000,1.689791667,1.007022388,1.062558365,0.000000000,1.737159375,1.069809393,1.068075316,1,0,0,0.000000000,0.158485509,-0.331316555,0.690985057,0.818992476,-0.063431384,-0.100865084,5.104317649,12.226250281,-4.560907638,-130.900673737,-0.071091146,142.887769456,44.906713646,-0.000499506,-0.000482388,0.000304372,0.000267315,0.000190072,0.000095872,-0.000893358,0.000000000,0.000000000,0.000000000,0.000000000,0.000000000,0.000000000,0.000000000,-0.000241785,-0.000004080,0.000239309,0.000000020,-0.000084309,-0.000000060,0.000059506,0.000000000,0.000000000,0.000000000,0.000000000,0.000000000,0.000000000,0.000000000,0.302642355,0.088058728,-0.306982311,0.301531335,0.807627123,0.433040258,0.068839121
16.851000000,0,16.851000000,sample,0.215271677,0.000003541,0.000000000,0.000000000,0.000000000,0.000000000,0.000000000,0,0,2.000000000,0.080000000,0.000000000,0.000000000,0.000830292,0.000000000,0.001420322,0.000000000,0.000000000,0.000000000,0.001806079,0.459720717,7,75.014436976,0,0.000000000,0.781637047,0.827543249,0.784934675,0.827715704,0.368980557,0.088755253,1.579283922,0.720265801,1.390227966,0.001660584,1.390229254,2.000000000,0.000000000,0.000000000,0.000000000,1.000000000,1.737533109,1.017444841,1.062554639,0.000000000,1.739609831,1.024048060,1.062554639,1,0,0,0.000000000,0.157934850,-0.331372848,0.690076149,0.818975317,-0.063141755,-0.100600086,5.104195560,12.226122891,-4.560785208,-130.900769446,-0.071126117,142.888027224,44.907005067,-0.000370156,0.000141552,0.000484737,-0.000578722,0.000033107,0.000294910,0.001564261,0.000000000,0.000000000,0.000000000,0.000000000,0.000000000,0.000000000,0.000000000,-0.000564673,-0.000009529,0.000558889,0.000000046,-0.000196897,-0.000000140,0.000138972,0.000000000,0.000000000,0.000000000,0.000000000,0.000000000,0.000000000,0.000000000,0.301404688,0.107091818,-0.309249765,0.296663382,0.806772671,0.432419411,0.072080859
16.901000000,0,16.901000000,sample,0.215271619,-0.000001153,0.000000000,0.000000000,0.000000000,0.000000000,0.000000000,0,0,2.000000000,0.080000000,0.000000000,0.000000000,0.000239578,0.000000000,0.002093203,0.000000000,0.000000000,0.000000000,0.000938313,0.255328640,2,45.483820627,0,0.000000000,0.785276170,0.827649572,0.786208549,0.827759547,0.609223575,0.077294929,1.593998054,0.722938392,1.417181560,0.000479156,1.417181824,2.000000000,0.000000000,0.000000000,0.000000000,1.000000000,1.706387294,1.011855972,1.060710203,0.000000000,1.742176356,1.028976600,1.063832338,1,0,0,0.000000000,0.160082807,-0.331558893,0.693614345,0.819034266,-0.063777941,-0.100593538,5.104356150,12.226457614,-4.560907637,-130.900769446,-0.071126117,142.887721350,44.907051694,-0.000199999,0.000632814,0.000033054,-0.000400964,-0.000015910,-0.000145574,0.000506625,0.000000000,0.000000000,0.000000000,0.000000000,0.000000000,0.000000000,0.000000000,-0.000162934,-0.000002750,0.000161265,0.000000013,-0.000056815,-0.000000040,0.000040101,0.000000000,0.000000000,0.000000000,0.000000000,0.000000000,0.000000000,0.000000000,0.291607637,0.097296406,-0.315457684,0.295647876,0.806666844,0.433263972,0.072486180
16.951000000,0,16.951000000,sample,0.215271617,-0.000000043,0.000000000,0.000000000,0.000000000,0.000000000,0.000000000,0,0,2.000000000,0.080000000,0.000000000,0.000000000,0.000198821,0.000000000,0.002129292,0.000000000,0.000000000,0.000000000,0.001460009,0.136178213,4,49.462167909,0,0.000000000,0.782913685,0.827597080,0.785056328,0.827718114,0.448527371,0.034231676,1.584341445,0.721413975,1.399937924,0.000397643,1.399938473,2.000000000,0.000000000,0.000000000,0.000000000,1.000000000,1.733249287,1.023414478,1.061552015,0.000000000,1.743541628,1.026651046,1.063393638,1,0,0,0.000000000,0.158571691,-0.331452600,0.691337856,0.819012199,-0.063334622,-0.100621418,5.104331959,12.226250283,-4.560903106,-130.900769446,-0.071126117,142.887958891,44.907005067,0.000074160,-0.000113148,0.000184408,-0.001026814,0.000021769,0.000655020,0.000771650,0.000000000,0.000000000,0.000000000,0.000000000,0.000000000,0.000000000,0.000000000,-0.000135216,-0.000002282,0.000133831,0.000000011,-0.000047149,-0.000000033,0.000033279,0.000000000,0.000000000,0.000000000,0.000000000,0.000000000,0.000000000,0.000000000,0.291715235,0.107528066,-0.317312469,0.293280876,0.806884028,0.432998879,0.070582416
17.001000000,0,17.001000000,sample,0.215271381,-0.000004728,0.000000000,0.000000000,0.000000000,0.000000000,0.000000000,0,0,2.000000000,0.080000000,0.000000000,0.000000000,0.000279812,0.000000000,0.001798782,0.000000000,0.000000000,0.000000000,0.001384947,0.202037900,7,51.913093659,0,0.000000000,0.782799805,0.827729133,0.786264733,0.827729133,0.348462202,0.124285199,1.572566422,0.727307873,1.400975084,0.000559624,1.400974729,2.000000000,0.000000000,0.000000000,0.000000000,1.000000000,1.716681304,1.024749075,1.059915369,0.000000000,1.745273430,1.028269682,1.062610405,1,0,0,0.000000000,0.156945238,-0.333329236,0.690677455,0.819086776,-0.063138504,-0.101222033,5.104549092,12.226332413,-4.560907638,-130.900578028,-0.071242686,142.888047055,44.906713646,0.000511706,0.000355435,0.000145291,0.000374333,-0.000596673,0.000130053,-0.000997865,0.000000000,0.000000000,0.000000000,0.000000000,0.000000000,0.000000000,0.000000000,0.000190297,0.000003211,-0.000188348,-0.000000015,0.000066356,0.000000047,-0.000046835,0.000000000,0.000000000,0.000000000,0.000000000,0.000000000,0.000000000,0.000000000,0.282828376,0.104952211,-0.325038911,0.288904826,0.807132245,0.432399576,0.069753752
17.051000000,0,17.051000000,sample,0.215271553,0.000003439,0.000000000,0.000000000,0.000000000,0.000000000,0.000000000,0,0,2.000000000,0.080000000,0.000000000,0.000000000,0.001108976,0.000000000,0.005638133,0.000000000,0.000000000,0.000000000,0.002201259,0.503791497,7,36.991803570,0,0.000000000,0.782345633,0.827646219,0.785311661,0.827752365,0.632562946,0.101404131,1.585343795,0.724468360,1.409417371,0.002217951,1.409420133,2.000000000,0.000000000,0.000000000,0.000000000,1.000000000,1.745749191,1.010631729,1.060087385,0.000000000,1.747192775,1.075775733,1.066000011,1,0,0,0.000000000,0.158113239,-0.332323231,0.690381173,0.819051619,-0.063187326,-0.100797179,5.104548174,12.226154573,-4.561018795,-130.900773830,-0.071166162,142.888012836,44.906964268,0.000997292,-0.000003465,-0.001024106,-0.000942451,-0.000145441,-0.000316740,0.001338825,0.000000000,0.000000000,0.000000000,0.000000000,0.000000000,0.000000000,0.000000000,0.000754202,0.000012728,-0.000746477,-0.000000061,0.000262985,0.000000187,-0.000185618,0.000000000,0.000000000,0.000000000,0.000000000,0.000000000,0.000000000,0.000000000,0.330005510,0.113183521,-0.274791041,0.289381242,0.807696965,0.430855272,0.069345843
17.101000000,0,17.101000000,sample,0.215271407,-0.000002916,0.000000000,0.000000000,0.000000000,0.000000000,0.000000000,0,0,2.000000000,0.080000000,0.000000000,0.000000000,0.000079186,0.000000000,0.001595052,0.000000000,0.000000000,0.000000000,0.001459621,0.054251171,7,44.599816537,0,0.000000000,0.782734266,0.827485426,0.785767959,0.827712853,0.586490522,0.036871345,1.585706814,0.720916059,1.401877800,0.000158372,1.401877039,2.000000000,0.000000000,0.000000000,0.000000000,1.000000000,1.764633906,1.033507334,1.063271599,0.000000000,1.772654264,1.037465553,1.066057049,1,0,0,0.000000000,0.157283531,-0.332486872,0.690932197,0.818908936,-0.063231188,-0.100608658,5.104427165,12.226346011,-4.560907638,-130.900578028,-0.070942255,142.887965700,44.906964268,0.000523475,0.000529455,0.000489531,0.000369122,0.000217154,-0.000450445,0.000974780,0.000000000,0.000000000,0.000000000,0.000000000,0.000000000,0.000000000,0.000000000,-0.000053854,-0.000000909,0.000053302,0.000000004,-0.000018779,-0.000000013,0.000013254,0.000000000,0.000000000,0.000000000,0.000000000,0.000000000,0.000000000,0.000000000,0.295873265,0.119248775,-0.316497340,0.291876245,0.807753176,0.431275331,0.070422448
17.151000000,0,17.151000000,sample,0.215271204,-0.000004060,0.000000000,0.000000000,0.000000000,0.000000000,0.000000000,0,0,2.000000000,0.080000000,0.000000000,0.000000000,0.000724188,0.000000000,0.001751718,0.000000000,0.000000000,0.000000000,0.001946544,0.372037885,4,43.492562589,0,0.000000000,0.780787249,0.827500268,0.785575473,0.827808904,0.722005452,0.066763076,1.540007258,0.721309351,1.344767763,0.001448376,1.344768911,2.000000000,0.000000000,0.000000000,0.000000000,1.000000000,1.685970356,1.010176034,1.062957962,0.000000000,1.924186237,1.093191268,1.064390802,1,0,0,0.000000000,0.156286273,-0.331616305,0.689372145,0.818947246,-0.063082310,-0.100512301,5.104449530,12.226250282,-4.561019243,-130.900466367,-0.070981538,142.887905737,44.907005067,0.000820201,-0.000012829,-0.000477363,0.001283724,0.000076015,-0.000412478,0.001031698,0.000000000,0.000000000,0.000000000,0.000000000,0.000000000,0.000000000,0.000000000,0.000492512,0.000008312,-0.000487468,-0.000000040,0.000171737,0.000000122,-0.000121214,0.000000000,0.000000000,0.000000000,0.000000000,0.000000000,0.000000000,0.000000000,0.292009873,0.086860482,-0.313860721,0.301073825,0.809151492,0.433691087,0.071393432
17.201000000,0,17.201000000,sample,0.215271547,0.000006854,0.000000000,0.000000000,0.000000000,0.000000000,0.000000000,0,0,2.000000000,0.080000000,0.000000000,0.000000000,0.000909453,0.000000000,0.001491836,0.000000000,0.000000000,0.000000000,0.001194484,0.761377320,3,38.032713724,0,0.000000000,0.781707655,0.827650956,0.784241755,0.827719291,0.237712567,0.018555726,1.561507204,0.722662422,1.386439888,0.001818906,1.386441041,2.000000000,0.000000000,0.000000000,0.000000000,1.000000000,1.727414311,1.023711616,1.064065218,0.000000000,1.741077993,1.027186564,1.065560901,1,0,0,0.000000000,0.157998423,-0.331440581,0.690109047,0.819045095,-0.063161324,-0.100905327,5.104451983,12.226127927,-4.561019296,-130.900769500,-0.071160134,142.888010837,44.906754445,0.000551044,-0.000478214,-0.000736646,-0.000523376,0.000116815,-0.000233149,-0.000099401,0.000000000,0.000000000,0.000000000,0.000000000,0.000000000,0.000000000,0.000000000,0.000618509,0.000010438,-0.000612174,-0.000000050,0.000215670,0.000000153,-0.000152222,0.000000000,0.000000000,0.000000000,0.000000000,0.000000000,0.000000000,0.000000000,0.297344845,0.103996445,-0.315149499,0.295934625,0.808936003,0.432437141,0.068772982
17.251000000,0,17.251000000,sample,0.215271665,0.000002376,0.000000000,0.000000000,0.000000000,0.000000000,0.000000000,0,0,2.000000000,0.080000000,0.000000000,0.000000000,0.000251221,0.000000000,0.004140294,0.000000000,0.000000000,0.000000000,0.002128344,0.118036141,7,56.863567275,0,0.000000000,0.782381244,0.827669504,0.784824923,0.827693902,0.655444703,0.058292408,1.564629641,0.724909108,1.401704762,0.000502443,1.401703877,2.000000000,0.000000000,0.000000000,0.000000000,1.000000000,1.664437936,0.996050515,1.062397676,0.000000000,1.908980289,1.090832960,1.065192873,1,0,0,0.000000000,0.158986882,-0.328990307,0.691815698,0.819068765,-0.063339363,-0.100753614,5.104194865,12.226250301,-4.561018795,-130.900865155,-0.071181541,142.888053136,44.906667018,-0.000416692,-0.000519045,-0.000475414,-0.001109173,-0.000203085,0.000115963,-0.001604940,0.000000000,0.000000000,0.000000000,0.000000000,0.000000000,0.000000000,0.000000000,0.000170853,0.000002883,-0.000169103,-0.000000014,0.000059576,0.000000042,-0.000042049,0.000000000,0.000000000,0.000000000,0.000000000,0.000000000,0.000000000,0.000000000,0.308533472,0.079354496,-0.302283367,0.302803393,0.807950289,0.431926904,0.069203584
17.301000000,0,17.301000000,sample,0.215271396,-0.000005381,0.000000000,0.000000000,0.000000000,0.000000000,0.000000000,0,0,2.000000000,0.080000000,0.000000000,-0.000000000,0.000817141,0.000000000,0.004677714,0.000000000,0.000000000,0.000000000,0.002018765,0.404772728,3,82.613884618,0,0.000000000,0.779912656,0.827498899,0.784154315,0.827714471,1.333121803,0.128773987,1.535507285,0.724214427,1.357549810,0.001634282,1.357549354,2.000000000,0.000000000,0.000000000,0.000000000,1.000000000,1.727938222,1.026694380,1.061204769,0.000000000,1.735721352,1.069408329,1.068835793,1,0,0,0.000000000,0.157847427,-0.327336022,0.690071786,0.818982055,-0.063194263,-0.100146427,5.104191017,12.226154588,-4.561210716,-130.900717585,-0.070983557,142.887950124,44.906924219,-0.000539994,-0.000336922,-0.001834900,-0.000502422,-0.000199395,-0.000106086,-0.000002470,0.000000000,0.000000000,0.000000000,0.000000000,0.000000000,0.000000000,0.000000000,0.000555729,0.000009379,-0.000550037,-0.000000045,0.000193779,0.000000137,-0.000136771,0.000000000,0.000000000,0.000000000,0.000000000,0.000000000,0.000000000,0.000000000,0.293656862,0.108065663,-0.313653519,0.290083616,0.809440430,0.430915138,0.069529290
17.351000000,0,17.351000000,sample,0.215271435,0.000000773,0.000000000,0.000000000,0.000000000,0.000000000,0.000000000,0,0,2.000000000,0.080000000,0.000000000,0.000000000,0.000938462,0.000000000,0.001735024,0.000000000,0.000000000,0.000000000,0.001245948,0.753211867,3,67.067389441,0,0.000000000,0.782040267,0.827595200,0.785225480,0.827711977,0.605173869,0.057266529,1.557898989,0.720623609,1.368426300,0.001876925,1.368427747,2.000000000,0.000000000,0.000000000,0.000000000,1.000000000,1.714262460,1.017510192,1.062363301,0.000000000,1.771935706,1.035423649,1.066654043,1,0,0,0.000000000,0.157362876,-0.332308754,0.690213587,0.819000819,-0.063238752,-0.100758792,5.104326866,12.226250299,-4.560811929,-130.900578028,-0.071140820,142.887864918,44.906964351,-0.000244989,-0.000208174,0.001020365,0.000449769,-0.000078456,0.000230360,0.000382586,0.000000000,0.000000000,0.000000000,0.000000000,0.000000000,0.000000000,0.000000000,-0.000638238,-0.000010770,0.000631701,0.000000052,-0.000222550,-0.000000158,0.000157079,0.000000000,0.000000000,0.000000000,0.000000000,0.000000000,0.000000000,0.000000000,0.297231270,0.101257528,-0.314371533,0.294079575,0.808443721,0.431527996,0.070045332
17.401000000,0,17.401000000,sample,0.215271452,0.000000332,0.000000000,0.000000000,0.000000000,0.000000000,0.000000000,0,0,2.000000000,0.080000000,0.000000000,0.000000000,0.000522848,0.000000000,0.001339333,0.000000000,0.000000000,0.000000000,0.001582589,0.330375200,2,69.037496529,0,0.000000000,0.782983260,0.827624382,0.784565944,0.827697153,1.010623744,0.106792927,1.615333658,0.723670596,1.444298264,0.001045696,1.444298218,2.000000000,0.000000000,0.000000000,0.000000000,1.000000000,1.765268071,1.035863733,1.064271434,0.000000000,1.765268071,1.035971518,1.073893070,1,0,0,0.000000000,0.157693305,-0.332875743,0.690933678,0.819015865,-0.063270735,-0.100856052,5.104488777,12.226303204,-4.560907638,-130.900631238,-0.071125081,142.887936977,44.906923469,0.000749428,0.001314954,0.000049770,-0.000280873,0.000242250,-0.000223487,0.000154412,0.000000000,0.000000000,0.000000000,0.000000000,0.000000000,0.000000000,0.000000000,0.000355583,0.000006001,-0.000351941,-0.000000029,0.000123991,0.000000088,-0.000087514,0.000000000,0.000000000,0.000000000,0.000000000,0.000000000,0.000000000,0.000000000,0.292354977,0.122436024,-0.322520456,0.286118250,0.808953944,0.432398727,0.070380629
17.451000000,0,17.451000000,sample,0.215271490,0.000000766,0.000000000,0.000000000,0.000000000,0.000000000,0.000000000,0,0,2.000000000,0.080000000,0.000000000,0.000000000,0.000785725,0.000000000,0.001659792,0.000000000,0.000000000,0.000000000,0.001882424,0.417400798,2,50.420629909,0,0.000000000,0.781064996,0.827600796,0.786293838,0.827734858,0.924905892,0.113346314,1.517275978,0.718759501,1.324318397,0.001571450,1.324319197,2.000000000,0.000000000,0.000000000,0.000000000,1.000000000,1.721528120,1.026196926,1.059627206,0.000000000,1.762863963,1.036736939,1.080291344,1,0,0,0.000000000,0.158121744,-0.330020729,0.690033594,0.819023446,-0.063317255,-0.100571358,5.104181818,12.226149500,-4.560907638,-130.900673737,-0.071156832,142.887782072,44.906923469,-0.000703015,-0.001336662,0.000212483,0.000416011,0.000027379,-0.000423040,0.000929891,0.000000000,0.000000000,0.000000000,0.000000000,0.000000000,0.000000000,0.000000000,-0.000534363,-0.000009018,0.000528890,0.000000043,-0.000186328,-0.000000132,0.000131513,0.000000000,0.000000000,0.000000000,0.000000000,0.000000000,0.000000000,0.000000000,0.287832930,0.105337612,-0.313361643,0.289358151,0.808929095,0.433261440,0.069717944
17.501000000,0,17.501000000,sample,0.215271624,0.000002682,0.000000000,0.000000000,0.000000000,0.000000000,0.000000000,0,0,2.000000000,0.080000000,0.000000000,0.000000000,0.000177428,0.000000000,0.001523748,0.000000000,0.000000000,0.000000000,0.001717007,0.103335771,2,68.441778032,0,0.000000000,0.780196751,0.827372378,0.784756376,0.827646242,0.555918158,0.059702408,1.541559623,0.718338274,1.355456235,0.000354856,1.355454997,2.000000000,0.000000000,0.000000000,0.000000000,1.000000000,1.731301449,1.020483226,1.064421164,0.000000000,1.747132169,1.030516108,1.064599555,1,0,0,0.000000000,0.157402795,-0.331856345,0.688333275,0.818837025,-0.062964510,-0.100431319,5.104344221,12.225933626,-4.560907638,-130.900769446,-0.070880536,142.888013083,44.907005067,0.000048827,-0.001420472,0.000217080,-0.000552499,0.000283094,-0.000143232,0.000689167,0.000000000,0.000000000,0.000000000,0.000000000,0.000000000,0.000000000,0.000000000,-0.000120667,-0.000002036,0.000119431,0.000000010,-0.000042075,-0.000000030,0.000029697,0.000000000,0.000000000,0.000000000,0.000000000,0.000000000,0.000000000,0.000000000,0.296101645,0.105419748,-0.315765013,0.294434001,0.808610205,0.434621846,0.071115189
17.551000000,0,17.551000000,sample,0.215271505,-0.000002387,0.000000000,0.000000000,0.000000000,0.000000000,0.000000000,0,0,2.000000000,0.080000000,0.000000000,0.000000000,0.000531906,0.000000000,0.001571817,0.000000000,0.000000000,0.000000000,0.001533994,0.346746025,1,71.665067619,0,0.000000000,0.782880265,0.827604879,0.784934457,0.827659043,1.020457715,0.144927228,1.580284622,0.724514134,1.406704160,0.001063812,1.406703738,2.000000000,0.000000000,0.000000000,0.000000000,1.000000000,1.732925351,1.020152997,1.063162427,0.000000000,1.755727868,1.030069584,1.065856449,1,0,0,0.000000000,0.157603660,-0.333335825,0.690615540,0.818994692,-0.063185278,-0.100921513,5.104532801,12.226250301,-4.560906109,-130.900673737,-0.071098986,142.888012333,44.906882670,0.001298606,-0.000181431,0.000576016,0.000150201,-0.000186326,0.000020019,-0.000494338,0.000000000,0.000000000,0.000000000,0.000000000,0.000000000,0.000000000,0.000000000,0.000361743,0.000006105,-0.000358038,-0.000000029,0.000126139,0.000000090,-0.000089030,0.000000000,0.000000000,0.000000000,0.000000000,0.000000000,0.000000000,0.000000000,0.297494689,0.108176911,-0.316315017,0.292109542,0.807669509,0.432877556,0.070801297
17.601000000,0,17.601000000,sample,0.215271332,-0.000003456,0.000000000,0.000000000,0.000000000,0.000000000,0.000000000,0,0,2.000000000,0.080000000,0.000000000,0.000000000,0.000479664,0.000000000,0.001508504,0.000000000,0.000000000,0.000000000,0.001677426,0.285952557,7,36.000270746,0,0.000000000,0.780444428,0.827436949,0.786532140,0.827667044,0.801483278,0.135488516,1.552188007,0.722397395,1.369496245,0.000959329,1.369496463,2.000000000,0.000000000,0.000000000,0.000000000,1.000000000,1.733851442,1.021337776,1.063152602,0.000000000,1.921697458,1.085283217,1.063770720,1,0,0,0.000000000,0.155829837,-0.331348530,0.689216018,0.818862849,-0.062963173,-0.100753054,5.104181802,12.226250301,-4.560798164,-130.900466369,-0.070922731,142.888032857,44.906667018,0.000011465,0.000013269,0.000937238,0.000888785,-0.000106295,0.000347616,-0.001006459,0.000000000,0.000000000,0.000000000,0.000000000,0.000000000,0.000000000,0.000000000,-0.000326214,-0.000005505,0.000322873,0.000000026,-0.000113750,-0.000000081,0.000080286,0.000000000,0.000000000,0.000000000,0.000000000,0.000000000,0.000000000,0.000000000,0.300572955,0.110255505,-0.312396375,0.288355699,0.809030511,0.433158595,0.069970252
17.651000000,0,17.651000000,sample,0.215271548,0.000004326,0.000000000,0.000000000,0.000000000,0.000000000,0.000000000,0,0,2.000000000,0.080000000,0.000000000,0.000000000,0.000495292,0.000000000,0.001667619,0.000000000,0.000000000,0.000000000,0.000956095,0.518036624,7,45.206378021,0,0.000000000,0.783413292,0.827488117,0.784673035,0.827669949,0.471069391,0.071797980,1.588229416,0.723652550,1.418276623,0.000990584,1.418277242,2.000000000,0.000000000,0.000000000,0.000000000,1.000000000,1.698366392,1.015830599,1.059152399,0.000000000,1.743621884,1.030248003,1.064153247,1,0,0,0.000000000,0.157894513,-0.332599032,0.691508201,0.818874490,-0.063283263,-0.100878056,5.104393755,12.226345954,-4.560866847,-130.900673755,-0.070899883,142.888013057,44.906667021,0.000436721,0.000313334,-0.000101803,-0.000426690,0.000078260,-0.000115848,-0.000642837,0.000000000,0.000000000,0.000000000,0.000000000,0.000000000,0.000000000,0.000000000,0.000336842,0.000005684,-0.000333392,-0.000000027,0.000117457,0.000000083,-0.000082902,0.000000000,0.000000000,0.000000000,0.000000000,0.000000000,0.000000000,0.000000000,0.294980886,0.099686145,-0.311210520,0.287789631,0.809095858,0.430940362,0.069513961
17.701000000,0,17.701000000,sample,0.215271385,-0.000003269,0.000000000,0.000000000,0.000000000,0.000000000,0.000000000,0,0,2.000000000,0.080000000,0.000000000,0.000000000,0.000450494,0.000000000,0.001641913,0.000000000,0.000000000,0.000000000,0.000906355,0.497039298,4,26.754942755,0,0.000000000,0.782074084,0.827675079,0.786921430,0.827678355,0.244497572,0.034400549,1.556573006,0.723895187,1.375850993,0.000900988,1.375851390,2.000000000,0.000000000,0.000000000,0.000000000,1.000000000,1.695586067,1.012866344,1.065998185,0.000000000,1.712436941,1.021079190,1.067544930,1,0,0,0.000000000,0.157100275,-0.331176752,0.690855510,0.819061870,-0.063187629,-0.100950548,5.104312904,12.226346004,-4.560907638,-130.900578028,-0.071198834,142.888013086,44.906713646,-0.000440705,0.000226364,0.000219113,0.000468814,-0.000332875,0.000082736,-0.000436542,0.000000000,0.000000000,0.000000000,0.000000000,0.000000000,0.000000000,0.000000000,-0.000306376,-0.000005170,0.000303237,0.000000025,-0.000106833,-0.000000076,0.000075404,0.000000000,0.000000000,0.000000000,0.000000000,0.000000000,0.000000000,0.000000000,0.294935964,0.092851831,-0.322209469,0.296809881,0.809887367,0.433590684,0.070071171
17.751000000,0,17.751000000,sample,0.215271511,0.000002534,0.000000000,0.000000000,0.000000000,0.000000000,0.000000000,0,0,2.000000000,0.080000000,0.000000000,0.000000000,0.000343754,0.000000000,0.001407083,0.000000000,0.000000000,0.000000000,0.001550989,0.221635439,7,90.766146448,0,0.000000000,0.781454357,0.827472935,0.785029825,0.827630020,0.097043412,0.103886154,1.558808854,0.718926363,1.365801564,0.000687508,1.365801643,2.000000000,0.000000000,0.000000000,0.000000000,1.000000000,1.721602604,1.021879319,1.064993463,0.000000000,1.729162583,1.030218308,1.066621183,1,0,0,0.000000000,0.157567050,-0.330232431,0.690499875,0.818939105,-0.063177771,-0.100293419,5.104189503,12.226236648,-4.560907636,-130.900673737,-0.071007212,142.888006339,44.907092493,-0.000168154,-0.000292532,0.000059837,-0.000192122,0.000259563,0.000020280,0.001477646,0.000000000,0.000000000,0.000000000,0.000000000,0.000000000,0.000000000,0.000000000,-0.000233783,-0.000003945,0.000231389,0.000000019,-0.000081519,-0.000000058,0.000057537,0.000000000,0.000000000,0.000000000,0.000000000,0.000000000,0.000000000,0.000000000,0.295074164,0.105030084,-0.322505359,0.291646804,0.809625925,0.432070764,0.069743435
17.801000000,0,17.801000000,sample,0.215271673,0.000003232,0.000000000,0.000000000,0.000000000,0.000000000,0.000000000,0,0,2.000000000,0.080000000,0.000000000,0.000000000,0.000424590,0.000000000,0.002107541,0.000000000,0.000000000,0.000000000,0.001376501,0.308456194,3,45.857854520,0,0.000000000,0.783190944,0.827502305,0.784103724,0.827628157,0.713431207,0.095716947,1.571931834,0.722116654,1.394616668,0.000849181,1.394616871,2.000000000,0.000000000,0.000000000,0.000000000,1.000000000,1.721195150,1.018657630,1.061046574,0.000000000,1.742436719,1.027826787,1.081010066,1,0,0,0.000000000,0.158797376,-0.333591533,0.690570878,0.818893258,-0.063374457,-0.100784795,5.104448780,12.226140995,-4.560811929,-130.900769446,-0.070973648,142.887811034,44.906923469,0.000302244,-0.000727420,0.000932145,-0.000478887,-0.000149695,0.000305623,-0.000245405,0.000000000,0.000000000,0.000000000,0.000000000,0.000000000,0.000000000,0.000000000,-0.000288759,-0.000004873,0.000285802,0.000000023,-0.000100688,-0.000000071,0.000071067,0.000000000,0.000000000,0.000000000,0.000000000,0.000000000,0.000000000,0.000000000,0.295997693,0.108394781,-0.312004633,0.283640177,0.809526068,0.433917378,0.070995645
17.851000000,0,17.851000000,sample,0.215271347,-0.000006514,0.000000000,0.000000000,0.000000000,0.000000000,0.000000000,0,0,2.000000000,0.080000000,0.000000000,0.000000000,0.000013509,0.000000000,0.001534473,0.000000000,0.000000000,0.000000000,0.001120699,0.012054308,3,38.766247223,0,0.000000000,0.780921035,0.827535304,0.784194899,0.827643147,0.779446416,0.096266365,1.538281057,0.721692233,1.345696576,0.000027018,1.345696730,2.000000000,0.000000000,0.000000000,0.000000000,1.000000000,1.743695786,1.029471492,1.063902389,0.000000000,1.751097602,1.030827785,1.064203722,1,0,0,0.000000000,0.156335877,-0.331356597,0.689637269,0.818976862,-0.063013060,-0.100602848,5.104303854,12.226250133,-4.560896924,-130.900535529,-0.071075446,142.888047047,44.906964268,-0.000641051,0.000123898,-0.000697776,0.000441984,-0.000021312,0.000281187,0.000260590,0.000000000,0.000000000,0.000000000,0.000000000,0.000000000,0.000000000,0.000000000,-0.000009187,-0.000000155,0.000009093,0.000000001,-0.000003204,-0.000000002,0.000002261,0.000000000,0.000000000,0.000000000,0.000000000,0.000000000,0.000000000,0.000000000,0.291288575,0.112561492,-0.320248566,0.290890393,0.809538688,0.432139870,0.071379623
17.901000000,0,17.901000000,sample,0.215271456,0.000002181,0.000000000,0.000000000,0.000000000,0.000000000,0.000000000,0,0,2.000000000,0.080000000,0.000000000,0.000000000,0.000611274,0.000000000,0.001327713,0.000000000,0.000000000,0.000000000,0.001697176,0.360171270,2,33.117054206,0,0.000000000,0.780680928,0.827400882,0.784963489,0.827630832,0.770495991,0.079243035,1.527448667,0.719749548,1.346183753,0.001222548,1.346184695,2.000000000,0.000000000,0.000000000,0.000000000,1.000000000,1.697935298,1.013103552,1.064792914,0.000000000,1.743858701,1.029282796,1.065611793,1,0,0,0.000000000,0.156692447,-0.331578697,0.689177594,0.818832942,-0.063044300,-0.100649134,5.104216419,12.226154406,-4.560811873,-130.900578028,-0.070878610,142.887966459,44.906754445,-0.000632881,-0.000976681,0.000533887,0.000524787,0.000151256,-0.000311183,-0.000919680,0.000000000,0.000000000,0.000000000,0.000000000,0.000000000,0.000000000,0.000000000,-0.000415721,-0.000007015,0.000411463,0.000000034,-0.000144959,-0.000000103,0.000102314,0.000000000,0.000000000,0.000000000,0.000000000,0.000000000,0.000000000,0.000000000,0.295318023,0.098676560,-0.326573888,0.289054308,0.808991079,0.432906459,0.068968736
17.951000000,0,17.951000000,sample,0.215271380,-0.000001521,0.000000000,0.000000000,0.000000000,0.000000000,0.000000000,0,0,2.000000000,0.080000000,0.000000000,0.000000000,0.000073412,0.000000000,0.001314032,0.000000000,0.000000000,0.000000000,0.001479482,0.049620111,2,75.089976632,0,0.000000000,0.778742412,0.827489206,0.784617345,0.827664925,0.843743547,0.075663374,1.534505254,0.719784356,1.354274634,0.000146824,1.354274255,2.000000000,0.000000000,0.000000000,0.000000000,1.000000000,1.725215465,1.025649374,1.064380996,0.000000000,1.727837011,1.028653269,1.065560612,1,0,0,0.000000000,0.156034597,-0.331428777,0.687202965,0.818932597,-0.062831000,-0.100697826,5.104311694,12.225942684,-4.560907638,-130.900578028,-0.071041438,142.887966458,44.906836043,0.000265909,-0.001282037,0.000472953,0.000139426,0.000185844,-0.000391921,-0.000208027,0.000000000,0.000000000,0.000000000,0.000000000,0.000000000,0.000000000,0.000000000,-0.000049927,-0.000000843,0.000049415,0.000000004,-0.000017409,-0.000000012,0.000012287,0.000000000,0.000000000,0.000000000,0.000000000,0.000000000,0.000000000,0.000000000,0.297902212,0.110869490,-0.320329414,0.283408110,0.811155777,0.431685638,0.067910646
18.001000000,0,18.001000000,sample,0.215271556,0.000003512,0.000000000,0.000000000,0.000000000,0.000000000,0.000000000,0,0,2.000000000,0.080000000,0.000000000,0.000000000,0.000139747,0.000000000,0.001338916,0.000000000,0.000000000,0.000000000,0.004754395,0.029393234,4,90.426770518,0,0.000000000,0.780598335,0.827449661,0.785840763,0.827640898,2.079101836,0.166949586,1.630047684,0.725843047,1.484309497,0.000279494,1.484313762,2.000000000,0.000000000,0.000000000,0.000000000,1.000000000,1.719899969,1.020575752,1.066645155,0.000000000,1.747725382,1.032443897,1.066645155,1,0,0,0.000000000,0.157026572,-0.331619898,0.688988141,0.818898909,-0.062952630,-0.100570797,5.104329899,12.226058883,-4.560907638,-130.900713200,-0.070968034,142.888094589,44.906923469,0.000224366,-0.001314478,0.000242421,-0.004521097,-0.000420668,0.000377362,0.000087382,0.000000000,0.000000000,0.000000000,0.000000000,0.000000000,0.000000000,0.000000000,-0.000095040,-0.000001604,0.000094067,0.000000008,-0.000033140,-0.000000023,0.000023390,0.000000000,0.000000000,0.000000000,0.000000000,0.000000000,0.000000000,0.000000000,0.292686477,0.099142569,-0.320184146,0.298605771,0.810233104,0.434726765,0.071336707
18.001000000,0,18.001000000,stop,0.215271556,,0.000000000,0.000000000,0.000000000,0.000000000,0.000000000,0,0,2.000000000,0.080000000,0.000000000,0.000000000,0.000139747,0.000000000,0.000139747,0.000000000,0.000000000,0.000000000,0.004754395,0.029393234,4,90.426770518,0,0.000000000,0.780598335,0.827449661,0.780598335,0.827449661,2.079101836,0.166949586,1.630047684,0.725843047,1.484309497,0.000279494,1.484313762,2.000000000,0.000000000,0.000000000,0.000000000,1.000000000,1.719899969,1.020575752,1.066645155,0.000000000,1.719899969,1.020575752,1.066645155,1,0,0,0.000000000,0.157026572,-0.331619898,0.688988141,0.818898909,-0.062952630,-0.100570797,5.104329899,12.226058883,-4.560907638,-130.900713200,-0.070968034,142.888094589,44.906923469,0.000224366,-0.001314478,0.000242421,-0.004521097,-0.000420668,0.000377362,0.000087382,0.000000000,0.000000000,0.000000000,0.000000000,0.000000000,0.000000000,0.000000000,-0.000095040,-0.000001604,0.000094067,0.000000008,-0.000033140,-0.000000023,0.000023390,0.000000000,0.000000000,0.000000000,0.000000000,0.000000000,0.000000000,0.000000000,0.292686477,0.099142569,-0.320184146,0.298605771,0.810233104,0.434726765,0.071336707
