run_time_s,segment_id,phase_time_s,event,sigma_min,sigma_rate_per_s,sigma_plus,sigma_minus,probe_difference,probe_confidence,gradient_abs_per_rad,direction_valid,push_active,k_sigma_Nm,alpha_rad,tau_sigma_norm_Nm,sigma_power_W,nullspace_speed_rad_s,speed_toward_better_rad_s,peak_nullspace_speed_rad_s,peak_abs_speed_toward_better_rad_s,min_speed_toward_better_rad_s,max_speed_toward_better_rad_s,raw_joint_speed_rad_s,nullspace_speed_fraction,raw_velocity_dominant_joint,raw_velocity_dominant_share_pct,sigma_dominant_joint,sigma_dominant_share_pct,position_error_mm,rotation_error_deg,peak_position_error_mm,peak_rotation_error_deg,cartesian_speed_mm_s,angular_speed_deg_s,command_force_norm_N,command_moment_norm_Nm,tau_task_norm_Nm,tau_nullspace_norm_Nm,tau_cmd_norm_Nm,nullspace_damping_Nms_rad,disturbance_scale,disturbance_force_norm_N,disturbance_tau_norm_Nm,disturbance_torque_scale,external_force_delta_norm_N,external_moment_delta_norm_Nm,external_joint_torque_delta_norm_Nm,external_joint_torque_along_nbest_Nm,peak_external_force_delta_norm_N,peak_external_moment_delta_norm_Nm,peak_external_joint_torque_delta_norm_Nm,external_joint_torque_baseline_valid,joint_contact,cartesian_contact,Jn_norm,e_p_x_mm,e_p_y_mm,e_p_z_mm,e_R_x_deg,e_R_y_deg,e_R_z_deg,q1_deg,q2_deg,q3_deg,q4_deg,q5_deg,q6_deg,q7_deg,dq1_rad_s,dq2_rad_s,dq3_rad_s,dq4_rad_s,dq5_rad_s,dq6_rad_s,dq7_rad_s,n_best_1,n_best_2,n_best_3,n_best_4,n_best_5,n_best_6,n_best_7,dqN_1_rad_s,dqN_2_rad_s,dqN_3_rad_s,dqN_4_rad_s,dqN_5_rad_s,dqN_6_rad_s,dqN_7_rad_s,tau_sigma_1_Nm,tau_sigma_2_Nm,tau_sigma_3_Nm,tau_sigma_4_Nm,tau_sigma_5_Nm,tau_sigma_6_Nm,tau_sigma_7_Nm,tau_ext_delta_1_Nm,tau_ext_delta_2_Nm,tau_ext_delta_3_Nm,tau_ext_delta_4_Nm,tau_ext_delta_5_Nm,tau_ext_delta_6_Nm,tau_ext_delta_7_Nm
0.000000000,0,0.000000000,hold_start,0.000000000,,0.000000000,0.000000000,0.000000000,0.000000000,0.000000000,0,0,0.000000000,0.000000000,0.000000000,0.000000000,0.000000000,0.000000000,0.000000000,0.000000000,0.000000000,0.000000000,0.000000000,0.000000000,0,0.000000000,0,0.000000000,0.000000000,0.000000000,0.000000000,0.000000000,0.000000000,0.000000000,0.000000000,0.000000000,0.000000000,0.000000000,0.000000000,0.000000000,0.000000000,0.000000000,0.000000000,1.000000000,0.000000000,0.000000000,0.000000000,0.000000000,0.000000000,0.000000000,0.000000000,0,0,0,0.000000000,0.000000000,0.000000000,0.000000000,0.000000000,0.000000000,0.000000000,0.835692919,12.107091883,-0.521621607,-130.918941583,-0.127540265,142.885414712,44.746254015,0.000000000,0.000000000,0.000000000,0.000000000,0.000000000,0.000000000,0.000000000,0.000000000,0.000000000,0.000000000,0.000000000,0.000000000,0.000000000,0.000000000,0.000000000,0.000000000,0.000000000,0.000000000,0.000000000,0.000000000,0.000000000,0.000000000,0.000000000,0.000000000,0.000000000,0.000000000,0.000000000,0.000000000,0.000000000,0.000000000,0.000000000,0.000000000,0.000000000,0.000000000,0.000000000
0.000000000,0,0.000000000,sample,0.216515149,,0.215824953,0.216204786,0.000379834,379.833615276,0.002373960,1,1,2.000000000,0.080000000,2.000000000,-0.002620708,0.001310354,-0.001310354,0.001310354,0.001310354,-0.001310354,0.000000000,0.003036751,0.431498682,2,48.781749679,1,46.349492761,0.050677427,0.004874695,0.050677427,0.004874695,1.818575074,0.229350251,0.031628002,0.030396502,0.063372599,2.000000000,2.001003478,2.000000000,0.000000000,0.000000000,0.000000000,1.000000000,0.557639387,0.362694885,0.000000000,0.000000000,0.557639387,0.362694885,0.000000000,1,0,0,0.000000000,-0.017468239,0.009393078,-0.046635098,0.001278805,0.004508449,-0.001342085,0.839026151,12.102507917,-0.525711798,-130.918135161,-0.128353836,142.884523679,44.744894472,0.001682963,0.002120986,-0.000062219,-0.000841225,-0.000229108,0.000162993,-0.001048963,-0.680804618,-0.001288095,0.673997468,0.000098373,-0.234276522,-0.000300287,0.165363953,0.000892095,0.000001688,-0.000883175,-0.000000129,0.000306985,0.000000393,-0.000216685,-1.361609236,-0.002576189,1.347994937,0.000196747,-0.468553044,-0.000600574,0.330727907,0.000000000,0.000000000,0.000000000,0.000000000,0.000000000,0.000000000,0.000000000
0.050000000,0,0.050000000,sample,0.216524225,0.000181513,0.215886280,0.216162556,0.000276276,276.276353004,0.001726727,1,1,2.000000000,0.080000000,2.000000000,0.272495504,0.136247752,0.136247752,0.136247752,0.136247752,-0.000380296,0.136247752,0.140920850,0.966838847,3,52.909125159,1,46.343590776,0.164377807,0.057450515,0.164377807,0.057450515,9.976868274,1.754262931,0.824339470,0.292713396,0.661037964,2.000000000,2.107425287,2.000000000,0.000000000,0.000000000,0.000000000,1.000000000,0.367588396,0.186194967,0.378034595,0.252935779,0.568806677,0.382769390,0.378034595,1,0,0,0.000000000,0.019359258,-0.148947040,0.066783695,-0.030094777,-0.006713140,0.048474734,0.700261669,12.114366251,-0.376936088,-130.918590589,-0.127589754,142.885867193,44.800805243,-0.092032838,0.010863519,0.102503936,0.000569041,0.000195758,0.000754248,0.027615912,-0.680761271,-0.000918389,0.673931098,0.000097876,-0.234489123,-0.000298763,0.165513975,-0.092752193,-0.000125128,0.091821597,0.000013335,-0.031948616,-0.000040706,0.022550907,-1.361522542,-0.001836778,1.347862197,0.000195753,-0.468978246,-0.000597527,0.331027949,-0.188597340,-0.155757737,0.192675123,0.008157423,0.042370543,0.208181401,0.027490370
0.100000000,0,0.100000000,sample,0.216535040,0.000216310,0.216052509,0.216018693,0.000033816,33.816120615,0.000211351,1,1,2.000000000,0.080000000,2.000000000,0.358217472,0.179108736,0.179108736,0.181863674,0.181863674,0.000000000,0.181863674,0.185823686,0.963863862,3,55.697894315,1,46.339380522,0.531211953,0.141285004,0.531211953,0.141285004,11.689258389,1.665914252,1.618804109,0.327816644,1.254546729,2.000000000,2.361571915,2.000000000,0.000000000,0.000000000,0.000000000,1.000000000,0.792793569,0.321960829,0.718201167,0.517090843,0.792793569,0.321960829,0.718201167,1,0,0,0.000000000,0.060228620,-0.502504752,0.161392773,-0.102965443,-0.017642110,0.095122688,0.372586042,12.123387404,-0.027597057,-130.919798179,-0.127940189,142.885742742,44.861612372,-0.123261135,-0.000821999,0.138682116,0.000361775,-0.000261217,0.000291250,0.010170847,-0.680730347,-0.000047273,0.673881543,0.000098211,-0.234644965,-0.000299784,0.165624571,-0.121924752,-0.000008467,0.120698071,0.000017590,-0.042026963,-0.000053694,0.029664808,-1.361460694,-0.000094545,1.347763087,0.000196421,-0.469289931,-0.000599569,0.331249143,-0.623627596,-0.028426087,0.141502372,-0.002134350,0.052677872,0.316044887,0.058366855
0.150000000,0,0.150000000,sample,0.216534663,-0.000007536,0.216026524,0.216043809,0.000017285,17.285157054,0.000108032,1,1,2.000000000,0.080000000,2.000000000,0.168573263,0.084286631,0.084286631,0.178953870,0.178953870,-0.178953870,0.178587948,0.092459642,0.911604562,3,48.982138358,1,46.339990696,0.315508676,0.172872386,0.579908526,0.175173810,12.726964076,0.770797582,0.241191748,0.091438254,0.166651640,2.000000000,2.007014629,2.000000000,0.000000000,0.000000000,0.000000000,1.000000000,0.911783468,0.450317761,0.756396405,-0.485648732,0.911783468,0.450317761,0.767521643,1,0,0,0.000000000,0.050760104,-0.275139364,0.145833695,-0.131319010,-0.015894697,0.111299317,0.272415536,12.122037011,0.042322047,-130.919383441,-0.105379824,142.885936224,44.827957049,0.042162081,-0.002139478,-0.064709952,0.000733890,0.017371471,0.000321653,-0.047715605,0.680734829,-0.000123371,-0.673889102,-0.000080885,0.234621916,0.000246896,-0.165608107,0.057376846,-0.000010399,-0.056799842,-0.000006817,0.019775491,0.000020810,-0.013958549,1.361469657,-0.000246743,-1.347778204,-0.000161769,0.469243832,0.000493793,-0.331216214,-0.147845300,-0.101176034,0.620002019,0.027291617,0.182395544,0.343393672,0.060877046
0.200000000,0,0.200000000,sample,0.216534367,-0.000005932,0.216037170,0.216032689,0.000004480,4.480492482,0.000028003,1,1,2.000000000,0.080000000,2.000000000,0.127856708,0.063928354,0.063928354,0.106511269,0.106511269,-0.106511269,0.094253539,0.066019679,0.968322692,3,48.603353867,1,46.339088114,0.168372666,0.171780280,0.303087122,0.172031823,2.378830928,1.064846147,0.412175178,0.295961053,0.540780145,2.000000000,2.071956319,2.000000000,0.000000000,0.000000000,0.000000000,1.000000000,0.681426253,0.748368851,0.711762199,0.315328912,1.086557193,0.755719665,0.748566652,1,0,0,0.000000000,0.051144724,-0.022631337,0.158812451,-0.122844750,-0.016925601,0.118874540,0.277809993,12.123690878,0.011516347,-130.919096494,-0.108772531,142.886228312,44.813516960,-0.044094222,0.002148034,0.046026349,0.000503939,-0.000302137,-0.000177339,0.017055265,-0.680728199,0.000047091,0.673879939,0.000083499,-0.234652424,-0.000254877,0.165629443,-0.043517833,0.000003010,0.043080035,0.000005338,-0.015000943,-0.000016294,0.010588418,-1.361456398,0.000094181,1.347759878,0.000166999,-0.469304849,-0.000509754,0.331258887,-0.376440800,-0.092498162,0.224752725,0.074249228,0.421627315,0.347760968,0.040097675
0.250000000,0,0.250000000,sample,0.216534312,-0.000001092,0.216040781,0.216028915,0.000011865,11.865446806,0.000074159,1,1,2.000000000,0.080000000,2.000000000,0.031682780,0.015841390,0.015841390,0.073185148,0.073185148,-0.073185148,0.064455693,0.016096503,0.984151021,1,53.591681406,1,46.339539404,0.165093747,0.174322677,0.180102479,0.182018887,0.918921512,0.178486825,0.285685194,0.173091060,0.322367585,2.000000000,2.025817018,2.000000000,0.000000000,0.000000000,0.000000000,1.000000000,0.701827523,0.760569297,0.709877211,0.280010646,0.765975521,0.810290828,0.747292175,1,0,0,0.000000000,0.048269503,-0.048314830,0.150305281,-0.121674355,-0.015979970,0.123807865,0.291851277,12.122795322,0.000559459,-130.919066112,-0.106871891,142.886228312,44.820261191,-0.011783661,-0.001124863,0.010611046,0.000354268,-0.001379979,-0.000052997,0.002085778,-0.680731514,0.000019428,0.673884905,0.000082035,-0.234636497,-0.000250406,0.165618190,-0.010783733,0.000000308,0.010675273,0.000001300,-0.003716968,-0.000003967,0.002623622,-1.361463028,0.000038857,1.347769810,0.000164070,-0.469272994,-0.000500813,0.331236380,-0.271697123,-0.093127809,0.293569579,-0.002038831,0.469244709,0.336231779,0.044764710
0.300000000,0,0.300000000,sample,0.216533925,-0.000007740,0.216039782,0.216029155,0.000010626,10.626460159,0.000066415,1,1,2.000000000,0.080000000,2.000000000,0.008315467,0.004157733,0.004157733,0.050495952,0.050495952,-0.050495952,0.038605569,0.004781048,0.869627953,3,79.109263182,1,46.339434697,0.260374791,0.167434091,0.265555913,0.177641588,1.521941598,0.221998461,0.582978732,0.127751953,0.426642390,2.000000000,2.045000115,2.000000000,0.000000000,0.000000000,0.000000000,1.000000000,0.950043684,0.762773053,0.692124188,0.244602162,0.950043684,0.932354244,0.828180193,1,0,0,0.000000000,0.046674470,-0.208218010,0.149203841,-0.121906667,-0.015742286,0.113688697,0.307211086,12.122915504,0.002381200,-130.918744930,-0.107089724,142.886269139,44.827457281,-0.001479153,0.000619455,0.004252426,0.000671802,-0.001315773,0.000027897,-0.000142557,-0.680730745,0.000024011,0.673884554,0.000082203,-0.234638735,-0.000250919,0.165619609,-0.002830297,0.000000100,0.002801832,0.000000342,-0.000975565,-0.000001043,0.000688602,-1.361461490,0.000048021,1.347769108,0.000164406,-0.469277470,-0.000501837,0.331239218,-0.245969338,0.024666020,0.267951824,0.010667860,0.477062235,0.340176320,0.052021871
0.350000000,0,0.350000000,sample,0.216534158,0.000004657,0.216038978,0.216030504,0.000008473,8.473196967,0.000052957,1,1,2.000000000,0.080000000,2.000000000,0.023479549,0.011739774,0.011739774,0.043233666,0.043233666,-0.043233666,0.035908455,0.015282459,0.768186234,1,95.359966318,1,46.338827983,0.324290921,0.165026915,0.348225766,0.172719168,6.731931542,0.734641573,0.345591566,0.225326366,0.366637637,2.000000000,2.033323712,2.000000000,0.000000000,0.000000000,0.000000000,1.000000000,0.713392953,0.720382579,0.703768912,0.249314438,1.035990614,0.967687817,0.888102535,1,0,0,0.000000000,0.052789225,-0.275747530,0.162299720,-0.122279425,-0.017283939,0.109466389,0.311218019,12.124175056,0.005559325,-130.918936339,-0.107547611,142.886181685,44.830713331,-0.014923692,-0.001810377,0.002485568,0.001127854,0.000242882,-0.000001403,-0.000224496,-0.680726288,0.000032021,0.673877519,0.000082562,-0.234660797,-0.000252016,0.165635288,-0.007991573,0.000000376,0.007911170,0.000000969,-0.002754865,-0.000002959,0.001944521,-1.361452577,0.000064042,1.347755038,0.000165124,-0.469321594,-0.000504032,0.331270577,-0.212822565,-0.117480125,0.306216088,0.000097501,0.471177309,0.342974547,0.052799236
0.400000000,0,0.400000000,sample,0.216534117,-0.000000813,0.216036112,0.216033172,0.000002940,2.940215532,0.000018376,1,1,2.000000000,0.080000000,2.000000000,0.054385840,0.027192920,0.027192920,0.041464632,0.041464632,-0.041464632,0.033710364,0.029279061,0.928749734,1,70.250515142,1,46.339671923,0.306121340,0.167924046,0.325568060,0.172438830,4.122436111,0.666520480,0.447169545,0.233160838,0.405290244,2.000000000,2.040663111,2.000000000,0.000000000,0.000000000,0.000000000,1.000000000,0.735574333,0.755829092,0.705161794,0.261446304,1.116307260,0.959142120,0.876566682,1,0,0,0.000000000,0.046815769,-0.264874266,0.146151229,-0.123982108,-0.015462859,0.112195464,0.301691384,12.122481913,0.013528705,-130.918889121,-0.107515051,142.886269140,44.831683723,-0.024540415,-0.000272626,0.015879732,-0.000457635,0.001412434,0.000283731,0.000711563,-0.680732487,0.000051895,0.673886775,0.000082527,-0.234631067,-0.000251907,0.165614264,-0.018511104,0.000001411,0.018324949,0.000002244,-0.006380304,-0.000006850,0.004503535,-1.361464975,0.000103790,1.347773550,0.000165053,-0.469262134,-0.000503814,0.331228529,-0.340659744,-0.068997506,0.191698571,0.043125515,0.461677934,0.349113373,0.052996457
0.450000000,0,0.450000000,sample,0.216534152,0.000000691,0.216031398,0.216038063,0.000006665,6.665126681,0.000041657,1,1,2.000000000,0.080000000,2.000000000,-0.040123983,0.020061991,-0.020061991,0.039811749,0.039811749,-0.039811749,0.029632275,0.026884171,0.746238048,3,40.814112677,1,46.338826121,0.281308394,0.172914011,0.305662330,0.173814090,1.920142471,0.958366102,0.646688652,0.149480921,0.616150979,2.000000000,2.092780470,2.000000000,0.000000000,0.000000000,0.000000000,1.000000000,0.794962988,0.717278106,0.696708430,-0.294858819,1.077337421,0.825702551,0.748482557,1,0,0,0.000000000,0.052450292,-0.223751824,0.162229777,-0.126637342,-0.017298966,0.116460228,0.282731524,12.124174552,0.027443387,-130.918925657,-0.107944743,142.886174429,44.830934648,-0.015012235,0.000224521,0.017175201,0.000764220,-0.001354473,-0.006828296,-0.012381812,0.680726275,-0.000086696,-0.673877535,-0.000082867,0.234660785,0.000252946,-0.165635276,-0.013656725,0.000001739,0.013519325,0.000001662,-0.004707763,-0.000005075,0.003322973,1.361452550,-0.000173393,-1.347755070,-0.000165734,0.469321570,0.000505893,-0.331270551,-0.298526522,-0.044916737,0.276482395,0.015001497,0.442207855,0.344927538,0.055467881
0.500000000,0,0.500000000,sample,0.216533627,-0.000010490,0.216033980,0.216034305,0.000000325,0.325072823,0.000002032,0,0,2.000000000,0.080000000,0.000000000,0.000000000,0.037675293,0.000000000,0.042355099,0.042355099,-0.042355099,0.031667201,0.039141327,0.962545107,1,63.854855748,0,0.000000000,0.250982748,0.173484577,0.284347159,0.176694878,3.933372901,0.831310213,0.658778836,0.072955393,0.525305126,0.000000000,0.525350730,2.000000000,0.000000000,0.000000000,0.000000000,1.000000000,0.898244670,0.887748953,0.801880730,0.000000000,0.921219178,0.887748953,0.801880730,1,0,0,0.000000000,0.041411228,-0.204224654,0.139891889,-0.125379648,-0.014529407,0.119019909,0.290264728,12.122134590,0.018118188,-130.918475752,-0.106808390,142.886443964,44.831005408,0.031277534,0.000083674,-0.022938832,0.000885540,0.000349108,0.000850270,-0.005092474,0.000000000,0.000000000,0.000000000,0.000000000,0.000000000,0.000000000,0.000000000,0.025646825,-0.000002382,-0.025388962,-0.000003089,0.008839587,0.000009428,-0.006239411,0.000000000,0.000000000,0.000000000,0.000000000,0.000000000,0.000000000,0.000000000,-0.554266636,-0.007738444,0.102470688,-0.008764376,0.454320913,0.340165079,0.055176884
0.550000000,0,0.550000000,sample,0.216533678,0.000001019,0.216038269,0.216030222,0.000008047,8.047092869,0.000050294,1,1,2.000000000,0.080000000,2.000000000,-0.035551621,0.017775810,-0.017775810,0.042561305,0.042561305,-0.042561305,0.029372040,0.018232715,0.974940422,1,50.902351238,1,46.339078754,0.239681037,0.173191138,0.253563167,0.177993802,0.492085240,0.127332259,0.495349068,0.138150275,0.379078637,2.000000000,2.035612303,2.000000000,0.000000000,0.000000000,0.000000000,1.000000000,0.876223404,0.879444917,0.779824928,0.335169461,0.991619183,0.927621101,0.840271983,1,0,0,0.000000000,0.046835148,-0.177709993,0.153859114,-0.122702364,-0.016179861,0.121150783,0.300030763,12.123566701,0.006090454,-130.918538627,-0.107041563,142.886269222,44.831326816,0.013008291,0.001560373,-0.012511295,0.001022772,0.001361943,-0.000539656,-0.001027998,-0.680728130,0.000033259,0.673881202,0.000082170,-0.234650269,-0.000250818,0.165627652,0.012100494,-0.000000591,-0.011978784,-0.000001461,0.004171099,0.000004458,-0.002944166,-1.361456261,0.000066518,1.347762403,0.000164340,-0.469300537,-0.000501636,0.331255305,-0.508217466,-0.008218157,0.132057729,0.026655812,0.463016972,0.338112025,0.054038434
0.600000000,0,0.600000000,sample,0.216534068,0.000007792,0.216036387,0.216032831,0.000003556,3.555697603,0.000022223,1,1,2.000000000,0.080000000,2.000000000,0.046090196,0.023045098,0.023045098,0.044391433,0.044391433,-0.044391433,0.030254994,0.024320939,0.947541454,1,56.287137829,1,46.339410210,0.246466662,0.173928618,0.260945446,0.176880419,2.286638174,0.746412510,0.380466126,0.244561741,0.376468431,2.000000000,2.035127550,2.000000000,0.000000000,0.000000000,0.000000000,1.000000000,0.704466390,0.738442714,0.698636594,0.280870500,0.860415022,0.867275440,0.770310443,1,0,0,0.000000000,0.047450422,-0.189397094,0.150409487,-0.123911622,-0.015865660,0.121017995,0.294494341,12.122978714,0.012607173,-130.918846445,-0.107305769,142.886309913,44.832240674,-0.018246725,-0.001592182,0.014121322,0.000866640,0.000538168,0.000214262,0.007451961,-0.680730565,0.000049562,0.673884030,0.000082369,-0.234640066,-0.000251426,0.165620588,-0.015687503,0.000001142,0.015529723,0.000001898,-0.005407303,-0.000005794,0.003816743,-1.361461130,0.000099125,1.347768059,0.000164738,-0.469280132,-0.000502852,0.331241177,-0.303091037,-0.076413351,0.257102175,0.011035618,0.458036873,0.333935612,0.053439963
0.650000000,0,0.650000000,sample,0.216534110,0.000000843,0.216031674,0.216037604,0.000005930,5.930196278,0.000037064,1,1,2.000000000,0.080000000,2.000000000,-0.063980236,0.031990118,-0.031990118,0.040509470,0.040509470,-0.040509470,0.030955815,0.035161712,0.909799788,3,50.206896963,1,46.339475319,0.254920626,0.176527035,0.271658095,0.176527035,1.398856388,0.576904147,0.559405110,0.232780888,0.425104119,2.000000000,2.044706780,2.000000000,0.000000000,0.000000000,0.000000000,1.000000000,0.955631682,0.695590049,0.693619409,-0.272441712,0.955631682,0.845469228,0.770000078,1,0,0,0.000000000,0.046695608,-0.201573357,0.148903417,-0.126516382,-0.015602212,0.122114577,0.281457782,12.122823503,0.026354773,-130.918869999,-0.107770339,142.886454248,44.834113763,-0.024122392,-0.000036275,0.024914473,0.000488368,0.005733124,-0.000219205,0.000754092,0.680731043,-0.000083942,-0.673884649,-0.000082725,0.234637954,0.000252512,-0.165619080,-0.021776666,0.000002685,0.021557649,0.000002646,-0.007506096,-0.000008078,0.005298174,1.361462086,-0.000167884,-1.347769298,-0.000165450,0.469275907,0.000505024,-0.331238160,-0.170688822,0.006549827,0.372674406,0.024814013,0.443501488,0.335578853,0.055871505
0.700000000,0,0.700000000,sample,0.216534511,0.000008027,0.216035582,0.216034536,0.000001046,1.045544564,0.000006535,1,1,2.000000000,0.080000000,2.000000000,-0.063488677,0.031744339,-0.031744339,0.040008747,0.040008747,-0.040008747,0.034479596,0.033221398,0.955538905,3,51.168730025,1,46.339173316,0.251269970,0.175279822,0.267190718,0.177642937,1.076276643,0.330415019,0.451260535,0.115221147,0.321015521,2.000000000,2.025626081,2.000000000,0.000000000,0.000000000,0.000000000,1.000000000,0.741594365,0.702268218,0.711227903,0.313501708,0.957068850,0.790809939,0.724858372,1,0,0,0.000000000,0.051161677,-0.189247131,0.157176984,-0.124940889,-0.016541951,0.121816067,0.290723132,12.123489142,0.016144926,-130.919191998,-0.106822803,142.886495075,44.832340101,0.023175282,-0.000522742,-0.023764037,0.000251844,-0.000802062,0.000347292,-0.000858796,-0.680728825,0.000058311,0.673880559,0.000082002,-0.234650027,-0.000250305,0.165627748,0.021609286,-0.000001851,-0.021391893,-0.000002603,0.007448810,0.000007946,-0.005257743,-1.361457650,0.000116621,1.347761119,0.000164004,-0.469300053,-0.000500609,0.331255496,-0.241467588,-0.079238442,0.361244580,0.018987458,0.440978736,0.335882553,0.055877531
0.750000000,0,0.750000000,sample,0.216534222,-0.000005783,0.216039214,0.216030318,0.000008896,8.896199888,0.000055601,1,1,2.000000000,0.080000000,2.000000000,-0.026625612,0.013312806,-0.013312806,0.040367765,0.040367765,-0.040367765,0.031490635,0.014787323,0.900285090,3,71.387543039,1,46.339395445,0.252042114,0.172736470,0.264971300,0.177582231,3.220140056,0.269086786,0.361595692,0.144599219,0.284307933,2.000000000,2.020112365,2.000000000,0.000000000,0.000000000,0.000000000,1.000000000,0.754683400,0.757040018,0.713104933,0.302471685,0.828406455,0.829292032,0.754570415,1,0,0,0.000000000,0.048964380,-0.194958617,0.152048856,-0.122514483,-0.016105428,0.120700889,0.303182478,12.123050034,0.004845536,-130.918983060,-0.106913552,142.886269194,44.832709255,0.007515479,-0.000770863,-0.012493979,0.000889405,-0.001782978,0.000351505,-0.001181163,-0.680730457,0.000030130,0.673883539,0.000082069,-0.234641185,-0.000250509,0.165621452,0.009062432,-0.000000401,-0.008971281,-0.000001093,0.003123733,0.000003335,-0.002204886,-1.361460913,0.000060260,1.347767078,0.000164137,-0.469282370,-0.000501017,0.331242903,-0.335777251,-0.054565417,0.254410280,0.046646343,0.454780060,0.340516466,0.055839593
0.800000000,0,0.800000000,sample,0.216534211,-0.000000218,0.216036387,0.216033175,0.000003211,3.211293243,0.000020071,1,1,2.000000000,0.080000000,2.000000000,0.042534471,0.021267235,0.021267235,0.040922697,0.040922697,-0.040922697,0.030871802,0.022181189,0.958795996,1,64.188361994,1,46.338967352,0.270374979,0.173794366,0.277907770,0.177858804,2.157580411,0.293266816,0.458419196,0.190507216,0.376980543,2.000000000,2.035229680,2.000000000,0.000000000,0.000000000,0.000000000,1.000000000,0.729743728,0.757704259,0.706102325,0.277067250,0.948460307,0.821101147,0.757093746,1,0,0,0.000000000,0.051480751,-0.212011166,0.159698550,-0.123961242,-0.016931188,0.120629296,0.296410975,12.123887930,0.013115624,-130.918965763,-0.107380165,142.886271388,44.834323992,-0.017771045,0.000528787,0.013203404,0.000799343,-0.000863015,-0.000154847,0.000421781,-0.680727312,0.000050847,0.673878938,0.000082432,-0.234656094,-0.000251618,0.165631966,-0.014477188,0.000001081,0.014331542,0.000001753,-0.004990486,-0.000005351,0.003522534,-1.361454624,0.000101694,1.347757876,0.000164864,-0.469312188,-0.000503236,0.331263931,-0.367752790,-0.059411942,0.184649010,0.025043901,0.456381664,0.336941096,0.057206828
0.850000000,0,0.850000000,sample,0.216534235,0.000000481,0.216031401,0.216038139,0.000006738,6.738403406,0.000042115,1,1,2.000000000,0.080000000,2.000000000,-0.025299934,0.012649967,-0.012649967,0.037276671,0.037276671,-0.037276671,0.025816639,0.013600585,0.930104633,1,53.315469291,1,46.339440565,0.276314415,0.176832437,0.280707238,0.177508440,0.572628435,0.119163318,0.558356823,0.164571297,0.419199933,2.000000000,2.043463681,2.000000000,0.000000000,0.000000000,0.000000000,1.000000000,0.755160260,0.731558575,0.695792953,-0.292634187,0.817434849,0.778103874,0.729711380,1,0,0,0.000000000,0.048627053,-0.226227134,0.151017713,-0.126997665,-0.015975599,0.122008541,0.282926710,12.122947497,0.027447946,-130.918983078,-0.107338017,142.886318933,44.836199525,-0.009930799,0.001359247,0.009075613,0.000484806,-0.000007014,0.000109160,-0.001376163,0.680730788,-0.000086597,-0.673884025,-0.000082394,0.234639607,0.000251501,-0.165620327,-0.008611222,0.000001095,0.008524611,0.000001042,-0.002968183,-0.000003181,0.002095092,1.361461576,-0.000173195,-1.347768049,-0.000164788,0.469279214,0.000503003,-0.331240655,-0.339887252,-0.047144301,0.231443636,0.019083998,0.444065902,0.334532979,0.057833457
0.900000000,0,0.900000000,sample,0.216534155,-0.000001608,0.216035067,0.216034359,0.000000708,0.707998265,0.000004425,0,0,2.000000000,0.080000000,0.000000000,0.000000000,0.032796379,0.000000000,0.042850727,0.042850727,-0.042850727,0.033151945,0.034292760,0.956364517,1,58.515672000,0,0.000000000,0.275910790,0.175215763,0.277001187,0.178469351,1.731598579,0.533565067,0.610858438,0.081627999,0.448278939,0.000000000,0.448374027,2.000000000,0.000000000,0.000000000,0.000000000,1.000000000,0.795784835,0.808973428,0.748119182,0.000000000,0.835022872,0.808973428,0.748119182,1,0,0,0.000000000,0.050105547,-0.222152214,0.155770961,-0.125030853,-0.016535487,0.121632344,0.293761798,12.123489142,0.016632113,-130.918921665,-0.106827605,142.886228405,44.835674934,0.026232431,-0.000206042,-0.021942828,0.000667463,-0.000918767,-0.000308257,-0.002222195,0.000000000,0.000000000,0.000000000,0.000000000,0.000000000,0.000000000,0.000000000,0.022325439,-0.000001952,-0.022100865,-0.000002689,0.007695632,0.000008209,-0.005431960,0.000000000,0.000000000,0.000000000,0.000000000,0.000000000,0.000000000,0.000000000,-0.455187278,-0.035007198,0.174003659,0.032332439,0.448991271,0.338742031,0.059994694
0.950000000,0,0.950000000,sample,0.216534100,-0.000001110,0.216038885,0.216030434,0.000008450,8.450462522,0.000052815,1,1,2.000000000,0.080000000,2.000000000,-0.029075628,0.014537814,-0.014537814,0.043768539,0.043768539,-0.043768539,0.028216649,0.015628348,0.930220786,3,49.539491377,1,46.339162401,0.255766156,0.173969976,0.276215753,0.180479712,0.486525297,0.212068346,0.503957693,0.163238296,0.381003458,2.000000000,2.035971464,2.000000000,0.000000000,0.000000000,0.000000000,1.000000000,0.696306367,0.732457355,0.719541977,0.317808991,0.874765365,0.812445863,0.750895702,1,0,0,0.000000000,0.049579959,-0.196937044,0.155479757,-0.122534697,-0.016459303,0.122392368,0.302711045,12.123488975,0.005519002,-130.918883621,-0.107102610,142.886250882,44.834738445,0.010705164,0.001065489,-0.010999903,0.000834964,0.001004954,-0.000190442,0.002401713,-0.680728745,0.000031843,0.673881261,0.000082216,-0.234648887,-0.000250960,0.165626844,0.009896308,-0.000000463,-0.009796760,-0.000001195,0.003411282,0.000003648,-0.002407852,-1.361457490,0.000063687,1.347762522,0.000164433,-0.469297774,-0.000501920,0.331253688,-0.298079285,-0.088841046,0.313176563,0.035152327,0.450010182,0.340380508,0.057561833
1.000000000,0,1.000000000,sample,0.216534227,0.000002555,0.216036040,0.216033502,0.000002538,2.538034023,0.000015863,1,1,2.000000000,0.080000000,2.000000000,0.052297040,0.026148520,0.026148520,0.038606234,0.038606234,-0.038606234,0.029447548,0.027764750,0.941788421,3,55.665594400,1,46.339312833,0.267687067,0.174939631,0.269494873,0.178357816,1.779171873,0.305188434,0.610666238,0.172159976,0.451581856,2.000000000,2.050368433,2.000000000,0.000000000,0.000000000,0.000000000,1.000000000,0.802111667,0.754044282,0.697164741,0.275200553,0.839213670,0.831285525,0.753848195,1,0,0,0.000000000,0.048980990,-0.214079110,0.153059999,-0.124150376,-0.016125817,0.122190493,0.295614278,12.123186064,0.014090571,-130.918970304,-0.107407269,142.886377025,44.836064389,-0.018435014,0.000112049,0.020715108,-0.000121967,0.000790029,0.000387574,-0.001055519,-0.680729850,0.000053282,0.673882651,0.000082448,-0.234644072,-0.000251668,0.165623461,-0.017800078,0.000001393,0.017621034,0.000002156,-0.006135595,-0.000006581,0.004330808,-1.361459699,0.000106563,1.347765302,0.000164897,-0.469288143,-0.000503336,0.331246923,-0.339898001,-0.030517010,0.210104722,0.029026492,0.454420423,0.339372528,0.054023816
1.051000000,0,1.051000000,sample,0.216534294,0.000001302,0.216032065,0.216037616,0.000005551,5.551030387,0.000034694,1,1,2.000000000,0.080000000,2.000000000,0.009283198,0.004641599,0.004641599,0.036631409,0.036631409,-0.036631409,0.026616923,0.008629108,0.537900211,7,83.071863913,1,46.339275624,0.277964222,0.177477807,0.287437126,0.177941612,0.450741432,0.423477406,0.555039395,0.123589323,0.421932276,2.000000000,2.044022341,2.000000000,0.000000000,0.000000000,0.000000000,1.000000000,0.734295148,0.702418052,0.695210094,-0.298561450,0.897866903,0.762446734,0.727431707,1,0,0,0.000000000,0.050285469,-0.225426532,0.154655614,-0.126950757,-0.016421576,0.122931726,0.284670432,12.123295307,0.025644580,-130.919033122,-0.106779585,142.886269232,44.836656516,0.002463761,-0.000894783,-0.002052196,-0.000170947,0.001188472,-0.000284592,-0.007864895,0.680729576,-0.000082006,-0.673882121,-0.000081967,0.234645589,0.000250200,-0.165624584,0.003159674,-0.000000381,-0.003127891,-0.000000380,0.001089131,0.000001161,-0.000768763,1.361459153,-0.000164012,-1.347764242,-0.000163934,0.469291177,0.000500399,-0.331249167,-0.290714659,-0.068547840,0.287914688,0.024677528,0.439031228,0.338211642,0.058854682
1.101000000,0,1.101000000,sample,0.216534342,0.000000975,0.216037187,0.216032599,0.000004588,4.587834613,0.000028674,1,1,2.000000000,0.080000000,2.000000000,-0.070470246,0.035235123,-0.035235123,0.038824352,0.038824352,-0.038824352,0.025954216,0.036012459,0.978414819,1,57.644895630,1,46.339270070,0.265898049,0.175580848,0.283065166,0.179538425,2.215753517,0.428950228,0.641361922,0.105034043,0.500318636,2.000000000,2.061659083,2.000000000,0.000000000,0.000000000,0.000000000,1.000000000,0.814856163,0.790532481,0.730552672,0.329200959,0.814856163,0.869509799,0.792281230,1,0,0,0.000000000,0.050713529,-0.209839135,0.155233527,-0.123803474,-0.016492601,0.123407164,0.298284900,12.123323093,0.011055236,-130.919075641,-0.106917644,142.886248633,44.836592224,0.027342184,0.001380841,-0.023027152,-0.000708838,0.002386633,-0.000346297,-0.003290486,-0.680729536,0.000045626,0.673881956,0.000082073,-0.234645979,-0.000250524,0.165624883,0.023985589,-0.000001608,-0.023744314,-0.000002892,0.008267780,0.000008827,-0.005835813,-1.361459071,0.000091252,1.347763911,0.000164147,-0.469291958,-0.000501047,0.331249766,-0.410138206,-0.022104256,0.216130083,0.026011869,0.448079028,0.336886632,0.057870645
1.151000000,0,1.151000000,sample,0.216534188,-0.000003083,0.216037616,0.216031884,0.000005732,5.731567509,0.000035822,1,1,2.000000000,0.080000000,2.000000000,0.017582524,0.008791262,0.008791262,0.038109192,0.038109192,-0.038109192,0.026917189,0.009710245,0.905359391,3,61.645806857,1,46.339126221,0.252215289,0.177580453,0.265387592,0.181115872,1.612091169,0.218563945,0.524747073,0.147900416,0.372977407,2.000000000,2.034480733,2.000000000,0.000000000,0.000000000,0.000000000,1.000000000,0.893134608,0.813770938,0.728426737,0.299135260,0.893134608,0.819363050,0.747504998,1,0,0,0.000000000,0.050470836,-0.190972877,0.156826678,-0.123280323,-0.016636633,0.126728062,0.297956397,12.123580820,0.009457031,-130.918952866,-0.107221156,142.886230814,44.838264372,-0.005622341,-0.001784097,0.007623984,0.000086693,-0.000072799,-0.000175953,-0.001151623,-0.680728479,0.000041690,0.673880703,0.000082308,-0.234650453,-0.000251240,0.165627986,-0.005984462,0.000000367,0.005924262,0.000000724,-0.002062874,-0.000002209,0.001456079,-1.361456958,0.000083380,1.347761406,0.000164616,-0.469300905,-0.000502479,0.331255971,-0.424134227,0.014925608,0.161419343,-0.002603559,0.458281345,0.333593195,0.055890079
1.201000000,0,1.201000000,sample,0.216534028,-0.000003212,0.216033324,0.216035812,0.000002488,2.488182083,0.000015551,1,1,2.000000000,0.080000000,2.000000000,-0.072388339,0.036194170,-0.036194170,0.038139558,0.038139558,-0.038139558,0.028147485,0.037649178,0.961353526,3,64.113030877,1,46.339409992,0.245934956,0.181128242,0.252987358,0.182414026,4.956689493,0.424477247,0.684057331,0.175580232,0.498024086,2.000000000,2.061106227,2.000000000,0.000000000,0.000000000,0.000000000,1.000000000,0.778993277,0.702136204,0.693933167,-0.284563584,0.940382776,0.813712842,0.740625558,1,0,0,0.000000000,0.047334014,-0.188857223,0.150254594,-0.125671952,-0.015866992,0.129469066,0.285307438,12.122978639,0.021331673,-130.918814637,-0.107391654,142.886269893,44.840103714,-0.022261424,-0.000763820,0.030145927,0.000549988,-0.000675343,-0.000245430,0.003422050,0.680730563,-0.000071346,-0.673884119,-0.000082435,0.234639898,0.000251627,-0.165620462,-0.024638478,0.000002582,0.024390676,0.000002984,-0.008492596,-0.000009107,0.005994495,1.361461127,-0.000142691,-1.347768238,-0.000164870,0.469279796,0.000503255,-0.331240925,-0.245578478,-0.055691327,0.315940210,0.035349464,0.446403403,0.338565377,0.056237129
1.251000000,0,1.251000000,sample,0.216534342,0.000006296,0.216032918,0.216036848,0.000003930,3.929946062,0.000024562,1,1,2.000000000,0.080000000,2.000000000,0.033243134,0.016621567,0.016621567,0.037923331,0.037923331,-0.037923331,0.025507709,0.017039843,0.975453059,3,58.194846235,1,46.339322423,0.256568182,0.180823792,0.259238362,0.182253024,1.503541601,0.226623199,0.460068835,0.174448603,0.376030729,2.000000000,2.035049550,2.000000000,0.000000000,0.000000000,0.000000000,1.000000000,0.747018406,0.696725273,0.710790581,-0.314430287,0.818131082,0.814755403,0.740779131,1,0,0,0.000000000,0.049626971,-0.199377615,0.153665099,-0.126469586,-0.016213584,0.128217812,0.284309249,12.123186064,0.023304094,-130.919062930,-0.106754138,142.886386320,44.839273138,0.010631433,-0.001019602,-0.012998937,-0.001013749,0.002442596,-0.000475710,-0.000310905,0.680729920,-0.000076161,-0.673882526,-0.000081947,0.234644153,0.000250138,-0.165623562,0.011314798,-0.000001266,-0.011200983,-0.000001362,0.003900153,0.000004158,-0.002752923,1.361459840,-0.000152322,-1.347765051,-0.000163894,0.469288305,0.000500276,-0.331247123,-0.240400321,-0.078091454,0.362010288,0.042934904,0.435703964,0.339920202,0.055264068
1.301000000,0,1.301000000,sample,0.216534084,-0.000005163,0.216037110,0.216032149,0.000004962,4.961714644,0.000031011,1,1,2.000000000,0.080000000,2.000000000,-0.081934241,0.040967120,-0.040967120,0.042851224,0.042851224,-0.042851224,0.028685744,0.042347070,0.967413339,3,61.454534011,1,46.339290480,0.271064207,0.175333499,0.276308333,0.180594643,4.439822376,0.528193479,0.378271270,0.180310310,0.361615665,2.000000000,2.032477581,2.000000000,0.000000000,0.000000000,0.000000000,1.000000000,0.732896920,0.779515660,0.731079339,0.328497101,0.822573353,0.821847684,0.750070370,1,0,0,0.000000000,0.047760590,-0.219194272,0.152146644,-0.123799598,-0.015927810,0.123133263,0.299868344,12.123186064,0.010485690,-130.918850859,-0.106728901,142.886451251,44.837194924,0.026124485,-0.000362755,-0.033197114,-0.000098578,0.002751165,0.000110098,-0.001007406,-0.680729686,0.000044172,0.673882683,0.000081928,-0.234644363,-0.000250079,0.165623597,0.027887535,-0.000001810,-0.027607033,-0.000003356,0.009612704,0.000010245,-0.006785122,-1.361459371,0.000088345,1.347765367,0.000163856,-0.469288727,-0.000500157,0.331247195,-0.402884457,-0.060830259,0.222407463,0.030420395,0.446558412,0.339924017,0.055745499
1.351000000,0,1.351000000,sample,0.216534076,-0.000000173,0.216037482,0.216031770,0.000005711,5.711430636,0.000035696,1,1,2.000000000,0.080000000,2.000000000,0.015132480,0.007566240,0.007566240,0.037986907,0.037986907,-0.037986907,0.024946495,0.008275491,0.914295040,3,61.668909013,1,46.339185562,0.286935108,0.173844877,0.287609093,0.179181380,1.753512451,0.122591308,0.622437574,0.162024483,0.422816836,2.000000000,2.044205763,2.000000000,0.000000000,0.000000000,0.000000000,1.000000000,0.758872783,0.726113615,0.698857595,0.287524864,0.896399649,0.838670066,0.767214787,1,0,0,0.000000000,0.048131775,-0.237433046,0.153755120,-0.123185124,-0.016043838,0.121614398,0.302922330,12.123377426,0.009517174,-130.918840131,-0.107406123,142.886512286,44.838324127,-0.003854829,-0.000604595,0.006498706,0.000724384,-0.000120089,0.000257369,0.003227992,-0.680728915,0.000041871,0.673881558,0.000082449,-0.234648021,-0.000251669,0.165626161,-0.005150558,0.000000317,0.005098750,0.000000624,-0.001775403,-0.000001904,0.001253167,-1.361457830,0.000083741,1.347763115,0.000164898,-0.469296041,-0.000503338,0.331252322,-0.283433998,-0.058512386,0.284379661,0.030963385,0.451247778,0.341014736,0.053826369
1.401000000,0,1.401000000,sample,0.216534154,0.000001575,0.216033475,0.216035921,0.000002447,2.446699524,0.000015292,1,1,2.000000000,0.080000000,2.000000000,-0.062888876,0.031444438,-0.031444438,0.041957261,0.041957261,-0.041957261,0.026690507,0.032829523,0.957809770,3,51.996941652,1,46.339304815,0.291588763,0.177039322,0.293885757,0.177470707,1.130489461,0.293270966,0.624081095,0.185718432,0.448872889,2.000000000,2.049778163,2.000000000,0.000000000,0.000000000,0.000000000,1.000000000,0.808731570,0.684143156,0.681799795,-0.265460369,0.808731570,0.783087936,0.722102358,1,0,0,0.000000000,0.048638916,-0.243630439,0.152651471,-0.125656383,-0.016067962,0.123673827,0.291277787,12.123186064,0.021272221,-130.918909775,-0.107393193,142.886377628,44.840221776,-0.022735184,-0.000485085,0.023673010,-0.000135984,0.000184043,0.000256301,0.000352511,0.680729791,-0.000071199,-0.673882716,-0.000082438,0.234644072,0.000251635,-0.165623433,-0.021405166,0.000002239,0.021189863,0.000002592,-0.007378251,-0.000007913,0.005207936,1.361459582,-0.000142398,-1.347765432,-0.000164875,0.469288143,0.000503270,-0.331246865,-0.226567676,-0.046334323,0.306072435,0.023467832,0.445016878,0.340329401,0.057236186
1.451000000,0,1.451000000,sample,0.216534032,-0.000002458,0.216033745,0.216035402,0.000001657,1.657035247,0.000010356,1,1,2.000000000,0.080000000,2.000000000,0.044459482,0.022229741,0.022229741,0.039241808,0.039241808,-0.039241808,0.024416634,0.023139646,0.960677656,1,60.523572406,1,46.339353730,0.272186871,0.178277020,0.294449714,0.179296200,1.730211582,0.488425734,0.603912495,0.096417537,0.442226279,2.000000000,2.048315519,2.000000000,0.000000000,0.000000000,0.000000000,1.000000000,0.820626283,0.752361809,0.711371089,-0.309425514,0.837983001,0.803652476,0.754576191,1,0,0,0.000000000,0.047524911,-0.221402644,0.151022995,-0.125908641,-0.015898526,0.125207615,0.290128630,12.123074404,0.019992487,-130.918812540,-0.106535632,142.886339901,44.838670136,0.018001927,-0.000560590,-0.014134809,0.000139768,-0.000423013,0.000266647,-0.003316201,0.680730150,-0.000067860,-0.673883494,-0.000081779,0.234641905,0.000249624,-0.165621866,0.015132455,-0.000001509,-0.014980256,-0.000001818,0.005216029,0.000005549,-0.003681731,1.361460300,-0.000135721,-1.347766988,-0.000163557,0.469283809,0.000499247,-0.331243731,-0.382745737,-0.020755144,0.211327001,0.019389437,0.442178207,0.338665384,0.062232550
1.501000000,0,1.501000000,sample,0.216534472,0.000008803,0.216038480,0.216031575,0.000006906,6.905824460,0.000043161,1,1,2.000000000,0.080000000,2.000000000,-0.010311465,0.005155733,-0.005155733,0.039083029,0.039083029,-0.039083029,0.024911467,0.006842688,0.753465973,1,51.514889070,1,46.339138545,0.252224222,0.178034929,0.271248970,0.181069055,0.716952890,0.112826326,0.539499624,0.146054177,0.408273147,2.000000000,2.041246299,2.000000000,0.000000000,0.000000000,0.000000000,1.000000000,0.572623847,0.741852643,0.732163851,0.309484436,0.835487542,0.784863134,0.735342281,1,0,0,0.000000000,0.051852538,-0.189495555,0.158176506,-0.123012439,-0.016738936,0.127609498,0.299580753,12.123584870,0.007738525,-130.919176255,-0.107062637,142.886352560,44.838963317,0.004911262,0.001044114,-0.003771717,-0.000016786,-0.001517972,0.000100743,0.002251929,-0.680728570,0.000037375,0.673880254,0.000082186,-0.234651100,-0.000250868,0.165628525,0.003509654,-0.000000193,-0.003474346,-0.000000424,0.001209798,0.000001293,-0.000853936,-1.361457139,0.000074751,1.347760508,0.000164373,-0.469302200,-0.000501737,0.331257050,-0.331569000,-0.145312566,0.267281220,0.074780284,0.451498800,0.347424520,0.058513720
1.551000000,0,1.551000000,sample,0.216534174,-0.000005944,0.216034717,0.216034701,0.000000016,0.015878075,0.000000099,0,0,2.000000000,0.080000000,0.000000000,0.000000000,0.025757020,0.000000000,0.035983552,0.035983552,-0.035983552,0.026984758,0.026940984,0.956053412,1,56.552668687,0,0.000000000,0.244110212,0.180663863,0.251800839,0.181783331,1.440527648,0.338030429,0.417334461,0.201842957,0.336088587,0.000000000,0.336153746,2.000000000,0.000000000,0.000000000,0.000000000,1.000000000,0.815024877,0.754747612,0.701701291,0.000000000,0.864850643,0.802520717,0.743046489,1,0,0,0.000000000,0.047622092,-0.186614840,0.149989445,-0.125049750,-0.015791425,0.129431922,0.288861203,12.122882986,0.017683629,-130.918927463,-0.107154318,142.886359167,44.839864093,-0.020260027,-0.001895175,0.017634212,0.000096357,0.000244779,-0.000110863,0.000842227,0.000000000,0.000000000,0.000000000,0.000000000,0.000000000,0.000000000,0.000000000,-0.017533601,0.000001602,0.017357254,0.000002119,-0.006043591,-0.000006467,0.004265867,0.000000000,0.000000000,0.000000000,0.000000000,0.000000000,0.000000000,0.000000000,-0.360831502,-0.023872660,0.193825074,0.016990700,0.452926364,0.339465656,0.058132262
1.601000000,0,1.601000000,sample,0.216534180,0.000000118,0.216032147,0.216037311,0.000005164,5.163907161,0.000032274,1,1,2.000000000,0.080000000,2.000000000,0.003105262,0.001552631,0.001552631,0.036296505,0.036296505,-0.036296505,0.028949506,0.003505929,0.442858687,5,45.960191650,1,46.339211337,0.255222227,0.181466100,0.255573600,0.182358210,1.398760061,0.178624234,0.524591620,0.178972239,0.431558223,2.000000000,2.046030659,2.000000000,0.000000000,0.000000000,0.000000000,1.000000000,0.704511639,0.691160023,0.706211310,-0.302935625,0.976172788,0.767131949,0.727548227,1,0,0,0.000000000,0.049216857,-0.197015394,0.154599549,-0.126751047,-0.016295697,0.128835429,0.282180800,12.123377484,0.025109120,-130.918933259,-0.106914126,142.886366533,44.839654844,-0.000193747,0.001623351,-0.001360420,-0.000637211,0.002376807,0.000323182,-0.001268184,0.680729104,-0.000080693,-0.673881647,-0.000082071,0.234647443,0.000250516,-0.165625827,0.001056921,-0.000000125,-0.001046290,-0.000000127,0.000364321,0.000000389,-0.000257156,1.361458208,-0.000161386,-1.347763293,-0.000164142,0.469294887,0.000501032,-0.331251653,-0.266038359,-0.095296114,0.318708333,0.048841569,0.438726968,0.344552052,0.060981034
1.651000000,0,1.651000000,sample,0.216534092,-0.000001769,0.216038018,0.216031275,0.000006742,6.742356801,0.000042140,1,1,2.000000000,0.080000000,2.000000000,-0.078481050,0.039240525,-0.039240525,0.039361807,0.039361807,-0.039361807,0.025047952,0.041672509,0.941640564,1,54.417635444,1,46.339210875,0.265595316,0.176290106,0.272508404,0.181501482,1.017526614,0.304227736,0.572392283,0.141009213,0.392586308,2.000000000,2.038198534,2.000000000,0.000000000,0.000000000,0.000000000,1.000000000,0.808252952,0.802041827,0.740210183,0.322481679,0.996306314,0.805546821,0.740854232,1,0,0,0.000000000,0.048979610,-0.210580416,0.154265220,-0.123256069,-0.016272793,0.124985356,0.301628361,12.123377482,0.007918961,-130.918870057,-0.106727747,142.886310247,44.838296045,0.030741106,0.000918176,-0.027746817,0.000856315,0.001376036,0.000138959,0.004267022,-0.680729101,0.000037768,0.673881806,0.000081928,-0.234647161,-0.000250079,0.165625609,0.026712167,-0.000001482,-0.026443476,-0.000003215,0.009207678,0.000009813,-0.006499236,-1.361458202,0.000075537,1.347763611,0.000163856,-0.469294323,-0.000500159,0.331251218,-0.437509780,-0.029331659,0.179236322,0.026875664,0.451247119,0.340050794,0.059409561
1.701000000,0,1.701000000,sample,0.216534300,0.000004163,0.216036727,0.216032982,0.000003745,3.744916635,0.000023406,1,1,2.000000000,0.080000000,2.000000000,0.040687175,0.020343588,0.020343588,0.037244266,0.037244266,-0.037244266,0.023445664,0.020649549,0.985183136,1,57.007845859,1,46.339174220,0.263143180,0.177654626,0.272518544,0.180549232,1.226037690,0.137398007,0.503067856,0.173249441,0.400368336,2.000000000,2.039691883,2.000000000,0.000000000,0.000000000,0.000000000,1.000000000,0.743453589,0.742382510,0.702683814,0.280515689,0.807875885,0.832322446,0.766682333,1,0,0,0.000000000,0.050647186,-0.205463187,0.156409957,-0.123845709,-0.016551153,0.126291195,0.296516332,12.123489136,0.012330190,-130.919035581,-0.107280975,142.886310276,44.839244581,-0.015591141,0.000720517,0.013179871,-0.000338135,-0.002658618,0.000259470,0.001357261,-0.680728832,0.000048869,0.673881001,0.000082353,-0.234649187,-0.000251378,0.165627116,-0.013848467,0.000000994,0.013709157,0.000001675,-0.004773606,-0.000005114,0.003369450,-1.361457663,0.000097738,1.347762001,0.000164707,-0.469298373,-0.000502756,0.331254232,-0.346029452,-0.057880431,0.210308974,0.031584013,0.453560252,0.340977573,0.058889691
1.751000000,0,1.751000000,sample,0.216534361,0.000001225,0.216032043,0.216037763,0.000005720,5.719789743,0.000035749,1,1,2.000000000,0.080000000,2.000000000,-0.032024866,0.016012433,-0.016012433,0.034998233,0.034998233,-0.034998233,0.025842768,0.020575687,0.778221080,1,45.642505355,1,46.339269667,0.265123008,0.179968006,0.265733517,0.180793757,0.791508257,0.329434835,0.553957395,0.177913166,0.437205552,2.000000000,2.047237737,2.000000000,0.000000000,0.000000000,0.000000000,1.000000000,0.853654983,0.662733164,0.699498789,-0.287939967,0.853654983,0.802193596,0.745828853,1,0,0,0.000000000,0.049888141,-0.209555161,0.154557489,-0.126559477,-0.016272203,0.126910983,0.282652590,12.123281773,0.026015060,-130.919075641,-0.107549409,142.886437516,44.839595634,-0.013900777,0.001253760,0.012806757,-0.000303473,0.003938528,0.000446176,-0.006981345,0.680729533,-0.000083060,-0.673881912,-0.000082558,0.234646078,0.000252003,-0.165624916,-0.010900136,0.000001330,0.010790489,0.000001322,-0.003757255,-0.000004035,0.002652058,1.361459065,-0.000166120,-1.347763824,-0.000165117,0.469292156,0.000504006,-0.331249831,-0.173730965,-0.047345959,0.388192463,0.019019191,0.432250647,0.340033993,0.057927639
1.801000000,0,1.801000000,sample,0.216534173,-0.000003765,0.216035230,0.216034216,0.000001014,1.014459195,0.000006340,1,1,2.000000000,0.080000000,2.000000000,-0.067837081,0.033918540,-0.033918540,0.037549550,0.037549550,-0.037549550,0.027108290,0.035085012,0.966752997,1,51.603212291,1,46.339129669,0.270462269,0.177669004,0.272264434,0.180356264,0.533273334,0.627240765,0.566552270,0.076544567,0.437324360,2.000000000,2.047280092,2.000000000,0.000000000,0.000000000,0.000000000,1.000000000,0.712640243,0.744658242,0.722564275,0.328502457,0.950916426,0.777818317,0.722564275,1,0,0,0.000000000,0.048684877,-0.216115991,0.155156373,-0.124944511,-0.016163943,0.125275182,0.293573144,12.123489142,0.016187631,-130.918910172,-0.106808047,142.886580744,44.838679734,0.025203450,0.000822451,-0.023421300,-0.000023995,-0.000617306,0.000342660,-0.006783169,-0.680728504,0.000058415,0.673880762,0.000081991,-0.234650330,-0.000250270,0.165627812,0.023089317,-0.000001981,-0.022857052,-0.000002781,0.007958997,0.000008489,-0.005617854,-1.361457009,0.000116829,1.347761523,0.000163981,-0.469300660,-0.000500540,0.331255624,-0.345664203,-0.074936481,0.278507382,0.048073267,0.443472411,0.342124861,0.058355064
1.851000000,0,1.851000000,sample,0.216534290,0.000002345,0.216037978,0.216031708,0.000006270,6.269635452,0.000039185,1,1,2.000000000,0.080000000,2.000000000,0.016079201,0.008039601,0.008039601,0.043565356,0.043565356,-0.043565356,0.023264014,0.008762718,0.917477978,3,70.819018440,1,46.339234122,0.271797496,0.175944588,0.273748045,0.180194960,1.677446020,0.262943080,0.606085262,0.137718159,0.441913002,2.000000000,2.048241665,2.000000000,0.000000000,0.000000000,0.000000000,1.000000000,0.709121391,0.771010453,0.724008447,0.300980994,0.807212667,0.810389978,0.754948768,1,0,0,0.000000000,0.050459100,-0.217202333,0.155405613,-0.123097145,-0.016465374,0.124629380,0.301595131,12.123377482,0.008687166,-130.919033122,-0.107254640,142.886279191,44.839078682,-0.004512598,-0.000421826,0.007374181,-0.000058479,-0.000777567,0.000152677,-0.001110794,-0.680729272,0.000039774,0.673881664,0.000082332,-0.234647063,-0.000251314,0.165625622,-0.005472791,0.000000320,0.005417739,0.000000662,-0.001886469,-0.000002020,0.001331564,-1.361458543,0.000079548,1.347763327,0.000164665,-0.469294126,-0.000502628,0.331251244,-0.372707592,-0.074000791,0.215785715,0.044559364,0.458844121,0.342564709,0.057996955
1.901000000,0,1.901000000,sample,0.216534182,-0.000002160,0.216033575,0.216035874,0.000002299,2.299136208,0.000014370,1,1,2.000000000,0.080000000,2.000000000,-0.051427635,0.025713818,-0.025713818,0.037815834,0.037815834,-0.037815834,0.023169189,0.027171555,0.946350619,3,69.255616567,1,46.339376892,0.272911235,0.178647400,0.275422523,0.180095179,4.672586039,0.449206897,0.729344847,0.157873397,0.537328024,2.000000000,2.070938411,2.000000000,0.000000000,0.000000000,0.000000000,1.000000000,0.772569867,0.751130874,0.705086706,-0.285187580,0.823982478,0.792761115,0.736795571,1,0,0,0.000000000,0.048828652,-0.221350138,0.151988227,-0.125548777,-0.016092160,0.126069189,0.289090678,12.123074404,0.021077636,-130.918940580,-0.107503650,142.886269143,44.840327915,-0.014979203,-0.000895965,0.022612157,0.000512587,-0.000350436,0.000076878,0.001188706,0.680730320,-0.000070731,-0.673883449,-0.000082522,0.234641626,0.000251892,-0.165621741,-0.017504175,0.000001819,0.017328116,0.000002122,-0.006033532,-0.000006477,0.004258767,1.361460641,-0.000141463,-1.347766897,-0.000165043,0.469283251,0.000503784,-0.331243483,-0.367683890,-0.043639228,0.194210279,0.026695465,0.449804637,0.340445581,0.058255915
1.951000000,0,1.951000000,sample,0.216534155,-0.000000540,0.216032946,0.216036451,0.000003505,3.505018733,0.000021906,1,1,2.000000000,0.080000000,2.000000000,0.033582481,0.016791241,0.016791241,0.038964380,0.038964380,-0.038964380,0.025657688,0.017321995,0.969359498,3,53.818193629,1,46.339303725,0.270926937,0.178705735,0.278115296,0.179804521,1.314275742,0.215759657,0.512618798,0.129520300,0.395391818,2.000000000,2.038718149,2.000000000,0.000000000,0.000000000,0.000000000,1.000000000,0.857210270,0.663051508,0.727910872,-0.306837438,0.951393264,0.788762572,0.737354863,1,0,0,0.000000000,0.048477727,-0.218522457,0.152640921,-0.126363684,-0.016063547,0.125339225,0.287016925,12.123186064,0.022686054,-130.918910348,-0.106719001,142.886387151,44.838470003,0.011051795,0.000538358,-0.012707569,-0.000301099,0.000201564,-0.000501544,-0.003969179,0.680729783,-0.000074613,-0.673882699,-0.000081920,0.234644120,0.000250055,-0.165623466,0.011430298,-0.000001253,-0.011315327,-0.000001376,0.003939966,0.000004199,-0.002781023,1.361459566,-0.000149226,-1.347765399,-0.000163840,0.469288239,0.000500111,-0.331246932,-0.141138075,-0.066076088,0.448110917,0.030850469,0.429744544,0.340139676,0.058632028
2.001000000,0,2.001000000,sample,0.216534334,0.000003564,0.216038490,0.216031285,0.000007205,7.204889921,0.000045031,1,1,2.000000000,0.080000000,2.000000000,-0.042321639,0.021160820,-0.021160820,0.039400696,0.039400696,-0.039400696,0.026556704,0.023893488,0.885631267,1,54.910554114,1,46.339246849,0.284034673,0.174355582,0.284964992,0.179321266,2.276697016,0.277804592,0.567646150,0.139485578,0.361352441,2.000000000,2.032403027,2.000000000,0.000000000,0.000000000,0.000000000,1.000000000,0.841551474,0.803465232,0.733938436,0.318252335,0.847875437,0.803465232,0.760024949,1,0,0,0.000000000,0.051138168,-0.231923716,0.155794650,-0.122963579,-0.016579976,0.122494619,0.304612578,12.123377482,0.007295722,-130.919075097,-0.106991955,142.886208792,44.838390810,0.017705470,-0.003924326,-0.014850555,-0.000306732,-0.000609113,-0.000386843,0.004567386,-0.680729365,0.000036258,0.673881714,0.000082131,-0.234646770,-0.000250699,0.165625449,0.014404791,-0.000000767,-0.014259889,-0.000001738,0.004965318,0.000005305,-0.003504770,-1.361458730,0.000072516,1.347763428,0.000164261,-0.469293540,-0.000501397,0.331250898,-0.429186696,-0.011611859,0.181879216,0.016915339,0.451446642,0.337402755,0.057608205
2.051000000,0,2.051000000,sample,0.216534306,-0.000000551,0.216035523,0.216034176,0.000001347,1.347262838,0.000008420,1,1,2.000000000,0.080000000,2.000000000,0.044036928,0.022018464,0.022018464,0.041858980,0.041858980,-0.041858980,0.024042365,0.022924493,0.960477694,1,52.303051791,1,46.339325860,0.288777603,0.175934822,0.298091896,0.177546284,0.433597235,0.161609916,0.561595062,0.166151580,0.403907092,2.000000000,2.040385915,2.000000000,0.000000000,0.000000000,0.000000000,1.000000000,0.757094659,0.715346845,0.688338709,0.269067560,0.962655424,0.843155694,0.775658052,1,0,0,0.000000000,0.049830627,-0.239421938,0.153579127,-0.124579424,-0.016237022,0.123164068,0.296559920,12.123186066,0.015783614,-130.919037165,-0.107268291,142.886330602,44.839527756,-0.016579188,-0.000839372,0.015749036,-0.000127140,-0.001098071,0.000097252,-0.000833577,-0.680729945,0.000057483,0.673882639,0.000082342,-0.234643891,-0.000251343,0.165623374,-0.014988628,0.000001266,0.014837860,0.000001813,-0.005166498,-0.000005534,0.003646772,-1.361459891,0.000114965,1.347765277,0.000164684,-0.469287781,-0.000502685,0.331246749,-0.289783035,-0.056341812,0.249815068,0.034574352,0.451691536,0.340180011,0.057540712
2.101000000,0,2.101000000,sample,0.216534495,0.000003776,0.216032052,0.216038024,0.000005972,5.972414035,0.000037328,1,1,2.000000000,0.080000000,2.000000000,-0.007552336,0.003776168,-0.003776168,0.037689897,0.037689897,-0.037689897,0.030297113,0.007598649,0.496952540,1,47.226998410,1,46.339273806,0.285529960,0.178442904,0.297380973,0.178445413,2.005662435,0.151186902,0.547055612,0.164327221,0.444589969,2.000000000,2.048818243,2.000000000,0.000000000,0.000000000,0.000000000,1.000000000,0.840572353,0.664778525,0.693195959,-0.283258915,0.840572353,0.806691029,0.744205298,1,0,0,0.000000000,0.051452769,-0.233636456,0.155865253,-0.126935245,-0.016533628,0.124321972,0.284904665,12.123322375,0.026291403,-130.919192023,-0.107019535,142.886338905,44.839105114,-0.005221936,0.000868259,0.001984550,-0.001239555,0.001433104,-0.000171383,-0.004707322,0.680729563,-0.000083660,-0.673881692,-0.000082152,0.234646406,0.000250762,-0.165625222,-0.002570549,0.000000316,0.002544690,0.000000310,-0.000886064,-0.000000947,0.000625429,1.361459126,-0.000167321,-1.347763384,-0.000164303,0.469292813,0.000501525,-0.331250445,-0.189520245,-0.047124039,0.365774319,0.022748915,0.434434617,0.340368113,0.059074399
2.151000000,0,2.151000000,sample,0.216534227,-0.000005359,0.216037081,0.216032481,0.000004601,4.600740614,0.000028755,1,1,2.000000000,0.080000000,2.000000000,-0.072857512,0.036428756,-0.036428756,0.037588844,0.037588844,-0.037588844,0.023292997,0.038039217,0.957663135,1,50.339380884,1,46.339232965,0.275235193,0.175556705,0.280911699,0.178937114,0.876692370,0.313987784,0.509489752,0.125255963,0.347430588,2.000000000,2.029985160,2.000000000,0.000000000,0.000000000,0.000000000,1.000000000,0.834602847,0.749347238,0.709077497,0.318146650,0.844560993,0.762896959,0.720277661,1,0,0,0.000000000,0.050247741,-0.221722372,0.155141115,-0.123816236,-0.016470033,0.123363019,0.299588013,12.123377426,0.011030886,-130.918982846,-0.106882649,142.886231561,44.837799430,0.026988920,-0.000486946,-0.026775798,0.000905338,0.000360870,-0.000512814,0.000432364,-0.680729263,0.000045559,0.673881787,0.000082047,-0.234646850,-0.000250442,0.165625458,0.024798120,-0.000001660,-0.024548675,-0.000002989,0.008547893,0.000009123,-0.006033529,-1.361458526,0.000091119,1.347763573,0.000164094,-0.469293701,-0.000500885,0.331250915,-0.336992074,-0.018069393,0.272116218,0.023061115,0.442795154,0.339209087,0.056491874
2.201000000,0,2.201000000,sample,0.216534046,-0.000003612,0.216036514,0.216032672,0.000003842,3.842338040,0.000024015,1,1,2.000000000,0.080000000,2.000000000,0.039480214,0.019740107,0.019740107,0.038407096,0.038407096,-0.038407096,0.023441748,0.021051032,0.937726315,1,56.071477665,1,46.339230738,0.273520240,0.176007644,0.281883525,0.178590407,0.947214815,0.206657160,0.502342451,0.176998280,0.362082643,2.000000000,2.032519115,2.000000000,0.000000000,0.000000000,0.000000000,1.000000000,0.703733128,0.730923518,0.701424252,0.280205736,0.991823620,0.790361685,0.737691489,1,0,0,0.000000000,0.047541557,-0.221896681,0.152692452,-0.123833237,-0.015922743,0.124058399,0.298434660,12.123281773,0.012186870,-130.918813952,-0.107260499,142.886512537,44.838774492,-0.015763201,-0.000518852,0.013845745,0.000572914,0.000343919,0.000384058,-0.001449000,-0.680729247,0.000048507,0.673882113,0.000082337,-0.234646319,-0.000251326,0.165624948,-0.013437668,0.000000958,0.013302505,0.000001625,-0.004631943,-0.000004961,0.003269454,-1.361458493,0.000097015,1.347764226,0.000164673,-0.469292638,-0.000502652,0.331249895,-0.316111268,-0.079571916,0.240406248,0.047557407,0.453017110,0.342397804,0.056747940
2.251000000,0,2.251000000,sample,0.216534189,0.000002846,0.216031862,0.216037605,0.000005743,5.743250783,0.000035895,1,1,2.000000000,0.080000000,2.000000000,-0.039447697,0.019723848,-0.019723848,0.034857707,0.034857707,-0.034857707,0.025252525,0.021186744,0.930952315,1,65.471506554,1,46.339260820,0.293087631,0.176833807,0.293638865,0.179424451,2.219637301,0.305863759,0.508329823,0.196111383,0.399893811,2.000000000,2.039593669,2.000000000,0.000000000,0.000000000,0.000000000,1.000000000,0.799637248,0.673616876,0.686232585,-0.282899363,1.046672262,0.755418131,0.751874985,1,0,0,0.000000000,0.049232410,-0.244610306,0.153760616,-0.126671588,-0.016215775,0.122317427,0.286409439,12.123281773,0.026019026,-130.918940405,-0.107368148,142.886365542,44.838617908,-0.017143141,0.000710517,0.012369053,0.000018822,0.000506917,0.000524824,-0.000979683,0.680729468,-0.000083039,-0.673882168,-0.000082419,0.234645738,0.000251578,-0.165624626,-0.013426605,0.000001638,0.013291550,0.000001626,-0.004628117,-0.000004962,0.003266755,1.361458935,-0.000166079,-1.347764335,-0.000164838,0.469291476,0.000503157,-0.331249251,-0.227757562,-0.053502644,0.326963054,0.026352716,0.435018224,0.340467959,0.058485296
2.301000000,0,2.301000000,sample,0.216534285,0.000001920,0.216035816,0.216033855,0.000001960,1.960273199,0.000012252,1,1,2.000000000,0.080000000,2.000000000,-0.070568842,0.035284421,-0.035284421,0.039068962,0.039068962,-0.039068962,0.026085001,0.036849771,0.957520778,3,61.871993792,1,46.339228784,0.302725147,0.173868977,0.304177951,0.177262669,4.333528523,0.380267370,0.461913984,0.130613357,0.365151625,2.000000000,2.033100722,2.000000000,0.000000000,0.000000000,0.000000000,1.000000000,0.711213418,0.752666306,0.721768143,0.318265697,0.855733662,0.834960372,0.764793626,1,0,0,0.000000000,0.050440786,-0.254926146,0.155276856,-0.124602254,-0.016436251,0.120143869,0.299181757,12.123377482,0.014840159,-130.919021422,-0.106905246,142.886312279,44.837916609,0.022342100,0.000847884,-0.028985570,-0.000318056,-0.000618447,0.000360443,-0.004152160,-0.680729232,0.000055068,0.673881627,0.000082064,-0.234647212,-0.000250495,0.165625716,0.024019137,-0.000001943,-0.023777523,-0.000002896,0.008279391,0.000008839,-0.005844008,-1.361458465,0.000110136,1.347763255,0.000164128,-0.469294425,-0.000500991,0.331251432,-0.375868715,-0.075598991,0.232713134,0.042151272,0.442521166,0.344829593,0.057377625
2.351000000,0,2.351000000,sample,0.216534182,-0.000002047,0.216037184,0.216032272,0.000004912,4.912220149,0.000030701,1,1,2.000000000,0.080000000,2.000000000,0.028059505,0.014029753,0.014029753,0.044062209,0.044062209,-0.044062209,0.022431320,0.015151844,0.925943568,1,74.536720778,1,46.339311166,0.297306284,0.173806057,0.305061273,0.176437878,2.974264339,0.368101427,0.451235528,0.194503964,0.340970077,2.000000000,2.028857745,2.000000000,0.000000000,0.000000000,0.000000000,1.000000000,0.762409027,0.815342909,0.748435885,0.287993021,0.887231600,0.825653184,0.757186544,1,0,0,0.000000000,0.048976785,-0.250245614,0.152870643,-0.123551245,-0.016107238,0.121178349,0.303113493,12.123186064,0.010631738,-130.918937430,-0.107182269,142.886356920,44.838989888,-0.013081292,-0.001087933,0.007519007,0.000812531,-0.000081366,0.000130664,0.000234994,-0.680729837,0.000044613,0.673882718,0.000082276,-0.234643975,-0.000251141,0.165623382,-0.009550471,0.000000626,0.009454408,0.000001154,-0.003291997,-0.000003523,0.002323655,-1.361459675,0.000089227,1.347765435,0.000164552,-0.469287949,-0.000502282,0.331246763,-0.461339929,-0.057939127,0.107057443,0.039544819,0.458563996,0.342605661,0.057272456
2.401000000,0,2.401000000,sample,0.216534086,-0.000001924,0.216031973,0.216037292,0.000005319,5.319363427,0.000033246,1,1,2.000000000,0.080000000,2.000000000,-0.048205434,0.024102717,-0.024102717,0.034528193,0.034528193,-0.034528193,0.022886081,0.024439882,0.986204300,3,50.143813068,1,46.339251572,0.284277664,0.177629868,0.304659177,0.177629868,0.615656886,0.117686420,0.597573991,0.165700728,0.432568841,2.000000000,2.046258849,2.000000000,0.000000000,0.000000000,0.000000000,1.000000000,0.816495141,0.691702043,0.683580804,-0.282559024,0.837376801,0.799683144,0.735299370,1,0,0,0.000000000,0.048528557,-0.234486905,0.153214428,-0.126360019,-0.016136311,0.123794729,0.285935714,12.123281773,0.025461312,-130.918857090,-0.107689483,142.886357315,44.839333024,-0.016904944,0.000985006,0.017306442,0.000322155,-0.002649995,0.000633051,0.001876311,0.680729400,-0.000081702,-0.673882276,-0.000082666,0.234645680,0.000252331,-0.165624546,-0.016407428,0.000001969,0.016242394,0.000001992,-0.005655598,-0.000006082,0.003992002,1.361458800,-0.000163404,-1.347764551,-0.000165331,0.469291360,0.000504662,-0.331249093,-0.258684439,-0.037579254,0.296351119,0.024217503,0.436864753,0.341323007,0.056481818
2.451000000,0,2.451000000,sample,0.216534069,-0.000000344,0.216036048,0.216033185,0.000002863,2.862977817,0.000017894,1,1,2.000000000,0.080000000,2.000000000,-0.070048412,0.035024206,-0.035024206,0.040915713,0.040915713,-0.040915713,0.024384991,0.036306162,0.964690406,3,55.314322776,1,46.339304730,0.273314635,0.176267787,0.282287067,0.179168606,2.331949227,0.344417941,0.441665065,0.117733958,0.311214932,2.000000000,2.024100430,2.000000000,0.000000000,0.000000000,0.000000000,1.000000000,0.755821207,0.787812904,0.735998799,0.326806738,0.810016003,0.787812904,0.735998799,1,0,0,0.000000000,0.048248422,-0.221741570,0.152327462,-0.124359486,-0.016063997,0.123883006,0.296967293,12.123185896,0.013531122,-130.918846446,-0.106855629,142.886312168,44.838122187,0.024054260,-0.000423999,-0.027002199,0.000560684,-0.000280937,0.000069881,-0.003135800,-0.680729790,0.000051793,0.673882884,0.000082025,-0.234643764,-0.000250375,0.165623199,0.023842020,-0.000001814,-0.023602213,-0.000002873,0.008218211,0.000008769,-0.005800821,-1.361459580,0.000103585,1.347765767,0.000164050,-0.469287527,-0.000500751,0.331246397,-0.432322027,-0.053021452,0.188730534,0.031501303,0.442662845,0.340993842,0.056052492
2.501000000,0,2.501000000,sample,0.216534355,0.000005715,0.216037888,0.216031919,0.000005969,5.968977479,0.000037306,1,1,2.000000000,0.080000000,2.000000000,0.015535281,0.007767640,0.007767640,0.040847194,0.040847194,-0.040847194,0.026255475,0.008454189,0.918791953,1,79.936314700,1,46.339224900,0.269289146,0.176192174,0.274793644,0.179752384,2.207661536,0.326391727,0.462044154,0.190851962,0.391661141,2.000000000,2.037988956,2.000000000,0.000000000,0.000000000,0.000000000,1.000000000,0.570559186,0.712044077,0.726873628,0.294059206,0.907703767,0.855008598,0.783714173,1,0,0,0.000000000,0.050292197,-0.214039062,0.155481893,-0.123189294,-0.016373803,0.124899874,0.300799740,12.123377482,0.009120658,-130.919074935,-0.107254641,142.886412978,44.838977872,-0.007558646,-0.000068476,0.003317652,-0.000272523,-0.000452715,-0.000432096,0.001691966,-0.680729204,0.000040856,0.673881428,0.000082333,-0.234647649,-0.000251314,0.165626029,-0.005287660,0.000000317,0.005234469,0.000000640,-0.001822659,-0.000001952,0.001286523,-1.361458408,0.000081712,1.347762855,0.000164665,-0.469295298,-0.000502628,0.331252059,-0.258658532,-0.164970992,0.317816043,0.080992565,0.449401048,0.348582678,0.056458734
2.551000000,0,2.551000000,sample,0.216534227,-0.000002551,0.216033547,0.216035984,0.000002437,2.437048367,0.000015232,1,1,2.000000000,0.080000000,2.000000000,-0.061031130,0.030515565,-0.030515565,0.038802314,0.038802314,-0.038802314,0.029662345,0.031445693,0.970421149,3,54.834617166,1,46.339367967,0.279052144,0.177819021,0.281141473,0.179540174,1.864192554,0.255127745,0.616096514,0.177754178,0.438586597,2.000000000,2.047547626,2.000000000,0.000000000,0.000000000,0.000000000,1.000000000,0.817524562,0.758049590,0.703842674,-0.280242762,0.909717677,0.790299468,0.735167835,1,0,0,0.000000000,0.048671918,-0.228905138,0.151998623,-0.125551789,-0.016006539,0.124900534,0.289692355,12.123074404,0.021288182,-130.918968309,-0.107574515,142.886384093,44.840023619,-0.020998959,-0.001008606,0.023285661,0.000294328,-0.000940203,-0.000443908,0.001862346,0.680730255,-0.000071269,-0.673883255,-0.000082576,0.234642127,0.000252058,-0.165622086,-0.020772868,0.000002175,0.020563928,0.000002520,-0.007160237,-0.000007692,0.005054052,1.361460509,-0.000142537,-1.347766511,-0.000165152,0.469284253,0.000504116,-0.331244172,-0.379349120,-0.024104030,0.174813620,0.017894619,0.447922639,0.340847887,0.056707667
2.601000000,0,2.601000000,sample,0.216534498,0.000005426,0.216034004,0.216036061,0.000002057,2.057109346,0.000012857,1,1,2.000000000,0.080000000,2.000000000,0.036578373,0.018289187,0.018289187,0.038996107,0.038996107,-0.038996107,0.022042346,0.019711412,0.927847629,1,74.623682557,1,46.339389616,0.267197627,0.178833367,0.282520404,0.179739743,3.634295529,0.543945276,0.693440236,0.100682017,0.536276404,2.000000000,2.070657901,2.000000000,0.000000000,0.000000000,0.000000000,1.000000000,0.753853706,0.717510256,0.697899148,-0.305325428,0.986552226,0.811766184,0.743005750,1,0,0,0.000000000,0.050193936,-0.212950014,0.153386545,-0.125904255,-0.016179962,0.125967062,0.288600413,12.123074404,0.020604899,-130.919185726,-0.106754179,142.886430730,44.838674576,0.017027703,-0.000591233,-0.009744327,-0.001092723,-0.000399766,-0.000306875,-0.001359259,0.680730414,-0.000069425,-0.673882939,-0.000081947,0.234642382,0.000250136,-0.165622361,0.012450006,-0.000001270,-0.012324771,-0.000001499,0.004291418,0.000004575,-0.003029098,1.361460827,-0.000138851,-1.347765878,-0.000163893,0.469284764,0.000500272,-0.331244723,-0.304905881,-0.057675933,0.283936016,0.033127142,0.436466660,0.340064272,0.053899804
2.651000000,0,2.651000000,sample,0.216534351,-0.000002947,0.216038569,0.216031248,0.000007321,7.320692275,0.000045754,1,1,2.000000000,0.080000000,2.000000000,-0.034652646,0.017326323,-0.017326323,0.034888731,0.034888731,-0.034888731,0.029075256,0.023208785,0.746541597,1,47.399602882,1,46.339129236,0.263609296,0.176643898,0.268211736,0.180717674,1.763981864,0.417669607,0.614850630,0.177973161,0.462560969,2.000000000,2.052800793,2.000000000,0.000000000,0.000000000,0.000000000,1.000000000,0.753993012,0.757242842,0.716009325,0.312639596,0.863132605,0.775675031,0.728175065,1,0,0,0.000000000,0.051231468,-0.205031478,0.157566782,-0.122863932,-0.016666340,0.125816351,0.301879474,12.123584851,0.007147408,-130.919080283,-0.107103643,142.886330186,44.838923737,0.015978638,0.001654275,-0.012770362,-0.000522433,-0.001635044,0.000011440,0.010703533,-0.680728501,0.000035907,0.673880396,0.000082218,-0.234650980,-0.000250964,0.165628399,0.011794522,-0.000000622,-0.011675869,-0.000001425,0.004065639,0.000004348,-0.002869731,-1.361457002,0.000071814,1.347760791,0.000164436,-0.469301960,-0.000501929,0.331256799,-0.351428963,-0.054535721,0.251854576,0.033794854,0.449073587,0.341905483,0.055259643
2.701000000,0,2.701000000,sample,0.216534233,-0.000002361,0.216036914,0.216032649,0.000004265,4.265014690,0.000026656,1,1,2.000000000,0.080000000,2.000000000,0.051396794,0.025698397,0.025698397,0.043695472,0.043695472,-0.043695472,0.025698397,0.026615643,0.965537337,1,58.289290610,1,46.339204519,0.258100470,0.178062562,0.268191252,0.179682767,1.399580359,0.418238333,0.476566338,0.212302038,0.405284489,2.000000000,2.040669267,2.000000000,0.000000000,0.000000000,0.000000000,1.000000000,0.864586411,0.671227538,0.692448097,0.256547068,0.864586411,0.798228520,0.744461124,1,0,0,0.000000000,0.049105955,-0.200705997,0.154665964,-0.123696502,-0.016200050,0.127055144,0.296787755,12.123377482,0.011579078,-130.918968674,-0.107269789,142.886480735,44.839537203,-0.020320358,0.000871803,0.016961234,0.000272266,-0.000001935,0.000216222,0.002628903,-0.680729054,0.000046993,0.673881453,0.000082344,-0.234647919,-0.000251350,0.165626156,-0.017493646,0.000001208,0.017317673,0.000002116,-0.006030075,-0.000006459,0.004256327,-1.361458108,0.000093985,1.347762907,0.000164689,-0.469295838,-0.000502699,0.331252313,-0.162256486,-0.041202284,0.358983012,0.022976963,0.449745637,0.341014177,0.059169429
2.751000000,0,2.751000000,sample,0.216534499,0.000005332,0.216032626,0.216037435,0.000004809,4.808895106,0.000030056,1,1,2.000000000,0.080000000,2.000000000,-0.057302833,0.028651417,-0.028651417,0.039234730,0.039234730,-0.039234730,0.028059968,0.029545826,0.969728065,3,59.626970891,1,46.339442680,0.269503299,0.179273449,0.277851107,0.180345929,3.274231374,0.367350915,0.701885430,0.160917666,0.553482479,2.000000000,2.075204067,2.000000000,0.000000000,0.000000000,0.000000000,1.000000000,0.955144380,0.684408654,0.681555346,-0.273272009,0.964540358,0.830220367,0.774429015,1,0,0,0.000000000,0.050068745,-0.216447930,0.152562913,-0.126174618,-0.016119690,0.126329295,0.284758738,12.122977184,0.024733676,-130.919190255,-0.107741203,142.886397856,44.840020625,-0.018428775,0.002349073,0.022814844,-0.000829769,-0.002267304,0.000130752,0.001206050,0.680730803,-0.000079893,-0.673883516,-0.000082704,0.234640514,0.000252447,-0.165621050,-0.019503902,0.000002289,0.019307717,0.000002370,-0.006722783,-0.000007233,0.004745278,1.361461607,-0.000159787,-1.347767032,-0.000165407,0.469281029,0.000504893,-0.331242100,-0.200522735,0.018462801,0.341148629,-0.005182958,0.437982525,0.335081847,0.058733824
2.801000000,0,2.801000000,sample,0.216534191,-0.000006169,0.216035862,0.216033616,0.000002246,2.245599266,0.000014035,1,1,2.000000000,0.080000000,2.000000000,-0.068013028,0.034006514,-0.034006514,0.038225193,0.038225193,-0.038225193,0.022052208,0.035480485,0.958456860,1,55.230663495,1,46.339262934,0.278730874,0.176349070,0.286609140,0.179813984,0.938719972,0.281645590,0.602993272,0.118418437,0.424923885,2.000000000,2.044667547,2.000000000,0.000000000,0.000000000,0.000000000,1.000000000,0.802716701,0.740517828,0.709126172,0.315113813,0.918276523,0.790343173,0.732831468,1,0,0,0.000000000,0.049189439,-0.227200170,0.153790058,-0.124567546,-0.016211976,0.123770323,0.296627309,12.123281773,0.014414125,-130.918942148,-0.106814832,142.886356797,44.838500152,0.026368151,0.000755663,-0.023698328,-0.000037025,0.000791757,0.000647418,0.000596842,-0.680729483,0.000053989,0.673882183,0.000081994,-0.234645684,-0.000250282,0.165624591,0.023149237,-0.000001836,-0.022916384,-0.000002788,0.007979482,0.000008511,-0.005632315,-1.361458966,0.000107979,1.347764366,0.000163989,-0.469291368,-0.000500563,0.331249182,-0.344780782,-0.033219019,0.258693732,0.027890537,0.441938210,0.341063779,0.059568659
2.851000000,0,2.851000000,sample,0.216534031,-0.000003205,0.216037338,0.216031835,0.000005503,5.502976269,0.000034394,1,1,2.000000000,0.080000000,2.000000000,0.025870514,0.012935257,0.012935257,0.038916790,0.038916790,-0.038916790,0.025384219,0.013859647,0.933303460,1,70.823692429,1,46.339133515,0.273832976,0.176003002,0.285405100,0.178701097,2.098286817,0.359557642,0.467184723,0.199328241,0.383810500,2.000000000,2.036498647,2.000000000,0.000000000,0.000000000,0.000000000,1.000000000,0.672109585,0.723219737,0.709732548,0.284893011,0.883601359,0.823145750,0.772344394,1,0,0,0.000000000,0.048425697,-0.220694640,0.154703996,-0.123330544,-0.016200427,0.124515780,0.300812806,12.123489124,0.009792495,-130.918809172,-0.107254963,142.886433227,44.839264172,-0.011663838,0.000581337,0.007329603,0.000718051,0.000523726,-0.000167191,0.001079747,-0.680728533,0.000042533,0.673881088,0.000082334,-0.234649660,-0.000251317,0.165627319,-0.008805398,0.000000550,0.008716825,0.000001065,-0.003035254,-0.000003251,0.002142432,-1.361457065,0.000085065,1.347762177,0.000164667,-0.469299321,-0.000502634,0.331254638,-0.288635774,-0.103848419,0.275562968,0.060258660,0.454092002,0.347376871,0.056470288
2.901000000,0,2.901000000,sample,0.216534181,0.000003008,0.216032598,0.216036839,0.000004241,4.241006464,0.000026506,1,1,2.000000000,0.080000000,2.000000000,-0.057017317,0.028508659,-0.028508659,0.037567804,0.037567804,-0.037567804,0.025752751,0.029641222,0.961790928,3,54.206829698,1,46.339421719,0.284340772,0.177867458,0.284340772,0.179342335,1.505004287,0.258571109,0.627750912,0.172935923,0.459020379,2.000000000,2.052020300,2.000000000,0.000000000,0.000000000,0.000000000,1.000000000,0.839795530,0.728822082,0.690922404,-0.286533961,0.916004264,0.771619099,0.723566640,1,0,0,0.000000000,0.048480964,-0.235980537,0.151037931,-0.126218661,-0.015970705,0.124300518,0.287746567,12.122978695,0.023852814,-130.918938169,-0.107362104,142.886299104,44.839815555,-0.020011035,-0.000955901,0.021823435,-0.000721887,-0.000639636,-0.000145671,0.000181647,0.680730650,-0.000077631,-0.673883934,-0.000082412,0.234640058,0.000251558,-0.165620629,-0.019406718,0.000002213,0.019211527,0.000002349,-0.006689273,-0.000007172,0.004721622,1.361461299,-0.000155263,-1.347767869,-0.000164825,0.469280117,0.000503117,-0.331241257,-0.321497782,-0.017331212,0.240547661,0.024108211,0.442642909,0.340627546,0.057518001
2.951000000,0,2.951000000,sample,0.216534340,0.000003176,0.216035391,0.216034383,0.000001008,1.007860716,0.000006299,1,1,2.000000000,0.080000000,2.000000000,-0.061242866,0.030621433,-0.030621433,0.034034929,0.034034929,-0.034034929,0.021374149,0.031807221,0.962719538,1,50.860618253,1,46.339282924,0.272634140,0.177093975,0.285673888,0.179560559,0.378151381,0.297988708,0.536472542,0.116532751,0.384374879,2.000000000,2.036624640,2.000000000,0.000000000,0.000000000,0.000000000,1.000000000,0.826349093,0.697096862,0.716047055,0.322911352,0.849733313,0.797012894,0.738736465,1,0,0,0.000000000,0.050327625,-0.218785243,0.154691700,-0.124980735,-0.016384491,0.124393088,0.293856777,12.123281754,0.016186581,-130.919066170,-0.106747022,142.886310700,44.838030957,0.022683838,0.000410937,-0.022257725,0.000056889,-0.000078742,0.000333841,-0.001202788,-0.680729630,0.000058401,0.673882105,0.000081942,-0.234645517,-0.000250123,0.165624541,0.020844917,-0.000001788,-0.020635236,-0.000002509,0.007185182,0.000007659,-0.005071661,-1.361459260,0.000116801,1.347764209,0.000163884,-0.469291034,-0.000500246,0.331249082,-0.235724809,-0.047981350,0.378111694,0.036029672,0.434920044,0.343431247,0.059058728
3.001000000,0,3.001000000,sample,0.216534306,-0.000000688,0.216040167,0.216029528,0.000010639,10.638804677,0.000066493,1,1,2.000000000,0.080000000,2.000000000,-0.000343157,0.000171579,-0.000171579,0.045921977,0.045921977,-0.045921977,0.023315265,0.006072946,0.028252933,1,47.301173418,1,46.339445251,0.263940393,0.174282719,0.275726136,0.180432876,4.269126047,0.514994798,0.694386778,0.113721399,0.526370724,2.000000000,2.068110355,2.000000000,0.000000000,0.000000000,0.000000000,1.000000000,0.756516151,0.807147415,0.740871594,0.303402737,0.869753122,0.807147415,0.740871594,1,0,0,0.000000000,0.049581492,-0.210042380,0.151948693,-0.121651767,-0.016134775,0.123753719,0.307402644,12.122978695,0.002427625,-130.919057645,-0.107479892,142.886228313,44.838070663,0.004176720,-0.001942065,0.003691866,-0.000941286,-0.001018460,-0.000015593,-0.000332664,-0.680730822,0.000024192,0.673883906,0.000082503,-0.234639753,-0.000251834,0.165620483,0.000116799,-0.000000004,-0.000115624,-0.000000014,0.000040259,0.000000043,-0.000028417,-1.361461645,0.000048385,1.347767812,0.000165005,-0.469279506,-0.000503669,0.331240966,-0.431752507,-0.057891695,0.160118546,0.043999429,0.457863321,0.344803707,0.055015704
3.051000000,0,3.051000000,sample,0.216534069,-0.000004728,0.216036833,0.216032427,0.000004406,4.406144651,0.000027538,1,1,2.000000000,0.080000000,2.000000000,0.046271061,0.023135531,0.023135531,0.043480150,0.043480150,-0.043480150,0.029789420,0.023404842,0.988493342,3,51.074222703,1,46.339099641,0.274435887,0.175929284,0.284152078,0.180285442,1.179390386,0.149649150,0.558338861,0.165734927,0.385477631,2.000000000,2.036821812,2.000000000,0.000000000,0.000000000,0.000000000,1.000000000,0.767084185,0.751857490,0.707941570,0.285440967,0.905894359,0.829474153,0.765229566,1,0,0,0.000000000,0.049373662,-0.220330436,0.155986527,-0.123575564,-0.016431569,0.124137813,0.299108588,12.123584851,0.011398263,-130.918846251,-0.107407336,142.886337255,44.838873377,-0.015864923,-0.000087343,0.016726559,0.001369740,-0.002563341,0.000241184,0.002792916,-0.680728284,0.000046565,0.673880653,0.000082451,-0.234650959,-0.000251676,0.165628272,-0.015749010,0.000001077,0.015590587,0.000001908,-0.005428774,-0.000005823,0.003831898,-1.361456568,0.000093131,1.347761306,0.000164902,-0.469301917,-0.000503352,0.331256543,-0.354175822,-0.049764603,0.209682135,0.038247790,0.454300902,0.343502540,0.058748970
3.101000000,0,3.101000000,sample,0.216534378,0.000006173,0.216032241,0.216037599,0.000005358,5.358001230,0.000033488,1,1,2.000000000,0.080000000,2.000000000,-0.049464027,0.024732013,-0.024732013,0.034767987,0.034767987,-0.034767987,0.026412485,0.028596448,0.864863113,3,52.133969988,1,46.339208586,0.285077146,0.178072790,0.285533932,0.180250788,2.318331807,0.562743628,0.681833688,0.231514517,0.506894154,2.000000000,2.063256721,2.000000000,0.000000000,0.000000000,0.000000000,1.000000000,0.737922684,0.677906339,0.693435346,-0.284505448,0.961318341,0.872919663,0.777837723,1,0,0,0.000000000,0.049926915,-0.233782086,0.155313293,-0.126479573,-0.016261084,0.124291645,0.285814806,12.123378986,0.025485160,-130.919080110,-0.107497173,142.886552761,44.839578786,-0.018284119,0.001853828,0.020647739,0.000506829,0.007286054,0.000316200,0.000488480,0.680729084,-0.000081730,-0.673881210,-0.000082519,0.234648303,0.000251883,-0.165626466,-0.016835801,0.000002021,0.016666439,0.000002041,-0.005803325,-0.000006230,0.004096276,1.361458168,-0.000163459,-1.347762420,-0.000165038,0.469296606,0.000503765,-0.331252932,-0.230185945,-0.084308801,0.327849903,0.047166813,0.436032550,0.343195287,0.056048004
3.151000000,0,3.151000000,sample,0.216534354,-0.000000480,0.216034839,0.216034962,0.000000123,0.122939064,0.000000768,0,0,2.000000000,0.080000000,0.000000000,0.000000000,0.027844377,0.000000000,0.036659314,0.036659314,-0.036659314,0.023531110,0.029068903,0.957875039,1,56.529123855,0,0.000000000,0.298202733,0.174760509,0.298202733,0.178309857,1.018231273,0.314834824,0.628895770,0.108685161,0.439034567,0.000000000,0.439109689,2.000000000,0.000000000,0.000000000,0.000000000,1.000000000,0.827023753,0.693414278,0.716481180,0.000000000,0.838851072,0.745075795,0.732215213,1,0,0,0.000000000,0.050757158,-0.249740769,0.154848730,-0.125195460,-0.016445460,0.120817545,0.295473930,12.123281779,0.017853262,-130.919080179,-0.106971178,142.886269114,44.837881085,0.021855702,-0.000111367,-0.019153863,0.000425440,-0.000060463,0.000257328,-0.000442298,0.000000000,0.000000000,0.000000000,0.000000000,0.000000000,0.000000000,0.000000000,0.018954493,-0.000001743,-0.018763828,-0.000002286,0.006533553,0.000006979,-0.004611709,0.000000000,0.000000000,0.000000000,0.000000000,0.000000000,0.000000000,0.000000000,-0.218204664,-0.051320310,0.390435917,0.036116667,0.434492744,0.342498225,0.057136978
3.201000000,0,3.201000000,sample,0.216534377,0.000000458,0.216036908,0.216032935,0.000003974,3.973724873,0.000024836,1,1,2.000000000,0.080000000,2.000000000,0.028984355,0.014492178,0.014492178,0.040338549,0.040338549,-0.040338549,0.022349996,0.015079591,0.961045799,1,65.280536959,1,46.339207924,0.293553654,0.174723521,0.299781583,0.177462917,1.600143330,0.267674629,0.519034736,0.186605204,0.388061195,2.000000000,2.037304221,2.000000000,0.000000000,0.000000000,0.000000000,1.000000000,0.753236879,0.752361140,0.708563823,0.292517008,0.811071570,0.790496726,0.734989669,1,0,0,0.000000000,0.049887495,-0.244088153,0.155260938,-0.123834192,-0.016223159,0.122189242,0.301032920,12.123377538,0.011984530,-130.919078530,-0.107182628,142.886573998,44.839243283,-0.012183762,0.000025786,0.008807588,0.000203501,-0.000361055,0.000209755,0.001077014,-0.680729079,0.000047990,0.673881196,0.000082278,-0.234648348,-0.000251145,0.165626493,-0.009865247,0.000000695,0.009766006,0.000001192,-0.003400566,-0.000003640,0.002400289,-1.361458158,0.000095979,1.347762392,0.000164555,-0.469296696,-0.000502291,0.331252986,-0.345937823,-0.055807968,0.228704003,0.035954809,0.452609242,0.343129615,0.055532491
3.251000000,0,3.251000000,sample,0.216533795,-0.000011640,0.216031610,0.216037062,0.000005451,5.451251435,0.000034070,1,1,2.000000000,0.080000000,2.000000000,-0.052373329,0.026186664,-0.026186664,0.035966960,0.035966960,-0.035966960,0.027525789,0.029956487,0.874156735,3,49.974329032,1,46.339381110,0.283076938,0.177829113,0.299856689,0.177829113,1.723982695,0.812762252,0.631925033,0.131259796,0.522582149,2.000000000,2.067166006,2.000000000,0.000000000,0.000000000,0.000000000,1.000000000,0.839061948,0.710213519,0.685082725,-0.283469502,0.839958631,0.746440339,0.711827882,1,0,0,0.000000000,0.045844616,-0.236348012,0.148897418,-0.126486195,-0.015640013,0.124015427,0.285945610,12.122978697,0.025626974,-130.918623181,-0.107541350,142.886316909,44.839607721,-0.018694391,0.000460399,0.021176996,0.000977763,-0.003175744,0.000097928,-0.009390566,0.680730351,-0.000082088,-0.673884269,-0.000082550,0.234640064,0.000251978,-0.165620480,-0.017826057,0.000002150,0.017646781,0.000002162,-0.006144441,-0.000006598,0.004337048,1.361460702,-0.000164177,-1.347768539,-0.000165100,0.469280129,0.000503956,-0.331240960,-0.296664343,-0.018873792,0.260162466,0.012451562,0.440925243,0.339491750,0.058848275
3.301000000,0,3.301000000,sample,0.216534113,0.000006357,0.216033753,0.216035573,0.000001819,1.819178457,0.000011370,1,1,2.000000000,0.080000000,2.000000000,0.041096717,0.020548358,0.020548358,0.039667537,0.039667537,-0.039667537,0.026522204,0.020748704,0.990344203,3,48.964184873,1,46.339269389,0.278738324,0.177497605,0.289213708,0.179617395,0.368126430,0.143107216,0.541034464,0.135044976,0.391981942,2.000000000,2.038060694,2.000000000,0.000000000,0.000000000,0.000000000,1.000000000,0.823509621,0.722760693,0.704755815,-0.321229253,1.000130728,0.815104085,0.756410063,1,0,0,0.000000000,0.049207109,-0.227325675,0.153612342,-0.125774379,-0.016291329,0.124180506,0.290502709,12.123281773,0.020278799,-130.918886788,-0.106854857,142.886229062,44.838551548,0.014308627,-0.000193228,-0.014518784,-0.000030914,0.002061241,-0.000202330,-0.003263261,0.680729531,-0.000068630,-0.673882423,-0.000082025,0.234645130,0.000250376,-0.165624198,0.013987874,-0.000001410,-0.013847178,-0.000001685,0.004821572,0.000005145,-0.003403305,1.361459061,-0.000137259,-1.347764846,-0.000164050,0.469290260,0.000500751,-0.331248397,-0.314434462,-0.026575833,0.296540863,0.013098511,0.435853930,0.339990203,0.058612393
3.351000000,0,3.351000000,sample,0.216533899,-0.000004266,0.216038044,0.216030877,0.000007167,7.167082698,0.000044794,1,1,2.000000000,0.080000000,2.000000000,-0.033621061,0.016810531,-0.016810531,0.038241477,0.038241477,-0.038241477,0.026251888,0.020125712,0.835276314,1,50.111951589,1,46.339135165,0.279944455,0.175063283,0.281855014,0.179505318,0.419817019,0.302567491,0.572940101,0.120762563,0.399140508,2.000000000,2.039443457,2.000000000,0.000000000,0.000000000,0.000000000,1.000000000,0.711184444,0.792127554,0.741898361,0.324765741,0.839463164,0.792127554,0.741898361,1,0,0,0.000000000,0.048143976,-0.228597122,0.154254370,-0.123118468,-0.016229112,0.123392106,0.304211092,12.123489142,0.007309239,-130.918713987,-0.106741931,142.886309910,44.838700748,0.014246950,0.001244326,-0.012946038,0.000766770,-0.004100863,0.000365164,0.003922000,-0.680728545,0.000036250,0.673881370,0.000081940,-0.234649108,-0.000250115,0.165626909,0.011443408,-0.000000609,-0.011328303,-0.000001377,0.003944576,0.000004205,-0.002784276,-1.361457090,0.000072499,1.347762740,0.000163879,-0.469298217,-0.000500229,0.331253819,-0.420911646,-0.075105035,0.200060743,0.047278781,0.451448064,0.343937852,0.056987839
3.401000000,0,3.401000000,sample,0.216534353,0.000009065,0.216035353,0.216034452,0.000000901,0.901046534,0.000005632,0,0,2.000000000,0.080000000,0.000000000,0.000000000,0.025691784,0.000000000,0.035735175,0.035735175,-0.035735175,0.024716670,0.026564836,0.967135047,3,54.213061638,0,0.000000000,0.280741115,0.176938240,0.283619552,0.178622184,1.348367466,0.250128046,0.625666582,0.158966744,0.468796108,0.000000000,0.468887541,2.000000000,0.000000000,0.000000000,0.000000000,1.000000000,0.921673009,0.761877296,0.695659340,0.000000000,0.962358570,0.804992072,0.746171982,1,0,0,0.000000000,0.050481834,-0.227614767,0.156392699,-0.124742628,-0.016445507,0.124402424,0.294616417,12.123489142,0.016418480,-130.919065653,-0.107217641,142.886453499,44.839402781,-0.017877188,0.000523854,0.019559561,-0.000228129,-0.001739112,0.000086556,-0.000402206,0.000000000,0.000000000,0.000000000,0.000000000,0.000000000,0.000000000,0.000000000,-0.017489136,0.000001517,0.017313199,0.000002115,-0.006028572,-0.000006455,0.004255267,0.000000000,0.000000000,0.000000000,0.000000000,0.000000000,0.000000000,0.000000000,-0.343802629,0.024567361,0.215412105,0.002971479,0.449748291,0.336608830,0.056105963
3.451000000,0,3.451000000,sample,0.216534371,0.000000370,0.216032534,0.216037297,0.000004763,4.763258752,0.000029770,1,1,2.000000000,0.080000000,2.000000000,-0.000125921,0.000062961,-0.000062961,0.038175325,0.038175325,-0.038175325,0.019336792,0.004993650,0.012608118,1,38.616416873,1,46.339217866,0.257642413,0.181438508,0.285578603,0.181438508,2.457659728,0.196774837,0.434718980,0.182581708,0.375848979,2.000000000,2.035008021,2.000000000,0.000000000,0.000000000,0.000000000,1.000000000,0.747873333,0.688503280,0.698623229,-0.302626313,0.899950611,0.882544565,0.806920811,1,0,0,0.000000000,0.050033675,-0.199299993,0.155421224,-0.126697401,-0.016334643,0.128844403,0.283040402,12.123377482,0.024511722,-130.919080187,-0.106793669,142.886474023,44.839843165,-0.003103159,0.000346932,-0.001639292,0.000038848,0.001943030,-0.000097573,-0.002951764,0.680729152,-0.000079182,-0.673881327,-0.000081979,0.234647940,0.000250234,-0.165626226,-0.000042859,0.000000005,0.000042428,0.000000005,-0.000014774,-0.000000016,0.000010428,1.361458304,-0.000158364,-1.347762655,-0.000163958,0.469295879,0.000500468,-0.331252452,-0.260101939,-0.074311510,0.323180357,0.040312291,0.432926766,0.343719914,0.057092991
3.501000000,0,3.501000000,sample,0.216534364,-0.000000146,0.216037356,0.216032461,0.000004895,4.894909810,0.000030593,1,1,2.000000000,0.080000000,2.000000000,-0.067490232,0.033745116,-0.033745116,0.035276379,0.035276379,-0.035276379,0.021807975,0.034938997,0.965829556,1,50.436821950,1,46.339271910,0.246344715,0.178418652,0.260307796,0.182688391,0.564992243,0.290319921,0.486271292,0.124210943,0.370701943,2.000000000,2.034097422,2.000000000,0.000000000,0.000000000,0.000000000,1.000000000,0.748369977,0.748956176,0.722562152,0.329622111,0.880007577,0.770402245,0.728009814,1,0,0,0.000000000,0.049816409,-0.185212741,0.154597169,-0.123726617,-0.016265140,0.127516215,0.296093586,12.123281773,0.010607793,-130.919079663,-0.106886407,142.886432292,44.838048011,0.024813287,0.000217322,-0.024563908,-0.000209767,0.000584057,-0.000487264,-0.000989422,-0.680729549,0.000044504,0.673881921,0.000082049,-0.234646036,-0.000250450,0.165624890,0.022971298,-0.000001502,-0.022740224,-0.000002769,0.007918158,0.000008451,-0.005589031,-1.361459098,0.000089008,1.347763842,0.000164099,-0.469292071,-0.000500899,0.331249779,-0.358569374,-0.058632734,0.266611688,0.040507697,0.442965886,0.342894071,0.059736788
3.551000000,0,3.551000000,sample,0.216534154,-0.000004202,0.216036421,0.216032993,0.000003428,3.427823488,0.000021424,1,1,2.000000000,0.080000000,2.000000000,0.034174322,0.017087161,0.017087161,0.040712635,0.040712635,-0.040712635,0.025698803,0.017940337,0.952443727,1,52.327875636,1,46.339140511,0.258756458,0.178113228,0.260813388,0.181415720,0.420069800,0.164206902,0.530541510,0.175080341,0.410261078,2.000000000,2.041654744,2.000000000,0.000000000,0.000000000,0.000000000,1.000000000,0.810800645,0.716331875,0.695212111,0.286223593,0.810800645,0.752755852,0.724003111,1,0,0,0.000000000,0.048956629,-0.201108323,0.155285529,-0.123986231,-0.016258478,0.126836108,0.295571501,12.123489644,0.012775202,-130.918904052,-0.107206495,142.886472255,44.839220746,-0.012977682,0.000596839,0.012366783,-0.000138618,0.000117877,-0.000074036,-0.000321412,-0.680728584,0.000049967,0.673880921,0.000082296,-0.234649863,-0.000251203,0.165627500,-0.011631719,0.000000854,0.011514712,0.000001406,-0.004009500,-0.000004292,0.002830104,-1.361457168,0.000099934,1.347761842,0.000164593,-0.469299727,-0.000502407,0.331255000,-0.282889105,-0.037419481,0.281047317,0.020799046,0.448944414,0.342780220,0.058513710
3.601000000,0,3.601000000,sample,0.216534080,-0.000001483,0.216032009,0.216037219,0.000005210,5.209825613,0.000032561,1,1,2.000000000,0.080000000,2.000000000,-0.030476890,0.015238445,-0.015238445,0.038033921,0.038033921,-0.038033921,0.024562072,0.017901706,0.851228640,3,52.397555441,1,46.339325741,0.285008100,0.177741153,0.285008100,0.179903890,1.337777955,0.315559785,0.623258272,0.164119548,0.455035576,2.000000000,2.051118707,2.000000000,0.000000000,0.000000000,0.000000000,1.000000000,0.826902200,0.709867833,0.687083730,-0.284800067,0.893385273,0.774906714,0.727588085,1,0,0,0.000000000,0.046738346,-0.237333431,0.150724870,-0.126423856,-0.015641654,0.123952672,0.286417747,12.123074404,0.025276043,-130.918832221,-0.107523012,142.886619658,44.839659667,-0.011364504,0.000498395,0.012958357,0.000596522,0.002316434,0.000496274,-0.004145326,0.680729945,-0.000081210,-0.673883078,-0.000082537,0.234643117,0.000251937,-0.165622675,-0.010373266,0.000001238,0.010268930,0.000001258,-0.003575596,-0.000003839,0.002523832,1.361459889,-0.000162421,-1.347766156,-0.000165074,0.469286234,0.000503874,-0.331245350,-0.307326098,-0.025967573,0.250636877,0.019635734,0.439318843,0.342356491,0.059556594
3.651000000,0,3.651000000,sample,0.216534189,0.000002183,0.216037821,0.216031645,0.000006176,6.176284223,0.000038602,1,1,2.000000000,0.080000000,2.000000000,-0.077269273,0.038634636,-0.038634636,0.041104294,0.041104294,-0.041104294,0.025709529,0.039928960,0.967584337,1,57.505204664,1,46.339300253,0.292941901,0.173762557,0.299171594,0.178187129,1.739038540,0.383960434,0.654251768,0.098123641,0.463878393,2.000000000,2.053123461,2.000000000,0.000000000,0.000000000,0.000000000,1.000000000,0.760751278,0.746982777,0.715299559,0.314350387,0.857803866,0.808357059,0.748963648,1,0,0,0.000000000,0.048571106,-0.245224307,0.152711637,-0.123470921,-0.016004971,0.121211380,0.304514473,12.123186064,0.008722901,-130.918936899,-0.106654323,142.886459106,44.838135969,0.030279003,-0.000200411,-0.025961978,0.000238180,0.001446838,-0.000023569,-0.001135212,-0.680729757,0.000039761,0.673882574,0.000081871,-0.234644416,-0.000249904,0.165623674,0.026299747,-0.000001536,-0.026035208,-0.000003163,0.009065402,0.000009655,-0.006398810,-1.361459515,0.000079523,1.347765148,0.000163741,-0.469288831,-0.000499808,0.331247347,-0.352641769,-0.054301996,0.251073583,0.034842992,0.445033807,0.344489404,0.058038942
3.701000000,0,3.701000000,sample,0.216534297,0.000002165,0.216036311,0.216033375,0.000002937,2.936504025,0.000018353,1,1,2.000000000,0.080000000,2.000000000,0.037868765,0.018934383,0.018934383,0.040781544,0.040781544,-0.040781544,0.024134139,0.019603142,0.965885114,3,54.868226376,1,46.339333693,0.272492217,0.176848153,0.293784641,0.178310568,1.170965098,0.210521976,0.575465246,0.152660805,0.413707161,2.000000000,2.042347948,2.000000000,0.000000000,0.000000000,0.000000000,1.000000000,0.806542102,0.683343937,0.694035263,0.274332884,0.810153427,0.815809072,0.756918252,1,0,0,0.000000000,0.049985687,-0.219395934,0.153684299,-0.124034745,-0.016303543,0.124999382,0.296791846,12.123186064,0.013511653,-130.919036264,-0.107380413,142.886257825,44.839463085,-0.013060300,-0.000558976,0.014520653,0.000350189,-0.001468767,-0.000017471,-0.000519333,-0.680730003,0.000051833,0.673882743,0.000082428,-0.234643573,-0.000251605,0.165623164,-0.012889202,0.000000981,0.012759554,0.000001561,-0.004442831,-0.000004764,0.003135972,-1.361460006,0.000103665,1.347765486,0.000164855,-0.469287147,-0.000503210,0.331246328,-0.210918564,-0.056864966,0.335302879,0.028540418,0.446749008,0.343071503,0.058646160
3.753000000,0,3.753000000,sample,0.216533836,-0.000008858,0.216031526,0.216037224,0.000005698,5.697893839,0.000035612,1,1,2.000000000,0.080000000,2.000000000,-0.013087256,0.006543628,-0.006543628,0.037110585,0.037110585,-0.037110585,0.025736960,0.012466881,0.524880921,3,42.539961211,1,46.339306934,0.256687165,0.180752822,0.274744716,0.180752822,2.857594753,0.422741166,0.608290927,0.212095654,0.424213131,2.000000000,2.044495010,2.000000000,0.000000000,0.000000000,0.000000000,1.000000000,0.860452330,0.664719245,0.701077692,-0.297868146,0.957913402,0.802667930,0.741140151,1,0,0,0.000000000,0.045151463,-0.203716939,0.149496003,-0.126983333,-0.015494438,0.127697839,0.282102221,12.123074404,0.025860380,-130.918638299,-0.106801453,142.886573036,44.839084239,-0.004350308,0.000502895,0.008131232,0.002039382,0.008121976,-0.000003822,0.000050088,0.680729806,-0.000082547,-0.673883363,-0.000081983,0.234642877,0.000250246,-0.165622424,-0.004454443,0.000000540,0.004409642,0.000000536,-0.001535416,-0.000001638,0.001083772,1.361459613,-0.000165093,-1.347766727,-0.000163966,0.469285754,0.000500493,-0.331244848,-0.185600404,-0.043076835,0.389229095,0.027735934,0.427191812,0.342224911,0.057684498
3.801000000,0,3.801000000,sample,0.216534233,0.000008267,0.216035682,0.216033872,0.000001810,1.810239403,0.000011314,1,1,2.000000000,0.080000000,2.000000000,-0.062202261,0.031101130,-0.031101130,0.035491509,0.035491509,-0.035491509,0.020852275,0.032737213,0.950023765,1,61.619866024,1,46.339248217,0.275869173,0.176437322,0.275869173,0.180442814,2.426728907,0.402027248,0.664063958,0.100151830,0.486350419,2.000000000,2.058302716,2.000000000,0.000000000,0.000000000,0.000000000,1.000000000,0.719208639,0.754865407,0.721668506,0.321455470,0.875129707,0.764881214,0.750335012,1,0,0,0.000000000,0.048754440,-0.223844433,0.153689540,-0.124638829,-0.016072262,0.123842535,0.295600374,12.123281773,0.015059928,-130.918964114,-0.106924849,142.886519073,44.838265077,0.025698163,0.000833524,-0.020260397,-0.000069300,0.000029531,0.000212657,0.000316508,-0.680729375,0.000055619,0.673881930,0.000082079,-0.234646388,-0.000250540,0.165625067,0.021171453,-0.000001730,-0.020958490,-0.000002553,0.007297768,0.000007792,-0.005151127,-1.361458750,0.000111239,1.347763859,0.000164158,-0.469292776,-0.000501079,0.331250133,-0.383346060,-0.071317988,0.229123291,0.040177299,0.439276720,0.344330201,0.055910223
3.851000000,0,3.851000000,sample,0.216534120,-0.000002258,0.216037109,0.216032226,0.000004883,4.882988932,0.000030519,1,1,2.000000000,0.080000000,2.000000000,0.024449517,0.012224759,0.012224759,0.041233062,0.041233062,-0.041233062,0.024766121,0.012948412,0.944112570,3,70.034774463,1,46.339307754,0.281083001,0.175202172,0.290194639,0.178166216,2.372449938,0.178908531,0.661346129,0.156549340,0.473995081,2.000000000,2.055405382,2.000000000,0.000000000,0.000000000,0.000000000,1.000000000,0.796155578,0.782816031,0.722365644,0.290027568,0.810596285,0.801159180,0.744065177,1,0,0,0.000000000,0.048565117,-0.231015837,0.152580359,-0.123452432,-0.016079201,0.123275129,0.300982653,12.123186064,0.010705242,-130.918888770,-0.107372150,142.886333175,44.839179431,-0.006905572,0.000202477,0.010836109,0.000380604,0.000136633,-0.000053536,0.001531599,-0.680729812,0.000044829,0.673882807,0.000082421,-0.234643860,-0.000251586,0.165623282,-0.008321758,0.000000548,0.008238055,0.000001008,-0.002868465,-0.000003076,0.002024705,-1.361459625,0.000089658,1.347765614,0.000164843,-0.469287720,-0.000503172,0.331246564,-0.407311937,-0.036754837,0.163282918,0.022740964,0.454271470,0.343211446,0.056772029
3.901000000,0,3.901000000,sample,0.216534195,0.000001489,0.216032625,0.216036846,0.000004222,4.221951320,0.000026387,1,1,2.000000000,0.080000000,2.000000000,-0.059112296,0.029556148,-0.029556148,0.037088290,0.037088290,-0.037088290,0.027286395,0.030566740,0.966938190,1,53.556329734,1,46.339301295,0.269822648,0.179190933,0.282783489,0.179190933,1.140778921,0.272805372,0.557031648,0.191016986,0.447605147,2.000000000,2.049499266,2.000000000,0.000000000,0.000000000,0.000000000,1.000000000,0.743736460,0.657459549,0.701816790,-0.269706606,0.841814212,0.780159488,0.724145881,1,0,0,0.000000000,0.048467189,-0.217099431,0.152718794,-0.126054342,-0.016024084,0.126344458,0.285720154,12.123184553,0.023871692,-130.918938090,-0.107641214,142.886447893,44.840074663,-0.022369410,0.001667733,0.020721658,-0.000136206,-0.001036159,-0.000371356,0.000732501,0.680729765,-0.000077727,-0.673882592,-0.000082628,0.234644357,0.000252216,-0.165623634,-0.020119750,0.000002297,0.019917374,0.000002442,-0.006935183,-0.000007455,0.004895197,1.361459530,-0.000155454,-1.347765185,-0.000165256,0.469288715,0.000504432,-0.331247267,-0.168911348,-0.108062646,0.368086320,0.049521914,0.436899124,0.346951036,0.056057144
3.951000000,0,3.951000000,sample,0.216533793,-0.000008034,0.216032131,0.216036540,0.000004409,4.409009307,0.000027556,1,1,2.000000000,0.080000000,2.000000000,0.012943061,0.006471530,0.006471530,0.041133429,0.041133429,-0.041133429,0.024826136,0.007289013,0.887847283,3,71.324376960,1,46.339384125,0.265890736,0.180035875,0.280176841,0.180035875,2.297733489,0.187135094,0.422999671,0.173988824,0.326194363,2.000000000,2.026426694,2.000000000,0.000000000,0.000000000,0.000000000,1.000000000,0.986744338,0.693897502,0.698454317,-0.300426524,1.053683066,0.818165439,0.752009455,1,0,0,0.000000000,0.045835946,-0.215438346,0.148940486,-0.126798848,-0.015666292,0.126844534,0.285337048,12.122978695,0.023941979,-130.918623218,-0.106434435,142.886290122,44.839296353,0.002182470,-0.000875391,-0.006155846,0.000664704,0.001923290,-0.000352132,-0.002332578,0.680730373,-0.000077697,-0.673884305,-0.000081700,0.234639953,0.000249384,-0.165620408,0.004405367,-0.000000503,-0.004361063,-0.000000529,0.001518480,0.000001614,-0.001071818,1.361460747,-0.000155395,-1.347768611,-0.000163401,0.469279905,0.000498769,-0.331240816,-0.207588086,0.027231851,0.372427290,-0.010049934,0.431929504,0.339553590,0.057803298
4.001000000,0,4.001000000,sample,0.216534337,0.000010888,0.216038843,0.216030917,0.000007926,7.926446996,0.000049540,1,1,2.000000000,0.080000000,2.000000000,-0.059882777,0.029941388,-0.029941388,0.037434234,0.037434234,-0.037434234,0.024760041,0.031962066,0.936778894,3,52.705955800,1,46.339313859,0.273377207,0.175566170,0.280876420,0.179431406,1.594909090,0.343880817,0.509887797,0.129817267,0.387214615,2.000000000,2.037172369,2.000000000,0.000000000,0.000000000,0.000000000,1.000000000,0.807171674,0.750514349,0.711696471,0.314059894,0.961953589,0.849141311,0.781418665,1,0,0,0.000000000,0.049392889,-0.220746676,0.153513338,-0.122912714,-0.016105777,0.124324369,0.304513807,12.123186064,0.006208241,-130.919059779,-0.106700877,142.886473506,44.838826776,0.021829590,-0.000518812,-0.023204098,-0.001606459,-0.001660758,-0.000021860,0.001001998,-0.680729857,0.000033495,0.673882414,0.000081906,-0.234644504,-0.000250013,0.165623791,0.020381997,-0.000001003,-0.020176975,-0.000002452,0.007025582,0.000007486,-0.004959006,-1.361459715,0.000066990,1.347764828,0.000163813,-0.469289007,-0.000500026,0.331247582,-0.334736355,-0.033319181,0.269983469,0.022128297,0.446457495,0.342969911,0.054953456
4.051000000,0,4.051000000,sample,0.216533942,-0.000007912,0.216035691,0.216033291,0.000002399,2.399439610,0.000014996,1,1,2.000000000,0.080000000,2.000000000,0.034876657,0.017438328,0.017438328,0.036349458,0.036349458,-0.036349458,0.027432036,0.018437348,0.945815413,1,72.546595680,1,46.339291383,0.276784955,0.176895887,0.289961907,0.178959419,3.132310242,0.384545760,0.421308931,0.201030817,0.357741978,2.000000000,2.031747816,2.000000000,0.000000000,0.000000000,0.000000000,1.000000000,0.693818958,0.690556349,0.698433379,0.272715762,0.827849251,0.772925935,0.730191840,1,0,0,0.000000000,0.047407185,-0.226655588,0.151623595,-0.124260993,-0.015951709,0.124887563,0.296769569,12.123186065,0.014267699,-130.918742375,-0.107269794,142.886316769,44.839980244,-0.015703881,0.000176175,0.009538188,0.001021330,-0.000829922,0.000084177,0.000759553,-0.680729692,0.000053700,0.673882996,0.000082343,-0.234643761,-0.000251346,0.165623146,-0.011870788,0.000000936,0.011751393,0.000001436,-0.004091795,-0.000004383,0.002888191,-1.361459384,0.000107401,1.347765992,0.000164686,-0.469287521,-0.000502692,0.331246291,-0.240627665,-0.104766622,0.303725968,0.048364837,0.448517196,0.346175998,0.057769791
4.101000000,0,4.101000000,sample,0.216534206,0.000005278,0.216032572,0.216036920,0.000004348,4.348348934,0.000027177,1,1,2.000000000,0.080000000,2.000000000,-0.004542125,0.002271063,-0.002271063,0.037264056,0.037264056,-0.037264056,0.022242695,0.014596696,0.155587444,7,53.552282156,1,46.339404374,0.281723996,0.177917615,0.286688585,0.178745253,2.496815820,0.267676435,0.477843852,0.185400114,0.394135170,2.000000000,2.038463790,2.000000000,0.000000000,0.000000000,0.000000000,1.000000000,0.916881094,0.663635185,0.689257168,-0.281222251,0.916881094,0.772231938,0.738518322,1,0,0,0.000000000,0.049094096,-0.232180031,0.151824283,-0.126566650,-0.016124475,0.123998235,0.287211722,12.123033612,0.023916069,-130.918963599,-0.106809044,142.886229582,44.838598138,-0.006906059,0.000482265,0.001439012,0.000127633,0.006950835,-0.000797347,-0.010681778,0.680730522,-0.000077696,-0.673883699,-0.000081988,0.234640745,0.000250264,-0.165621140,-0.001545982,0.000000176,0.001530432,0.000000186,-0.000532884,-0.000000568,0.000376136,1.361461044,-0.000155392,-1.347767398,-0.000163976,0.469281490,0.000500527,-0.331242279,-0.186159319,-0.014287571,0.364494049,0.018505624,0.431028002,0.342809664,0.060942941
4.151000000,0,4.151000000,sample,0.216534313,0.000002148,0.216038739,0.216030985,0.000007754,7.754191310,0.000048464,1,1,2.000000000,0.080000000,2.000000000,-0.066305781,0.033152891,-0.033152891,0.036958452,0.036958452,-0.036958452,0.021082182,0.034912134,0.949609386,1,56.173808164,1,46.339344988,0.275501259,0.175073109,0.284285459,0.178786844,1.563247216,0.212910068,0.589537002,0.140142803,0.395813663,2.000000000,2.038823033,2.000000000,0.000000000,0.000000000,0.000000000,1.000000000,0.764256201,0.759006490,0.721584410,0.314281933,0.950012511,0.815973478,0.752508663,1,0,0,0.000000000,0.050479666,-0.222817259,0.153964984,-0.122961564,-0.016398372,0.123540037,0.304478208,12.123186064,0.006456676,-130.919061299,-0.106704950,142.886184220,44.838252360,0.026166361,-0.001645271,-0.022737156,-0.000297724,0.002235090,-0.000276003,0.003055000,-0.680730086,0.000034115,0.673882818,0.000081909,-0.234643259,-0.000250023,0.165622969,0.022568170,-0.000001131,-0.022341163,-0.000002716,0.007779102,0.000008289,-0.005490880,-1.361460172,0.000068231,1.347765637,0.000163818,-0.469286518,-0.000500045,0.331245938,-0.390348456,-0.050729057,0.212127504,0.033813367,0.444601873,0.343900138,0.060490951
4.201000000,0,4.201000000,sample,0.216534358,0.000000903,0.216036976,0.216032820,0.000004155,4.155327758,0.000025971,1,1,2.000000000,0.080000000,2.000000000,0.037077515,0.018538758,0.018538758,0.037109526,0.037109526,-0.037109526,0.024289853,0.019349217,0.958114104,3,52.926390588,1,46.339307136,0.267570987,0.177026417,0.277819778,0.180186089,0.906184394,0.189447589,0.560175793,0.176028409,0.402759528,2.000000000,2.040160118,2.000000000,0.000000000,0.000000000,0.000000000,1.000000000,0.792586895,0.721058320,0.695756628,0.285207715,0.808518926,0.779441973,0.732634044,1,0,0,0.000000000,0.049158207,-0.213611669,0.153452789,-0.123727621,-0.016047521,0.125587839,0.298013645,12.123186064,0.011738116,-130.919066197,-0.107275360,142.886541236,44.839455957,-0.013230502,0.000005100,0.014076657,0.000601351,0.000385097,0.000053081,0.000825212,-0.680729808,0.000047390,0.673882311,0.000082347,-0.234644799,-0.000251359,0.165623988,-0.012619885,0.000000879,0.012492941,0.000001527,-0.004350023,-0.000004660,0.003070463,-1.361459616,0.000094780,1.347764622,0.000164695,-0.469289597,-0.000502718,0.331247977,-0.308278444,-0.043058788,0.252986794,0.036683211,0.447323532,0.343737765,0.059880364
4.251000000,0,4.251000000,sample,0.216534117,-0.000004822,0.216032141,0.216037190,0.000005049,5.048703581,0.000031554,1,1,2.000000000,0.080000000,2.000000000,-0.050664737,0.025332368,-0.025332368,0.037668725,0.037668725,-0.037668725,0.023169231,0.025993886,0.974551016,1,62.092484839,1,46.339264863,0.259294620,0.180816008,0.266082691,0.180816008,2.390759207,0.244406377,0.416481519,0.188625273,0.345492792,2.000000000,2.029632792,2.000000000,0.000000000,0.000000000,0.000000000,1.000000000,0.867782107,0.670320525,0.691557382,-0.286009296,0.871136078,0.789357497,0.739699289,1,0,0,0.000000000,0.048946739,-0.203117325,0.153561938,-0.126427423,-0.016250312,0.128243764,0.282979231,12.123281773,0.025026822,-130.918888938,-0.107421288,142.886269861,44.840186306,-0.020482867,0.000115433,0.015685173,0.001113873,-0.002817598,-0.000091554,0.000953093,0.680729497,-0.000080572,-0.673882362,-0.000082460,0.234645312,0.000251703,-0.165624319,-0.017244490,0.000002041,0.017071036,0.000002089,-0.005944122,-0.000006376,0.004195656,1.361458995,-0.000161145,-1.347764723,-0.000164919,0.469290624,0.000503405,-0.331248638,-0.201315308,-0.031689156,0.357499055,0.024246813,0.433652573,0.341615159,0.059754529
4.301000000,0,4.301000000,sample,0.216534241,0.000002478,0.216035649,0.216033923,0.000001726,1.726307183,0.000010789,1,1,2.000000000,0.080000000,2.000000000,-0.062137390,0.031068695,-0.031068695,0.038196088,0.038196088,-0.038196088,0.025416337,0.032574725,0.953766925,1,56.195566772,1,46.339319348,0.272210801,0.176972588,0.274707351,0.180779601,0.971008536,0.333710145,0.585441746,0.108852338,0.415010147,2.000000000,2.042625745,2.000000000,0.000000000,0.000000000,0.000000000,1.000000000,0.857854387,0.726618101,0.708080999,0.322197963,1.057016141,0.767990336,0.722433110,1,0,0,0.000000000,0.049298623,-0.219520145,0.153229474,-0.124767264,-0.016185896,0.124460610,0.295020195,12.123186287,0.015150302,-130.918984634,-0.106741294,142.886330660,44.838244357,0.024419220,0.000345353,-0.021553165,0.000273134,-0.000264599,0.000042477,0.000098932,-0.680729898,0.000055814,0.673882696,0.000081937,-0.234643885,-0.000250108,0.165623346,0.021149390,-0.000001734,-0.020936656,-0.000002546,0.007290079,0.000007771,-0.005145701,-1.361459795,0.000111627,1.347765393,0.000163874,-0.469287770,-0.000500215,0.331246693,-0.298699242,-0.014613685,0.314983166,0.013731318,0.439285677,0.340725766,0.058949178
4.351000000,0,4.351000000,sample,0.216534248,0.000000128,0.216037026,0.216032568,0.000004458,4.457984884,0.000027862,1,1,2.000000000,0.080000000,2.000000000,0.029099063,0.014549531,0.014549531,0.041872947,0.041872947,-0.041872947,0.023247271,0.016085596,0.904506834,1,58.459340222,1,46.339211824,0.284615685,0.175493834,0.291151391,0.178124679,2.034970854,0.693614518,0.478784271,0.239319660,0.410685789,2.000000000,2.041733581,2.000000000,0.000000000,0.000000000,0.000000000,1.000000000,0.749456862,0.750791071,0.709938397,0.291423934,0.965489046,0.814417575,0.753625540,1,0,0,0.000000000,0.049591494,-0.233599123,0.154849029,-0.123697102,-0.016270029,0.123419605,0.300633931,12.123377482,0.011283501,-130.918984593,-0.107164580,142.886430800,44.839374623,-0.012298839,-0.000046313,0.008042915,0.000689748,0.001275125,0.000018088,0.006379052,-0.680729108,0.000046237,0.673881505,0.000082263,-0.234647708,-0.000251103,0.165626025,-0.009904290,0.000000673,0.009804660,0.000001197,-0.003414014,-0.000003653,0.002409781,-1.361458216,0.000092475,1.347763010,0.000164527,-0.469295416,-0.000502206,0.331252049,-0.352165157,-0.057905283,0.220189427,0.043416142,0.452630653,0.343557261,0.058006572
4.401000000,0,4.401000000,sample,0.216534230,-0.000000352,0.216032133,0.216037401,0.000005268,5.268069266,0.000032925,1,1,2.000000000,0.080000000,2.000000000,-0.047511376,0.023755688,-0.023755688,0.038537551,0.038537551,-0.038537551,0.026012058,0.025233464,0.941435840,3,61.918435765,1,46.339427644,0.294936393,0.176614596,0.297930235,0.176960776,2.842115338,0.327595088,0.709519662,0.168530904,0.518808639,2.000000000,2.066211281,2.000000000,0.000000000,0.000000000,0.000000000,1.000000000,0.787151741,0.704185482,0.682726438,-0.278036199,0.951895713,0.779314738,0.721572641,1,0,0,0.000000000,0.048917493,-0.248383638,0.151327866,-0.126422108,-0.016025566,0.122283881,0.287521591,12.122978695,0.025364556,-130.918979349,-0.107553473,142.886289463,44.839204830,-0.015545527,-0.000353337,0.019855776,-0.000020225,0.000823666,-0.000042746,-0.000083519,0.680730693,-0.000081436,-0.673883900,-0.000082559,0.234640028,0.000252007,-0.165620628,-0.016171226,0.000001935,0.016008576,0.000001961,-0.005574035,-0.000005987,0.003934432,1.361461386,-0.000162871,-1.347767801,-0.000165119,0.469280057,0.000504013,-0.331241257,-0.310990565,-0.042347868,0.236419378,0.027202829,0.436646424,0.342026361,0.057711947
4.451000000,0,4.451000000,sample,0.216534345,0.000002309,0.216035234,0.216034545,0.000000688,0.688051644,0.000004300,0,0,2.000000000,0.080000000,0.000000000,0.000000000,0.024325097,0.000000000,0.037508394,0.037508394,-0.037508394,0.025810569,0.025413129,0.957186215,1,55.707882364,0,0.000000000,0.278677893,0.176620822,0.296221007,0.178768631,1.169965919,0.339242117,0.612151477,0.112508089,0.463774265,0.000000000,0.463849430,2.000000000,0.000000000,0.000000000,0.000000000,1.000000000,0.771666454,0.734742156,0.707743590,0.000000000,0.836629296,0.787651281,0.740652642,1,0,0,0.000000000,0.049888070,-0.226515902,0.154476841,-0.124887426,-0.016259212,0.123829252,0.294185135,12.123281773,0.016702931,-130.919061475,-0.107081679,142.886430692,44.838567980,0.018967779,0.000994902,-0.016821875,-0.000605596,-0.000498466,-0.000307050,-0.001172902,0.000000000,0.000000000,0.000000000,0.000000000,0.000000000,0.000000000,0.000000000,0.016558812,-0.000001453,-0.016392244,-0.000002000,0.005707787,0.000006103,-0.004028841,0.000000000,0.000000000,0.000000000,0.000000000,0.000000000,0.000000000,0.000000000,-0.343089731,-0.048795996,0.258495130,0.037105875,0.437924131,0.342891275,0.057103648
4.501000000,0,4.501000000,sample,0.216534322,-0.000000459,0.216038806,0.216030965,0.000007841,7.840662231,0.000049004,1,1,2.000000000,0.080000000,2.000000000,0.005902642,0.002951321,0.002951321,0.039872444,0.039872444,-0.039872444,0.022097452,0.004437691,0.665057790,3,90.743139794,1,46.339087249,0.266749282,0.175964652,0.278087621,0.180062282,2.508670453,0.238248883,0.651658109,0.140000087,0.492446867,2.000000000,2.059734240,2.000000000,0.000000000,0.000000000,0.000000000,1.000000000,0.729724005,0.722624992,0.710920753,0.299551573,0.865246721,0.787720979,0.740542195,1,0,0,0.000000000,0.051703358,-0.208255228,0.158466723,-0.122620911,-0.016825176,0.125078313,0.303002635,12.123680560,0.006422621,-130.919063999,-0.107253524,142.886250230,44.838719705,0.000116314,0.001075239,0.004227309,-0.000176636,-0.000294475,-0.000270409,0.000679896,-0.680728193,0.000034124,0.673880000,0.000082333,-0.234652332,-0.000251317,0.165629361,-0.002009048,0.000000101,0.001988836,0.000000243,-0.000692534,-0.000000742,0.000488825,-1.361456386,0.000068248,1.347760000,0.000164667,-0.469304664,-0.000502635,0.331258722,-0.290518144,-0.077753096,0.293736338,0.045124341,0.450992030,0.346093601,0.058907961
4.551000000,0,4.551000000,sample,0.216534511,0.000003772,0.216034981,0.216035128,0.000000147,0.146992336,0.000000919,0,0,2.000000000,0.080000000,0.000000000,0.000000000,0.026457026,0.000000000,0.039886147,0.039886147,-0.039886147,0.026138028,0.027231495,0.971559803,1,59.904921357,0,0.000000000,0.272587453,0.178104741,0.273118965,0.180106926,2.346645821,0.038842803,0.469457859,0.158606093,0.376554756,0.000000000,0.376634493,2.000000000,0.000000000,0.000000000,0.000000000,1.000000000,0.772484420,0.711147995,0.690386435,0.000000000,0.883017769,0.783207507,0.737742973,1,0,0,0.000000000,0.050923383,-0.217495798,0.156225179,-0.124968347,-0.016411733,0.125836663,0.291932756,12.123391016,0.017955364,-130.919189918,-0.107378137,142.886512805,44.839784371,-0.021076706,0.000079770,0.016464757,-0.000587033,-0.004995167,0.000167456,-0.000952823,0.000000000,0.000000000,0.000000000,0.000000000,0.000000000,0.000000000,0.000000000,-0.018010070,0.000001665,0.017828889,0.000002181,-0.006208098,-0.000006657,0.004381986,0.000000000,0.000000000,0.000000000,0.000000000,0.000000000,0.000000000,0.000000000,-0.291382670,-0.052588266,0.255364358,0.031330892,0.449085384,0.342890093,0.059330984
4.601000000,0,4.601000000,sample,0.216534228,-0.000005662,0.216032902,0.216036652,0.000003751,3.750547429,0.000023441,1,1,2.000000000,0.080000000,2.000000000,0.027737260,0.013868630,0.013868630,0.037152575,0.037152575,-0.037152575,0.022095009,0.013918820,0.996394103,3,51.597020088,1,46.339288149,0.287280225,0.177624693,0.288250807,0.179693589,0.761250477,0.048495528,0.539165257,0.157974220,0.389237197,2.000000000,2.037528862,2.000000000,0.000000000,0.000000000,0.000000000,1.000000000,0.789744230,0.677404205,0.700806377,-0.302412620,1.021621413,0.791384005,0.736960515,1,0,0,0.000000000,0.050205566,-0.237071832,0.154292823,-0.126306469,-0.016431969,0.123803061,0.288633395,12.123277241,0.023076707,-130.918984633,-0.106942953,142.886184804,44.839110576,0.008776902,0.000025424,-0.009998036,0.000508809,0.003057815,-0.000318926,-0.002650909,0.680729668,-0.000075626,-0.673882396,-0.000082092,0.234644886,0.000250582,-0.165624081,0.009440788,-0.000001049,-0.009345825,-0.000001139,0.003254203,0.000003475,-0.002296979,1.361459337,-0.000151252,-1.347764793,-0.000164185,0.469289773,0.000501164,-0.331248162,-0.231368713,-0.064299551,0.351049454,0.038168417,0.432064660,0.344351743,0.059271611
4.651000000,0,4.651000000,sample,0.216534368,0.000002803,0.216038043,0.216031788,0.000006255,6.254519432,0.000039091,1,1,2.000000000,0.080000000,2.000000000,-0.069768125,0.034884063,-0.034884063,0.038256961,0.038256961,-0.038256961,0.025054873,0.039117654,0.891772884,3,60.014002938,1,46.339216432,0.283711687,0.174910277,0.291069951,0.178275037,4.773624436,0.624517733,0.400807886,0.102972835,0.319548854,2.000000000,2.025410210,2.000000000,0.000000000,0.000000000,0.000000000,1.000000000,0.688701382,0.764242598,0.731353362,0.320067234,0.989141787,0.863077563,0.788957795,1,0,0,0.000000000,0.050116354,-0.232024776,0.155387180,-0.123407568,-0.016298021,0.122876165,0.303205601,12.123377482,0.008620924,-130.919080110,-0.106720018,142.886498147,44.838444413,0.023555989,-0.000029972,-0.030303940,-0.000172779,-0.007464798,-0.000229884,-0.001081943,-0.680729142,0.000039519,0.673881301,0.000081922,-0.234648020,-0.000250061,0.165626278,0.023746598,-0.000001379,-0.023507718,-0.000002858,0.008185476,0.000008723,-0.005777717,-1.361458283,0.000079037,1.347762602,0.000163845,-0.469296040,-0.000500123,0.331252556,-0.392005136,-0.086049750,0.220211233,0.050696447,0.447002445,0.345590786,0.059142710
4.701000000,0,4.701000000,sample,0.216534178,-0.000003803,0.216037212,0.216032244,0.000004968,4.967728964,0.000031048,1,1,2.000000000,0.080000000,2.000000000,0.035888380,0.017944190,0.017944190,0.039723021,0.039723021,-0.039723021,0.021423478,0.019031423,0.942871677,1,52.743731834,1,46.339267320,0.270263375,0.176403655,0.284958995,0.179029799,0.455246624,0.187654267,0.525702830,0.175717793,0.382802845,2.000000000,2.036312050,2.000000000,0.000000000,0.000000000,0.000000000,1.000000000,0.790754895,0.777848252,0.717959000,0.280280114,0.852193337,0.812462432,0.746167782,1,0,0,0.000000000,0.049257139,-0.216688401,0.153825105,-0.123492208,-0.016242571,0.124916384,0.299573600,12.123281773,0.010563696,-130.918937355,-0.107255125,142.886312598,44.839179554,-0.013821548,-0.000408753,0.013038308,0.000393327,0.000552919,0.000016850,-0.000731174,-0.680729515,0.000044456,0.673882253,0.000082332,-0.234645485,-0.000251313,0.165624456,-0.012215140,0.000000798,0.012092271,0.000001477,-0.004210523,-0.000004510,0.002971997,-1.361459031,0.000088912,1.347764506,0.000164664,-0.469290970,-0.000502627,0.331248912,-0.398730775,-0.038489526,0.158115298,0.026360608,0.456634930,0.342743204,0.057565258
4.751000000,0,4.751000000,sample,0.216534188,0.000000203,0.216033453,0.216036012,0.000002558,2.558442564,0.000015990,1,1,2.000000000,0.080000000,2.000000000,-0.060735546,0.030367773,-0.030367773,0.036070524,0.036070524,-0.036070524,0.027592001,0.031689247,0.958298959,1,56.358728008,1,46.339315834,0.262606501,0.179644230,0.280242316,0.179644230,1.071829121,0.337891372,0.499453474,0.203846087,0.406828274,2.000000000,2.040980047,2.000000000,0.000000000,0.000000000,0.000000000,1.000000000,0.751409517,0.654600780,0.701916091,-0.267662275,0.973613389,0.880482318,0.807911130,1,0,0,0.000000000,0.048958279,-0.207763479,0.152969271,-0.125670779,-0.016162668,0.127348628,0.287238910,12.123186064,0.021438902,-130.918942136,-0.107427885,142.886311512,44.840048247,-0.023789895,0.000760455,0.020914238,0.000069104,0.000020632,0.000035470,0.000509146,0.680729872,-0.000071621,-0.673882772,-0.000082464,0.234643795,0.000251716,-0.165623265,-0.020672250,0.000002175,0.020464319,0.000002504,-0.007125609,-0.000007644,0.005029610,1.361459744,-0.000143241,-1.347765543,-0.000164928,0.469287589,0.000503433,-0.331246530,-0.167612684,-0.104871233,0.366328263,0.054475664,0.438667896,0.347210276,0.058700244
4.801000000,0,4.801000000,sample,0.216534130,-0.000001167,0.216033834,0.216035524,0.000001690,1.689841501,0.000010562,1,1,2.000000000,0.080000000,2.000000000,0.040978958,0.020489479,0.020489479,0.035884076,0.035884076,-0.035884076,0.023772093,0.021307844,0.961593249,1,54.208985092,1,46.339264057,0.263655524,0.178910904,0.265031864,0.180467981,0.637152934,0.139860631,0.558743094,0.144808403,0.410471870,2.000000000,2.041699449,2.000000000,0.000000000,0.000000000,0.000000000,1.000000000,0.892963892,0.661866266,0.717876728,-0.306361152,0.914633108,0.744921495,0.720191682,1,0,0,0.000000000,0.048963017,-0.208636472,0.153582815,-0.125727088,-0.016237352,0.126246424,0.288681059,12.123281773,0.020094976,-130.918896201,-0.106870153,142.886289805,44.838628451,0.015688273,0.000850273,-0.014323855,0.000023225,0.001200902,-0.000022909,0.000750521,0.680729491,-0.000068174,-0.673882327,-0.000082037,0.234645393,0.000250411,-0.165624377,0.013947793,-0.000001397,-0.013807498,-0.000001681,0.004807762,0.000005131,-0.003393557,1.361458983,-0.000136347,-1.347764654,-0.000164073,0.469290787,0.000500823,-0.331248754,-0.154317529,-0.042239233,0.432824524,0.022322841,0.426194640,0.341788903,0.058754071
4.851000000,0,4.851000000,sample,0.216533884,-0.000004908,0.216038222,0.216030662,0.000007559,7.559308822,0.000047246,1,1,2.000000000,0.080000000,2.000000000,-0.011389921,0.005694961,-0.005694961,0.035648810,0.035648810,-0.035648810,0.022634950,0.008394680,0.678401123,1,68.266413433,1,46.339191718,0.275576574,0.175185799,0.282176225,0.179129377,2.021717425,0.209106026,0.625409418,0.124712889,0.434757889,2.000000000,2.046706009,2.000000000,0.000000000,0.000000000,0.000000000,1.000000000,0.777216490,0.789259914,0.731583188,0.306146640,0.871983071,0.797900310,0.742404590,1,0,0,0.000000000,0.047727593,-0.224066344,0.153162654,-0.122714231,-0.016113567,0.123982396,0.304280991,12.123377482,0.006827028,-130.918703209,-0.107244495,142.886299102,44.839291129,0.006935978,0.000440491,-0.002884140,0.001158292,-0.002153877,-0.000024701,0.002805198,-0.680728960,0.000035131,0.673882014,0.000082325,-0.234647070,-0.000251290,0.165625467,0.003876725,-0.000000200,-0.003837732,-0.000000469,0.001336306,0.000001431,-0.000943231,-1.361457920,0.000070262,1.347764028,0.000164649,-0.469294141,-0.000502580,0.331250934,-0.416874872,-0.046116488,0.176662202,0.044651408,0.452752806,0.343113357,0.058201471
4.901000000,0,4.901000000,sample,0.216534191,0.000006131,0.216035204,0.216034276,0.000000928,0.928223491,0.000005801,0,0,2.000000000,0.080000000,0.000000000,0.000000000,0.022360600,0.000000000,0.035963925,0.035963925,-0.035963925,0.023338242,0.023906784,0.935324458,1,71.860214522,0,0.000000000,0.263612099,0.178787605,0.279330459,0.179145248,3.717364906,0.501146511,0.407012647,0.220961568,0.413456331,0.000000000,0.413496193,2.000000000,0.000000000,0.000000000,0.000000000,1.000000000,0.798361677,0.703024379,0.682395309,0.000000000,0.848585834,0.792291569,0.732092218,1,0,0,0.000000000,0.049446592,-0.208192291,0.153955654,-0.124642395,-0.016297415,0.127136443,0.292551815,12.123281773,0.016405674,-130.918947616,-0.107377998,142.886271707,44.840187790,-0.020265877,0.000151519,0.012672367,-0.000311040,0.000120751,0.000016706,0.000324159,0.000000000,0.000000000,0.000000000,0.000000000,0.000000000,0.000000000,0.000000000,-0.015221521,0.000001320,0.015068412,0.000001843,-0.005246810,-0.000005626,0.003703460,0.000000000,0.000000000,0.000000000,0.000000000,0.000000000,0.000000000,0.000000000,-0.282159778,-0.040402543,0.253683779,0.024523035,0.446462874,0.341533862,0.059038429
4.951000000,0,4.951000000,sample,0.216534210,0.000000373,0.216032508,0.216036973,0.000004466,4.465682126,0.000027911,1,1,2.000000000,0.080000000,2.000000000,0.015803561,0.007901781,0.007901781,0.032505773,0.032505773,-0.032505773,0.021568218,0.009496056,0.832111846,5,51.987693192,1,46.339391942,0.251614513,0.181088173,0.265085427,0.181167238,1.044306769,0.249034855,0.525762418,0.191014481,0.381606430,2.000000000,2.036080721,2.000000000,0.000000000,0.000000000,0.000000000,1.000000000,0.850941849,0.680793141,0.696753990,-0.301806296,0.902590249,0.779191404,0.732006771,1,0,0,0.000000000,0.047260134,-0.195928947,0.150625996,-0.126562990,-0.015690443,0.128563392,0.283118525,12.122978695,0.024097461,-130.918940562,-0.106881812,142.886579829,44.839306473,0.005032713,-0.000581911,-0.003862188,0.000254426,0.006846893,0.000238750,-0.001609375,0.680730431,-0.000078161,-0.673883536,-0.000082044,0.234641271,0.000250433,-0.165621432,0.005378983,-0.000000618,-0.005324880,-0.000000648,0.001854084,0.000001979,-0.001308704,1.361460862,-0.000156322,-1.347767072,-0.000164088,0.469282542,0.000500866,-0.331242864,-0.229522321,-0.034836809,0.351614809,0.029722683,0.430943100,0.343261736,0.059287749
5.000000000,0,5.000000000,disturb_auto_push,0.000000000,,0.000000000,0.000000000,0.000000000,0.000000000,0.000000000,0,0,0.000000000,0.000000000,0.000000000,0.000000000,0.000000000,0.000000000,0.000000000,0.000000000,0.000000000,0.000000000,0.038082280,0.000000000,3,49.410071383,0,0.000000000,0.000000000,0.000000000,0.000000000,0.000000000,1.650838423,0.695520139,0.000000000,0.000000000,0.000000000,0.000000000,0.000000000,0.000000000,0.000000000,0.000000000,0.000000000,1.000000000,0.000000000,0.000000000,0.000000000,0.000000000,0.000000000,0.000000000,0.000000000,0,0,0,0.000000000,0.000000000,0.000000000,0.000000000,0.000000000,0.000000000,0.000000000,0.299975055,12.123377482,0.008773780,-130.919075094,-0.106934433,142.886339827,44.838357840,0.025922382,0.000285430,-0.026768910,-0.000661255,-0.007814550,0.000109735,-0.000343090,0.000000000,0.000000000,0.000000000,0.000000000,0.000000000,0.000000000,0.000000000,0.000000000,0.000000000,0.000000000,0.000000000,0.000000000,0.000000000,0.000000000,0.000000000,0.000000000,0.000000000,0.000000000,0.000000000,0.000000000,0.000000000,0.000000000,0.000000000,0.000000000,0.000000000,0.000000000,0.000000000,0.000000000
5.000000000,0,5.000000000,sample,0.216534348,0.000002818,0.216037985,0.216031812,0.000006173,6.172870951,0.000038580,1,1,2.000000000,0.080000000,2.000000000,-0.067816859,0.033908429,-0.033908429,0.039416246,0.039416246,-0.039416246,0.023135128,0.038082280,0.890399132,3,49.410071383,1,46.339232757,0.260974489,0.176851167,0.263798754,0.180981478,1.650838423,0.695520139,0.480684021,0.067309230,0.365435029,2.000000000,2.033150690,2.000000000,0.000000000,0.000000000,0.000000000,1.000000000,0.765028008,0.748484416,0.716294708,0.319496224,0.957067861,0.752446061,0.724352555,1,0,0,0.000000000,0.050507246,-0.203339442,0.155594902,-0.123310170,-0.016447735,0.125699679,0.299975055,12.123377482,0.008773780,-130.919075094,-0.106934433,142.886339827,44.838357840,0.025922382,0.000285430,-0.026768910,-0.000661255,-0.007814550,0.000109735,-0.000343090,-0.680729262,0.000039936,0.673881529,0.000082087,-0.234647336,-0.000250564,0.165625823,0.023082460,-0.000001354,-0.022850264,-0.000002783,0.007956523,0.000008496,-0.005616112,-1.361458523,0.000079872,1.347763059,0.000164173,-0.469294672,-0.000501128,0.331251646,-0.351391013,-0.051774525,0.259675220,0.037436929,0.443639455,0.343499283,0.057283481
5.050000000,0,5.050000000,sample,0.216534217,-0.000002602,0.216036683,0.216032841,0.000003841,3.841430953,0.000024009,1,1,2.000000000,0.080000000,2.000000000,0.032191978,0.016095989,0.016095989,0.040206447,0.040206447,-0.040206447,0.025249507,0.017141314,0.939017215,1,68.771982318,1,46.339246726,0.264146805,0.177779377,0.274127370,0.180124514,2.265606182,0.365992671,0.459489893,0.203044378,0.399714617,2.000000000,2.037321096,2.000000000,0.001541333,0.030826663,0.003340625,1.000000000,0.782708119,0.780120901,0.721308403,0.286765472,0.822721880,0.820388467,0.753886143,1,0,0,0.000000000,0.048575389,-0.209328106,0.153608952,-0.123899938,-0.016049093,0.126478215,0.297086583,12.123281773,0.012167808,-130.918952689,-0.107137779,142.886521711,44.839729447,-0.014215099,0.000718141,0.009516943,-0.000022403,0.000448288,0.000122811,0.000671667,-0.680729364,0.000048439,0.673881941,0.000082242,-0.234646391,-0.000251038,0.165625063,-0.010957012,0.000000780,0.010846796,0.000001324,-0.003776866,-0.000004041,0.002665899,-1.361458728,0.000096878,1.347763882,0.000164485,-0.469292783,-0.000502077,0.331250126,-0.403011477,-0.041773919,0.163116858,0.029183600,0.456136241,0.342389899,0.058074059
5.100000000,0,5.100000000,sample,0.216534255,0.000000742,0.216032112,0.216037474,0.000005362,5.361948149,0.000033512,1,1,2.000000000,0.080000000,2.000000000,-0.054665319,0.027332660,-0.027332660,0.037537660,0.037537660,-0.037537660,0.028579472,0.029090920,0.939559823,1,58.448862121,1,46.339298982,0.273968835,0.179271059,0.274892437,0.180178733,1.435008362,0.434070712,0.479972939,0.215943862,0.379613203,2.000000000,2.044374176,2.000000000,0.006155830,0.123116594,0.013341820,1.000000000,0.871026858,0.652612427,0.706246181,-0.273208341,0.926113026,0.783103811,0.728584599,1,0,0,0.000000000,0.048628016,-0.222047607,0.152934951,-0.126569132,-0.016010171,0.125944599,0.284552828,12.123186064,0.025465346,-130.918982904,-0.107343010,142.886512055,44.839827455,-0.022240548,-0.000367428,0.018655998,0.000537723,0.001765677,0.000079980,0.000212650,0.680729748,-0.000081653,-0.673882441,-0.000082399,0.234644676,0.000251518,-0.165623868,-0.018606154,0.000002232,0.018418999,0.000002252,-0.006413463,-0.000006875,0.004526941,1.361459496,-0.000163306,-1.347764882,-0.000164799,0.469289352,0.000503035,-0.331247736,-0.131699822,-0.057107903,0.409461492,0.032333401,0.433989444,0.343223524,0.057655233
5.150000000,0,5.150000000,sample,0.216534224,-0.000000606,0.216034840,0.216034690,0.000000149,0.149369785,0.000000934,0,0,2.000000000,0.080000000,0.000000000,0.000000000,0.028719969,0.000000000,0.040839688,0.040839688,-0.040839688,0.024555668,0.028967699,0.991448048,1,54.370840728,0,0.000000000,0.286158847,0.176348842,0.286809519,0.179572991,1.528688707,0.379626387,0.622199647,0.113053139,0.451819921,0.000000000,0.437103225,2.000000000,0.013815040,0.276300796,0.029941678,1.000000000,0.903463975,0.761387118,0.710557679,0.000000000,0.966932023,0.819606357,0.753777946,1,0,0,0.000000000,0.048934149,-0.237400239,0.152096881,-0.125240739,-0.016064495,0.123108096,0.294567654,12.123074404,0.017423904,-130.918970313,-0.106747023,142.886329828,44.838666965,0.021359792,-0.000423042,-0.018198538,0.000424025,0.003944066,0.000124603,-0.005980814,0.000000000,0.000000000,0.000000000,0.000000000,0.000000000,0.000000000,0.000000000,0.019550553,-0.000001766,-0.019353908,-0.000002353,0.006738908,0.000007183,-0.004756657,0.000000000,0.000000000,0.000000000,0.000000000,0.000000000,0.000000000,0.000000000,-0.374459664,0.018193912,0.234657084,-0.000713091,0.439096808,0.335992639,0.059830114
5.200000000,0,5.200000000,sample,0.216534355,0.000002605,0.216037635,0.216032182,0.000005453,5.453293052,0.000034083,1,1,2.000000000,0.080000000,2.000000000,0.021164355,0.010582178,0.010582178,0.036370545,0.036370545,-0.036370545,0.020569231,0.011451748,0.924066611,1,72.447744923,1,46.339176870,0.283388207,0.175478200,0.291006266,0.178443368,2.540578970,0.472277039,0.476371758,0.207952412,0.406486935,2.000000000,2.005786994,2.000000000,0.024471742,0.489434837,0.053039978,1.000000000,0.951881856,0.717843970,0.695581635,0.286527476,0.953435979,0.827872501,0.765336874,1,0,0,0.000000000,0.051073023,-0.230537953,0.156692931,-0.123364097,-0.016576431,0.123689613,0.301803938,12.123490646,0.009857392,-130.919080354,-0.107216421,142.886330824,44.839461279,-0.009747297,0.000301649,0.004805755,-0.000066168,-0.000504977,0.000037086,0.003561698,-0.680728851,0.000042688,0.673880913,0.000082304,-0.234649310,-0.000251227,0.165627220,-0.007203594,0.000000452,0.007131128,0.000000871,-0.002483101,-0.000002659,0.001752697,-1.361457702,0.000085376,1.347761826,0.000164608,-0.469298620,-0.000502454,0.331254440,-0.226076121,0.020749325,0.338981473,0.000319672,0.448274527,0.336401552,0.057168757
5.250000000,0,5.250000000,sample,0.216534370,0.000000310,0.216035588,0.216034217,0.000001372,1.371638472,0.000008573,1,1,2.000000000,0.080000000,2.000000000,0.043864769,0.021932384,0.021932384,0.044770108,0.044770108,-0.044770108,0.025075969,0.022626614,0.969318002,1,57.701223097,1,46.339416084,0.288769539,0.176035332,0.295155046,0.177481862,1.070298227,0.213937464,0.528368358,0.182891739,0.389647080,2.000000000,1.979355136,2.000000000,0.038060234,0.761204675,0.082488230,1.000000000,0.819986788,0.680494200,0.673182196,0.254529800,0.943946209,0.772223283,0.716430242,1,0,0,0.000000000,0.048834737,-0.240854469,0.151631594,-0.124502166,-0.015882157,0.123431786,0.296742020,12.122978695,0.015769378,-130.919075447,-0.107393668,142.886514998,44.840064418,-0.017187475,-0.000677928,0.014639414,-0.000360444,-0.001041220,0.000133674,0.000741899,-0.680730608,0.000057468,0.673883479,0.000082437,-0.234641005,-0.000251632,0.165621320,-0.014930045,0.000001260,0.014779871,0.000001808,-0.005146237,-0.000005519,0.003632470,-1.361461216,0.000114935,1.347766957,0.000164874,-0.469282011,-0.000503265,0.331242640,-0.225895911,-0.040516400,0.290297136,0.023177466,0.442519896,0.341884741,0.054635814
5.300000000,0,5.300000000,sample,0.216534258,-0.000002232,0.216032346,0.216037233,0.000004887,4.887283933,0.000030546,1,1,2.000000000,0.080000000,2.000000000,-0.030189627,0.015094814,-0.015094814,0.043891688,0.043891688,-0.043891688,0.030651128,0.017590727,0.858112007,1,72.301467989,1,46.339400738,0.289839278,0.177431665,0.313980259,0.177431665,3.153362290,0.270558983,0.456236950,0.191345060,0.369729975,2.000000000,2.112876878,2.000000000,0.054496738,1.089934758,0.118111311,1.000000000,0.922055595,0.651608098,0.700715881,-0.271356773,0.922055595,0.826505961,0.769879763,1,0,0,0.000000000,0.047976130,-0.242725216,0.150962139,-0.126297824,-0.015770004,0.123621044,0.287484087,12.122978695,0.024818647,-130.918983079,-0.107569685,142.886545704,44.839984255,-0.014957442,0.000290760,0.008509202,0.000192027,0.001063993,0.000366566,-0.003451696,0.680730495,-0.000080076,-0.673883537,-0.000082572,0.234641131,0.000252045,-0.165621359,-0.010275500,0.000001209,0.010172146,0.000001246,-0.003541864,-0.000003805,0.002500024,1.361460991,-0.000160153,-1.347767073,-0.000165144,0.469282262,0.000504089,-0.331242718,-0.126039565,-0.031219828,0.411320125,0.017360590,0.429426098,0.342268528,0.055695085
5.350000000,0,5.350000000,sample,0.216533972,-0.000005723,0.216037693,0.216031358,0.000006335,6.335167608,0.000039595,1,1,2.000000000,0.080000000,2.000000000,-0.078792001,0.039396000,-0.039396000,0.041281468,0.041281468,-0.041281468,0.025873479,0.043006052,0.916057130,1,52.371551938,1,46.339182215,0.300024103,0.172839012,0.315065856,0.177828324,0.201074673,0.887117979,0.606477903,0.031088755,0.469019185,2.000000000,1.930540490,2.000000000,0.073679918,1.473598356,0.159692134,1.000000000,0.779982377,0.724524795,0.704934393,0.312069273,0.925947851,0.784867362,0.736285410,1,0,0,0.000000000,0.047789078,-0.253425736,0.153316871,-0.123225475,-0.016025771,0.120133180,0.305615319,12.123377482,0.008551357,-130.918761271,-0.107001608,142.886453509,44.838268328,0.031122702,0.000182196,-0.028694141,0.000254764,-0.006944276,0.000062679,-0.003036309,-0.680728890,0.000039393,0.673881729,0.000082138,-0.234647752,-0.000250721,0.165625946,0.026817996,-0.000001552,-0.026548245,-0.000003236,0.009244183,0.000009877,-0.006525000,-1.361457781,0.000078785,1.347763459,0.000164277,-0.469295504,-0.000501442,0.331251892,-0.335365827,-0.046339268,0.262026321,0.030103923,0.437316725,0.343410221,0.059786254
5.400000000,0,5.400000000,sample,0.216534342,0.000007401,0.216038217,0.216031560,0.000006657,6.657217320,0.000041608,1,1,2.000000000,0.080000000,2.000000000,0.020518570,0.010259285,0.010259285,0.045038620,0.045038620,-0.045038620,0.026375733,0.010330399,0.993116048,1,49.476098142,1,46.339270293,0.324017724,0.171409807,0.328033468,0.175728107,0.331804822,0.018628180,0.640694559,0.148990523,0.457313119,2.000000000,1.899815745,2.000000000,0.095491503,1.909830056,0.206964434,1.000000000,0.758328906,0.723204527,0.693735310,0.274273415,0.819611774,0.807545079,0.750357828,1,0,0,0.000000000,0.050195553,-0.280354379,0.154496970,-0.122967489,-0.016254248,0.118305190,0.308989233,12.123281773,0.008132232,-130.919064616,-0.107275199,142.886431467,44.839622787,-0.007266325,-0.000630494,0.006819977,-0.000727347,-0.002308990,-0.000166494,0.001058240,-0.680729537,0.000038393,0.673881941,0.000082348,-0.234646024,-0.000251361,0.165624873,-0.006983798,0.000000394,0.006913547,0.000000845,-0.002407300,-0.000002579,0.001699193,-1.361459075,0.000076785,1.347763882,0.000164696,-0.469292047,-0.000502721,0.331249747,-0.330709185,-0.053354278,0.214359848,0.032755466,0.448673059,0.342100205,0.060747905
5.450000000,0,5.450000000,sample,0.216534225,-0.000002350,0.216033966,0.216035583,0.000001617,1.616977418,0.000010106,1,1,2.000000000,0.080000000,2.000000000,-0.054320810,0.027160405,-0.027160405,0.040734517,0.040734517,-0.040734517,0.023939962,0.028753063,0.944609092,3,57.651351289,1,46.339217820,0.339384807,0.173041676,0.339384807,0.175309924,2.265457946,0.331223327,0.778497357,0.169067223,0.567689046,2.000000000,2.223137014,2.000000000,0.119797017,2.395940344,0.259645353,1.000000000,0.782876243,0.709692635,0.683854354,-0.270111733,0.853235833,0.798941309,0.752371099,1,0,0,0.000000000,0.050096848,-0.297807911,0.154863816,-0.125424974,-0.016349427,0.118087652,0.298376840,12.123377482,0.020069665,-130.918968914,-0.107352367,142.886351102,44.840525881,-0.018677522,0.000308158,0.021831766,0.000402578,0.000577489,0.000228042,-0.000787589,0.680729152,-0.000068192,-0.673881631,-0.000082408,0.234647373,0.000251543,-0.165625796,-0.018488879,0.000001852,0.018302898,0.000002238,-0.006373118,-0.000006832,0.004498464,1.361458304,-0.000136385,-1.347763263,-0.000164815,0.469294746,0.000503086,-0.331251592,-0.333582963,-0.042275325,0.201934631,0.029287582,0.438373307,0.342361411,0.059784046
5.500000000,0,5.500000000,sample,0.216534380,0.000003111,0.216031786,0.216038053,0.000006267,6.267081034,0.000039169,1,1,2.000000000,0.080000000,2.000000000,-0.030239497,0.015119749,-0.015119749,0.041039426,0.041039426,-0.041039426,0.022367180,0.016397861,0.922056161,1,71.324954765,1,46.339328756,0.343965914,0.174326618,0.343965914,0.174449855,3.026759102,0.506764749,0.612940213,0.215197481,0.486227044,2.000000000,2.269219995,2.000000000,0.146446609,2.928932188,0.317400330,1.000000000,0.925540184,0.634992084,0.713232365,-0.287075654,0.979627971,0.826724085,0.769840569,1,0,0,0.000000000,0.050540406,-0.303421125,0.153928029,-0.126812573,-0.016281666,0.118504213,0.291961374,12.123186064,0.026776558,-130.919097254,-0.107385339,142.886363285,44.841110942,-0.013848666,0.000758626,0.008321891,-0.001791553,0.000901992,0.000223430,0.001789336,0.680729967,-0.000084932,-0.673882518,-0.000082432,0.234644065,0.000251617,-0.165623519,-0.010292466,0.000001284,0.010188934,0.000001246,-0.003547759,-0.000003804,0.002504186,1.361459933,-0.000169864,-1.347765036,-0.000164863,0.469288129,0.000503234,-0.331247038,-0.112253812,-0.042990858,0.443753157,0.026148988,0.419386256,0.342102325,0.061088525
5.550000000,0,5.550000000,sample,0.216534134,-0.000004931,0.216034453,0.216034887,0.000000433,0.433290294,0.000002708,0,0,2.000000000,0.080000000,0.000000000,0.000000000,0.029469350,0.000000000,0.044111440,0.044111440,-0.044111440,0.024395294,0.031038830,0.949434963,1,69.253336557,0,0.000000000,0.381863527,0.169146700,0.381863527,0.174153603,4.276389310,0.714542164,0.961497145,0.081627347,0.759559335,0.000000000,0.596915198,2.000000000,0.175275976,3.505519517,0.379876751,1.000000000,0.801774549,0.713617660,0.697401478,0.000000000,0.932623918,0.731993308,0.722746962,1,0,0,0.000000000,0.048103286,-0.347657623,0.150465957,-0.125260758,-0.015773385,0.112567975,0.305560727,12.122978695,0.018308402,-130.918887371,-0.107016881,142.886452249,44.840200685,0.025830076,0.000429977,-0.016982863,0.000554487,-0.000024181,0.000111488,-0.002700580,0.000000000,0.000000000,0.000000000,0.000000000,0.000000000,0.000000000,0.000000000,0.020060685,-0.000001878,-0.019858917,-0.000002421,0.006914709,0.000007389,-0.004880744,0.000000000,0.000000000,0.000000000,0.000000000,0.000000000,0.000000000,0.000000000,-0.345150878,-0.034979749,0.250050967,0.034587947,0.426261157,0.341952115,0.060534913
5.600000000,0,5.600000000,sample,0.216534062,-0.000001434,0.216038626,0.216030588,0.000008038,8.037512619,0.000050234,1,1,2.000000000,0.080000000,2.000000000,-0.015310294,0.007655147,-0.007655147,0.044983484,0.044983484,-0.044983484,0.021456805,0.011761345,0.650873409,3,37.180948267,1,46.339359790,0.413105170,0.164694201,0.415480105,0.168503105,0.884780036,0.341386483,0.784435335,0.159804212,0.507488023,2.000000000,1.736698835,2.000000000,0.206107374,4.122147477,0.446701492,1.000000000,0.789228248,0.669645001,0.690100910,0.286337227,1.061971065,0.807006200,0.757487265,1,0,0,0.000000000,0.048697005,-0.381317787,0.151265423,-0.122557737,-0.015935687,0.108856946,0.321962113,12.123074404,0.006139617,-130.918846446,-0.107254738,142.886330232,44.841182986,0.006449236,-0.000509630,-0.007171619,0.000405814,-0.002224616,0.000223104,0.006315170,-0.680730195,0.000033417,0.673883476,0.000082331,-0.234641848,-0.000251308,0.165621843,0.005211090,-0.000000256,-0.005158677,-0.000000630,0.001796218,0.000001924,-0.001267860,-1.361460389,0.000066833,1.347766952,0.000164661,-0.469283697,-0.000502617,0.331243685,-0.234968908,-0.060902605,0.323722213,0.037043095,0.435051893,0.343418790,0.062808234
5.650000000,0,5.650000000,sample,0.216534354,0.000005832,0.216037667,0.216032106,0.000005560,5.560208391,0.000034751,1,1,2.000000000,0.080000000,2.000000000,0.032475015,0.016237507,0.016237507,0.045326059,0.045326059,-0.045326059,0.027739470,0.017130484,0.947872084,1,52.896628931,1,46.339475995,0.435924251,0.164148601,0.456069246,0.166661646,0.735859391,0.177029748,0.853308189,0.164972036,0.590562272,2.000000000,1.694554939,2.000000000,0.238750718,4.775014353,0.517442110,1.000000000,0.868751489,0.619432083,0.665217194,0.231095676,0.871503216,0.797973302,0.761924437,1,0,0,0.000000000,0.049805584,-0.405931930,0.150892759,-0.123212059,-0.015896008,0.107288716,0.320867079,12.122882986,0.009737012,-130.919073827,-0.107418830,142.886410741,44.842168233,-0.012459013,-0.001670060,0.011626311,-0.000402211,0.000273967,-0.000148759,-0.000085534,-0.680731048,0.000042420,0.673884156,0.000082456,-0.234638847,-0.000251689,0.165619816,-0.011053375,0.000000689,0.010942199,0.000001339,-0.003809950,-0.000004087,0.002689253,-1.361462096,0.000084840,1.347768313,0.000164911,-0.469277693,-0.000503379,0.331239632,-0.140684829,-0.045315555,0.335801685,0.025141812,0.431532809,0.342239306,0.062649853
5.700000000,0,5.700000000,sample,0.216534316,-0.000000760,0.216036594,0.216033121,0.000003473,3.472714422,0.000021704,1,1,2.000000000,0.080000000,2.000000000,0.033220766,0.016610383,0.016610383,0.041683299,0.041683299,-0.041683299,0.020288982,0.018159809,0.914678258,1,82.358861860,1,46.339312919,0.445945766,0.166626666,0.463902948,0.168908099,4.733356901,0.522881284,0.664941534,0.203989562,0.444620220,2.000000000,1.661523790,2.000000000,0.273004750,5.460095003,0.591695035,1.000000000,1.038393821,0.601216185,0.731895575,0.233706741,1.038393821,0.739012037,0.736920723,1,0,0,0.000000000,0.050336023,-0.415697937,0.153392099,-0.123713325,-0.016114918,0.110452562,0.318755798,12.123186064,0.012779974,-130.919037271,-0.107627531,142.886453610,44.846362593,-0.016480351,-0.001136498,0.007411227,-0.000154325,-0.001179561,0.000110339,0.000729003,-0.680729850,0.000050049,0.673882468,0.000082618,-0.234644414,-0.000252184,0.165623719,-0.011307183,0.000000831,0.011193446,0.000001372,-0.003897534,-0.000004189,0.002751073,-1.361459701,0.000100098,1.347764936,0.000165235,-0.469288828,-0.000504368,0.331247439,0.012415222,-0.044073596,0.488501490,0.021355564,0.416784297,0.341299696,0.065498963
5.750000000,0,5.750000000,sample,0.216534629,0.000006268,0.216035855,0.216034488,0.000001368,1.367976231,0.000008550,1,1,2.000000000,0.080000000,2.000000000,0.028860661,0.014430330,0.014430330,0.045213237,0.045213237,-0.045213237,0.020651047,0.015903693,0.907357193,3,41.254612501,1,46.339241340,0.493498880,0.165685453,0.494292057,0.168119726,1.273010604,0.443054165,1.041388724,0.199427845,0.713689143,2.000000000,1.627367571,2.000000000,0.308658284,6.173165676,0.668978975,1.000000000,0.858858621,0.613166458,0.652058007,0.251290781,1.066317580,0.768695323,0.744090944,1,0,0,0.000000000,0.053079070,-0.464914407,0.156774841,-0.124316121,-0.016514289,0.108279498,0.320885869,12.123377426,0.015819922,-130.919287492,-0.107668618,142.886498909,44.849324292,-0.009187692,0.000996625,0.010214903,-0.000707898,0.000078632,-0.000192491,0.007914033,-0.680729325,0.000057642,0.673881062,0.000082651,-0.234648073,-0.000252284,0.165626412,-0.009823149,0.000000832,0.009724326,0.000001193,-0.003386049,-0.000003641,0.002390044,-1.361458649,0.000115284,1.347762125,0.000165301,-0.469296146,-0.000504569,0.331252824,-0.208747656,-0.031307647,0.290588265,0.021101951,0.416764156,0.342684965,0.067909590
5.800000000,0,5.800000000,sample,0.216534113,-0.000010326,0.216032789,0.216036531,0.000003742,3.741623923,0.000023385,1,1,2.000000000,0.080000000,2.000000000,-0.024513096,0.012256548,-0.012256548,0.041479886,0.041479886,-0.041479886,0.018718902,0.014280045,0.858298970,1,71.296395353,1,46.339319715,0.523812647,0.168117025,0.526828275,0.168210381,3.318430433,0.059870787,0.883329332,0.145109769,0.608106082,2.000000000,2.540075277,2.000000000,0.345491503,6.909830056,0.748798654,1.000000000,0.894507931,0.589232237,0.666572283,-0.275104809,0.894507931,0.724616731,0.718443054,1,0,0,0.000000000,0.050480574,-0.498492468,0.152763414,-0.125833015,-0.016213467,0.110301904,0.316791020,12.123186231,0.023188936,-130.918888693,-0.107699454,142.886211917,44.854481413,-0.012057669,-0.000518772,0.005961246,0.000838757,-0.002783029,-0.000427521,-0.003754355,0.680729900,-0.000076033,-0.673882971,-0.000082673,0.234643358,0.000252353,-0.165622951,-0.008343399,0.000000932,0.008259479,0.000001013,-0.002875918,-0.000003093,0.002029966,1.361459801,-0.000152066,-1.347765943,-0.000165345,0.469286716,0.000504705,-0.331245901,-0.157937974,-0.035614442,0.371161898,0.016562013,0.399165922,0.340803213,0.067750264
5.850000000,0,5.850000000,sample,0.216533921,-0.000003830,0.216034363,0.216034565,0.000000202,0.202164184,0.000001264,0,0,2.000000000,0.080000000,0.000000000,0.000000000,0.016335095,0.000000000,0.050541659,0.050541659,-0.050541659,0.023300252,0.018080586,0.903460484,1,80.893594246,0,0.000000000,0.563276160,0.165392363,0.563801999,0.167593424,4.539865484,0.717693522,1.347995654,0.095535788,1.071058302,0.000000000,0.820277865,2.000000000,0.383277318,7.665546361,0.830694772,1.000000000,0.822134177,0.713583313,0.710353557,0.000000000,0.906459179,0.713583313,0.710353557,1,0,0,0.000000000,0.047900567,-0.540523387,0.151063019,-0.125006996,-0.015668061,0.107155944,0.326692828,12.123196209,0.018017009,-130.918704777,-0.107267112,142.886580088,44.855836036,0.016261836,0.000686776,-0.007319310,0.000361200,-0.000571847,0.000079551,-0.002820022,0.000000000,0.000000000,0.000000000,0.000000000,0.000000000,0.000000000,0.000000000,0.011119779,-0.000001030,-0.011007936,-0.000001345,0.003832949,0.000004106,-0.002705484,0.000000000,0.000000000,0.000000000,0.000000000,0.000000000,0.000000000,0.000000000,-0.449094989,-0.026311946,0.126957172,0.028197978,0.404718192,0.341838468,0.068263789
5.900000000,0,5.900000000,sample,0.216533854,-0.000001350,0.216038151,0.216030664,0.000007487,7.486958280,0.000046793,1,1,2.000000000,0.080000000,2.000000000,-0.057897870,0.028948935,-0.028948935,0.035447746,0.035447746,-0.035447746,0.017138081,0.033325883,0.868662203,1,58.095752380,1,46.339232765,0.581957945,0.163558303,0.581957945,0.168141295,1.886364166,0.553795812,1.254754543,0.066776741,0.924583707,2.000000000,1.451948024,2.000000000,0.421782767,8.435655350,0.914157637,1.000000000,0.795863619,0.646106530,0.677888053,0.310016256,0.966732931,0.713450531,0.711282705,1,0,0,0.000000000,0.048925557,-0.559614696,0.152028719,-0.122494951,-0.015946100,0.107200874,0.340339211,12.123281773,0.006985857,-130.918675260,-0.107573944,142.886337608,44.858986495,0.025401178,0.000972915,-0.020323886,0.000985884,-0.005692304,-0.000155823,0.004241361,-0.680729262,0.000035583,0.673882520,0.000082577,-0.234645526,-0.000252060,0.165624356,0.019706387,-0.000001030,-0.019508181,-0.000002391,0.006792738,0.000007297,-0.004794649,-1.361458523,0.000071165,1.347765040,0.000165154,-0.469291052,-0.000504121,0.331248711,-0.308204863,-0.044376428,0.272910569,0.033335493,0.405493058,0.343083347,0.069645318
5.950000000,0,5.950000000,sample,0.216534139,0.000005711,0.216037322,0.216032080,0.000005242,5.242035797,0.000032763,1,1,2.000000000,0.080000000,2.000000000,0.008886086,0.004443043,0.004443043,0.031018650,0.031018650,-0.031018650,0.013778745,0.005906635,0.752212226,3,36.107516698,1,46.339116244,0.626664924,0.163398068,0.626664924,0.168100263,2.173797354,0.245061723,1.292544239,0.151192168,0.958041935,2.000000000,1.440131276,2.000000000,0.460770452,9.215409043,0.998683094,1.000000000,0.757564901,0.655241188,0.674271037,0.281494287,0.896958685,0.671883411,0.687076371,1,0,0,0.000000000,0.052342582,-0.604536582,0.156539777,-0.122982965,-0.016565696,0.106300031,0.341777401,12.123584851,0.010272252,-130.918910360,-0.107884582,142.886256078,44.862984500,-0.003476723,0.002625353,0.003549269,-0.001218317,0.000460453,-0.000213512,-0.001252612,-0.680728406,0.000043836,0.673880695,0.000082817,-0.234650620,-0.000252794,0.165628078,-0.003024505,0.000000195,0.002994081,0.000000368,-0.001042563,-0.000001123,0.000735893,-1.361456812,0.000087672,1.347761390,0.000165634,-0.469301240,-0.000505588,0.331256155,-0.345673776,-0.056081801,0.194495856,0.044408606,0.410894944,0.344163583,0.070156355
6.000000000,0,6.000000000,sample,0.216534144,0.000000089,0.216034243,0.216035159,0.000000916,0.915884262,0.000005724,0,0,2.000000000,0.080000000,0.000000000,0.000000000,0.009008403,0.000000000,0.016993746,0.013315583,-0.013315583,0.010272190,0.009206840,0.978446784,3,55.211221702,0,0.000000000,0.676971511,0.164683932,0.676971511,0.167628108,1.291833768,0.125725850,1.330325653,0.151046956,0.947807751,0.000000000,0.909887460,2.000000000,0.500000000,10.000000000,1.083717675,1.000000000,0.771394533,0.580527857,0.646639516,0.000000000,0.856743216,0.648167212,0.688587207,1,0,0,0.000000000,0.051758981,-0.656510143,0.156862571,-0.125012727,-0.016373089,0.105945918,0.338106868,12.123680560,0.019096251,-130.918889293,-0.107574212,142.886532981,44.867339851,0.005515680,0.001487553,-0.006841074,-0.000472149,0.001849742,0.000290091,-0.001265485,0.000000000,0.000000000,0.000000000,0.000000000,0.000000000,0.000000000,0.000000000,0.006132270,-0.000000593,-0.006070581,-0.000000744,0.002113853,0.000002271,-0.001492062,0.000000000,0.000000000,0.000000000,0.000000000,0.000000000,0.000000000,0.000000000,-0.232196436,-0.071712378,0.268044225,0.039280418,0.400497168,0.346509123,0.072302153
6.050000000,0,6.050000000,sample,0.216534480,0.000006731,0.216034190,0.216035892,0.000001702,1.701557720,0.000010635,1,1,2.000000000,0.080000000,2.000000000,-0.006050922,0.003025461,-0.003025461,0.035262517,0.035262517,-0.035262517,0.011351067,0.006006210,0.503722110,5,39.702126514,1,46.339112902,0.698844523,0.167277460,0.698844523,0.167655384,1.420794319,0.426222847,1.370936903,0.199931361,0.950353583,2.000000000,2.857304689,2.000000000,0.539229548,10.784590957,1.168745425,1.000000000,0.598334988,0.576070531,0.673841862,-0.287269193,0.980605616,0.610347715,0.680629426,1,0,0,0.000000000,0.055774096,-0.678114795,0.159478034,-0.125066456,-0.017049487,0.109769965,0.339235750,12.123680576,0.020275074,-130.919191944,-0.107859736,142.886148643,44.873672415,-0.003767792,0.001580617,0.001668960,-0.000272102,0.003784491,-0.000611049,0.001350829,0.680728381,-0.000068792,-0.673879992,-0.000082799,0.234651939,0.000252738,-0.165629163,-0.002059517,0.000000208,0.002038798,0.000000251,-0.000709930,-0.000000765,0.000501105,1.361456762,-0.000137584,-1.347759983,-0.000165597,0.469303878,0.000505476,-0.331258326,-0.277130023,-0.152823549,0.262112471,0.083991847,0.384797783,0.352844790,0.074702142
6.100000000,0,6.100000000,sample,0.216534336,-0.000002885,0.216035592,0.216034194,0.000001397,1.397355096,0.000008733,1,1,2.000000000,0.080000000,2.000000000,0.011373190,0.005686595,0.005686595,0.035955974,0.035955974,-0.035955974,0.010804116,0.009454293,0.601482827,7,75.777367003,1,46.339130042,0.711908521,0.167878050,0.711908521,0.167878050,0.743645571,0.453085167,1.445095803,0.197309422,0.978199125,2.000000000,1.285843420,2.000000000,0.578217233,11.564344650,1.253240560,1.000000000,0.766930091,0.569885488,0.651176887,0.293149744,1.000729753,0.642744437,0.672361771,1,0,0,0.000000000,0.053964576,-0.692166682,0.157501909,-0.123908466,-0.016659564,0.112036559,0.345402779,12.123584851,0.015870751,-130.919063799,-0.108232677,142.886299352,44.878098401,-0.002984980,0.001212319,0.003342992,-0.000101933,-0.000165092,0.000240859,0.008229981,-0.680728507,0.000057865,0.673880457,0.000083085,-0.234650847,-0.000253610,0.165628302,-0.003871027,0.000000329,0.003832085,0.000000472,-0.001334364,-0.000001442,0.000941861,-1.361457014,0.000115729,1.347760915,0.000166169,-0.469301693,-0.000507220,0.331256603,-0.276381681,-0.068953025,0.268763072,0.049378401,0.376063548,0.348346260,0.073819113
6.150000000,0,6.150000000,sample,0.216534234,-0.000002043,0.216037879,0.216031671,0.000006208,6.207773395,0.000038799,1,1,2.000000000,0.080000000,2.000000000,0.007602458,0.003801229,0.003801229,0.036240239,0.036240239,-0.036240239,0.009299854,0.004152004,0.915516819,1,63.179039553,1,46.339368200,0.709915142,0.170657243,0.749315689,0.171287493,0.925456140,0.172411671,1.378693311,0.165499686,0.947256445,2.000000000,1.209995341,2.000000000,0.616722682,12.334453639,1.336645035,1.000000000,0.873296057,0.530684450,0.636132376,0.264534419,0.921636477,0.627469040,0.673118296,1,0,0,0.000000000,0.051315116,-0.691542312,0.152037821,-0.122411730,-0.015937894,0.117835675,0.352591065,12.123074404,0.008946946,-130.918977813,-0.108285325,142.886400856,44.884359231,-0.003300230,-0.000078296,0.001845926,0.000696594,-0.000281734,0.000432471,0.001477293,-0.680730256,0.000040595,0.673883228,0.000083122,-0.234642179,-0.000253723,0.165622123,-0.002587612,0.000000154,0.002561585,0.000000316,-0.000891929,-0.000000964,0.000629568,-1.361460513,0.000081191,1.347766457,0.000166244,-0.469284358,-0.000507447,0.331244246,-0.175405349,-0.043244384,0.326974741,0.023716480,0.374866819,0.343543550,0.077492139
6.200000000,0,6.200000000,sample,0.216534135,-0.000001971,0.216037069,0.216032293,0.000004777,4.776619742,0.000029854,1,1,2.000000000,0.080000000,2.000000000,0.020778094,0.010389047,0.010389047,0.026994616,0.026994616,-0.026994616,0.010389047,0.011624366,0.893730159,1,82.107843604,1,46.339302175,0.738938962,0.176157916,0.766939137,0.176215642,2.921623323,0.282116819,1.335156745,0.187438562,0.902570809,2.000000000,1.194967538,2.000000000,0.654508497,13.090169944,1.418552848,1.000000000,0.930688064,0.505928727,0.654538914,0.256896742,0.968723567,0.655446976,0.686813406,1,0,0,0.000000000,0.051199962,-0.721208702,0.152536430,-0.122782854,-0.015957930,0.125304935,0.353626197,12.123186064,0.011019487,-130.918896179,-0.108345625,142.886393836,44.894938258,-0.010533231,-0.000156499,0.004839818,0.000016881,-0.000313161,-0.000370639,-0.000702054,-0.680729771,0.000045777,0.673882716,0.000083169,-0.234644117,-0.000253867,0.165623454,-0.007072133,0.000000476,0.007000999,0.000000864,-0.002437729,-0.000002637,0.001720670,-1.361459543,0.000091554,1.347765432,0.000166338,-0.469288234,-0.000507733,0.331246907,-0.086221217,-0.056930594,0.401512537,0.026066371,0.364170454,0.341924346,0.079510053
6.250000000,0,6.250000000,sample,0.216534464,0.000006569,0.216035740,0.216034287,0.000001453,1.453047288,0.000009082,1,1,2.000000000,0.080000000,2.000000000,0.010670271,0.005335135,0.005335135,0.012033857,0.012033857,-0.012033857,0.007751393,0.005615573,0.950060668,1,60.306478236,1,46.339253825,0.796900556,0.176417764,0.814155456,0.176585414,0.658835625,0.152269455,1.562208773,0.172095919,1.086969245,2.000000000,1.139198959,2.000000000,0.691341716,13.826834324,1.498407380,1.000000000,1.051368484,0.501309074,0.680329148,0.237870335,1.051368484,0.584507109,0.680329148,1,0,0,0.000000000,0.054930517,-0.779473691,0.156377427,-0.123795379,-0.016571472,0.124592608,0.354899296,12.123377482,0.015801497,-130.919171502,-0.108300332,142.886249506,44.900137557,-0.004360900,-0.000737416,0.003102187,-0.000241112,-0.000177156,-0.000507378,0.001415246,-0.680729416,0.000057702,0.673881547,0.000083135,-0.234646970,-0.000253764,0.165625625,-0.003631784,0.000000308,0.003595249,0.000000444,-0.001251873,-0.000001354,0.000883635,-1.361458833,0.000115405,1.347763093,0.000166270,-0.469293939,-0.000507529,0.331251251,0.000244557,-0.043379912,0.457167450,0.017667083,0.357005158,0.342400880,0.083430362
6.300000000,0,6.300000000,sample,0.216534276,-0.000003759,0.216036068,0.216033571,0.000002497,2.496699416,0.000015604,1,1,2.000000000,0.080000000,2.000000000,0.003744614,0.001872307,0.001872307,0.015817769,0.015817769,-0.015817769,0.006971220,0.003213101,0.582710300,1,57.203561415,1,46.339393481,0.840984164,0.172086278,0.854321169,0.176555541,1.482070262,0.234055665,1.611217905,0.173083188,1.112000098,2.000000000,1.094933089,2.000000000,0.726995250,14.539904997,1.575646822,1.000000000,0.818235546,0.501794223,0.600936081,0.220859458,1.058003493,0.570132812,0.682594900,1,0,0,0.000000000,0.053204063,-0.825306211,0.152621590,-0.123365922,-0.016159804,0.118883965,0.361402775,12.123074424,0.014331609,-130.919021923,-0.108507010,142.886212028,44.899660719,-0.002430166,-0.001454954,-0.000038060,-0.000183669,0.000008171,-0.000258755,0.001482976,-0.680730442,0.000054068,0.673883441,0.000083292,-0.234641382,-0.000254243,0.165621617,-0.001274536,0.000000101,0.001261717,0.000000156,-0.000439321,-0.000000476,0.000310095,-1.361460884,0.000108136,1.347766883,0.000166583,-0.469282764,-0.000508486,0.331243235,-0.219783201,-0.048646745,0.215237292,0.026894647,0.371393486,0.344804858,0.081111571
6.350000000,0,6.350000000,sample,0.216534186,-0.000001795,0.216036279,0.216033243,0.000003036,3.035656453,0.000018973,1,1,2.000000000,0.080000000,2.000000000,-0.014566194,0.007283097,-0.007283097,0.013343549,0.013343549,-0.013343549,0.007931594,0.010800920,0.674303422,3,68.519341786,1,46.338907136,0.858405777,0.171298682,0.865144778,0.173912933,3.591865933,0.312786114,1.566490057,0.143830707,1.098353625,2.000000000,1.084395301,2.000000000,0.761249282,15.224985647,1.650013788,1.000000000,0.832043590,0.485165521,0.606570141,0.228940111,0.909004907,0.543951542,0.621924283,1,0,0,0.000000000,0.055490967,-0.841390275,0.160759558,-0.123260238,-0.016997261,0.117733790,0.363960058,12.124009735,0.013535918,-130.918947552,-0.108391983,142.886235422,44.900197064,0.003486391,0.002246785,-0.008940614,-0.000025458,-0.004382231,0.000209416,0.000523333,-0.680726870,0.000052067,0.673878341,0.000083209,-0.234658095,-0.000253991,0.165633375,0.004957800,-0.000000379,-0.004907921,-0.000000606,0.001709038,0.000001850,-0.001206324,-1.361453740,0.000104134,1.347756682,0.000166419,-0.469316189,-0.000507982,0.331266749,-0.172030117,-0.061032638,0.272852933,0.040764168,0.364105463,0.345382136,0.081461301
6.400000000,0,6.400000000,sample,0.216534378,0.000003848,0.216035794,0.216034037,0.000001757,1.756799511,0.000010980,1,1,2.000000000,0.080000000,2.000000000,-0.019317996,0.009658998,-0.009658998,0.012560135,0.012560135,-0.009993810,0.012560135,0.009890035,0.976639438,3,49.828216339,1,46.339300855,0.881857245,0.169435388,0.885640857,0.172621821,0.490554699,0.098864322,1.744671132,0.137498277,1.254257577,2.000000000,1.014453336,2.000000000,0.793892626,15.877852523,1.720653813,1.000000000,0.831967944,0.502456127,0.600845753,0.233904787,0.990720000,0.502456127,0.650078351,1,0,0,0.000000000,0.052792412,-0.866804750,0.153410191,-0.123626447,-0.015934553,0.114764726,0.364764531,12.123186064,0.015388108,-130.919075388,-0.108444705,142.886608507,44.899887064,0.006623475,-0.001012002,-0.006981287,-0.000632799,0.000788115,0.000828607,-0.001572166,-0.680729762,0.000056694,0.673882208,0.000083245,-0.234645088,-0.000254099,0.165624182,0.006575167,-0.000000548,-0.006509027,-0.000000804,0.002266436,0.000002454,-0.001599764,-1.361459524,0.000113389,1.347764415,0.000166490,-0.469290175,-0.000508198,0.331248364,-0.225579163,-0.041011057,0.226341493,0.026840511,0.363209194,0.343932822,0.079285338
6.450000000,0,6.450000000,sample,0.216534045,-0.000006677,0.216035926,0.216033265,0.000002662,2.661518123,0.000016634,1,1,2.000000000,0.080000000,2.000000000,-0.008740529,0.004370264,-0.004370264,0.013306443,0.013306443,-0.013306443,0.007387994,0.004606945,0.948625287,3,66.195770705,1,46.339252795,0.902030917,0.168380033,0.903988444,0.170524424,0.991881815,0.102716097,1.761187423,0.151151528,1.250055223,2.000000000,0.990714577,2.000000000,0.824724024,16.494480483,1.787492840,1.000000000,0.803967765,0.510185926,0.607249656,0.244920030,0.979169468,0.522597170,0.623993399,1,0,0,0.000000000,0.052245977,-0.887412531,0.153065783,-0.123238280,-0.016067087,0.113604623,0.368339958,12.123281792,0.014115902,-130.918825807,-0.108637306,142.886319020,44.901211929,0.002379640,0.000012597,-0.003748246,0.000898487,0.000608153,0.000301197,-0.000493856,-0.680729409,0.000053553,0.673882374,0.000083393,-0.234645483,-0.000254552,0.165624398,0.002974968,-0.000000234,-0.002945044,-0.000000364,0.001025463,0.000001112,-0.000723822,-1.361458818,0.000107106,1.347764747,0.000166786,-0.469290965,-0.000509104,0.331248796,-0.279072555,-0.043464228,0.186165812,0.033473463,0.357819387,0.344215387,0.081758090
6.500000000,0,6.500000000,sample,0.216534062,0.000000353,0.216035025,0.216034179,0.000000845,0.845281287,0.000005283,0,0,2.000000000,0.080000000,0.000000000,0.000000000,0.001609755,0.000000000,0.013033646,0.013033646,-0.013033646,0.008821170,0.004037378,0.398713128,7,63.189595297,0,0.000000000,0.911979913,0.170232553,0.911979913,0.170283866,1.610106444,0.095467981,1.887812211,0.154368057,1.351027154,0.000000000,1.403258229,2.000000000,0.853553391,17.071067812,1.849930482,1.000000000,0.842176018,0.467909417,0.602921060,0.000000000,0.977231468,0.515363685,0.603776496,1,0,0,0.000000000,0.051439947,-0.898034068,0.150320015,-0.123698068,-0.015761800,0.115885615,0.366733636,12.122978695,0.016757746,-130.918838210,-0.108784436,142.886330852,44.904587533,0.000478300,-0.001172274,0.002087080,0.000181677,0.000010925,0.000090684,0.003209387,0.000000000,0.000000000,0.000000000,0.000000000,0.000000000,0.000000000,0.000000000,-0.001095810,0.000000097,0.001084788,0.000000134,-0.000377713,-0.000000410,0.000266609,0.000000000,0.000000000,0.000000000,0.000000000,0.000000000,0.000000000,0.000000000,-0.173287514,-0.056725956,0.286304084,0.030740722,0.350586851,0.342634646,0.083921080
6.550000000,0,6.550000000,sample,0.216534202,0.000002796,0.216035318,0.216034170,0.000001148,1.147763935,0.000007174,1,1,2.000000000,0.080000000,2.000000000,-0.003106576,0.001553288,-0.001553288,0.013549097,0.013549097,-0.013549097,0.005983400,0.002246733,0.691354280,3,53.270008625,1,46.339271064,0.925080631,0.171678957,0.926958348,0.171799576,0.391713593,0.063978564,1.831011069,0.150177227,1.305638671,2.000000000,0.953168727,2.000000000,0.880202983,17.604059656,1.907728610,1.000000000,0.863970728,0.468293376,0.606977962,0.258009816,0.904776464,0.472944494,0.609823224,1,0,0,0.000000000,0.052340116,-0.910843128,0.152968895,-0.123545486,-0.015896337,0.118141796,0.368566024,12.123226684,0.016336740,-130.918936849,-0.108873628,142.886535285,44.908335853,0.001086424,0.000047823,-0.001639807,0.000245306,-0.000658660,-0.000026916,0.000825532,-0.680729543,0.000059134,0.673882246,0.000083575,-0.234645461,-0.000255105,0.165624393,0.001057369,-0.000000092,-0.001046733,-0.000000130,0.000364472,0.000000396,-0.000257262,-1.361459086,0.000118268,1.347764492,0.000167149,-0.469290923,-0.000510209,0.331248787,-0.176634334,-0.047747564,0.303338590,0.029881146,0.342970762,0.342554503,0.084041742
6.600000000,0,6.600000000,sample,0.216534255,0.000001052,0.216035543,0.216034062,0.000001481,1.481080030,0.000009257,1,1,2.000000000,0.080000000,2.000000000,-0.020475976,0.010237988,-0.010237988,0.011335446,0.011335446,-0.011335446,0.005914556,0.012337020,0.829859085,7,41.788347637,1,46.339207245,0.937475966,0.172423963,0.937475966,0.173283058,1.120384655,0.381340441,1.930702302,0.132947178,1.454733200,2.000000000,0.929276400,2.000000000,0.904508497,18.090169944,1.960433099,1.000000000,0.912153676,0.462010051,0.630940061,0.249329975,1.095261564,0.495597195,0.630940061,1,0,0,0.000000000,0.053509587,-0.923059808,0.154785342,-0.123447386,-0.016154284,0.119288747,0.370389040,12.123377482,0.015852922,-130.918984634,-0.108853404,142.886471259,44.910816296,0.006736350,0.000164706,-0.004910945,-0.000175319,0.004356043,-0.000265637,-0.007975132,-0.680729074,0.000057924,0.673881451,0.000083560,-0.234647877,-0.000255060,0.165626134,0.006969296,-0.000000593,-0.006899190,-0.000000855,0.002402322,0.000002611,-0.001695678,-1.361458148,0.000115848,1.347762901,0.000167120,-0.469295755,-0.000510121,0.331252268,-0.087682399,-0.067728423,0.379679199,0.032496744,0.339759286,0.344126096,0.082088632
6.650000000,0,6.650000000,sample,0.216534311,0.000001126,0.216035366,0.216034338,0.000001028,1.027742057,0.000006423,1,1,2.000000000,0.080000000,2.000000000,0.007084510,0.003542255,0.003542255,0.011732899,0.011732899,-0.011732899,0.007094575,0.007807020,0.453726919,3,86.742592951,1,46.339314041,0.952244253,0.173254351,0.952244253,0.173901295,5.320222573,0.492301851,2.168337171,0.125616646,1.654845171,2.000000000,0.937409124,2.000000000,0.926320082,18.526401644,2.007677133,1.000000000,0.927364890,0.451320524,0.621891295,0.249358488,0.946240871,0.483163743,0.629804532,1,0,0,0.000000000,0.053553870,-0.938280777,0.153395840,-0.123318768,-0.016043016,0.120632389,0.371316393,12.123186565,0.016581310,-130.919032966,-0.109308182,142.886433779,44.914162928,0.002411620,-0.000233006,0.007271123,-0.000624912,-0.000296886,-0.000236846,0.001294363,-0.680729859,0.000059817,0.673882501,0.000083908,-0.234644331,-0.000256122,0.165623660,-0.002411319,0.000000212,0.002387064,0.000000297,-0.000831170,-0.000000907,0.000586681,-1.361459717,0.000119635,1.347765001,0.000167816,-0.469288662,-0.000512244,0.331247320,-0.093609640,-0.056302585,0.371083153,0.025584762,0.333840225,0.343325543,0.084480918
6.700000000,0,6.700000000,sample,0.216534251,-0.000001204,0.216035476,0.216034100,0.000001376,1.375663266,0.000008598,1,1,2.000000000,0.080000000,2.000000000,0.001424176,0.000712088,0.000712088,0.011083237,0.011083237,-0.009052528,0.011083237,0.005626996,0.126548540,7,95.810613252,1,46.339355793,0.957300912,0.174802845,0.958405116,0.174802845,0.823565219,0.304944560,1.915271521,0.182361663,1.325339888,2.000000000,0.923938494,2.000000000,0.945503262,18.910065242,2.049236366,1.000000000,0.881217904,0.443881960,0.600315869,0.244983900,0.899442626,0.473407184,0.612189732,1,0,0,0.000000000,0.052504493,-0.943718555,0.151867056,-0.123155992,-0.015789233,0.123042010,0.372421054,12.123074410,0.016095034,-130.918978176,-0.109398980,142.886513369,44.917274701,0.000318556,-0.000994534,-0.000038340,0.000421012,-0.000181603,0.000155602,0.005507867,-0.680730165,0.000058619,0.673883070,0.000083977,-0.234642665,-0.000256333,0.165622443,-0.000484740,0.000000042,0.000479864,0.000000060,-0.000167086,-0.000000183,0.000117938,-1.361460331,0.000117238,1.347766140,0.000167954,-0.469285331,-0.000512666,0.331244886,-0.151352699,-0.049581621,0.306890204,0.024483358,0.339507806,0.341871978,0.089945171
6.750000000,0,6.750000000,sample,0.216534358,0.000002154,0.216035457,0.216034353,0.000001104,1.103647990,0.000006898,1,1,2.000000000,0.080000000,2.000000000,0.003540016,0.001770008,0.001770008,0.004784630,0.004784630,-0.004784630,0.004324126,0.002342937,0.755465334,1,56.201784897,1,46.339276823,0.960606849,0.178091949,0.965524152,0.178091949,0.854476166,0.119983579,1.878671808,0.164959861,1.323419652,2.000000000,0.921886233,2.000000000,0.961939766,19.238795325,2.084897352,1.000000000,0.996136796,0.444362330,0.641688765,0.249145177,0.996136796,0.457316576,0.641688765,1,0,0,0.000000000,0.054749263,-0.946453929,0.154896732,-0.122979497,-0.016294234,0.127778259,0.372279453,12.123295474,0.016556908,-130.919080166,-0.109823558,142.886319011,44.922659486,-0.001756450,-0.000117979,0.000237883,0.000041619,-0.000897476,-0.000134677,0.001228169,-0.680729585,0.000059844,0.673882009,0.000084304,-0.234645781,-0.000257332,0.165624727,-0.001204897,0.000000106,0.001192776,0.000000149,-0.000415325,-0.000000455,0.000293157,-1.361459170,0.000119688,1.347764018,0.000168608,-0.469291562,-0.000514664,0.331249454,-0.040684781,-0.056812183,0.418659618,0.034409990,0.322537847,0.343636360,0.091132107
6.800000000,0,6.800000000,sample,0.216534428,0.000001398,0.216035461,0.216034479,0.000000982,0.982208274,0.000006139,0,0,2.000000000,0.080000000,0.000000000,0.000000000,0.000575850,0.000000000,0.007863652,0.007863652,-0.007863652,0.005864948,0.001485912,0.387539649,3,41.253595760,0,0.000000000,0.966759480,0.178309086,0.967622273,0.178609457,0.680573903,0.032564461,1.962097235,0.154708283,1.410300037,0.000000000,1.600143932,2.000000000,0.975528258,19.510565163,2.114330521,1.000000000,0.878586481,0.425842018,0.590916248,0.000000000,1.035467138,0.450879907,0.658359283,1,0,0,0.000000000,0.054723344,-0.952817163,0.154171018,-0.123032528,-0.016191748,0.128042784,0.372784458,12.123186064,0.016726710,-130.919133609,-0.109792018,142.886364657,44.923570005,0.000137131,-0.000842306,0.000954386,-0.000370199,0.000199784,-0.000445082,0.000440157,0.000000000,0.000000000,0.000000000,0.000000000,0.000000000,0.000000000,0.000000000,-0.000391998,0.000000035,0.000388055,0.000000049,-0.000135120,-0.000000148,0.000095374,0.000000000,0.000000000,0.000000000,0.000000000,0.000000000,0.000000000,0.000000000,-0.160570653,-0.048565207,0.302443904,0.029696764,0.321376551,0.342914671,0.088390759
6.850000000,0,6.850000000,sample,0.216534179,-0.000004980,0.216035502,0.216033953,0.000001549,1.549365011,0.000009684,1,1,2.000000000,0.080000000,2.000000000,0.002730755,0.001365378,0.001365378,0.009778278,0.009778278,-0.007881187,0.009778278,0.006295576,0.216878887,2,74.283423277,1,46.339196434,0.969996005,0.178213741,0.976199075,0.178288259,2.805217733,0.349663701,1.961653059,0.188466499,1.393849798,2.000000000,0.982296351,2.000000000,0.986184960,19.723699204,2.137461818,1.000000000,0.870466404,0.412290774,0.589494493,0.228671130,0.910850260,0.459217022,0.594645863,1,0,0,0.000000000,0.053102024,-0.956169142,0.154314606,-0.122853564,-0.016033530,0.128101777,0.373999493,12.123377484,0.015911909,-130.918921083,-0.109805375,142.886499798,44.924058359,-0.000991442,0.005426021,0.000622547,0.000364426,0.000826920,0.000363707,0.002805918,-0.680728995,0.000058232,0.673881486,0.000084291,-0.234647979,-0.000257291,0.165626169,-0.000929452,0.000000080,0.000920103,0.000000115,-0.000320383,-0.000000351,0.000226142,-1.361457990,0.000116464,1.347762972,0.000168581,-0.469295959,-0.000514582,0.331252338,-0.126654525,-0.067393808,0.303027362,0.033243234,0.326371109,0.345478178,0.090091596
6.900000000,0,6.900000000,sample,0.216534184,0.000000102,0.216035426,0.216034038,0.000001388,1.388124616,0.000008676,1,1,2.000000000,0.080000000,2.000000000,-0.001590213,0.000795106,-0.000795106,0.003687261,0.003687261,-0.003687261,0.001596221,0.001757615,0.452377848,7,41.863816484,1,46.339259000,0.972714886,0.179490709,0.978673779,0.179557610,0.697305516,0.022026833,1.922147207,0.155606612,1.375079653,2.000000000,0.904236830,2.000000000,0.993844170,19.876883406,2.154045716,1.000000000,0.938496940,0.422142600,0.613331981,0.264927988,1.135051929,0.472026676,0.624610724,1,0,0,0.000000000,0.053357240,-0.959013439,0.153689553,-0.122763570,-0.016061477,0.129954029,0.374047873,12.123281773,0.016182681,-130.918933803,-0.110038705,142.886383549,44.926410031,-0.000062333,0.000355242,-0.000931785,-0.000623424,0.000089832,0.000633180,-0.001137217,-0.680729454,0.000058946,0.673882162,0.000084469,-0.234645779,-0.000257836,0.165624644,0.000541252,-0.000000047,-0.000535808,-0.000000067,0.000186568,0.000000205,-0.000131689,-1.361458909,0.000117893,1.347764325,0.000168938,-0.469291558,-0.000515671,0.331249288,-0.107199006,-0.050905568,0.371135539,0.025946658,0.312273518,0.343108754,0.091869089
6.950000000,0,6.950000000,sample,0.216534071,-0.000002268,0.216035159,0.216034068,0.000001091,1.090882300,0.000006818,1,1,2.000000000,0.080000000,2.000000000,0.001195234,0.000597617,0.000597617,0.001870158,0.001870158,-0.000980415,0.001870158,0.001613474,0.370391670,7,66.610016740,1,46.339280549,0.974755392,0.185851465,0.979963076,0.185883800,0.655839047,0.127687844,1.932838023,0.173534023,1.352344402,2.000000000,0.900432388,2.000000000,0.998458667,19.969173337,2.164030381,1.000000000,0.915688265,0.404289746,0.600396767,0.271409109,0.935202216,0.421838585,0.614568005,1,0,0,0.000000000,0.051776860,-0.961448388,0.151934949,-0.122724776,-0.015716888,0.138680842,0.373847676,12.123187568,0.016642825,-130.918831697,-0.110229471,142.886512077,44.935539579,-0.000537685,-0.000369381,0.000051943,0.000625234,0.000091550,0.000204196,0.001316836,-0.680729613,0.000060126,0.673882618,0.000084615,-0.234644633,-0.000258281,0.165623761,-0.000406816,0.000000036,0.000402724,0.000000051,-0.000140228,-0.000000154,0.000098980,-1.361459225,0.000120253,1.347765236,0.000169230,-0.469289266,-0.000516562,0.331247523,-0.135902064,-0.049873358,0.347665738,0.026418138,0.302514035,0.342737318,0.094691927
7.000000000,0,7.000000000,disturb_auto_hold,0.000000000,,0.000000000,0.000000000,0.000000000,0.000000000,0.000000000,0,0,0.000000000,0.000000000,0.000000000,0.000000000,0.000000000,0.000000000,0.000000000,0.000000000,0.000000000,0.000000000,0.001873509,0.000000000,3,40.323999152,0,0.000000000,0.000000000,0.000000000,0.000000000,0.000000000,1.008928697,0.100241991,0.000000000,0.000000000,0.000000000,0.000000000,0.000000000,0.000000000,0.000000000,0.000000000,0.000000000,1.000000000,0.000000000,0.000000000,0.000000000,0.000000000,0.000000000,0.000000000,0.000000000,0,0,0,0.000000000,0.000000000,0.000000000,0.000000000,0.000000000,0.000000000,0.000000000,0.373930093,12.123377482,0.016775468,-130.919075463,-0.110544959,142.886257632,44.936947223,-0.000339957,0.001021054,0.001189700,-0.000524921,-0.000161550,-0.000188898,0.000774082,0.000000000,0.000000000,0.000000000,0.000000000,0.000000000,0.000000000,0.000000000,0.000000000,0.000000000,0.000000000,0.000000000,0.000000000,0.000000000,0.000000000,0.000000000,0.000000000,0.000000000,0.000000000,0.000000000,0.000000000,0.000000000,0.000000000,0.000000000,0.000000000,0.000000000,0.000000000,0.000000000,0.000000000
7.000000000,0,7.000000000,sample,0.216534347,0.000005524,0.216035415,0.216034381,0.000001035,1.034666185,0.000006467,1,1,2.000000000,0.080000000,2.000000000,0.002398634,0.001199317,0.001199317,0.001502062,0.001502062,-0.000885497,0.001502062,0.001873509,0.640144746,3,40.323999152,1,46.339241186,0.977234936,0.186503503,0.978462042,0.186831823,1.008928697,0.100241991,1.985374181,0.164233991,1.420372858,2.000000000,0.915638470,2.000000000,1.000000000,20.000000000,2.167404538,1.000000000,0.917644082,0.400097252,0.597984961,0.274134006,0.926612775,0.404775732,0.603440862,1,0,0,0.000000000,0.055298016,-0.963162515,0.155718403,-0.122553418,-0.016401068,0.139625289,0.373930093,12.123377482,0.016775468,-130.919075463,-0.110544959,142.886257632,44.936947223,-0.000339957,0.001021054,0.001189700,-0.000524921,-0.000161550,-0.000188898,0.000774082,-0.680729323,0.000060511,0.673881651,0.000084858,-0.234646969,-0.000259024,0.165625575,-0.000816410,0.000000073,0.000808198,0.000000102,-0.000281416,-0.000000311,0.000198638,-1.361458647,0.000121023,1.347763301,0.000169716,-0.469293939,-0.000518048,0.331251149,-0.138545024,-0.047597653,0.347516572,0.023126789,0.297906063,0.342300926,0.094367321
7.050000000,0,7.050000000,sample,0.216534476,0.000002565,0.216035634,0.216034395,0.000001239,1.238600267,0.000007741,1,1,2.000000000,0.080000000,2.000000000,-0.000697244,0.000348622,-0.000348622,0.001228601,0.001228601,-0.000867988,0.001228601,0.001905673,0.182939016,4,34.550920481,1,46.339394890,0.976191811,0.187275435,0.979521663,0.187403494,0.414212706,0.070447689,1.939249195,0.169608724,1.365038616,2.000000000,0.907794016,2.000000000,1.000000000,20.000000000,2.167353752,1.000000000,0.969104634,0.406578898,0.593743028,0.279563098,1.079250573,0.437967884,0.600788967,1,0,0,0.000000000,0.055031532,-0.962455342,0.153628440,-0.122492202,-0.016156918,0.140736290,0.374161649,12.123087938,0.016481133,-130.919176050,-0.110542699,142.886309994,44.938000533,0.000164044,-0.001079452,-0.000604024,-0.001120155,-0.000117159,0.000250002,0.000862347,-0.680730452,0.000059775,0.673883057,0.000084855,-0.234642069,-0.000259013,0.165622154,0.000237318,-0.000000021,-0.000234930,-0.000000030,0.000081801,0.000000090,-0.000057740,-1.361460905,0.000119550,1.347766114,0.000169709,-0.469284139,-0.000518026,0.331244307,-0.152118447,-0.015499097,0.340284624,0.014309152,0.295576143,0.341010072,0.097463004
7.100000000,0,7.100000000,sample,0.216534161,-0.000006293,0.216035234,0.216034174,0.000001060,1.059671001,0.000006623,1,1,2.000000000,0.080000000,2.000000000,-0.000608132,0.000304066,-0.000304066,0.002295433,0.002295433,-0.001576083,0.002295433,0.000863047,0.352316861,1,60.392649528,1,46.339297931,0.979258017,0.187520212,0.980453593,0.187610816,0.472432114,0.070222778,1.981233582,0.157353464,1.417818288,2.000000000,0.894094170,2.000000000,1.000000000,20.000000000,2.167371116,1.000000000,0.883167055,0.400022373,0.594919937,0.274315275,0.955566093,0.403691384,0.606155505,1,0,0,0.000000000,0.052680975,-0.965868090,0.152544460,-0.122546088,-0.015852099,0.141049626,0.374257209,12.123186064,0.016739789,-130.918909661,-0.110544963,142.886445893,44.938664599,0.000670697,0.000220179,0.000157149,0.000005180,-0.000228351,-0.000409671,-0.000042889,-0.680729740,0.000060421,0.673882631,0.000084857,-0.234644338,-0.000259020,0.165623602,0.000206987,-0.000000018,-0.000204905,-0.000000026,0.000071347,0.000000079,-0.000050360,-1.361459481,0.000120843,1.347765261,0.000169714,-0.469288675,-0.000518040,0.331247204,-0.157820989,-0.056151394,0.329138257,0.033350173,0.299528562,0.343514033,0.093304941
7.150000000,0,7.150000000,sample,0.216534181,0.000000413,0.216035304,0.216034159,0.000001145,1.145102917,0.000007157,1,1,2.000000000,0.080000000,2.000000000,-0.001305881,0.000652940,-0.000652940,0.002231022,0.002231022,-0.001372078,0.002231022,0.001495871,0.436495092,1,49.775926070,1,46.339275799,0.978460885,0.187937066,0.979699603,0.188283481,0.643403741,0.021988038,1.986210209,0.162878815,1.412808370,2.000000000,0.892904258,2.000000000,1.000000000,20.000000000,2.167387970,1.000000000,0.913056736,0.399062285,0.594732194,0.272494245,0.918561827,0.402372493,0.597935589,1,0,0,0.000000000,0.054005044,-0.964760283,0.153969984,-0.122418772,-0.016187843,0.141675469,0.374256816,12.123281773,0.016644583,-130.918942152,-0.110715589,142.886235923,44.939332712,0.001055368,0.000428844,0.000056202,0.000710585,0.000274575,-0.000220512,0.000554811,-0.680729578,0.000060213,0.673882362,0.000084988,-0.234645142,-0.000259422,0.165624225,0.000444476,-0.000000039,-0.000440005,-0.000000055,0.000153209,0.000000169,-0.000108143,-1.361459155,0.000120426,1.347764723,0.000169977,-0.469290284,-0.000518843,0.331248451,-0.143885806,-0.047292947,0.339351143,0.031190990,0.296723980,0.343136412,0.094057649
7.200000000,0,7.200000000,sample,0.216534143,-0.000000764,0.216035242,0.216034145,0.000001097,1.096877782,0.000006855,1,1,2.000000000,0.080000000,2.000000000,-0.002774696,0.001387348,-0.001387348,0.003376003,0.003376003,-0.002390399,0.003376003,0.001738126,0.798186184,1,51.489678705,1,46.339270158,0.981026620,0.187814565,0.983374982,0.188404798,0.334699465,0.042795752,1.968842253,0.160357543,1.400989409,2.000000000,0.900979950,2.000000000,1.000000000,20.000000000,2.167388151,1.000000000,0.895203811,0.394717833,0.590523299,0.267502220,0.951174411,0.403182964,0.612560805,1,0,0,0.000000000,0.053700654,-0.967417618,0.153729053,-0.122368237,-0.016139194,0.141562183,0.374462755,12.123281773,0.016733036,-130.918909823,-0.110829981,142.886251645,44.939603313,0.001247215,-0.000021689,-0.000988169,-0.000538701,-0.000353421,-0.000026001,0.000269827,-0.680729536,0.000060453,0.673882377,0.000085076,-0.234645201,-0.000259690,0.165624249,0.000944409,-0.000000084,-0.000934910,-0.000000118,0.000325535,0.000000360,-0.000229779,-1.361459073,0.000120906,1.347764754,0.000170153,-0.469290403,-0.000519380,0.331248498,-0.144627621,-0.053104362,0.331732542,0.027474380,0.298024702,0.341436292,0.093711039
7.250000000,0,7.250000000,sample,0.216534368,0.000004485,0.216035441,0.216034376,0.000001065,1.065264251,0.000006658,1,1,2.000000000,0.080000000,2.000000000,0.000248933,0.000124467,0.000124467,0.007208452,0.007208452,-0.005866699,0.007208452,0.001410094,0.088268302,7,65.643263816,1,46.339322365,0.979929191,0.188223645,0.986122015,0.188223645,0.207371359,0.042160576,1.962838749,0.166028316,1.388133180,2.000000000,0.904273189,2.000000000,1.000000000,20.000000000,2.167371160,1.000000000,0.880796930,0.388208080,0.573503922,0.241472757,0.973686411,0.404485603,0.602299603,1,0,0,0.000000000,0.054199586,-0.966275173,0.153739762,-0.122515007,-0.016053603,0.141987659,0.374307969,12.123186064,0.016738833,-130.919080363,-0.110589121,142.886412712,44.939687510,0.000217369,-0.000284430,-0.000071346,-0.000456177,-0.000559605,-0.000169238,0.001142466,-0.680729920,0.000060427,0.673882482,0.000084891,-0.234644234,-0.000259124,0.165623616,-0.000084728,0.000000008,0.000083876,0.000000011,-0.000029205,-0.000000032,0.000020615,-1.361459840,0.000120853,1.347764964,0.000169782,-0.469288468,-0.000518247,0.331247232,-0.147342314,-0.052659626,0.292539172,0.033580046,0.302990155,0.342739019,0.091891778
7.300000000,0,7.300000000,sample,0.216534227,-0.000002802,0.216035347,0.216034196,0.000001151,1.151385453,0.000007196,1,1,2.000000000,0.080000000,2.000000000,-0.002491401,0.001245701,-0.001245701,0.004855193,0.004855193,-0.004855193,0.003396098,0.001746055,0.713437163,1,58.644573246,1,46.339314880,0.980580706,0.188232305,0.982352259,0.188248933,0.315338321,0.014621322,1.975784439,0.164397769,1.399634102,2.000000000,0.896431589,2.000000000,1.000000000,20.000000000,2.167371340,1.000000000,0.858479122,0.397949062,0.577659175,0.262536950,0.924471908,0.398467802,0.585693852,1,0,0,0.000000000,0.053511565,-0.967077685,0.153087507,-0.122380784,-0.015997622,0.142121148,0.374511473,12.123186064,0.016646090,-130.918970481,-0.110778806,142.886357142,44.940085376,0.001337125,-0.000070478,-0.000719536,0.000093314,-0.000040763,-0.000123452,0.000844096,-0.680729865,0.000060227,0.673882686,0.000085037,-0.234643968,-0.000259568,0.165623387,0.000847986,-0.000000075,-0.000839456,-0.000000106,0.000292296,0.000000323,-0.000206317,-1.361459730,0.000120454,1.347765373,0.000170073,-0.469287936,-0.000519136,0.331246774,-0.199125712,-0.046902023,0.270868112,0.031474629,0.301172705,0.344005498,0.091838479
7.350000000,0,7.350000000,sample,0.216534142,-0.000001706,0.216035276,0.216034091,0.000001185,1.184570487,0.000007404,1,1,2.000000000,0.080000000,2.000000000,0.003673759,0.001836880,0.001836880,0.005533013,0.005533013,-0.004455413,0.005533013,0.008355752,0.219834145,5,60.365803951,1,46.339287574,0.984874526,0.187526372,0.988649400,0.188615031,4.393120014,0.295198094,1.750701354,0.154105726,1.202025957,2.000000000,0.924769225,2.000000000,1.000000000,20.000000000,2.167371808,1.000000000,0.959969400,0.400000285,0.600028115,0.241167849,1.108224916,0.450748540,0.666065520,1,0,0,0.000000000,0.052279854,-0.971623092,0.152293192,-0.122281853,-0.015754347,0.141297874,0.375039766,12.123186065,0.016625241,-130.918888916,-0.110940409,142.886519128,44.939899557,-0.003899117,-0.000443660,-0.003403746,0.000716384,-0.006492038,0.000305205,-0.000283274,-0.680729664,0.000060202,0.673882553,0.000085161,-0.234644645,-0.000259947,0.165623795,-0.001250418,0.000000111,0.001237841,0.000000156,-0.000431014,-0.000000477,0.000304231,-1.361459328,0.000120405,1.347765105,0.000170322,-0.469289291,-0.000519893,0.331247589,-0.072363088,-0.053785027,0.366618341,0.032020934,0.299812937,0.343598677,0.092316286
7.400000000,0,7.400000000,sample,0.216534459,0.000006342,0.216035631,0.216034382,0.000001250,1.249850952,0.000007812,1,1,2.000000000,0.080000000,2.000000000,-0.002172823,0.001086412,-0.001086412,0.006390917,0.006390917,-0.002758300,0.006390917,0.002935861,0.370048782,7,39.477546447,1,46.339163666,0.987916445,0.187363114,0.992360762,0.188008713,1.639089115,0.197980052,1.996567386,0.154659956,1.449189457,2.000000000,0.922324076,2.000000000,1.000000000,20.000000000,2.167425485,1.000000000,0.911987621,0.385864911,0.564235738,0.213776010,1.003932744,0.409673945,0.611133208,1,0,0,0.000000000,0.055274585,-0.973825184,0.156806038,-0.122291833,-0.016300881,0.141010373,0.375382097,12.123489142,0.016521105,-130.919146041,-0.110880650,142.886533311,44.939804268,0.000694078,0.001410115,-0.000441054,-0.001580592,0.000047234,0.000226711,-0.001844635,-0.680728754,0.000059934,0.673880569,0.000085117,-0.234650155,-0.000259813,0.165627803,0.000739552,-0.000000065,-0.000732112,-0.000000092,0.000254927,0.000000282,-0.000179940,-1.361457508,0.000119868,1.347761137,0.000170234,-0.469300310,-0.000519625,0.331255606,-0.113630535,-0.044627555,0.287641367,0.027803217,0.308071836,0.341868423,0.090363715
7.450000000,0,7.450000000,sample,0.216534123,-0.000006719,0.216035159,0.216034201,0.000000958,0.957665579,0.000005985,0,0,2.000000000,0.080000000,0.000000000,0.000000000,0.000945182,0.000000000,0.004855552,0.004855552,-0.003520613,0.004855552,0.002189495,0.431689502,4,28.728910144,0,0.000000000,0.987805139,0.187860818,0.991011437,0.188277255,0.532727056,0.135491468,1.961261700,0.180169334,1.370857218,0.000000000,1.651520812,2.000000000,1.000000000,20.000000000,2.167427487,1.000000000,0.930986474,0.397169034,0.571075691,0.000000000,1.108490947,0.433002593,0.613468415,1,0,0,0.000000000,0.054030504,-0.973984369,0.155544672,-0.122351777,-0.016277524,0.141621932,0.374954414,12.123502676,0.016949940,-130.918888936,-0.110927734,142.886312190,44.940444821,-0.001027394,0.000760956,0.000427084,0.001173555,0.000833558,0.000214161,0.000926813,0.000000000,0.000000000,0.000000000,0.000000000,0.000000000,0.000000000,0.000000000,-0.000643413,0.000000058,0.000636940,0.000000080,-0.000221786,-0.000000246,0.000156548,0.000000000,0.000000000,0.000000000,0.000000000,0.000000000,0.000000000,0.000000000,-0.145003912,-0.026447460,0.295645459,0.018410825,0.303083636,0.341208151,0.091509307
7.500000000,0,7.500000000,sample,0.216534026,-0.000001944,0.216035134,0.216034021,0.000001113,1.113433010,0.000006959,1,1,2.000000000,0.080000000,2.000000000,0.000014619,0.000007310,0.000007310,0.005926608,0.005926608,-0.005926608,0.002986902,0.000565272,0.012931230,5,38.468259464,1,46.339256333,0.993763946,0.187072314,0.998288301,0.187680236,0.105595366,0.020436092,1.992576225,0.163243530,1.417773424,2.000000000,0.893004151,2.000000000,1.000000000,20.000000000,2.167389417,1.000000000,0.861700324,0.393125432,0.576797251,0.235058202,0.924258841,0.397139646,0.599683276,1,0,0,0.000000000,0.052928388,-0.980479804,0.153051361,-0.122256684,-0.016023076,0.140686228,0.375883466,12.123281773,0.016740059,-130.918813019,-0.111016215,142.886270207,44.940303870,-0.000032931,-0.000068522,0.000183553,-0.000098482,0.000350598,0.000176553,-0.000340989,-0.680729435,0.000060502,0.673882462,0.000085219,-0.234645258,-0.000260126,0.165624239,-0.000004976,0.000000000,0.000004926,0.000000001,-0.000001715,-0.000000002,0.000001211,-1.361458869,0.000121004,1.347764924,0.000170438,-0.469290515,-0.000520252,0.331248478,-0.140580853,-0.064366740,0.292743023,0.032164854,0.309569704,0.343831834,0.089455168
7.550000000,0,7.550000000,sample,0.216534483,0.000009130,0.216035615,0.216034446,0.000001169,1.168515130,0.000007303,1,1,2.000000000,0.080000000,2.000000000,-0.001117730,0.000558865,-0.000558865,0.001406363,0.001406363,-0.001406363,0.001063099,0.001436108,0.389152482,4,58.082756492,1,46.339312040,0.990457269,0.187604987,0.997180372,0.187754602,0.989304224,0.116785341,1.971320893,0.169699496,1.400621839,2.000000000,0.924083085,2.000000000,1.000000000,20.000000000,2.167389106,1.000000000,0.889355356,0.395871432,0.586412004,0.257505915,0.892073104,0.399521291,0.590719655,1,0,0,0.000000000,0.056314634,-0.976516710,0.155722120,-0.122190918,-0.016487774,0.141397186,0.375537047,12.123281774,0.016673129,-130.919191238,-0.111094276,142.886182050,44.940664776,0.000099353,0.000346553,-0.000719955,-0.001094488,0.000084028,-0.000449879,0.000082141,-0.680729844,0.000060348,0.673882153,0.000085279,-0.234644965,-0.000260309,0.165624229,0.000380436,-0.000000034,-0.000376609,-0.000000048,0.000131135,0.000000145,-0.000092562,-1.361459688,0.000120696,1.347764306,0.000170558,-0.469289931,-0.000520618,0.331248457,-0.144771968,-0.054213051,0.318737747,0.026481565,0.302532979,0.343061196,0.092026349
7.600000000,0,7.600000000,sample,0.216534231,-0.000005037,0.216035263,0.216034291,0.000000972,0.971554301,0.000006072,0,0,2.000000000,0.080000000,0.000000000,0.000000000,0.000496815,0.000000000,0.001769232,0.001769232,-0.001769232,0.001508022,0.001497654,0.331729073,3,53.448697555,0,0.000000000,0.996135128,0.187422085,1.000014098,0.187844854,0.815305580,0.072092191,2.032373219,0.162773255,1.455727456,0.000000000,1.644668601,2.000000000,1.000000000,20.000000000,2.167389440,1.000000000,0.913562299,0.397334903,0.583057677,0.000000000,0.913562299,0.400290333,0.592592019,1,0,0,0.000000000,0.053772886,-0.982701948,0.153917348,-0.122288218,-0.016055705,0.141119964,0.375908347,12.123281773,0.016947336,-130.918970311,-0.111033095,142.886393902,44.940978751,0.000249190,0.000554547,0.001094914,0.000244121,0.000465814,-0.000588328,0.000227605,0.000000000,0.000000000,0.000000000,0.000000000,0.000000000,0.000000000,0.000000000,-0.000338197,0.000000030,0.000334795,0.000000042,-0.000116576,-0.000000129,0.000082285,0.000000000,0.000000000,0.000000000,0.000000000,0.000000000,0.000000000,0.000000000,-0.125457935,-0.047578293,0.319402856,0.025112017,0.305174299,0.343396419,0.090838408
7.650000000,0,7.650000000,sample,0.216534333,0.000002053,0.216035396,0.216034355,0.000001041,1.040725817,0.000006505,1,1,2.000000000,0.080000000,2.000000000,0.003334934,0.001667467,0.001667467,0.006292996,0.006292996,-0.006292996,0.003568900,0.002810200,0.593362323,1,72.988006995,1,46.339366054,0.990341152,0.187866676,0.996508073,0.188181806,1.484237297,0.147406460,1.907340567,0.177530496,1.327341733,2.000000000,0.917864680,2.000000000,1.000000000,20.000000000,2.167360486,1.000000000,0.898883712,0.386723715,0.577546596,0.237202665,0.956599963,0.407051529,0.605458465,1,0,0,0.000000000,0.054339535,-0.976913339,0.153176826,-0.122245355,-0.016081837,0.141743909,0.375386696,12.123120018,0.016853681,-130.919061235,-0.111070941,142.886295885,44.941019591,-0.002400839,-0.001088750,-0.000240898,-0.000643009,-0.000586886,-0.000099086,0.000349392,-0.680730241,0.000060794,0.673883033,0.000085260,-0.234642550,-0.000260251,0.165622440,-0.001135095,0.000000101,0.001123678,0.000000142,-0.000391259,-0.000000434,0.000276170,-1.361460481,0.000121588,1.347766066,0.000170521,-0.469285099,-0.000520503,0.331244880,-0.123053171,-0.055301180,0.311047402,0.021370429,0.303348016,0.343255647,0.091148930
7.700000000,0,7.700000000,sample,0.216534331,-0.000000050,0.216035541,0.216034211,0.000001330,1.329952108,0.000008312,1,1,2.000000000,0.080000000,2.000000000,-0.006835613,0.003417807,-0.003417807,0.005673200,0.005673200,-0.005673200,0.002045855,0.004634680,0.737441785,1,95.098786783,1,46.339340145,0.999634263,0.187104214,1.001459660,0.187868011,2.139261588,0.273550232,2.102014159,0.135162823,1.541450690,2.000000000,0.864517324,2.000000000,1.000000000,20.000000000,2.167373420,1.000000000,0.791792490,0.419767639,0.578799904,0.240672179,1.018181226,0.419767639,0.622810864,1,0,0,0.000000000,0.054877794,-0.986188534,0.153913167,-0.122188746,-0.016218960,0.140765203,0.376827893,12.123186064,0.016427359,-130.919064383,-0.111013976,142.886228576,44.941019511,0.004519675,-0.000641752,-0.000475824,-0.000097716,-0.000263170,-0.000298411,-0.000496673,-0.680730050,0.000059721,0.673882760,0.000085217,-0.234643435,-0.000260119,0.165623079,0.002326604,-0.000000204,-0.002303201,-0.000000291,0.000801966,0.000000889,-0.000566068,-1.361460101,0.000119442,1.347765520,0.000170434,-0.469286869,-0.000520238,0.331246158,-0.286358142,-0.049834422,0.154806266,0.028293625,0.313689639,0.345008417,0.091254409
7.750000000,0,7.750000000,sample,0.216534134,-0.000003935,0.216035278,0.216034089,0.000001189,1.188750135,0.000007430,1,1,2.000000000,0.080000000,2.000000000,0.002239790,0.001119895,0.001119895,0.003985855,0.003985855,-0.003985855,0.003577183,0.001718327,0.651735679,1,60.583187841,1,46.339197196,0.988018051,0.188580497,0.998809274,0.188580497,0.623764729,0.093807191,1.947681125,0.175083676,1.364782097,2.000000000,0.908077669,2.000000000,1.000000000,20.000000000,2.167405791,1.000000000,0.919419218,0.402543700,0.593022592,0.252850078,0.945214352,0.419831658,0.593022592,1,0,0,0.000000000,0.053114662,-0.974471199,0.154157011,-0.122186372,-0.016005127,0.142747786,0.375343767,12.123377501,0.016644583,-130.918887312,-0.111094276,142.886453758,44.941795000,-0.001337464,0.000497999,0.000262948,0.000809152,0.000151208,-0.000049290,0.000408257,-0.680729000,0.000060277,0.673881592,0.000085280,-0.234647766,-0.000260311,0.165626009,-0.000762345,0.000000068,0.000754677,0.000000096,-0.000262781,-0.000000292,0.000185484,-1.361458001,0.000120555,1.347763184,0.000170560,-0.469295533,-0.000520622,0.331252018,-0.118934227,-0.051070591,0.339106605,0.022371518,0.304956199,0.343813875,0.090676352
7.800000000,0,7.800000000,sample,0.216534248,0.000002267,0.216035284,0.216034301,0.000000983,0.983287746,0.000006146,0,0,2.000000000,0.080000000,0.000000000,0.000000000,0.000626034,0.000000000,0.003106936,0.003106936,-0.001447264,0.003106936,0.001384634,0.452129284,3,75.201193390,0,0.000000000,0.995041994,0.188383269,0.995432850,0.188856444,0.802268596,0.105349963,2.029761889,0.154584403,1.458800110,0.000000000,1.638143505,2.000000000,1.000000000,20.000000000,2.167389337,1.000000000,0.935171545,0.405275152,0.604411915,0.000000000,0.939066247,0.405942028,0.604411915,1,0,0,0.000000000,0.053616355,-0.981607415,0.153885474,-0.122166182,-0.016000021,0.142505014,0.375794311,12.123281773,0.016964117,-130.918979401,-0.111236581,142.886454591,44.942428902,0.000241396,0.000452328,0.001200736,0.000269694,-0.000136094,0.000165760,-0.000306333,0.000000000,0.000000000,0.000000000,0.000000000,0.000000000,0.000000000,0.000000000,-0.000426159,0.000000038,0.000421873,0.000000053,-0.000146896,-0.000000163,0.000103687,0.000000000,0.000000000,0.000000000,0.000000000,0.000000000,0.000000000,0.000000000,-0.125243662,-0.046651371,0.361135035,0.027465903,0.299182806,0.343176821,0.094857083
7.850000000,0,7.850000000,sample,0.216533926,-0.000006432,0.216035016,0.216033948,0.000001068,1.067956669,0.000006675,1,1,2.000000000,0.080000000,2.000000000,0.012088400,0.006044200,0.006044200,0.006920449,0.006920449,-0.004753921,0.006920449,0.006446225,0.937634001,1,48.871265540,1,46.339231336,0.993899398,0.188573995,0.997599855,0.189153107,0.617078399,0.082534820,1.980690368,0.159024420,1.413179845,2.000000000,0.881410113,2.000000000,1.000000000,20.000000000,2.167397307,1.000000000,1.058467219,0.423211847,0.595847036,0.248947809,1.117854544,0.441614917,0.624700300,1,0,0,0.000000000,0.052692820,-0.980628420,0.153060056,-0.122197312,-0.016054535,0.142724281,0.375822887,12.123326886,0.016825189,-130.918736510,-0.111134824,142.886202297,44.942459258,-0.004506426,-0.000106833,0.004287973,0.001093556,-0.000915008,-0.000466734,-0.000772573,-0.680729251,0.000060735,0.673882397,0.000085310,-0.234645749,-0.000260405,0.165624562,-0.004114464,0.000000367,0.004073080,0.000000516,-0.001418246,-0.000001574,0.001001068,-1.361458502,0.000121469,1.347764794,0.000170621,-0.469291498,-0.000520810,0.331249125,-0.079869455,0.008083578,0.370144959,-0.001197903,0.298365310,0.337771696,0.092026702
7.900000000,0,7.900000000,sample,0.216534303,0.000007550,0.216035414,0.216034288,0.000001126,1.125626669,0.000007035,1,1,2.000000000,0.080000000,2.000000000,0.000373505,0.000186752,0.000186752,0.008352963,0.008352963,-0.006157679,0.008352963,0.001337180,0.139661437,7,56.042194348,1,46.339281614,0.997428648,0.188406870,1.001904349,0.188818284,0.487836789,0.048331811,1.988221780,0.163365352,1.417873193,2.000000000,0.903622821,2.000000000,1.000000000,20.000000000,2.167389761,1.000000000,0.885313101,0.394273907,0.583099814,0.252051363,1.039702189,0.417901403,0.593273810,1,0,0,0.000000000,0.054708158,-0.983866416,0.154524435,-0.122205423,-0.016222405,0.142477425,0.376263895,12.123281773,0.016734021,-130.919037281,-0.111087076,142.886290353,44.942526058,-0.000502177,0.000091849,0.000095029,-0.000679688,0.000227028,0.000053112,-0.001001030,-0.680729620,0.000060499,0.673882177,0.000085274,-0.234645396,-0.000260292,0.165624439,-0.000127128,0.000000011,0.000125849,0.000000016,-0.000043821,-0.000000049,0.000030931,-1.361459241,0.000120998,1.347764354,0.000170547,-0.469290792,-0.000520585,0.331248877,-0.143130825,-0.054841943,0.312815433,0.026136270,0.304034563,0.342143732,0.092061789
7.950000000,0,7.950000000,sample,0.216534256,-0.000000949,0.216035357,0.216034243,0.000001114,1.113607555,0.000006960,1,1,2.000000000,0.080000000,2.000000000,-0.000028007,0.000014004,-0.000014004,0.003264863,0.003264863,-0.001192711,0.003264863,0.002499066,0.005603520,7,77.001078872,1,46.339255011,0.995723121,0.189491402,0.998935961,0.190013017,0.872333086,0.213950804,2.032736339,0.145338130,1.476490250,2.000000000,0.873193684,2.000000000,1.000000000,20.000000000,2.167389596,1.000000000,0.910737620,0.389938134,0.591113471,0.261895143,0.910737620,0.393689615,0.591757588,1,0,0,0.000000000,0.053575123,-0.982300373,0.153883778,-0.122247179,-0.015978887,0.143900292,0.376080117,12.123281779,0.016740292,-130.918984576,-0.111018507,142.886478668,44.943716973,0.000518038,-0.000254443,0.001048689,0.000023541,0.000020658,-0.000050246,-0.002192937,-0.680729425,0.000060503,0.673881973,0.000085221,-0.234646195,-0.000260132,0.165624941,0.000009533,-0.000000001,-0.000009437,-0.000000001,0.000003286,0.000000004,-0.000002319,-1.361458850,0.000121006,1.347763946,0.000170443,-0.469292390,-0.000520263,0.331249883,-0.126273498,-0.054725341,0.340961800,0.027291219,0.295419194,0.342573136,0.094056703
8.000000000,0,8.000000000,disturb_auto_release,0.000000000,,0.000000000,0.000000000,0.000000000,0.000000000,0.000000000,0,0,0.000000000,0.000000000,0.000000000,0.000000000,0.000000000,0.000000000,0.000000000,0.000000000,0.000000000,0.000000000,0.003195872,0.000000000,3,51.692841453,0,0.000000000,0.000000000,0.000000000,0.000000000,0.000000000,2.071404723,0.211583757,0.000000000,0.000000000,0.000000000,0.000000000,0.000000000,0.000000000,0.000000000,0.000000000,0.000000000,1.000000000,0.000000000,0.000000000,0.000000000,0.000000000,0.000000000,0.000000000,0.000000000,0,0,0,0.000000000,0.000000000,0.000000000,0.000000000,0.000000000,0.000000000,0.000000000,0.376848195,12.123283277,0.016585033,-130.918888236,-0.110977615,142.886471259,44.944753615,0.001173509,-0.000400868,0.002297760,0.000757894,0.001342844,-0.000223413,-0.000984141,0.000000000,0.000000000,0.000000000,0.000000000,0.000000000,0.000000000,0.000000000,0.000000000,0.000000000,0.000000000,0.000000000,0.000000000,0.000000000,0.000000000,0.000000000,0.000000000,0.000000000,0.000000000,0.000000000,0.000000000,0.000000000,0.000000000,0.000000000,0.000000000,0.000000000,0.000000000,0.000000000,0.000000000
8.000000000,0,8.000000000,sample,0.216534137,-0.000002382,0.216035291,0.216034074,0.000001217,1.216702111,0.000007604,1,1,2.000000000,0.080000000,2.000000000,0.000543168,0.000271584,0.000271584,0.003273162,0.003273162,-0.001807363,0.003273162,0.003195872,0.084979594,3,51.692841453,1,46.339243269,1.001173273,0.189821637,1.003837098,0.190316432,2.071404723,0.211583757,2.095890926,0.153656625,1.520490738,2.000000000,0.868973424,2.000000000,1.000000000,20.000000000,2.167390557,1.000000000,0.835535137,0.375584242,0.572321283,0.254342571,0.921144569,0.390147929,0.595459771,1,0,0,0.000000000,0.052858049,-0.987959717,0.153262994,-0.122237112,-0.015889749,0.144353241,0.376848195,12.123283277,0.016585033,-130.918888236,-0.110977615,142.886471259,44.944753615,0.001173509,-0.000400868,0.002297760,0.000757894,0.001342844,-0.000223413,-0.000984141,-0.680729339,0.000060109,0.673882085,0.000085190,-0.234646167,-0.000260036,0.165624878,-0.000184875,0.000000016,0.000183016,0.000000023,-0.000063726,-0.000000071,0.000044981,-1.361458678,0.000120217,1.347764171,0.000170380,-0.469292335,-0.000520071,0.331249755,-0.196424523,-0.060161992,0.259256695,0.031121501,0.298790216,0.344115571,0.097344191
8.050000000,0,8.050000000,sample,0.216534214,0.000001541,0.216035361,0.216034181,0.000001180,1.179915005,0.000007374,1,1,2.000000000,0.080000000,2.000000000,-0.000594188,0.000297094,-0.000297094,0.003738026,0.003738026,-0.000637339,0.003738026,0.001626650,0.182641722,2,65.108268108,1,46.339174288,0.995645246,0.191230681,1.001057985,0.191237420,0.651873279,0.067244457,1.986803262,0.166335630,1.413096623,2.000000000,0.912430241,2.000000000,0.993844170,19.876883406,2.154083849,1.000000000,0.912104123,0.380044499,0.580410888,0.253331626,0.931723365,0.382614682,0.586781478,1,0,0,0.000000000,0.054990239,-0.981796882,0.156078224,-0.122217057,-0.016412690,0.146160145,0.376127364,12.123489142,0.016644583,-130.918968835,-0.111019261,142.886231394,44.945930390,-0.000111598,0.001312539,-0.000272366,0.000249225,0.000206025,-0.000065419,-0.000853086,-0.680728832,0.000060265,0.673881196,0.000085223,-0.234648814,-0.000260137,0.165626830,0.000202241,-0.000000018,-0.000200206,-0.000000025,0.000069713,0.000000077,-0.000049207,-1.361457664,0.000120530,1.347762391,0.000170446,-0.469297627,-0.000520275,0.331253660,-0.136984485,-0.047769255,0.317011481,0.022094876,0.296340760,0.342930963,0.097088585
8.100000000,0,8.100000000,sample,0.216534359,0.000002907,0.216035443,0.216034362,0.000001081,1.081112953,0.000006757,1,1,2.000000000,0.080000000,2.000000000,-0.000436563,0.000218281,-0.000218281,0.001583238,0.001583238,-0.001357090,0.001583238,0.001098821,0.198650598,2,44.841454036,1,46.339331040,0.997206154,0.192107094,0.998371894,0.192238130,0.430226959,0.064457573,2.008227696,0.162457249,1.425996442,2.000000000,0.896074792,2.000000000,0.975528258,19.510565163,2.114333443,1.000000000,0.916128255,0.386900606,0.598008504,0.272305830,0.941846176,0.388335051,0.599693298,1,0,0,0.000000000,0.054609891,-0.983750575,0.153859287,-0.122174825,-0.016117585,0.147372560,0.376180348,12.123186064,0.016807566,-130.919079663,-0.111143902,142.886330897,44.947455178,0.000473789,-0.000735812,0.000140130,-0.000403696,-0.000095822,0.000494022,-0.000075269,-0.680729983,0.000060692,0.673882599,0.000085317,-0.234643878,-0.000260424,0.165623380,0.000148591,-0.000000013,-0.000147096,-0.000000019,0.000051218,0.000000057,-0.000036153,-1.361459967,0.000121383,1.347765198,0.000170634,-0.469287757,-0.000520847,0.331246759,-0.127917389,-0.056886159,0.352847290,0.025466731,0.292393903,0.343311694,0.097511019
8.150000000,0,8.150000000,sample,0.216534193,-0.000003321,0.216035307,0.216034184,0.000001123,1.123233670,0.000007020,1,1,2.000000000,0.080000000,2.000000000,0.005834009,0.002917004,0.002917004,0.002917004,0.002917004,-0.002419116,0.002917004,0.006217092,0.469191129,1,91.635358361,1,46.339222164,0.996574198,0.192469805,1.000277910,0.192755409,4.036830278,0.445960962,1.801515361,0.219289340,1.207668328,2.000000000,1.004401664,2.000000000,0.945503262,18.910065242,2.049289931,1.000000000,0.946196457,0.399861668,0.620614863,0.282269755,1.096431477,0.432561616,0.620614863,1,0,0,0.000000000,0.054267698,-0.982979373,0.154811825,-0.122091060,-0.016216622,0.147903415,0.376152398,12.123377488,0.016767005,-130.918947598,-0.111265278,142.886289349,44.948015251,-0.005951396,0.000787522,-0.001540560,-0.000273318,0.000383497,0.000128302,-0.000037034,-0.680729184,0.000060612,0.673881754,0.000085411,-0.234647072,-0.000260712,0.165625579,-0.001985690,0.000000177,0.001965716,0.000000249,-0.000684467,-0.000000760,0.000483131,-1.361458368,0.000121223,1.347763509,0.000170822,-0.469294143,-0.000521423,0.331251158,-0.094733078,-0.063805472,0.400160284,0.031855059,0.289693142,0.342782462,0.097736294
8.200000000,0,8.200000000,sample,0.216534012,-0.000003615,0.216035184,0.216033930,0.000001255,1.254841826,0.000007843,1,1,2.000000000,0.080000000,2.000000000,-0.003320458,0.001660229,-0.001660229,0.007147887,0.004968277,-0.002660873,0.004968277,0.002566915,0.646779783,1,43.438556808,1,46.339357974,0.994131912,0.192552549,1.000943167,0.192962981,1.175634223,0.122436602,1.998364467,0.159813569,1.415002136,2.000000000,0.925065467,2.000000000,0.904508497,18.090169944,1.960389336,1.000000000,0.923501653,0.392737352,0.598831078,0.250129048,1.088691293,0.446693457,0.678368553,1,0,0,0.000000000,0.052119981,-0.981211742,0.151014185,-0.122012998,-0.015764882,0.148124208,0.376153906,12.123074410,0.016589559,-130.918800472,-0.111338666,142.886289890,44.948123170,0.001691801,-0.001550612,-0.000921952,0.000526291,-0.000362891,-0.000189977,0.000166456,-0.680730181,0.000060180,0.673883592,0.000085465,-0.234641650,-0.000260877,0.165621682,0.001130168,-0.000000100,-0.001118801,-0.000000142,0.000389559,0.000000433,-0.000274970,-1.361460363,0.000120360,1.347767184,0.000170931,-0.469283300,-0.000521755,0.331243365,-0.091027858,-0.065565663,0.360236888,0.030674646,0.298441314,0.342709809,0.093728074
8.250000000,0,8.250000000,sample,0.216534497,0.000009690,0.216035656,0.216034421,0.000001236,1.235501556,0.000007722,1,1,2.000000000,0.080000000,2.000000000,-0.006321229,0.003160614,-0.003160614,0.004590347,0.004590347,-0.004590347,0.003191099,0.003475974,0.909274389,1,41.556298708,1,46.339344903,0.991475965,0.193004832,0.997757949,0.193580261,0.678685397,0.060269218,2.003582199,0.169293185,1.425197789,2.000000000,1.001102441,2.000000000,0.853553391,17.071067812,1.849968116,1.000000000,0.846648814,0.388367693,0.585715522,0.266121559,1.066764269,0.431639509,0.592446114,1,0,0,0.000000000,0.055491075,-0.977772891,0.154614046,-0.122163158,-0.016229089,0.148538362,0.375773795,12.123186070,0.016574130,-130.919191946,-0.111078345,142.886329833,44.947933709,0.002240758,-0.000025139,-0.001690257,-0.001079903,0.001436672,0.000228745,-0.000959822,-0.680730085,0.000060098,0.673882472,0.000085266,-0.234643900,-0.000260270,0.165623448,0.002151525,-0.000000190,-0.002129883,-0.000000269,0.000741619,0.000000823,-0.000523472,-1.361460171,0.000120196,1.347764944,0.000170533,-0.469287800,-0.000520540,0.331246897,-0.177208227,-0.064926632,0.297528829,0.028889601,0.301559670,0.343511539,0.095645305
8.300000000,0,8.300000000,sample,0.216534079,-0.000008365,0.216035142,0.216034119,0.000001023,1.023383682,0.000006396,1,1,2.000000000,0.080000000,2.000000000,0.001605905,0.000802953,0.000802953,0.004072271,0.004072271,-0.000829840,0.004072271,0.001457680,0.550842720,1,52.346997475,1,46.339240286,0.987559459,0.193480301,0.992426630,0.193711363,0.650459239,0.127073486,1.946973874,0.182589378,1.353327139,2.000000000,1.045505887,2.000000000,0.793892626,15.877852523,1.720679551,1.000000000,0.851449397,0.399728796,0.586657124,0.273689452,0.921775359,0.402634191,0.599768589,1,0,0,0.000000000,0.053334892,-0.974065997,0.153702663,-0.122101332,-0.016080957,0.149222299,0.375037290,12.123322375,0.016916854,-130.918855349,-0.111300890,142.886275894,44.948394129,-0.001054650,-0.000195158,0.000050547,0.000465672,0.000341881,0.000104224,0.000792028,-0.680729317,0.000060991,0.673882183,0.000085438,-0.234646012,-0.000260794,0.165624790,-0.000546593,0.000000049,0.000541095,0.000000069,-0.000188410,-0.000000209,0.000132989,-1.361458634,0.000121983,1.347764365,0.000170876,-0.469292025,-0.000521588,0.331249580,-0.196501587,-0.054462447,0.290046535,0.024739784,0.301475621,0.344134573,0.092370699
8.350000000,0,8.350000000,sample,0.216534120,0.000000831,0.216035274,0.216034058,0.000001215,1.215476979,0.000007597,1,1,2.000000000,0.080000000,2.000000000,0.006407047,0.003203524,0.003203524,0.010641364,0.010641364,-0.010641364,0.004736888,0.005553429,0.576855078,1,89.177061793,1,46.339241230,0.980324361,0.194203440,0.990125448,0.194203440,3.171013203,0.407165108,1.803516959,0.216283927,1.204101315,2.000000000,1.119069574,2.000000000,0.726995250,14.539904997,1.575680978,1.000000000,0.811853624,0.405327425,0.584113499,0.260842329,1.097855192,0.440480736,0.618142328,1,0,0,0.000000000,0.052563687,-0.966861251,0.153141221,-0.122185843,-0.015854535,0.150114055,0.374565626,12.123281940,0.016599377,-130.918874020,-0.111053592,142.886480412,44.948306703,-0.005244303,0.000313653,-0.000624190,0.001351057,0.000398455,-0.000269613,0.000890535,-0.680729324,0.000060157,0.673882096,0.000085248,-0.234646179,-0.000260214,0.165624877,-0.002180733,0.000000193,0.002158797,0.000000273,-0.000751695,-0.000000834,0.000530583,-1.361458648,0.000120315,1.347764193,0.000170497,-0.469292358,-0.000520427,0.331249755,-0.213624004,-0.064341958,0.257223143,0.029512409,0.312393792,0.343593945,0.093445542
8.400000000,0,8.400000000,sample,0.216534027,-0.000001861,0.216034846,0.216034302,0.000000544,0.543965911,0.000003400,0,0,2.000000000,0.080000000,0.000000000,0.000000000,0.003104604,0.000000000,0.004772330,0.003935961,-0.003935961,0.003197877,0.003896197,0.796829381,3,94.581773143,0,0.000000000,0.963411645,0.195366419,0.983954391,0.195812239,1.722188039,0.202546776,2.009191247,0.153167904,1.447614912,0.000000000,1.187508213,2.000000000,0.654508497,13.090169944,1.418575410,1.000000000,0.865365050,0.409396614,0.601384872,0.000000000,0.906546317,0.418513675,0.609433385,1,0,0,0.000000000,0.051647367,-0.949822493,0.152747431,-0.122285491,-0.015738284,0.151547361,0.371701169,12.123307869,0.017598130,-130.918793416,-0.111240160,142.886541531,44.948001324,-0.000723699,-0.000096383,0.003789175,0.000248975,-0.000364005,0.000262103,-0.000162142,0.000000000,0.000000000,0.000000000,0.000000000,0.000000000,0.000000000,0.000000000,-0.002113394,0.000000195,0.002092137,0.000000265,-0.000728486,-0.000000809,0.000514201,0.000000000,0.000000000,0.000000000,0.000000000,0.000000000,0.000000000,0.000000000,-0.151694010,-0.068652022,0.328436496,0.037088255,0.310783678,0.345767111,0.092477735
8.450000000,0,8.450000000,sample,0.216534231,0.000004077,0.216035401,0.216034166,0.000001234,1.234452029,0.000007715,1,1,2.000000000,0.080000000,2.000000000,0.005183747,0.002591874,0.002591874,0.013977101,0.013977101,-0.010430602,0.013977101,0.003680775,0.704165267,3,66.303021006,1,46.339221330,0.897630766,0.200780549,0.962077527,0.200952237,0.981395988,0.152195444,1.843376040,0.165413494,1.309121010,2.000000000,1.323558955,2.000000000,0.578217233,11.564344650,1.253228044,1.000000000,0.894889384,0.446793294,0.599215496,0.281070279,0.937723615,0.478472766,0.615791130,1,0,0,0.000000000,0.053984442,-0.882465084,0.155183913,-0.122059819,-0.016270439,0.158585946,0.365479890,12.123391037,0.016606355,-130.918979931,-0.111263401,142.886269945,44.947866719,-0.001379087,0.000482904,0.002997132,0.000388610,0.000586308,0.000150289,-0.001383063,-0.680729178,0.000060211,0.673881670,0.000085410,-0.234647236,-0.000260708,0.165625714,-0.001764364,0.000000156,0.001746616,0.000000221,-0.000608176,-0.000000676,0.000429281,-1.361458355,0.000120421,1.347763340,0.000170819,-0.469294472,-0.000521415,0.331251428,-0.213554795,-0.024753213,0.291084130,0.014984747,0.320241786,0.342599230,0.089203650
8.500000000,0,8.500000000,sample,0.216534312,0.000001622,0.216035717,0.216034002,0.000001714,1.714329828,0.000010715,1,1,2.000000000,0.080000000,2.000000000,0.014787962,0.007393981,0.007393981,0.009726410,0.007965953,-0.006280257,0.007965953,0.008813429,0.838944826,3,69.262089608,1,46.339215190,0.828525258,0.206831728,0.894132134,0.206831728,2.597879271,0.140156790,1.786760960,0.192473475,1.245980534,2.000000000,1.440500198,2.000000000,0.500000000,10.000000000,1.083696377,1.000000000,0.806673776,0.480811315,0.629010766,0.326471698,0.941624130,0.484278005,0.654374831,1,0,0,0.000000000,0.053251719,-0.812128081,0.155133289,-0.121945539,-0.016117991,0.166279462,0.358620958,12.123377482,0.015906566,-130.919032590,-0.111212729,142.886452300,44.947977050,-0.003036611,0.001070706,0.007334875,-0.000005759,0.000877308,-0.000243826,0.003560839,-0.680729133,0.000058456,0.673881429,0.000085371,-0.234647792,-0.000260589,0.165626096,-0.005033298,0.000000432,0.004982666,0.000000631,-0.001734981,-0.000001927,0.001224636,-1.361458265,0.000116912,1.347762857,0.000170742,-0.469295583,-0.000521177,0.331252192,-0.296886650,-0.048343761,0.274832758,0.028421405,0.321158033,0.343372046,0.088250078
8.550000000,0,8.550000000,sample,0.216534330,0.000000361,0.216035165,0.216034598,0.000000567,0.567085538,0.000003544,0,0,2.000000000,0.080000000,0.000000000,0.000000000,0.006964726,0.000000000,0.011263742,0.011116071,-0.011116071,0.009552732,0.007479627,0.931159482,1,70.341976671,0,0.000000000,0.782649861,0.211272168,0.830036423,0.211272168,1.530568236,0.242597418,1.512635990,0.214292927,1.013478294,0.000000000,0.875062825,2.000000000,0.421782767,8.435655350,0.914167139,1.000000000,0.783073729,0.536494479,0.652802161,0.000000000,1.027694627,0.542471363,0.657742410,1,0,0,0.000000000,0.053914405,-0.765123761,0.155626707,-0.122303981,-0.016340707,0.171495325,0.351822212,12.123377482,0.017556008,-130.919061465,-0.111190385,142.886255641,44.947988613,-0.006273172,0.001177561,0.003700703,-0.000278775,-0.000025826,-0.000233313,0.001173651,0.000000000,0.000000000,0.000000000,0.000000000,0.000000000,0.000000000,0.000000000,-0.004741093,0.000000436,0.004693401,0.000000594,-0.001634252,-0.000001815,0.001153537,0.000000000,0.000000000,0.000000000,0.000000000,0.000000000,0.000000000,0.000000000,-0.380931362,-0.045011005,0.205349769,0.031270384,0.332100689,0.344030506,0.084980862
8.600000000,0,8.600000000,sample,0.216534205,-0.000002508,0.216034828,0.216034668,0.000000160,0.159786850,0.000000999,0,0,2.000000000,0.080000000,0.000000000,0.000000000,0.004000979,0.000000000,0.011357862,0.011357862,-0.011357862,0.006487718,0.005277938,0.758057294,1,88.467030468,0,0.000000000,0.750235197,0.213406171,0.779080062,0.213809567,1.931009148,0.304662841,1.596451938,0.149049864,1.128622257,0.000000000,0.869314655,2.000000000,0.345491503,6.909830056,0.748807728,1.000000000,0.766315838,0.514284899,0.647169169,0.000000000,1.000481658,0.527917799,0.656592779,1,0,0,0.000000000,0.051279002,-0.732584668,0.153437344,-0.122501122,-0.015815901,0.174027372,0.347703245,12.123281773,0.018124278,-130.918936542,-0.111074284,142.886559869,44.946865447,0.004964266,0.000291992,-0.001175285,-0.000197867,-0.001106666,0.000438306,-0.000538675,0.000000000,0.000000000,0.000000000,0.000000000,0.000000000,0.000000000,0.000000000,0.002723584,-0.000000256,-0.002696188,-0.000000341,0.000938816,0.000001041,-0.000662663,0.000000000,0.000000000,0.000000000,0.000000000,0.000000000,0.000000000,0.000000000,-0.308264652,-0.065992223,0.286243938,0.029050119,0.333332995,0.344633050,0.082362237
8.650000000,0,8.650000000,sample,0.216534068,-0.000002738,0.216035537,0.216033695,0.000001842,1.842091913,0.000011513,1,1,2.000000000,0.080000000,2.000000000,0.007998922,0.003999461,0.003999461,0.011861216,0.011861216,-0.011861216,0.007671716,0.004352157,0.918960698,3,55.813244066,1,46.339306685,0.698859020,0.217698387,0.750062705,0.217698387,0.890378069,0.100118330,1.414414893,0.197434798,0.940666404,2.000000000,1.715686704,2.000000000,0.273004750,5.460095003,0.591697132,1.000000000,0.757816640,0.583707807,0.676417382,0.341640482,0.885425951,0.593348885,0.684842920,1,0,0,0.000000000,0.050906779,-0.680148239,0.152350918,-0.121948160,-0.015887010,0.179635289,0.344582634,12.123186064,0.015712023,-130.918845841,-0.111150056,142.886291943,44.947054440,-0.002519614,-0.000404354,0.003251421,0.000850462,0.000314615,0.000135691,0.001008412,-0.680729805,0.000057959,0.673882922,0.000085321,-0.234643655,-0.000260438,0.165623119,-0.002722552,0.000000232,0.002695169,0.000000341,-0.000938448,-0.000001042,0.000662403,-1.361459609,0.000115918,1.347765844,0.000170643,-0.469287309,-0.000520876,0.331246237,-0.418659645,-0.053505197,0.184982314,0.026141008,0.346590037,0.343255261,0.080939075
8.700000000,0,8.700000000,sample,0.216534375,0.000006134,0.216034730,0.216035096,0.000000365,0.365324540,0.000002283,0,0,2.000000000,0.080000000,0.000000000,0.000000000,0.010306778,0.000000000,0.012745997,0.010027830,-0.010027830,0.009068856,0.010589212,0.973328124,3,52.046860018,0,0.000000000,0.642114558,0.223610849,0.699668491,0.223610849,0.432553085,0.090550884,1.297876558,0.192340221,0.867778031,0.000000000,0.701014655,2.000000000,0.206107374,4.122147477,0.446706221,1.000000000,0.780831968,0.549689207,0.659380138,0.000000000,0.800260004,0.580863736,0.673666442,1,0,0,0.000000000,0.051630713,-0.621338952,0.153568491,-0.122684333,-0.015895410,0.186273192,0.334916130,12.123186064,0.018873887,-130.919078083,-0.111032148,142.886514296,44.947023383,-0.007240603,-0.000523904,0.007639429,-0.000114927,-0.001014087,0.000160539,-0.000048649,0.000000000,0.000000000,0.000000000,0.000000000,0.000000000,0.000000000,0.000000000,-0.007016131,0.000000678,0.006945556,0.000000878,-0.002418430,-0.000002681,0.001707049,0.000000000,0.000000000,0.000000000,0.000000000,0.000000000,0.000000000,0.000000000,-0.311544484,-0.056571043,0.294484716,0.021406029,0.351281080,0.342714565,0.080565387
8.750000000,0,8.750000000,sample,0.216533972,-0.000008054,0.216033814,0.216035215,0.000001401,1.401234050,0.000008758,1,1,2.000000000,0.080000000,2.000000000,-0.007100024,0.003550012,-0.003550012,0.013602381,0.011864981,-0.009563225,0.011864981,0.007532674,0.471281778,2,57.518570180,1,46.339268395,0.595004223,0.227756784,0.646319004,0.228087691,3.177985760,0.254276129,1.133334044,0.209185388,0.764900327,2.000000000,2.304481602,2.000000000,0.146446609,2.928932188,0.317400344,1.000000000,0.777354932,0.570087400,0.671631168,-0.356374593,0.802037341,0.630330812,0.705874013,1,0,0,0.000000000,0.048578368,-0.573385017,0.151326766,-0.122965721,-0.015542388,0.191078565,0.328174016,12.123186064,0.020377874,-130.918748638,-0.111097010,142.886535240,44.946609375,-0.004144170,0.005712855,0.000513098,0.001533884,-0.002003154,0.000153573,-0.000527294,0.680729523,-0.000069592,-0.673882689,-0.000085281,0.234644687,0.000260313,-0.165623754,-0.002416598,0.000000247,0.002392292,0.000000303,-0.000832992,-0.000000924,0.000587966,1.361459047,-0.000139184,-1.347765378,-0.000170562,0.469289375,0.000520627,-0.331247509,-0.341859291,-0.053604140,0.286625642,0.028049005,0.352002099,0.343734827,0.079668897
8.800000000,0,8.800000000,sample,0.216533920,-0.000001030,0.216037009,0.216031938,0.000005071,5.070794794,0.000031692,1,1,2.000000000,0.080000000,2.000000000,0.018904589,0.009452294,0.009452294,0.031322786,0.031322786,-0.031322786,0.014684794,0.011849337,0.797706603,1,88.095816470,1,46.339156687,0.512264312,0.231661782,0.593099720,0.231661782,4.003139921,0.618384830,0.829060579,0.283586801,0.536978205,2.000000000,1.924328332,2.000000000,0.095491503,1.909830056,0.206966711,1.000000000,0.823216616,0.582345829,0.667094959,0.339145549,0.850529492,0.674446508,0.729337013,1,0,0,0.000000000,0.048534061,-0.486423334,0.153138857,-0.121502461,-0.015734733,0.196613202,0.328621328,12.123403578,0.010908787,-130.918712476,-0.110239723,142.886512049,44.942647976,-0.011121713,-0.000328397,0.003284574,0.000669398,0.002102383,0.000038269,0.000973878,-0.680728703,0.000045821,0.673881567,0.000084624,-0.234648438,-0.000258309,0.165626391,-0.006434448,0.000000433,0.006369727,0.000000800,-0.002217966,-0.000002442,0.001565549,-1.361457406,0.000091643,1.347763134,0.000169249,-0.469296876,-0.000516618,0.331252781,-0.298589346,-0.038586929,0.310698616,0.020601467,0.365770143,0.343502062,0.075044127
8.850000000,0,8.850000000,sample,0.216534351,0.000008602,0.216035159,0.216034622,0.000000538,0.537747302,0.000003361,0,0,2.000000000,0.080000000,0.000000000,0.000000000,0.023873525,0.000000000,0.033345558,0.033345558,-0.033345558,0.021745057,0.025497636,0.936303470,1,71.579310365,0,0.000000000,0.460308597,0.229515340,0.509913219,0.234892367,4.053877856,0.525360596,0.722236290,0.270757422,0.491412848,0.000000000,0.477937186,2.000000000,0.054496738,1.089934758,0.118112060,1.000000000,0.992380851,0.582951472,0.659888747,0.000000000,1.108942609,0.604219644,0.708240092,1,0,0,0.000000000,0.050963277,-0.431188187,0.152851223,-0.122658485,-0.016006852,0.193328653,0.315796237,12.123074905,0.017510706,-130.919075058,-0.110660396,142.886296096,44.933328753,-0.021572162,-0.001790853,0.013454972,-0.000535782,-0.000211298,-0.000078855,0.000435781,0.000000000,0.000000000,0.000000000,0.000000000,0.000000000,0.000000000,0.000000000,-0.016251435,0.000001489,0.016087969,0.000002028,-0.005601726,-0.000006190,0.003953978,0.000000000,0.000000000,0.000000000,0.000000000,0.000000000,0.000000000,0.000000000,-0.192497964,0.023428212,0.383482272,-0.015318873,0.364728944,0.336598961,0.065034045
8.900000000,0,8.900000000,sample,0.216534077,-0.000005473,0.216033341,0.216035886,0.000002545,2.544990447,0.000015906,1,1,2.000000000,0.080000000,2.000000000,0.020284074,0.010142037,0.010142037,0.035669013,0.035669013,-0.035669013,0.025139678,0.010859028,0.933972794,3,48.318582477,1,46.339465074,0.423796545,0.233065412,0.464669576,0.233196861,1.013571257,0.228363893,0.805680300,0.172567519,0.519103503,2.000000000,2.095094078,2.000000000,0.024471742,0.489434837,0.053037349,1.000000000,0.772436030,0.673206342,0.697435793,-0.343306796,0.984931320,0.723003861,0.733530455,1,0,0,0.000000000,0.048518940,-0.393511326,0.149660485,-0.124209347,-0.015645893,0.196587717,0.307149149,12.122882986,0.021775919,-130.918855407,-0.109585175,142.886255574,44.931252205,0.006878516,-0.001651008,-0.007548281,-0.000088589,-0.000675814,-0.000373217,-0.003209093,0.680730968,-0.000072824,-0.673884625,-0.000084118,0.234638132,0.000256765,-0.165619234,0.006903999,-0.000000739,-0.006834563,-0.000000853,0.002379709,0.000002604,-0.001679716,1.361461936,-0.000145648,-1.347769249,-0.000168236,0.469276264,0.000513530,-0.331238469,-0.428787895,-0.046292718,0.192560003,0.016343747,0.377171137,0.342030874,0.061846201
8.950000000,0,8.950000000,sample,0.216533958,-0.000002375,0.216037881,0.216031147,0.000006734,6.734037442,0.000042088,1,1,2.000000000,0.080000000,2.000000000,-0.009447152,0.004723576,-0.004723576,0.036740732,0.036740732,-0.036740732,0.020435323,0.006955883,0.679076349,3,57.670651019,1,46.339111865,0.351930753,0.234125854,0.421121057,0.238387031,2.757822265,0.098934983,0.575290775,0.209597488,0.402262511,2.000000000,2.030665758,2.000000000,0.006155830,0.123116594,0.013342134,1.000000000,0.729756936,0.687274823,0.704199688,0.351865280,0.976913853,0.743275234,0.715708196,1,0,0,0.000000000,0.048128928,-0.312642679,0.154251149,-0.121409190,-0.015877150,0.199556108,0.312432506,12.123499788,0.008404673,-130.918745532,-0.109592256,142.886513378,44.926436213,0.000355879,0.000002800,-0.005282381,0.000791520,0.000862768,0.000361462,-0.004341956,-0.680728374,0.000039464,0.673880996,0.000084128,-0.234650164,-0.000256794,0.165627625,0.003215472,-0.000000186,-0.003183128,-0.000000397,0.001108388,0.000001213,-0.000782355,-1.361456747,0.000078928,1.347761993,0.000168256,-0.469300327,-0.000513587,0.331255250,-0.388698936,-0.067727086,0.251941181,0.030417286,0.392159489,0.344495375,0.057945512
9.000000000,0,9.000000000,sample,0.216534138,0.000003593,0.216036136,0.216033216,0.000002921,2.920662184,0.000018254,1,1,2.000000000,0.080000000,2.000000000,0.045965272,0.022982636,0.022982636,0.036344078,0.036344078,-0.036344078,0.022982636,0.024639478,0.932756617,1,72.290039477,1,46.339332573,0.317887243,0.233300251,0.350722697,0.238216059,3.947073824,0.525804659,0.460811010,0.274465215,0.445039945,2.000000000,2.048923201,2.000000000,0.000000000,0.000000000,0.000000000,1.000000000,0.737777546,0.660190556,0.674051600,0.305591938,0.941115864,0.741688235,0.726996625,1,0,0,0.000000000,0.047620270,-0.275493234,0.151288094,-0.122439544,-0.015572543,0.197977426,0.302652899,12.123087938,0.013941777,-130.918883698,-0.109841989,142.886559664,44.920691580,-0.020949359,-0.000479725,0.012947982,0.000276319,0.000172200,0.000438513,0.000222642,-0.680729995,0.000053321,0.673883041,0.000084317,-0.234643077,-0.000257371,0.165622679,-0.015644970,0.000001225,0.015487609,0.000001938,-0.005392716,-0.000005915,0.003806446,-1.361459989,0.000106642,1.347766081,0.000168634,-0.469286154,-0.000514742,0.331245358,-0.297566532,-0.070075114,0.280412954,0.021897699,0.402233452,0.342535702,0.051534512
9.050000000,0,9.050000000,sample,0.216533954,-0.000003672,0.216031881,0.216037112,0.000005231,5.231286700,0.000032696,1,1,2.000000000,0.080000000,2.000000000,-0.029373210,0.014686605,-0.014686605,0.041271213,0.041271213,-0.041271213,0.023183139,0.019765612,0.743038220,1,52.321873047,1,46.339345545,0.327226781,0.231428685,0.333042663,0.234858634,1.430616912,0.778565145,0.586772440,0.310186217,0.489988176,2.000000000,2.059151068,2.000000000,0.000000000,0.000000000,0.000000000,1.000000000,0.798217441,0.665332556,0.673129303,-0.318686661,0.927135996,0.791193877,0.738635809,1,0,0,0.000000000,0.047363579,-0.286620148,0.150608595,-0.124912901,-0.015671970,0.194191640,0.291547906,12.123074905,0.025690539,-130.918750735,-0.109844895,142.886339078,44.917289809,-0.014297230,0.000232475,0.010372754,0.001147767,0.008788182,-0.000215715,0.000156536,0.680730090,-0.000082636,-0.673883568,-0.000084319,0.234641885,0.000257377,-0.165621818,-0.009997614,0.000001214,0.009897062,0.000001238,-0.003446093,-0.000003780,0.002432422,1.361460180,-0.000165272,-1.347767136,-0.000168638,0.469283771,0.000514755,-0.331243635,-0.311539078,-0.039110093,0.283130041,0.018416228,0.393158551,0.342075603,0.049251599
9.100000000,0,9.100000000,sample,0.216534230,0.000005521,0.216037030,0.216032514,0.000004516,4.516465335,0.000028228,1,1,2.000000000,0.080000000,2.000000000,-0.069734810,0.034867405,-0.034867405,0.040102934,0.040102934,-0.040102934,0.025225318,0.035871549,0.972007226,3,49.968446683,1,46.339297448,0.337193427,0.224291524,0.343421657,0.231450920,1.154373635,0.460129672,0.616848149,0.132732427,0.405037038,2.000000000,2.040633285,2.000000000,0.000000000,0.000000000,0.000000000,1.000000000,0.748961563,0.713391829,0.702032264,0.348105096,0.800114032,0.789412228,0.757574627,1,0,0,0.000000000,0.048854165,-0.296586412,0.152804377,-0.122332103,-0.015815654,0.187327012,0.307378949,12.123186066,0.011538281,-130.918963929,-0.109215439,142.886515371,44.911916208,0.024582435,-0.000826594,-0.025357011,-0.000060343,0.000067104,0.000369586,-0.006218193,-0.680729737,0.000047218,0.673882470,0.000083837,-0.234644651,-0.000255905,0.165623838,0.023735280,-0.000001646,-0.023496533,-0.000002923,0.008181450,0.000008923,-0.005774873,-1.361459473,0.000094437,1.347764939,0.000167673,-0.469289302,-0.000511810,0.331247675,-0.381540198,-0.057828815,0.258086046,0.025563025,0.395715886,0.343631437,0.044684483
9.150000000,0,9.150000000,sample,0.216534201,-0.000000588,0.216037693,0.216031785,0.000005908,5.907504826,0.000036922,1,1,2.000000000,0.080000000,2.000000000,0.020577513,0.010288757,0.010288757,0.040773746,0.040773746,-0.040773746,0.026556203,0.010817730,0.951101219,1,62.301267291,1,46.339414533,0.311322579,0.226420467,0.336496731,0.229226323,0.963445883,0.202015358,0.597099322,0.225478200,0.448824086,2.000000000,2.049744885,2.000000000,0.000000000,0.000000000,0.000000000,1.000000000,0.793534705,0.714362724,0.686849844,0.315440787,0.793534705,0.753034064,0.721624258,1,0,0,0.000000000,0.048414050,-0.267920705,0.150984514,-0.121878521,-0.015713382,0.190170828,0.306383146,12.122978695,0.009543196,-130.918951040,-0.109274669,142.886391223,44.911860892,-0.008538559,0.000363403,0.006568378,-0.000441276,0.000303288,0.000135885,0.000731759,-0.680730597,0.000042250,0.673883802,0.000083881,-0.234640424,-0.000256040,0.165620872,-0.007003871,0.000000435,0.006933426,0.000000863,-0.002414158,-0.000002634,0.001704033,-1.361461193,0.000084499,1.347767604,0.000167761,-0.469280848,-0.000512079,0.331241743,-0.342112663,-0.037969948,0.254821666,0.023008033,0.410210672,0.343027185,0.043313054
9.200000000,0,9.200000000,sample,0.216534119,-0.000001641,0.216033643,0.216035707,0.000002064,2.064365348,0.000012902,1,1,2.000000000,0.080000000,2.000000000,-0.050858187,0.025429094,-0.025429094,0.036568829,0.036568829,-0.036568829,0.024456830,0.026254840,0.968548783,3,49.961131833,1,46.339159858,0.322791505,0.225672273,0.322791505,0.229858354,0.792275172,0.349668888,0.676847192,0.244979833,0.476004376,2.000000000,2.055880958,2.000000000,0.000000000,0.000000000,0.000000000,1.000000000,0.782807205,0.661643092,0.671810932,-0.300220586,1.035852589,0.731529445,0.707825749,1,0,0,0.000000000,0.049972361,-0.278429538,0.155480259,-0.124145872,-0.016302444,0.187749853,0.295467204,12.123489217,0.021074711,-130.918888336,-0.109532368,142.886270222,44.910003759,-0.018038843,0.000359831,0.018557758,0.000490129,0.000332052,0.000241913,0.004357513,0.680728726,-0.000071069,-0.673881227,-0.000084082,0.234648980,0.000256653,-0.165626905,-0.017310315,0.000001807,0.017136189,0.000002138,-0.005966911,-0.000006526,0.004211742,1.361457452,-0.000142137,-1.347762454,-0.000168163,0.469297961,0.000513307,-0.331253809,-0.252499828,-0.054820148,0.320062617,0.026325095,0.403032209,0.342127002,0.044154049
9.250000000,0,9.250000000,sample,0.216534069,-0.000001002,0.216033629,0.216035592,0.000001964,1.963980534,0.000012275,1,1,2.000000000,0.080000000,2.000000000,0.034459218,0.017229609,0.017229609,0.033765092,0.033765092,-0.033765092,0.020843710,0.017589092,0.979562158,1,51.183881763,1,46.339357341,0.344473162,0.222187685,0.348770706,0.225991642,0.841786403,0.166293958,0.725183200,0.215875459,0.483579934,2.000000000,2.057637970,2.000000000,0.000000000,0.000000000,0.000000000,1.000000000,0.751381472,0.701314544,0.695882202,-0.342488313,0.815082290,0.777439332,0.739131635,1,0,0,0.000000000,0.048213417,-0.305727424,0.151221586,-0.124550578,-0.015782219,0.183317873,0.298611558,12.123074459,0.020805717,-130.918842466,-0.108780158,142.886339895,44.907852709,0.012583749,-0.000149283,-0.011051993,-0.000163709,0.005348320,0.000410862,0.000237606,0.680730177,-0.000070268,-0.673883465,-0.000083502,0.234641900,0.000254883,-0.165621873,0.011728715,-0.000001211,-0.011610749,-0.000001439,0.004042788,0.000004392,-0.002853600,1.361460353,-0.000140536,-1.347766929,-0.000167003,0.469283799,0.000509765,-0.331243745,-0.366967535,-0.057410127,0.263851126,0.023937268,0.394844893,0.343634157,0.045974029
9.300000000,0,9.300000000,sample,0.216534473,0.000008088,0.216039004,0.216031051,0.000007953,7.952789801,0.000049705,1,1,2.000000000,0.080000000,2.000000000,-0.055463875,0.027731937,-0.027731937,0.042034077,0.042034077,-0.042034077,0.025670056,0.030002611,0.924317451,3,61.766208170,1,46.339127400,0.343286651,0.217383216,0.349852212,0.221433033,3.945710752,0.780243215,0.583268094,0.275078201,0.538639336,2.000000000,2.071294201,2.000000000,0.000000000,0.000000000,0.000000000,1.000000000,0.772371826,0.757322100,0.720626283,0.344297229,0.836326358,0.800487730,0.751142014,1,0,0,0.000000000,0.052028377,-0.300296337,0.157990135,-0.121487891,-0.016495764,0.179510570,0.312989644,12.123584851,0.006532479,-130.919171503,-0.108894354,142.886452279,44.904558720,0.017514069,0.001563959,-0.023579496,-0.001072303,0.003117238,-0.000315527,0.004899886,-0.680728488,0.000034675,0.673880124,0.000083593,-0.234651515,-0.000255160,0.165628793,0.018877920,-0.000000962,-0.018688001,-0.000002318,0.006507341,0.000007076,-0.004593207,-1.361456975,0.000069350,1.347760249,0.000167185,-0.469303030,-0.000510321,0.331257587,-0.428948606,-0.048967194,0.209138086,0.031407033,0.409288221,0.344411185,0.045238191
9.350000000,0,9.350000000,sample,0.216534235,-0.000004771,0.216036751,0.216032814,0.000003937,3.936999306,0.000024606,1,1,2.000000000,0.080000000,2.000000000,0.039314282,0.019657141,0.019657141,0.038194278,0.038194278,-0.038194278,0.022302886,0.020493276,0.959199578,1,51.459788542,1,46.339269629,0.322031110,0.219127455,0.345139409,0.222065043,0.172826951,0.251462497,0.650429871,0.224970860,0.459247013,2.000000000,2.052060696,2.000000000,0.000000000,0.000000000,0.000000000,1.000000000,0.771012040,0.693075208,0.675471541,0.302995051,0.825002644,0.791450532,0.746873378,1,0,0,0.000000000,0.049828961,-0.278359983,0.154067616,-0.122373364,-0.016119431,0.181057353,0.304521715,12.123281773,0.012417661,-130.918979931,-0.109484983,142.886339174,44.903863868,-0.014700949,0.000331857,0.014175371,0.000121777,0.000628818,0.000457019,0.001478533,-0.680729532,0.000049458,0.673882172,0.000084044,-0.234645597,-0.000256538,0.165624547,-0.013381197,0.000000972,0.013246597,0.000001652,-0.004612462,-0.000005043,0.003255705,-1.361459065,0.000098917,1.347764344,0.000168088,-0.469291194,-0.000513077,0.331249093,-0.309655713,-0.050424137,0.269034045,0.009442007,0.408642372,0.341539464,0.041548594
9.400000000,0,9.400000000,sample,0.216534042,-0.000003846,0.216032814,0.216036342,0.000003529,3.528508101,0.000022053,1,1,2.000000000,0.080000000,2.000000000,-0.064696142,0.032348071,-0.032348071,0.041089284,0.041089284,-0.041089284,0.022741057,0.033146053,0.975925278,3,54.865674383,1,46.339318888,0.325393570,0.218144374,0.330354265,0.221517258,1.795336387,0.276608758,0.725733446,0.189410423,0.495195698,2.000000000,2.060418325,2.000000000,0.000000000,0.000000000,0.000000000,1.000000000,0.834828502,0.685826457,0.668840643,-0.302327627,0.857652970,0.788208722,0.745368099,1,0,0,0.000000000,0.046706057,-0.284672656,0.150535705,-0.124453428,-0.015467450,0.178491093,0.293908861,12.123078915,0.023232859,-130.918799771,-0.109821497,142.886627486,44.901528915,-0.022078236,-0.000254187,0.024551735,-0.000073991,-0.002662356,0.000674045,0.000901159,0.680729894,-0.000076500,-0.673883086,-0.000084301,0.234643205,0.000257323,-0.165622716,-0.022020299,0.000002475,0.021798818,0.000002727,-0.007590255,-0.000008324,0.005357575,1.361459788,-0.000153000,-1.347766173,-0.000168603,0.469286410,0.000514645,-0.331245433,-0.305646606,-0.022291398,0.269490675,0.011514394,0.401451319,0.343148626,0.041941690
9.450000000,0,9.450000000,sample,0.216534078,0.000000708,0.216032794,0.216036470,0.000003676,3.675674122,0.000022973,1,1,2.000000000,0.080000000,2.000000000,0.023171625,0.011585812,0.011585812,0.038024025,0.038024025,-0.038024025,0.023890920,0.012203466,0.949387008,3,59.217180878,1,46.339193839,0.332171405,0.216946725,0.336054013,0.219258789,1.136150480,0.175569544,0.609179866,0.198904030,0.419904134,2.000000000,2.043608032,2.000000000,0.000000000,0.000000000,0.000000000,1.000000000,0.773645803,0.673974189,0.687847689,-0.329202061,0.846648482,0.760736040,0.720664114,1,0,0,0.000000000,0.049624919,-0.289762774,0.154637462,-0.125119947,-0.016248684,0.176484732,0.294310547,12.123418086,0.023263410,-130.918856897,-0.108724305,142.886252152,44.899076190,0.007732134,-0.000452893,-0.009390897,0.000166549,0.000462227,-0.000159971,0.000691129,0.680728976,-0.000076393,-0.673881677,-0.000083461,0.234647640,0.000254758,-0.165625948,0.007886798,-0.000000885,-0.007807467,-0.000000967,0.002718584,0.000002952,-0.001918911,1.361457951,-0.000152786,-1.347763353,-0.000166922,0.469295280,0.000509517,-0.331251897,-0.266493064,-0.060822523,0.347614797,0.021549228,0.396589338,0.343804070,0.040394968
9.500000000,0,9.500000000,sample,0.216534124,0.000000934,0.216038045,0.216031286,0.000006759,6.759007021,0.000042244,1,1,2.000000000,0.080000000,2.000000000,-0.063235794,0.031617897,-0.031617897,0.037292722,0.037292722,-0.037292722,0.025061093,0.034011192,0.929632141,3,52.526584157,1,46.339348418,0.337327294,0.212128392,0.344983483,0.216359702,1.734614198,0.597705385,0.590195613,0.242040911,0.420688328,2.000000000,2.043791040,2.000000000,0.000000000,0.000000000,0.000000000,1.000000000,0.860206804,0.871770391,0.806387245,0.349625731,0.866130576,0.871770391,0.807399988,1,0,0,0.000000000,0.047997202,-0.297654348,0.151287346,-0.121998455,-0.015690081,0.172825499,0.310914443,12.123074404,0.008217026,-130.918883640,-0.108674570,142.886478487,44.897270660,0.022491177,-0.000322291,-0.024649688,0.000774099,0.002849787,0.000140776,0.005869989,-0.680730111,0.000038840,0.673883228,0.000083421,-0.234642488,-0.000254635,0.165622281,0.021523254,-0.000001228,-0.021306770,-0.000002638,0.007418902,0.000008051,-0.005236628,-1.361460222,0.000077679,1.347766457,0.000166841,-0.469284976,-0.000509271,0.331244562,-0.589498261,-0.047890160,0.058671015,0.031393333,0.417682058,0.346180218,0.041615472
9.550000000,0,9.550000000,sample,0.216534291,0.000003337,0.216036230,0.216033473,0.000002756,2.756351647,0.000017227,1,1,2.000000000,0.080000000,2.000000000,0.037471402,0.018735701,0.018735701,0.035185265,0.035185265,-0.035185265,0.023849464,0.019580920,0.956834556,1,64.622843019,1,46.339054008,0.323999164,0.214468397,0.337187935,0.215944151,2.275574142,0.450362204,0.587861454,0.247415581,0.485584667,2.000000000,2.058115243,2.000000000,0.000000000,0.000000000,0.000000000,1.000000000,0.827709108,0.738005587,0.691035481,0.306894614,0.850049781,0.862376064,0.796070252,1,0,0,0.000000000,0.051305637,-0.278048197,0.158216276,-0.122839836,-0.016556665,0.175022697,0.302717885,12.123706657,0.014091345,-130.919021572,-0.109316258,142.886385157,44.897526484,-0.015740776,0.001430448,0.011265534,-0.000085354,-0.000014137,-0.000276818,0.002568631,-0.680727949,0.000053608,0.673879718,0.000083917,-0.234653363,-0.000256151,0.165630039,-0.012753915,0.000001004,0.012625609,0.000001572,-0.004396395,-0.000004799,0.003103195,-1.361455897,0.000107216,1.347759436,0.000167834,-0.469306725,-0.000512302,0.331260078,-0.389102465,-0.022065937,0.195384363,0.007712443,0.410078415,0.342959862,0.040275277
9.600000000,0,9.600000000,sample,0.216534633,0.000006834,0.216032364,0.216037952,0.000005588,5.588136943,0.000034926,1,1,2.000000000,0.080000000,2.000000000,-0.044260519,0.022130260,-0.022130260,0.038592856,0.038592856,-0.038592856,0.028512106,0.023658786,0.935392863,3,60.314077440,1,46.339434762,0.296256694,0.218574051,0.321400018,0.218574051,2.822308681,0.604896871,0.729444738,0.145821717,0.551401066,2.000000000,2.074636513,2.000000000,0.000000000,0.000000000,0.000000000,1.000000000,0.832469380,0.671475579,0.675795152,-0.313248414,0.853029244,0.799176779,0.752678389,1,0,0,0.000000000,0.050377019,-0.248669878,0.152949262,-0.125229812,-0.015917729,0.178434122,0.286936886,12.122978695,0.026158276,-130.919286081,-0.109566280,142.886573253,44.897155792,-0.013953360,0.000368476,0.018373919,-0.001631375,-0.003517522,0.000456196,-0.003473149,0.680730745,-0.000083756,-0.673883155,-0.000084105,0.234641310,0.000256723,-0.165621620,-0.015064748,0.000001854,0.014913209,0.000001861,-0.005192673,-0.000005681,0.003665249,1.361461491,-0.000167512,-1.347766311,-0.000168210,0.469282620,0.000513446,-0.331243240,-0.259320818,-0.033378294,0.331675239,0.011973439,0.397306051,0.344647064,0.039397534
9.650000000,0,9.650000000,sample,0.216534190,-0.000008854,0.216036782,0.216032699,0.000004083,4.082786641,0.000025517,1,1,2.000000000,0.080000000,2.000000000,-0.069609066,0.034804533,-0.034804533,0.038144271,0.038144271,-0.038144271,0.024051414,0.036405165,0.956032839,1,56.690325447,1,46.339122395,0.297876271,0.216097215,0.300418754,0.219108002,2.029055426,0.432154635,0.694008472,0.133941293,0.494731664,2.000000000,2.060294659,2.000000000,0.000000000,0.000000000,0.000000000,1.000000000,0.889326890,0.769787175,0.717519205,0.355075099,0.904139225,0.769787175,0.725852083,1,0,0,0.000000000,0.048845605,-0.249470645,0.155270014,-0.122860211,-0.016014617,0.177050577,0.301684246,12.123498783,0.012059600,-130.918923085,-0.108587075,142.886620658,44.895952466,0.027410533,0.003348160,-0.023677700,0.000629152,0.000031389,0.000741061,-0.001099573,-0.680728451,0.000048414,0.673880644,0.000083356,-0.234650659,-0.000254439,0.165628040,0.023692436,-0.000001685,-0.023454101,-0.000002901,0.008166907,0.000008856,-0.005764607,-1.361456902,0.000096829,1.347761288,0.000166713,-0.469301319,-0.000508877,0.331256080,-0.425356764,0.006472008,0.227954719,0.007960092,0.404711770,0.340997583,0.042022140
9.700000000,0,9.700000000,sample,0.216534422,0.000004631,0.216037275,0.216032674,0.000004601,4.601279423,0.000028758,1,1,2.000000000,0.080000000,2.000000000,0.032045681,0.016022840,0.016022840,0.036386204,0.036386204,-0.036386204,0.029150666,0.017011664,0.941873780,3,52.408456476,1,46.339247885,0.297200513,0.215883200,0.301707532,0.219512166,0.813282641,0.175745837,0.631508707,0.199353931,0.462224726,2.000000000,2.052725079,2.000000000,0.000000000,0.000000000,0.000000000,1.000000000,0.776597465,0.685374235,0.690026228,0.312142434,0.849940774,0.787014871,0.743156480,1,0,0,0.000000000,0.051802327,-0.247373488,0.156368224,-0.122313043,-0.016531957,0.177120778,0.302198651,12.123391018,0.011423736,-130.919142678,-0.109265659,142.886210686,44.896456563,-0.011671620,-0.000282476,0.012315371,-0.000831577,0.000500629,-0.000292308,-0.000627900,-0.680729373,0.000046942,0.673881564,0.000083876,-0.234647024,-0.000256027,0.165625656,-0.010907218,0.000000752,0.010797497,0.000001344,-0.003759712,-0.000004102,0.002653793,-1.361458745,0.000093884,1.347763128,0.000167752,-0.469294049,-0.000512053,0.331251313,-0.248690545,-0.062864880,0.345277348,0.034469281,0.410672586,0.345947436,0.040012933
9.750000000,0,9.750000000,sample,0.216534079,-0.000006854,0.216032222,0.216037026,0.000004804,4.804167231,0.000030026,1,1,2.000000000,0.080000000,2.000000000,-0.047675634,0.023837817,-0.023837817,0.038823310,0.038823310,-0.038823310,0.026045936,0.027615341,0.863209218,3,57.421616750,1,46.339306181,0.312292502,0.216481564,0.312292502,0.218385753,3.187876772,0.872612931,0.769473295,0.140295486,0.597525540,2.000000000,2.087371000,2.000000000,0.000000000,0.000000000,0.000000000,1.000000000,0.839128284,0.669270677,0.669524464,-0.301237992,0.917767637,0.762999864,0.722515040,1,0,0,0.000000000,0.048605570,-0.268213258,0.152399978,-0.125006940,-0.015969338,0.176018501,0.290228445,12.123186064,0.025024581,-130.918855056,-0.109540430,142.886299439,44.896902223,-0.015718689,0.000415570,0.020926092,0.000059206,-0.001948053,0.000160864,-0.008580886,0.680729801,-0.000080924,-0.673882892,-0.000084086,0.234643716,0.000256666,-0.165623167,-0.016227112,0.000001929,0.016063897,0.000002004,-0.005593394,-0.000006118,0.003948095,1.361459602,-0.000161848,-1.347765783,-0.000168172,0.469287432,0.000513333,-0.331246335,-0.249264078,-0.029407361,0.324908945,0.017884259,0.400131683,0.343066572,0.039748313
9.801000000,0,9.801000000,sample,0.216534349,0.000005285,0.216037006,0.216032786,0.000004220,4.219541220,0.000026372,1,1,2.000000000,0.080000000,2.000000000,-0.073445711,0.036722856,-0.036722856,0.036722856,0.036722856,-0.036722856,0.022343336,0.038986545,0.941936641,1,74.460917738,1,46.339284067,0.307756211,0.214205856,0.315663361,0.217264974,7.147129215,1.032154697,0.936720643,0.080044947,0.730705596,2.000000000,2.129318984,2.000000000,0.000000000,0.000000000,0.000000000,1.000000000,0.780581266,0.813217946,0.759068713,0.352817578,0.931688624,0.813217946,0.759068713,1,0,0,0.000000000,0.050611328,-0.261162735,0.154746260,-0.122687324,-0.016259060,0.174835958,0.303138224,12.123281773,0.011900148,-130.919075110,-0.108818050,142.886313199,44.895219858,0.033641779,-0.000113321,-0.019357347,-0.000044633,0.000793192,0.000303920,-0.003569065,-0.680729638,0.000048055,0.673882098,0.000083532,-0.234645511,-0.000254976,0.165624537,0.024998336,-0.000001765,-0.024746875,-0.000003068,0.008616853,0.000009363,-0.006082206,-1.361459277,0.000096109,1.347764196,0.000167064,-0.469291022,-0.000509951,0.331249074,-0.513335581,-0.059764620,0.138140298,0.028242057,0.410647999,0.344872380,0.040632364
9.851000000,0,9.851000000,sample,0.216534070,-0.000005579,0.216037799,0.216031438,0.000006362,6.361620449,0.000039760,1,1,2.000000000,0.080000000,2.000000000,0.022756950,0.011378475,0.011378475,0.039187694,0.039187694,-0.039187694,0.025674730,0.011769661,0.966763192,3,57.911673853,1,46.339308055,0.288491751,0.215761664,0.305906367,0.219283750,1.933461438,0.283003897,0.618007526,0.157158446,0.404934738,2.000000000,2.040582293,2.000000000,0.000000000,0.000000000,0.000000000,1.000000000,0.706617906,0.730961345,0.704231399,0.325271357,1.041061833,0.894650002,0.827047063,1,0,0,0.000000000,0.048471094,-0.240108805,0.152400149,-0.121745713,-0.015953378,0.177416365,0.304065364,12.123186064,0.008898598,-130.918852435,-0.109335291,142.886290135,44.896206297,-0.006005220,-0.001254426,0.008956679,0.000716222,-0.004143123,0.000273499,0.001706847,-0.680729815,0.000040652,0.673882915,0.000083928,-0.234643652,-0.000256186,0.165623123,-0.007745667,0.000000463,0.007667760,0.000000955,-0.002669887,-0.000002915,0.001884539,-1.361459629,0.000081304,1.347765830,0.000167857,-0.469287303,-0.000512371,0.331246246,-0.349199532,-0.079699196,0.265154139,0.045223904,0.416872896,0.346175601,0.040952545
9.901000000,0,9.901000000,sample,0.216534092,0.000000456,0.216033514,0.216035757,0.000002244,2.243689674,0.000014023,1,1,2.000000000,0.080000000,2.000000000,-0.052260416,0.026130208,-0.026130208,0.038202152,0.038202152,-0.038202152,0.026606417,0.026843552,0.973425869,1,51.892137548,1,46.339292299,0.300606158,0.217030996,0.303529919,0.219512435,0.537199576,0.174339917,0.584738427,0.207122351,0.414944817,2.000000000,2.042607508,2.000000000,0.000000000,0.000000000,0.000000000,1.000000000,0.772528018,0.717064163,0.686042577,-0.311269962,0.886845084,0.741636778,0.719684951,1,0,0,0.000000000,0.048048639,-0.254735855,0.152200640,-0.124287552,-0.015831412,0.177212935,0.292645617,12.123186231,0.021318819,-130.918854876,-0.109445091,142.886431405,44.896814728,-0.019337074,-0.000767349,0.018511051,0.000332223,-0.001623655,-0.000453707,0.000673452,0.680729699,-0.000071661,-0.673882708,-0.000084013,0.234644280,0.000256443,-0.165623540,-0.017787608,0.000001873,0.017608695,0.000002195,-0.006131304,-0.000006701,0.004327778,1.361459398,-0.000143323,-1.347765415,-0.000168026,0.469288561,0.000512886,-0.331247081,-0.349697627,-0.047352219,0.241415667,0.021808657,0.409526509,0.343525465,0.040557445
9.951000000,0,9.951000000,sample,0.216534362,0.000005387,0.216034396,0.216035412,0.000001016,1.015646273,0.000006348,1,1,2.000000000,0.080000000,2.000000000,0.044631415,0.022315707,0.022315707,0.035923486,0.035923486,-0.035923486,0.023846397,0.023159678,0.963558604,1,50.842810388,1,46.339326468,0.329329498,0.212888223,0.332043593,0.217348968,0.131393809,0.374595533,0.658054437,0.133699199,0.452948359,2.000000000,2.050662054,2.000000000,0.000000000,0.000000000,0.000000000,1.000000000,0.762905869,0.763613773,0.724182879,-0.347186082,0.828769221,0.763613773,0.724182879,1,0,0,0.000000000,0.050371059,-0.286779949,0.153876365,-0.124158626,-0.016148740,0.172177958,0.297985134,12.123190575,0.019478428,-130.919080168,-0.109019934,142.886350409,44.894979704,0.016513810,-0.000167913,-0.015791682,-0.000387552,-0.000751193,0.000195125,-0.003675156,0.680729950,-0.000066998,-0.673882539,-0.000083686,0.234644061,0.000255447,-0.165623508,0.015190970,-0.000001495,-0.015038165,-0.000001868,0.005236248,0.000005700,-0.003696006,1.361459900,-0.000133995,-1.347765079,-0.000167373,0.469288122,0.000510894,-0.331247017,-0.444401567,-0.055593145,0.197115632,0.028977316,0.404325398,0.344963207,0.041043787
10.001000000,0,10.001000000,sample,0.216533998,-0.000007278,0.216038511,0.216030610,0.000007902,7.901679219,0.000049385,1,1,2.000000000,0.080000000,2.000000000,-0.035233581,0.017616790,-0.017616790,0.041016586,0.041016586,-0.041016586,0.022962720,0.021608693,0.815264051,3,44.302114213,1,46.339095030,0.336158582,0.210113507,0.342628521,0.214254406,0.967022116,0.553573043,0.647516433,0.113698026,0.452628129,2.000000000,2.050588112,2.000000000,0.000000000,0.000000000,0.000000000,1.000000000,0.751561290,0.791597471,0.735792075,0.340966301,0.826295595,0.798562786,0.745894606,1,0,0,0.000000000,0.049385894,-0.293827720,0.155656342,-0.121471313,-0.016267197,0.170668638,0.312206595,12.123584852,0.006623066,-130.918794168,-0.108996795,142.886323386,44.895104132,0.014266336,0.000690100,-0.014382710,0.000024816,-0.007463735,-0.000561292,0.000213715,-0.680728250,0.000034918,0.673880738,0.000083671,-0.234650872,-0.000255400,0.165628186,0.011992247,-0.000000615,-0.011871616,-0.000001474,0.004133795,0.000004499,-0.002917837,-1.361456500,0.000069836,1.347761476,0.000167342,-0.469301743,-0.000510800,0.331256371,-0.455551829,-0.063325995,0.181661858,0.036581497,0.417713487,0.345639896,0.039517042
10.051000000,0,10.051000000,sample,0.216533964,-0.000000682,0.216035049,0.216033960,0.000001089,1.089151652,0.000006807,1,1,2.000000000,0.080000000,2.000000000,0.052606355,0.026303177,0.026303177,0.033303663,0.033303663,-0.033303663,0.026303177,0.027048866,0.972431790,1,55.355154170,1,46.339328861,0.319215514,0.213658445,0.339220061,0.214534969,1.796009523,0.203414073,0.560885315,0.194398191,0.371196172,2.000000000,2.034161289,2.000000000,0.000000000,0.000000000,0.000000000,1.000000000,0.764409056,0.709727647,0.684771036,0.306043305,0.821011272,0.793993128,0.745309376,1,0,0,0.000000000,0.046686571,-0.277705004,0.150329103,-0.123364366,-0.015541241,0.173751645,0.300162154,12.123074404,0.016491900,-130.918745532,-0.109300761,142.886498835,44.896035590,-0.020124639,-0.001447112,0.017688293,0.000985358,-0.003187441,0.000625168,-0.000385574,-0.680729967,0.000059592,0.673883356,0.000083901,-0.234642550,-0.000256102,0.165622254,-0.017905361,0.000001567,0.017725273,0.000002207,-0.006171845,-0.000006736,0.004356392,-1.361459935,0.000119185,1.347766713,0.000167803,-0.469285100,-0.000512205,0.331244508,-0.328220346,-0.053617502,0.256440028,0.025346688,0.413801786,0.344806951,0.042192963
10.101000000,0,10.101000000,sample,0.216533999,0.000000710,0.216032368,0.216036726,0.000004359,4.358864813,0.000027243,1,1,2.000000000,0.080000000,2.000000000,0.007879177,0.003939589,0.003939589,0.037184075,0.037184075,-0.037184075,0.026069030,0.009664728,0.407625403,5,85.244866484,1,46.339306230,0.297617759,0.217426880,0.320067564,0.217507920,1.345243266,0.743876182,0.535300040,0.291391585,0.479696612,2.000000000,2.056722203,2.000000000,0.000000000,0.000000000,0.000000000,1.000000000,0.784246735,0.679746007,0.688191373,-0.328869532,0.851055422,0.734255072,0.710839656,1,0,0,0.000000000,0.048278469,-0.251217326,0.152103172,-0.125232078,-0.015979854,0.177019826,0.289109090,12.123186064,0.024278905,-130.918795061,-0.108911526,142.886230956,44.895552549,-0.000073245,-0.000259682,-0.003240448,0.000149223,0.008923264,-0.000405718,0.001738431,0.680729801,-0.000078957,-0.673883055,-0.000083603,0.234643410,0.000255193,-0.165622937,0.002681795,-0.000000311,-0.002654822,-0.000000329,0.000924399,0.000001005,-0.000652486,1.361459602,-0.000157914,-1.347766111,-0.000167206,0.469286820,0.000510385,-0.331245874,-0.281179789,-0.053406856,0.332523902,0.031097050,0.399140098,0.344949701,0.043019926
10.151000000,0,10.151000000,sample,0.216534169,0.000003403,0.216038616,0.216030833,0.000007783,7.782842389,0.000048643,1,1,2.000000000,0.080000000,2.000000000,-0.053554075,0.026777038,-0.026777038,0.042293201,0.042293201,-0.042293201,0.023783725,0.030012496,0.892196294,3,52.782950636,1,46.339222767,0.305560133,0.212782442,0.310492964,0.217259219,1.986546425,0.725677905,0.536308571,0.262912613,0.466524494,2.000000000,2.053714691,2.000000000,0.000000000,0.000000000,0.000000000,1.000000000,0.857468618,0.788230320,0.728816798,0.345222607,0.979833615,0.788432174,0.731582642,1,0,0,0.000000000,0.049899584,-0.258699229,0.154763483,-0.121574285,-0.016247525,0.173873744,0.308246600,12.123377482,0.006775396,-130.918937106,-0.108882689,142.886276730,44.894407007,0.018877959,-0.000105596,-0.021804641,-0.000552287,0.002336860,0.000166432,0.007945151,-0.680729188,0.000035279,0.673881782,0.000083582,-0.234647018,-0.000255129,0.165625542,0.018227911,-0.000000945,-0.018044558,-0.000002238,0.006283152,0.000006832,-0.004434961,-1.361458376,0.000070557,1.347763563,0.000167164,-0.469294036,-0.000510258,0.331251085,-0.454351331,-0.011619239,0.187022808,0.006505507,0.413012079,0.342445866,0.041662762
10.201000000,0,10.201000000,sample,0.216534359,0.000003782,0.216035720,0.216034089,0.000001630,1.630356899,0.000010190,1,1,2.000000000,0.080000000,2.000000000,0.041963215,0.020981607,0.020981607,0.032802350,0.032802350,-0.032802350,0.023324870,0.021937913,0.956408526,3,61.439446254,1,46.339279916,0.326591544,0.212429995,0.328461399,0.214754705,2.781888255,0.223342606,0.777118006,0.209409039,0.529644300,2.000000000,2.068953871,2.000000000,0.000000000,0.000000000,0.000000000,1.000000000,0.800687432,0.680445952,0.679937415,0.296476023,0.832604165,0.780669129,0.724532020,1,0,0,0.000000000,0.050605100,-0.283138975,0.154704496,-0.123318199,-0.016229431,0.172208391,0.301582039,12.123281773,0.015676479,-130.919078069,-0.109088976,142.886353147,44.894944848,-0.012820731,-0.000469716,0.017195665,-0.000602432,0.000353189,0.000184561,0.004524121,-0.680729608,0.000057523,0.673882038,0.000083740,-0.234645687,-0.000255610,0.165624655,-0.014282801,0.000001207,0.014139128,0.000001757,-0.004923244,-0.000005363,0.003475071,-1.361459216,0.000115046,1.347764075,0.000167480,-0.469291374,-0.000511221,0.331249309,-0.240700218,-0.051435908,0.331092782,0.018650434,0.413541226,0.345170396,0.040042774
10.251000000,0,10.251000000,sample,0.216534067,-0.000005831,0.216033250,0.216035989,0.000002739,2.738977574,0.000017119,1,1,2.000000000,0.080000000,2.000000000,0.025535279,0.012767640,0.012767640,0.034169596,0.034169596,-0.034169596,0.024791029,0.013619213,0.937472678,3,68.373244031,1,46.339208827,0.340206576,0.212103230,0.343819193,0.213702422,2.238940773,0.226356461,0.591887475,0.195655514,0.425286580,2.000000000,2.044722994,2.000000000,0.000000000,0.000000000,0.000000000,1.000000000,0.848650184,0.654432391,0.699326599,-0.318724736,0.865296002,0.778984114,0.730707108,1,0,0,0.000000000,0.049306042,-0.299259901,0.154119890,-0.124860777,-0.016165677,0.170693402,0.296749864,12.123377482,0.021910047,-130.918844863,-0.108703608,142.886292107,44.894384482,0.007628442,0.000603358,-0.011261470,0.000180942,-0.000191727,-0.000028121,-0.000186514,0.680729086,-0.000073012,-0.673881859,-0.000083445,0.234647085,0.000254709,-0.165625543,0.008691304,-0.000000932,-0.008603881,-0.000001065,0.002995889,0.000003252,-0.002114647,1.361458172,-0.000146025,-1.347763718,-0.000166889,0.469294170,0.000509418,-0.331251086,-0.177140768,-0.051350054,0.422392736,0.016871814,0.395819430,0.343722491,0.039032787
10.301000000,0,10.301000000,sample,0.216534180,0.000002266,0.216038680,0.216030810,0.000007870,7.869732221,0.000049186,1,1,2.000000000,0.080000000,2.000000000,-0.037286702,0.018643351,-0.018643351,0.041863939,0.041863939,-0.041863939,0.023513547,0.022149901,0.841690016,3,51.331594793,1,46.339073222,0.348931985,0.207551000,0.354038104,0.211865604,2.195546039,0.396039478,0.672735282,0.178338876,0.493683921,2.000000000,2.060039686,2.000000000,0.000000000,0.000000000,0.000000000,1.000000000,0.754803466,0.762474365,0.711361675,0.331419456,1.010224722,0.774138704,0.721515345,1,0,0,0.000000000,0.051281625,-0.307014192,0.157689604,-0.121497740,-0.016596763,0.167452274,0.313583708,12.123680560,0.006664562,-130.918948143,-0.108970823,142.886249153,44.893284236,0.014097541,0.002462548,-0.015869534,-0.000186373,-0.004130346,-0.000342948,0.004093790,-0.680728090,0.000035018,0.673880138,0.000083652,-0.234652290,-0.000255341,0.165629274,0.012691053,-0.000000653,-0.012563384,-0.000001560,0.004374705,0.000004760,-0.003087885,-1.361456180,0.000070035,1.347760277,0.000167303,-0.469304580,-0.000510682,0.331258548,-0.396878280,-0.056547457,0.226926878,0.027013348,0.415748037,0.344893874,0.036079142
10.351000000,0,10.351000000,sample,0.216534350,0.000003394,0.216036134,0.216033660,0.000002474,2.474110531,0.000015463,1,1,2.000000000,0.080000000,2.000000000,0.042298807,0.021149403,0.021149403,0.042140531,0.042140531,-0.042140531,0.024128200,0.021947645,0.963629748,1,48.650559252,1,46.339281835,0.340126046,0.209877263,0.350884881,0.211940940,0.381708572,0.434409593,0.674877757,0.242160149,0.466175556,2.000000000,2.053619242,2.000000000,0.000000000,0.000000000,0.000000000,1.000000000,0.758794088,0.750159164,0.698494701,0.298293552,0.816819970,0.763784691,0.718265008,1,0,0,0.000000000,0.050732318,-0.298626213,0.154707285,-0.122983048,-0.016249247,0.169291457,0.304516498,12.123281779,0.014484363,-130.919073338,-0.109233725,142.886330574,44.893912386,-0.015308472,-0.000640001,0.014707456,-0.000111214,0.000397243,0.000471706,0.005498932,-0.680729622,0.000054573,0.673882075,0.000083851,-0.234645586,-0.000255950,0.165624585,-0.014397025,0.000001154,0.014252204,0.000001773,-0.004962614,-0.000005413,0.003502861,-1.361459244,0.000109146,1.347764151,0.000167702,-0.469291173,-0.000511899,0.331249171,-0.398378932,-0.055590321,0.176255670,0.026645431,0.417193985,0.344702477,0.038106833
10.401000000,0,10.401000000,sample,0.216534101,-0.000004986,0.216032353,0.216036938,0.000004585,4.584992443,0.000028656,1,1,2.000000000,0.080000000,2.000000000,-0.059784663,0.029892331,-0.029892331,0.040631251,0.040631251,-0.040631251,0.024580167,0.030373223,0.984167235,1,54.399364446,1,46.339308382,0.313275837,0.214109432,0.339947888,0.214109432,0.910281132,0.288425317,0.589607973,0.226926923,0.434142379,2.000000000,2.046596598,2.000000000,0.000000000,0.000000000,0.000000000,1.000000000,0.758838853,0.727923978,0.691633340,-0.309602183,0.958437421,0.764157592,0.722180527,1,0,0,0.000000000,0.048754527,-0.269264161,0.152517402,-0.124830224,-0.015991570,0.173218168,0.290659108,12.123186064,0.024742695,-130.918872505,-0.109746222,142.886299121,44.894421314,-0.022402052,0.000699981,0.020063811,0.000742658,-0.002413224,0.000080406,0.003354495,0.680729817,-0.000080255,-0.673882873,-0.000084244,0.234643717,0.000257148,-0.165623176,-0.020348601,0.000002399,0.020143930,0.000002518,-0.007014048,-0.000007687,0.004950863,1.361459634,-0.000160511,-1.347765746,-0.000168488,0.469287434,0.000514297,-0.331246352,-0.382385033,-0.053034969,0.205609809,0.022054470,0.408793330,0.343202618,0.040790184
10.451000000,0,10.451000000,sample,0.216534210,0.000002177,0.216035678,0.216033841,0.000001837,1.837002949,0.000011481,1,1,2.000000000,0.080000000,2.000000000,-0.067917464,0.033958732,-0.033958732,0.035152652,0.035152652,-0.035152652,0.023687669,0.034818768,0.975299643,1,52.559281533,1,46.339278437,0.318406945,0.210640788,0.318406945,0.214491154,0.920315059,0.333329112,0.671679931,0.142579746,0.476943284,2.000000000,2.056108917,2.000000000,0.000000000,0.000000000,0.000000000,1.000000000,0.685600079,0.825380690,0.781885507,0.351552543,0.809455345,0.825380690,0.781885507,1,0,0,0.000000000,0.050059948,-0.274084620,0.154125291,-0.123357502,-0.016238027,0.169967040,0.300928176,12.123281792,0.015351400,-130.918965525,-0.108924303,142.886238391,44.891600050,0.025242834,0.001418875,-0.023740296,-0.000127785,0.001358519,-0.000103437,-0.002767400,-0.680729597,0.000056684,0.673882327,0.000083613,-0.234645168,-0.000255225,0.165624257,0.023116714,-0.000001925,-0.022884189,-0.000002839,0.007968252,0.000008667,-0.005624390,-1.361459194,0.000113368,1.347764654,0.000167227,-0.469290336,-0.000510449,0.331248515,-0.539590237,-0.118597231,0.109613236,0.054449240,0.409968531,0.348498786,0.040207433
10.501000000,0,10.501000000,sample,0.216534237,0.000000541,0.216037570,0.216032010,0.000005561,5.560770764,0.000034755,1,1,2.000000000,0.080000000,2.000000000,0.025521682,0.012760841,0.012760841,0.040070937,0.040070937,-0.040070937,0.023059596,0.013255432,0.962687698,3,66.372994911,1,46.339201797,0.310551171,0.211392901,0.316789167,0.215088381,1.962117369,0.212647547,0.696311522,0.173009389,0.474228468,2.000000000,2.055458213,2.000000000,0.000000000,0.000000000,0.000000000,1.000000000,0.781522065,0.791839899,0.728843521,0.329490872,0.870800598,0.834862541,0.788016024,1,0,0,0.000000000,0.050232530,-0.264156683,0.155370426,-0.122159491,-0.016287518,0.171751955,0.305470418,12.123418084,0.010004549,-130.918984127,-0.109043852,142.886332418,44.892795033,-0.007588019,-0.000424818,0.010799150,0.000212536,-0.000969887,0.000203419,0.000546896,-0.680729034,0.000043363,0.673881425,0.000083706,-0.234647993,-0.000255507,0.165626242,-0.008686675,0.000000553,0.008599294,0.000001068,-0.002994306,-0.000003260,0.002113530,-1.361458068,0.000086727,1.347762851,0.000167412,-0.469295985,-0.000511015,0.331252483,-0.449607589,-0.049287877,0.171711351,0.024684394,0.419746608,0.344832535,0.038023682
10.551000000,0,10.551000000,sample,0.216534179,-0.000001148,0.216032585,0.216036850,0.000004265,4.265087376,0.000026657,1,1,2.000000000,0.080000000,2.000000000,-0.060270832,0.030135416,-0.030135416,0.036977726,0.036977726,-0.036977726,0.025074746,0.031039757,0.970865089,3,52.623420640,1,46.339359066,0.293810674,0.215885968,0.310085589,0.216002551,1.232429800,0.233189327,0.624731174,0.199118275,0.436771863,2.000000000,2.047159380,2.000000000,0.000000000,0.000000000,0.000000000,1.000000000,0.784909522,0.716822265,0.687622944,-0.317234499,0.844537222,0.796677490,0.731713213,1,0,0,0.000000000,0.048303909,-0.246957272,0.151669214,-0.125021003,-0.015815583,0.175289382,0.288769050,12.123074410,0.024198818,-130.918927405,-0.109245049,142.886418307,44.893670611,-0.021273025,-0.000961024,0.022516861,-0.000074533,-0.001591077,-0.000190688,0.000647192,0.680730189,-0.000078813,-0.673883257,-0.000083859,0.234642260,0.000255972,-0.165622151,-0.020514087,0.000002375,0.020307752,0.000002527,-0.007071042,-0.000007714,0.004991092,1.361460379,-0.000157626,-1.347766513,-0.000167717,0.469284519,0.000511944,-0.331244302,-0.351002602,-0.042170929,0.248164106,0.019008503,0.407480037,0.343786553,0.040843342
10.601000000,0,10.601000000,sample,0.216534205,0.000000514,0.216036270,0.216033236,0.000003034,3.033592084,0.000018960,1,1,2.000000000,0.080000000,2.000000000,-0.069133453,0.034566726,-0.034566726,0.034566726,0.034566726,-0.034566726,0.022139435,0.035764072,0.966520986,3,50.706190892,1,46.339197261,0.315762511,0.209685668,0.315762511,0.215595283,1.340704524,0.288638425,0.625039573,0.161797189,0.447172278,2.000000000,2.049409367,2.000000000,0.000000000,0.000000000,0.000000000,1.000000000,0.797966983,0.765130399,0.721342560,0.352336926,0.893421380,0.765130399,0.721342560,1,0,0,0.000000000,0.049130939,-0.271000239,0.154437640,-0.123043586,-0.016034464,0.169030327,0.302405613,12.123377983,0.013614682,-130.918941958,-0.108848166,142.886514814,44.890382410,0.024975840,0.002098455,-0.025466981,0.000159638,0.000935695,0.000418074,-0.001109002,-0.680729001,0.000052338,0.673881437,0.000083556,-0.234648061,-0.000255048,0.165626235,0.023530573,-0.000001809,-0.023293875,-0.000002888,0.008111015,0.000008816,-0.005725157,-1.361458002,0.000104676,1.347762873,0.000167112,-0.469296121,-0.000510096,0.331252469,-0.427033539,-0.038575387,0.223227528,0.026491448,0.406187863,0.345505820,0.039927523
10.651000000,0,10.651000000,sample,0.216534212,0.000000149,0.216037978,0.216031568,0.000006411,6.410646394,0.000040067,1,1,2.000000000,0.080000000,2.000000000,0.024241019,0.012120510,0.012120510,0.039180015,0.039180015,-0.039180015,0.029528464,0.012411696,0.976539375,3,56.216589400,1,46.339122246,0.328788921,0.208300090,0.335297143,0.211908338,0.959497322,0.089465853,0.700236438,0.190178322,0.481047809,2.000000000,2.057043964,2.000000000,0.000000000,0.000000000,0.000000000,1.000000000,0.739696456,0.789524749,0.727971384,0.314193068,0.825789261,0.840146923,0.772408614,1,0,0,0.000000000,0.050971518,-0.284394567,0.156919690,-0.121834977,-0.016506353,0.168144896,0.308928577,12.123584851,0.008799542,-130.918970287,-0.109164764,142.886269493,44.891564232,-0.007908098,0.000695023,0.009306007,0.000694871,-0.000675374,-0.000204391,0.001856504,-0.680728450,0.000040377,0.673880612,0.000083800,-0.234650682,-0.000255794,0.165628145,-0.008250776,0.000000489,0.008167776,0.000001016,-0.002844086,-0.000003100,0.002007498,-1.361456900,0.000080755,1.347761223,0.000167600,-0.469301363,-0.000511588,0.331256290,-0.443322490,-0.070589811,0.157006451,0.040791390,0.424522020,0.347043727,0.038096293
10.701000000,0,10.701000000,sample,0.216534135,-0.000001550,0.216035301,0.216034053,0.000001249,1.248976788,0.000007806,1,1,2.000000000,0.080000000,2.000000000,0.053101161,0.026550580,0.026550580,0.039038542,0.039038542,-0.039038542,0.028457376,0.027426221,0.968072850,3,51.033858454,1,46.339355454,0.310391195,0.211096117,0.331456577,0.212179103,1.197555837,0.324186865,0.645849681,0.226716665,0.444307764,2.000000000,2.048767291,2.000000000,0.000000000,0.000000000,0.000000000,1.000000000,0.805723233,0.705009104,0.673370113,0.290636739,0.805723233,0.783656099,0.732263502,1,0,0,0.000000000,0.048415090,-0.266443897,0.151678353,-0.123298456,-0.015854464,0.170609780,0.299187273,12.123088105,0.016268936,-130.918895495,-0.109347208,142.886356904,44.891737430,-0.018741414,-0.001548472,0.019592740,-0.000316482,0.000179041,0.000076912,0.003813875,-0.680730163,0.000059044,0.673883309,0.000083937,-0.234642217,-0.000256212,0.165622117,-0.018073781,0.000001568,0.017891993,0.000002229,-0.006229887,-0.000006803,0.004397363,-1.361460326,0.000118088,1.347766617,0.000167874,-0.469284433,-0.000512423,0.331244235,-0.316674201,-0.034333881,0.245851196,0.010840702,0.414278091,0.343727321,0.040383223
10.751000000,0,10.751000000,sample,0.216534494,0.000007183,0.216032424,0.216037656,0.000005231,5.231417107,0.000032696,1,1,2.000000000,0.080000000,2.000000000,-0.024586319,0.012293159,-0.012293159,0.037031779,0.037031779,-0.037031779,0.028173538,0.016637725,0.738872601,3,37.742062556,1,46.339245815,0.290028415,0.215375503,0.314466330,0.215588669,1.277445049,0.508352483,0.631065347,0.156567675,0.491882073,2.000000000,2.059604656,2.000000000,0.000000000,0.000000000,0.000000000,1.000000000,0.821437085,0.692338183,0.676398797,-0.315272663,0.891688218,0.839788264,0.775820962,1,0,0,0.000000000,0.051732704,-0.238673031,0.156446134,-0.125370022,-0.016492874,0.174347210,0.286425752,12.123381993,0.025574937,-130.919191849,-0.109146281,142.886318539,44.891650859,-0.009991797,0.001555870,0.010221315,-0.000637172,0.000060148,-0.000025091,-0.008346954,0.680729357,-0.000082232,-0.673881398,-0.000083785,0.234647364,0.000255747,-0.165625899,-0.008368314,0.000001011,0.008284131,0.000001030,-0.002884557,-0.000003144,0.002036066,1.361458715,-0.000164464,-1.347762797,-0.000167569,0.469294728,0.000511494,-0.331251797,-0.319152024,-0.028434073,0.274550463,0.010223765,0.399197359,0.344007129,0.040827725
10.801000000,0,10.801000000,sample,0.216534168,-0.000006530,0.216037414,0.216032042,0.000005372,5.372033787,0.000033575,1,1,2.000000000,0.080000000,2.000000000,-0.077439012,0.038719506,-0.038719506,0.040259557,0.040259557,-0.040259557,0.022345676,0.040157090,0.964200993,1,53.406620035,1,46.339094056,0.275524099,0.212598539,0.283790666,0.216833213,0.474126307,0.414479863,0.573157188,0.131408035,0.397267452,2.000000000,2.039108179,2.000000000,0.000000000,0.000000000,0.000000000,1.000000000,0.759744482,0.729794567,0.707169450,0.349655816,0.835765544,0.750120928,0.711841083,1,0,0,0.000000000,0.050127789,-0.220932300,0.156810883,-0.122272572,-0.016425698,0.173140849,0.300529240,12.123615459,0.010262707,-130.918927228,-0.108959990,142.886337755,44.889428007,0.029346734,0.000764542,-0.027330637,0.000281647,0.000058962,0.000454986,-0.001876972,-0.680728243,0.000043994,0.673880395,0.000083643,-0.234651513,-0.000255315,0.165628698,0.026357461,-0.000001703,-0.026092316,-0.000003239,0.009085591,0.000009886,-0.006413061,-1.361456486,0.000087988,1.347760791,0.000167286,-0.469303025,-0.000510629,0.331257397,-0.347568715,-0.054561482,0.300109250,0.024632322,0.407436520,0.343635071,0.039316285
10.851000000,0,10.851000000,sample,0.216533971,-0.000003936,0.216036476,0.216032571,0.000003905,3.905018927,0.000024406,1,1,2.000000000,0.080000000,2.000000000,0.036294016,0.018147008,0.018147008,0.041660058,0.041660058,-0.041660058,0.024783269,0.018922369,0.959024097,3,55.792925141,1,46.339186460,0.299262544,0.211314913,0.300905855,0.215515368,1.247163723,0.177378304,0.653503149,0.198384100,0.457354146,2.000000000,2.051638401,2.000000000,0.000000000,0.000000000,0.000000000,1.000000000,0.798880839,0.759419528,0.701966732,0.308942165,0.798880839,0.821351744,0.755940463,1,0,0,0.000000000,0.047926617,-0.252464917,0.153370713,-0.122713073,-0.015950798,0.171292342,0.301713626,12.123377482,0.012378099,-130.918759867,-0.108965086,142.886410705,44.890836804,-0.012513993,0.000697533,0.014134000,0.000564152,0.000200695,0.000111305,0.000910278,-0.680728922,0.000049272,0.673881795,0.000083646,-0.234647559,-0.000255322,0.165625814,-0.012353193,0.000000894,0.012228938,0.000001518,-0.004258151,-0.000004633,0.003005613,-1.361457843,0.000098545,1.347763590,0.000167291,-0.469295118,-0.000510644,0.331251629,-0.396108153,-0.035502776,0.195146018,0.021604227,0.420263410,0.343346594,0.039220517
10.901000000,0,10.901000000,sample,0.216534357,0.000007724,0.216033493,0.216036284,0.000002791,2.791041512,0.000017444,1,1,2.000000000,0.080000000,2.000000000,-0.064112026,0.032056013,-0.032056013,0.042524392,0.042524392,-0.042524392,0.025344102,0.032883430,0.974837868,3,51.671009120,1,46.339416585,0.301103547,0.213279031,0.308653293,0.214492129,1.248695954,0.318979305,0.656363468,0.228622039,0.470936768,2.000000000,2.054724631,2.000000000,0.000000000,0.000000000,0.000000000,1.000000000,0.876081716,0.659321757,0.678909564,-0.293953132,0.876081716,0.784712461,0.735449387,1,0,0,0.000000000,0.048902978,-0.255521792,0.151593069,-0.124586615,-0.015783954,0.172386158,0.291918938,12.122978695,0.022072356,-130.919065644,-0.109232940,142.886494733,44.891828592,-0.022400075,-0.000639319,0.023637448,-0.000813109,-0.000641141,-0.000078904,0.004397785,0.680730612,-0.000073505,-0.673883520,-0.000083849,0.234640915,0.000255942,-0.165621253,-0.021821509,0.000002356,0.021602019,0.000002688,-0.007521652,-0.000008204,0.005309157,1.361461224,-0.000147009,-1.347767039,-0.000167698,0.469281829,0.000511884,-0.331242505,-0.186208162,-0.027836287,0.379236487,0.011425863,0.403388692,0.342513023,0.038488787
10.951000000,0,10.951000000,sample,0.216534235,-0.000002444,0.216033440,0.216036112,0.000002673,2.672692745,0.000016704,1,1,2.000000000,0.080000000,2.000000000,0.033256537,0.016628268,0.016628268,0.041308475,0.041308475,-0.041308475,0.024119937,0.016807206,0.989353512,3,53.692717179,1,46.339384440,0.290128242,0.214753528,0.306605824,0.214753528,0.815010632,0.111444090,0.549198869,0.192545705,0.406442201,2.000000000,2.040888480,2.000000000,0.000000000,0.000000000,0.000000000,1.000000000,0.791829603,0.716982928,0.696096320,-0.339177594,1.000116885,0.849313702,0.786114217,1,0,0,0.000000000,0.049370375,-0.241945210,0.152313748,-0.124946105,-0.016046281,0.173925460,0.290680167,12.123074404,0.021786233,-130.918984645,-0.108534245,142.886248588,44.891290579,0.011122963,0.000108594,-0.012315533,0.000007022,0.002338945,-0.000147550,-0.001259065,0.680730376,-0.000072673,-0.673883429,-0.000083313,0.234641542,0.000254307,-0.165621706,0.011319367,-0.000001208,-0.011205514,-0.000001385,0.003901683,0.000004229,-0.002754002,1.361460751,-0.000145347,-1.347766858,-0.000166625,0.469283084,0.000508613,-0.331243411,-0.342006549,-0.042106749,0.288166772,0.025947156,0.401255063,0.345818742,0.038717656
11.001000000,0,11.001000000,sample,0.216534275,0.000000799,0.216038247,0.216031416,0.000006831,6.830872351,0.000042693,1,1,2.000000000,0.080000000,2.000000000,-0.078969090,0.039484545,-0.039484545,0.040398959,0.040398959,-0.040398959,0.023506872,0.040328268,0.979078612,3,58.922063734,1,46.339176809,0.289529033,0.210458773,0.292714719,0.215261411,4.093373748,0.322077284,0.490271178,0.180088019,0.442808990,2.000000000,2.048489581,2.000000000,0.000000000,0.000000000,0.000000000,1.000000000,0.764995306,0.764391618,0.723418920,0.358308613,0.909059871,0.782215594,0.733989920,1,0,0,0.000000000,0.050840747,-0.238306948,0.156371600,-0.121950319,-0.016460068,0.170733948,0.304619676,12.123489142,0.008125509,-130.919021483,-0.108750864,142.886272369,44.888854725,0.024920566,0.001105989,-0.030956265,-0.001578217,0.002906205,0.000234689,-0.005901630,-0.680728851,0.000038625,0.673881075,0.000083482,-0.234649006,-0.000254822,0.165626987,0.026878269,-0.000001525,-0.026607888,-0.000003296,0.009265009,0.000010062,-0.006539706,-1.361457701,0.000077251,1.347762151,0.000166963,-0.469298012,-0.000509644,0.331253974,-0.412087940,-0.052321660,0.248397314,0.031646847,0.408893739,0.345508179,0.038835131
11.051000000,0,11.051000000,sample,0.216534084,-0.000003813,0.216036812,0.216032462,0.000004350,4.350274550,0.000027189,1,1,2.000000000,0.080000000,2.000000000,0.029561401,0.014780700,0.014780700,0.040486866,0.040486866,-0.040486866,0.025862557,0.016087484,0.918770178,1,61.285655346,1,46.339204099,0.315478395,0.208376164,0.317101140,0.212996441,1.134097988,0.259075386,0.586849721,0.217872698,0.433437717,2.000000000,2.046434733,2.000000000,0.000000000,0.000000000,0.000000000,1.000000000,0.771734044,0.742625555,0.692639524,0.303535311,0.831572795,0.785667650,0.722771330,1,0,0,0.000000000,0.049012427,-0.270882035,0.154101664,-0.122568666,-0.016105904,0.167744293,0.304371445,12.123377482,0.011739755,-130.918856604,-0.108986337,142.886356812,44.889339169,-0.012594112,0.000542644,0.009865469,0.000313775,0.001424068,0.000183701,-0.000642946,-0.680729051,0.000047683,0.673881760,0.000083662,-0.234647349,-0.000255372,0.165625722,-0.010061652,0.000000705,0.009960444,0.000001237,-0.003468252,-0.000003775,0.002448064,-1.361458102,0.000095366,1.347763520,0.000167324,-0.469294697,-0.000510743,0.331251444,-0.361845868,-0.047038012,0.222178964,0.026193773,0.420818551,0.343522867,0.038192739
11.101000000,0,11.101000000,sample,0.216534152,0.000001358,0.216032249,0.216037131,0.000004883,4.882644660,0.000030517,1,1,2.000000000,0.080000000,2.000000000,-0.042264999,0.021132500,-0.021132500,0.035140422,0.035140422,-0.035140422,0.021319255,0.021574152,0.979528611,1,59.730221911,1,46.339356316,0.333653553,0.209077418,0.333653553,0.210721320,1.535364963,0.250013420,0.594069008,0.216094745,0.424633774,2.000000000,2.044590591,2.000000000,0.000000000,0.000000000,0.000000000,1.000000000,0.806726735,0.692150471,0.673560468,-0.303943350,0.806726735,0.739477419,0.707109588,1,0,0,0.000000000,0.048372326,-0.293301448,0.151522513,-0.125105879,-0.015807304,0.166769346,0.292822216,12.123074422,0.025121002,-130.918905584,-0.109439638,142.886418199,44.890260779,-0.016673655,-0.000742962,0.013411721,-0.000134867,-0.001833984,-0.000175932,0.001895892,0.680730169,-0.000081147,-0.673883282,-0.000084008,0.234642255,0.000256428,-0.165622137,-0.014385530,0.000001715,0.014240838,0.000001775,-0.004958577,-0.000005419,0.003500010,1.361460338,-0.000162294,-1.347766563,-0.000168016,0.469284510,0.000512856,-0.331244274,-0.292926271,-0.036965916,0.286817653,0.023483769,0.404925550,0.343884193,0.038399645
11.151000000,0,11.151000000,sample,0.216533909,-0.000004857,0.216035519,0.216033403,0.000002117,2.116595766,0.000013229,1,1,2.000000000,0.080000000,2.000000000,-0.055423927,0.027711964,-0.027711964,0.039869083,0.039869083,-0.039869083,0.025480248,0.028809930,0.961889290,1,62.283633351,1,46.339237797,0.328406580,0.206388451,0.339515206,0.209488806,2.395715837,0.491589002,0.763353905,0.114171557,0.530916334,2.000000000,2.069273757,2.000000000,0.000000000,0.000000000,0.000000000,1.000000000,0.770170386,0.747463979,0.709806515,0.345317314,0.849771674,0.821761522,0.749374237,1,0,0,0.000000000,0.047735177,-0.287014938,0.152297932,-0.123298138,-0.015903263,0.164744797,0.302744477,12.123281773,0.014944981,-130.918714150,-0.108901321,142.886331160,44.887778764,0.022736792,0.000929946,-0.017478296,0.000833793,0.000262592,0.000509353,-0.002381419,-0.680729299,0.000055666,0.673882485,0.000083596,-0.234645508,-0.000255171,0.165624360,0.018864346,-0.000001543,-0.018674607,-0.000002317,0.006502488,0.000007071,-0.004589776,-1.361458597,0.000111332,1.347764970,0.000167192,-0.469291016,-0.000510341,0.331248721,-0.393657840,-0.048516555,0.246740764,0.030057668,0.405839771,0.344279398,0.038551853
11.201000000,0,11.201000000,sample,0.216534221,0.000006245,0.216038246,0.216031293,0.000006952,6.952187227,0.000043451,1,1,2.000000000,0.080000000,2.000000000,0.016612019,0.008306009,0.008306009,0.038559357,0.038559357,-0.038559357,0.024829129,0.009798152,0.847711825,1,42.360468296,1,46.339262250,0.298039209,0.207610594,0.329164185,0.211883768,0.980447920,0.465210015,0.553362799,0.240101783,0.411038570,2.000000000,2.041802414,2.000000000,0.000000000,0.000000000,0.000000000,1.000000000,0.826028458,0.688993470,0.700158807,0.313410113,0.835257630,0.796336585,0.733956958,1,0,0,0.000000000,0.049375359,-0.250405591,0.153904139,-0.121635774,-0.016077737,0.167476576,0.306073146,12.123281773,0.008033906,-130.918968835,-0.109252740,142.886397617,44.887362766,-0.006377119,-0.000361960,0.004941844,0.000832758,0.001073783,0.000522434,0.005353864,-0.680729478,0.000038481,0.673882103,0.000083866,-0.234645843,-0.000255994,0.165624704,-0.005654145,0.000000320,0.005597271,0.000000697,-0.001948971,-0.000002126,0.001375680,-1.361458956,0.000076962,1.347764207,0.000167732,-0.469291686,-0.000511988,0.331249408,-0.203857224,-0.049779151,0.394159809,0.029576764,0.412701667,0.344002521,0.035909368
11.251000000,0,11.251000000,sample,0.216534170,-0.000001029,0.216034948,0.216034483,0.000000465,0.464575687,0.000002904,0,0,2.000000000,0.080000000,0.000000000,0.000000000,0.027993725,0.000000000,0.034907824,0.034907824,-0.034907824,0.028369080,0.029113379,0.961541592,1,54.876203158,0,0.000000000,0.308374602,0.208144714,0.313871301,0.211002196,0.612952714,0.357047780,0.588998318,0.230861935,0.435957274,0.000000000,0.436045306,2.000000000,0.000000000,0.000000000,0.000000000,1.000000000,0.855267424,0.670298383,0.674370813,0.000000000,0.902618005,0.746874355,0.710767355,1,0,0,0.000000000,0.049176402,-0.263249953,0.152892245,-0.123672662,-0.016054204,0.166648004,0.297674116,12.123186064,0.017362472,-130.918927988,-0.109124227,142.886299436,44.887153188,-0.021566747,0.000086905,0.019480157,0.000223473,0.000380739,0.000189979,0.001658075,0.000000000,0.000000000,0.000000000,0.000000000,0.000000000,0.000000000,0.000000000,-0.019056165,0.000001728,0.018864490,0.000002345,-0.006568552,-0.000007158,0.004636410,0.000000000,0.000000000,0.000000000,0.000000000,0.000000000,0.000000000,0.000000000,-0.205932465,-0.031673000,0.354439603,0.014040579,0.407113946,0.344280066,0.035630529
11.301000000,0,11.301000000,sample,0.216534021,-0.000002984,0.216032719,0.216036400,0.000003681,3.680890850,0.000023006,1,1,2.000000000,0.080000000,2.000000000,0.006373644,0.003186822,0.003186822,0.039931937,0.039931937,-0.039931937,0.018905501,0.004869686,0.654420505,3,76.123561099,1,46.339338616,0.316850042,0.206956241,0.329204619,0.208553540,2.321898012,0.387022265,0.535116999,0.227564352,0.418952197,2.000000000,2.043408927,2.000000000,0.000000000,0.000000000,0.000000000,1.000000000,0.862937748,0.685799252,0.675238145,-0.315323888,0.862937748,0.847086939,0.788783592,1,0,0,0.000000000,0.047221911,-0.274676792,0.150720603,-0.125136922,-0.015664905,0.164092191,0.292671072,12.123074404,0.023278379,-130.918795050,-0.108768852,142.886458870,44.885095089,-0.000162205,-0.000225249,-0.004248743,-0.000198872,0.002275513,0.000060414,0.000603169,0.680730039,-0.000076436,-0.673883351,-0.000083493,0.234642405,0.000254856,-0.165622184,0.002169366,-0.000000244,-0.002147546,-0.000000266,0.000747764,0.000000812,-0.000527808,1.361460078,-0.000152872,-1.347766701,-0.000166986,0.469284809,0.000509712,-0.331244367,-0.265374589,-0.015646462,0.329607001,0.008476306,0.397040235,0.343065967,0.035074768
11.351000000,0,11.351000000,sample,0.216534132,0.000002221,0.216038388,0.216030978,0.000007410,7.410087245,0.000046313,1,1,2.000000000,0.080000000,2.000000000,-0.030267365,0.015133683,-0.015133683,0.037796783,0.037796783,-0.037796783,0.019073580,0.015390650,0.983303649,1,53.448826145,1,46.339264899,0.316782353,0.203117587,0.326540761,0.206900511,0.834810736,0.108914597,0.666762941,0.168758535,0.475124735,2.000000000,2.055667882,2.000000000,0.000000000,0.000000000,0.000000000,1.000000000,0.797603543,0.810048124,0.738932329,0.335335232,0.881434686,0.810048124,0.738932329,1,0,0,0.000000000,0.049327309,-0.272614390,0.153620539,-0.121718457,-0.016122176,0.161806819,0.309184599,12.123281773,0.007311779,-130.918904062,-0.108877073,142.886299028,44.883798039,0.011251905,0.000326581,-0.010270035,-0.000938797,0.001738473,-0.000109281,-0.000878015,-0.680729498,0.000036616,0.673882315,0.000083577,-0.234645405,-0.000255114,0.165624384,0.010301944,-0.000000554,-0.010198321,-0.000001265,0.003551049,0.000003861,-0.002506507,-1.361458995,0.000073231,1.347764631,0.000167154,-0.469290810,-0.000510228,0.331248768,-0.473314509,-0.045403461,0.156583339,0.027325917,0.418133314,0.344381434,0.035125486
11.401000000,0,11.401000000,sample,0.216534431,0.000005982,0.216035721,0.216034239,0.000001482,1.482274785,0.000009264,1,1,2.000000000,0.080000000,2.000000000,0.048579329,0.024289665,0.024289665,0.034453452,0.034453452,-0.034453452,0.024289665,0.025944666,0.936210354,1,66.008241711,1,46.339215600,0.314093827,0.205114494,0.321635223,0.207080085,2.914168678,0.451472226,0.542467592,0.240924753,0.471318605,2.000000000,2.054800246,2.000000000,0.000000000,0.000000000,0.000000000,1.000000000,0.811478401,0.697984882,0.673647747,0.294839558,0.844029510,0.812530272,0.741720957,1,0,0,0.000000000,0.051336448,-0.267549707,0.156322281,-0.123370169,-0.016425360,0.163039764,0.299675316,12.123418091,0.015895657,-130.919135329,-0.109123944,142.886372846,44.884111424,-0.021078862,0.000556825,0.015064729,-0.000901093,0.000760900,-0.000348271,-0.000197254,-0.680729136,0.000058076,0.673881193,0.000083768,-0.234648209,-0.000255695,0.165626458,-0.016534682,0.000001411,0.016368348,0.000002035,-0.005699526,-0.000006211,0.004023011,-1.361458271,0.000116153,1.347762387,0.000167535,-0.469296418,-0.000511390,0.331252916,-0.273707669,-0.036834840,0.295856527,0.022819905,0.412051856,0.344109821,0.035755572
11.451000000,0,11.451000000,sample,0.216534119,-0.000006244,0.216031962,0.216037348,0.000005386,5.386419548,0.000033665,1,1,2.000000000,0.080000000,2.000000000,-0.001847368,0.000923684,-0.000923684,0.037732602,0.037732602,-0.037732602,0.025625062,0.002120202,0.435658526,3,70.551125190,1,46.339343695,0.323204153,0.205398438,0.323204153,0.206931560,1.350048280,0.149414155,0.701960694,0.163166292,0.479549278,2.000000000,2.056688140,2.000000000,0.000000000,0.000000000,0.000000000,1.000000000,0.832778931,0.705888256,0.681228311,-0.321710102,0.876531947,0.759676592,0.716053378,1,0,0,0.000000000,0.047750152,-0.281646792,0.151181785,-0.125626953,-0.015711023,0.161739144,0.290845179,12.123074404,0.025745110,-130.918872964,-0.108822295,142.886498241,44.883370612,0.000721590,0.000022658,0.001780858,0.000415764,-0.000649003,-0.000257898,0.000376857,0.680730076,-0.000082600,-0.673883205,-0.000083534,0.234642597,0.000254981,-0.165622349,-0.000628780,0.000000076,0.000622455,0.000000077,-0.000216736,-0.000000236,0.000152983,1.361460153,-0.000165200,-1.347766410,-0.000167068,0.469285194,0.000509963,-0.331244697,-0.316970776,-0.023144384,0.287834599,0.011505899,0.400637118,0.343850032,0.036630438
11.501000000,0,11.501000000,sample,0.216534335,0.000004335,0.216035947,0.216033808,0.000002139,2.139054787,0.000013369,1,1,2.000000000,0.080000000,2.000000000,-0.061598044,0.030799022,-0.030799022,0.040400001,0.040400001,-0.040400001,0.026719958,0.032689712,0.942162518,1,62.346081704,1,46.339256025,0.321577582,0.203292138,0.327349660,0.206311702,2.883037936,0.462263899,0.785488649,0.118382707,0.568822466,2.000000000,2.079343775,2.000000000,0.000000000,0.000000000,0.000000000,1.000000000,0.800027622,0.783549212,0.725886194,0.353995373,0.827797869,0.804406216,0.731111587,1,0,0,0.000000000,0.049625750,-0.277796835,0.154202285,-0.123346735,-0.016036183,0.160798374,0.301790182,12.123281773,0.014900087,-130.919045573,-0.108825550,142.886539724,44.882773659,0.025811645,0.000914318,-0.019961996,-0.001520598,-0.000622510,0.000371937,0.000470050,-0.680729432,0.000055541,0.673881812,0.000083538,-0.234646483,-0.000254993,0.165625166,0.020965801,-0.000001711,-0.020754901,-0.000002573,0.007226882,0.000007854,-0.005101093,-1.361458865,0.000111083,1.347763625,0.000167076,-0.469292967,-0.000509986,0.331250331,-0.442709246,-0.038178310,0.211304160,0.022025141,0.405915550,0.344134274,0.033635090
11.551000000,0,11.551000000,sample,0.216534246,-0.000001789,0.216037761,0.216031837,0.000005924,5.923900795,0.000037024,1,1,2.000000000,0.080000000,2.000000000,0.019826806,0.009913403,0.009913403,0.035777365,0.035777365,-0.035777365,0.019909298,0.011809587,0.839436895,1,52.989950342,1,46.339155045,0.298465592,0.205036017,0.320968295,0.207684697,1.798797420,0.635297459,0.548769723,0.261214826,0.479496928,2.000000000,2.056678950,2.000000000,0.000000000,0.000000000,0.000000000,1.000000000,0.770336827,0.750187216,0.697199122,0.316431609,0.847192350,0.849626195,0.769419004,1,0,0,0.000000000,0.050008321,-0.249564644,0.155879330,-0.122161425,-0.016277541,0.163863956,0.304454566,12.123489142,0.009456080,-130.918984645,-0.108890966,142.886433058,44.883232788,-0.008596694,0.001243228,0.005038515,0.000143789,0.001429757,-0.000091560,0.006046295,-0.680728691,0.000041969,0.673880892,0.000083589,-0.234649690,-0.000255150,0.165627421,-0.006748338,0.000000416,0.006680453,0.000000829,-0.002326177,-0.000002529,0.001641931,-1.361457382,0.000083938,1.347761784,0.000167179,-0.469299380,-0.000510301,0.331254841,-0.358338801,-0.049527679,0.244921043,0.032204437,0.416958817,0.345389640,0.032478108
11.601000000,0,11.601000000,sample,0.216534254,0.000000155,0.216033753,0.216035828,0.000002075,2.075383946,0.000012971,1,1,2.000000000,0.080000000,2.000000000,-0.060896983,0.030448492,-0.030448492,0.038550051,0.038550051,-0.038550051,0.026900388,0.030949633,0.983807842,3,52.768288627,1,46.339362483,0.303594141,0.206811325,0.305531555,0.207688230,1.563164621,0.239970822,0.665646004,0.211966622,0.459961318,2.000000000,2.052232336,2.000000000,0.000000000,0.000000000,0.000000000,1.000000000,0.780624211,0.696916081,0.675617635,-0.296410231,0.986412599,0.777461950,0.720677854,1,0,0,0.000000000,0.048698835,-0.258252063,0.151999005,-0.124490401,-0.015855681,0.164382668,0.293305233,12.123074459,0.021011661,-130.918984418,-0.109055044,142.886454021,44.884031960,-0.020456920,-0.000570509,0.022482366,0.000123766,-0.002021040,-0.000329621,0.005422491,0.680730214,-0.000070829,-0.673883142,-0.000083713,0.234642423,0.000255527,-0.165622286,-0.020727208,0.000002157,0.020518725,0.000002549,-0.007144508,-0.000007780,0.005042949,1.361460429,-0.000141657,-1.347766285,-0.000167426,0.469284845,0.000511054,-0.331244573,-0.283160559,-0.050232260,0.288180712,0.032327591,0.411686546,0.344676155,0.037085669
11.651000000,0,11.651000000,sample,0.216534068,-0.000003720,0.216033372,0.216035838,0.000002466,2.465974017,0.000015412,1,1,2.000000000,0.080000000,2.000000000,0.027673113,0.013836556,0.013836556,0.038869386,0.038869386,-0.038869386,0.022144698,0.014533556,0.952042061,3,66.797560029,1,46.339399618,0.298945469,0.206876744,0.312760697,0.207694253,2.546508597,0.158999608,0.477766654,0.177556751,0.350820198,2.000000000,2.030539367,2.000000000,0.000000000,0.000000000,0.000000000,1.000000000,0.801775994,0.707203959,0.692432993,-0.335490235,0.804548594,0.809081934,0.741458403,1,0,0,0.000000000,0.047408676,-0.254076012,0.150220474,-0.124804227,-0.015677443,0.164244056,0.292286950,12.122978695,0.021518629,-130.918837722,-0.108716175,142.886393092,44.883100101,0.007770959,-0.001127784,-0.011878242,0.000082828,0.000272952,-0.000245813,-0.002886194,0.680730487,-0.000072036,-0.673883922,-0.000083452,0.234640427,0.000254731,-0.165620821,0.009418966,-0.000000997,-0.009324233,-0.000001155,0.003246616,0.000003525,-0.002291622,1.361460974,-0.000144071,-1.347767845,-0.000166904,0.469280853,0.000509462,-0.331241641,-0.306979276,-0.038408316,0.318665214,0.027005677,0.403166167,0.342650150,0.039026474
11.701000000,0,11.701000000,sample,0.216534174,0.000002120,0.216038369,0.216031082,0.000007287,7.287498608,0.000045547,1,1,2.000000000,0.080000000,2.000000000,-0.036418955,0.018209478,-0.018209478,0.038369436,0.038369436,-0.038369436,0.024120577,0.025428344,0.716109444,1,43.487336401,1,46.339274733,0.294068280,0.204742282,0.305699539,0.208660794,1.027110080,0.487708308,0.605684893,0.208341644,0.405901036,2.000000000,2.040784601,2.000000000,0.000000000,0.000000000,0.000000000,1.000000000,0.754453282,0.781048864,0.725283139,0.342012605,0.904249822,0.815348623,0.748092646,1,0,0,0.000000000,0.049670557,-0.245579571,0.153946949,-0.121664962,-0.016206982,0.163873039,0.306073439,12.123281773,0.007515225,-130.918941602,-0.109039717,142.886249990,44.883081837,0.016768704,-0.000893314,-0.014245107,0.000344355,-0.003288639,-0.000208969,0.012276514,-0.680729570,0.000037151,0.673882342,0.000083702,-0.234645202,-0.000255495,0.165624267,0.012395730,-0.000000676,-0.012271045,-0.000001524,0.004272767,0.000004652,-0.003015931,-1.361459140,0.000074302,1.347764683,0.000167404,-0.469290404,-0.000510990,0.331248535,-0.420277267,-0.057624152,0.219802524,0.038394656,0.419255059,0.345096478,0.037794507
11.751000000,0,11.751000000,sample,0.216534268,0.000001880,0.216035119,0.216034506,0.000000613,0.613275953,0.000003833,0,0,2.000000000,0.080000000,0.000000000,0.000000000,0.024158976,0.000000000,0.037770968,0.037770968,-0.037770968,0.023175556,0.025214781,0.958127521,3,48.761032410,0,0.000000000,0.296807078,0.206959774,0.302370402,0.207682397,1.068381238,0.451650094,0.642699715,0.243526711,0.481625233,0.000000000,0.481691070,2.000000000,0.000000000,0.000000000,0.000000000,1.000000000,0.732996372,0.682446404,0.685763450,0.000000000,0.825667921,0.802817591,0.739098536,1,0,0,0.000000000,0.049753563,-0.249156977,0.153426938,-0.123656743,-0.016139003,0.165169278,0.296381596,12.123186064,0.017141770,-130.919007621,-0.109085953,142.886299050,44.884135464,-0.016862769,-0.000424349,0.017607255,-0.001307406,0.000917086,0.000061693,0.006219530,0.000000000,0.000000000,0.000000000,0.000000000,0.000000000,0.000000000,0.000000000,-0.016445738,0.000001478,0.016280316,0.000002023,-0.005668752,-0.000006175,0.004001288,0.000000000,0.000000000,0.000000000,0.000000000,0.000000000,0.000000000,0.000000000,-0.236559060,-0.085564601,0.333659821,0.043547855,0.413951838,0.347947361,0.036622910
11.801000000,0,11.801000000,sample,0.216534240,-0.000000551,0.216033412,0.216036156,0.000002744,2.743605769,0.000017148,1,1,2.000000000,0.080000000,2.000000000,0.019749713,0.009874856,0.009874856,0.040189591,0.040189591,-0.040189591,0.020285931,0.010887060,0.907026929,3,80.621044027,1,46.339315187,0.291842212,0.207920196,0.302646807,0.208091414,2.916276098,0.366172982,0.474427601,0.217451675,0.414036768,2.000000000,2.042410125,2.000000000,0.000000000,0.000000000,0.000000000,1.000000000,0.849792117,0.685144162,0.689589947,-0.326304824,0.849792117,0.809739879,0.734392956,1,0,0,0.000000000,0.049494370,-0.243333196,0.153333427,-0.124903539,-0.016116576,0.165439324,0.290712791,12.123196209,0.021913306,-130.918983889,-0.108684112,142.886317021,44.883080941,0.004664244,0.000067059,-0.009775406,-0.000169457,0.000892289,-0.000204099,0.000585899,0.680729867,-0.000073016,-0.673882663,-0.000083429,0.234644001,0.000254660,-0.165623428,0.006722110,-0.000000721,-0.006654495,-0.000000824,0.002317076,0.000002515,-0.001635508,1.361459734,-0.000146033,-1.347765326,-0.000166857,0.469288003,0.000509320,-0.331246856,-0.241056443,-0.028412858,0.371079748,0.017388419,0.399772613,0.342737314,0.036458884
11.851000000,0,11.851000000,sample,0.216534173,-0.000001351,0.216038783,0.216030672,0.000008112,8.111565371,0.000050697,1,1,2.000000000,0.080000000,2.000000000,-0.011028012,0.005514006,-0.005514006,0.039259940,0.039259940,-0.039259940,0.022871686,0.012664762,0.435381719,7,54.533120459,1,46.339147431,0.309275280,0.202700680,0.313345673,0.207811144,0.644282921,0.453372216,0.612995208,0.217033271,0.449623045,2.000000000,2.049918270,2.000000000,0.000000000,0.000000000,0.000000000,1.000000000,0.757168911,0.771817319,0.715557053,0.332014957,0.864547872,0.775222663,0.718354894,1,0,0,0.000000000,0.049585830,-0.262709662,0.155486584,-0.121369268,-0.016210711,0.161537238,0.309158845,12.123489142,0.006341595,-130.918927930,-0.109123018,142.886440794,44.882750696,0.005553949,0.000909806,-0.005817296,0.000109015,-0.002718070,-0.000111026,0.009352489,-0.680728635,0.000034237,0.673880947,0.000083768,-0.234649705,-0.000255694,0.165627403,0.003753542,-0.000000189,-0.003715783,-0.000000462,0.001293860,0.000001410,-0.000913270,-1.361457270,0.000068474,1.347761895,0.000167535,-0.469299411,-0.000511388,0.331254806,-0.401862754,-0.056551956,0.223859774,0.037248557,0.418235977,0.345934165,0.035180495
11.901000000,0,11.901000000,sample,0.216534292,0.000002379,0.216036191,0.216033490,0.000002700,2.700428274,0.000016878,1,1,2.000000000,0.080000000,2.000000000,0.041295027,0.020647513,0.020647513,0.038932893,0.038932893,-0.038932893,0.025678939,0.021558335,0.957750820,1,68.786658907,1,46.339217892,0.317499612,0.203694065,0.332926724,0.204869174,3.078653233,0.528777249,0.522426449,0.246992380,0.455108021,2.000000000,2.051135055,2.000000000,0.000000000,0.000000000,0.000000000,1.000000000,0.826240475,0.679973887,0.680477866,0.286403017,0.841799690,0.836271043,0.764946354,1,0,0,0.000000000,0.050145946,-0.272456300,0.155109486,-0.123006297,-0.016229060,0.161546713,0.302042533,12.123377482,0.014139827,-130.919019733,-0.109121645,142.886413043,44.883267263,-0.017879992,0.000151906,0.011652139,-0.000547271,-0.000587105,-0.000109092,0.002935333,-0.680729152,0.000053695,0.673881494,0.000083766,-0.234647631,-0.000255689,0.165625987,-0.014055364,0.000001109,0.013913977,0.000001730,-0.004844890,-0.000005279,0.003419765,-1.361458305,0.000107389,1.347762987,0.000167532,-0.469295261,-0.000511378,0.331251974,-0.201689329,-0.046138919,0.357237531,0.027575555,0.414616292,0.344604697,0.034707474
11.951000000,0,11.951000000,sample,0.216534357,0.000001300,0.216032412,0.216037369,0.000004957,4.957233502,0.000030983,1,1,2.000000000,0.080000000,2.000000000,-0.031941132,0.015970566,-0.015970566,0.043807818,0.043807818,-0.043807818,0.030051521,0.018106477,0.882036096,1,61.719452789,1,46.339435212,0.316081169,0.205512682,0.335995891,0.205512682,2.566358683,0.160987758,0.520078160,0.161487992,0.376596995,2.000000000,2.035151346,2.000000000,0.000000000,0.000000000,0.000000000,1.000000000,0.825935571,0.680521137,0.671555675,-0.302886568,0.873386223,0.854016440,0.777469168,1,0,0,0.000000000,0.049696113,-0.272682790,0.151926620,-0.125183760,-0.015983224,0.162200571,0.290491623,12.122978751,0.025216885,-130.919078607,-0.109371263,142.886332437,44.883400194,-0.014224761,-0.000559359,0.009340838,-0.000359447,-0.003519054,0.000369345,-0.005028635,0.680730749,-0.000081374,-0.673883731,-0.000083955,0.234640225,0.000256266,-0.165620803,-0.010871655,0.000001300,0.010762305,0.000001341,-0.003747337,-0.000004093,0.002645058,1.361461497,-0.000162748,-1.347767462,-0.000167909,0.469280451,0.000512532,-0.331241607,-0.257705494,-0.033697116,0.320265574,0.019521364,0.401241229,0.343854884,0.035462381
12.001000000,0,12.001000000,sample,0.216534071,-0.000005703,0.216036967,0.216032279,0.000004687,4.687327817,0.000029296,1,1,2.000000000,0.080000000,2.000000000,-0.066753676,0.033376838,-0.033376838,0.033376838,0.033376838,-0.033376838,0.023575486,0.034443534,0.969030597,1,52.092737712,1,46.339193432,0.307955916,0.203496031,0.321129130,0.206011901,0.446194555,0.318866290,0.629049860,0.137817383,0.438559335,2.000000000,2.047545741,2.000000000,0.000000000,0.000000000,0.000000000,1.000000000,0.750146807,0.801228691,0.746198572,0.347985974,0.850938567,0.801228691,0.747094015,1,0,0,0.000000000,0.048536763,-0.262306989,0.153870309,-0.122667304,-0.016023712,0.161575393,0.303976046,12.123377482,0.011201392,-130.918840631,-0.108667225,142.886438463,44.881993622,0.024859723,0.000810830,-0.023745708,0.000018505,0.000615637,-0.000005276,-0.001858942,-0.680728973,0.000046286,0.673881663,0.000083417,-0.234647698,-0.000254624,0.165625946,0.022720581,-0.000001545,-0.022492039,-0.000002784,0.007831798,0.000008499,-0.005528070,-1.361457945,0.000092572,1.347763326,0.000166834,-0.469295395,-0.000509248,0.331251891,-0.480000200,-0.069923830,0.165995903,0.042953281,0.412206255,0.347583525,0.037347658
12.051000000,0,12.051000000,sample,0.216534102,0.000000603,0.216036511,0.216032777,0.000003734,3.733651465,0.000023335,1,1,2.000000000,0.080000000,2.000000000,0.037274896,0.018637448,0.018637448,0.038130201,0.038130201,-0.038130201,0.023474585,0.020675750,0.901415803,1,78.472226368,1,46.339280003,0.292471056,0.205855232,0.304717369,0.208437329,4.937876924,0.872307697,0.380984555,0.292280745,0.484659370,2.000000000,2.057887193,2.000000000,0.000000000,0.000000000,0.000000000,1.000000000,0.826670628,0.708367977,0.687830560,0.311639961,0.843902394,0.801571415,0.743953908,1,0,0,0.000000000,0.047554858,-0.245291892,0.152018885,-0.122809639,-0.015728351,0.164459077,0.300683561,12.123186064,0.012618499,-130.918855499,-0.108924408,142.886553789,44.883176327,-0.018315520,-0.000274751,0.008564255,0.000646513,0.001176147,0.000480044,0.004071199,-0.680729609,0.000049865,0.673882539,0.000083613,-0.234644794,-0.000255223,0.165623880,-0.012687063,0.000000929,0.012559451,0.000001558,-0.004373180,-0.000004757,0.003086806,-1.361459217,0.000099729,1.347765078,0.000167227,-0.469289589,-0.000510446,0.331247761,-0.262074132,-0.033715308,0.333557086,0.022149039,0.414431885,0.344330708,0.034971033
12.101000000,0,12.101000000,sample,0.216534121,0.000000398,0.216032048,0.216037269,0.000005222,5.221613306,0.000032635,1,1,2.000000000,0.080000000,2.000000000,-0.045114361,0.022557181,-0.022557181,0.033536625,0.033536625,-0.033536625,0.026062937,0.022937077,0.983437449,3,50.178805552,1,46.339413355,0.302417812,0.207067428,0.302417812,0.207917054,0.791367042,0.146481613,0.607842276,0.183110838,0.414086370,2.000000000,2.042428529,2.000000000,0.000000000,0.000000000,0.000000000,1.000000000,0.800617235,0.707400717,0.683313222,-0.319134567,1.007782814,0.816907571,0.745412106,1,0,0,0.000000000,0.048109062,-0.257761856,0.150668101,-0.125369212,-0.015804489,0.164041759,0.288494361,12.122978527,0.025567761,-130.918888400,-0.109187618,142.886319944,44.883440632,-0.015929308,-0.000738887,0.016247937,0.000362427,-0.002593356,0.000285206,0.000941834,0.680730588,-0.000082218,-0.673883967,-0.000083814,0.234640125,0.000255836,-0.165620645,-0.015355363,0.000001855,0.015200922,0.000001891,-0.005292820,-0.000005771,0.003735935,1.361461176,-0.000164437,-1.347767933,-0.000167627,0.469280251,0.000511671,-0.331241291,-0.303512279,-0.038529397,0.299334650,0.026074637,0.404721455,0.343482318,0.035384498
12.151000000,0,12.151000000,sample,0.216534084,-0.000000751,0.216034841,0.216034420,0.000000421,0.420847604,0.000002630,0,0,2.000000000,0.080000000,0.000000000,0.000000000,0.025030753,0.000000000,0.034435311,0.034435311,-0.034435311,0.023088312,0.026134989,0.957748742,1,58.473579442,0,0.000000000,0.311847625,0.203300531,0.311847625,0.207240438,1.292643786,0.347866506,0.684835340,0.129216816,0.472345672,0.000000000,0.472399830,2.000000000,0.000000000,0.000000000,0.000000000,1.000000000,0.780091480,0.709452421,0.700821068,0.000000000,0.876486424,0.759763020,0.718396713,1,0,0,0.000000000,0.048570549,-0.267704087,0.152395422,-0.123750332,-0.015983085,0.160503901,0.298093774,12.123186064,0.017411250,-130.918856962,-0.109037553,142.886312940,44.881407193,0.019984908,0.000710151,-0.016787286,0.000176950,-0.000256863,0.000350318,-0.001050616,0.000000000,0.000000000,0.000000000,0.000000000,0.000000000,0.000000000,0.000000000,0.017039179,-0.000001548,-0.016867795,-0.000002095,0.005873310,0.000006395,-0.004145673,0.000000000,0.000000000,0.000000000,0.000000000,0.000000000,0.000000000,0.000000000,-0.308437803,-0.050320464,0.337081452,0.026573692,0.399118004,0.344310267,0.036184719
12.201000000,0,12.201000000,sample,0.216534310,0.000004522,0.216038442,0.216031264,0.000007179,7.178833965,0.000044868,1,1,2.000000000,0.080000000,2.000000000,-0.000192878,0.000096439,-0.000096439,0.043501719,0.043501719,-0.043501719,0.023733548,0.002643658,0.036479417,1,38.932585012,1,46.339314243,0.313267365,0.202034241,0.316847826,0.205602935,1.538769809,0.085936594,0.691253774,0.168298725,0.476918933,2.000000000,2.056077219,2.000000000,0.000000000,0.000000000,0.000000000,1.000000000,0.834623022,0.832601650,0.750552669,0.336919098,0.976118712,0.848246027,0.762493216,1,0,0,0.000000000,0.049567983,-0.268599144,0.153407813,-0.121685034,-0.016017476,0.160480614,0.308389621,12.123186064,0.007676931,-130.919037864,-0.109068758,142.886444787,44.882187290,0.001649536,-0.000733174,0.001158824,-0.000551230,-0.000075294,-0.000430925,0.001375617,-0.680729860,0.000037559,0.673882485,0.000083724,-0.234644361,-0.000255561,0.165623682,0.000065649,-0.000000004,-0.000064989,-0.000000008,0.000022629,0.000000025,-0.000015973,-1.361459720,0.000075118,1.347764970,0.000167448,-0.469288722,-0.000511122,0.331247364,-0.498397410,-0.032431541,0.134584060,0.024750788,0.420079092,0.342840257,0.033855129
12.251000000,0,12.251000000,sample,0.216534232,-0.000001557,0.216036275,0.216033273,0.000003002,3.002260504,0.000018764,1,1,2.000000000,0.080000000,2.000000000,0.045630722,0.022815361,0.022815361,0.040277780,0.040277780,-0.040277780,0.025809235,0.023747555,0.960745675,3,48.176597533,1,46.339298930,0.307946586,0.204196209,0.323377943,0.205489043,0.721534108,0.411297514,0.628184158,0.234797863,0.443968156,2.000000000,2.048694851,2.000000000,0.000000000,0.000000000,0.000000000,1.000000000,0.741701430,0.705908395,0.679361934,0.293707159,0.852123984,0.821784896,0.752674531,1,0,0,0.000000000,0.048735482,-0.262864472,0.152833970,-0.122969096,-0.015894232,0.162240767,0.301468506,12.123186120,0.013690250,-130.918965047,-0.109032394,142.886501270,44.882876872,-0.016338570,-0.000558543,0.016483027,0.000309882,0.000960456,-0.000056710,0.004896289,-0.680729748,0.000052557,0.673882487,0.000083696,-0.234644595,-0.000255476,0.165623802,-0.015531095,0.000001199,0.015374872,0.000001910,-0.005353501,-0.000005829,0.003778767,-1.361459495,0.000105114,1.347764973,0.000167392,-0.469289191,-0.000510952,0.331247604,-0.288064822,-0.066567226,0.281565429,0.030407650,0.417356108,0.344188220,0.035563097
12.301000000,0,12.301000000,sample,0.216534246,0.000000280,0.216032267,0.216037304,0.000005037,5.037002643,0.000031481,1,1,2.000000000,0.080000000,2.000000000,-0.036043481,0.018021741,-0.018021741,0.039769331,0.039769331,-0.039769331,0.028125813,0.019476306,0.925316141,1,58.811005274,1,46.339305140,0.299834514,0.207218263,0.319402189,0.207218263,1.008638113,0.323665692,0.551691241,0.225627038,0.417385697,2.000000000,2.043096020,2.000000000,0.000000000,0.000000000,0.000000000,1.000000000,0.817259731,0.693922618,0.675865954,-0.308259513,0.838426186,0.862455372,0.783170553,1,0,0,0.000000000,0.048986824,-0.253160665,0.153005570,-0.125385064,-0.015972318,0.164203774,0.288285391,12.123186064,0.025280992,-130.918979931,-0.109061608,142.886451606,44.883012576,-0.014936055,-0.000124556,0.012341908,0.000510898,0.001878359,-0.000309232,-0.000133061,0.680729793,-0.000081483,-0.673882534,-0.000083719,0.234644404,0.000255544,-0.165623683,-0.012267936,0.000001468,0.012144536,0.000001509,-0.004228701,-0.000004605,0.002984827,1.361459586,-0.000162966,-1.347765067,-0.000167437,0.469288807,0.000511089,-0.331247366,-0.281005746,-0.033108211,0.305697120,0.020210918,0.404911594,0.342900324,0.036621886
12.351000000,0,12.351000000,sample,0.216534173,-0.000001456,0.216037059,0.216032412,0.000004647,4.646917119,0.000029043,1,1,2.000000000,0.080000000,2.000000000,-0.072438045,0.036219022,-0.036219022,0.036219022,0.036219022,-0.036219022,0.021373877,0.037920481,0.955130873,1,61.846735584,1,46.339108587,0.291114374,0.205232492,0.303541439,0.208253807,2.889693982,0.406474406,0.705095041,0.122534533,0.483600912,2.000000000,2.057660717,2.000000000,0.000000000,0.000000000,0.000000000,1.000000000,0.811072498,0.792176170,0.729674778,0.351872384,1.005052205,0.835018265,0.759751020,1,0,0,0.000000000,0.050681665,-0.239852965,0.157001601,-0.122634061,-0.016555500,0.163728978,0.301490272,12.123610947,0.011271567,-130.918938691,-0.108741907,142.886235892,44.881788946,0.029821689,0.000306772,-0.023389258,0.000433473,0.001020083,-0.000053141,0.000496970,-0.680728350,0.000046474,0.673880549,0.000083475,-0.234650999,-0.000254803,0.165628361,0.024655315,-0.000001683,-0.024407295,-0.000003023,0.008498830,0.000009229,-0.005998897,-1.361456699,0.000092949,1.347761098,0.000166951,-0.469301998,-0.000509607,0.331256723,-0.442342655,-0.034458339,0.210366864,0.028616826,0.412323303,0.345320720,0.035225473
12.401000000,0,12.401000000,sample,0.216534157,-0.000000319,0.216036537,0.216032880,0.000003657,3.656938832,0.000022856,1,1,2.000000000,0.080000000,2.000000000,0.037808173,0.018904087,0.018904087,0.037522987,0.037522987,-0.037522987,0.019919890,0.019664107,0.961349842,3,50.629168312,1,46.339270663,0.300584673,0.204373234,0.300584673,0.208526573,0.980776826,0.252761024,0.609514654,0.211103696,0.421845088,2.000000000,2.044011392,2.000000000,0.000000000,0.000000000,0.000000000,1.000000000,0.808688491,0.702264649,0.692672584,0.314201827,0.890327348,0.822916216,0.746642126,1,0,0,0.000000000,0.049507165,-0.253468044,0.153799014,-0.122788084,-0.016184334,0.162571746,0.301446347,12.123281798,0.012741254,-130.918922547,-0.109001058,142.886263500,44.882232222,-0.013563482,-0.000612978,0.013991834,0.000846057,0.000606976,-0.000297907,0.002321411,-0.680729540,0.000050184,0.673882342,0.000083672,-0.234645262,-0.000255404,0.165624298,-0.012868570,0.000000949,0.012739130,0.000001582,-0.004435754,-0.000004828,0.003130976,-1.361459080,0.000100368,1.347764685,0.000167345,-0.469290524,-0.000510809,0.331248597,-0.246236436,-0.046926561,0.353132932,0.027505092,0.413417648,0.345543490,0.034452453
12.451000000,0,12.451000000,sample,0.216534025,-0.000002642,0.216032207,0.216036925,0.000004718,4.717914914,0.000029487,1,1,2.000000000,0.080000000,2.000000000,-0.008287344,0.004143672,-0.004143672,0.037064346,0.037064346,-0.037064346,0.023967711,0.005007358,0.827516560,1,46.334962064,1,46.339273411,0.313956184,0.205417168,0.314005052,0.206452757,0.244394901,0.227794915,0.619153951,0.209870838,0.436693217,2.000000000,2.047120504,2.000000000,0.000000000,0.000000000,0.000000000,1.000000000,0.813577593,0.711249369,0.683950773,-0.322097629,0.870843151,0.796477188,0.736480016,1,0,0,0.000000000,0.047250217,-0.270822503,0.151628080,-0.125209709,-0.015703230,0.162086860,0.290661065,12.123186064,0.024844940,-130.918793613,-0.109204030,142.886535562,44.882959138,-0.003408498,0.000390564,0.002757416,0.000483675,0.001445158,-0.000055302,0.001836957,0.680729560,-0.000080419,-0.673882630,-0.000083828,0.234644720,0.000255878,-0.165623802,-0.002820720,0.000000333,0.002792348,0.000000347,-0.000972291,-0.000001060,0.000686291,1.361459120,-0.000160838,-1.347765259,-0.000167656,0.469289440,0.000511756,-0.331247604,-0.321442605,-0.030598536,0.284868790,0.018734866,0.403642582,0.343125613,0.036922869
12.501000000,0,12.501000000,sample,0.216534038,0.000000250,0.216036522,0.216032656,0.000003866,3.865522152,0.000024160,1,1,2.000000000,0.080000000,2.000000000,-0.073425050,0.036712525,-0.036712525,0.036799151,0.036799151,-0.036799151,0.024599512,0.037869536,0.969447455,1,58.500265473,1,46.339185311,0.315140349,0.202225562,0.318025217,0.205940954,2.135068291,0.613915681,0.732811578,0.096084866,0.534641779,2.000000000,2.070251433,2.000000000,0.000000000,0.000000000,0.000000000,1.000000000,0.753307701,0.734867327,0.709027739,0.349681928,0.921039537,0.790544607,0.729140802,1,0,0,0.000000000,0.048181921,-0.270922235,0.153600406,-0.122856203,-0.015956914,0.159834002,0.303657090,12.123377482,0.012404037,-130.918809409,-0.108777225,142.886478033,44.881197118,0.028964691,0.000967198,-0.023967202,0.000154129,0.000481387,-0.000155159,-0.004416626,-0.680728913,0.000049305,0.673881643,0.000083501,-0.234647862,-0.000254882,0.165626039,0.024991277,-0.000001810,-0.024739897,-0.000003066,0.008614515,0.000009357,-0.006080550,-1.361457826,0.000098611,1.347763286,0.000167003,-0.469295723,-0.000509763,0.331252077,-0.339750957,-0.059128863,0.309174173,0.034375752,0.408144140,0.345204255,0.035713041
12.551000000,0,12.551000000,sample,0.216534184,0.000002930,0.216037316,0.216032155,0.000005161,5.160664923,0.000032254,1,1,2.000000000,0.080000000,2.000000000,0.026651783,0.013325892,0.013325892,0.038266338,0.038266338,-0.038266338,0.025924223,0.013747417,0.969337855,3,58.806010553,1,46.339209964,0.309362534,0.202687191,0.318101871,0.205682413,1.508151900,0.350962726,0.687306236,0.140239221,0.491988790,2.000000000,2.059630000,2.000000000,0.000000000,0.000000000,0.000000000,1.000000000,0.753240472,0.746580479,0.698448933,0.313204103,0.852426598,0.816670891,0.746525126,1,0,0,0.000000000,0.049487184,-0.263365352,0.154579711,-0.122191503,-0.016161486,0.160904134,0.304766705,12.123377482,0.010615733,-130.918936361,-0.109252111,142.886393842,44.882007530,-0.007783968,0.000060542,0.010542217,-0.000128532,-0.004125810,-0.000381713,-0.000273442,-0.680729094,0.000044923,0.673881618,0.000083866,-0.234647523,-0.000255994,0.165625876,-0.009071322,0.000000599,0.008980073,0.000001118,-0.003126887,-0.000003411,0.002207112,-1.361458188,0.000089847,1.347763236,0.000167732,-0.469295047,-0.000511989,0.331251751,-0.355523285,-0.057097330,0.243415992,0.036549537,0.420817771,0.345242573,0.036149089
12.601000000,0,12.601000000,sample,0.216534493,0.000006179,0.216034322,0.216035739,0.000001417,1.416555775,0.000008853,1,1,2.000000000,0.080000000,2.000000000,-0.049308554,0.024654277,-0.024654277,0.040099828,0.040099828,-0.040099828,0.025877307,0.025592183,0.963351847,1,62.771923922,1,46.339326608,0.307426482,0.205064428,0.314475909,0.206168548,2.246617236,0.421006037,0.533755807,0.236470492,0.443911344,2.000000000,2.048685507,2.000000000,0.000000000,0.000000000,0.000000000,1.000000000,0.839169697,0.664612898,0.684673746,-0.295320514,0.862224154,0.750680019,0.709815099,1,0,0,0.000000000,0.050532087,-0.261062061,0.154285938,-0.124076170,-0.016133608,0.162469168,0.294578696,12.123186064,0.020125044,-130.919177330,-0.109436263,142.886481167,44.882829365,-0.020276363,-0.000380954,0.015451557,-0.000959318,-0.000505097,-0.000106209,0.001935595,0.680729951,-0.000068681,-0.673882270,-0.000084006,0.234644564,0.000256422,-0.165623884,-0.016782905,0.000001693,0.016614080,0.000002071,-0.005784992,-0.000006322,0.004083337,1.361459902,-0.000137362,-1.347764540,-0.000168012,0.469289129,0.000512845,-0.331247768,-0.181321597,-0.047075049,0.387684573,0.019724338,0.405042886,0.343109716,0.034816118
12.651000000,0,12.651000000,sample,0.216534210,-0.000005661,0.216033702,0.216035802,0.000002099,2.099488934,0.000013122,1,1,2.000000000,0.080000000,2.000000000,0.031181136,0.015590568,0.015590568,0.040507222,0.040507222,-0.040507222,0.023104350,0.016538512,0.942682636,1,53.385435457,1,46.339381596,0.327367494,0.203249899,0.336447633,0.205324145,0.148368763,0.266203132,0.660547474,0.140735266,0.453873838,2.000000000,2.050860002,2.000000000,0.000000000,0.000000000,0.000000000,1.000000000,0.804017927,0.767240954,0.712550052,-0.331153419,0.909951738,0.767240954,0.717500497,1,0,0,0.000000000,0.049420597,-0.285606652,0.152170696,-0.124668978,-0.016045384,0.159720734,0.296239452,12.123074404,0.020997172,-130.918964192,-0.108758194,142.886252484,44.882052426,0.012083919,-0.000105108,-0.011148020,-0.000013083,-0.001394954,-0.000299950,-0.001084357,0.680730355,-0.000070742,-0.673883448,-0.000083485,0.234641551,0.000254831,-0.165621701,0.010612973,-0.000001103,-0.010506226,-0.000001302,0.003658195,0.000003973,-0.002582136,1.361460710,-0.000141484,-1.347766896,-0.000166969,0.469283102,0.000509663,-0.331243403,-0.429489534,-0.034869464,0.190662865,0.019118418,0.407801183,0.343051269,0.036696282
12.701000000,0,12.701000000,sample,0.216534071,-0.000002776,0.216038277,0.216030977,0.000007299,7.299150513,0.000045620,1,1,2.000000000,0.080000000,2.000000000,-0.016492572,0.008246286,-0.008246286,0.040301938,0.040301938,-0.040301938,0.025144135,0.011128189,0.741026758,3,77.249011006,1,46.339209010,0.320260359,0.201177813,0.335891303,0.203913554,3.870840976,0.675069154,0.462319855,0.250600356,0.411916345,2.000000000,2.041980776,2.000000000,0.000000000,0.000000000,0.000000000,1.000000000,0.755136433,0.745885697,0.704855879,0.331789036,0.819187050,0.797888973,0.724290275,1,0,0,0.000000000,0.049289944,-0.276311893,0.154236626,-0.121648692,-0.016186662,0.159411732,0.309403350,12.123381994,0.007503018,-130.918855380,-0.109066949,142.886290194,44.881960284,0.003010038,-0.000527164,-0.009780723,0.000855104,0.001193391,0.000357151,0.004068522,-0.680729087,0.000037125,0.673881832,0.000083724,-0.234647137,-0.000255561,0.165625585,0.005613487,-0.000000306,-0.005557022,-0.000000690,0.001934967,0.000002107,-0.001365796,-1.361458174,0.000074250,1.347763664,0.000167447,-0.469294273,-0.000511121,0.331251169,-0.345914738,-0.056587053,0.279865451,0.029214414,0.418020288,0.344640971,0.035583665
12.752000000,0,12.752000000,sample,0.216534302,0.000004530,0.216033630,0.216036050,0.000002421,2.420585791,0.000015129,1,1,2.000000000,0.080000000,2.000000000,-0.061577126,0.030788563,-0.030788563,0.036519679,0.036519679,-0.036519679,0.023448030,0.031921083,0.964521271,3,46.953572578,1,46.339345959,0.323743908,0.203722221,0.324583252,0.205050067,0.840143009,0.585570266,0.680233477,0.258147671,0.483803301,2.000000000,2.057707225,2.000000000,0.000000000,0.000000000,0.000000000,1.000000000,0.817568046,0.705082280,0.673894355,-0.303357793,0.818626244,0.760447214,0.716084281,1,0,0,0.000000000,0.049241912,-0.281229607,0.152627849,-0.124454180,-0.015934140,0.160499232,0.295245918,12.123115005,0.021550835,-130.919023698,-0.109307396,142.886460605,44.882817888,-0.021372836,-0.000669041,0.021873180,-0.000537318,0.000036842,0.000230068,0.009106634,0.680730093,-0.000072217,-0.673882865,-0.000083907,0.234643180,0.000256119,-0.165622838,-0.020958701,0.000002223,0.020747885,0.000002583,-0.007224326,-0.000007886,0.005099289,1.361460186,-0.000144433,-1.347765730,-0.000167814,0.469286360,0.000512238,-0.331245676,-0.302443444,-0.030044337,0.277682443,0.020797941,0.406164641,0.343579784,0.034670243
12.801000000,0,12.801000000,sample,0.216533911,-0.000007993,0.216031946,0.216036963,0.000005017,5.016836567,0.000031355,1,1,2.000000000,0.080000000,2.000000000,-0.005715318,0.002857659,-0.002857659,0.041573872,0.041573872,-0.041573872,0.028236483,0.006313167,0.452650661,3,57.845089557,1,46.339346896,0.320992715,0.204087212,0.323164963,0.204932101,2.262175287,0.270091466,0.740266994,0.172000251,0.518832778,2.000000000,2.066201457,2.000000000,0.000000000,0.000000000,0.000000000,1.000000000,0.859661344,0.710062856,0.682919382,-0.328736785,0.889106814,0.758291577,0.714016088,1,0,0,0.000000000,0.047238109,-0.279581108,0.150463577,-0.125578929,-0.015766387,0.160102916,0.291187062,12.123074462,0.025195132,-130.918718888,-0.108717196,142.886292396,44.881454251,-0.001094970,-0.000326701,0.004801539,-0.000092374,0.002975400,-0.000202685,-0.002567680,0.680730100,-0.000081210,-0.673883670,-0.000083453,0.234641675,0.000254735,-0.165621665,-0.001945294,0.000000232,0.001925730,0.000000238,-0.000670526,-0.000000728,0.000473290,1.361460200,-0.000162420,-1.347767340,-0.000166906,0.469283351,0.000509470,-0.331243330,-0.314099983,-0.010737252,0.300574956,0.010799943,0.397893093,0.342914801,0.035119455
12.851000000,0,12.851000000,sample,0.216534239,0.000006558,0.216038331,0.216031252,0.000007079,7.078821447,0.000044243,1,1,2.000000000,0.080000000,2.000000000,-0.058819706,0.029409853,-0.029409853,0.041966689,0.041966689,-0.041966689,0.020633050,0.030399460,0.967446544,1,49.068945602,1,46.339150070,0.311226935,0.202200283,0.326409754,0.204960237,1.431275868,0.286239715,0.647885139,0.192196577,0.484943072,2.000000000,2.057974443,2.000000000,0.000000000,0.000000000,0.000000000,1.000000000,0.798298072,0.800880337,0.740221017,0.346613124,0.846699691,0.800880337,0.740221017,1,0,0,0.000000000,0.049887921,-0.264779676,0.155772667,-0.121940246,-0.016235499,0.160474109,0.307853102,12.123489142,0.007755644,-130.918977652,-0.108672942,142.886472287,44.881404764,0.021294588,0.002165624,-0.021281946,-0.000300687,0.003356353,-0.000129027,0.001297838,-0.680728654,0.000037689,0.673880845,0.000083422,-0.234649857,-0.000254640,0.165627528,0.020020130,-0.000001108,-0.019818736,-0.000002453,0.006901018,0.000007489,-0.004871081,-1.361457308,0.000075379,1.347761689,0.000166844,-0.469299713,-0.000509279,0.331255056,-0.474066807,-0.044740304,0.170097562,0.028995751,0.413054369,0.345481315,0.037959659
12.901000000,0,12.901000000,sample,0.216534208,-0.000000606,0.216036398,0.216033112,0.000003286,3.285987789,0.000020537,1,1,2.000000000,0.080000000,2.000000000,0.035505778,0.017752889,0.017752889,0.033380729,0.033380729,-0.033380729,0.024076406,0.018221589,0.974277742,3,46.280573826,1,46.339190086,0.301006315,0.204562415,0.311981856,0.206669462,1.045598438,0.128674844,0.654116160,0.193947661,0.458720506,2.000000000,2.051941433,2.000000000,0.000000000,0.000000000,0.000000000,1.000000000,0.790798236,0.736025284,0.688379723,0.303157630,0.844745069,0.803181859,0.742159921,1,0,0,0.000000000,0.048773141,-0.253796274,0.154316020,-0.122822790,-0.015978295,0.162803680,0.300911480,12.123377482,0.013299234,-130.918939872,-0.109139899,142.886582115,44.882586349,-0.010816427,0.000814592,0.012396116,-0.000236118,-0.003969540,0.000615797,0.006671715,-0.680728948,0.000051600,0.673881348,0.000083780,-0.234648339,-0.000255732,0.165626416,-0.012084905,0.000000916,0.011963341,0.000001487,-0.004165686,-0.000004540,0.002940347,-1.361457896,0.000103201,1.347762696,0.000167560,-0.469296677,-0.000511463,0.331252833,-0.362193182,-0.038588146,0.219585862,0.022048952,0.415933506,0.343563442,0.038119158
12.951000000,0,12.951000000,sample,0.216534287,0.000001582,0.216032400,0.216037248,0.000004847,4.847365091,0.000030296,1,1,2.000000000,0.080000000,2.000000000,-0.043574120,0.021787060,-0.021787060,0.044972800,0.044972800,-0.044972800,0.024006413,0.024226838,0.899294416,1,51.977676694,1,46.339371867,0.295673066,0.206935492,0.306601675,0.207067964,0.746694577,0.317409466,0.609956281,0.217339627,0.465552602,2.000000000,2.053483899,2.000000000,0.000000000,0.000000000,0.000000000,1.000000000,0.837186841,0.700134140,0.675484132,-0.310350220,0.854656775,0.819597317,0.749010456,1,0,0,0.000000000,0.049110927,-0.248628277,0.152297927,-0.125199747,-0.015948401,0.163990762,0.288068000,12.123074404,0.025045236,-130.919017207,-0.109289665,142.886400605,44.882533857,-0.017466471,0.000607719,0.016315123,-0.000775078,0.002954435,0.000165202,-0.002439829,0.680730283,-0.000080932,-0.673883178,-0.000083893,0.234642206,0.000256077,-0.165622159,-0.014831111,0.000001763,0.014681933,0.000001828,-0.005112164,-0.000005579,0.003608420,1.361460567,-0.000161865,-1.347766357,-0.000167786,0.469284411,0.000512153,-0.331244318,-0.298803082,-0.021305496,0.290484886,0.009728840,0.404220827,0.342493228,0.037005399
13.001000000,0,13.001000000,sample,0.216534470,0.000003657,0.216034571,0.216035467,0.000000896,0.895667767,0.000005598,0,0,2.000000000,0.080000000,0.000000000,0.000000000,0.018484884,0.000000000,0.038877878,0.038877878,-0.038877878,0.027160711,0.019621253,0.942084770,1,53.189387519,0,0.000000000,0.299651493,0.205774150,0.299651493,0.207584647,0.901684058,0.290562056,0.627891795,0.144060046,0.458829305,0.000000000,0.458881881,2.000000000,0.000000000,0.000000000,0.000000000,1.000000000,0.772082773,0.725710442,0.704141154,0.000000000,1.011343602,0.817190314,0.752535332,1,0,0,0.000000000,0.051786756,-0.250199635,0.156554438,-0.124317681,-0.016533658,0.163140287,0.294241074,12.123403578,0.019257800,-130.919172608,-0.108731728,142.886296115,44.881751382,0.014309987,0.000357672,-0.013278423,-0.001144169,-0.001385957,-0.000109335,-0.000729009,0.000000000,0.000000000,0.000000000,0.000000000,0.000000000,0.000000000,0.000000000,0.012583202,-0.000001227,-0.012456618,-0.000001543,0.004337434,0.000004710,-0.003061579,0.000000000,0.000000000,0.000000000,0.000000000,0.000000000,0.000000000,0.000000000,-0.346295362,-0.049971546,0.297697695,0.029763448,0.404303964,0.344835116,0.038915274
13.051000000,0,13.051000000,sample,0.216534467,-0.000000068,0.216038389,0.216031643,0.000006746,6.746051269,0.000042163,1,1,2.000000000,0.080000000,2.000000000,-0.002685579,0.001342790,-0.001342790,0.035761739,0.035761739,-0.035761739,0.023418151,0.002186004,0.614266639,1,34.535182985,1,46.339244936,0.304663563,0.202495966,0.305930861,0.207137897,0.945603673,0.119808501,0.653049170,0.168109049,0.472032458,2.000000000,2.054949149,2.000000000,0.000000000,0.000000000,0.000000000,1.000000000,0.740612576,0.748339293,0.706894253,0.334794932,0.820953626,0.795196886,0.738578888,1,0,0,0.000000000,0.051588771,-0.256404906,0.156253030,-0.121752252,-0.016451945,0.160966888,0.306415479,12.123377649,0.008318630,-130.919172901,-0.109179503,142.886337739,44.881414739,0.001284641,0.000308115,-0.000196776,-0.001064898,0.000599607,0.000342562,-0.001176338,-0.680729351,0.000039179,0.673881425,0.000083810,-0.234647338,-0.000255825,0.165625868,0.000914076,-0.000000053,-0.000904881,-0.000000113,0.000315082,0.000000344,-0.000222401,-1.361458702,0.000078359,1.347762851,0.000167620,-0.469294676,-0.000511649,0.331251735,-0.355533909,-0.061890598,0.274264622,0.029266992,0.417075090,0.343750841,0.035647823
13.101000000,0,13.101000000,sample,0.216534047,-0.000008396,0.216033334,0.216035844,0.000002510,2.510389887,0.000015690,1,1,2.000000000,0.080000000,2.000000000,-0.049073857,0.024536929,-0.024536929,0.033927208,0.033927208,-0.033927208,0.025551351,0.025083493,0.978210183,1,50.772191747,1,46.339280002,0.309145593,0.205177214,0.310566325,0.206164555,0.197266840,0.332316726,0.620567422,0.225291763,0.450343739,2.000000000,2.050089558,2.000000000,0.000000000,0.000000000,0.000000000,1.000000000,0.887378064,0.668272714,0.700668717,-0.302180175,0.887378064,0.769953664,0.717707011,1,0,0,0.000000000,0.047513556,-0.265076261,0.151815795,-0.124587329,-0.015755361,0.162257373,0.293379031,12.123186064,0.021650222,-130.918813065,-0.109123948,142.886498989,44.882659976,-0.017873145,0.000524872,0.017046717,0.000216774,-0.000745502,0.000075012,0.004272925,0.680729609,-0.000072434,-0.673882660,-0.000083766,0.234644561,0.000255690,-0.165623706,-0.016703014,0.000001777,0.016535011,0.000002055,-0.005757457,-0.000006274,0.004063897,1.361459217,-0.000144868,-1.347765321,-0.000167533,0.469289123,0.000511381,-0.331247412,-0.154421869,-0.036862881,0.424979545,0.026100166,0.405296599,0.344853766,0.035403094
13.151000000,0,13.151000000,sample,0.216534229,0.000003645,0.216033177,0.216036360,0.000003183,3.183100128,0.000019894,1,1,2.000000000,0.080000000,2.000000000,0.017626189,0.008813095,0.008813095,0.037447542,0.037447542,-0.037447542,0.023083799,0.008958891,0.983726092,1,57.603980249,1,46.339361129,0.305118760,0.205917441,0.317295196,0.206473503,0.979314878,0.087249332,0.657686462,0.178748624,0.472485480,2.000000000,2.055055001,2.000000000,0.000000000,0.000000000,0.000000000,1.000000000,0.792487930,0.755025424,0.710463738,-0.343964722,0.886536574,0.787405592,0.734219354,1,0,0,0.000000000,0.048891963,-0.259925169,0.152137899,-0.125088730,-0.015932947,0.162791104,0.291844076,12.123088160,0.022532575,-130.918970310,-0.108598462,142.886384184,44.882101293,0.006799555,0.000611428,-0.005371529,-0.000386821,0.002043517,-0.000458112,-0.000514927,0.680730204,-0.000074546,-0.673883179,-0.000083362,0.234642368,0.000254457,-0.165622256,0.005999340,-0.000000657,-0.005938996,-0.000000735,0.002067925,0.000002243,-0.001459645,1.361460409,-0.000149093,-1.347766358,-0.000166725,0.469284736,0.000508915,-0.331244511,-0.412406933,-0.039191475,0.225209077,0.023051581,0.402687045,0.344102785,0.036458013
13.201000000,0,13.201000000,sample,0.216534301,0.000001436,0.216038493,0.216031199,0.000007294,7.293945766,0.000045587,1,1,2.000000000,0.080000000,2.000000000,-0.033303451,0.016651726,-0.016651726,0.039222370,0.039222370,-0.039222370,0.020059980,0.017967200,0.926784648,3,72.474613189,1,46.339321655,0.293019282,0.203778233,0.312407638,0.206933703,3.740227635,0.283265746,0.459474432,0.184201605,0.396939746,2.000000000,2.039019493,2.000000000,0.000000000,0.000000000,0.000000000,1.000000000,0.831032996,0.708871451,0.700436730,0.330320365,0.899770221,0.797581380,0.743738427,1,0,0,0.000000000,0.049689048,-0.244596399,0.153505374,-0.121745560,-0.016085753,0.162618681,0.305985931,12.123186064,0.007483472,-130.919036205,-0.108902680,142.886373664,44.881599685,0.009134131,0.000454707,-0.015295841,-0.000294446,-0.000910649,-0.000297301,-0.002052819,-0.680729915,0.000037048,0.673882586,0.000083596,-0.234644055,-0.000255172,0.165623479,0.011335328,-0.000000617,-0.011221308,-0.000001392,0.003907228,0.000004249,-0.002757917,-1.361459829,0.000074096,1.347765173,0.000167193,-0.469288111,-0.000510344,0.331246959,-0.255735564,-0.036278268,0.366215268,0.027062821,0.410616131,0.345226596,0.035521731
13.251000000,0,13.251000000,sample,0.216534302,0.000000017,0.216035798,0.216033897,0.000001902,1.901596433,0.000011885,1,1,2.000000000,0.080000000,2.000000000,0.040566068,0.020283034,0.020283034,0.037122987,0.037122987,-0.037122987,0.022405091,0.020991136,0.966266631,1,54.233917562,1,46.339202471,0.308226202,0.204145506,0.312974538,0.206362662,0.592515368,0.128636683,0.587025341,0.187474640,0.411509460,2.000000000,2.041902969,2.000000000,0.000000000,0.000000000,0.000000000,1.000000000,0.792090910,0.734928070,0.685898257,0.297725839,0.884628509,0.769603405,0.718538540,1,0,0,0.000000000,0.049552691,-0.261840859,0.154878297,-0.123340237,-0.016089080,0.161875616,0.299701481,12.123377482,0.015265592,-130.919017225,-0.108966190,142.886553548,44.882231899,-0.015458645,-0.000721923,0.014078485,-0.000205844,-0.001548085,0.000442871,-0.000545968,-0.680729039,0.000056478,0.673881298,0.000083647,-0.234648238,-0.000255325,0.165626387,-0.013807250,0.000001146,0.013668357,0.000001697,-0.004759378,-0.000005179,0.003359406,-1.361458078,0.000112955,1.347762597,0.000167293,-0.469296475,-0.000510649,0.331252775,-0.333699486,-0.040469914,0.242824451,0.021860085,0.421283214,0.345375618,0.035465703
13.301000000,0,13.301000000,sample,0.216534309,0.000000146,0.216033281,0.216036406,0.000003125,3.124621172,0.000019529,1,1,2.000000000,0.080000000,2.000000000,-0.064872042,0.032436021,-0.032436021,0.038893553,0.038893553,-0.038893553,0.028089702,0.033654018,0.963808281,1,53.596513646,1,46.339432238,0.325217312,0.203416581,0.327136255,0.205238601,0.719488266,0.274876788,0.647501808,0.211134284,0.477303951,2.000000000,2.056194152,2.000000000,0.000000000,0.000000000,0.000000000,1.000000000,0.834565904,0.681107527,0.664029934,-0.281652346,0.844482209,0.840636018,0.768999261,1,0,0,0.000000000,0.049225586,-0.283548835,0.151470129,-0.124529908,-0.015888050,0.160056794,0.294417515,12.122966601,0.022605425,-130.919036108,-0.109550138,142.886371656,44.882772051,-0.024637985,0.000459592,0.022895085,-0.000479874,-0.000877344,-0.000366708,0.000178796,0.680730727,-0.000074888,-0.673883793,-0.000084092,0.234640162,0.000256685,-0.165620731,-0.022080196,0.000002429,0.021858109,0.000002728,-0.007610793,-0.000008326,0.005372077,1.361461454,-0.000149776,-1.347767587,-0.000168184,0.469280324,0.000513370,-0.331241461,-0.250828983,-0.029678699,0.298691071,0.007820917,0.410034445,0.344173130,0.035760838
13.351000000,0,13.351000000,sample,0.216534229,-0.000001596,0.216033405,0.216036131,0.000002726,2.726153459,0.000017038,1,1,2.000000000,0.080000000,2.000000000,0.036365818,0.018182909,0.018182909,0.038291389,0.038291389,-0.038291389,0.020360900,0.019196616,0.947193465,3,64.918580979,1,46.339362698,0.310684983,0.204804398,0.339639243,0.205673605,3.421258965,0.183522214,0.461760303,0.167207475,0.335551691,2.000000000,2.027959557,2.000000000,0.000000000,0.000000000,0.000000000,1.000000000,0.890531463,0.661322914,0.713375759,-0.321888060,0.912038194,0.898077341,0.816552793,1,0,0,0.000000000,0.048780926,-0.266538231,0.151996552,-0.124930825,-0.015895133,0.161506889,0.293244458,12.123078915,0.021880206,-130.918968206,-0.108635656,142.886411534,44.881609395,0.009853618,-0.001350613,-0.015467110,-0.000021242,0.000619819,0.000088293,-0.005474321,0.680730216,-0.000072925,-0.673883195,-0.000083391,0.234642319,0.000254544,-0.165622215,0.012377656,-0.000001326,-0.012253157,-0.000001516,0.004266480,0.000004628,-0.003011494,1.361460432,-0.000145850,-1.347766389,-0.000166782,0.469284639,0.000509089,-0.331244430,-0.150996582,-0.042152427,0.454232285,0.020685362,0.396153009,0.345404597,0.036493609
13.401000000,0,13.401000000,sample,0.216533952,-0.000005555,0.216038621,0.216030366,0.000008255,8.254590839,0.000051591,1,1,2.000000000,0.080000000,2.000000000,-0.032431407,0.016215703,-0.016215703,0.039840047,0.039840047,-0.039840047,0.025416106,0.018621239,0.870817646,3,60.781215297,1,46.339453007,0.284489431,0.204679790,0.315726979,0.206806310,2.497732624,0.461021354,0.451644201,0.214550954,0.371895896,2.000000000,2.034291835,2.000000000,0.000000000,0.000000000,0.000000000,1.000000000,0.779438014,0.726293426,0.700264329,0.333427846,0.878789710,0.786313003,0.723326338,1,0,0,0.000000000,0.046856333,-0.237770743,0.149009375,-0.121550147,-0.015607960,0.163938310,0.306709095,12.122882986,0.006071831,-130.918761253,-0.108737650,142.886270114,44.882130820,0.010761656,-0.001047932,-0.014517548,0.000108378,-0.000777413,0.000197445,0.004292418,-0.680730879,0.000033497,0.673884716,0.000083468,-0.234638157,-0.000254779,0.165619206,0.011038530,-0.000000543,-0.010927515,-0.000001353,0.003804823,0.000004131,-0.002685632,-1.361461759,0.000066994,1.347769433,0.000166935,-0.469276314,-0.000509559,0.331238412,-0.314149818,-0.048819735,0.312750872,0.015640146,0.414346304,0.343783605,0.036998749
13.451000000,0,13.451000000,sample,0.216534293,0.000006826,0.216036198,0.216033483,0.000002716,2.715629597,0.000016973,1,1,2.000000000,0.080000000,2.000000000,0.043530865,0.021765432,0.021765432,0.032912831,0.032912831,-0.032912831,0.023282268,0.023108747,0.941869866,1,65.923392387,1,46.339341176,0.279989852,0.206563950,0.295406689,0.208041808,2.547484957,0.322781319,0.479852945,0.224790963,0.431820276,2.000000000,2.046096798,2.000000000,0.000000000,0.000000000,0.000000000,1.000000000,0.758730949,0.729093461,0.688271324,0.302078523,0.982326924,0.778713910,0.721282213,1,0,0,0.000000000,0.050293000,-0.228498820,0.153796036,-0.122968947,-0.016276124,0.165173822,0.297321139,12.123186065,0.014127916,-130.919037680,-0.109184020,142.886189513,44.882210903,-0.018762736,0.000122906,0.013451594,-0.000653930,-0.000168186,-0.000326418,-0.000671545,-0.680730058,0.000053675,0.673882842,0.000083812,-0.234643269,-0.000255831,0.165622960,-0.014816384,0.000001168,0.014667351,0.000001824,-0.005107112,-0.000005568,0.003604855,-1.361460116,0.000107349,1.347765683,0.000167624,-0.469286538,-0.000511663,0.331245920,-0.341400041,-0.055531416,0.239912536,0.030219845,0.417993573,0.345688924,0.037268840
13.501000000,0,13.501000000,sample,0.216534085,-0.000004163,0.216031881,0.216037362,0.000005482,5.481536680,0.000034260,1,1,2.000000000,0.080000000,2.000000000,-0.048668176,0.024334088,-0.024334088,0.038969778,0.038969778,-0.038969778,0.028323030,0.025181813,0.966335837,3,54.729320925,1,46.339338471,0.275059626,0.209114130,0.284717620,0.209158222,1.370876658,0.275609917,0.598048085,0.173424448,0.421574584,2.000000000,2.043963618,2.000000000,0.000000000,0.000000000,0.000000000,1.000000000,0.814153920,0.680263846,0.678855371,-0.308885383,0.814153920,0.826755941,0.761711223,1,0,0,0.000000000,0.047157292,-0.225041377,0.150964786,-0.125398122,-0.015660318,0.166609678,0.284565855,12.123074404,0.025958330,-130.918844328,-0.109282801,142.886514214,44.882538344,-0.016785279,-0.000185102,0.018629321,0.000352227,-0.002105253,0.000143306,-0.000845910,0.680730038,-0.000083210,-0.673883216,-0.000083888,0.234642656,0.000256060,-0.165622373,-0.016564945,0.000002025,0.016398334,0.000002041,-0.005709815,-0.000006231,0.004030269,1.361460076,-0.000166419,-1.347766432,-0.000167775,0.469285313,0.000512121,-0.331244746,-0.250184616,-0.042227628,0.337300594,0.014583170,0.403530761,0.343965804,0.036540272
13.551000000,0,13.551000000,sample,0.216534178,0.000001867,0.216036668,0.216032776,0.000003892,3.892028403,0.000024325,1,1,2.000000000,0.080000000,2.000000000,-0.077827333,0.038913666,-0.038913666,0.038913666,0.038913666,-0.038913666,0.020308612,0.040576002,0.959031564,1,55.628067453,1,46.339299482,0.282809450,0.205399397,0.283550286,0.210042367,1.167238324,0.339574791,0.622254600,0.138917183,0.431463718,2.000000000,2.046047679,2.000000000,0.000000000,0.000000000,0.000000000,1.000000000,0.793721260,0.715314313,0.702093035,0.343809819,0.818267274,0.736715720,0.714687756,1,0,0,0.000000000,0.048438176,-0.233097408,0.152645100,-0.122884106,-0.015903807,0.163815376,0.299622058,12.123186064,0.012355601,-130.918925709,-0.108715924,142.886452110,44.881047193,0.030263297,0.000601623,-0.027005913,-0.000113304,0.000803716,-0.000023279,0.000451846,-0.680729752,0.000049174,0.673882601,0.000083453,-0.234644374,-0.000254734,0.165623637,0.026489690,-0.000001914,-0.026223243,-0.000003247,0.009130873,0.000009913,-0.006445023,-1.361459503,0.000098347,1.347765201,0.000166906,-0.469288748,-0.000509469,0.331247274,-0.301205410,-0.046060412,0.338104047,0.032043389,0.405013281,0.345510241,0.036526143
13.601000000,0,13.601000000,sample,0.216534034,-0.000002878,0.216036958,0.216032217,0.000004742,4.741828430,0.000029636,1,1,2.000000000,0.080000000,2.000000000,0.036523796,0.018261898,0.018261898,0.037815131,0.037815131,-0.037815131,0.021762792,0.019150203,0.953613798,1,53.117592276,1,46.339261608,0.306070285,0.203503272,0.309689791,0.207052577,1.561010318,0.462393135,0.552831100,0.236867320,0.394268482,2.000000000,2.038494050,2.000000000,0.000000000,0.000000000,0.000000000,1.000000000,0.761168858,0.739857783,0.694869952,0.309026254,0.841324456,0.777916488,0.732713841,1,0,0,0.000000000,0.048844417,-0.260436503,0.153186391,-0.122450214,-0.016111190,0.161740398,0.303833977,12.123281773,0.011180579,-130.918825440,-0.109018245,142.886238088,44.882276360,-0.013957016,-0.001556827,0.012203055,0.001030907,0.000779454,0.000058733,0.004349709,-0.680729473,0.000046293,0.673882490,0.000083686,-0.234645128,-0.000255445,0.165624162,-0.012431412,0.000000845,0.012306373,0.000001528,-0.004285065,-0.000004665,0.003024612,-1.361458947,0.000092586,1.347764980,0.000167371,-0.469290255,-0.000510889,0.331248325,-0.341931843,-0.054664897,0.251134118,0.032535075,0.421702154,0.345886222,0.036629945
13.651000000,0,13.651000000,sample,0.216533979,-0.000001105,0.216032032,0.216036989,0.000004956,4.956430746,0.000030978,1,1,2.000000000,0.080000000,2.000000000,-0.063588087,0.031794043,-0.031794043,0.040556775,0.040556775,-0.040556775,0.029646156,0.034548818,0.920264277,1,58.650202597,1,46.339422661,0.309611788,0.205393060,0.316325469,0.205472431,1.811846414,0.584628131,0.530048474,0.259443010,0.419388846,2.000000000,2.043520027,2.000000000,0.000000000,0.000000000,0.000000000,1.000000000,0.885585530,0.663715761,0.688059001,-0.303226675,0.885585530,0.858905372,0.782723245,1,0,0,0.000000000,0.045995967,-0.267715725,0.148566890,-0.125248718,-0.015363441,0.162058731,0.289961165,12.122882986,0.025199140,-130.918756192,-0.109268042,142.886535461,44.882628932,-0.026458667,-0.000882163,0.021878299,0.000302987,0.003696316,0.000224216,-0.000562857,0.680730656,-0.000081312,-0.673884342,-0.000083875,0.234639322,0.000256022,-0.165619974,-0.021643180,0.000002585,0.021425508,0.000002667,-0.007460133,-0.000008140,0.005265729,1.361461313,-0.000162623,-1.347768685,-0.000167750,0.469278645,0.000512044,-0.331239948,-0.183602252,-0.027312968,0.395575207,0.010552362,0.403181217,0.344016485,0.038417073
13.701000000,0,13.701000000,sample,0.216534095,0.000002322,0.216035889,0.216033395,0.000002494,2.494152042,0.000015588,1,1,2.000000000,0.080000000,2.000000000,-0.076839766,0.038419883,-0.038419883,0.038816351,0.038816351,-0.038816351,0.026532036,0.039906840,0.962739299,1,58.319207116,1,46.339241570,0.326999002,0.200741877,0.327600239,0.205627152,2.096746733,0.716832501,0.752870819,0.080411413,0.554628129,2.000000000,2.075508417,2.000000000,0.000000000,0.000000000,0.000000000,1.000000000,0.804817903,0.781401340,0.725865042,0.350986294,0.906837836,0.781401340,0.725865042,1,0,0,0.000000000,0.048415847,-0.284882128,0.153056938,-0.123217008,-0.015932849,0.157673760,0.303086286,12.123281773,0.014396728,-130.918856371,-0.108876090,142.886458838,44.880493359,0.030475662,0.000535310,-0.025296645,-0.000065848,-0.000714709,0.000178673,-0.004799588,-0.680729326,0.000054294,0.673882143,0.000083577,-0.234646090,-0.000255111,0.165624814,0.026153541,-0.000002086,-0.025890473,-0.000003211,0.009015075,0.000009801,-0.006363286,-1.361458653,0.000108588,1.347764286,0.000167153,-0.469292180,-0.000510223,0.331249628,-0.436272504,-0.036635975,0.213927365,0.027833234,0.409812218,0.345494798,0.036767510
13.751000000,0,13.751000000,sample,0.216534117,0.000000430,0.216037044,0.216032285,0.000004759,4.758572624,0.000029741,1,1,2.000000000,0.080000000,2.000000000,0.036093894,0.018046947,0.018046947,0.040552871,0.040552871,-0.040552871,0.024181194,0.019190014,0.940434291,3,54.696213220,1,46.339310074,0.325313180,0.201319183,0.338159810,0.203204415,1.622372360,0.237122231,0.676902689,0.182743026,0.452564815,2.000000000,2.050570194,2.000000000,0.000000000,0.000000000,0.000000000,1.000000000,0.783778136,0.775916241,0.711792194,0.307095300,0.824275933,0.815440523,0.750167565,1,0,0,0.000000000,0.048912337,-0.283104451,0.152604449,-0.122434802,-0.016008947,0.159005806,0.306302544,12.123186120,0.011159886,-130.918887174,-0.109038591,142.886309526,44.882006523,-0.012795519,-0.000885046,0.014192337,0.001212544,0.000372605,-0.000048746,-0.000845053,-0.680729829,0.000046244,0.673882846,0.000083701,-0.234643749,-0.000255490,0.165623204,-0.012285095,0.000000835,0.012161528,0.000001511,-0.004234603,-0.000004611,0.002988993,-1.361459659,0.000092489,1.347765692,0.000167401,-0.469287497,-0.000510981,0.331246409,-0.412307257,-0.047785760,0.178226121,0.021852613,0.424611267,0.347129854,0.036488697
13.801000000,0,13.801000000,sample,0.216533889,-0.000004552,0.216032543,0.216036316,0.000003773,3.772657508,0.000023579,1,1,2.000000000,0.080000000,2.000000000,-0.058955895,0.029477947,-0.029477947,0.035571443,0.035571443,-0.035571443,0.024529626,0.030610014,0.963016454,1,59.049067838,1,46.339390287,0.304103960,0.205646489,0.323995459,0.205646489,1.958145852,0.282100260,0.511904632,0.215588007,0.375894718,2.000000000,2.035034551,2.000000000,0.000000000,0.000000000,0.000000000,1.000000000,0.895948168,0.676337474,0.674804578,-0.300628290,0.895948168,0.796191887,0.753237659,1,0,0,0.000000000,0.046575280,-0.260750162,0.149396502,-0.124825561,-0.015613853,0.162681484,0.290990015,12.122978695,0.023511344,-130.918698284,-0.109378676,142.886319297,44.882718224,-0.023521773,-0.000837853,0.019503044,0.000779109,-0.001415507,0.000121904,-0.000053956,0.680730419,-0.000077120,-0.673884186,-0.000083960,0.234640076,0.000256283,-0.165620520,-0.020066535,0.000002273,0.019864723,0.000002475,-0.006916708,-0.000007555,0.004882153,1.361460837,-0.000154239,-1.347768372,-0.000167921,0.469280152,0.000512566,-0.331241041,-0.231124628,-0.008825637,0.343933800,0.004214345,0.403891427,0.344882345,0.038527868
13.851000000,0,13.851000000,sample,0.216534231,0.000006845,0.216034144,0.216035408,0.000001264,1.264052157,0.000007900,1,1,2.000000000,0.080000000,2.000000000,0.042236231,0.021118116,0.021118116,0.039633929,0.039633929,-0.039633929,0.024205935,0.022527990,0.937416780,3,50.735627293,1,46.339252102,0.311845765,0.204142181,0.314132409,0.206274931,0.756435852,0.274886658,0.596226851,0.146391390,0.406293977,2.000000000,2.040864013,2.000000000,0.000000000,0.000000000,0.000000000,1.000000000,0.791757820,0.725257629,0.699346968,-0.344189836,0.968031405,0.823271179,0.746936571,1,0,0,0.000000000,0.049220561,-0.266761702,0.153828838,-0.124312365,-0.016047526,0.161130204,0.295455186,12.123286285,0.019824163,-130.918965746,-0.108944205,142.886460255,44.881679599,0.015668587,0.000805201,-0.016046450,0.000629329,-0.001799943,0.000311859,-0.000368372,0.680729404,-0.000067848,-0.673881988,-0.000083629,0.234646210,0.000255271,-0.165624950,0.014375722,-0.000001433,-0.014231118,-0.000001766,0.004955286,0.000005391,-0.003497687,1.361458807,-0.000135696,-1.347763977,-0.000167258,0.469292420,0.000510543,-0.331249900,-0.356182415,-0.041048563,0.281349692,0.020567705,0.400206780,0.345573698,0.036985898
13.901000000,0,13.901000000,sample,0.216534148,-0.000001659,0.216038629,0.216030780,0.000007849,7.849228377,0.000049058,1,1,2.000000000,0.080000000,2.000000000,-0.030656588,0.015328294,-0.015328294,0.037990962,0.037990962,-0.037990962,0.027524693,0.017660885,0.867923317,3,59.906621238,1,46.339225225,0.293477838,0.204329351,0.313936904,0.207177299,2.257949426,0.297420998,0.502368244,0.162326170,0.375020072,2.000000000,2.034864015,2.000000000,0.000000000,0.000000000,0.000000000,1.000000000,0.780598675,0.746872267,0.709769484,0.342382916,0.855633453,0.801461628,0.735025082,1,0,0,0.000000000,0.049852599,-0.244341880,0.154728813,-0.121699763,-0.016298363,0.163321814,0.306811755,12.123377482,0.006646408,-130.918923013,-0.108681456,142.886237649,44.882133093,0.010483004,0.000468827,-0.013669413,0.000177824,-0.003775643,0.000070276,0.000805472,-0.680729206,0.000034923,0.673881852,0.000083428,-0.234646848,-0.000254657,0.165625423,0.010434417,-0.000000535,-0.010329459,-0.000001279,0.003596736,0.000003903,-0.002538755,-1.361458413,0.000069845,1.347763704,0.000166855,-0.469293695,-0.000509315,0.331250847,-0.348114393,-0.048472128,0.292032368,0.033506647,0.414257170,0.347782570,0.035668252
13.951000000,0,13.951000000,sample,0.216534047,-0.000002028,0.216035310,0.216033900,0.000001411,1.410722313,0.000008817,1,1,2.000000000,0.080000000,2.000000000,0.039704260,0.019852130,0.019852130,0.037853489,0.037853489,-0.037853489,0.027355006,0.020604211,0.963498690,1,51.503062691,1,46.339153216,0.308009703,0.204062123,0.308009703,0.207413023,0.263979321,0.156287289,0.624652248,0.194655104,0.445533525,2.000000000,2.049037267,2.000000000,0.000000000,0.000000000,0.000000000,1.000000000,0.840441793,0.674416143,0.692065210,0.301136973,0.840441793,0.770591770,0.724673714,1,0,0,0.000000000,0.049410681,-0.261485350,0.155093433,-0.123354956,-0.016297561,0.161738352,0.298907085,12.123489142,0.016011354,-130.918830505,-0.109199201,142.886270226,44.882215021,-0.014786743,0.000742250,0.014312451,0.000352498,-0.000534149,0.000263604,0.000097413,-0.680728677,0.000058378,0.673881295,0.000083826,-0.234648960,-0.000255873,0.165626863,-0.013513914,0.000001159,0.013377979,0.000001664,-0.004658282,-0.000005080,0.003288046,-1.361457355,0.000116756,1.347762590,0.000167652,-0.469297919,-0.000511745,0.331253726,-0.187836723,-0.048238751,0.391190573,0.015265324,0.409146288,0.345651944,0.034721714
14.001000000,0,14.001000000,sample,0.216534157,0.000002202,0.216032712,0.216036670,0.000003958,3.958492898,0.000024741,1,1,2.000000000,0.080000000,2.000000000,0.015797530,0.007898765,0.007898765,0.036984818,0.036984818,-0.036984818,0.022086680,0.009634599,0.819833335,1,45.032945475,1,46.339398987,0.323325840,0.203668679,0.325915647,0.204886704,2.318600425,0.368229585,0.633580354,0.141453979,0.412130363,2.000000000,2.042020602,2.000000000,0.000000000,0.000000000,0.000000000,1.000000000,0.889045744,0.745543978,0.691673878,-0.325348538,0.889045744,0.781771503,0.719884758,1,0,0,0.000000000,0.047809615,-0.282115612,0.150547737,-0.125232893,-0.015672881,0.159849974,0.293055192,12.122978695,0.023677371,-130.918905118,-0.108763230,142.886474202,44.881622572,0.006465451,-0.004504640,-0.004842262,-0.000652251,-0.000768429,0.000105428,-0.002501424,0.680730483,-0.000077430,-0.673883730,-0.000083488,0.234640795,0.000254841,-0.165621097,0.005376930,-0.000000612,-0.005322849,-0.000000659,0.001853373,0.000002013,-0.001308202,1.361460965,-0.000154860,-1.347767460,-0.000166976,0.469281590,0.000509682,-0.331242194,-0.379618902,0.005304659,0.231060629,0.001231394,0.402324193,0.343263427,0.034482406
14.051000000,0,14.051000000,sample,0.216533903,-0.000005088,0.216038136,0.216030794,0.000007342,7.341704108,0.000045886,1,1,2.000000000,0.080000000,2.000000000,-0.066434657,0.033217328,-0.033217328,0.040252825,0.040252825,-0.040252825,0.024155298,0.036536862,0.909145626,3,55.783698332,1,46.339114883,0.313502046,0.201105529,0.326334050,0.205395058,2.737219878,0.517315870,0.509946764,0.188344322,0.375409288,2.000000000,2.034959911,2.000000000,0.000000000,0.000000000,0.000000000,1.000000000,0.721357141,0.746902908,0.712091131,0.342416052,0.983747526,0.798683641,0.728845372,1,0,0,0.000000000,0.048495623,-0.268358654,0.154645855,-0.121738272,-0.016177659,0.159252976,0.308620856,12.123529744,0.007412828,-130.918716676,-0.108891892,142.886310346,44.880791006,0.023734269,0.000416815,-0.027288829,0.000848199,-0.002536610,-0.000118091,0.004427761,-0.680728396,0.000036871,0.673881148,0.000083590,-0.234649819,-0.000255153,0.165627409,0.022611979,-0.000001225,-0.022384531,-0.000002777,0.007794440,0.000008476,-0.005501700,-1.361456792,0.000073742,1.347762296,0.000167180,-0.469299638,-0.000510306,0.331254817,-0.374297531,-0.073654346,0.264187107,0.040374493,0.409972089,0.347546434,0.035490976
14.101000000,0,14.101000000,sample,0.216534146,0.000004860,0.216035920,0.216033444,0.000002476,2.475955270,0.000015475,1,1,2.000000000,0.080000000,2.000000000,0.039582951,0.019791476,0.019791476,0.036122083,0.036122083,-0.036122083,0.024560970,0.021357620,0.926670472,1,62.026279224,1,46.339398223,0.311330444,0.202859005,0.320971171,0.204935263,1.810003759,0.305474056,0.533000873,0.217809072,0.392600293,2.000000000,2.038171748,2.000000000,0.000000000,0.000000000,0.000000000,1.000000000,0.795753320,0.684883973,0.684539669,0.301145878,0.799151056,0.789822274,0.732684633,1,0,0,0.000000000,0.047648425,-0.268348742,0.150483306,-0.123082734,-0.015644969,0.160491904,0.301259056,12.122978703,0.014463399,-130.918896019,-0.109120901,142.886477947,44.881745424,-0.016820570,-0.001598695,0.012979551,-0.000364852,0.001016599,0.000102761,-0.001007287,-0.680730477,0.000054500,0.673883741,0.000083763,-0.234640792,-0.000255679,0.165621089,-0.013472661,0.000001079,0.013337154,0.000001658,-0.004643887,-0.000005060,0.003277886,-1.361460954,0.000109001,1.347767482,0.000167525,-0.469281583,-0.000511359,0.331242177,-0.235271085,-0.056364394,0.343796373,0.025141990,0.411710797,0.347011237,0.036255831
14.151000000,0,14.151000000,sample,0.216534303,0.000003144,0.216032639,0.216037046,0.000004407,4.406872040,0.000027543,1,1,2.000000000,0.080000000,2.000000000,0.004772998,0.002386499,0.002386499,0.033623323,0.033623323,-0.033623323,0.025037116,0.003533118,0.675465457,1,54.526782521,1,46.339376885,0.326362041,0.203283430,0.326362041,0.204350791,0.762292905,0.185115326,0.685442836,0.154003228,0.481993323,2.000000000,2.057260216,2.000000000,0.000000000,0.000000000,0.000000000,1.000000000,0.888416779,0.660643526,0.694175524,-0.316261703,0.931574574,0.786121691,0.728155958,1,0,0,0.000000000,0.049932773,-0.284038255,0.152778171,-0.125334755,-0.016105932,0.159235521,0.292583690,12.123092950,0.024332531,-130.919037863,-0.108818971,142.886289898,44.881221059,0.002608934,-0.000614652,-0.001280296,-0.001194885,-0.001414214,-0.000039908,-0.000479673,0.680730320,-0.000079075,-0.673883207,-0.000083531,0.234642065,0.000254974,-0.165622092,0.001624562,-0.000000189,-0.001608222,-0.000000199,0.000559973,0.000000608,-0.000395257,1.361460640,-0.000158150,-1.347766414,-0.000167063,0.469284130,0.000509948,-0.331244183,-0.183290290,-0.028534082,0.412709211,0.017990815,0.396083496,0.344155034,0.038636102
14.201000000,0,14.201000000,sample,0.216534336,0.000000661,0.216038838,0.216030925,0.000007912,7.912369035,0.000049452,1,1,2.000000000,0.080000000,2.000000000,-0.067882664,0.033941332,-0.033941332,0.037354710,0.037354710,-0.037354710,0.023634890,0.036115437,0.939801235,1,55.638181163,1,46.339265039,0.335215688,0.199344455,0.343133041,0.203170528,1.224458627,0.519928115,0.728318177,0.106534625,0.519406186,2.000000000,2.066379071,2.000000000,0.000000000,0.000000000,0.000000000,1.000000000,0.751142349,0.785528740,0.729204275,0.338655607,0.870554599,0.809276808,0.738106410,1,0,0,0.000000000,0.050052728,-0.293307008,0.154386790,-0.121657053,-0.016108616,0.157093240,0.312184352,12.123281775,0.006563633,-130.919058169,-0.108729012,142.886474175,44.881234593,0.026938867,0.000604127,-0.023892960,-0.000905754,-0.002503913,-0.000019660,-0.000541593,-0.680729499,0.000034724,0.673881893,0.000083464,-0.234646195,-0.000254767,0.165624981,0.023104866,-0.000001179,-0.022872449,-0.000002833,0.007964204,0.000008647,-0.005621532,-1.361458997,0.000069448,1.347763785,0.000166928,-0.469292390,-0.000509534,0.331249962,-0.439483842,-0.063825491,0.194756005,0.034403511,0.416360783,0.347454103,0.036400210
14.251000000,0,14.251000000,sample,0.216534214,-0.000002437,0.216036587,0.216032923,0.000003664,3.663997074,0.000022900,1,1,2.000000000,0.080000000,2.000000000,0.038155902,0.019077951,0.019077951,0.037928577,0.037928577,-0.037928577,0.023115977,0.019884294,0.959448249,3,55.910832651,1,46.339292618,0.316262927,0.202543294,0.338220895,0.203241400,1.325088895,0.192154478,0.682564826,0.190984788,0.466738803,2.000000000,2.053748085,2.000000000,0.000000000,0.000000000,0.000000000,1.000000000,0.811119364,0.769816082,0.706940271,0.305202027,0.851800266,0.877481106,0.804784600,1,0,0,0.000000000,0.048499587,-0.272700956,0.152657191,-0.122673638,-0.015837396,0.160387472,0.303516656,12.123186064,0.012764918,-130.918947949,-0.109203523,142.886541565,44.882303822,-0.013164973,-0.000283868,0.014868192,0.000126632,0.000183577,0.000401723,0.000844875,-0.680729701,0.000050277,0.673882451,0.000083828,-0.234644762,-0.000255877,0.165623903,-0.012986928,0.000000959,0.012856296,0.000001599,-0.004476541,-0.000004882,0.003159765,-1.361459403,0.000100554,1.347764902,0.000167655,-0.469289523,-0.000511754,0.331247806,-0.413529036,-0.033711056,0.172286439,0.025467450,0.420171691,0.345411703,0.037909694
14.301000000,0,14.301000000,sample,0.216534505,0.000005824,0.216032241,0.216037849,0.000005607,5.607305585,0.000035046,1,1,2.000000000,0.080000000,2.000000000,-0.047744453,0.023872227,-0.023872227,0.034158325,0.034158325,-0.034158325,0.026772771,0.025717278,0.928256353,1,61.893538088,1,46.339279940,0.292829750,0.207725250,0.318413299,0.207792296,2.265063502,0.540639092,0.545519729,0.255722249,0.493098154,2.000000000,2.059903202,2.000000000,0.000000000,0.000000000,0.000000000,1.000000000,0.809461431,0.712412763,0.684579894,-0.321179675,0.902492329,0.781259366,0.733322757,1,0,0,0.000000000,0.050963332,-0.242936838,0.155350231,-0.125408064,-0.016282747,0.164795234,0.286305888,12.123286286,0.026146016,-130.919191322,-0.109323674,142.886452557,44.882679366,-0.020232412,0.000852611,0.015595288,-0.001151140,0.002411539,-0.000248380,0.000941076,0.680729608,-0.000083686,-0.673881738,-0.000083920,0.234646239,0.000256161,-0.165625078,-0.016250531,0.000001998,0.016087058,0.000002003,-0.005601528,-0.000006115,0.003953839,1.361459216,-0.000167372,-1.347763476,-0.000167841,0.469292478,0.000512321,-0.331250156,-0.325080468,-0.032870415,0.280104164,0.016767548,0.404367841,0.343920020,0.036851488
14.351000000,0,14.351000000,sample,0.216534193,-0.000006242,0.216036486,0.216032988,0.000003498,3.498424011,0.000021865,1,1,2.000000000,0.080000000,2.000000000,-0.067851400,0.033925700,-0.033925700,0.036125809,0.036125809,-0.036125809,0.021233908,0.034864554,0.973071382,1,51.958746731,1,46.339237138,0.289478709,0.204947430,0.291974938,0.207986029,0.183162763,0.392181892,0.582976177,0.124562838,0.399934155,2.000000000,2.039620462,2.000000000,0.000000000,0.000000000,0.000000000,1.000000000,0.779738915,0.740578446,0.710570355,0.351213026,0.832189219,0.773612894,0.719996685,1,0,0,0.000000000,0.048309436,-0.240725515,0.153347148,-0.123000059,-0.015872262,0.163164046,0.299849876,12.123281773,0.012923962,-130.918927805,-0.108721565,142.886582780,44.881184063,0.025131213,0.000328526,-0.023877370,0.000232028,0.000540339,0.000469610,-0.003627151,-0.680729294,0.000050593,0.673881887,0.000083458,-0.234646639,-0.000254749,0.165625212,0.023094218,-0.000001716,-0.022861915,-0.000002831,0.007960552,0.000008643,-0.005618951,-1.361458588,0.000101186,1.347763775,0.000166917,-0.469293279,-0.000509499,0.331250423,-0.352942278,-0.048047539,0.297890849,0.032007208,0.408133718,0.346922252,0.036630738
14.401000000,0,14.401000000,sample,0.216534185,-0.000000168,0.216036298,0.216033162,0.000003136,3.136311221,0.000019602,1,1,2.000000000,0.080000000,2.000000000,0.032856636,0.016428318,0.016428318,0.039028793,0.039028793,-0.039028793,0.022592299,0.018040830,0.910618725,1,71.213933548,1,46.339244113,0.290052795,0.205596832,0.294457352,0.207764902,2.847970008,0.379471424,0.447062341,0.228940365,0.379081033,2.000000000,2.035610882,2.000000000,0.000000000,0.000000000,0.000000000,1.000000000,0.766951538,0.788150198,0.725894054,0.325461011,0.822590610,0.807291183,0.747179083,1,0,0,0.000000000,0.048544726,-0.241311570,0.153436501,-0.123034337,-0.015936392,0.163947067,0.299358321,12.123281773,0.013466846,-130.918925712,-0.108849280,142.886514908,44.882108231,-0.015224359,-0.000884291,0.009535121,0.000440757,0.000953840,0.000449556,-0.000826911,-0.680729345,0.000051969,0.673881985,0.000083556,-0.234646347,-0.000255049,0.165625017,-0.011183238,0.000000854,0.011070748,0.000001373,-0.003854845,-0.000004190,0.002720940,-1.361458690,0.000103938,1.347763970,0.000167112,-0.469292693,-0.000510097,0.331250034,-0.440657072,-0.056443832,0.175230129,0.031354354,0.420239828,0.346278547,0.036858899
14.451000000,0,14.451000000,sample,0.216534182,-0.000000060,0.216032225,0.216037204,0.000004979,4.979173859,0.000031120,1,1,2.000000000,0.080000000,2.000000000,0.001978768,0.000989384,0.000989384,0.040871913,0.040871913,-0.040871913,0.022547768,0.007359059,0.134444401,7,40.782839601,1,46.339396107,0.299964291,0.206298509,0.300999700,0.207103374,3.720645050,0.511202012,0.758723798,0.151380212,0.549831923,2.000000000,2.074200756,2.000000000,0.000000000,0.000000000,0.000000000,1.000000000,0.811629315,0.747985870,0.701125927,-0.330927098,0.889005998,0.801213153,0.739320543,1,0,0,0.000000000,0.047640070,-0.255010460,0.150594371,-0.125486730,-0.015642756,0.162995275,0.288584662,12.122978695,0.025164454,-130.918922547,-0.108860686,142.886519708,44.881829283,0.002807502,-0.000448565,0.003657046,0.000037120,0.003257222,-0.000036794,-0.004699601,0.680730461,-0.000081157,-0.673883646,-0.000083563,0.234640997,0.000255070,-0.165621239,0.000673504,-0.000000080,-0.000666730,-0.000000083,0.000232150,0.000000252,-0.000163863,1.361460923,-0.000162314,-1.347767291,-0.000167126,0.469281995,0.000510139,-0.331242478,-0.395647571,-0.030096151,0.223561457,0.020707768,0.405038509,0.343986414,0.036652464
14.501000000,0,14.501000000,sample,0.216534271,0.000001776,0.216037540,0.216032115,0.000005425,5.425020984,0.000033906,1,1,2.000000000,0.080000000,2.000000000,-0.073864987,0.036932493,-0.036932493,0.037794735,0.037794735,-0.037794735,0.022215651,0.038443018,0.960707448,1,53.195880444,1,46.339177681,0.302268091,0.203351758,0.304252726,0.206993514,1.122081187,0.288363694,0.648910485,0.157218005,0.467809089,2.000000000,2.054023866,2.000000000,0.000000000,0.000000000,0.000000000,1.000000000,0.664651311,0.815288969,0.771238008,0.362944287,0.942330825,0.840150602,0.771238008,1,0,0,0.000000000,0.050938388,-0.253616601,0.156364636,-0.122443566,-0.016491637,0.161516366,0.304154388,12.123489142,0.010137626,-130.919017227,-0.108666137,142.886258382,44.881071299,0.028038609,0.000857602,-0.026212818,-0.001015193,0.001414094,0.000001833,0.000907963,-0.680728857,0.000043632,0.673881099,0.000083417,-0.234648948,-0.000254624,0.165626946,0.025141014,-0.000001611,-0.024888109,-0.000003081,0.008666171,0.000009404,-0.006117016,-1.361457714,0.000087264,1.347762198,0.000166833,-0.469297895,-0.000509247,0.331253893,-0.509844379,-0.118122720,0.157246752,0.060351228,0.410548634,0.350044212,0.038260353
14.551000000,0,14.551000000,sample,0.216534192,-0.000001570,0.216036582,0.216032900,0.000003683,3.682685451,0.000023017,1,1,2.000000000,0.080000000,2.000000000,0.032656424,0.016328212,0.016328212,0.039879182,0.039879182,-0.039879182,0.026034775,0.017317954,0.942848774,1,55.274297319,1,46.339266183,0.302970853,0.204083656,0.305727317,0.206203826,0.540732744,0.202319211,0.580235771,0.204258443,0.414454481,2.000000000,2.042497512,2.000000000,0.000000000,0.000000000,0.000000000,1.000000000,0.807733043,0.751825074,0.698297692,0.312709805,0.876496163,0.879066442,0.802134891,1,0,0,0.000000000,0.049459832,-0.256271737,0.153850122,-0.122848350,-0.016140070,0.162166333,0.301795267,12.123281773,0.012684648,-130.918945783,-0.108882572,142.886332060,44.882025833,-0.012875325,-0.000341315,0.011543446,0.000381699,0.000748372,-0.000080846,-0.000240048,-0.680729507,0.000050023,0.673882219,0.000083582,-0.234645563,-0.000255127,0.165624509,-0.011115096,0.000000817,0.011003292,0.000001365,-0.003831342,-0.000004166,0.002704352,-1.361459014,0.000100046,1.347764439,0.000167163,-0.469291126,-0.000510253,0.331249017,-0.369772583,-0.034901233,0.227409458,0.027863646,0.418561559,0.347347998,0.036523300
14.601000000,0,14.601000000,sample,0.216534092,-0.000002008,0.216032358,0.216036914,0.000004556,4.556489005,0.000028478,1,1,2.000000000,0.080000000,2.000000000,-0.016155624,0.008077812,-0.008077812,0.039795972,0.039795972,-0.039795972,0.023683244,0.008877551,0.909914425,1,62.540492329,1,46.339238509,0.312006491,0.204993156,0.313130037,0.206194729,0.763080980,0.236864296,0.590084018,0.211254786,0.425242734,2.000000000,2.044709444,2.000000000,0.000000000,0.000000000,0.000000000,1.000000000,0.850233249,0.732047540,0.689917614,-0.320694554,0.911251600,0.767794409,0.720593168,1,0,0,0.000000000,0.048229706,-0.267605079,0.153001528,-0.125239569,-0.015920299,0.161504763,0.290567471,12.123281792,0.024589613,-130.918852193,-0.109067143,142.886474776,44.881924130,-0.007020594,0.000121774,0.005211611,0.000237159,0.001362269,0.000149116,0.000642031,0.680729304,-0.000079759,-0.673882120,-0.000083723,0.234646174,0.000255559,-0.165624868,-0.005498803,0.000000644,0.005443493,0.000000676,-0.001895428,-0.000002064,0.001337887,1.361458608,-0.000159519,-1.347764241,-0.000167447,0.469292349,0.000511118,-0.331249736,-0.366096891,-0.015484366,0.237930675,0.011003157,0.404140458,0.346868544,0.036609331
14.651000000,0,14.651000000,sample,0.216534088,-0.000000077,0.216035600,0.216033677,0.000001923,1.922993083,0.000012019,1,1,2.000000000,0.080000000,2.000000000,-0.071883984,0.035941992,-0.035941992,0.043170146,0.043170146,-0.043170146,0.025565715,0.037429499,0.960258424,1,58.030072709,1,46.339195037,0.323354116,0.201515172,0.324714144,0.205341779,1.756007476,0.602150534,0.723001448,0.093164392,0.512949020,2.000000000,2.064754431,2.000000000,0.000000000,0.000000000,0.000000000,1.000000000,0.768519170,0.775653027,0.726077024,0.349999477,0.921564310,0.791654215,0.734389067,1,0,0,0.000000000,0.048739658,-0.280144705,0.153952182,-0.123378357,-0.016048743,0.158519979,0.301712268,12.123377484,0.015222776,-130.918851911,-0.108893781,142.886434033,44.880787202,0.028512846,0.000424912,-0.024002210,0.000574828,-0.000787580,-0.000101077,-0.003276800,-0.680728985,0.000056358,0.673881655,0.000083591,-0.234647685,-0.000255155,0.165625942,0.024466756,-0.000002026,-0.024220649,-0.000003004,0.008433705,0.000009171,-0.005952926,-1.361457969,0.000112717,1.347763311,0.000167182,-0.469295370,-0.000510310,0.331251885,-0.436244373,-0.054846237,0.211943288,0.032004505,0.407456270,0.347322895,0.035672562
14.701000000,0,14.701000000,sample,0.216534342,0.000005082,0.216037874,0.216031920,0.000005954,5.954020805,0.000037213,1,1,2.000000000,0.080000000,2.000000000,0.013920689,0.006960345,0.006960345,0.039650141,0.039650141,-0.039650141,0.024233149,0.008395251,0.829081179,1,89.626080087,1,46.339115946,0.310164722,0.202709169,0.321535964,0.206026580,3.096847252,0.243311373,0.518164270,0.204297097,0.429150050,2.000000000,2.045524073,2.000000000,0.000000000,0.000000000,0.000000000,1.000000000,0.726344298,0.737538188,0.703975043,0.324964829,0.962568262,0.814266674,0.747460552,1,0,0,0.000000000,0.051006514,-0.262412538,0.157290019,-0.122115489,-0.016455061,0.160959764,0.305881763,12.123584851,0.009424019,-130.919062875,-0.108960086,142.886433876,44.881779455,-0.007947872,0.000483268,0.002227296,-0.000561671,-0.000901320,-0.000165677,-0.000980749,-0.680728404,0.000041901,0.673880274,0.000083643,-0.234651413,-0.000255314,0.165628673,-0.004738104,0.000000292,0.004690439,0.000000582,-0.001633255,-0.000001777,0.001152833,-1.361456807,0.000083802,1.347760548,0.000167286,-0.469302825,-0.000510629,0.331257347,-0.344465970,-0.072135829,0.270570938,0.046226390,0.417433366,0.347462816,0.037335554
14.751000000,0,14.751000000,sample,0.216534066,-0.000005521,0.216032767,0.216036461,0.000003694,3.693934665,0.000023087,1,1,2.000000000,0.080000000,2.000000000,-0.056256470,0.028128235,-0.028128235,0.038174245,0.038174245,-0.038174245,0.021475408,0.029791040,0.944184392,3,73.528904209,1,46.339317456,0.303399478,0.206015649,0.310731790,0.206453168,6.251163793,0.751529711,0.861671299,0.143141171,0.645412004,2.000000000,2.101574379,2.000000000,0.000000000,0.000000000,0.000000000,1.000000000,0.755864922,0.736314591,0.697042513,-0.314977649,0.817001904,0.736314591,0.705284681,1,0,0,0.000000000,0.048923245,-0.257657328,0.152546585,-0.124906165,-0.016103559,0.163038563,0.290789489,12.123186231,0.023366341,-130.918851852,-0.109188857,142.886191040,44.882580685,-0.014896272,-0.001151907,0.025545518,0.001208674,-0.003188442,-0.000238649,0.000150859,0.680729884,-0.000076727,-0.673883047,-0.000083816,0.234643251,0.000255843,-0.165622859,-0.019147730,0.000002158,0.018955141,0.000002358,-0.006600101,-0.000007196,0.004658679,1.361459767,-0.000153454,-1.347766093,-0.000167632,0.469286501,0.000511685,-0.331245718,-0.383761523,-0.057457170,0.212857512,0.036790934,0.408674102,0.346668857,0.037925203
14.801000000,0,14.801000000,sample,0.216534129,0.000001259,0.216034032,0.216035317,0.000001285,1.284908688,0.000008031,1,1,2.000000000,0.080000000,2.000000000,0.045128988,0.022564494,0.022564494,0.036452577,0.036452577,-0.036452577,0.025305425,0.023594600,0.956341471,1,59.300648195,1,46.339246806,0.301181399,0.204711172,0.307051771,0.207029391,1.381243115,0.380823628,0.652839235,0.125902644,0.444321408,2.000000000,2.048769334,2.000000000,0.000000000,0.000000000,0.000000000,1.000000000,0.775990627,0.747846887,0.714031880,-0.354665972,0.837864895,0.789650932,0.736349866,1,0,0,0.000000000,0.048558307,-0.254675364,0.153273563,-0.124345788,-0.015984008,0.161831086,0.294122673,12.123281773,0.019847028,-130.918884048,-0.108900337,142.886437725,44.881035315,0.018169473,0.000358215,-0.014922809,0.000903647,-0.000548845,0.000089788,-0.001622022,0.680729365,-0.000067898,-0.673882138,-0.000083595,0.234646014,0.000255168,-0.165624777,0.015360314,-0.000001532,-0.015205810,-0.000001886,0.005294669,0.000005758,-0.003737239,1.361458730,-0.000135795,-1.347764277,-0.000167191,0.469292028,0.000510337,-0.331249555,-0.397893034,-0.048198943,0.255096096,0.033644418,0.401849802,0.346511531,0.037948005
14.851000000,0,14.851000000,sample,0.216534437,0.000006162,0.216038575,0.216031409,0.000007167,7.166521369,0.000044791,1,1,2.000000000,0.080000000,2.000000000,-0.026713843,0.013356922,-0.013356922,0.037784859,0.037784859,-0.037784859,0.027279816,0.014033129,0.951813474,3,51.906935262,1,46.339126688,0.299913020,0.203376149,0.306065462,0.207591257,1.041249705,0.165440163,0.605290776,0.179092967,0.454797981,2.000000000,2.051064317,2.000000000,0.000000000,0.000000000,0.000000000,1.000000000,0.734309145,0.718743270,0.707262344,0.336868839,0.832228014,0.787961841,0.734561438,1,0,0,0.000000000,0.051621751,-0.249740357,0.157837791,-0.121722373,-0.016539445,0.162086300,0.306342740,12.123584851,0.007684032,-130.919142694,-0.109005739,142.886425540,44.881702126,0.009632660,0.000597745,-0.010110374,-0.000933350,0.000414426,-0.000271830,0.000668464,-0.680728482,0.000037567,0.673880195,0.000083678,-0.234651393,-0.000255421,0.165628699,0.009092437,-0.000000502,-0.009000965,-0.000001118,0.003134220,0.000003412,-0.002212290,-1.361456965,0.000075134,1.347760390,0.000167356,-0.469302787,-0.000510843,0.331257398,-0.298280828,-0.075028551,0.333518890,0.037832003,0.413604987,0.347099814,0.037494140
14.901000000,0,14.901000000,sample,0.216534290,-0.000002934,0.216035182,0.216034494,0.000000688,0.688452774,0.000004303,0,0,2.000000000,0.080000000,0.000000000,0.000000000,0.022958626,0.000000000,0.039924595,0.039924595,-0.039924595,0.022567524,0.024651448,0.931329727,1,61.704653539,0,0.000000000,0.284641117,0.206976252,0.305643515,0.207006754,1.975458271,0.293679473,0.520221834,0.220484230,0.441262956,0.000000000,0.441326645,2.000000000,0.000000000,0.000000000,0.000000000,1.000000000,0.854332293,0.664091000,0.700597713,0.000000000,0.854332293,0.828025864,0.755440152,1,0,0,0.000000000,0.049814053,-0.233453582,0.155043706,-0.123638378,-0.016200949,0.165197607,0.294801179,12.123377482,0.017033610,-130.919015729,-0.109085959,142.886438280,44.882477708,-0.019364282,0.000726300,0.015125851,-0.000519390,0.000608926,-0.000184937,-0.001650707,0.000000000,0.000000000,0.000000000,0.000000000,0.000000000,0.000000000,0.000000000,-0.015628606,0.000001398,0.015471393,0.000001923,-0.005387190,-0.000005868,0.003802547,0.000000000,0.000000000,0.000000000,0.000000000,0.000000000,0.000000000,0.000000000,-0.149827318,-0.054868108,0.419558803,0.023484875,0.410206528,0.345231757,0.036646021
14.951000000,0,14.951000000,sample,0.216534026,-0.000005292,0.216033050,0.216036097,0.000003047,3.047202272,0.000019045,1,1,2.000000000,0.080000000,2.000000000,0.024017363,0.012008681,0.012008681,0.036775142,0.036775142,-0.036775142,0.024407082,0.012127413,0.990209646,3,48.944548102,1,46.339306624,0.283119368,0.207652494,0.295453613,0.208077463,0.334153105,0.145475379,0.550130153,0.198627967,0.403333979,2.000000000,2.040267575,2.000000000,0.000000000,0.000000000,0.000000000,1.000000000,0.795987586,0.703036007,0.693385038,-0.334608518,0.890383420,0.786381842,0.730207025,1,0,0,0.000000000,0.048272158,-0.233795517,0.152203915,-0.125143061,-0.016007025,0.164931949,0.289241722,12.123186064,0.022309495,-130.918814463,-0.108433192,142.886251090,44.881289403,0.007965269,-0.000021001,-0.008484384,0.000298216,0.003358465,-0.000189278,-0.000489258,0.680729804,-0.000073962,-0.673883005,-0.000083236,0.234643500,0.000254072,-0.165623007,0.008174667,-0.000000888,-0.008092446,-0.000001000,0.002817759,0.000003051,-0.001988914,1.361459608,-0.000147925,-1.347766010,-0.000166472,0.469287000,0.000508144,-0.331246014,-0.301402718,-0.045037689,0.322861384,0.026818366,0.402177356,0.346047430,0.038166360
15.001000000,0,15.001000000,sample,0.216534266,0.000004797,0.216039061,0.216030562,0.000008499,8.498912377,0.000053118,1,1,2.000000000,0.080000000,2.000000000,-0.021199498,0.010599749,-0.010599749,0.040088116,0.040088116,-0.040088116,0.026687898,0.011394037,0.930289148,3,76.092861055,1,46.339257465,0.298402751,0.202888382,0.307844131,0.207620172,2.697491382,0.376963360,0.495222940,0.217564584,0.416641445,2.000000000,2.042940601,2.000000000,0.000000000,0.000000000,0.000000000,1.000000000,0.795599782,0.723192471,0.696295698,0.325238324,0.847165236,0.801985148,0.746052462,1,0,0,0.000000000,0.049339991,-0.250788264,0.153996799,-0.121447056,-0.016039063,0.161731434,0.308479735,12.123281773,0.005728023,-130.919001487,-0.108787505,142.886480501,44.881398028,0.005149372,-0.000284378,-0.009939158,-0.000682388,0.001955968,0.000081871,0.000377036,-0.680729443,0.000032649,0.673881949,0.000083509,-0.234646208,-0.000254904,0.165624962,0.007215561,-0.000000346,-0.007142979,-0.000000885,0.002487191,0.000002702,-0.001755583,-1.361458886,0.000065298,1.347763898,0.000167018,-0.469292416,-0.000509808,0.331249924,-0.303678134,-0.043086677,0.311554261,0.024137226,0.415410828,0.345206576,0.036992285
15.051000000,0,15.051000000,sample,0.216534199,-0.000001335,0.216035283,0.216034191,0.000001092,1.091863021,0.000006824,1,1,2.000000000,0.080000000,2.000000000,0.045797490,0.022898745,0.022898745,0.036874042,0.036874042,-0.036874042,0.025944865,0.023506231,0.974156397,1,50.908887486,1,46.339351987,0.313759722,0.203814020,0.326381375,0.204775654,0.532727742,0.231375214,0.618929883,0.207885375,0.428419686,2.000000000,2.045377997,2.000000000,0.000000000,0.000000000,0.000000000,1.000000000,0.796647989,0.741633403,0.687537656,0.295623642,0.855772415,0.842379048,0.768558428,1,0,0,0.000000000,0.048298393,-0.270375232,0.151689360,-0.123462100,-0.015784167,0.161394314,0.299384606,12.123078917,0.016468558,-130.918938175,-0.109184297,142.886481522,44.882784406,-0.016771805,-0.001240598,0.016253169,-0.000428188,-0.000712036,0.000275969,0.002185949,-0.680730137,0.000059515,0.673883135,0.000083812,-0.234642601,-0.000255830,0.165622385,-0.015587866,0.000001363,0.015431078,0.000001919,-0.005373021,-0.000005858,0.003792545,-1.361460275,0.000119029,1.347766270,0.000167624,-0.469285202,-0.000511660,0.331244770,-0.360385922,-0.037599449,0.211869421,0.021837544,0.419065784,0.345177319,0.035878323
15.101000000,0,15.101000000,sample,0.216533948,-0.000005012,0.216032378,0.216036621,0.000004243,4.243189744,0.000026520,1,1,2.000000000,0.080000000,2.000000000,0.009778501,0.004889251,0.004889251,0.035906623,0.035906623,-0.035906623,0.022241672,0.005760420,0.848766343,3,45.737636660,1,46.339150002,0.299798183,0.206512361,0.315164713,0.206640674,1.019822473,0.018810682,0.561365353,0.178013580,0.401834793,2.000000000,2.039969048,2.000000000,0.000000000,0.000000000,0.000000000,1.000000000,0.793374356,0.740573052,0.699500183,-0.327451984,0.859241511,0.779069803,0.716847875,1,0,0,0.000000000,0.047725441,-0.252975164,0.153638534,-0.125337860,-0.015968701,0.163348636,0.289484624,12.123431618,0.024081952,-130.918736375,-0.108726278,142.886459119,44.881916389,0.002151710,0.001111523,-0.003895749,0.001196544,0.001284287,-0.000120736,-0.003007416,0.680728654,-0.000078436,-0.673881449,-0.000083463,0.234648745,0.000254763,-0.165626631,0.003328253,-0.000000383,-0.003294775,-0.000000408,0.001147257,0.000001246,-0.000809790,1.361457307,-0.000156872,-1.347762898,-0.000166925,0.469297490,0.000509527,-0.331253263,-0.393953171,-0.039315236,0.219707700,0.017479229,0.404458191,0.344940947,0.037523790
15.151000000,0,15.151000000,sample,0.216534281,0.000006650,0.216038088,0.216031578,0.000006510,6.509969299,0.000040687,1,1,2.000000000,0.080000000,2.000000000,-0.070309036,0.035154518,-0.035154518,0.039345166,0.039345166,-0.039345166,0.025523629,0.036403490,0.965690888,3,58.077629110,1,46.339229626,0.290146724,0.204163581,0.297673532,0.207686651,3.032630694,0.384276580,0.501867471,0.190791960,0.428494059,2.000000000,2.045428568,2.000000000,0.000000000,0.000000000,0.000000000,1.000000000,0.795412592,0.701555899,0.711531906,0.343449947,0.822797728,0.747355598,0.711531906,1,0,0,0.000000000,0.050380072,-0.239858422,0.155289752,-0.122123363,-0.016330713,0.162794226,0.304308580,12.123377482,0.008572185,-130.919023115,-0.108654599,142.886310133,44.880963797,0.023476055,0.000938928,-0.027742619,-0.000792273,0.001585793,0.000002240,-0.000641862,-0.680729239,0.000039723,0.673881635,0.000083407,-0.234647185,-0.000254594,0.165625695,0.023930708,-0.000001396,-0.023689984,-0.000002932,0.008248909,0.000008950,-0.005822491,-1.361458477,0.000079447,1.347763270,0.000166814,-0.469294370,-0.000509189,0.331251390,-0.250159573,-0.057268141,0.389877512,0.029951415,0.408087360,0.345756112,0.037868944
15.201000000,0,15.201000000,sample,0.216534175,-0.000002114,0.216036634,0.216032802,0.000003832,3.832116188,0.000023951,1,1,2.000000000,0.080000000,2.000000000,0.028710375,0.014355187,0.014355187,0.039305718,0.039305718,-0.039305718,0.021860850,0.015458829,0.928607678,3,64.939214199,1,46.339296850,0.307206668,0.203373063,0.308627837,0.207181284,2.279558869,0.267319770,0.692104091,0.173499624,0.471261723,2.000000000,2.054775640,2.000000000,0.000000000,0.000000000,0.000000000,1.000000000,0.772584250,0.775149808,0.712654006,0.316843482,0.864484181,0.809664278,0.740499156,1,0,0,0.000000000,0.048484152,-0.262188135,0.152586389,-0.122709065,-0.015880050,0.161402950,0.302646792,12.123186064,0.012497480,-130.918921515,-0.109051808,142.886471914,44.882066620,-0.009066957,-0.000845419,0.012457477,0.000492362,0.000488747,0.000192763,-0.000586302,-0.680729732,0.000049584,0.673882579,0.000083711,-0.234644456,-0.000255521,0.165623689,-0.009772003,0.000000712,0.009673711,0.000001202,-0.003368365,-0.000003668,0.002377559,-1.361459465,0.000099168,1.347765157,0.000167422,-0.469288912,-0.000511043,0.331247377,-0.411602212,-0.050868585,0.192281510,0.032896100,0.420617184,0.345898608,0.035394102
15.251000000,0,15.251000000,sample,0.216534234,0.000001170,0.216032319,0.216037229,0.000004910,4.910114480,0.000030688,1,1,2.000000000,0.080000000,2.000000000,-0.037186401,0.018593200,-0.018593200,0.036664435,0.036664435,-0.036664435,0.024666961,0.022412443,0.829592757,3,56.289878261,1,46.339381478,0.310819021,0.205427545,0.313117418,0.206003790,2.572594102,0.511842501,0.723618380,0.173471625,0.522709881,2.000000000,2.067189032,2.000000000,0.000000000,0.000000000,0.000000000,1.000000000,0.828608778,0.673025364,0.684312691,-0.309435397,0.828608778,0.770182368,0.708437004,1,0,0,0.000000000,0.049400960,-0.266426495,0.152265988,-0.125380644,-0.016047156,0.161934121,0.289912079,12.123074404,0.025088362,-130.918983058,-0.109003746,142.886271639,44.882134746,-0.013153269,-0.000554729,0.016815290,0.000263834,0.002860924,0.000035125,-0.006163741,0.680730354,-0.000080992,-0.673883398,-0.000083673,0.234641644,0.000255407,-0.165621772,-0.012656956,0.000001506,0.012529649,0.000001556,-0.004362739,-0.000004749,0.003079439,1.361460708,-0.000161984,-1.347766796,-0.000167346,0.469283289,0.000510813,-0.331243544,-0.216933231,-0.044277291,0.371271490,0.022795451,0.401036680,0.344763662,0.034767819
15.301000000,0,15.301000000,sample,0.216534228,-0.000000102,0.216035787,0.216033761,0.000002026,2.025901391,0.000012662,1,1,2.000000000,0.080000000,2.000000000,-0.072868773,0.036434387,-0.036434387,0.036434387,0.036434387,-0.036434387,0.023967275,0.038120367,0.955772191,1,61.606345704,1,46.339255537,0.310136728,0.202967869,0.310136728,0.206612315,3.126396855,0.837578652,0.771055249,0.075197832,0.592244656,2.000000000,2.085867906,2.000000000,0.000000000,0.000000000,0.000000000,1.000000000,0.787638647,0.806420719,0.750163117,0.365905810,1.033242700,0.846149783,0.772223801,1,0,0,0.000000000,0.049221610,-0.264780411,0.153796478,-0.123449956,-0.016046809,0.160307717,0.300222897,12.123281792,0.015044507,-130.918965065,-0.108712937,142.886452037,44.880766820,0.029920565,0.001218122,-0.023001267,-0.000198834,-0.001180658,0.000097842,-0.005092833,-0.680729429,0.000055883,0.673882027,0.000083451,-0.234646088,-0.000254729,0.165624866,0.024801959,-0.000002036,-0.024552478,-0.000003041,0.008549186,0.000009281,-0.006034440,-1.361458858,0.000111765,1.347764055,0.000166903,-0.469292177,-0.000509459,0.331249732,-0.487752260,-0.051179542,0.183240995,0.034898083,0.407674686,0.346198798,0.037090350
15.351000000,0,15.351000000,sample,0.216534334,0.000002113,0.216037996,0.216031783,0.000006213,6.212972793,0.000038831,1,1,2.000000000,0.080000000,2.000000000,0.015570485,0.007785242,0.007785242,0.040280154,0.040280154,-0.040280154,0.020708018,0.009017310,0.863366347,3,89.719429261,1,46.339178160,0.286363522,0.204869864,0.308462148,0.208078442,3.298698066,0.309442072,0.721444543,0.158547676,0.515705864,2.000000000,2.065420883,2.000000000,0.000000000,0.000000000,0.000000000,1.000000000,0.739741110,0.742659441,0.706398944,0.327456915,0.815622223,0.890813736,0.817171391,1,0,0,0.000000000,0.051043045,-0.234246326,0.156612048,-0.121952401,-0.016481992,0.163791382,0.303225317,12.123489143,0.009075373,-130.919066015,-0.109109762,142.886310293,44.881733196,-0.002749280,0.000556830,0.008541227,-0.000082442,-0.000204926,0.000043743,0.000663341,-0.680728861,0.000041056,0.673880972,0.000083757,-0.234649178,-0.000255663,0.165627122,-0.005299639,0.000000320,0.005246327,0.000000652,-0.001826801,-0.000001990,0.001289447,-1.361457721,0.000082112,1.347761943,0.000167514,-0.469298357,-0.000511326,0.331254243,-0.355102815,-0.066068197,0.263810752,0.031351509,0.419250614,0.347397962,0.038742750
15.401000000,0,15.401000000,sample,0.216534147,-0.000003740,0.216033093,0.216036275,0.000003181,3.181454705,0.000019884,1,1,2.000000000,0.080000000,2.000000000,-0.054865753,0.027432877,-0.027432877,0.037331966,0.037331966,-0.037331966,0.023588397,0.028179638,0.973499950,3,55.864501052,1,46.339346546,0.262524134,0.210185040,0.288544216,0.210185040,2.613501040,0.674696107,0.638159812,0.113992127,0.480716977,2.000000000,2.056981482,2.000000000,0.000000000,0.000000000,0.000000000,1.000000000,0.804218379,0.692946499,0.685856447,-0.314956902,0.822316067,0.780199035,0.733077295,1,0,0,0.000000000,0.047540815,-0.209186729,0.151326483,-0.124729187,-0.015718955,0.168443745,0.286331383,12.123074404,0.022635219,-130.918894618,-0.109232908,142.886499240,44.882848919,-0.016187963,-0.000487051,0.021062183,-0.000918763,-0.009344392,-0.000010968,0.000164895,0.680730097,-0.000074910,-0.673883182,-0.000083849,0.234642597,0.000255944,-0.165622358,-0.018674385,0.000002055,0.018486554,0.000002300,-0.006436921,-0.000007021,0.004543498,1.361460195,-0.000149819,-1.347766363,-0.000167699,0.469285194,0.000511887,-0.331244716,-0.272184803,-0.044963609,0.325128876,0.023579683,0.408360215,0.346031878,0.039138982
15.451000000,0,15.451000000,sample,0.216534194,0.000000943,0.216034489,0.216034979,0.000000490,0.490187652,0.000003064,0,0,2.000000000,0.080000000,0.000000000,0.000000000,0.020475920,0.000000000,0.035409219,0.035409219,-0.035409219,0.021380299,0.021544280,0.950410968,1,58.217600070,0,0.000000000,0.268047678,0.208390343,0.270835261,0.210878086,1.047673768,0.269844448,0.566061640,0.145029193,0.383350184,0.000000000,0.383399839,2.000000000,0.000000000,0.000000000,0.000000000,1.000000000,0.807779143,0.701704917,0.702857499,0.000000000,0.841449380,0.758901523,0.723053623,1,0,0,0.000000000,0.048394278,-0.215538899,0.151824025,-0.124177469,-0.015884367,0.166595853,0.291110029,12.123074404,0.018680383,-130.918941572,-0.108772401,142.886380731,44.881544652,0.016438385,-0.000609586,-0.013896304,-0.000080913,-0.000427452,0.000500623,-0.000129524,0.000000000,0.000000000,0.000000000,0.000000000,0.000000000,0.000000000,0.000000000,0.013938578,-0.000001330,-0.013798381,-0.000001710,0.004804513,0.000005219,-0.003391264,0.000000000,0.000000000,0.000000000,0.000000000,0.000000000,0.000000000,0.000000000,-0.291274127,-0.042140027,0.356561971,0.023750127,0.398898848,0.345059533,0.038799294
15.501000000,0,15.501000000,sample,0.216534241,0.000000942,0.216038231,0.216031360,0.000006871,6.871461352,0.000042947,1,1,2.000000000,0.080000000,2.000000000,0.022981153,0.011490577,0.011490577,0.039404462,0.039404462,-0.039404462,0.023718639,0.011941465,0.962241825,1,53.157390428,1,46.339155099,0.300393183,0.203151437,0.300393183,0.208111168,0.526589002,0.076462993,0.603339211,0.182087132,0.438320515,2.000000000,2.047473792,2.000000000,0.000000000,0.000000000,0.000000000,1.000000000,0.750397753,0.766818730,0.714766784,0.330523253,0.947015596,0.776445511,0.729468875,1,0,0,0.000000000,0.050011337,-0.251872924,0.155868408,-0.121777873,-0.016279053,0.161788900,0.306122082,12.123489144,0.008119827,-130.918982546,-0.109068758,142.886430804,44.881660784,-0.008706416,0.001283932,0.007986600,0.000560159,-0.000981070,-0.000027428,-0.000292580,-0.680728691,0.000038665,0.673880898,0.000083726,-0.234649677,-0.000255567,0.165627411,-0.007821965,0.000000444,0.007743280,0.000000962,-0.002696260,-0.000002937,0.001903154,-1.361457382,0.000077330,1.347761796,0.000167452,-0.469299354,-0.000511134,0.331254821,-0.399090989,-0.058794542,0.224308399,0.032968076,0.419623519,0.345331856,0.037709414
15.551000000,0,15.551000000,sample,0.216534091,-0.000003013,0.216032938,0.216036317,0.000003379,3.379293102,0.000021121,1,1,2.000000000,0.080000000,2.000000000,-0.052896975,0.026448487,-0.026448487,0.034995602,0.034995602,-0.034995602,0.024692769,0.031009067,0.852927531,3,48.777552901,1,46.339335977,0.343153962,0.201680098,0.344496375,0.204981621,2.028222700,0.656160128,0.741210733,0.261450431,0.502201321,2.000000000,2.062105302,2.000000000,0.000000000,0.000000000,0.000000000,1.000000000,0.805061639,0.713805017,0.678275449,-0.299876348,0.860373287,0.813746274,0.748280219,1,0,0,0.000000000,0.047490646,-0.304496589,0.150934115,-0.124827004,-0.015640841,0.157633896,0.296316049,12.123074459,0.022909615,-130.918845662,-0.109167478,142.886541540,44.882239770,-0.020439705,-0.001017927,0.021657021,0.000937202,0.008522960,0.000261448,-0.000361177,0.680730020,-0.000075583,-0.673883178,-0.000083799,0.234642770,0.000255790,-0.165622449,-0.018004279,0.000001999,0.017823191,0.000002216,-0.006205946,-0.000006765,0.004380463,1.361460039,-0.000151166,-1.347766355,-0.000167598,0.469285540,0.000511580,-0.331244898,-0.327634470,-0.034400774,0.248125497,0.018000309,0.411731605,0.344459863,0.038262785
15.601000000,0,15.601000000,sample,0.216534493,0.000008044,0.216035391,0.216034691,0.000000700,0.700444935,0.000004378,0,0,2.000000000,0.080000000,0.000000000,0.000000000,0.029120703,0.000000000,0.035930970,0.035930970,-0.035930970,0.023830869,0.030941581,0.941151087,1,58.868105866,0,0.000000000,0.341991420,0.200386476,0.348092526,0.202776089,1.653314425,0.410239544,0.764319824,0.119462248,0.535812338,0.000000000,0.535911949,2.000000000,0.000000000,0.000000000,0.000000000,1.000000000,0.743290699,0.726290681,0.702731004,0.000000000,0.821298609,0.763201698,0.712883877,1,0,0,0.000000000,0.052062272,-0.299639331,0.156409471,-0.123622064,-0.016513917,0.156842646,0.301957721,12.123377482,0.017019632,-130.919190210,-0.109107820,142.886310006,44.881282544,0.023740099,0.000022795,-0.019764981,-0.001099686,-0.001301670,0.000353040,0.000325324,0.000000000,0.000000000,0.000000000,0.000000000,0.000000000,0.000000000,0.000000000,0.019823318,-0.000001773,-0.019623901,-0.000002439,0.006833092,0.000007445,-0.004823140,0.000000000,0.000000000,0.000000000,0.000000000,0.000000000,0.000000000,0.000000000,-0.356266106,-0.063591212,0.275905462,0.034136153,0.405003181,0.346523948,0.038287841
15.651000000,0,15.651000000,sample,0.216534139,-0.000007080,0.216037469,0.216031914,0.000005555,5.554989977,0.000034719,1,1,2.000000000,0.080000000,2.000000000,0.014703562,0.007351781,0.007351781,0.037736814,0.037736814,-0.037736814,0.020979321,0.008296610,0.886118697,3,82.022216987,1,46.339131732,0.304387466,0.203295258,0.340320147,0.205230789,2.790374578,0.243624186,0.717412479,0.158475277,0.486429878,2.000000000,2.058304280,2.000000000,0.000000000,0.000000000,0.000000000,1.000000000,0.728476112,0.760510008,0.717034635,0.330301309,0.878938494,0.811026178,0.742365891,1,0,0,0.000000000,0.048869725,-0.257324826,0.155072284,-0.122188502,-0.016077489,0.161680074,0.304723203,12.123489143,0.010014029,-130.918888943,-0.109048543,142.886541281,44.881989273,-0.002670428,0.000473222,0.007513918,0.001361589,-0.000964382,0.000252389,0.001473770,-0.680728520,0.000043388,0.673880850,0.000083711,-0.234650133,-0.000255520,0.165627667,-0.005004567,0.000000319,0.004954225,0.000000615,-0.001725096,-0.000001879,0.001217658,-1.361457039,0.000086776,1.347761699,0.000167421,-0.469300266,-0.000511039,0.331255334,-0.387523564,-0.071877952,0.235864427,0.046360741,0.421416150,0.349097892,0.039439308
15.701000000,0,15.701000000,sample,0.216533912,-0.000004529,0.216032895,0.216036031,0.000003136,3.135855972,0.000019599,1,1,2.000000000,0.080000000,2.000000000,-0.050125900,0.025062950,-0.025062950,0.033852059,0.033852059,-0.033852059,0.023763105,0.026136290,0.958932967,3,61.937974886,1,46.339239080,0.286097029,0.207224513,0.306015929,0.207224513,2.896486586,0.357249343,0.683980891,0.172849913,0.477699961,2.000000000,2.056274461,2.000000000,0.000000000,0.000000000,0.000000000,1.000000000,0.803292447,0.688221408,0.683437912,-0.313753140,0.879086860,0.786315711,0.733458798,1,0,0,0.000000000,0.047547678,-0.237453215,0.152337450,-0.124689333,-0.015935537,0.164744127,0.289445770,12.123281773,0.022577064,-130.918717192,-0.109278008,142.886317009,44.882242384,-0.016067963,-0.000279240,0.020569439,0.000670215,-0.001138734,0.000007094,-0.000021738,0.680729308,-0.000074773,-0.673882498,-0.000083885,0.234645458,0.000256053,-0.165624329,-0.017061085,0.000001874,0.016889483,0.000002102,-0.005880907,-0.000006417,0.004151034,1.361458616,-0.000149546,-1.347764997,-0.000167770,0.469290916,0.000512106,-0.331248658,-0.260965446,-0.045766561,0.334258301,0.021640599,0.405716903,0.344543418,0.037101736
15.751000000,0,15.751000000,sample,0.216534350,0.000008760,0.216035371,0.216034405,0.000000966,0.965615721,0.000006035,0,0,2.000000000,0.080000000,0.000000000,0.000000000,0.024492234,0.000000000,0.037520445,0.037520445,-0.037520445,0.022291830,0.025174601,0.972894609,3,49.566544142,0,0.000000000,0.293709296,0.204905406,0.294011677,0.207380089,0.873624439,0.333670204,0.573754934,0.134331803,0.418416571,0.000000000,0.418500734,2.000000000,0.000000000,0.000000000,0.000000000,1.000000000,0.796759175,0.706366211,0.702538413,0.000000000,0.922839999,0.787365674,0.730905726,1,0,0,0.000000000,0.049425601,-0.246040156,0.152599156,-0.123699394,-0.015970989,0.162571870,0.296593264,12.123074404,0.016593279,-130.919066136,-0.108839128,142.886420448,44.881016518,0.017253464,0.000405076,-0.017723803,-0.000499576,0.000152720,-0.000152348,-0.004635206,0.000000000,0.000000000,0.000000000,0.000000000,0.000000000,0.000000000,0.000000000,0.016672606,-0.000001464,-0.016504902,-0.000002046,0.005746914,0.000006246,-0.004056459,0.000000000,0.000000000,0.000000000,0.000000000,0.000000000,0.000000000,0.000000000,-0.298828436,-0.045044632,0.347919934,0.024674335,0.400470301,0.344582666,0.038235965
15.801000000,0,15.801000000,sample,0.216534235,-0.000002303,0.216037807,0.216031759,0.000006048,6.048385273,0.000037802,1,1,2.000000000,0.080000000,2.000000000,0.018656904,0.009328452,0.009328452,0.039314200,0.039314200,-0.039314200,0.021193535,0.009566050,0.975162377,3,52.169362012,1,46.339198357,0.321382676,0.201070172,0.323498400,0.205065989,0.508536708,0.121970658,0.649849255,0.165671956,0.443583202,2.000000000,2.048602804,2.000000000,0.000000000,0.000000000,0.000000000,1.000000000,0.815770431,0.799307957,0.725548198,0.316538980,0.851266031,0.859347870,0.780420923,1,0,0,0.000000000,0.049287547,-0.277426068,0.154571468,-0.122009889,-0.016049148,0.159013289,0.307632644,12.123377488,0.009311721,-130.918968207,-0.109101806,142.886539310,44.881587826,-0.006399037,-0.000339358,0.006909401,0.000297071,-0.001582941,0.000044540,-0.000332729,-0.680729009,0.000041644,0.673881377,0.000083751,-0.234648157,-0.000255642,0.165626310,-0.006350148,0.000000388,0.006286270,0.000000781,-0.002188904,-0.000002385,0.001545037,-1.361458018,0.000083288,1.347762754,0.000167501,-0.469296313,-0.000511285,0.331252619,-0.442711782,-0.034714335,0.161875210,0.025400491,0.426007463,0.345712687,0.037053902
15.851000000,0,15.851000000,sample,0.216534073,-0.000003240,0.216033235,0.216035982,0.000002747,2.746979437,0.000017169,1,1,2.000000000,0.080000000,2.000000000,-0.055002212,0.027501106,-0.027501106,0.035722324,0.035722324,-0.035722324,0.026867734,0.028394747,0.968527953,1,53.106545527,1,46.339455019,0.330824008,0.202850967,0.336922645,0.203747343,1.147421227,0.437246625,0.619912560,0.235202619,0.425087106,2.000000000,2.044691063,2.000000000,0.000000000,0.000000000,0.000000000,1.000000000,0.841526822,0.674015068,0.669640384,-0.291955955,0.843328383,0.787415566,0.730205659,1,0,0,0.000000000,0.047581661,-0.291270040,0.149473320,-0.124659177,-0.015649679,0.159259825,0.295847381,12.122883005,0.021990954,-130.918846359,-0.109124325,142.886338846,44.882464141,-0.020692455,-0.001280021,0.018996335,0.000587591,0.000134324,0.000190587,0.003896805,0.680730894,-0.000073283,-0.673884517,-0.000083765,0.234638492,0.000255685,-0.165619469,-0.018720852,0.000002015,0.018532569,0.000002304,-0.006452818,-0.000007032,0.004554719,1.361461788,-0.000146565,-1.347769033,-0.000167529,0.469276984,0.000511371,-0.331238938,-0.232796658,-0.030902667,0.330519671,0.012596583,0.405517471,0.343677317,0.036173764
15.901000000,0,15.901000000,sample,0.216534500,0.000008545,0.216034263,0.216035815,0.000001552,1.552153057,0.000009701,1,1,2.000000000,0.080000000,2.000000000,0.040420098,0.020210049,0.020210049,0.040787395,0.040787395,-0.040787395,0.026302675,0.021322531,0.947825965,3,60.616573781,1,46.339333120,0.313588398,0.204668369,0.333010761,0.204943919,2.309830641,0.323326258,0.560528521,0.197281547,0.439058560,2.000000000,2.047641087,2.000000000,0.000000000,0.000000000,0.000000000,1.000000000,0.790034778,0.708312248,0.695769695,-0.339582340,0.873073903,0.901409123,0.822566975,1,0,0,0.000000000,0.050834696,-0.268151613,0.154428719,-0.124647026,-0.016199412,0.161523495,0.295200563,12.123186064,0.020166488,-130.919187126,-0.108504821,142.886431283,44.881801726,0.013268839,0.000069120,-0.016601008,-0.001252998,0.000647292,-0.000224063,0.000975100,0.680729999,-0.000068627,-0.673882326,-0.000083291,0.234644358,0.000254240,-0.165623754,0.013757587,-0.000001387,-0.013619195,-0.000001683,0.004742174,0.000005138,-0.003347264,1.361459998,-0.000137255,-1.347764653,-0.000166582,0.469288716,0.000508480,-0.331247508,-0.310464878,-0.046782702,0.320885028,0.029853952,0.400454248,0.346352803,0.036552396
15.951000000,0,15.951000000,sample,0.216534017,-0.000009674,0.216037820,0.216031318,0.000006502,6.502492090,0.000040641,1,1,2.000000000,0.080000000,2.000000000,-0.002092090,0.001046045,-0.001046045,0.035745741,0.035745741,-0.035745741,0.022342062,0.001661631,0.629529030,1,66.404772430,1,46.339183731,0.297847218,0.203064543,0.317087589,0.205985425,0.846928333,0.124641250,0.611287108,0.163966323,0.413894237,2.000000000,2.042377973,2.000000000,0.000000000,0.000000000,0.000000000,1.000000000,0.745274571,0.710057411,0.698118535,0.325681290,0.858918527,0.830604083,0.760254641,1,0,0,0.000000000,0.047957205,-0.250697346,0.153505415,-0.121803415,-0.015932621,0.161695047,0.305426466,12.123377482,0.008677761,-130.918795536,-0.109225752,142.886478946,44.881542674,0.001354048,-0.000193906,-0.000110611,0.000731065,-0.000180255,0.000039115,-0.000556109,-0.680728901,0.000040083,0.673881660,0.000083846,-0.234647855,-0.000255933,0.165626027,0.000712073,-0.000000042,-0.000704910,-0.000000088,0.000245452,0.000000268,-0.000173252,-1.361457803,0.000080166,1.347763320,0.000167691,-0.469295710,-0.000511865,0.331252053,-0.287826361,-0.070150234,0.327047323,0.040664934,0.411524443,0.346874330,0.036285850
16.001000000,0,16.001000000,sample,0.216534240,0.000004455,0.216034400,0.216035153,0.000000753,0.752783840,0.000004705,0,0,2.000000000,0.080000000,0.000000000,0.000000000,0.028548067,0.000000000,0.035789894,0.035789894,-0.035789894,0.021316887,0.029829693,0.957035242,3,54.513150963,0,0.000000000,0.306510020,0.204199576,0.306695874,0.206298848,1.735575255,0.290034000,0.668863378,0.201018151,0.457425408,0.000000000,0.457506962,2.000000000,0.000000000,0.000000000,0.000000000,1.000000000,0.810669358,0.667995969,0.684531217,0.000000000,0.960937516,0.809534760,0.727446028,1,0,0,0.000000000,0.048456230,-0.261809548,0.151842505,-0.123949860,-0.015804071,0.161505822,0.295667999,12.123074404,0.019148233,-130.918969961,-0.109312866,142.886492919,44.881902015,-0.020084482,-0.000687109,0.022024164,0.000383855,0.000349052,0.000355557,0.000701895,0.000000000,0.000000000,0.000000000,0.000000000,0.000000000,0.000000000,0.000000000,-0.019433531,0.000001891,0.019238060,0.000002395,-0.006698592,-0.000007312,0.004728199,0.000000000,0.000000000,0.000000000,0.000000000,0.000000000,0.000000000,0.000000000,-0.198578372,-0.058051014,0.374574086,0.030597224,0.404412871,0.346141212,0.034267348
16.051000000,0,16.051000000,sample,0.216534133,-0.000002128,0.216032787,0.216036561,0.000003774,3.774020587,0.000023588,1,1,2.000000000,0.080000000,2.000000000,0.021686261,0.010843131,0.010843131,0.039769682,0.039769682,-0.039769682,0.025530448,0.012268686,0.883805364,1,85.751564584,1,46.339289270,0.322259436,0.204101584,0.327987932,0.205401349,4.163514430,0.487099557,0.807343351,0.132353897,0.568179454,2.000000000,2.079139847,2.000000000,0.000000000,0.000000000,0.000000000,1.000000000,0.946076303,0.723183190,0.680142617,-0.325685205,0.946076303,0.845987737,0.772037796,1,0,0,0.000000000,0.048199338,-0.279877965,0.152303292,-0.125267718,-0.015840999,0.160357469,0.293103115,12.123186065,0.023384816,-130.918884223,-0.108600847,142.886492135,44.881762046,0.011361066,-0.001691369,-0.003739170,0.000081929,0.001362548,0.000301644,-0.001628029,0.680729677,-0.000076674,-0.673882586,-0.000083365,0.234644555,0.000254465,-0.165623738,0.007381241,-0.000000831,-0.007306997,-0.000000904,0.002544282,0.000002759,-0.001795880,1.361459353,-0.000153348,-1.347765172,-0.000166730,0.469289110,0.000508929,-0.331247475,-0.330821023,0.034602380,0.278825721,-0.017695363,0.398078342,0.337761164,0.036718194
16.101000000,0,16.101000000,sample,0.216534170,0.000000727,0.216034431,0.216035012,0.000000581,0.581358070,0.000003633,0,0,2.000000000,0.080000000,0.000000000,0.000000000,0.026945266,0.000000000,0.046860055,0.046860055,-0.046860055,0.028682933,0.028601837,0.942081656,1,64.034570896,0,0.000000000,0.316001016,0.203404227,0.321538151,0.206695583,2.978250736,0.624654110,0.780070992,0.101871121,0.586192868,0.000000000,0.586237803,2.000000000,0.000000000,0.000000000,0.000000000,1.000000000,0.751264997,0.733107216,0.709931541,0.000000000,0.944581309,0.780492405,0.723884463,1,0,0,0.000000000,0.049816805,-0.271020389,0.154670219,-0.124127769,-0.016264850,0.160315411,0.296948277,12.123377482,0.018833441,-130.918927727,-0.108903582,142.886296141,44.881356359,0.022887649,0.001931352,-0.016847917,-0.000236750,-0.001437153,-0.000282485,-0.002106407,0.000000000,0.000000000,0.000000000,0.000000000,0.000000000,0.000000000,0.000000000,0.018342428,-0.000001761,-0.018157923,-0.000002253,0.006322629,0.000006876,-0.004462826,0.000000000,0.000000000,0.000000000,0.000000000,0.000000000,0.000000000,0.000000000,-0.367099746,-0.059032432,0.286244258,0.031852820,0.402266418,0.345742026,0.038072868
16.151000000,0,16.151000000,sample,0.216534125,-0.000000897,0.216038143,0.216031215,0.000006928,6.927729449,0.000043298,1,1,2.000000000,0.080000000,2.000000000,-0.051416775,0.025708387,-0.025708387,0.038566083,0.038566083,-0.038566083,0.024389827,0.026076261,0.985892408,3,55.075354914,1,46.339213392,0.292502270,0.203914942,0.316332628,0.207950753,1.870861750,0.227167590,0.555078640,0.189605786,0.441877464,2.000000000,2.048252531,2.000000000,0.000000000,0.000000000,0.000000000,1.000000000,0.766982123,0.757351076,0.714987794,0.345854708,0.827143068,0.829441673,0.765929059,1,0,0,0.000000000,0.049337434,-0.243465262,0.154428176,-0.122029530,-0.016196361,0.162566219,0.305331220,12.123377482,0.007960832,-130.918896201,-0.108597928,142.886317017,44.881115560,0.017000804,0.000945964,-0.019351916,-0.000903709,0.003372174,-0.000108478,-0.001830992,-0.680729119,0.000038188,0.673881771,0.000083364,-0.234647185,-0.000254462,0.165625633,0.017500448,-0.000000982,-0.017324414,-0.000002143,0.006032401,0.000006542,-0.004257968,-1.361458239,0.000076377,1.347763542,0.000166727,-0.469294370,-0.000508923,0.331251267,-0.367622875,-0.053292506,0.277977712,0.033974908,0.415683273,0.347463736,0.035655877
16.201000000,0,16.201000000,sample,0.216533810,-0.000006295,0.216035282,0.216033422,0.000001860,1.859929096,0.000011625,1,1,2.000000000,0.080000000,2.000000000,0.051000744,0.025500372,0.025500372,0.034968232,0.034968232,-0.034968232,0.025500372,0.025997710,0.980869939,3,52.486579464,1,46.339309399,0.275593441,0.207044907,0.302122881,0.207863527,1.597110791,0.214289787,0.564605923,0.181881672,0.378405401,2.000000000,2.035493756,2.000000000,0.000000000,0.000000000,0.000000000,1.000000000,0.746350266,0.718742035,0.689684833,0.310389803,0.821711540,0.762303295,0.714402645,1,0,0,0.000000000,0.045242100,-0.227110711,0.149417610,-0.123222327,-0.015399475,0.165670479,0.295874389,12.123074404,0.015365326,-130.918617926,-0.109204530,142.886535571,44.882488350,-0.017607158,-0.000720381,0.018834722,0.001436948,-0.002662164,0.000168784,0.001192791,-0.680729825,0.000056765,0.673883451,0.000083828,-0.234642677,-0.000255877,0.165622277,-0.017358864,0.000001448,0.017184279,0.000002138,-0.005983476,-0.000006525,0.004223430,-1.361459649,0.000113530,1.347766902,0.000167655,-0.469285355,-0.000511754,0.331244554,-0.326619088,-0.063799281,0.265711318,0.034574154,0.413806484,0.347116123,0.037302906
16.251000000,0,16.251000000,sample,0.216534072,0.000005249,0.216032017,0.216037201,0.000005184,5.184253347,0.000032402,1,1,2.000000000,0.080000000,2.000000000,-0.012443946,0.006221973,-0.006221973,0.036221403,0.036221403,-0.036221403,0.027355695,0.008008605,0.776910953,1,54.978396968,1,46.339334257,0.283620746,0.207829438,0.291331635,0.208539399,1.316126386,0.145496889,0.503408792,0.169523701,0.353765136,2.000000000,2.031047564,2.000000000,0.000000000,0.000000000,0.000000000,1.000000000,0.845488093,0.665903617,0.695987155,-0.324784803,0.858158045,0.791348310,0.726771196,1,0,0,0.000000000,0.047018370,-0.235533663,0.150843940,-0.125588560,-0.015626713,0.164852645,0.286178469,12.123074404,0.025448970,-130.918832047,-0.108792868,142.886539945,44.881504499,-0.005938174,-0.000479979,0.003804747,0.000746504,-0.000885312,0.000230785,-0.003574222,0.680730007,-0.000081856,-0.673883193,-0.000083512,0.234642766,0.000254912,-0.165622441,-0.004235484,0.000000509,0.004192883,0.000000520,-0.001459941,-0.000001586,0.001030498,1.361460014,-0.000163712,-1.347766386,-0.000167023,0.469285533,0.000509825,-0.331244882,-0.205660175,-0.044236595,0.402745872,0.026305367,0.395284441,0.345814545,0.037569110
16.301000000,0,16.301000000,sample,0.216534161,0.000001771,0.216038341,0.216031087,0.000007254,7.254274688,0.000045339,1,1,2.000000000,0.080000000,2.000000000,-0.066776204,0.033388102,-0.033388102,0.043004872,0.043004872,-0.043004872,0.025577346,0.034427484,0.969809535,1,57.903232883,1,46.339211560,0.306062831,0.202423036,0.312761079,0.208241445,1.686047414,0.287196891,0.677970791,0.137002177,0.454353448,2.000000000,2.050981741,2.000000000,0.000000000,0.000000000,0.000000000,1.000000000,0.609220387,0.743487413,0.724753250,0.341925803,1.076410245,0.766594809,0.737186136,1,0,0,0.000000000,0.049463133,-0.259513912,0.154532794,-0.121844382,-0.016175621,0.160833397,0.307544921,12.123377483,0.007515316,-130.918922664,-0.108749465,142.886364614,44.881281983,0.026197309,0.000014944,-0.022235169,0.000488360,0.001963974,0.000108838,-0.000664937,-0.680729106,0.000037102,0.673881674,0.000083480,-0.234647394,-0.000254817,0.165625784,0.022728253,-0.000001239,-0.022499630,-0.000002787,0.007834431,0.000008508,-0.005529931,-1.361458212,0.000074205,1.347763349,0.000166960,-0.469294789,-0.000509633,0.331251569,-0.365233746,-0.131723787,0.273284125,0.059991609,0.412933197,0.352642556,0.036967885
16.351000000,0,16.351000000,sample,0.216534416,0.000005097,0.216036837,0.216033103,0.000003734,3.734256257,0.000023339,1,1,2.000000000,0.080000000,2.000000000,0.034876369,0.017438185,0.017438185,0.037604913,0.037604913,-0.037604913,0.028782118,0.018427253,0.946325784,1,68.221450578,1,46.339192067,0.320145991,0.202381550,0.328640443,0.204628163,2.578238275,0.536024749,0.539609741,0.247120630,0.450742559,2.000000000,2.050167813,2.000000000,0.000000000,0.000000000,0.000000000,1.000000000,0.813299721,0.691423651,0.677298052,0.286205876,0.869238117,0.837414160,0.766216206,1,0,0,0.000000000,0.052006166,-0.274031374,0.157148403,-0.122782275,-0.016613632,0.160021223,0.303784808,12.123489142,0.012623817,-130.919133531,-0.108965853,142.886255630,44.881876726,-0.015220225,-0.000138509,0.009872511,-0.000513735,0.000419482,0.000117067,0.003157398,-0.680728963,0.000049886,0.673880969,0.000083647,-0.234648964,-0.000255326,0.165627013,-0.011870677,0.000000870,0.011751261,0.000001459,-0.004091852,-0.000004452,0.002888234,-1.361457925,0.000099772,1.347761939,0.000167293,-0.469297928,-0.000510652,0.331254026,-0.240419126,-0.043708269,0.318816470,0.022705542,0.419464930,0.345690169,0.037535050
16.401000000,0,16.401000000,sample,0.216534494,0.000001572,0.216033461,0.216036607,0.000003147,3.146500603,0.000019666,1,1,2.000000000,0.080000000,2.000000000,-0.069572070,0.034786035,-0.034786035,0.044021553,0.044021553,-0.044021553,0.028148270,0.036313943,0.957925029,3,54.023384453,1,46.339273621,0.320945954,0.204419062,0.327358287,0.204889112,1.855411406,0.341368989,0.731494511,0.193220362,0.532447364,2.000000000,2.069699162,2.000000000,0.000000000,0.000000000,0.000000000,1.000000000,0.779181889,0.718441233,0.678969847,-0.297581728,0.967023468,0.878576657,0.782011697,1,0,0,0.000000000,0.050888874,-0.276269927,0.155214546,-0.124666543,-0.016229920,0.161189316,0.293615666,12.123287788,0.022598466,-130.919177792,-0.109316659,142.886492244,44.882909150,-0.024590309,0.000189977,0.026690967,-0.000820164,-0.000697689,-0.000157968,-0.000625297,0.680729562,-0.000074833,-0.673881692,-0.000083915,0.234646426,0.000256144,-0.165625196,-0.023679882,0.000002603,0.023441672,0.000002919,-0.008162419,-0.000008910,0.005761444,1.361459123,-0.000149667,-1.347763384,-0.000167830,0.469292852,0.000512288,-0.331250393,-0.349466854,-0.043368802,0.222197444,0.022613614,0.409958819,0.342963239,0.037669918
16.451000000,0,16.451000000,sample,0.216533765,-0.000014594,0.216030679,0.216037940,0.000007261,7.261321100,0.000045383,1,1,2.000000000,0.080000000,2.000000000,0.017253259,0.008626630,0.008626630,0.040859935,0.040859935,-0.040859935,0.026504770,0.008843205,0.975509363,3,57.291171073,1,46.339332399,0.301794917,0.206723107,0.319202286,0.207119131,1.085932009,0.063962396,0.552131116,0.176749929,0.381913923,2.000000000,2.036139801,2.000000000,0.000000000,0.000000000,0.000000000,1.000000000,0.794534409,0.686378162,0.690859210,-0.341292256,0.937136561,0.784330686,0.735216601,1,0,0,0.000000000,0.046172477,-0.257961526,0.149680077,-0.126227685,-0.015651105,0.162960294,0.285463069,12.123074404,0.028438988,-130.918602234,-0.108771623,142.886291617,44.881802873,0.005095827,0.000052434,-0.006693505,0.000897010,0.001123778,0.000008007,-0.002315494,0.680729993,-0.000089313,-0.673883803,-0.000083495,0.234641651,0.000254863,-0.165621593,0.005872406,-0.000000770,-0.005813346,-0.000000720,0.002024167,0.000002199,-0.001428756,1.361459987,-0.000178626,-1.347767606,-0.000166990,0.469283301,0.000509725,-0.331243185,-0.293656966,-0.046209666,0.337223000,0.021359000,0.393328838,0.344212417,0.039387575
16.501000000,0,16.501000000,sample,0.216534089,0.000006491,0.216034339,0.216034903,0.000000564,0.564026599,0.000003525,0,0,2.000000000,0.080000000,0.000000000,0.000000000,0.027535013,0.000000000,0.041772284,0.041772284,-0.041772284,0.029917681,0.029017107,0.948923432,1,69.027706021,0,0.000000000,0.295877627,0.204928130,0.309255885,0.208268956,4.004995876,0.731212847,0.767118188,0.092174678,0.569255487,0.000000000,0.569299884,2.000000000,0.000000000,0.000000000,0.000000000,1.000000000,0.827048003,0.792430943,0.731531783,0.000000000,0.850345581,0.875361811,0.793381347,1,0,0,0.000000000,0.046702447,-0.251203253,0.149195768,-0.124180620,-0.015464180,0.162282382,0.294840997,12.122882986,0.018793676,-130.918845745,-0.108812827,142.886518830,44.881105777,0.024108258,-0.000272786,-0.015790703,-0.000107758,-0.000311059,0.000018390,-0.003354841,0.000000000,0.000000000,0.000000000,0.000000000,0.000000000,0.000000000,0.000000000,0.018743930,-0.000001797,-0.018555412,-0.000002300,0.006460795,0.000007020,-0.004560348,0.000000000,0.000000000,0.000000000,0.000000000,0.000000000,0.000000000,0.000000000,-0.448205555,-0.024881261,0.221982843,0.020683327,0.406344045,0.342964692,0.034452979
16.551000000,0,16.551000000,sample,0.216533841,-0.000004959,0.216037513,0.216031270,0.000006243,6.243029243,0.000039019,1,1,2.000000000,0.080000000,2.000000000,0.007148593,0.003574297,0.003574297,0.038014777,0.038014777,-0.038014777,0.021789293,0.007825768,0.456734305,1,55.389818842,1,46.339278320,0.285501852,0.204627641,0.308668470,0.208621554,4.604905951,0.323279342,0.428741486,0.198052451,0.409986184,2.000000000,2.041588435,2.000000000,0.000000000,0.000000000,0.000000000,1.000000000,0.796584712,0.714829278,0.704153326,0.336346594,0.959708831,0.836414791,0.764187583,1,0,0,0.000000000,0.046682987,-0.237742549,0.151031409,-0.122015934,-0.015735758,0.163514431,0.303652634,12.123186065,0.009012800,-130.918661908,-0.108990756,142.886350075,44.881728121,-0.005824276,0.001620675,-0.002167449,0.000443767,-0.004446647,0.000022344,0.000161032,-0.680729596,0.000040879,0.673883048,0.000083664,-0.234643868,-0.000255378,0.165623174,-0.002433129,0.000000146,0.002408658,0.000000299,-0.000838687,-0.000000913,0.000591986,-1.361459192,0.000081758,1.347766096,0.000167328,-0.469287736,-0.000510756,0.331246348,-0.275702712,-0.047613699,0.355549427,0.021222149,0.413551433,0.343894747,0.037399167
16.601000000,0,16.601000000,sample,0.216534204,0.000007251,0.216033683,0.216035799,0.000002116,2.116452182,0.000013228,1,1,2.000000000,0.080000000,2.000000000,-0.061491192,0.030745596,-0.030745596,0.039344612,0.039344612,-0.039344612,0.022368261,0.031973238,0.961604091,3,56.482089220,1,46.339419742,0.291531289,0.207111798,0.309815262,0.207111798,2.417712087,0.313125563,0.700329029,0.195570516,0.517615516,2.000000000,2.065926789,2.000000000,0.000000000,0.000000000,0.000000000,1.000000000,0.849078081,0.686407430,0.681902023,-0.303373930,0.981849243,0.814135389,0.746548058,1,0,0,0.000000000,0.048502948,-0.244568662,0.151076557,-0.124447013,-0.015845607,0.164794279,0.291760783,12.122978693,0.021087754,-130.918952627,-0.109158048,142.886336824,44.883055702,-0.021012219,0.000275123,0.024029348,-0.001555685,-0.000523258,0.000117258,0.000762636,0.680730635,-0.000071035,-0.673883871,-0.000083791,0.234640207,0.000255766,-0.165620730,-0.020929469,0.000002184,0.020718961,0.000002576,-0.007214153,-0.000007864,0.005092108,1.361461270,-0.000142070,-1.347767742,-0.000167582,0.469280415,0.000511533,-0.331241461,-0.245682014,-0.028437351,0.335685455,0.013677337,0.412334903,0.345348510,0.040799197
16.651000000,0,16.651000000,sample,0.216534242,0.000000757,0.216033563,0.216035999,0.000002436,2.435831861,0.000015224,1,1,2.000000000,0.080000000,2.000000000,0.028361105,0.014180552,0.014180552,0.040171097,0.040171097,-0.040171097,0.024316543,0.014512337,0.977137736,3,57.633455166,1,46.339375711,0.291939993,0.206757822,0.314283273,0.207573518,1.427464252,0.325064308,0.522590941,0.219136095,0.408893717,2.000000000,2.041375605,2.000000000,0.000000000,0.000000000,0.000000000,1.000000000,0.998827874,0.673393560,0.711194830,-0.324994188,1.022519130,0.810960083,0.759617316,1,0,0,0.000000000,0.049079456,-0.244252927,0.152186314,-0.124878324,-0.015985084,0.164008166,0.291283764,12.123074404,0.021451209,-130.918984123,-0.108572119,142.886329862,44.881679608,0.008397873,-0.000199313,-0.011017288,-0.000038136,0.004316232,0.000077639,-0.000161172,0.680730312,-0.000071844,-0.673883316,-0.000083342,0.234641891,0.000254395,-0.165621936,0.009653132,-0.000001019,-0.009556038,-0.000001182,0.003327352,0.000003607,-0.002348611,1.361460623,-0.000143687,-1.347766632,-0.000166684,0.469283782,0.000508791,-0.331243872,-0.154172246,0.017105270,0.455279411,-0.013104084,0.396656028,0.339789942,0.038628294
16.701000000,0,16.701000000,sample,0.216534169,-0.000001460,0.216038602,0.216030843,0.000007759,7.758988807,0.000048494,1,1,2.000000000,0.080000000,2.000000000,-0.009142853,0.004571427,-0.004571427,0.035670628,0.035670628,-0.035670628,0.020683352,0.007408265,0.617071119,3,80.553728591,1,46.339216197,0.306836851,0.201625962,0.320277543,0.206111516,3.338185558,0.545351854,0.479995677,0.236949471,0.422283004,2.000000000,2.044095298,2.000000000,0.000000000,0.000000000,0.000000000,1.000000000,0.735427899,0.716675709,0.695534778,0.316618711,0.971672336,0.773919454,0.728487436,1,0,0,0.000000000,0.049662175,-0.260321893,0.154644864,-0.121428759,-0.016215249,0.160141035,0.308363422,12.123377482,0.006864513,-130.918932164,-0.109213355,142.886332517,44.881142375,0.000619457,0.000511107,-0.006649046,0.000443142,0.000711840,0.000531423,0.003007012,-0.680729140,0.000035557,0.673881710,0.000083836,-0.234647255,-0.000255904,0.165625696,0.003111903,-0.000000163,-0.003080601,-0.000000383,0.001072673,0.000001170,-0.000757146,-1.361458280,0.000071113,1.347763420,0.000167672,-0.469294510,-0.000511807,0.331251392,-0.299593844,-0.071969535,0.303315970,0.041226019,0.416442395,0.346928686,0.036723259
16.751000000,0,16.751000000,sample,0.216534088,-0.000001621,0.216034524,0.216034761,0.000000236,0.236218873,0.000001476,0,0,2.000000000,0.080000000,0.000000000,0.000000000,0.024960150,0.000000000,0.037543442,0.037543442,-0.037543442,0.023984099,0.026233943,0.951444854,1,64.211628777,0,0.000000000,0.325368805,0.203391086,0.334873164,0.204073237,2.463706745,0.492744904,0.547470269,0.244850229,0.438359992,0.000000000,0.438419199,2.000000000,0.000000000,0.000000000,0.000000000,1.000000000,0.807757316,0.695059909,0.668438395,0.000000000,0.847474013,0.792371731,0.756543393,1,0,0,0.000000000,0.049191945,-0.281603991,0.155384055,-0.123932204,-0.016196710,0.160456876,0.298599649,12.123534255,0.018361942,-130.918850276,-0.109058823,142.886440548,44.882812467,-0.021021825,0.000329207,0.015593968,0.000375683,0.000534325,0.000003339,0.001611137,0.000000000,0.000000000,0.000000000,0.000000000,0.000000000,0.000000000,0.000000000,-0.016991083,0.000001603,0.016820166,0.000002090,-0.005856912,-0.000006378,0.004134098,0.000000000,0.000000000,0.000000000,0.000000000,0.000000000,0.000000000,0.000000000,-0.282915905,-0.034965049,0.273331036,0.012242684,0.415008234,0.341977301,0.038805629
16.801000000,0,16.801000000,sample,0.216534178,0.000001799,0.216033708,0.216035731,0.000002024,2.023546898,0.000012647,1,1,2.000000000,0.080000000,2.000000000,0.032686108,0.016343054,0.016343054,0.041897884,0.041897884,-0.041897884,0.022389794,0.016725746,0.977119590,3,60.053116355,1,46.339298982,0.310215459,0.204887307,0.327646753,0.205188067,1.619200601,0.179268549,0.560409964,0.187647406,0.412989642,2.000000000,2.042203304,2.000000000,0.000000000,0.000000000,0.000000000,1.000000000,0.814182563,0.678239682,0.686742839,-0.320614275,0.897400989,0.837077636,0.765734203,1,0,0,0.000000000,0.048603712,-0.265659060,0.152632153,-0.124772322,-0.015919405,0.161732027,0.294216289,12.123186064,0.020851854,-130.918923031,-0.108539483,142.886447860,44.881724085,0.010398434,0.000372924,-0.012961441,0.000016390,0.001539274,-0.000273585,-0.001020123,0.680729748,-0.000070343,-0.673882605,-0.000083318,0.234644369,0.000254321,-0.165623633,0.011125203,-0.000001150,-0.011013300,-0.000001362,0.003834806,0.000004156,-0.002706796,1.361459496,-0.000140687,-1.347765211,-0.000166635,0.469288738,0.000508642,-0.331247267,-0.247281781,-0.045172635,0.356322479,0.019476744,0.401164607,0.344475803,0.038538394
16.851000000,0,16.851000000,sample,0.216534179,0.000000032,0.216038441,0.216031030,0.000007411,7.410894718,0.000046318,1,1,2.000000000,0.080000000,2.000000000,-0.024262555,0.012131278,-0.012131278,0.034391985,0.034391985,-0.034391985,0.022960236,0.013024918,0.931389940,1,62.028948521,1,46.339235968,0.294132339,0.203881569,0.310063209,0.206852971,1.077699484,0.187162727,0.639382985,0.154844022,0.455169661,2.000000000,2.051144816,2.000000000,0.000000000,0.000000000,0.000000000,1.000000000,0.791978718,0.805908018,0.740554303,0.342056937,0.824483054,0.826772024,0.760299667,1,0,0,0.000000000,0.050340981,-0.244838894,0.155027528,-0.121753576,-0.016396337,0.162711159,0.306194910,12.123377482,0.007301133,-130.918952283,-0.108821383,142.886170479,44.881657351,0.010258225,0.000140689,-0.007948770,-0.000285884,-0.000492914,-0.000760278,0.000558446,-0.680729285,0.000036580,0.673881913,0.000083535,-0.234646565,-0.000254985,0.165625250,0.008258116,-0.000000444,-0.008175049,-0.000001013,0.002846563,0.000003093,-0.002009246,-1.361458570,0.000073160,1.347763826,0.000167070,-0.469293130,-0.000509970,0.331250501,-0.466617622,-0.047106510,0.173101596,0.034083149,0.419811249,0.345871854,0.038405725
16.901000000,0,16.901000000,sample,0.216534298,0.000002372,0.216035072,0.216034603,0.000000469,0.468609964,0.000002929,0,0,2.000000000,0.080000000,0.000000000,0.000000000,0.025272852,0.000000000,0.036540444,0.036540444,-0.036540444,0.025443622,0.026347221,0.959222668,3,49.566480974,0,0.000000000,0.297236838,0.205538224,0.297236838,0.207849229,0.768339439,0.361663490,0.631515257,0.229252605,0.469416795,0.000000000,0.469495999,2.000000000,0.000000000,0.000000000,0.000000000,1.000000000,0.705420833,0.690095666,0.688270153,0.000000000,0.870674247,0.795857242,0.733003093,1,0,0,0.000000000,0.049099827,-0.249946279,0.153185518,-0.123765298,-0.015953121,0.163320576,0.296254387,12.123186065,0.017333483,-130.919017161,-0.108983053,142.886499240,44.882265173,-0.018405597,0.000179945,0.018549357,-0.000645656,0.001145298,0.000045730,0.003093278,0.000000000,0.000000000,0.000000000,0.000000000,0.000000000,0.000000000,0.000000000,-0.017203983,0.000001558,0.017030931,0.000002114,-0.005930138,-0.000006454,0.004185787,0.000000000,0.000000000,0.000000000,0.000000000,0.000000000,0.000000000,0.000000000,-0.262014486,-0.093870502,0.318509323,0.047254903,0.411770318,0.348893977,0.035909959
16.951000000,0,16.951000000,sample,0.216534233,-0.000001289,0.216032935,0.216036597,0.000003663,3.662789436,0.000022892,1,1,2.000000000,0.080000000,2.000000000,0.022815957,0.011407979,0.011407979,0.036107868,0.036107868,-0.036107868,0.023453208,0.011871167,0.960982058,1,50.064945432,1,46.339404811,0.316657352,0.204211761,0.317673396,0.206461851,0.613591685,0.296952473,0.660953409,0.142640532,0.470065681,2.000000000,2.054501282,2.000000000,0.000000000,0.000000000,0.000000000,1.000000000,0.844965292,0.715614986,0.689773784,-0.332932215,0.874944095,0.789782422,0.722274963,1,0,0,0.000000000,0.048195717,-0.274174081,0.150922578,-0.125149681,-0.015714097,0.160602204,0.292646039,12.122978191,0.023249348,-130.918965679,-0.108752234,142.886491772,44.881538358,0.008399633,-0.000287954,-0.007202403,-0.000806980,0.000622622,-0.000028303,-0.004168162,0.680730525,-0.000076360,-0.673883639,-0.000083480,0.234640875,0.000254816,-0.165621179,0.007765759,-0.000000871,-0.007687650,-0.000000952,0.002676778,0.000002907,-0.001889403,1.361461051,-0.000152720,-1.347767278,-0.000166960,0.469281750,0.000509631,-0.331242357,-0.328739729,-0.017832907,0.292609170,0.012439800,0.401873974,0.344460600,0.038332493
17.001000000,0,17.001000000,sample,0.216534230,-0.000000073,0.216038324,0.216031222,0.000007101,7.101402277,0.000044384,1,1,2.000000000,0.080000000,2.000000000,-0.056752390,0.028376195,-0.028376195,0.038520847,0.038520847,-0.038520847,0.023081515,0.032064991,0.884958764,3,46.361628192,1,46.339302859,0.317477297,0.201352467,0.321787501,0.205654310,0.633405246,0.640818254,0.603656578,0.238634771,0.435305347,2.000000000,2.046847930,2.000000000,0.000000000,0.000000000,0.000000000,1.000000000,0.762153069,0.755343022,0.713444192,0.345394270,0.863412215,0.792011863,0.732345377,1,0,0,0.000000000,0.048937904,-0.273889229,0.152910449,-0.121895786,-0.015924235,0.159469910,0.308864369,12.123186064,0.007734732,-130.918970235,-0.108742685,142.886473764,44.881447434,0.021530709,-0.000364296,-0.021832852,0.000047547,0.002196021,0.000081627,0.009107945,-0.680729776,0.000037648,0.673882521,0.000083474,-0.234644472,-0.000254797,0.165623723,0.019316521,-0.000001068,-0.019122222,-0.000002369,0.006658317,0.000007230,-0.004699771,-1.361459553,0.000075296,1.347765042,0.000166947,-0.469288944,-0.000509594,0.331247446,-0.373218326,-0.054412013,0.270949701,0.028723557,0.413755107,0.346469355,0.035734334
17.051000000,0,17.051000000,sample,0.216534179,-0.000001015,0.216036911,0.216032539,0.000004372,4.372330280,0.000027327,1,1,2.000000000,0.080000000,2.000000000,0.034757453,0.017378727,0.017378727,0.041928623,0.041928623,-0.041928623,0.025878868,0.019389282,0.896305849,1,86.954985042,1,46.339313836,0.311128769,0.202485410,0.320117109,0.204717746,5.930774519,0.667988221,0.389140444,0.258625819,0.452747037,2.000000000,2.050604772,2.000000000,0.000000000,0.000000000,0.000000000,1.000000000,0.818453497,0.689840120,0.686908487,0.296742854,0.951168347,0.777917804,0.715840303,1,0,0,0.000000000,0.049145993,-0.266472466,0.152899336,-0.122501676,-0.016036492,0.160426032,0.303919940,12.123186083,0.011731395,-130.918935852,-0.109128544,142.886329907,44.881674805,-0.018080439,-0.000299061,0.006750774,0.000096204,-0.001353486,0.000142994,0.001232057,-0.680729857,0.000047686,0.673882762,0.000083770,-0.234643847,-0.000255701,0.165623293,-0.011830218,0.000000829,0.011711224,0.000001456,-0.004077811,-0.000004444,0.002878322,-1.361459714,0.000095371,1.347765524,0.000167539,-0.469287694,-0.000511402,0.331246586,-0.221847857,-0.048209762,0.352645254,0.025593729,0.416731936,0.346886881,0.035956754
17.101000000,0,17.101000000,sample,0.216534047,-0.000002643,0.216032169,0.216036986,0.000004817,4.816816574,0.000030105,1,1,2.000000000,0.080000000,2.000000000,-0.048726456,0.024363228,-0.024363228,0.037595825,0.037595825,-0.037595825,0.026285659,0.027957862,0.871426710,3,52.993853008,1,46.339431273,0.330211767,0.202957098,0.333973683,0.203832314,2.186001489,0.734229540,0.747743410,0.142077755,0.569844448,2.000000000,2.079611288,2.000000000,0.000000000,0.000000000,0.000000000,1.000000000,0.857182434,0.663155884,0.675160833,-0.291134832,0.875221061,0.797693527,0.738829299,1,0,0,0.000000000,0.046638072,-0.290986528,0.148968259,-0.125177354,-0.015439054,0.159008960,0.292678667,12.122882986,0.025006450,-130.918812384,-0.109320033,142.886519403,44.882149681,-0.017128863,-0.001341673,0.020352451,-0.000723404,-0.001558385,0.000301953,-0.008317376,0.680730720,-0.000080840,-0.673884301,-0.000083915,0.234639266,0.000256144,-0.165619964,-0.016584798,0.000001970,0.016417997,0.000002044,-0.005716570,-0.000006240,0.004035037,1.361461439,-0.000161679,-1.347768601,-0.000167830,0.469278531,0.000512288,-0.331239927,-0.197844464,-0.033815604,0.364122333,0.010223221,0.403797907,0.344293015,0.035724032
17.151000000,0,17.151000000,sample,0.216534024,-0.000000465,0.216033774,0.216035339,0.000001565,1.565409482,0.000009784,1,1,2.000000000,0.080000000,2.000000000,0.043199670,0.021599835,0.021599835,0.032998683,0.032998683,-0.032998683,0.022706135,0.022871483,0.944400291,1,65.715869667,1,46.339429066,0.321054491,0.203600526,0.337256245,0.203943892,2.631420018,0.536309369,0.737566671,0.108657766,0.513588379,2.000000000,2.064895976,2.000000000,0.000000000,0.000000000,0.000000000,1.000000000,0.795278802,0.764847136,0.714623513,-0.335096978,0.855604152,0.814266984,0.745388982,1,0,0,0.000000000,0.046512629,-0.280600796,0.148915262,-0.124705817,-0.015439391,0.160197562,0.296526016,12.122887497,0.020171540,-130.918793663,-0.108417547,142.886501187,44.881737315,0.018540842,-0.001260143,-0.013121468,0.000232088,-0.000940539,0.000046427,-0.002154158,0.680730703,-0.000068624,-0.673884323,-0.000083222,0.234639260,0.000254029,-0.165619956,0.014703671,-0.000001482,-0.014555790,-0.000001798,0.005068169,0.000005487,-0.003577364,1.361461407,-0.000137247,-1.347768647,-0.000166445,0.469278519,0.000508059,-0.331239911,-0.426024034,-0.040205524,0.199988997,0.019100392,0.408389055,0.344986240,0.037633144
17.201000000,0,17.201000000,sample,0.216534234,0.000004205,0.216038601,0.216030970,0.000007631,7.631108239,0.000047694,1,1,2.000000000,0.080000000,2.000000000,-0.016325696,0.008162848,-0.008162848,0.035535207,0.035535207,-0.035535207,0.021572901,0.010766087,0.758200063,3,69.192458284,1,46.339140080,0.290337114,0.204120074,0.323824320,0.206055053,2.715967985,0.306853008,0.482653501,0.190982721,0.386128375,2.000000000,2.036934893,2.000000000,0.000000000,0.000000000,0.000000000,1.000000000,0.763172337,0.778062707,0.722726740,0.336133703,0.828941863,0.841331393,0.770266797,1,0,0,0.000000000,0.049375983,-0.240107064,0.155583579,-0.121617568,-0.016137811,0.163137189,0.306007099,12.123489161,0.007005297,-130.918968389,-0.108948077,142.886555346,44.881708261,0.004616329,0.001089260,-0.008955447,0.000632122,-0.002841041,0.000572544,0.002100648,-0.680728581,0.000035864,0.673880739,0.000083633,-0.234650210,-0.000255284,0.165627756,0.005556684,-0.000000293,-0.005500786,-0.000000683,0.001915414,0.000002084,-0.001351994,-1.361457162,0.000071727,1.347761479,0.000167267,-0.469300420,-0.000510568,0.331255512,-0.411227909,-0.055538401,0.221013485,0.035456181,0.421794969,0.347372859,0.038184205
17.251000000,0,17.251000000,sample,0.216534311,0.000001554,0.216034694,0.216035033,0.000000339,0.338940742,0.000002118,0,0,2.000000000,0.080000000,0.000000000,0.000000000,0.028647375,0.000000000,0.039537755,0.039537755,-0.039537755,0.026205424,0.029783725,0.961846609,1,52.097401516,0,0.000000000,0.281613350,0.207708727,0.292154644,0.207981627,0.870896221,0.378322796,0.588500519,0.232608318,0.473935310,0.000000000,0.474048361,2.000000000,0.000000000,0.000000000,0.000000000,1.000000000,0.823174331,0.700829432,0.682869713,0.000000000,0.842941150,0.762090937,0.718571663,1,0,0,0.000000000,0.050495076,-0.228696724,0.156378179,-0.123943494,-0.016389299,0.165868371,0.292737278,12.123499349,0.018515533,-130.919036054,-0.109093803,142.886393337,44.882539509,-0.021497455,0.001077283,0.020439208,-0.000380918,0.000612602,-0.000356705,0.002315242,0.000000000,0.000000000,0.000000000,0.000000000,0.000000000,0.000000000,0.000000000,-0.019501091,0.000001851,0.019304917,0.000002399,-0.006722099,-0.000007323,0.004744792,0.000000000,0.000000000,0.000000000,0.000000000,0.000000000,0.000000000,0.000000000,-0.263032760,-0.035618312,0.321500049,0.019981569,0.414243903,0.345173243,0.036769905
17.301000000,0,17.301000000,sample,0.216534234,-0.000001547,0.216033533,0.216036016,0.000002483,2.483236760,0.000015520,1,1,2.000000000,0.080000000,2.000000000,0.036718917,0.018359459,0.018359459,0.034499111,0.034499111,-0.034499111,0.023298060,0.019103861,0.961033959,3,59.655211882,1,46.339377078,0.303106127,0.205540812,0.306897714,0.208508063,2.061021744,0.487882111,0.515345009,0.235618816,0.418909738,2.000000000,2.043408874,2.000000000,0.000000000,0.000000000,0.000000000,1.000000000,0.836741936,0.711053216,0.691430829,-0.334103372,0.876479129,0.743357703,0.718110694,1,0,0,0.000000000,0.049178119,-0.257478661,0.152182707,-0.124866189,-0.016000339,0.162479074,0.292635611,12.123074422,0.021527194,-130.918979405,-0.108618584,142.886311553,44.881613731,0.011095124,-0.000386864,-0.014755208,-0.000004936,0.004685811,0.000015197,0.001425761,0.680730322,-0.000072041,-0.673883347,-0.000083378,0.234641811,0.000254504,-0.165621881,0.012497840,-0.000001323,-0.012372133,-0.000001531,0.004307897,0.000004673,-0.003040728,1.361460643,-0.000144082,-1.347766694,-0.000166755,0.469283622,0.000509008,-0.331243762,-0.307368027,-0.024631224,0.316533960,0.015266683,0.402549091,0.345200689,0.036860323
17.351000000,0,17.351000000,sample,0.216534123,-0.000002226,0.216039525,0.216029831,0.000009694,9.693782677,0.000060586,1,1,2.000000000,0.080000000,2.000000000,-0.040834803,0.020417402,-0.020417402,0.041309271,0.041309271,-0.041309271,0.023970349,0.021924877,0.931243617,3,54.645924445,1,46.339139045,0.332948628,0.199122820,0.339622720,0.204986334,1.391299601,0.250651846,0.620435492,0.167254474,0.428325697,2.000000000,2.045361112,2.000000000,0.000000000,0.000000000,0.000000000,1.000000000,0.804773074,0.816930833,0.741757667,0.324072119,0.894823651,0.824823763,0.750516634,1,0,0,0.000000000,0.049286350,-0.290427628,0.155169060,-0.121200699,-0.016142753,0.157161381,0.314571998,12.123489142,0.003972191,-130.918888236,-0.108583340,142.886474507,44.881040225,0.014614965,0.001235251,-0.016207501,0.000494180,-0.001104116,0.000235141,0.001172824,-0.680728573,0.000028234,0.673880945,0.000083353,-0.234649843,-0.000254430,0.165627475,0.013898709,-0.000000576,-0.013758898,-0.000001702,0.004790940,0.000005195,-0.003381683,-1.361457147,0.000056467,1.347761889,0.000166707,-0.469299686,-0.000508859,0.331254951,-0.472242658,-0.045841091,0.143464701,0.027850230,0.426257489,0.347432976,0.036428393
17.401000000,0,17.401000000,sample,0.216534373,0.000005009,0.216037836,0.216032003,0.000005832,5.832420941,0.000036453,1,1,2.000000000,0.080000000,2.000000000,0.024623208,0.012311604,0.012311604,0.040135107,0.040135107,-0.040135107,0.025413171,0.013304235,0.925389837,3,59.237704817,1,46.339211511,0.340963581,0.199057350,0.346010578,0.203813312,1.454769766,0.195975287,0.725539383,0.177450719,0.490017425,2.000000000,2.059157182,2.000000000,0.000000000,0.000000000,0.000000000,1.000000000,0.771276417,0.760194088,0.702679352,0.297455394,0.871079709,0.816678916,0.753574738,1,0,0,0.000000000,0.050312119,-0.299331653,0.155323585,-0.122040012,-0.016162528,0.156425180,0.309665804,12.123378039,0.009632994,-130.919080123,-0.109162924,142.886541568,44.881395690,-0.008383501,-0.000757595,0.010239742,0.000352884,0.000794101,0.000321217,-0.000659556,-0.680729106,0.000042456,0.673881243,0.000083798,-0.234648202,-0.000255786,0.165626394,-0.008380867,0.000000523,0.008296559,0.000001032,-0.002888896,-0.000003149,0.002039127,-1.361458211,0.000084912,1.347762486,0.000167595,-0.469296404,-0.000511571,0.331252788,-0.391462796,-0.052057738,0.184731160,0.028821424,0.425101474,0.347388292,0.038196566
17.451000000,0,17.451000000,sample,0.216534089,-0.000005692,0.216033622,0.216035666,0.000002044,2.044061979,0.000012775,1,1,2.000000000,0.080000000,2.000000000,-0.056612389,0.028306194,-0.028306194,0.037905135,0.037905135,-0.037905135,0.025765518,0.029746891,0.951568172,1,54.288668975,1,46.339087165,0.319632215,0.204002739,0.337884984,0.204699728,0.549029817,0.274653811,0.626097161,0.212604684,0.456790035,2.000000000,2.051521872,2.000000000,0.000000000,0.000000000,0.000000000,1.000000000,0.776926459,0.706030096,0.678219109,-0.299643103,0.837512817,0.841875666,0.771318997,1,0,0,0.000000000,0.049267394,-0.274687098,0.155834768,-0.124443596,-0.016239069,0.160832837,0.295120426,12.123584870,0.020978227,-130.918850310,-0.109124063,142.886452311,44.882319312,-0.021917760,0.000948693,0.020069998,0.000629186,0.000217444,-0.000245798,-0.000529992,0.680728192,-0.000070759,-0.673880487,-0.000083769,0.234651459,0.000255698,-0.165628601,-0.019268825,0.000002003,0.019074992,0.000002371,-0.006642090,-0.000007238,0.004688315,1.361456384,-0.000141519,-1.347760973,-0.000167538,0.469302917,0.000511397,-0.331257203,-0.322973591,-0.049117672,0.251758937,0.026060498,0.409719730,0.346192828,0.038408732
17.501000000,0,17.501000000,sample,0.216534298,0.000004177,0.216033927,0.216035756,0.000001829,1.829313034,0.000011433,1,1,2.000000000,0.080000000,2.000000000,0.045906247,0.022953124,0.022953124,0.032419993,0.032419993,-0.032419993,0.022953124,0.023750507,0.966426678,1,57.274099899,1,46.339329244,0.306923847,0.204842800,0.321430690,0.206147688,1.050717042,0.215104811,0.649020808,0.149487227,0.436001999,2.000000000,2.046983614,2.000000000,0.000000000,0.000000000,0.000000000,1.000000000,0.784319401,0.742818797,0.707135141,-0.346544809,0.819604414,0.742818797,0.707135141,1,0,0,0.000000000,0.050050953,-0.260964239,0.153606042,-0.124591544,-0.016185271,0.161788618,0.293990310,12.123186064,0.020606816,-130.919032442,-0.108752213,142.886290361,44.881484637,0.017974301,-0.000756856,-0.015464858,-0.000281453,0.000957392,0.000309707,-0.000429750,0.680729970,-0.000069768,-0.673882702,-0.000083481,0.234643715,0.000254820,-0.165623253,0.015624879,-0.000001601,-0.015467713,-0.000001916,0.005385806,0.000005849,-0.003801571,1.361459941,-0.000139536,-1.347765404,-0.000166962,0.469287429,0.000509639,-0.331246507,-0.390642236,-0.043109271,0.250569871,0.024962343,0.402030384,0.345175696,0.037380097
17.551000000,0,17.551000000,sample,0.216534345,0.000000957,0.216038289,0.216031512,0.000006776,6.776351053,0.000042352,1,1,2.000000000,0.080000000,2.000000000,-0.066228508,0.033114254,-0.033114254,0.041894638,0.041894638,-0.041894638,0.028376468,0.038218617,0.866443025,1,57.891462584,1,46.339178506,0.308188842,0.202391860,0.310056862,0.206744696,2.338924147,0.447049083,0.724426172,0.132758634,0.484807535,2.000000000,2.057950852,2.000000000,0.000000000,0.000000000,0.000000000,1.000000000,0.774208035,0.799977378,0.740126086,0.357768927,0.875867020,0.809767201,0.745117222,1,0,0,0.000000000,0.051230353,-0.260407642,0.156664206,-0.122014244,-0.016488086,0.160633534,0.306924331,12.123489142,0.008196034,-130.919075557,-0.108701883,142.886318288,44.881088686,0.029079185,0.000248026,-0.023164817,-0.000383230,-0.004313356,0.000081504,0.007722362,-0.680728863,0.000038793,0.673880949,0.000083444,-0.234649217,-0.000254707,0.165627152,0.022541829,-0.000001285,-0.022315065,-0.000002763,0.007770234,0.000008434,-0.005484620,-1.361457726,0.000077586,1.347761898,0.000166888,-0.469298434,-0.000509415,0.331254304,-0.460117316,-0.052733752,0.201304244,0.034799486,0.413429555,0.345439625,0.036206288
17.601000000,0,17.601000000,sample,0.216534044,-0.000006027,0.216036065,0.216033106,0.000002959,2.959145532,0.000018495,1,1,2.000000000,0.080000000,2.000000000,0.040227473,0.020113736,0.020113736,0.041117266,0.041117266,-0.041117266,0.025541801,0.021018287,0.956963645,1,61.955925000,1,46.339407421,0.295077662,0.204586760,0.311826627,0.206429404,2.143093934,0.476924648,0.483555195,0.240626786,0.387279021,2.000000000,2.037154047,2.000000000,0.000000000,0.000000000,0.000000000,1.000000000,0.806106641,0.747268661,0.693355483,0.313683131,0.825433223,0.829019262,0.753823714,1,0,0,0.000000000,0.047584741,-0.249452635,0.150266103,-0.122864209,-0.015735996,0.162826616,0.299942512,12.122978695,0.013787415,-130.918825977,-0.109245220,142.886312384,44.882201734,-0.016543932,-0.001516538,0.012502958,0.000555755,0.000305472,-0.000043590,0.003006457,-0.680730544,0.000052835,0.673884054,0.000083858,-0.234640061,-0.000255971,0.165620571,-0.013692035,0.000001063,0.013554326,0.000001687,-0.004719488,-0.000005149,0.003331249,-1.361461089,0.000105669,1.347768109,0.000167716,-0.469280121,-0.000511941,0.331241143,-0.344500325,-0.032406945,0.255326128,0.021016451,0.419550425,0.343794778,0.034067739
17.651000000,0,17.651000000,sample,0.216534063,0.000000385,0.216032054,0.216037154,0.000005101,5.100847572,0.000031880,1,1,2.000000000,0.080000000,2.000000000,-0.056099512,0.028049756,-0.028049756,0.038114467,0.038114467,-0.038114467,0.024559637,0.029131854,0.962855168,1,61.942032078,1,46.339356878,0.300145737,0.205759198,0.306817078,0.206509033,2.593118019,0.147085943,0.487786425,0.198890963,0.375770193,2.000000000,2.035009041,2.000000000,0.000000000,0.000000000,0.000000000,1.000000000,0.845041299,0.681880432,0.679226250,-0.306604692,0.859267499,0.738506860,0.705863474,1,0,0,0.000000000,0.047925848,-0.254809990,0.151203325,-0.125225153,-0.015836680,0.162495256,0.288344981,12.123074404,0.025426426,-130.918839623,-0.109384827,142.886337324,44.881764088,-0.022927719,0.000029823,0.017606642,0.000448939,-0.003340227,0.000280017,-0.001246119,0.680730173,-0.000081900,-0.673883471,-0.000083966,0.234641892,0.000256300,-0.165621866,-0.019094315,0.000002297,0.018902267,0.000002355,-0.006581648,-0.000007189,0.004645653,1.361460347,-0.000163799,-1.347766941,-0.000167931,0.469283784,0.000512599,-0.331243731,-0.228218946,-0.031776322,0.356566655,0.016573662,0.401560269,0.344346257,0.031862475
17.701000000,0,17.701000000,sample,0.216534164,0.000002009,0.216035076,0.216034342,0.000000735,0.734764649,0.000004592,0,0,2.000000000,0.080000000,0.000000000,0.000000000,0.032106199,0.000000000,0.038534813,0.038534813,-0.038534813,0.028646138,0.033939551,0.945981815,1,69.099020703,0,0.000000000,0.327303553,0.201415469,0.327303553,0.206099161,4.565393345,0.550259711,0.864312616,0.105768981,0.623801186,0.000000000,0.623843518,2.000000000,0.000000000,0.000000000,0.000000000,1.000000000,0.781260433,0.749198999,0.709646799,0.000000000,0.854398062,0.808838788,0.742945737,1,0,0,0.000000000,0.048781569,-0.284992860,0.153385281,-0.123847798,-0.015970711,0.158034334,0.300454231,12.123281773,0.016903566,-130.918909764,-0.108702113,142.886478163,44.880533862,0.028212531,0.000514753,-0.018835101,0.000190017,0.000937693,-0.000008669,0.000069509,0.000000000,0.000000000,0.000000000,0.000000000,0.000000000,0.000000000,0.000000000,0.021855632,-0.000001943,-0.021635791,-0.000002679,0.007533597,0.000008178,-0.005317586,0.000000000,0.000000000,0.000000000,0.000000000,0.000000000,0.000000000,0.000000000,-0.382425782,-0.045889462,0.260851930,0.028590565,0.406142580,0.346649331,0.035560578
17.751000000,0,17.751000000,sample,0.216534047,-0.000002340,0.216037416,0.216031784,0.000005632,5.632291924,0.000035202,1,1,2.000000000,0.080000000,2.000000000,0.023738611,0.011869305,0.011869305,0.041694713,0.041694713,-0.041694713,0.020343973,0.012377290,0.958958309,1,56.010244004,1,46.339260813,0.323840773,0.200844268,0.337701027,0.203176061,0.637609474,0.245162485,0.625317062,0.208573325,0.438948344,2.000000000,2.047607684,2.000000000,0.000000000,0.000000000,0.000000000,1.000000000,0.640485460,0.714238587,0.701144720,0.304506745,0.845561395,0.826008699,0.757261154,1,0,0,0.000000000,0.049061270,-0.281004669,0.153304319,-0.122173071,-0.016129803,0.158593790,0.307395446,12.123286284,0.009899937,-130.918836695,-0.109034671,142.886237649,44.881452175,-0.009263163,0.000925956,0.007831979,0.000870536,0.000248967,0.000238404,0.002077783,-0.680729468,0.000043100,0.673882453,0.000083698,-0.234645207,-0.000255483,0.165624224,-0.008079786,0.000000512,0.007998517,0.000000993,-0.002785076,-0.000003032,0.001965845,-1.361458935,0.000086200,1.347764907,0.000167396,-0.469290414,-0.000510966,0.331248448,-0.310435165,-0.119097406,0.274935670,0.063913470,0.418926379,0.352745564,0.038032042
17.801000000,0,17.801000000,sample,0.216534190,0.000002869,0.216032346,0.216037131,0.000004785,4.784940168,0.000029906,1,1,2.000000000,0.080000000,2.000000000,-0.056640224,0.028320112,-0.028320112,0.041471004,0.041471004,-0.041471004,0.021205026,0.030362068,0.932746491,1,53.038086792,1,46.339276653,0.320239800,0.204318335,0.329626841,0.204337314,0.286906694,0.416229903,0.639838798,0.234446323,0.471309843,2.000000000,2.054804523,2.000000000,0.000000000,0.000000000,0.000000000,1.000000000,0.881871041,0.678102863,0.669932216,-0.302638933,0.881871041,0.838546518,0.763502308,1,0,0,0.000000000,0.049977325,-0.276277602,0.154034032,-0.125262203,-0.016263911,0.160595291,0.291154426,12.123281773,0.024931208,-130.918950680,-0.109143728,142.886230676,44.881996160,-0.022111860,-0.000228900,0.020620662,-0.000597897,0.002701459,0.000008304,0.000036045,0.680729584,-0.000080625,-0.673882350,-0.000083782,0.234645146,0.000255739,-0.165624236,-0.019278338,0.000002283,0.019084424,0.000002373,-0.006645177,-0.000007243,0.004690497,1.361459168,-0.000161249,-1.347764701,-0.000167564,0.469290293,0.000511477,-0.331248472,-0.250622731,-0.009415563,0.326307927,0.001668510,0.400142363,0.343438640,0.036947403
17.851000000,0,17.851000000,sample,0.216534185,-0.000000099,0.216035035,0.216034425,0.000000610,0.609985051,0.000003812,0,0,2.000000000,0.080000000,0.000000000,0.000000000,0.031277911,0.000000000,0.038941742,0.038941742,-0.038941742,0.026400605,0.032954584,0.949121736,3,53.038215062,0,0.000000000,0.320088127,0.202128006,0.320088127,0.205299284,1.438440966,0.322891451,0.580994199,0.154637704,0.396800298,0.000000000,0.396937494,2.000000000,0.000000000,0.000000000,0.000000000,1.000000000,0.819360974,0.701162613,0.698039541,0.000000000,0.897250910,0.746887408,0.713692005,1,0,0,0.000000000,0.048819251,-0.276619734,0.153475119,-0.123819287,-0.015971842,0.158963566,0.299355128,12.123281940,0.017102677,-130.918926159,-0.108818779,142.886492247,44.880651907,0.022551039,0.000517467,-0.023999947,0.000465158,-0.000981990,0.000010219,0.000095925,0.000000000,0.000000000,0.000000000,0.000000000,0.000000000,0.000000000,0.000000000,0.021291793,-0.000001909,-0.021077622,-0.000002613,0.007339245,0.000007975,-0.005180403,0.000000000,0.000000000,0.000000000,0.000000000,0.000000000,0.000000000,0.000000000,-0.283295069,-0.038653198,0.351601658,0.025538625,0.399613199,0.346698692,0.036638720
17.901000000,0,17.901000000,sample,0.216534033,-0.000003042,0.216038048,0.216031133,0.000006915,6.915274117,0.000043220,1,1,2.000000000,0.080000000,2.000000000,0.003342075,0.001671038,0.001671038,0.039971617,0.039971617,-0.039971617,0.023109934,0.003296863,0.506856805,1,45.644071655,1,46.339112632,0.323066904,0.200411003,0.329512548,0.204467053,1.661495414,0.160895416,0.582094840,0.186428989,0.415180522,2.000000000,2.042639498,2.000000000,0.000000000,0.000000000,0.000000000,1.000000000,0.753053281,0.757583420,0.708888154,0.325889545,0.839114817,0.809111494,0.749356183,1,0,0,0.000000000,0.048856129,-0.279164233,0.155089117,-0.121759370,-0.016143884,0.158362246,0.309129950,12.123529763,0.008058845,-130.918812376,-0.109081170,142.886440461,44.881192407,-0.002227374,0.000951042,-0.000636547,0.000663618,-0.001727934,0.000119411,0.001076121,-0.680728379,0.000038515,0.673880856,0.000083736,-0.234650401,-0.000255597,0.165627839,-0.001137523,0.000000064,0.001126080,0.000000140,-0.000392110,-0.000000427,0.000276770,-1.361456759,0.000077030,1.347761712,0.000167471,-0.469300803,-0.000511194,0.331255679,-0.384668241,-0.059008766,0.231492051,0.039106023,0.417293946,0.347113147,0.036484247
17.951000000,0,17.951000000,sample,0.216534422,0.000007771,0.216036316,0.216033634,0.000002682,2.681619376,0.000016760,1,1,2.000000000,0.080000000,2.000000000,0.044468722,0.022234361,0.022234361,0.037739994,0.037739994,-0.037739994,0.025985451,0.023460981,0.947716617,1,65.908715377,1,46.339236362,0.316169631,0.202772333,0.329061998,0.204641957,2.800799726,0.339320680,0.559742841,0.222049231,0.469560412,2.000000000,2.054395646,2.000000000,0.000000000,0.000000000,0.000000000,1.000000000,0.835904936,0.686773420,0.678836495,0.295070746,0.863243901,0.752616525,0.704897089,1,0,0,0.000000000,0.052085846,-0.269648284,0.156652811,-0.123120198,-0.016621497,0.160255301,0.301725503,12.123418090,0.014135411,-130.919142522,-0.108933291,142.886188127,44.881503330,-0.019046605,0.000716530,0.013613448,-0.001071370,-0.000630098,-0.000397363,-0.000319831,-0.680729288,0.000053652,0.673881445,0.000083621,-0.234647414,-0.000255248,0.165625936,-0.015135581,0.000001193,0.014983323,0.000001859,-0.005217235,-0.000005675,0.003682587,-1.361458576,0.000107304,1.347762889,0.000167242,-0.469294829,-0.000510497,0.331251873,-0.236936756,-0.035372021,0.333449995,0.016921680,0.413375344,0.345963084,0.037200923
18.001000000,0,18.001000000,sample,0.216534250,-0.000003444,0.216032138,0.216037437,0.000005298,5.298472263,0.000033115,1,1,2.000000000,0.080000000,2.000000000,-0.041533361,0.020766680,-0.020766680,0.036996442,0.036996442,-0.036996442,0.026616151,0.021127662,0.982914277,1,53.398023977,1,46.339297531,0.312095136,0.204794620,0.326220723,0.204794620,0.544400851,0.084775304,0.599364692,0.185984672,0.419023518,2.000000000,2.043433478,2.000000000,0.000000000,0.000000000,0.000000000,1.000000000,0.811344320,0.697217113,0.679922637,-0.312765561,0.844361191,0.826960801,0.762481303,1,0,0,0.000000000,0.048794756,-0.267671726,0.152886537,-0.125284413,-0.015905697,0.161219296,0.289434113,12.123186083,0.025711277,-130.918977755,-0.109384825,142.886519801,44.881855885,-0.015438817,0.000185857,0.014155733,0.000496930,-0.002638244,0.000198888,0.000595701,0.680729737,-0.000082611,-0.673882441,-0.000083967,0.234644696,0.000256302,-0.165623875,-0.014136497,0.000001716,0.013994301,0.000001744,-0.004872791,-0.000005323,0.003439458,1.361459475,-0.000165222,-1.347764881,-0.000167933,0.469289392,0.000512604,-0.331247749,-0.295916440,-0.037685270,0.296752152,0.026284858,0.403758119,0.346615793,0.037312380
18.001000000,0,18.001000000,stop,0.216534250,,0.216032138,0.216037437,0.000005298,5.298472263,0.000033115,1,1,2.000000000,0.080000000,2.000000000,-0.041533361,0.020766680,-0.020766680,0.020766680,0.020766680,-0.020766680,0.000000000,0.021127662,0.982914277,1,53.398023977,1,46.339297531,0.312095136,0.204794620,0.312095136,0.204794620,0.544400851,0.084775304,0.599364692,0.185984672,0.419023518,2.000000000,2.043433478,2.000000000,0.000000000,0.000000000,0.000000000,1.000000000,0.811344320,0.697217113,0.679922637,-0.312765561,0.811344320,0.697217113,0.679922637,1,0,0,0.000000000,0.048794756,-0.267671726,0.152886537,-0.125284413,-0.015905697,0.161219296,0.289434113,12.123186083,0.025711277,-130.918977755,-0.109384825,142.886519801,44.881855885,-0.015438817,0.000185857,0.014155733,0.000496930,-0.002638244,0.000198888,0.000595701,0.680729737,-0.000082611,-0.673882441,-0.000083967,0.234644696,0.000256302,-0.165623875,-0.014136497,0.000001716,0.013994301,0.000001744,-0.004872791,-0.000005323,0.003439458,1.361459475,-0.000165222,-1.347764881,-0.000167933,0.469289392,0.000512604,-0.331247749,-0.295916440,-0.037685270,0.296752152,0.026284858,0.403758119,0.346615793,0.037312380
