run_time_s,segment_id,phase_time_s,event,sigma_min,sigma_rate_per_s,sigma_plus,sigma_minus,probe_difference,probe_confidence,gradient_abs_per_rad,direction_valid,push_active,k_sigma_Nm,alpha_rad,tau_sigma_norm_Nm,sigma_power_W,nullspace_speed_rad_s,speed_toward_better_rad_s,peak_nullspace_speed_rad_s,peak_abs_speed_toward_better_rad_s,min_speed_toward_better_rad_s,max_speed_toward_better_rad_s,raw_joint_speed_rad_s,nullspace_speed_fraction,raw_velocity_dominant_joint,raw_velocity_dominant_share_pct,sigma_dominant_joint,sigma_dominant_share_pct,position_error_mm,rotation_error_deg,peak_position_error_mm,peak_rotation_error_deg,cartesian_speed_mm_s,angular_speed_deg_s,command_force_norm_N,command_moment_norm_Nm,tau_task_norm_Nm,tau_nullspace_norm_Nm,tau_cmd_norm_Nm,nullspace_damping_Nms_rad,disturbance_scale,disturbance_force_norm_N,disturbance_tau_norm_Nm,disturbance_torque_scale,external_force_delta_norm_N,external_moment_delta_norm_Nm,external_joint_torque_delta_norm_Nm,external_joint_torque_along_nbest_Nm,peak_external_force_delta_norm_N,peak_external_moment_delta_norm_Nm,peak_external_joint_torque_delta_norm_Nm,external_joint_torque_baseline_valid,joint_contact,cartesian_contact,Jn_norm,e_p_x_mm,e_p_y_mm,e_p_z_mm,e_R_x_deg,e_R_y_deg,e_R_z_deg,q1_deg,q2_deg,q3_deg,q4_deg,q5_deg,q6_deg,q7_deg,dq1_rad_s,dq2_rad_s,dq3_rad_s,dq4_rad_s,dq5_rad_s,dq6_rad_s,dq7_rad_s,n_best_1,n_best_2,n_best_3,n_best_4,n_best_5,n_best_6,n_best_7,dqN_1_rad_s,dqN_2_rad_s,dqN_3_rad_s,dqN_4_rad_s,dqN_5_rad_s,dqN_6_rad_s,dqN_7_rad_s,tau_sigma_1_Nm,tau_sigma_2_Nm,tau_sigma_3_Nm,tau_sigma_4_Nm,tau_sigma_5_Nm,tau_sigma_6_Nm,tau_sigma_7_Nm,tau_ext_delta_1_Nm,tau_ext_delta_2_Nm,tau_ext_delta_3_Nm,tau_ext_delta_4_Nm,tau_ext_delta_5_Nm,tau_ext_delta_6_Nm,tau_ext_delta_7_Nm
0.000000000,0,0.000000000,hold_start,0.000000000,,0.000000000,0.000000000,0.000000000,0.000000000,0.000000000,0,0,0.000000000,0.000000000,0.000000000,0.000000000,0.000000000,0.000000000,0.000000000,0.000000000,0.000000000,0.000000000,0.000000000,0.000000000,0,0.000000000,0,0.000000000,0.000000000,0.000000000,0.000000000,0.000000000,0.000000000,0.000000000,0.000000000,0.000000000,0.000000000,0.000000000,0.000000000,0.000000000,0.000000000,0.000000000,0.000000000,1.000000000,0.000000000,0.000000000,0.000000000,0.000000000,0.000000000,0.000000000,0.000000000,0,0,0,0.000000000,0.000000000,0.000000000,0.000000000,0.000000000,0.000000000,0.000000000,0.860970593,12.103140816,-0.541843184,-130.912170462,-0.126531977,142.885144685,44.735240218,0.000000000,0.000000000,0.000000000,0.000000000,0.000000000,0.000000000,0.000000000,0.000000000,0.000000000,0.000000000,0.000000000,0.000000000,0.000000000,0.000000000,0.000000000,0.000000000,0.000000000,0.000000000,0.000000000,0.000000000,0.000000000,0.000000000,0.000000000,0.000000000,0.000000000,0.000000000,0.000000000,0.000000000,0.000000000,0.000000000,0.000000000,0.000000000,0.000000000,0.000000000,0.000000000
0.000000000,0,0.000000000,sample,0.216506809,,0.000000000,0.000000000,0.000000000,0.000000000,0.000000000,0,0,2.000000000,0.080000000,0.000000000,0.000000000,0.000245554,0.000000000,0.000245554,0.000000000,0.000000000,0.000000000,0.002347319,0.104610525,2,79.945007710,0,0.000000000,0.102393008,0.010132633,0.102393008,0.010132633,1.203266089,0.149737427,0.188472661,0.016568382,0.148543550,0.000000000,0.148542922,2.000000000,0.000000000,0.000000000,0.000000000,1.000000000,0.458185062,0.277439593,0.000000000,0.000000000,0.458185062,0.277439593,0.000000000,1,0,0,0.000000000,0.001372428,0.102335623,-0.003140823,0.001085004,-0.000288170,0.010070252,0.851191782,12.102610678,-0.542895186,-130.912274628,-0.127970608,142.884423270,44.735649696,0.000367557,0.002098784,0.000561473,0.000082466,-0.000727984,0.000158521,-0.000304581,0.000000000,0.000000000,0.000000000,0.000000000,0.000000000,0.000000000,0.000000000,-0.000167173,-0.000000327,0.000165504,0.000000024,-0.000057528,-0.000000074,0.000040605,0.000000000,0.000000000,0.000000000,0.000000000,0.000000000,0.000000000,0.000000000,0.000000000,0.000000000,0.000000000,0.000000000,0.000000000,0.000000000,0.000000000
0.050000000,0,0.050000000,sample,0.216509150,0.000046810,0.000000000,0.000000000,0.000000000,0.000000000,0.000000000,0,0,2.000000000,0.080000000,0.000000000,0.000000000,0.003823562,0.000000000,0.006121269,0.000000000,0.000000000,0.000000000,0.010083109,0.379204685,5,89.411897324,0,0.000000000,0.149184108,0.021076720,0.149184108,0.021076720,2.234673996,0.575779004,0.382984974,0.097244935,0.404994824,0.000000000,0.404992586,2.000000000,0.000000000,0.000000000,0.000000000,1.000000000,0.600189154,0.189350708,0.303222734,0.000000000,0.605023491,0.273107805,0.325229795,1,0,0,0.000000000,0.054546822,0.032999933,0.134876042,-0.005102783,-0.014836866,0.014073278,0.857444480,12.116410451,-0.542734334,-130.913989970,-0.117383413,142.885401819,44.737604946,0.001931602,0.001544383,-0.000669425,-0.001580337,0.009534373,-0.000716182,0.001090922,0.000000000,0.000000000,0.000000000,0.000000000,0.000000000,0.000000000,0.000000000,0.002602883,0.000005100,-0.002576791,-0.000000344,0.000896730,0.000001051,-0.000632948,0.000000000,0.000000000,0.000000000,0.000000000,0.000000000,0.000000000,0.000000000,0.080060558,-0.133841116,-0.032733750,0.038230262,0.158409184,0.199855002,0.007235098
0.100000000,0,0.100000000,sample,0.216509152,0.000000040,0.000000000,0.000000000,0.000000000,0.000000000,0.000000000,0,0,2.000000000,0.080000000,0.000000000,0.000000000,0.000633874,0.000000000,0.004329608,0.000000000,0.000000000,0.000000000,0.001317381,0.481162004,1,68.117230792,0,0.000000000,0.199499157,0.028477771,0.200772553,0.028625476,0.813113677,0.069577638,0.407336590,0.025374327,0.354766962,0.000000000,0.354766286,2.000000000,0.000000000,0.000000000,0.000000000,1.000000000,0.958057899,0.422934539,0.547887868,0.000000000,1.003765878,0.427208865,0.547887868,1,0,0,0.000000000,0.070424343,0.024631789,0.185023243,-0.008188349,-0.020109232,0.018426968,0.857999838,12.121880978,-0.542921989,-130.913936394,-0.112050941,142.885553672,44.738070806,0.001087276,0.000418337,0.000320428,0.000086488,0.000467271,-0.000223190,0.000002758,0.000000000,0.000000000,0.000000000,0.000000000,0.000000000,0.000000000,0.000000000,0.000431495,0.000000847,-0.000427164,-0.000000055,0.000148723,0.000000166,-0.000104975,0.000000000,0.000000000,0.000000000,0.000000000,0.000000000,0.000000000,0.000000000,0.226264760,-0.069908141,-0.007891247,0.073811434,0.376115264,0.311456685,0.010948427
0.150000000,0,0.150000000,sample,0.216508833,-0.000006377,0.000000000,0.000000000,0.000000000,0.000000000,0.000000000,0,0,2.000000000,0.080000000,0.000000000,0.000000000,0.000060602,0.000000000,0.002174077,0.000000000,0.000000000,0.000000000,0.002067663,0.029309218,7,53.900482097,0,0.000000000,0.187602571,0.027161319,0.199333800,0.028388866,1.044838450,0.119267636,0.329211414,0.008886105,0.259967362,0.000000000,0.259967981,2.000000000,0.000000000,0.000000000,0.000000000,1.000000000,1.023876116,0.516989374,0.612375623,0.000000000,1.028680479,0.530066757,0.612375623,1,0,0,0.000000000,0.064753889,0.016406310,0.175306849,-0.008318312,-0.018764337,0.017788832,0.858906890,12.121077684,-0.542968547,-130.913658301,-0.111844325,142.885817408,44.738130617,-0.000464516,-0.000945819,-0.000108615,0.000868853,-0.000288147,-0.000103829,-0.001518015,0.000000000,0.000000000,0.000000000,0.000000000,0.000000000,0.000000000,0.000000000,-0.000041253,-0.000000081,0.000040839,0.000000005,-0.000014218,-0.000000016,0.000010036,0.000000000,0.000000000,0.000000000,0.000000000,0.000000000,0.000000000,0.000000000,0.224685154,-0.071093313,-0.015300026,0.104461183,0.435380898,0.344407932,0.012109788
0.200000000,0,0.200000000,sample,0.216509040,0.000004146,0.000000000,0.000000000,0.000000000,0.000000000,0.000000000,0,0,2.000000000,0.080000000,0.000000000,0.000000000,0.001332105,0.000000000,0.001659566,0.000000000,0.000000000,0.000000000,0.001511964,0.881043239,3,57.041763154,0,0.000000000,0.197409950,0.028807759,0.199460334,0.028938955,0.418281810,0.041824075,0.379683669,0.020707624,0.317718967,0.000000000,0.317719286,2.000000000,0.000000000,0.000000000,0.000000000,1.000000000,1.107463352,0.525916843,0.639973982,0.000000000,1.166181384,0.547362963,0.639973982,1,0,0,0.000000000,0.068956522,0.023414168,0.183486956,-0.008417297,-0.019804803,0.019152177,0.858366346,12.121803311,-0.543196258,-130.913846008,-0.111577227,142.885688643,44.738516549,-0.000580140,-0.000355499,0.001141926,0.000059167,-0.000299455,0.000288011,0.000585640,0.000000000,0.000000000,0.000000000,0.000000000,0.000000000,0.000000000,0.000000000,-0.000906801,-0.000001780,0.000897698,0.000000114,-0.000312544,-0.000000348,0.000220606,0.000000000,0.000000000,0.000000000,0.000000000,0.000000000,0.000000000,0.000000000,0.264701514,-0.043075629,-0.005178876,0.111225569,0.448700691,0.351765481,0.013231968
0.251000000,0,0.251000000,sample,0.216508635,-0.000007952,0.000000000,0.000000000,0.000000000,0.000000000,0.000000000,0,0,2.000000000,0.080000000,0.000000000,0.000000000,0.000229957,0.000000000,0.001518555,0.000000000,0.000000000,0.000000000,0.001065110,0.215900106,2,36.621190073,0,0.000000000,0.191354702,0.028101819,0.198426428,0.028798535,0.366931019,0.076861094,0.392754481,0.033977362,0.343813357,0.000000000,0.343812841,2.000000000,0.000000000,0.000000000,0.000000000,1.000000000,1.068371957,0.542770666,0.628555596,0.000000000,1.141062450,0.542770666,0.641901858,1,0,0,0.000000000,0.065753261,0.015736461,0.179012554,-0.008607865,-0.019276377,0.018548267,0.859281565,12.121546138,-0.543318348,-130.913522985,-0.111226895,142.885637528,44.738429123,-0.000112676,0.000644556,-0.000467576,0.000392139,0.000301377,-0.000100048,0.000482777,0.000000000,0.000000000,0.000000000,0.000000000,0.000000000,0.000000000,0.000000000,0.000156539,0.000000307,-0.000154967,-0.000000020,0.000053952,0.000000060,-0.000038082,0.000000000,0.000000000,0.000000000,0.000000000,0.000000000,0.000000000,0.000000000,0.231430796,-0.058863296,-0.004232121,0.093943908,0.453720490,0.350974890,0.012961921
0.300000000,0,0.300000000,sample,0.216508817,0.000003722,0.000000000,0.000000000,0.000000000,0.000000000,0.000000000,0,0,2.000000000,0.080000000,0.000000000,0.000000000,0.000892297,0.000000000,0.002464476,0.000000000,0.000000000,0.000000000,0.001899569,0.469736571,3,54.592548296,0,0.000000000,0.191627327,0.027749016,0.193777796,0.028153866,0.896442377,0.079769030,0.403215104,0.022000798,0.342131629,0.000000000,0.342130926,2.000000000,0.000000000,0.000000000,0.000000000,1.000000000,1.116046608,0.566979796,0.631646500,0.000000000,1.154864665,0.574702614,0.632119122,1,0,0,0.000000000,0.066011325,0.013009686,0.179427661,-0.008669826,-0.019197188,0.018064052,0.859273276,12.121535421,-0.543029592,-130.913641844,-0.111226886,142.885826487,44.738219299,-0.000023788,0.001027724,0.001403530,0.000107281,0.000202041,0.000716669,-0.000125455,0.000000000,0.000000000,0.000000000,0.000000000,0.000000000,0.000000000,0.000000000,-0.000607412,-0.000001192,0.000601315,0.000000076,-0.000209351,-0.000000233,0.000147768,0.000000000,0.000000000,0.000000000,0.000000000,0.000000000,0.000000000,0.000000000,0.225241269,-0.041347727,-0.008641794,0.109413567,0.455716815,0.355936030,0.010943240
0.350000000,0,0.350000000,sample,0.216508914,0.000001930,0.000000000,0.000000000,0.000000000,0.000000000,0.000000000,0,0,2.000000000,0.080000000,0.000000000,0.000000000,0.000418236,0.000000000,0.001371184,0.000000000,0.000000000,0.000000000,0.001377996,0.303510269,3,47.491605705,0,0.000000000,0.191914630,0.027780510,0.197379295,0.028621373,0.963839284,0.100620049,0.410999707,0.026977490,0.364341065,0.000000000,0.364341260,2.000000000,0.000000000,0.000000000,0.000000000,1.000000000,1.077194815,0.538645016,0.639798832,0.000000000,1.133757357,0.573935543,0.639798832,1,0,0,0.000000000,0.066362796,0.013333758,0.179581222,-0.008636145,-0.019196996,0.018128682,0.859217342,12.121505346,-0.543002684,-130.913716352,-0.111292512,142.885870792,44.738306726,0.000433462,0.000194227,0.000949634,-0.000839230,-0.000214385,-0.000035556,0.000141143,0.000000000,0.000000000,0.000000000,0.000000000,0.000000000,0.000000000,0.000000000,-0.000284705,-0.000000559,0.000281847,0.000000036,-0.000098126,-0.000000109,0.000069262,0.000000000,0.000000000,0.000000000,0.000000000,0.000000000,0.000000000,0.000000000,0.248133344,-0.058977048,-0.008704464,0.103051812,0.455325242,0.355199063,0.010545252
0.400000000,0,0.400000000,sample,0.216508650,-0.000005279,0.000000000,0.000000000,0.000000000,0.000000000,0.000000000,0,0,2.000000000,0.080000000,0.000000000,0.000000000,0.000180508,0.000000000,0.004607354,0.000000000,0.000000000,0.000000000,0.001082114,0.166810714,7,79.362479924,0,0.000000000,0.189285151,0.027793128,0.196069105,0.028652990,0.256906117,0.036451766,0.385630910,0.022825533,0.332442498,0.000000000,0.332442439,2.000000000,0.000000000,0.000000000,0.000000000,1.000000000,1.123597052,0.609091351,0.620667024,0.000000000,1.147185872,0.612048328,0.642559870,1,0,0,0.000000000,0.065178153,0.012904692,0.177240361,-0.008766211,-0.019085953,0.018202689,0.859368997,12.121354552,-0.543130760,-130.913523150,-0.111034785,142.885638277,44.738200925,-0.000448978,0.000184920,0.000030868,-0.000036980,-0.000059517,-0.000004441,-0.000964008,0.000000000,0.000000000,0.000000000,0.000000000,0.000000000,0.000000000,0.000000000,-0.000122877,-0.000000241,0.000121644,0.000000015,-0.000042350,-0.000000047,0.000029892,0.000000000,0.000000000,0.000000000,0.000000000,0.000000000,0.000000000,0.000000000,0.160770740,-0.039496010,-0.079492492,0.106552783,0.460444521,0.357789012,0.011211764
0.450000000,0,0.450000000,sample,0.216508907,0.000005138,0.000000000,0.000000000,0.000000000,0.000000000,0.000000000,0,0,2.000000000,0.080000000,0.000000000,0.000000000,0.000684793,0.000000000,0.001398214,0.000000000,0.000000000,0.000000000,0.001453814,0.471031748,7,42.102724586,0,0.000000000,0.194228851,0.028193445,0.195888418,0.028672805,0.283365654,0.079622579,0.397714856,0.023484805,0.348743371,0.000000000,0.348743483,2.000000000,0.000000000,0.000000000,0.000000000,1.000000000,1.075849867,0.565740192,0.632941310,0.000000000,1.148664520,0.604235074,0.635663821,1,0,0,0.000000000,0.067903038,0.013412549,0.181477622,-0.008768412,-0.019627889,0.018240924,0.859177573,12.121657798,-0.542993995,-130.913727563,-0.111068793,142.885604299,44.738208069,-0.000558111,-0.000256511,0.000531381,-0.000525563,-0.000437374,-0.000310706,-0.000943331,0.000000000,0.000000000,0.000000000,0.000000000,0.000000000,0.000000000,0.000000000,-0.000466158,-0.000000915,0.000461479,0.000000058,-0.000160667,-0.000000178,0.000113405,0.000000000,0.000000000,0.000000000,0.000000000,0.000000000,0.000000000,0.000000000,0.217675341,-0.060036947,-0.023231552,0.102516504,0.459463569,0.356913575,0.009181655
0.500000000,0,0.500000000,sample,0.216508653,-0.000005081,0.000000000,0.000000000,0.000000000,0.000000000,0.000000000,0,0,2.000000000,0.080000000,0.000000000,0.000000000,0.000217557,0.000000000,0.001367275,0.000000000,0.000000000,0.000000000,0.006716367,0.032392055,2,98.305757630,0,0.000000000,0.185920192,0.028052172,0.195337482,0.028640775,3.827038247,0.373664838,0.181644310,0.042730889,0.105045765,0.000000000,0.105029598,2.000000000,0.000000000,0.000000000,0.000000000,1.000000000,1.152268675,0.556985746,0.641658690,0.000000000,1.152268675,0.565995826,0.643010923,1,0,0,0.000000000,0.063789654,0.014472685,0.174033730,-0.008834988,-0.018655153,0.018996122,0.859299633,12.121025477,-0.543242758,-130.913522987,-0.110888924,142.885738171,44.738699323,-0.000265181,-0.006659228,0.000206657,0.000346345,0.000510146,-0.000518134,0.000050698,0.000000000,0.000000000,0.000000000,0.000000000,0.000000000,0.000000000,0.000000000,-0.000148098,-0.000000291,0.000146611,0.000000019,-0.000051041,-0.000000057,0.000036027,0.000000000,0.000000000,0.000000000,0.000000000,0.000000000,0.000000000,0.000000000,0.250718763,-0.027021792,-0.017455267,0.103304782,0.457794286,0.357028418,0.010692740
0.550000000,0,0.550000000,sample,0.216508542,-0.000002213,0.000000000,0.000000000,0.000000000,0.000000000,0.000000000,0,0,2.000000000,0.080000000,0.000000000,0.000000000,0.000638246,0.000000000,0.002019483,0.000000000,0.000000000,0.000000000,0.001350469,0.472610773,7,63.450481801,0,0.000000000,0.188282706,0.028001049,0.194944054,0.028485331,0.481078149,0.063570705,0.353403072,0.026453541,0.295369091,0.000000000,0.295369252,2.000000000,0.000000000,0.000000000,0.000000000,1.000000000,1.084035876,0.562701453,0.632026805,0.000000000,1.334054527,0.609211173,0.641681713,1,0,0,0.000000000,0.063443322,0.011257856,0.176914055,-0.008911514,-0.018762088,0.018778383,0.859547495,12.121450429,-0.543158458,-130.913411795,-0.110783850,142.885945351,44.738728791,-0.000218048,-0.000537804,0.000439439,0.000340813,-0.000062880,-0.000128784,0.001075727,0.000000000,0.000000000,0.000000000,0.000000000,0.000000000,0.000000000,0.000000000,-0.000434472,-0.000000853,0.000430112,0.000000054,-0.000149745,-0.000000166,0.000105696,0.000000000,0.000000000,0.000000000,0.000000000,0.000000000,0.000000000,0.000000000,0.223603004,-0.052143606,-0.026349399,0.101886904,0.459409653,0.352845246,0.010411253
0.600000000,0,0.600000000,sample,0.216508421,-0.000002411,0.000000000,0.000000000,0.000000000,0.000000000,0.000000000,0,0,2.000000000,0.080000000,0.000000000,0.000000000,0.000309038,0.000000000,0.001213092,0.000000000,0.000000000,0.000000000,0.001865694,0.165642407,4,79.059564510,0,0.000000000,0.185554147,0.027575581,0.194378340,0.028611961,1.304432602,0.136907163,0.313269285,0.020664105,0.236434367,0.000000000,0.236436883,2.000000000,0.000000000,0.000000000,0.000000000,1.000000000,1.097415282,0.568774040,0.631853495,0.000000000,1.120106133,0.570118723,0.633804805,1,0,0,0.000000000,0.062052914,0.013299505,0.174364275,-0.008788719,-0.018470646,0.018493413,0.859332635,12.121243060,-0.543142942,-130.913315814,-0.111000755,142.885934107,44.738417588,0.000407144,-0.000499091,-0.000103485,0.001658890,0.000179050,0.000207529,0.000477707,0.000000000,0.000000000,0.000000000,0.000000000,0.000000000,0.000000000,0.000000000,0.000210371,0.000000413,-0.000208260,-0.000000026,0.000072505,0.000000080,-0.000051177,0.000000000,0.000000000,0.000000000,0.000000000,0.000000000,0.000000000,0.000000000,0.227912918,-0.042788418,-0.029314856,0.101756579,0.460396302,0.349585856,0.008654716
0.650000000,0,0.650000000,sample,0.216509046,0.000012499,0.000000000,0.000000000,0.000000000,0.000000000,0.000000000,0,0,2.000000000,0.080000000,0.000000000,-0.000000000,0.000118145,0.000000000,0.001599748,0.000000000,0.000000000,0.000000000,0.002306982,0.051211917,2,36.106510018,0,0.000000000,0.191509756,0.028085001,0.195655700,0.028604977,0.558114602,0.041727525,0.384212293,0.023448107,0.337930242,0.000000000,0.337928374,2.000000000,0.000000000,0.000000000,0.000000000,1.000000000,1.119743382,0.566111321,0.636879221,0.000000000,1.143112563,0.570253291,0.638705476,1,0,0,0.000000000,0.066888290,0.012864386,0.178987292,-0.008911546,-0.019174205,0.018485170,0.859442107,12.121356224,-0.543223219,-130.913832060,-0.110760374,142.885860681,44.738246972,-0.000454028,-0.001386235,-0.000019154,-0.001352164,-0.000020884,-0.000347370,-0.001115599,0.000000000,0.000000000,0.000000000,0.000000000,0.000000000,0.000000000,0.000000000,-0.000080425,-0.000000158,0.000079617,0.000000010,-0.000027719,-0.000000031,0.000019565,0.000000000,0.000000000,0.000000000,0.000000000,0.000000000,0.000000000,0.000000000,0.239343746,-0.034465682,-0.025324741,0.102344442,0.461452460,0.350703257,0.009744524
0.700000000,0,0.700000000,sample,0.216508651,-0.000007900,0.000000000,0.000000000,0.000000000,0.000000000,0.000000000,0,0,2.000000000,0.080000000,0.000000000,0.000000000,0.000054741,0.000000000,0.001906564,0.000000000,0.000000000,0.000000000,0.000881769,0.062081278,2,49.051265274,0,0.000000000,0.189177883,0.028159768,0.195719378,0.028622472,0.543140938,0.051496974,0.366872819,0.026138131,0.312975917,0.000000000,0.312975555,2.000000000,0.000000000,0.000000000,0.000000000,1.000000000,1.080764757,0.575452991,0.630677305,0.000000000,1.128852250,0.586404356,0.639080340,1,0,0,0.000000000,0.064915717,0.014012604,0.177137992,-0.008776706,-0.019012701,0.018827085,0.859360648,12.121354720,-0.543242969,-130.913524597,-0.110977239,142.885711393,44.738661531,-0.000428856,-0.000617561,-0.000408747,-0.000139061,-0.000154911,0.000041993,0.000006719,0.000000000,0.000000000,0.000000000,0.000000000,0.000000000,0.000000000,0.000000000,-0.000037264,-0.000000073,0.000036890,0.000000005,-0.000012843,-0.000000014,0.000009065,0.000000000,0.000000000,0.000000000,0.000000000,0.000000000,0.000000000,0.000000000,0.211941667,-0.051653617,-0.046691436,0.099808245,0.463161576,0.351321235,0.008914339
0.750000000,0,0.750000000,sample,0.216508838,0.000003724,0.000000000,0.000000000,0.000000000,0.000000000,0.000000000,0,0,2.000000000,0.080000000,0.000000000,0.000000000,0.000405087,0.000000000,0.005062077,0.000000000,0.000000000,0.000000000,0.000633436,0.639507143,7,33.500541905,0,0.000000000,0.191853141,0.028211365,0.192856056,0.028708188,0.248321389,0.022637133,0.395362566,0.025996668,0.342731001,0.000000000,0.342730999,2.000000000,0.000000000,0.000000000,0.000000000,1.000000000,1.113081610,0.567404233,0.637253951,0.000000000,1.138613180,0.572161172,0.667845890,1,0,0,0.000000000,0.065783465,0.015009255,0.179596452,-0.008872196,-0.019115750,0.018755088,0.859360654,12.121559671,-0.543365324,-130.913663013,-0.110773677,142.885952828,44.738307758,0.000149599,0.000343547,-0.000335271,-0.000080154,0.000068695,0.000053561,-0.000366631,0.000000000,0.000000000,0.000000000,0.000000000,0.000000000,0.000000000,0.000000000,0.000275754,0.000000542,-0.000272986,-0.000000034,0.000095042,0.000000105,-0.000067084,0.000000000,0.000000000,0.000000000,0.000000000,0.000000000,0.000000000,0.000000000,0.234628824,-0.038872477,-0.033751845,0.103595694,0.461845567,0.352532090,0.008909929
0.800000000,0,0.800000000,sample,0.216508817,-0.000000408,0.000000000,0.000000000,0.000000000,0.000000000,0.000000000,0,0,2.000000000,0.080000000,0.000000000,0.000000000,0.000509606,0.000000000,0.001184074,0.000000000,0.000000000,0.000000000,0.002571073,0.198207560,7,83.017954826,0,0.000000000,0.191539517,0.028086503,0.195954799,0.028680994,0.672806707,0.086779888,0.401836529,0.023893725,0.349628340,0.000000000,0.349627694,2.000000000,0.000000000,0.000000000,0.000000000,1.000000000,1.091607517,0.552116449,0.634838524,0.000000000,1.125330948,0.570167214,0.640836697,1,0,0,0.000000000,0.065760943,0.012987277,0.179427466,-0.008908208,-0.019129415,0.018535399,0.859457870,12.121548143,-0.543252055,-130.913643312,-0.110753332,142.885908440,44.738279674,-0.000436199,0.000669159,-0.000641085,0.000169839,-0.000060777,-0.000202513,-0.002342612,0.000000000,0.000000000,0.000000000,0.000000000,0.000000000,0.000000000,0.000000000,0.000346903,0.000000681,-0.000343421,-0.000000043,0.000119564,0.000000132,-0.000084393,0.000000000,0.000000000,0.000000000,0.000000000,0.000000000,0.000000000,0.000000000,0.235934905,-0.047391889,-0.029014269,0.089323517,0.461762492,0.350591803,0.012204572
0.850000000,0,0.850000000,sample,0.216508840,0.000000463,0.000000000,0.000000000,0.000000000,0.000000000,0.000000000,0,0,2.000000000,0.080000000,0.000000000,0.000000000,0.000721568,0.000000000,0.001479402,0.000000000,0.000000000,0.000000000,0.001336842,0.539755456,1,73.794622409,0,0.000000000,0.190600703,0.028075896,0.192782728,0.028441764,0.799136471,0.088681760,0.403902088,0.024412376,0.352007326,0.000000000,0.352006913,2.000000000,0.000000000,0.000000000,0.000000000,1.000000000,1.130207799,0.567041397,0.634929955,0.000000000,1.130207799,0.567041397,0.638384040,1,0,0,0.000000000,0.065647547,0.010251815,0.178644697,-0.008904944,-0.019059684,0.018592643,0.859652365,12.121450447,-0.543152255,-130.913658194,-0.110794131,142.885894391,44.738661520,0.001148398,0.000595192,0.000083140,-0.000282650,-0.000070559,0.000132019,-0.000069738,0.000000000,0.000000000,0.000000000,0.000000000,0.000000000,0.000000000,0.000000000,0.000491192,0.000000964,-0.000486262,-0.000000061,0.000169294,0.000000187,-0.000119494,0.000000000,0.000000000,0.000000000,0.000000000,0.000000000,0.000000000,0.000000000,0.230705810,-0.031571155,-0.033158008,0.096954820,0.462355709,0.352826897,0.012442991
0.900000000,0,0.900000000,sample,0.216508928,0.000001747,0.000000000,0.000000000,0.000000000,0.000000000,0.000000000,0,0,2.000000000,0.080000000,0.000000000,0.000000000,0.000277816,0.000000000,0.001307364,0.000000000,0.000000000,0.000000000,0.001486991,0.186830819,7,61.166710592,0,0.000000000,0.195010575,0.028740187,0.196069282,0.028748741,0.522755936,0.059427517,0.411293278,0.033096276,0.358960855,0.000000000,0.358960864,2.000000000,0.000000000,0.000000000,0.000000000,1.000000000,1.094878128,0.548120300,0.641313247,0.000000000,1.137318056,0.568424073,0.641313247,1,0,0,0.000000000,0.067633059,0.013817078,0.182384161,-0.008896090,-0.019555571,0.019090248,0.859401351,12.121779659,-0.543281506,-130.913741938,-0.110753332,142.885810767,44.738748680,0.000134376,0.000576674,0.000352923,-0.000353861,0.000256685,0.000438622,0.001162963,0.000000000,0.000000000,0.000000000,0.000000000,0.000000000,0.000000000,0.000000000,-0.000189117,-0.000000371,0.000187218,0.000000024,-0.000065182,-0.000000072,0.000046008,0.000000000,0.000000000,0.000000000,0.000000000,0.000000000,0.000000000,0.000000000,0.244577782,-0.048966343,-0.027509072,0.092966773,0.463270335,0.353402045,0.012438146
0.950000000,0,0.950000000,sample,0.216508674,-0.000005073,0.000000000,0.000000000,0.000000000,0.000000000,0.000000000,0,0,2.000000000,0.080000000,0.000000000,0.000000000,0.000769646,0.000000000,0.001787530,0.000000000,0.000000000,0.000000000,0.000995509,0.773117879,7,29.017382845,0,0.000000000,0.188514173,0.028155829,0.193368532,0.028485114,0.199717224,0.028391699,0.368545916,0.021923505,0.312067490,0.000000000,0.312067443,2.000000000,0.000000000,0.000000000,0.000000000,1.000000000,1.125633707,0.563575291,0.639683717,0.000000000,1.126881838,0.563575291,0.646023131,1,0,0,0.000000000,0.064062979,0.012052254,0.176884910,-0.009015604,-0.018782793,0.018938750,0.859565638,12.121368421,-0.543279105,-130.913523129,-0.110570229,142.885954351,44.738618483,0.000511119,-0.000340687,-0.000334461,-0.000047563,0.000460195,-0.000015783,-0.000536258,0.000000000,0.000000000,0.000000000,0.000000000,0.000000000,0.000000000,0.000000000,0.000523920,0.000001029,-0.000518662,-0.000000065,0.000180573,0.000000199,-0.000127455,0.000000000,0.000000000,0.000000000,0.000000000,0.000000000,0.000000000,0.000000000,0.241304760,-0.033953542,-0.028939336,0.094714935,0.464105947,0.352845507,0.010570791
1.000000000,0,1.000000000,sample,0.216508875,0.000004028,0.000000000,0.000000000,0.000000000,0.000000000,0.000000000,0,0,2.000000000,0.080000000,0.000000000,0.000000000,0.000893622,0.000000000,0.001354027,0.000000000,0.000000000,0.000000000,0.002729870,0.327349525,3,51.654299096,0,0.000000000,0.193004508,0.028671040,0.194834510,0.028671040,1.399637706,0.219718157,0.424497861,0.053403154,0.401586389,0.000000000,0.401587592,2.000000000,0.000000000,0.000000000,0.000000000,1.000000000,1.107964648,0.564347980,0.638278157,0.000000000,1.131739245,0.571005588,0.641068561,1,0,0,0.000000000,0.066745403,0.016013860,0.180386661,-0.008814060,-0.019318738,0.019264662,0.859470605,12.121587408,-0.543570802,-130.913714439,-0.110794130,142.885826879,44.738742212,-0.000197713,-0.000002634,-0.001961983,-0.000937264,-0.000195539,-0.000636002,0.001497504,0.000000000,0.000000000,0.000000000,0.000000000,0.000000000,0.000000000,0.000000000,0.000608314,0.000001195,-0.000602208,-0.000000076,0.000209663,0.000000232,-0.000147988,0.000000000,0.000000000,0.000000000,0.000000000,0.000000000,0.000000000,0.000000000,0.235122123,-0.042102514,-0.029459860,0.093895937,0.464584633,0.353153004,0.010184093
1.051000000,0,1.051000000,sample,0.216508679,-0.000003848,0.000000000,0.000000000,0.000000000,0.000000000,0.000000000,0,0,2.000000000,0.080000000,0.000000000,0.000000000,0.000510557,0.000000000,0.002032763,0.000000000,0.000000000,0.000000000,0.001214431,0.420408752,1,58.733671940,0,0.000000000,0.189664109,0.028041681,0.195372556,0.028718092,0.565659394,0.066195874,0.381957495,0.019610295,0.322965940,0.000000000,0.322965312,2.000000000,0.000000000,0.000000000,0.000000000,1.000000000,1.112690728,0.558467645,0.641240683,0.000000000,1.117093654,0.563241864,0.644940973,1,0,0,0.000000000,0.064442380,0.011220009,0.178027429,-0.008904985,-0.018904994,0.018698619,0.859556612,12.121491699,-0.543161594,-130.913522967,-0.110791870,142.885955074,44.738661280,0.000930714,0.000567907,0.000100208,0.000479374,-0.000206980,0.000035813,0.000046150,0.000000000,0.000000000,0.000000000,0.000000000,0.000000000,0.000000000,0.000000000,0.000347551,0.000000682,-0.000344063,-0.000000043,0.000119787,0.000000133,-0.000084550,0.000000000,0.000000000,0.000000000,0.000000000,0.000000000,0.000000000,0.000000000,0.240699156,-0.040441511,-0.029241943,0.097038084,0.465054922,0.353414970,0.012973503
1.101000000,0,1.101000000,sample,0.216508554,-0.000002500,0.000000000,0.000000000,0.000000000,0.000000000,0.000000000,0,0,2.000000000,0.080000000,0.000000000,0.000000000,0.000176205,0.000000000,0.001344785,0.000000000,0.000000000,0.000000000,0.000910400,0.193546980,4,34.306014104,0,0.000000000,0.190658603,0.028299025,0.194262916,0.028484686,0.395711850,0.010675321,0.371112051,0.023787532,0.315795690,0.000000000,0.315795769,2.000000000,0.000000000,0.000000000,0.000000000,1.000000000,1.124265370,0.560884075,0.641971351,0.000000000,1.134753969,0.568718097,0.644632470,1,0,0,0.000000000,0.065462409,0.012247486,0.178648747,-0.008898374,-0.019281140,0.018705384,0.859458113,12.121546141,-0.543172023,-130.913450794,-0.110794121,142.885561459,44.738560019,0.000217816,0.000048094,0.000384243,0.000533233,0.000034368,-0.000385762,0.000443956,0.000000000,0.000000000,0.000000000,0.000000000,0.000000000,0.000000000,0.000000000,-0.000119948,-0.000000235,0.000118744,0.000000015,-0.000041341,-0.000000046,0.000029180,0.000000000,0.000000000,0.000000000,0.000000000,0.000000000,0.000000000,0.000000000,0.245380255,-0.034825414,-0.021454979,0.090714932,0.466429925,0.352572069,0.012226324
1.151000000,0,1.151000000,sample,0.216508550,-0.000000093,0.000000000,0.000000000,0.000000000,0.000000000,0.000000000,0,0,2.000000000,0.080000000,0.000000000,0.000000000,0.000154486,0.000000000,0.001600895,0.000000000,0.000000000,0.000000000,0.001863804,0.082887279,2,44.791971648,0,0.000000000,0.187482202,0.027889493,0.194382704,0.028715923,1.412564366,0.132916030,0.318466058,0.013850258,0.244296098,0.000000000,0.244296421,2.000000000,0.000000000,0.000000000,0.000000000,1.000000000,1.102107202,0.560964869,0.642333261,0.000000000,1.126607838,0.564476809,0.645708219,1,0,0,0.000000000,0.063359872,0.009225183,0.176210098,-0.008961847,-0.018718191,0.018631653,0.859674683,12.121365428,-0.543076314,-130.913415691,-0.110730361,142.885908474,44.738746709,0.000586587,-0.001247384,0.000836493,0.000854625,0.000250435,0.000000416,0.000284410,0.000000000,0.000000000,0.000000000,0.000000000,0.000000000,0.000000000,0.000000000,-0.000105163,-0.000000206,0.000104107,0.000000013,-0.000036245,-0.000000040,0.000025583,0.000000000,0.000000000,0.000000000,0.000000000,0.000000000,0.000000000,0.000000000,0.236482140,-0.046819016,-0.037505193,0.092836276,0.467184579,0.355055066,0.011200468
1.201000000,0,1.201000000,sample,0.216508800,0.000005008,0.000000000,0.000000000,0.000000000,0.000000000,0.000000000,0,0,2.000000000,0.080000000,0.000000000,0.000000000,0.000257247,0.000000000,0.001025792,0.000000000,0.000000000,0.000000000,0.000776166,0.331433134,2,37.352107812,0,0.000000000,0.192771244,0.028154454,0.193617455,0.028623603,0.335238753,0.028629170,0.402127270,0.024691542,0.347082092,0.000000000,0.347082117,2.000000000,0.000000000,0.000000000,0.000000000,1.000000000,1.121939472,0.560504699,0.644648909,0.000000000,1.130192136,0.563997001,0.647943603,1,0,0,0.000000000,0.066135061,0.012834644,0.180616107,-0.008876408,-0.019266092,0.018512167,0.859512188,12.121682054,-0.543283684,-130.913632317,-0.110791591,142.885894392,44.738310368,0.000109308,0.000474365,-0.000219476,-0.000224729,-0.000108424,0.000354108,-0.000360060,0.000000000,0.000000000,0.000000000,0.000000000,0.000000000,0.000000000,0.000000000,0.000175115,0.000000344,-0.000173358,-0.000000022,0.000060356,0.000000067,-0.000042602,0.000000000,0.000000000,0.000000000,0.000000000,0.000000000,0.000000000,0.000000000,0.247533912,-0.037360559,-0.028052015,0.090573179,0.467300799,0.354165151,0.010486166
1.251000000,0,1.251000000,sample,0.216508686,-0.000002274,0.000000000,0.000000000,0.000000000,0.000000000,0.000000000,0,0,2.000000000,0.080000000,0.000000000,0.000000000,0.000402209,0.000000000,0.001590132,0.000000000,0.000000000,0.000000000,0.001469974,0.273616623,2,65.255492839,0,0.000000000,0.188762996,0.028279674,0.195223541,0.028769796,0.754058435,0.077885712,0.339945078,0.021991835,0.278969942,0.000000000,0.278969493,2.000000000,0.000000000,0.000000000,0.000000000,1.000000000,1.099138150,0.559418644,0.644338274,0.000000000,1.135639343,0.563869757,0.649668482,1,0,0,0.000000000,0.064367610,0.011044734,0.177105317,-0.009042647,-0.018848756,0.019044551,0.859674218,12.121374937,-0.543283684,-130.913536344,-0.110522082,142.885907644,44.738789747,0.000407109,-0.001187458,-0.000391984,0.000204809,-0.000170100,-0.000116689,0.000588967,0.000000000,0.000000000,0.000000000,0.000000000,0.000000000,0.000000000,0.000000000,0.000273795,0.000000538,-0.000271048,-0.000000034,0.000094365,0.000000104,-0.000066607,0.000000000,0.000000000,0.000000000,0.000000000,0.000000000,0.000000000,0.000000000,0.238887038,-0.047854834,-0.040362308,0.100119680,0.466842464,0.355084731,0.011601332
1.301000000,0,1.301000000,sample,0.216508917,0.000004621,0.000000000,0.000000000,0.000000000,0.000000000,0.000000000,0,0,2.000000000,0.080000000,0.000000000,0.000000000,0.000038230,0.000000000,0.001059675,0.000000000,0.000000000,0.000000000,0.001383820,0.027626774,2,41.715666743,0,0.000000000,0.192532382,0.028417450,0.194537214,0.028660586,1.016498779,0.115186864,0.433949824,0.036654789,0.396627604,0.000000000,0.396628333,2.000000000,0.000000000,0.000000000,0.000000000,1.000000000,1.120769215,0.560218789,0.647293762,0.000000000,1.130260534,0.562237011,0.647293762,1,0,0,0.000000000,0.066671197,0.012441598,0.180191222,-0.009024368,-0.019274655,0.018830824,0.859528521,12.121561398,-0.543283665,-130.913728044,-0.110546724,142.885860923,44.738449459,-0.000252103,0.000893777,-0.000049899,-0.000798950,0.000020328,-0.000300839,-0.000566423,0.000000000,0.000000000,0.000000000,0.000000000,0.000000000,0.000000000,0.000000000,-0.000026025,-0.000000051,0.000025763,0.000000003,-0.000008970,-0.000000010,0.000006331,0.000000000,0.000000000,0.000000000,0.000000000,0.000000000,0.000000000,0.000000000,0.247083406,-0.039798207,-0.030041743,0.099348851,0.467456894,0.356270005,0.011753394
1.351000000,0,1.351000000,sample,0.216508685,-0.000004651,0.000000000,0.000000000,0.000000000,0.000000000,0.000000000,0,0,2.000000000,0.080000000,0.000000000,0.000000000,0.000246139,0.000000000,0.001498413,0.000000000,0.000000000,0.000000000,0.001084109,0.227042691,3,43.848214614,0,0.000000000,0.190847673,0.028185666,0.194227512,0.028783757,0.663715867,0.042281774,0.374888603,0.020290314,0.312735844,0.000000000,0.312735580,2.000000000,0.000000000,0.000000000,0.000000000,1.000000000,1.125428035,0.550868672,0.647889468,0.000000000,1.142230708,0.566709138,0.649247926,1,0,0,0.000000000,0.064854287,0.010535768,0.179180784,-0.008940392,-0.019030372,0.018770885,0.859634731,12.121612916,-0.543171850,-130.913527351,-0.110725951,142.885955095,44.738748958,0.000421814,0.000233363,0.000717875,0.000471444,0.000091880,0.000105673,0.000430922,0.000000000,0.000000000,0.000000000,0.000000000,0.000000000,0.000000000,0.000000000,-0.000167554,-0.000000329,0.000165872,0.000000021,-0.000057750,-0.000000064,0.000040762,0.000000000,0.000000000,0.000000000,0.000000000,0.000000000,0.000000000,0.000000000,0.256029968,-0.035724155,-0.029563384,0.094697701,0.466630134,0.353792149,0.013378625
1.401000000,0,1.401000000,sample,0.216508548,-0.000002738,0.000000000,0.000000000,0.000000000,0.000000000,0.000000000,0,0,2.000000000,0.080000000,0.000000000,0.000000000,0.000846465,0.000000000,0.001727452,0.000000000,0.000000000,0.000000000,0.001869498,0.452776391,2,35.865648882,0,0.000000000,0.186515494,0.027960484,0.194504840,0.028731670,1.038128534,0.118964303,0.322500617,0.023977712,0.255423347,0.000000000,0.255424014,2.000000000,0.000000000,0.000000000,0.000000000,1.000000000,1.131369250,0.560143110,0.648533449,0.000000000,1.136269092,0.563192595,0.651413916,1,0,0,0.000000000,0.063070128,0.011568213,0.175146696,-0.008942248,-0.018611769,0.018852770,0.859608084,12.121243623,-0.543257284,-130.913424463,-0.110702916,142.885901478,44.738702330,0.000785783,-0.001119604,-0.000615981,0.000711861,0.000157899,0.000088282,0.000839733,0.000000000,0.000000000,0.000000000,0.000000000,0.000000000,0.000000000,0.000000000,0.000576213,0.000001131,-0.000570430,-0.000000072,0.000198594,0.000000220,-0.000140175,0.000000000,0.000000000,0.000000000,0.000000000,0.000000000,0.000000000,0.000000000,0.252812247,-0.033137129,-0.033633061,0.100117683,0.467782636,0.354211904,0.011921915
1.451000000,0,1.451000000,sample,0.216508725,0.000003544,0.000000000,0.000000000,0.000000000,0.000000000,0.000000000,0,0,2.000000000,0.080000000,0.000000000,0.000000000,0.001156823,0.000000000,0.001381865,0.000000000,0.000000000,0.000000000,0.001805325,0.640783924,4,43.973734155,0,0.000000000,0.191179769,0.028257673,0.194961225,0.028728994,0.956313519,0.109313874,0.340739298,0.022501457,0.269698673,0.000000000,0.269700217,2.000000000,0.000000000,0.000000000,0.000000000,1.000000000,1.137377896,0.563565833,0.649596354,0.000000000,1.150639821,0.569881238,0.650990436,1,0,0,0.000000000,0.065145071,0.012857937,0.179277710,-0.008943022,-0.019058633,0.018849057,0.859552630,12.121592340,-0.543338678,-130.913569177,-0.110664301,142.885948355,44.738532556,0.000767159,-0.000340790,-0.000965817,0.001197159,0.000150543,0.000265841,0.000308541,0.000000000,0.000000000,0.000000000,0.000000000,0.000000000,0.000000000,0.000000000,0.000787482,0.000001547,-0.000779578,-0.000000098,0.000271416,0.000000300,-0.000191576,0.000000000,0.000000000,0.000000000,0.000000000,0.000000000,0.000000000,0.000000000,0.250867994,-0.032025824,-0.036463229,0.103182287,0.468253179,0.355862228,0.011828047
1.501000000,0,1.501000000,sample,0.216508814,0.000001787,0.000000000,0.000000000,0.000000000,0.000000000,0.000000000,0,0,2.000000000,0.080000000,0.000000000,0.000000000,0.000216798,0.000000000,0.001603406,0.000000000,0.000000000,0.000000000,0.001534304,0.141300409,1,40.692724960,0,0.000000000,0.193121670,0.028473186,0.194820388,0.028767322,0.883391367,0.060742576,0.396261518,0.031497566,0.344888181,0.000000000,0.344886576,2.000000000,0.000000000,0.000000000,0.000000000,1.000000000,1.117686807,0.561718611,0.650413470,0.000000000,1.134571887,0.564326795,0.653648785,1,0,0,0.000000000,0.066237661,0.013466564,0.180906615,-0.008981546,-0.019287831,0.018921780,0.859425365,12.121709101,-0.543283684,-130.913641363,-0.110615485,142.885908477,44.738492496,-0.000978746,0.000676886,-0.000600464,0.000584378,-0.000128866,-0.000135709,-0.000448212,0.000000000,0.000000000,0.000000000,0.000000000,0.000000000,0.000000000,0.000000000,-0.000147580,-0.000000290,0.000146099,0.000000018,-0.000050866,-0.000000056,0.000035903,0.000000000,0.000000000,0.000000000,0.000000000,0.000000000,0.000000000,0.000000000,0.250212213,-0.040879111,-0.037124475,0.102710421,0.468927119,0.356135700,0.010367838
1.551000000,0,1.551000000,sample,0.216508778,-0.000000733,0.000000000,0.000000000,0.000000000,0.000000000,0.000000000,0,0,2.000000000,0.080000000,0.000000000,0.000000000,0.000106868,0.000000000,0.001346374,0.000000000,0.000000000,0.000000000,0.001764776,0.060556295,2,87.961561780,0,0.000000000,0.189160663,0.028319571,0.193842689,0.028798501,0.842562932,0.086503621,0.337912660,0.017207978,0.274339333,0.000000000,0.274337360,2.000000000,0.000000000,0.000000000,0.000000000,1.000000000,1.101996830,0.557911512,0.651711249,0.000000000,1.139680840,0.563270274,0.653600268,1,0,0,0.000000000,0.065449616,0.010720799,0.177152952,-0.009033982,-0.019028517,0.018928835,0.859598054,12.121290409,-0.543171521,-130.913618682,-0.110574875,142.885726086,44.738748958,0.000233667,-0.001655145,0.000235398,-0.000274228,-0.000179014,0.000110910,0.000381272,0.000000000,0.000000000,0.000000000,0.000000000,0.000000000,0.000000000,0.000000000,-0.000072748,-0.000000143,0.000072018,0.000000009,-0.000025073,-0.000000028,0.000017697,0.000000000,0.000000000,0.000000000,0.000000000,0.000000000,0.000000000,0.000000000,0.250301786,-0.047894414,-0.037382491,0.102742655,0.470037705,0.356044195,0.011237267
1.601000000,0,1.601000000,sample,0.216508794,0.000000315,0.000000000,0.000000000,0.000000000,0.000000000,0.000000000,0,0,2.000000000,0.080000000,0.000000000,0.000000000,0.000211042,0.000000000,0.001728553,0.000000000,0.000000000,0.000000000,0.001515053,0.139297071,1,33.011802868,0,0.000000000,0.192453516,0.028245369,0.195651739,0.028778144,0.823164174,0.160475930,0.402248365,0.023956410,0.351090336,0.000000000,0.351089811,2.000000000,0.000000000,0.000000000,0.000000000,1.000000000,1.111204319,0.555330528,0.651369002,0.000000000,1.142402674,0.562025005,0.654152631,1,0,0,0.000000000,0.065996314,0.009961898,0.180509287,-0.008992825,-0.019240695,0.018620570,0.859688305,12.121682005,-0.543172023,-130.913618676,-0.110636130,142.885905895,44.738579933,0.000870487,0.000425441,0.000564831,-0.000174384,-0.000578568,-0.000121346,-0.000811005,0.000000000,0.000000000,0.000000000,0.000000000,0.000000000,0.000000000,0.000000000,0.000143662,0.000000282,-0.000142220,-0.000000018,0.000049515,0.000000055,-0.000034950,0.000000000,0.000000000,0.000000000,0.000000000,0.000000000,0.000000000,0.000000000,0.251028926,-0.044274665,-0.037463766,0.100412761,0.469706593,0.356413566,0.012831195
1.651000000,0,1.651000000,sample,0.216508651,-0.000002854,0.000000000,0.000000000,0.000000000,0.000000000,0.000000000,0,0,2.000000000,0.080000000,0.000000000,0.000000000,0.001083462,0.000000000,0.001491878,0.000000000,0.000000000,0.000000000,0.001746038,0.620526053,2,41.090037257,0,0.000000000,0.191190915,0.028433261,0.194778579,0.028813318,0.522060039,0.046612832,0.407968212,0.029742892,0.356137161,0.000000000,0.356136696,2.000000000,0.000000000,0.000000000,0.000000000,1.000000000,1.137435277,0.566895374,0.645897495,0.000000000,1.137435277,0.566895374,0.654264866,1,0,0,0.000000000,0.065403707,0.012965928,0.179187627,-0.008999432,-0.019184662,0.018958094,0.859572190,12.121586820,-0.543379392,-130.913523021,-0.110554698,142.885770718,44.738533306,0.000886533,0.001119237,-0.000858514,0.000144653,-0.000134458,0.000249979,0.000414100,0.000000000,0.000000000,0.000000000,0.000000000,0.000000000,0.000000000,0.000000000,0.000737543,0.000001449,-0.000730141,-0.000000092,0.000254203,0.000000281,-0.000179426,0.000000000,0.000000000,0.000000000,0.000000000,0.000000000,0.000000000,0.000000000,0.245177799,-0.030993407,-0.036742051,0.093608009,0.468759720,0.355171027,0.010782336
1.701000000,0,1.701000000,sample,0.216508544,-0.000002137,0.000000000,0.000000000,0.000000000,0.000000000,0.000000000,0,0,2.000000000,0.080000000,0.000000000,0.000000000,0.000338005,0.000000000,0.001155098,0.000000000,0.000000000,0.000000000,0.001308321,0.258350141,4,64.767725308,0,0.000000000,0.188245116,0.028284880,0.195051640,0.028754472,0.793192240,0.066884382,0.339475618,0.021157867,0.277141003,0.000000000,0.277141999,2.000000000,0.000000000,0.000000000,0.000000000,1.000000000,1.126317494,0.555704394,0.651342299,0.000000000,1.137678384,0.567631113,0.652487308,1,0,0,0.000000000,0.063707732,0.012703542,0.176680980,-0.009010715,-0.018806998,0.019108591,0.859597272,12.121400508,-0.543379393,-130.913428864,-0.110542083,142.885867428,44.738699332,0.000264635,-0.000465616,-0.000322197,0.001052916,-0.000074893,-0.000381927,0.000246889,0.000000000,0.000000000,0.000000000,0.000000000,0.000000000,0.000000000,0.000000000,0.000230090,0.000000452,-0.000227780,-0.000000029,0.000079302,0.000000088,-0.000055974,0.000000000,0.000000000,0.000000000,0.000000000,0.000000000,0.000000000,0.000000000,0.256490464,-0.037491486,-0.029304189,0.098604563,0.468571826,0.356040524,0.012157932
1.751000000,0,1.751000000,sample,0.216508863,0.000006384,0.000000000,0.000000000,0.000000000,0.000000000,0.000000000,0,0,2.000000000,0.080000000,0.000000000,0.000000000,0.000842672,0.000000000,0.001508079,0.000000000,0.000000000,0.000000000,0.000962623,0.875391485,1,51.438370242,0,0.000000000,0.191053962,0.028239286,0.194150854,0.028750588,0.266408296,0.025954399,0.369175862,0.021860851,0.311306466,0.000000000,0.311306525,2.000000000,0.000000000,0.000000000,0.000000000,1.000000000,1.126187412,0.565708929,0.647871145,0.000000000,1.144716159,0.566974863,0.652459180,1,0,0,0.000000000,0.065886944,0.010490252,0.179026483,-0.009042357,-0.019102319,0.018729508,0.859735206,12.121476525,-0.543283684,-130.913680822,-0.110519513,142.885900973,44.738533306,0.000690399,-0.000386022,-0.000534345,0.000081235,0.000082730,-0.000023993,0.000037898,0.000000000,0.000000000,0.000000000,0.000000000,0.000000000,0.000000000,0.000000000,0.000573631,0.000001126,-0.000567873,-0.000000071,0.000197707,0.000000218,-0.000139550,0.000000000,0.000000000,0.000000000,0.000000000,0.000000000,0.000000000,0.000000000,0.245961099,-0.036535995,-0.034897142,0.096588648,0.469876621,0.355599593,0.011090193
1.801000000,0,1.801000000,sample,0.216508795,-0.000001370,0.000000000,0.000000000,0.000000000,0.000000000,0.000000000,0,0,2.000000000,0.080000000,0.000000000,0.000000000,0.000636579,0.000000000,0.001502407,0.000000000,0.000000000,0.000000000,0.001102005,0.577655841,2,58.936637094,0,0.000000000,0.191737245,0.028567078,0.194559049,0.028800180,0.580278968,0.065877853,0.412145695,0.032821603,0.366297830,0.000000000,0.366297690,2.000000000,0.000000000,0.000000000,0.000000000,1.000000000,1.117989993,0.558900859,0.651943548,0.000000000,1.134417356,0.566217463,0.653112992,1,0,0,0.000000000,0.065682801,0.013377779,0.179638458,-0.009039392,-0.019144324,0.019179734,0.859309870,12.121588485,-0.543170516,-130.913618676,-0.110561238,142.885908477,44.738702327,-0.000405127,0.000846011,0.000455531,-0.000163127,-0.000026371,-0.000114439,0.000294348,0.000000000,0.000000000,0.000000000,0.000000000,0.000000000,0.000000000,0.000000000,-0.000433338,-0.000000851,0.000428988,0.000000054,-0.000149355,-0.000000165,0.000105421,0.000000000,0.000000000,0.000000000,0.000000000,0.000000000,0.000000000,0.000000000,0.255109094,-0.041166010,-0.027332346,0.095990274,0.470603903,0.355954842,0.011046556
1.851000000,0,1.851000000,sample,0.216508790,-0.000000095,0.000000000,0.000000000,0.000000000,0.000000000,0.000000000,0,0,2.000000000,0.080000000,0.000000000,0.000000000,0.000181759,0.000000000,0.003632731,0.000000000,0.000000000,0.000000000,0.005786980,0.031408177,7,91.508223202,0,0.000000000,0.192138445,0.028451026,0.194121911,0.028722363,1.121454959,0.220724905,0.411454539,0.053480830,0.372106601,0.000000000,0.372105724,2.000000000,0.000000000,0.000000000,0.000000000,1.000000000,1.134615656,0.605644398,0.634032918,0.000000000,1.146047061,0.605644398,0.675930217,1,0,0,0.000000000,0.066017623,0.010610988,0.180128461,-0.009029723,-0.019238848,0.018915384,0.859611609,12.121633078,-0.543171967,-130.913618700,-0.110574791,142.885858405,44.738748958,0.001466354,0.000573817,0.000364350,-0.000297604,-0.000078195,-0.000370042,0.005535822,0.000000000,0.000000000,0.000000000,0.000000000,0.000000000,0.000000000,0.000000000,-0.000123728,-0.000000243,0.000122486,0.000000015,-0.000042645,-0.000000047,0.000030100,0.000000000,0.000000000,0.000000000,0.000000000,0.000000000,0.000000000,0.000000000,0.185529464,-0.031609837,-0.091079618,0.093129167,0.472547892,0.355208246,0.011594445
1.901000000,0,1.901000000,sample,0.216508679,-0.000002223,0.000000000,0.000000000,0.000000000,0.000000000,0.000000000,0,0,2.000000000,0.080000000,0.000000000,0.000000000,0.000748237,0.000000000,0.002397417,0.000000000,0.000000000,0.000000000,0.001316545,0.568333697,1,42.446592453,0,0.000000000,0.191253040,0.028401093,0.195525161,0.029085745,0.492932138,0.056839401,0.404080164,0.030343407,0.357797932,0.000000000,0.357797625,2.000000000,0.000000000,0.000000000,0.000000000,1.000000000,1.118292799,0.559864617,0.652810404,0.000000000,1.139342981,0.605359839,0.654322401,1,0,0,0.000000000,0.065225030,0.013428062,0.179284991,-0.009043591,-0.019133161,0.018940900,0.859305008,12.121605311,-0.543172023,-130.913528821,-0.110554437,142.885847431,44.738451708,-0.000857743,0.000679432,0.000343292,0.000048273,-0.000092201,-0.000355059,-0.000530275,0.000000000,0.000000000,0.000000000,0.000000000,0.000000000,0.000000000,0.000000000,-0.000509346,-0.000001000,0.000504234,0.000000063,-0.000175553,-0.000000194,0.000123912,0.000000000,0.000000000,0.000000000,0.000000000,0.000000000,0.000000000,0.000000000,0.255988259,-0.040568500,-0.032230663,0.091787010,0.472289733,0.355468399,0.010324055
1.951000000,0,1.951000000,sample,0.216508667,-0.000000234,0.000000000,0.000000000,0.000000000,0.000000000,0.000000000,0,0,2.000000000,0.080000000,0.000000000,0.000000000,0.000427452,0.000000000,0.001469698,0.000000000,0.000000000,0.000000000,0.001532501,0.278924392,2,68.394756593,0,0.000000000,0.192905492,0.028605180,0.194215358,0.028938809,0.476910458,0.041808540,0.407372947,0.030453965,0.352889503,0.000000000,0.352888238,2.000000000,0.000000000,0.000000000,0.000000000,1.000000000,1.123424098,0.565113311,0.653480200,0.000000000,1.132699182,0.571203036,0.656570518,1,0,0,0.000000000,0.065884801,0.011390415,0.180947452,-0.009037524,-0.019339158,0.019041441,0.859638939,12.121780293,-0.543283684,-130.913527430,-0.110519476,142.885813765,44.738748958,0.000387492,0.001267395,-0.000324770,0.000465319,0.000081786,0.000228774,0.000459450,0.000000000,0.000000000,0.000000000,0.000000000,0.000000000,0.000000000,0.000000000,0.000290978,0.000000571,-0.000288057,-0.000000036,0.000100291,0.000000111,-0.000070789,0.000000000,0.000000000,0.000000000,0.000000000,0.000000000,0.000000000,0.000000000,0.251125520,-0.039584357,-0.036195392,0.097150560,0.473211932,0.357219838,0.011024517
2.001000000,0,2.001000000,sample,0.216508793,0.000002521,0.000000000,0.000000000,0.000000000,0.000000000,0.000000000,0,0,2.000000000,0.080000000,0.000000000,0.000000000,0.000229508,0.000000000,0.003064866,0.000000000,0.000000000,0.000000000,0.001148393,0.199851447,7,71.450310964,0,0.000000000,0.190975859,0.028320837,0.194760961,0.028715837,0.297866368,0.023353995,0.383388358,0.027324118,0.330228467,0.000000000,0.330228347,2.000000000,0.000000000,0.000000000,0.000000000,1.000000000,1.129006331,0.570641850,0.650893326,0.000000000,1.134103409,0.570641850,0.654467221,1,0,0,0.000000000,0.065534222,0.010651888,0.179063067,-0.009019268,-0.019083539,0.018882298,0.859721585,12.121523142,-0.543283684,-130.913623554,-0.110556707,142.885908477,44.738702330,0.000566077,-0.000120785,-0.000019464,-0.000199288,-0.000034313,-0.000014516,0.000970717,0.000000000,0.000000000,0.000000000,0.000000000,0.000000000,0.000000000,0.000000000,0.000156233,0.000000307,-0.000154664,-0.000000019,0.000053847,0.000000059,-0.000038007,0.000000000,0.000000000,0.000000000,0.000000000,0.000000000,0.000000000,0.000000000,0.247272958,-0.035635546,-0.034336139,0.097137534,0.473121885,0.355905905,0.010968642
2.051000000,0,2.051000000,sample,0.216508923,0.000002603,0.000000000,0.000000000,0.000000000,0.000000000,0.000000000,0,0,2.000000000,0.080000000,0.000000000,0.000000000,0.000310757,0.000000000,0.001311651,0.000000000,0.000000000,0.000000000,0.001035058,0.300231926,4,58.033883280,0,0.000000000,0.192375548,0.028283497,0.194768637,0.028788521,0.667045078,0.058774924,0.410063613,0.027762932,0.360542763,0.000000000,0.360543167,2.000000000,0.000000000,0.000000000,0.000000000,1.000000000,1.119776474,0.572434923,0.650377150,0.000000000,1.145894271,0.577142628,0.653982477,1,0,0,0.000000000,0.066351802,0.009369550,0.180327484,-0.009084212,-0.019206786,0.018669029,0.859638995,12.121601018,-0.543075804,-130.913714386,-0.110519476,142.885955068,44.738579933,0.000085472,0.000231583,0.000584083,-0.000788507,0.000101270,0.000193000,-0.000002920,0.000000000,0.000000000,0.000000000,0.000000000,0.000000000,0.000000000,0.000000000,-0.000211541,-0.000000415,0.000209418,0.000000026,-0.000072911,-0.000000080,0.000051463,0.000000000,0.000000000,0.000000000,0.000000000,0.000000000,0.000000000,0.000000000,0.242199894,-0.040252065,-0.040462837,0.102297365,0.472480791,0.356739311,0.010314753
2.101000000,0,2.101000000,sample,0.216508850,-0.000001468,0.000000000,0.000000000,0.000000000,0.000000000,0.000000000,0,0,2.000000000,0.080000000,0.000000000,0.000000000,0.000835242,0.000000000,0.002248919,0.000000000,0.000000000,0.000000000,0.001097361,0.761137428,3,79.311284021,0,0.000000000,0.190862515,0.028616237,0.194480765,0.028717090,0.507504544,0.053783861,0.398877899,0.031545350,0.351272195,0.000000000,0.351272431,2.000000000,0.000000000,0.000000000,0.000000000,1.000000000,1.131387595,0.572067671,0.649988536,0.000000000,1.131581072,0.574480925,0.653062159,1,0,0,0.000000000,0.065704850,0.013045994,0.178720940,-0.009111513,-0.019060639,0.019301849,0.859543788,12.121450429,-0.543379393,-130.913673242,-0.110371348,142.885908385,44.738702330,0.000276701,0.000338725,-0.000977275,-0.000233248,-0.000012696,0.000013632,0.000055529,0.000000000,0.000000000,0.000000000,0.000000000,0.000000000,0.000000000,0.000000000,0.000568574,0.000001117,-0.000562867,-0.000000071,0.000195964,0.000000216,-0.000138319,0.000000000,0.000000000,0.000000000,0.000000000,0.000000000,0.000000000,0.000000000,0.246638669,-0.034232279,-0.041943246,0.102896367,0.470573965,0.355828811,0.009039736
2.151000000,0,2.151000000,sample,0.216508910,0.000001211,0.000000000,0.000000000,0.000000000,0.000000000,0.000000000,0,0,2.000000000,0.080000000,0.000000000,0.000000000,0.000355666,0.000000000,0.001535759,0.000000000,0.000000000,0.000000000,0.001627483,0.218537610,4,54.814294077,0,0.000000000,0.191343640,0.028382120,0.195576005,0.028976828,0.775381960,0.062988512,0.404304535,0.031779993,0.358894726,0.000000000,0.358895096,2.000000000,0.000000000,0.000000000,0.000000000,1.000000000,1.127335518,0.572091271,0.650800089,0.000000000,1.138933598,0.575012099,0.655845712,1,0,0,0.000000000,0.065969806,0.012381152,0.179184487,-0.008972082,-0.019083240,0.018996749,0.859543788,12.121476775,-0.543283684,-130.913716408,-0.110636045,142.885955104,44.738702330,-0.000650625,-0.000389886,-0.000393352,-0.001204934,-0.000563111,0.000273128,0.000274030,0.000000000,0.000000000,0.000000000,0.000000000,0.000000000,0.000000000,0.000000000,-0.000242112,-0.000000475,0.000239682,0.000000030,-0.000083446,-0.000000092,0.000058900,0.000000000,0.000000000,0.000000000,0.000000000,0.000000000,0.000000000,0.000000000,0.247960399,-0.035928082,-0.036587205,0.099626380,0.472196396,0.355595092,0.009177442
2.201000000,0,2.201000000,sample,0.216508531,-0.000007598,0.000000000,0.000000000,0.000000000,0.000000000,0.000000000,0,0,2.000000000,0.080000000,0.000000000,0.000000000,0.000949486,0.000000000,0.001212049,0.000000000,0.000000000,0.000000000,0.002077496,0.457033998,4,28.675739531,0,0.000000000,0.189638737,0.028323307,0.195580819,0.028682998,0.346761325,0.041582894,0.374328731,0.028608577,0.318202651,0.000000000,0.318202452,2.000000000,0.000000000,0.000000000,0.000000000,1.000000000,1.129041288,0.568269107,0.652913113,0.000000000,1.143741707,0.575910602,0.656308880,1,0,0,0.000000000,0.064115864,0.011090720,0.178126366,-0.009009199,-0.018958749,0.019016044,0.859730629,12.121565875,-0.543338696,-130.913415691,-0.110554363,142.885867678,44.738789757,0.000967169,0.000765035,-0.000659089,0.001112494,0.000049935,-0.000347518,0.000999996,0.000000000,0.000000000,0.000000000,0.000000000,0.000000000,0.000000000,0.000000000,0.000646342,0.000001269,-0.000639855,-0.000000081,0.000222769,0.000000246,-0.000157239,0.000000000,0.000000000,0.000000000,0.000000000,0.000000000,0.000000000,0.000000000,0.249860327,-0.036255961,-0.037382438,0.099045151,0.473402687,0.356517484,0.011342261
2.251000000,0,2.251000000,sample,0.216508683,0.000003047,0.000000000,0.000000000,0.000000000,0.000000000,0.000000000,0,0,2.000000000,0.080000000,0.000000000,0.000000000,0.000095403,0.000000000,0.001411764,0.000000000,0.000000000,0.000000000,0.001810904,0.052682461,7,80.191563827,0,0.000000000,0.190787289,0.028281366,0.193966031,0.028876538,0.564992001,0.049128356,0.371095972,0.025843647,0.308965669,0.000000000,0.308965521,2.000000000,0.000000000,0.000000000,0.000000000,1.000000000,1.128385416,0.565131369,0.653454436,0.000000000,1.145002865,0.570337146,0.655503692,1,0,0,0.000000000,0.064862185,0.009469207,0.179173158,-0.009047927,-0.019034569,0.018858841,0.859730629,12.121612917,-0.543171856,-130.913524597,-0.110546912,142.885948358,44.738789757,0.000612237,-0.000026469,0.000337947,0.000281323,-0.000067706,0.000275903,0.001621660,0.000000000,0.000000000,0.000000000,0.000000000,0.000000000,0.000000000,0.000000000,-0.000064943,-0.000000128,0.000064292,0.000000008,-0.000022384,-0.000000025,0.000015799,0.000000000,0.000000000,0.000000000,0.000000000,0.000000000,0.000000000,0.000000000,0.248234132,-0.036701694,-0.044710437,0.099161892,0.474062067,0.356770607,0.013538419
2.301000000,0,2.301000000,sample,0.216508800,0.000002334,0.000000000,0.000000000,0.000000000,0.000000000,0.000000000,0,0,2.000000000,0.080000000,0.000000000,0.000000000,0.001079147,0.000000000,0.001345879,0.000000000,0.000000000,0.000000000,0.001296151,0.832577626,1,43.355497591,0,0.000000000,0.191680485,0.028570433,0.194775653,0.028837327,0.265976469,0.056988048,0.390637175,0.031556104,0.341225553,0.000000000,0.341225691,2.000000000,0.000000000,0.000000000,0.000000000,1.000000000,1.129100842,0.558839468,0.652821165,0.000000000,1.139723728,0.568480542,0.654535486,1,0,0,0.000000000,0.065686949,0.013424370,0.179572881,-0.009018638,-0.019138292,0.019200511,0.859310036,12.121578250,-0.543172023,-130.913623060,-0.110595246,142.885908439,44.738748958,-0.000853449,-0.000007483,0.000448449,-0.000254320,-0.000287095,0.000009380,0.000776711,0.000000000,0.000000000,0.000000000,0.000000000,0.000000000,0.000000000,0.000000000,-0.000734605,-0.000001442,0.000727232,0.000000092,-0.000253191,-0.000000280,0.000178712,0.000000000,0.000000000,0.000000000,0.000000000,0.000000000,0.000000000,0.000000000,0.251898318,-0.036621443,-0.040982648,0.094998537,0.472481774,0.356717868,0.013806439
2.351000000,0,2.351000000,sample,0.216508729,-0.000001407,0.000000000,0.000000000,0.000000000,0.000000000,0.000000000,0,0,2.000000000,0.080000000,0.000000000,0.000000000,0.000025941,0.000000000,0.002347120,0.000000000,0.000000000,0.000000000,0.002225719,0.011655202,7,60.285722402,0,0.000000000,0.190700907,0.028273950,0.193914533,0.028723449,0.803853019,0.027042995,0.398708017,0.028182377,0.339458746,0.000000000,0.339457927,2.000000000,0.000000000,0.000000000,0.000000000,1.000000000,1.140560579,0.568817028,0.652381572,0.000000000,1.141924059,0.569779950,0.656545190,1,0,0,0.000000000,0.065077668,0.009401715,0.179006539,-0.009064894,-0.019038427,0.018835665,0.859735206,12.121564934,-0.543172023,-130.913563081,-0.110519476,142.885935191,44.738748958,0.000885474,0.000790060,0.000440946,0.000006501,0.000022597,0.000603433,0.001728135,0.000000000,0.000000000,0.000000000,0.000000000,0.000000000,0.000000000,0.000000000,0.000017659,0.000000035,-0.000017482,-0.000000002,0.000006086,0.000000007,-0.000004296,0.000000000,0.000000000,0.000000000,0.000000000,0.000000000,0.000000000,0.000000000,0.248272149,-0.031991510,-0.042288218,0.096281097,0.473193816,0.357534418,0.011730649
2.401000000,0,2.401000000,sample,0.216508918,0.000003785,0.000000000,0.000000000,0.000000000,0.000000000,0.000000000,0,0,2.000000000,0.080000000,0.000000000,0.000000000,0.000040004,0.000000000,0.000959191,0.000000000,0.000000000,0.000000000,0.001330214,0.030073672,2,48.197877733,0,0.000000000,0.194623149,0.028603310,0.194947552,0.028783800,0.804361751,0.064596672,0.429132025,0.033331610,0.379790875,0.000000000,0.379791299,2.000000000,0.000000000,0.000000000,0.000000000,1.000000000,1.122762844,0.560793622,0.654115339,0.000000000,1.142153685,0.569081499,0.655663997,1,0,0,0.000000000,0.067028186,0.011074366,0.182380785,-0.009067070,-0.019428169,0.018933670,0.859543788,12.121822237,-0.543160081,-130.913714890,-0.110512694,142.885954846,44.738661531,-0.000126645,0.000923497,-0.000044569,-0.000706561,0.000162136,0.000594353,0.000140803,0.000000000,0.000000000,0.000000000,0.000000000,0.000000000,0.000000000,0.000000000,-0.000027232,-0.000000053,0.000026959,0.000000003,-0.000009386,-0.000000010,0.000006625,0.000000000,0.000000000,0.000000000,0.000000000,0.000000000,0.000000000,0.000000000,0.250026015,-0.041386130,-0.037155330,0.102858340,0.472040262,0.358714794,0.013505081
2.451000000,0,2.451000000,sample,0.216508688,-0.000004608,0.000000000,0.000000000,0.000000000,0.000000000,0.000000000,0,0,2.000000000,0.080000000,0.000000000,0.000000000,0.000321639,0.000000000,0.001101711,0.000000000,0.000000000,0.000000000,0.002158007,0.149044542,7,60.481396770,0,0.000000000,0.188703014,0.028364748,0.196099396,0.028657283,0.873321102,0.126875480,0.335397506,0.028255449,0.268840331,0.000000000,0.268840293,2.000000000,0.000000000,0.000000000,0.000000000,1.000000000,1.131738287,0.564945554,0.651875112,0.000000000,1.150630035,0.570502091,0.656507060,1,0,0,0.000000000,0.064049867,0.010064172,0.177214996,-0.009205951,-0.018783640,0.019156833,0.859637990,12.121410649,-0.543172023,-130.913522975,-0.110289850,142.885995904,44.738789757,0.000633085,-0.001051203,-0.000247992,0.000361421,0.000012042,0.000377206,0.001678278,0.000000000,0.000000000,0.000000000,0.000000000,0.000000000,0.000000000,0.000000000,0.000218949,0.000000430,-0.000216752,-0.000000027,0.000075463,0.000000083,-0.000053264,0.000000000,0.000000000,0.000000000,0.000000000,0.000000000,0.000000000,0.000000000,0.249391263,-0.034487211,-0.045651761,0.099495549,0.471801481,0.356137724,0.011900808
2.501000000,0,2.501000000,sample,0.216508832,0.000002872,0.000000000,0.000000000,0.000000000,0.000000000,0.000000000,0,0,2.000000000,0.080000000,0.000000000,0.000000000,0.000192549,0.000000000,0.004169781,0.000000000,0.000000000,0.000000000,0.001073175,0.179420128,5,38.672908240,0,0.000000000,0.192556143,0.028451398,0.193637722,0.028735384,0.596126430,0.069411115,0.409078232,0.029623728,0.364619696,0.000000000,0.364619909,2.000000000,0.000000000,0.000000000,0.000000000,1.000000000,1.135937005,0.561297520,0.653408524,0.000000000,1.139162009,0.600712010,0.658740158,1,0,0,0.000000000,0.066293480,0.012387301,0.180359634,-0.008969782,-0.019267273,0.018915529,0.859543788,12.121630901,-0.543283684,-130.913658644,-0.110635793,142.885867678,44.738620732,-0.000049307,0.000332442,-0.000510236,-0.000407809,-0.000667381,-0.000335824,-0.000232229,0.000000000,0.000000000,0.000000000,0.000000000,0.000000000,0.000000000,0.000000000,0.000131074,0.000000257,-0.000129758,-0.000000016,0.000045176,0.000000050,-0.000031887,0.000000000,0.000000000,0.000000000,0.000000000,0.000000000,0.000000000,0.000000000,0.256660851,-0.033432424,-0.032446457,0.094700089,0.472025061,0.356340849,0.011951620
2.551000000,0,2.551000000,sample,0.216508780,-0.000001025,0.000000000,0.000000000,0.000000000,0.000000000,0.000000000,0,0,2.000000000,0.080000000,0.000000000,0.000000000,0.000183694,0.000000000,0.003605814,0.000000000,0.000000000,0.000000000,0.001999816,0.091855297,7,78.743452387,0,0.000000000,0.189941161,0.028490107,0.195344390,0.028874686,0.369460778,0.133353481,0.390067588,0.040193868,0.345230833,0.000000000,0.345230957,2.000000000,0.000000000,0.000000000,0.000000000,1.000000000,1.125985831,0.565771988,0.652261588,0.000000000,1.135800093,0.587802206,0.679636325,1,0,0,0.000000000,0.065550743,0.012293194,0.177847187,-0.009023175,-0.019065252,0.019151624,0.859543786,12.121369927,-0.543283684,-130.913623247,-0.110552101,142.885772966,44.738789757,-0.000180714,-0.000263556,-0.000323902,-0.000727101,0.000064474,0.000332026,0.001774587,0.000000000,0.000000000,0.000000000,0.000000000,0.000000000,0.000000000,0.000000000,-0.000125046,-0.000000246,0.000123791,0.000000016,-0.000043098,-0.000000048,0.000030420,0.000000000,0.000000000,0.000000000,0.000000000,0.000000000,0.000000000,0.000000000,0.251899136,-0.036558585,-0.040050041,0.093858627,0.473082734,0.355432468,0.010124908
2.601000000,0,2.601000000,sample,0.216508914,0.000002667,0.000000000,0.000000000,0.000000000,0.000000000,0.000000000,0,0,2.000000000,0.080000000,0.000000000,0.000000000,0.000385311,0.000000000,0.001271754,0.000000000,0.000000000,0.000000000,0.001859175,0.207248127,1,45.112457278,0,0.000000000,0.191743239,0.028308008,0.193887174,0.028692236,0.979733654,0.076652177,0.387873674,0.020699573,0.334722297,0.000000000,0.334721012,2.000000000,0.000000000,0.000000000,0.000000000,1.000000000,1.131019477,0.558057580,0.657592850,0.000000000,1.143935107,0.564917459,0.659898501,1,0,0,0.000000000,0.066287917,0.009305136,0.179679704,-0.009050938,-0.019175486,0.018754321,0.859735206,12.121523315,-0.543158458,-130.913714874,-0.110546828,142.885908449,44.738702330,0.001248730,-0.000719597,0.000500963,-0.000902149,-0.000158357,-0.000000441,0.000538027,0.000000000,0.000000000,0.000000000,0.000000000,0.000000000,0.000000000,0.000000000,0.000262292,0.000000515,-0.000259659,-0.000000033,0.000090402,0.000000100,-0.000063809,0.000000000,0.000000000,0.000000000,0.000000000,0.000000000,0.000000000,0.000000000,0.260908223,-0.037121926,-0.038625616,0.098136156,0.472917921,0.357870000,0.011501221
2.651000000,0,2.651000000,sample,0.216508939,0.000000503,0.000000000,0.000000000,0.000000000,0.000000000,0.000000000,0,0,2.000000000,0.080000000,0.000000000,0.000000000,0.000640362,0.000000000,0.001415893,0.000000000,0.000000000,0.000000000,0.002245734,0.285145901,7,48.696261978,0,0.000000000,0.194250585,0.028448627,0.194255605,0.028772535,0.674091244,0.135447778,0.413482724,0.023855775,0.356321091,0.000000000,0.356320559,2.000000000,0.000000000,0.000000000,0.000000000,1.000000000,1.125457261,0.567305259,0.653645494,0.000000000,1.132523326,0.567305259,0.657091803,1,0,0,0.000000000,0.067445591,0.010248881,0.181877273,-0.009093648,-0.019498859,0.018612480,0.859543788,12.121728319,-0.543076314,-130.913737300,-0.110499132,142.885813765,44.738410909,-0.000294767,0.001091315,0.001048246,0.000061708,0.000023881,0.000454267,-0.001567134,0.000000000,0.000000000,0.000000000,0.000000000,0.000000000,0.000000000,0.000000000,-0.000435912,-0.000000856,0.000431536,0.000000054,-0.000150244,-0.000000166,0.000106048,0.000000000,0.000000000,0.000000000,0.000000000,0.000000000,0.000000000,0.000000000,0.247183249,-0.040061458,-0.039013214,0.098120995,0.473865505,0.358767913,0.011630156
2.701000000,0,2.701000000,sample,0.216508809,-0.000002607,0.000000000,0.000000000,0.000000000,0.000000000,0.000000000,0,0,2.000000000,0.080000000,0.000000000,0.000000000,0.000365834,0.000000000,0.004293071,0.000000000,0.000000000,0.000000000,0.001505434,0.243009147,7,41.480963577,0,0.000000000,0.190031188,0.028296836,0.193849393,0.028803767,0.440596926,0.045972316,0.362724978,0.023123622,0.304124722,0.000000000,0.304123840,2.000000000,0.000000000,0.000000000,0.000000000,1.000000000,1.133186004,0.552229178,0.659900727,0.000000000,1.146951901,0.608034757,0.662570632,1,0,0,0.000000000,0.065341478,0.010502450,0.178134899,-0.009020935,-0.019002498,0.018927196,0.859624424,12.121413376,-0.543172023,-130.913631992,-0.110594994,142.885888203,44.738789757,0.000129906,-0.000948878,0.000360152,-0.000432579,-0.000212340,0.000216951,0.000969586,0.000000000,0.000000000,0.000000000,0.000000000,0.000000000,0.000000000,0.000000000,-0.000249034,-0.000000489,0.000246534,0.000000031,-0.000085831,-0.000000095,0.000060583,0.000000000,0.000000000,0.000000000,0.000000000,0.000000000,0.000000000,0.000000000,0.265886258,-0.037320583,-0.038563233,0.095768346,0.473182342,0.358700308,0.012429932
2.751000000,0,2.751000000,sample,0.216508675,-0.000002674,0.000000000,0.000000000,0.000000000,0.000000000,0.000000000,0,0,2.000000000,0.080000000,0.000000000,0.000000000,0.000489616,0.000000000,0.001577086,0.000000000,0.000000000,0.000000000,0.002051570,0.238654433,7,76.904159046,0,0.000000000,0.189714296,0.028377326,0.194078554,0.028811502,0.672293347,0.174831116,0.374379575,0.042946778,0.326815662,0.000000000,0.326815334,2.000000000,0.000000000,0.000000000,0.000000000,1.000000000,1.138402907,0.568790312,0.653970288,0.000000000,1.142200090,0.568790312,0.661695019,1,0,0,0.000000000,0.064437398,0.012245390,0.178015130,-0.009022833,-0.018903640,0.019144542,0.859543788,12.121490078,-0.543279162,-130.913523616,-0.110554447,142.885955104,44.738789757,-0.000740017,-0.000256234,-0.000461277,-0.000059160,0.000006235,0.000377483,0.001799124,0.000000000,0.000000000,0.000000000,0.000000000,0.000000000,0.000000000,0.000000000,-0.000333296,-0.000000655,0.000329950,0.000000042,-0.000114874,-0.000000127,0.000081082,0.000000000,0.000000000,0.000000000,0.000000000,0.000000000,0.000000000,0.000000000,0.249842980,-0.032884997,-0.043143537,0.093589687,0.475077167,0.357376705,0.011720992
2.801000000,0,2.801000000,sample,0.216508673,-0.000000041,0.000000000,0.000000000,0.000000000,0.000000000,0.000000000,0,0,2.000000000,0.080000000,0.000000000,0.000000000,0.000739104,0.000000000,0.003598644,0.000000000,0.000000000,0.000000000,0.001447641,0.510557895,1,52.698279258,0,0.000000000,0.190070143,0.028261050,0.193621733,0.028645780,0.516929342,0.017191887,0.376228408,0.022502803,0.321923571,0.000000000,0.321923354,2.000000000,0.000000000,0.000000000,0.000000000,1.000000000,1.154510737,0.568858874,0.656240254,0.000000000,1.167902846,0.576486001,0.682329149,1,0,0,0.000000000,0.064770753,0.013170303,0.178207608,-0.009021331,-0.018998599,0.018877388,0.859336419,12.121496658,-0.543172004,-130.913522967,-0.110594489,142.885867428,44.738451708,-0.001050894,-0.000188157,0.000137179,0.000103053,-0.000329790,-0.000190199,-0.000884029,0.000000000,0.000000000,0.000000000,0.000000000,0.000000000,0.000000000,0.000000000,-0.000503129,-0.000000988,0.000498080,0.000000063,-0.000173408,-0.000000192,0.000122398,0.000000000,0.000000000,0.000000000,0.000000000,0.000000000,0.000000000,0.000000000,0.261179539,-0.026023383,-0.031680770,0.092564245,0.473804128,0.357227844,0.009241661
2.851000000,0,2.851000000,sample,0.216509198,0.000010503,0.000000000,0.000000000,0.000000000,0.000000000,0.000000000,0,0,2.000000000,0.080000000,0.000000000,0.000000000,0.000557757,0.000000000,0.001318511,0.000000000,0.000000000,0.000000000,0.001660841,0.335828213,4,79.401287002,0,0.000000000,0.193428940,0.028643963,0.194429598,0.028711451,0.913233567,0.095196640,0.426599246,0.031740563,0.385509483,0.000000000,0.385510756,2.000000000,0.000000000,0.000000000,0.000000000,1.000000000,1.133264318,0.566462364,0.656237867,0.000000000,1.150754882,0.575606850,0.658169198,1,0,0,0.000000000,0.068007647,0.011215453,0.180731648,-0.009128824,-0.019355039,0.019040055,0.859530217,12.121469225,-0.543172023,-130.913945969,-0.110411891,142.885906229,44.738661531,-0.000315819,0.000029014,0.000536477,-0.001479932,-0.000188446,0.000021708,-0.000379235,0.000000000,0.000000000,0.000000000,0.000000000,0.000000000,0.000000000,0.000000000,-0.000379682,-0.000000745,0.000375870,0.000000047,-0.000130861,-0.000000144,0.000092367,0.000000000,0.000000000,0.000000000,0.000000000,0.000000000,0.000000000,0.000000000,0.252107104,-0.036108088,-0.044060717,0.099470377,0.474793786,0.358300119,0.011938811
2.901000000,0,2.901000000,sample,0.216508796,-0.000008039,0.000000000,0.000000000,0.000000000,0.000000000,0.000000000,0,0,2.000000000,0.080000000,0.000000000,0.000000000,0.002456057,0.000000000,0.004179773,0.000000000,0.000000000,0.000000000,0.004403379,0.557766513,3,93.310762940,0,0.000000000,0.191639205,0.028322697,0.194082107,0.028661443,2.756262464,0.237034235,0.411347607,0.029047342,0.355421383,0.000000000,0.355418619,2.000000000,0.000000000,0.000000000,0.000000000,1.000000000,1.133690564,0.536081902,0.677054543,0.000000000,1.153273398,0.574593141,0.677411492,1,0,0,0.000000000,0.065746612,0.009299510,0.179767870,-0.009070252,-0.019158444,0.018784561,0.859735206,12.121602287,-0.543161594,-130.913618841,-0.110512573,142.885908477,44.738702330,0.000693975,0.000504923,0.004253554,0.000073076,0.000212050,0.000220783,0.000679284,0.000000000,0.000000000,0.000000000,0.000000000,0.000000000,0.000000000,0.000000000,-0.001671907,-0.000003283,0.001655126,0.000000208,-0.000576244,-0.000000636,0.000406736,0.000000000,0.000000000,0.000000000,0.000000000,0.000000000,0.000000000,0.000000000,0.304829725,-0.040324808,0.005081926,0.101392428,0.474728949,0.357775052,0.013371218
2.951000000,0,2.951000000,sample,0.216508835,0.000000787,0.000000000,0.000000000,0.000000000,0.000000000,0.000000000,0,0,2.000000000,0.080000000,0.000000000,0.000000000,0.000172393,0.000000000,0.006788956,0.000000000,0.000000000,0.000000000,0.001769629,0.097417865,7,73.965135480,0,0.000000000,0.192236224,0.028243529,0.194925374,0.028742587,0.330527991,0.079637996,0.372184840,0.017192636,0.311273756,0.000000000,0.311273880,2.000000000,0.000000000,0.000000000,0.000000000,1.000000000,1.124248059,0.574696030,0.654831462,0.000000000,1.166765751,0.588564119,0.704347587,1,0,0,0.000000000,0.066226091,0.010048573,0.180188504,-0.009067739,-0.019249311,0.018572481,0.859665842,12.121615033,-0.543172023,-130.913654511,-0.110513115,142.885866929,44.738410909,-0.000402958,0.000163106,0.000214957,0.000727928,-0.000022883,-0.000222969,-0.001521933,0.000000000,0.000000000,0.000000000,0.000000000,0.000000000,0.000000000,0.000000000,-0.000117353,-0.000000230,0.000116175,0.000000015,-0.000040447,-0.000000045,0.000028549,0.000000000,0.000000000,0.000000000,0.000000000,0.000000000,0.000000000,0.000000000,0.241696335,-0.040301163,-0.051843712,0.101326259,0.476275641,0.358957920,0.010903514
3.001000000,0,3.001000000,sample,0.216508694,-0.000002835,0.000000000,0.000000000,0.000000000,0.000000000,0.000000000,0,0,2.000000000,0.080000000,0.000000000,0.000000000,0.000137521,0.000000000,0.001417293,0.000000000,0.000000000,0.000000000,0.005425165,0.025348749,6,92.032864308,0,0.000000000,0.191053828,0.028263711,0.193398902,0.028752721,0.920454331,0.226459413,0.379860693,0.026133642,0.264257337,0.000000000,0.264257459,2.000000000,0.000000000,0.000000000,0.000000000,1.000000000,1.146545006,0.572179852,0.651623753,0.000000000,1.166328502,0.577962262,0.657295886,1,0,0,0.000000000,0.064825013,0.008325294,0.179527080,-0.009173527,-0.019033368,0.018772711,0.859735225,12.121659824,-0.543076314,-130.913522973,-0.110371347,142.885995901,44.738661531,0.000425598,0.001211713,0.000070285,-0.000064644,0.000119238,0.005204565,0.000819879,0.000000000,0.000000000,0.000000000,0.000000000,0.000000000,0.000000000,0.000000000,0.000093614,0.000000184,-0.000092675,-0.000000012,0.000032266,0.000000036,-0.000022774,0.000000000,0.000000000,0.000000000,0.000000000,0.000000000,0.000000000,0.000000000,0.244774939,-0.028193641,-0.049702727,0.093313635,0.474757061,0.356615994,0.012523337
3.051000000,0,3.051000000,sample,0.216508788,0.000001892,0.000000000,0.000000000,0.000000000,0.000000000,0.000000000,0,0,2.000000000,0.080000000,0.000000000,0.000000000,0.000137803,0.000000000,0.001566214,0.000000000,0.000000000,0.000000000,0.001088847,0.126559014,1,34.704272694,0,0.000000000,0.191191778,0.028573876,0.194602459,0.028868943,0.580593180,0.064752297,0.385183794,0.032342064,0.338734520,0.000000000,0.338734195,2.000000000,0.000000000,0.000000000,0.000000000,1.000000000,1.121229813,0.562592177,0.655188243,0.000000000,1.158886344,0.571272969,0.659479709,1,0,0,0.000000000,0.065857861,0.011031422,0.179151740,-0.009155517,-0.019177097,0.019101882,0.859543844,12.121518855,-0.543172023,-130.913619183,-0.110368070,142.885806965,44.738702330,-0.000641443,-0.000537284,-0.000383278,-0.000537071,0.000158287,-0.000156332,-0.000024948,0.000000000,0.000000000,0.000000000,0.000000000,0.000000000,0.000000000,0.000000000,-0.000093807,-0.000000184,0.000092865,0.000000012,-0.000032331,-0.000000036,0.000022821,0.000000000,0.000000000,0.000000000,0.000000000,0.000000000,0.000000000,0.000000000,0.247776884,-0.041010318,-0.053249979,0.096772945,0.475040729,0.357997162,0.013045217
3.101000000,0,3.101000000,sample,0.216508701,-0.000001747,0.000000000,0.000000000,0.000000000,0.000000000,0.000000000,0,0,2.000000000,0.080000000,0.000000000,0.000000000,0.000459243,0.000000000,0.001762943,0.000000000,0.000000000,0.000000000,0.001335019,0.343997058,3,67.895445588,0,0.000000000,0.189903065,0.028289037,0.194886314,0.028938333,0.787983071,0.104002492,0.380037213,0.017079611,0.318048285,0.000000000,0.318048021,2.000000000,0.000000000,0.000000000,0.000000000,1.000000000,1.129018216,0.560147345,0.657490875,0.000000000,1.131220684,0.563663166,0.660635965,1,0,0,0.000000000,0.064803419,0.009182594,0.178267694,-0.009191581,-0.018986181,0.018849651,0.859639497,12.121497735,-0.543076314,-130.913536175,-0.110344222,142.885894392,44.738620732,0.000331194,-0.000093974,0.001100038,-0.000252127,-0.000007162,0.000516000,-0.000351846,0.000000000,0.000000000,0.000000000,0.000000000,0.000000000,0.000000000,0.000000000,-0.000312619,-0.000000614,0.000309482,0.000000039,-0.000107747,-0.000000119,0.000076052,0.000000000,0.000000000,0.000000000,0.000000000,0.000000000,0.000000000,0.000000000,0.259382963,-0.036947424,-0.044290446,0.093102637,0.474882724,0.356911723,0.010967798
3.151000000,0,3.151000000,sample,0.216508882,0.000003615,0.000000000,0.000000000,0.000000000,0.000000000,0.000000000,0,0,2.000000000,0.080000000,0.000000000,0.000000000,0.000563250,0.000000000,0.001630845,0.000000000,0.000000000,0.000000000,0.001756541,0.320658555,7,83.762777537,0,0.000000000,0.191994197,0.028357282,0.194703959,0.028725460,0.335847691,0.057964828,0.374353818,0.026549992,0.313197842,0.000000000,0.313197873,2.000000000,0.000000000,0.000000000,0.000000000,1.000000000,1.132983769,0.565810412,0.655697125,0.000000000,1.136195473,0.565810412,0.664634816,1,0,0,0.000000000,0.066060584,0.009377177,0.180027329,-0.009075301,-0.019166615,0.018825919,0.859640002,12.121592528,-0.543076314,-130.913680820,-0.110533949,142.885952606,44.738748958,0.000097606,-0.000037988,0.000398298,0.000212869,-0.000405217,0.000349090,0.001607622,0.000000000,0.000000000,0.000000000,0.000000000,0.000000000,0.000000000,0.000000000,-0.000383420,-0.000000753,0.000379571,0.000000048,-0.000132151,-0.000000146,0.000093277,0.000000000,0.000000000,0.000000000,0.000000000,0.000000000,0.000000000,0.000000000,0.250821011,-0.035841341,-0.049925399,0.093199088,0.475699378,0.357963037,0.011699977
3.201000000,0,3.201000000,sample,0.216508722,-0.000003192,0.000000000,0.000000000,0.000000000,0.000000000,0.000000000,0,0,2.000000000,0.080000000,0.000000000,0.000000000,0.000677732,0.000000000,0.001354096,0.000000000,0.000000000,0.000000000,0.000963251,0.703587290,5,42.544530868,0,0.000000000,0.190516718,0.028334016,0.193656138,0.028610724,0.185543686,0.025364743,0.383714467,0.024071670,0.332479216,0.000000000,0.332479185,2.000000000,0.000000000,0.000000000,0.000000000,1.000000000,1.145305835,0.571599893,0.653107721,0.000000000,1.152374427,0.572308782,0.658466218,1,0,0,0.000000000,0.065170073,0.011245384,0.178670151,-0.009023525,-0.019058534,0.018925242,0.859543788,12.121517684,-0.543172023,-130.913562917,-0.110588855,142.885867678,44.738702330,-0.000463386,-0.000283749,0.000294688,-0.000346296,-0.000628292,-0.000147909,0.000096037,0.000000000,0.000000000,0.000000000,0.000000000,0.000000000,0.000000000,0.000000000,-0.000461351,-0.000000906,0.000456721,0.000000058,-0.000159009,-0.000000176,0.000112235,0.000000000,0.000000000,0.000000000,0.000000000,0.000000000,0.000000000,0.000000000,0.247116359,-0.029117221,-0.048949863,0.091957011,0.475671904,0.356894482,0.012073716
3.251000000,0,3.251000000,sample,0.216508788,0.000001319,0.000000000,0.000000000,0.000000000,0.000000000,0.000000000,0,0,2.000000000,0.080000000,0.000000000,0.000000000,0.000451240,0.000000000,0.001821591,0.000000000,0.000000000,0.000000000,0.001299220,0.347316071,7,32.520484054,0,0.000000000,0.193027191,0.028634450,0.193574707,0.028715046,0.710185944,0.108408769,0.415294775,0.039237685,0.371321249,0.000000000,0.371321401,2.000000000,0.000000000,0.000000000,0.000000000,1.000000000,1.143019232,0.569816108,0.656121648,0.000000000,1.148589372,0.575611275,0.656275437,1,0,0,0.000000000,0.066102245,0.012908381,0.180896002,-0.009052374,-0.019280047,0.019138078,0.859472813,12.121724325,-0.543283684,-130.913618678,-0.110496871,142.885908477,44.738661531,-0.000683606,0.000562134,-0.000149846,-0.000511490,0.000149069,0.000222322,0.000740903,0.000000000,0.000000000,0.000000000,0.000000000,0.000000000,0.000000000,0.000000000,-0.000307172,-0.000000603,0.000304088,0.000000038,-0.000105872,-0.000000117,0.000074728,0.000000000,0.000000000,0.000000000,0.000000000,0.000000000,0.000000000,0.000000000,0.256607064,-0.030705844,-0.037060411,0.094116492,0.475299750,0.357021299,0.010006763
3.301000000,0,3.301000000,sample,0.216509056,0.000005362,0.000000000,0.000000000,0.000000000,0.000000000,0.000000000,0,0,2.000000000,0.080000000,0.000000000,0.000000000,0.000897448,0.000000000,0.004419846,0.000000000,0.000000000,0.000000000,0.001747042,0.513695858,3,38.399026222,0,0.000000000,0.190541557,0.028164823,0.195571797,0.028811829,0.656651275,0.034461659,0.388543278,0.028153312,0.339047288,0.000000000,0.339047127,2.000000000,0.000000000,0.000000000,0.000000000,1.000000000,1.140408506,0.575089710,0.651276332,0.000000000,1.147310827,0.577998118,0.681360125,1,0,0,0.000000000,0.066406337,0.010664602,0.178276610,-0.009028933,-0.019020110,0.018707513,0.859815800,12.121290261,-0.543379393,-130.913839117,-0.110512403,142.885955074,44.738492507,-0.000023903,-0.000631865,-0.001082589,-0.000916218,0.000284097,0.000224775,-0.000713893,0.000000000,0.000000000,0.000000000,0.000000000,0.000000000,0.000000000,0.000000000,0.000610919,0.000001200,-0.000604787,-0.000000076,0.000210556,0.000000232,-0.000148619,0.000000000,0.000000000,0.000000000,0.000000000,0.000000000,0.000000000,0.000000000,0.241280305,-0.031419123,-0.054798108,0.093939629,0.474680937,0.357346229,0.010569225
3.351000000,0,3.351000000,sample,0.216508778,-0.000005555,0.000000000,0.000000000,0.000000000,0.000000000,0.000000000,0,0,2.000000000,0.080000000,0.000000000,0.000000000,0.000598794,0.000000000,0.001431847,0.000000000,0.000000000,0.000000000,0.001442213,0.415191157,3,46.349787814,0,0.000000000,0.192151640,0.028617483,0.193546985,0.028682905,0.520621476,0.088671841,0.395087645,0.035257498,0.351123121,0.000000000,0.351123337,2.000000000,0.000000000,0.000000000,0.000000000,1.000000000,1.125534782,0.569792089,0.656685170,0.000000000,1.148223629,0.579710115,0.656685170,1,0,0,0.000000000,0.065946403,0.013272302,0.179992140,-0.008974679,-0.019218364,0.019211194,0.859543844,12.121618875,-0.543379393,-130.913620209,-0.110594241,142.885865346,44.738789757,0.000193605,-0.000193772,-0.000981869,-0.000483242,-0.000228888,-0.000181811,0.000849656,0.000000000,0.000000000,0.000000000,0.000000000,0.000000000,0.000000000,0.000000000,0.000407616,0.000000801,-0.000403525,-0.000000051,0.000140490,0.000000155,-0.000099164,0.000000000,0.000000000,0.000000000,0.000000000,0.000000000,0.000000000,0.000000000,0.251607572,-0.039654386,-0.044760139,0.098834212,0.475348177,0.358531772,0.009164041
3.401000000,0,3.401000000,sample,0.216508744,-0.000000690,0.000000000,0.000000000,0.000000000,0.000000000,0.000000000,0,0,2.000000000,0.080000000,0.000000000,0.000000000,0.000593232,0.000000000,0.001720662,0.000000000,0.000000000,0.000000000,0.001551704,0.382309925,7,48.740985167,0,0.000000000,0.188823962,0.028051895,0.195040008,0.028866458,0.484478819,0.079814361,0.353674787,0.015127891,0.289901485,0.000000000,0.289901434,2.000000000,0.000000000,0.000000000,0.000000000,1.000000000,1.143059831,0.568443254,0.657837675,0.000000000,1.143059831,0.578020416,0.661058931,1,0,0,0.000000000,0.064511215,0.009579096,0.177203365,-0.009192050,-0.018847378,0.018633072,0.859596563,12.121366376,-0.543076321,-130.913568283,-0.110347976,142.885934784,44.738364281,-0.000614154,-0.000731123,0.000533080,0.000089542,0.000023960,0.000172380,-0.001083318,0.000000000,0.000000000,0.000000000,0.000000000,0.000000000,0.000000000,0.000000000,-0.000403830,-0.000000793,0.000399777,0.000000050,-0.000139183,-0.000000153,0.000098241,0.000000000,0.000000000,0.000000000,0.000000000,0.000000000,0.000000000,0.000000000,0.258766174,-0.031583887,-0.042659485,0.094568024,0.475139775,0.358043271,0.008786336
3.451000000,0,3.451000000,sample,0.216508845,0.000002022,0.000000000,0.000000000,0.000000000,0.000000000,0.000000000,0,0,2.000000000,0.080000000,0.000000000,0.000000000,0.000221281,0.000000000,0.001438951,0.000000000,0.000000000,0.000000000,0.001280392,0.172823188,7,46.680751635,0,0.000000000,0.192095574,0.028165044,0.194898697,0.028729052,0.651496496,0.128809089,0.383355868,0.017565921,0.323296504,0.000000000,0.323296078,2.000000000,0.000000000,0.000000000,0.000000000,1.000000000,1.137478408,0.570764495,0.656543291,0.000000000,1.151523590,0.572358296,0.661817190,1,0,0,0.000000000,0.066077107,0.009416226,0.180127344,-0.009055123,-0.019207896,0.018502194,0.859639504,12.121615091,-0.543076314,-130.913654511,-0.110567832,142.885908477,44.738451708,0.000696230,0.000169346,0.000518331,0.000164720,-0.000206652,0.000148991,-0.000874806,0.000000000,0.000000000,0.000000000,0.000000000,0.000000000,0.000000000,0.000000000,0.000150632,0.000000296,-0.000149120,-0.000000019,0.000051917,0.000000057,-0.000036645,0.000000000,0.000000000,0.000000000,0.000000000,0.000000000,0.000000000,0.000000000,0.254081926,-0.034227633,-0.047477806,0.092176000,0.475456886,0.358401893,0.007629634
3.501000000,0,3.501000000,sample,0.216508564,-0.000005619,0.000000000,0.000000000,0.000000000,0.000000000,0.000000000,0,0,2.000000000,0.080000000,0.000000000,0.000000000,0.000466280,0.000000000,0.004651078,0.000000000,0.000000000,0.000000000,0.001048248,0.444817953,4,43.300749453,0,0.000000000,0.189940076,0.028363075,0.195133289,0.028824162,0.452236560,0.054978759,0.362893456,0.019944852,0.296303316,0.000000000,0.296303586,2.000000000,0.000000000,0.000000000,0.000000000,1.000000000,1.127651638,0.572532620,0.654663050,0.000000000,1.145012808,0.579429513,0.682414189,1,0,0,0.000000000,0.064038839,0.009769093,0.178552022,-0.009228729,-0.018935252,0.018993442,0.859665861,12.121619371,-0.543172023,-130.913424461,-0.110247846,142.885955105,44.738620732,-0.000323699,0.000118650,0.000518088,0.000689782,0.000238564,0.000313219,-0.000284135,0.000000000,0.000000000,0.000000000,0.000000000,0.000000000,0.000000000,0.000000000,-0.000317410,-0.000000623,0.000314224,0.000000039,-0.000109400,-0.000000120,0.000077218,0.000000000,0.000000000,0.000000000,0.000000000,0.000000000,0.000000000,0.000000000,0.243920770,-0.038756560,-0.052232014,0.094480010,0.476569528,0.358750146,0.010462203
3.551000000,0,3.551000000,sample,0.216508804,0.000004808,0.000000000,0.000000000,0.000000000,0.000000000,0.000000000,0,0,2.000000000,0.080000000,0.000000000,0.000000000,0.000144942,0.000000000,0.001424820,0.000000000,0.000000000,0.000000000,0.001799402,0.080550248,7,54.710474845,0,0.000000000,0.190787988,0.028489894,0.195815056,0.028836970,0.897534994,0.028442798,0.395214155,0.028042214,0.340349414,0.000000000,0.340348849,2.000000000,0.000000000,0.000000000,0.000000000,1.000000000,1.144310043,0.574856104,0.654861314,0.000000000,1.147792108,0.578836764,0.658871838,1,0,0,0.000000000,0.065685223,0.008769547,0.178909483,-0.009212947,-0.019118031,0.019007803,0.859680740,12.121496062,-0.543076314,-130.913623549,-0.110306618,142.885847764,44.738789757,0.000770725,0.000322979,0.000775005,-0.000206497,0.000309411,0.000170482,0.001330955,0.000000000,0.000000000,0.000000000,0.000000000,0.000000000,0.000000000,0.000000000,-0.000098666,-0.000000194,0.000097676,0.000000012,-0.000034006,-0.000000037,0.000024003,0.000000000,0.000000000,0.000000000,0.000000000,0.000000000,0.000000000,0.000000000,0.245552028,-0.031398576,-0.043999080,0.099244732,0.476416912,0.358662140,0.012830853
3.601000000,0,3.601000000,sample,0.216508690,-0.000002298,0.000000000,0.000000000,0.000000000,0.000000000,0.000000000,0,0,2.000000000,0.080000000,0.000000000,0.000000000,0.000587141,0.000000000,0.004294969,0.000000000,0.000000000,0.000000000,0.001205134,0.487199466,7,27.839539806,0,0.000000000,0.190182107,0.028140711,0.194054249,0.028884673,0.265467694,0.044404348,0.381443452,0.020652788,0.320850429,0.000000000,0.320850043,2.000000000,0.000000000,0.000000000,0.000000000,1.000000000,1.144199568,0.587982919,0.654373190,0.000000000,1.164600009,0.604392753,0.681000762,1,0,0,0.000000000,0.064674118,0.009248155,0.178608410,-0.009157313,-0.018970311,0.018659328,0.859735206,12.121550712,-0.543172023,-130.913527845,-0.110367958,142.885955104,44.738451708,0.000459994,0.000631128,-0.000182162,0.000591178,0.000192312,0.000135818,-0.000635867,0.000000000,0.000000000,0.000000000,0.000000000,0.000000000,0.000000000,0.000000000,0.000399683,0.000000785,-0.000395672,-0.000000050,0.000137756,0.000000152,-0.000097233,0.000000000,0.000000000,0.000000000,0.000000000,0.000000000,0.000000000,0.000000000,0.231486375,-0.031606468,-0.065461457,0.105240918,0.478490099,0.359395093,0.011870150
3.651000000,0,3.651000000,sample,0.216508567,-0.000002452,0.000000000,0.000000000,0.000000000,0.000000000,0.000000000,0,0,2.000000000,0.080000000,0.000000000,0.000000000,0.000105446,0.000000000,0.001984336,0.000000000,0.000000000,0.000000000,0.005038813,0.020926773,7,93.301675909,0,0.000000000,0.189293539,0.028232633,0.195129786,0.028883643,0.748923749,0.310553015,0.347871409,0.028388197,0.280925019,0.000000000,0.280925887,2.000000000,0.000000000,0.000000000,0.000000000,1.000000000,1.140677937,0.568685998,0.658577408,0.000000000,1.156906510,0.588172602,0.660445389,1,0,0,0.000000000,0.063952904,0.010822939,0.177834007,-0.009190142,-0.018897713,0.018854688,0.859462383,12.121532915,-0.543076314,-130.913426085,-0.110347706,142.885908477,44.738451708,-0.000286285,-0.000151400,0.000782363,0.000980931,0.000092906,0.000113365,-0.004867131,0.000000000,0.000000000,0.000000000,0.000000000,0.000000000,0.000000000,0.000000000,0.000071780,0.000000141,-0.000071060,-0.000000009,0.000024740,0.000000027,-0.000017462,0.000000000,0.000000000,0.000000000,0.000000000,0.000000000,0.000000000,0.000000000,0.256807992,-0.031456173,-0.045236441,0.096774309,0.477401820,0.356816933,0.011913968
3.701000000,0,3.701000000,sample,0.216508801,0.000004690,0.000000000,0.000000000,0.000000000,0.000000000,0.000000000,0,0,2.000000000,0.080000000,0.000000000,0.000000000,0.001062563,0.000000000,0.001615254,0.000000000,0.000000000,0.000000000,0.001396340,0.760962999,1,70.801410276,0,0.000000000,0.189379001,0.028314612,0.194863486,0.028879611,0.512648600,0.078590937,0.373987144,0.031525438,0.322531367,0.000000000,0.322531177,2.000000000,0.000000000,0.000000000,0.000000000,1.000000000,1.137944437,0.573749439,0.658549633,0.000000000,1.155448943,0.579193146,0.661651779,1,0,0,0.000000000,0.064997833,0.010998197,0.177535144,-0.009083322,-0.018917582,0.019008828,0.859462994,12.121361320,-0.543076314,-130.913618838,-0.110526553,142.885908477,44.738748958,-0.001174930,-0.000448769,0.000249262,-0.000257328,-0.000077868,0.000151826,0.000458745,0.000000000,0.000000000,0.000000000,0.000000000,0.000000000,0.000000000,0.000000000,-0.000723317,-0.000001420,0.000716058,0.000000090,-0.000249296,-0.000000275,0.000175963,0.000000000,0.000000000,0.000000000,0.000000000,0.000000000,0.000000000,0.000000000,0.252643484,-0.033982998,-0.045899432,0.099694430,0.477630926,0.358354206,0.010453174
3.751000000,0,3.751000000,sample,0.216508797,-0.000000090,0.000000000,0.000000000,0.000000000,0.000000000,0.000000000,0,0,2.000000000,0.080000000,0.000000000,0.000000000,0.001385175,0.000000000,0.001446814,0.000000000,0.000000000,0.000000000,0.001981197,0.699160336,3,28.363844495,0,0.000000000,0.193126904,0.028554280,0.195671691,0.028895098,0.619999565,0.109007739,0.416036735,0.029830500,0.372384903,0.000000000,0.372385487,2.000000000,0.000000000,0.000000000,0.000000000,1.000000000,1.134809790,0.565493576,0.659856043,0.000000000,1.155017184,0.575261291,0.661264780,1,0,0,0.000000000,0.066392398,0.012108696,0.180951457,-0.009127956,-0.019355606,0.018904705,0.859336419,12.121715303,-0.543076314,-130.913620215,-0.110443623,142.885826879,44.738451708,-0.001041465,0.000604805,0.001055141,-0.000356627,-0.000484928,-0.000448996,-0.000892999,0.000000000,0.000000000,0.000000000,0.000000000,0.000000000,0.000000000,0.000000000,-0.000942927,-0.000001851,0.000933462,0.000000117,-0.000324994,-0.000000358,0.000229394,0.000000000,0.000000000,0.000000000,0.000000000,0.000000000,0.000000000,0.000000000,0.260900656,-0.035541419,-0.038841364,0.094121516,0.476917927,0.357987267,0.010224961
3.801000000,0,3.801000000,sample,0.216508551,-0.000004921,0.000000000,0.000000000,0.000000000,0.000000000,0.000000000,0,0,2.000000000,0.080000000,0.000000000,0.000000000,0.000923920,0.000000000,0.001644126,0.000000000,0.000000000,0.000000000,0.002130181,0.433728614,1,45.892331536,0,0.000000000,0.189109996,0.028646365,0.193612615,0.028997451,1.190056277,0.184389141,0.350608742,0.042155038,0.300752069,0.000000000,0.300751027,2.000000000,0.000000000,0.000000000,0.000000000,1.000000000,1.139529248,0.571015663,0.659484193,0.000000000,1.146653136,0.572797474,0.663746662,1,0,0,0.000000000,0.063837199,0.013588574,0.177490150,-0.009168999,-0.018864538,0.019510840,0.859377122,12.121496324,-0.543283684,-130.913424461,-0.110310051,142.885901731,44.738789757,-0.001443067,-0.000342152,-0.000303639,0.000993471,0.000159691,-0.000104750,0.001105670,0.000000000,0.000000000,0.000000000,0.000000000,0.000000000,0.000000000,0.000000000,-0.000628939,-0.000001235,0.000622626,0.000000078,-0.000216770,-0.000000239,0.000153005,0.000000000,0.000000000,0.000000000,0.000000000,0.000000000,0.000000000,0.000000000,0.259071409,-0.033315869,-0.041258353,0.095545081,0.476979493,0.358159287,0.008534200
3.851000000,0,3.851000000,sample,0.216508951,0.000008009,0.000000000,0.000000000,0.000000000,0.000000000,0.000000000,0,0,2.000000000,0.080000000,0.000000000,0.000000000,0.000970923,0.000000000,0.001634889,0.000000000,0.000000000,0.000000000,0.001928973,0.503336490,4,34.909706652,0,0.000000000,0.190813846,0.028587709,0.194728056,0.028781741,0.499248255,0.060426843,0.395437704,0.033044423,0.353041856,0.000000000,0.353041573,2.000000000,0.000000000,0.000000000,0.000000000,1.000000000,1.144461878,0.574137684,0.659634713,0.000000000,1.152158353,0.575249754,0.663092694,1,0,0,0.000000000,0.066356212,0.010213674,0.178612592,-0.009201741,-0.019122387,0.019155141,0.859736887,12.121370008,-0.543283684,-130.913754065,-0.110254959,142.885847440,44.738748958,0.000889418,-0.000650147,-0.000662056,-0.001139723,0.000229958,-0.000253387,0.000807967,0.000000000,0.000000000,0.000000000,0.000000000,0.000000000,0.000000000,0.000000000,0.000660935,0.000001298,-0.000654301,-0.000000082,0.000227795,0.000000251,-0.000160787,0.000000000,0.000000000,0.000000000,0.000000000,0.000000000,0.000000000,0.000000000,0.255371854,-0.031401620,-0.044435914,0.100822435,0.477615122,0.358543293,0.010387397
3.901000000,0,3.901000000,sample,0.216508425,-0.000010521,0.000000000,0.000000000,0.000000000,0.000000000,0.000000000,0,0,2.000000000,0.080000000,0.000000000,0.000000000,0.000104892,0.000000000,0.001759538,0.000000000,0.000000000,0.000000000,0.001850699,0.056676837,4,47.278818717,0,0.000000000,0.188386009,0.028007574,0.193924386,0.028659104,1.158132208,0.157300373,0.333032133,0.008902630,0.262353615,0.000000000,0.262354459,2.000000000,0.000000000,0.000000000,0.000000000,1.000000000,1.144383067,0.568613460,0.660220232,0.000000000,1.153507321,0.575346658,0.663716547,1,0,0,0.000000000,0.063376817,0.007952080,0.177227063,-0.009168948,-0.018870110,0.018554610,0.859775300,12.121532860,-0.543076314,-130.913317113,-0.110382756,142.885826879,44.738492507,0.000668600,-0.000474566,0.000579730,0.001272533,-0.000369368,-0.000253907,-0.000772346,0.000000000,0.000000000,0.000000000,0.000000000,0.000000000,0.000000000,0.000000000,0.000071403,0.000000140,-0.000070686,-0.000000009,0.000024610,0.000000027,-0.000017370,0.000000000,0.000000000,0.000000000,0.000000000,0.000000000,0.000000000,0.000000000,0.256842579,-0.032996909,-0.046401652,0.095630632,0.477248443,0.360079764,0.010583224
3.951000000,0,3.951000000,sample,0.216508791,0.000007324,0.000000000,0.000000000,0.000000000,0.000000000,0.000000000,0,0,2.000000000,0.080000000,0.000000000,0.000000000,0.000997620,0.000000000,0.001414418,0.000000000,0.000000000,0.000000000,0.001952027,0.511068663,7,50.589723449,0,0.000000000,0.193365667,0.028896443,0.194280023,0.028896443,0.828522140,0.138511258,0.422804680,0.043750135,0.390420241,0.000000000,0.390421016,2.000000000,0.000000000,0.000000000,0.000000000,1.000000000,1.146798727,0.567910781,0.661245533,0.000000000,1.162448476,0.576042597,0.664018817,1,0,0,0.000000000,0.066618458,0.012071555,0.181125756,-0.009155748,-0.019413087,0.019347060,0.859432128,12.121724147,-0.543172023,-130.913623608,-0.110361651,142.885780252,44.738830556,-0.000777396,0.000318296,0.000247729,-0.000807426,-0.000306402,-0.000608186,0.001388408,0.000000000,0.000000000,0.000000000,0.000000000,0.000000000,0.000000000,0.000000000,-0.000679108,-0.000001333,0.000672291,0.000000085,-0.000234065,-0.000000258,0.000165212,0.000000000,0.000000000,0.000000000,0.000000000,0.000000000,0.000000000,0.000000000,0.258654454,-0.032744285,-0.044008378,0.094973030,0.477543852,0.360767371,0.010653655
4.001000000,0,4.001000000,sample,0.216508788,-0.000000076,0.000000000,0.000000000,0.000000000,0.000000000,0.000000000,0,0,2.000000000,0.080000000,0.000000000,-0.000000000,0.000213932,0.000000000,0.001838010,0.000000000,0.000000000,0.000000000,0.000859016,0.249043608,1,47.271930184,0,0.000000000,0.191864334,0.028504756,0.194908449,0.028909463,0.518524212,0.045833708,0.394960499,0.030833257,0.348948801,0.000000000,0.348948771,2.000000000,0.000000000,0.000000000,0.000000000,1.000000000,1.139614107,0.561204488,0.661945311,0.000000000,1.150500754,0.569034293,0.675841524,1,0,0,0.000000000,0.066044591,0.010571699,0.179828456,-0.009146322,-0.019234861,0.018944287,0.859708035,12.121592534,-0.543283684,-130.913623060,-0.110343203,142.885826842,44.738579933,-0.000590613,-0.000151232,-0.000237807,-0.000446139,-0.000033317,-0.000250018,-0.000216801,0.000000000,0.000000000,0.000000000,0.000000000,0.000000000,0.000000000,0.000000000,-0.000145630,-0.000000286,0.000144168,0.000000018,-0.000050193,-0.000000055,0.000035428,0.000000000,0.000000000,0.000000000,0.000000000,0.000000000,0.000000000,0.000000000,0.260516366,-0.036444227,-0.049600366,0.087737733,0.477983724,0.360878468,0.010715427
4.051000000,0,4.051000000,sample,0.216508938,0.000002999,0.000000000,0.000000000,0.000000000,0.000000000,0.000000000,0,0,2.000000000,0.080000000,0.000000000,0.000000000,0.000338456,0.000000000,0.003732992,0.000000000,0.000000000,0.000000000,0.001352662,0.250214681,2,74.038979908,0,0.000000000,0.195131042,0.028819098,0.195131042,0.028884354,0.588808762,0.055258445,0.418027729,0.029166540,0.366078330,0.000000000,0.366077485,2.000000000,0.000000000,0.000000000,0.000000000,1.000000000,1.125460193,0.577140796,0.655982599,0.000000000,1.157078092,0.578753155,0.682337860,1,0,0,0.000000000,0.067444030,0.011223281,0.182760676,-0.009142032,-0.019514545,0.019134946,0.859639498,12.121838327,-0.543283682,-130.913739020,-0.110343537,142.885908477,44.738702330,0.000496904,0.001163910,-0.000167435,0.000135175,-0.000266275,0.000115348,0.000312378,0.000000000,0.000000000,0.000000000,0.000000000,0.000000000,0.000000000,0.000000000,0.000230396,0.000000452,-0.000228083,-0.000000029,0.000079411,0.000000088,-0.000056051,0.000000000,0.000000000,0.000000000,0.000000000,0.000000000,0.000000000,0.000000000,0.242428260,-0.040738149,-0.052572468,0.095287387,0.478011575,0.359806993,0.009078753
4.101000000,0,4.101000000,sample,0.216508906,-0.000000637,0.000000000,0.000000000,0.000000000,0.000000000,0.000000000,0,0,2.000000000,0.080000000,0.000000000,0.000000000,0.000006239,0.000000000,0.001227100,0.000000000,0.000000000,0.000000000,0.001230268,0.005071603,4,58.077073172,0,0.000000000,0.192898685,0.028558653,0.196549298,0.028883233,0.461869246,0.052544802,0.403451717,0.032058655,0.356862187,0.000000000,0.356862347,2.000000000,0.000000000,0.000000000,0.000000000,1.000000000,1.136126853,0.561779202,0.660870042,0.000000000,1.149129765,0.580287160,0.677662398,1,0,0,0.000000000,0.066612203,0.011089359,0.180692399,-0.009071632,-0.019284508,0.019010783,0.859665849,12.121633130,-0.543283684,-130.913714384,-0.110465995,142.885908477,44.738702414,0.000163578,-0.000229561,0.000006011,-0.000937566,0.000090749,0.000053355,0.000737532,0.000000000,0.000000000,0.000000000,0.000000000,0.000000000,0.000000000,0.000000000,0.000004247,0.000000008,-0.000004205,-0.000000001,0.000001464,0.000000002,-0.000001033,0.000000000,0.000000000,0.000000000,0.000000000,0.000000000,0.000000000,0.000000000,0.260003777,-0.037143926,-0.041191330,0.091650400,0.477423618,0.359998427,0.011784618
4.151000000,0,4.151000000,sample,0.216508937,0.000000628,0.000000000,0.000000000,0.000000000,0.000000000,0.000000000,0,0,2.000000000,0.080000000,0.000000000,0.000000000,0.001282189,0.000000000,0.001677025,0.000000000,0.000000000,0.000000000,0.001907285,0.672258934,7,40.219853561,0,0.000000000,0.192116342,0.028406359,0.194319254,0.028854785,0.499526198,0.045342575,0.392381585,0.023974629,0.343363137,0.000000000,0.343363332,2.000000000,0.000000000,0.000000000,0.000000000,1.000000000,1.136751439,0.564719487,0.659951169,0.000000000,1.154336121,0.568692134,0.662804178,1,0,0,0.000000000,0.066793795,0.011004547,0.179794822,-0.009128279,-0.019268870,0.018769828,0.859761802,12.121496768,-0.543379393,-130.913750220,-0.110341808,142.885824630,44.738364281,0.000451723,-0.000384444,-0.001190011,-0.000585677,-0.000115268,-0.000224417,-0.001209583,0.000000000,0.000000000,0.000000000,0.000000000,0.000000000,0.000000000,0.000000000,0.000872823,0.000001714,-0.000864062,-0.000000109,0.000300827,0.000000331,-0.000212335,0.000000000,0.000000000,0.000000000,0.000000000,0.000000000,0.000000000,0.000000000,0.258265835,-0.036235229,-0.044631881,0.092015607,0.477076850,0.359653884,0.010449753
4.201000000,0,4.201000000,sample,0.216508821,-0.000002328,0.000000000,0.000000000,0.000000000,0.000000000,0.000000000,0,0,2.000000000,0.080000000,0.000000000,0.000000000,0.000139631,0.000000000,0.001718132,0.000000000,0.000000000,0.000000000,0.001080149,0.129270423,6,48.307372234,0,0.000000000,0.191088265,0.028530416,0.194282873,0.028806636,0.341502594,0.078971138,0.365765260,0.014437825,0.297955962,0.000000000,0.297955857,2.000000000,0.000000000,0.000000000,0.000000000,1.000000000,1.134103743,0.563554607,0.661936956,0.000000000,1.137908478,0.565908905,0.662816497,1,0,0,0.000000000,0.065239414,0.013250403,0.179117198,-0.009110606,-0.018987616,0.019247128,0.859548309,12.121537365,-0.543405738,-130.913641411,-0.110363699,142.886036701,44.738620732,-0.000058453,-0.000483871,0.000076429,-0.000107609,-0.000462621,0.000750741,-0.000366227,0.000000000,0.000000000,0.000000000,0.000000000,0.000000000,0.000000000,0.000000000,-0.000095051,-0.000000187,0.000094097,0.000000012,-0.000032760,-0.000000036,0.000023124,0.000000000,0.000000000,0.000000000,0.000000000,0.000000000,0.000000000,0.000000000,0.261462443,-0.037171609,-0.040148456,0.095805301,0.477961391,0.359224663,0.011670124
4.251000000,0,4.251000000,sample,0.216508672,-0.000002980,0.000000000,0.000000000,0.000000000,0.000000000,0.000000000,0,0,2.000000000,0.080000000,0.000000000,0.000000000,0.000116400,0.000000000,0.005305547,0.000000000,0.000000000,0.000000000,0.000773052,0.150571355,7,47.024786515,0,0.000000000,0.190356220,0.028525789,0.194283040,0.028804355,0.264914191,0.036925022,0.367945380,0.024150962,0.310908506,0.000000000,0.310908379,2.000000000,0.000000000,0.000000000,0.000000000,1.000000000,1.144175438,0.558717923,0.663648847,0.000000000,1.144175438,0.604419676,0.665978263,1,0,0,0.000000000,0.064839371,0.012102440,0.178563371,-0.009136979,-0.019020114,0.019195612,0.859543788,12.121537426,-0.543283684,-130.913524434,-0.110361481,142.885887489,44.738682022,-0.000001605,-0.000467077,-0.000064990,-0.000020004,-0.000301359,0.000054597,0.000530118,0.000000000,0.000000000,0.000000000,0.000000000,0.000000000,0.000000000,0.000000000,-0.000079236,-0.000000156,0.000078441,0.000000010,-0.000027310,-0.000000030,0.000019276,0.000000000,0.000000000,0.000000000,0.000000000,0.000000000,0.000000000,0.000000000,0.271114140,-0.032376910,-0.026139884,0.091486797,0.478039395,0.357958378,0.013025363
4.301000000,0,4.301000000,sample,0.216508846,0.000003490,0.000000000,0.000000000,0.000000000,0.000000000,0.000000000,0,0,2.000000000,0.080000000,0.000000000,0.000000000,0.000265874,0.000000000,0.001480323,0.000000000,0.000000000,0.000000000,0.001667469,0.159447807,2,57.291694070,0,0.000000000,0.193954273,0.028209532,0.193954273,0.028762589,1.058445233,0.137257792,0.431002106,0.031289654,0.385292644,0.000000000,0.385292049,2.000000000,0.000000000,0.000000000,0.000000000,1.000000000,1.160553369,0.576100319,0.658527205,0.000000000,1.182512675,0.576299475,0.686862166,1,0,0,0.000000000,0.066823346,0.008298629,0.181890168,-0.009049449,-0.019433971,0.018335921,0.859761571,12.121795392,-0.543076314,-130.913658627,-0.110572295,142.885866929,44.738410909,0.000303498,0.001262128,0.000816089,-0.000272275,-0.000088041,-0.000090903,-0.000582428,0.000000000,0.000000000,0.000000000,0.000000000,0.000000000,0.000000000,0.000000000,-0.000180988,-0.000000355,0.000179171,0.000000023,-0.000062381,-0.000000069,0.000044031,0.000000000,0.000000000,0.000000000,0.000000000,0.000000000,0.000000000,0.000000000,0.255586266,-0.024831408,-0.036243752,0.093594736,0.478218345,0.358919885,0.011282183
4.351000000,0,4.351000000,sample,0.216508797,-0.000000979,0.000000000,0.000000000,0.000000000,0.000000000,0.000000000,0,0,2.000000000,0.080000000,0.000000000,0.000000000,0.000561455,0.000000000,0.001327608,0.000000000,0.000000000,0.000000000,0.001216256,0.461625905,3,37.426754537,0,0.000000000,0.191750223,0.028517715,0.195232860,0.028764248,0.287577346,0.042634810,0.381025420,0.023980208,0.322234343,0.000000000,0.322234370,2.000000000,0.000000000,0.000000000,0.000000000,1.000000000,1.132218521,0.574020609,0.659474162,0.000000000,1.165514489,0.579736227,0.661254459,1,0,0,0.000000000,0.065495474,0.011110468,0.179875091,-0.009135355,-0.019097017,0.019107833,0.859653059,12.121628569,-0.543285191,-130.913618681,-0.110361661,142.885995904,44.738702330,0.000302375,-0.000346996,-0.000744074,-0.000400493,-0.000413490,0.000544649,0.000292890,0.000000000,0.000000000,0.000000000,0.000000000,0.000000000,0.000000000,0.000000000,0.000382198,0.000000751,-0.000378362,-0.000000048,0.000131730,0.000000145,-0.000092980,0.000000000,0.000000000,0.000000000,0.000000000,0.000000000,0.000000000,0.000000000,0.250482535,-0.038378807,-0.044647218,0.102128162,0.477904631,0.360229058,0.010506720
4.401000000,0,4.401000000,sample,0.216508926,0.000002569,0.000000000,0.000000000,0.000000000,0.000000000,0.000000000,0,0,2.000000000,0.080000000,0.000000000,0.000000000,0.000135967,0.000000000,0.001471590,0.000000000,0.000000000,0.000000000,0.001775567,0.076576629,7,24.363632755,0,0.000000000,0.193520519,0.028516725,0.195192982,0.028892487,1.040611744,0.072328700,0.422932881,0.027841979,0.371619681,0.000000000,0.371619846,2.000000000,0.000000000,0.000000000,0.000000000,1.000000000,1.127475728,0.565809798,0.661882068,0.000000000,1.144120026,0.575282211,0.664196170,1,0,0,0.000000000,0.066739393,0.008082367,0.181468234,-0.009176870,-0.019329579,0.018850890,0.859762062,12.121723646,-0.543076314,-130.913714874,-0.110361396,142.885955105,44.738758064,0.000761284,0.000626663,0.000642096,-0.000825529,-0.000329784,0.000457971,0.000876411,0.000000000,0.000000000,0.000000000,0.000000000,0.000000000,0.000000000,0.000000000,-0.000092556,-0.000000182,0.000091627,0.000000012,-0.000031901,-0.000000035,0.000022517,0.000000000,0.000000000,0.000000000,0.000000000,0.000000000,0.000000000,0.000000000,0.260127950,-0.040041818,-0.039980892,0.097449589,0.478068162,0.359257151,0.010402552
4.451000000,0,4.451000000,sample,0.216509166,0.000004800,0.000000000,0.000000000,0.000000000,0.000000000,0.000000000,0,0,2.000000000,0.080000000,0.000000000,-0.000000000,0.001442780,0.000000000,0.004187680,0.000000000,0.000000000,0.000000000,0.003534289,0.408223405,4,49.009802069,0,0.000000000,0.193874279,0.028398880,0.193874279,0.028852016,1.841112947,0.141306262,0.443242021,0.042649134,0.413409623,0.000000000,0.413412528,2.000000000,0.000000000,0.000000000,0.000000000,1.000000000,1.135326985,0.552717951,0.671320143,0.000000000,1.143929750,0.613561900,0.671320143,1,0,0,0.000000000,0.068018017,0.011303341,0.181198841,-0.008999641,-0.019398935,0.018686469,0.859543788,12.121537198,-0.543172023,-130.913921754,-0.110625873,142.885906227,44.738492507,-0.000228488,-0.000724424,-0.002296745,-0.002474250,-0.000255607,-0.000018364,-0.000672000,0.000000000,0.000000000,0.000000000,0.000000000,0.000000000,0.000000000,0.000000000,0.000982141,0.000001928,-0.000972283,-0.000000123,0.000338506,0.000000374,-0.000238931,0.000000000,0.000000000,0.000000000,0.000000000,0.000000000,0.000000000,0.000000000,0.286547055,-0.037944565,-0.017090505,0.097142254,0.478158610,0.358668860,0.010678027
4.501000000,0,4.501000000,sample,0.216508665,-0.000010023,0.000000000,0.000000000,0.000000000,0.000000000,0.000000000,0,0,2.000000000,0.080000000,0.000000000,0.000000000,0.000513025,0.000000000,0.001712972,0.000000000,0.000000000,0.000000000,0.001109315,0.462469797,7,53.422114625,0,0.000000000,0.190347436,0.028412780,0.193706920,0.028873034,0.135923035,0.056593190,0.376799558,0.030496200,0.326052615,0.000000000,0.326052736,2.000000000,0.000000000,0.000000000,0.000000000,1.000000000,1.126479180,0.564025146,0.663361739,0.000000000,1.136591529,0.573969110,0.690196795,1,0,0,0.000000000,0.065047184,0.010069569,0.178604631,-0.009144869,-0.019075103,0.018968340,0.859761727,12.121532914,-0.543283684,-130.913522969,-0.110347760,142.885826629,44.738661531,0.000389441,-0.000075024,-0.000564461,0.000159238,0.000008474,-0.000268030,0.000810803,0.000000000,0.000000000,0.000000000,0.000000000,0.000000000,0.000000000,0.000000000,0.000349230,0.000000686,-0.000345725,-0.000000043,0.000120366,0.000000133,-0.000084959,0.000000000,0.000000000,0.000000000,0.000000000,0.000000000,0.000000000,0.000000000,0.258991620,-0.040495625,-0.049801876,0.096075401,0.479913007,0.359389763,0.012001497
4.551000000,0,4.551000000,sample,0.216508684,0.000000391,0.000000000,0.000000000,0.000000000,0.000000000,0.000000000,0,0,2.000000000,0.080000000,0.000000000,0.000000000,0.003153148,0.000000000,0.003709203,0.000000000,0.000000000,0.000000000,0.004712766,0.669065271,1,98.086296801,0,0.000000000,0.189924015,0.028514471,0.192958896,0.028797556,2.380474864,0.279935873,0.406644976,0.058921859,0.377579439,0.000000000,0.377572994,2.000000000,0.000000000,0.000000000,0.000000000,1.000000000,1.153685108,0.568094916,0.665032935,0.000000000,1.156184992,0.578242353,0.665032935,1,0,0,0.000000000,0.064746303,0.010864399,0.178216196,-0.009218201,-0.018983111,0.019176582,0.859550002,12.121497611,-0.543172023,-130.913527514,-0.110266288,142.885888240,44.738702330,-0.004667454,0.000324602,0.000135768,0.000190750,0.000468067,0.000211497,-0.000032151,0.000000000,0.000000000,0.000000000,0.000000000,0.000000000,0.000000000,0.000000000,-0.002146437,-0.000004214,0.002124894,0.000000267,-0.000739791,-0.000000815,0.000522173,0.000000000,0.000000000,0.000000000,0.000000000,0.000000000,0.000000000,0.000000000,0.266737431,-0.028985638,-0.033392975,0.098263966,0.479784465,0.359382139,0.012658096
4.601000000,0,4.601000000,sample,0.216509058,0.000007480,0.000000000,0.000000000,0.000000000,0.000000000,0.000000000,0,0,2.000000000,0.080000000,0.000000000,0.000000000,0.000515653,0.000000000,0.004187971,0.000000000,0.000000000,0.000000000,0.001576625,0.327061207,7,39.177732015,0,0.000000000,0.193532575,0.028286155,0.194394412,0.028782483,0.846056701,0.075028986,0.420392432,0.031301784,0.377871239,0.000000000,0.377871983,2.000000000,0.000000000,0.000000000,0.000000000,1.000000000,1.134720356,0.545277699,0.676075817,0.000000000,1.160619143,0.609018511,0.688669508,1,0,0,0.000000000,0.067578929,0.010293273,0.181057987,-0.009040765,-0.019392358,0.018501557,0.859604063,12.121578833,-0.543131333,-130.913834255,-0.110571520,142.885867594,44.738364281,-0.000147931,0.000177277,-0.000704012,-0.000968654,-0.000092872,-0.000126598,-0.000986843,0.000000000,0.000000000,0.000000000,0.000000000,0.000000000,0.000000000,0.000000000,0.000351019,0.000000689,-0.000347496,-0.000000044,0.000120983,0.000000134,-0.000085395,0.000000000,0.000000000,0.000000000,0.000000000,0.000000000,0.000000000,0.000000000,0.297500008,-0.041129292,-0.003452383,0.093307645,0.477888986,0.360113611,0.010134354
4.651000000,0,4.651000000,sample,0.216508795,-0.000005271,0.000000000,0.000000000,0.000000000,0.000000000,0.000000000,0,0,2.000000000,0.080000000,0.000000000,0.000000000,0.000265357,0.000000000,0.004122196,0.000000000,0.000000000,0.000000000,0.001811387,0.146493728,7,28.911828027,0,0.000000000,0.192697783,0.028581027,0.195813377,0.028669002,0.927456791,0.052533288,0.416976229,0.032051818,0.365299232,0.000000000,0.365298402,2.000000000,0.000000000,0.000000000,0.000000000,1.000000000,1.129148566,0.583489991,0.657480299,0.000000000,1.156012479,0.607129902,0.674202887,1,0,0,0.000000000,0.065889772,0.011995281,0.180685049,-0.009178465,-0.019219311,0.019059092,0.859548818,12.121709128,-0.543283684,-130.913618730,-0.110288844,142.885955021,44.738492507,-0.000674847,0.000959610,-0.000716430,-0.000200894,0.000337600,0.000537230,-0.000973978,0.000000000,0.000000000,0.000000000,0.000000000,0.000000000,0.000000000,0.000000000,0.000180636,0.000000355,-0.000178823,-0.000000022,0.000062259,0.000000069,-0.000043945,0.000000000,0.000000000,0.000000000,0.000000000,0.000000000,0.000000000,0.000000000,0.234370179,-0.039761241,-0.067443731,0.101551355,0.480110095,0.360955223,0.010690882
4.701000000,0,4.701000000,sample,0.216508924,0.000002591,0.000000000,0.000000000,0.000000000,0.000000000,0.000000000,0,0,2.000000000,0.080000000,0.000000000,0.000000000,0.000479974,0.000000000,0.001169239,0.000000000,0.000000000,0.000000000,0.002703561,0.177534020,7,50.095404322,0,0.000000000,0.191634880,0.028743058,0.195906043,0.029086762,0.556963012,0.130133815,0.401248109,0.041192478,0.359620269,0.000000000,0.359620073,2.000000000,0.000000000,0.000000000,0.000000000,1.000000000,1.130584538,0.569072312,0.660688327,0.000000000,1.154419930,0.581825143,0.665285386,1,0,0,0.000000000,0.066282808,0.011130230,0.179462070,-0.009189414,-0.019155247,0.019359612,0.859640188,12.121490810,-0.543283684,-130.913727611,-0.110272958,142.885908477,44.738871355,0.000494154,-0.000734163,-0.000589934,-0.001535105,0.000271499,0.000293569,0.001913529,0.000000000,0.000000000,0.000000000,0.000000000,0.000000000,0.000000000,0.000000000,0.000326732,0.000000642,-0.000323453,-0.000000041,0.000112611,0.000000124,-0.000079486,0.000000000,0.000000000,0.000000000,0.000000000,0.000000000,0.000000000,0.000000000,0.253409053,-0.039469734,-0.047873131,0.093237726,0.479401983,0.360286372,0.010835882
4.751000000,0,4.751000000,sample,0.216508689,-0.000004711,0.000000000,0.000000000,0.000000000,0.000000000,0.000000000,0,0,2.000000000,0.080000000,0.000000000,0.000000000,0.000288001,0.000000000,0.001413947,0.000000000,0.000000000,0.000000000,0.001419754,0.202853106,1,36.858293554,0,0.000000000,0.188726336,0.028306611,0.195352058,0.028929322,0.928847408,0.061581437,0.351326555,0.018996513,0.289548836,0.000000000,0.289548323,2.000000000,0.000000000,0.000000000,0.000000000,1.000000000,1.136410753,0.575439552,0.661209595,0.000000000,1.143684707,0.575439552,0.664701959,1,0,0,0.000000000,0.064483205,0.008054883,0.177185398,-0.009250816,-0.018889301,0.018944154,0.859750275,12.121382919,-0.543076314,-130.913527359,-0.110247842,142.885867428,44.738748958,0.000861947,-0.000732133,0.000497339,0.000301222,0.000437769,-0.000227593,0.000393965,0.000000000,0.000000000,0.000000000,0.000000000,0.000000000,0.000000000,0.000000000,0.000196051,0.000000385,-0.000194083,-0.000000024,0.000067570,0.000000074,-0.000047694,0.000000000,0.000000000,0.000000000,0.000000000,0.000000000,0.000000000,0.000000000,0.253930244,-0.035453445,-0.055181644,0.096206064,0.479541386,0.359352710,0.008104434
4.801000000,0,4.801000000,sample,0.216508671,-0.000000359,0.000000000,0.000000000,0.000000000,0.000000000,0.000000000,0,0,2.000000000,0.080000000,0.000000000,0.000000000,0.000235628,0.000000000,0.001584317,0.000000000,0.000000000,0.000000000,0.000968096,0.243393540,7,42.217077216,0,0.000000000,0.191122475,0.028477307,0.194642621,0.028946070,0.338638157,0.074021332,0.372908188,0.019376427,0.317752858,0.000000000,0.317752861,2.000000000,0.000000000,0.000000000,0.000000000,1.000000000,1.128567917,0.572225418,0.664208979,0.000000000,1.174219507,0.585070758,0.664287061,1,0,0,0.000000000,0.065330638,0.010842548,0.179282312,-0.009183773,-0.019165180,0.018955506,0.859558931,12.121602504,-0.543172023,-130.913522985,-0.110320597,142.885806965,44.738533306,0.000046584,-0.000263399,0.000490882,0.000177942,-0.000171471,-0.000409837,-0.000629017,0.000000000,0.000000000,0.000000000,0.000000000,0.000000000,0.000000000,0.000000000,-0.000160399,-0.000000315,0.000158789,0.000000020,-0.000055283,-0.000000061,0.000039021,0.000000000,0.000000000,0.000000000,0.000000000,0.000000000,0.000000000,0.000000000,0.259136363,-0.040666139,-0.046486012,0.104006122,0.478701177,0.360794621,0.007898124
4.851000000,0,4.851000000,sample,0.216508797,0.000002531,0.000000000,0.000000000,0.000000000,0.000000000,0.000000000,0,0,2.000000000,0.080000000,0.000000000,0.000000000,0.000559963,0.000000000,0.001977584,0.000000000,0.000000000,0.000000000,0.001076409,0.520214262,3,33.268455112,0,0.000000000,0.189517172,0.028331516,0.195275900,0.028727012,0.333270533,0.022251475,0.382399724,0.027285714,0.332952710,0.000000000,0.332952537,2.000000000,0.000000000,0.000000000,0.000000000,1.000000000,1.127337324,0.563635656,0.661754799,0.000000000,1.144714601,0.574410957,0.665032929,1,0,0,0.000000000,0.065176577,0.011112489,0.177609924,-0.009100011,-0.018961174,0.018982583,0.859544514,12.121359797,-0.543172023,-130.913623060,-0.110465241,142.885867678,44.738661531,-0.000217989,-0.000468878,0.000620860,-0.000601441,0.000223900,-0.000140738,0.000272309,0.000000000,0.000000000,0.000000000,0.000000000,0.000000000,0.000000000,0.000000000,-0.000381183,-0.000000748,0.000377357,0.000000047,-0.000131377,-0.000000145,0.000092731,0.000000000,0.000000000,0.000000000,0.000000000,0.000000000,0.000000000,0.000000000,0.258902625,-0.040548010,-0.045239477,0.093382866,0.478547813,0.359652147,0.010957102
4.901000000,0,4.901000000,sample,0.216508529,-0.000005371,0.000000000,0.000000000,0.000000000,0.000000000,0.000000000,0,0,2.000000000,0.080000000,0.000000000,0.000000000,0.000737738,0.000000000,0.004393518,0.000000000,0.000000000,0.000000000,0.001395993,0.528468630,4,53.262231842,0,0.000000000,0.189862946,0.028185887,0.194890441,0.028864089,0.816438559,0.071397798,0.343671116,0.019889550,0.279196322,0.000000000,0.279197306,2.000000000,0.000000000,0.000000000,0.000000000,1.000000000,1.128844627,0.568623125,0.662551629,0.000000000,1.164834618,0.585357458,0.686611910,1,0,0,0.000000000,0.064156475,0.011392739,0.178331407,-0.009014580,-0.018980524,0.018786199,0.859641682,12.121591029,-0.543283684,-130.913411330,-0.110565065,142.885867678,44.738533306,0.000359080,-0.000446496,-0.000705720,0.001018809,-0.000035456,-0.000238891,-0.000161740,0.000000000,0.000000000,0.000000000,0.000000000,0.000000000,0.000000000,0.000000000,0.000502199,0.000000986,-0.000497159,-0.000000063,0.000173089,0.000000191,-0.000122173,0.000000000,0.000000000,0.000000000,0.000000000,0.000000000,0.000000000,0.000000000,0.251627145,-0.042222336,-0.046183283,0.101032883,0.479641434,0.362369368,0.012950416
4.951000000,0,4.951000000,sample,0.216508670,0.000002817,0.000000000,0.000000000,0.000000000,0.000000000,0.000000000,0,0,2.000000000,0.080000000,0.000000000,0.000000000,0.005281061,0.000000000,0.005281061,0.000000000,0.000000000,0.000000000,0.007079184,0.745998578,3,85.873558994,0,0.000000000,0.186088941,0.027967790,0.194267147,0.028853656,3.348652802,0.362388047,0.332905456,0.059872921,0.303882649,0.000000000,0.303881405,2.000000000,0.000000000,0.000000000,0.000000000,1.000000000,1.149309781,0.566080274,0.663447683,0.000000000,1.160525282,0.574452251,0.663447683,1,0,0,0.000000000,0.063501050,0.010395770,0.174609962,-0.009007748,-0.018577243,0.018866473,0.859873076,12.121111034,-0.543405738,-130.913529697,-0.110544532,142.885908477,44.738709160,0.001441025,-0.001798902,-0.006560138,0.001224220,-0.000155981,0.000025864,0.000493084,0.000000000,0.000000000,0.000000000,0.000000000,0.000000000,0.000000000,0.000000000,0.003594976,0.000007061,-0.003558898,-0.000000448,0.001239006,0.000001368,-0.000874539,0.000000000,0.000000000,0.000000000,0.000000000,0.000000000,0.000000000,0.000000000,0.262686040,-0.032100735,-0.035714577,0.094384539,0.479221937,0.360736782,0.012639293
5.000000000,0,5.000000000,disturb_auto_push,0.000000000,,0.000000000,0.000000000,0.000000000,0.000000000,0.000000000,0,0,0.000000000,0.000000000,0.000000000,0.000000000,0.000000000,0.000000000,0.000000000,0.000000000,0.000000000,0.000000000,0.001044369,0.000000000,1,54.613064161,0,0.000000000,0.000000000,0.000000000,0.000000000,0.000000000,0.439242210,0.077165580,0.000000000,0.000000000,0.000000000,0.000000000,0.000000000,0.000000000,0.000000000,0.000000000,0.000000000,1.000000000,0.000000000,0.000000000,0.000000000,0.000000000,0.000000000,0.000000000,0.000000000,0,0,0,0.000000000,0.000000000,0.000000000,0.000000000,0.000000000,0.000000000,0.000000000,0.859438740,12.121535923,-0.543172023,-130.913618675,-0.110328134,142.885845192,44.738748958,-0.000771796,-0.000416584,0.000040073,-0.000072620,-0.000009799,0.000069541,0.000556494,0.000000000,0.000000000,0.000000000,0.000000000,0.000000000,0.000000000,0.000000000,0.000000000,0.000000000,0.000000000,0.000000000,0.000000000,0.000000000,0.000000000,0.000000000,0.000000000,0.000000000,0.000000000,0.000000000,0.000000000,0.000000000,0.000000000,0.000000000,0.000000000,0.000000000,0.000000000,0.000000000,0.000000000
5.000000000,0,5.000000000,sample,0.216508792,0.000002490,0.000000000,0.000000000,0.000000000,0.000000000,0.000000000,0,0,2.000000000,0.080000000,0.000000000,0.000000000,0.000647377,0.000000000,0.003231517,0.000000000,0.000000000,0.000000000,0.001044369,0.619873966,1,54.613064161,0,0.000000000,0.191305264,0.028690004,0.194818419,0.028690004,0.439242210,0.077165580,0.374050976,0.031270552,0.321298994,0.000000000,0.321298803,2.000000000,0.000000000,0.000000000,0.000000000,1.000000000,1.134519486,0.577235361,0.659523624,0.000000000,1.163617651,0.578170945,0.687209102,1,0,0,0.000000000,0.065761224,0.011965999,0.179248376,-0.009179470,-0.019155346,0.019285393,0.859438740,12.121535923,-0.543172023,-130.913618675,-0.110328134,142.885845192,44.738748958,-0.000771796,-0.000416584,0.000040073,-0.000072620,-0.000009799,0.000069541,0.000556494,0.000000000,0.000000000,0.000000000,0.000000000,0.000000000,0.000000000,0.000000000,-0.000440688,-0.000000865,0.000436265,0.000000055,-0.000151888,-0.000000167,0.000107208,0.000000000,0.000000000,0.000000000,0.000000000,0.000000000,0.000000000,0.000000000,0.244897553,-0.037407226,-0.055336204,0.100548962,0.479863197,0.360588320,0.011510186
5.050000000,0,5.050000000,sample,0.216508683,-0.000002169,0.000000000,0.000000000,0.000000000,0.000000000,0.000000000,0,0,2.000000000,0.080000000,0.000000000,0.000000000,0.000172785,0.000000000,0.001119792,0.000000000,0.000000000,0.000000000,0.001198439,0.144174725,1,55.666529885,0,0.000000000,0.191266354,0.028365050,0.193970435,0.028825184,0.734143982,0.077015737,0.397935123,0.034876929,0.352383090,0.000000000,0.352832380,2.000000000,0.001541333,0.030826663,0.003343297,1.000000000,1.142005291,0.569489987,0.660583654,0.000000000,1.159902069,0.577851896,0.663855422,1,0,0,0.000000000,0.065259025,0.011566150,0.179416560,-0.009062650,-0.019132522,0.018878322,0.859615181,12.121617594,-0.543283684,-130.913536283,-0.110483251,142.885867345,44.738533306,-0.000894155,0.000364551,-0.000427335,-0.000004928,0.000353987,-0.000211064,-0.000389037,0.000000000,0.000000000,0.000000000,0.000000000,0.000000000,0.000000000,0.000000000,-0.000117619,-0.000000231,0.000116439,0.000000015,-0.000040539,-0.000000045,0.000028614,0.000000000,0.000000000,0.000000000,0.000000000,0.000000000,0.000000000,0.000000000,0.256561730,-0.034124533,-0.046241867,0.088999103,0.479262860,0.359899427,0.010135213
5.100000000,0,5.100000000,sample,0.216508524,-0.000003186,0.000000000,0.000000000,0.000000000,0.000000000,0.000000000,0,0,2.000000000,0.080000000,0.000000000,0.000000000,0.001053351,0.000000000,0.005756150,0.000000000,0.000000000,0.000000000,0.001739133,0.605675631,3,43.625710669,0,0.000000000,0.189386639,0.028232994,0.195869256,0.028875329,0.801295883,0.064430555,0.357664075,0.021334254,0.293556894,0.000000000,0.295523123,2.000000000,0.006155830,0.123116594,0.013352494,1.000000000,1.139988195,0.576413269,0.659321421,0.000000000,1.143404066,0.607401150,0.686007051,1,0,0,0.000000000,0.064065204,0.011290692,0.177863625,-0.009166623,-0.018947733,0.018816439,0.859722349,12.121537427,-0.543379393,-130.913411306,-0.110280813,142.885847763,44.738323485,0.000049440,-0.000246463,-0.001148693,0.000595280,0.000296284,0.000255315,-0.001065163,0.000000000,0.000000000,0.000000000,0.000000000,0.000000000,0.000000000,0.000000000,0.000717045,0.000001408,-0.000709849,-0.000000089,0.000247137,0.000000272,-0.000174439,0.000000000,0.000000000,0.000000000,0.000000000,0.000000000,0.000000000,0.000000000,0.248116308,-0.034983865,-0.048506210,0.094668128,0.480264112,0.360310816,0.011258566
5.150000000,0,5.150000000,sample,0.216508891,0.000007335,0.000000000,0.000000000,0.000000000,0.000000000,0.000000000,0,0,2.000000000,0.080000000,0.000000000,0.000000000,0.000540824,0.000000000,0.002125843,0.000000000,0.000000000,0.000000000,0.001390515,0.388938193,4,47.161281134,0,0.000000000,0.193588920,0.028958155,0.195352871,0.028958155,0.731930796,0.096772810,0.418970879,0.037981574,0.380633537,0.000000000,0.384149858,2.000000000,0.013815040,0.276300796,0.029966163,1.000000000,1.144334622,0.573567021,0.661254055,0.000000000,1.156926119,0.582426656,0.665815618,1,0,0,0.000000000,0.067597586,0.010457079,0.181101866,-0.009167688,-0.019551259,0.019294467,0.859604642,12.121633062,-0.543172023,-130.913714384,-0.110341029,142.885641493,44.738933373,-0.000446280,0.000138450,0.000065527,-0.000954923,-0.000242475,-0.000253003,0.000822326,0.000000000,0.000000000,0.000000000,0.000000000,0.000000000,0.000000000,0.000000000,-0.000368154,-0.000000723,0.000364459,0.000000046,-0.000126889,-0.000000140,0.000089563,0.000000000,0.000000000,0.000000000,0.000000000,0.000000000,0.000000000,0.000000000,0.249952392,-0.034535359,-0.052474248,0.098900312,0.479531888,0.361879931,0.012054070
5.200000000,0,5.200000000,sample,0.216508801,-0.000001799,0.000000000,0.000000000,0.000000000,0.000000000,0.000000000,0,0,2.000000000,0.080000000,0.000000000,0.000000000,0.000660669,0.000000000,0.001275005,0.000000000,0.000000000,0.000000000,0.001486949,0.444311583,3,47.503937423,0,0.000000000,0.191080255,0.028495879,0.194250716,0.028808808,0.815001972,0.053283175,0.399977274,0.027849181,0.351496062,0.000000000,0.354263369,2.000000000,0.024471742,0.489434837,0.053081195,1.000000000,1.165455506,0.574581170,0.662665468,0.000000000,1.170256261,0.577091281,0.665350346,1,0,0,0.000000000,0.065705332,0.008363502,0.179233159,-0.009199784,-0.019134857,0.019006218,0.859726869,12.121537427,-0.543076314,-130.913619163,-0.110327491,142.885867678,44.738851046,0.000244249,-0.000050003,0.001024852,-0.000683184,-0.000028352,-0.000136326,0.000782567,0.000000000,0.000000000,0.000000000,0.000000000,0.000000000,0.000000000,0.000000000,-0.000449736,-0.000000883,0.000445222,0.000000056,-0.000155006,-0.000000171,0.000109410,0.000000000,0.000000000,0.000000000,0.000000000,0.000000000,0.000000000,0.000000000,0.261383907,-0.024576619,-0.036914627,0.092614073,0.479637047,0.360687970,0.010601933
5.250000000,0,5.250000000,sample,0.216508812,0.000000223,0.000000000,0.000000000,0.000000000,0.000000000,0.000000000,0,0,2.000000000,0.080000000,0.000000000,0.000000000,0.003274297,0.000000000,0.004109664,0.000000000,0.000000000,0.000000000,0.004081095,0.802308361,3,81.891613127,0,0.000000000,0.191643954,0.028366401,0.195288598,0.028761794,1.342464687,0.174689787,0.396940261,0.043553057,0.356840678,0.000000000,0.382209247,2.000000000,0.038060234,0.761204675,0.082556160,1.000000000,1.140892310,0.599325727,0.654764636,0.000000000,1.160890890,0.609898965,0.666893006,1,0,0,0.000000000,0.065909520,0.007499304,0.179797388,-0.009183408,-0.019183058,0.018770402,0.859919801,12.121592532,-0.543171968,-130.913631891,-0.110320597,142.885887481,44.738709160,0.001379443,-0.000311553,-0.003693146,-0.000606019,-0.000102529,0.000173641,0.000779848,0.000000000,0.000000000,0.000000000,0.000000000,0.000000000,0.000000000,0.000000000,0.002228906,0.000004376,-0.002206534,-0.000000277,0.000768220,0.000000846,-0.000542240,0.000000000,0.000000000,0.000000000,0.000000000,0.000000000,0.000000000,0.000000000,0.215140157,-0.034698278,-0.088622414,0.096743517,0.483059648,0.361314846,0.010917363
5.300000000,0,5.300000000,sample,0.216508668,-0.000002882,0.000000000,0.000000000,0.000000000,0.000000000,0.000000000,0,0,2.000000000,0.080000000,0.000000000,0.000000000,0.000328163,0.000000000,0.002113485,0.000000000,0.000000000,0.000000000,0.001067889,0.307300607,3,30.424782244,0,0.000000000,0.190807467,0.028203873,0.195903017,0.028777071,0.516339612,0.057464023,0.388578750,0.031850910,0.338781642,0.000000000,0.370777394,2.000000000,0.054496738,1.089934758,0.118208406,1.000000000,1.146226503,0.567478225,0.666557272,0.000000000,1.169667940,0.587863510,0.679224337,1,0,0,0.000000000,0.065083072,0.009811068,0.179096137,-0.009096480,-0.019094630,0.018657642,0.859798344,12.121592534,-0.543283684,-130.913523148,-0.110428041,142.885867428,44.738451708,-0.000389099,0.000325197,-0.000589033,0.000207293,0.000524268,-0.000160304,-0.000439035,0.000000000,0.000000000,0.000000000,0.000000000,0.000000000,0.000000000,0.000000000,0.000223390,0.000000439,-0.000221148,-0.000000028,0.000076994,0.000000085,-0.000054345,0.000000000,0.000000000,0.000000000,0.000000000,0.000000000,0.000000000,0.000000000,0.264604484,-0.033073595,-0.048259760,0.097441579,0.480744898,0.360727841,0.011184923
5.350000000,0,5.350000000,sample,0.216509074,0.000008130,0.000000000,0.000000000,0.000000000,0.000000000,0.000000000,0,0,2.000000000,0.080000000,0.000000000,0.000000000,0.000425988,0.000000000,0.003833127,0.000000000,0.000000000,0.000000000,0.001150683,0.370204395,4,27.165184599,0,0.000000000,0.193782748,0.028300365,0.195267260,0.028562976,0.393640419,0.012132141,0.387828180,0.024440422,0.334802765,0.000000000,0.370974973,2.000000000,0.073679918,1.473598356,0.159818988,1.000000000,1.129579282,0.563923021,0.668354969,0.000000000,1.168962042,0.575632487,0.693038516,1,0,0,0.000000000,0.067820562,0.004634064,0.181468042,-0.009157076,-0.019439373,0.018416552,0.860234789,12.121613585,-0.543172023,-130.913847390,-0.110361406,142.885867678,44.738702330,0.000088573,-0.000582944,0.000530217,-0.000599739,-0.000158324,-0.000089906,0.000549943,0.000000000,0.000000000,0.000000000,0.000000000,0.000000000,0.000000000,0.000000000,-0.000289982,-0.000000569,0.000287071,0.000000036,-0.000099946,-0.000000110,0.000070546,0.000000000,0.000000000,0.000000000,0.000000000,0.000000000,0.000000000,0.000000000,0.265186594,-0.040580250,-0.051924872,0.100126614,0.481325313,0.360843006,0.011154179
5.400000000,0,5.400000000,sample,0.216508549,-0.000010508,0.000000000,0.000000000,0.000000000,0.000000000,0.000000000,0,0,2.000000000,0.080000000,0.000000000,0.000000000,0.001477135,0.000000000,0.003121226,0.000000000,0.000000000,0.000000000,0.001937477,0.762401374,4,29.433058903,0,0.000000000,0.188846108,0.027796417,0.194753221,0.028482774,0.359284599,0.022767299,0.368966401,0.024307823,0.308342120,0.000000000,0.376745006,2.000000000,0.095491503,1.909830056,0.207128953,1.000000000,1.150288671,0.558868140,0.672831079,0.000000000,1.160280314,0.579657478,0.675969481,1,0,0,0.000000000,0.064055394,0.001843274,0.177641103,-0.009186778,-0.018909830,0.018184120,0.860640704,12.121506634,-0.543283686,-130.913424950,-0.110279808,142.885867678,44.738702330,0.001038517,0.000616292,-0.001010664,0.001051125,0.000385133,-0.000143924,0.000011789,0.000000000,0.000000000,0.000000000,0.000000000,0.000000000,0.000000000,0.000000000,0.001005528,0.000001975,-0.000995436,-0.000000125,0.000346565,0.000000382,-0.000244619,0.000000000,0.000000000,0.000000000,0.000000000,0.000000000,0.000000000,0.000000000,0.283157075,-0.030965537,-0.040720542,0.096886248,0.480802987,0.359507952,0.010113343
5.450000000,0,5.450000000,sample,0.216508679,0.000002596,0.000000000,0.000000000,0.000000000,0.000000000,0.000000000,0,0,2.000000000,0.080000000,0.000000000,0.000000000,0.000341206,0.000000000,0.001637361,0.000000000,0.000000000,0.000000000,0.000922314,0.369945401,7,61.535680593,0,0.000000000,0.189944528,0.027483015,0.194936430,0.028239861,0.208975710,0.050536070,0.370658558,0.017686427,0.310436669,0.000000000,0.405111023,2.000000000,0.119797017,2.395940344,0.259850446,1.000000000,1.156082595,0.545436854,0.677860819,0.000000000,1.156082595,0.557436111,0.680974006,1,0,0,0.000000000,0.064839117,-0.000997821,0.178532398,-0.009155916,-0.019005235,0.017614948,0.860841924,12.121537260,-0.543173530,-130.913522967,-0.110368932,142.885901731,44.738513179,-0.000371487,-0.000239148,0.000215861,0.000068213,-0.000265846,0.000100422,-0.000723506,0.000000000,0.000000000,0.000000000,0.000000000,0.000000000,0.000000000,0.000000000,-0.000232268,-0.000000456,0.000229937,0.000000029,-0.000080054,-0.000000088,0.000056505,0.000000000,0.000000000,0.000000000,0.000000000,0.000000000,0.000000000,0.000000000,0.295499790,-0.029975065,-0.044092366,0.095680075,0.479713983,0.360441036,0.011601682
5.500000000,0,5.500000000,sample,0.216508827,0.000002974,0.000000000,0.000000000,0.000000000,0.000000000,0.000000000,0,0,2.000000000,0.080000000,0.000000000,0.000000000,0.000424088,0.000000000,0.001767364,0.000000000,0.000000000,0.000000000,0.000691146,0.613601539,3,45.784435092,0,0.000000000,0.192240890,0.027270633,0.194961051,0.027999806,0.243515059,0.017759250,0.384310931,0.022921121,0.327165471,0.000000000,0.446651147,2.000000000,0.146446609,2.928932188,0.317659016,1.000000000,1.143223328,0.541088696,0.681942239,0.000000000,1.157396154,0.557856280,0.683358832,1,0,0,0.000000000,0.066262237,-0.008323978,0.180268098,-0.009161550,-0.019253148,0.017002050,0.861533640,12.121632969,-0.543076317,-130.913641413,-0.110388523,142.885867678,44.738702330,-0.000021334,0.000155768,0.000467658,0.000261875,-0.000193816,-0.000200767,0.000296326,0.000000000,0.000000000,0.000000000,0.000000000,0.000000000,0.000000000,0.000000000,-0.000288689,-0.000000567,0.000285791,0.000000036,-0.000099501,-0.000000110,0.000070231,0.000000000,0.000000000,0.000000000,0.000000000,0.000000000,0.000000000,0.000000000,0.297347172,-0.037774142,-0.050102078,0.099301798,0.480877171,0.362568028,0.011554076
5.550000000,0,5.550000000,sample,0.216508682,-0.000002906,0.000000000,0.000000000,0.000000000,0.000000000,0.000000000,0,0,2.000000000,0.080000000,0.000000000,0.000000000,0.000116154,0.000000000,0.004057314,0.000000000,0.000000000,0.000000000,0.001907209,0.060902594,7,49.456088633,0,0.000000000,0.189918020,0.026534039,0.193699368,0.027481673,0.931114261,0.036108273,0.402184789,0.027565926,0.349361374,0.000000000,0.525350951,2.000000000,0.175275976,3.505519517,0.380189886,1.000000000,1.180195539,0.530466693,0.692045741,0.000000000,1.180195539,0.542798083,0.717049220,1,0,0,0.000000000,0.064614479,-0.013100191,0.178107294,-0.009161619,-0.018916572,0.016195163,0.862257166,12.121497234,-0.543283684,-130.913527369,-0.110322862,142.885955104,44.738364281,-0.000847083,0.000688757,-0.000654749,-0.000256923,0.000121051,0.000370422,-0.001341245,0.000000000,0.000000000,0.000000000,0.000000000,0.000000000,0.000000000,0.000000000,0.000079069,0.000000155,-0.000078276,-0.000000010,0.000027252,0.000000030,-0.000019236,0.000000000,0.000000000,0.000000000,0.000000000,0.000000000,0.000000000,0.000000000,0.330502201,-0.021841218,-0.027399115,0.088790534,0.480368765,0.360168108,0.010434427
5.600000000,0,5.600000000,sample,0.216508819,0.000002743,0.000000000,0.000000000,0.000000000,0.000000000,0.000000000,0,0,2.000000000,0.080000000,0.000000000,0.000000000,0.000249824,0.000000000,0.003915474,0.000000000,0.000000000,0.000000000,0.001231958,0.202785875,2,49.414215261,0,0.000000000,0.194186662,0.026127036,0.195775756,0.026878757,0.857907820,0.083036749,0.430331842,0.033292874,0.381084009,0.000000000,0.564242958,2.000000000,0.206107374,4.122147477,0.447074821,1.000000000,1.157885776,0.567773523,0.671664019,0.000000000,1.177605392,0.573559528,0.704619570,1,0,0,0.000000000,0.066291169,-0.026040880,0.180653849,-0.009198955,-0.019258521,0.015070189,0.863451300,12.121688225,-0.543089878,-130.913631830,-0.110320597,142.885908477,44.738620732,-0.000030907,0.000866008,0.000346117,-0.000678305,0.000247317,0.000127241,0.000330977,0.000000000,0.000000000,0.000000000,0.000000000,0.000000000,0.000000000,0.000000000,-0.000170062,-0.000000334,0.000168355,0.000000021,-0.000058614,-0.000000065,0.000041372,0.000000000,0.000000000,0.000000000,0.000000000,0.000000000,0.000000000,0.000000000,0.255818622,-0.027283977,-0.110193628,0.092682774,0.483124753,0.361497512,0.011057128
5.650000000,0,5.650000000,sample,0.216508616,-0.000004054,0.000000000,0.000000000,0.000000000,0.000000000,0.000000000,0,0,2.000000000,0.080000000,0.000000000,0.000000000,0.003925846,0.000000000,0.004677621,0.000000000,0.000000000,0.000000000,0.004243970,0.925040737,1,52.561187482,0,0.000000000,0.202447888,0.023774511,0.202447888,0.026559538,0.158317986,0.046218348,0.407263288,0.024828347,0.343355442,0.000000000,0.559601681,2.000000000,0.238750718,4.775014353,0.517889779,1.000000000,1.137508611,0.533365132,0.691986948,0.000000000,1.166992295,0.562200950,0.720031433,1,0,0,0.000000000,0.065715610,-0.066741665,0.179477453,-0.009048023,-0.019168938,0.010766266,0.868809795,12.121628625,-0.544023635,-130.913522967,-0.110245581,142.885826851,44.738702330,0.003076840,-0.000182739,-0.002765579,-0.000073958,0.000359073,-0.000485229,0.000701904,0.000000000,0.000000000,0.000000000,0.000000000,0.000000000,0.000000000,0.000000000,0.002672433,0.000005256,-0.002645609,-0.000000332,0.000921089,0.000001014,-0.000650141,0.000000000,0.000000000,0.000000000,0.000000000,0.000000000,0.000000000,0.000000000,0.289912303,-0.035998293,-0.137460136,0.099476442,0.484046903,0.360883493,0.013105870
5.700000000,0,5.700000000,sample,0.216508924,0.000006147,0.000000000,0.000000000,0.000000000,0.000000000,0.000000000,0,0,2.000000000,0.080000000,0.000000000,0.000000000,0.001607088,0.000000000,0.004097125,0.000000000,0.000000000,0.000000000,0.002265660,0.709324724,1,93.319748813,0,0.000000000,0.237931787,0.021669485,0.237931787,0.023842781,1.017049914,0.083277575,0.508856137,0.021225817,0.426137944,0.000000000,0.551378505,2.000000000,0.273004750,5.460095003,0.592212622,1.000000000,1.336301714,0.565269837,0.691019745,0.000000000,1.336947887,0.572192847,0.752520241,1,0,0,0.000000000,0.067978086,-0.137564963,0.181841678,-0.009049111,-0.019420038,0.003246887,0.876206899,12.121728845,-0.543784476,-130.913754821,-0.110320597,142.885908477,44.738873524,0.002188676,-0.000124574,-0.000272236,-0.000230251,0.000033207,-0.000000596,0.000446276,0.000000000,0.000000000,0.000000000,0.000000000,0.000000000,0.000000000,0.000000000,0.001093990,0.000002150,-0.001083008,-0.000000136,0.000377062,0.000000415,-0.000266145,0.000000000,0.000000000,0.000000000,0.000000000,0.000000000,0.000000000,0.000000000,0.325071615,0.056657952,-0.090381940,0.056070826,0.481528598,0.353920175,0.013582934
5.750000000,0,5.750000000,sample,0.216508645,-0.000005579,0.000000000,0.000000000,0.000000000,0.000000000,0.000000000,0,0,2.000000000,0.080000000,0.000000000,0.000000000,0.001555226,0.000000000,0.003188871,0.000000000,0.000000000,0.000000000,0.002163371,0.718890032,7,40.523032462,0,0.000000000,0.253566303,0.021143044,0.254640959,0.021626362,0.694602572,0.123030453,0.475887684,0.017964232,0.365467594,0.000000000,0.598841738,2.000000000,0.308658284,6.173165676,0.669555367,1.000000000,1.185523806,0.470364653,0.728344859,0.000000000,1.322290821,0.556935107,0.746210958,1,0,0,0.000000000,0.066155430,-0.166514188,0.179422279,-0.008995742,-0.019132130,0.000257959,0.879424996,12.121619602,-0.543871829,-130.913536121,-0.110381659,142.885867678,44.739066369,-0.001171744,-0.000850326,0.000753996,0.000326365,-0.000086358,0.000071450,0.001377152,0.000000000,0.000000000,0.000000000,0.000000000,0.000000000,0.000000000,0.000000000,-0.001058686,-0.000002081,0.001048060,0.000000132,-0.000364890,-0.000000402,0.000257554,0.000000000,0.000000000,0.000000000,0.000000000,0.000000000,0.000000000,0.000000000,0.396537523,-0.022271160,-0.075469461,0.091225324,0.479131909,0.359136337,0.013573097
5.800000000,0,5.800000000,sample,0.216508798,0.000003068,0.000000000,0.000000000,0.000000000,0.000000000,0.000000000,0,0,2.000000000,0.080000000,0.000000000,0.000000000,0.001287229,0.000000000,0.003257367,0.000000000,0.000000000,0.000000000,0.001804175,0.713472373,1,45.247871333,0,0.000000000,0.274071868,0.021518516,0.274535604,0.021596045,0.361763224,0.024850524,0.559517634,0.017282897,0.449596817,0.000000000,0.654367212,2.000000000,0.345491503,6.909830056,0.749471408,1.000000000,1.148396538,0.469573629,0.730153341,0.000000000,1.251782381,0.484876188,0.747956853,1,0,0,0.000000000,0.067727646,-0.193996459,0.181366283,-0.008961023,-0.019360364,-0.002814768,0.882845867,12.121728845,-0.544317271,-130.913682283,-0.110279798,142.885894382,44.738897355,0.001213606,0.000643245,-0.000696295,0.000510799,0.000379963,0.000356033,0.000592935,0.000000000,0.000000000,0.000000000,0.000000000,0.000000000,0.000000000,0.000000000,0.000876253,0.000001724,-0.000867457,-0.000000109,0.000302015,0.000000333,-0.000213174,0.000000000,0.000000000,0.000000000,0.000000000,0.000000000,0.000000000,0.000000000,0.382784676,-0.036872530,-0.114637896,0.103289030,0.480789023,0.360720254,0.012351230
5.850000000,0,5.850000000,sample,0.216508732,-0.000001323,0.000000000,0.000000000,0.000000000,0.000000000,0.000000000,0,0,2.000000000,0.080000000,0.000000000,0.000000000,0.002683143,0.000000000,0.002683143,0.000000000,0.000000000,0.000000000,0.004510936,0.594808515,1,94.160340152,0,0.000000000,0.303314259,0.022457436,0.303314259,0.022457436,2.748732917,0.304247840,0.717201606,0.052843276,0.628674978,0.000000000,0.672373189,2.000000000,0.383277318,7.665546361,0.831446999,1.000000000,1.163000106,0.446931184,0.744924901,0.000000000,1.174298770,0.470222234,0.753822412,1,0,0,0.000000000,0.067410072,-0.234453721,0.180241156,-0.008918938,-0.019250687,-0.007362065,0.887417530,12.121633136,-0.544516880,-130.913641358,-0.110282068,142.885867678,44.738728330,0.004377243,0.000218671,0.000716043,0.000365210,0.000407910,-0.000179758,-0.000543754,0.000000000,0.000000000,0.000000000,0.000000000,0.000000000,0.000000000,0.000000000,0.001826491,0.000003595,-0.001808157,-0.000000227,0.000629525,0.000000693,-0.000444343,0.000000000,0.000000000,0.000000000,0.000000000,0.000000000,0.000000000,0.000000000,0.414369702,-0.032749456,-0.111535986,0.097538289,0.480177861,0.359760008,0.013648993
5.900000000,0,5.900000000,sample,0.216508664,-0.000001355,0.000000000,0.000000000,0.000000000,0.000000000,0.000000000,0,0,2.000000000,0.080000000,0.000000000,0.000000000,0.004269864,0.000000000,0.005158729,0.000000000,0.000000000,0.000000000,0.006366959,0.670628465,1,99.720468298,0,0.000000000,0.346154165,0.024847307,0.346154165,0.024855082,3.377600583,0.378719338,0.840515303,0.067164380,0.745159498,0.000000000,0.727533115,2.000000000,0.421782767,8.435655350,0.914989798,1.000000000,1.150375837,0.486659575,0.728553234,0.000000000,1.176527388,0.492021614,0.751752484,1,0,0,0.000000000,0.066987683,-0.288679212,0.178884512,-0.008738003,-0.019063647,-0.013327166,0.893937665,12.121511331,-0.545151350,-130.913618675,-0.110363657,142.885908477,44.738728330,0.006358054,-0.000023115,0.000019610,-0.000226389,-0.000226762,0.000085410,-0.000049298,0.000000000,0.000000000,0.000000000,0.000000000,0.000000000,0.000000000,0.000000000,0.002906618,0.000005728,-0.002877444,-0.000000362,0.001001796,0.000001104,-0.000707107,0.000000000,0.000000000,0.000000000,0.000000000,0.000000000,0.000000000,0.000000000,0.341720649,-0.030996044,-0.198473855,0.102931945,0.481968982,0.361379558,0.013413297
5.950000000,0,5.950000000,sample,0.216508500,-0.000003286,0.000000000,0.000000000,0.000000000,0.000000000,0.000000000,0,0,2.000000000,0.080000000,0.000000000,0.000000000,0.001528846,0.000000000,0.005082944,0.000000000,0.000000000,0.000000000,0.002401297,0.636675214,2,30.714962255,0,0.000000000,0.389156303,0.028408013,0.389156303,0.028408013,0.747039109,0.094252900,0.778867656,0.036281346,0.652652308,0.000000000,0.814536481,2.000000000,0.460770452,9.215409043,0.999616950,1.000000000,1.172086230,0.417194927,0.768978426,0.000000000,1.386686424,0.500201354,0.777802513,1,0,0,0.000000000,0.068946361,-0.336984607,0.182017586,-0.008542166,-0.019645577,-0.018657382,0.900211829,12.121840506,-0.546170032,-130.913562919,-0.110320597,142.885597363,44.738640904,0.000645082,0.001330825,-0.001297041,0.000358784,0.000064395,-0.000566460,-0.001201222,0.000000000,0.000000000,0.000000000,0.000000000,0.000000000,0.000000000,0.000000000,0.001040727,0.000002055,-0.001030281,-0.000000129,0.000358705,0.000000395,-0.000253188,0.000000000,0.000000000,0.000000000,0.000000000,0.000000000,0.000000000,0.000000000,0.458425251,-0.033686209,-0.110172584,0.098432424,0.478329853,0.359483903,0.013575090
6.000000000,0,6.000000000,sample,0.216508454,-0.000000911,0.000000000,0.000000000,0.000000000,0.000000000,0.000000000,0,0,2.000000000,0.080000000,0.000000000,0.000000000,0.001354816,0.000000000,0.005650912,0.000000000,0.000000000,0.000000000,0.002029440,0.667581230,3,62.851190173,0,0.000000000,0.428024946,0.031257173,0.431313046,0.031555273,0.634171538,0.105986174,0.826061637,0.013332656,0.654328645,0.000000000,0.845924967,2.000000000,0.500000000,10.000000000,1.084727385,1.000000000,1.172654976,0.429523618,0.760843272,0.000000000,1.199842146,0.439088390,0.781174263,1,0,0,0.000000000,0.067577568,-0.382817006,0.179136168,-0.007877476,-0.019053242,-0.023493194,0.907842695,12.121537427,-0.548715995,-130.913641375,-0.110545250,142.885955105,44.739127120,0.000658064,0.000081337,-0.001608915,0.000406549,-0.000161727,0.000433606,0.000843153,0.000000000,0.000000000,0.000000000,0.000000000,0.000000000,0.000000000,0.000000000,0.000922262,0.000001829,-0.000913005,-0.000000115,0.000317868,0.000000351,-0.000224364,0.000000000,0.000000000,0.000000000,0.000000000,0.000000000,0.000000000,0.000000000,0.424063994,-0.026830597,-0.170528614,0.101241727,0.478334215,0.360519864,0.014974788
6.050000000,0,6.050000000,sample,0.216507715,-0.000014789,0.000000000,0.000000000,0.000000000,0.000000000,0.000000000,0,0,2.000000000,0.080000000,0.000000000,0.000000000,0.006373061,0.000000000,0.009647628,0.000000000,0.000000000,0.000000000,0.007463984,0.853841679,3,81.270935669,0,0.000000000,0.436780990,0.032086830,0.441478556,0.032709097,2.156368806,0.270517197,0.782068266,0.023527440,0.603169068,0.000000000,0.947577337,2.000000000,0.539229548,10.784590957,1.169907679,1.000000000,1.200586208,0.460752919,0.757841446,0.000000000,1.247323543,0.500318542,0.786673338,1,0,0,0.000000000,0.068458238,-0.391631717,0.180874821,-0.005545800,-0.019273162,-0.025047035,0.920409111,12.121728839,-0.559805692,-130.913658139,-0.110543742,142.885906228,44.739295443,0.003019143,0.000022840,-0.006728811,-0.000339705,-0.000180987,0.000249489,0.001052622,0.000000000,0.000000000,0.000000000,0.000000000,0.000000000,0.000000000,0.000000000,0.004338318,0.000008782,-0.004294770,-0.000000541,0.001495277,0.000001651,-0.001055425,0.000000000,0.000000000,0.000000000,0.000000000,0.000000000,0.000000000,0.000000000,0.378219667,-0.006575778,-0.249968158,0.088560071,0.481259290,0.359242938,0.015405874
6.100000000,0,6.100000000,sample,0.216507006,-0.000014179,0.000000000,0.000000000,0.000000000,0.000000000,0.000000000,0,0,2.000000000,0.080000000,0.000000000,0.000000000,0.005197511,0.000000000,0.006862285,0.000000000,0.000000000,0.000000000,0.008357682,0.621884227,2,48.447542315,0,0.000000000,0.457612387,0.034200192,0.457612387,0.034416620,2.941937371,0.311616909,0.991759043,0.060300427,0.834169383,0.000000000,1.033854246,2.000000000,0.578217233,11.564344650,1.254527810,1.000000000,1.154345892,0.372203839,0.805442438,0.000000000,1.223051392,0.445254523,0.844693428,1,0,0,0.000000000,0.067005362,-0.416171875,0.178102074,-0.004022256,-0.018961328,-0.028176987,0.931250657,12.121537427,-0.567652586,-130.913524428,-0.110343176,142.885867678,44.739174724,0.004272984,0.005817304,-0.003779880,0.000649889,0.000091917,-0.000082427,0.001739641,0.000000000,0.000000000,0.000000000,0.000000000,0.000000000,0.000000000,0.000000000,0.003538091,0.000007264,-0.003502580,-0.000000440,0.001219447,0.000001344,-0.000860733,0.000000000,0.000000000,0.000000000,0.000000000,0.000000000,0.000000000,0.000000000,0.501630876,-0.046241331,-0.157340172,0.103672530,0.477858149,0.361875566,0.012627946
6.150000000,0,6.150000000,sample,0.216506121,-0.000017704,0.000000000,0.000000000,0.000000000,0.000000000,0.000000000,0,0,2.000000000,0.080000000,0.000000000,0.000000000,0.006115692,0.000000000,0.011133855,0.000000000,0.000000000,0.000000000,0.006588940,0.928175330,3,46.681029916,0,0.000000000,0.507011921,0.039906218,0.509519903,0.040056354,1.533148398,0.174050477,0.980832276,0.034527664,0.795866955,0.000000000,0.993348527,2.000000000,0.616722682,12.334453639,1.338148396,1.000000000,1.221584288,0.396537370,0.802962372,0.000000000,1.221584288,0.458343176,0.819063274,1,0,0,0.000000000,0.065981956,-0.470849839,0.176090597,-0.001774440,-0.018702423,-0.035207627,0.948258633,12.121425767,-0.578259176,-130.913411793,-0.110381743,142.885867678,44.738812567,0.004365155,-0.001684677,-0.004501796,0.000972854,0.000138742,0.000232887,-0.000485101,0.000000000,0.000000000,0.000000000,0.000000000,0.000000000,0.000000000,0.000000000,0.004163124,0.000008709,-0.004121342,-0.000000518,0.001434861,0.000001582,-0.001012781,0.000000000,0.000000000,0.000000000,0.000000000,0.000000000,0.000000000,0.000000000,0.485611030,-0.008229986,-0.206660490,0.086343874,0.477849249,0.360889236,0.010862707
6.200000000,0,6.200000000,sample,0.216504774,-0.000026929,0.000000000,0.000000000,0.000000000,0.000000000,0.000000000,0,0,2.000000000,0.080000000,0.000000000,0.000000000,0.012474597,0.000000000,0.017406203,0.000000000,0.000000000,0.000000000,0.013387268,0.931825451,3,73.967428258,0,0.000000000,0.550814680,0.045417382,0.552112491,0.045417382,2.845449634,0.239104871,0.972993146,0.031530966,0.773178453,0.000000000,1.098692343,2.000000000,0.654508497,13.090169944,1.420311710,1.000000000,1.145324858,0.377779757,0.809937741,0.000000000,1.240974132,0.425066954,0.834505598,1,0,0,0.000000000,0.067649757,-0.516741643,0.178321049,0.002532489,-0.018948914,-0.041197861,0.974722847,12.121633136,-0.598802064,-130.913523021,-0.110361409,142.885867586,44.739184426,0.006737860,0.000144856,-0.011513628,-0.000165186,-0.000207181,-0.000133838,-0.001071181,0.000000000,0.000000000,0.000000000,0.000000000,0.000000000,0.000000000,0.000000000,0.008491797,0.000018404,-0.008406565,-0.000001057,0.002926841,0.000003226,-0.002065879,0.000000000,0.000000000,0.000000000,0.000000000,0.000000000,0.000000000,0.000000000,0.468369889,-0.038797687,-0.255378643,0.094890461,0.479778247,0.361375211,0.011039530
6.250000000,0,6.250000000,sample,0.216502392,-0.000047645,0.000000000,0.000000000,0.000000000,0.000000000,0.000000000,0,0,2.000000000,0.080000000,0.000000000,0.000000000,0.022567153,0.000000000,0.024982304,0.000000000,0.000000000,0.000000000,0.024079284,0.937202024,1,49.765189843,0,0.000000000,0.570869082,0.050288948,0.570882007,0.050288948,0.478305438,0.273273541,1.129914841,0.055469671,0.914051740,0.000000000,1.109923989,2.000000000,0.691341716,13.826834324,1.500476918,1.000000000,1.205692044,0.354606655,0.838771675,0.000000000,1.205692044,0.428228806,0.868030789,1,0,0,0.000000000,0.068834811,-0.538035637,0.177963284,0.009786403,-0.018932927,-0.045549411,1.013317330,12.121537433,-0.633462855,-130.913714385,-0.110320597,142.885854483,44.739505035,0.016986598,-0.000076986,-0.016540778,-0.000920776,-0.000073551,0.004028247,0.000764284,0.000000000,0.000000000,0.000000000,0.000000000,0.000000000,0.000000000,0.000000000,0.015362077,0.000035246,-0.015207883,-0.000001911,0.005294790,0.000005833,-0.003737272,0.000000000,0.000000000,0.000000000,0.000000000,0.000000000,0.000000000,0.000000000,0.530765237,-0.015726612,-0.237782626,0.087855445,0.478821238,0.357582998,0.013576676
6.300000000,0,6.300000000,sample,0.216497221,-0.000103432,0.000000000,0.000000000,0.000000000,0.000000000,0.000000000,0,0,2.000000000,0.080000000,0.000000000,0.000000000,0.033644757,0.000000000,0.035285085,0.000000000,0.000000000,0.000000000,0.035094627,0.958686824,1,51.509116791,0,0.000000000,0.562897611,0.057250903,0.577153527,0.057250903,0.418427519,0.315097067,1.110100653,0.084414590,0.929401155,0.000000000,1.173710833,2.000000000,0.726995250,14.539904997,1.578348172,1.000000000,1.139828199,0.363706720,0.847000186,0.000000000,1.279743011,0.428831717,0.934896885,1,0,0,0.000000000,0.067842695,-0.529719465,0.177899908,0.022555206,-0.018860136,-0.049124575,1.076055435,12.121815324,-0.694219973,-130.913523021,-0.110334577,142.885786715,44.739274745,0.025187362,-0.000079814,-0.024428762,0.000532778,-0.000101627,-0.000173012,-0.000367080,0.000000000,0.000000000,0.000000000,0.000000000,0.000000000,0.000000000,0.000000000,0.022902835,0.000057649,-0.022672953,-0.000002849,0.007894099,0.000008698,-0.005571965,0.000000000,0.000000000,0.000000000,0.000000000,0.000000000,0.000000000,0.000000000,0.483541705,-0.035795603,-0.329394246,0.101192873,0.484428423,0.358772564,0.013645285
6.350000000,0,6.350000000,sample,0.216489934,-0.000145728,0.000000000,0.000000000,0.000000000,0.000000000,0.000000000,0,0,2.000000000,0.080000000,0.000000000,0.000000000,0.032623010,0.000000000,0.046082431,0.000000000,0.000000000,0.000000000,0.034087425,0.957039450,3,59.115813634,0,0.000000000,0.546001139,0.068078693,0.562877466,0.068078693,3.013673757,0.370574540,0.951303709,0.080028272,0.752641383,0.000000000,1.288189026,2.000000000,0.761249282,15.224985647,1.653397833,1.000000000,1.134719874,0.340523866,0.873927396,0.000000000,1.343376718,0.429607822,0.889991039,1,0,0,0.000000000,0.065833550,-0.513020004,0.174910443,0.039206511,-0.018347002,-0.052544699,1.158015084,12.121815844,-0.774220835,-130.913411360,-0.110094368,142.885867678,44.739402971,0.021763093,0.000702131,-0.026208733,0.000793800,0.000311017,-0.000110625,-0.000436499,0.000000000,0.000000000,0.000000000,0.000000000,0.000000000,0.000000000,0.000000000,0.022207258,0.000062412,-0.021984369,-0.000002757,0.007654498,0.000008415,-0.005402842,0.000000000,0.000000000,0.000000000,0.000000000,0.000000000,0.000000000,0.000000000,0.519005763,-0.041457363,-0.336340355,0.107114897,0.488381025,0.359641342,0.014388955
6.400000000,0,6.400000000,sample,0.216484104,-0.000116610,0.000000000,0.000000000,0.000000000,0.000000000,0.000000000,0,0,2.000000000,0.080000000,0.000000000,0.000000000,0.032272657,0.000000000,0.035221254,0.000000000,0.000000000,0.000000000,0.033910617,0.951697728,1,52.254664460,0,0.000000000,0.583417847,0.082018684,0.587555937,0.082040269,0.179296028,0.289374177,1.168194926,0.105030171,0.976039209,0.000000000,1.283377775,2.000000000,0.793892626,15.877852523,1.724973147,1.000000000,1.146990751,0.295475295,0.898234567,0.000000000,1.289406346,0.382505487,0.939805864,1,0,0,0.000000000,0.066962093,-0.552255304,0.175802564,0.052016175,-0.018383546,-0.060691245,1.226137442,12.122025397,-0.835223222,-130.913523454,-0.110086735,142.885887989,44.739728108,0.024513099,0.000638874,-0.023399571,0.000372960,-0.000110744,0.000168049,0.000954069,0.000000000,0.000000000,0.000000000,0.000000000,0.000000000,0.000000000,0.000000000,0.021968707,0.000066655,-0.021748196,-0.000002727,0.007572516,0.000008325,-0.005344979,0.000000000,0.000000000,0.000000000,0.000000000,0.000000000,0.000000000,0.000000000,0.579159135,-0.046127866,-0.303806681,0.101224508,0.486777458,0.359885766,0.016040389
6.450000000,0,6.450000000,sample,0.216478160,-0.000118878,0.000000000,0.000000000,0.000000000,0.000000000,0.000000000,0,0,2.000000000,0.080000000,0.000000000,0.000000000,0.032052398,0.000000000,0.036093050,0.000000000,0.000000000,0.000000000,0.033675699,0.951796075,1,60.735709518,0,0.000000000,0.632733339,0.097268025,0.632733339,0.097268025,2.311657341,0.502799653,1.364249229,0.152993542,1.211849865,0.000000000,1.299028649,2.000000000,0.824724024,16.494480483,1.792637649,1.000000000,1.194044844,0.288014375,0.925563731,0.000000000,1.206172518,0.345284805,0.926533759,1,0,0,0.000000000,0.067776852,-0.604957411,0.172581304,0.064488293,-0.018050939,-0.070544258,1.294170655,12.121691786,-0.894759428,-130.913776547,-0.110048304,142.885867678,44.739665726,0.026244522,-0.001450539,-0.021007676,-0.000376421,-0.000637178,-0.000285830,-0.001105367,0.000000000,0.000000000,0.000000000,0.000000000,0.000000000,0.000000000,0.000000000,0.021818782,0.000070961,-0.021599784,-0.000002708,0.007520748,0.000008265,-0.005308442,0.000000000,0.000000000,0.000000000,0.000000000,0.000000000,0.000000000,0.000000000,0.626904287,-0.031846277,-0.291780556,0.097889845,0.488472236,0.359268566,0.015738730
6.500000000,0,6.500000000,sample,0.216468542,-0.000192359,0.000000000,0.000000000,0.000000000,0.000000000,0.000000000,0,0,2.000000000,0.080000000,0.000000000,0.000000000,0.038418297,0.000000000,0.042523316,0.000000000,0.000000000,0.000000000,0.040202966,0.955608510,3,56.583319965,0,0.000000000,0.642610436,0.113085121,0.645382201,0.113085121,2.974458222,0.419789297,1.139640470,0.126052057,0.912292685,0.000000000,1.388399679,2.000000000,0.853553391,17.071067812,1.856373754,1.000000000,1.241803995,0.281292416,0.965748580,0.000000000,1.272550163,0.387379705,0.973630167,1,0,0,0.000000000,0.064508949,-0.616133678,0.170780734,0.081169002,-0.017632989,-0.076739269,1.379070896,12.122121216,-0.974691751,-130.913315597,-0.109867646,142.885867678,44.740075198,0.026425897,0.000105090,-0.030241429,0.001807718,0.000322087,-0.000023298,0.000152553,0.000000000,0.000000000,0.000000000,0.000000000,0.000000000,0.000000000,0.000000000,0.026152050,0.000092721,-0.025889571,-0.000003240,0.009014908,0.000009890,-0.006363071,0.000000000,0.000000000,0.000000000,0.000000000,0.000000000,0.000000000,0.000000000,0.694171111,-0.025869772,-0.262269733,0.098909003,0.491631364,0.360038601,0.015164027
6.550000000,0,6.550000000,sample,0.216459968,-0.000171486,0.000000000,0.000000000,0.000000000,0.000000000,0.000000000,0,0,2.000000000,0.080000000,0.000000000,0.000000000,0.034677596,0.000000000,0.043171381,0.000000000,0.000000000,0.000000000,0.036347253,0.954063735,3,56.111893027,0,0.000000000,0.618230026,0.126102842,0.643770763,0.126102842,2.423893570,0.359467130,1.125251697,0.146518743,0.939695860,0.000000000,1.447996745,2.000000000,0.880202983,17.604059656,1.915301732,1.000000000,1.182043375,0.309142571,0.944512067,0.000000000,1.252969722,0.361238651,0.976194073,1,0,0,0.000000000,0.065693028,-0.590822821,0.169768032,0.096452841,-0.017491258,-0.079327373,1.452939677,12.122086398,-1.047839216,-130.913618840,-0.109746822,142.885908477,44.739739481,0.024053285,0.000025449,-0.027226954,-0.000542037,-0.000676662,0.000146974,-0.000693778,0.000000000,0.000000000,0.000000000,0.000000000,0.000000000,0.000000000,0.000000000,0.023605641,0.000090024,-0.023368705,-0.000002922,0.008137296,0.000008918,-0.005743624,0.000000000,0.000000000,0.000000000,0.000000000,0.000000000,0.000000000,0.000000000,0.592494354,-0.023830274,-0.388988111,0.096062529,0.499686873,0.360642775,0.013987910
6.600000000,0,6.600000000,sample,0.216451038,-0.000178596,0.000000000,0.000000000,0.000000000,0.000000000,0.000000000,0,0,2.000000000,0.080000000,0.000000000,0.000000000,0.031572012,0.000000000,0.036820819,0.000000000,0.000000000,0.000000000,0.033000570,0.956711115,1,51.431587785,0,0.000000000,0.635739775,0.140749143,0.638766654,0.140749143,0.614169087,0.269802620,1.254753788,0.154314431,1.059681981,0.000000000,1.449801199,2.000000000,0.904508497,18.090169944,1.969257204,1.000000000,1.195594442,0.293816636,0.967453287,0.000000000,1.297701449,0.314921707,1.028540037,1,0,0,0.000000000,0.064286280,-0.609817829,0.167793178,0.110409695,-0.017184363,-0.085584568,1.524882316,12.122267780,-1.114585630,-130.913451257,-0.109645898,142.885867678,44.740084193,0.023666629,-0.000392460,-0.022974633,0.000638701,0.000334980,-0.000267515,0.000590594,0.000000000,0.000000000,0.000000000,0.000000000,0.000000000,0.000000000,0.000000000,0.021491540,0.000087223,-0.021275831,-0.000002658,0.007408793,0.000008112,-0.005229415,0.000000000,0.000000000,0.000000000,0.000000000,0.000000000,0.000000000,0.000000000,0.634940475,-0.022713432,-0.372960656,0.097024011,0.504783725,0.358799693,0.015601891
6.650000000,0,6.650000000,sample,0.216440938,-0.000201984,0.000000000,0.000000000,0.000000000,0.000000000,0.000000000,0,0,2.000000000,0.080000000,0.000000000,0.000000000,0.041789969,0.000000000,0.042964094,0.000000000,0.000000000,0.000000000,0.043493856,0.960824635,1,57.924800865,0,0.000000000,0.719518940,0.161523763,0.719518940,0.161523763,1.973882384,0.457127100,1.529608655,0.203097329,1.349080456,0.000000000,1.448029548,2.000000000,0.926320082,18.526401644,2.018113875,1.000000000,1.231901042,0.267457107,1.007030687,0.000000000,1.274013811,0.374290382,1.021678677,1,0,0,0.000000000,0.064375244,-0.697275034,0.165441407,0.125752906,-0.016761372,-0.099975943,1.611641411,12.122274665,-1.188446728,-130.913575801,-0.109373469,142.885995903,44.740017444,0.033102454,-0.000302046,-0.028187335,-0.000018755,0.000661860,0.000684679,-0.000647154,0.000000000,0.000000000,0.000000000,0.000000000,0.000000000,0.000000000,0.000000000,0.028446975,0.000123157,-0.028161450,-0.000003509,0.009806826,0.000010711,-0.006922042,0.000000000,0.000000000,0.000000000,0.000000000,0.000000000,0.000000000,0.000000000,0.710161692,-0.021342471,-0.340529294,0.091366544,0.505919009,0.358999693,0.013520628
6.700000000,0,6.700000000,sample,0.216426998,-0.000278812,0.000000000,0.000000000,0.000000000,0.000000000,0.000000000,0,0,2.000000000,0.080000000,0.000000000,0.000000000,0.046926258,0.000000000,0.050210022,0.000000000,0.000000000,0.000000000,0.049174023,0.954289592,3,56.860449868,0,0.000000000,0.778280903,0.184088861,0.781319920,0.184088861,3.507623187,0.511641233,1.382460936,0.198562873,1.129833030,0.000000000,1.502607148,2.000000000,0.945503262,18.910065242,2.061737406,1.000000000,1.299632540,0.283547134,1.044938837,0.000000000,1.326438171,0.326228169,1.055733146,1,0,0,0.000000000,0.064154416,-0.758234059,0.163359992,0.145008541,-0.016633284,-0.112180950,1.714802565,12.122549235,-1.280688547,-130.913424950,-0.109173858,142.885685526,44.740625028,0.032284378,0.000074930,-0.037080099,0.000810426,0.000106808,-0.000229904,0.000378197,0.000000000,0.000000000,0.000000000,0.000000000,0.000000000,0.000000000,0.000000000,0.031943151,0.000149103,-0.031622549,-0.000003933,0.011012660,0.000012006,-0.007773166,0.000000000,0.000000000,0.000000000,0.000000000,0.000000000,0.000000000,0.000000000,0.785124506,-0.011790385,-0.281026814,0.093793915,0.509645199,0.357215021,0.014949941
6.750000000,0,6.750000000,sample,0.216410308,-0.000333807,0.000000000,0.000000000,0.000000000,0.000000000,0.000000000,0,0,2.000000000,0.080000000,0.000000000,0.000000000,0.064033405,0.000000000,0.064033405,0.000000000,0.000000000,0.000000000,0.066564283,0.961978443,1,58.350366893,0,0.000000000,0.861524148,0.211205058,0.861524148,0.211205058,3.333593379,0.642086283,1.888931704,0.273388805,1.687949584,0.000000000,1.521017417,2.000000000,0.961939766,19.238795325,2.099919049,1.000000000,1.207834552,0.268804868,1.027161726,0.000000000,1.307079210,0.355454504,1.049738528,1,0,0,0.000000000,0.065901023,-0.843506063,0.162414390,0.167125106,-0.016333368,-0.128101510,1.835724775,12.122773398,-1.387413359,-130.913777016,-0.108680719,142.885867678,44.740883436,0.050846733,0.000488477,-0.042900574,-0.000902946,0.001884591,-0.000422851,-0.000412075,0.000000000,0.000000000,0.000000000,0.000000000,0.000000000,0.000000000,0.000000000,0.043587903,0.000220527,-0.043150369,-0.000005343,0.015028256,0.000016310,-0.010607540,0.000000000,0.000000000,0.000000000,0.000000000,0.000000000,0.000000000,0.000000000,0.720734056,-0.031883788,-0.352124952,0.099716808,0.521637162,0.358239119,0.014527113
6.800000000,0,6.800000000,sample,0.216383696,-0.000532222,0.000000000,0.000000000,0.000000000,0.000000000,0.000000000,0,0,2.000000000,0.080000000,0.000000000,0.000000000,0.080452419,0.000000000,0.082140611,0.000000000,0.000000000,0.000000000,0.083485281,0.963671897,1,51.255991435,0,0.000000000,0.856339787,0.241617058,0.869824614,0.241617058,0.555747554,0.641980085,1.685713338,0.293885323,1.462690269,0.000000000,1.516225409,2.000000000,0.975528258,19.510565163,2.132895912,1.000000000,1.338474751,0.301292552,1.080451667,0.000000000,1.338474751,0.319909030,1.080451667,1,0,0,0.000000000,0.061696402,-0.840195837,0.153565425,0.198282477,-0.015140368,-0.137235678,1.992235838,12.122819801,-1.537248391,-130.913563101,-0.108190279,142.885860932,44.741369630,0.059769859,0.000215915,-0.058252442,-0.000037974,0.001921262,-0.000366969,-0.000367578,0.000000000,0.000000000,0.000000000,0.000000000,0.000000000,0.000000000,0.000000000,0.054763995,0.000307174,-0.054214349,-0.000006683,0.018882879,0.000020401,-0.013328277,0.000000000,0.000000000,0.000000000,0.000000000,0.000000000,0.000000000,0.000000000,0.828658087,-0.006730078,-0.257482037,0.089736009,0.527639422,0.357281090,0.015924796
6.850000000,0,6.850000000,sample,0.216348276,-0.000708409,0.000000000,0.000000000,0.000000000,0.000000000,0.000000000,0,0,2.000000000,0.080000000,0.000000000,0.000000000,0.100116180,0.000000000,0.100116180,0.000000000,0.000000000,0.000000000,0.104382441,0.959128555,3,50.100579370,0,0.000000000,0.862887404,0.279590852,0.870369534,0.279590852,1.895578733,0.848386411,1.632410271,0.348556641,1.409149679,0.000000000,1.532329894,2.000000000,0.986184960,19.723699204,2.160757132,1.000000000,1.258936230,0.285032089,1.068718367,0.000000000,1.373238178,0.414171413,1.088195821,1,0,0,0.000000000,0.058246063,-0.848399456,0.146288862,0.235660185,-0.014016641,-0.149796045,2.182044630,12.123281773,-1.717726088,-130.913429575,-0.107330218,142.885955105,44.741472499,0.073712043,0.000907564,-0.073883732,0.000633445,0.001225932,0.000046359,0.000832416,0.000000000,0.000000000,0.000000000,0.000000000,0.000000000,0.000000000,0.000000000,0.068148273,0.000427394,-0.067464306,-0.000008252,0.023500861,0.000025188,-0.016587822,0.000000000,0.000000000,0.000000000,0.000000000,0.000000000,0.000000000,0.000000000,0.784398012,-0.025819639,-0.306297272,0.095588132,0.543623509,0.357001801,0.016737318
6.900000000,0,6.900000000,sample,0.216303938,-0.000886753,0.000000000,0.000000000,0.000000000,0.000000000,0.000000000,0,0,2.000000000,0.080000000,0.000000000,0.000000000,0.108930839,0.000000000,0.108930839,0.000000000,0.000000000,0.000000000,0.113848142,0.956808227,1,50.839404648,0,0.000000000,0.863035469,0.322322987,0.893481968,0.322322987,1.290109286,0.960079588,1.662095090,0.407541344,1.476745402,0.000000000,1.547300024,2.000000000,0.993844170,19.876883406,2.183213788,1.000000000,1.170748309,0.322313753,1.042540995,0.000000000,1.248453671,0.419444541,1.064888100,1,0,0,0.000000000,0.055253011,-0.850477669,0.135886203,0.277842091,-0.012764096,-0.162889404,2.394892069,12.123565309,-1.920823850,-130.913424685,-0.106573021,142.885806604,44.742044439,0.081175725,0.000834905,-0.079809236,0.000711738,0.000237860,-0.000394148,0.000985597,0.000000000,0.000000000,0.000000000,0.000000000,0.000000000,0.000000000,0.000000000,0.074147334,0.000520297,-0.073403214,-0.000008916,0.025573015,0.000027215,-0.018050432,0.000000000,0.000000000,0.000000000,0.000000000,0.000000000,0.000000000,0.000000000,0.673848706,-0.029507686,-0.421623219,0.092806381,0.564354989,0.356066052,0.017035091
6.950000000,0,6.950000000,sample,0.216248034,-0.001118094,0.000000000,0.000000000,0.000000000,0.000000000,0.000000000,0,0,2.000000000,0.080000000,0.000000000,0.000000000,0.112095095,0.000000000,0.115943587,0.000000000,0.000000000,0.000000000,0.116899338,0.958902739,1,52.910749999,0,0.000000000,0.804371421,0.368302414,0.862981639,0.368302414,0.861044787,1.079264732,1.630486538,0.471482462,1.543785998,0.000000000,1.572864647,2.000000000,0.998458667,19.969173337,2.200293704,1.000000000,1.218834281,0.369917123,1.051820183,0.000000000,1.257088041,0.376116447,1.077362090,1,0,0,0.000000000,0.051790919,-0.793367162,0.122064040,0.325420700,-0.011190375,-0.172112787,2.629460687,12.123735041,-2.150798856,-130.913588891,-0.105430341,142.885645379,44.741619049,0.085032317,-0.000096176,-0.080205684,0.000422233,-0.000212575,0.000072594,-0.001330658,0.000000000,0.000000000,0.000000000,0.000000000,0.000000000,0.000000000,0.000000000,0.076299969,0.000599833,-0.075534318,-0.000009078,0.026319469,0.000027710,-0.018577321,0.000000000,0.000000000,0.000000000,0.000000000,0.000000000,0.000000000,0.000000000,0.663096174,-0.001005671,-0.440530404,0.078519243,0.583894032,0.353786375,0.017285866
7.000000000,0,7.000000000,disturb_auto_hold,0.000000000,,0.000000000,0.000000000,0.000000000,0.000000000,0.000000000,0,0,0.000000000,0.000000000,0.000000000,0.000000000,0.000000000,0.000000000,0.000000000,0.000000000,0.000000000,0.000000000,0.111567341,0.000000000,1,58.241339623,0,0.000000000,0.000000000,0.000000000,0.000000000,0.000000000,5.166402026,1.298832463,0.000000000,0.000000000,0.000000000,0.000000000,0.000000000,0.000000000,0.000000000,0.000000000,0.000000000,1.000000000,0.000000000,0.000000000,0.000000000,0.000000000,0.000000000,0.000000000,0.000000000,0,0,0,0.000000000,0.000000000,0.000000000,0.000000000,0.000000000,0.000000000,0.000000000,2.863951619,12.124101303,-2.370872866,-130.913891969,-0.104281340,142.885995894,44.741933055,0.085143748,-0.001339346,-0.072052729,-0.001214344,-0.000436497,0.000296859,-0.001634323,0.000000000,0.000000000,0.000000000,0.000000000,0.000000000,0.000000000,0.000000000,0.000000000,0.000000000,0.000000000,0.000000000,0.000000000,0.000000000,0.000000000,0.000000000,0.000000000,0.000000000,0.000000000,0.000000000,0.000000000,0.000000000,0.000000000,0.000000000,0.000000000,0.000000000,0.000000000,0.000000000,0.000000000
7.000000000,0,7.000000000,sample,0.216188866,-0.001183360,0.000000000,0.000000000,0.000000000,0.000000000,0.000000000,0,0,2.000000000,0.080000000,0.000000000,0.000000000,0.106665737,0.000000000,0.113521494,0.000000000,0.000000000,0.000000000,0.111567341,0.956065958,1,58.241339623,0,0.000000000,0.840240545,0.416944609,0.840240545,0.416944609,5.166402026,1.298832463,1.931738513,0.537325415,1.904291148,0.000000000,1.640234221,2.000000000,1.000000000,20.000000000,2.211387138,1.000000000,1.155620472,0.552520645,1.052881037,0.000000000,1.212338298,0.568365511,1.052881037,1,0,0,0.000000000,0.048454543,-0.831707516,0.109173891,0.370919448,-0.009306711,-0.190197147,2.863951619,12.124101303,-2.370872866,-130.913891969,-0.104281340,142.885995894,44.741933055,0.085143748,-0.001339346,-0.072052729,-0.001214344,-0.000436497,0.000296859,-0.001634323,0.000000000,0.000000000,0.000000000,0.000000000,0.000000000,0.000000000,0.000000000,0.072603018,0.000629469,-0.071874439,-0.000008545,0.025048918,0.000026084,-0.017680525,0.000000000,0.000000000,0.000000000,0.000000000,0.000000000,0.000000000,0.000000000,0.440373960,-0.013324007,-0.638337240,0.083933221,0.612256653,0.353187942,0.018236655
7.050000000,0,7.050000000,sample,0.216120845,-0.001360422,0.000000000,0.000000000,0.000000000,0.000000000,0.000000000,0,0,2.000000000,0.080000000,0.000000000,0.000000000,0.107204131,0.000000000,0.116946240,0.000000000,0.000000000,0.000000000,0.111808603,0.958818266,3,51.677466912,0,0.000000000,0.861528120,0.465808039,0.862416401,0.465808039,3.438763201,0.959913066,1.554338013,0.527896754,1.423030708,0.000000000,1.586860809,2.000000000,1.000000000,20.000000000,2.220072196,1.000000000,1.159169775,0.457451073,1.066735551,0.000000000,1.177410732,0.600385638,1.067321289,1,0,0,0.000000000,0.041868821,-0.855437514,0.093297178,0.417654982,-0.007298816,-0.206126594,3.104729984,12.124770635,-2.598521379,-130.913588891,-0.102530358,142.885894361,44.742803859,0.077703448,0.001600370,-0.080375896,0.000455519,0.000341219,-0.000072450,-0.000403391,0.000000000,0.000000000,0.000000000,0.000000000,0.000000000,0.000000000,0.000000000,0.072967826,0.000693706,-0.072235683,-0.000008446,0.025180436,0.000025781,-0.017773342,0.000000000,0.000000000,0.000000000,0.000000000,0.000000000,0.000000000,0.000000000,0.599472153,-0.015322551,-0.500118025,0.080320838,0.630734301,0.351528448,0.018857598
7.100000000,0,7.100000000,sample,0.216047745,-0.001461984,0.000000000,0.000000000,0.000000000,0.000000000,0.000000000,0,0,2.000000000,0.080000000,0.000000000,0.000000000,0.108352253,0.000000000,0.111874535,0.000000000,0.000000000,0.000000000,0.113173695,0.957397861,1,55.093392398,0,0.000000000,0.769428869,0.509834843,0.861840586,0.509834843,2.613974847,0.979565318,1.661266586,0.581165164,1.619362885,0.000000000,1.621917381,2.000000000,1.000000000,20.000000000,2.228773956,1.000000000,1.215682182,0.417462484,1.103129540,0.000000000,1.358532852,0.448896886,1.183550991,1,0,0,0.000000000,0.034523500,-0.765379128,0.070878086,0.464226830,-0.004794237,-0.210717899,3.330950371,12.124665825,-2.823938877,-130.913603057,-0.101363835,142.885712223,44.743097557,0.084003088,-0.000494216,-0.075821040,-0.000046564,0.001188924,-0.000057675,0.001128268,0.000000000,0.000000000,0.000000000,0.000000000,0.000000000,0.000000000,0.000000000,0.073747857,0.000762215,-0.073008085,-0.000008441,0.025454041,0.000025765,-0.017966468,0.000000000,0.000000000,0.000000000,0.000000000,0.000000000,0.000000000,0.000000000,0.718410290,-0.010245103,-0.395123779,0.067544544,0.646983916,0.347966862,0.017952214
7.150000000,0,7.150000000,sample,0.215966364,-0.001627637,0.000000000,0.000000000,0.000000000,0.000000000,0.000000000,0,0,2.000000000,0.080000000,0.000000000,0.000000000,0.111756045,0.000000000,0.116167427,0.000000000,0.000000000,0.000000000,0.116703175,0.957609290,1,54.716024296,0,0.000000000,0.683578217,0.554619189,0.768776408,0.554619189,2.525102886,1.032066227,1.475685523,0.626675727,1.500056067,0.000000000,1.654229509,2.000000000,1.000000000,20.000000000,2.238509389,1.000000000,1.163893238,0.536574142,1.090958122,0.000000000,1.376270416,0.536574142,1.210449080,1,0,0,0.000000000,0.026048186,-0.681257517,0.049888539,0.511285881,-0.002016082,-0.214907257,3.564354563,12.125075202,-3.055751501,-130.913604632,-0.098753204,142.886029669,44.743575851,0.086325666,-0.000413284,-0.078520441,0.000646409,0.000912873,0.000375901,0.000698207,0.000000000,0.000000000,0.000000000,0.000000000,0.000000000,0.000000000,0.000000000,0.076062665,0.000851025,-0.075299761,-0.000008484,0.026259481,0.000025895,-0.018534973,0.000000000,0.000000000,0.000000000,0.000000000,0.000000000,0.000000000,0.000000000,0.586025979,-0.007994246,-0.511978448,0.063269559,0.678652555,0.345946856,0.018049482
7.200000000,0,7.200000000,sample,0.215890583,-0.001515617,0.000000000,0.000000000,0.000000000,0.000000000,0.000000000,0,0,2.000000000,0.080000000,0.000000000,0.000000000,0.096044629,0.000000000,0.112409198,0.000000000,0.000000000,0.000000000,0.106250837,0.903942330,1,61.335629075,0,0.000000000,0.819661825,0.571189566,0.819661825,0.571189566,9.022878476,0.784600802,2.090429972,0.607302584,1.798609218,0.000000000,1.636635631,2.000000000,1.000000000,20.000000000,2.248657340,1.000000000,1.232189921,0.630875565,1.158022418,0.000000000,1.363684173,0.630875565,1.216755564,1,0,0,0.000000000,0.024046321,-0.818527270,0.035782534,0.546331371,0.000125675,-0.166671947,3.790796411,12.125844105,-3.259163759,-130.913780058,-0.085792433,142.885792739,44.809015490,0.083212539,0.001164549,-0.063233099,-0.000635781,-0.000151693,0.000136866,0.019096774,0.000000000,0.000000000,0.000000000,0.000000000,0.000000000,0.000000000,0.000000000,0.065367624,0.000780517,-0.064711991,-0.000006335,0.022572922,0.000019338,-0.015932869,0.000000000,0.000000000,0.000000000,0.000000000,0.000000000,0.000000000,0.000000000,0.647839322,0.010548865,-0.452252722,0.052185022,0.771733925,0.342811567,0.029326314
7.250000000,0,7.250000000,sample,0.215806054,-0.001690575,0.000000000,0.000000000,0.000000000,0.000000000,0.000000000,0,0,2.000000000,0.080000000,0.000000000,0.000000000,0.108513726,0.000000000,0.108513726,0.000000000,0.000000000,0.000000000,0.115294630,0.941186297,1,58.726498379,0,0.000000000,1.013259029,0.613161068,1.013259029,0.613161068,7.007674707,1.161737112,2.351304636,0.686153271,2.113529964,0.000000000,1.684831217,2.000000000,1.000000000,20.000000000,2.262504943,1.000000000,1.731334740,0.827931564,1.182394579,0.000000000,1.731334740,0.827931564,1.262483690,1,0,0,0.000000000,0.045560620,-1.000843773,0.151425992,0.589973363,-0.010237682,-0.166712675,4.024139823,12.142987001,-3.462951316,-130.911205892,-0.085313385,142.886653700,44.842796519,0.088353983,0.005641554,-0.073535729,-0.002123164,-0.000504232,0.000027275,0.006506298,0.000000000,0.000000000,0.000000000,0.000000000,0.000000000,0.000000000,0.000000000,0.073845067,0.000938416,-0.073101725,-0.000007129,0.025541662,0.000021759,-0.018028173,0.000000000,0.000000000,0.000000000,0.000000000,0.000000000,0.000000000,0.000000000,0.641762900,0.214652676,-0.450522981,0.058057851,0.786059040,0.336073481,0.054274114
7.300000000,0,7.300000000,sample,0.215717018,-0.001780724,0.000000000,0.000000000,0.000000000,0.000000000,0.000000000,0,0,2.000000000,0.080000000,0.000000000,0.000000000,0.097361952,0.000000000,0.114503841,0.000000000,0.000000000,0.000000000,0.102522194,0.949667067,1,50.525612526,0,0.000000000,1.108103048,0.657439944,1.108103048,0.657439944,6.513026095,1.126962798,2.332598883,0.712748177,2.077742065,0.000000000,1.755522200,2.000000000,1.000000000,20.000000000,2.279324630,1.000000000,1.419326336,0.651123656,1.185939443,0.000000000,1.819698682,0.952804482,1.216663692,1,0,0,0.000000000,0.139495192,-1.004168757,0.447301425,0.635902806,-0.041644943,-0.161618689,4.243865607,12.178431669,-3.671699577,-130.910323608,-0.084504233,142.886352421,44.863072347,0.072874181,0.013117706,-0.070904103,0.000569915,0.000028825,0.000153432,0.000582147,0.000000000,0.000000000,0.000000000,0.000000000,0.000000000,0.000000000,0.000000000,0.066241468,0.000895334,-0.065568757,-0.000006354,0.022982670,0.000019394,-0.016221914,0.000000000,0.000000000,0.000000000,0.000000000,0.000000000,0.000000000,0.000000000,0.693475163,0.082099711,-0.412216005,0.070659826,0.792587570,0.333747332,0.065627856
7.350000000,0,7.350000000,sample,0.215629848,-0.001743393,0.000000000,0.000000000,0.000000000,0.000000000,0.000000000,0,0,2.000000000,0.080000000,0.000000000,0.000000000,0.075292044,0.000000000,0.097195275,0.000000000,0.000000000,0.000000000,0.079426484,0.947946329,3,50.406792318,0,0.000000000,1.205452752,0.701765169,1.205743561,0.701765169,4.954698329,0.876316091,2.465562915,0.719800965,2.162726384,0.000000000,1.874389439,2.000000000,1.000000000,20.000000000,2.294399984,1.000000000,1.628279747,0.805472248,1.235654253,0.000000000,1.832764896,0.950410411,1.237803958,1,0,0,0.000000000,0.208482502,-0.975761447,0.676417757,0.678161109,-0.065696066,-0.168094882,4.443266705,12.206867370,-3.864407563,-130.909152996,-0.083762654,142.886362429,44.867178187,0.055266793,0.008484118,-0.056391010,-0.000252189,-0.000579216,-0.000410053,0.001286298,0.000000000,0.000000000,0.000000000,0.000000000,0.000000000,0.000000000,0.000000000,0.051216530,0.000730436,-0.050692810,-0.000004882,0.017814537,0.000014901,-0.012574037,0.000000000,0.000000000,0.000000000,0.000000000,0.000000000,0.000000000,0.000000000,0.593912417,0.058883864,-0.531868666,0.255457114,0.809033165,0.404247257,0.067446604
7.400000000,0,7.400000000,sample,0.215543565,-0.001725670,0.000000000,0.000000000,0.000000000,0.000000000,0.000000000,0,0,2.000000000,0.080000000,0.000000000,0.000000000,0.090478151,0.000000000,0.090478151,0.000000000,0.000000000,0.000000000,0.094613264,0.956294582,3,50.437081594,0,0.000000000,1.131508647,0.737997296,1.211441348,0.737997296,2.229099281,0.828951867,2.174258282,0.757556500,1.881096773,0.000000000,1.748264535,2.000000000,1.000000000,20.000000000,2.304924626,1.000000000,1.612812577,0.687136114,1.275493402,0.000000000,1.840544033,0.920035454,1.275493402,1,0,0,0.000000000,0.201721944,-0.868986910,0.696047286,0.715779523,-0.066758959,-0.166861992,4.618895288,12.213185566,-4.043034229,-130.907226809,-0.082901451,142.886721180,44.868783509,0.066513869,0.002578476,-0.067193459,0.002418884,-0.000113429,-0.000318693,0.000002531,0.000000000,0.000000000,0.000000000,0.000000000,0.000000000,0.000000000,0.000000000,0.061542899,0.000918951,-0.060913041,-0.000005810,0.021422022,0.000017734,-0.015120219,0.000000000,0.000000000,0.000000000,0.000000000,0.000000000,0.000000000,0.000000000,0.744160950,0.015870916,-0.397621868,0.266783890,0.810318822,0.426495570,0.071162870
7.450000000,0,7.450000000,sample,0.215454286,-0.001785569,0.000000000,0.000000000,0.000000000,0.000000000,0.000000000,0,0,2.000000000,0.080000000,0.000000000,0.000000000,0.079963630,0.000000000,0.089051962,0.000000000,0.000000000,0.000000000,0.083513180,0.957497120,3,56.494952808,0,0.000000000,1.002742480,0.772156381,1.129271499,0.772156381,5.632053079,0.840610624,1.798274958,0.763151009,1.530141291,0.000000000,1.796270574,2.000000000,1.000000000,20.000000000,2.314379139,1.000000000,1.895922488,0.793212390,1.302634721,0.000000000,1.895922488,0.874522523,1.302634721,1,0,0,0.000000000,0.175601952,-0.744166169,0.648747369,0.752146778,-0.060875508,-0.163691400,4.791280812,12.212038570,-4.220684490,-130.905727100,-0.081269325,142.886934087,44.869373015,0.055056056,0.001120669,-0.062771116,0.000528670,0.001210089,0.000074990,0.000252429,0.000000000,0.000000000,0.000000000,0.000000000,0.000000000,0.000000000,0.000000000,0.054389840,0.000847948,-0.053833743,-0.000005034,0.018934741,0.000015366,-0.013364570,0.000000000,0.000000000,0.000000000,0.000000000,0.000000000,0.000000000,0.000000000,0.807388739,0.120423698,-0.342840892,0.237389772,0.820968041,0.421587519,0.069716794
7.500000000,0,7.500000000,sample,0.215367791,-0.001729909,0.000000000,0.000000000,0.000000000,0.000000000,0.000000000,0,0,2.000000000,0.080000000,0.000000000,0.000000000,0.075639374,0.000000000,0.089557266,0.000000000,0.000000000,0.000000000,0.079551519,0.950822494,1,59.653184266,0,0.000000000,1.011343813,0.808441813,1.011343813,0.808441813,4.665242269,0.754801814,2.187529460,0.798694680,1.983495529,0.000000000,1.725753262,2.000000000,1.000000000,20.000000000,2.325035689,1.000000000,1.684004688,0.788161721,1.276551415,0.000000000,1.970524248,0.790273436,1.357736281,1,0,0,0.000000000,0.175161031,-0.763513652,0.639673217,0.787035648,-0.059817625,-0.174856814,4.970829103,12.213618812,-4.390221934,-130.906069500,-0.079609339,142.886802055,44.870695347,0.061441993,-0.000104441,-0.050454075,0.000053178,0.001249075,-0.000279693,0.002461676,0.000000000,0.000000000,0.000000000,0.000000000,0.000000000,0.000000000,0.000000000,0.051446872,0.000834577,-0.050920741,-0.000004666,0.017916428,0.000014243,-0.012645837,0.000000000,0.000000000,0.000000000,0.000000000,0.000000000,0.000000000,0.000000000,0.696741770,0.063252047,-0.440492667,0.242025514,0.841662030,0.417519268,0.069326385
7.550000000,0,7.550000000,sample,0.215282566,-0.001704494,0.000000000,0.000000000,0.000000000,0.000000000,0.000000000,0,0,2.000000000,0.080000000,0.000000000,0.000000000,0.075366707,0.000000000,0.085342358,0.000000000,0.000000000,0.000000000,0.080799395,0.932763260,1,55.425908704,0,0.000000000,1.094629227,0.842751410,1.095562892,0.842751410,2.958797189,0.614451262,2.261840068,0.806515548,1.902988459,0.000000000,1.668168812,2.000000000,1.000000000,20.000000000,2.335762733,1.000000000,1.779409258,0.834588116,1.285604566,0.000000000,1.849318904,0.840613341,1.363603198,1,0,0,0.000000000,0.163735827,-0.897095805,0.605493881,0.819647499,-0.055695077,-0.187898843,5.152077796,12.212819819,-4.549695845,-130.905862130,-0.077995053,142.886704320,44.881705160,0.060154001,-0.001225087,-0.052961044,0.000304411,0.002032458,0.000051530,0.009971917,0.000000000,0.000000000,0.000000000,0.000000000,0.000000000,0.000000000,0.000000000,0.051260402,0.000861886,-0.050736463,-0.000004556,0.017854190,0.000013905,-0.012601901,0.000000000,0.000000000,0.000000000,0.000000000,0.000000000,0.000000000,0.000000000,0.704633580,0.102259586,-0.434815683,0.230079415,0.853487085,0.412430142,0.072619228
7.600000000,0,7.600000000,sample,0.215201628,-0.001618758,0.000000000,0.000000000,0.000000000,0.000000000,0.000000000,0,0,2.000000000,0.080000000,0.000000000,0.000000000,0.076877619,0.000000000,0.081831276,0.000000000,0.000000000,0.000000000,0.081447852,0.943887628,1,54.991597489,0,0.000000000,1.201878530,0.875357493,1.202822546,0.875357493,2.766739731,0.703166681,2.436207079,0.856265344,2.109008333,0.000000000,1.700105177,2.000000000,1.000000000,20.000000000,2.346350502,1.000000000,1.743504571,0.874280232,1.274962954,0.000000000,1.809373638,0.878001709,1.296058228,1,0,0,0.000000000,0.158796263,-1.034388795,0.591046164,0.849973525,-0.053676358,-0.202273567,5.320240410,12.214023935,-4.696193462,-130.905659146,-0.076854505,142.886657458,44.891374656,0.060398729,-0.001436243,-0.054404477,0.001394696,-0.000113527,-0.000284791,0.004668716,0.000000000,0.000000000,0.000000000,0.000000000,0.000000000,0.000000000,0.000000000,0.052286487,0.000907707,-0.051752059,-0.000004580,0.018217096,0.000013980,-0.012858043,0.000000000,0.000000000,0.000000000,0.000000000,0.000000000,0.000000000,0.000000000,0.613588515,0.110488780,-0.529367163,0.213781507,0.859033981,0.408901485,0.075894440
7.650000000,0,7.650000000,sample,0.215109350,-0.001845568,0.000000000,0.000000000,0.000000000,0.000000000,0.000000000,0,0,2.000000000,0.080000000,0.000000000,0.000000000,0.081177025,0.000000000,0.081177025,0.000000000,0.000000000,0.000000000,0.084853439,0.956673376,3,52.547317796,0,0.000000000,1.168050190,0.908487026,1.214105308,0.908487026,3.210823407,0.747125740,2.186742965,0.889359473,1.898432836,0.000000000,1.685494607,2.000000000,1.000000000,20.000000000,2.357151881,1.000000000,1.678142342,0.787644784,1.289212466,0.000000000,1.822382695,0.884076686,1.341977350,1,0,0,0.000000000,0.154692526,-1.004575189,0.575534672,0.883929098,-0.051747976,-0.203322832,5.487110021,12.215202485,-4.858609636,-130.905875285,-0.076201406,142.886666520,44.897900579,0.058450306,0.000227536,-0.061509858,0.000091451,0.000252405,-0.000119058,0.000259067,0.000000000,0.000000000,0.000000000,0.000000000,0.000000000,0.000000000,0.000000000,0.055208833,0.000991884,-0.054644486,-0.000004797,0.019241653,0.000014641,-0.013581206,0.000000000,0.000000000,0.000000000,0.000000000,0.000000000,0.000000000,0.000000000,0.711932105,0.075471617,-0.445386044,0.216523573,0.855801022,0.407951119,0.073856637
7.700000000,0,7.700000000,sample,0.215004209,-0.002102812,0.000000000,0.000000000,0.000000000,0.000000000,0.000000000,0,0,2.000000000,0.080000000,0.000000000,0.000000000,0.081893794,0.000000000,0.087607058,0.000000000,0.000000000,0.000000000,0.085484496,0.957995868,3,52.625950667,0,0.000000000,1.047842342,0.943374286,1.167361901,0.943374286,3.708700428,0.761647164,1.913272220,0.919819288,1.692688280,0.000000000,1.686063264,2.000000000,1.000000000,20.000000000,2.368718419,1.000000000,1.814204443,0.818703521,1.313098324,0.000000000,1.840776581,0.850557018,1.325929653,1,0,0,0.000000000,0.147399948,-0.872710204,0.560913298,0.920557147,-0.049869634,-0.200106476,5.659125469,12.217209125,-5.036545649,-130.905655248,-0.074474255,142.886744857,44.897819009,0.058814807,-0.000800585,-0.062013655,0.001318528,0.000357356,0.000017661,-0.000465412,0.000000000,0.000000000,0.000000000,0.000000000,0.000000000,0.000000000,0.000000000,0.055694008,0.001037662,-0.055124619,-0.000004731,0.019419139,0.000014441,-0.013706470,0.000000000,0.000000000,0.000000000,0.000000000,0.000000000,0.000000000,0.000000000,0.777348215,0.125835444,-0.394140785,0.192162524,0.862027118,0.404941079,0.069144613
7.750000000,0,7.750000000,sample,0.214922852,-0.001627143,0.000000000,0.000000000,0.000000000,0.000000000,0.000000000,0,0,2.000000000,0.080000000,0.000000000,0.000000000,0.055689895,0.000000000,0.083458092,0.000000000,0.000000000,0.000000000,0.058369353,0.954094782,3,50.846198614,0,0.000000000,1.048227272,0.971541488,1.057385796,0.971541488,2.335531990,0.570000013,2.085598270,0.923990138,1.902271863,0.000000000,1.756371072,2.000000000,1.000000000,20.000000000,2.379074319,1.000000000,1.688856302,0.897401073,1.309322208,0.000000000,1.922636347,1.037356831,1.320742653,1,0,0,0.000000000,0.161040813,-0.842067774,0.603131938,0.948371743,-0.054268957,-0.203810647,5.796477119,12.224486400,-5.170814163,-130.905575353,-0.072496477,142.886657471,44.898682805,0.040753121,0.003680762,-0.041621155,-0.000157066,-0.000446626,-0.000238070,-0.000123181,0.000000000,0.000000000,0.000000000,0.000000000,0.000000000,0.000000000,0.000000000,0.037870949,0.000724966,-0.037483143,-0.000003134,0.013215164,0.000009567,-0.009327562,0.000000000,0.000000000,0.000000000,0.000000000,0.000000000,0.000000000,0.000000000,0.593325981,0.091672025,-0.591003223,0.212898178,0.885739185,0.411764811,0.072045517
7.800000000,0,7.800000000,sample,0.214844590,-0.001565234,0.000000000,0.000000000,0.000000000,0.000000000,0.000000000,0,0,2.000000000,0.080000000,0.000000000,0.000000000,0.056755828,0.000000000,0.065708848,0.000000000,0.000000000,0.000000000,0.059602776,0.952234634,3,55.011952971,0,0.000000000,1.039653909,0.997984835,1.049133711,0.997984835,3.431217750,0.591316636,1.956233628,0.941655388,1.756719859,0.000000000,1.764704994,2.000000000,1.000000000,20.000000000,2.388810816,1.000000000,1.810242292,0.828839902,1.345337395,0.000000000,1.810242292,0.908236547,1.345337395,1,0,0,0.000000000,0.172487934,-0.802644870,0.637878810,0.974612586,-0.057717397,-0.206815717,5.924502616,12.230759168,-5.297072882,-130.905700670,-0.070838644,142.886846705,44.899001017,0.039936154,0.001628163,-0.044207405,0.000445393,-0.000319445,-0.000030084,0.000589617,0.000000000,0.000000000,0.000000000,0.000000000,0.000000000,0.000000000,0.000000000,0.038593600,0.000757357,-0.038197817,-0.000003123,0.013476909,0.000009533,-0.009512310,0.000000000,0.000000000,0.000000000,0.000000000,0.000000000,0.000000000,0.000000000,0.776976040,0.118046133,-0.431363146,0.197033812,0.889605681,0.412673686,0.075575955
7.850000000,0,7.850000000,sample,0.214768904,-0.001513722,0.000000000,0.000000000,0.000000000,0.000000000,0.000000000,0,0,2.000000000,0.080000000,0.000000000,0.000000000,0.062854679,0.000000000,0.062854679,0.000000000,0.000000000,0.000000000,0.065720520,0.956393514,1,51.926211006,0,0.000000000,1.033278277,1.021552115,1.043288178,1.021552115,0.411748262,0.550801944,2.048541682,0.967918873,1.882026744,0.000000000,1.752182599,2.000000000,1.000000000,20.000000000,2.397783371,1.000000000,1.766991104,0.956406689,1.341772076,0.000000000,1.941867592,0.956406689,1.384004400,1,0,0,0.000000000,0.172725625,-0.794519834,0.637626919,0.997917827,-0.057605990,-0.210737477,6.048017661,12.233192213,-5.416101803,-130.905687515,-0.067451029,142.886705192,44.899544309,0.047358104,-0.000027923,-0.045560989,-0.000360417,0.000356501,-0.000145591,0.000560422,0.000000000,0.000000000,0.000000000,0.000000000,0.000000000,0.000000000,0.000000000,0.042739280,0.000857891,-0.042300812,-0.000003295,0.014930378,0.000010056,-0.010538202,0.000000000,0.000000000,0.000000000,0.000000000,0.000000000,0.000000000,0.000000000,0.586485691,0.110350586,-0.617470087,0.221377522,0.914112648,0.415268287,0.076698037
7.900000000,0,7.900000000,sample,0.214678273,-0.001812625,0.000000000,0.000000000,0.000000000,0.000000000,0.000000000,0,0,2.000000000,0.080000000,0.000000000,0.000000000,0.065252980,0.000000000,0.074633428,0.000000000,0.000000000,0.000000000,0.068795262,0.948509793,3,57.550334505,0,0.000000000,0.990869819,1.048673433,1.032920151,1.048673433,5.526426836,0.916061215,1.835227543,0.981653723,1.628851224,0.000000000,1.834039771,2.000000000,1.000000000,20.000000000,2.408008556,1.000000000,1.842420575,0.926814333,1.364887538,0.000000000,1.927715655,0.966382032,1.383016793,1,0,0,0.000000000,0.168729547,-0.748353877,0.627152145,1.025541940,-0.056252621,-0.211696340,6.188259656,12.235038761,-5.555008348,-130.905661206,-0.064378819,142.886725981,44.900594924,0.044438791,0.003727621,-0.052189419,0.000246879,0.002197081,0.000149203,0.003929506,0.000000000,0.000000000,0.000000000,0.000000000,0.000000000,0.000000000,0.000000000,0.044368441,0.000913765,-0.043913171,-0.000003266,0.015505426,0.000009968,-0.010944084,0.000000000,0.000000000,0.000000000,0.000000000,0.000000000,0.000000000,0.000000000,0.706326679,0.124800584,-0.514802870,0.221210005,0.925634414,0.414500323,0.076681039
7.950000000,0,7.950000000,sample,0.214589363,-0.001778200,0.000000000,0.000000000,0.000000000,0.000000000,0.000000000,0,0,2.000000000,0.080000000,0.000000000,0.000000000,0.068418872,0.000000000,0.071991119,0.000000000,0.000000000,0.000000000,0.071172283,0.961313437,1,53.512588908,0,0.000000000,0.975682972,1.075921813,0.990272814,1.075921813,1.238559214,0.566783093,1.950838591,1.015319534,1.832437483,0.000000000,1.755051549,2.000000000,1.000000000,20.000000000,2.418228040,1.000000000,2.014356418,0.899724610,1.412289925,0.000000000,2.014356418,0.937626597,1.412289925,1,0,0,0.000000000,0.164718959,-0.738542278,0.615938496,1.052481017,-0.054850528,-0.216524537,6.326054758,12.236765113,-5.687734187,-130.905589009,-0.062346856,142.886660513,44.902201451,0.052064161,-0.000568011,-0.048494152,0.000095228,0.001673861,-0.000008135,0.000025024,0.000000000,0.000000000,0.000000000,0.000000000,0.000000000,0.000000000,0.000000000,0.046519443,0.000981283,-0.046042029,-0.000003317,0.016263084,0.000010125,-0.011478855,0.000000000,0.000000000,0.000000000,0.000000000,0.000000000,0.000000000,0.000000000,0.881762924,0.159022503,-0.348921589,0.213948484,0.921053218,0.412210567,0.077408067
8.000000000,0,8.000000000,disturb_auto_release,0.000000000,,0.000000000,0.000000000,0.000000000,0.000000000,0.000000000,0,0,0.000000000,0.000000000,0.000000000,0.000000000,0.000000000,0.000000000,0.000000000,0.000000000,0.000000000,0.000000000,0.068204392,0.000000000,1,57.442451608,0,0.000000000,0.000000000,0.000000000,0.000000000,0.000000000,2.807161505,0.685342852,0.000000000,0.000000000,0.000000000,0.000000000,0.000000000,0.000000000,0.000000000,0.000000000,0.000000000,1.000000000,0.000000000,0.000000000,0.000000000,0.000000000,0.000000000,0.000000000,0.000000000,0,0,0,0.000000000,0.000000000,0.000000000,0.000000000,0.000000000,0.000000000,0.000000000,6.477008527,12.240014731,-5.825281609,-130.905700670,-0.060761946,142.886974154,44.906622481,0.051692653,0.002134872,-0.044405086,-0.000362822,-0.000299219,0.000172051,0.001757426,0.000000000,0.000000000,0.000000000,0.000000000,0.000000000,0.000000000,0.000000000,0.000000000,0.000000000,0.000000000,0.000000000,0.000000000,0.000000000,0.000000000,0.000000000,0.000000000,0.000000000,0.000000000,0.000000000,0.000000000,0.000000000,0.000000000,0.000000000,0.000000000,0.000000000,0.000000000,0.000000000,0.000000000
8.000000000,0,8.000000000,sample,0.214495249,-0.001882278,0.000000000,0.000000000,0.000000000,0.000000000,0.000000000,0,0,2.000000000,0.080000000,0.000000000,0.000000000,0.064691170,0.000000000,0.074153253,0.000000000,0.000000000,0.000000000,0.068204392,0.948489807,1,57.442451608,0,0.000000000,1.026499946,1.105878189,1.026499946,1.105878189,2.807161505,0.685342852,2.183354111,1.053836043,2.072507242,0.000000000,1.785853690,2.000000000,1.000000000,20.000000000,2.429843183,1.000000000,1.950126082,0.871381590,1.401146656,0.000000000,2.065736458,0.917136909,1.452239224,1,0,0,0.000000000,0.165405751,-0.802935859,0.617767823,1.080883035,-0.054470007,-0.227357541,6.477008527,12.240014731,-5.825281609,-130.905700670,-0.060761946,142.886974154,44.906622481,0.051692653,0.002134872,-0.044405086,-0.000362822,-0.000299219,0.000172051,0.001757426,0.000000000,0.000000000,0.000000000,0.000000000,0.000000000,0.000000000,0.000000000,0.043982904,0.000950650,-0.043531241,-0.000003058,0.015384154,0.000009334,-0.010858485,0.000000000,0.000000000,0.000000000,0.000000000,0.000000000,0.000000000,0.000000000,0.869678389,0.128817957,-0.348376285,0.230202400,0.916233024,0.412404774,0.079734271
8.050000000,0,8.050000000,sample,0.214409830,-0.001708384,0.000000000,0.000000000,0.000000000,0.000000000,0.000000000,0,0,2.000000000,0.080000000,0.000000000,0.000000000,0.056868560,0.000000000,0.069026686,0.000000000,0.000000000,0.000000000,0.059612643,0.953968104,1,50.934693695,0,0.000000000,1.133923654,1.131031959,1.133923654,1.131031959,0.688105718,0.521057136,2.234827736,1.059559479,2.040416270,0.000000000,1.755500968,2.000000000,0.993844170,19.876883406,2.426011434,1.000000000,1.960656065,0.906625642,1.381923421,0.000000000,1.993851179,0.973503143,1.395957518,1,0,0,0.000000000,0.170357535,-0.928368695,0.628404909,1.106396505,-0.055320954,-0.228165860,6.618146365,12.243975749,-5.947093930,-130.905589009,-0.059653488,142.886576916,44.927017953,0.042544677,0.000527737,-0.041744003,0.000130950,-0.000221797,-0.000601342,0.000591107,0.000000000,0.000000000,0.000000000,0.000000000,0.000000000,0.000000000,0.000000000,0.038662597,0.000853551,-0.038265288,-0.000002640,0.013530410,0.000008060,-0.009550072,0.000000000,0.000000000,0.000000000,0.000000000,0.000000000,0.000000000,0.000000000,0.805718470,0.141437908,-0.408600999,0.236897889,0.916662714,0.412556716,0.083525105
8.100000000,0,8.100000000,sample,0.214347974,-0.001237111,0.000000000,0.000000000,0.000000000,0.000000000,0.000000000,0,0,2.000000000,0.080000000,0.000000000,0.000000000,0.036178794,0.000000000,0.055885058,0.000000000,0.000000000,0.000000000,0.037969307,0.952843125,1,60.535309042,0,0.000000000,1.214923151,1.150392989,1.217080667,1.150392989,2.474871060,0.465080812,2.521071817,1.053994310,2.299700983,0.000000000,1.786748776,2.000000000,0.975528258,19.510565163,2.389396863,1.000000000,1.751247302,0.891360354,1.356208154,0.000000000,2.127496217,0.938558814,1.450010228,1,0,0,0.000000000,0.176169500,-1.010958915,0.650357319,1.124641715,-0.057043872,-0.235225506,6.717924905,12.248560843,-6.033794035,-130.905411984,-0.058706988,142.886889835,44.934273951,0.029541807,0.000246190,-0.023842312,0.000571587,0.000082456,-0.000260380,-0.000179372,0.000000000,0.000000000,0.000000000,0.000000000,0.000000000,0.000000000,0.000000000,0.024595392,0.000551179,-0.024342392,-0.000001654,0.008612028,0.000005049,-0.006078561,0.000000000,0.000000000,0.000000000,0.000000000,0.000000000,0.000000000,0.000000000,0.671542720,0.076405833,-0.543220538,0.258490487,0.915401509,0.419070684,0.083708026
8.150000000,0,8.150000000,sample,0.214307300,-0.000813487,0.000000000,0.000000000,0.000000000,0.000000000,0.000000000,0,0,2.000000000,0.080000000,0.000000000,0.000000000,0.020993653,0.000000000,0.039264058,0.000000000,0.000000000,0.000000000,0.022193655,0.945930400,1,58.400324800,0,0.000000000,1.199837556,1.161680772,1.220589840,1.161680772,1.035919941,0.260141241,2.442840494,1.044686660,2.207714231,0.000000000,1.727930280,2.000000000,0.945503262,18.910065242,2.320200729,1.000000000,1.876586405,0.885656779,1.363066640,0.000000000,1.909380554,0.933404621,1.368713898,1,0,0,0.000000000,0.177124952,-0.992120543,0.651101943,1.136299796,-0.057095769,-0.234659463,6.775104266,12.249886926,-6.090349089,-130.905523580,-0.058005191,142.886835676,44.936182132,0.016960414,0.000504232,-0.014282573,-0.000010859,-0.000432963,0.000614783,0.000301637,0.000000000,0.000000000,0.000000000,0.000000000,0.000000000,0.000000000,0.000000000,0.014271823,0.000322889,-0.014124980,-0.000000948,0.004998302,0.000002895,-0.003527914,0.000000000,0.000000000,0.000000000,0.000000000,0.000000000,0.000000000,0.000000000,0.751948234,0.125723607,-0.466113407,0.228777694,0.909502029,0.415816765,0.083783224
8.200000000,0,8.200000000,sample,0.214274626,-0.000653486,0.000000000,0.000000000,0.000000000,0.000000000,0.000000000,0,0,2.000000000,0.080000000,0.000000000,0.000000000,0.015101391,0.000000000,0.022978529,0.000000000,0.000000000,0.000000000,0.016083144,0.938957591,3,62.202586312,0,0.000000000,1.117995471,1.168933124,1.196829191,1.168933124,1.862077221,0.236780536,2.152584119,1.037286541,1.926688482,0.000000000,1.620274154,2.000000000,0.904508497,18.090169944,2.222171110,1.000000000,1.920063084,0.898178863,1.365949804,0.000000000,1.941522489,0.949552568,1.381363675,1,0,0,0.000000000,0.172653452,-0.899932268,0.640489321,1.145352910,-0.055872168,-0.226825181,6.812008690,12.249816032,-6.135148707,-130.905529814,-0.057380106,142.886950605,44.936627011,0.009861991,-0.000087008,-0.012684553,0.000159086,-0.000187555,0.000384156,0.000543264,0.000000000,0.000000000,0.000000000,0.000000000,0.000000000,0.000000000,0.000000000,0.010266075,0.000233985,-0.010160459,-0.000000675,0.003595691,0.000002060,-0.002537919,0.000000000,0.000000000,0.000000000,0.000000000,0.000000000,0.000000000,0.000000000,0.768885102,0.129696953,-0.444257918,0.244912629,0.906263662,0.415266291,0.081890522
8.250000000,0,8.250000000,sample,0.214241532,-0.000661866,0.000000000,0.000000000,0.000000000,0.000000000,0.000000000,0,0,2.000000000,0.080000000,0.000000000,0.000000000,0.015103584,0.000000000,0.024739134,0.000000000,0.000000000,0.000000000,0.015911668,0.949214389,3,55.929937064,0,0.000000000,1.020672123,1.176080217,1.117020363,1.176080217,1.062134239,0.168861709,1.992389558,1.043638454,1.828586626,0.000000000,1.559135617,2.000000000,0.853553391,17.071067812,2.099310368,1.000000000,1.894606429,0.888496154,1.365455057,0.000000000,1.933689978,0.974276150,1.371404465,1,0,0,0.000000000,0.170684599,-0.781586074,0.633846637,1.154607819,-0.055310488,-0.216763026,6.846597381,12.250076100,-6.180402669,-130.905654637,-0.056865771,142.886867312,44.936627527,0.010550686,-0.000172002,-0.011899751,0.000177599,-0.000008396,-0.000154135,0.000418539,0.000000000,0.000000000,0.000000000,0.000000000,0.000000000,0.000000000,0.000000000,0.010267456,0.000235763,-0.010161826,-0.000000669,0.003596551,0.000002042,-0.002538527,0.000000000,0.000000000,0.000000000,0.000000000,0.000000000,0.000000000,0.000000000,0.765658816,0.118171755,-0.449560964,0.251598104,0.905340106,0.415377413,0.081754251
8.300000000,0,8.300000000,sample,0.214221050,-0.000409639,0.000000000,0.000000000,0.000000000,0.000000000,0.000000000,0,0,2.000000000,0.080000000,0.000000000,0.000000000,0.011121119,0.000000000,0.018630034,0.000000000,0.000000000,0.000000000,0.011661176,0.953687611,1,58.153817365,0,0.000000000,0.952657073,1.179864500,1.017786445,1.179874344,0.584731869,0.115153153,1.920429323,1.043030828,1.805679582,0.000000000,1.493540299,2.000000000,0.793892626,15.877852523,1.953774160,1.000000000,1.852385870,0.896665162,1.359199935,0.000000000,2.083830121,0.961414306,1.379596509,1,0,0,0.000000000,0.166824780,-0.699633906,0.624689835,1.159865807,-0.054455202,-0.209347033,6.866516023,12.249815483,-6.207961827,-130.905525090,-0.056010193,142.886719239,44.936334352,0.008892655,-0.000428156,-0.007521393,-0.000341764,0.000132397,-0.000107688,0.000055736,0.000000000,0.000000000,0.000000000,0.000000000,0.000000000,0.000000000,0.000000000,0.007560133,0.000174376,-0.007482369,-0.000000485,0.002648287,0.000001481,-0.001869221,0.000000000,0.000000000,0.000000000,0.000000000,0.000000000,0.000000000,0.000000000,0.734016523,0.101148669,-0.474854041,0.263902022,0.907831944,0.415744245,0.079248976
8.350000000,0,8.350000000,sample,0.214214717,-0.000126664,0.000000000,0.000000000,0.000000000,0.000000000,0.000000000,0,0,2.000000000,0.080000000,0.000000000,0.000000000,0.002133361,0.000000000,0.008567441,0.000000000,0.000000000,0.000000000,0.003644752,0.585324081,3,94.961772371,0,0.000000000,0.913097127,1.180020334,0.954711077,1.180323278,2.200378632,0.220804692,1.731415675,1.031346030,1.612566122,0.000000000,1.392831570,2.000000000,0.726995250,14.539904997,1.789340103,1.000000000,1.837853559,0.951896252,1.331633846,0.000000000,1.902030162,0.979883123,1.355056748,1,0,0,0.000000000,0.165725993,-0.645343281,0.624350310,1.161157374,-0.054280472,-0.203015202,6.869659525,12.250019469,-6.216643648,-130.905527959,-0.055083457,142.886930359,44.936586979,-0.000258883,-0.000585904,-0.003551750,0.000433528,-0.000252465,0.000055268,0.000065156,0.000000000,0.000000000,0.000000000,0.000000000,0.000000000,0.000000000,0.000000000,0.001450253,0.000033498,-0.001435335,-0.000000092,0.000508037,0.000000279,-0.000358584,0.000000000,0.000000000,0.000000000,0.000000000,0.000000000,0.000000000,0.000000000,0.651346294,0.107970153,-0.505527407,0.251076431,0.916476909,0.415308304,0.079566989
8.400000000,0,8.400000000,sample,0.214212166,-0.000051029,0.000000000,0.000000000,0.000000000,0.000000000,0.000000000,0,0,2.000000000,0.080000000,0.000000000,0.000000000,0.000976172,0.000000000,0.005193422,0.000000000,0.000000000,0.000000000,0.001416392,0.689196431,3,76.625505927,0,0.000000000,0.888517575,1.179374486,0.914511573,1.180152081,0.628871200,0.038602118,1.749688597,1.030708981,1.661190004,0.000000000,1.332912584,2.000000000,0.654508497,13.090169944,1.610907624,1.000000000,1.870508656,0.953472087,1.326995247,0.000000000,1.887931705,0.961270027,1.340267178,1,0,0,0.000000000,0.164593200,-0.613719071,0.621064781,1.161193666,-0.054143357,-0.199052622,6.869687656,12.249783363,-6.220048130,-130.905411424,-0.053997185,142.886664288,44.936377154,0.000168915,-0.000327412,-0.001239853,0.000091593,-0.000113851,-0.000432002,-0.000353868,0.000000000,0.000000000,0.000000000,0.000000000,0.000000000,0.000000000,0.000000000,0.000663600,0.000015336,-0.000656775,-0.000000041,0.000232461,0.000000125,-0.000164076,0.000000000,0.000000000,0.000000000,0.000000000,0.000000000,0.000000000,0.000000000,0.695173239,0.110649730,-0.416890549,0.247157107,0.923410813,0.414159414,0.079418356
8.450000000,0,8.450000000,sample,0.214211999,-0.000003334,0.000000000,0.000000000,0.000000000,0.000000000,0.000000000,0,0,2.000000000,0.080000000,0.000000000,0.000000000,0.000224787,0.000000000,0.002141052,0.000000000,0.000000000,0.000000000,0.002205084,0.101940439,4,51.653830510,0,0.000000000,0.884643057,1.177968267,0.890267316,1.179391945,0.952519545,0.096270751,1.806870849,1.025662605,1.725421860,0.000000000,1.307383818,2.000000000,0.578217233,11.564344650,1.423134616,1.000000000,1.868252327,1.003012919,1.314178545,0.000000000,1.897430310,1.003012919,1.329574032,1,0,0,0.000000000,0.166904886,-0.605800412,0.622689296,1.160182837,-0.054355387,-0.196546467,6.869738772,12.249742576,-6.221114551,-130.905754182,-0.051946002,142.886733322,44.936248932,0.000647228,-0.000783490,0.000678615,-0.001584807,0.000597260,0.000248541,-0.000662580,0.000000000,0.000000000,0.000000000,0.000000000,0.000000000,0.000000000,0.000000000,0.000152810,0.000003532,-0.000151238,-0.000000009,0.000053530,0.000000028,-0.000037783,0.000000000,0.000000000,0.000000000,0.000000000,0.000000000,0.000000000,0.000000000,0.643513534,0.112869938,-0.429332988,0.244743522,0.937667226,0.412687079,0.080369759
8.500000000,0,8.500000000,sample,0.214211478,-0.000010417,0.000000000,0.000000000,0.000000000,0.000000000,0.000000000,0,0,2.000000000,0.080000000,0.000000000,0.000000000,0.000693344,0.000000000,0.003276058,0.000000000,0.000000000,0.000000000,0.001419544,0.488427432,4,37.000822568,0,0.000000000,0.876780748,1.175245193,0.883615988,1.177989543,0.457523874,0.047083994,1.764956265,1.027142457,1.675061790,0.000000000,1.245682574,2.000000000,0.500000000,10.000000000,1.230600389,1.000000000,1.885402187,1.062946149,1.322270749,0.000000000,1.906874520,1.062946149,1.325417662,1,0,0,0.000000000,0.163402958,-0.598607947,0.619445299,1.158169424,-0.053774502,-0.192232026,6.869332970,12.249656236,-6.221846494,-130.905435629,-0.048366346,142.886887558,44.936586896,-0.000072243,0.000498943,0.000826660,0.000863485,-0.000287067,-0.000472122,0.000163286,0.000000000,0.000000000,0.000000000,0.000000000,0.000000000,0.000000000,0.000000000,-0.000471334,-0.000010897,0.000466486,0.000000026,-0.000165110,-0.000000080,0.000116538,0.000000000,0.000000000,0.000000000,0.000000000,0.000000000,0.000000000,0.000000000,0.619489082,0.112469860,-0.425108790,0.248677144,0.965631382,0.413139078,0.079360397
8.550000000,0,8.550000000,sample,0.214211626,0.000002957,0.000000000,0.000000000,0.000000000,0.000000000,0.000000000,0,0,2.000000000,0.080000000,0.000000000,0.000000000,0.000038873,0.000000000,0.002405364,0.000000000,0.000000000,0.000000000,0.001228691,0.031637641,4,78.353845569,0,0.000000000,0.872055925,1.173117193,0.879268855,1.175237098,0.952861991,0.106740217,1.773497395,1.024348208,1.690385182,0.000000000,1.272288780,2.000000000,0.421782767,8.435655350,1.038071182,1.000000000,1.875497495,1.111130305,1.316888820,0.000000000,1.900226991,1.111130305,1.327368943,1,0,0,0.000000000,0.165408008,-0.589172926,0.621286561,1.156575514,-0.054097989,-0.188707281,6.868602279,12.249704817,-6.222404375,-130.905632443,-0.045505383,142.886799811,44.936546181,-0.000022193,0.000468874,-0.000037483,-0.001087609,0.000116488,-0.000300067,0.000037928,0.000000000,0.000000000,0.000000000,0.000000000,0.000000000,0.000000000,0.000000000,0.000026426,0.000000611,-0.000026154,-0.000000001,0.000009257,0.000000004,-0.000006534,0.000000000,0.000000000,0.000000000,0.000000000,0.000000000,0.000000000,0.000000000,0.571943663,0.109127391,-0.438231283,0.247040963,0.982260382,0.413436733,0.079539543
8.600000000,0,8.600000000,sample,0.214211585,-0.000000815,0.000000000,0.000000000,0.000000000,0.000000000,0.000000000,0,0,2.000000000,0.080000000,0.000000000,0.000000000,0.001551596,0.000000000,0.003285732,0.000000000,0.000000000,0.000000000,0.003116881,0.497804138,5,42.575078311,0,0.000000000,0.862032790,1.171839772,0.872879271,1.173118383,0.408979837,0.116300563,1.742824236,1.009488604,1.642924527,0.000000000,1.251122255,2.000000000,0.345491503,6.909830056,0.850260720,1.000000000,1.942185487,1.128211745,1.294847377,0.000000000,2.055518240,1.168326990,1.321710216,1,0,0,0.000000000,0.163444635,-0.577392063,0.618873805,1.155703160,-0.053774238,-0.186190731,6.867161012,12.249566214,-6.222396093,-130.905464204,-0.044089746,142.886828677,44.936499554,-0.001370094,0.000215882,0.001731345,0.000107892,0.002033751,-0.000728489,-0.000339329,0.000000000,0.000000000,0.000000000,0.000000000,0.000000000,0.000000000,0.000000000,-0.001054772,-0.000024388,0.001043924,0.000000053,-0.000369487,-0.000000163,0.000260792,0.000000000,0.000000000,0.000000000,0.000000000,0.000000000,0.000000000,0.000000000,0.576742515,0.141642344,-0.389593830,0.226026855,0.973176822,0.409696087,0.078356529
8.650000000,0,8.650000000,sample,0.214211568,-0.000000345,0.000000000,0.000000000,0.000000000,0.000000000,0.000000000,0,0,2.000000000,0.080000000,0.000000000,0.000000000,0.001418917,0.000000000,0.002734756,0.000000000,0.000000000,0.000000000,0.003199024,0.443546660,1,72.299741544,0,0.000000000,0.840172983,1.170670333,0.862758538,1.171919355,2.028465333,0.262213162,1.589889458,1.015955849,1.487259319,0.000000000,1.170135943,2.000000000,0.273004750,5.460095003,0.671792609,1.000000000,1.999259989,1.189644367,1.258997914,0.000000000,2.034716499,1.203390656,1.294481672,1,0,0,0.000000000,0.163352875,-0.546253992,0.617100523,1.155192461,-0.053558108,-0.182019049,6.864125485,12.249269889,-6.222807281,-130.905645933,-0.043156062,142.886953989,44.936484151,-0.002720107,-0.001267118,-0.000795881,0.000085571,0.000101466,0.000391602,0.000651761,0.000000000,0.000000000,0.000000000,0.000000000,0.000000000,0.000000000,0.000000000,-0.000964579,-0.000022304,0.000954658,0.000000048,-0.000337885,-0.000000146,0.000238487,0.000000000,0.000000000,0.000000000,0.000000000,0.000000000,0.000000000,0.000000000,0.498899426,0.166769951,-0.399907663,0.220749379,0.963171209,0.407318572,0.078097826
8.700000000,0,8.700000000,sample,0.214211406,-0.000003235,0.000000000,0.000000000,0.000000000,0.000000000,0.000000000,0,0,2.000000000,0.080000000,0.000000000,0.000000000,0.000847334,0.000000000,0.003495575,0.000000000,0.000000000,0.000000000,0.001251427,0.677093941,3,33.642726837,0,0.000000000,0.813173977,1.169428024,0.843522940,1.170762600,0.440804819,0.037702022,1.630663093,1.019454236,1.568344550,0.000000000,1.301757565,2.000000000,0.206107374,4.122147477,0.507103336,1.000000000,1.795528952,1.161472812,1.235083132,0.000000000,1.978742211,1.179977116,1.258838796,1,0,0,0.000000000,0.162281360,-0.506364814,0.615232762,1.154689726,-0.053500454,-0.177175737,6.859881633,12.249131152,-6.222958046,-130.905523109,-0.042297761,142.886792033,44.936248566,0.000187387,0.000623560,-0.000725857,-0.000030541,0.000539188,0.000122323,-0.000555555,0.000000000,0.000000000,0.000000000,0.000000000,0.000000000,0.000000000,0.000000000,0.000576017,0.000013320,-0.000570094,-0.000000028,0.000201772,0.000000085,-0.000142415,0.000000000,0.000000000,0.000000000,0.000000000,0.000000000,0.000000000,0.000000000,0.419511899,0.079986984,-0.431251131,0.253597733,0.956926125,0.413367306,0.078566557
8.750000000,0,8.750000000,sample,0.214211538,0.000002644,0.000000000,0.000000000,0.000000000,0.000000000,0.000000000,0,0,2.000000000,0.080000000,0.000000000,0.000000000,0.002696438,0.000000000,0.004921244,0.000000000,0.000000000,0.000000000,0.003246460,0.830577825,1,91.042666172,0,0.000000000,0.781261192,1.168099263,0.814028724,1.169403190,1.200850796,0.150567072,1.539106737,1.015313095,1.487343838,0.000000000,1.295734111,2.000000000,0.146446609,2.928932188,0.360245323,1.000000000,1.851104163,1.132038247,1.217486873,0.000000000,1.851104163,1.177632695,1.234947235,1,0,0,0.000000000,0.160279861,-0.458539264,0.611899632,1.154241563,-0.053153849,-0.171338764,6.854358037,12.248834333,-6.222683222,-130.905424741,-0.041712582,142.886802019,44.936361682,-0.003097652,0.000369745,0.000855076,-0.000038502,0.000079880,-0.000105845,0.000239010,0.000000000,0.000000000,0.000000000,0.000000000,0.000000000,0.000000000,0.000000000,-0.001833041,-0.000042384,0.001814193,0.000000088,-0.000642077,-0.000000267,0.000453193,0.000000000,0.000000000,0.000000000,0.000000000,0.000000000,0.000000000,0.000000000,0.496809281,0.094631807,-0.299991327,0.248573021,0.947928856,0.412398395,0.077940680
8.800000000,0,8.800000000,sample,0.214211850,0.000006224,0.000000000,0.000000000,0.000000000,0.000000000,0.000000000,0,0,2.000000000,0.080000000,0.000000000,0.000000000,0.000838125,0.000000000,0.004424622,0.000000000,0.000000000,0.000000000,0.001298497,0.645457826,1,39.906346977,0,0.000000000,0.752806695,1.166899892,0.781885442,1.168093007,0.283178540,0.041341627,1.514329467,1.017619389,1.494925969,0.000000000,1.363847086,2.000000000,0.095491503,1.909830056,0.234856446,1.000000000,1.806287217,1.234094226,1.197429007,0.000000000,1.917429153,1.234094226,1.217361872,1,0,0,0.000000000,0.161762453,-0.407549397,0.611926726,1.153891364,-0.053389864,-0.165346908,6.848799809,12.248651626,-6.222683220,-130.905645860,-0.041162928,142.886660044,44.936349747,-0.000820280,0.000313390,0.000638094,-0.000120594,0.000125092,-0.000129007,-0.000678988,0.000000000,0.000000000,0.000000000,0.000000000,0.000000000,0.000000000,0.000000000,-0.000569759,-0.000013174,0.000563900,0.000000027,-0.000199572,-0.000000082,0.000140862,0.000000000,0.000000000,0.000000000,0.000000000,0.000000000,0.000000000,0.000000000,0.309532176,0.082950663,-0.435998708,0.247459178,0.950575653,0.412468271,0.078039617
8.850000000,0,8.850000000,sample,0.214211759,-0.000001805,0.000000000,0.000000000,0.000000000,0.000000000,0.000000000,0,0,2.000000000,0.080000000,0.000000000,0.000000000,0.001092081,0.000000000,0.004152752,0.000000000,0.000000000,0.000000000,0.001685409,0.647962380,3,40.484521196,0,0.000000000,0.720841270,1.165660581,0.751299249,1.166907085,0.748074905,0.106033798,1.420294661,1.016786950,1.416135733,0.000000000,1.339870823,2.000000000,0.054496738,1.089934758,0.134004015,1.000000000,1.780343178,1.183776135,1.185795737,0.000000000,1.815104333,1.234303524,1.197345497,1,0,0,0.000000000,0.159648345,-0.350425241,0.609365812,1.153558235,-0.053071546,-0.158906893,6.842572165,12.248468065,-6.222682698,-130.905534205,-0.040654717,142.886748129,44.936157568,-0.000625102,-0.000663783,0.001072382,0.000570508,-0.000213322,0.000122689,-0.000687895,0.000000000,0.000000000,0.000000000,0.000000000,0.000000000,0.000000000,0.000000000,-0.000742400,-0.000017166,0.000734766,0.000000035,-0.000260040,-0.000000106,0.000183542,0.000000000,0.000000000,0.000000000,0.000000000,0.000000000,0.000000000,0.000000000,0.376347162,0.074206376,-0.352660738,0.244624369,0.946918959,0.414844036,0.077498317
8.900000000,0,8.900000000,sample,0.214211943,0.000003680,0.000000000,0.000000000,0.000000000,0.000000000,0.000000000,0,0,2.000000000,0.080000000,0.000000000,0.000000000,0.001382354,0.000000000,0.004505028,0.000000000,0.000000000,0.000000000,0.002615111,0.528602371,3,59.477293551,0,0.000000000,0.701806257,1.164722855,0.721043508,1.165619654,1.565103534,0.165631180,1.478045105,1.016315086,1.495545496,0.000000000,1.461558221,2.000000000,0.024471742,0.489434837,0.060165639,1.000000000,1.798094738,1.217737157,1.179674411,0.000000000,1.828016706,1.217737157,1.191361946,1,0,0,0.000000000,0.159814715,-0.308402566,0.609818937,1.153312002,-0.053116332,-0.153718608,6.837936489,12.248466628,-6.222622175,-130.905618812,-0.040268829,142.886828793,44.936461174,-0.000149598,0.001538640,0.002016813,-0.000463115,0.000229550,-0.000337754,0.000015144,0.000000000,0.000000000,0.000000000,0.000000000,0.000000000,0.000000000,0.000000000,-0.000939728,-0.000021728,0.000930065,0.000000043,-0.000329158,-0.000000132,0.000232327,0.000000000,0.000000000,0.000000000,0.000000000,0.000000000,0.000000000,0.000000000,0.333123684,0.073798107,-0.365879766,0.253979099,0.947647425,0.415442362,0.078821199
8.950000000,0,8.950000000,sample,0.214212001,0.000001159,0.000000000,0.000000000,0.000000000,0.000000000,0.000000000,0,0,2.000000000,0.080000000,0.000000000,0.000000000,0.002898565,0.000000000,0.003555187,0.000000000,0.000000000,0.000000000,0.004133887,0.701171767,1,91.763716832,0,0.000000000,0.683893361,1.163822282,0.701203662,1.164790367,1.873514642,0.174929246,1.344785349,1.011519539,1.362398122,0.000000000,1.354550568,2.000000000,0.006155830,0.123116594,0.015132362,1.000000000,1.849681981,1.228475290,1.173287642,0.000000000,1.885789938,1.246465035,1.179245293,1,0,0,0.000000000,0.158613822,-0.274948496,0.605768197,1.152938885,-0.052802007,-0.149753725,6.834210528,12.248007441,-6.222578833,-130.905618794,-0.039754632,142.886725410,44.936325777,-0.003959990,-0.000304905,0.000476091,-0.000858203,0.000092602,0.000114942,-0.000574083,0.000000000,0.000000000,0.000000000,0.000000000,0.000000000,0.000000000,0.000000000,-0.001970457,-0.000045558,0.001950199,0.000000090,-0.000690164,-0.000000274,0.000487134,0.000000000,0.000000000,0.000000000,0.000000000,0.000000000,0.000000000,0.000000000,0.343125361,0.099046798,-0.346731506,0.239859788,0.945813603,0.413196805,0.077512462
9.000000000,0,9.000000000,sample,0.214211961,-0.000000808,0.000000000,0.000000000,0.000000000,0.000000000,0.000000000,0,0,2.000000000,0.080000000,0.000000000,0.000000000,0.000783786,0.000000000,0.002823885,0.000000000,0.000000000,0.000000000,0.001754937,0.446617907,3,47.153550283,0,0.000000000,0.678409436,1.163326858,0.685573790,1.163909945,1.162512772,0.100482316,1.380907325,1.019049268,1.414004222,0.000000000,1.414004634,2.000000000,0.000000000,0.000000000,0.000000000,1.000000000,1.726077729,1.191042146,1.170872311,0.000000000,1.847121994,1.229607482,1.179421976,1,0,0,0.000000000,0.159708536,-0.253008211,0.608867302,1.152755750,-0.053055255,-0.147202917,6.832156074,12.248291889,-6.222912640,-130.905737184,-0.039281169,142.886889839,44.936121039,-0.000133111,0.000839467,-0.001205088,-0.000732268,-0.000194588,-0.000026930,-0.000574749,0.000000000,0.000000000,0.000000000,0.000000000,0.000000000,0.000000000,0.000000000,0.000532820,0.000012320,-0.000527342,-0.000000024,0.000186629,0.000000073,-0.000131727,0.000000000,0.000000000,0.000000000,0.000000000,0.000000000,0.000000000,0.000000000,0.348171797,0.043981848,-0.326203383,0.261360908,0.945235552,0.416788869,0.076697999
9.050000000,0,9.050000000,sample,0.214211887,-0.000001473,0.000000000,0.000000000,0.000000000,0.000000000,0.000000000,0,0,2.000000000,0.080000000,0.000000000,0.000000000,0.000489634,0.000000000,0.002889104,0.000000000,0.000000000,0.000000000,0.000743562,0.658497953,4,32.197841885,0,0.000000000,0.670558385,1.162646665,0.678727198,1.163243656,0.350089632,0.035438673,1.327910970,1.012683128,1.349457779,0.000000000,1.349457989,2.000000000,0.000000000,0.000000000,0.000000000,1.000000000,1.822018289,1.215234852,1.169798743,0.000000000,1.857578201,1.242657313,1.170090656,1,0,0,0.000000000,0.157174392,-0.241313276,0.605568049,1.152343748,-0.052615265,-0.145199133,6.830645831,12.248087460,-6.222748210,-130.905527470,-0.038698629,142.886930386,44.936311117,-0.000314194,-0.000224594,0.000398935,0.000421920,0.000126500,-0.000095587,0.000203517,0.000000000,0.000000000,0.000000000,0.000000000,0.000000000,0.000000000,0.000000000,-0.000332855,-0.000007696,0.000329433,0.000000015,-0.000116586,-0.000000045,0.000082289,0.000000000,0.000000000,0.000000000,0.000000000,0.000000000,0.000000000,0.000000000,0.362985895,0.083600898,-0.308634287,0.247480385,0.946543984,0.414145485,0.075614605
9.100000000,0,9.100000000,sample,0.214211891,0.000000065,0.000000000,0.000000000,0.000000000,0.000000000,0.000000000,0,0,2.000000000,0.080000000,0.000000000,0.000000000,0.000258151,0.000000000,0.001942365,0.000000000,0.000000000,0.000000000,0.001505588,0.171461778,7,44.996433823,0,0.000000000,0.667726665,1.162340661,0.672184971,1.162770002,0.750998433,0.137501743,1.327992135,1.013603076,1.354224301,0.000000000,1.354223835,2.000000000,0.000000000,0.000000000,0.000000000,1.000000000,1.824014752,1.234571038,1.165619675,0.000000000,1.843454117,1.235283641,1.169881474,1,0,0,0.000000000,0.157993358,-0.232520097,0.605666082,1.152206508,-0.052855548,-0.143743747,6.829712302,12.248056800,-6.222785978,-130.905523085,-0.038457106,142.886659402,44.936599251,-0.000720533,-0.000106712,-0.000609772,-0.000188174,-0.000029983,-0.000555097,0.001009939,0.000000000,0.000000000,0.000000000,0.000000000,0.000000000,0.000000000,0.000000000,-0.000175492,-0.000004058,0.000173688,0.000000008,-0.000061467,-0.000000024,0.000043385,0.000000000,0.000000000,0.000000000,0.000000000,0.000000000,0.000000000,0.000000000,0.337383051,0.085368969,-0.320582459,0.245833111,0.947797301,0.412688263,0.075602159
9.150000000,0,9.150000000,sample,0.214211874,-0.000000326,0.000000000,0.000000000,0.000000000,0.000000000,0.000000000,0,0,2.000000000,0.080000000,0.000000000,0.000000000,0.000912952,0.000000000,0.002242179,0.000000000,0.000000000,0.000000000,0.001405844,0.649397737,1,69.881060219,0,0.000000000,0.666383065,1.162062990,0.670621345,1.162404225,0.568435665,0.095559081,1.330482407,1.016852362,1.367880229,0.000000000,1.367880120,2.000000000,0.000000000,0.000000000,0.000000000,1.000000000,1.799946305,1.225876304,1.166296172,0.000000000,1.917237757,1.260182036,1.167264491,1,0,0,0.000000000,0.157476756,-0.232419703,0.604357958,1.151950249,-0.052692817,-0.143612272,6.829726423,12.247919107,-6.222858357,-130.905524547,-0.038034222,142.886687785,44.936335138,0.001175214,-0.000549996,-0.000189349,-0.000114994,-0.000296755,-0.000040914,-0.000392379,0.000000000,0.000000000,0.000000000,0.000000000,0.000000000,0.000000000,0.000000000,0.000620629,0.000014350,-0.000614249,-0.000000027,0.000217378,0.000000083,-0.000153430,0.000000000,0.000000000,0.000000000,0.000000000,0.000000000,0.000000000,0.000000000,0.340300639,0.071383970,-0.314619288,0.255735223,0.947632505,0.413768221,0.075823866
9.200000000,0,9.200000000,sample,0.214212161,0.000005728,0.000000000,0.000000000,0.000000000,0.000000000,0.000000000,0,0,2.000000000,0.080000000,0.000000000,0.000000000,0.000262666,0.000000000,0.002881427,0.000000000,0.000000000,0.000000000,0.001366423,0.192229184,2,69.811745304,0,0.000000000,0.667976913,1.161857918,0.669413634,1.162108994,0.730241396,0.057696380,1.371187808,1.016629990,1.399730512,0.000000000,1.399730423,2.000000000,0.000000000,0.000000000,0.000000000,1.000000000,1.811843868,1.225035586,1.166903869,0.000000000,1.838721073,1.239543570,1.166903869,1,0,0,0.000000000,0.158726894,-0.228945810,0.607110159,1.151818694,-0.052911622,-0.142926130,6.829207535,12.248140055,-6.222732200,-130.905658257,-0.037816361,142.886826919,44.936453975,0.000338560,0.001141693,-0.000130670,-0.000330742,-0.000184554,0.000507711,0.000175301,0.000000000,0.000000000,0.000000000,0.000000000,0.000000000,0.000000000,0.000000000,0.000178562,0.000004129,-0.000176726,-0.000000008,0.000062543,0.000000024,-0.000044144,0.000000000,0.000000000,0.000000000,0.000000000,0.000000000,0.000000000,0.000000000,0.342628458,0.075525044,-0.313155718,0.255403193,0.947520903,0.414071288,0.077576806
9.250000000,0,9.250000000,sample,0.214212199,0.000000758,0.000000000,0.000000000,0.000000000,0.000000000,0.000000000,0,0,2.000000000,0.080000000,0.000000000,0.000000000,0.000408231,0.000000000,0.002809806,0.000000000,0.000000000,0.000000000,0.003003062,0.135938284,7,39.633322185,0,0.000000000,0.664044650,1.161471998,0.668470231,1.161768150,0.454004893,0.097493982,1.346952110,1.004175282,1.379738833,0.000000000,1.379738861,2.000000000,0.000000000,0.000000000,0.000000000,1.000000000,1.826294897,1.221114989,1.163479246,0.000000000,1.832446122,1.228592186,1.167087709,1,0,0,0.000000000,0.156865668,-0.226407033,0.604225385,1.151470388,-0.052539859,-0.142733011,6.828654446,12.247920599,-6.222524322,-130.905529874,-0.037358734,142.886866603,44.935931519,-0.000655443,0.000390669,0.001094812,0.000011983,0.001890367,-0.000299373,-0.001890578,0.000000000,0.000000000,0.000000000,0.000000000,0.000000000,0.000000000,0.000000000,-0.000277517,-0.000006416,0.000274664,0.000000012,-0.000097202,-0.000000036,0.000068607,0.000000000,0.000000000,0.000000000,0.000000000,0.000000000,0.000000000,0.000000000,0.354925529,0.089652691,-0.301170885,0.240176708,0.946624655,0.411270547,0.077741670
9.300000000,0,9.300000000,sample,0.214212199,0.000000003,0.000000000,0.000000000,0.000000000,0.000000000,0.000000000,0,0,2.000000000,0.080000000,0.000000000,0.000000000,0.000381632,0.000000000,0.001466694,0.000000000,0.000000000,0.000000000,0.001240651,0.307606154,2,35.389960387,0,0.000000000,0.664770122,1.161274047,0.667524191,1.161519304,0.623566005,0.079169035,1.342068279,1.016196370,1.371440495,0.000000000,1.371440321,2.000000000,0.000000000,0.000000000,0.000000000,1.000000000,1.819336712,1.229307466,1.163234849,0.000000000,1.857266064,1.232565587,1.165852429,1,0,0,0.000000000,0.157223910,-0.225291683,0.605345864,1.151361792,-0.052610236,-0.141970412,6.828613752,12.248030748,-6.222620037,-130.905562610,-0.037121799,142.886930637,44.936372087,-0.000503248,0.000738057,-0.000259570,-0.000018180,-0.000482411,-0.000073538,0.000659844,0.000000000,0.000000000,0.000000000,0.000000000,0.000000000,0.000000000,0.000000000,-0.000259435,-0.000005999,0.000256768,0.000000011,-0.000090869,-0.000000034,0.000064138,0.000000000,0.000000000,0.000000000,0.000000000,0.000000000,0.000000000,0.000000000,0.341123820,0.082240401,-0.308383314,0.247833357,0.947074187,0.413040886,0.076892381
9.350000000,0,9.350000000,sample,0.214212385,0.000003731,0.000000000,0.000000000,0.000000000,0.000000000,0.000000000,0,0,2.000000000,0.080000000,0.000000000,0.000000000,0.000077110,0.000000000,0.001680265,0.000000000,0.000000000,0.000000000,0.001897469,0.040638460,4,63.073510703,0,0.000000000,0.665797225,1.161076054,0.666268850,1.161297713,1.329515514,0.150705754,1.366868556,1.016195543,1.408577915,0.000000000,1.408578701,2.000000000,0.000000000,0.000000000,0.000000000,1.000000000,1.796891750,1.212637414,1.163980268,0.000000000,1.830386127,1.228046782,1.164356186,1,0,0,0.000000000,0.160360117,-0.220224442,0.607512776,1.151233880,-0.053143198,-0.141187669,6.828289437,12.248030748,-6.222853781,-130.905832892,-0.036816959,142.886666874,44.936351413,-0.000511445,0.000331190,-0.000652450,-0.001506948,-0.000362697,-0.000362479,0.000519234,0.000000000,0.000000000,0.000000000,0.000000000,0.000000000,0.000000000,0.000000000,-0.000052420,-0.000001212,0.000051881,0.000000002,-0.000018360,-0.000000007,0.000012959,0.000000000,0.000000000,0.000000000,0.000000000,0.000000000,0.000000000,0.000000000,0.351290887,0.073026884,-0.303625703,0.250976430,0.945242596,0.414107164,0.077238648
9.400000000,0,9.400000000,sample,0.214212314,-0.000001433,0.000000000,0.000000000,0.000000000,0.000000000,0.000000000,0,0,2.000000000,0.080000000,0.000000000,0.000000000,0.000051937,0.000000000,0.002053156,0.000000000,0.000000000,0.000000000,0.002008395,0.025859789,4,38.391484987,0,0.000000000,0.662872847,1.160916658,0.666682775,1.161082269,0.508481209,0.049426896,1.330899939,1.017111509,1.374809203,0.000000000,1.374808450,2.000000000,0.000000000,0.000000000,0.000000000,1.000000000,1.863888884,1.231218264,1.161862294,0.000000000,1.867700420,1.232144215,1.174263040,1,0,0,0.000000000,0.157841087,-0.224394961,0.603434756,1.151080856,-0.052642830,-0.141312000,6.828465057,12.247727670,-6.222620029,-130.905632112,-0.036706370,142.886664390,44.936542405,0.000233020,-0.001012821,-0.000171602,-0.001244419,-0.000864385,-0.000494898,0.000619220,0.000000000,0.000000000,0.000000000,0.000000000,0.000000000,0.000000000,0.000000000,-0.000035307,-0.000000816,0.000034944,0.000000001,-0.000012366,-0.000000005,0.000008728,0.000000000,0.000000000,0.000000000,0.000000000,0.000000000,0.000000000,0.000000000,0.349481090,0.103403681,-0.304588722,0.238440288,0.944416085,0.411476792,0.078941012
9.450000000,0,9.450000000,sample,0.214212280,-0.000000668,0.000000000,0.000000000,0.000000000,0.000000000,0.000000000,0,0,2.000000000,0.080000000,0.000000000,0.000000000,0.000503719,0.000000000,0.002267291,0.000000000,0.000000000,0.000000000,0.004897975,0.102842279,2,94.981098699,0,0.000000000,0.664432406,1.160705147,0.667233436,1.160980121,2.923782170,0.290546648,1.468160044,1.022006445,1.510779394,0.000000000,1.510773944,2.000000000,0.000000000,0.000000000,0.000000000,1.000000000,1.765577358,1.202498294,1.162858955,0.000000000,1.862488551,1.233105092,1.164067230,1,0,0,0.000000000,0.158170621,-0.222049917,0.605925995,1.150894872,-0.052804859,-0.141028650,6.828296387,12.248030748,-6.222731689,-130.905618794,-0.036303059,142.886792878,44.936230521,0.000638068,0.004773480,-0.000196967,-0.000621920,-0.000290273,0.000347569,0.000407760,0.000000000,0.000000000,0.000000000,0.000000000,0.000000000,0.000000000,0.000000000,0.000342430,0.000007918,-0.000338910,-0.000000014,0.000119939,0.000000043,-0.000084655,0.000000000,0.000000000,0.000000000,0.000000000,0.000000000,0.000000000,0.000000000,0.350569655,0.059474078,-0.299881463,0.255569755,0.944447442,0.415418538,0.077500807
9.500000000,0,9.500000000,sample,0.214212364,0.000001680,0.000000000,0.000000000,0.000000000,0.000000000,0.000000000,0,0,2.000000000,0.080000000,0.000000000,0.000000000,0.000602427,0.000000000,0.003894565,0.000000000,0.000000000,0.000000000,0.001222312,0.492858691,7,29.801607623,0,0.000000000,0.661328568,1.160418881,0.665013827,1.160799280,0.247875731,0.059842802,1.319443700,1.010860310,1.345540143,0.000000000,1.345539721,2.000000000,0.000000000,0.000000000,0.000000000,1.000000000,1.900552030,1.250021376,1.161142569,0.000000000,1.900552030,1.250021376,1.176555903,1,0,0,0.000000000,0.156819023,-0.221744951,0.602986273,1.150673880,-0.052387777,-0.140631156,6.828104948,12.247727651,-6.222620029,-130.905618794,-0.036035937,142.886910399,44.936330852,-0.000530432,-0.000534904,0.000183582,-0.000641803,0.000009212,0.000188728,0.000667271,0.000000000,0.000000000,0.000000000,0.000000000,0.000000000,0.000000000,0.000000000,-0.000409533,-0.000009469,0.000405323,0.000000017,-0.000143439,-0.000000052,0.000101242,0.000000000,0.000000000,0.000000000,0.000000000,0.000000000,0.000000000,0.000000000,0.340565626,0.116112095,-0.312059374,0.237479070,0.943267034,0.411577352,0.076544933
9.550000000,0,9.550000000,sample,0.214212113,-0.000005024,0.000000000,0.000000000,0.000000000,0.000000000,0.000000000,0,0,2.000000000,0.080000000,0.000000000,0.000000000,0.000151782,0.000000000,0.001335208,0.000000000,0.000000000,0.000000000,0.001912157,0.079377320,4,65.800380500,0,0.000000000,0.662025515,1.160431343,0.665503863,1.160635044,0.943272122,0.135599573,1.301901105,1.014948932,1.331202495,0.000000000,1.331202495,2.000000000,0.000000000,0.000000000,0.000000000,1.000000000,1.794035357,1.214503205,1.165648539,0.000000000,2.069125979,1.303300377,1.166249953,1,0,0,0.000000000,0.155285141,-0.222770072,0.603769660,1.150654824,-0.052389660,-0.140888960,6.828113328,12.248030581,-6.222524320,-130.905315718,-0.035985188,142.886910030,44.936141343,0.000207417,0.000264762,0.000529488,0.001551093,-0.000343418,0.000184825,-0.000839572,0.000000000,0.000000000,0.000000000,0.000000000,0.000000000,0.000000000,0.000000000,-0.000103182,-0.000002386,0.000102121,0.000000004,-0.000036140,-0.000000013,0.000025509,0.000000000,0.000000000,0.000000000,0.000000000,0.000000000,0.000000000,0.000000000,0.350910333,0.068027702,-0.306061645,0.257947703,0.944996970,0.414798888,0.075382669
9.600000000,0,9.600000000,sample,0.214212267,0.000003080,0.000000000,0.000000000,0.000000000,0.000000000,0.000000000,0,0,2.000000000,0.080000000,0.000000000,0.000000000,0.000155325,0.000000000,0.001615645,0.000000000,0.000000000,0.000000000,0.001394788,0.111361289,3,32.626852030,0,0.000000000,0.663290345,1.160212580,0.665202119,1.160485022,0.794414136,0.058002028,1.346255588,1.012319628,1.370084336,0.000000000,1.370083070,2.000000000,0.000000000,0.000000000,0.000000000,1.000000000,1.797803050,1.215575194,1.162194477,0.000000000,2.000203327,1.276508452,1.175553835,1,0,0,0.000000000,0.156720964,-0.223034818,0.604688425,1.150473178,-0.052658851,-0.140469719,6.828113250,12.248030748,-6.222524320,-130.905411430,-0.035676770,142.886733405,44.936310470,0.000595442,0.000715793,0.000796702,0.000457395,0.000082788,0.000346998,0.000327595,0.000000000,0.000000000,0.000000000,0.000000000,0.000000000,0.000000000,0.000000000,-0.000105591,-0.000002441,0.000104505,0.000000004,-0.000036984,-0.000000013,0.000026104,0.000000000,0.000000000,0.000000000,0.000000000,0.000000000,0.000000000,0.000000000,0.355632227,0.072785332,-0.294875025,0.251952769,0.944670340,0.413002094,0.074295065
9.650000000,0,9.650000000,sample,0.214212242,-0.000000509,0.000000000,0.000000000,0.000000000,0.000000000,0.000000000,0,0,2.000000000,0.080000000,0.000000000,0.000000000,0.000323787,0.000000000,0.001748769,0.000000000,0.000000000,0.000000000,0.001753325,0.184670275,7,74.365871723,0,0.000000000,0.661272421,1.160104106,0.665366863,1.160359304,0.547327171,0.115811455,1.295422863,1.010056212,1.313405835,0.000000000,1.313405637,2.000000000,0.000000000,0.000000000,0.000000000,1.000000000,1.816234117,1.205588312,1.165121322,0.000000000,1.831175179,1.227682803,1.165572652,1,0,0,0.000000000,0.157170474,-0.219726519,0.603571796,1.150432443,-0.052615124,-0.139922769,6.827958010,12.247823377,-6.222731689,-130.905524546,-0.035573467,142.886681013,44.936412713,-0.000187759,-0.000849676,-0.000119679,0.000113580,-0.000038660,-0.000045929,0.001511991,0.000000000,0.000000000,0.000000000,0.000000000,0.000000000,0.000000000,0.000000000,-0.000220112,-0.000005089,0.000217849,0.000000009,-0.000077094,-0.000000027,0.000054415,0.000000000,0.000000000,0.000000000,0.000000000,0.000000000,0.000000000,0.000000000,0.367169839,0.080913231,-0.294463452,0.248708583,0.943473612,0.414031407,0.077575170
9.700000000,0,9.700000000,sample,0.214212222,-0.000000392,0.000000000,0.000000000,0.000000000,0.000000000,0.000000000,0,0,2.000000000,0.080000000,0.000000000,0.000000000,0.001367562,0.000000000,0.005187660,0.000000000,0.000000000,0.000000000,0.002233995,0.612159821,1,50.392407446,0,0.000000000,0.660409100,1.159985744,0.665482971,1.160234878,1.156939767,0.095293599,1.305358264,1.005534543,1.321209269,0.000000000,1.321208914,2.000000000,0.000000000,0.000000000,0.000000000,1.000000000,1.812969863,1.243301335,1.162892252,0.000000000,1.827310155,1.258017780,1.166187000,1,0,0,0.000000000,0.156166915,-0.219833913,0.602847514,1.150322704,-0.052465443,-0.139899892,6.827834405,12.247823210,-6.222620029,-130.905424579,-0.035433607,142.886734414,44.936311379,0.001585860,-0.000603974,-0.000064922,0.000648986,0.001261477,0.000149670,0.000268096,0.000000000,0.000000000,0.000000000,0.000000000,0.000000000,0.000000000,0.000000000,0.000929675,0.000021496,-0.000920118,-0.000000038,0.000325620,0.000000115,-0.000229830,0.000000000,0.000000000,0.000000000,0.000000000,0.000000000,0.000000000,0.000000000,0.306074717,0.078449620,-0.343324775,0.250763694,0.945380469,0.414701439,0.077501417
9.750000000,0,9.750000000,sample,0.214212385,0.000003266,0.000000000,0.000000000,0.000000000,0.000000000,0.000000000,0,0,2.000000000,0.080000000,0.000000000,0.000000000,0.000080670,0.000000000,0.001875721,0.000000000,0.000000000,0.000000000,0.001249805,0.064545952,2,32.160349977,0,0.000000000,0.660588288,1.159736822,0.666175603,1.160027327,0.189192682,0.038179264,1.314652830,1.011119708,1.347760857,0.000000000,1.347760388,2.000000000,0.000000000,0.000000000,0.000000000,1.000000000,1.859020569,1.218757912,1.164679358,0.000000000,2.020143582,1.273716121,1.167132852,1,0,0,0.000000000,0.156376025,-0.217723449,0.603754855,1.150123361,-0.052400200,-0.139498997,6.827573708,12.247878486,-6.222620031,-130.905536299,-0.035094592,142.886969510,44.936182904,-0.000195360,-0.000708765,0.000107185,-0.000643888,0.000094385,0.000368023,-0.000671616,0.000000000,0.000000000,0.000000000,0.000000000,0.000000000,0.000000000,0.000000000,-0.000054840,-0.000001268,0.000054276,0.000000002,-0.000019208,-0.000000007,0.000013557,0.000000000,0.000000000,0.000000000,0.000000000,0.000000000,0.000000000,0.000000000,0.373144271,0.100095717,-0.290212646,0.241149022,0.943257436,0.411555317,0.075720580
9.800000000,0,9.800000000,sample,0.214212369,-0.000000321,0.000000000,0.000000000,0.000000000,0.000000000,0.000000000,0,0,2.000000000,0.080000000,0.000000000,0.000000000,0.000348636,0.000000000,0.001119398,0.000000000,0.000000000,0.000000000,0.000850019,0.410150212,7,44.681784026,0,0.000000000,0.660245743,1.159718576,0.665411252,1.159884462,0.140470666,0.058256584,1.314557481,1.010067980,1.338891823,0.000000000,1.338891755,2.000000000,0.000000000,0.000000000,0.000000000,1.000000000,1.802161576,1.200286526,1.164332482,0.000000000,1.839354302,1.213206002,1.168747434,1,0,0,0.000000000,0.156343261,-0.218092764,0.603255147,1.150112219,-0.052396413,-0.139440578,6.827610602,12.247822876,-6.222620029,-130.905523085,-0.035085436,142.886903293,44.936269645,0.000182944,-0.000314023,-0.000382059,-0.000193666,0.000284034,0.000058849,0.000568191,0.000000000,0.000000000,0.000000000,0.000000000,0.000000000,0.000000000,0.000000000,0.000237004,0.000005480,-0.000234568,-0.000000010,0.000083011,0.000000029,-0.000058591,0.000000000,0.000000000,0.000000000,0.000000000,0.000000000,0.000000000,0.000000000,0.365264294,0.075899984,-0.299585996,0.252358995,0.942015709,0.411700330,0.078509406
9.851000000,0,9.851000000,sample,0.214212399,0.000000574,0.000000000,0.000000000,0.000000000,0.000000000,0.000000000,0,0,2.000000000,0.080000000,0.000000000,0.000000000,0.000107717,0.000000000,0.004358144,0.000000000,0.000000000,0.000000000,0.001385117,0.077767750,7,42.417611980,0,0.000000000,0.661289601,1.159688564,0.665270815,1.159882572,0.702587575,0.034290504,1.316378881,1.010432474,1.341434441,0.000000000,1.341434227,2.000000000,0.000000000,0.000000000,0.000000000,1.000000000,1.800655914,1.207268494,1.162135761,0.000000000,1.821726610,1.207268494,1.171100032,1,0,0,0.000000000,0.156770651,-0.220324485,0.603476612,1.150058527,-0.052490589,-0.139598315,6.827842691,12.247823372,-6.222620029,-130.905536239,-0.034993895,142.886820122,44.936269562,0.000729350,-0.000642597,0.000361445,0.000050444,0.000070597,-0.000147284,0.000902110,0.000000000,0.000000000,0.000000000,0.000000000,0.000000000,0.000000000,0.000000000,0.000073227,0.000001693,-0.000072474,-0.000000003,0.000025648,0.000000009,-0.000018103,0.000000000,0.000000000,0.000000000,0.000000000,0.000000000,0.000000000,0.000000000,0.353831423,0.075572615,-0.305974028,0.250662594,0.941480693,0.413373000,0.077049712
9.901000000,0,9.901000000,sample,0.214212420,0.000000437,0.000000000,0.000000000,0.000000000,0.000000000,0.000000000,0,0,2.000000000,0.080000000,0.000000000,0.000000000,0.000241188,0.000000000,0.003874339,0.000000000,0.000000000,0.000000000,0.001893778,0.127358370,2,86.466015419,0,0.000000000,0.658838727,1.159342062,0.664872076,1.159684799,0.863031263,0.086761574,1.277268862,1.008795784,1.309755944,0.000000000,1.309754556,2.000000000,0.000000000,0.000000000,0.000000000,1.000000000,1.794514935,1.202406049,1.162783614,0.000000000,1.824717567,1.259391195,1.162793461,1,0,0,0.000000000,0.156021256,-0.216483185,0.602379338,1.149788167,-0.052298433,-0.139018205,6.827377704,12.247727664,-6.222620030,-130.905523085,-0.034566390,142.886910387,44.936043493,-0.000283677,-0.001760969,0.000220326,-0.000201323,0.000161813,-0.000094264,-0.000529873,0.000000000,0.000000000,0.000000000,0.000000000,0.000000000,0.000000000,0.000000000,-0.000163961,-0.000003791,0.000162276,0.000000006,-0.000057427,-0.000000020,0.000040534,0.000000000,0.000000000,0.000000000,0.000000000,0.000000000,0.000000000,0.000000000,0.359409213,0.072047080,-0.298007712,0.252048003,0.942239153,0.414153844,0.077621829
9.951000000,0,9.951000000,sample,0.214212142,-0.000005571,0.000000000,0.000000000,0.000000000,0.000000000,0.000000000,0,0,2.000000000,0.080000000,0.000000000,0.000000000,0.001436303,0.000000000,0.001436303,0.000000000,0.000000000,0.000000000,0.002029081,0.707858888,1,46.007992439,0,0.000000000,0.661296226,1.159553265,0.664312631,1.159576558,0.784614303,0.072208977,1.296781318,1.014217723,1.323814557,0.000000000,1.323815103,2.000000000,0.000000000,0.000000000,0.000000000,1.000000000,1.790458681,1.193556401,1.163823825,0.000000000,1.821604318,1.203785623,1.165188259,1,0,0,0.000000000,0.156168593,-0.217941315,0.604504468,1.149981382,-0.052516566,-0.139099269,6.827781708,12.248039834,-6.222827398,-130.905411911,-0.034754201,142.886880831,44.936317947,0.001376309,-0.000198549,-0.000866701,0.001137946,-0.000206096,-0.000250321,0.000179704,0.000000000,0.000000000,0.000000000,0.000000000,0.000000000,0.000000000,0.000000000,0.000976404,0.000022577,-0.000966366,-0.000000039,0.000341994,0.000000119,-0.000241387,0.000000000,0.000000000,0.000000000,0.000000000,0.000000000,0.000000000,0.000000000,0.370894988,0.068777497,-0.287239097,0.255350038,0.941829953,0.413899479,0.078269270
10.001000000,0,10.001000000,sample,0.214212450,0.000006157,0.000000000,0.000000000,0.000000000,0.000000000,0.000000000,0,0,2.000000000,0.080000000,0.000000000,0.000000000,0.000120027,0.000000000,0.004713614,0.000000000,0.000000000,0.000000000,0.000953150,0.125927088,7,67.748211304,0,0.000000000,0.662644160,1.159422693,0.663526622,1.159503675,0.314784911,0.039913418,1.339139656,1.012809065,1.366711944,0.000000000,1.366712103,2.000000000,0.000000000,0.000000000,0.000000000,1.000000000,1.788001705,1.203894452,1.160385728,0.000000000,1.808232837,1.246925651,1.163638232,1,0,0,0.000000000,0.157803595,-0.218036997,0.605520583,1.149853512,-0.052823907,-0.138951485,6.827564015,12.248030748,-6.222620029,-130.905523091,-0.034609632,142.886680278,44.936331031,0.000094388,0.000168553,-0.000001616,-0.000426790,-0.000235625,0.000134221,0.000784531,0.000000000,0.000000000,0.000000000,0.000000000,0.000000000,0.000000000,0.000000000,-0.000081595,-0.000001887,0.000080756,0.000000003,-0.000028579,-0.000000010,0.000020172,0.000000000,0.000000000,0.000000000,0.000000000,0.000000000,0.000000000,0.000000000,0.359054778,0.071673378,-0.292336956,0.249067148,0.942734697,0.412657892,0.076857308
10.051000000,0,10.051000000,sample,0.214212463,0.000000270,0.000000000,0.000000000,0.000000000,0.000000000,0.000000000,0,0,2.000000000,0.080000000,0.000000000,0.000000000,0.000039523,0.000000000,0.001543176,0.000000000,0.000000000,0.000000000,0.001145440,0.034504657,2,79.328210915,0,0.000000000,0.659900008,1.159101549,0.663704901,1.159427710,0.379759704,0.034330472,1.304982174,1.008845478,1.334346928,0.000000000,1.334346255,2.000000000,0.000000000,0.000000000,0.000000000,1.000000000,1.797689462,1.200719561,1.161618132,0.000000000,1.808205739,1.206250260,1.162861461,1,0,0,0.000000000,0.156217958,-0.217616654,0.603081223,1.149602431,-0.052355707,-0.138526283,6.827468138,12.247805277,-6.222620029,-130.905523085,-0.034241011,142.886923891,44.936366813,0.000049281,-0.001020202,0.000055671,-0.000419632,0.000278389,-0.000102354,0.000040308,0.000000000,0.000000000,0.000000000,0.000000000,0.000000000,0.000000000,0.000000000,0.000026868,0.000000621,-0.000026592,-0.000000001,0.000009411,0.000000003,-0.000006642,0.000000000,0.000000000,0.000000000,0.000000000,0.000000000,0.000000000,0.000000000,0.363577426,0.076780934,-0.294312626,0.245599994,0.942022909,0.413444624,0.077394652
10.101000000,0,10.101000000,sample,0.214212498,0.000000702,0.000000000,0.000000000,0.000000000,0.000000000,0.000000000,0,0,2.000000000,0.080000000,0.000000000,-0.000000000,0.000279426,0.000000000,0.004694125,0.000000000,0.000000000,0.000000000,0.000818421,0.341421186,1,74.048404474,0,0.000000000,0.660092123,1.159130791,0.663234074,1.159329622,0.544137268,0.050634501,1.314373918,1.011274330,1.345623954,0.000000000,1.345623610,2.000000000,0.000000000,0.000000000,0.000000000,1.000000000,1.831871900,1.206836530,1.164107359,0.000000000,1.847502414,1.249003367,1.170216904,1,0,0,0.000000000,0.157472902,-0.213387144,0.604474832,1.149648024,-0.052604159,-0.138298283,6.827137293,12.247876924,-6.222731689,-130.905618848,-0.034261465,142.886846651,44.936169595,-0.000704263,-0.000125903,-0.000283405,-0.000259575,-0.000024384,-0.000010990,-0.000097788,0.000000000,0.000000000,0.000000000,0.000000000,0.000000000,0.000000000,0.000000000,-0.000189955,-0.000004392,0.000188003,0.000000007,-0.000066533,-0.000000023,0.000046960,0.000000000,0.000000000,0.000000000,0.000000000,0.000000000,0.000000000,0.000000000,0.371441046,0.084288328,-0.288749700,0.251744208,0.941106368,0.414476324,0.076482795
10.151000000,0,10.151000000,sample,0.214212443,-0.000001101,0.000000000,0.000000000,0.000000000,0.000000000,0.000000000,0,0,2.000000000,0.080000000,0.000000000,0.000000000,0.000090377,0.000000000,0.001599326,0.000000000,0.000000000,0.000000000,0.001579952,0.057202233,7,64.792671988,0,0.000000000,0.660875923,1.159042333,0.664206119,1.159247072,0.648871743,0.128720760,1.318940917,1.011933713,1.358537600,0.000000000,1.358537409,2.000000000,0.000000000,0.000000000,0.000000000,1.000000000,1.821618240,1.210993982,1.163130079,0.000000000,1.839025179,1.213816014,1.166881227,1,0,0,0.000000000,0.156539343,-0.218441348,0.603768000,1.149492522,-0.052600643,-0.138849719,6.827441968,12.247919063,-6.222524320,-130.905411424,-0.034068523,142.886686684,44.935972312,0.000403961,-0.000130107,0.000622685,0.000491300,0.000096852,-0.000245473,-0.001271765,0.000000000,0.000000000,0.000000000,0.000000000,0.000000000,0.000000000,0.000000000,0.000061439,0.000001421,-0.000060807,-0.000000002,0.000021519,0.000000007,-0.000015189,0.000000000,0.000000000,0.000000000,0.000000000,0.000000000,0.000000000,0.000000000,0.363230799,0.080673943,-0.293928098,0.251891099,0.941795193,0.414616180,0.075492175
10.201000000,0,10.201000000,sample,0.214212272,-0.000003427,0.000000000,0.000000000,0.000000000,0.000000000,0.000000000,0,0,2.000000000,0.080000000,0.000000000,0.000000000,0.001121239,0.000000000,0.001121239,0.000000000,0.000000000,0.000000000,0.001828324,0.613260457,7,49.886854160,0,0.000000000,0.659870111,1.159030442,0.665687129,1.159127029,0.608509360,0.054755936,1.322159568,1.015010634,1.366373306,0.000000000,1.366373493,2.000000000,0.000000000,0.000000000,0.000000000,1.000000000,1.805934420,1.202992037,1.162126238,0.000000000,1.823232408,1.212795107,1.163914675,1,0,0,0.000000000,0.156772037,-0.214324643,0.604082808,1.149559050,-0.052531390,-0.138224485,6.827413982,12.247908435,-6.222923107,-130.905523085,-0.034042123,142.886848703,44.936159255,0.000212335,0.000293395,-0.001166485,-0.000064750,-0.000124074,-0.000404631,-0.001291357,0.000000000,0.000000000,0.000000000,0.000000000,0.000000000,0.000000000,0.000000000,0.000762223,0.000017625,-0.000754387,-0.000000030,0.000266972,0.000000091,-0.000188435,0.000000000,0.000000000,0.000000000,0.000000000,0.000000000,0.000000000,0.000000000,0.366835771,0.078792354,-0.293647830,0.247276104,0.941235514,0.413205621,0.075650371
10.251000000,0,10.251000000,sample,0.214212474,0.000004049,0.000000000,0.000000000,0.000000000,0.000000000,0.000000000,0,0,2.000000000,0.080000000,0.000000000,0.000000000,0.000131580,0.000000000,0.002997875,0.000000000,0.000000000,0.000000000,0.001579905,0.083283353,2,36.555589237,0,0.000000000,0.662812622,1.158951597,0.664315400,1.159034672,1.124332957,0.130777737,1.352607541,1.010033944,1.383070587,0.000000000,1.383070487,2.000000000,0.000000000,0.000000000,0.000000000,1.000000000,1.789112696,1.199245665,1.163706277,0.000000000,1.815735721,1.211996305,1.163706277,1,0,0,0.000000000,0.158598467,-0.214087099,0.606905110,1.149479856,-0.052946169,-0.138063636,6.827311529,12.248126457,-6.222853779,-130.905618794,-0.033888088,142.886747639,44.936161909,-0.000890966,0.000955230,-0.000487632,-0.000554692,0.000477178,-0.000077213,-0.000103372,0.000000000,0.000000000,0.000000000,0.000000000,0.000000000,0.000000000,0.000000000,-0.000089448,-0.000002068,0.000088529,0.000000003,-0.000031330,-0.000000011,0.000022114,0.000000000,0.000000000,0.000000000,0.000000000,0.000000000,0.000000000,0.000000000,0.360807210,0.068365620,-0.297672012,0.254430106,0.941978403,0.415578018,0.077362082
10.301000000,0,10.301000000,sample,0.214212499,0.000000487,0.000000000,0.000000000,0.000000000,0.000000000,0.000000000,0,0,2.000000000,0.080000000,0.000000000,0.000000000,0.000111698,0.000000000,0.001315207,0.000000000,0.000000000,0.000000000,0.001454170,0.076812378,7,49.178069998,0,0.000000000,0.662367467,1.158729033,0.662972144,1.158966265,0.700859962,0.050699188,1.337544994,1.010325500,1.371208936,0.000000000,1.371208832,2.000000000,0.000000000,0.000000000,0.000000000,1.000000000,1.808016790,1.210024826,1.161431341,0.000000000,1.834495057,1.216568517,1.164527274,1,0,0,0.000000000,0.158016899,-0.214551335,0.606406667,1.149302894,-0.052884386,-0.137691940,6.827204759,12.248124953,-6.222731689,-130.905536402,-0.033637133,142.886725179,44.936346421,-0.000615421,0.000501241,-0.000373110,-0.000358083,0.000418944,0.000041849,-0.001019767,0.000000000,0.000000000,0.000000000,0.000000000,0.000000000,0.000000000,0.000000000,0.000075933,0.000001756,-0.000075152,-0.000000003,0.000026596,0.000000009,-0.000018772,0.000000000,0.000000000,0.000000000,0.000000000,0.000000000,0.000000000,0.000000000,0.356849509,0.076227886,-0.295001527,0.251608355,0.942185928,0.414562582,0.076559616
10.351000000,0,10.351000000,sample,0.214212754,0.000005112,0.000000000,0.000000000,0.000000000,0.000000000,0.000000000,0,0,2.000000000,0.080000000,0.000000000,0.000000000,0.000390078,0.000000000,0.001167449,0.000000000,0.000000000,0.000000000,0.002236903,0.174382940,4,57.216573659,0,0.000000000,0.662440452,1.158764176,0.663355323,1.158856867,1.516149755,0.165093147,1.391798989,1.013964772,1.433862280,0.000000000,1.433865325,2.000000000,0.000000000,0.000000000,0.000000000,1.000000000,1.812053375,1.209439456,1.162407676,0.000000000,1.822960605,1.213611648,1.162407676,1,0,0,0.000000000,0.158436449,-0.217205122,0.605431400,1.149320940,-0.052737741,-0.137893156,6.827381140,12.247904259,-6.222620029,-130.905714503,-0.033747119,142.886828790,44.936515520,0.000720480,0.000761769,-0.000101839,-0.001692030,-0.000115486,-0.000438151,0.000908681,0.000000000,0.000000000,0.000000000,0.000000000,0.000000000,0.000000000,0.000000000,0.000265177,0.000006131,-0.000262450,-0.000000010,0.000092879,0.000000031,-0.000065556,0.000000000,0.000000000,0.000000000,0.000000000,0.000000000,0.000000000,0.000000000,0.358664568,0.078521162,-0.299555907,0.250321923,0.941370059,0.414853956,0.075561636
10.401000000,0,10.401000000,sample,0.214212463,-0.000005829,0.000000000,0.000000000,0.000000000,0.000000000,0.000000000,0,0,2.000000000,0.080000000,0.000000000,0.000000000,0.000026946,0.000000000,0.002165739,0.000000000,0.000000000,0.000000000,0.001180925,0.022817981,2,57.013460258,0,0.000000000,0.659398856,1.158622875,0.663259459,1.158856788,0.435997553,0.053291303,1.298306959,1.010830956,1.327982563,0.000000000,1.327981951,2.000000000,0.000000000,0.000000000,0.000000000,1.000000000,1.812124817,1.207444259,1.163233611,0.000000000,1.826302862,1.215411587,1.166728237,1,0,0,0.000000000,0.156370240,-0.215528440,0.603243476,1.149204075,-0.052402531,-0.137807603,6.827285431,12.247818141,-6.222731689,-130.905523091,-0.033536886,142.886889493,44.936230633,-0.000125988,-0.000891684,-0.000313395,-0.000214798,-0.000189633,-0.000311886,0.000553193,0.000000000,0.000000000,0.000000000,0.000000000,0.000000000,0.000000000,0.000000000,-0.000018318,-0.000000424,0.000018130,0.000000001,-0.000006416,-0.000000002,0.000004529,0.000000000,0.000000000,0.000000000,0.000000000,0.000000000,0.000000000,0.000000000,0.358196539,0.078405797,-0.302171485,0.251238584,0.941477328,0.414613410,0.077122840
10.451000000,0,10.451000000,sample,0.214212475,0.000000251,0.000000000,0.000000000,0.000000000,0.000000000,0.000000000,0,0,2.000000000,0.080000000,0.000000000,0.000000000,0.000023024,0.000000000,0.004983452,0.000000000,0.000000000,0.000000000,0.000464507,0.049566051,7,28.142389360,0,0.000000000,0.660369093,1.158700032,0.663991849,1.158789104,0.242132098,0.025651487,1.309311919,1.012392082,1.340819786,0.000000000,1.340819821,2.000000000,0.000000000,0.000000000,0.000000000,1.000000000,1.809643806,1.189807337,1.163081347,0.000000000,1.843932151,1.211996770,1.169594983,1,0,0,0.000000000,0.156733951,-0.215503598,0.604218509,1.149285157,-0.052507645,-0.137740116,6.827285430,12.247919087,-6.222718124,-130.905529814,-0.033655818,142.886889577,44.936407347,-0.000069622,-0.000210918,-0.000131678,0.000177175,-0.000236586,-0.000031753,-0.000246418,0.000000000,0.000000000,0.000000000,0.000000000,0.000000000,0.000000000,0.000000000,0.000015652,0.000000362,-0.000015491,-0.000000001,0.000005482,0.000000002,-0.000003869,0.000000000,0.000000000,0.000000000,0.000000000,0.000000000,0.000000000,0.000000000,0.387747647,0.074241478,-0.264438207,0.254054775,0.940264815,0.415210021,0.077003292
10.501000000,0,10.501000000,sample,0.214212454,-0.000000424,0.000000000,0.000000000,0.000000000,0.000000000,0.000000000,0,0,2.000000000,0.080000000,0.000000000,0.000000000,0.000021192,0.000000000,0.001258115,0.000000000,0.000000000,0.000000000,0.001769695,0.011974770,7,62.663058464,0,0.000000000,0.660987444,1.158564809,0.663635348,1.158760104,0.381399255,0.047380281,1.324765705,1.010593352,1.342726367,0.000000000,1.342725747,2.000000000,0.000000000,0.000000000,0.000000000,1.000000000,1.804327730,1.210478383,1.161769546,0.000000000,1.822453709,1.228284709,1.161871956,1,0,0,0.000000000,0.156755917,-0.217174734,0.604290591,1.149140656,-0.052656581,-0.137751426,6.827340443,12.247971932,-6.222620029,-130.905416296,-0.033437490,142.886680279,44.936371679,0.000465385,0.000558259,0.000100279,0.000779613,-0.000004281,-0.000152380,0.001400891,0.000000000,0.000000000,0.000000000,0.000000000,0.000000000,0.000000000,0.000000000,0.000014406,0.000000333,-0.000014258,-0.000000001,0.000005046,0.000000002,-0.000003561,0.000000000,0.000000000,0.000000000,0.000000000,0.000000000,0.000000000,0.000000000,0.351122334,0.074891093,-0.305535487,0.252987092,0.941171702,0.414507820,0.076404200
10.551000000,0,10.551000000,sample,0.214212656,0.000004029,0.000000000,0.000000000,0.000000000,0.000000000,0.000000000,0,0,2.000000000,0.080000000,0.000000000,0.000000000,0.000378521,0.000000000,0.004534779,0.000000000,0.000000000,0.000000000,0.001244049,0.304265584,7,35.558823824,0,0.000000000,0.661526148,1.158348454,0.664347474,1.158626859,0.728978177,0.104493279,1.347964089,1.010338425,1.374443179,0.000000000,1.374443342,2.000000000,0.000000000,0.000000000,0.000000000,1.000000000,1.801173387,1.216126684,1.161117306,0.000000000,1.820994468,1.217286074,1.161921365,1,0,0,0.000000000,0.157846989,-0.214957863,0.605387718,1.148979217,-0.052684677,-0.137266983,6.827189722,12.247961970,-6.222731689,-130.905638017,-0.033131452,142.886863096,44.936351157,-0.000493487,0.000710598,-0.000063386,-0.000480836,0.000116747,-0.000000445,0.000741842,0.000000000,0.000000000,0.000000000,0.000000000,0.000000000,0.000000000,0.000000000,-0.000257320,-0.000005950,0.000254675,0.000000010,-0.000090128,-0.000000030,0.000063614,0.000000000,0.000000000,0.000000000,0.000000000,0.000000000,0.000000000,0.000000000,0.353375324,0.072704856,-0.299938835,0.254196547,0.941668361,0.414127959,0.072199894
10.601000000,0,10.601000000,sample,0.214212554,-0.000002035,0.000000000,0.000000000,0.000000000,0.000000000,0.000000000,0,0,2.000000000,0.080000000,0.000000000,0.000000000,0.000336933,0.000000000,0.001121430,0.000000000,0.000000000,0.000000000,0.001802434,0.186932273,7,88.949353838,0,0.000000000,0.661479584,1.158515030,0.663005677,1.158646010,0.404267394,0.044398546,1.314225931,1.011274171,1.352910337,0.000000000,1.352910238,2.000000000,0.000000000,0.000000000,0.000000000,1.000000000,1.817283954,1.207081819,1.161439808,0.000000000,2.002382771,1.268007257,1.161439808,1,0,0,0.000000000,0.157483551,-0.214780505,0.605494431,1.149089619,-0.052694049,-0.137744180,6.827189721,12.248026236,-6.222731689,-130.905562548,-0.033305176,142.886847152,44.936014157,-0.000378524,-0.000077198,-0.000384474,0.000036629,0.000214640,-0.000120572,-0.001699929,0.000000000,0.000000000,0.000000000,0.000000000,0.000000000,0.000000000,0.000000000,0.000229049,0.000005296,-0.000226694,-0.000000009,0.000080226,0.000000027,-0.000056625,0.000000000,0.000000000,0.000000000,0.000000000,0.000000000,0.000000000,0.000000000,0.366622074,0.082243463,-0.290191935,0.246396412,0.941016763,0.414381927,0.074961411
10.651000000,0,10.651000000,sample,0.214212748,0.000003878,0.000000000,0.000000000,0.000000000,0.000000000,0.000000000,0,0,2.000000000,0.080000000,0.000000000,0.000000000,0.000185259,0.000000000,0.001663484,0.000000000,0.000000000,0.000000000,0.001231534,0.150429141,2,49.770551578,0,0.000000000,0.659660000,1.158358195,0.662701329,1.158581409,0.428422586,0.018411645,1.299848647,1.010002060,1.336379862,0.000000000,1.336379193,2.000000000,0.000000000,0.000000000,0.000000000,1.000000000,1.796141580,1.194166936,1.161997263,0.000000000,1.801345560,1.202484893,1.163550809,1,0,0,0.000000000,0.157985680,-0.213860811,0.603701411,1.148968525,-0.052566635,-0.137483765,6.827067626,12.247700823,-6.222731689,-130.905737184,-0.033163613,142.886826535,44.936033599,-0.000463567,-0.000868825,-0.000048594,-0.000235723,0.000026999,-0.000319591,-0.000621393,0.000000000,0.000000000,0.000000000,0.000000000,0.000000000,0.000000000,0.000000000,-0.000125940,-0.000002912,0.000124645,0.000000005,-0.000044110,-0.000000015,0.000031134,0.000000000,0.000000000,0.000000000,0.000000000,0.000000000,0.000000000,0.000000000,0.366423803,0.067807647,-0.285835175,0.260652581,0.940121391,0.414136019,0.079968565
10.701000000,0,10.701000000,sample,0.214212592,-0.000003122,0.000000000,0.000000000,0.000000000,0.000000000,0.000000000,0,0,2.000000000,0.080000000,0.000000000,0.000000000,0.000654689,0.000000000,0.001631597,0.000000000,0.000000000,0.000000000,0.002135339,0.306597149,2,47.275758553,0,0.000000000,0.661837706,1.158420153,0.663220710,1.158485777,1.122086393,0.102531794,1.357743020,1.014401668,1.398449701,0.000000000,1.398449436,2.000000000,0.000000000,0.000000000,0.000000000,1.000000000,1.813256528,1.202889698,1.161784281,0.000000000,1.821941367,1.208818648,1.162663380,1,0,0,0.000000000,0.158061625,-0.213336613,0.606245133,1.149028539,-0.052762032,-0.137429383,6.827122141,12.248059237,-6.222827398,-130.905641475,-0.033162832,142.886889089,44.936053935,-0.000235402,0.001468203,-0.000849066,-0.000216436,0.000039925,-0.000070870,-0.001254697,0.000000000,0.000000000,0.000000000,0.000000000,0.000000000,0.000000000,0.000000000,0.000445060,0.000010291,-0.000440484,-0.000000017,0.000155886,0.000000052,-0.000110028,0.000000000,0.000000000,0.000000000,0.000000000,0.000000000,0.000000000,0.000000000,0.363180902,0.075592677,-0.289131843,0.256884979,0.940689948,0.413963746,0.079230169
10.751000000,0,10.751000000,sample,0.214212627,0.000000696,0.000000000,0.000000000,0.000000000,0.000000000,0.000000000,0,0,2.000000000,0.080000000,0.000000000,0.000000000,0.000129030,0.000000000,0.004797802,0.000000000,0.000000000,0.000000000,0.000384756,0.335354785,2,72.442762883,0,0.000000000,0.660401827,1.158168119,0.662580933,1.158425009,0.241339668,0.024862423,1.331500804,1.011225664,1.362232693,0.000000000,1.362232699,2.000000000,0.000000000,0.000000000,0.000000000,1.000000000,1.848241960,1.217386106,1.161746979,0.000000000,1.848241960,1.252920912,1.166390990,1,0,0,0.000000000,0.156769475,-0.215539960,0.604232100,1.148815400,-0.052523995,-0.137177984,6.827106818,12.247917526,-6.222620029,-130.905523085,-0.032909385,142.886867342,44.936290060,-0.000119901,0.000327478,0.000086873,-0.000109729,-0.000029591,0.000011573,-0.000076301,0.000000000,0.000000000,0.000000000,0.000000000,0.000000000,0.000000000,0.000000000,-0.000087715,-0.000002028,0.000086813,0.000000003,-0.000030723,-0.000000010,0.000021685,0.000000000,0.000000000,0.000000000,0.000000000,0.000000000,0.000000000,0.000000000,0.355827768,0.090314825,-0.299944111,0.252043976,0.940165633,0.413901480,0.078532709
10.801000000,0,10.801000000,sample,0.214212673,0.000000925,0.000000000,0.000000000,0.000000000,0.000000000,0.000000000,0,0,2.000000000,0.080000000,0.000000000,0.000000000,0.000455055,0.000000000,0.001568489,0.000000000,0.000000000,0.000000000,0.001933237,0.235385268,7,66.487106291,0,0.000000000,0.661652410,1.158299879,0.663537841,1.158402627,0.755312881,0.161926314,1.331804445,1.010827129,1.354797590,0.000000000,1.354797378,2.000000000,0.000000000,0.000000000,0.000000000,1.000000000,1.832733337,1.213569262,1.161804710,0.000000000,1.846816837,1.216887514,1.163797561,1,0,0,0.000000000,0.158089120,-0.213256051,0.606064021,1.148973959,-0.052753537,-0.136874089,6.827006588,12.248030693,-6.222731689,-130.905645859,-0.033108510,142.886869514,44.936543274,-0.000699801,0.000605487,-0.000447500,0.000002078,-0.000104877,-0.000430020,0.001576354,0.000000000,0.000000000,0.000000000,0.000000000,0.000000000,0.000000000,0.000000000,-0.000309349,-0.000007153,0.000306168,0.000000012,-0.000108352,-0.000000036,0.000076477,0.000000000,0.000000000,0.000000000,0.000000000,0.000000000,0.000000000,0.000000000,0.357488688,0.083621129,-0.297697114,0.254871149,0.940384392,0.413575193,0.077777952
10.851000000,0,10.851000000,sample,0.214212408,-0.000005297,0.000000000,0.000000000,0.000000000,0.000000000,0.000000000,0,0,2.000000000,0.080000000,0.000000000,0.000000000,0.000619006,0.000000000,0.001263668,0.000000000,0.000000000,0.000000000,0.001787168,0.346361134,2,33.099267450,0,0.000000000,0.657860984,1.158098394,0.662195283,1.158313292,0.820600626,0.058034995,1.285122546,1.007602854,1.311136317,0.000000000,1.311136545,2.000000000,0.000000000,0.000000000,0.000000000,1.000000000,1.821328029,1.205315420,1.160713492,0.000000000,1.836405508,1.213917712,1.163117519,1,0,0,0.000000000,0.155508892,-0.215455881,0.601811285,1.148779107,-0.052284964,-0.136984437,6.827198024,12.247727607,-6.222731689,-130.905411424,-0.032847375,142.886801650,44.936414807,0.000724469,-0.001028193,-0.000242110,0.000599936,0.000373890,-0.000794733,0.000649615,0.000000000,0.000000000,0.000000000,0.000000000,0.000000000,0.000000000,0.000000000,0.000420803,0.000009730,-0.000416477,-0.000000016,0.000147386,0.000000048,-0.000104028,0.000000000,0.000000000,0.000000000,0.000000000,0.000000000,0.000000000,0.000000000,0.362411273,0.080181093,-0.290641742,0.253858531,0.939790198,0.413746877,0.078587543
10.901000000,0,10.901000000,sample,0.214212510,0.000002033,0.000000000,0.000000000,0.000000000,0.000000000,0.000000000,0,0,2.000000000,0.080000000,0.000000000,0.000000000,0.000246877,0.000000000,0.001255076,0.000000000,0.000000000,0.000000000,0.000905767,0.272561468,7,48.553468906,0,0.000000000,0.660168890,1.158105139,0.664403616,1.158300678,0.285585826,0.026056564,1.322313947,1.009201354,1.342097740,0.000000000,1.342097552,2.000000000,0.000000000,0.000000000,0.000000000,1.000000000,1.815335428,1.201696418,1.161968409,0.000000000,1.848276046,1.217048628,1.163760723,1,0,0,0.000000000,0.156077221,-0.215564495,0.604148005,1.148785375,-0.052480506,-0.136914098,6.827102464,12.247989478,-6.222620029,-130.905411442,-0.032846612,142.886867666,44.936501613,0.000068608,0.000307768,0.000338020,0.000390504,0.000147563,0.000184717,0.000631141,0.000000000,0.000000000,0.000000000,0.000000000,0.000000000,0.000000000,0.000000000,-0.000167828,-0.000003881,0.000166103,0.000000006,-0.000058783,-0.000000019,0.000041490,0.000000000,0.000000000,0.000000000,0.000000000,0.000000000,0.000000000,0.000000000,0.364039074,0.081933723,-0.299317439,0.248216167,0.939527008,0.413514766,0.077623101
10.951000000,0,10.951000000,sample,0.214212404,-0.000002116,0.000000000,0.000000000,0.000000000,0.000000000,0.000000000,0,0,2.000000000,0.080000000,0.000000000,0.000000000,0.003608154,0.000000000,0.004906098,0.000000000,0.000000000,0.000000000,0.004296922,0.839706512,1,80.234287272,0,0.000000000,0.659265957,1.158138266,0.665628375,1.158270308,1.143181082,0.073212198,1.334963852,1.013586380,1.361356962,0.000000000,1.361357453,2.000000000,0.000000000,0.000000000,0.000000000,1.000000000,1.815044614,1.220048128,1.160500841,0.000000000,1.830923543,1.239172124,1.171694094,1,0,0,0.000000000,0.156339317,-0.213004022,0.604002406,1.148840305,-0.052410023,-0.136760325,6.827142993,12.247917525,-6.222923107,-130.905523103,-0.032846509,142.886974730,44.936398814,0.003848908,-0.000140476,-0.001644269,-0.000138737,0.000163659,0.000261234,0.000901011,0.000000000,0.000000000,0.000000000,0.000000000,0.000000000,0.000000000,0.000000000,0.002452838,0.000056718,-0.002427621,-0.000000092,0.000859121,0.000000282,-0.000606387,0.000000000,0.000000000,0.000000000,0.000000000,0.000000000,0.000000000,0.000000000,0.334261330,0.080133089,-0.323554033,0.252115821,0.939915265,0.413376963,0.077713801
11.001000000,0,11.001000000,sample,0.214212889,0.000009696,0.000000000,0.000000000,0.000000000,0.000000000,0.000000000,0,0,2.000000000,0.080000000,0.000000000,0.000000000,0.003559015,0.000000000,0.003717662,0.000000000,0.000000000,0.000000000,0.005152305,0.690761597,1,87.332974695,0,0.000000000,0.661403684,1.157936416,0.662856151,1.158245003,2.575623994,0.362635362,1.309755142,1.005427766,1.329494973,0.000000000,1.329489131,2.000000000,0.000000000,0.000000000,0.000000000,1.000000000,1.828282391,1.181981780,1.164238502,0.000000000,1.828282391,1.246067248,1.169945791,1,0,0,0.000000000,0.158702701,-0.215843063,0.604714857,1.148608663,-0.052793470,-0.136849300,6.827102296,12.247796779,-6.222615507,-130.905714503,-0.032582627,142.886667549,44.936351194,-0.004814938,-0.000166491,0.000105314,-0.001126023,0.000116829,-0.000000434,0.001429067,0.000000000,0.000000000,0.000000000,0.000000000,0.000000000,0.000000000,0.000000000,-0.002419437,-0.000055943,0.002394563,0.000000090,-0.000847408,-0.000000276,0.000598120,0.000000000,0.000000000,0.000000000,0.000000000,0.000000000,0.000000000,0.000000000,0.406401693,0.083371169,-0.254937587,0.250067287,0.937562237,0.413464451,0.076390959
11.051000000,0,11.051000000,sample,0.214212418,-0.000009415,0.000000000,0.000000000,0.000000000,0.000000000,0.000000000,0,0,2.000000000,0.080000000,0.000000000,0.000000000,0.000620979,0.000000000,0.002311656,0.000000000,0.000000000,0.000000000,0.001831877,0.338985084,7,31.624741051,0,0.000000000,0.656381142,1.157922330,0.663258782,1.158172229,0.957272483,0.106370772,1.271879184,1.008685580,1.290238425,0.000000000,1.290239230,2.000000000,0.000000000,0.000000000,0.000000000,1.000000000,1.807819066,1.207626279,1.160770791,0.000000000,1.841025350,1.214828369,1.167830680,1,0,0,0.000000000,0.154909006,-0.215687684,0.600265130,1.148631050,-0.052094169,-0.136810201,6.827193473,12.247563759,-6.222731689,-130.905411424,-0.032633752,142.886829123,44.936412531,0.000646121,-0.000901915,-0.000518400,0.000864656,0.000085231,-0.000199906,0.001030172,0.000000000,0.000000000,0.000000000,0.000000000,0.000000000,0.000000000,0.000000000,0.000422145,0.000009761,-0.000417806,-0.000000016,0.000147854,0.000000048,-0.000104359,0.000000000,0.000000000,0.000000000,0.000000000,0.000000000,0.000000000,0.000000000,0.348145722,0.076735720,-0.308707514,0.252134072,0.939679632,0.415048856,0.078483961
11.101000000,0,11.101000000,sample,0.214212522,0.000002085,0.000000000,0.000000000,0.000000000,0.000000000,0.000000000,0,0,2.000000000,0.080000000,0.000000000,0.000000000,0.000073595,0.000000000,0.001239114,0.000000000,0.000000000,0.000000000,0.001472519,0.049979099,5,70.432211581,0,0.000000000,0.659234662,1.157966378,0.662936448,1.158084323,0.476244278,0.085747916,1.309577418,1.002719775,1.320540849,0.000000000,1.320540957,2.000000000,0.000000000,0.000000000,0.000000000,1.000000000,1.827261618,1.206876290,1.159927765,0.000000000,1.844328008,1.217217325,1.160712693,1,0,0,0.000000000,0.155462482,-0.215416751,0.603338528,1.148654757,-0.052304164,-0.136903823,6.827061337,12.247919085,-6.222620029,-130.905411424,-0.032646225,142.886976403,44.936311370,-0.000050598,-0.000000978,0.000422630,0.000522205,0.001235795,0.000319247,0.000292110,0.000000000,0.000000000,0.000000000,0.000000000,0.000000000,0.000000000,0.000000000,-0.000050030,-0.000001157,0.000049516,0.000000002,-0.000017523,-0.000000006,0.000012368,0.000000000,0.000000000,0.000000000,0.000000000,0.000000000,0.000000000,0.000000000,0.361420381,0.083318887,-0.293801387,0.251705919,0.938345995,0.414404246,0.077243005
11.151000000,0,11.151000000,sample,0.214212616,0.000001873,0.000000000,0.000000000,0.000000000,0.000000000,0.000000000,0,0,2.000000000,0.080000000,0.000000000,0.000000000,0.000511601,0.000000000,0.003063751,0.000000000,0.000000000,0.000000000,0.004255593,0.120218437,5,82.747946678,0,0.000000000,0.661119030,1.157922398,0.663833491,1.158048033,1.337889758,0.151256331,1.346753148,0.989537830,1.350139154,0.000000000,1.350137305,2.000000000,0.000000000,0.000000000,0.000000000,1.000000000,1.801989060,1.196130773,1.159570664,0.000000000,1.832126026,1.207720051,1.160315773,1,0,0,0.000000000,0.156064073,-0.217533629,0.604484488,1.148592355,-0.052479472,-0.136988275,6.827184406,12.248030023,-6.222524320,-130.905411424,-0.032552480,142.886910391,44.936368854,0.000638118,0.000427551,0.001391589,0.000545286,0.003871139,-0.000201916,-0.000509645,0.000000000,0.000000000,0.000000000,0.000000000,0.000000000,0.000000000,0.000000000,0.000347788,0.000008042,-0.000344213,-0.000000013,0.000121816,0.000000040,-0.000085980,0.000000000,0.000000000,0.000000000,0.000000000,0.000000000,0.000000000,0.000000000,0.364966852,0.077326612,-0.293531548,0.249191937,0.938575922,0.412438994,0.078331608
11.201000000,0,11.201000000,sample,0.214212776,0.000003202,0.000000000,0.000000000,0.000000000,0.000000000,0.000000000,0,0,2.000000000,0.080000000,0.000000000,0.000000000,0.000813102,0.000000000,0.001702070,0.000000000,0.000000000,0.000000000,0.002328614,0.349178442,2,53.153774317,0,0.000000000,0.659526296,1.157861647,0.663203469,1.158035331,0.882732742,0.134722301,1.290711450,1.009352819,1.329360119,0.000000000,1.329359203,2.000000000,0.000000000,0.000000000,0.000000000,1.000000000,1.791478586,1.194179753,1.161273789,0.000000000,1.812607076,1.202178036,1.161273789,1,0,0,0.000000000,0.157352447,-0.215973792,0.602968046,1.148521993,-0.052528817,-0.137045792,6.827100729,12.247687049,-6.222620029,-130.905618794,-0.032462868,142.886731079,44.936053992,-0.000318449,-0.001697714,0.001059337,-0.000346683,-0.000163336,0.000030936,-0.001081102,0.000000000,0.000000000,0.000000000,0.000000000,0.000000000,0.000000000,0.000000000,-0.000552751,-0.000012781,0.000547069,0.000000021,-0.000193600,-0.000000063,0.000136647,0.000000000,0.000000000,0.000000000,0.000000000,0.000000000,0.000000000,0.000000000,0.366909955,0.070783103,-0.291207006,0.252621429,0.939484953,0.414409182,0.077055800
11.251000000,0,11.251000000,sample,0.214212693,-0.000001667,0.000000000,0.000000000,0.000000000,0.000000000,0.000000000,0,0,2.000000000,0.080000000,0.000000000,0.000000000,0.000643744,0.000000000,0.001700691,0.000000000,0.000000000,0.000000000,0.002042146,0.315229065,7,49.765181110,0,0.000000000,0.661700165,1.157874273,0.662400138,1.158027966,1.069735835,0.184676579,1.362551519,1.012740617,1.408823257,0.000000000,1.408823039,2.000000000,0.000000000,0.000000000,0.000000000,1.000000000,1.815187423,1.206054536,1.158319938,0.000000000,1.821649532,1.207647791,1.161031775,1,0,0,0.000000000,0.156913777,-0.216738775,0.605185491,1.148513949,-0.052580534,-0.137199952,6.827184400,12.248029069,-6.222620035,-130.905523085,-0.032388824,142.886923879,44.935931510,0.001124570,0.000509998,0.000608872,-0.000356181,0.000162921,-0.000214672,-0.001440621,0.000000000,0.000000000,0.000000000,0.000000000,0.000000000,0.000000000,0.000000000,0.000437620,0.000010119,-0.000433120,-0.000000016,0.000153280,0.000000050,-0.000108188,0.000000000,0.000000000,0.000000000,0.000000000,0.000000000,0.000000000,0.000000000,0.365846784,0.081713646,-0.287930084,0.248233510,0.938685175,0.412246127,0.074724516
11.301000000,0,11.301000000,sample,0.214212529,-0.000003277,0.000000000,0.000000000,0.000000000,0.000000000,0.000000000,0,0,2.000000000,0.080000000,0.000000000,0.000000000,0.000319255,0.000000000,0.001434966,0.000000000,0.000000000,0.000000000,0.001771836,0.180183066,3,42.709100135,0,0.000000000,0.658404458,1.157753855,0.663982365,1.157914028,1.060140347,0.082782311,1.294125795,1.010521644,1.326272107,0.000000000,1.326270261,2.000000000,0.000000000,0.000000000,0.000000000,1.000000000,1.812381984,1.207165437,1.158510884,0.000000000,1.825605537,1.207562524,1.160381800,1,0,0,0.000000000,0.156614800,-0.213206404,0.602918953,1.148499097,-0.052458631,-0.136352138,6.827006083,12.247763225,-6.222827398,-130.905523103,-0.032338858,142.886774630,44.936353798,-0.000739758,-0.000793819,-0.001157934,-0.000660518,-0.000062895,0.000070569,-0.000419502,0.000000000,0.000000000,0.000000000,0.000000000,0.000000000,0.000000000,0.000000000,0.000217031,0.000005018,-0.000214800,-0.000000008,0.000076015,0.000000025,-0.000053653,0.000000000,0.000000000,0.000000000,0.000000000,0.000000000,0.000000000,0.000000000,0.354460282,0.079499651,-0.301062385,0.251240625,0.938032016,0.413072618,0.076757536
11.351000000,0,11.351000000,sample,0.214212617,0.000001765,0.000000000,0.000000000,0.000000000,0.000000000,0.000000000,0,0,2.000000000,0.080000000,0.000000000,0.000000000,0.000128796,0.000000000,0.004459933,0.000000000,0.000000000,0.000000000,0.001427527,0.090223424,3,26.198728764,0,0.000000000,0.659923727,1.157784590,0.663348112,1.157876481,0.865476724,0.099145272,1.301051787,1.011669227,1.320068602,0.000000000,1.320068617,2.000000000,0.000000000,0.000000000,0.000000000,1.000000000,1.814762323,1.204288640,1.158967887,0.000000000,1.831929345,1.242068213,1.159480590,1,0,0,0.000000000,0.157275941,-0.213404258,0.604336187,1.148517027,-0.052652348,-0.136387409,6.826937039,12.247902201,-6.222731689,-130.905529814,-0.032373826,142.886727640,44.936371652,-0.000724534,0.000428736,-0.000730676,0.000618615,-0.000293311,0.000421753,0.000385477,0.000000000,0.000000000,0.000000000,0.000000000,0.000000000,0.000000000,0.000000000,-0.000087556,-0.000002025,0.000086656,0.000000003,-0.000030667,-0.000000010,0.000021645,0.000000000,0.000000000,0.000000000,0.000000000,0.000000000,0.000000000,0.000000000,0.363575502,0.080800668,-0.291300636,0.248649265,0.938456317,0.413987138,0.075647497
11.401000000,0,11.401000000,sample,0.214212600,-0.000000339,0.000000000,0.000000000,0.000000000,0.000000000,0.000000000,0,0,2.000000000,0.080000000,0.000000000,0.000000000,0.000785365,0.000000000,0.001672951,0.000000000,0.000000000,0.000000000,0.002018444,0.389094379,3,38.824567587,0,0.000000000,0.659507265,1.157700390,0.663173759,1.157866018,0.895728919,0.043819819,1.329486042,1.007924249,1.344378594,0.000000000,1.344376997,2.000000000,0.000000000,0.000000000,0.000000000,1.000000000,1.806757247,1.205824802,1.158552973,0.000000000,1.828910075,1.206919803,1.159453660,1,0,0,0.000000000,0.155105894,-0.216424506,0.603367572,1.148411477,-0.052330216,-0.136685112,6.826932500,12.247976047,-6.222428611,-130.905315715,-0.032298056,142.886914266,44.936311126,0.000172167,0.000816138,0.001257680,0.001032621,0.000248756,0.000293064,0.000763260,0.000000000,0.000000000,0.000000000,0.000000000,0.000000000,0.000000000,0.000000000,-0.000533894,-0.000012345,0.000528406,0.000000020,-0.000187000,-0.000000060,0.000131989,0.000000000,0.000000000,0.000000000,0.000000000,0.000000000,0.000000000,0.000000000,0.358511456,0.078317256,-0.294836508,0.247932192,0.939052969,0.414348620,0.075344134
11.451000000,0,11.451000000,sample,0.214212700,0.000001994,0.000000000,0.000000000,0.000000000,0.000000000,0.000000000,0,0,2.000000000,0.080000000,0.000000000,0.000000000,0.000677254,0.000000000,0.001828376,0.000000000,0.000000000,0.000000000,0.001367517,0.495243578,2,40.764097536,0,0.000000000,0.659790756,1.157722809,0.663264848,1.157868901,0.835131979,0.109115237,1.280097499,1.007668574,1.298737701,0.000000000,1.298737765,2.000000000,0.000000000,0.000000000,0.000000000,1.000000000,1.798640126,1.204909868,1.160701833,0.000000000,1.826664721,1.210988849,1.160701833,1,0,0,0.000000000,0.156853188,-0.213495298,0.604268713,1.148458584,-0.052543055,-0.136397254,6.826823045,12.247913900,-6.222620029,-130.905527470,-0.032316250,142.886849659,44.936312729,-0.000870437,-0.000873115,0.000008246,0.000382741,0.000028273,0.000118955,0.000434284,0.000000000,0.000000000,0.000000000,0.000000000,0.000000000,0.000000000,0.000000000,-0.000460400,-0.000010646,0.000455667,0.000000017,-0.000161257,-0.000000052,0.000113819,0.000000000,0.000000000,0.000000000,0.000000000,0.000000000,0.000000000,0.000000000,0.352847937,0.071473981,-0.301190058,0.255252180,0.939846828,0.415305950,0.077190225
11.501000000,0,11.501000000,sample,0.214212685,-0.000000301,0.000000000,0.000000000,0.000000000,0.000000000,0.000000000,0,0,2.000000000,0.080000000,0.000000000,0.000000000,0.000434577,0.000000000,0.005709465,0.000000000,0.000000000,0.000000000,0.001566140,0.277483048,7,62.481753083,0,0.000000000,0.658984596,1.157773139,0.663395599,1.157808285,0.373732450,0.115214499,1.323607102,1.011952267,1.365202912,0.000000000,1.365202820,2.000000000,0.000000000,0.000000000,0.000000000,1.000000000,1.817019108,1.230407899,1.161057512,0.000000000,1.817019108,1.250173673,1.162168847,1,0,0,0.000000000,0.156976384,-0.213473588,0.603364020,1.148478968,-0.052566024,-0.136643752,6.826823101,12.247795537,-6.222620029,-130.905523085,-0.032371440,142.886707672,44.936107366,-0.000120508,0.000227061,0.000788925,0.000373528,-0.000140450,-0.000269286,-0.001237962,0.000000000,0.000000000,0.000000000,0.000000000,0.000000000,0.000000000,0.000000000,-0.000295428,-0.000006831,0.000292391,0.000000011,-0.000103474,-0.000000033,0.000073034,0.000000000,0.000000000,0.000000000,0.000000000,0.000000000,0.000000000,0.000000000,0.325683767,0.076596640,-0.323885918,0.257698566,0.941934166,0.414287128,0.077026928
11.551000000,0,11.551000000,sample,0.214212447,-0.000004750,0.000000000,0.000000000,0.000000000,0.000000000,0.000000000,0,0,2.000000000,0.080000000,0.000000000,0.000000000,0.000173373,0.000000000,0.004354521,0.000000000,0.000000000,0.000000000,0.001812463,0.095655793,4,63.147378394,0,0.000000000,0.658323010,1.157756728,0.662004798,1.157806281,0.799643191,0.097483599,1.307904271,1.010476429,1.333041848,0.000000000,1.333040884,2.000000000,0.000000000,0.000000000,0.000000000,1.000000000,1.839274354,1.217650996,1.161136320,0.000000000,1.854011301,1.225965644,1.167887833,1,0,0,0.000000000,0.154665713,-0.215337344,0.602575747,1.148453982,-0.052204187,-0.136853265,6.827014501,12.247903702,-6.222620029,-130.905315715,-0.032318174,142.886968240,44.936053908,0.000452940,0.000623491,0.000422540,0.001440280,0.000139925,0.000125672,-0.000634672,0.000000000,0.000000000,0.000000000,0.000000000,0.000000000,0.000000000,0.000000000,0.000117859,0.000002725,-0.000116648,-0.000000004,0.000041281,0.000000013,-0.000029137,0.000000000,0.000000000,0.000000000,0.000000000,0.000000000,0.000000000,0.000000000,0.360352742,0.084799670,-0.289947385,0.255511348,0.940681926,0.413721923,0.076082975
11.601000000,0,11.601000000,sample,0.214212583,0.000002717,0.000000000,0.000000000,0.000000000,0.000000000,0.000000000,0,0,2.000000000,0.080000000,0.000000000,0.000000000,0.000695916,0.000000000,0.003230510,0.000000000,0.000000000,0.000000000,0.000942920,0.738043474,1,66.734313888,0,0.000000000,0.657768642,1.157496631,0.662356155,1.157768004,0.345251149,0.045305846,1.311188337,1.009813143,1.335562714,0.000000000,1.335562706,2.000000000,0.000000000,0.000000000,0.000000000,1.000000000,1.843513249,1.184772188,1.163221855,0.000000000,1.850360991,1.220269480,1.165390694,1,0,0,0.000000000,0.155313568,-0.215190119,0.601855875,1.148260474,-0.052232096,-0.136264970,6.826964208,12.247738572,-6.222620029,-130.905411425,-0.032023401,142.886867589,44.936352169,-0.000770281,0.000310520,0.000163059,0.000285979,-0.000099196,0.000114510,0.000260801,0.000000000,0.000000000,0.000000000,0.000000000,0.000000000,0.000000000,0.000000000,-0.000473087,-0.000010939,0.000468224,0.000000017,-0.000165699,-0.000000053,0.000116954,0.000000000,0.000000000,0.000000000,0.000000000,0.000000000,0.000000000,0.000000000,0.416414107,0.087692979,-0.234813357,0.249323402,0.937315303,0.412904066,0.075133895
11.651000000,0,11.651000000,sample,0.214212570,-0.000000253,0.000000000,0.000000000,0.000000000,0.000000000,0.000000000,0,0,2.000000000,0.080000000,0.000000000,0.000000000,0.000227237,0.000000000,0.001292843,0.000000000,0.000000000,0.000000000,0.001196691,0.189888250,7,48.967332020,0,0.000000000,0.658868981,1.157548784,0.662274177,1.157734495,0.583666030,0.030094199,1.304982833,1.008922501,1.335626722,0.000000000,1.335626461,2.000000000,0.000000000,0.000000000,0.000000000,1.000000000,1.807917187,1.212697829,1.158273436,0.000000000,1.844746695,1.221023835,1.161845309,1,0,0,0.000000000,0.156545969,-0.212703907,0.603621356,1.148306092,-0.052457465,-0.136237002,6.826918735,12.247854279,-6.222827398,-130.905523085,-0.032003056,142.886869166,44.936115391,-0.000537213,-0.000156091,-0.000563865,-0.000035564,0.000314059,0.000004386,-0.000837404,0.000000000,0.000000000,0.000000000,0.000000000,0.000000000,0.000000000,0.000000000,0.000154477,0.000003572,-0.000152889,-0.000000006,0.000054106,0.000000017,-0.000038189,0.000000000,0.000000000,0.000000000,0.000000000,0.000000000,0.000000000,0.000000000,0.349149675,0.074249145,-0.297190836,0.255086390,0.939497765,0.415204150,0.075742492
11.701000000,0,11.701000000,sample,0.214212676,0.000002116,0.000000000,0.000000000,0.000000000,0.000000000,0.000000000,0,0,2.000000000,0.080000000,0.000000000,0.000000000,0.000845202,0.000000000,0.004971759,0.000000000,0.000000000,0.000000000,0.001420800,0.594877193,1,59.714550837,0,0.000000000,0.659131353,1.157527219,0.662767722,1.157629581,0.598930007,0.102825852,1.300986512,1.007659647,1.320439025,0.000000000,1.320439221,2.000000000,0.000000000,0.000000000,0.000000000,1.000000000,1.809533195,1.208401449,1.159831960,0.000000000,1.833939280,1.218823988,1.164494383,1,0,0,0.000000000,0.157054007,-0.212069557,0.603998909,1.148292842,-0.052599949,-0.136110456,6.826711363,12.247871888,-6.222690993,-130.905523085,-0.032022648,142.886747471,44.936182132,-0.001097926,0.000176754,0.000062712,0.000617236,0.000171464,-0.000110012,0.000596300,0.000000000,0.000000000,0.000000000,0.000000000,0.000000000,0.000000000,0.000000000,-0.000574572,-0.000013286,0.000568665,0.000000021,-0.000201245,-0.000000064,0.000142044,0.000000000,0.000000000,0.000000000,0.000000000,0.000000000,0.000000000,0.000000000,0.355249412,0.074116411,-0.295493777,0.256719495,0.939248762,0.415095412,0.076163499
11.751000000,0,11.751000000,sample,0.214212692,0.000000310,0.000000000,0.000000000,0.000000000,0.000000000,0.000000000,0,0,2.000000000,0.080000000,0.000000000,0.000000000,0.000036943,0.000000000,0.005045374,0.000000000,0.000000000,0.000000000,0.000501596,0.073650695,2,43.093798155,0,0.000000000,0.660120840,1.157564768,0.661138968,1.157660683,0.281660692,0.043622952,1.327543142,1.009341517,1.356300893,0.000000000,1.356300860,2.000000000,0.000000000,0.000000000,0.000000000,1.000000000,1.853717650,1.203185822,1.161908249,0.000000000,1.853717650,1.247252129,1.170291667,1,0,0,0.000000000,0.157207588,-0.213578116,0.604507805,1.148305977,-0.052596573,-0.136320122,6.826918735,12.247912885,-6.222731690,-130.905562548,-0.032023147,142.886828876,44.936141419,-0.000179071,0.000329277,-0.000155733,-0.000016791,0.000230362,-0.000179395,0.000036397,0.000000000,0.000000000,0.000000000,0.000000000,0.000000000,0.000000000,0.000000000,0.000025114,0.000000581,-0.000024856,-0.000000001,0.000008796,0.000000003,-0.000006209,0.000000000,0.000000000,0.000000000,0.000000000,0.000000000,0.000000000,0.000000000,0.381947822,0.089348640,-0.271371688,0.255916177,0.938056810,0.413452242,0.078322689
11.801000000,0,11.801000000,sample,0.214212655,-0.000000732,0.000000000,0.000000000,0.000000000,0.000000000,0.000000000,0,0,2.000000000,0.080000000,0.000000000,0.000000000,0.001575674,0.000000000,0.005039983,0.000000000,0.000000000,0.000000000,0.001940842,0.811850708,1,38.174015824,0,0.000000000,0.657201652,1.157450033,0.662617016,1.157652786,0.863122750,0.098402591,1.276366527,1.007332049,1.294643073,0.000000000,1.294644423,2.000000000,0.000000000,0.000000000,0.000000000,1.000000000,1.821413606,1.232398534,1.159896105,0.000000000,1.863680392,1.273087486,1.168703146,1,0,0,0.000000000,0.155303018,-0.213405838,0.601874516,1.148235353,-0.052234505,-0.136079788,6.826670650,12.247738635,-6.222524320,-130.905411424,-0.032015436,142.886869893,44.936331031,-0.001199152,-0.000611288,0.000958292,0.000894955,-0.000123013,0.000109077,0.000457091,0.000000000,0.000000000,0.000000000,0.000000000,0.000000000,0.000000000,0.000000000,-0.001071151,-0.000024767,0.001060140,0.000000039,-0.000375170,-0.000000120,0.000264804,0.000000000,0.000000000,0.000000000,0.000000000,0.000000000,0.000000000,0.000000000,0.320414699,0.074758406,-0.324895572,0.264453838,0.940418454,0.413633897,0.078305432
11.851000000,0,11.851000000,sample,0.214212537,-0.000002363,0.000000000,0.000000000,0.000000000,0.000000000,0.000000000,0,0,2.000000000,0.080000000,0.000000000,0.000000000,0.000175349,0.000000000,0.002045280,0.000000000,0.000000000,0.000000000,0.000885263,0.198075396,4,54.953255581,0,0.000000000,0.657977257,1.157335716,0.662884329,1.157616604,0.591759266,0.076038747,1.291693681,1.008286666,1.310700322,0.000000000,1.310700734,2.000000000,0.000000000,0.000000000,0.000000000,1.000000000,1.812130898,1.199369512,1.160808074,0.000000000,1.845672427,1.227305020,1.161914363,1,0,0,0.000000000,0.155550686,-0.212963945,0.602813747,1.148143575,-0.052318538,-0.135849405,6.826818001,12.247848266,-6.222731689,-130.905411424,-0.031769184,142.886889569,44.936310611,-0.000219400,-0.000077983,-0.000423014,0.000656249,0.000229288,0.000246695,0.000080232,0.000000000,0.000000000,0.000000000,0.000000000,0.000000000,0.000000000,0.000000000,0.000119203,0.000002756,-0.000117977,-0.000000004,0.000041751,0.000000013,-0.000029469,0.000000000,0.000000000,0.000000000,0.000000000,0.000000000,0.000000000,0.000000000,0.368981933,0.075362106,-0.283712354,0.256749052,0.939156442,0.413710372,0.077874268
11.901000000,0,11.901000000,sample,0.214212766,0.000004583,0.000000000,0.000000000,0.000000000,0.000000000,0.000000000,0,0,2.000000000,0.080000000,0.000000000,0.000000000,0.000250884,0.000000000,0.001322198,0.000000000,0.000000000,0.000000000,0.001095683,0.228974732,7,54.028998835,0,0.000000000,0.661181315,1.157415591,0.662046311,1.157545750,0.368814482,0.076015048,1.340176336,1.012807074,1.378244883,0.000000000,1.378244683,2.000000000,0.000000000,0.000000000,0.000000000,1.000000000,1.833804520,1.215255528,1.161063363,0.000000000,1.833804520,1.215255528,1.161826109,1,0,0,0.000000000,0.157568186,-0.214850989,0.605121517,1.148152853,-0.052751267,-0.136283459,6.826917228,12.247984886,-6.222620029,-130.905523085,-0.031791885,142.886707700,44.936100534,0.000156453,0.000675691,-0.000052282,0.000072604,-0.000153738,-0.000198032,-0.000805376,0.000000000,0.000000000,0.000000000,0.000000000,0.000000000,0.000000000,0.000000000,0.000170552,0.000003944,-0.000168799,-0.000000006,0.000059737,0.000000019,-0.000042164,0.000000000,0.000000000,0.000000000,0.000000000,0.000000000,0.000000000,0.000000000,0.365466588,0.081877706,-0.288877307,0.257608145,0.938803065,0.413955221,0.072637265
11.951000000,0,11.951000000,sample,0.214212666,-0.000001992,0.000000000,0.000000000,0.000000000,0.000000000,0.000000000,0,0,2.000000000,0.080000000,0.000000000,0.000000000,0.001309441,0.000000000,0.002359047,0.000000000,0.000000000,0.000000000,0.001575107,0.831334510,1,36.702232821,0,0.000000000,0.656077008,1.157266026,0.662440931,1.157533860,0.526049913,0.070614935,1.287433891,1.006984876,1.309294624,0.000000000,1.309294889,2.000000000,0.000000000,0.000000000,0.000000000,1.000000000,1.848866361,1.213826211,1.157839010,0.000000000,1.856066226,1.219081757,1.176922949,1,0,0,0.000000000,0.154786778,-0.214939897,0.600232400,1.148078913,-0.052058778,-0.135901980,6.826804938,12.247558673,-6.222524320,-130.905411424,-0.031789627,142.886863096,44.936460817,-0.000954237,-0.000740168,0.000819026,0.000213996,-0.000023958,0.000058284,0.000549522,0.000000000,0.000000000,0.000000000,0.000000000,0.000000000,0.000000000,0.000000000,-0.000890165,-0.000020582,0.000881015,0.000000032,-0.000311776,-0.000000099,0.000220058,0.000000000,0.000000000,0.000000000,0.000000000,0.000000000,0.000000000,0.000000000,0.361534460,0.096026785,-0.294139955,0.241645615,0.937269245,0.414231718,0.075434705
12.001000000,0,12.001000000,sample,0.214212839,0.000003457,0.000000000,0.000000000,0.000000000,0.000000000,0.000000000,0,0,2.000000000,0.080000000,0.000000000,0.000000000,0.000317100,0.000000000,0.005045358,0.000000000,0.000000000,0.000000000,0.001300438,0.243841312,4,39.080441236,0,0.000000000,0.658472772,1.157347516,0.662955576,1.157563535,0.273776256,0.050112499,1.316118342,1.010895795,1.351591104,0.000000000,1.351590695,2.000000000,0.000000000,0.000000000,0.000000000,1.000000000,1.831064473,1.203349444,1.159337285,0.000000000,1.855450331,1.249104484,1.161351175,1,0,0,0.000000000,0.156714698,-0.214898507,0.602366604,1.148132084,-0.052344051,-0.136037095,6.826913537,12.247642695,-6.222620029,-130.905618794,-0.031824511,142.886867427,44.936366801,-0.000070069,-0.000792942,0.000358356,-0.000812960,-0.000306803,0.000241895,-0.000339863,0.000000000,0.000000000,0.000000000,0.000000000,0.000000000,0.000000000,0.000000000,-0.000215567,-0.000004984,0.000213351,0.000000008,-0.000075502,-0.000000024,0.000053291,0.000000000,0.000000000,0.000000000,0.000000000,0.000000000,0.000000000,0.000000000,0.367012095,0.085534387,-0.284698521,0.248338222,0.938426359,0.415441469,0.078026707
12.051000000,0,12.051000000,sample,0.214212854,0.000000293,0.000000000,0.000000000,0.000000000,0.000000000,0.000000000,0,0,2.000000000,0.080000000,0.000000000,0.000000000,0.000422956,0.000000000,0.001045941,0.000000000,0.000000000,0.000000000,0.001095902,0.385943712,7,51.926896843,0,0.000000000,0.658742145,1.157288920,0.661853627,1.157442011,0.271688860,0.068437156,1.324094616,1.008057656,1.346362501,0.000000000,1.346362502,2.000000000,0.000000000,0.000000000,0.000000000,1.000000000,1.838273231,1.208151939,1.162379611,0.000000000,1.843522426,1.208151939,1.162379611,1,0,0,0.000000000,0.156744556,-0.212960768,0.603340757,1.148099407,-0.052376441,-0.135801713,6.826700371,12.247763060,-6.222620029,-130.905618794,-0.031748741,142.886956941,44.936330858,-0.000372847,-0.000085853,0.000101381,-0.000558918,0.000137539,0.000298977,0.000789710,0.000000000,0.000000000,0.000000000,0.000000000,0.000000000,0.000000000,0.000000000,-0.000287528,-0.000006648,0.000284572,0.000000010,-0.000100707,-0.000000032,0.000071081,0.000000000,0.000000000,0.000000000,0.000000000,0.000000000,0.000000000,0.000000000,0.362740653,0.084644882,-0.291321841,0.254036673,0.939941404,0.416200111,0.079154285
12.101000000,0,12.101000000,sample,0.214212978,0.000002489,0.000000000,0.000000000,0.000000000,0.000000000,0.000000000,0,0,2.000000000,0.080000000,0.000000000,0.000000000,0.000985036,0.000000000,0.001937713,0.000000000,0.000000000,0.000000000,0.001354772,0.727086023,3,43.833131079,0,0.000000000,0.661074940,1.157375915,0.663042579,1.157459325,0.520624747,0.070963898,1.342380890,1.009587125,1.380584123,0.000000000,1.380584550,2.000000000,0.000000000,0.000000000,0.000000000,1.000000000,1.824060929,1.205480109,1.164573078,0.000000000,1.840522509,1.212495376,1.164898700,1,0,0,0.000000000,0.157908927,-0.214376471,0.605084767,1.148143108,-0.052665090,-0.136061752,6.826768590,12.247903705,-6.222524320,-130.905658263,-0.031824511,142.886848929,44.936292580,-0.000539623,-0.000049148,0.000896949,-0.000584280,-0.000045490,-0.000627291,0.000018324,0.000000000,0.000000000,0.000000000,0.000000000,0.000000000,0.000000000,0.000000000,-0.000669632,-0.000015483,0.000662748,0.000000024,-0.000234542,-0.000000075,0.000165545,0.000000000,0.000000000,0.000000000,0.000000000,0.000000000,0.000000000,0.000000000,0.364760244,0.079336570,-0.299341117,0.257162472,0.939788742,0.414757997,0.076950712
12.151000000,0,12.151000000,sample,0.214212758,-0.000004413,0.000000000,0.000000000,0.000000000,0.000000000,0.000000000,0,0,2.000000000,0.080000000,0.000000000,0.000000000,0.000627629,0.000000000,0.001691371,0.000000000,0.000000000,0.000000000,0.001515437,0.414157034,7,47.996194450,0,0.000000000,0.659279055,1.157330579,0.662532914,1.157472301,0.416357740,0.026901184,1.320964020,1.009086237,1.355335685,0.000000000,1.355335620,2.000000000,0.000000000,0.000000000,0.000000000,1.000000000,1.796806613,1.201400196,1.162124915,0.000000000,1.822495670,1.205854247,1.165820608,1,0,0,0.000000000,0.156693832,-0.212776260,0.604005115,1.148108092,-0.052503586,-0.136034008,6.826682656,12.247889218,-6.222620029,-130.905523085,-0.031739615,142.886862929,44.936074773,-0.000996895,0.000275363,0.000266515,-0.000009275,0.000204186,-0.000108899,-0.001049884,0.000000000,0.000000000,0.000000000,0.000000000,0.000000000,0.000000000,0.000000000,-0.000426665,-0.000009866,0.000422278,0.000000016,-0.000149441,-0.000000047,0.000105479,0.000000000,0.000000000,0.000000000,0.000000000,0.000000000,0.000000000,0.000000000,0.359947620,0.069257406,-0.300477860,0.260053035,0.938823981,0.413639724,0.075977805
12.201000000,0,12.201000000,sample,0.214212687,-0.000001406,0.000000000,0.000000000,0.000000000,0.000000000,0.000000000,0,0,2.000000000,0.080000000,0.000000000,0.000000000,0.000619211,0.000000000,0.001520925,0.000000000,0.000000000,0.000000000,0.001414636,0.437717458,1,48.119840467,0,0.000000000,0.659412945,1.157239549,0.662790573,1.157408864,0.490170651,0.035293829,1.312547612,1.011957819,1.337590999,0.000000000,1.337590840,2.000000000,0.000000000,0.000000000,0.000000000,1.000000000,1.823065406,1.211147729,1.162098601,0.000000000,1.844657410,1.218663241,1.162730114,1,0,0,0.000000000,0.156509786,-0.214294451,0.603662163,1.148042363,-0.052440404,-0.135838545,6.826946616,12.247858408,-6.222731689,-130.905523085,-0.031596515,142.886887561,44.936310723,0.000981311,-0.000035838,-0.000242627,0.000519381,-0.000345641,-0.000080431,0.000763136,0.000000000,0.000000000,0.000000000,0.000000000,0.000000000,0.000000000,0.000000000,0.000420942,0.000009733,-0.000416615,-0.000000015,0.000147437,0.000000047,-0.000104064,0.000000000,0.000000000,0.000000000,0.000000000,0.000000000,0.000000000,0.000000000,0.361723097,0.076973846,-0.295480101,0.261053709,0.938898462,0.413694010,0.074659240
12.251000000,0,12.251000000,sample,0.214212777,0.000001794,0.000000000,0.000000000,0.000000000,0.000000000,0.000000000,0,0,2.000000000,0.080000000,0.000000000,0.000000000,0.000055426,0.000000000,0.001338546,0.000000000,0.000000000,0.000000000,0.001132430,0.048944248,2,44.553845906,0,0.000000000,0.657659786,1.157209274,0.662288765,1.157392463,0.381949753,0.013315131,1.312061685,1.009424268,1.342031467,0.000000000,1.342031171,2.000000000,0.000000000,0.000000000,0.000000000,1.000000000,1.805362636,1.202027998,1.160174781,0.000000000,1.842834814,1.219164725,1.161898664,1,0,0,0.000000000,0.156524370,-0.212398043,0.602414797,1.148040452,-0.052300602,-0.135650557,6.826740198,12.247660223,-6.222731633,-130.905618794,-0.031631233,142.886928358,44.936317441,0.000408541,-0.000755882,0.000146478,-0.000475426,-0.000094859,-0.000073280,0.000531301,0.000000000,0.000000000,0.000000000,0.000000000,0.000000000,0.000000000,0.000000000,0.000037679,0.000000871,-0.000037292,-0.000000001,0.000013197,0.000000004,-0.000009315,0.000000000,0.000000000,0.000000000,0.000000000,0.000000000,0.000000000,0.000000000,0.365097979,0.073280316,-0.287586595,0.255595343,0.938903796,0.414818990,0.075424268
12.301000000,0,12.301000000,sample,0.214212773,-0.000000090,0.000000000,0.000000000,0.000000000,0.000000000,0.000000000,0,0,2.000000000,0.080000000,0.000000000,0.000000000,0.000058194,0.000000000,0.001484326,0.000000000,0.000000000,0.000000000,0.001071658,0.054302519,2,31.523499846,0,0.000000000,0.658569448,1.157131001,0.661344465,1.157362462,0.503581513,0.049317104,1.328057574,1.010978818,1.352352015,0.000000000,1.352351276,2.000000000,0.000000000,0.000000000,0.000000000,1.000000000,1.845253597,1.211417908,1.162261728,0.000000000,1.845253597,1.218112356,1.162785436,1,0,0,0.000000000,0.156067179,-0.213955000,0.602975962,1.147972929,-0.052308193,-0.135551326,6.826778550,12.247792022,-6.222615507,-130.905523103,-0.031535311,142.886954668,44.936494802,0.000424998,0.000601691,0.000433441,0.000432118,-0.000153328,0.000423110,0.000169312,0.000000000,0.000000000,0.000000000,0.000000000,0.000000000,0.000000000,0.000000000,-0.000039560,-0.000000915,0.000039154,0.000000001,-0.000013856,-0.000000004,0.000009780,0.000000000,0.000000000,0.000000000,0.000000000,0.000000000,0.000000000,0.000000000,0.368123222,0.085030449,-0.285528925,0.258329396,0.939160997,0.414647171,0.076752458
12.351000000,0,12.351000000,sample,0.214212647,-0.000002513,0.000000000,0.000000000,0.000000000,0.000000000,0.000000000,0,0,2.000000000,0.080000000,0.000000000,0.000000000,0.000257970,0.000000000,0.001696478,0.000000000,0.000000000,0.000000000,0.001911416,0.134963016,2,62.826519313,0,0.000000000,0.657787120,1.157185178,0.662370030,1.157366798,1.178540271,0.104296643,1.275055895,1.007804814,1.307902735,0.000000000,1.307902868,2.000000000,0.000000000,0.000000000,0.000000000,1.000000000,1.808964582,1.204130747,1.161282386,0.000000000,1.849366022,1.218418548,1.163491149,1,0,0,0.000000000,0.156317982,-0.214820129,0.601748200,1.147962462,-0.052496492,-0.136028822,6.826872508,12.247671306,-6.222620029,-130.905411478,-0.031535369,142.886539063,44.936101575,0.000576324,-0.001515049,0.000289971,0.000622974,0.000142286,-0.000663663,-0.000305144,0.000000000,0.000000000,0.000000000,0.000000000,0.000000000,0.000000000,0.000000000,0.000175370,0.000004055,-0.000173567,-0.000000006,0.000061423,0.000000019,-0.000043353,0.000000000,0.000000000,0.000000000,0.000000000,0.000000000,0.000000000,0.000000000,0.363353668,0.075970389,-0.293077480,0.253713318,0.939775792,0.414207645,0.075947487
12.401000000,0,12.401000000,sample,0.214212653,0.000000115,0.000000000,0.000000000,0.000000000,0.000000000,0.000000000,0,0,2.000000000,0.080000000,0.000000000,0.000000000,0.000178107,0.000000000,0.001326767,0.000000000,0.000000000,0.000000000,0.001616866,0.110155826,7,82.108772944,0,0.000000000,0.657853022,1.157081390,0.662286428,1.157329235,0.525461034,0.054806754,1.310178926,1.007657809,1.327042834,0.000000000,1.327042743,2.000000000,0.000000000,0.000000000,0.000000000,1.000000000,1.846885102,1.212577856,1.162455600,0.000000000,1.846885102,1.212880069,1.163407870,1,0,0,0.000000000,0.155831900,-0.215715575,0.601625971,1.147905183,-0.052358543,-0.135682039,6.826957927,12.247681292,-6.222620029,-130.905411424,-0.031439364,142.886680954,44.936459074,0.000419396,-0.000197104,0.000349504,0.000349857,0.000089314,-0.000021190,0.001465106,0.000000000,0.000000000,0.000000000,0.000000000,0.000000000,0.000000000,0.000000000,-0.000121078,-0.000002800,0.000119834,0.000000004,-0.000042407,-0.000000013,0.000029932,0.000000000,0.000000000,0.000000000,0.000000000,0.000000000,0.000000000,0.000000000,0.366574496,0.091231509,-0.298052409,0.250593651,0.938384344,0.413213570,0.075232465
12.451000000,0,12.451000000,sample,0.214212679,0.000000520,0.000000000,0.000000000,0.000000000,0.000000000,0.000000000,0,0,2.000000000,0.080000000,0.000000000,0.000000000,0.001886091,0.000000000,0.001886091,0.000000000,0.000000000,0.000000000,0.009405810,0.200524091,5,98.159314526,0,0.000000000,0.659222709,1.157060486,0.662196769,1.157325424,0.911639649,0.485440143,1.340556709,0.960039462,1.300769107,0.000000000,1.300766405,2.000000000,0.000000000,0.000000000,0.000000000,1.000000000,1.813859384,1.198930477,1.159668777,0.000000000,1.846557167,1.217113616,1.163276925,1,0,0,0.000000000,0.155947969,-0.213726341,0.603801177,1.147868451,-0.052442640,-0.135782017,6.826740699,12.247948280,-6.222620029,-130.905411424,-0.031331778,142.886869145,44.936061019,0.000004877,0.000769181,0.000640697,0.000617695,0.009318842,-0.000037013,-0.000493323,0.000000000,0.000000000,0.000000000,0.000000000,0.000000000,0.000000000,0.000000000,0.001282173,0.000029648,-0.001268992,-0.000000046,0.000449089,0.000000141,-0.000316977,0.000000000,0.000000000,0.000000000,0.000000000,0.000000000,0.000000000,0.000000000,0.365940350,0.078608665,-0.290236821,0.253169651,0.937803189,0.413335556,0.078016808
12.501000000,0,12.501000000,sample,0.214212639,-0.000000787,0.000000000,0.000000000,0.000000000,0.000000000,0.000000000,0,0,2.000000000,0.080000000,0.000000000,0.000000000,0.001003101,0.000000000,0.001637912,0.000000000,0.000000000,0.000000000,0.001971857,0.508708682,7,38.089279886,0,0.000000000,0.660124703,1.157159855,0.662210507,1.157248805,0.425988158,0.071431478,1.340889395,1.010673125,1.358854479,0.000000000,1.358854385,2.000000000,0.000000000,0.000000000,0.000000000,1.000000000,1.836994957,1.211340901,1.160416715,0.000000000,1.836994957,1.218657481,1.160420904,1,0,0,0.000000000,0.156661003,-0.212789665,0.604931825,1.148004889,-0.052507081,-0.135450031,6.826876528,12.248011970,-6.222827398,-130.905523085,-0.031471823,142.886970519,44.936438586,0.000931071,0.000881665,-0.000799650,0.000019612,0.000095665,0.000337671,0.001216961,0.000000000,0.000000000,0.000000000,0.000000000,0.000000000,0.000000000,0.000000000,0.000681912,0.000015768,-0.000674901,-0.000000025,0.000238845,0.000000075,-0.000168582,0.000000000,0.000000000,0.000000000,0.000000000,0.000000000,0.000000000,0.000000000,0.364892127,0.084096380,-0.288142419,0.255934459,0.938499760,0.413858096,0.075892452
12.551000000,0,12.551000000,sample,0.214212660,0.000000405,0.000000000,0.000000000,0.000000000,0.000000000,0.000000000,0,0,2.000000000,0.080000000,0.000000000,0.000000000,0.001373309,0.000000000,0.005135737,0.000000000,0.000000000,0.000000000,0.002239868,0.613120492,1,70.560720135,0,0.000000000,0.657582249,1.157062217,0.661540827,1.157232002,1.256397786,0.177410870,1.309648442,1.010677003,1.341786672,0.000000000,1.341785653,2.000000000,0.000000000,0.000000000,0.000000000,1.000000000,1.842023313,1.240334155,1.161555825,0.000000000,1.856535085,1.255198735,1.163380303,1,0,0,0.000000000,0.155890392,-0.213418882,0.602133689,1.147893619,-0.052392293,-0.135603320,6.826709164,12.247741457,-6.222620029,-130.905411424,-0.031410033,142.886711918,44.936266594,0.001881499,-0.000359070,0.000140202,0.000571996,0.000173763,0.000379297,-0.000909475,0.000000000,0.000000000,0.000000000,0.000000000,0.000000000,0.000000000,0.000000000,0.000933583,0.000021587,-0.000923986,-0.000000034,0.000326986,0.000000103,-0.000230794,0.000000000,0.000000000,0.000000000,0.000000000,0.000000000,0.000000000,0.000000000,0.319218170,0.088552288,-0.337146053,0.251450181,0.940679325,0.414707334,0.075602691
12.601000000,0,12.601000000,sample,0.214212683,0.000000465,0.000000000,0.000000000,0.000000000,0.000000000,0.000000000,0,0,2.000000000,0.080000000,0.000000000,0.000000000,0.000603104,0.000000000,0.001538216,0.000000000,0.000000000,0.000000000,0.001283552,0.469871186,2,44.849451864,0,0.000000000,0.656929356,1.157113878,0.662163754,1.157232861,0.493915595,0.048274672,1.290100055,1.008800123,1.319954118,0.000000000,1.319953606,2.000000000,0.000000000,0.000000000,0.000000000,1.000000000,1.822123039,1.202275501,1.160016393,0.000000000,1.842260102,1.241552319,1.164109766,1,0,0,0.000000000,0.155659082,-0.212533395,0.601793972,1.147944802,-0.052184534,-0.135690940,6.826735371,12.247666770,-6.222731689,-130.905523085,-0.031474055,142.886957028,44.936148251,0.000073456,-0.000859591,-0.000620321,-0.000216353,0.000180635,0.000197424,-0.000632457,0.000000000,0.000000000,0.000000000,0.000000000,0.000000000,0.000000000,0.000000000,0.000409993,0.000009480,-0.000405779,-0.000000015,0.000143600,0.000000045,-0.000101356,0.000000000,0.000000000,0.000000000,0.000000000,0.000000000,0.000000000,0.000000000,0.370258786,0.081253067,-0.284699297,0.252942004,0.938371299,0.412900329,0.076705146
12.651000000,0,12.651000000,sample,0.214212718,0.000000708,0.000000000,0.000000000,0.000000000,0.000000000,0.000000000,0,0,2.000000000,0.080000000,0.000000000,0.000000000,0.000545896,0.000000000,0.001559427,0.000000000,0.000000000,0.000000000,0.001061042,0.514490727,1,47.323099946,0,0.000000000,0.659406210,1.157092597,0.662576576,1.157238968,0.508084420,0.087228400,1.319990084,1.009343621,1.344097466,0.000000000,1.344097305,2.000000000,0.000000000,0.000000000,0.000000000,1.000000000,1.819431216,1.205614257,1.161742564,0.000000000,1.847919646,1.210842818,1.163479095,1,0,0,0.000000000,0.157390212,-0.211577956,0.604383686,1.147951665,-0.052690988,-0.135254994,6.826639705,12.247902184,-6.222731689,-130.905523085,-0.031432470,142.886681040,44.936453985,-0.000729910,0.000153132,-0.000129020,-0.000216160,-0.000087281,0.000066508,0.000702979,0.000000000,0.000000000,0.000000000,0.000000000,0.000000000,0.000000000,0.000000000,-0.000371103,-0.000008581,0.000367288,0.000000013,-0.000129980,-0.000000041,0.000091743,0.000000000,0.000000000,0.000000000,0.000000000,0.000000000,0.000000000,0.000000000,0.365478281,0.080459208,-0.292639894,0.253446277,0.940050968,0.412407241,0.077130087
12.701000000,0,12.701000000,sample,0.214212649,-0.000001381,0.000000000,0.000000000,0.000000000,0.000000000,0.000000000,0,0,2.000000000,0.080000000,0.000000000,0.000000000,0.001582462,0.000000000,0.004022140,0.000000000,0.000000000,0.000000000,0.002188287,0.723151070,3,79.120624712,0,0.000000000,0.658816391,1.157035048,0.661344586,1.157235768,1.086789480,0.108633956,1.333263541,1.013336174,1.365463092,0.000000000,1.365463963,2.000000000,0.000000000,0.000000000,0.000000000,1.000000000,1.812001737,1.166849498,1.165054272,0.000000000,1.834009943,1.207003181,1.165054272,1,0,0,0.000000000,0.156385610,-0.212588802,0.603646071,1.147885478,-0.052409897,-0.135433504,6.826831309,12.247863772,-6.222827398,-130.905523572,-0.031302017,142.886923139,44.936272089,0.000449466,0.000602902,-0.001946477,-0.000636697,-0.000124784,0.000088535,0.000074346,0.000000000,0.000000000,0.000000000,0.000000000,0.000000000,0.000000000,0.000000000,0.001075765,0.000024875,-0.001064706,-0.000000039,0.000376791,0.000000118,-0.000265948,0.000000000,0.000000000,0.000000000,0.000000000,0.000000000,0.000000000,0.000000000,0.425610352,0.078822761,-0.232282716,0.246474139,0.937758706,0.412340293,0.076639342
12.751000000,0,12.751000000,sample,0.214212672,0.000000445,0.000000000,0.000000000,0.000000000,0.000000000,0.000000000,0,0,2.000000000,0.080000000,0.000000000,0.000000000,0.000230427,0.000000000,0.001717960,0.000000000,0.000000000,0.000000000,0.001165838,0.197649688,2,36.730702295,0,0.000000000,0.657901984,1.157027273,0.662374291,1.157172098,0.568706621,0.055720692,1.296319551,1.009450715,1.331661668,0.000000000,1.331661763,2.000000000,0.000000000,0.000000000,0.000000000,1.000000000,1.827793114,1.215807752,1.160097203,0.000000000,1.827793114,1.217284198,1.165259825,1,0,0,0.000000000,0.155761280,-0.213755016,0.602397076,1.147835935,-0.052365633,-0.135803595,6.826735544,12.247781190,-6.222620029,-130.905411424,-0.031308824,142.886780832,44.936013111,0.000344867,-0.000706566,0.000099567,0.000407582,0.000016113,-0.000624279,-0.000418316,0.000000000,0.000000000,0.000000000,0.000000000,0.000000000,0.000000000,0.000000000,0.000156646,0.000003622,-0.000155035,-0.000000006,0.000054865,0.000000017,-0.000038725,0.000000000,0.000000000,0.000000000,0.000000000,0.000000000,0.000000000,0.000000000,0.353716445,0.085159447,-0.300863066,0.248491962,0.940175143,0.414136956,0.075845294
12.801000000,0,12.801000000,sample,0.214212935,0.000005272,0.000000000,0.000000000,0.000000000,0.000000000,0.000000000,0,0,2.000000000,0.080000000,0.000000000,0.000000000,0.000835737,0.000000000,0.001220084,0.000000000,0.000000000,0.000000000,0.001520480,0.549653183,7,36.548914666,0,0.000000000,0.661145137,1.156999105,0.662235183,1.157181916,0.754431257,0.065165716,1.354747012,1.010203211,1.385802629,0.000000000,1.385803295,2.000000000,0.000000000,0.000000000,0.000000000,1.000000000,1.818318359,1.200655993,1.161947135,0.000000000,1.836057813,1.215754130,1.163147862,1,0,0,0.000000000,0.158298551,-0.212729516,0.605640664,1.147842208,-0.052830228,-0.135329822,6.826635307,12.247970350,-6.222620029,-130.905618794,-0.031275199,142.886707691,44.936358016,-0.000038159,0.000263579,0.000896278,-0.000716399,-0.000237004,-0.000152500,0.000919217,0.000000000,0.000000000,0.000000000,0.000000000,0.000000000,0.000000000,0.000000000,-0.000568138,-0.000013137,0.000562297,0.000000020,-0.000198993,-0.000000062,0.000140454,0.000000000,0.000000000,0.000000000,0.000000000,0.000000000,0.000000000,0.000000000,0.372907694,0.077984219,-0.284173528,0.256081838,0.939112376,0.413356196,0.076495461
12.851000000,0,12.851000000,sample,0.214212554,-0.000007616,0.000000000,0.000000000,0.000000000,0.000000000,0.000000000,0,0,2.000000000,0.080000000,0.000000000,0.000000000,0.002205589,0.000000000,0.004252062,0.000000000,0.000000000,0.000000000,0.003053824,0.722238400,3,70.891018286,0,0.000000000,0.656093005,1.156931406,0.662294301,1.157126058,1.346523992,0.132103559,1.309554078,1.008774149,1.333687463,0.000000000,1.333687225,2.000000000,0.000000000,0.000000000,0.000000000,1.000000000,1.842126527,1.249185928,1.160464147,0.000000000,1.851238379,1.249185928,1.162292477,1,0,0,0.000000000,0.154312543,-0.212815145,0.601128426,1.147808459,-0.052079200,-0.135328407,6.826624816,12.247736605,-6.222620027,-130.905315721,-0.031275199,142.886923781,44.936353443,-0.000519888,0.000348862,0.002571222,0.001459101,-0.000337495,0.000024221,0.000281433,0.000000000,0.000000000,0.000000000,0.000000000,0.000000000,0.000000000,0.000000000,-0.001499370,-0.000034669,0.001483957,0.000000054,-0.000525155,-0.000000164,0.000370666,0.000000000,0.000000000,0.000000000,0.000000000,0.000000000,0.000000000,0.000000000,0.307177599,0.085567289,-0.343587696,0.258087813,0.940324156,0.412800449,0.075641553
12.901000000,0,12.901000000,sample,0.214212892,0.000006759,0.000000000,0.000000000,0.000000000,0.000000000,0.000000000,0,0,2.000000000,0.080000000,0.000000000,0.000000000,0.000979676,0.000000000,0.002897940,0.000000000,0.000000000,0.000000000,0.001366362,0.716995695,1,35.503793134,0,0.000000000,0.658749660,1.156888468,0.661196551,1.157131995,0.388325396,0.036647916,1.302435941,1.010129424,1.331380041,0.000000000,1.331380491,2.000000000,0.000000000,0.000000000,0.000000000,1.000000000,1.823541352,1.209364635,1.162325802,0.000000000,1.849097850,1.253594653,1.164095635,1,0,0,0.000000000,0.156540905,-0.212203424,0.603668591,1.147767638,-0.052442605,-0.135167125,6.826462808,12.247848227,-6.222524320,-130.905529814,-0.031213910,142.886887590,44.936395150,-0.000814148,0.000104807,0.000623782,0.000759555,-0.000286921,-0.000128732,-0.000358052,0.000000000,0.000000000,0.000000000,0.000000000,0.000000000,0.000000000,0.000000000,-0.000665988,-0.000015399,0.000659141,0.000000024,-0.000233264,-0.000000073,0.000164643,0.000000000,0.000000000,0.000000000,0.000000000,0.000000000,0.000000000,0.000000000,0.359966667,0.080294572,-0.297843406,0.256657129,0.940380508,0.412278957,0.078134727
12.951000000,0,12.951000000,sample,0.214212765,-0.000002550,0.000000000,0.000000000,0.000000000,0.000000000,0.000000000,0,0,2.000000000,0.080000000,0.000000000,0.000000000,0.000519522,0.000000000,0.001189925,0.000000000,0.000000000,0.000000000,0.001762380,0.294784143,4,38.509096500,0,0.000000000,0.658100801,1.156812363,0.662457762,1.157019051,1.131957075,0.105281334,1.295377670,1.008002057,1.309368610,0.000000000,1.309368646,2.000000000,0.000000000,0.000000000,0.000000000,1.000000000,1.858955705,1.219071702,1.154800941,0.000000000,1.864649063,1.219071702,1.164239288,1,0,0,0.000000000,0.155253378,-0.215673435,0.602061478,1.147660136,-0.052215769,-0.135515933,6.826813201,12.247762997,-6.222524320,-130.905411422,-0.031054831,142.886909053,44.936270571,0.000388694,-0.000261235,0.000922729,0.001093657,-0.000084892,0.000389414,0.000824798,0.000000000,0.000000000,0.000000000,0.000000000,0.000000000,0.000000000,0.000000000,-0.000353173,-0.000008166,0.000349543,0.000000013,-0.000123699,-0.000000038,0.000087310,0.000000000,0.000000000,0.000000000,0.000000000,0.000000000,0.000000000,0.000000000,0.359915272,0.115648584,-0.299870029,0.217004660,0.939063810,0.407313158,0.076770508
13.001000000,0,13.001000000,sample,0.214212568,-0.000003947,0.000000000,0.000000000,0.000000000,0.000000000,0.000000000,0,0,2.000000000,0.080000000,0.000000000,0.000000000,0.000154518,0.000000000,0.001547614,0.000000000,0.000000000,0.000000000,0.001871260,0.082574057,4,66.068055671,0,0.000000000,0.656854414,1.156946355,0.661289003,1.157000585,1.155778678,0.153236539,1.283719447,1.010924656,1.310717668,0.000000000,1.310718022,2.000000000,0.000000000,0.000000000,0.000000000,1.000000000,1.830922606,1.212551551,1.163022693,0.000000000,1.860888171,1.222662029,1.165385537,1,0,0,0.000000000,0.154920662,-0.213058317,0.601717095,1.147792109,-0.052253287,-0.135527625,6.826649931,12.247778987,-6.222620029,-130.905315715,-0.031237965,142.886794118,44.936148258,0.000532649,-0.000124217,0.000429045,0.001521003,-0.000201991,0.000234709,-0.000780418,0.000000000,0.000000000,0.000000000,0.000000000,0.000000000,0.000000000,0.000000000,0.000105042,0.000002429,-0.000103962,-0.000000004,0.000036791,0.000000011,-0.000025968,0.000000000,0.000000000,0.000000000,0.000000000,0.000000000,0.000000000,0.000000000,0.361428646,0.081750307,-0.299244274,0.257697663,0.939544996,0.413388429,0.075617406
13.051000000,0,13.051000000,sample,0.214212826,0.000005169,0.000000000,0.000000000,0.000000000,0.000000000,0.000000000,0,0,2.000000000,0.080000000,0.000000000,0.000000000,0.000176581,0.000000000,0.004645211,0.000000000,0.000000000,0.000000000,0.000579528,0.304697401,5,37.613190670,0,0.000000000,0.660316174,1.156998461,0.660916597,1.157031295,0.154754172,0.046007981,1.326701477,1.012019056,1.360357302,0.000000000,1.360357220,2.000000000,0.000000000,0.000000000,0.000000000,1.000000000,1.816096141,1.215198745,1.159992561,0.000000000,1.834630338,1.218190272,1.167835541,1,0,0,0.000000000,0.157579869,-0.212127426,0.605134687,1.147838281,-0.052757111,-0.135386141,6.826567547,12.247983881,-6.222620029,-130.905523085,-0.031268386,142.886700916,44.936229771,0.000042657,0.000260017,0.000231416,0.000170978,-0.000355422,-0.000154891,-0.000182539,0.000000000,0.000000000,0.000000000,0.000000000,0.000000000,0.000000000,0.000000000,-0.000120040,-0.000002776,0.000118806,0.000000004,-0.000042045,-0.000000013,0.000029676,0.000000000,0.000000000,0.000000000,0.000000000,0.000000000,0.000000000,0.000000000,0.348787914,0.076082465,-0.304530638,0.258511669,0.938849065,0.414079379,0.075330587
13.101000000,0,13.101000000,sample,0.214212942,0.000002325,0.000000000,0.000000000,0.000000000,0.000000000,0.000000000,0,0,2.000000000,0.080000000,0.000000000,0.000000000,0.000452148,0.000000000,0.004368662,0.000000000,0.000000000,0.000000000,0.001576545,0.286796809,7,49.423380394,0,0.000000000,0.661244259,1.157004011,0.661244259,1.157012586,0.689003230,0.117154758,1.352882848,1.011714435,1.397394607,0.000000000,1.397395286,2.000000000,0.000000000,0.000000000,0.000000000,1.000000000,1.818738328,1.231842655,1.157793215,0.000000000,1.843791476,1.247041002,1.164732218,1,0,0,0.000000000,0.158295609,-0.211990070,0.606008813,1.147820623,-0.052842970,-0.135549688,6.826552472,12.248016543,-6.222620029,-130.905618794,-0.031232602,142.886745998,44.936022218,-0.000242307,0.000255889,0.000656381,-0.000808531,-0.000151620,-0.000159181,-0.001108339,0.000000000,0.000000000,0.000000000,0.000000000,0.000000000,0.000000000,0.000000000,-0.000307372,-0.000007107,0.000304212,0.000000011,-0.000107659,-0.000000034,0.000075988,0.000000000,0.000000000,0.000000000,0.000000000,0.000000000,0.000000000,0.000000000,0.326313354,0.078045681,-0.316655212,0.255292863,0.940723534,0.414505595,0.075451781
13.151000000,0,13.151000000,sample,0.214212852,-0.000001794,0.000000000,0.000000000,0.000000000,0.000000000,0.000000000,0,0,2.000000000,0.080000000,0.000000000,0.000000000,0.000747549,0.000000000,0.001383203,0.000000000,0.000000000,0.000000000,0.001173326,0.637119665,7,34.770547369,0,0.000000000,0.658635196,1.156929292,0.661986935,1.156981801,0.200064944,0.039465006,1.312175564,1.011585031,1.334528730,0.000000000,1.334528742,2.000000000,0.000000000,0.000000000,0.000000000,1.000000000,1.817991960,1.212685527,1.157850158,0.000000000,1.836359591,1.229254079,1.158806217,1,0,0,0.000000000,0.156532369,-0.211299297,0.603863020,1.147811739,-0.052404953,-0.135156646,6.826470325,12.247861657,-6.222620029,-130.905562548,-0.031252408,142.886970507,44.936351157,-0.000445289,0.000164759,0.000280795,0.000213244,-0.000597462,0.000437382,0.000691870,0.000000000,0.000000000,0.000000000,0.000000000,0.000000000,0.000000000,0.000000000,-0.000508187,-0.000011751,0.000502963,0.000000018,-0.000177995,-0.000000056,0.000125633,0.000000000,0.000000000,0.000000000,0.000000000,0.000000000,0.000000000,0.000000000,0.356515205,0.077460761,-0.288045318,0.256110953,0.939233781,0.413588545,0.075731259
13.201000000,0,13.201000000,sample,0.214212832,-0.000000407,0.000000000,0.000000000,0.000000000,0.000000000,0.000000000,0,0,2.000000000,0.080000000,0.000000000,0.000000000,0.000847689,0.000000000,0.002171330,0.000000000,0.000000000,0.000000000,0.001213059,0.698802868,3,65.896010848,0,0.000000000,0.659189479,1.156856292,0.661424258,1.156964173,0.435634309,0.032456977,1.335018024,1.007687027,1.360516361,0.000000000,1.360516646,2.000000000,0.000000000,0.000000000,0.000000000,1.000000000,1.824021872,1.212355809,1.159019424,0.000000000,1.825964100,1.216606705,1.164107780,1,0,0,0.000000000,0.157013007,-0.211314420,0.604337571,1.147745266,-0.052591074,-0.135023942,6.826461280,12.247912509,-6.222620029,-130.905523085,-0.031128982,142.886794765,44.936374865,-0.000340008,0.000200864,0.000984717,-0.000328887,0.000183657,0.000451624,0.000005626,0.000000000,0.000000000,0.000000000,0.000000000,0.000000000,0.000000000,0.000000000,-0.000576263,-0.000013325,0.000570338,0.000000021,-0.000201839,-0.000000063,0.000142462,0.000000000,0.000000000,0.000000000,0.000000000,0.000000000,0.000000000,0.000000000,0.357103408,0.082984772,-0.295110079,0.251056813,0.939396394,0.412927038,0.076307951
13.251000000,0,13.251000000,sample,0.214212854,0.000000440,0.000000000,0.000000000,0.000000000,0.000000000,0.000000000,0,0,2.000000000,0.080000000,0.000000000,0.000000000,0.000722776,0.000000000,0.001428384,0.000000000,0.000000000,0.000000000,0.001526594,0.473456549,7,48.412336922,0,0.000000000,0.660041079,1.156827402,0.661075178,1.156986886,0.203606686,0.079565952,1.329453395,1.010888681,1.370721300,0.000000000,1.370721400,2.000000000,0.000000000,0.000000000,0.000000000,1.000000000,1.800582456,1.206634539,1.159805133,0.000000000,1.832648465,1.217046364,1.160978747,1,0,0,0.000000000,0.157696268,-0.211340133,0.605079715,1.147692254,-0.052788377,-0.135149978,6.826456765,12.247970075,-6.222620029,-130.905523085,-0.031027691,142.886657157,44.936162094,-0.000632603,0.000310212,0.000654007,0.000112075,-0.000151410,-0.000492560,-0.001062188,0.000000000,0.000000000,0.000000000,0.000000000,0.000000000,0.000000000,0.000000000,-0.000491346,-0.000011361,0.000486295,0.000000017,-0.000172096,-0.000000053,0.000121470,0.000000000,0.000000000,0.000000000,0.000000000,0.000000000,0.000000000,0.000000000,0.363186763,0.074275799,-0.292582316,0.252338020,0.939447831,0.413019090,0.072804834
13.301000000,0,13.301000000,sample,0.214212727,-0.000002534,0.000000000,0.000000000,0.000000000,0.000000000,0.000000000,0,0,2.000000000,0.080000000,0.000000000,0.000000000,0.000765729,0.000000000,0.001485003,0.000000000,0.000000000,0.000000000,0.001237037,0.619002635,1,45.432458694,0,0.000000000,0.656759118,1.156851700,0.661783250,1.156984179,0.582548461,0.074915449,1.308533609,1.007296312,1.336092252,0.000000000,1.336092140,2.000000000,0.000000000,0.000000000,0.000000000,1.000000000,1.822400381,1.208179808,1.159158914,0.000000000,1.822400381,1.212844067,1.159891406,1,0,0,0.000000000,0.155830869,-0.212105004,0.601714838,1.147714459,-0.052228548,-0.135386686,6.826648345,12.247646763,-6.222731689,-130.905523139,-0.031094002,142.886893983,44.936060737,0.000833808,-0.000354002,0.000029287,0.000099799,0.000535204,0.000284986,-0.000575526,0.000000000,0.000000000,0.000000000,0.000000000,0.000000000,0.000000000,0.000000000,0.000520547,0.000012036,-0.000515196,-0.000000019,0.000182320,0.000000057,-0.000128686,0.000000000,0.000000000,0.000000000,0.000000000,0.000000000,0.000000000,0.000000000,0.369217019,0.081246160,-0.281799788,0.252181393,0.938979511,0.412977620,0.074078543
13.351000000,0,13.351000000,sample,0.214212849,0.000002425,0.000000000,0.000000000,0.000000000,0.000000000,0.000000000,0,0,2.000000000,0.080000000,0.000000000,0.000000000,0.000611425,0.000000000,0.001708482,0.000000000,0.000000000,0.000000000,0.002329632,0.262455613,3,46.896445471,0,0.000000000,0.659022421,1.156771284,0.660844895,1.156926264,1.425256904,0.125476655,1.338066421,1.011231887,1.363047360,0.000000000,1.363044554,2.000000000,0.000000000,0.000000000,0.000000000,1.000000000,1.841083943,1.207983784,1.161932539,0.000000000,1.856789255,1.222453845,1.162239831,1,0,0,0.000000000,0.155600855,-0.215458825,0.603055902,1.147632205,-0.052326527,-0.135359001,6.826690379,12.247867610,-6.222428611,-130.905411424,-0.031020883,142.886903394,44.936372086,0.000981080,0.000623161,0.001595355,0.000922886,-0.000394568,0.000083397,0.000718903,0.000000000,0.000000000,0.000000000,0.000000000,0.000000000,0.000000000,0.000000000,-0.000415649,-0.000009611,0.000411376,0.000000015,-0.000145583,-0.000000045,0.000102756,0.000000000,0.000000000,0.000000000,0.000000000,0.000000000,0.000000000,0.000000000,0.367620260,0.084024672,-0.286504016,0.257841042,0.938710770,0.414834178,0.077785378
13.401000000,0,13.401000000,sample,0.214212690,-0.000003164,0.000000000,0.000000000,0.000000000,0.000000000,0.000000000,0,0,2.000000000,0.080000000,0.000000000,0.000000000,0.000959490,0.000000000,0.004004231,0.000000000,0.000000000,0.000000000,0.001416226,0.677497419,3,41.589715459,0,0.000000000,0.657301885,1.156714287,0.662537105,1.156847833,0.669141425,0.100792275,1.284614981,1.006500004,1.300088373,0.000000000,1.300088819,2.000000000,0.000000000,0.000000000,0.000000000,1.000000000,1.818962434,1.195802747,1.162223105,0.000000000,1.846142749,1.240391112,1.163590393,1,0,0,0.000000000,0.155988614,-0.211344274,0.602533749,1.147622915,-0.052279529,-0.134968283,6.826648176,12.247741411,-6.222827398,-130.905527526,-0.030889798,142.886937085,44.936223700,0.000297289,-0.000451109,-0.000913326,0.000370616,0.000550814,0.000652990,-0.000111823,0.000000000,0.000000000,0.000000000,0.000000000,0.000000000,0.000000000,0.000000000,0.000652266,0.000015083,-0.000645560,-0.000000023,0.000228457,0.000000070,-0.000161250,0.000000000,0.000000000,0.000000000,0.000000000,0.000000000,0.000000000,0.000000000,0.371559356,0.074574937,-0.284858080,0.261428651,0.937382747,0.415747779,0.078250080
13.451000000,0,13.451000000,sample,0.214212690,-0.000000011,0.000000000,0.000000000,0.000000000,0.000000000,0.000000000,0,0,2.000000000,0.080000000,0.000000000,0.000000000,0.000915358,0.000000000,0.001562869,0.000000000,0.000000000,0.000000000,0.002019489,0.453262065,7,48.630716453,0,0.000000000,0.657280611,1.156836610,0.659808542,1.156898829,0.848953036,0.177931937,1.320704834,1.013165054,1.363164790,0.000000000,1.363163862,2.000000000,0.000000000,0.000000000,0.000000000,1.000000000,1.836145721,1.212370017,1.161993731,0.000000000,1.845979804,1.216806494,1.162491116,1,0,0,0.000000000,0.155079154,-0.214110814,0.601768075,1.147680394,-0.052170492,-0.135568782,6.826744386,12.247737049,-6.222620029,-130.905411424,-0.031061573,142.886930627,44.936060750,0.001296388,0.000144428,0.000239943,0.000540292,-0.000182366,-0.000103856,-0.001408305,0.000000000,0.000000000,0.000000000,0.000000000,0.000000000,0.000000000,0.000000000,0.000622265,0.000014388,-0.000615868,-0.000000022,0.000217948,0.000000068,-0.000153833,0.000000000,0.000000000,0.000000000,0.000000000,0.000000000,0.000000000,0.000000000,0.364330852,0.085204375,-0.292024932,0.253464211,0.940040523,0.413806663,0.076143741
13.501000000,0,13.501000000,sample,0.214212842,0.000003036,0.000000000,0.000000000,0.000000000,0.000000000,0.000000000,0,0,2.000000000,0.080000000,0.000000000,0.000000000,0.002061942,0.000000000,0.005720875,0.000000000,0.000000000,0.000000000,0.003527544,0.584526120,5,40.800050107,0,0.000000000,0.657154103,1.156656760,0.661013552,1.156945909,1.263973471,0.086501948,1.263766698,1.018251573,1.311881319,0.000000000,1.311878490,2.000000000,0.000000000,0.000000000,0.000000000,1.000000000,1.827866659,1.168344817,1.168872646,0.000000000,1.850141488,1.302129414,1.168872646,1,0,0,0.000000000,0.156458200,-0.213422488,0.601517404,1.147546855,-0.052382162,-0.135082142,6.826648175,12.247586090,-6.222620029,-130.905523572,-0.030860742,142.886678465,44.936284413,-0.002035963,-0.001657602,0.000273868,-0.000287435,-0.002253216,-0.000384542,-0.000410247,0.000000000,0.000000000,0.000000000,0.000000000,0.000000000,0.000000000,0.000000000,-0.001401720,-0.000032411,0.001387311,0.000000050,-0.000490944,-0.000000151,0.000346520,0.000000000,0.000000000,0.000000000,0.000000000,0.000000000,0.000000000,0.000000000,0.434177162,0.081444760,-0.224683173,0.248651050,0.938941482,0.413967414,0.076355789
13.551000000,0,13.551000000,sample,0.214212949,0.000002138,0.000000000,0.000000000,0.000000000,0.000000000,0.000000000,0,0,2.000000000,0.080000000,0.000000000,0.000000000,0.000627151,0.000000000,0.003562050,0.000000000,0.000000000,0.000000000,0.001507820,0.415932529,7,50.315960348,0,0.000000000,0.658495056,1.156721057,0.660542538,1.156846077,0.379111579,0.081658351,1.332620443,1.008637945,1.372558704,0.000000000,1.372558972,2.000000000,0.000000000,0.000000000,0.000000000,1.000000000,1.818599760,1.226804388,1.160817939,0.000000000,1.838286362,1.227962839,1.169354321,1,0,0,0.000000000,0.156914910,-0.212409633,0.603221019,1.147601280,-0.052418497,-0.135156234,6.826552466,12.247736900,-6.222620029,-130.905618794,-0.030924768,142.886889837,44.936168837,-0.000479098,0.000037201,0.000789435,-0.000402171,0.000207327,-0.000265942,-0.001069553,0.000000000,0.000000000,0.000000000,0.000000000,0.000000000,0.000000000,0.000000000,-0.000426341,-0.000009858,0.000421958,0.000000015,-0.000149326,-0.000000046,0.000105398,0.000000000,0.000000000,0.000000000,0.000000000,0.000000000,0.000000000,0.000000000,0.335756637,0.076855241,-0.311854493,0.256548773,0.942066816,0.415405297,0.075743620
13.601000000,0,13.601000000,sample,0.214212765,-0.000003669,0.000000000,0.000000000,0.000000000,0.000000000,0.000000000,0,0,2.000000000,0.080000000,0.000000000,0.000000000,0.000459947,0.000000000,0.004314964,0.000000000,0.000000000,0.000000000,0.001429722,0.321704102,2,74.249516717,0,0.000000000,0.659153536,1.156799721,0.661152799,1.156832840,0.573643230,0.041900291,1.340265182,1.011713513,1.368960697,0.000000000,1.368960036,2.000000000,0.000000000,0.000000000,0.000000000,1.000000000,1.838400514,1.227473172,1.158758871,0.000000000,1.855758933,1.231464544,1.165505371,1,0,0,0.000000000,0.156653825,-0.211236374,0.604418859,1.147671856,-0.052501559,-0.135197971,6.826552460,12.247943752,-6.222731689,-130.905523085,-0.030965558,142.886916460,44.936054169,0.000115994,0.001231965,-0.000435586,0.000211162,-0.000003701,0.000327796,-0.000413671,0.000000000,0.000000000,0.000000000,0.000000000,0.000000000,0.000000000,0.000000000,0.000312674,0.000007230,-0.000309460,-0.000000011,0.000109516,0.000000034,-0.000077299,0.000000000,0.000000000,0.000000000,0.000000000,0.000000000,0.000000000,0.000000000,0.337600302,0.085501271,-0.307474748,0.252744535,0.940345975,0.415742146,0.076974564
13.651000000,0,13.651000000,sample,0.214212881,0.000002310,0.000000000,0.000000000,0.000000000,0.000000000,0.000000000,0,0,2.000000000,0.080000000,0.000000000,0.000000000,0.000177188,0.000000000,0.001023514,0.000000000,0.000000000,0.000000000,0.001256013,0.141071953,7,54.939344878,0,0.000000000,0.659520960,1.156746901,0.662890917,1.156834593,0.408387272,0.102245312,1.327096477,1.006699958,1.346515945,0.000000000,1.346515942,2.000000000,0.000000000,0.000000000,0.000000000,1.000000000,1.819687206,1.212954736,1.159498144,0.000000000,1.839821932,1.226375637,1.161394757,1,0,0,0.000000000,0.157712009,-0.211268935,0.604533089,1.147641273,-0.052656272,-0.134945245,6.826552408,12.247862922,-6.222731689,-130.905618796,-0.030924768,142.886774138,44.936270330,-0.000344105,0.000034475,-0.000188595,-0.000581133,0.000360038,0.000297248,0.000930971,0.000000000,0.000000000,0.000000000,0.000000000,0.000000000,0.000000000,0.000000000,-0.000120453,-0.000002785,0.000119215,0.000000004,-0.000042189,-0.000000013,0.000029778,0.000000000,0.000000000,0.000000000,0.000000000,0.000000000,0.000000000,0.000000000,0.353364589,0.078093010,-0.295375335,0.256360118,0.939801715,0.413932056,0.077050529
13.701000000,0,13.701000000,sample,0.214212859,-0.000000424,0.000000000,0.000000000,0.000000000,0.000000000,0.000000000,0,0,2.000000000,0.080000000,0.000000000,0.000000000,0.000521179,0.000000000,0.001625221,0.000000000,0.000000000,0.000000000,0.001208906,0.431116424,7,38.181867695,0,0.000000000,0.659398085,1.156704094,0.661442164,1.156827659,0.524263736,0.043299780,1.343096045,1.008355340,1.367413074,0.000000000,1.367412831,2.000000000,0.000000000,0.000000000,0.000000000,1.000000000,1.829545349,1.213956332,1.157914226,0.000000000,1.837205890,1.220092716,1.160176410,1,0,0,0.000000000,0.157229877,-0.211965711,0.604280678,1.147608426,-0.052644042,-0.134862396,6.826507353,12.247893657,-6.222620029,-130.905523085,-0.030903415,142.886721515,44.936401073,-0.000015591,0.000687377,0.000639824,-0.000009383,0.000145477,-0.000009311,0.000747001,0.000000000,0.000000000,0.000000000,0.000000000,0.000000000,0.000000000,0.000000000,-0.000354300,-0.000008192,0.000350658,0.000000013,-0.000124095,-0.000000038,0.000087589,0.000000000,0.000000000,0.000000000,0.000000000,0.000000000,0.000000000,0.000000000,0.356985453,0.085309329,-0.289331009,0.248417164,0.939828770,0.414080501,0.076712206
13.751000000,0,13.751000000,sample,0.214212664,-0.000003911,0.000000000,0.000000000,0.000000000,0.000000000,0.000000000,0,0,2.000000000,0.080000000,0.000000000,0.000000000,0.000908465,0.000000000,0.001414688,0.000000000,0.000000000,0.000000000,0.002335681,0.388950865,7,54.936093547,0,0.000000000,0.658645277,1.156657736,0.661708043,1.156827596,0.595603769,0.174863171,1.319683499,1.014543871,1.364640620,0.000000000,1.364639615,2.000000000,0.000000000,0.000000000,0.000000000,1.000000000,1.810632678,1.208466537,1.158155880,0.000000000,1.844343225,1.218951266,1.159491911,1,0,0,0.000000000,0.156274844,-0.213282616,0.603243152,1.147523643,-0.052516149,-0.135235575,6.826743875,12.247862078,-6.222731691,-130.905411424,-0.030732948,142.886706866,44.936019942,0.001017119,0.000513869,-0.000002776,0.000956599,-0.000352007,-0.000347607,-0.001731181,0.000000000,0.000000000,0.000000000,0.000000000,0.000000000,0.000000000,0.000000000,0.000617579,0.000014280,-0.000611230,-0.000000022,0.000216309,0.000000066,-0.000152675,0.000000000,0.000000000,0.000000000,0.000000000,0.000000000,0.000000000,0.000000000,0.358808323,0.072957354,-0.284282801,0.259069164,0.939078788,0.414330666,0.076068657
13.801000000,0,13.801000000,sample,0.214212883,0.000004387,0.000000000,0.000000000,0.000000000,0.000000000,0.000000000,0,0,2.000000000,0.080000000,0.000000000,0.000000000,0.000404965,0.000000000,0.001457269,0.000000000,0.000000000,0.000000000,0.000961955,0.420980844,2,59.713951464,0,0.000000000,0.659863114,1.156758299,0.660809147,1.156821196,0.529410790,0.050024253,1.337598803,1.010254457,1.368758603,0.000000000,1.368758553,2.000000000,0.000000000,0.000000000,0.000000000,1.000000000,1.828775971,1.214450142,1.157902784,0.000000000,1.844980978,1.221901959,1.170750342,1,0,0,0.000000000,0.157393201,-0.211101346,0.605047875,1.147635501,-0.052585688,-0.135119445,6.826533843,12.247944257,-6.222731689,-130.905618794,-0.030903325,142.886928389,44.936063270,-0.000005679,0.000743349,-0.000436971,-0.000107323,0.000166771,-0.000006659,-0.000377410,0.000000000,0.000000000,0.000000000,0.000000000,0.000000000,0.000000000,0.000000000,0.000275297,0.000006366,-0.000272466,-0.000000010,0.000096424,0.000000030,-0.000068059,0.000000000,0.000000000,0.000000000,0.000000000,0.000000000,0.000000000,0.000000000,0.358577889,0.083988105,-0.286164336,0.249597516,0.939866750,0.414528525,0.075725823
13.851000000,0,13.851000000,sample,0.214212776,-0.000002143,0.000000000,0.000000000,0.000000000,0.000000000,0.000000000,0,0,2.000000000,0.080000000,0.000000000,0.000000000,0.000544806,0.000000000,0.001693429,0.000000000,0.000000000,0.000000000,0.001827356,0.298139055,7,52.102474913,0,0.000000000,0.656956233,1.156545405,0.661960052,1.156814557,0.542759534,0.029045121,1.307953015,1.008686376,1.333070912,0.000000000,1.333070757,2.000000000,0.000000000,0.000000000,0.000000000,1.000000000,1.798480160,1.207085680,1.158272834,0.000000000,1.844247431,1.215599775,1.158917414,1,0,0,0.000000000,0.156079444,-0.212254980,0.601812698,1.147473501,-0.052290452,-0.134787045,6.826622022,12.247645184,-6.222731689,-130.905523085,-0.030691029,142.886826045,44.936311145,0.001002977,-0.000636961,-0.000153456,-0.000025046,-0.000035951,-0.000402811,0.001319023,0.000000000,0.000000000,0.000000000,0.000000000,0.000000000,0.000000000,0.000000000,0.000370362,0.000008564,-0.000366555,-0.000000013,0.000129718,0.000000040,-0.000091558,0.000000000,0.000000000,0.000000000,0.000000000,0.000000000,0.000000000,0.000000000,0.355121387,0.067160510,-0.286785836,0.263154420,0.939499699,0.413386781,0.077003528
13.901000000,0,13.901000000,sample,0.214212580,-0.000003914,0.000000000,0.000000000,0.000000000,0.000000000,0.000000000,0,0,2.000000000,0.080000000,0.000000000,0.000000000,0.000742839,0.000000000,0.001261580,0.000000000,0.000000000,0.000000000,0.001394340,0.532753346,3,45.487831989,0,0.000000000,0.657161820,1.156672013,0.660708806,1.156777803,0.738836777,0.062558910,1.285890966,1.008208953,1.310387198,0.000000000,1.310387604,2.000000000,0.000000000,0.000000000,0.000000000,1.000000000,1.815475332,1.211399492,1.161758602,0.000000000,1.857482214,1.216949261,1.162769372,1,0,0,0.000000000,0.155478479,-0.210146250,0.602931716,1.147585350,-0.052301578,-0.134916844,6.826511806,12.247864200,-6.222827398,-130.905415809,-0.030806063,142.886928348,44.936074399,-0.000138021,-0.000203498,-0.000940408,0.000540143,0.000342838,0.000179729,-0.000746834,0.000000000,0.000000000,0.000000000,0.000000000,0.000000000,0.000000000,0.000000000,0.000504985,0.000011677,-0.000499794,-0.000000018,0.000176873,0.000000054,-0.000124841,0.000000000,0.000000000,0.000000000,0.000000000,0.000000000,0.000000000,0.000000000,0.357390638,0.073447281,-0.294515717,0.262797541,0.940300013,0.413193195,0.076587805
13.951000000,0,13.951000000,sample,0.214212861,0.000005612,0.000000000,0.000000000,0.000000000,0.000000000,0.000000000,0,0,2.000000000,0.080000000,0.000000000,0.000000000,0.000124829,0.000000000,0.001215900,0.000000000,0.000000000,0.000000000,0.001507320,0.082815446,7,65.931102003,0,0.000000000,0.657492071,1.156533306,0.661423985,1.156723153,0.475535687,0.098382564,1.296714933,1.007022334,1.308318797,0.000000000,1.308318837,2.000000000,0.000000000,0.000000000,0.000000000,1.000000000,1.809817974,1.210054181,1.158725001,0.000000000,1.826380218,1.214354459,1.162964152,1,0,0,0.000000000,0.156270216,-0.213578001,0.601880287,1.147450477,-0.052338182,-0.134860685,6.826648119,12.247641403,-6.222620029,-130.905523085,-0.030691186,142.886775172,44.936372170,0.000139612,-0.000504039,0.000028895,0.000103755,0.000055704,0.000696994,0.001223913,0.000000000,0.000000000,0.000000000,0.000000000,0.000000000,0.000000000,0.000000000,-0.000084860,-0.000001962,0.000083987,0.000000003,-0.000029722,-0.000000009,0.000020978,0.000000000,0.000000000,0.000000000,0.000000000,0.000000000,0.000000000,0.000000000,0.355288320,0.073673404,-0.290847309,0.257454268,0.939365970,0.414662527,0.075879978
14.001000000,0,14.001000000,sample,0.214212885,0.000000487,0.000000000,0.000000000,0.000000000,0.000000000,0.000000000,0,0,2.000000000,0.080000000,0.000000000,0.000000000,0.000288812,0.000000000,0.001220008,0.000000000,0.000000000,0.000000000,0.000882213,0.327372397,7,50.512882573,0,0.000000000,0.657555457,1.156584550,0.661467866,1.156731000,0.286937765,0.080645475,1.310510988,1.011618061,1.343193900,0.000000000,1.343193860,2.000000000,0.000000000,0.000000000,0.000000000,1.000000000,1.871117042,1.224204267,1.160844153,0.000000000,1.893887264,1.238337810,1.169586820,1,0,0,0.000000000,0.156621796,-0.209979470,0.603123051,1.147504519,-0.052345687,-0.134837415,6.826385523,12.247741394,-6.222731689,-130.905618794,-0.030726129,142.886967980,44.936053910,0.000392726,-0.000108010,0.000014931,0.000126696,-0.000301622,0.000334674,-0.000627010,0.000000000,0.000000000,0.000000000,0.000000000,0.000000000,0.000000000,0.000000000,0.000196336,0.000004540,-0.000194317,-0.000000007,0.000068767,0.000000021,-0.000048537,0.000000000,0.000000000,0.000000000,0.000000000,0.000000000,0.000000000,0.000000000,0.363858894,0.095827174,-0.285215444,0.253639114,0.939441746,0.414769632,0.075615570
14.051000000,0,14.051000000,sample,0.214213063,0.000003561,0.000000000,0.000000000,0.000000000,0.000000000,0.000000000,0,0,2.000000000,0.080000000,0.000000000,0.000000000,0.000769869,0.000000000,0.001390181,0.000000000,0.000000000,0.000000000,0.001392549,0.552848936,3,76.767490767,0,0.000000000,0.660656487,1.156604022,0.661169382,1.156744606,0.827181623,0.102788481,1.351856733,1.010546115,1.387095276,0.000000000,1.387095675,2.000000000,0.000000000,0.000000000,0.000000000,1.000000000,1.822312453,1.206831115,1.162054106,0.000000000,1.870783036,1.228844243,1.162186763,1,0,0,0.000000000,0.158139795,-0.213281257,0.604954465,1.147482042,-0.052772704,-0.135029141,6.826532854,12.247888698,-6.222524320,-130.905618794,-0.030725881,142.886686786,44.936209751,0.000097313,0.000279862,0.001220110,-0.000502384,-0.000223290,0.000142957,-0.000200116,0.000000000,0.000000000,0.000000000,0.000000000,0.000000000,0.000000000,0.000000000,-0.000523361,-0.000012101,0.000517980,0.000000018,-0.000183309,-0.000000056,0.000129383,0.000000000,0.000000000,0.000000000,0.000000000,0.000000000,0.000000000,0.000000000,0.369399575,0.077005688,-0.282127423,0.258242013,0.940159277,0.414841638,0.075537759
14.101000000,0,14.101000000,sample,0.214212736,-0.000006538,0.000000000,0.000000000,0.000000000,0.000000000,0.000000000,0,0,2.000000000,0.080000000,0.000000000,0.000000000,0.000028131,0.000000000,0.001222100,0.000000000,0.000000000,0.000000000,0.001592277,0.017666932,7,41.725443751,0,0.000000000,0.657747473,1.156602936,0.660571206,1.156627068,0.348298445,0.087559981,1.326074141,1.011236813,1.360565484,0.000000000,1.360564582,2.000000000,0.000000000,0.000000000,0.000000000,1.000000000,1.841583658,1.221505568,1.159121648,0.000000000,1.844812116,1.221505568,1.161949385,1,0,0,0.000000000,0.155418589,-0.212352003,0.602812929,1.147491914,-0.052284116,-0.135125981,6.826524841,12.247849545,-6.222621536,-130.905411587,-0.030725878,142.886930553,44.936015394,0.000066661,0.000884773,0.000370243,0.000739699,-0.000046540,-0.000061582,-0.001028535,0.000000000,0.000000000,0.000000000,0.000000000,0.000000000,0.000000000,0.000000000,-0.000019123,-0.000000442,0.000018927,0.000000001,-0.000006698,-0.000000002,0.000004728,0.000000000,0.000000000,0.000000000,0.000000000,0.000000000,0.000000000,0.000000000,0.353749395,0.088654832,-0.292757227,0.248964349,0.940828984,0.414639787,0.076087515
14.151000000,0,14.151000000,sample,0.214212481,-0.000005112,0.000000000,0.000000000,0.000000000,0.000000000,0.000000000,0,0,2.000000000,0.080000000,0.000000000,0.000000000,0.000398500,0.000000000,0.001459451,0.000000000,0.000000000,0.000000000,0.001886254,0.211265404,4,51.157531348,0,0.000000000,0.656753894,1.156645892,0.660508164,1.156765374,0.998994258,0.075824845,1.272056912,1.013536319,1.304353475,0.000000000,1.304354842,2.000000000,0.000000000,0.000000000,0.000000000,1.000000000,1.825841859,1.213036166,1.160230295,0.000000000,1.848357952,1.224713320,1.160352772,1,0,0,0.000000000,0.155721803,-0.209171670,0.602763312,1.147564746,-0.052493758,-0.134793468,6.826402564,12.247871719,-6.222827398,-130.905315715,-0.030766686,142.886644739,44.936054669,-0.000180192,-0.000092888,-0.000830833,0.001349134,-0.000656111,-0.000261471,-0.000712435,0.000000000,0.000000000,0.000000000,0.000000000,0.000000000,0.000000000,0.000000000,0.000270902,0.000006264,-0.000268118,-0.000000010,0.000094884,0.000000029,-0.000066971,0.000000000,0.000000000,0.000000000,0.000000000,0.000000000,0.000000000,0.000000000,0.359726434,0.080989276,-0.288412929,0.253206616,0.940721223,0.414868599,0.076183891
14.201000000,0,14.201000000,sample,0.214212809,0.000006558,0.000000000,0.000000000,0.000000000,0.000000000,0.000000000,0,0,2.000000000,0.080000000,0.000000000,0.000000000,0.000087378,0.000000000,0.002082211,0.000000000,0.000000000,0.000000000,0.002075695,0.042095691,2,83.949414589,0,0.000000000,0.660362805,1.156634450,0.660589881,1.156634666,1.006234342,0.102803534,1.363143967,1.012306524,1.398054725,0.000000000,1.398053279,2.000000000,0.000000000,0.000000000,0.000000000,1.000000000,1.796387326,1.199406821,1.163539804,0.000000000,2.009337359,1.267668638,1.163539804,1,0,0,0.000000000,0.157271305,-0.211320452,0.605548047,1.147520426,-0.052685745,-0.134997535,6.826537199,12.248052992,-6.222731689,-130.905523247,-0.030690907,142.886840608,44.936019938,-0.000253794,0.001901833,-0.000143613,0.000161794,0.000022768,-0.000002547,-0.000761448,0.000000000,0.000000000,0.000000000,0.000000000,0.000000000,0.000000000,0.000000000,0.000059400,0.000001374,-0.000058789,-0.000000002,0.000020805,0.000000006,-0.000014685,0.000000000,0.000000000,0.000000000,0.000000000,0.000000000,0.000000000,0.000000000,0.364399025,0.065477679,-0.293099384,0.263777072,0.939318580,0.416229791,0.075489548
14.251000000,0,14.251000000,sample,0.214212855,0.000000934,0.000000000,0.000000000,0.000000000,0.000000000,0.000000000,0,0,2.000000000,0.080000000,0.000000000,0.000000000,0.000466678,0.000000000,0.001547109,0.000000000,0.000000000,0.000000000,0.004166828,0.111998422,4,92.572720888,0,0.000000000,0.657823569,1.156512755,0.661655776,1.156624569,2.507283278,0.256158912,1.234267607,1.006509489,1.238662367,0.000000000,1.238667644,2.000000000,0.000000000,0.000000000,0.000000000,1.000000000,1.836927642,1.217537117,1.156303460,0.000000000,1.836927642,1.217537117,1.164005974,1,0,0,0.000000000,0.155943782,-0.213069419,0.602507102,1.147414051,-0.052287536,-0.135013928,6.826587458,12.247742921,-6.222620029,-130.905508919,-0.030615138,142.886916468,44.936100544,0.000522274,0.000100586,0.000194166,0.004009102,0.000469373,0.000399343,-0.000767583,0.000000000,0.000000000,0.000000000,0.000000000,0.000000000,0.000000000,0.000000000,0.000317250,0.000007336,-0.000313989,-0.000000011,0.000111117,0.000000034,-0.000078429,0.000000000,0.000000000,0.000000000,0.000000000,0.000000000,0.000000000,0.000000000,0.358676686,0.095117379,-0.290032894,0.236781457,0.940279746,0.411477559,0.075611454
14.301000000,0,14.301000000,sample,0.214212632,-0.000004458,0.000000000,0.000000000,0.000000000,0.000000000,0.000000000,0,0,2.000000000,0.080000000,0.000000000,0.000000000,0.000054655,0.000000000,0.002377585,0.000000000,0.000000000,0.000000000,0.001671665,0.032695038,4,64.391902926,0,0.000000000,0.657140928,1.156547426,0.660796619,1.156636523,0.775562344,0.106033848,1.291756023,1.010289016,1.315277008,0.000000000,1.315277259,2.000000000,0.000000000,0.000000000,0.000000000,1.000000000,1.817456848,1.212401405,1.163467519,0.000000000,1.861653461,1.226103111,1.163974636,1,0,0,0.000000000,0.154808379,-0.212251660,0.602343588,1.147472018,-0.052234194,-0.134838813,6.826506845,12.247862132,-6.222620029,-130.905315717,-0.030690907,142.886893952,44.936258998,0.000001099,0.000320064,0.000242013,0.001341420,-0.000131205,0.000429550,-0.000795183,0.000000000,0.000000000,0.000000000,0.000000000,0.000000000,0.000000000,0.000000000,-0.000037155,-0.000000859,0.000036773,0.000000001,-0.000013014,-0.000000004,0.000009185,0.000000000,0.000000000,0.000000000,0.000000000,0.000000000,0.000000000,0.000000000,0.360184992,0.073286153,-0.291578578,0.262916074,0.941864909,0.414089445,0.076354928
14.351000000,0,14.351000000,sample,0.214212794,0.000003239,0.000000000,0.000000000,0.000000000,0.000000000,0.000000000,0,0,2.000000000,0.080000000,0.000000000,0.000000000,0.000318308,0.000000000,0.001811096,0.000000000,0.000000000,0.000000000,0.002231078,0.142669909,7,46.969098470,0,0.000000000,0.655652882,1.156547654,0.662005067,1.156610224,0.512662962,0.072826270,1.291470979,1.011355396,1.336614456,0.000000000,1.336612730,2.000000000,0.000000000,0.000000000,0.000000000,1.000000000,1.834497421,1.208135304,1.161058947,0.000000000,1.837662011,1.215103916,1.164331977,1,0,0,0.000000000,0.156118277,-0.209536755,0.601333629,1.147502467,-0.052181528,-0.134601826,6.826430493,12.247546530,-6.222827398,-130.905614072,-0.030725849,142.886929546,44.936238322,-0.000173295,-0.001282132,-0.000410658,-0.000832197,-0.000323454,0.000003674,-0.001529047,0.000000000,0.000000000,0.000000000,0.000000000,0.000000000,0.000000000,0.000000000,0.000216387,0.000005004,-0.000214163,-0.000000008,0.000075789,0.000000023,-0.000053493,0.000000000,0.000000000,0.000000000,0.000000000,0.000000000,0.000000000,0.000000000,0.366619692,0.086936102,-0.290289023,0.250606358,0.939598188,0.412484148,0.077658245
14.401000000,0,14.401000000,sample,0.214212847,0.000001046,0.000000000,0.000000000,0.000000000,0.000000000,0.000000000,0,0,2.000000000,0.080000000,0.000000000,0.000000000,0.001278734,0.000000000,0.001474500,0.000000000,0.000000000,0.000000000,0.001988682,0.643006026,2,24.105112280,0,0.000000000,0.659215708,1.156424858,0.664314748,1.156614626,0.364697524,0.037961961,1.320289740,1.009085423,1.336189550,0.000000000,1.336188999,2.000000000,0.000000000,0.000000000,0.000000000,1.000000000,1.817454698,1.212207345,1.160323121,0.000000000,1.840890559,1.222483643,1.161858380,1,0,0,0.000000000,0.156481888,-0.212367105,0.604134903,1.147376304,-0.052583835,-0.134465639,6.826410901,12.247957791,-6.222524320,-130.905411424,-0.030540260,142.886733578,44.936507001,-0.000833090,0.000976382,0.000809971,0.000960313,-0.000231053,0.000312843,0.000760253,0.000000000,0.000000000,0.000000000,0.000000000,0.000000000,0.000000000,0.000000000,-0.000869289,-0.000020100,0.000860353,0.000000030,-0.000304473,-0.000000093,0.000214904,0.000000000,0.000000000,0.000000000,0.000000000,0.000000000,0.000000000,0.000000000,0.360117049,0.075655581,-0.289215728,0.258600205,0.939833089,0.414210250,0.074602418
14.451000000,0,14.451000000,sample,0.214212895,0.000000965,0.000000000,0.000000000,0.000000000,0.000000000,0.000000000,0,0,2.000000000,0.080000000,0.000000000,0.000000000,0.000363576,0.000000000,0.001724078,0.000000000,0.000000000,0.000000000,0.000989141,0.367566990,2,53.566993716,0,0.000000000,0.657921843,1.156566152,0.660743336,1.156625114,0.323899025,0.017198742,1.301947989,1.008995923,1.334550864,0.000000000,1.334550371,2.000000000,0.000000000,0.000000000,0.000000000,1.000000000,1.783525310,1.206574015,1.161290887,0.000000000,1.839152391,1.219371081,1.161312870,1,0,0,0.000000000,0.157084954,-0.210022420,0.603387149,1.147485894,-0.052472510,-0.134788809,6.826387829,12.247750418,-6.222731689,-130.905618794,-0.030690879,142.886849677,44.936075169,0.000028328,-0.000723947,-0.000417737,-0.000354152,0.000043023,-0.000070137,-0.000383145,0.000000000,0.000000000,0.000000000,0.000000000,0.000000000,0.000000000,0.000000000,0.000247161,0.000005715,-0.000244620,-0.000000009,0.000086568,0.000000027,-0.000061102,0.000000000,0.000000000,0.000000000,0.000000000,0.000000000,0.000000000,0.000000000,0.358169531,0.063945336,-0.294911777,0.259024537,0.940650746,0.414845864,0.072349986
14.501000000,0,14.501000000,sample,0.214212673,-0.000004448,0.000000000,0.000000000,0.000000000,0.000000000,0.000000000,0,0,2.000000000,0.080000000,0.000000000,0.000000000,0.000331687,0.000000000,0.001378075,0.000000000,0.000000000,0.000000000,0.001408525,0.235485333,4,29.585659619,0,0.000000000,0.657880456,1.156569223,0.660616553,1.156641947,0.469456600,0.078089905,1.322525912,1.009991888,1.352369926,0.000000000,1.352368994,2.000000000,0.000000000,0.000000000,0.000000000,1.000000000,1.833852498,1.214040408,1.163963639,0.000000000,1.836841938,1.218279914,1.164949594,1,0,0,0.000000000,0.156340009,-0.210775053,0.603273050,1.147482359,-0.052538690,-0.134819469,6.826466191,12.247861581,-6.222731689,-130.905411424,-0.030663779,142.886685276,44.936102821,0.000465808,0.000715751,0.000237311,0.000766135,0.000153269,0.000131124,-0.000755449,0.000000000,0.000000000,0.000000000,0.000000000,0.000000000,0.000000000,0.000000000,0.000225482,0.000005214,-0.000223164,-0.000000008,0.000078976,0.000000024,-0.000055743,0.000000000,0.000000000,0.000000000,0.000000000,0.000000000,0.000000000,0.000000000,0.368882770,0.080245501,-0.287411927,0.259992643,0.940783079,0.414214978,0.073816494
14.551000000,0,14.551000000,sample,0.214212977,0.000006081,0.000000000,0.000000000,0.000000000,0.000000000,0.000000000,0,0,2.000000000,0.080000000,0.000000000,0.000000000,0.000758808,0.000000000,0.001502722,0.000000000,0.000000000,0.000000000,0.001158122,0.655205446,1,23.906816021,0,0.000000000,0.658094650,1.156501681,0.661619455,1.156622224,0.218640944,0.037270049,1.307897447,1.008369351,1.338893022,0.000000000,1.338892849,2.000000000,0.000000000,0.000000000,0.000000000,1.000000000,1.817782246,1.214954677,1.163902684,0.000000000,1.914305927,1.240211900,1.165173807,1,0,0,0.000000000,0.157279375,-0.210445216,0.603377641,1.147477960,-0.052515301,-0.134285563,6.826319163,12.247736554,-6.222620029,-130.905618794,-0.030715719,142.886788064,44.936637846,-0.000566259,-0.000533172,0.000365174,-0.000152328,-0.000140111,-0.000543962,0.000514047,0.000000000,0.000000000,0.000000000,0.000000000,0.000000000,0.000000000,0.000000000,-0.000515842,-0.000011928,0.000510539,0.000000018,-0.000180673,-0.000000055,0.000127523,0.000000000,0.000000000,0.000000000,0.000000000,0.000000000,0.000000000,0.000000000,0.361956674,0.072645028,-0.290575929,0.262633907,0.941709087,0.415682242,0.073217862
14.601000000,0,14.601000000,sample,0.214212919,-0.000001155,0.000000000,0.000000000,0.000000000,0.000000000,0.000000000,0,0,2.000000000,0.080000000,0.000000000,0.000000000,0.000189722,0.000000000,0.001406694,0.000000000,0.000000000,0.000000000,0.001505678,0.126004543,7,28.604504802,0,0.000000000,0.658626637,1.156424785,0.660685064,1.156588767,0.881333996,0.123854019,1.332517731,1.009045212,1.354172527,0.000000000,1.354172498,2.000000000,0.000000000,0.000000000,0.000000000,1.000000000,1.835806429,1.213031100,1.164028985,0.000000000,1.836997908,1.216476675,1.178097766,1,0,0,0.000000000,0.156950597,-0.210253557,0.604110089,1.147385797,-0.052447328,-0.134437320,6.826395855,12.247848047,-6.222731689,-130.905618794,-0.030506712,142.886968271,44.936290079,-0.000659291,0.000550089,-0.000563003,-0.000613857,0.000026509,0.000432233,0.000805284,0.000000000,0.000000000,0.000000000,0.000000000,0.000000000,0.000000000,0.000000000,-0.000128974,-0.000002982,0.000127648,0.000000005,-0.000045174,-0.000000014,0.000031885,0.000000000,0.000000000,0.000000000,0.000000000,0.000000000,0.000000000,0.000000000,0.360589154,0.082659968,-0.298021992,0.257181193,0.940648774,0.415203647,0.077024737
14.651000000,0,14.651000000,sample,0.214213027,0.000002166,0.000000000,0.000000000,0.000000000,0.000000000,0.000000000,0,0,2.000000000,0.080000000,0.000000000,0.000000000,0.000709412,0.000000000,0.001360023,0.000000000,0.000000000,0.000000000,0.001252994,0.566173128,4,41.607011580,0,0.000000000,0.659005462,1.156451009,0.659596491,1.156601528,0.488257775,0.050066680,1.340098261,1.011310520,1.373159637,0.000000000,1.373160214,2.000000000,0.000000000,0.000000000,0.000000000,1.000000000,1.857571474,1.216120422,1.165295977,0.000000000,1.874214135,1.223710487,1.165295977,1,0,0,0.000000000,0.158063489,-0.210889008,0.604011555,1.147385211,-0.052615008,-0.134602282,6.826466025,12.247737884,-6.222731689,-130.905714503,-0.030522082,142.886787377,44.936202819,0.000701583,0.000145158,-0.000322065,-0.000808225,-0.000115934,0.000476075,-0.000244261,0.000000000,0.000000000,0.000000000,0.000000000,0.000000000,0.000000000,0.000000000,0.000482262,0.000011151,-0.000477304,-0.000000017,0.000168912,0.000000051,-0.000119222,0.000000000,0.000000000,0.000000000,0.000000000,0.000000000,0.000000000,0.000000000,0.367557788,0.089338595,-0.290371121,0.257732285,0.941219088,0.414924980,0.077699245
14.701000000,0,14.701000000,sample,0.214212934,-0.000001866,0.000000000,0.000000000,0.000000000,0.000000000,0.000000000,0,0,2.000000000,0.080000000,0.000000000,0.000000000,0.000454921,0.000000000,0.001268205,0.000000000,0.000000000,0.000000000,0.000992923,0.458163460,2,41.804735045,0,0.000000000,0.658850812,1.156369282,0.662244187,1.156626005,0.323139460,0.020719558,1.313666237,1.009032917,1.343223881,0.000000000,1.343223688,2.000000000,0.000000000,0.000000000,0.000000000,1.000000000,1.821538972,1.210405521,1.162934750,0.000000000,1.855370818,1.223534367,1.165928638,1,0,0,0.000000000,0.157731533,-0.210981891,0.603897175,1.147332650,-0.052645310,-0.134336058,6.826465523,12.247780522,-6.222731689,-130.905618794,-0.030425579,142.886700871,44.936391956,0.000603781,-0.000641990,-0.000141303,-0.000377010,-0.000017884,-0.000014602,0.000215769,0.000000000,0.000000000,0.000000000,0.000000000,0.000000000,0.000000000,0.000000000,0.000309258,0.000007151,-0.000306078,-0.000000011,0.000108317,0.000000033,-0.000076453,0.000000000,0.000000000,0.000000000,0.000000000,0.000000000,0.000000000,0.000000000,0.361945913,0.077837714,-0.292146127,0.256986262,0.941363781,0.414647341,0.076578039
14.751000000,0,14.751000000,sample,0.214212746,-0.000003764,0.000000000,0.000000000,0.000000000,0.000000000,0.000000000,0,0,2.000000000,0.080000000,0.000000000,0.000000000,0.000844487,0.000000000,0.001309294,0.000000000,0.000000000,0.000000000,0.001487588,0.567688365,3,52.954191722,0,0.000000000,0.656712624,1.156319126,0.661125844,1.156543739,0.508796582,0.105103095,1.295816377,1.007037614,1.319664956,0.000000000,1.319664784,2.000000000,0.000000000,0.000000000,0.000000000,1.000000000,1.806938438,1.206218045,1.164891580,0.000000000,2.087193432,1.295601471,1.175648145,1,0,0,0.000000000,0.156719144,-0.210394841,0.602033712,1.147318397,-0.052463488,-0.134096978,6.826491563,12.247640729,-6.222827398,-130.905523085,-0.030395827,142.886644403,44.936538862,0.000225478,-0.000536072,-0.001082512,-0.000105738,0.000366446,-0.000285503,0.000689853,0.000000000,0.000000000,0.000000000,0.000000000,0.000000000,0.000000000,0.000000000,0.000574087,0.000013275,-0.000568185,-0.000000020,0.000201071,0.000000061,-0.000141921,0.000000000,0.000000000,0.000000000,0.000000000,0.000000000,0.000000000,0.000000000,0.364360670,0.065957688,-0.287658493,0.268688034,0.941569095,0.415388876,0.076304207
14.801000000,0,14.801000000,sample,0.214212834,0.000001769,0.000000000,0.000000000,0.000000000,0.000000000,0.000000000,0,0,2.000000000,0.080000000,0.000000000,0.000000000,0.001309557,0.000000000,0.001309557,0.000000000,0.000000000,0.000000000,0.001727237,0.758180140,1,48.656601972,0,0.000000000,0.659829080,1.156431126,0.661125383,1.156533810,0.533408740,0.099939948,1.344520793,1.012586105,1.382028933,0.000000000,1.382028650,2.000000000,0.000000000,0.000000000,0.000000000,1.000000000,1.783535467,1.199721701,1.164552206,0.000000000,1.814669993,1.209230852,1.179069952,1,0,0,0.000000000,0.157428823,-0.211823660,0.604748971,1.147356791,-0.052706549,-0.134637893,6.826561197,12.247943750,-6.222731689,-130.905523085,-0.030436594,142.886707697,44.936197523,0.001204822,0.000756945,-0.000505925,0.000016226,-0.000010908,-0.000018526,-0.000837915,0.000000000,0.000000000,0.000000000,0.000000000,0.000000000,0.000000000,0.000000000,0.000890243,0.000020586,-0.000881090,-0.000000031,0.000311812,0.000000095,-0.000220084,0.000000000,0.000000000,0.000000000,0.000000000,0.000000000,0.000000000,0.000000000,0.363396033,0.060592602,-0.291852363,0.264803914,0.941731668,0.415385265,0.075837534
14.851000000,0,14.851000000,sample,0.214212853,0.000000375,0.000000000,0.000000000,0.000000000,0.000000000,0.000000000,0,0,2.000000000,0.080000000,0.000000000,0.000000000,0.000963298,0.000000000,0.001576381,0.000000000,0.000000000,0.000000000,0.001282089,0.751350456,3,45.139809403,0,0.000000000,0.657242077,1.156340284,0.660559935,1.156516965,0.442100795,0.031530830,1.327505465,1.009392072,1.353584688,0.000000000,1.353585009,2.000000000,0.000000000,0.000000000,0.000000000,1.000000000,1.838433301,1.211168158,1.162167611,0.000000000,1.844347488,1.217319253,1.163886436,1,0,0,0.000000000,0.156564183,-0.209251552,0.603049411,1.147314848,-0.052327830,-0.134362528,6.826369759,12.247736381,-6.222827398,-130.905618794,-0.030377962,142.886977256,44.936141335,0.000417921,0.000478941,-0.000861387,-0.000357738,0.000264907,0.000519440,-0.000172493,0.000000000,0.000000000,0.000000000,0.000000000,0.000000000,0.000000000,0.000000000,0.000654855,0.000015143,-0.000648123,-0.000000023,0.000229363,0.000000070,-0.000161890,0.000000000,0.000000000,0.000000000,0.000000000,0.000000000,0.000000000,0.000000000,0.367155997,0.083386066,-0.282202155,0.255711549,0.940894590,0.415447307,0.077273844
14.901000000,0,14.901000000,sample,0.214212942,0.000001786,0.000000000,0.000000000,0.000000000,0.000000000,0.000000000,0,0,2.000000000,0.080000000,0.000000000,0.000000000,0.000612425,0.000000000,0.004154733,0.000000000,0.000000000,0.000000000,0.000966573,0.633604952,4,35.600236294,0,0.000000000,0.659582850,1.156366229,0.660721844,1.156538323,0.383901372,0.054068651,1.332435418,1.011167670,1.370815049,0.000000000,1.370815292,2.000000000,0.000000000,0.000000000,0.000000000,1.000000000,1.818257504,1.198628071,1.163610069,0.000000000,1.858025200,1.259418063,1.165051651,1,0,0,0.000000000,0.158077110,-0.210961340,0.604612666,1.147336177,-0.052749585,-0.134238715,6.826465467,12.247852552,-6.222731689,-130.905618800,-0.030416249,142.886666891,44.936482055,0.000458468,-0.000073737,-0.000421109,-0.000576715,-0.000127535,-0.000327953,-0.000291344,0.000000000,0.000000000,0.000000000,0.000000000,0.000000000,0.000000000,0.000000000,0.000416330,0.000009627,-0.000412050,-0.000000015,0.000145820,0.000000044,-0.000102923,0.000000000,0.000000000,0.000000000,0.000000000,0.000000000,0.000000000,0.000000000,0.374533227,0.075795164,-0.280623413,0.257675752,0.940261680,0.415576820,0.077626892
14.951000000,0,14.951000000,sample,0.214212690,-0.000005050,0.000000000,0.000000000,0.000000000,0.000000000,0.000000000,0,0,2.000000000,0.080000000,0.000000000,0.000000000,0.000185394,0.000000000,0.004041306,0.000000000,0.000000000,0.000000000,0.001250652,0.148238070,2,86.243916044,0,0.000000000,0.657022462,1.156346967,0.660452684,1.156460469,0.519150013,0.055889273,1.336715624,1.011713083,1.366841539,0.000000000,1.366840825,2.000000000,0.000000000,0.000000000,0.000000000,1.000000000,1.823514415,1.212488643,1.159971501,0.000000000,2.011844264,1.272058132,1.172552857,1,0,0,0.000000000,0.155423540,-0.210151333,0.602792217,1.147329587,-0.052284927,-0.134310880,6.826369758,12.247848041,-6.222731689,-130.905411424,-0.030416249,142.886922883,44.936320227,0.000123139,0.001161450,-0.000228667,0.000290256,-0.000185607,-0.000068358,0.000156012,0.000000000,0.000000000,0.000000000,0.000000000,0.000000000,0.000000000,0.000000000,0.000126032,0.000002914,-0.000124736,-0.000000004,0.000044143,0.000000013,-0.000031157,0.000000000,0.000000000,0.000000000,0.000000000,0.000000000,0.000000000,0.000000000,0.359484404,0.079279751,-0.288774362,0.254986786,0.940043189,0.414982384,0.075624720
15.001000000,0,15.001000000,sample,0.214213007,0.000006354,0.000000000,0.000000000,0.000000000,0.000000000,0.000000000,0,0,2.000000000,0.080000000,0.000000000,0.000000000,0.000207580,0.000000000,0.006334295,0.000000000,0.000000000,0.000000000,0.001255531,0.165332070,4,51.701973739,0,0.000000000,0.657555174,1.156290982,0.660692708,1.156483212,0.382184784,0.017030091,1.320104026,1.008116579,1.351385534,0.000000000,1.351385263,2.000000000,0.000000000,0.000000000,0.000000000,1.000000000,1.809368973,1.214604923,1.158677099,0.000000000,1.812910007,1.236673772,1.167497243,1,0,0,0.000000000,0.156603002,-0.211303494,0.602665032,1.147251901,-0.052324550,-0.134476954,6.826369759,12.247681442,-6.222620029,-130.905618794,-0.030355214,142.886928127,44.936210253,0.000115773,-0.000756220,0.000355855,-0.000902778,-0.000005680,0.000096588,0.000200208,0.000000000,0.000000000,0.000000000,0.000000000,0.000000000,0.000000000,0.000000000,-0.000141114,-0.000003263,0.000139663,0.000000005,-0.000049425,-0.000000015,0.000034885,0.000000000,0.000000000,0.000000000,0.000000000,0.000000000,0.000000000,0.000000000,0.345849771,0.073645184,-0.297951383,0.257289276,0.940489634,0.414732347,0.077462731
15.051000000,0,15.051000000,sample,0.214212909,-0.000001972,0.000000000,0.000000000,0.000000000,0.000000000,0.000000000,0,0,2.000000000,0.080000000,0.000000000,0.000000000,0.000196584,0.000000000,0.004382907,0.000000000,0.000000000,0.000000000,0.001463553,0.134319915,2,56.879174925,0,0.000000000,0.659264171,1.156408481,0.661168318,1.156424148,0.820122906,0.106065307,1.358715980,1.011682883,1.396645290,0.000000000,1.396645287,2.000000000,0.000000000,0.000000000,0.000000000,1.000000000,1.810131224,1.209318186,1.159079450,0.000000000,1.826446967,1.234894079,1.167383960,1,0,0,0.000000000,0.156839655,-0.211131652,0.604527911,1.147339836,-0.052549847,-0.134649136,6.826369703,12.247943774,-6.222620029,-130.905523085,-0.030451219,142.886869174,44.936117778,-0.000030334,0.001103787,0.000442031,-0.000364237,-0.000097216,0.000110224,-0.000757008,0.000000000,0.000000000,0.000000000,0.000000000,0.000000000,0.000000000,0.000000000,-0.000133639,-0.000003090,0.000132265,0.000000005,-0.000046808,-0.000000014,0.000033038,0.000000000,0.000000000,0.000000000,0.000000000,0.000000000,0.000000000,0.000000000,0.353573503,0.075078261,-0.293727573,0.255215819,0.939890844,0.414784167,0.077217224
15.101000000,0,15.101000000,sample,0.214212757,-0.000003041,0.000000000,0.000000000,0.000000000,0.000000000,0.000000000,0,0,2.000000000,0.080000000,0.000000000,0.000000000,0.001779762,0.000000000,0.003784381,0.000000000,0.000000000,0.000000000,0.003654160,0.487050758,1,90.745494061,0,0.000000000,0.655475550,1.156337670,0.659631947,1.156406422,2.194172487,0.235704019,1.330794952,1.014425820,1.370929372,0.000000000,1.370925426,2.000000000,0.000000000,0.000000000,0.000000000,1.000000000,1.865890213,1.232192464,1.161860953,0.000000000,1.866812657,1.232192464,1.163579292,1,0,0,0.000000000,0.155598040,-0.209538397,0.601274569,1.147330551,-0.052301375,-0.134216163,6.826188755,12.247645183,-6.222620029,-130.905411424,-0.030492018,142.886707669,44.936398786,0.003480969,-0.000318357,0.000573993,0.000545729,-0.000531795,-0.000238394,0.000409226,0.000000000,0.000000000,0.000000000,0.000000000,0.000000000,0.000000000,0.000000000,0.001209892,0.000027976,-0.001197455,-0.000000042,0.000423760,0.000000129,-0.000299099,0.000000000,0.000000000,0.000000000,0.000000000,0.000000000,0.000000000,0.000000000,0.349125240,0.094662353,-0.299818721,0.252882444,0.941980291,0.414729728,0.076831422
15.151000000,0,15.151000000,sample,0.214212898,0.000002816,0.000000000,0.000000000,0.000000000,0.000000000,0.000000000,0,0,2.000000000,0.080000000,0.000000000,0.000000000,0.000658457,0.000000000,0.002979962,0.000000000,0.000000000,0.000000000,0.002903670,0.226767342,2,86.607044753,0,0.000000000,0.656996400,1.156298590,0.661680724,1.156446831,1.366713006,0.143344550,1.381321044,1.010333657,1.410230856,0.000000000,1.410227054,2.000000000,0.000000000,0.000000000,0.000000000,1.000000000,1.730682577,1.182109148,1.168301807,0.000000000,1.864536934,1.266712395,1.168301807,1,0,0,0.000000000,0.156124249,-0.210132953,0.602589106,1.147281953,-0.052321891,-0.134286894,6.826247613,12.247736567,-6.222620029,-130.905523085,-0.030395150,142.886889829,44.936311373,-0.000259715,0.002702239,0.000687943,0.000367221,0.000184920,-0.000158556,0.000627929,0.000000000,0.000000000,0.000000000,0.000000000,0.000000000,0.000000000,0.000000000,-0.000447623,-0.000010350,0.000443021,0.000000016,-0.000156780,-0.000000048,0.000110659,0.000000000,0.000000000,0.000000000,0.000000000,0.000000000,0.000000000,0.000000000,0.369205667,0.030115878,-0.281479752,0.284834185,0.941541723,0.418558444,0.075206193
15.201000000,0,15.201000000,sample,0.214212585,-0.000006251,0.000000000,0.000000000,0.000000000,0.000000000,0.000000000,0,0,2.000000000,0.080000000,0.000000000,0.000000000,0.000290087,0.000000000,0.001942918,0.000000000,0.000000000,0.000000000,0.001618602,0.179220936,4,60.621703576,0,0.000000000,0.656805686,1.156392509,0.661863663,1.156439442,0.407206527,0.040858207,1.303540502,1.010470031,1.334905592,0.000000000,1.334905390,2.000000000,0.000000000,0.000000000,0.000000000,1.000000000,1.875353818,1.221733002,1.162396420,0.000000000,1.896383472,1.231123607,1.176490115,1,0,0,0.000000000,0.155062485,-0.210154529,0.602647832,1.147333281,-0.052314832,-0.134659332,6.826369758,12.247888642,-6.222731689,-130.905315696,-0.030416240,142.886842211,44.935972309,0.000129503,0.000613425,-0.000127858,0.001260243,-0.000011020,-0.000448266,-0.000648991,0.000000000,0.000000000,0.000000000,0.000000000,0.000000000,0.000000000,0.000000000,0.000197203,0.000004560,-0.000195175,-0.000000007,0.000069071,0.000000021,-0.000048752,0.000000000,0.000000000,0.000000000,0.000000000,0.000000000,0.000000000,0.000000000,0.366115345,0.100365611,-0.285882127,0.247946974,0.941124083,0.414755747,0.078157369
15.251000000,0,15.251000000,sample,0.214213132,0.000010934,0.000000000,0.000000000,0.000000000,0.000000000,0.000000000,0,0,2.000000000,0.080000000,0.000000000,0.000000000,0.000340942,0.000000000,0.001283177,0.000000000,0.000000000,0.000000000,0.002356746,0.144666342,2,36.107638973,0,0.000000000,0.661003056,1.156161054,0.661441105,1.156434747,1.535053128,0.178717332,1.385373234,1.009021823,1.422951360,0.000000000,1.422949530,2.000000000,0.000000000,0.000000000,0.000000000,1.000000000,1.607336851,1.152560428,1.175073824,0.000000000,2.064051192,1.284455323,1.175073824,1,0,0,0.000000000,0.157572627,-0.214168835,0.605167429,1.147102171,-0.052621868,-0.134521116,6.826561176,12.247943750,-6.222524822,-130.905618794,-0.030087037,142.886889551,44.936238352,0.001168407,0.001416160,0.001102290,-0.000160384,0.000575216,-0.000148511,-0.000768032,0.000000000,0.000000000,0.000000000,0.000000000,0.000000000,0.000000000,0.000000000,0.000231774,0.000005359,-0.000229391,-0.000000008,0.000081180,0.000000024,-0.000057299,0.000000000,0.000000000,0.000000000,0.000000000,0.000000000,0.000000000,0.000000000,0.357821514,-0.027167639,-0.286323088,0.310347743,0.942316798,0.424011827,0.077334121
15.301000000,0,15.301000000,sample,0.214212833,-0.000005975,0.000000000,0.000000000,0.000000000,0.000000000,0.000000000,0,0,2.000000000,0.080000000,0.000000000,0.000000000,0.000595452,0.000000000,0.002303161,0.000000000,0.000000000,0.000000000,0.001388685,0.428788537,4,44.766305809,0,0.000000000,0.655924423,1.156273005,0.660824115,1.156511126,0.956672633,0.105290265,1.285072016,1.007910326,1.303276478,0.000000000,1.303277019,2.000000000,0.000000000,0.000000000,0.000000000,1.000000000,1.840919926,1.217848580,1.163442633,0.000000000,1.876549859,1.228477650,1.174712768,1,0,0,0.000000000,0.154900353,-0.210151241,0.601730160,1.147270898,-0.052125292,-0.134237489,6.826147438,12.247736573,-6.222524320,-130.905411424,-0.030413988,142.886976516,44.936371830,0.000021986,-0.000416036,0.000761160,0.000929136,-0.000140246,0.000414713,0.000347222,0.000000000,0.000000000,0.000000000,0.000000000,0.000000000,0.000000000,0.000000000,-0.000404791,-0.000009360,0.000400630,0.000000014,-0.000141778,-0.000000043,0.000100070,0.000000000,0.000000000,0.000000000,0.000000000,0.000000000,0.000000000,0.000000000,0.361846141,0.081602258,-0.286719765,0.260190105,0.942078436,0.415579333,0.076695033
15.351000000,0,15.351000000,sample,0.214212816,-0.000000340,0.000000000,0.000000000,0.000000000,0.000000000,0.000000000,0,0,2.000000000,0.080000000,0.000000000,0.000000000,0.000962652,0.000000000,0.001469288,0.000000000,0.000000000,0.000000000,0.006216341,0.154858263,4,96.686332778,0,0.000000000,0.656828933,1.156319487,0.659809635,1.156382535,3.876487594,0.369314179,1.170710930,1.007210747,1.167699166,0.000000000,1.167717357,2.000000000,0.000000000,0.000000000,0.000000000,1.000000000,1.839584847,1.219587477,1.162246559,0.000000000,1.862129726,1.227416384,1.165869776,1,0,0,0.000000000,0.156038835,-0.209833165,0.602533129,1.147292361,-0.052300620,-0.134386154,6.826329812,12.247736547,-6.222731689,-130.905523085,-0.030374417,142.886910400,44.936168849,0.000634572,-0.000395071,-0.000558486,0.006112479,0.000277480,-0.000088751,-0.000570050,0.000000000,0.000000000,0.000000000,0.000000000,0.000000000,0.000000000,0.000000000,0.000654416,0.000015132,-0.000647688,-0.000000023,0.000229209,0.000000070,-0.000161781,0.000000000,0.000000000,0.000000000,0.000000000,0.000000000,0.000000000,0.000000000,0.358563649,0.081693831,-0.288800269,0.259667658,0.941558125,0.415208090,0.076242662
15.401000000,0,15.401000000,sample,0.214213040,0.000004473,0.000000000,0.000000000,0.000000000,0.000000000,0.000000000,0,0,2.000000000,0.080000000,0.000000000,0.000000000,0.000237479,0.000000000,0.001836295,0.000000000,0.000000000,0.000000000,0.001672192,0.142016459,4,64.935225653,0,0.000000000,0.659372379,1.156362922,0.661816532,1.156441958,0.965174615,0.092352310,1.350996731,1.011691211,1.382661479,0.000000000,1.382662515,2.000000000,0.000000000,0.000000000,0.000000000,1.000000000,1.797396780,1.208181641,1.161809954,0.000000000,1.880369247,1.225126539,1.165009183,1,0,0,0.000000000,0.157781729,-0.210061574,0.604773508,1.147341232,-0.052555122,-0.134243300,6.826369758,12.247848048,-6.222731689,-130.905714503,-0.030429979,142.886954776,44.936395273,0.000012828,0.000341025,-0.000577482,-0.001347492,-0.000302866,0.000363347,0.000553889,0.000000000,0.000000000,0.000000000,0.000000000,0.000000000,0.000000000,0.000000000,0.000161439,0.000003733,-0.000159779,-0.000000006,0.000056545,0.000000017,-0.000039911,0.000000000,0.000000000,0.000000000,0.000000000,0.000000000,0.000000000,0.000000000,0.359800574,0.066148472,-0.287561991,0.263261195,0.941667647,0.414176630,0.075443361
15.451000000,0,15.451000000,sample,0.214212778,-0.000005240,0.000000000,0.000000000,0.000000000,0.000000000,0.000000000,0,0,2.000000000,0.080000000,0.000000000,0.000000000,0.000379523,0.000000000,0.001507909,0.000000000,0.000000000,0.000000000,0.001877582,0.202133730,7,42.903814901,0,0.000000000,0.657860654,1.156202568,0.660562006,1.156386621,0.762572708,0.135211400,1.323625594,1.010232519,1.342195979,0.000000000,1.342195766,2.000000000,0.000000000,0.000000000,0.000000000,1.000000000,1.857965230,1.221844713,1.161710573,0.000000000,1.859848161,1.224708180,1.175674607,1,0,0,0.000000000,0.156571318,-0.207334167,0.604382830,1.147235656,-0.052483584,-0.133791630,6.826150446,12.247943750,-6.222827398,-130.905520986,-0.030205763,142.886928358,44.936358016,-0.000135610,0.000933211,-0.001019053,0.000213633,-0.000092035,0.000175980,0.001229835,0.000000000,0.000000000,0.000000000,0.000000000,0.000000000,0.000000000,0.000000000,0.000258001,0.000005966,-0.000255349,-0.000000009,0.000090366,0.000000027,-0.000063783,0.000000000,0.000000000,0.000000000,0.000000000,0.000000000,0.000000000,0.000000000,0.363385265,0.092460605,-0.287555068,0.251541358,0.940822760,0.414949587,0.075379330
15.501000000,0,15.501000000,sample,0.214212668,-0.000002185,0.000000000,0.000000000,0.000000000,0.000000000,0.000000000,0,0,2.000000000,0.080000000,0.000000000,0.000000000,0.000272962,0.000000000,0.001676136,0.000000000,0.000000000,0.000000000,0.001730789,0.157709354,2,43.314458414,0,0.000000000,0.658183590,1.156244939,0.662433286,1.156395706,0.364892806,0.054987137,1.323162381,1.010283869,1.350858762,0.000000000,1.350857863,2.000000000,0.000000000,0.000000000,0.000000000,1.000000000,1.846978589,1.211368080,1.154667492,0.000000000,1.855115277,1.219785518,1.174592565,1,0,0,0.000000000,0.156384965,-0.209336454,0.604092402,1.147261686,-0.052546318,-0.133909919,6.826369758,12.247957785,-6.222827398,-130.905424578,-0.030244418,142.886779323,44.936489337,-0.000330662,0.001139097,-0.000024860,0.001035009,-0.000099113,-0.000619059,0.000351899,0.000000000,0.000000000,0.000000000,0.000000000,0.000000000,0.000000000,0.000000000,-0.000185560,-0.000004291,0.000183653,0.000000006,-0.000064994,-0.000000020,0.000045874,0.000000000,0.000000000,0.000000000,0.000000000,0.000000000,0.000000000,0.000000000,0.367970055,0.108740101,-0.282140031,0.217970152,0.940634233,0.410013870,0.077540492
15.551000000,0,15.551000000,sample,0.214212981,0.000006251,0.000000000,0.000000000,0.000000000,0.000000000,0.000000000,0,0,2.000000000,0.080000000,0.000000000,0.000000000,0.001649416,0.000000000,0.003906880,0.000000000,0.000000000,0.000000000,0.003135150,0.526104339,3,57.554111938,0,0.000000000,0.659789985,1.156396185,0.660343343,1.156396185,1.934666907,0.163983770,1.399928452,1.008766955,1.437720950,0.000000000,1.437723731,2.000000000,0.000000000,0.000000000,0.000000000,1.000000000,1.846329585,1.221059166,1.162331390,0.000000000,1.862835859,1.221059166,1.168086179,1,0,0,0.000000000,0.158975941,-0.209093161,0.605251621,1.147372269,-0.052881537,-0.134136334,6.826369758,12.247848059,-6.222827398,-130.905714503,-0.030441382,142.886626664,44.936413425,0.000224545,0.000826884,0.002378464,-0.001367266,-0.000042927,-0.000291151,0.001217330,0.000000000,0.000000000,0.000000000,0.000000000,0.000000000,0.000000000,0.000000000,-0.001121281,-0.000025928,0.001109754,0.000000039,-0.000392730,-0.000000119,0.000277198,0.000000000,0.000000000,0.000000000,0.000000000,0.000000000,0.000000000,0.000000000,0.356765770,0.082846687,-0.290525908,0.261383427,0.940916876,0.415870567,0.076611860
15.601000000,0,15.601000000,sample,0.214213046,0.000001309,0.000000000,0.000000000,0.000000000,0.000000000,0.000000000,0,0,2.000000000,0.080000000,0.000000000,0.000000000,0.000045863,0.000000000,0.001862724,0.000000000,0.000000000,0.000000000,0.001688183,0.027166816,3,32.796152290,0,0.000000000,0.659232107,1.156202630,0.660937013,1.156362004,1.038251253,0.138800873,1.355049334,1.008637015,1.393348119,0.000000000,1.393348519,2.000000000,0.000000000,0.000000000,0.000000000,1.000000000,1.796320166,1.202516357,1.171279491,0.000000000,1.853101386,1.257374510,1.176263494,1,0,0,0.000000000,0.157477954,-0.211047899,0.604356227,1.147160247,-0.052590356,-0.134395480,6.826329748,12.247848208,-6.222620029,-130.905618794,-0.030168610,142.886829126,44.936102925,0.000682140,0.000234799,0.000966787,-0.000675910,0.000325693,0.000144655,-0.000900546,0.000000000,0.000000000,0.000000000,0.000000000,0.000000000,0.000000000,0.000000000,0.000031178,0.000000721,-0.000030857,-0.000000001,0.000010920,0.000000003,-0.000007708,0.000000000,0.000000000,0.000000000,0.000000000,0.000000000,0.000000000,0.000000000,0.366724060,0.048172395,-0.282898379,0.289056459,0.942700140,0.420762929,0.076015816
15.651000000,0,15.651000000,sample,0.214212806,-0.000004806,0.000000000,0.000000000,0.000000000,0.000000000,0.000000000,0,0,2.000000000,0.080000000,0.000000000,0.000000000,0.000418241,0.000000000,0.001131281,0.000000000,0.000000000,0.000000000,0.001261173,0.331628430,4,34.277586779,0,0.000000000,0.656966950,1.156130355,0.660639005,1.156434861,0.432520734,0.073051788,1.314472618,1.009473494,1.343842250,0.000000000,1.343841879,2.000000000,0.000000000,0.000000000,0.000000000,1.000000000,1.832236424,1.219291813,1.160883858,0.000000000,1.858683805,1.223412260,1.169693360,1,0,0,0.000000000,0.156006676,-0.211013936,0.602279511,1.147132541,-0.052424128,-0.134074756,6.826314807,12.247749933,-6.222620029,-130.905411424,-0.030141679,142.886686675,44.936387039,-0.000085213,0.000473637,0.000673052,0.000738380,-0.000057778,0.000107001,-0.000588194,0.000000000,0.000000000,0.000000000,0.000000000,0.000000000,0.000000000,0.000000000,-0.000284322,-0.000006574,0.000281399,0.000000010,-0.000099584,-0.000000030,0.000070288,0.000000000,0.000000000,0.000000000,0.000000000,0.000000000,0.000000000,0.000000000,0.358345805,0.079924416,-0.284196455,0.256906489,0.941918929,0.416194906,0.075190870
15.701000000,0,15.701000000,sample,0.214212638,-0.000003352,0.000000000,0.000000000,0.000000000,0.000000000,0.000000000,0,0,2.000000000,0.080000000,0.000000000,0.000000000,0.000520312,0.000000000,0.004323543,0.000000000,0.000000000,0.000000000,0.001221293,0.426033823,4,67.250906290,0,0.000000000,0.655663156,1.156172811,0.660085906,1.156360436,0.655493000,0.068481537,1.289951604,1.010408761,1.318129325,0.000000000,1.318129626,2.000000000,0.000000000,0.000000000,0.000000000,1.000000000,1.827506813,1.221328507,1.157708043,0.000000000,1.843493783,1.224275899,1.164951435,1,0,0,0.000000000,0.155215937,-0.208875122,0.601808417,1.147192792,-0.052212938,-0.134007748,6.826302681,12.247736380,-6.222827398,-130.905411424,-0.030176572,142.886883093,44.936269562,0.000594910,-0.000097111,-0.000206461,0.001001542,-0.000194680,-0.000150518,-0.000148124,0.000000000,0.000000000,0.000000000,0.000000000,0.000000000,0.000000000,0.000000000,0.000353711,0.000008179,-0.000350075,-0.000000012,0.000123887,0.000000037,-0.000087442,0.000000000,0.000000000,0.000000000,0.000000000,0.000000000,0.000000000,0.000000000,0.347221632,0.078235813,-0.289713811,0.258144614,0.940439793,0.415634563,0.076500845
15.751000000,0,15.751000000,sample,0.214212965,0.000006523,0.000000000,0.000000000,0.000000000,0.000000000,0.000000000,0,0,2.000000000,0.080000000,0.000000000,0.000000000,0.000207511,0.000000000,0.001360578,0.000000000,0.000000000,0.000000000,0.001850650,0.112128530,1,35.848865077,0,0.000000000,0.656617103,1.156240301,0.661090744,1.156371139,1.017632387,0.085382899,1.298815968,1.008028631,1.329617282,0.000000000,1.329615211,2.000000000,0.000000000,0.000000000,0.000000000,1.000000000,1.827041855,1.219315258,1.160001779,0.000000000,1.832192578,1.225281253,1.161184648,1,0,0,0.000000000,0.157217102,-0.207272261,0.602882255,1.147274036,-0.052374321,-0.133831432,6.826149942,12.247640671,-6.222827398,-130.905714503,-0.030324948,142.886929887,44.936407463,-0.001108057,-0.000751498,-0.000719640,-0.000953664,0.000043996,0.000251303,-0.000374062,0.000000000,0.000000000,0.000000000,0.000000000,0.000000000,0.000000000,0.000000000,-0.000141067,-0.000003262,0.000139617,0.000000005,-0.000049408,-0.000000015,0.000034874,0.000000000,0.000000000,0.000000000,0.000000000,0.000000000,0.000000000,0.000000000,0.350000549,0.077253635,-0.291751756,0.259395151,0.941056319,0.416257679,0.076637044
15.801000000,0,15.801000000,sample,0.214212880,-0.000001697,0.000000000,0.000000000,0.000000000,0.000000000,0.000000000,0,0,2.000000000,0.080000000,0.000000000,0.000000000,0.000163002,0.000000000,0.000852121,0.000000000,0.000000000,0.000000000,0.001458524,0.111758078,2,59.622643541,0,0.000000000,0.658648372,1.156128187,0.661600366,1.156329708,0.625757996,0.076876470,1.336242726,1.007812557,1.365570243,0.000000000,1.365569633,2.000000000,0.000000000,0.000000000,0.000000000,1.000000000,1.858725632,1.227298370,1.162179329,0.000000000,1.898059872,1.242118673,1.163619236,1,0,0,0.000000000,0.156826635,-0.209235451,0.604519322,1.147128975,-0.052548066,-0.134038058,6.826226757,12.247944270,-6.222718124,-130.905523085,-0.030065906,142.886869265,44.936182133,-0.000367010,0.001126210,-0.000306696,0.000313407,0.000521666,-0.000337058,-0.000382384,0.000000000,0.000000000,0.000000000,0.000000000,0.000000000,0.000000000,0.000000000,0.000110809,0.000002562,-0.000109670,-0.000000004,0.000038812,0.000000012,-0.000027394,0.000000000,0.000000000,0.000000000,0.000000000,0.000000000,0.000000000,0.000000000,0.361627207,0.088700446,-0.288724667,0.259141227,0.940466459,0.414352259,0.073059722
15.851000000,0,15.851000000,sample,0.214212696,-0.000003674,0.000000000,0.000000000,0.000000000,0.000000000,0.000000000,0,0,2.000000000,0.080000000,0.000000000,0.000000000,0.000913139,0.000000000,0.001353252,0.000000000,0.000000000,0.000000000,0.001297269,0.703893410,3,66.891297037,0,0.000000000,0.655977489,1.156192352,0.662042941,1.156355352,0.616346712,0.054388050,1.287114415,1.011059921,1.314507433,0.000000000,1.314507932,2.000000000,0.000000000,0.000000000,0.000000000,1.000000000,1.834247777,1.215641142,1.163265735,0.000000000,1.867319525,1.231303152,1.173854465,1,0,0,0.000000000,0.156012767,-0.207283228,0.602494935,1.147213570,-0.052298296,-0.133965171,6.826234103,12.247736547,-6.222923107,-130.905523084,-0.030176591,142.886910391,44.936148924,0.000319437,-0.000142218,-0.001060999,0.000565086,-0.000225961,0.000113839,-0.000227119,0.000000000,0.000000000,0.000000000,0.000000000,0.000000000,0.000000000,0.000000000,0.000620757,0.000014354,-0.000614375,-0.000000021,0.000217420,0.000000066,-0.000153460,0.000000000,0.000000000,0.000000000,0.000000000,0.000000000,0.000000000,0.000000000,0.370098265,0.073006484,-0.275746322,0.271300402,0.940004337,0.415091841,0.073042220
15.901000000,0,15.901000000,sample,0.214212942,0.000004927,0.000000000,0.000000000,0.000000000,0.000000000,0.000000000,0,0,2.000000000,0.080000000,0.000000000,0.000000000,0.000446182,0.000000000,0.001464758,0.000000000,0.000000000,0.000000000,0.000798184,0.558996779,4,33.743413978,0,0.000000000,0.657675309,1.156144114,0.660312615,1.156348484,0.361181811,0.047453224,1.302301089,1.006878919,1.322733534,0.000000000,1.322733732,2.000000000,0.000000000,0.000000000,0.000000000,1.000000000,1.846595310,1.226564558,1.162440345,0.000000000,1.861556389,1.233468268,1.163277484,1,0,0,0.000000000,0.156655261,-0.211217058,0.602812819,1.147128303,-0.052463018,-0.134214377,6.826324540,12.247736381,-6.222606463,-130.905523091,-0.030141592,142.886747664,44.936269560,-0.000251001,-0.000127378,0.000343517,0.000463658,0.000138030,0.000071862,0.000447964,0.000000000,0.000000000,0.000000000,0.000000000,0.000000000,0.000000000,0.000000000,-0.000303317,-0.000007014,0.000300199,0.000000010,-0.000106237,-0.000000032,0.000074984,0.000000000,0.000000000,0.000000000,0.000000000,0.000000000,0.000000000,0.000000000,0.356938066,0.082010478,-0.290416934,0.263228093,0.941179962,0.415049784,0.073620557
15.951000000,0,15.951000000,sample,0.214213060,0.000002345,0.000000000,0.000000000,0.000000000,0.000000000,0.000000000,0,0,2.000000000,0.080000000,0.000000000,0.000000000,0.000176044,0.000000000,0.001286164,0.000000000,0.000000000,0.000000000,0.001620645,0.108625893,7,40.376606101,0,0.000000000,0.660036714,1.156131005,0.662249952,1.156280641,0.921859527,0.074459403,1.361411959,1.008571142,1.388016763,0.000000000,1.388017474,2.000000000,0.000000000,0.000000000,0.000000000,1.000000000,1.851415325,1.223301385,1.157971938,0.000000000,1.866102692,1.230441343,1.162520315,1,0,0,0.000000000,0.157480066,-0.210784081,0.605325172,1.147133385,-0.052606601,-0.134001649,6.826297934,12.247969846,-6.222620029,-130.905618794,-0.030100793,142.886929638,44.936413318,0.000724457,0.000537855,0.000287179,-0.000798944,0.000173734,0.000030164,0.001029800,0.000000000,0.000000000,0.000000000,0.000000000,0.000000000,0.000000000,0.000000000,0.000119675,0.000002767,-0.000118445,-0.000000004,0.000041917,0.000000013,-0.000029586,0.000000000,0.000000000,0.000000000,0.000000000,0.000000000,0.000000000,0.000000000,0.356182517,0.089970780,-0.282353224,0.252377655,0.940930008,0.413715972,0.077525948
16.001000000,0,16.001000000,sample,0.214212923,-0.000002727,0.000000000,0.000000000,0.000000000,0.000000000,0.000000000,0,0,2.000000000,0.080000000,0.000000000,0.000000000,0.000271928,0.000000000,0.001643000,0.000000000,0.000000000,0.000000000,0.001177202,0.230995237,7,74.037474584,0,0.000000000,0.657106527,1.156191840,0.659564976,1.156313260,0.310869955,0.090809150,1.311305947,1.009686425,1.346948427,0.000000000,1.346948473,2.000000000,0.000000000,0.000000000,0.000000000,1.000000000,1.829302930,1.215361750,1.161317939,0.000000000,1.847815524,1.224210997,1.162101498,1,0,0,0.000000000,0.156209303,-0.210304670,0.602627237,1.147149777,-0.052348659,-0.134486349,6.826242979,12.247736436,-6.222620029,-130.905523085,-0.030176563,142.886867315,44.935932278,-0.000075185,-0.000164974,0.000545236,0.000114185,-0.000090774,0.000091433,-0.001012924,0.000000000,0.000000000,0.000000000,0.000000000,0.000000000,0.000000000,0.000000000,-0.000184858,-0.000004274,0.000182958,0.000000006,-0.000064747,-0.000000020,0.000045700,0.000000000,0.000000000,0.000000000,0.000000000,0.000000000,0.000000000,0.000000000,0.358806217,0.077900035,-0.286195760,0.259784071,0.941128502,0.415798029,0.076435612
16.051000000,0,16.051000000,sample,0.214212657,-0.000005333,0.000000000,0.000000000,0.000000000,0.000000000,0.000000000,0,0,2.000000000,0.080000000,0.000000000,0.000000000,0.000296884,0.000000000,0.001586509,0.000000000,0.000000000,0.000000000,0.000964622,0.307772325,4,66.410100742,0,0.000000000,0.656470473,1.156137372,0.660892449,1.156234890,0.581924655,0.072913415,1.290891780,1.007652719,1.308464890,0.000000000,1.308465273,2.000000000,0.000000000,0.000000000,0.000000000,1.000000000,1.820822653,1.209118706,1.161406855,0.000000000,1.840045907,1.218630168,1.162531868,1,0,0,0.000000000,0.155546166,-0.207890184,0.602943234,1.147161525,-0.052326037,-0.133925516,6.826193174,12.247861575,-6.222827398,-130.905411424,-0.030100793,142.886896315,44.936183144,0.000195403,-0.000050105,-0.000244194,0.000786093,0.000163083,0.000365643,0.000227898,0.000000000,0.000000000,0.000000000,0.000000000,0.000000000,0.000000000,0.000000000,0.000201823,0.000004667,-0.000199748,-0.000000007,0.000070689,0.000000021,-0.000049894,0.000000000,0.000000000,0.000000000,0.000000000,0.000000000,0.000000000,0.000000000,0.364966109,0.074840962,-0.279253155,0.260101921,0.941242512,0.415426381,0.076893262
16.101000000,0,16.101000000,sample,0.214212844,0.000003752,0.000000000,0.000000000,0.000000000,0.000000000,0.000000000,0,0,2.000000000,0.080000000,0.000000000,0.000000000,0.000096970,0.000000000,0.001332370,0.000000000,0.000000000,0.000000000,0.001012002,0.095820348,4,50.599009679,0,0.000000000,0.656619441,1.156149308,0.661018904,1.156332846,0.433028901,0.022697599,1.301444365,1.009091248,1.329466798,0.000000000,1.329466909,2.000000000,0.000000000,0.000000000,0.000000000,1.000000000,1.879938384,1.233781100,1.161224599,0.000000000,1.879938384,1.234444930,1.173473783,1,0,0,0.000000000,0.156193403,-0.208860774,0.602602595,1.147152766,-0.052344389,-0.134096306,6.826200440,12.247736387,-6.222731689,-130.905523085,-0.030141592,142.886867343,44.936142704,-0.000315668,0.000357711,-0.000345375,0.000719867,0.000064959,-0.000187598,-0.000345889,0.000000000,0.000000000,0.000000000,0.000000000,0.000000000,0.000000000,0.000000000,0.000065921,0.000001524,-0.000065243,-0.000000002,0.000023089,0.000000007,-0.000016297,0.000000000,0.000000000,0.000000000,0.000000000,0.000000000,0.000000000,0.000000000,0.356505930,0.095675313,-0.288177868,0.258125306,0.940322101,0.415559827,0.074976955
16.151000000,0,16.151000000,sample,0.214213042,0.000003954,0.000000000,0.000000000,0.000000000,0.000000000,0.000000000,0,0,2.000000000,0.080000000,0.000000000,0.000000000,0.003436463,0.000000000,0.003436463,0.000000000,0.000000000,0.000000000,0.006089045,0.564368135,3,96.708111800,0,0.000000000,0.658985183,1.156183134,0.661140733,1.156236535,3.802704102,0.407827242,1.397553836,1.007608746,1.446552368,0.000000000,1.446552998,2.000000000,0.000000000,0.000000000,0.000000000,1.000000000,1.787939443,1.202447395,1.162971715,0.000000000,1.895631742,1.236904836,1.171312808,1,0,0,0.000000000,0.157233101,-0.212412283,0.603672300,1.147155127,-0.052511576,-0.134302227,6.826463902,12.247776982,-6.222609600,-130.905614072,-0.030176563,142.886828052,44.936346240,0.000886505,-0.000352634,0.005987984,-0.000488468,-0.000137308,-0.000158706,-0.000166230,0.000000000,0.000000000,0.000000000,0.000000000,0.000000000,0.000000000,0.000000000,-0.002336125,-0.000054018,0.002312109,0.000000081,-0.000818230,-0.000000247,0.000577525,0.000000000,0.000000000,0.000000000,0.000000000,0.000000000,0.000000000,0.000000000,0.358667431,0.058017628,-0.285900690,0.269280323,0.941101289,0.418015624,0.076387457
16.201000000,0,16.201000000,sample,0.214212872,-0.000003390,0.000000000,0.000000000,0.000000000,0.000000000,0.000000000,0,0,2.000000000,0.080000000,0.000000000,0.000000000,0.001774856,0.000000000,0.003301970,0.000000000,0.000000000,0.000000000,0.007513977,0.236207241,5,98.173985057,0,0.000000000,0.658603152,1.156097965,0.660112278,1.156222148,0.222319696,0.455315549,1.324051496,0.969640826,1.293841141,0.000000000,1.293839804,2.000000000,0.000000000,0.000000000,0.000000000,1.000000000,1.849111430,1.235649527,1.164483627,0.000000000,1.920822961,1.267435028,1.165409373,1,0,0,0.000000000,0.156701097,-0.208752836,0.604669440,1.147118667,-0.052517881,-0.133877333,6.826186627,12.247969847,-6.222731689,-130.905523085,-0.030039758,142.886923799,44.936269559,-0.000365568,0.000708066,-0.000359851,0.000500931,0.007445057,0.000123721,0.000015379,0.000000000,0.000000000,0.000000000,0.000000000,0.000000000,0.000000000,0.000000000,0.001206554,0.000027900,-0.001194150,-0.000000042,0.000422604,0.000000127,-0.000298283,0.000000000,0.000000000,0.000000000,0.000000000,0.000000000,0.000000000,0.000000000,0.337769963,0.078217037,-0.307964538,0.271086397,0.942490255,0.416357356,0.076448316
16.251000000,0,16.251000000,sample,0.214213049,0.000003524,0.000000000,0.000000000,0.000000000,0.000000000,0.000000000,0,0,2.000000000,0.080000000,0.000000000,0.000000000,0.000125323,0.000000000,0.001894949,0.000000000,0.000000000,0.000000000,0.000736883,0.170071206,4,46.316984567,0,0.000000000,0.658895650,1.156135709,0.659785755,1.156221737,0.386758906,0.039301123,1.334719372,1.007697871,1.361882136,0.000000000,1.361882344,2.000000000,0.000000000,0.000000000,0.000000000,1.000000000,1.803665524,1.206988899,1.165063489,0.000000000,2.039146037,1.284684298,1.165063489,1,0,0,0.000000000,0.157406066,-0.210126772,0.604329007,1.147144569,-0.052568867,-0.133961294,6.826227340,12.247848208,-6.222620029,-130.905618794,-0.030141592,142.886847411,44.936413387,0.000065402,0.000102609,0.000215174,-0.000501498,0.000196955,0.000012659,0.000437538,0.000000000,0.000000000,0.000000000,0.000000000,0.000000000,0.000000000,0.000000000,-0.000085195,-0.000001970,0.000084319,0.000000003,-0.000029840,-0.000000009,0.000021062,0.000000000,0.000000000,0.000000000,0.000000000,0.000000000,0.000000000,0.000000000,0.364952087,0.060460502,-0.284054698,0.276223956,0.940961930,0.415315974,0.075126426
16.301000000,0,16.301000000,sample,0.214213155,0.000002129,0.000000000,0.000000000,0.000000000,0.000000000,0.000000000,0,0,2.000000000,0.080000000,0.000000000,0.000000000,0.000699566,0.000000000,0.004470434,0.000000000,0.000000000,0.000000000,0.001102937,0.634275759,4,50.331142660,0,0.000000000,0.659565497,1.156169570,0.661715106,1.156235208,0.362516179,0.032109290,1.330690444,1.008472114,1.363458267,0.000000000,1.363458351,2.000000000,0.000000000,0.000000000,0.000000000,1.000000000,1.799388075,1.211293711,1.163661541,0.000000000,1.819974735,1.239662319,1.170292281,1,0,0,0.000000000,0.158060458,-0.209816006,0.604996512,1.147167153,-0.052633399,-0.134034787,6.826200246,12.247858192,-6.222620029,-130.905714483,-0.030176535,142.886889839,44.936340138,-0.000447923,-0.000314962,0.000540042,-0.000782473,-0.000075816,-0.000065420,0.000051932,0.000000000,0.000000000,0.000000000,0.000000000,0.000000000,0.000000000,0.000000000,-0.000475568,-0.000010997,0.000470679,0.000000016,-0.000166570,-0.000000050,0.000117569,0.000000000,0.000000000,0.000000000,0.000000000,0.000000000,0.000000000,0.000000000,0.357636689,0.063139873,-0.286822987,0.267949723,0.943109754,0.415878397,0.075777356
16.351000000,0,16.351000000,sample,0.214212924,-0.000004630,0.000000000,0.000000000,0.000000000,0.000000000,0.000000000,0,0,2.000000000,0.080000000,0.000000000,0.000000000,0.001006760,0.000000000,0.002017300,0.000000000,0.000000000,0.000000000,0.001327005,0.758670844,3,46.924415079,0,0.000000000,0.656140307,1.156057826,0.659465902,1.156243139,0.419090011,0.052086114,1.299802367,1.004506152,1.320649005,0.000000000,1.320649293,2.000000000,0.000000000,0.000000000,0.000000000,1.000000000,1.849664948,1.221959515,1.162378075,0.000000000,1.850666681,1.232599574,1.165868548,1,0,0,0.000000000,0.155857713,-0.210138274,0.601722845,1.147094206,-0.052230602,-0.133852699,6.826213005,12.247640671,-6.222620027,-130.905523085,-0.030100792,142.886883093,44.936474719,-0.000590922,-0.000455867,0.000909017,0.000211648,0.000369990,-0.000010491,0.000442526,0.000000000,0.000000000,0.000000000,0.000000000,0.000000000,0.000000000,0.000000000,-0.000684401,-0.000015825,0.000677365,0.000000024,-0.000239710,-0.000000072,0.000169192,0.000000000,0.000000000,0.000000000,0.000000000,0.000000000,0.000000000,0.000000000,0.364806964,0.083781835,-0.277599118,0.260495380,0.942243454,0.415419523,0.075525180
16.401000000,0,16.401000000,sample,0.214212974,0.000001010,0.000000000,0.000000000,0.000000000,0.000000000,0.000000000,0,0,2.000000000,0.080000000,0.000000000,0.000000000,0.000312594,0.000000000,0.002608561,0.000000000,0.000000000,0.000000000,0.002808516,0.111302238,4,73.367584661,0,0.000000000,0.658792041,1.156159453,0.661655713,1.156283633,1.257769294,0.119704343,1.366782640,1.008691454,1.411439640,0.000000000,1.411441911,2.000000000,0.000000000,0.000000000,0.000000000,1.000000000,1.788964831,1.203397895,1.174559707,0.000000000,1.854243361,1.229389156,1.174559707,1,0,0,0.000000000,0.157689765,-0.209073582,0.604507343,1.147144732,-0.052653629,-0.134131425,6.826227379,12.247858185,-6.222731689,-130.905618794,-0.030100793,142.886774888,44.936100647,0.000093941,-0.000216866,0.000086579,-0.002405631,0.000392445,0.000467158,-0.001290388,0.000000000,0.000000000,0.000000000,0.000000000,0.000000000,0.000000000,0.000000000,0.000212503,0.000004914,-0.000210318,-0.000000007,0.000074430,0.000000022,-0.000052534,0.000000000,0.000000000,0.000000000,0.000000000,0.000000000,0.000000000,0.000000000,0.361884906,0.034750592,-0.283938362,0.306474871,0.942594393,0.422610823,0.076093872
16.451000000,0,16.451000000,sample,0.214212708,-0.000005313,0.000000000,0.000000000,0.000000000,0.000000000,0.000000000,0,0,2.000000000,0.080000000,0.000000000,0.000000000,0.000856274,0.000000000,0.001313067,0.000000000,0.000000000,0.000000000,0.002245093,0.381397918,1,44.342671225,0,0.000000000,0.656762054,1.156175957,0.659753594,1.156209118,1.049787877,0.079197464,1.299882371,1.009170447,1.314190375,0.000000000,1.314189592,2.000000000,0.000000000,0.000000000,0.000000000,1.000000000,1.857645668,1.227405533,1.162714757,0.000000000,1.858815663,1.227405533,1.177101753,1,0,0,0.000000000,0.155067711,-0.212551740,0.601757558,1.147168492,-0.052162152,-0.134262447,6.826597850,12.247736380,-6.222731689,-130.905411424,-0.030169781,142.886930637,44.936398796,0.001495014,0.000036549,-0.000082258,0.001149718,-0.000063222,0.000205963,0.001195410,0.000000000,0.000000000,0.000000000,0.000000000,0.000000000,0.000000000,0.000000000,0.000582099,0.000013460,-0.000576115,-0.000000020,0.000203880,0.000000061,-0.000143903,0.000000000,0.000000000,0.000000000,0.000000000,0.000000000,0.000000000,0.000000000,0.359018460,0.087019171,-0.286754397,0.259242795,0.941788091,0.416530191,0.074443905
16.501000000,0,16.501000000,sample,0.214213010,0.000006023,0.000000000,0.000000000,0.000000000,0.000000000,0.000000000,0,0,2.000000000,0.080000000,0.000000000,0.000000000,0.000293056,0.000000000,0.001568097,0.000000000,0.000000000,0.000000000,0.002185216,0.134108468,7,43.314626307,0,0.000000000,0.658137060,1.156138268,0.661124213,1.156237871,1.135404574,0.178015975,1.304874833,1.007015091,1.341131460,0.000000000,1.341131366,2.000000000,0.000000000,0.000000000,0.000000000,1.000000000,1.805598315,1.208087575,1.163431135,0.000000000,1.865409940,1.231782399,1.163431135,1,0,0,0.000000000,0.156729818,-0.212161435,0.602965736,1.147087509,-0.052486408,-0.134503225,6.826336595,12.247749914,-6.222524320,-130.905523085,-0.030100706,142.886741754,44.936040429,0.000394460,-0.000872715,0.001279232,0.000244715,0.000300293,0.000055660,-0.001438175,0.000000000,0.000000000,0.000000000,0.000000000,0.000000000,0.000000000,0.000000000,-0.000199221,-0.000004606,0.000197173,0.000000007,-0.000069777,-0.000000021,0.000049250,0.000000000,0.000000000,0.000000000,0.000000000,0.000000000,0.000000000,0.000000000,0.362966372,0.067671247,-0.284488920,0.262855293,0.942188552,0.416925209,0.075334415
16.551000000,0,16.551000000,sample,0.214212947,-0.000001256,0.000000000,0.000000000,0.000000000,0.000000000,0.000000000,0,0,2.000000000,0.080000000,0.000000000,0.000000000,0.000778504,0.000000000,0.001840860,0.000000000,0.000000000,0.000000000,0.001413204,0.550878703,7,50.204127933,0,0.000000000,0.656878343,1.156167827,0.661213806,1.156230220,0.419832735,0.117745239,1.315185294,1.012451941,1.357147108,0.000000000,1.357147020,2.000000000,0.000000000,0.000000000,0.000000000,1.000000000,1.834672361,1.211991758,1.168337556,0.000000000,1.843300318,1.224507706,1.168517991,1,0,0,0.000000000,0.156685169,-0.209993237,0.602363474,1.147151218,-0.052343067,-0.134269616,6.826323029,12.247640840,-6.222731689,-130.905619281,-0.030155966,142.886869342,44.936101293,0.000903489,-0.000184211,-0.000109532,0.000061759,-0.000313974,-0.000172856,-0.001001324,0.000000000,0.000000000,0.000000000,0.000000000,0.000000000,0.000000000,0.000000000,0.000529231,0.000012237,-0.000523791,-0.000000018,0.000185362,0.000000056,-0.000130833,0.000000000,0.000000000,0.000000000,0.000000000,0.000000000,0.000000000,0.000000000,0.368424727,0.076413414,-0.289436342,0.264373750,0.943066368,0.417838163,0.076204156
16.601000000,0,16.601000000,sample,0.214212880,-0.000001344,0.000000000,0.000000000,0.000000000,0.000000000,0.000000000,0,0,2.000000000,0.080000000,0.000000000,0.000000000,0.000176867,0.000000000,0.003672248,0.000000000,0.000000000,0.000000000,0.000872853,0.202630802,2,43.780573416,0,0.000000000,0.658313260,1.156056006,0.660324914,1.156218048,0.273660808,0.017715389,1.319349225,1.010003729,1.349386755,0.000000000,1.349386565,2.000000000,0.000000000,0.000000000,0.000000000,1.000000000,1.827316652,1.221744659,1.162476259,0.000000000,1.983137300,1.260938164,1.170847139,1,0,0,0.000000000,0.156965416,-0.207913471,0.604574392,1.147088872,-0.052587471,-0.133742917,6.826090979,12.247943750,-6.222731689,-130.905523091,-0.029993454,142.886829088,44.936269812,-0.000348844,0.000577539,-0.000033537,0.000427642,-0.000099230,-0.000126492,-0.000311093,0.000000000,0.000000000,0.000000000,0.000000000,0.000000000,0.000000000,0.000000000,-0.000120235,-0.000002780,0.000118999,0.000000004,-0.000042113,-0.000000013,0.000029724,0.000000000,0.000000000,0.000000000,0.000000000,0.000000000,0.000000000,0.000000000,0.352377557,0.075997817,-0.294946879,0.261847905,0.941824273,0.416245856,0.074524362
16.651000000,0,16.651000000,sample,0.214212861,-0.000000366,0.000000000,0.000000000,0.000000000,0.000000000,0.000000000,0,0,2.000000000,0.080000000,0.000000000,0.000000000,0.001591672,0.000000000,0.004650465,0.000000000,0.000000000,0.000000000,0.002953043,0.538993903,1,81.540399209,0,0.000000000,0.655009136,1.155906438,0.660844432,1.156228596,1.642817403,0.145657869,1.301697526,1.010829515,1.330889814,0.000000000,1.330888208,2.000000000,0.000000000,0.000000000,0.000000000,1.000000000,1.835023918,1.250032314,1.160581406,0.000000000,1.835023918,1.250032314,1.167319859,1,0,0,0.000000000,0.155650675,-0.208290238,0.601186338,1.146976251,-0.052170202,-0.133579353,6.826104481,12.247585563,-6.222731689,-130.905523085,-0.029877093,142.886889077,44.936351157,0.002666589,-0.000700720,0.000051968,0.000725718,-0.000233259,-0.000170253,0.000711330,0.000000000,0.000000000,0.000000000,0.000000000,0.000000000,0.000000000,0.000000000,0.001082028,0.000025020,-0.001070905,-0.000000037,0.000378976,0.000000113,-0.000267490,0.000000000,0.000000000,0.000000000,0.000000000,0.000000000,0.000000000,0.000000000,0.308089436,0.077362878,-0.329213058,0.264983649,0.943048530,0.415037184,0.076492605
16.701000000,0,16.701000000,sample,0.214212986,0.000002497,0.000000000,0.000000000,0.000000000,0.000000000,0.000000000,0,0,2.000000000,0.080000000,0.000000000,0.000000000,0.000351310,0.000000000,0.005065271,0.000000000,0.000000000,0.000000000,0.002561202,0.137165897,7,44.442388402,0,0.000000000,0.657203319,1.155904167,0.660786358,1.156203130,1.422775840,0.211854163,1.252628800,1.004797057,1.251696877,0.000000000,1.251699583,2.000000000,0.000000000,0.000000000,0.000000000,1.000000000,1.886458789,1.262513937,1.151394366,0.000000000,1.886458789,1.276505091,1.180148562,1,0,0,0.000000000,0.156575649,-0.209021854,0.603083852,1.146968315,-0.052326033,-0.133566885,6.826186624,12.247736380,-6.222731689,-130.905618794,-0.029833935,142.886976932,44.936412700,-0.000470736,-0.000549313,-0.000329226,0.001691944,0.000179701,0.000343149,0.001707428,0.000000000,0.000000000,0.000000000,0.000000000,0.000000000,0.000000000,0.000000000,-0.000238822,-0.000005522,0.000236367,0.000000008,-0.000083648,-0.000000025,0.000059040,0.000000000,0.000000000,0.000000000,0.000000000,0.000000000,0.000000000,0.000000000,0.311241042,0.125135560,-0.330350061,0.215448815,0.941481116,0.406851366,0.075597694
16.751000000,0,16.751000000,sample,0.214212916,-0.000001400,0.000000000,0.000000000,0.000000000,0.000000000,0.000000000,0,0,2.000000000,0.080000000,0.000000000,0.000000000,0.001914433,0.000000000,0.004525844,0.000000000,0.000000000,0.000000000,0.002474242,0.773745123,1,75.847528595,0,0.000000000,0.657766807,1.156062702,0.661094605,1.156203753,0.875093392,0.055588052,1.307117504,1.009555632,1.330742211,0.000000000,1.330742111,2.000000000,0.000000000,0.000000000,0.000000000,1.000000000,1.813915050,1.197345446,1.166807355,0.000000000,1.889314434,1.260195101,1.172351792,1,0,0,0.000000000,0.156393185,-0.209443534,0.603598998,1.147089551,-0.052412563,-0.133863576,6.826182108,12.247849600,-6.222660725,-130.905523085,-0.030039058,142.886909807,44.936346240,-0.002154829,0.000678467,0.000599227,0.000485797,-0.000432393,0.000402155,-0.000272951,0.000000000,0.000000000,0.000000000,0.000000000,0.000000000,0.000000000,0.000000000,-0.001301440,-0.000030093,0.001288061,0.000000045,-0.000455834,-0.000000137,0.000321738,0.000000000,0.000000000,0.000000000,0.000000000,0.000000000,0.000000000,0.000000000,0.383378789,0.067543197,-0.272612014,0.270657115,0.940989993,0.413527190,0.076541083
16.801000000,0,16.801000000,sample,0.214212648,-0.000005355,0.000000000,0.000000000,0.000000000,0.000000000,0.000000000,0,0,2.000000000,0.080000000,0.000000000,0.000000000,0.000129104,0.000000000,0.005328332,0.000000000,0.000000000,0.000000000,0.001697100,0.076073344,7,81.446244990,0,0.000000000,0.655254064,1.156071249,0.660138356,1.156163591,0.395925633,0.138120252,1.301107091,1.006367657,1.313768592,0.000000000,1.313768644,2.000000000,0.000000000,0.000000000,0.000000000,1.000000000,1.863253254,1.238287823,1.163940943,0.000000000,1.870218890,1.238287823,1.175882073,1,0,0,0.000000000,0.155046019,-0.207906034,0.601742222,1.147129972,-0.052167086,-0.133686780,6.826186624,12.247736380,-6.222827396,-130.905411424,-0.030072537,142.886928139,44.936391956,-0.000287134,0.000245041,-0.000386052,0.000393425,0.000251533,0.000157471,0.001531592,0.000000000,0.000000000,0.000000000,0.000000000,0.000000000,0.000000000,0.000000000,-0.000087766,-0.000002029,0.000086863,0.000000003,-0.000030740,-0.000000009,0.000021697,0.000000000,0.000000000,0.000000000,0.000000000,0.000000000,0.000000000,0.000000000,0.349337089,0.090184833,-0.301809959,0.260706451,0.943313255,0.412475566,0.074536686
16.851000000,0,16.851000000,sample,0.214212641,-0.000000157,0.000000000,0.000000000,0.000000000,0.000000000,0.000000000,0,0,2.000000000,0.080000000,0.000000000,0.000000000,0.000157326,0.000000000,0.001421399,0.000000000,0.000000000,0.000000000,0.001520558,0.103465779,4,76.901247772,0,0.000000000,0.656108527,1.155986978,0.660586534,1.156163623,0.790910406,0.060692945,1.281066289,1.009684716,1.306103822,0.000000000,1.306104731,2.000000000,0.000000000,0.000000000,0.000000000,1.000000000,1.829154706,1.226169387,1.158864746,0.000000000,1.889409934,1.243845473,1.163693789,1,0,0,0.000000000,0.154947372,-0.208980240,0.602326299,1.147020754,-0.052275592,-0.133852702,6.826186791,12.247852554,-6.222731689,-130.905315715,-0.029902661,142.886842937,44.936185252,-0.000256909,0.000179820,-0.000407398,0.001333428,-0.000117835,-0.000105567,-0.000494697,0.000000000,0.000000000,0.000000000,0.000000000,0.000000000,0.000000000,0.000000000,0.000106951,0.000002473,-0.000105851,-0.000000004,0.000037460,0.000000011,-0.000026440,0.000000000,0.000000000,0.000000000,0.000000000,0.000000000,0.000000000,0.000000000,0.346399758,0.082174202,-0.298602699,0.255959962,0.941596890,0.411332024,0.075791143
16.901000000,0,16.901000000,sample,0.214212826,0.000003707,0.000000000,0.000000000,0.000000000,0.000000000,0.000000000,0,0,2.000000000,0.080000000,0.000000000,0.000000000,0.000929666,0.000000000,0.004641391,0.000000000,0.000000000,0.000000000,0.001464778,0.634680144,2,46.017451431,0,0.000000000,0.656927391,1.155969250,0.659879483,1.156166306,0.387118954,0.017710809,1.331082106,1.009298661,1.354858428,0.000000000,1.354857939,2.000000000,0.000000000,0.000000000,0.000000000,1.000000000,1.828422561,1.185452504,1.170059703,0.000000000,2.029748737,1.283785499,1.171444896,1,0,0,0.000000000,0.155126717,-0.210027306,0.602808285,1.147010940,-0.052204692,-0.133811361,6.826186568,12.247861575,-6.222620029,-130.905411424,-0.029924539,142.887018032,44.936354196,-0.000651824,0.000993649,0.000674693,0.000295197,-0.000134605,0.000404474,0.000096392,0.000000000,0.000000000,0.000000000,0.000000000,0.000000000,0.000000000,0.000000000,-0.000631991,-0.000014614,0.000625494,0.000000022,-0.000221358,-0.000000066,0.000156239,0.000000000,0.000000000,0.000000000,0.000000000,0.000000000,0.000000000,0.000000000,0.416731280,0.068908080,-0.235987801,0.273442909,0.940172660,0.413011116,0.075248554
16.951000000,0,16.951000000,sample,0.214212786,-0.000000789,0.000000000,0.000000000,0.000000000,0.000000000,0.000000000,0,0,2.000000000,0.080000000,0.000000000,0.000000000,0.000213397,0.000000000,0.004745804,0.000000000,0.000000000,0.000000000,0.001392141,0.153286831,7,35.182394947,0,0.000000000,0.656469182,1.156076436,0.660551454,1.156205809,0.591567730,0.090919802,1.284737390,1.007578451,1.309591368,0.000000000,1.309591197,2.000000000,0.000000000,0.000000000,0.000000000,1.000000000,1.794484174,1.207129180,1.163007320,0.000000000,2.020003485,1.282208814,1.169131341,1,0,0,0.000000000,0.156472661,-0.207884296,0.602704084,1.147121241,-0.052419076,-0.133707980,6.826186624,12.247736436,-6.222827398,-130.905523085,-0.030053147,142.886788296,44.936351944,-0.000060454,-0.000795141,-0.000596513,0.000195232,0.000018732,-0.000475398,0.000825745,0.000000000,0.000000000,0.000000000,0.000000000,0.000000000,0.000000000,0.000000000,0.000145068,0.000003354,-0.000143577,-0.000000005,0.000050810,0.000000015,-0.000035863,0.000000000,0.000000000,0.000000000,0.000000000,0.000000000,0.000000000,0.000000000,0.361508270,0.060287215,-0.281940670,0.271748080,0.942256731,0.413799229,0.076473132
17.001000000,0,17.001000000,sample,0.214212966,0.000003591,0.000000000,0.000000000,0.000000000,0.000000000,0.000000000,0,0,2.000000000,0.080000000,0.000000000,0.000000000,0.000013610,0.000000000,0.003822922,0.000000000,0.000000000,0.000000000,0.000774654,0.017568677,4,61.972219809,0,0.000000000,0.656424693,1.156006884,0.660627397,1.156117166,0.455422952,0.039003262,1.324167270,1.010254252,1.360309723,0.000000000,1.360309782,2.000000000,0.000000000,0.000000000,0.000000000,1.000000000,1.817278000,1.203361742,1.162605004,0.000000000,1.817278000,1.208384114,1.169385846,1,0,0,0.000000000,0.156480598,-0.208924072,0.602293892,1.147034813,-0.052289017,-0.133898885,6.826186624,12.247642175,-6.222731689,-130.905618794,-0.029962943,142.886923892,44.936182132,-0.000229513,0.000035647,-0.000182151,-0.000609826,-0.000158991,-0.000013509,-0.000340020,0.000000000,0.000000000,0.000000000,0.000000000,0.000000000,0.000000000,0.000000000,-0.000009252,-0.000000214,0.000009157,0.000000000,-0.000003240,-0.000000001,0.000002287,0.000000000,0.000000000,0.000000000,0.000000000,0.000000000,0.000000000,0.000000000,0.381871042,0.074033879,-0.265967948,0.261293574,0.941344148,0.411787165,0.075054196
17.051000000,0,17.051000000,sample,0.214213075,0.000002182,0.000000000,0.000000000,0.000000000,0.000000000,0.000000000,0,0,2.000000000,0.080000000,0.000000000,-0.000000000,0.000499611,0.000000000,0.001654474,0.000000000,0.000000000,0.000000000,0.001222155,0.408794847,1,40.558489141,0,0.000000000,0.657776562,1.156064084,0.659597632,1.156106551,0.525066322,0.045291868,1.308398316,1.008398080,1.341422910,0.000000000,1.341422027,2.000000000,0.000000000,0.000000000,0.000000000,1.000000000,1.831348459,1.223395851,1.163176564,0.000000000,1.860557692,1.238433340,1.163180630,1,0,0,0.000000000,0.157890171,-0.207345297,0.603944225,1.147122348,-0.052570737,-0.133532024,6.826036653,12.247736380,-6.222731689,-130.905714503,-0.030085010,142.886829126,44.936495026,-0.000778336,-0.000628631,-0.000087094,-0.000664997,-0.000106656,-0.000173617,-0.000036780,0.000000000,0.000000000,0.000000000,0.000000000,0.000000000,0.000000000,0.000000000,-0.000339638,-0.000007854,0.000336146,0.000000012,-0.000118958,-0.000000036,0.000083963,0.000000000,0.000000000,0.000000000,0.000000000,0.000000000,0.000000000,0.000000000,0.354262096,0.076274739,-0.292759181,0.265456887,0.942640232,0.413774453,0.075531775
17.101000000,0,17.101000000,sample,0.214212790,-0.000005706,0.000000000,0.000000000,0.000000000,0.000000000,0.000000000,0,0,2.000000000,0.080000000,0.000000000,0.000000000,0.001922844,0.000000000,0.004211643,0.000000000,0.000000000,0.000000000,0.003964437,0.485023311,1,46.833372000,0,0.000000000,0.655523413,1.156000986,0.660506063,1.156136753,1.785003506,0.163029015,1.380946696,1.015001940,1.429875253,0.000000000,1.429880357,2.000000000,0.000000000,0.000000000,0.000000000,1.000000000,1.822586071,1.247417485,1.171420169,0.000000000,1.856051354,1.247417485,1.171420169,1,0,0,0.000000000,0.155990648,-0.207998213,0.601759592,1.147064008,-0.052266188,-0.133606464,6.826186624,12.247640671,-6.222827398,-130.905527470,-0.029977674,142.886849687,44.936392968,0.002713059,-0.000310062,-0.000566773,-0.002582921,-0.000567621,-0.000075890,0.000969158,0.000000000,0.000000000,0.000000000,0.000000000,0.000000000,0.000000000,0.000000000,0.001307160,0.000030226,-0.001293723,-0.000000045,0.000457829,0.000000137,-0.000323146,0.000000000,0.000000000,0.000000000,0.000000000,0.000000000,0.000000000,0.000000000,0.312025221,0.056066265,-0.334120376,0.292886407,0.945454896,0.417921097,0.075895800
17.151000000,0,17.151000000,sample,0.214212834,0.000000888,0.000000000,0.000000000,0.000000000,0.000000000,0.000000000,0,0,2.000000000,0.080000000,0.000000000,0.000000000,0.000202160,0.000000000,0.003570193,0.000000000,0.000000000,0.000000000,0.001409161,0.143461573,2,86.517395654,0,0.000000000,0.657293225,1.155958543,0.660157786,1.156093568,0.845304237,0.100077338,1.348349456,1.008958216,1.378101551,0.000000000,1.378101177,2.000000000,0.000000000,0.000000000,0.000000000,1.000000000,1.705042112,1.176791648,1.170230935,0.000000000,1.863689962,1.251356955,1.176934928,1,0,0,0.000000000,0.156108282,-0.208976999,0.603318491,1.147000340,-0.052387822,-0.133738140,6.826186624,12.247848041,-6.222731671,-130.905480586,-0.029866934,142.886889839,44.936269560,-0.000136534,0.001310727,-0.000321520,-0.000104893,0.000317232,-0.000152512,0.000103990,0.000000000,0.000000000,0.000000000,0.000000000,0.000000000,0.000000000,0.000000000,0.000137430,0.000003178,-0.000136017,-0.000000005,0.000048135,0.000000014,-0.000033975,0.000000000,0.000000000,0.000000000,0.000000000,0.000000000,0.000000000,0.000000000,0.372086061,0.021581566,-0.282332345,0.285160503,0.943026597,0.417997595,0.074009606
17.201000000,0,17.201000000,sample,0.214212874,0.000000789,0.000000000,0.000000000,0.000000000,0.000000000,0.000000000,0,0,2.000000000,0.080000000,0.000000000,0.000000000,0.000592713,0.000000000,0.001570953,0.000000000,0.000000000,0.000000000,0.002579454,0.229782348,2,74.703332146,0,0.000000000,0.658125048,1.156060626,0.661071820,1.156154394,1.162633124,0.167758278,1.373465145,1.015678932,1.418582777,0.000000000,1.418580305,2.000000000,0.000000000,0.000000000,0.000000000,1.000000000,1.914256142,1.257469173,1.157715647,0.000000000,2.061179421,1.308416009,1.168917067,1,0,0,0.000000000,0.156327540,-0.210667185,0.603580662,1.147045881,-0.052395464,-0.134226046,6.826378042,12.247852533,-6.222731689,-130.905523085,-0.029942704,142.886930638,44.936033608,0.000577619,0.002229450,-0.000124563,0.000256027,-0.000379845,-0.000284317,-0.001021424,0.000000000,0.000000000,0.000000000,0.000000000,0.000000000,0.000000000,0.000000000,0.000402929,0.000009317,-0.000398787,-0.000000014,0.000141127,0.000000042,-0.000099611,0.000000000,0.000000000,0.000000000,0.000000000,0.000000000,0.000000000,0.000000000,0.345715429,0.120873262,-0.294931264,0.235454162,0.943013525,0.411188561,0.073500760
17.251000000,0,17.251000000,sample,0.214212964,0.000001811,0.000000000,0.000000000,0.000000000,0.000000000,0.000000000,0,0,2.000000000,0.080000000,0.000000000,0.000000000,0.001308482,0.000000000,0.001587641,0.000000000,0.000000000,0.000000000,0.001619520,0.807943940,1,64.423219232,0,0.000000000,0.656716877,1.155906760,0.660504330,1.156086021,0.381299638,0.083766309,1.302407068,1.005313498,1.321957576,0.000000000,1.321957394,2.000000000,0.000000000,0.000000000,0.000000000,1.000000000,1.818107570,1.222708031,1.161500424,0.000000000,1.865397495,1.241827306,1.166193391,1,0,0,0.000000000,0.156692521,-0.208113093,0.602837832,1.146966273,-0.052478553,-0.133547020,6.825974733,12.247736380,-6.222620029,-130.905523085,-0.029866934,142.886733384,44.936354202,-0.001299893,-0.000353671,0.000560615,-0.000270555,0.000160183,0.000408624,0.000477409,0.000000000,0.000000000,0.000000000,0.000000000,0.000000000,0.000000000,0.000000000,-0.000889513,-0.000020568,0.000880368,0.000000030,-0.000311551,-0.000000093,0.000219900,0.000000000,0.000000000,0.000000000,0.000000000,0.000000000,0.000000000,0.000000000,0.352359288,0.077076196,-0.293848992,0.257740504,0.944055893,0.411366670,0.075788946
17.301000000,0,17.301000000,sample,0.214212979,0.000000296,0.000000000,0.000000000,0.000000000,0.000000000,0.000000000,0,0,2.000000000,0.080000000,0.000000000,0.000000000,0.000212229,0.000000000,0.001894974,0.000000000,0.000000000,0.000000000,0.001086197,0.195386856,1,51.349144744,0,0.000000000,0.656083292,1.155912105,0.659436219,1.156065970,0.618616251,0.052479631,1.297253753,1.007773982,1.324345262,0.000000000,1.324344714,2.000000000,0.000000000,0.000000000,0.000000000,1.000000000,1.874431658,1.227822062,1.167236094,0.000000000,2.031052569,1.276475594,1.167236094,1,0,0,0.000000000,0.156435060,-0.206702811,0.602700013,1.146982653,-0.052289503,-0.133526767,6.825938371,12.247694807,-6.222731689,-130.905618848,-0.029866934,142.886977256,44.936230522,-0.000778350,-0.000360556,-0.000363613,-0.000266983,0.000067712,0.000317521,-0.000367553,0.000000000,0.000000000,0.000000000,0.000000000,0.000000000,0.000000000,0.000000000,-0.000144274,-0.000003336,0.000142791,0.000000005,-0.000050532,-0.000000015,0.000035667,0.000000000,0.000000000,0.000000000,0.000000000,0.000000000,0.000000000,0.000000000,0.366864265,0.095892774,-0.294184589,0.258873804,0.943589728,0.410791216,0.077356765
17.351000000,0,17.351000000,sample,0.214212723,-0.000005126,0.000000000,0.000000000,0.000000000,0.000000000,0.000000000,0,0,2.000000000,0.080000000,0.000000000,0.000000000,0.000089679,0.000000000,0.001493298,0.000000000,0.000000000,0.000000000,0.000927131,0.096727242,7,53.117458445,0,0.000000000,0.655957401,1.155951396,0.662041091,1.156148223,0.324680339,0.016858738,1.314384248,1.010221833,1.340784649,0.000000000,1.340784466,2.000000000,0.000000000,0.000000000,0.000000000,1.000000000,1.789339621,1.200385727,1.162650946,0.000000000,1.868295701,1.224898411,1.169346631,1,0,0,0.000000000,0.155291906,-0.207866876,0.602458213,1.147022648,-0.052368593,-0.133492338,6.825954757,12.247848282,-6.222620029,-130.905315715,-0.029942703,142.886746251,44.936453437,0.000372618,0.000150086,0.000226605,0.000281498,-0.000333121,0.000007681,0.000675709,0.000000000,0.000000000,0.000000000,0.000000000,0.000000000,0.000000000,0.000000000,-0.000060964,-0.000001410,0.000060337,0.000000002,-0.000021353,-0.000000006,0.000015071,0.000000000,0.000000000,0.000000000,0.000000000,0.000000000,0.000000000,0.000000000,0.370297241,0.072554922,-0.287932255,0.250329413,0.943331840,0.410009241,0.076292995
17.401000000,0,17.401000000,sample,0.214211768,-0.000019087,0.000000000,0.000000000,0.000000000,0.000000000,0.000000000,0,0,2.000000000,0.080000000,0.000000000,0.000000000,0.000552689,0.000000000,0.002214377,0.000000000,0.000000000,0.000000000,0.002112670,0.261606918,4,34.408657053,0,0.000000000,0.640622935,1.155638140,0.663356419,1.156147608,1.271098736,0.089909847,1.254119653,1.002822018,1.280906621,0.000000000,1.280907266,2.000000000,0.000000000,0.000000000,0.000000000,1.000000000,2.066734766,1.286667592,1.164851925,0.000000000,2.102482174,1.302684483,1.171614340,1,0,0,0.000000000,0.144210104,-0.214912858,0.586015063,1.146726981,-0.050326481,-0.134104389,6.826310937,12.246747382,-6.222316951,-130.904363982,-0.029791164,142.886745165,44.936374191,0.000204629,-0.000735972,0.001171952,0.001239269,0.000651002,-0.000685413,0.000277478,0.000000000,0.000000000,0.000000000,0.000000000,0.000000000,0.000000000,0.000000000,-0.000375722,-0.000008687,0.000371862,0.000000013,-0.000131586,-0.000000039,0.000092876,0.000000000,0.000000000,0.000000000,0.000000000,0.000000000,0.000000000,0.000000000,0.364835523,0.211842519,-0.301785091,0.168325390,0.944090898,0.402500978,0.078584066
17.451000000,0,17.451000000,sample,0.214212273,0.000010086,0.000000000,0.000000000,0.000000000,0.000000000,0.000000000,0,0,2.000000000,0.080000000,0.000000000,0.000000000,0.000337652,0.000000000,0.002636782,0.000000000,0.000000000,0.000000000,0.001422296,0.237399565,4,47.136326955,0,0.000000000,0.659317254,1.155997398,0.662342549,1.156100384,0.960261369,0.120238779,1.349738468,1.009823255,1.379706394,0.000000000,1.379706986,2.000000000,0.000000000,0.000000000,0.000000000,1.000000000,1.588805802,1.131754317,1.150127987,0.000000000,2.044633659,1.278157425,1.164099272,1,0,0,0.000000000,0.153596003,-0.207633252,0.606626690,1.147059933,-0.052580401,-0.133487059,6.825938558,12.248647139,-6.222620029,-130.904870296,-0.029860143,142.886883092,44.936392043,-0.000484714,0.000508006,-0.000193950,-0.000976490,-0.000118394,-0.000167680,0.000704716,0.000000000,0.000000000,0.000000000,0.000000000,0.000000000,0.000000000,0.000000000,-0.000229536,-0.000005308,0.000227177,0.000000008,-0.000080401,-0.000000024,0.000056749,0.000000000,0.000000000,0.000000000,0.000000000,0.000000000,0.000000000,0.000000000,0.359008849,0.041428301,-0.315156272,0.169808635,0.942635283,0.411874123,0.076359091
17.501000000,0,17.501000000,sample,0.214211545,-0.000014554,0.000000000,0.000000000,0.000000000,0.000000000,0.000000000,0,0,2.000000000,0.080000000,0.000000000,0.000000000,0.000454878,0.000000000,0.001231495,0.000000000,0.000000000,0.000000000,0.001733697,0.262374638,4,54.515050113,0,0.000000000,0.642339209,1.155805045,0.662032575,1.156053042,1.253221180,0.132846199,1.330872399,1.012040930,1.373811019,0.000000000,1.373812618,2.000000000,0.000000000,0.000000000,0.000000000,1.000000000,1.820190377,1.181792708,1.154652822,0.000000000,1.890767928,1.207041336,1.155578945,1,0,0,0.000000000,0.144570945,-0.211307459,0.589107850,1.146898987,-0.050503995,-0.134005082,6.826264165,12.247127539,-6.222619855,-130.904356853,-0.029901653,142.886936268,44.936225297,0.000140120,0.000842022,-0.000680663,-0.001280063,-0.000225496,-0.000074822,0.000344616,0.000000000,0.000000000,0.000000000,0.000000000,0.000000000,0.000000000,0.000000000,0.000309229,0.000007150,-0.000306052,-0.000000011,0.000108302,0.000000032,-0.000076442,0.000000000,0.000000000,0.000000000,0.000000000,0.000000000,0.000000000,0.000000000,0.374358221,0.139834072,-0.312296577,0.134787551,0.941062650,0.407966992,0.076109658
17.551000000,0,17.551000000,sample,0.214211793,0.000004960,0.000000000,0.000000000,0.000000000,0.000000000,0.000000000,0,0,2.000000000,0.080000000,0.000000000,0.000000000,0.000407250,0.000000000,0.001556545,0.000000000,0.000000000,0.000000000,0.001252571,0.325131392,2,39.247773462,0,0.000000000,0.652611892,1.155964276,0.653741603,1.155968051,0.331305454,0.046014699,1.321147549,1.010680030,1.346748649,0.000000000,1.346748305,2.000000000,0.000000000,0.000000000,0.000000000,1.000000000,1.513584156,1.112869933,1.157241840,0.000000000,1.796377446,1.180929255,1.158280892,1,0,0,0.000000000,0.149045932,-0.210638148,0.599432367,1.147020494,-0.051710345,-0.133878426,6.826236531,12.248135167,-6.222620010,-130.904497452,-0.029901877,142.886869925,44.936331607,0.000463001,0.000784711,-0.000359045,0.000225547,-0.000164615,-0.000056668,0.000727116,0.000000000,0.000000000,0.000000000,0.000000000,0.000000000,0.000000000,0.000000000,0.000276850,0.000006402,-0.000274004,-0.000000009,0.000096970,0.000000029,-0.000068443,0.000000000,0.000000000,0.000000000,0.000000000,0.000000000,0.000000000,0.000000000,0.364982356,0.002341596,-0.317201489,0.196148804,0.942375192,0.416221497,0.074756924
17.601000000,0,17.601000000,sample,0.214211938,0.000002892,0.000000000,0.000000000,0.000000000,0.000000000,0.000000000,0,0,2.000000000,0.080000000,0.000000000,0.000000000,0.000621124,0.000000000,0.001899619,0.000000000,0.000000000,0.000000000,0.001135155,0.547171596,7,58.608738093,0,0.000000000,0.649317497,1.155866923,0.656084954,1.156064911,0.240135231,0.030676265,1.304415390,1.007231834,1.325489499,0.000000000,1.325489569,2.000000000,0.000000000,0.000000000,0.000000000,1.000000000,1.654475923,1.147189966,1.151180141,0.000000000,1.701382948,1.162711812,1.156240154,1,0,0,0.000000000,0.148275829,-0.209954393,0.596277321,1.146953470,-0.051324377,-0.133760566,6.826048646,12.247736380,-6.222524314,-130.904591426,-0.029901904,142.886956941,44.936351157,-0.000144646,0.000032844,0.000562884,-0.000146240,0.000005973,0.000416049,0.000869033,0.000000000,0.000000000,0.000000000,0.000000000,0.000000000,0.000000000,0.000000000,-0.000422243,-0.000009763,0.000417903,0.000000014,-0.000147891,-0.000000044,0.000104384,0.000000000,0.000000000,0.000000000,0.000000000,0.000000000,0.000000000,0.000000000,0.365380817,0.066539928,-0.311217437,0.167411223,0.942506536,0.410350843,0.075470647
17.651000000,0,17.651000000,sample,0.214212045,0.000002144,0.000000000,0.000000000,0.000000000,0.000000000,0.000000000,0,0,2.000000000,0.080000000,0.000000000,0.000000000,0.000171142,0.000000000,0.001564450,0.000000000,0.000000000,0.000000000,0.001572012,0.108868186,1,30.823136611,0,0.000000000,0.651537127,1.155909613,0.652134276,1.155933231,1.136066031,0.116700787,1.354165271,1.011202060,1.392632776,0.000000000,1.392633267,2.000000000,0.000000000,0.000000000,0.000000000,1.000000000,1.613955615,1.135370111,1.163039217,0.000000000,1.784146890,1.183936665,1.166023562,1,0,0,0.000000000,0.149613164,-0.211626151,0.597771613,1.146965861,-0.051596338,-0.133918502,6.826235604,12.247820874,-6.222524320,-130.904673764,-0.029901895,142.886848956,44.936378488,0.000872759,0.000843879,0.000476845,-0.000667481,-0.000148663,-0.000283369,0.000471244,0.000000000,0.000000000,0.000000000,0.000000000,0.000000000,0.000000000,0.000000000,0.000116343,0.000002690,-0.000115147,-0.000000004,0.000040749,0.000000012,-0.000028762,0.000000000,0.000000000,0.000000000,0.000000000,0.000000000,0.000000000,0.000000000,0.374908974,0.030117115,-0.309254868,0.212447979,0.943983731,0.416586982,0.075985037
17.701000000,0,17.701000000,sample,0.214211599,-0.000008916,0.000000000,0.000000000,0.000000000,0.000000000,0.000000000,0,0,2.000000000,0.080000000,0.000000000,0.000000000,0.000452520,0.000000000,0.004287245,0.000000000,0.000000000,0.000000000,0.002361030,0.191662183,2,62.900406697,0,0.000000000,0.645405695,1.155826976,0.657378593,1.156000431,1.560217689,0.141419252,1.218694373,1.008004418,1.246492289,0.000000000,1.246493651,2.000000000,0.000000000,0.000000000,0.000000000,1.000000000,1.662640237,1.161792075,1.148092773,0.000000000,1.849980359,1.208162774,1.162253131,1,0,0,0.000000000,0.146510139,-0.209781070,0.592515985,1.146928076,-0.051068133,-0.133731200,6.826112789,12.247449256,-6.222620029,-130.904370686,-0.029881668,142.886705421,44.936331607,0.000356153,-0.001872527,-0.000525439,0.001105255,-0.000253176,-0.000527945,0.000317423,0.000000000,0.000000000,0.000000000,0.000000000,0.000000000,0.000000000,0.000000000,0.000307626,0.000007113,-0.000304464,-0.000000011,0.000107743,0.000000032,-0.000076047,0.000000000,0.000000000,0.000000000,0.000000000,0.000000000,0.000000000,0.000000000,0.352917134,0.069611368,-0.315394656,0.170501669,0.942537716,0.407713089,0.074624750
17.751000000,0,17.751000000,sample,0.214211858,0.000005180,0.000000000,0.000000000,0.000000000,0.000000000,0.000000000,0,0,2.000000000,0.080000000,0.000000000,0.000000000,0.000181391,0.000000000,0.004346481,0.000000000,0.000000000,0.000000000,0.000803885,0.225643619,7,37.693757546,0,0.000000000,0.647130704,1.155757188,0.649249551,1.155897065,0.387951389,0.059858347,1.277936727,1.008187534,1.303211429,0.000000000,1.303211619,2.000000000,0.000000000,0.000000000,0.000000000,1.000000000,1.789999647,1.198973433,1.160774943,0.000000000,1.789999647,1.198973433,1.163472925,1,0,0,0.000000000,0.147105589,-0.209495670,0.594348095,1.146860449,-0.051125140,-0.133686231,6.825909790,12.247599861,-6.222457242,-130.904477959,-0.029799106,142.886910316,44.936269559,-0.000035157,-0.000106881,-0.000430547,0.000435904,0.000001064,-0.000120824,0.000493547,0.000000000,0.000000000,0.000000000,0.000000000,0.000000000,0.000000000,0.000000000,0.000123311,0.000002851,-0.000122044,-0.000000004,0.000043189,0.000000013,-0.000030484,0.000000000,0.000000000,0.000000000,0.000000000,0.000000000,0.000000000,0.000000000,0.353721393,0.102793625,-0.331516188,0.193937175,0.943270236,0.410806552,0.075350799
17.801000000,0,17.801000000,sample,0.214211820,-0.000000752,0.000000000,0.000000000,0.000000000,0.000000000,0.000000000,0,0,2.000000000,0.080000000,0.000000000,0.000000000,0.000784824,0.000000000,0.001443414,0.000000000,0.000000000,0.000000000,0.000967584,0.811116906,3,56.933744850,0,0.000000000,0.651642629,1.155779502,0.653362792,1.155975112,0.240764816,0.055865321,1.305380338,1.007255771,1.331310889,0.000000000,1.331311013,2.000000000,0.000000000,0.000000000,0.000000000,1.000000000,1.688581572,1.165899799,1.155651188,0.000000000,1.812834720,1.204017493,1.162109848,1,0,0,0.000000000,0.149353338,-0.208555208,0.599029567,1.146876074,-0.051690404,-0.133527642,6.826099198,12.248038171,-6.222731670,-130.904573508,-0.029640684,142.886869832,44.936225237,0.000359908,0.000013661,-0.000730085,-0.000215041,0.000392303,-0.000051409,0.000265869,0.000000000,0.000000000,0.000000000,0.000000000,0.000000000,0.000000000,0.000000000,0.000533526,0.000012337,-0.000528042,-0.000000018,0.000186872,0.000000055,-0.000131898,0.000000000,0.000000000,0.000000000,0.000000000,0.000000000,0.000000000,0.000000000,0.358717257,0.067332242,-0.315865190,0.193124777,0.943548415,0.411283080,0.076240312
17.851000000,0,17.851000000,sample,0.214211694,-0.000002527,0.000000000,0.000000000,0.000000000,0.000000000,0.000000000,0,0,2.000000000,0.080000000,0.000000000,0.000000000,0.000344085,0.000000000,0.003509100,0.000000000,0.000000000,0.000000000,0.001513452,0.227350735,2,61.670904537,0,0.000000000,0.645889493,1.155789578,0.652075316,1.155977654,0.404613920,0.046785457,1.310282458,1.010340668,1.342798712,0.000000000,1.342797460,2.000000000,0.000000000,0.000000000,0.000000000,1.000000000,1.765924435,1.187537642,1.157058094,0.000000000,1.765924435,1.202933117,1.158878745,1,0,0,0.000000000,0.145986282,-0.210032151,0.593083248,1.146881148,-0.050942790,-0.133858180,6.826008012,12.247544962,-6.222497437,-130.904370686,-0.029833051,142.886930545,44.936184774,-0.000069525,0.001188527,0.000376018,0.000760089,-0.000153116,-0.000326466,0.000154788,0.000000000,0.000000000,0.000000000,0.000000000,0.000000000,0.000000000,0.000000000,-0.000233910,-0.000005408,0.000231507,0.000000008,-0.000081926,-0.000000024,0.000057825,0.000000000,0.000000000,0.000000000,0.000000000,0.000000000,0.000000000,0.000000000,0.361774373,0.092293783,-0.310866267,0.196593646,0.943018582,0.411124647,0.076093192
17.901000000,0,17.901000000,sample,0.214211923,0.000004581,0.000000000,0.000000000,0.000000000,0.000000000,0.000000000,0,0,2.000000000,0.080000000,0.000000000,0.000000000,0.000781150,0.000000000,0.001314662,0.000000000,0.000000000,0.000000000,0.001337519,0.584028872,7,44.211005754,0,0.000000000,0.652985770,1.155928117,0.655643641,1.156047438,0.577932932,0.059997745,1.324889973,1.010865660,1.363439527,0.000000000,1.363439922,2.000000000,0.000000000,0.000000000,0.000000000,1.000000000,1.625268782,1.150440209,1.158080622,0.000000000,1.790781754,1.197891503,1.166766979,1,0,0,0.000000000,0.150482776,-0.207441758,0.600594095,1.146996360,-0.051897571,-0.133700423,6.826004997,12.248135167,-6.222731689,-130.904672284,-0.029820271,142.886860930,44.936101293,0.000263593,0.000345173,-0.000654611,-0.000614929,0.000027800,0.000044603,-0.000889334,0.000000000,0.000000000,0.000000000,0.000000000,0.000000000,0.000000000,0.000000000,0.000531028,0.000012279,-0.000525569,-0.000000018,0.000185998,0.000000055,-0.000131282,0.000000000,0.000000000,0.000000000,0.000000000,0.000000000,0.000000000,0.000000000,0.366611822,0.038984088,-0.307432312,0.206857774,0.945180266,0.411010062,0.075013135
17.951000000,0,17.951000000,sample,0.214211691,-0.000004649,0.000000000,0.000000000,0.000000000,0.000000000,0.000000000,0,0,2.000000000,0.080000000,0.000000000,0.000000000,0.000152233,0.000000000,0.004907480,0.000000000,0.000000000,0.000000000,0.001251824,0.121609066,3,40.256109309,0,0.000000000,0.647740527,1.155700860,0.652242359,1.155909361,0.735184081,0.084989564,1.286230666,1.009358579,1.310526362,0.000000000,1.310526271,2.000000000,0.000000000,0.000000000,0.000000000,1.000000000,1.744867651,1.167929883,1.161028530,0.000000000,1.904502238,1.263902401,1.161028530,1,0,0,0.000000000,0.147945292,-0.206892656,0.595714202,1.146850272,-0.051372197,-0.133190948,6.825907725,12.247731846,-6.222731689,-130.904482292,-0.029657399,142.886792536,44.936380947,-0.000487580,0.000574851,-0.000794254,0.000528955,-0.000067358,0.000126957,0.000259976,0.000000000,0.000000000,0.000000000,0.000000000,0.000000000,0.000000000,0.000000000,0.000103489,0.000002393,-0.000102425,-0.000000004,0.000036247,0.000000011,-0.000025584,0.000000000,0.000000000,0.000000000,0.000000000,0.000000000,0.000000000,0.000000000,0.390702029,0.080650166,-0.288028778,0.205360971,0.943287453,0.410236464,0.074938908
18.001000000,0,18.001000000,sample,0.214211847,0.000003118,0.000000000,0.000000000,0.000000000,0.000000000,0.000000000,0,0,2.000000000,0.080000000,0.000000000,0.000000000,0.000501484,0.000000000,0.001141163,0.000000000,0.000000000,0.000000000,0.002325583,0.215638157,2,77.445988290,0,0.000000000,0.646478089,1.155805581,0.651829647,1.155938719,0.882648196,0.077299224,1.253801968,1.005754826,1.284461915,0.000000000,1.284459751,2.000000000,0.000000000,0.000000000,0.000000000,1.000000000,1.728373013,1.180303109,1.154875028,0.000000000,1.784443090,1.193380293,1.161112207,1,0,0,0.000000000,0.147878260,-0.209657913,0.593388152,1.146901692,-0.051252929,-0.133701857,6.826001982,12.247422588,-6.222524320,-130.904521050,-0.029872404,142.886646986,44.936333311,-0.000173905,-0.002046592,0.000284831,-0.000412879,-0.000083198,-0.000490702,0.000830811,0.000000000,0.000000000,0.000000000,0.000000000,0.000000000,0.000000000,0.000000000,-0.000340912,-0.000007883,0.000337409,0.000000012,-0.000119401,-0.000000036,0.000084276,0.000000000,0.000000000,0.000000000,0.000000000,0.000000000,0.000000000,0.000000000,0.361756763,0.081494203,-0.307946670,0.194840890,0.944004270,0.408118839,0.075682876
18.001000000,0,18.001000000,stop,0.214211847,,0.000000000,0.000000000,0.000000000,0.000000000,0.000000000,0,0,2.000000000,0.080000000,0.000000000,0.000000000,0.000501484,0.000000000,0.000501484,0.000000000,0.000000000,0.000000000,0.002325583,0.215638157,2,77.445988290,0,0.000000000,0.646478089,1.155805581,0.646478089,1.155805581,0.882648196,0.077299224,1.253801968,1.005754826,1.284461915,0.000000000,1.284459751,2.000000000,0.000000000,0.000000000,0.000000000,1.000000000,1.728373013,1.180303109,1.154875028,0.000000000,1.728373013,1.180303109,1.154875028,1,0,0,0.000000000,0.147878260,-0.209657913,0.593388152,1.146901692,-0.051252929,-0.133701857,6.826001982,12.247422588,-6.222524320,-130.904521050,-0.029872404,142.886646986,44.936333311,-0.000173905,-0.002046592,0.000284831,-0.000412879,-0.000083198,-0.000490702,0.000830811,0.000000000,0.000000000,0.000000000,0.000000000,0.000000000,0.000000000,0.000000000,-0.000340912,-0.000007883,0.000337409,0.000000012,-0.000119401,-0.000000036,0.000084276,0.000000000,0.000000000,0.000000000,0.000000000,0.000000000,0.000000000,0.000000000,0.361756763,0.081494203,-0.307946670,0.194840890,0.944004270,0.408118839,0.075682876
